id,firstName,lastName,email,gender,carYear,automobileMake,automobileModel,customerRegion,customerState,customerPostal,customerCountry_ISO2,customerRegionLatitude,ownerRegionLongitude,automobilePrice,customer,purchaseDate
1,Preston,Mixworthy,pmixworthy0@ebay.com,Male,2005,Infiniti,FX,Panama City,Florida,32405,US,30.1949,-85.6727,49382,Schaden LLC,08/18/2024
2,Kimmie,Jenny,kjenny1@cmu.edu,Polygender,1998,Buick,Regal,New Haven,Connecticut,06538,US,41.3657,-72.9275,58549,"Hudson, Upton and Grant",05/18/2024
3,Ellswerth,Probbing,eprobbing2@jimdo.com,Male,1995,Ford,Aspire,Hartford,Connecticut,06152,US,41.7918,-72.7188,38247,"Lubowitz, Schroeder and Schmitt",06/04/2024
4,Michal,Giovannacci,mgiovannacci3@umn.edu,Female,1993,Mercedes-Benz,300SE,Brooklyn,New York,11236,US,40.6407,-73.9028,66563,Ferry-Kuvalis,08/03/2023
5,Ingeberg,Grevatt,igrevatt4@canalblog.com,Non-binary,1999,Ford,Ranger,Irvine,California,92612,US,33.6607,-117.8264,90508,Davis-Bednar,10/29/2025
6,Jaimie,Gornar,jgornar5@comcast.net,Male,2005,Subaru,Forester,Seattle,Washington,98133,US,47.7377,-122.3431,90920,Bauch-Raynor,05/05/2022
7,Ailee,Joskowitz,ajoskowitz6@netlog.com,Female,2003,Suzuki,Vitara,New Haven,Connecticut,06510,US,41.3087,-72.9271,56088,Upton LLC,09/24/2025
8,Quint,Zum Felde,qzumfelde7@msn.com,Agender,1999,Audi,A8,Lynchburg,Virginia,24503,US,37.4376,-79.205,73821,Ondricka-Jast,12/30/2025
9,Fern,Boich,fboich8@theglobeandmail.com,Female,2006,Mercury,Milan,Jackson,Mississippi,39236,US,32.3113,-90.3972,75487,"McDermott, Ondricka and Jacobi",10/04/2023
10,Michel,Cristofanini,mcristofanini9@ning.com,Female,2011,Porsche,Boxster,San Diego,California,92160,US,33.0169,-116.846,93954,"Osinski, Fritsch and Funk",12/08/2022
11,Donalt,Becks,dbecksa@360.cn,Male,2009,Volkswagen,Rabbit,Mobile,Alabama,36605,US,30.6341,-88.0846,84413,"Frami, Jacobson and Funk",07/14/2022
12,Jens,Absolem,jabsolemb@google.pl,Male,1993,Lexus,SC,Milwaukee,Wisconsin,53205,US,43.0528,-87.9353,68754,"Weimann, Dibbert and Hermann",10/16/2024
13,Kristoffer,Goodricke,kgoodrickec@taobao.com,Male,2004,Toyota,Matrix,Houston,Texas,77240,US,29.834,-95.4342,58066,"Barrows, Goodwin and Heller",07/20/2025
14,Berni,Keeling,bkeelingd@bloglines.com,Female,1990,Mercury,Sable,Louisville,Kentucky,40250,US,38.189,-85.6768,63327,Halvorson LLC,06/08/2023
15,Nicolas,Vlahos,nvlahose@cisco.com,Male,1991,Plymouth,Laser,Lancaster,Pennsylvania,17605,US,40.0185,-76.2976,36969,Quigley LLC,10/11/2023
16,Hussein,Cultcheth,hcultchethf@163.com,Male,2007,Mercury,Monterey,Alhambra,California,91841,US,33.7866,-118.2987,34642,Daniel-Kuphal,11/26/2022
17,Holli,Norvill,hnorvillg@xrea.com,Female,2011,Lincoln,MKT,Las Vegas,Nevada,89135,US,36.1378,-115.3261,52023,Krajcik and Sons,10/16/2023
18,Martie,Stonnell,mstonnellh@biblegateway.com,Male,2009,Nissan,Maxima,Dallas,Texas,75287,US,33.0005,-96.8314,40240,King-Rodriguez,10/12/2023
19,Cordey,Scimonelli,cscimonellii@smh.com.au,Female,1990,Mercedes-Benz,S-Class,Evansville,Indiana,47712,US,37.929,-87.6604,80593,Kohler LLC,03/21/2024
20,Ardath,Hakewell,ahakewellj@wikispaces.com,Female,2010,Mazda,Mazda3,Charlotte,North Carolina,28263,US,35.2268,-80.8432,75606,"Volkman, Cartwright and Walter",10/02/2024
21,Josie,Baxster,jbaxsterk@edublogs.org,Female,2012,Scion,xB,Columbia,Missouri,65211,US,38.9033,-92.1022,55145,Wuckert-Wolf,04/24/2023
22,Rustie,Balharry,rbalharryl@nsw.gov.au,Male,2007,Chevrolet,Tahoe,Los Angeles,California,90025,US,34.0447,-118.4487,84293,"Haag, White and Beahan",10/16/2025
23,Federico,Collishaw,fcollishawm@europa.eu,Male,1994,Ford,Ranger,San Diego,California,92160,US,33.0169,-116.846,59944,Howell-Robel,03/17/2025
24,Jennilee,Oulet,jouletn@dot.gov,Female,2002,Subaru,Outback,Tucson,Arizona,85748,US,32.215,-110.7758,89018,"Hayes, Stroman and Williamson",05/04/2023
25,Marlene,Lavrick,mlavricko@goodreads.com,Female,1992,Volvo,960,Lubbock,Texas,79491,US,33.61,-101.8213,39314,Langosh-Swift,06/30/2024
26,Franklin,Fosbraey,ffosbraeyp@virginia.edu,Male,2008,Buick,Enclave,Mobile,Alabama,36670,US,30.6589,-88.178,98541,Wisozk LLC,06/27/2023
27,Roxine,Wilfing,rwilfingq@seesaa.net,Female,1995,Mercury,Sable,Wichita Falls,Texas,76310,US,33.8581,-98.5755,56890,Rohan-Rice,03/10/2024
28,Gearalt,Duesbury,gduesburyr@dot.gov,Male,2010,Hyundai,Azera,Lynchburg,Virginia,24503,US,37.4376,-79.205,32031,"Sauer, Hartmann and Rice",01/17/2025
29,Astrix,Kuhnt,akuhnts@theatlantic.com,Female,1967,Pontiac,Grand Prix,Mesa,Arizona,85205,US,33.4368,-111.7129,43240,Abshire-Thiel,04/14/2023
30,Maurise,Crossgrove,mcrossgrovet@histats.com,Male,1983,Honda,Accord,Pasadena,California,91125,US,33.7866,-118.2987,42723,Ratke and Sons,05/22/2025
31,Linus,Palser,lpalseru@altervista.org,Male,1986,Pontiac,Grand Am,Anderson,Indiana,46015,US,40.0938,-85.6578,63863,"Blanda, King and Hackett",12/30/2025
32,Lisa,Neary,lnearyv@umich.edu,Female,1998,Ford,Ranger,Oakland,California,94627,US,37.6802,-121.9215,94364,"Lynch, Leannon and Nitzsche",07/06/2022
33,Taber,Marfell,tmarfellw@bluehost.com,Male,2000,Mercury,Mountaineer,Denver,Colorado,80270,US,39.7388,-104.4083,66338,Powlowski-Senger,03/11/2022
34,Koressa,Sheere,ksheerex@senate.gov,Female,2002,Daewoo,Lanos,Duluth,Minnesota,55811,US,46.8147,-92.1998,89086,Bahringer-Lueilwitz,03/03/2023
35,Sheffie,Tink,stinky@nps.gov,Male,2002,Daewoo,Leganza,Fort Lauderdale,Florida,33310,US,26.1443,-80.2069,71376,Kunde and Sons,06/15/2025
36,Karlan,Parchment,kparchmentz@instagram.com,Male,2002,Mercedes-Benz,C-Class,Miami,Florida,33111,US,25.5584,-80.4582,50355,MacGyver and Sons,04/11/2025
37,Philip,Jahn,pjahn10@cornell.edu,Male,2004,Dodge,Stratus,Madison,Wisconsin,53790,US,43.0696,-89.4239,92003,Hills-Feil,08/19/2023
38,Inna,Alekseicik,ialekseicik11@weibo.com,Female,1999,Mitsubishi,Galant,Bronx,New York,10454,US,40.8085,-73.9198,88301,Schimmel-O'Kon,04/14/2023
39,Linea,Gillyatt,lgillyatt12@facebook.com,Female,2008,Lexus,RX,Dallas,Texas,75287,US,33.0005,-96.8314,54231,Kris and Sons,02/28/2022
40,Keir,MacLennan,kmaclennan13@google.es,Male,1973,Chevrolet,Corvette,Olympia,Washington,98516,US,47.1126,-122.7794,97551,Block Group,07/18/2023
41,Thea,Lahrs,tlahrs14@state.tx.us,Female,2007,Honda,Civic,Fort Wayne,Indiana,46896,US,41.0938,-85.0707,57194,"Dooley, Mertz and Reilly",01/06/2025
42,Barbara-anne,Whitlow,bwhitlow15@jimdo.com,Female,1992,Oldsmobile,98,Spokane,Washington,99252,US,47.6536,-117.4317,81990,Bailey Inc,12/18/2024
43,Cleon,Baume,cbaume16@squidoo.com,Male,2010,Nissan,Rogue,Stockton,California,95205,US,37.9625,-121.2624,48212,"Harvey, Bashirian and Quitzon",09/30/2024
44,Lefty,Houndsom,lhoundsom17@flavors.me,Male,2009,Honda,Pilot,Dallas,Texas,75287,US,33.0005,-96.8314,50862,"Ratke, Feeney and Hettinger",09/22/2022
45,Gerick,Umpleby,gumpleby18@woothemes.com,Male,1997,Audi,riolet,Youngstown,Ohio,44505,US,41.1257,-80.6277,77632,Jakubowski LLC,09/08/2022
46,Tony,Basindale,tbasindale19@biglobe.ne.jp,Male,1996,Toyota,Supra,San Francisco,California,94121,US,37.7786,-122.4892,30119,"Leffler, Ratke and Kub",06/01/2023
47,Rocky,Belch,rbelch1a@blogspot.com,Male,1986,Suzuki,SJ,Bryan,Texas,77806,US,30.6521,-96.341,37190,Lind-Zieme,04/03/2025
48,Cornall,Raoult,craoult1b@yahoo.co.jp,Male,2001,Ford,Th!nk,Evansville,Indiana,47725,US,38.1071,-87.5256,79383,Ullrich-Jenkins,07/29/2023
49,Janelle,Pipworth,jpipworth1c@google.de,Female,2001,Chevrolet,Silverado,Austin,Texas,78789,US,30.3264,-97.7713,41203,Feest-Franecki,11/19/2024
50,Ashlin,Andres,aandres1d@instagram.com,Male,1999,Chevrolet,Prizm,Schenectady,New York,12325,US,42.8333,-74.058,37774,"Corwin, Ward and Renner",10/24/2023
51,Stefano,Rebbeck,srebbeck1e@auda.org.au,Male,2007,Audi,Q7,Orlando,Florida,32825,US,28.5469,-81.2571,96659,Botsford and Sons,12/21/2024
52,Silas,Guisler,sguisler1f@nifty.com,Male,1992,Nissan,300ZX,Charleston,South Carolina,29416,US,32.8488,-79.8577,52944,"Bernier, Williamson and Tremblay",07/26/2023
53,Craggie,Acuna,cacuna1g@123-reg.co.uk,Male,2012,Scion,xD,Gadsden,Alabama,35905,US,33.9352,-85.9576,74596,"Hahn, Goodwin and Cremin",09/01/2025
54,Yale,Camel,ycamel1h@redcross.org,Male,1985,Mitsubishi,Starion,Springfield,Illinois,62764,US,39.7495,-89.606,98314,Lubowitz Inc,09/03/2023
55,Curr,Bowich,cbowich1i@paginegialle.it,Male,2008,Ford,Escape,New York City,New York,10280,US,40.7105,-74.0163,65255,Littel Group,07/07/2024
56,Tyson,Jaynes,tjaynes1j@cnn.com,Male,2009,Infiniti,G37,Raleigh,North Carolina,27621,US,35.7977,-78.6253,65122,"Kohler, Skiles and Hettinger",03/18/2023
57,Gavra,Slowan,gslowan1k@blogspot.com,Female,1997,Acura,RL,Berkeley,California,94705,US,37.8571,-122.25,48445,Waters Group,05/07/2025
58,Alis,Charopen,acharopen1l@nature.com,Female,1984,Lincoln,Mark VII,Austin,Texas,78778,US,30.3264,-97.7713,53660,"Raynor, Smitham and Zemlak",12/23/2022
59,Samuele,Diggons,sdiggons1m@bloglovin.com,Male,2005,Ford,F250,Pittsburgh,Pennsylvania,15205,US,40.4322,-80.1021,89417,Hoeger Inc,05/07/2022
60,Carol,Sellner,csellner1n@livejournal.com,Female,1995,Chevrolet,Corsica,Tucson,Arizona,85743,US,32.3366,-111.1771,50939,McKenzie-Mitchell,04/19/2024
61,Bearnard,Raffon,braffon1o@go.com,Polygender,2005,Chevrolet,Cavalier,Portland,Oregon,97232,US,45.5287,-122.6363,62616,Rath Inc,10/04/2024
62,Brittney,Freiburger,bfreiburger1p@symantec.com,Female,1999,Mazda,Protege,Lima,Ohio,45807,US,40.7955,-84.1383,89770,Heidenreich Inc,07/11/2025
63,Jeanie,Clemoes,jclemoes1q@wunderground.com,Bigender,2004,Lamborghini,Murciélago,Tucson,Arizona,85754,US,31.9701,-111.8907,63010,"West, Feil and Bednar",12/09/2024
64,Serene,Penton,spenton1r@fda.gov,Female,2004,GMC,Yukon XL 2500,Charlotte,North Carolina,28278,US,35.2072,-80.9568,87587,Larkin-Brown,02/13/2025
65,Editha,Rosingdall,erosingdall1s@cbsnews.com,Genderfluid,2007,Kia,Amanti,Saint Paul,Minnesota,55108,US,44.9806,-93.1771,42377,"Buckridge, Dickinson and VonRueden",02/27/2023
66,Nels,Espinazo,nespinazo1t@harvard.edu,Male,1995,Hummer,H1,Oklahoma City,Oklahoma,73114,US,35.5704,-97.5257,68432,Kihn LLC,06/11/2023
67,Giffard,Woan,gwoan1u@who.int,Male,2006,Mercedes-Benz,R-Class,Kansas City,Missouri,64187,US,39.035,-94.3567,61544,Kutch Group,10/31/2023
68,Goldie,Bazell,gbazell1v@ox.ac.uk,Female,1989,Mercedes-Benz,W201,Irvine,California,92612,US,33.6607,-117.8264,68048,Stehr and Sons,10/25/2024
69,Kerrill,Marran,kmarran1w@symantec.com,Female,2004,Pontiac,Grand Prix,Waterbury,Connecticut,06726,US,41.3657,-72.9275,46120,Greenholt-Parisian,10/22/2023
70,Rockie,Goatcher,rgoatcher1x@nhs.uk,Male,2002,Pontiac,Grand Prix,Louisville,Kentucky,40215,US,38.1913,-85.7847,35587,Medhurst-Wilkinson,07/08/2025
71,Antonietta,Corriea,acorriea1y@hostgator.com,Female,1997,BMW,8 Series,Jersey City,New Jersey,07305,US,40.702,-74.089,99291,Botsford Group,07/22/2025
72,Darnell,Caltun,dcaltun1z@hhs.gov,Male,1992,Mazda,MPV,Salt Lake City,Utah,84145,US,40.6681,-111.9083,60763,Leannon Group,11/30/2024
73,Emeline,Newhouse,enewhouse20@china.com.cn,Female,1987,Mercedes-Benz,W201,Springfield,Illinois,62723,US,39.7495,-89.606,96845,"Davis, Lueilwitz and Lebsack",03/04/2024
74,Alexis,Hurkett,ahurkett21@salon.com,Polygender,2006,Cadillac,SRX,Fresno,California,93773,US,36.7464,-119.6397,32530,Hahn Inc,07/28/2024
75,Andres,Chartres,achartres22@blogs.com,Male,2006,Land Rover,Range Rover,Milwaukee,Wisconsin,53225,US,43.1154,-88.0346,45121,Shanahan LLC,08/03/2022
76,Aprilette,Laird-Craig,alairdcraig23@deviantart.com,Female,1990,Maserati,Karif,Fullerton,California,92835,US,33.8994,-117.9063,80389,"Dickinson, Lebsack and Bauch",12/03/2023
77,Pepillo,Patterson,ppatterson24@de.vu,Male,2005,Chrysler,Sebring,Panama City,Florida,32412,US,30.2345,-85.692,81277,Osinski LLC,10/06/2022
78,Dorey,Kerridge,dkerridge25@house.gov,Genderqueer,2013,Kia,Sorento,Bozeman,Montana,59771,US,45.7246,-111.1238,93455,Stoltenberg-Donnelly,11/09/2022
79,Beryl,Oldrey,boldrey26@chron.com,Female,1996,Chevrolet,Suburban 1500,Kansas City,Missouri,64190,US,39.3432,-94.8516,32081,Paucek Group,04/14/2025
80,Sumner,Kidstoun,skidstoun27@seesaa.net,Male,1992,Mazda,323,Houston,Texas,77070,US,29.9781,-95.5803,41757,Dickinson-Balistreri,01/28/2026
81,Malva,Kingham,mkingham28@webeden.co.uk,Female,2004,Lexus,ES,Brooklyn,New York,11231,US,40.6794,-74.0014,61882,"Schamberger, Cassin and Schuppe",12/23/2024
82,Frazier,Fosdick,ffosdick29@meetup.com,Male,2001,GMC,Sierra 1500,Minneapolis,Minnesota,55458,US,45.0159,-93.4719,46724,"Jacobson, Weimann and Kuhlman",10/05/2024
83,Arvy,Ure,aure2a@yahoo.com,Male,1999,Dodge,Dakota Club,Peoria,Arizona,85383,US,33.7169,-112.238,48093,"Beer, Beahan and Carroll",12/30/2025
84,Giorgia,Glenwright,gglenwright2b@youtu.be,Agender,1993,Pontiac,Grand Am,Long Beach,California,90840,US,33.7843,-118.1157,96216,Marks LLC,08/18/2025
85,Madelaine,Wolfart,mwolfart2c@nifty.com,Female,2003,Mitsubishi,Galant,Boynton Beach,Florida,33436,US,26.5354,-80.1124,34489,Willms-Blick,02/03/2022
86,Bonnie,D'Arrigo,bdarrigo2d@bloglines.com,Female,2004,Chrysler,Pacifica,Tucson,Arizona,85725,US,31.9701,-111.8907,58342,Wunsch-Bednar,10/20/2022
87,Paolo,Priden,ppriden2e@myspace.com,Male,1994,Cadillac,Eldorado,Fort Worth,Texas,76129,US,32.7714,-97.2915,74196,Lockman-Leffler,11/13/2022
88,Adina,Chester,achester2f@cbslocal.com,Female,2005,Dodge,Viper,Atlanta,Georgia,30375,US,33.8444,-84.474,87189,Cole-Gerhold,05/23/2023
89,Brent,Escalera,bescalera2g@so-net.ne.jp,Genderqueer,2001,Acura,RL,Philadelphia,Pennsylvania,19125,US,39.9788,-75.1262,74136,Watsica Inc,11/23/2023
90,Ermentrude,Gallanders,egallanders2h@jalbum.net,Female,2012,Toyota,Avalon,Virginia Beach,Virginia,23471,US,36.7957,-76.0126,39376,Haley Inc,08/16/2024
91,Janeen,Thomton,jthomton2i@jimdo.com,Female,2005,Mercury,Mariner,Washington,District of Columbia,20067,US,38.8933,-77.0146,66596,Gutkowski Inc,01/19/2026
92,Briny,Ebbers,bebbers2j@theglobeandmail.com,Female,2005,Mitsubishi,Lancer Evolution,Saint Augustine,Florida,32092,US,29.9475,-81.5264,99787,"Okuneva, Wintheiser and Zieme",11/05/2023
93,Codee,Moresby,cmoresby2k@unblog.fr,Female,1998,Mercedes-Benz,SLK-Class,Annapolis,Maryland,21405,US,39.0305,-76.5515,30813,Effertz Group,06/14/2023
94,Leandra,Buckby,lbuckby2l@cbslocal.com,Non-binary,2006,Toyota,Sienna,Little Rock,Arkansas,72209,US,34.6725,-92.3529,92360,Feeney-Rohan,11/26/2024
95,Adena,Rowberry,arowberry2m@artisteer.com,Female,1987,Audi,Coupe GT,Sacramento,California,95833,US,38.6157,-121.5053,94203,"Little, Bahringer and Mills",11/22/2024
96,Patsy,Darcey,pdarcey2n@phoca.cz,Female,1995,Porsche,928,Memphis,Tennessee,38161,US,35.2017,-89.9715,71214,Rogahn-Abernathy,07/29/2025
97,Mike,Gotts,mgotts2o@eepurl.com,Male,2008,Subaru,Outback,Des Moines,Iowa,50936,US,41.6727,-93.5722,65158,Harris-Macejkovic,06/30/2024
98,Jamill,Lansberry,jlansberry2p@furl.net,Male,1985,Saab,900,Oklahoma City,Oklahoma,73114,US,35.5704,-97.5257,60217,"Bartell, Walsh and Nicolas",11/06/2022
99,Caz,Beardon,cbeardon2q@disqus.com,Male,1992,Mitsubishi,Mighty Max,Woburn,Massachusetts,01813,US,42.4464,-71.4594,48014,Kerluke-D'Amore,06/01/2024
100,Allina,Staker,astaker2r@nba.com,Female,2003,Oldsmobile,Bravada,Juneau,Alaska,99812,US,58.3271,-134.4742,75744,Rath Group,10/29/2024
101,Bryna,Binks,bbinks2s@smh.com.au,Agender,2005,Nissan,Quest,Oklahoma City,Oklahoma,73124,US,35.5514,-97.4075,84712,Koss Inc,09/05/2025
102,Sheree,Padilla,spadilla2t@japanpost.jp,Female,2009,Lamborghini,Murciélago,Portland,Oregon,97216,US,45.5137,-122.5569,43111,Ankunding Group,03/16/2023
103,Katrinka,Gonneau,kgonneau2u@reference.com,Genderqueer,2010,Toyota,Tundra,Littleton,Colorado,80126,US,39.5437,-104.9691,91789,"Hagenes, Pagac and Shanahan",02/08/2023
104,Packston,Hutable,phutable2v@bloglines.com,Male,2012,Jeep,Patriot,Sterling,Virginia,20167,US,39.0853,-77.6452,84493,Mohr-Ebert,05/05/2022
105,Granger,Yurkevich,gyurkevich2w@google.es,Male,2010,Lotus,Exige,Milwaukee,Wisconsin,53210,US,43.0685,-87.9715,92960,Sawayn-Johnson,05/14/2024
106,Lori,Golborne,lgolborne2x@prlog.org,Female,1993,Volkswagen,Golf III,Lexington,Kentucky,40515,US,37.9651,-84.4708,74586,Beer Inc,10/01/2025
107,Latashia,Escoffier,lescoffier2y@jiathis.com,Genderqueer,1968,Pontiac,Bonneville,Atlanta,Georgia,30380,US,33.8444,-84.474,66815,Bashirian-Kling,05/10/2022
108,Timotheus,Sugden,tsugden2z@ibm.com,Male,2007,Lexus,RX,Mobile,Alabama,36689,US,30.6589,-88.178,63112,Anderson Inc,10/20/2023
109,Eddie,Scandrite,escandrite30@sitemeter.com,Female,2000,Dodge,Intrepid,Austin,Texas,78726,US,30.43,-97.8326,91382,Mayer and Sons,03/25/2023
110,Daffie,Inglesant,dinglesant31@163.com,Female,2012,Mercedes-Benz,CL-Class,Atlanta,Georgia,30328,US,33.9335,-84.3958,81922,Carter-Howe,03/11/2025
111,Fletcher,Uridge,furidge32@nps.gov,Male,1999,Mercury,Tracer,Milwaukee,Wisconsin,53210,US,43.0685,-87.9715,57258,"Ferry, Berge and Spencer",09/13/2025
112,Hallsy,Callis,hcallis33@adobe.com,Male,1996,GMC,3500,Decatur,Georgia,30089,US,33.7749,-84.3046,84927,Windler and Sons,11/13/2022
113,Sisile,Stephens,sstephens34@archive.org,Female,2011,MINI,Countryman,Houston,Texas,77276,US,29.7575,-95.3668,43682,Bradtke-Marvin,12/22/2022
114,Ulises,Okell,uokell35@reference.com,Male,2004,Nissan,Pathfinder,Cleveland,Ohio,44118,US,41.5008,-81.5516,71904,Runolfsson-Yost,08/23/2025
115,Deane,Noni,dnoni36@msn.com,Female,1987,Ford,F-Series,El Paso,Texas,79928,US,31.6631,-106.1401,64003,Koch-Hodkiewicz,12/11/2025
116,Ailyn,Roja,aroja37@cyberchimps.com,Female,2002,Oldsmobile,Bravada,Fredericksburg,Virginia,22405,US,38.3365,-77.4366,94808,"O'Reilly, Walter and Champlin",08/21/2022
117,Rog,Gaggen,rgaggen38@google.it,Male,2011,Nissan,Armada,San Francisco,California,94121,US,37.7786,-122.4892,37104,Hintz Group,04/16/2025
118,Willette,Belliss,wbelliss39@paypal.com,Female,1989,Ford,Aerostar,New York City,New York,10034,US,40.8662,-73.9221,61645,Stehr-Bartoletti,11/25/2022
119,Brennen,Lantaff,blantaff3a@studiopress.com,Male,2000,Chevrolet,Silverado 2500,Washington,District of Columbia,20051,US,38.8933,-77.0146,56631,Glover Group,09/02/2023
120,Emmi,Brandon,ebrandon3b@netlog.com,Female,2009,GMC,Savana,Philadelphia,Pennsylvania,19184,US,40.0018,-75.1179,79219,Thompson-Macejkovic,12/06/2025
121,Babs,Pina,bpina3c@edublogs.org,Female,2007,Mercedes-Benz,SLK-Class,Salt Lake City,Utah,84130,US,40.6681,-111.9083,82067,"Morissette, Moore and Lang",08/20/2024
122,Nerta,Frentz,nfrentz3d@ovh.net,Female,2008,Lotus,Elise,Indianapolis,Indiana,46247,US,39.7795,-86.1328,83441,"Abshire, Prohaska and Rath",07/30/2025
123,Catlaina,Arrington,carrington3e@yellowpages.com,Female,1999,GMC,Savana 2500,Huntsville,Alabama,35810,US,34.7784,-86.6091,56146,Mayert-Hahn,07/25/2022
124,Julius,Fydoe,jfydoe3f@wordpress.com,Male,2008,Porsche,Boxster,Houston,Texas,77005,US,29.7179,-95.4263,89216,"Gerhold, Bernier and Leannon",11/03/2023
125,Philbert,Danielot,pdanielot3g@netscape.com,Male,1990,Subaru,Justy,Greensboro,North Carolina,27425,US,36.0807,-80.0244,43935,Harber Group,12/17/2024
126,Teirtza,Batalini,tbatalini3h@meetup.com,Female,2013,Hyundai,Elantra,Huntington,West Virginia,25775,US,38.4134,-82.2774,68946,"Rutherford, Price and Hagenes",12/25/2022
127,Jacklin,Barrass,jbarrass3i@samsung.com,Female,2005,Ford,E250,Grand Junction,Colorado,81505,US,39.1071,-108.5968,30807,Mante and Sons,06/25/2023
128,Greta,Binyon,gbinyon3j@skype.com,Female,1988,Buick,Riviera,Arlington,Texas,76096,US,32.7714,-97.2915,86305,Lindgren-Gleichner,04/01/2025
129,Brennen,Himsworth,bhimsworth3k@smh.com.au,Male,2000,Dodge,Avenger,West Palm Beach,Florida,33411,US,26.6644,-80.1741,30879,Towne-Schowalter,03/07/2024
130,Damaris,Threadgall,dthreadgall3l@nifty.com,Female,2010,Hyundai,Tucson,San Jose,California,95133,US,37.3729,-121.856,86587,"Turner, O'Connell and Halvorson",10/31/2022
131,Law,Danick,ldanick3m@cafepress.com,Male,1993,Chrysler,LeBaron,Corpus Christi,Texas,78470,US,27.777,-97.4632,44261,Upton Group,07/22/2025
132,Goddard,Graith,ggraith3n@google.pl,Male,1999,Land Rover,Discovery,Flint,Michigan,48505,US,43.0634,-83.7001,83322,Little Inc,05/29/2023
133,Giff,Burmaster,gburmaster3o@reuters.com,Male,1993,Chrysler,New Yorker,Saint Louis,Missouri,63180,US,38.6531,-90.2435,61470,Wiegand-Blanda,06/23/2022
134,Keslie,Braunton,kbraunton3p@edublogs.org,Female,2011,Land Rover,Discovery,Fort Wayne,Indiana,46825,US,41.1465,-85.1232,51706,"Homenick, Padberg and Parker",10/18/2024
135,Wanda,Defau,wdefau3q@scribd.com,Female,2002,Lexus,ES,Portsmouth,Virginia,23705,US,36.8686,-76.3552,52943,Kuhn-Littel,01/28/2026
136,Marlane,Dudgeon,mdudgeon3r@skyrock.com,Female,2012,Chevrolet,Colorado,El Paso,Texas,88525,US,31.6948,-106.3,51562,"Stoltenberg, Sporer and Ullrich",07/16/2023
137,Clem,Andrewartha,candrewartha3s@artisteer.com,Non-binary,2003,Nissan,Murano,Seattle,Washington,98185,US,47.4323,-121.8034,87605,Volkman Inc,07/07/2025
138,Tomlin,Sloegrave,tsloegrave3t@newsvine.com,Male,1992,Ford,F250,Los Angeles,California,90060,US,33.7866,-118.2987,90204,Luettgen Group,08/15/2024
139,Willa,Hubbocks,whubbocks3u@discovery.com,Female,1994,Mazda,MPV,Huntsville,Texas,77343,US,30.7813,-95.5953,61486,"Kuphal, Ziemann and Cartwright",01/20/2024
140,Arliene,Galer,agaler3v@vistaprint.com,Female,2008,Dodge,Ram 3500,Washington,District of Columbia,20226,US,38.8933,-77.0146,54170,Ernser Inc,10/23/2024
141,Alistair,Paulack,apaulack3w@meetup.com,Male,1989,Mitsubishi,Truck,Sunnyvale,California,94089,US,37.3983,-122.0006,53340,Jakubowski-Herzog,08/31/2023
142,Stan,Tenman,stenman3x@taobao.com,Male,1995,Cadillac,DeVille,Tacoma,Washington,98417,US,47.2061,-122.4822,34011,"Dicki, Brown and Lehner",04/04/2022
143,Llewellyn,Hoodless,lhoodless3y@ed.gov,Male,2012,Mercedes-Benz,R-Class,Albuquerque,New Mexico,87115,US,35.0549,-106.5461,32450,Bernier-White,01/28/2024
144,Mycah,Border,mborder3z@vimeo.com,Polygender,1994,Plymouth,Laser,Lawrenceville,Georgia,30045,US,33.9367,-83.9573,58707,Paucek-Kub,11/04/2022
145,Salim,Tingcomb,stingcomb40@wunderground.com,Male,1996,GMC,1500,San Antonio,Texas,78220,US,29.4106,-98.4128,67881,Mann Inc,02/24/2025
146,Talyah,Selvey,tselvey41@epa.gov,Female,2001,Lincoln,Town Car,Inglewood,California,90305,US,33.9583,-118.3258,34078,Rowe-Stiedemann,09/06/2024
147,Xerxes,Rough,xrough42@harvard.edu,Male,2011,Cadillac,Escalade,Charlotte,North Carolina,28210,US,35.1316,-80.8577,87307,"Pacocha, Tillman and Jones",09/23/2023
148,Freddie,Vallery,fvallery43@jimdo.com,Male,2000,Honda,S2000,Bryan,Texas,77806,US,30.6521,-96.341,81214,Kuhlman and Sons,09/27/2023
149,Ernst,Dixson,edixson44@samsung.com,Male,2003,Suzuki,Grand Vitara,Kansas City,Missouri,64187,US,39.035,-94.3567,91651,"Watsica, Bednar and Rodriguez",11/04/2024
150,Aguste,Liversley,aliversley45@gov.uk,Male,1987,Buick,Riviera,Houston,Texas,77212,US,29.834,-95.4342,69894,"Konopelski, Rath and Collins",04/15/2022
151,Bartolemo,Ferries,bferries46@infoseek.co.jp,Male,2004,Chrysler,300M,New York City,New York,10090,US,40.7808,-73.9772,82620,Rice-Carter,09/19/2024
152,Colan,Hoyle,choyle47@nydailynews.com,Male,1986,Audi,5000CS Quattro,Indianapolis,Indiana,46254,US,39.849,-86.272,40042,Kulas Inc,10/09/2024
153,Antoine,Zylberdik,azylberdik48@blogtalkradio.com,Male,2006,BMW,325,Hartford,Connecticut,06152,US,41.7918,-72.7188,64811,Veum-Kutch,02/11/2025
154,Barbabas,Hiseman,bhiseman49@friendfeed.com,Male,1986,Ford,Bronco,Wilmington,North Carolina,28405,US,34.2651,-77.867,68403,Casper LLC,02/21/2022
155,Durant,Matlock,dmatlock4a@timesonline.co.uk,Male,1987,Ford,Escort,Tucson,Arizona,85715,US,32.2519,-110.82,36134,"Lesch, Roberts and Breitenberg",05/07/2025
156,Granville,Goneau,ggoneau4b@exblog.jp,Male,2000,Lincoln,Navigator,Roanoke,Virginia,24020,US,37.3589,-79.9448,75740,Williamson LLC,10/23/2024
157,Elden,Pomroy,epomroy4c@altervista.org,Agender,1994,Volkswagen,Jetta III,New York City,New York,10004,US,40.6964,-74.0253,90717,Shanahan Group,04/08/2025
158,Caty,Edie,cedie4d@mysql.com,Female,1967,Chevrolet,Bel Air,Long Beach,California,90810,US,33.8193,-118.2325,33999,Simonis-Wintheiser,06/21/2023
159,Karlen,Sink,ksink4e@rediff.com,Female,1995,Chrysler,Town & Country,Baton Rouge,Louisiana,70826,US,30.5159,-91.0804,53287,Howell-Labadie,03/04/2022
160,Whitman,Sterley,wsterley4f@disqus.com,Male,2008,Ferrari,430 Scuderia,Chicago,Illinois,60619,US,41.7458,-87.6054,81791,"Dietrich, Kerluke and Rice",05/16/2025
161,Nicko,Scini,nscini4g@com.com,Male,2005,Subaru,Impreza,Ventura,California,93005,US,34.0324,-119.1343,79013,West-Casper,10/15/2023
162,Rodger,Kupis,rkupis4h@qq.com,Male,1997,Land Rover,Defender 90,Peoria,Illinois,61635,US,40.7442,-89.7184,81330,Williamson-Kihn,05/02/2022
163,Cleon,Wollers,cwollers4i@buzzfeed.com,Agender,1993,Isuzu,Rodeo,Philadelphia,Pennsylvania,19184,US,40.0018,-75.1179,96388,Thompson-Tillman,07/23/2023
164,Tadd,Wadelin,twadelin4j@com.com,Male,1987,Mitsubishi,L300,Charlotte,North Carolina,28284,US,35.26,-80.8042,90071,"Kunze, Leannon and Abshire",08/04/2025
165,Mill,Duguid,mduguid4k@ucsd.edu,Male,1996,Jeep,Grand Cherokee,Athens,Georgia,30605,US,33.9321,-83.3525,66441,Rohan-Osinski,02/01/2025
166,Amos,Hazeman,ahazeman4l@biblegateway.com,Male,2009,Mercedes-Benz,R-Class,Washington,District of Columbia,20210,US,38.8933,-77.0146,69241,Harris Inc,07/22/2023
167,Valencia,Hurley,vhurley4m@goo.gl,Female,2011,Jeep,Grand Cherokee,Washington,District of Columbia,20420,US,38.9035,-77.0276,69651,Stamm-Schinner,04/24/2022
168,Angelico,Spinozzi,aspinozzi4n@friendfeed.com,Male,1987,Mercury,Lynx,Houston,Texas,77020,US,29.7758,-95.3121,95521,"Erdman, Johnson and Wolff",08/11/2023
169,Sloane,Sommerled,ssommerled4o@home.pl,Male,2003,Chevrolet,Tracker,Montgomery,Alabama,36109,US,32.3834,-86.2434,50493,"Koelpin, Deckow and Hilpert",03/04/2022
170,Barron,Ritch,britch4p@odnoklassniki.ru,Male,2000,GMC,Sierra 2500,Raleigh,North Carolina,27605,US,35.7908,-78.653,68995,"Torphy, Rolfson and Schaefer",06/23/2023
171,Sinclare,Van den Velden,svandenvelden4q@twitpic.com,Male,1998,Infiniti,QX,Detroit,Michigan,48206,US,42.3749,-83.1087,31619,Shanahan and Sons,11/23/2025
172,Charita,Dunguy,cdunguy4r@wikia.com,Female,2006,Suzuki,Daewoo Magnus,San Antonio,Texas,78230,US,29.5407,-98.5521,52061,Greenfelder Inc,07/29/2024
173,Frans,Semmens,fsemmens4s@europa.eu,Male,1993,Porsche,928,Amarillo,Texas,79182,US,35.4015,-101.8951,58254,Monahan Inc,01/10/2024
174,Adamo,Chrystie,achrystie4t@cafepress.com,Male,2011,Buick,Lucerne,Birmingham,Alabama,35295,US,33.5446,-86.9292,70290,Botsford Inc,05/04/2023
175,Ellwood,Wegner,ewegner4u@paypal.com,Male,1999,Buick,Regal,Houston,Texas,77299,US,29.834,-95.4342,96908,Harris-Crist,12/26/2022
176,Sampson,Reiners,sreiners4v@360.cn,Non-binary,2006,Ferrari,F430,Arlington,Texas,76016,US,32.6889,-97.1905,47858,Erdman-Walker,10/12/2022
177,Kirby,Hollyer,khollyer4w@tamu.edu,Female,1986,Mercury,Marquis,York,Pennsylvania,17405,US,40.0086,-76.5972,46280,"Conn, Murray and Rodriguez",06/20/2023
178,Regen,Tichner,rtichner4x@yahoo.com,Male,2003,Mazda,Protege5,El Paso,Texas,79923,US,31.6948,-106.3,85515,Fay-Ernser,12/31/2024
179,Lilah,Maryman,lmaryman4y@cnbc.com,Non-binary,1985,Subaru,Brat,New York City,New York,10014,US,40.7339,-74.0054,47462,"Hintz, Johns and Denesik",11/20/2023
180,Myra,Rowly,mrowly4z@shutterfly.com,Female,1992,Cadillac,Brougham,Tacoma,Washington,98424,US,47.2325,-122.3594,49321,Becker and Sons,01/15/2026
181,Dawna,Dankov,ddankov50@diigo.com,Female,2011,Bentley,Mulsanne,El Paso,Texas,88584,US,31.6948,-106.3,53335,"Casper, Schroeder and Torphy",01/09/2025
182,Cissiee,Chung,cchung51@google.com.br,Female,1999,Dodge,Durango,Tampa,Florida,33647,US,28.1147,-82.3678,60728,"Davis, Brakus and Roberts",06/16/2024
183,Byram,Quarrington,bquarrington52@mtv.com,Male,1997,Dodge,Ram 1500 Club,New York City,New York,10175,US,40.7543,-73.9798,44594,Schaden Inc,03/07/2022
184,Tess,Hawtin,thawtin53@forbes.com,Female,1989,Volkswagen,Fox,Phoenix,Arizona,85040,US,33.4061,-112.0265,85817,Hagenes-Littel,09/03/2022
185,Tristan,Glennie,tglennie54@wired.com,Male,1997,Pontiac,Grand Am,Salt Lake City,Utah,84105,US,40.7372,-111.8581,33683,Funk-Price,08/07/2025
186,Petronille,Waggatt,pwaggatt55@delicious.com,Female,2006,Chevrolet,Silverado 3500,Charlotte,North Carolina,28299,US,35.26,-80.8042,73600,Zulauf Group,07/18/2025
187,Rana,Britee,rbritee56@dot.gov,Female,1997,Suzuki,Esteem,Tampa,Florida,33620,US,28.06,-82.4079,35119,"Windler, Hermiston and Lynch",03/17/2024
188,Jerrold,Willbourne,jwillbourne57@facebook.com,Male,2005,Cadillac,XLR,Lincoln,Nebraska,68517,US,40.9317,-96.6045,47910,Cremin Inc,04/29/2023
189,Sullivan,Wrates,swrates58@patch.com,Male,2010,Kia,Rondo,Corpus Christi,Texas,78470,US,27.777,-97.4632,96287,Grimes and Sons,01/23/2023
190,Concordia,Sottell,csottell59@pcworld.com,Female,1996,Buick,Park Avenue,Beaufort,South Carolina,29905,US,32.3401,-80.689,33448,Carter-McLaughlin,09/20/2024
191,Bride,Robilart,brobilart5a@vk.com,Polygender,1984,Chevrolet,Corvette,Atlanta,Georgia,30306,US,33.786,-84.3514,45424,Howell and Sons,06/18/2023
192,Tiertza,Oswell,toswell5b@skyrock.com,Female,1973,Chevrolet,Corvette,Seattle,Washington,98175,US,47.7161,-122.3004,61476,Smitham-Mayert,01/22/2024
193,Renate,Swaine,rswaine5c@opera.com,Female,1998,Eagle,Talon,Denver,Colorado,80255,US,39.7388,-104.4083,84697,Swaniawski-Hirthe,09/21/2023
194,Lanny,Tiler,ltiler5d@nyu.edu,Female,1999,Ford,Explorer,Fort Wayne,Indiana,46857,US,41.0938,-85.0707,87759,Pouros and Sons,12/29/2025
195,Giulietta,Morter,gmorter5e@apple.com,Female,2000,Toyota,Tacoma Xtra,Fresno,California,93794,US,36.7464,-119.6397,97261,Grant LLC,04/22/2022
196,Milzie,Abbay,mabbay5f@dmoz.org,Female,2000,Toyota,Sienna,Lawrenceville,Georgia,30245,US,33.9464,-83.9912,55486,"Keeling, Kessler and Morissette",04/05/2023
197,Ernestus,Bickmore,ebickmore5g@wikispaces.com,Male,2003,Dodge,Ram Van 2500,Indianapolis,Indiana,46216,US,39.8647,-86.0136,41137,"Marvin, Kuhic and Haley",08/22/2023
198,Wynn,Alfonsetto,walfonsetto5h@hibu.com,Female,2000,Acura,RL,Evansville,Indiana,47725,US,38.1071,-87.5256,65219,Bauch Inc,07/12/2025
199,Wendye,Mabbs,wmabbs5i@reverbnation.com,Female,1989,Suzuki,SJ,Tampa,Florida,33633,US,27.872,-82.4388,74399,"MacGyver, Orn and Stark",06/16/2023
200,Derry,Pilbury,dpilbury5j@blog.com,Male,2009,Mercedes-Benz,SLK55 AMG,Maple Plain,Minnesota,55572,US,45.0159,-93.4719,37971,"Durgan, Dicki and McLaughlin",04/06/2025
201,Charita,Keaves,ckeaves5k@ucla.edu,Female,2000,Toyota,Celica,Omaha,Nebraska,68117,US,41.2064,-95.9953,71979,Brakus-Gutkowski,06/16/2025
202,Elton,Baldree,ebaldree5l@acquirethisname.com,Male,1984,Mercedes-Benz,S-Class,Louisville,Kentucky,40225,US,38.189,-85.6768,60003,Hilll-Ankunding,06/06/2022
203,Alyce,Feavearyear,afeavearyear5m@g.co,Female,1986,Audi,4000s Quattro,North Las Vegas,Nevada,89036,US,35.9279,-114.9721,94456,"Bogan, Runte and Quitzon",01/14/2024
204,Jan,Loadwick,jloadwick5n@simplemachines.org,Male,2008,Saturn,VUE,Salt Lake City,Utah,84115,US,40.7145,-111.8931,50159,Kub LLC,05/08/2022
205,Tansy,Bianco,tbianco5o@omniture.com,Female,1995,Jeep,Wrangler,Pasadena,California,91186,US,33.7866,-118.2987,31861,"Beahan, Bergnaum and Romaguera",04/10/2022
206,Billy,Chessil,bchessil5p@joomla.org,Male,2009,BMW,3 Series,Pittsburgh,Pennsylvania,15235,US,40.4598,-79.8224,44089,"Wisozk, Robel and Will",01/15/2024
207,Carine,Strathdee,cstrathdee5q@github.com,Female,2005,Mazda,MX-5,Charleston,South Carolina,29411,US,32.8715,-79.9947,48183,"Bednar, Yundt and Rolfson",07/25/2025
208,Julianne,Godley,jgodley5r@amazon.com,Female,2010,Volvo,C70,Kansas City,Missouri,64144,US,39.2829,-94.409,44713,"Labadie, Erdman and Grant",03/15/2022
209,Jeff,Woolmington,jwoolmington5s@angelfire.com,Male,1998,Dodge,Intrepid,Saint Paul,Minnesota,55166,US,45.0059,-93.1059,79922,Padberg-Cremin,12/25/2025
210,Maudie,Dalgetty,mdalgetty5t@auda.org.au,Female,1997,Chevrolet,Corvette,Fairbanks,Alaska,99709,US,64.8544,-147.8469,39967,Prohaska LLC,04/17/2024
211,Maren,Thomazet,mthomazet5u@163.com,Female,2003,Oldsmobile,Alero,Alhambra,California,91841,US,33.7866,-118.2987,49051,Aufderhar Group,03/25/2022
212,Nollie,Enders,nenders5v@addtoany.com,Male,2009,Nissan,Quest,Madison,Wisconsin,53790,US,43.0696,-89.4239,62877,Kunze Group,08/03/2022
213,Janot,Sykora,jsykora5w@nbcnews.com,Agender,1992,Volkswagen,Cabriolet,Washington,District of Columbia,20546,US,38.891,-77.0211,50343,Kerluke-Zboncak,05/06/2025
214,Maribeth,Hruska,mhruska5x@theatlantic.com,Female,1987,Mazda,929,Shreveport,Louisiana,71166,US,32.6076,-93.7526,71789,"Schiller, Hammes and Gottlieb",08/10/2025
215,Phillis,Bound,pbound5y@usa.gov,Female,1964,Austin,Mini Cooper,Minneapolis,Minnesota,55448,US,45.1907,-93.3021,88759,"Smitham, Mills and Schmidt",05/16/2025
216,Romona,Westby,rwestby5z@harvard.edu,Female,2006,Chevrolet,Silverado 2500,Albany,New York,12222,US,42.6853,-73.8253,58207,Mosciski-Tromp,05/06/2023
217,Jarid,O'Kuddyhy,jokuddyhy60@ow.ly,Agender,1999,Isuzu,Oasis,Jacksonville,Florida,32259,US,30.0956,-81.6217,63786,"DuBuque, Sipes and Schumm",05/07/2024
218,Tova,Knowlson,tknowlson61@nature.com,Female,1988,Lincoln,Continental,Anniston,Alabama,36205,US,33.7358,-85.7933,62268,Runolfsson LLC,04/13/2022
219,Roderic,Roseborough,rroseborough62@sakura.ne.jp,Male,1997,Ford,Aerostar,Boca Raton,Florida,33487,US,26.4116,-80.0928,98198,"Gutkowski, Fahey and Conroy",07/24/2024
220,Worthy,Okell,wokell63@nasa.gov,Male,2006,Kia,Sorento,Atlanta,Georgia,30375,US,33.8444,-84.474,36138,Jacobi and Sons,12/17/2024
221,Fabian,Cockerton,fcockerton64@narod.ru,Male,2010,Subaru,Outback,Merrifield,Virginia,22119,US,38.8318,-77.2888,47868,Roob-Kuhn,12/25/2025
222,Cullin,Batman,cbatman65@yahoo.com,Male,1986,Ford,LTD Crown Victoria,Bronx,New York,10469,US,40.8702,-73.8495,73871,"Anderson, Lynch and Bosco",12/25/2022
223,Eadie,Matuszyk,ematuszyk66@goo.gl,Female,2004,Dodge,Dakota,El Paso,Texas,79916,US,31.7444,-106.2879,97976,O'Kon-Olson,02/12/2025
224,Danny,Runge,drunge67@state.gov,Male,2013,Kia,Rio,Louisville,Kentucky,40233,US,38.189,-85.6768,61340,"Lind, Kirlin and Roob",03/19/2023
225,Libbi,Blastock,lblastock68@t-online.de,Female,2005,Pontiac,Montana SV6,Houston,Texas,77281,US,29.834,-95.4342,75575,"Bins, Grant and Kuhn",09/02/2024
226,Cal,Gapper,cgapper69@wordpress.org,Female,2000,Pontiac,Montana,West Palm Beach,Florida,33421,US,26.6459,-80.4303,32485,"O'Kon, Rohan and Shields",10/05/2024
227,Leonhard,Launchbury,llaunchbury6a@ebay.co.uk,Agender,1992,Mercury,Sable,Orange,California,92668,US,33.7867,-117.8742,79051,"Heller, Stroman and Runte",01/30/2024
228,Bartolomeo,Nisen,bnisen6b@sun.com,Male,1999,Hummer,H1,Naperville,Illinois,60567,US,41.8397,-88.0887,97245,"Hahn, Hintz and Bosco",03/29/2025
229,Aline,Cord,acord6c@prlog.org,Polygender,1998,Oldsmobile,Cutlass,Clearwater,Florida,33758,US,27.8918,-82.7248,39249,O'Conner LLC,11/05/2024
230,Goldarina,Cossins,gcossins6d@alibaba.com,Female,2010,Mercury,Mountaineer,Pasadena,California,91103,US,34.1669,-118.1551,68279,Hilll Inc,02/13/2023
231,Rochester,Barbier,rbarbier6e@archive.org,Male,1998,Chevrolet,Suburban 1500,El Paso,Texas,79977,US,31.6948,-106.3,86464,Stokes and Sons,05/19/2024
232,Jase,Ren,jren6f@wikipedia.org,Male,2008,Mitsubishi,Lancer Evolution,Houston,Texas,77090,US,30.0167,-95.447,73506,"Ferry, Kemmer and Thompson",10/29/2023
233,Tallou,Seydlitz,tseydlitz6g@phpbb.com,Female,2000,Lexus,SC,Athens,Georgia,30610,US,33.9443,-83.3891,96045,"Rolfson, Herzog and Streich",10/06/2023
234,Cassandra,Knill,cknill6h@mediafire.com,Female,2006,Suzuki,Forenza,Houston,Texas,77234,US,29.834,-95.4342,30719,Sipes-Breitenberg,09/23/2024
235,Michail,Burgoyne,mburgoyne6i@last.fm,Male,1997,GMC,Suburban 1500,Yonkers,New York,10705,US,40.9177,-73.895,94723,Stracke-Krajcik,12/30/2025
236,Marge,Paradine,mparadine6j@smh.com.au,Female,1995,Dodge,Intrepid,San Francisco,California,94169,US,37.7848,-122.7278,90092,Grant-Volkman,10/31/2022
237,Martynne,Pitcher,mpitcher6k@webnode.com,Female,1998,Chevrolet,Metro,Saint Louis,Missouri,63131,US,38.6171,-90.4504,84825,"Ryan, Larkin and Jakubowski",03/14/2023
238,Hewitt,Gladtbach,hgladtbach6l@exblog.jp,Male,2003,Nissan,Frontier,Phoenix,Arizona,85099,US,33.2765,-112.1872,87389,Walsh-Huel,07/07/2023
239,Lorianne,Iwanowicz,liwanowicz6m@miibeian.gov.cn,Bigender,1992,Dodge,Ram 50,Minneapolis,Minnesota,55470,US,45.0159,-93.4719,60833,"Johnson, Beer and Lockman",07/30/2024
240,Ola,Sarjeant,osarjeant6n@hostgator.com,Non-binary,1996,Acura,NSX,Kansas City,Missouri,64136,US,39.0187,-94.4008,52620,"Rice, Dare and Wiza",08/14/2025
241,Cyndia,Jerome,cjerome6o@dailymail.co.uk,Female,2002,Lincoln,LS,Akron,Ohio,44310,US,41.1075,-81.5006,63309,Hand Inc,07/07/2022
242,Orelie,Hacun,ohacun6p@timesonline.co.uk,Female,2005,Lamborghini,Murciélago,Richmond,Virginia,23225,US,37.5158,-77.5047,69373,"Dibbert, Schuppe and Kessler",06/09/2022
243,Laraine,Mathevet,lmathevet6q@zdnet.com,Polygender,2004,Honda,Element,Tacoma,Washington,98464,US,47.0662,-122.1132,65368,Goodwin-Carroll,05/03/2024
244,Nolan,Plumridege,nplumridege6r@spiegel.de,Male,1998,Cadillac,Eldorado,Arlington,Virginia,22244,US,38.8545,-77.052,37908,"Weissnat, Kiehn and Barrows",05/18/2023
245,Luca,Bromfield,lbromfield6s@surveymonkey.com,Male,2004,BMW,X5,Minneapolis,Minnesota,55412,US,45.0242,-93.302,91853,Kerluke Inc,12/03/2025
246,Rikki,Scuffham,rscuffham6t@scribd.com,Male,1992,Volkswagen,Cabriolet,Las Vegas,Nevada,89166,US,36.3265,-115.3398,86734,Kuhic-Turner,06/24/2023
247,Emmalyn,Rissom,erissom6u@hubpages.com,Female,2006,Honda,Ridgeline,Flushing,New York,11355,US,40.7536,-73.8226,99119,Reilly-McGlynn,02/27/2023
248,Cristal,Staten,cstaten6v@jimdo.com,Female,2000,Cadillac,DeVille,New York City,New York,10110,US,40.754,-73.9808,67678,Koepp-Rosenbaum,11/04/2025
249,Brandice,Sidon,bsidon6w@squarespace.com,Female,1992,Volvo,960,Huntington,West Virginia,25709,US,38.1321,-82.4183,66889,Casper-Nienow,06/19/2025
250,Ed,Pozzi,epozzi6x@simplemachines.org,Male,1994,Mazda,MX-6,Tampa,Florida,33615,US,28.0081,-82.5805,46621,Aufderhar Inc,10/20/2023
251,Petra,Rabb,prabb6y@rambler.ru,Female,2000,Honda,Passport,Rochester,New York,14646,US,43.286,-77.6843,43742,Christiansen Group,05/03/2022
252,Onfre,Vollam,ovollam6z@google.it,Male,2011,Toyota,Avalon,Washington,District of Columbia,20520,US,38.8932,-77.049,64906,Haley and Sons,02/20/2022
253,Georgy,Duthie,gduthie70@youtu.be,Male,2012,Nissan,Murano,Tulsa,Oklahoma,74184,US,36.1398,-96.0297,93681,Yundt-Rippin,03/30/2024
254,Dorisa,Hall,dhall71@g.co,Female,2003,Dodge,Ram 3500,Prescott,Arizona,86305,US,34.8185,-112.9584,32552,Ondricka-Boehm,02/28/2023
255,Brunhilda,Fennelly,bfennelly72@mac.com,Female,2008,Land Rover,Freelander,Newark,New Jersey,07104,US,40.7664,-74.1695,76940,"Lueilwitz, Hirthe and Lind",10/06/2024
256,York,Gorger,ygorger73@spiegel.de,Male,1999,Oldsmobile,Cutlass,Jamaica,New York,11447,US,40.6914,-73.8061,65784,McGlynn Group,02/23/2025
257,Maitilde,Branca,mbranca74@nationalgeographic.com,Genderqueer,2005,Jaguar,S-Type,New York City,New York,10125,US,40.7808,-73.9772,43773,Muller Group,05/10/2022
258,Shaylynn,Shard,sshard75@surveymonkey.com,Female,2009,Scion,tC,Visalia,California,93291,US,36.3551,-119.301,97920,Considine-Renner,02/08/2022
259,Sapphire,McElhinney,smcelhinney76@github.io,Female,2007,Jaguar,XJ,Carson City,Nevada,89714,US,39.1678,-119.7764,61157,"Bruen, Stroman and Ankunding",12/21/2022
260,Lonnard,Cordeiro,lcordeiro77@1688.com,Male,2000,Ford,Escort,Brooklyn,New York,11254,US,40.6451,-73.945,97362,Jacobi LLC,07/30/2024
261,Carri,Franchyonok,cfranchyonok78@archive.org,Female,2009,Toyota,Tacoma,Birmingham,Alabama,35244,US,33.3538,-86.8254,92065,"Hansen, Stehr and Kirlin",06/28/2022
262,Stesha,Caldron,scaldron79@nba.com,Female,2008,Toyota,Prius,Tuscaloosa,Alabama,35487,US,33.3072,-87.5859,54584,"Little, Champlin and Hessel",02/21/2025
263,Nevins,Bordis,nbordis7a@youtu.be,Male,1989,Pontiac,Grand Prix,Anderson,Indiana,46015,US,40.0938,-85.6578,95492,Wiza-Dooley,03/19/2022
264,Sasha,Bountiff,sbountiff7b@blogspot.com,Female,1995,Ford,Club Wagon,Kansas City,Missouri,64149,US,38.8606,-94.4636,42194,"Stanton, Waelchi and Wolf",11/18/2022
265,Hoyt,Birdwistle,hbirdwistle7c@flickr.com,Male,2005,Cadillac,Escalade,Birmingham,Alabama,35295,US,33.5446,-86.9292,58611,Lubowitz-Rowe,03/19/2024
266,Freedman,Poulett,fpoulett7d@nsw.gov.au,Male,2002,BMW,525,Akron,Ohio,44315,US,41.028,-81.4632,30926,"Ebert, Quigley and Dietrich",06/01/2025
267,Northrop,Fabry,nfabry7e@ocn.ne.jp,Bigender,1984,Pontiac,Grand Prix,Clearwater,Florida,34629,US,27.9654,-82.8001,63840,"Kihn, Bruen and Graham",02/10/2023
268,Leta,Pittendreigh,lpittendreigh7f@over-blog.com,Female,1994,Toyota,Previa,Denver,Colorado,80235,US,39.6472,-105.0795,73840,Kassulke-Cummerata,01/12/2024
269,Anselm,McGreal,amcgreal7g@usda.gov,Male,2011,GMC,Acadia,Albuquerque,New Mexico,87121,US,35.0512,-106.7269,40659,Adams Group,01/06/2023
270,Byrann,Pollendine,bpollendine7h@nsw.gov.au,Male,2010,Chrysler,Sebring,Indianapolis,Indiana,46295,US,39.7795,-86.1328,43004,Christiansen-Shanahan,04/22/2025
271,Jany,Stiven,jstiven7i@ifeng.com,Female,2011,Toyota,Sienna,Washington,District of Columbia,20029,US,38.8933,-77.0146,99986,"Wolff, Weissnat and Collins",06/08/2025
272,Giffie,Thorley,gthorley7j@csmonitor.com,Male,1996,Toyota,4Runner,Waterbury,Connecticut,06705,US,41.5503,-72.9963,95550,"Rowe, Rempel and Bins",10/18/2022
273,Sibbie,Scarffe,sscarffe7k@hud.gov,Female,1990,Ford,Taurus,El Paso,Texas,79923,US,31.6948,-106.3,61510,Huel Inc,02/06/2024
274,Jakie,Waterdrinker,jwaterdrinker7l@alibaba.com,Male,1995,Cadillac,DeVille,Colorado Springs,Colorado,80930,US,38.8289,-104.5269,84332,Ortiz and Sons,11/04/2022
275,Janine,Castagnaro,jcastagnaro7m@nasa.gov,Female,2012,Chevrolet,Equinox,New Haven,Connecticut,06510,US,41.3087,-72.9271,34800,Rogahn-Little,06/28/2022
276,Lauri,Pierton,lpierton7n@diigo.com,Female,1985,Mazda,RX-7,Washington,District of Columbia,20062,US,38.9,-77.0369,88978,Kessler and Sons,08/29/2023
277,Theo,Budgeon,tbudgeon7o@washingtonpost.com,Male,2008,Isuzu,i-370,Houston,Texas,77015,US,29.7853,-95.1852,77240,Armstrong-Breitenberg,04/14/2023
278,Paulie,Lundie,plundie7p@about.me,Male,1997,Toyota,Tacoma Xtra,Hamilton,Ohio,45020,US,39.441,-84.5757,74088,"Skiles, Turner and Runolfsdottir",11/23/2022
279,Ralf,Tunkin,rtunkin7q@dailymotion.com,Male,2008,Saturn,Outlook,San Jose,California,95194,US,37.3894,-121.8868,34560,Pfannerstill Inc,03/18/2024
280,Caritta,Gooms,cgooms7r@nih.gov,Female,2005,Mercury,Sable,Fort Myers,Florida,33913,US,26.5228,-81.7065,40118,Reichel and Sons,03/11/2023
281,Chad,Pottery,cpottery7s@dell.com,Female,2006,Nissan,Armada,Bradenton,Florida,34282,US,27.4272,-82.4387,71648,"Goodwin, Kiehn and D'Amore",09/09/2022
282,Malissia,Gladstone,mgladstone7t@comcast.net,Female,2011,Lotus,Elise,El Paso,Texas,88579,US,31.6948,-106.3,92017,Morar and Sons,12/10/2025
283,Gladys,Insall,ginsall7u@themeforest.net,Female,2009,Bentley,Brooklands,Los Angeles,California,90065,US,34.1073,-118.2266,40967,Blick Inc,06/05/2025
284,Martelle,Culwen,mculwen7v@nih.gov,Female,2003,Acura,MDX,Corpus Christi,Texas,78475,US,27.777,-97.4632,91111,Prohaska Group,12/16/2023
285,Munroe,O'Logan,mologan7w@wordpress.com,Male,1994,Buick,Coachbuilder,Lakeland,Florida,33805,US,28.072,-81.9609,87907,Little-Murazik,03/21/2023
286,Berny,MacPeice,bmacpeice7x@blogs.com,Female,2006,Hyundai,Santa Fe,Indianapolis,Indiana,46221,US,39.7509,-86.1924,35493,"Mante, Goldner and Koss",05/05/2025
287,Augusto,Nunnerley,anunnerley7y@exblog.jp,Male,2004,Dodge,Dakota Club,Austin,Texas,78737,US,30.2107,-97.9427,47564,"Kuhlman, Gislason and Corkery",03/13/2023
288,Brewer,Cadman,bcadman7z@patch.com,Male,1996,Ford,F-Series,Honolulu,Hawaii,96810,US,21.3062,-157.8585,40813,Becker-Schimmel,05/13/2025
289,Cosimo,Forrest,cforrest80@geocities.jp,Male,2006,Honda,S2000,Paterson,New Jersey,07544,US,41.0114,-74.3048,50217,Cormier Inc,05/09/2022
290,Leelah,Collin,lcollin81@infoseek.co.jp,Female,2012,Hyundai,HED-5,Columbus,Georgia,31914,US,32.491,-84.8741,81161,Brown LLC,12/29/2022
291,Deina,Wright,dwright82@digg.com,Female,2008,GMC,Acadia,Washington,District of Columbia,20591,US,38.8933,-77.0146,85535,"Wilkinson, Vandervort and Zboncak",12/16/2023
292,Lin,Rubenczyk,lrubenczyk83@umn.edu,Male,2004,Isuzu,Axiom,Brooklyn,New York,11241,US,40.6451,-73.945,67768,"Bayer, Goldner and Conroy",04/11/2024
293,Maggi,Trenam,mtrenam84@devhub.com,Female,2005,Land Rover,Discovery,Kansas City,Missouri,64153,US,39.2627,-94.697,75503,Kuhic and Sons,12/09/2024
294,Byram,MacNeill,bmacneill85@google.ca,Agender,1993,Dodge,D250 Club,Metairie,Louisiana,70033,US,29.6779,-90.0901,61640,Koch-Lang,06/03/2022
295,Shaw,Sandey,ssandey86@tuttocitta.it,Male,1996,Pontiac,Grand Prix,Glendale,Arizona,85311,US,33.2765,-112.1872,61054,Ondricka and Sons,05/24/2022
296,Amalie,Merry,amerry87@weather.com,Female,2007,Nissan,Quest,Reno,Nevada,89510,US,39.7699,-119.6027,65362,Mayert-Moore,05/01/2023
297,Paulita,Colvine,pcolvine88@typepad.com,Female,1998,Plymouth,Grand Voyager,Manchester,New Hampshire,03105,US,42.9521,-71.6539,54451,Hirthe-Skiles,11/05/2023
298,Corabelle,Addington,caddington89@tripadvisor.com,Female,2005,Nissan,350Z,Des Moines,Iowa,50310,US,41.6255,-93.6736,81608,"Beahan, Upton and Pfeffer",10/14/2022
299,Shannan,Abbyss,sabbyss8a@photobucket.com,Male,2002,Dodge,Caravan,Killeen,Texas,76544,US,31.1282,-97.7469,82254,"Gibson, Kuhlman and Feil",08/12/2023
300,Kev,O' Byrne,kobyrne8b@businessinsider.com,Agender,1989,Mitsubishi,Pajero,Mobile,Alabama,36689,US,30.6589,-88.178,45927,VonRueden-Hintz,12/14/2025
301,Noell,Giaomozzo,ngiaomozzo8c@guardian.co.uk,Female,2002,Kia,Sportage,Sioux Falls,South Dakota,57193,US,43.6746,-96.7913,45346,Kuphal Inc,11/18/2024
302,Merridie,Troup,mtroup8d@independent.co.uk,Female,2002,Ford,Thunderbird,Richmond,Virginia,23203,US,37.5593,-77.4471,83254,"Schamberger, Goyette and Orn",06/12/2024
303,Marshall,Yvon,myvon8e@amazonaws.com,Male,1995,Toyota,Xtra,Houston,Texas,77276,US,29.7575,-95.3668,77895,Bahringer Group,08/14/2024
304,Althea,Leeves,aleeves8f@hatena.ne.jp,Female,1998,Isuzu,Hombre,San Diego,California,92176,US,33.0169,-116.846,66198,"Legros, Batz and Anderson",07/27/2024
305,Northrop,Massy,nmassy8g@friendfeed.com,Male,1986,Maserati,Quattroporte,Dayton,Ohio,45403,US,39.7617,-84.1498,96750,"Block, Prohaska and Dicki",01/27/2025
306,Oswald,Fieldsend,ofieldsend8h@mit.edu,Male,2012,Kia,Forte,Denver,Colorado,80241,US,39.9274,-104.9548,69149,O'Keefe Group,07/22/2023
307,Booth,Woolf,bwoolf8i@sfgate.com,Male,2007,Chevrolet,Silverado 3500,Louisville,Kentucky,40205,US,38.2222,-85.6885,52994,"Strosin, Deckow and Fay",09/26/2024
308,Manda,Doak,mdoak8j@slate.com,Female,2009,MINI,Clubman,Pittsburgh,Pennsylvania,15255,US,40.4344,-80.0248,55777,Cremin-Aufderhar,08/07/2023
309,Eugen,Arzu,earzu8k@google.co.jp,Male,2013,GMC,Yukon,Fort Lauderdale,Florida,33310,US,26.1443,-80.2069,91363,Moen Group,07/21/2023
310,Tedman,Westerman,twesterman8l@discuz.net,Male,2000,Nissan,Pathfinder,Las Vegas,Nevada,89160,US,35.9279,-114.9721,54248,Smith and Sons,10/20/2024
311,Henri,Provest,hprovest8m@jimdo.com,Male,1985,Buick,Skylark,Orlando,Florida,32819,US,28.4522,-81.4678,66530,Yundt LLC,07/22/2023
312,Field,Pigne,fpigne8n@mail.ru,Male,1991,Land Rover,Range Rover,Minneapolis,Minnesota,55428,US,45.0632,-93.3811,51024,Murray-Anderson,03/14/2025
313,Quintana,Mickleburgh,qmickleburgh8o@alexa.com,Female,1999,Ford,Contour,Buffalo,New York,14269,US,42.7684,-78.8871,79353,Purdy-Schiller,09/13/2023
314,Mead,Ambrozik,mambrozik8p@comsenz.com,Male,1983,Mercedes-Benz,W126,Honolulu,Hawaii,96835,US,21.3278,-157.8294,69640,"Collier, Cummerata and Huels",05/09/2024
315,Em,Stook,estook8q@msn.com,Male,2001,Subaru,Legacy,Portsmouth,Virginia,23705,US,36.8686,-76.3552,64409,"Tillman, Dibbert and Murazik",06/13/2022
316,Frannie,Dowbakin,fdowbakin8r@nasa.gov,Male,2012,Toyota,Camry,Ashburn,Virginia,22093,US,39.0853,-77.6452,61010,"Hansen, Gleichner and Klein",03/31/2023
317,Demetri,Couve,dcouve8s@ed.gov,Male,2012,Ford,F250,Lakeland,Florida,33811,US,27.9865,-82.0139,31776,"Price, Vandervort and Little",02/27/2024
318,Fee,Casham,fcasham8t@webnode.com,Male,2000,Lincoln,Navigator,Laurel,Maryland,20709,US,38.8336,-76.8777,32693,"McLaughlin, Schaefer and Goldner",09/19/2024
319,Gabriel,Cortin,gcortin8u@friendfeed.com,Male,1987,Volkswagen,Jetta,Terre Haute,Indiana,47812,US,39.4336,-87.4101,43948,Deckow and Sons,07/20/2025
320,Jamie,Kellington,jkellington8v@xinhuanet.com,Male,2006,Chevrolet,Silverado Hybrid,Columbus,Ohio,43284,US,39.969,-83.0114,63114,"Keeling, Keebler and Gleason",10/01/2024
321,Iain,Vondruska,ivondruska8w@nasa.gov,Male,1994,Ford,Club Wagon,Jacksonville,Florida,32204,US,30.3189,-81.6854,32544,Marvin and Sons,05/23/2025
322,Tiebold,Guille,tguille8x@w3.org,Male,2005,Mazda,Tribute,Boulder,Colorado,80328,US,40.0878,-105.3735,53553,"Veum, Tromp and Mitchell",10/06/2023
323,Shani,Georgi,sgeorgi8y@discuz.net,Female,1992,Audi,S4,Burbank,California,91520,US,34.1869,-118.348,98717,"Harris, Cormier and Ratke",05/20/2024
324,Zebadiah,Lease,zlease8z@ehow.com,Male,1999,Volkswagen,Golf,New Bedford,Massachusetts,02745,US,41.6913,-70.9355,93086,Hand-Conroy,06/27/2024
325,Neall,Ilyin,nilyin90@ted.com,Male,2001,Ford,Escort,Louisville,Kentucky,40298,US,38.189,-85.6768,95767,"Jenkins, Trantow and Mitchell",11/11/2025
326,Rowney,Wille,rwille91@privacy.gov.au,Male,1991,Mitsubishi,Truck,Ann Arbor,Michigan,48107,US,42.2535,-83.8366,80566,"Botsford, Kerluke and Rempel",08/05/2022
327,Alasteir,Colqueran,acolqueran92@xing.com,Male,1992,GMC,Suburban 2500,Oakland,California,94660,US,37.6802,-121.9215,84836,Moore-Moore,02/25/2024
328,Britt,McRamsey,bmcramsey93@army.mil,Female,2010,GMC,Acadia,Charleston,West Virginia,25356,US,38.2968,-81.5547,85610,Fay-Walker,08/13/2025
329,Lelia,Haddick,lhaddick94@accuweather.com,Female,2002,Chevrolet,Impala,Tacoma,Washington,98417,US,47.2061,-122.4822,56281,"Jenkins, Haley and Keebler",01/27/2025
330,Nadine,Beckham,nbeckham95@mozilla.com,Female,2001,Oldsmobile,Bravada,Waterbury,Connecticut,06705,US,41.5503,-72.9963,56666,"Upton, Roob and Kiehn",02/20/2025
331,Nat,Davey,ndavey96@cloudflare.com,Genderqueer,1989,Lotus,Esprit,Charleston,West Virginia,25331,US,38.2968,-81.5547,60852,Waters LLC,11/22/2024
332,Adda,Ovett,aovett97@comcast.net,Female,1994,GMC,Vandura 2500,Charlottesville,Virginia,22903,US,38.0339,-78.4924,52025,Bernhard and Sons,11/20/2024
333,Eugenia,Bellchamber,ebellchamber98@csmonitor.com,Polygender,2007,Cadillac,XLR-V,Cincinnati,Ohio,45238,US,39.1092,-84.6108,89078,Robel-McClure,09/18/2023
334,Alicia,Potter,apotter99@rambler.ru,Agender,2001,Daewoo,Nubira,Tulsa,Oklahoma,74149,US,36.1398,-96.0297,71527,Robel-Oberbrunner,05/14/2022
335,Marin,Wenman,mwenman9a@parallels.com,Female,1995,Oldsmobile,Aurora,Hattiesburg,Mississippi,39404,US,31.1721,-89.2948,89088,"Dicki, Friesen and Bergnaum",01/03/2025
336,Dennis,Wallice,dwallice9b@whitehouse.gov,Male,1986,Pontiac,Firebird,Temple,Texas,76505,US,31.0363,-97.492,65222,Lebsack-Erdman,05/07/2025
337,Wittie,Babbage,wbabbage9c@illinois.edu,Male,1995,Dodge,Intrepid,Rochester,New York,14646,US,43.286,-77.6843,34135,Swift-Barrows,02/12/2022
338,Spenser,Quail,squail9d@stanford.edu,Genderfluid,1995,Nissan,200SX,Bakersfield,California,93381,US,35.2944,-118.9052,84308,McClure-Feest,10/21/2025
339,Shelli,Matiewe,smatiewe9e@sciencedirect.com,Female,2008,GMC,Savana 3500,Chula Vista,California,91913,US,32.6513,-116.9852,50889,Thompson-Gutmann,01/11/2026
340,Doreen,Warham,dwarham9f@epa.gov,Female,2001,Acura,NSX,Bakersfield,California,93305,US,35.3855,-118.986,64191,Emard LLC,04/29/2023
341,Stearne,Codner,scodner9g@ezinearticles.com,Male,1994,Pontiac,Sunbird,Scottsdale,Arizona,85255,US,33.6968,-111.8892,48946,Zboncak-West,01/05/2025
342,Seamus,Sales,ssales9h@nba.com,Male,2005,Toyota,Tundra,Fort Lauderdale,Florida,33336,US,26.1219,-80.1436,77013,Braun Group,04/16/2024
343,Pate,Flook,pflook9i@thetimes.co.uk,Male,2012,Ram,C/V,Los Angeles,California,90030,US,33.7866,-118.2987,50991,"Tromp, Nolan and Rutherford",02/18/2025
344,Malva,Crowch,mcrowch9j@army.mil,Female,1989,Mazda,626,New Haven,Connecticut,06510,US,41.3087,-72.9271,31298,Schinner LLC,08/05/2022
345,Jeannie,Loosley,jloosley9k@buzzfeed.com,Female,1996,Buick,Roadmaster,Cincinnati,Ohio,45999,US,39.1668,-84.5382,97623,"Lynch, Rutherford and Russel",02/01/2024
346,Gratiana,Livick,glivick9l@mysql.com,Female,1990,Ford,Festiva,Columbia,South Carolina,29220,US,34.006,-80.9708,36251,"Klein, Christiansen and Nitzsche",06/11/2024
347,Irvine,Verzey,iverzey9m@slate.com,Polygender,1994,BMW,5 Series,Bloomington,Indiana,47405,US,39.1682,-86.5186,95771,Greenfelder-Shields,10/21/2025
348,Chauncey,Aggas,caggas9n@behance.net,Male,2006,Hyundai,Tucson,Mobile,Alabama,36628,US,30.6589,-88.178,98823,Kertzmann Group,08/20/2022
349,Maridel,Elliot,melliot9o@furl.net,Female,2005,Suzuki,Grand Vitara,Cedar Rapids,Iowa,52410,US,42.0794,-91.5992,99928,Mosciski-Dach,06/03/2024
350,Rhea,Haddleton,rhaddleton9p@columbia.edu,Female,2008,Kia,Carens,Toledo,Ohio,43656,US,41.6782,-83.4972,54773,Kassulke and Sons,03/17/2023
351,Verena,Avramchik,vavramchik9q@quantcast.com,Female,2006,Lincoln,LS,Philadelphia,Pennsylvania,19093,US,40.0018,-75.1179,64013,"Bartoletti, Lueilwitz and Mayert",01/16/2023
352,Reube,Linsey,rlinsey9r@auda.org.au,Male,1964,Ford,Mustang,Springfield,Illinois,62711,US,39.7655,-89.7293,61477,Dickinson LLC,07/09/2022
353,Farr,Mummery,fmummery9s@state.tx.us,Male,1991,Volkswagen,Jetta,Miami Beach,Florida,33141,US,25.8486,-80.1446,32955,"Huels, Terry and Hartmann",02/19/2023
354,Tilly,Mellings,tmellings9t@reverbnation.com,Female,2004,Holden,Monaro,South Lake Tahoe,California,96154,US,38.8753,-120.0188,93036,"Weissnat, Schmitt and Keeling",03/22/2022
355,Kit,Metcalfe,kmetcalfe9u@github.com,Male,2003,GMC,Sierra 1500,Miami,Florida,33233,US,25.5584,-80.4582,59137,"Schulist, DuBuque and Hoppe",05/28/2024
356,Lacey,Lloyds,llloyds9v@foxnews.com,Non-binary,1999,Buick,Riviera,Wichita Falls,Texas,76305,US,33.9995,-98.3938,67042,Greenfelder-Ankunding,04/20/2022
357,Gray,Flegg,gflegg9w@ed.gov,Female,1994,Mitsubishi,3000GT,Gulfport,Mississippi,39505,US,30.4158,-89.0684,36355,Mills-Haley,01/25/2026
358,Durand,Stivani,dstivani9x@ocn.ne.jp,Male,1998,Toyota,Corolla,Sacramento,California,94257,US,38.3774,-121.4444,64406,Hickle Inc,03/28/2022
359,Kristian,Skerman,kskerman9y@bloglines.com,Male,1992,Dodge,Ram Van B350,Louisville,Kentucky,40256,US,38.189,-85.6768,52059,Lowe LLC,07/31/2022
360,Clementine,McEvay,cmcevay9z@nasa.gov,Female,1985,Pontiac,6000,Richmond,Virginia,23272,US,37.5242,-77.4932,38918,Botsford LLC,08/22/2025
361,Gayel,Neat,gneata0@sourceforge.net,Female,2010,Chevrolet,Express 1500,Dayton,Ohio,45490,US,39.7505,-84.2686,40376,Schumm-Ziemann,05/15/2024
362,Alva,Isakowicz,aisakowicza1@engadget.com,Genderqueer,1997,Chevrolet,3500,Boise,Idaho,83757,US,43.4599,-116.244,47617,Gislason-Fisher,01/24/2026
363,Gabbie,Raffles,grafflesa2@sfgate.com,Female,2006,Lexus,ES,Dallas,Texas,75236,US,32.69,-96.9177,45564,Homenick-Dicki,03/24/2022
364,Beltran,Ploughwright,bploughwrighta3@bloglines.com,Male,2012,Toyota,Corolla,Washington,District of Columbia,20088,US,38.8933,-77.0146,63112,Rodriguez Inc,10/22/2025
365,Jourdan,Lomasney,jlomasneya4@ucla.edu,Female,2008,Nissan,Rogue,Trenton,New Jersey,08650,US,40.2805,-74.712,58370,"Vandervort, Mertz and Kuhic",02/26/2024
366,Bailey,McManamen,bmcmanamena5@mapy.cz,Male,2010,Audi,A5,Duluth,Minnesota,55805,US,46.7987,-92.0946,97077,Upton-Reichel,06/20/2024
367,Raquela,Nestle,rnestlea6@google.com.au,Female,2008,Mercedes-Benz,SLR McLaren,Vancouver,Washington,98664,US,45.6231,-122.5767,46609,Gleason-Herman,07/04/2022
368,Morley,Elderkin,melderkina7@unc.edu,Male,1994,Jeep,Cherokee,Lawrenceville,Georgia,30245,US,33.9464,-83.9912,54908,"Ernser, Green and Harber",02/08/2022
369,Winifield,Rosenau,wrosenaua8@amazon.de,Male,2009,Ford,F450,Lincoln,Nebraska,68583,US,40.7845,-96.6888,86537,"Daniel, Brekke and Rolfson",12/01/2024
370,Garold,Russam,grussama9@guardian.co.uk,Male,2001,Mercury,Mountaineer,Syracuse,New York,13205,US,43.0123,-76.1452,92902,Hickle-Harris,10/09/2023
371,Sanders,Ridler,sridleraa@disqus.com,Male,2005,Ford,E150,Lima,Ohio,45807,US,40.7955,-84.1383,42848,"Von, Funk and Frami",10/29/2024
372,Chrissy,Egalton,cegaltonab@fc2.com,Polygender,1990,Mitsubishi,Precis,Baton Rouge,Louisiana,70826,US,30.5159,-91.0804,38352,Kiehn-Hettinger,11/01/2022
373,Layla,Lanfare,llanfareac@google.com,Female,2002,BMW,M,Sacramento,California,94263,US,38.3774,-121.4444,69282,"Stracke, Pacocha and Raynor",12/16/2023
374,Hamid,Babcock,hbabcockad@free.fr,Male,2007,Mercedes-Benz,S-Class,Saint Augustine,Florida,32092,US,29.9475,-81.5264,55887,"Williamson, Schuster and Boyer",01/05/2025
375,Tedman,Marchington,tmarchingtonae@squidoo.com,Male,2012,Volkswagen,Eos,Honolulu,Hawaii,96840,US,21.3068,-157.8607,31632,Langworth and Sons,06/23/2025
376,Orbadiah,Woolveridge,owoolveridgeaf@weather.com,Male,2001,Chevrolet,S10,Phoenix,Arizona,85040,US,33.4061,-112.0265,54663,Murazik LLC,08/14/2023
377,Lorain,Hamblen,lhamblenag@amazon.co.uk,Female,1998,Subaru,Forester,Hartford,Connecticut,06152,US,41.7918,-72.7188,40984,Gusikowski-Dicki,08/03/2022
378,Francene,Eul,feulah@wikimedia.org,Bigender,1987,Buick,LeSabre,Peoria,Illinois,61614,US,40.7681,-89.6026,94630,"Daugherty, Kulas and Hilll",01/17/2026
379,Thacher,Railton,trailtonai@cloudflare.com,Male,2007,Mazda,Mazda5,Mesquite,Texas,75185,US,32.7403,-96.5618,80902,"Kemmer, Bergstrom and Ebert",01/21/2025
380,Thekla,Benz,tbenzaj@ucla.edu,Female,1999,Lamborghini,Diablo,Houston,Texas,77035,US,29.6518,-95.4854,36376,"Schultz, Willms and Ritchie",10/17/2024
381,Robin,Danieli,rdanieliak@google.ru,Male,1994,Mitsubishi,Mighty Max Macro,Dallas,Texas,75221,US,32.8147,-96.7877,60708,"Bernhard, Yost and Cronin",01/22/2024
382,Chelsey,Kerswell,ckerswellal@mac.com,Female,2000,Ford,Th!nk,Sacramento,California,95828,US,38.4826,-121.4006,51701,Romaguera-Prosacco,06/14/2022
383,Loise,Dakin,ldakinam@bigcartel.com,Polygender,2007,Mercedes-Benz,SLR McLaren,Kalamazoo,Michigan,49048,US,42.3189,-85.5152,76418,"Hane, Wolf and Barrows",05/14/2024
384,Karalee,Stanwix,kstanwixan@soundcloud.com,Female,2003,Pontiac,Vibe,San Antonio,Texas,78225,US,29.3875,-98.5245,33280,VonRueden-Hudson,03/06/2023
385,Ambrosi,Kinworthy,akinworthyao@nyu.edu,Male,2009,Volvo,S80,Tulsa,Oklahoma,74149,US,36.1398,-96.0297,47624,"Turner, Gerhold and Bergnaum",09/17/2022
386,Aloysius,Trevers,atreversap@globo.com,Male,1996,Oldsmobile,Ciera,San Jose,California,95138,US,37.2602,-121.7709,32784,"Gorczany, Prosacco and Bins",07/07/2023
387,Arty,Bradbury,abradburyaq@dagondesign.com,Male,2011,Volkswagen,Golf,Norfolk,Virginia,23504,US,36.8586,-76.2686,54725,"Cummerata, Stehr and Zieme",05/14/2025
388,Shaughn,Dellenbach,sdellenbachar@purevolume.com,Male,2002,Nissan,Sentra,Dearborn,Michigan,48126,US,42.3349,-83.1801,56959,"Koch, Hyatt and Kirlin",01/13/2023
389,Nessy,Nise,nniseas@people.com.cn,Female,2001,Infiniti,G,Washington,District of Columbia,20057,US,38.8933,-77.0146,58946,Ruecker-Konopelski,12/18/2025
390,Josias,Nowlan,jnowlanat@psu.edu,Male,2011,Mazda,Mazda6,Washington,District of Columbia,20456,US,38.8981,-77.0401,62599,Labadie Group,02/02/2025
391,Trudi,Rushe,trusheau@wikispaces.com,Female,2007,Dodge,Dakota,Fort Wayne,Indiana,46805,US,41.0977,-85.1189,57567,Grant-Jast,06/14/2023
392,Jenn,Le land,jlelandav@sakura.ne.jp,Female,2008,Isuzu,i-Series,Largo,Florida,34643,US,27.881,-82.7619,46368,"Purdy, Russel and Kiehn",02/09/2025
393,Morlee,Malden,mmaldenaw@elpais.com,Male,2007,GMC,Canyon,Clearwater,Florida,34629,US,27.9654,-82.8001,94317,Wilderman and Sons,08/29/2025
394,Abdel,Linck,alinckax@dailymail.co.uk,Male,1993,Mazda,Navajo,Longview,Texas,75605,US,32.5547,-94.7767,44865,Runolfsson Group,02/22/2023
395,Rouvin,Wiggans,rwiggansay@facebook.com,Genderqueer,1998,Dodge,Ram 1500 Club,San Antonio,Texas,78260,US,29.7026,-98.4759,75097,Kub and Sons,02/04/2023
396,Antonia,Jacques,ajacquesaz@chicagotribune.com,Female,2005,Mercedes-Benz,G-Class,Mountain View,California,94042,US,37.1894,-121.7053,94962,Wyman-Gleason,11/26/2022
397,Michele,Grut,mgrutb0@cbslocal.com,Female,2005,Mercedes-Benz,G-Class,Kalamazoo,Michigan,49006,US,42.2922,-85.633,41711,Fahey-Dooley,08/07/2023
398,Stevie,Gillease,sgilleaseb1@addtoany.com,Male,2008,Ford,F250,Phoenix,Arizona,85067,US,33.2765,-112.1872,65148,Sawayn and Sons,03/01/2024
399,Erwin,Gorring,egorringb2@reference.com,Male,2008,Honda,Accord,Philadelphia,Pennsylvania,19104,US,39.9597,-75.2024,67114,Yundt-Lehner,09/26/2024
400,Malva,Milbank,mmilbankb3@cmu.edu,Bigender,2006,Mitsubishi,Galant,Denver,Colorado,80255,US,39.7388,-104.4083,44864,Jast-Wiza,05/30/2023
401,Nigel,Portt,nporttb4@multiply.com,Male,1994,Pontiac,Bonneville,Orlando,Florida,32803,US,28.5559,-81.3535,74448,Terry Inc,03/13/2023
402,Jillian,Paolotto,jpaolottob5@home.pl,Genderfluid,2007,Cadillac,CTS-V,Gadsden,Alabama,35905,US,33.9352,-85.9576,53570,Morar-Ullrich,10/11/2023
403,Kittie,Garatty,kgarattyb6@squidoo.com,Female,2005,Ford,Mustang,San Diego,California,92165,US,33.0169,-116.846,87553,Wiegand and Sons,06/06/2023
404,Lotta,Bearsmore,lbearsmoreb7@deviantart.com,Female,1993,Acura,Integra,Meridian,Mississippi,39305,US,32.4401,-88.6783,82960,Donnelly-Schneider,05/23/2024
405,Westbrooke,Gutch,wgutchb8@github.com,Male,2005,Cadillac,CTS,El Paso,Texas,79950,US,31.6948,-106.3,38678,Daniel-Roberts,11/28/2023
406,Robbyn,Wedgbrow,rwedgbrowb9@blogs.com,Female,2007,Lincoln,Navigator,Kalamazoo,Michigan,49048,US,42.3189,-85.5152,86174,Walker-Kris,01/24/2023
407,Mickie,Cockley,mcockleyba@sun.com,Female,2002,Toyota,Sequoia,Glendale,California,91210,US,33.7866,-118.2987,35563,Rohan Inc,04/06/2024
408,Gigi,Edmeads,gedmeadsbb@redcross.org,Female,2009,Lexus,IS-F,Tulsa,Oklahoma,74184,US,36.1398,-96.0297,98056,Koss-Collier,05/27/2025
409,Wilhelmina,Shrigley,wshrigleybc@tuttocitta.it,Female,1998,Saab,9000,Dallas,Texas,75221,US,32.8147,-96.7877,92567,"West, Gleason and Pollich",06/30/2022
410,Waite,Astall,wastallbd@linkedin.com,Bigender,2010,Chevrolet,Express,Portland,Oregon,97221,US,45.4918,-122.7267,44531,Gusikowski-Lakin,06/04/2025
411,Arney,Stenners,astennersbe@ebay.com,Male,1997,Mitsubishi,Galant,San Francisco,California,94142,US,37.7848,-122.7278,69667,Kilback-Armstrong,04/25/2023
412,Chas,Brownsmith,cbrownsmithbf@earthlink.net,Male,1989,Audi,200,Washington,District of Columbia,20022,US,38.945,-77.0364,47711,Smitham Inc,11/30/2022
413,Dusty,Crampsey,dcrampseybg@php.net,Female,2009,Chevrolet,Tahoe,Austin,Texas,78789,US,30.3264,-97.7713,44776,Koepp and Sons,12/21/2024
414,Reidar,Greatbach,rgreatbachbh@google.cn,Male,1994,Ford,Escort,Atlanta,Georgia,31190,US,33.7629,-84.4226,87078,"Quitzon, Veum and Conn",09/16/2024
415,Ody,Koopman,okoopmanbi@howstuffworks.com,Male,2008,Volvo,S40,Anaheim,California,92805,US,33.8359,-117.9086,66832,Spinka Group,06/29/2023
416,Dale,Housam,dhousambj@issuu.com,Male,2007,Ford,F250,Alexandria,Louisiana,71307,US,31.2034,-92.5269,45709,Nicolas Group,03/14/2025
417,Sansone,Antuk,santukbk@artisteer.com,Male,1998,Suzuki,X-90,Kansas City,Kansas,66112,US,39.116,-94.764,87305,"Bruen, Stiedemann and Douglas",07/24/2024
418,Dickie,Blatherwick,dblatherwickbl@army.mil,Agender,2009,Nissan,Xterra,Alexandria,Virginia,22333,US,38.8158,-77.09,61278,Langworth LLC,04/01/2022
419,Kylie,Duplan,kduplanbm@wsj.com,Male,2009,Scion,tC,Lincoln,Nebraska,68583,US,40.7845,-96.6888,82267,"Cartwright, Smitham and Ratke",12/19/2022
420,Aube,Lomaz,alomazbn@hubpages.com,Male,2005,BMW,X3,Chandler,Arizona,85246,US,33.2765,-112.1872,81620,"Kulas, Hamill and Bartoletti",11/24/2025
421,Esra,Phin,ephinbo@weebly.com,Agender,2009,Ford,F250,Honolulu,Hawaii,96840,US,21.3068,-157.8607,49798,Veum LLC,03/24/2022
422,Sol,Butterworth,sbutterworthbp@tuttocitta.it,Male,1985,Mazda,RX-7,Newport Beach,California,92662,US,33.6062,-117.8931,58569,Feest LLC,10/29/2022
423,Merrielle,Dean,mdeanbq@ca.gov,Female,2004,Mazda,MPV,Tampa,Florida,33673,US,27.872,-82.4388,53756,"Kiehn, Walter and Borer",05/17/2022
424,Cody,Work,cworkbr@mail.ru,Male,1994,Geo,Tracker,Washington,District of Columbia,20231,US,38.8933,-77.0146,87395,"Blanda, Spinka and Lehner",04/06/2022
425,Paddie,Yablsley,pyablsleybs@shinystat.com,Male,2006,Mitsubishi,Galant,Newton,Massachusetts,02162,US,42.3319,-71.254,70326,"Roob, Batz and Bashirian",11/29/2024
426,Kenneth,Bartolomieu,kbartolomieubt@wikia.com,Male,2010,Chevrolet,Traverse,Carson City,Nevada,89714,US,39.1678,-119.7764,91899,"Swaniawski, Cronin and Bernhard",07/22/2022
427,Van,Roakes,vroakesbu@sun.com,Male,2000,Saab,9-3,Denver,Colorado,80204,US,39.734,-105.0259,50412,Legros Inc,02/07/2023
428,Marmaduke,Assender,massenderbv@ca.gov,Male,2008,Isuzu,i-370,Ogden,Utah,84409,US,41.2553,-111.9567,94579,"Welch, Schmidt and Lesch",07/05/2023
429,Temp,Shuker,tshukerbw@creativecommons.org,Male,2001,GMC,Savana 3500,Tyler,Texas,75705,US,32.3766,-95.1252,59150,Morar LLC,10/11/2025
430,Carrissa,Blazewski,cblazewskibx@wikimedia.org,Female,2010,GMC,Sierra,Honolulu,Hawaii,96820,US,21.351,-157.8795,72165,Turcotte-Waelchi,04/05/2022
431,Bridget,Wyne,bwyneby@opera.com,Agender,2001,Mercury,Mountaineer,Tacoma,Washington,98447,US,47.1441,-122.4434,61905,"Rogahn, Schuppe and Wunsch",08/03/2022
432,Wilfrid,Bech,wbechbz@sbwire.com,Male,2009,Ford,Ranger,Kalamazoo,Michigan,49006,US,42.2922,-85.633,48826,Kilback Inc,02/18/2025
433,Maryjane,Chatband,mchatbandc0@goo.gl,Female,2008,Bentley,Continental Flying Spur,Cumming,Georgia,30130,US,34.2216,-84.1537,97763,"Heaney, Cummerata and Rowe",09/20/2025
434,Mikaela,Hammerberger,mhammerbergerc1@psu.edu,Female,1989,Suzuki,SJ,Colorado Springs,Colorado,80940,US,38.8247,-104.562,51930,"Stiedemann, Boehm and Rippin",04/01/2022
435,Theressa,Imlin,timlinc2@dailymail.co.uk,Female,2007,Hyundai,Santa Fe,Austin,Texas,78715,US,30.4501,-97.4865,98201,Doyle Group,09/24/2024
436,Verine,Reimer,vreimerc3@phpbb.com,Female,2008,Mercedes-Benz,E-Class,Albany,New York,12237,US,42.6149,-73.9708,83493,Breitenberg-Boehm,02/27/2023
437,Tonie,Vidyapin,tvidyapinc4@imgur.com,Female,2004,Chrysler,PT Cruiser,Huntington,West Virginia,25716,US,38.4134,-82.2774,55989,"Nitzsche, Balistreri and Johnston",11/03/2023
438,Sabina,Pharo,spharoc5@jigsy.com,Female,2012,Mercedes-Benz,E-Class,Milwaukee,Wisconsin,53277,US,43.0389,-87.9024,79686,Flatley-Torphy,03/30/2023
439,Paule,Laird-Craig,plairdcraigc6@washington.edu,Female,1999,Chevrolet,Tahoe,Henderson,Nevada,89012,US,36.0119,-115.0433,61822,Kiehn-Kiehn,04/15/2024
440,Debra,Hirche,dhirchec7@reference.com,Female,2012,Volkswagen,CC,Amarillo,Texas,79188,US,35.1885,-101.8165,72368,"Mraz, Schaefer and Marvin",01/23/2024
441,Costanza,Poxson,cpoxsonc8@wunderground.com,Agender,1996,Nissan,300ZX,Palatine,Illinois,60078,US,41.8119,-87.6873,55258,Littel and Sons,10/08/2022
442,Mahalia,Bennington,mbenningtonc9@about.me,Female,2012,Porsche,Cayman,Carson City,Nevada,89706,US,39.2025,-119.7526,97165,Franecki LLC,12/20/2023
443,Bogart,Brotheridge,bbrotheridgeca@hud.gov,Bigender,2009,Chevrolet,Express 3500,Pittsburgh,Pennsylvania,15255,US,40.4344,-80.0248,96410,"Schneider, Rolfson and Denesik",10/26/2022
444,Ailis,Erley,aerleycb@w3.org,Female,2006,Honda,Accord,Seattle,Washington,98148,US,47.4441,-122.3249,59804,"Hudson, Kovacek and Nitzsche",10/31/2024
445,Bret,Sansam,bsansamcc@ed.gov,Male,1996,Land Rover,Range Rover,Houston,Texas,77055,US,29.7971,-95.4958,42292,Schuster LLC,07/19/2024
446,Kermit,Tatum,ktatumcd@slashdot.org,Male,1999,GMC,Savana 1500,San Antonio,Texas,78260,US,29.7026,-98.4759,30723,"Willms, Davis and Swaniawski",01/10/2026
447,Malissa,Simons,msimonsce@studiopress.com,Female,1996,Ford,Ranger,Fresno,California,93721,US,36.7377,-119.7843,50656,"Kutch, Bartell and Kub",03/08/2023
448,Vin,Kivits,vkivitscf@nsw.gov.au,Female,1995,Mitsubishi,Pajero,Waterbury,Connecticut,06721,US,41.3657,-72.9275,54865,"Rutherford, Goyette and Powlowski",05/02/2025
449,Dalston,Littler,dlittlercg@oaic.gov.au,Male,1992,Mitsubishi,Mighty Max,Norcross,Georgia,30092,US,33.9677,-84.2438,60165,"Durgan, Windler and Adams",04/07/2023
450,Shannon,Elstub,selstubch@mashable.com,Female,2001,Dodge,Dakota,San Jose,California,95128,US,37.3163,-121.9356,53489,Okuneva and Sons,11/11/2022
451,Efren,Tolussi,etolussici@unblog.fr,Male,2011,Lexus,GX,Saint Joseph,Missouri,64504,US,39.7076,-94.8677,36826,Bradtke LLC,08/01/2022
452,Lem,Hungerford,lhungerfordcj@businessinsider.com,Male,2010,Honda,CR-V,New York City,New York,10060,US,40.7808,-73.9772,69726,Schimmel-Goodwin,09/04/2025
453,Lura,Simonsson,lsimonssonck@china.com.cn,Female,1985,Mazda,RX-7,Cleveland,Ohio,44185,US,41.6857,-81.6728,80120,Stokes-Moen,08/27/2023
454,Averil,Ballsdon,aballsdoncl@aol.com,Female,2011,Chevrolet,Silverado 3500,Paterson,New Jersey,07522,US,40.9252,-74.1781,75600,Ondricka-Boyer,03/19/2024
455,Niki,Church,nchurchcm@netvibes.com,Female,2011,Ford,F-Series,New York City,New York,10019,US,40.7651,-73.9858,60368,Wyman Inc,11/13/2024
456,Ilka,Schapero,ischaperocn@dot.gov,Female,1995,Mitsubishi,Mirage,New Orleans,Louisiana,70149,US,30.033,-89.8826,46171,"Daniel, Klocko and Kirlin",09/07/2025
457,Clari,McEnteggart,cmcenteggartco@weibo.com,Female,1984,Mercury,Marquis,Young America,Minnesota,55564,US,44.8055,-93.7665,73141,Goodwin-Lueilwitz,03/23/2025
458,Dalton,Baelde,dbaeldecp@gravatar.com,Male,2003,Chevrolet,Venture,Newport Beach,California,92662,US,33.6062,-117.8931,77276,Glover Group,02/26/2022
459,Randie,Trahmel,rtrahmelcq@bravesites.com,Female,1995,Volkswagen,Jetta III,Portland,Oregon,97271,US,45.5806,-122.3748,72371,"Schinner, Bosco and Schiller",03/10/2025
460,Georgianne,Wickwar,gwickwarcr@samsung.com,Female,2008,Acura,TSX,San Antonio,Texas,78235,US,29.3494,-98.4422,41330,"Mueller, Tillman and Jast",08/21/2024
461,Kamillah,Cradey,kcradeycs@hibu.com,Female,2006,Honda,Civic,Saginaw,Michigan,48609,US,43.3869,-84.0926,82805,"Hackett, Lemke and Rodriguez",05/30/2022
462,Hulda,Antosch,hantoschct@sitemeter.com,Female,2010,Nissan,Sentra,Indianapolis,Indiana,46221,US,39.7509,-86.1924,88387,Hartmann-Spencer,05/23/2024
463,Giovanna,Brevetor,gbrevetorcu@bluehost.com,Female,1998,Dodge,Dakota,Harrisburg,Pennsylvania,17126,US,40.2618,-76.88,48715,Renner-Dare,10/28/2024
464,Dot,Airth,dairthcv@tinypic.com,Female,2000,Chevrolet,2500,Colorado Springs,Colorado,80951,US,38.8881,-104.6556,95197,Gusikowski-Johnson,10/27/2023
465,Chalmers,O'Tierney,cotierneycw@godaddy.com,Male,1970,Chevrolet,Camaro,Shreveport,Louisiana,71161,US,32.6076,-93.7526,80139,Walsh and Sons,05/30/2022
466,Baron,Weber,bwebercx@nba.com,Male,2002,Ford,Explorer,Rochester,New York,14624,US,43.1216,-77.7311,36337,"Kunde, Bergstrom and Muller",11/16/2023
467,Torr,Lack,tlackcy@slate.com,Male,1999,Chevrolet,Silverado 1500,Visalia,California,93291,US,36.3551,-119.301,53551,"Marks, Ryan and Price",07/20/2025
468,Frankie,Estabrook,festabrookcz@nasa.gov,Female,2000,Dodge,Avenger,El Paso,Texas,79999,US,31.6948,-106.3,98622,Adams and Sons,03/23/2025
469,Carolyn,Sheppey,csheppeyd0@privacy.gov.au,Female,1992,Mitsubishi,Mighty Max,Houston,Texas,77095,US,29.8941,-95.6481,60012,Russel LLC,04/15/2022
470,Claiborn,Kelcher,ckelcherd1@mit.edu,Male,1991,Mitsubishi,Mirage,Sacramento,California,95894,US,38.5816,-121.4933,36081,"Jerde, Block and King",08/10/2023
471,Archibald,Scoyles,ascoylesd2@mapy.cz,Male,1994,Subaru,Alcyone SVX,Hartford,Connecticut,06145,US,41.7918,-72.7188,92227,Durgan LLC,05/02/2024
472,Avrom,Foran,aforand3@census.gov,Male,2005,Toyota,4Runner,Washington,District of Columbia,20268,US,38.8933,-77.0146,82254,Cummings and Sons,06/22/2022
473,Michal,Cottrill,mcottrilld4@ed.gov,Male,1994,Dodge,Ram Van B350,Stockton,California,95219,US,38.01,-121.3698,83036,Flatley LLC,11/27/2024
474,Eda,Baxendale,ebaxendaled5@bravesites.com,Female,2007,Dodge,Caliber,Aurora,Colorado,80045,US,39.7467,-104.8384,37330,Rohan-Wiegand,03/02/2024
475,Gabriela,Lettson,glettsond6@symantec.com,Female,2002,Toyota,Tundra,Simi Valley,California,93094,US,34.0324,-119.1343,75742,Nicolas-Parisian,12/31/2024
476,Kylie,Toleman,ktolemand7@printfriendly.com,Male,1992,Chrysler,Imperial,Montgomery,Alabama,36109,US,32.3834,-86.2434,35003,Green-Hettinger,01/15/2026
477,Glori,Clemas,gclemasd8@usatoday.com,Female,2010,Land Rover,LR2,El Paso,Texas,88579,US,31.6948,-106.3,55675,Rowe Inc,10/04/2025
478,Brantley,Royden,broydend9@linkedin.com,Non-binary,1989,Mazda,929,Torrance,California,90505,US,33.8106,-118.3507,36594,"Corkery, Lynch and Walter",10/05/2025
479,Artair,Trubshawe,atrubshaweda@businessinsider.com,Male,2012,Lexus,LS Hybrid,Washington,District of Columbia,20508,US,38.8933,-77.0146,85798,Torphy and Sons,08/18/2022
480,Dominique,Meah,dmeahdb@intel.com,Polygender,1991,Buick,Century,Irving,Texas,75062,US,32.8479,-96.974,42442,McGlynn Group,01/13/2023
481,Ruby,Izzett,rizzettdc@1688.com,Female,2005,Toyota,Solara,Houston,Texas,77010,US,29.7543,-95.3609,63624,Satterfield-Davis,05/27/2024
482,Alwin,Lorente,alorentedd@ebay.com,Male,2010,Mitsubishi,Endeavor,Brockton,Massachusetts,02305,US,41.9705,-70.7014,71294,Mertz-Robel,07/29/2025
483,Basil,Sumsion,bsumsionde@princeton.edu,Male,1999,Mitsubishi,Mirage,Saint Cloud,Minnesota,56398,US,45.5289,-94.5933,80133,"Schaefer, Schneider and Daniel",09/17/2025
484,Nickie,Watkin,nwatkindf@bluehost.com,Male,1997,Plymouth,Prowler,Washington,District of Columbia,20238,US,38.8933,-77.0146,42886,"Torphy, Lowe and Bogan",11/17/2023
485,Clayborne,Creffield,ccreffielddg@wired.com,Male,1996,GMC,2500,Jamaica,New York,11470,US,40.6914,-73.8061,44701,Lowe-Bartoletti,06/22/2022
486,Vida,Fooks,vfooksdh@dagondesign.com,Female,1984,Mitsubishi,Starion,Springfield,Massachusetts,01152,US,42.1707,-72.6048,30156,Beier Inc,02/08/2023
487,Ollie,Edinburgh,oedinburghdi@dmoz.org,Male,2011,Scion,xD,El Paso,Texas,88535,US,31.6948,-106.3,94991,Casper and Sons,03/21/2022
488,Emelda,Nisuis,enisuisdj@cbslocal.com,Female,2005,Chevrolet,Classic,Pittsburgh,Pennsylvania,15274,US,40.4344,-80.0248,73080,"Rogahn, Jakubowski and Renner",03/29/2025
489,Cece,Stokey,cstokeydk@csmonitor.com,Male,2012,Audi,Q5,Springfield,Massachusetts,01129,US,42.1223,-72.4876,84386,"McGlynn, Gulgowski and Kerluke",11/02/2025
490,Julius,Edscer,jedscerdl@toplist.cz,Male,2007,Chevrolet,Malibu,Lafayette,Louisiana,70505,US,30.2023,-92.0188,62826,"Hayes, Schmidt and Stehr",06/10/2024
491,Salem,Mace,smacedm@dyndns.org,Male,1991,Subaru,Legacy,Omaha,Nebraska,68179,US,41.2917,-96.1711,30085,"Ritchie, Schneider and Wolf",02/20/2022
492,Erin,Jealous,ejealousdn@aboutads.info,Female,2008,Volkswagen,Touareg,Fort Worth,Texas,76110,US,32.7065,-97.3375,79456,Reichel and Sons,01/15/2023
493,Dallas,Margarson,dmargarsondo@cbsnews.com,Male,1996,GMC,3500 Club Coupe,Hampton,Virginia,23668,US,37.0206,-76.3377,60392,Barrows-Deckow,02/09/2023
494,Christye,Odd,codddp@chron.com,Female,1998,Toyota,Sienna,Clearwater,Florida,34629,US,27.9654,-82.8001,75620,Olson LLC,06/24/2023
495,Torrie,Tremelling,ttremellingdq@bbc.co.uk,Female,2003,Mercury,Sable,South Lake Tahoe,California,96154,US,38.8753,-120.0188,92117,Medhurst-Zemlak,09/17/2024
496,Noam,Campana,ncampanadr@bigcartel.com,Male,1993,Lamborghini,Diablo,Arlington,Virginia,22225,US,38.8808,-77.113,69087,Hintz Inc,08/02/2025
497,Morry,Clemmey,mclemmeyds@miitbeian.gov.cn,Male,2009,Ford,Explorer,New Bedford,Massachusetts,02745,US,41.6913,-70.9355,59597,"VonRueden, West and Will",04/24/2023
498,Delilah,Zielinski,dzielinskidt@chronoengine.com,Female,1993,Mercedes-Benz,300SL,Vero Beach,Florida,32969,US,27.709,-80.5726,62982,Bednar Inc,08/11/2022
499,Linus,Jammes,ljammesdu@wisc.edu,Male,1992,Ford,Econoline E350,Oakland,California,94611,US,37.8471,-122.2223,69863,Lehner Inc,12/29/2024
500,Petrina,Piddington,ppiddingtondv@apache.org,Female,2007,Bentley,Continental GT,Aurora,Colorado,80015,US,39.6255,-104.7874,33621,Goodwin-O'Keefe,02/22/2023
501,Goddart,Ashlee,gashleedw@chicagotribune.com,Male,2006,Cadillac,SRX,Bakersfield,California,93305,US,35.3855,-118.986,30839,Metz-Lemke,01/03/2025
502,Pepita,Matejic,pmatejicdx@discuz.net,Female,2009,Cadillac,SRX,Miami,Florida,33169,US,25.9441,-80.2144,58033,Schamberger-Ratke,02/06/2023
503,Meriel,Itzcak,mitzcakdy@hud.gov,Female,2005,Ford,F150,Macon,Georgia,31217,US,32.8118,-83.565,45227,"Rutherford, McCullough and Moore",04/04/2022
504,Verge,Mangeney,vmangeneydz@baidu.com,Male,1993,Mazda,MX-5,Newport News,Virginia,23612,US,37.1959,-76.5248,92548,"Cummerata, Wolf and Feil",08/27/2023
505,Nicol,Ruddoch,nruddoche0@csmonitor.com,Male,1976,Volkswagen,Golf,Houston,Texas,77218,US,29.834,-95.4342,33749,Barrows Group,09/05/2023
506,Mozes,Brimblecombe,mbrimblecombee1@answers.com,Male,2012,Chevrolet,Camaro,Houston,Texas,77060,US,29.9335,-95.3981,72973,McKenzie-O'Hara,10/04/2022
507,Una,Ruddell,uruddelle2@ow.ly,Genderfluid,2011,Aston Martin,Virage,Hartford,Connecticut,06105,US,41.7691,-72.701,51593,Strosin-Ebert,09/23/2023
508,Glenn,Glaister,gglaistere3@sciencedirect.com,Female,1996,Honda,Civic,Oklahoma City,Oklahoma,73152,US,35.5514,-97.4075,92557,"Daniel, Ernser and Gorczany",04/23/2024
509,Pearl,Keysel,pkeysele4@desdev.cn,Bigender,1962,Buick,Special,Milwaukee,Wisconsin,53225,US,43.1154,-88.0346,39543,Jones Group,01/16/2023
510,Tedie,Bale,tbalee5@fc2.com,Male,1997,Suzuki,Swift,Northridge,California,91328,US,33.7866,-118.2987,53056,Cummerata Group,03/18/2024
511,Valma,Fardon,vfardone6@jugem.jp,Female,2004,Dodge,Ram 1500,Wichita,Kansas,67260,US,37.7194,-97.2936,96214,Abernathy-Crona,03/26/2025
512,Consuelo,Normaville,cnormavillee7@mozilla.org,Female,2012,Nissan,GT-R,Columbus,Ohio,43220,US,40.0495,-83.0669,63655,Schuster-Tillman,06/15/2022
513,Tye,Ommundsen,tommundsene8@princeton.edu,Male,1998,Honda,Civic,Brooklyn,New York,11254,US,40.6451,-73.945,60460,Fahey Inc,01/27/2023
514,Felipa,Thornham,fthornhame9@wikispaces.com,Non-binary,1994,Ford,Escort,Chicago,Illinois,60681,US,41.8119,-87.6873,80210,Gibson-Ryan,09/04/2025
515,Silvie,Phelps,sphelpsea@bbc.co.uk,Female,1986,Mitsubishi,Truck,Anchorage,Alaska,99522,US,61.1089,-149.4403,49295,"Prohaska, Bosco and Hartmann",03/14/2023
516,Bunni,Julian,bjulianeb@studiopress.com,Female,1974,Pontiac,GTO,Asheville,North Carolina,28805,US,35.6004,-82.4918,81780,Smith Inc,04/23/2025
517,Maitilde,Scotson,mscotsonec@cocolog-nifty.com,Female,1990,Mercury,Sable,South Bend,Indiana,46699,US,41.5968,-86.293,63774,Okuneva-Mueller,04/29/2025
518,Cayla,Lockitt,clockitted@sakura.ne.jp,Female,2008,Hummer,H3,Monroe,Louisiana,71213,US,32.4908,-92.1594,48388,"Williamson, Pfeffer and Trantow",11/30/2025
519,Carolina,Illingworth,cillingworthee@skyrock.com,Female,2008,Pontiac,Torrent,London,Kentucky,40745,US,37.1376,-84.1156,74024,Klocko LLC,09/06/2025
520,Dona,Mutter,dmutteref@fastcompany.com,Female,2005,Mercedes-Benz,SLR McLaren,Boise,Idaho,83711,US,43.4599,-116.244,82856,Graham LLC,01/14/2026
521,Warde,Bromidge,wbromidgeeg@latimes.com,Male,2011,Chevrolet,Avalanche,Los Angeles,California,90010,US,34.0606,-118.3027,44153,O'Hara LLC,05/06/2023
522,Ofilia,Brinicombe,obrinicombeeh@booking.com,Female,1984,Mercury,Lynx,Bakersfield,California,93305,US,35.3855,-118.986,77122,Jerde-Ankunding,05/03/2025
523,Sharai,Alloisi,salloisiei@hexun.com,Bigender,1989,Pontiac,Grand Prix,El Paso,Texas,88579,US,31.6948,-106.3,73415,"Bailey, Bartell and Sporer",07/09/2024
524,Toma,McNeigh,tmcneighej@state.gov,Female,1997,GMC,Yukon,Washington,District of Columbia,20078,US,38.8933,-77.0146,95245,Kub Group,04/08/2022
525,Benedikta,Standen,bstandenek@ox.ac.uk,Female,1979,Buick,Riviera,Kissimmee,Florida,34745,US,27.9953,-81.2593,89865,Hilll-Hoppe,09/10/2022
526,Hal,Portingale,hportingaleel@bbc.co.uk,Male,1994,Mercedes-Benz,SL-Class,San Jose,California,95128,US,37.3163,-121.9356,55050,Zulauf Inc,07/18/2025
527,Raff,Ottewell,rottewellem@dailymail.co.uk,Non-binary,2011,Honda,Element,Huntington,West Virginia,25711,US,38.4134,-82.2774,73346,"Kertzmann, Hahn and Kreiger",02/06/2022
528,Greer,Colville,gcolvilleen@indiatimes.com,Female,2007,Chevrolet,Uplander,New York City,New York,10292,US,40.7808,-73.9772,90411,Kuphal Inc,03/31/2023
529,Fanny,Jeppensen,fjeppenseneo@gizmodo.com,Female,2006,Toyota,Camry Solara,Harrisburg,Pennsylvania,17110,US,40.303,-76.8862,68150,"Sipes, Wuckert and Hansen",09/30/2025
530,Patsy,Gye,pgyeep@51.la,Female,2007,Suzuki,XL7,Muncie,Indiana,47306,US,40.2023,-85.4082,55516,"Considine, Gulgowski and Spencer",02/07/2023
531,Jacynth,Swaine,jswaineeq@freewebs.com,Female,1990,Ford,Bronco,Lake Charles,Louisiana,70607,US,30.1244,-93.1835,73998,Johnson-Aufderhar,09/12/2025
532,Jillana,Bibb,jbibber@google.cn,Female,1989,Mazda,B-Series,Battle Creek,Michigan,49018,US,42.2464,-85.0045,58474,Trantow Inc,08/23/2024
533,Tisha,Kerans,tkeranses@utexas.edu,Female,2009,Honda,Element,Homestead,Florida,33034,US,25.2846,-80.6246,76532,Hermann LLC,12/20/2025
534,Kath,Tromans,ktromanset@statcounter.com,Female,1973,Ford,Mustang,Tacoma,Washington,98464,US,47.0662,-122.1132,64943,Larson-Green,03/17/2022
535,Gardie,Camerana,gcameranaeu@hugedomains.com,Male,2012,Nissan,Xterra,San Diego,California,92121,US,32.8919,-117.2035,73162,Hilpert-Douglas,05/02/2024
536,Sallyann,Biddlestone,sbiddlestoneev@de.vu,Female,1992,Ford,Probe,Orlando,Florida,32808,US,28.5803,-81.4396,33433,Raynor-Schaefer,09/10/2025
537,Robenia,Jowers,rjowersew@free.fr,Female,1992,Toyota,Camry,Charlotte,North Carolina,28247,US,35.0656,-80.8511,73867,Kling-Gutmann,05/28/2023
538,Ann,Mackro,amackroex@marriott.com,Female,2006,Suzuki,Verona,Richmond,Virginia,23285,US,37.5242,-77.4932,52915,"Johnston, Rohan and Armstrong",05/27/2023
539,Barris,McIndoe,bmcindoeey@wiley.com,Male,1995,Audi,Cabriolet,Portland,Oregon,97255,US,45.5806,-122.3748,91725,"Wilderman, Rodriguez and Ratke",04/20/2022
540,Joanne,Benoit,jbenoitez@diigo.com,Female,2006,Spyker,C8 Double 12 S,Gadsden,Alabama,35905,US,33.9352,-85.9576,74170,Lang LLC,09/30/2025
541,Lorelei,Sich,lsichf0@yolasite.com,Bigender,2004,Volvo,S40,Concord,California,94522,US,37.7772,-121.9554,92672,Zieme LLC,12/14/2024
542,Marie-jeanne,Wayvill,mwayvillf1@studiopress.com,Female,2010,Honda,Element,Midland,Texas,79710,US,31.8693,-102.0317,66038,Kessler-Lubowitz,09/29/2025
543,Javier,Barber,jbarberf2@networkadvertising.org,Male,2004,Mitsubishi,Pajero,Colorado Springs,Colorado,80945,US,38.8247,-104.562,90050,Hudson-Nolan,03/26/2022
544,Orran,Gorvette,ogorvettef3@soundcloud.com,Male,1988,Mitsubishi,Chariot,Brooklyn,New York,11231,US,40.6794,-74.0014,80841,Bauch Inc,08/14/2023
545,Ursulina,Wakely,uwakelyf4@nytimes.com,Female,2006,Maybach,57,Saint Louis,Missouri,63116,US,38.5814,-90.2625,51186,Gleason-Huel,04/08/2024
546,Gabriellia,Gatheridge,ggatheridgef5@google.cn,Female,1998,Dodge,Ram 2500,Shreveport,Louisiana,71161,US,32.6076,-93.7526,95826,"Smith, Hermann and Mann",10/31/2023
547,Essa,Hearty,eheartyf6@yahoo.co.jp,Female,2003,Lexus,IS,Arlington,Texas,76004,US,32.7714,-97.2915,90562,Lemke Group,01/14/2026
548,Bo,Ciani,bcianif7@bbc.co.uk,Male,1993,Mazda,929,Chicago,Illinois,60604,US,41.8784,-87.633,56122,Schamberger-Mills,03/05/2023
549,Horst,Kiezler,hkiezlerf8@dell.com,Male,1992,Mitsubishi,Eclipse,Saint Petersburg,Florida,33742,US,27.8918,-82.7248,62730,"Labadie, Maggio and Cummerata",09/29/2023
550,Eugen,MacCook,emaccookf9@aboutads.info,Male,1999,Mazda,MX-5,Dallas,Texas,75397,US,32.7673,-96.7776,69962,Russel Inc,06/21/2023
551,Skell,Bentame,sbentamefa@vistaprint.com,Male,2011,Mercedes-Benz,GL-Class,Portland,Oregon,97271,US,45.5806,-122.3748,43206,"Moen, Bednar and O'Connell",01/08/2024
552,Hetti,Bilbrooke,hbilbrookefb@smugmug.com,Female,1990,Mazda,626,San Antonio,Texas,78225,US,29.3875,-98.5245,94290,Ziemann-Orn,05/27/2025
553,Andriana,Sandever,asandeverfc@ibm.com,Female,1975,Pontiac,Grand Prix,Little Rock,Arkansas,72204,US,34.7269,-92.344,46693,"McClure, Wiegand and Gulgowski",01/31/2022
554,Alberto,Baggiani,abaggianifd@psu.edu,Male,1991,Audi,90,Dallas,Texas,75246,US,32.7948,-96.7697,77017,Bosco-Mann,12/22/2023
555,Elroy,Cockram,ecockramfe@webmd.com,Male,1997,Oldsmobile,LSS,San Bernardino,California,92424,US,34.84,-115.9671,66949,Emard Inc,01/06/2023
556,Abelard,Leisk,aleiskff@independent.co.uk,Male,1984,Honda,CR-X,Madison,Wisconsin,53716,US,43.0631,-89.3133,83417,"Simonis, Considine and Prosacco",11/06/2025
557,Lazar,Paz,lpazfg@imgur.com,Male,1990,Buick,LeSabre,Tucson,Arizona,85743,US,32.3366,-111.1771,41157,"Bosco, Konopelski and Watsica",12/28/2023
558,Orville,Hebdon,ohebdonfh@salon.com,Male,1998,Lexus,GS,Cincinnati,Ohio,45228,US,39.0706,-84.4179,88670,Altenwerth-Heidenreich,09/08/2024
559,Loraine,Bulfit,lbulfitfi@uiuc.edu,Female,2003,BMW,745,Allentown,Pennsylvania,18105,US,40.6934,-75.4712,39699,"Emmerich, Spencer and Kreiger",11/10/2025
560,Sonnie,Coate,scoatefj@fda.gov,Bigender,2011,Dodge,Dakota,Milwaukee,Wisconsin,53277,US,43.0389,-87.9024,63799,"Zboncak, Dach and Kozey",08/15/2022
561,Jena,Bromby,jbrombyfk@timesonline.co.uk,Female,1993,Chrysler,Concorde,Florence,South Carolina,29505,US,34.1231,-79.6893,70968,Koelpin-Vandervort,11/25/2023
562,Karia,Airey,kaireyfl@admin.ch,Female,2006,Dodge,Stratus,Baltimore,Maryland,21290,US,39.2933,-76.6238,58233,Olson Inc,12/13/2025
563,Chandler,Sked,cskedfm@paginegialle.it,Male,2002,Kia,Rio,San Jose,California,95160,US,37.2187,-121.8601,95147,West Inc,02/13/2025
564,Indira,Crosen,icrosenfn@hud.gov,Female,1995,Nissan,Altima,New Orleans,Louisiana,70142,US,30.033,-89.8826,93948,"Beer, Hyatt and Doyle",09/25/2025
565,Hattie,Humfrey,hhumfreyfo@prlog.org,Female,1997,Geo,Prizm,Midland,Texas,79710,US,31.8693,-102.0317,74658,Considine Inc,10/19/2024
566,Abbott,Ballston,aballstonfp@blogger.com,Male,2009,Dodge,Durango,Wichita,Kansas,67205,US,37.7639,-97.4269,48952,"Becker, Fadel and Nader",12/16/2022
567,Mandel,Donn,mdonnfq@redcross.org,Male,2005,Kia,Rio,Fort Lauderdale,Florida,33336,US,26.1219,-80.1436,74859,"Stehr, Stoltenberg and Keeling",04/04/2025
568,Frederico,Houchen,fhouchenfr@4shared.com,Male,1993,Plymouth,Colt Vista,Syracuse,New York,13224,US,43.0421,-76.1046,95740,Pacocha-Boyer,06/24/2023
569,Leonhard,McGifford,lmcgiffordfs@oakley.com,Male,2007,Dodge,Caravan,Lynchburg,Virginia,24503,US,37.4376,-79.205,56749,"Stroman, Dickinson and Kassulke",10/14/2023
570,Florette,Lindner,flindnerft@dmoz.org,Female,2005,Chevrolet,Corvette,Baton Rouge,Louisiana,70805,US,30.486,-91.1481,50482,Doyle LLC,03/24/2023
571,Cloris,Bondar,cbondarfu@wsj.com,Bigender,2010,Nissan,Altima,Paterson,New Jersey,07544,US,41.0114,-74.3048,99062,"Walker, Lakin and Orn",03/11/2023
572,Clarke,Dyster,cdysterfv@geocities.jp,Male,1992,Audi,80,Orlando,Florida,32891,US,28.5663,-81.2608,83831,Weber-Waters,05/09/2022
573,Marje,Riordan,mriordanfw@liveinternet.ru,Female,1997,Dodge,Ram 2500,Phoenix,Arizona,85005,US,33.2765,-112.1872,76973,Denesik and Sons,07/27/2025
574,Lavena,Stronach,lstronachfx@washington.edu,Female,1994,Subaru,SVX,Charleston,West Virginia,25356,US,38.2968,-81.5547,57495,Volkman-Hettinger,06/12/2023
575,Dugald,MacDermid,dmacdermidfy@bloglines.com,Bigender,2011,Acura,RDX,San Antonio,Texas,78240,US,29.5189,-98.6006,30629,Goyette-Leannon,04/19/2025
576,Mada,Carluccio,mcarlucciofz@tinyurl.com,Genderqueer,2008,Subaru,Impreza,Duluth,Georgia,30195,US,34.0047,-84.1532,74126,"O'Connell, Haag and Beatty",03/19/2022
577,Morganne,Speerman,mspeermang0@biblegateway.com,Bigender,2004,Toyota,Prius,Montgomery,Alabama,36109,US,32.3834,-86.2434,63476,Lebsack-Thiel,11/04/2022
578,Vaughn,Sinnett,vsinnettg1@yelp.com,Male,1991,Mercedes-Benz,E-Class,El Paso,Texas,88541,US,31.6948,-106.3,31068,Gulgowski-Sipes,01/01/2025
579,Carlyn,Croom,ccroomg2@fotki.com,Female,1997,Buick,Century,Atlanta,Georgia,31119,US,33.8913,-84.0746,68459,"King, Dare and Parisian",03/09/2022
580,Artemas,Minor,aminorg3@amazon.com,Male,2004,Chrysler,PT Cruiser,Los Angeles,California,90015,US,34.0434,-118.2716,66280,"McGlynn, Rosenbaum and Mills",07/10/2022
581,Devonne,Sansbury,dsansburyg4@pcworld.com,Female,2003,Mitsubishi,Diamante,Columbus,Ohio,43220,US,40.0495,-83.0669,37517,Reilly-Gulgowski,11/06/2023
582,Sabine,Fowlestone,sfowlestoneg5@google.ru,Female,2006,Chevrolet,Express,Los Angeles,California,90076,US,33.7866,-118.2987,82113,"Hane, Tillman and Kling",03/25/2023
583,Violet,Drakers,vdrakersg6@ucoz.ru,Female,2007,Kia,Sedona,Baton Rouge,Louisiana,70820,US,30.3795,-91.1671,85845,Lynch LLC,01/25/2023
584,Ashley,Tigwell,atigwellg7@statcounter.com,Male,1998,Dodge,Dakota Club,Pittsburgh,Pennsylvania,15274,US,40.4344,-80.0248,69886,Watsica LLC,07/06/2025
585,Natale,Lillford,nlillfordg8@cbslocal.com,Male,2008,Isuzu,i-370,Wilkes Barre,Pennsylvania,18706,US,41.2044,-75.9113,89117,Ritchie-Pouros,02/04/2025
586,Stevy,Camp,scampg9@twitpic.com,Male,2012,Mitsubishi,Lancer,Tampa,Florida,33610,US,27.9951,-82.4046,81669,"MacGyver, Jacobson and O'Conner",09/21/2022
587,Tine,Boulstridge,tboulstridgega@ucoz.ru,Female,1993,Plymouth,Colt,Richmond,Virginia,23208,US,37.5593,-77.4471,66861,Weber LLC,09/01/2025
588,Murdock,Kinforth,mkinforthgb@multiply.com,Male,1992,Eagle,Summit,Houston,Texas,77281,US,29.834,-95.4342,83564,"Roberts, Effertz and Lubowitz",10/20/2022
589,Kirsteni,Menis,kmenisgc@buzzfeed.com,Female,2008,Hummer,H3,Tucson,Arizona,85732,US,32.0848,-110.7122,94758,Beatty Group,04/01/2023
590,Zechariah,Husher,zhushergd@wunderground.com,Male,1994,BMW,3 Series,Orlando,Florida,32868,US,28.5663,-81.2608,97870,Beier and Sons,06/25/2022
591,Rebeka,Gedge,rgedgege@addtoany.com,Female,2004,Pontiac,Aztek,Fargo,North Dakota,58122,US,46.9346,-97.2297,46884,"Torphy, Lowe and Hilpert",08/30/2024
592,Rufe,Volleth,rvollethgf@prweb.com,Male,2011,Hyundai,Genesis,Chicago,Illinois,60614,US,41.9229,-87.6483,62022,Deckow-Becker,07/16/2023
593,Sly,Maysor,smaysorgg@bbb.org,Male,2012,Chevrolet,Silverado 2500,Albany,New York,12210,US,42.6568,-73.7605,78431,Schuppe-Thompson,06/10/2022
594,Liza,Kernaghan,lkernaghangh@ucoz.com,Female,1992,Cadillac,Fleetwood,Pompano Beach,Florida,33064,US,26.2785,-80.1157,88351,Rosenbaum-Schroeder,08/29/2024
595,Madelena,Courtenay,mcourtenaygi@nbcnews.com,Female,1993,Alfa Romeo,164,Springfield,Illinois,62705,US,39.7495,-89.606,33682,Johnson-Watsica,07/06/2024
596,Fionna,Bau,fbaugj@biblegateway.com,Polygender,1990,Ford,Taurus,Phoenix,Arizona,85015,US,33.5082,-112.1011,49702,Towne Group,10/18/2025
597,Pernell,Burns,pburnsgk@xing.com,Male,1995,Land Rover,Defender 90,Houston,Texas,77212,US,29.834,-95.4342,93711,"Anderson, Zboncak and Lynch",03/05/2024
598,Martica,Anstie,manstiegl@last.fm,Female,1996,Infiniti,J,Syracuse,New York,13224,US,43.0421,-76.1046,39594,Heaney-Donnelly,07/26/2022
599,Roxine,Jerrems,rjerremsgm@yolasite.com,Female,1996,Dodge,Dakota Club,Hampton,Virginia,23663,US,37.0318,-76.3199,93731,"Larkin, Koepp and Cruickshank",03/19/2025
600,Maxy,Klos,mklosgn@jiathis.com,Female,1992,Cadillac,Fleetwood,Indianapolis,Indiana,46202,US,39.7851,-86.1595,49443,Bins Group,08/09/2024
601,Ringo,Jerrim,rjerrimgo@spiegel.de,Male,2000,Dodge,Viper,Miami,Florida,33245,US,25.5584,-80.4582,98353,"Considine, Rogahn and Reilly",06/04/2023
602,Dido,Birchill,dbirchillgp@hatena.ne.jp,Female,2003,BMW,5 Series,Hamilton,Ohio,45020,US,39.441,-84.5757,30909,Harvey-Watsica,10/19/2024
603,Aubrey,Wigley,awigleygq@ow.ly,Female,1998,Isuzu,Amigo,Salt Lake City,Utah,84115,US,40.7145,-111.8931,51368,"Koch, Roob and Corwin",10/20/2022
604,Ely,La Croce,elacrocegr@auda.org.au,Polygender,2003,Lincoln,Blackwood,Washington,District of Columbia,20319,US,38.8667,-77.0166,31842,"Koelpin, Donnelly and Considine",03/29/2023
605,Giraud,Grunnill,ggrunnillgs@joomla.org,Male,2000,BMW,X5,Winston Salem,North Carolina,27157,US,36.0275,-80.2073,61957,"Daugherty, Schamberger and Parisian",07/31/2022
606,Sherman,Duckhouse,sduckhousegt@ebay.co.uk,Male,1998,Acura,SLX,Fort Wayne,Indiana,46814,US,41.0456,-85.3058,47280,"Nienow, Champlin and Stoltenberg",07/19/2023
607,Eldin,Parsisson,eparsissongu@skype.com,Male,1997,Isuzu,Trooper,Abilene,Texas,79605,US,32.432,-99.7724,85364,Bogisich and Sons,11/10/2023
608,Em,Stealy,estealygv@alibaba.com,Male,1993,Lexus,LS,Grand Rapids,Michigan,49505,US,43.012,-85.6309,37783,Erdman Inc,02/14/2022
609,Marlene,Cockrill,mcockrillgw@naver.com,Female,2010,Hyundai,Veracruz,Dallas,Texas,75287,US,33.0005,-96.8314,40145,"Runolfsdottir, Rosenbaum and Halvorson",12/12/2022
610,Elga,Wilkerson,ewilkersongx@storify.com,Female,2011,Mercedes-Benz,G-Class,Sioux Falls,South Dakota,57193,US,43.6746,-96.7913,64431,Schoen Inc,07/11/2024
611,Tasia,Loveard,tloveardgy@reverbnation.com,Female,1998,Buick,Skylark,Indianapolis,Indiana,46254,US,39.849,-86.272,44854,Hermiston-Pouros,01/10/2023
612,Bud,Currie,bcurriegz@wikia.com,Male,1996,Nissan,Pathfinder,Jacksonville,Florida,32215,US,30.2407,-81.893,60887,Buckridge-Sauer,12/05/2025
613,Lyndsie,Deener,ldeenerh0@squarespace.com,Female,1999,BMW,Z3,Las Vegas,Nevada,89166,US,36.3265,-115.3398,68854,Marquardt Group,04/11/2024
614,Hildagard,Reyna,hreynah1@vistaprint.com,Female,1994,Dodge,Ram 1500,Seattle,Washington,98115,US,47.6849,-122.2968,90046,"Ratke, Collins and Schiller",11/19/2025
615,Kip,Wildgoose,kwildgooseh2@arizona.edu,Female,2002,Ford,Excursion,Des Moines,Iowa,50315,US,41.5444,-93.6192,91150,"Hilpert, Hansen and Wehner",12/11/2023
616,Aubree,Gooderick,agooderickh3@loc.gov,Female,1987,Audi,4000CS Quattro,Oakland,California,94611,US,37.8471,-122.2223,65158,Gusikowski Inc,04/24/2023
617,Morissa,Hecks,mhecksh4@xing.com,Female,1996,GMC,3500,San Antonio,Texas,78240,US,29.5189,-98.6006,47318,"Schimmel, Swaniawski and Stark",11/16/2024
618,Cristen,Iacobassi,ciacobassih5@hugedomains.com,Female,2004,Chevrolet,Express 1500,Albany,New York,12232,US,42.6149,-73.9708,50550,Orn Group,10/21/2023
619,Jilli,Roelvink,jroelvinkh6@aol.com,Female,2001,Acura,CL,Toledo,Ohio,43666,US,41.6782,-83.4972,32867,"Padberg, Volkman and Abernathy",12/28/2023
620,Leigh,August,laugusth7@tuttocitta.it,Agender,1984,Volkswagen,Golf,Philadelphia,Pennsylvania,19093,US,40.0018,-75.1179,44364,"Franecki, Tremblay and O'Keefe",12/04/2025
621,Regan,Yitzowitz,ryitzowitzh8@cbsnews.com,Female,2006,Cadillac,SRX,Washington,District of Columbia,20010,US,38.9327,-77.0322,92156,"Stroman, Okuneva and Grady",01/04/2026
622,Tedi,Duker,tdukerh9@cmu.edu,Bigender,2006,Maserati,Coupe,Trenton,New Jersey,08695,US,40.2805,-74.712,86947,"Yundt, Farrell and Beahan",04/10/2025
623,Ab,Hiley,ahileyha@ucoz.ru,Male,1994,Plymouth,Sundance,Lincoln,Nebraska,68510,US,40.8063,-96.6545,52141,Reynolds-Jacobi,08/02/2022
624,Norah,Sleford,nslefordhb@wsj.com,Female,1999,GMC,Jimmy,Levittown,Pennsylvania,19058,US,40.3286,-75.1028,32674,"Weimann, Marvin and Torp",01/04/2026
625,Gayleen,Telfer,gtelferhc@spiegel.de,Female,1996,Isuzu,Hombre,Tampa,Florida,33647,US,28.1147,-82.3678,78305,Collins-Quigley,12/02/2022
626,Dorry,Jorgesen,djorgesenhd@sciencedaily.com,Female,2008,Bentley,Continental Flying Spur,New York City,New York,10009,US,40.7262,-73.9796,99228,"Nader, Effertz and Pfannerstill",10/28/2024
627,Caprice,Elfitt,celfitthe@europa.eu,Female,1971,Chevrolet,Vega,Philadelphia,Pennsylvania,19141,US,40.0365,-75.1451,58020,"Konopelski, Torp and Yundt",12/14/2024
628,Shelton,Gulliman,sgullimanhf@sohu.com,Male,2002,Cadillac,DeVille,Tacoma,Washington,98424,US,47.2325,-122.3594,45480,O'Kon-Veum,05/16/2024
629,Galen,Commuzzo,gcommuzzohg@oakley.com,Male,1999,GMC,Jimmy,Detroit,Michigan,48275,US,42.2399,-83.1508,45482,"Schroeder, Stracke and Jakubowski",06/29/2024
630,Patty,Ballay,pballayhh@phpbb.com,Male,1999,Chevrolet,Lumina,Paterson,New Jersey,07505,US,40.9166,-74.174,96258,Bradtke Group,12/25/2022
631,Anthea,Bockings,abockingshi@army.mil,Female,2003,Audi,RS6,San Diego,California,92176,US,33.0169,-116.846,54395,Glover-Dibbert,11/11/2024
632,Thurston,Manchett,tmanchetthj@ovh.net,Male,2005,Pontiac,G6,Kansas City,Missouri,64160,US,39.2829,-94.409,30944,Davis and Sons,10/11/2023
633,Blisse,Abrahm,babrahmhk@weather.com,Female,2012,Ford,F250,Bakersfield,California,93311,US,35.3039,-119.1056,47008,"Kertzmann, Lang and Kerluke",03/22/2024
634,Zahara,Yare,zyarehl@spiegel.de,Female,2003,Saturn,Ion,Rochester,New York,14646,US,43.286,-77.6843,80525,Ferry-Daniel,01/28/2025
635,Nancie,Cawker,ncawkerhm@dailymail.co.uk,Female,2004,Suzuki,Daewoo Lacetti,Las Vegas,Nevada,89155,US,35.9279,-114.9721,38673,Hauck-Torphy,07/06/2024
636,Trip,Ramet,tramethn@prweb.com,Male,2002,BMW,M,Shawnee Mission,Kansas,66205,US,39.0312,-94.6308,84442,Pagac-Schowalter,06/03/2022
637,Rowe,Dible,rdibleho@51.la,Female,2011,Toyota,Yaris,Richmond,California,94807,US,37.7772,-121.9554,99443,"Conroy, Connelly and Brekke",07/18/2022
638,Stella,Pieper,spieperhp@omniture.com,Female,2006,Mazda,B-Series,El Paso,Texas,79905,US,31.7674,-106.4304,73785,"Streich, Sipes and Christiansen",05/16/2025
639,Osborne,Gunney,ogunneyhq@marketwatch.com,Male,2011,Chevrolet,Traverse,Springfield,Missouri,65805,US,37.2581,-93.3437,53827,Donnelly Group,03/23/2022
640,Lewes,Godbehere,lgodbeherehr@jugem.jp,Male,2007,Kia,Sedona,Waco,Texas,76705,US,31.6403,-97.0963,96996,"Schneider, Herman and Dibbert",10/01/2023
641,Ansell,Joy,ajoyhs@sogou.com,Male,2008,Buick,Enclave,Rochester,Minnesota,55905,US,44.0225,-92.4668,74817,Renner Inc,02/16/2024
642,Eyde,Larmouth,elarmouthht@wp.com,Female,2011,Honda,Accord Crosstour,Manassas,Virginia,22111,US,38.7202,-77.4391,54997,"Hoeger, Lesch and Mills",05/04/2023
643,Rana,Stanbro,rstanbrohu@scientificamerican.com,Female,1990,Saab,900,Portland,Oregon,97255,US,45.5806,-122.3748,91927,Zemlak-Von,02/02/2025
644,Sammie,Waggett,swaggetthv@cam.ac.uk,Male,2006,Bentley,Azure,Memphis,Tennessee,38168,US,35.2017,-89.9715,79821,"MacGyver, Witting and Rowe",05/13/2024
645,Sayre,Paulsson,spaulssonhw@cyberchimps.com,Male,1988,Pontiac,Sunbird,Reading,Pennsylvania,19605,US,40.3886,-75.9328,78458,Anderson-Hamill,02/09/2024
646,Bernardina,Worwood,bworwoodhx@forbes.com,Female,1992,Audi,Quattro,New Orleans,Louisiana,70160,US,30.033,-89.8826,85274,"Nader, Mitchell and Hauck",06/28/2024
647,Garrott,Ritmeyer,gritmeyerhy@sciencedaily.com,Genderfluid,2006,Mitsubishi,Endeavor,Sacramento,California,95823,US,38.4797,-121.4438,82387,O'Hara-Macejkovic,01/09/2025
648,Sherry,Bankes,sbankeshz@google.co.jp,Female,2009,Pontiac,G3,Corpus Christi,Texas,78475,US,27.777,-97.4632,45880,Wisoky and Sons,12/02/2024
649,Derrik,Chong,dchongi0@indiatimes.com,Agender,2005,Buick,Terraza,Roanoke,Virginia,24020,US,37.3589,-79.9448,96955,Bartoletti Group,12/13/2024
650,Evelin,Inns,einnsi1@indiegogo.com,Male,2008,Saturn,Aura,Rockville,Maryland,20851,US,39.0763,-77.1234,94226,"Smitham, Dicki and Emard",08/23/2023
651,Flore,Yele,fyelei2@cargocollective.com,Female,2012,Buick,Verano,Indianapolis,Indiana,46226,US,39.8326,-86.0836,76880,Tremblay-Johnson,08/18/2025
652,Louis,Clewley,lclewleyi3@blogs.com,Genderqueer,2012,Lexus,IS-F,Apache Junction,Arizona,85219,US,33.3616,-111.2795,43370,Nader and Sons,09/03/2025
653,Dario,Elderkin,delderkini4@gravatar.com,Male,2009,Ferrari,F430,Tulsa,Oklahoma,74141,US,36.1398,-96.0297,69572,Gleason-Rempel,01/06/2026
654,Harvey,Turvey,hturveyi5@accuweather.com,Male,1992,Mercury,Capri,Dayton,Ohio,45419,US,39.7155,-84.1637,76584,Waters Inc,08/17/2025
655,Rafaela,Kinchley,rkinchleyi6@wikimedia.org,Female,1999,Volkswagen,Eurovan,Oklahoma City,Oklahoma,73197,US,35.5514,-97.4075,88774,Carroll LLC,11/24/2022
656,Minna,McPolin,mmcpolini7@chicagotribune.com,Female,1995,Lexus,ES,Chattanooga,Tennessee,37405,US,35.0768,-85.3082,67777,Paucek-Schmitt,03/16/2023
657,Bevan,O'Doireidh,bodoireidhi8@over-blog.com,Genderfluid,1995,Oldsmobile,Aurora,Des Moines,Iowa,50305,US,41.6727,-93.5722,96788,Mertz-Schaden,07/26/2024
658,Fredra,Guy,fguyi9@dell.com,Female,2005,Ford,GT,Macon,Georgia,31217,US,32.8118,-83.565,31605,"McCullough, Lemke and Bins",03/16/2023
659,Ganny,Lorand,glorandia@dedecms.com,Male,1999,Dodge,Charger,London,Kentucky,40745,US,37.1376,-84.1156,67693,"Murazik, Franecki and Bahringer",01/29/2024
660,Sibley,Helgass,shelgassib@goo.gl,Female,2006,Ford,Mustang,Stamford,Connecticut,06922,US,41.0516,-73.5143,58105,"Daugherty, Strosin and Paucek",06/04/2025
661,Kameko,Bantham,kbanthamic@seattletimes.com,Female,2007,Buick,Rendezvous,Staten Island,New York,10310,US,40.6324,-74.1172,75086,Langworth-Schneider,01/11/2025
662,Orren,Tootell,otootellid@weather.com,Male,2007,Audi,A8,Jacksonville,Florida,32204,US,30.3189,-81.6854,61936,King LLC,12/13/2022
663,Aile,Adderson,aaddersonie@wordpress.com,Female,2009,Volkswagen,Eos,Saint Louis,Missouri,63196,US,38.6531,-90.2435,60572,Skiles and Sons,08/20/2022
664,Rob,Lambie,rlambieif@wisc.edu,Male,2007,Saab,9-7X,San Francisco,California,94105,US,37.7864,-122.3892,30870,Frami-Fisher,05/08/2024
665,Yale,Hazlewood,yhazlewoodig@answers.com,Male,1999,Mercedes-Benz,S-Class,Maple Plain,Minnesota,55572,US,45.0159,-93.4719,64884,Homenick-Ebert,01/21/2025
666,Donaugh,MacDaid,dmacdaidih@reference.com,Male,2004,Toyota,Corolla,Detroit,Michigan,48217,US,42.2719,-83.1545,87973,Rogahn-Hermiston,11/23/2023
667,Timoteo,Pinwill,tpinwillii@cnn.com,Male,2010,Honda,CR-V,North Port,Florida,34290,US,27.0459,-82.2491,86102,Greenfelder-Stroman,09/19/2025
668,Allard,Briat,abriatij@newsvine.com,Male,1998,Toyota,Supra,Columbus,Ohio,43231,US,40.081,-82.9383,56801,"Rippin, Wintheiser and Keebler",12/25/2022
669,Brendin,Scini,bsciniik@livejournal.com,Agender,1996,Toyota,T100 Xtra,Philadelphia,Pennsylvania,19146,US,39.9379,-75.1794,74760,Lowe-Legros,08/02/2022
670,Sheffie,Cholonin,scholoninil@nhs.uk,Male,2009,Ford,Focus,Boise,Idaho,83722,US,43.4599,-116.244,78000,Marquardt-Hartmann,05/12/2025
671,Leena,Parnall,lparnallim@arstechnica.com,Female,2006,Chevrolet,Silverado 1500,Roanoke,Virginia,24040,US,37.2742,-79.9579,92607,Leannon-Lehner,04/02/2023
672,Yasmin,Burgher,yburgherin@wikispaces.com,Female,1993,Mercedes-Benz,S-Class,Evansville,Indiana,47719,US,37.9971,-87.575,86516,"Gulgowski, Balistreri and Bergnaum",08/19/2023
673,Valerie,Howarth,vhowarthio@amazon.co.jp,Female,2011,Mercedes-Benz,SLS-Class,Seattle,Washington,98185,US,47.4323,-121.8034,83911,"Kuphal, Crooks and Ebert",06/01/2023
674,Fairleigh,Penkethman,fpenkethmanip@msu.edu,Male,2007,Peugeot,207,Milwaukee,Wisconsin,53220,US,42.9559,-87.9933,79227,"McLaughlin, Friesen and O'Keefe",09/18/2022
675,Kay,Thirwell,kthirwelliq@twitter.com,Female,2008,Chevrolet,Corvette,Scottsdale,Arizona,85255,US,33.6968,-111.8892,90058,Shanahan-Huel,03/21/2022
676,Karol,Crossfield,kcrossfieldir@constantcontact.com,Female,2002,Acura,NSX,Wilmington,Delaware,19810,US,39.8188,-75.5064,44034,Wolff and Sons,07/18/2024
677,Gerhardine,Juan,gjuanis@delicious.com,Female,1995,Chevrolet,1500,New Orleans,Louisiana,70179,US,30.033,-89.8826,70380,Borer and Sons,06/08/2023
678,Esmeralda,Tumber,etumberit@arizona.edu,Polygender,2011,Volvo,XC70,Helena,Montana,59623,US,46.5901,-112.0402,79406,Farrell Inc,09/22/2022
679,Deana,Iannini,dianniniiu@networksolutions.com,Female,2003,Kia,Sedona,Grand Rapids,Michigan,49510,US,43.0314,-85.5503,82998,Rice-Wunsch,01/22/2025
680,Torrin,Minchella,tminchellaiv@yolasite.com,Male,2004,Toyota,Tacoma Xtra,Tucson,Arizona,85725,US,31.9701,-111.8907,75481,Lang and Sons,09/03/2024
681,Pepi,Lardiner,plardineriw@narod.ru,Female,2003,Ford,Freestar,San Jose,California,95123,US,37.2458,-121.8306,87452,"Barton, Kuvalis and Kihn",01/31/2023
682,Ira,Jensen,ijensenix@wikipedia.org,Female,1992,Dodge,Ramcharger,Washington,District of Columbia,20310,US,38.8933,-77.0146,40837,Von Group,05/06/2024
683,Abdul,Nelthrop,anelthropiy@huffingtonpost.com,Male,1995,Mercedes-Benz,S-Class,Charlotte,North Carolina,28215,US,35.244,-80.7387,64863,Gislason-Schoen,08/31/2023
684,Jens,Cruwys,jcruwysiz@harvard.edu,Male,2009,Toyota,Highlander,Fort Wayne,Indiana,46814,US,41.0456,-85.3058,94726,"Witting, Carter and Roberts",11/14/2022
685,Maxi,Cowx,mcowxj0@cbc.ca,Female,2006,Mazda,MPV,Visalia,California,93291,US,36.3551,-119.301,50729,Sauer-Hyatt,10/12/2024
686,Eal,Pretty,eprettyj1@comsenz.com,Male,1999,Ford,Explorer,Omaha,Nebraska,68124,US,41.2338,-96.0495,54730,Schoen Group,02/14/2023
687,Andrea,Olenikov,aolenikovj2@rediff.com,Female,2005,Land Rover,Freelander,Saint Louis,Missouri,63196,US,38.6531,-90.2435,67988,Keeling LLC,11/07/2025
688,Inigo,Grenter,igrenterj3@engadget.com,Male,2010,Ford,Focus,Naples,Florida,33963,US,26.2626,-81.8071,51503,Reynolds-Blanda,07/26/2025
689,Brian,Paragreen,bparagreenj4@weebly.com,Male,1986,Mazda,B-Series,Honolulu,Hawaii,96840,US,21.3068,-157.8607,92223,Douglas-Bradtke,07/21/2022
690,Kingsly,Espinet,kespinetj5@ocn.ne.jp,Male,2006,Toyota,4Runner,Charleston,West Virginia,25362,US,38.2968,-81.5547,36745,"Wyman, Haley and Bednar",10/02/2024
691,Keriann,O'Shevlin,koshevlinj6@redcross.org,Female,2008,Lexus,ES,Irvine,California,92612,US,33.6607,-117.8264,97501,Funk-Purdy,05/17/2024
692,Kelly,Woodroff,kwoodroffj7@thetimes.co.uk,Male,2001,Cadillac,Eldorado,Portland,Oregon,97216,US,45.5137,-122.5569,98461,Cartwright LLC,04/17/2023
693,Duke,Grosier,dgrosierj8@bbc.co.uk,Genderqueer,2012,Jeep,Wrangler,Lubbock,Texas,79410,US,33.5693,-101.8904,88480,Jerde LLC,11/12/2022
694,Danica,Dunbavin,ddunbavinj9@dmoz.org,Female,1984,Ford,Ranger,Toledo,Ohio,43666,US,41.6782,-83.4972,91660,"Mitchell, Funk and Romaguera",08/24/2024
695,Antonius,Trotter,atrotterja@ow.ly,Male,2007,Lotus,Exige,Spring,Texas,77388,US,30.0505,-95.4695,74389,"Lubowitz, Kuvalis and Kuhic",03/27/2025
696,Elicia,Symcock,esymcockjb@deliciousdays.com,Female,1964,Austin,Mini Cooper,Memphis,Tennessee,38109,US,35.0425,-90.0732,99788,Anderson-Dicki,11/10/2023
697,Avery,Ysson,ayssonjc@tripod.com,Male,2005,GMC,Savana 3500,Staten Island,New York,10310,US,40.6324,-74.1172,36956,"Paucek, Kessler and Mraz",10/16/2025
698,Lowell,Kubec,lkubecjd@sogou.com,Male,2011,BMW,M3,Atlanta,Georgia,31106,US,33.8444,-84.474,31344,"Dietrich, Sanford and White",02/03/2025
699,Corrianne,Teresi,cteresije@newyorker.com,Genderfluid,2004,Chevrolet,Express 2500,Ogden,Utah,84403,US,41.1894,-111.9489,41379,Bosco Group,12/15/2022
700,Bastian,McCullogh,bmcculloghjf@samsung.com,Male,2006,Honda,Pilot,Norfolk,Virginia,23504,US,36.8586,-76.2686,38811,Skiles-Adams,05/22/2024
701,Sheeree,Squibbes,ssquibbesjg@dedecms.com,Female,2004,Toyota,Corolla,Charlotte,North Carolina,28242,US,35.26,-80.8042,73604,Kling Group,10/26/2022
702,Mickie,Arunowicz,marunowiczjh@google.com.br,Genderqueer,2000,Chevrolet,3500,Springfield,Massachusetts,01152,US,42.1707,-72.6048,38186,"Boehm, Romaguera and Abshire",09/27/2023
703,Alleyn,O'Shevlan,aoshevlanji@senate.gov,Male,2000,Audi,TT,Washington,District of Columbia,20404,US,38.8992,-77.0089,36073,Feeney Group,01/10/2023
704,Gisele,Waldrum,gwaldrumjj@free.fr,Agender,2001,Dodge,Intrepid,Pasadena,California,91117,US,33.7866,-118.2987,78033,"Denesik, D'Amore and Hudson",06/30/2023
705,Ray,Gorgen,rgorgenjk@mapquest.com,Female,1997,Isuzu,Hombre Space,Dallas,Texas,75323,US,32.7673,-96.7776,63344,Bernhard-Medhurst,03/16/2025
706,Fayette,Dunbobin,fdunbobinjl@aboutads.info,Genderqueer,2009,Mercedes-Benz,SLR McLaren,Tallahassee,Florida,32309,US,30.5422,-84.1413,48144,"Corwin, Powlowski and Harber",03/09/2024
707,Helen,Bollini,hbollinijm@amazon.co.uk,Female,2005,Mercedes-Benz,E-Class,Bakersfield,California,93381,US,35.2944,-118.9052,73857,Torp-Conroy,07/17/2022
708,Virgina,Wrathmell,vwrathmelljn@bloomberg.com,Non-binary,2004,Ford,Crown Victoria,Boston,Massachusetts,02119,US,42.3231,-71.0846,68617,"Rogahn, Funk and Ward",07/17/2023
709,Robert,Boodell,rboodelljo@auda.org.au,Male,2004,Mercedes-Benz,CLK-Class,Atlanta,Georgia,30351,US,33.8444,-84.474,96805,Fahey LLC,09/03/2022
710,Maggie,Beavan,mbeavanjp@theglobeandmail.com,Female,2005,Mitsubishi,Lancer Evolution,Glendale,Arizona,85305,US,33.5291,-112.2482,43471,Hammes-Fahey,05/06/2024
711,Tonnie,Davenhill,tdavenhilljq@bloglovin.com,Male,2003,Saturn,VUE,Cincinnati,Ohio,45213,US,39.1802,-84.4204,53633,Wyman-Gutmann,10/21/2025
712,Kane,Imlen,kimlenjr@auda.org.au,Male,1994,Eagle,Talon,Miami,Florida,33142,US,25.813,-80.232,99140,Nader-Johnston,07/30/2022
713,Harriott,Freeburn,hfreeburnjs@delicious.com,Female,2006,Mazda,Mazdaspeed6,Minneapolis,Minnesota,55407,US,44.9378,-93.2545,80889,"Padberg, O'Keefe and Buckridge",01/06/2024
714,Merilee,Clemente,mclementejt@opera.com,Female,2003,GMC,Yukon XL 2500,Reno,Nevada,89550,US,39.5387,-119.8225,39829,Pollich Inc,05/03/2023
715,Celina,Galliver,cgalliverju@imageshack.us,Non-binary,1992,Buick,Riviera,Salt Lake City,Utah,84152,US,40.7286,-111.6627,54375,Zboncak-Sipes,12/06/2022
716,Evonne,Canepe,ecanepejv@rakuten.co.jp,Female,1997,Toyota,Tacoma,Vancouver,Washington,98687,US,45.8016,-122.5203,84526,Willms Inc,07/02/2025
717,Danila,Growcott,dgrowcottjw@weebly.com,Female,2004,Buick,Rainier,Washington,District of Columbia,20566,US,38.8971,-77.0554,68002,Larson-Herman,05/16/2025
718,Chiarra,Spyer,cspyerjx@1688.com,Female,2011,Honda,CR-Z,Lakewood,Washington,98498,US,47.1591,-122.5485,32269,"Beer, Smitham and Metz",11/18/2024
719,Josee,Fehners,jfehnersjy@examiner.com,Genderqueer,2004,Infiniti,G,Macon,Georgia,31205,US,32.8067,-83.6913,87800,"Kub, Lebsack and Hirthe",06/28/2025
720,Meyer,Po,mpojz@cbc.ca,Male,1994,GMC,Yukon,Oklahoma City,Oklahoma,73142,US,35.599,-97.6251,56486,Wyman Inc,12/31/2024
721,Mack,Penchen,mpenchenk0@latimes.com,Male,1972,Ford,Mustang,Las Vegas,Nevada,89193,US,35.9279,-114.9721,76241,Hansen Group,01/27/2026
722,Elfrieda,Hrishanok,ehrishanokk1@imgur.com,Polygender,2006,Toyota,Camry Solara,Pasadena,California,91125,US,33.7866,-118.2987,33630,Lueilwitz Inc,04/23/2022
723,Leonora,Boggis,lboggisk2@sogou.com,Female,1989,Buick,Estate,Akron,Ohio,44310,US,41.1075,-81.5006,61854,"Leuschke, Zemlak and Greenfelder",11/06/2025
724,Vassily,Hucquart,vhucquartk3@multiply.com,Male,2007,Honda,CR-V,Huntsville,Alabama,35810,US,34.7784,-86.6091,64709,"Ratke, Gibson and Raynor",09/25/2023
725,Ora,Parmenter,oparmenterk4@devhub.com,Female,1997,Dodge,Grand Caravan,Dallas,Texas,75392,US,32.7673,-96.7776,30644,Lakin Group,12/25/2023
726,Ilyse,Pawellek,ipawellekk5@stanford.edu,Female,2011,Jaguar,XJ,Lincoln,Nebraska,68583,US,40.7845,-96.6888,43166,McLaughlin-Friesen,12/24/2024
727,Marlon,Brinkman,mbrinkmank6@jugem.jp,Male,2006,Pontiac,Montana SV6,Memphis,Tennessee,38168,US,35.2017,-89.9715,49141,Beahan-Kohler,03/13/2025
728,Harlene,Nelane,hnelanek7@instagram.com,Female,2011,GMC,Yukon XL 1500,Durham,North Carolina,27717,US,36.0512,-78.8577,48609,Hauck LLC,05/08/2023
729,Justin,Komorowski,jkomorowskik8@foxnews.com,Male,1996,Mitsubishi,Mighty Max,Corpus Christi,Texas,78470,US,27.777,-97.4632,71224,"Witting, Schulist and Farrell",04/23/2025
730,Reece,Huckel,rhuckelk9@ucsd.edu,Male,2012,Nissan,370Z,Fort Wayne,Indiana,46857,US,41.0938,-85.0707,66143,"Dietrich, Glover and Bahringer",12/15/2024
731,Itch,Lovatt,ilovattka@posterous.com,Male,2002,Daewoo,Nubira,San Jose,California,95155,US,37.31,-121.9011,77157,Cole and Sons,12/12/2023
732,Casandra,Shee,csheekb@yellowbook.com,Female,2006,Lexus,IS,Orlando,Florida,32885,US,28.5456,-81.3782,91735,"Fay, Moore and Aufderhar",07/19/2023
733,Carline,Stothart,cstothartkc@weibo.com,Polygender,1992,Ford,E-Series,Fort Wayne,Indiana,46852,US,41.0938,-85.0707,41530,"D'Amore, Swift and Kertzmann",08/20/2023
734,Clareta,Higgen,chiggenkd@twitter.com,Female,2007,Honda,Accord,Des Moines,Iowa,50362,US,41.6727,-93.5722,45135,Mann-Rutherford,09/12/2023
735,Vikki,Sowte,vsowteke@tinyurl.com,Female,1993,Mercedes-Benz,S-Class,Albany,New York,12205,US,42.7198,-73.8207,32326,Fisher-Will,04/14/2022
736,Bliss,Megahey,bmegaheykf@comsenz.com,Female,1986,Buick,Skylark,San Antonio,Texas,78220,US,29.4106,-98.4128,46424,O'Keefe Inc,07/27/2022
737,Jesus,Wagenen,jwagenenkg@xrea.com,Male,2004,BMW,645,Muncie,Indiana,47306,US,40.2023,-85.4082,53236,Grimes and Sons,03/19/2025
738,Daile,Speechly,dspeechlykh@samsung.com,Female,2010,Volkswagen,Routan,Columbus,Ohio,43284,US,39.969,-83.0114,37448,Reilly LLC,07/17/2023
739,Caresa,Ibberson,cibbersonki@wikimedia.org,Female,2002,BMW,745,Saint Louis,Missouri,63150,US,38.6531,-90.2435,58807,"Kerluke, Mann and Nicolas",09/01/2022
740,Moria,Tennison,mtennisonkj@sciencedirect.com,Female,2012,GMC,Savana 2500,New Orleans,Louisiana,70116,US,29.9686,-90.0646,34192,Hauck and Sons,03/29/2025
741,Seamus,Huffey,shuffeykk@xing.com,Male,2005,Nissan,Armada,Sioux Falls,South Dakota,57198,US,43.6746,-96.7913,57537,"Emard, Klocko and Hickle",03/31/2022
742,Obie,MacDwyer,omacdwyerkl@blinklist.com,Male,1993,Volkswagen,Jetta III,El Paso,Texas,79989,US,31.6948,-106.3,65179,Waters and Sons,01/13/2026
743,Cecil,Patry,cpatrykm@columbia.edu,Male,2011,Lotus,Elise,Terre Haute,Indiana,47805,US,39.5327,-87.3255,85955,Larkin-Simonis,05/13/2024
744,Ware,Strelitzki,wstrelitzkikn@tripadvisor.com,Male,1988,Buick,LeSabre,El Paso,Texas,79955,US,31.6948,-106.3,69824,Mohr LLC,03/20/2024
745,Xerxes,Ashenhurst,xashenhurstko@house.gov,Genderqueer,1998,Suzuki,Esteem,San Diego,California,92176,US,33.0169,-116.846,55324,Ryan-Fahey,05/14/2022
746,Elsey,Newlands,enewlandskp@blogspot.com,Female,1998,Isuzu,Hombre,Austin,Texas,78710,US,30.352,-97.7151,78575,Waelchi-Anderson,08/28/2025
747,Kyle,Dymidowicz,kdymidowiczkq@desdev.cn,Female,2007,GMC,Sierra 2500,San Antonio,Texas,78265,US,29.4375,-98.4616,87836,Koelpin-Kris,09/05/2022
748,Staffard,Skillicorn,sskillicornkr@upenn.edu,Male,1985,Pontiac,Firefly,Fayetteville,North Carolina,28305,US,35.056,-78.9047,46113,Cormier-Beer,06/08/2023
749,Jacky,Cowlishaw,jcowlishawks@google.pl,Female,1999,Ford,Ranger,New York City,New York,10280,US,40.7105,-74.0163,82384,"Herman, Grimes and Beahan",01/11/2023
750,Rosalyn,Caven,rcavenkt@icq.com,Female,2010,BMW,1 Series,Washington,District of Columbia,20392,US,38.8933,-77.0146,49092,Kessler and Sons,05/04/2022
751,Shawn,Farbrother,sfarbrotherku@blogtalkradio.com,Agender,1998,Ford,F150,Memphis,Tennessee,38188,US,35.2017,-89.9715,35659,"Boehm, Batz and Harvey",04/09/2023
752,Lusa,Spruce,lsprucekv@mysql.com,Female,2003,Dodge,Ram Van 1500,Kansas City,Missouri,64109,US,39.0663,-94.5674,36361,"Hintz, Morar and Welch",06/03/2023
753,Amalia,Lindeboom,alindeboomkw@icq.com,Female,2010,Ford,Taurus,Garland,Texas,75049,US,32.7673,-96.7776,96024,"Schuster, Jerde and Baumbach",10/06/2024
754,Sheelah,Brookzie,sbrookziekx@odnoklassniki.ru,Female,1995,Oldsmobile,98,Clearwater,Florida,33763,US,28.0173,-82.7461,53684,"Leffler, Harris and Kunde",01/03/2023
755,Edith,Shoutt,eshouttky@jimdo.com,Female,2002,Subaru,Legacy,Lubbock,Texas,79452,US,33.61,-101.8213,68285,Hane-Erdman,03/06/2022
756,Symon,Form,sformkz@facebook.com,Male,1998,Buick,Park Avenue,Peoria,Illinois,61629,US,40.692,-89.5887,68413,"Nitzsche, Weissnat and Smitham",07/24/2025
757,Trudie,Underdown,tunderdownl0@theglobeandmail.com,Female,1999,Suzuki,Esteem,Hot Springs National Park,Arkansas,71914,US,34.5137,-92.9685,80830,"Herzog, Hahn and Harber",08/05/2022
758,Iain,Ferrao,iferraol1@jalbum.net,Polygender,2004,Cadillac,Escalade ESV,Minneapolis,Minnesota,55407,US,44.9378,-93.2545,65638,Nader and Sons,09/15/2024
759,Mella,Pile,mpilel2@amazon.co.uk,Female,2006,Cadillac,STS,Arlington,Virginia,22225,US,38.8808,-77.113,89789,Larson-Lockman,01/24/2025
760,Renato,Perche,rperchel3@cpanel.net,Male,2010,Mercedes-Benz,S-Class,Orange,California,92867,US,33.811,-117.8493,67551,"Stroman, Pfannerstill and Goldner",06/10/2025
761,Alana,Diviny,adivinyl4@telegraph.co.uk,Female,1986,Mercury,Cougar,New Orleans,Louisiana,70183,US,29.6779,-90.0901,79864,Lynch-Kunze,04/24/2023
762,Erinn,Holson,eholsonl5@telegraph.co.uk,Female,2001,Pontiac,Montana,Newark,New Jersey,07112,US,40.7107,-74.2131,50864,Parker-Nolan,06/08/2023
763,Alick,Carlin,acarlinl6@eepurl.com,Male,1997,BMW,8 Series,Springfield,Massachusetts,01129,US,42.1223,-72.4876,49813,"Reilly, Quigley and Orn",06/21/2022
764,Jeno,Maccrea,jmaccreal7@acquirethisname.com,Male,2004,Chevrolet,Classic,Greensboro,North Carolina,27425,US,36.0807,-80.0244,83779,"Miller, King and Rau",05/08/2022
765,Tova,Freezor,tfreezorl8@merriam-webster.com,Female,2010,Chevrolet,Silverado 1500,Salt Lake City,Utah,84199,US,40.7259,-111.9394,48410,"Runolfsdottir, Weimann and Koepp",05/21/2025
766,Tris,Orto,tortol9@bbc.co.uk,Male,2006,Toyota,Tacoma,Honolulu,Hawaii,96825,US,21.2987,-157.6985,98174,"Ritchie, Jakubowski and Haag",11/05/2024
767,Wally,Lawrenson,wlawrensonla@chicagotribune.com,Male,1990,Pontiac,6000,Nashville,Tennessee,37220,US,36.0641,-86.7697,89777,"Becker, Langworth and Jones",12/26/2023
768,Chad,Touhig,ctouhiglb@xinhuanet.com,Male,2006,Chevrolet,Colorado,Kansas City,Missouri,64125,US,39.1042,-94.4923,77102,Wolf LLC,01/15/2024
769,Hobard,Garoghan,hgaroghanlc@yandex.ru,Male,2003,Audi,A8,Pittsburgh,Pennsylvania,15255,US,40.4344,-80.0248,63709,Mertz and Sons,04/27/2023
770,Jessi,Dandie,jdandield@theatlantic.com,Female,1989,Ford,Probe,Sacramento,California,94263,US,38.3774,-121.4444,77865,Hansen and Sons,03/29/2023
771,Nataniel,Messent,nmessentle@freewebs.com,Male,2006,BMW,M3,Washington,District of Columbia,20599,US,38.8933,-77.0146,40817,Klocko LLC,03/17/2023
772,Joanne,Goldson,jgoldsonlf@reuters.com,Female,1995,Ford,Aspire,New Haven,Connecticut,06505,US,41.3057,-72.7799,52814,"Borer, Nitzsche and Oberbrunner",11/10/2024
773,Dorris,Huguenet,dhuguenetlg@acquirethisname.com,Female,2003,Toyota,Tacoma,Springfield,Illinois,62794,US,39.7495,-89.606,94132,Christiansen-Jakubowski,12/14/2025
774,Jeremy,Balasini,jbalasinilh@marriott.com,Male,2002,Chrysler,Prowler,Philadelphia,Pennsylvania,19131,US,39.9845,-75.2282,40972,Leuschke-Parisian,06/07/2025
775,Kippar,Lafontaine,klafontaineli@multiply.com,Male,1998,Cadillac,Eldorado,Austin,Texas,78769,US,30.3264,-97.7713,69890,Steuber LLC,06/24/2025
776,Mabelle,Siviter,msiviterlj@sfgate.com,Female,1984,Buick,Skyhawk,Albuquerque,New Mexico,87195,US,35.0443,-106.6729,38849,Smith Group,03/03/2024
777,Dillie,Jedrzej,djedrzejlk@intel.com,Male,2007,BMW,X3,Saint Petersburg,Florida,33731,US,27.8918,-82.7248,52745,Schmidt Group,10/31/2022
778,Nonah,Allen,nallenll@about.me,Female,2006,Chevrolet,HHR,Denver,Colorado,80235,US,39.6472,-105.0795,39539,"Berge, Schuppe and Gibson",10/27/2024
779,Cecil,Bacher,cbacherlm@admin.ch,Male,2005,Buick,LeSabre,El Paso,Texas,79928,US,31.6631,-106.1401,89445,"Nicolas, Larkin and Lueilwitz",09/20/2023
780,Emmanuel,Dicke,edickeln@aol.com,Genderqueer,1965,Pontiac,GTO,Louisville,Kentucky,40298,US,38.189,-85.6768,86714,"Treutel, O'Conner and Quigley",08/24/2022
781,Base,Ordidge,bordidgelo@scribd.com,Male,2005,Subaru,Baja,Pompano Beach,Florida,33069,US,26.2288,-80.1635,76089,Ebert-Schaden,02/07/2025
782,Kenton,Copplestone,kcopplestonelp@ow.ly,Male,2005,Maybach,57S,Orlando,Florida,32868,US,28.5663,-81.2608,59654,"Torphy, Jerde and Stoltenberg",12/26/2022
783,Emogene,Piletic,epileticlq@bloglovin.com,Female,1988,Ford,F-Series,Montgomery,Alabama,36104,US,32.373,-86.3081,63753,"Kautzer, Sanford and Nolan",07/21/2022
784,Vinni,Tassaker,vtassakerlr@nps.gov,Female,2010,Kia,Rondo,Bradenton,Florida,34210,US,27.4544,-82.6358,39028,"Crona, Koelpin and Keeling",02/03/2024
785,Edan,Hanson,ehansonls@merriam-webster.com,Male,2011,Ford,F450,Gadsden,Alabama,35905,US,33.9352,-85.9576,45734,Hahn-Gutmann,04/29/2024
786,Quincy,Cornwall,qcornwalllt@time.com,Male,1999,Hyundai,Elantra,Saint Paul,Minnesota,55108,US,44.9806,-93.1771,77816,"Bergnaum, Strosin and Dibbert",06/04/2024
787,Ike,Lambertini,ilambertinilu@nhs.uk,Male,1985,Subaru,XT,Wichita,Kansas,67205,US,37.7639,-97.4269,61439,Jast Group,10/25/2023
788,Denys,Wagner,dwagnerlv@eepurl.com,Female,2011,Chrysler,300,Atlanta,Georgia,30316,US,33.7217,-84.3339,44161,"Rogahn, Kessler and Doyle",09/26/2025
789,Esme,Cayzer,ecayzerlw@livejournal.com,Female,2011,Suzuki,SX4,Glendale,Arizona,85305,US,33.5291,-112.2482,71280,Boehm Inc,03/04/2024
790,Cosetta,Smorthwaite,csmorthwaitelx@ameblo.jp,Non-binary,2000,Cadillac,Eldorado,Orlando,Florida,32868,US,28.5663,-81.2608,38197,"Gutmann, Wilderman and Farrell",06/27/2025
791,Minni,Bedminster,mbedminsterly@csmonitor.com,Female,2004,Ford,Escort,San Antonio,Texas,78220,US,29.4106,-98.4128,75683,Ortiz-Crist,04/06/2023
792,Tamas,Edgson,tedgsonlz@mysql.com,Male,2013,Ford,Focus,Fort Lauderdale,Florida,33345,US,26.1654,-80.2959,77979,"Graham, Goodwin and Wilkinson",05/02/2024
793,Udall,Di Frisco,udifriscom0@auda.org.au,Male,2001,Chevrolet,Impala,Vero Beach,Florida,32964,US,27.709,-80.5726,70886,Okuneva Inc,05/12/2024
794,Chlo,Sentance,csentancem1@g.co,Female,1997,Kia,Sportage,Lexington,Kentucky,40546,US,38.0283,-84.4715,54475,Dach-Raynor,08/22/2025
795,Alice,Seccombe,aseccombem2@linkedin.com,Female,2000,Cadillac,Eldorado,Fort Worth,Texas,76192,US,32.7714,-97.2915,58242,"Wisozk, Moore and Schulist",11/12/2022
796,Carie,Dimitrie,cdimitriem3@flavors.me,Female,2007,Foose,Hemisfear,Mesa,Arizona,85210,US,33.3887,-111.8428,91452,"Grady, Grady and Mante",02/07/2025
797,Thomasin,Kidsley,tkidsleym4@accuweather.com,Female,1988,Buick,Century,Carson City,Nevada,89706,US,39.2025,-119.7526,58283,O'Keefe Group,02/16/2023
798,Catharina,Adamo,cadamom5@addthis.com,Female,2003,Lotus,Esprit,Santa Barbara,California,93106,US,34.4329,-119.8371,70165,"Heaney, Considine and Schneider",10/25/2023
799,Jammal,Davidy,jdavidym6@google.com,Male,1992,Acura,Legend,Boston,Massachusetts,02298,US,42.3823,-71.0323,91226,Skiles-Grant,12/19/2024
800,Dannel,Bollon,dbollonm7@comsenz.com,Male,2012,Chevrolet,Volt,Corpus Christi,Texas,78426,US,27.777,-97.4632,84379,Rempel Group,12/21/2023
801,Arney,Gouldthorpe,agouldthorpem8@ihg.com,Male,2010,Saturn,VUE,Silver Spring,Maryland,20904,US,39.0668,-76.9969,30049,Hegmann Group,08/12/2024
802,Urban,Rozier,urozierm9@comsenz.com,Male,2011,Ford,F-Series Super Duty,New York City,New York,10060,US,40.7808,-73.9772,53925,"Spencer, Hudson and Rolfson",04/26/2025
803,Constantino,Demogeot,cdemogeotma@gmpg.org,Male,2012,Suzuki,Kizashi,Baton Rouge,Louisiana,70836,US,30.392,-91.0892,81736,Waters Group,03/18/2024
804,Jourdain,Challin,jchallinmb@cafepress.com,Male,1985,Audi,Coupe GT,Youngstown,Ohio,44555,US,41.1039,-80.6436,83308,Oberbrunner-Okuneva,05/05/2022
805,Elie,Fontelles,efontellesmc@tumblr.com,Female,1998,Toyota,T100 Xtra,Bryan,Texas,77806,US,30.6521,-96.341,53180,Streich-Jones,01/15/2023
806,Melany,Halloway,mhallowaymd@elegantthemes.com,Female,2000,Toyota,Tundra,Pittsburgh,Pennsylvania,15205,US,40.4322,-80.1021,59084,"Lowe, Gislason and Auer",11/02/2025
807,Norrie,Swadlen,nswadlenme@ed.gov,Non-binary,1994,Cadillac,DeVille,Erie,Pennsylvania,16534,US,42.1827,-80.0649,83078,"Kautzer, Weissnat and Herzog",07/15/2022
808,Tarra,Beeching,tbeechingmf@w3.org,Female,2009,GMC,Acadia,Las Cruces,New Mexico,88006,US,32.3052,-106.7863,55936,"Frami, Herzog and Walsh",01/05/2026
809,Essie,Geaves,egeavesmg@51.la,Female,2010,Lexus,IS F,Ocala,Florida,34479,US,29.2541,-82.1095,84033,Yost-Hegmann,02/07/2023
810,Catherina,Brauns,cbraunsmh@ucsd.edu,Genderfluid,2002,Subaru,Outback,New Orleans,Louisiana,70160,US,30.033,-89.8826,64418,O'Keefe-O'Conner,10/12/2022
811,Viv,Iannini,vianninimi@imgur.com,Female,2011,Ford,E-Series,Washington,District of Columbia,20470,US,38.8933,-77.0146,60407,Rohan-Kutch,02/05/2023
812,Gerhardine,McGawn,gmcgawnmj@gravatar.com,Female,1998,Chevrolet,Tracker,Harrisburg,Pennsylvania,17121,US,40.2944,-76.8938,30041,Vandervort-Koelpin,09/25/2022
813,Kelsey,Haspineall,khaspineallmk@microsoft.com,Female,1992,Mazda,Miata MX-5,Fort Worth,Texas,76115,US,32.6796,-97.3336,39434,"Stehr, Larson and Howell",06/04/2023
814,Cordell,Ivel,civelml@youtube.com,Male,2011,Infiniti,G37,Washington,District of Columbia,20244,US,38.8933,-77.0146,55052,Bahringer-Wisoky,08/06/2024
815,Mella,Ridder,mriddermm@soup.io,Female,1998,Subaru,Legacy,Baltimore,Maryland,21216,US,39.3093,-76.6699,39491,Smith-Cronin,07/28/2023
816,Welsh,Calow,wcalowmn@flavors.me,Male,2010,Toyota,Tundra,Sacramento,California,95838,US,38.6406,-121.444,64363,Pacocha-Koch,09/09/2023
817,Raymund,Albarez,ralbarezmo@ucoz.com,Male,2010,Volvo,S80,Indianapolis,Indiana,46221,US,39.7509,-86.1924,76983,Windler-Reilly,12/05/2023
818,Hilary,Jilliss,hjillissmp@1und1.de,Bigender,2010,Mercedes-Benz,C-Class,Corpus Christi,Texas,78475,US,27.777,-97.4632,45933,"Lindgren, Mueller and Abshire",08/09/2023
819,Desiree,Moen,dmoenmq@slashdot.org,Female,1996,Mazda,626,Portland,Oregon,97286,US,45.5806,-122.3748,65817,"Cruickshank, McDermott and Jacobs",10/07/2025
820,Shirl,Filpo,sfilpomr@jugem.jp,Female,2000,Toyota,Tacoma Xtra,Olympia,Washington,98506,US,47.1042,-122.87,82677,"Roob, Grady and Hane",09/26/2022
821,Wolfgang,Ayrs,wayrsms@illinois.edu,Male,1997,Dodge,Stratus,Tucson,Arizona,85705,US,32.2691,-110.9845,76756,Stanton-Oberbrunner,01/29/2026
822,Lianne,Yurivtsev,lyurivtsevmt@psu.edu,Female,2012,Volkswagen,Passat,Huntsville,Alabama,35810,US,34.7784,-86.6091,62045,Weissnat-Marvin,04/10/2025
823,Lyell,Flemyng,lflemyngmu@arstechnica.com,Male,1997,Ford,Thunderbird,Arlington,Virginia,22244,US,38.8545,-77.052,73322,Bergnaum-Kessler,02/26/2024
824,Tremaine,Minghetti,tminghettimv@google.fr,Male,2011,MINI,Clubman,Birmingham,Alabama,35263,US,33.5225,-86.8094,95486,Walker LLC,03/30/2023
825,Zondra,Ainley,zainleymw@mapquest.com,Female,2001,Honda,Prelude,Eugene,Oregon,97405,US,44.0185,-123.0998,60345,Tremblay-Lind,09/20/2025
826,Tully,Dmisek,tdmisekmx@google.ca,Male,2007,Ford,F350,Tallahassee,Florida,32314,US,30.4793,-84.3462,45306,Ritchie LLC,02/25/2022
827,Vernice,Digg,vdiggmy@apache.org,Female,1988,Volkswagen,Passat,Oakland,California,94616,US,37.8044,-122.2698,91581,Frami-Krajcik,09/11/2022
828,Bryanty,Perry,bperrymz@phoca.cz,Male,1997,Buick,Regal,Seattle,Washington,98121,US,47.6151,-122.3447,54288,Boyle-Willms,05/21/2023
829,Jeni,Welland,jwellandn0@fastcompany.com,Female,1996,Buick,Roadmaster,Jamaica,New York,11499,US,40.6514,-73.8708,43668,Thompson Inc,05/03/2023
830,Willie,McNelly,wmcnellyn1@state.gov,Male,1993,Dodge,Dakota Club,Jacksonville,Florida,32209,US,30.3584,-81.692,92035,Herman Inc,11/22/2025
831,Madel,Willan,mwillann2@china.com.cn,Female,2006,Dodge,Sprinter,Saint Louis,Missouri,63167,US,38.6383,-90.4271,97439,Steuber Group,07/12/2025
832,Chicky,Abercromby,cabercrombyn3@cargocollective.com,Male,2006,Land Rover,Range Rover Sport,Washington,District of Columbia,20041,US,38.8933,-77.0146,65261,Wehner-Ullrich,01/04/2026
833,Marena,Bassil,mbassiln4@accuweather.com,Bigender,1997,Subaru,SVX,Topeka,Kansas,66611,US,39.0142,-95.6982,88064,Rath-Baumbach,03/22/2024
834,Claiborne,Perks,cperksn5@toplist.cz,Male,2006,Panoz,Esperante,Denver,Colorado,80299,US,39.7388,-104.4083,36432,Littel and Sons,08/05/2023
835,Ursulina,Stanyon,ustanyonn6@bravesites.com,Female,1992,Chrysler,LeBaron,Spartanburg,South Carolina,29305,US,35.1114,-82.1055,49734,Bartell LLC,03/04/2024
836,Gabie,Raccio,graccion7@facebook.com,Male,2006,Bentley,Continental,Minneapolis,Minnesota,55436,US,44.9034,-93.374,91487,"Gottlieb, Thompson and Berge",11/16/2024
837,Charmion,Creagh,ccreaghn8@kickstarter.com,Female,1996,Suzuki,X-90,Birmingham,Alabama,35279,US,33.5446,-86.9292,49903,Sauer-Sipes,09/15/2023
838,Stavro,Mowsley,smowsleyn9@biglobe.ne.jp,Male,2006,Toyota,Matrix,Sarasota,Florida,34276,US,27.1675,-82.381,79750,Kirlin-Parisian,12/06/2024
839,Dominique,De Souza,ddesouzana@pinterest.com,Male,1986,Mercury,Sable,Wilkes Barre,Pennsylvania,18763,US,41.2722,-75.8801,34305,Frami-Bergnaum,07/30/2023
840,Byram,Woodes,bwoodesnb@nationalgeographic.com,Male,2003,Chevrolet,Cavalier,Charlotte,North Carolina,28210,US,35.1316,-80.8577,42432,"Herzog, Bergnaum and Ferry",12/19/2022
841,Pippo,Castellet,pcastelletnc@ucla.edu,Male,2012,Subaru,Tribeca,Albuquerque,New Mexico,87121,US,35.0512,-106.7269,92309,"Gutkowski, Hickle and Pagac",04/14/2025
842,Shea,Breitler,sbreitlernd@acquirethisname.com,Male,2004,Pontiac,Bonneville,Seattle,Washington,98185,US,47.4323,-121.8034,74467,"D'Amore, Wiegand and Conroy",11/30/2022
843,Hermie,Wicklen,hwicklenne@umn.edu,Male,2010,Nissan,Versa,Milwaukee,Wisconsin,53205,US,43.0528,-87.9353,83838,"Gerhold, Kris and Dibbert",05/24/2024
844,Lory,Calderbank,lcalderbanknf@fda.gov,Non-binary,2005,Kia,Amanti,Houston,Texas,77240,US,29.834,-95.4342,73354,Mohr LLC,01/25/2023
845,Jeannie,Sturton,jsturtonng@cnet.com,Female,1995,Suzuki,Samurai,Los Angeles,California,90076,US,33.7866,-118.2987,59145,"Bogisich, Armstrong and Abernathy",05/02/2024
846,Hurleigh,Matteucci,hmatteuccinh@tuttocitta.it,Male,2009,Maserati,Quattroporte,Fort Lauderdale,Florida,33325,US,26.1097,-80.3215,63501,"Wolff, Conn and Ebert",07/01/2022
847,Jyoti,Grizard,jgrizardni@nyu.edu,Female,1999,Jaguar,XJ Series,High Point,North Carolina,27264,US,36.0807,-80.0244,72788,Schmeler-Schowalter,01/23/2024
848,Robena,Menendez,rmenendeznj@theatlantic.com,Female,2000,Infiniti,G,Houston,Texas,77288,US,29.834,-95.4342,41892,Harris LLC,01/12/2025
849,Lucho,Lansberry,llansberrynk@buzzfeed.com,Male,2002,Lexus,LX,Boise,Idaho,83711,US,43.4599,-116.244,30954,Kulas and Sons,02/04/2025
850,Rosmunda,Godbolt,rgodboltnl@huffingtonpost.com,Female,2003,Mitsubishi,Montero Sport,Vero Beach,Florida,32964,US,27.709,-80.5726,51037,Herman-Torphy,06/08/2022
851,Tamera,Lucus,tlucusnm@free.fr,Female,1969,Plymouth,Roadrunner,Valdosta,Georgia,31605,US,30.946,-83.2474,85683,Carter Group,10/13/2024
852,Nedi,Iczokvitz,niczokvitznn@shop-pro.jp,Female,1996,Audi,Cabriolet,Glendale,California,91210,US,33.7866,-118.2987,88642,"Cruickshank, Grimes and Brekke",05/04/2023
853,Portie,Pilch,ppilchno@blogspot.com,Male,1995,Chrysler,LHS,Baltimore,Maryland,21203,US,39.2847,-76.6205,97786,"O'Keefe, Morissette and Dooley",10/03/2023
854,Frannie,Tatem,ftatemnp@google.co.uk,Male,1974,Pontiac,Grand Prix,Bonita Springs,Florida,34135,US,26.3771,-81.7334,40123,Sipes-Krajcik,11/26/2024
855,Merill,Bloschke,mbloschkenq@amazon.co.jp,Male,1987,Mercedes-Benz,S-Class,Hartford,Connecticut,06140,US,41.7918,-72.7188,56268,"Veum, Tillman and Friesen",08/29/2025
856,Gayel,Errichi,gerrichinr@yahoo.co.jp,Female,2008,Jaguar,XJ,Wichita,Kansas,67230,US,37.6808,-97.1558,66048,"Ankunding, Aufderhar and Walter",09/13/2023
857,Ernaline,Paschke,epaschkens@fema.gov,Female,1995,Chevrolet,G-Series G20,Milwaukee,Wisconsin,53215,US,43.006,-87.9429,69474,Heaney-Beier,05/14/2024
858,Zitella,Malam,zmalamnt@google.it,Female,2003,Honda,Insight,Portland,Oregon,97211,US,45.5653,-122.6448,34550,"Renner, Wisoky and Quigley",05/01/2024
859,Rogers,Grimble,rgrimblenu@intel.com,Male,2010,Porsche,Boxster,Portland,Oregon,97216,US,45.5137,-122.5569,65967,"Abshire, Goldner and Denesik",07/19/2022
860,Ed,Lander,elandernv@cbc.ca,Male,1990,Lincoln,Continental Mark VII,Lubbock,Texas,79452,US,33.61,-101.8213,44283,"Lynch, Spinka and Kirlin",04/20/2024
861,Deny,Rowntree,drowntreenw@google.de,Female,1996,Chevrolet,G-Series 1500,Dayton,Ohio,45454,US,39.7505,-84.2686,52330,Lehner-Kautzer,07/11/2023
862,Bary,Tenby,btenbynx@ucsd.edu,Male,2000,Chevrolet,Impala,Fresno,California,93709,US,36.7464,-119.6397,57428,Halvorson-Hahn,09/29/2022
863,Madge,Fiske,mfiskeny@huffingtonpost.com,Genderqueer,2006,Saab,9-2X,Kent,Washington,98042,US,47.368,-122.1206,37342,Braun Group,12/19/2022
864,Robbie,Beeze,rbeezenz@cargocollective.com,Genderfluid,2004,Nissan,Maxima,Wilmington,North Carolina,28405,US,34.2651,-77.867,69935,Hauck and Sons,01/02/2024
865,Kinnie,Huelin,khuelino0@sfgate.com,Male,2001,Mitsubishi,Montero Sport,Saint Cloud,Minnesota,56398,US,45.5289,-94.5933,93537,Towne-Marks,04/29/2025
866,Jayme,Di Pietro,jdipietroo1@etsy.com,Male,1992,Audi,V8,Waterbury,Connecticut,06705,US,41.5503,-72.9963,56028,Yundt LLC,11/13/2022
867,Lyle,Fawdrie,lfawdrieo2@people.com.cn,Male,1999,Volkswagen,New Beetle,Houston,Texas,77255,US,29.834,-95.4342,33430,Heller-Douglas,12/20/2022
868,Clarette,Dohmer,cdohmero3@cargocollective.com,Female,1988,Mitsubishi,Excel,Boston,Massachusetts,02283,US,42.3389,-70.9196,59258,"Wyman, Tillman and Pollich",11/02/2025
869,Brenden,Yakunikov,byakunikovo4@yale.edu,Male,1992,Oldsmobile,Toronado,Long Beach,California,90847,US,33.7866,-118.2987,68334,"Monahan, Effertz and Nitzsche",11/02/2022
870,Fritz,Gillian,fgilliano5@princeton.edu,Male,2011,Mazda,CX-7,Dallas,Texas,75379,US,32.7673,-96.7776,73078,"McDermott, Fritsch and Erdman",10/23/2024
871,Hillel,Larver,hlarvero6@a8.net,Male,2010,Mercedes-Benz,M-Class,Washington,District of Columbia,20088,US,38.8933,-77.0146,78363,Schultz-Klocko,10/09/2022
872,Gradeigh,Pheasant,gpheasanto7@toplist.cz,Male,2011,Buick,Enclave,Saint Petersburg,Florida,33710,US,27.7898,-82.7243,40559,"McCullough, Ernser and Stanton",03/07/2023
873,Marja,Pogson,mpogsono8@eventbrite.com,Female,1991,Pontiac,Firebird,Greenville,South Carolina,29615,US,34.8661,-82.3198,55803,"Kuvalis, Schumm and Padberg",07/05/2025
874,Aaron,Queste,aquesteo9@huffingtonpost.com,Male,2002,Subaru,Impreza,Chicago,Illinois,60652,US,41.7454,-87.7135,44028,DuBuque-Wyman,11/06/2024
875,Pandora,Kittless,pkittlessoa@illinois.edu,Female,2012,Hyundai,Azera,Phoenix,Arizona,85067,US,33.2765,-112.1872,74255,Cronin-Gutmann,04/24/2022
876,Towney,Lerigo,tlerigoob@comsenz.com,Male,1993,Mercedes-Benz,500E,Oklahoma City,Oklahoma,73190,US,35.5514,-97.4075,59169,"Herman, Bogan and Ratke",10/18/2022
877,Ellissa,McIan,emcianoc@hud.gov,Female,1996,Mitsubishi,Expo LRV,Cincinnati,Ohio,45238,US,39.1092,-84.6108,37787,"Kub, Lubowitz and Lowe",03/12/2022
878,Carrie,Nudd,cnuddod@amazon.de,Female,2000,Volkswagen,GTI,Chicago,Illinois,60657,US,41.9399,-87.6528,49693,"Kozey, Rempel and Kreiger",02/16/2023
879,Krissie,Flintoffe,kflintoffeoe@discovery.com,Female,2000,Chrysler,Town & Country,Greeley,Colorado,80638,US,40.5009,-104.315,95165,"Waters, Littel and Ziemann",05/31/2025
880,Bradley,Swindall,bswindallof@house.gov,Male,1992,Mitsubishi,RVR,Reston,Virginia,20195,US,38.8318,-77.2888,66182,Crona Group,01/17/2024
881,Tad,Mundy,tmundyog@1und1.de,Genderfluid,1987,Mitsubishi,Mirage,Omaha,Nebraska,68179,US,41.2917,-96.1711,56968,"Heaney, Swaniawski and Wilkinson",03/20/2023
882,Ddene,Ruddiforth,druddiforthoh@wordpress.org,Female,2005,Buick,LeSabre,Madison,Wisconsin,53790,US,43.0696,-89.4239,52519,Beier-McClure,09/06/2024
883,Clifford,Oene,coeneoi@nationalgeographic.com,Male,1983,Porsche,944,Duluth,Minnesota,55811,US,46.8147,-92.1998,48785,Zemlak and Sons,03/09/2025
884,Allen,O'Gaven,aogavenoj@seattletimes.com,Male,2012,BMW,3 Series,Greenville,South Carolina,29605,US,34.8001,-82.3932,98997,"Balistreri, Ruecker and Emmerich",10/26/2025
885,Lynne,Gokes,lgokesok@feedburner.com,Female,2008,Nissan,Titan,Washington,District of Columbia,20260,US,38.8933,-77.0146,79253,"Weimann, Johnston and Medhurst",07/03/2022
886,Benedikta,Surcombe,bsurcombeol@gravatar.com,Agender,2012,Aston Martin,V12 Vantage,Miami,Florida,33164,US,25.5584,-80.4582,85620,Fisher and Sons,02/12/2023
887,Ignaz,Joynes,ijoynesom@bluehost.com,Male,2006,Maybach,57,Pittsburgh,Pennsylvania,15215,US,40.5048,-79.9138,77997,"Jaskolski, Green and Rippin",08/24/2022
888,Sibilla,Brickstock,sbrickstockon@usda.gov,Female,1998,Dodge,Stratus,Richmond,Virginia,23277,US,37.5535,-77.4604,85332,Stanton-Cole,12/12/2023
889,Rolph,Sherbrooke,rsherbrookeoo@house.gov,Male,1994,Ford,F350,Alexandria,Louisiana,71307,US,31.2034,-92.5269,70057,"McKenzie, Cummerata and Rosenbaum",10/29/2024
890,Ginger,Goffe,ggoffeop@disqus.com,Male,1992,GMC,Sonoma,Saint Louis,Missouri,63131,US,38.6171,-90.4504,52764,Will Group,06/30/2022
891,Bernete,Anwyl,banwyloq@blogger.com,Female,1999,Isuzu,Hombre,Sacramento,California,94250,US,38.3774,-121.4444,92980,Lueilwitz-Mann,03/17/2025
892,Alyda,Niesegen,aniesegenor@youtu.be,Female,1994,Mazda,MX-6,New Orleans,Louisiana,70129,US,30.0877,-89.8462,61444,Mitchell Group,10/16/2022
893,Niccolo,Parnby,nparnbyos@europa.eu,Polygender,2012,Mazda,Mazdaspeed 3,Milwaukee,Wisconsin,53263,US,43.0746,-88.0604,83916,Maggio and Sons,09/18/2022
894,Davis,Delgardillo,ddelgardilloot@plala.or.jp,Male,2006,Honda,Element,Shawnee Mission,Kansas,66225,US,38.8999,-94.832,36962,"Fadel, Rutherford and Mohr",03/03/2023
895,Rica,Dike,rdikeou@geocities.jp,Female,2010,Jeep,Wrangler,Saint Paul,Minnesota,55127,US,45.0803,-93.0875,71880,"Glover, Zulauf and Deckow",09/18/2023
896,Stephanie,Sancraft,ssancraftov@nymag.com,Female,2002,BMW,745,Greensboro,North Carolina,27425,US,36.0807,-80.0244,71902,"Emmerich, Ankunding and Anderson",01/09/2024
897,Raychel,Eynaud,reynaudow@issuu.com,Female,2012,Subaru,Impreza,Harrisburg,Pennsylvania,17105,US,40.2785,-76.8752,70051,"Kulas, Lindgren and Legros",12/10/2022
898,Price,Pietraszek,ppietraszekox@google.com.br,Male,2008,Rolls-Royce,Phantom,San Francisco,California,94132,US,37.7211,-122.4754,96797,Hilpert LLC,09/16/2024
899,Alvy,Rastrick,arastrickoy@hugedomains.com,Male,1992,Mitsubishi,Galant,Iowa City,Iowa,52245,US,41.6649,-91.5151,69924,Wintheiser-Boyer,04/17/2023
900,Sonny,McGeaney,smcgeaneyoz@wufoo.com,Female,2013,Volvo,XC90,Jackson,Mississippi,39282,US,32.3113,-90.3972,73412,Nader-Thiel,07/25/2022
901,Corena,Tue,ctuep0@pinterest.com,Genderqueer,2004,Mercedes-Benz,G-Class,Fort Collins,Colorado,80525,US,40.5384,-105.0547,56770,Collins Inc,07/22/2022
902,Isidor,Maunder,imaunderp1@bbc.co.uk,Male,2004,Pontiac,Montana,Boise,Idaho,83711,US,43.4599,-116.244,97262,Heidenreich-Okuneva,03/09/2023
903,Alyson,Gladstone,agladstonep2@nifty.com,Female,1998,Ford,Club Wagon,Lawrenceville,Georgia,30045,US,33.9367,-83.9573,78286,Howe-Gerhold,04/26/2025
904,Holden,Dowden,hdowdenp3@nhs.uk,Male,2007,Mazda,RX-8,New Orleans,Louisiana,70116,US,29.9686,-90.0646,35269,Rodriguez-Rutherford,05/11/2022
905,Nonna,Knifton,nkniftonp4@51.la,Female,1992,Audi,80,El Paso,Texas,79999,US,31.6948,-106.3,88938,Treutel Inc,02/02/2022
906,Oswell,Palphreyman,opalphreymanp5@dailymail.co.uk,Male,2009,Audi,R8,Santa Fe,New Mexico,87592,US,35.5212,-105.9818,74145,"Reilly, Walter and Mann",04/08/2023
907,Brigg,Gambrell,bgambrellp6@hc360.com,Male,1992,Cadillac,Eldorado,Yonkers,New York,10705,US,40.9177,-73.895,70358,"Harvey, Borer and McKenzie",12/17/2024
908,Stefa,Rossetti,srossettip7@discuz.net,Female,1993,BMW,M5,Washington,District of Columbia,20268,US,38.8933,-77.0146,82894,"Beahan, Mraz and Yundt",09/23/2024
909,Levey,Gove,lgovep8@taobao.com,Male,2009,Suzuki,Equator,Dallas,Texas,75260,US,32.7673,-96.7776,66148,Herzog LLC,03/14/2022
910,Carmine,Van der Krui,cvanderkruip9@nbcnews.com,Male,2008,Chrysler,300,San Antonio,Texas,78240,US,29.5189,-98.6006,85875,Padberg-Labadie,10/20/2022
911,Carolyne,Grushin,cgrushinpa@wisc.edu,Female,2010,Dodge,Ram 3500,Fort Collins,Colorado,80525,US,40.5384,-105.0547,89875,"Rempel, Kilback and Larson",03/23/2025
912,Oran,Maclean,omacleanpb@latimes.com,Male,2009,Chevrolet,Impala,New York City,New York,10039,US,40.8265,-73.9383,90002,Greenfelder Inc,05/18/2022
913,Marika,Aery,maerypc@bloglovin.com,Female,2009,Volkswagen,Touareg,Macon,Georgia,31205,US,32.8067,-83.6913,40419,Sipes-Berge,08/10/2024
914,Alden,Tite,atitepd@infoseek.co.jp,Male,1987,Mazda,B2600,San Jose,California,95138,US,37.2602,-121.7709,58362,"Glover, Flatley and O'Hara",08/11/2022
915,Salome,Anscott,sanscottpe@canalblog.com,Female,2009,Lamborghini,Gallardo,Oklahoma City,Oklahoma,73197,US,35.5514,-97.4075,97581,"Ondricka, Lakin and Langosh",05/30/2022
916,Mick,Suddaby,msuddabypf@howstuffworks.com,Male,1989,Pontiac,LeMans,Birmingham,Alabama,35279,US,33.5446,-86.9292,67788,"Satterfield, Steuber and Balistreri",08/05/2022
917,Brendon,Goolding,bgooldingpg@furl.net,Polygender,1997,Dodge,Ram Van 3500,Cumming,Georgia,30130,US,34.2216,-84.1537,54834,Willms-Emmerich,12/19/2023
918,Lebbie,Saffe,lsaffeph@hud.gov,Female,2008,Lexus,GS,Rochester,New York,14624,US,43.1216,-77.7311,90829,Denesik-Walter,03/30/2025
919,Dyana,Gobbet,dgobbetpi@google.com.hk,Female,2002,Mitsubishi,Challenger,Buffalo,New York,14263,US,42.7684,-78.8871,65089,Halvorson and Sons,09/21/2025
920,Carmita,Zamorrano,czamorranopj@boston.com,Female,1997,Infiniti,I,New York City,New York,10170,US,40.7526,-73.9755,62708,Oberbrunner LLC,05/27/2025
921,Meredith,Meagher,mmeagherpk@dagondesign.com,Male,2005,Nissan,Xterra,Fort Wayne,Indiana,46825,US,41.1465,-85.1232,87681,"Gleason, Veum and Waters",07/24/2025
922,Benedikt,Chester,bchesterpl@myspace.com,Male,1992,Mercury,Grand Marquis,Honolulu,Hawaii,96845,US,21.3278,-157.8294,59809,Klocko LLC,08/10/2024
923,Constantina,D'Aulby,cdaulbypm@liveinternet.ru,Female,2010,Ford,E-Series,Baltimore,Maryland,21203,US,39.2847,-76.6205,53293,"Pagac, Jenkins and O'Connell",02/03/2022
924,Elyse,Williscroft,ewilliscroftpn@php.net,Non-binary,1986,Mercury,Grand Marquis,Miami,Florida,33164,US,25.5584,-80.4582,37376,Kovacek LLC,07/08/2022
925,Elnar,Dillimore,edillimorepo@uiuc.edu,Male,1991,Pontiac,Grand Am,Washington,District of Columbia,20022,US,38.945,-77.0364,90615,Goyette-Grady,03/12/2025
926,Guss,Catlow,gcatlowpp@phpbb.com,Male,1984,Pontiac,Grand Prix,Hartford,Connecticut,06145,US,41.7918,-72.7188,90141,"Toy, DuBuque and Raynor",02/02/2023
927,Frederik,Bogue,fboguepq@arizona.edu,Male,2001,Mitsubishi,Galant,Anaheim,California,92825,US,33.8356,-117.9132,35710,Prohaska-Breitenberg,04/29/2024
928,Kelci,Woolis,kwoolispr@sitemeter.com,Female,2000,Chevrolet,Corvette,Birmingham,Alabama,35290,US,33.5446,-86.9292,71925,Cruickshank and Sons,02/01/2022
929,Alick,Elsbury,aelsburyps@youku.com,Male,2008,Ford,E150,Huntsville,Texas,77343,US,30.7813,-95.5953,39046,Runolfsson-Barton,11/11/2025
930,Glynnis,Guiu,gguiupt@twitpic.com,Female,1997,Acura,Integra,Memphis,Tennessee,38150,US,35.2017,-89.9715,33731,Collier LLC,03/30/2025
931,Brook,Daniau,bdaniaupu@sun.com,Female,1996,Volkswagen,rio,Phoenix,Arizona,85015,US,33.5082,-112.1011,54258,"Leannon, Rosenbaum and O'Hara",01/29/2023
932,Humbert,Rotchell,hrotchellpv@ifeng.com,Male,1995,Volkswagen,GTI,Salt Lake City,Utah,84130,US,40.6681,-111.9083,33230,Pollich-Bogisich,01/12/2024
933,Nicolina,Claasen,nclaasenpw@buzzfeed.com,Female,1999,Mitsubishi,3000GT,Evansville,Indiana,47732,US,37.9971,-87.575,43377,"Bergnaum, Ritchie and Lueilwitz",05/18/2025
934,Austen,Andersson,aanderssonpx@php.net,Male,2010,BMW,7 Series,Marietta,Georgia,30061,US,33.9328,-84.556,69862,"Kilback, Gislason and Leannon",12/19/2023
935,Curry,Hodgets,chodgetspy@symantec.com,Male,2009,Mitsubishi,Endeavor,Saint Louis,Missouri,63136,US,38.7196,-90.27,57527,Rutherford LLC,12/31/2025
936,Gearalt,Fortnum,gfortnumpz@reddit.com,Male,1995,GMC,2500,Orlando,Florida,32808,US,28.5803,-81.4396,32500,"Weissnat, Toy and Wilkinson",12/21/2022
937,Garret,Simmill,gsimmillq0@washingtonpost.com,Male,1997,Plymouth,Voyager,Atlanta,Georgia,31165,US,33.7629,-84.4226,94623,"Padberg, Spencer and Reichel",10/31/2024
938,Gordan,Dawltrey,gdawltreyq1@dropbox.com,Genderqueer,2007,Hyundai,Azera,Fullerton,California,92640,US,33.7862,-117.9309,35395,"Hoeger, Osinski and Rempel",11/22/2024
939,Darrick,Coite,dcoiteq2@paginegialle.it,Male,2006,Chevrolet,Silverado Hybrid,Philadelphia,Pennsylvania,19120,US,40.0343,-75.1213,33713,"Emard, Cummings and Kerluke",07/26/2023
940,Pail,Bromwich,pbromwichq3@globo.com,Male,1999,Chevrolet,Metro,Salt Lake City,Utah,84140,US,40.7713,-111.9309,41472,"Corwin, Kertzmann and Thiel",08/16/2025
941,Sonnie,Porson,sporsonq4@va.gov,Female,2009,Kia,Borrego,Tucson,Arizona,85732,US,32.0848,-110.7122,58442,Douglas Group,03/31/2025
942,Margie,Hazelgreave,mhazelgreaveq5@businessinsider.com,Female,2001,Mercury,Mountaineer,Saint Cloud,Minnesota,56398,US,45.5289,-94.5933,69493,Goodwin-Hackett,08/29/2022
943,Clementia,Reisk,creiskq6@narod.ru,Female,1997,Dodge,Caravan,Houston,Texas,77271,US,29.834,-95.4342,45565,Bergnaum Group,03/12/2025
944,Concettina,Thieme,cthiemeq7@surveymonkey.com,Female,1998,Chevrolet,Monte Carlo,Washington,District of Columbia,20414,US,38.884,-77.0221,58564,Greenholt-Kris,05/29/2024
945,Park,Von Helmholtz,pvonhelmholtzq8@edublogs.org,Male,2010,Ford,F150,Newark,New Jersey,07104,US,40.7664,-74.1695,77433,Nicolas-Mraz,04/30/2022
946,Everett,Babonau,ebabonauq9@china.com.cn,Male,2000,Mercury,Mountaineer,Birmingham,Alabama,35231,US,33.5446,-86.9292,51622,Borer-Goodwin,12/28/2024
947,Rik,Nehlsen,rnehlsenqa@jimdo.com,Male,2008,BMW,X3,Tulsa,Oklahoma,74133,US,36.0467,-95.8841,31577,"Dickens, Koss and Vandervort",11/18/2024
948,Ab,Mannock,amannockqb@cnet.com,Male,1992,Ford,Probe,Omaha,Nebraska,68179,US,41.2917,-96.1711,68674,Wehner Inc,04/13/2024
949,Kerk,Lighterness,klighternessqc@free.fr,Male,2009,Audi,A8,Minneapolis,Minnesota,55446,US,45.04,-93.4865,42919,"Roob, Jaskolski and Gusikowski",05/02/2024
950,Cam,Bolsteridge,cbolsteridgeqd@wp.com,Male,1993,Mercedes-Benz,SL-Class,Minneapolis,Minnesota,55423,US,44.8756,-93.2553,83865,Johns Group,04/23/2024
951,Roz,Johnes,rjohnesqe@fc2.com,Female,2012,GMC,Savana 1500,Troy,Michigan,48098,US,42.5991,-83.1789,61298,Schaefer-Nicolas,08/26/2024
952,Courtney,Gudeman,cgudemanqf@japanpost.jp,Male,2008,GMC,Savana,Memphis,Tennessee,38114,US,35.0981,-89.9825,59110,"Treutel, Frami and Romaguera",08/10/2023
953,Bertha,Cardow,bcardowqg@dagondesign.com,Female,2012,Chevrolet,Camaro,Sioux Falls,South Dakota,57198,US,43.6746,-96.7913,57284,Halvorson-Goyette,02/09/2025
954,Ferne,Waplinton,fwaplintonqh@wix.com,Female,1997,Mitsubishi,Montero Sport,Austin,Texas,78749,US,30.2166,-97.8508,57631,Barrows-Lockman,08/19/2022
955,Melva,Mayell,mmayellqi@smugmug.com,Female,1990,Buick,Coachbuilder,Shreveport,Louisiana,71166,US,32.6076,-93.7526,35620,"Harvey, Kulas and Hirthe",04/18/2024
956,Alison,Patrone,apatroneqj@g.co,Female,2007,Acura,TSX,Ogden,Utah,84403,US,41.1894,-111.9489,39323,"Kihn, Heaney and Nitzsche",09/04/2023
957,Lurlene,Kennally,lkennallyqk@phpbb.com,Female,1994,Subaru,Loyale,San Francisco,California,94154,US,37.7848,-122.7278,65236,Rice Inc,01/11/2024
958,Chuck,Yankeev,cyankeevql@salon.com,Male,2001,Subaru,Forester,Richmond,Virginia,23203,US,37.5593,-77.4471,78298,Watsica-Hyatt,08/11/2024
959,Benetta,Goldster,bgoldsterqm@multiply.com,Female,2004,Isuzu,Ascender,Indianapolis,Indiana,46266,US,39.7795,-86.1328,70418,"Lynch, Hegmann and Kerluke",11/15/2024
960,Gretna,Falconer-Taylor,gfalconertaylorqn@bbc.co.uk,Female,2010,Lexus,IS-F,Washington,District of Columbia,20540,US,38.8874,-77.0047,66715,"O'Keefe, Lubowitz and Okuneva",02/07/2023
961,Korney,Berthod,kberthodqo@admin.ch,Female,2008,Kia,Carens,Phoenix,Arizona,85077,US,33.2765,-112.1872,42821,Fisher LLC,03/27/2023
962,Dorthy,Fullerd,dfullerdqp@samsung.com,Female,2009,Saturn,Sky,Tempe,Arizona,85284,US,33.3363,-111.9197,57372,Hegmann and Sons,06/01/2024
963,Prinz,Iczokvitz,piczokvitzqq@sourceforge.net,Male,1997,Mitsubishi,3000GT,Brooklyn,New York,11236,US,40.6407,-73.9028,91042,"Glover, Daugherty and Paucek",01/09/2026
964,Florencia,Hulks,fhulksqr@imdb.com,Female,1997,Acura,Integra,Kansas City,Kansas,66112,US,39.116,-94.764,89654,Huel Group,07/19/2023
965,Tommy,Slewcock,tslewcockqs@yolasite.com,Female,2006,Toyota,Prius,Albuquerque,New Mexico,87180,US,35.0443,-106.6729,99761,Quitzon-Grant,12/14/2025
966,Ethelda,Kynan,ekynanqt@webs.com,Female,2009,Pontiac,G3,Jackson,Mississippi,39296,US,32.3113,-90.3972,70568,Lynch LLC,09/24/2023
967,Tore,Scotchbourouge,tscotchbourougequ@naver.com,Male,1986,Audi,4000s,San Francisco,California,94116,US,37.7441,-122.4863,91340,"Schmeler, Welch and Schoen",08/12/2022
968,Kissee,Brimley,kbrimleyqv@globo.com,Female,2005,Scion,xB,Carson City,Nevada,89706,US,39.2025,-119.7526,71425,O'Hara Inc,12/29/2025
969,Gun,Baird,gbairdqw@php.net,Male,2011,Lincoln,MKT,Pittsburgh,Pennsylvania,15274,US,40.4344,-80.0248,71743,"Marquardt, Runte and Dickens",06/02/2025
970,Poul,Jeromson,pjeromsonqx@dagondesign.com,Non-binary,2011,Volvo,C70,Fort Lauderdale,Florida,33315,US,26.0989,-80.1541,60155,Schuppe Group,09/01/2023
971,Patrice,Ghidotti,pghidottiqy@nasa.gov,Male,1997,Land Rover,Defender 90,Palmdale,California,93591,US,34.6019,-117.8123,93171,"Hand, Stoltenberg and Runolfsdottir",05/19/2023
972,Connie,Clemenceau,cclemenceauqz@spotify.com,Male,2009,Maserati,GranTurismo,Des Moines,Iowa,50330,US,41.6727,-93.5722,33517,"Ratke, Hoeger and Koepp",11/22/2023
973,Dannie,Odd,doddr0@sfgate.com,Bigender,2002,Mazda,Protege5,Chandler,Arizona,85246,US,33.2765,-112.1872,82550,"Nicolas, Lehner and Crona",12/25/2025
974,Ban,Ferencz,bferenczr1@dell.com,Male,2011,Mazda,Mazda6,Vancouver,Washington,98682,US,45.6644,-122.5212,69397,Dach-Bins,06/08/2022
975,Lenard,Phillott,lphillottr2@github.com,Male,2011,Nissan,Sentra,Marietta,Georgia,30061,US,33.9328,-84.556,44134,Conn-Feest,04/03/2023
976,Burty,Bines,bbinesr3@reddit.com,Male,2000,Pontiac,Grand Prix,Tulsa,Oklahoma,74156,US,36.3024,-95.9605,93660,"Schaden, Wisoky and Lebsack",07/10/2025
977,Babara,Euplate,beuplater4@wp.com,Female,2006,Maybach,57,Oklahoma City,Oklahoma,73119,US,35.421,-97.5616,51086,"Anderson, Cremin and Shanahan",12/31/2025
978,Aleksandr,Gynn,agynnr5@java.com,Male,2005,Honda,Civic Si,New York City,New York,10045,US,40.7086,-74.0087,70552,Effertz and Sons,05/10/2025
979,Kimbell,Brattell,kbrattellr6@cisco.com,Male,2012,Infiniti,QX56,Brockton,Massachusetts,02305,US,41.9705,-70.7014,59770,"Nader, Schamberger and Abbott",01/23/2023
980,Billie,Kienzle,bkienzler7@indiatimes.com,Agender,1988,Ford,LTD Crown Victoria,El Paso,Texas,79940,US,31.6948,-106.3,67095,Reynolds Group,04/06/2022
981,Adi,Vel,avelr8@cbc.ca,Female,2004,Mercury,Sable,Fort Worth,Texas,76110,US,32.7065,-97.3375,85942,Kilback-Ledner,05/31/2023
982,Jackqueline,Melbourn,jmelbournr9@nsw.gov.au,Agender,2009,Audi,A4,Saint Joseph,Missouri,64504,US,39.7076,-94.8677,54676,Barrows and Sons,12/23/2025
983,Sasha,Simacek,ssimacekra@jigsy.com,Male,2011,Toyota,Tacoma,Phoenix,Arizona,85030,US,33.2765,-112.1872,34227,"Funk, Muller and Heaney",03/13/2024
984,Petrina,Earl,pearlrb@deviantart.com,Female,2003,Jaguar,XK Series,Fairbanks,Alaska,99790,US,64.8561,-146.276,42932,"Boehm, Kunde and Stanton",08/12/2025
985,Ynes,Lennox,ylennoxrc@vimeo.com,Female,2006,Infiniti,G,Denver,Colorado,80241,US,39.9274,-104.9548,37668,Kuvalis-Ortiz,02/06/2023
986,Waite,Potier,wpotierrd@marriott.com,Male,2004,Nissan,Murano,Washington,District of Columbia,20215,US,38.8933,-77.0146,90455,Orn-Cummings,08/09/2022
987,Leah,Matantsev,lmatantsevre@icq.com,Female,2008,Suzuki,Reno,Jacksonville,Florida,32215,US,30.2407,-81.893,98967,White-Klein,02/15/2025
988,Harrison,Maulden,hmauldenrf@irs.gov,Male,2009,Ford,Crown Victoria,Atlanta,Georgia,30375,US,33.8444,-84.474,76684,"Lind, Kuphal and Ruecker",10/17/2022
989,Yuma,Beckham,ybeckhamrg@cnet.com,Genderqueer,1993,Volkswagen,Golf,Phoenix,Arizona,85040,US,33.4061,-112.0265,91570,Schroeder Inc,07/31/2022
990,Horst,Hamlet,hhamletrh@jiathis.com,Bigender,2008,Chrysler,300,Denton,Texas,76210,US,33.1428,-97.0727,87595,"Wuckert, Pfeffer and Feest",05/13/2023
991,Skippy,Millard,smillardri@ted.com,Polygender,2007,Ford,Escape,Washington,District of Columbia,20041,US,38.8933,-77.0146,77040,Grant and Sons,09/08/2023
992,Paddie,Arthy,parthyrj@webnode.com,Male,1992,Dodge,Ram Van B250,El Paso,Texas,79905,US,31.7674,-106.4304,60960,"Bode, Goyette and Schiller",08/30/2024
993,Edmon,Raikes,eraikesrk@howstuffworks.com,Male,1993,Chrysler,Fifth Ave,Kansas City,Kansas,66112,US,39.116,-94.764,90994,Weimann Inc,09/01/2024
994,Dieter,Brasseur,dbrasseurrl@unicef.org,Male,1996,Dodge,Neon,Saint Petersburg,Florida,33731,US,27.8918,-82.7248,88999,Balistreri Inc,06/10/2025
995,Jarrad,Kasparski,jkasparskirm@psu.edu,Male,2005,Porsche,911,Missoula,Montana,59806,US,47.116,-114.0498,64049,Johnston and Sons,09/18/2023
996,Hanni,Pape,hpapern@i2i.jp,Female,2003,Ford,Explorer,Houston,Texas,77299,US,29.834,-95.4342,75370,Hermann-Douglas,12/07/2024
997,Mendy,Elsbury,melsburyro@berkeley.edu,Agender,2009,Infiniti,M,Toledo,Ohio,43635,US,41.6868,-83.4394,42814,Hintz-Cartwright,05/11/2023
998,Leroy,Rodda,lroddarp@hostgator.com,Male,2012,Scion,tC,Pittsburgh,Pennsylvania,15274,US,40.4344,-80.0248,72245,"Hyatt, Torphy and Towne",02/11/2024
999,Adara,Gurley,agurleyrq@hc360.com,Female,2006,Ferrari,F430 Spider,Clearwater,Florida,34615,US,27.9843,-82.7813,95173,Pagac Inc,12/09/2024
1000,Tye,Mogg,tmoggrr@yolasite.com,Male,1998,Mercedes-Benz,SL-Class,Austin,Texas,78769,US,30.3264,-97.7713,62889,"Macejkovic, Lueilwitz and Ankunding",06/13/2023
