id,firstName,lastName,email,gender,carYear,automobileMake,automobileModel,customerRegion,customerState,customerPostal,customerCountry_ISO2,customerRegionLatitude,ownerRegionLongitude,automobilePrice,customer,purchaseDate
1,Broddie,Biers,bbiers0@free.fr,Male,1999,Ford,Crown Victoria,Lake Charles,Louisiana,70616,US,30.2642,-93.3265,33934,"Rosenbaum, Schmidt and Kulas",10/18/2024
2,Ailbert,Geill,ageill1@topsy.com,Male,2012,BMW,6 Series,Raleigh,North Carolina,27621,US,35.7977,-78.6253,41916,Kuvalis and Sons,05/14/2023
3,Josee,Binley,jbinley2@reverbnation.com,Female,2007,Mazda,Mazda6,Raleigh,North Carolina,27690,US,35.7977,-78.6253,77923,Kulas LLC,10/04/2022
4,Merell,Wayt,mwayt3@studiopress.com,Male,2003,Buick,Century,West Palm Beach,Florida,33421,US,26.6459,-80.4303,98914,"Mann, Ryan and Dickinson",08/25/2024
5,Aldridge,Bodimeade,abodimeade4@ibm.com,Male,2006,Buick,Terraza,Fayetteville,North Carolina,28305,US,35.056,-78.9047,36684,"Hauck, Hoppe and O'Kon",04/30/2025
6,Ambur,Jodrellec,ajodrellec5@slashdot.org,Non-binary,1994,Audi,Cabriolet,Englewood,Colorado,80150,US,39.7388,-104.4083,71126,Raynor-Barton,06/03/2025
7,Ray,Offen,roffen6@hao123.com,Female,1992,Ford,E-Series,Jacksonville,Florida,32204,US,30.3189,-81.6854,60809,Reinger LLC,06/23/2025
8,Melany,Dilks,mdilks7@sbwire.com,Female,1992,Chevrolet,Lumina,Huntington,West Virginia,25711,US,38.4134,-82.2774,42497,"Wolf, Douglas and Nikolaus",10/17/2022
9,Sloan,Fleg,sfleg8@purevolume.com,Male,1995,Dodge,Caravan,Philadelphia,Pennsylvania,19160,US,40.0018,-75.1179,65300,Kihn and Sons,02/17/2022
10,Peder,Tomkinson,ptomkinson9@nifty.com,Male,2007,Saab,9-3,Baltimore,Maryland,21281,US,39.2847,-76.6205,88097,Bechtelar and Sons,06/12/2023
11,Emmye,Hammel,ehammela@netscape.com,Female,1993,Pontiac,Firebird,Richmond,Virginia,23228,US,37.625,-77.4959,51650,Daugherty-Huels,12/28/2024
12,Donnell,McLeod,dmcleodb@google.com,Male,2010,Subaru,Forester,Pasadena,California,91117,US,33.7866,-118.2987,83377,"Legros, Halvorson and Oberbrunner",04/18/2022
13,Rinaldo,Carolan,rcarolanc@dropbox.com,Male,1998,Mercedes-Benz,S-Class,San Antonio,Texas,78291,US,29.4375,-98.4616,32714,Barton-Lockman,11/20/2022
14,Isabeau,Eacott,ieacottd@miibeian.gov.cn,Female,1997,Volkswagen,Golf,Amarillo,Texas,79118,US,35.0763,-101.8349,74416,Roob and Sons,08/12/2025
15,Alexander,Teape,ateapee@wunderground.com,Male,2012,Audi,A5,Reno,Nevada,89510,US,39.7699,-119.6027,50820,Mayert and Sons,09/08/2023
16,Richard,Essame,ressamef@xing.com,Male,1992,Buick,Park Avenue,Las Vegas,Nevada,89130,US,36.2471,-115.221,42139,"Brown, Macejkovic and Schmitt",02/06/2025
17,Huntlee,Crowden,hcrowdeng@hexun.com,Male,1991,Mitsubishi,GTO,Austin,Texas,78789,US,30.3264,-97.7713,63957,Shields-Greenfelder,09/11/2023
18,Vick,Goucher,vgoucherh@irs.gov,Male,1998,Mitsubishi,GTO,Hyattsville,Maryland,20784,US,38.9513,-76.8958,74343,"Kuhn, Rath and Schneider",10/22/2022
19,Elva,Spyby,espybyi@wikipedia.org,Female,2002,Volkswagen,GTI,Petaluma,California,94975,US,38.4631,-122.99,90463,"Wunsch, Beer and Shields",03/20/2025
20,Edeline,Lamdin,elamdinj@cmu.edu,Genderqueer,1987,Subaru,Brat,Cleveland,Ohio,44191,US,41.6857,-81.6728,60524,Wisozk Inc,05/09/2023
21,Alana,Muge,amugek@amazon.co.uk,Female,2012,Toyota,FJ Cruiser,Elmira,New York,14905,US,42.0869,-76.8397,75454,"Roob, O'Hara and Schamberger",09/24/2023
22,Field,Medway,fmedwayl@nbcnews.com,Male,1987,Ford,Tempo,Mobile,Alabama,36616,US,30.671,-88.1267,32831,Collins and Sons,12/31/2024
23,Dimitri,Widocks,dwidocksm@cloudflare.com,Male,2012,Cadillac,Escalade EXT,Albany,New York,12222,US,42.6853,-73.8253,67963,Smith-Torphy,07/31/2025
24,Hamish,Marion,hmarionn@state.gov,Male,1991,Honda,Civic,Atlanta,Georgia,30340,US,33.8932,-84.2539,98790,Keeling-Schultz,07/22/2025
25,Woodie,McGucken,wmcguckeno@fda.gov,Male,2003,Honda,Civic,Columbia,South Carolina,29215,US,34.006,-80.9708,35169,Keeling-Simonis,11/01/2023
26,Munmro,Beange,mbeangep@disqus.com,Male,1994,Nissan,Altima,Miami,Florida,33164,US,25.5584,-80.4582,59478,Herzog and Sons,10/09/2022
27,Aeriell,Finnes,afinnesq@skyrock.com,Female,1993,Ford,Escort,Huntington Beach,California,92648,US,33.6773,-118.0051,46753,Purdy-Veum,07/13/2023
28,Giusto,Halfhyde,ghalfhyder@who.int,Male,2010,Hyundai,Tucson,San Jose,California,95108,US,37.3378,-121.8908,80706,"Lubowitz, Gottlieb and Schowalter",03/19/2023
29,Mirella,Heddon,mheddons@mayoclinic.com,Female,2010,Chrysler,PT Cruiser,Washington,District of Columbia,20503,US,38.9007,-77.0431,33877,Maggio LLC,09/30/2023
30,Rochell,McClune,rmcclunet@skype.com,Female,2010,Lexus,ES,Durham,North Carolina,27710,US,36.0512,-78.8577,32560,Smith Group,09/22/2023
31,Denni,Dibsdale,ddibsdaleu@miitbeian.gov.cn,Female,2003,Ford,Expedition,Valdosta,Georgia,31605,US,30.946,-83.2474,44501,"Hand, Jacobs and Hammes",01/28/2026
32,Bobinette,Pridmore,bpridmorev@etsy.com,Female,2000,Mazda,MX-5,Newark,New Jersey,07195,US,40.7918,-74.2452,62471,"Block, Rohan and Block",04/22/2025
33,Gwendolyn,Penley,gpenleyw@answers.com,Female,2007,Toyota,Tacoma,Lincoln,Nebraska,68505,US,40.8247,-96.6252,99436,"Schinner, Nienow and Schaden",11/09/2022
34,Wain,Caplan,wcaplanx@state.gov,Male,1991,Buick,Park Avenue,Houston,Texas,77005,US,29.7179,-95.4263,88974,Stehr-O'Conner,12/15/2022
35,Ludovika,Bolgar,lbolgary@bravesites.com,Female,2009,Toyota,Highlander,Reno,Nevada,89519,US,39.4814,-119.8591,62417,Koelpin-Douglas,12/21/2023
36,Cooper,Butterfield,cbutterfieldz@unc.edu,Male,2012,GMC,Savana 2500,Canton,Ohio,44705,US,40.8259,-81.3399,81165,Kutch Inc,05/17/2022
37,Marwin,Dawbery,mdawbery10@addtoany.com,Male,2005,Subaru,Baja,Youngstown,Ohio,44555,US,41.1039,-80.6436,46647,"Veum, Haag and Beatty",02/03/2024
38,Dilan,Ciani,dciani11@webmd.com,Non-binary,2005,Honda,Accord,Evansville,Indiana,47725,US,38.1071,-87.5256,38605,Littel Group,01/22/2024
39,Paule,Eilhart,peilhart12@indiegogo.com,Female,2008,Maserati,Quattroporte,Evansville,Indiana,47737,US,37.9971,-87.575,98900,Lesch-Reynolds,02/11/2024
40,Maurits,Sauvan,msauvan13@mayoclinic.com,Male,2008,Suzuki,Reno,Atlanta,Georgia,31106,US,33.8444,-84.474,53185,Mayert Group,08/09/2025
41,Camilla,Tandy,ctandy14@technorati.com,Female,2010,Chrysler,PT Cruiser,Pasadena,California,91103,US,34.1669,-118.1551,92063,Shanahan LLC,07/13/2024
42,Siffre,Tollit,stollit15@furl.net,Male,2002,Chevrolet,S10,Richmond,California,94807,US,37.7772,-121.9554,42653,"Larson, Emmerich and Veum",01/25/2025
43,Jasen,Mabbutt,jmabbutt16@ning.com,Male,2004,Saab,9-5,Gainesville,Florida,32605,US,29.6785,-82.3679,71370,"Bernhard, Thompson and Homenick",06/27/2022
44,Illa,Whittlesee,iwhittlesee17@bbb.org,Female,2012,BMW,Z4,Miami,Florida,33134,US,25.768,-80.2714,97744,"Jakubowski, Treutel and Schaefer",09/12/2023
45,Clayborn,Biddleston,cbiddleston18@creativecommons.org,Genderfluid,2007,Lincoln,Town Car,Columbus,Ohio,43240,US,40.1454,-82.9817,68696,Wisoky Inc,08/23/2023
46,Jan,Keiling,jkeiling19@creativecommons.org,Female,1997,Oldsmobile,Cutlass Supreme,Scranton,Pennsylvania,18505,US,41.3914,-75.6657,64168,"Boehm, Langosh and Keeling",10/21/2022
47,Eddi,Kaines,ekaines1a@icio.us,Female,1998,Dodge,Grand Caravan,Dallas,Texas,75397,US,32.7673,-96.7776,65478,Heaney-Gottlieb,07/12/2024
48,Osbert,Stillgoe,ostillgoe1b@youtube.com,Male,1998,Isuzu,Trooper,Pueblo,Colorado,81015,US,38.1286,-104.5523,69174,"Beer, Quigley and Gerhold",07/21/2024
49,Tim,Leggott,tleggott1c@squidoo.com,Polygender,2008,Chevrolet,Malibu,San Francisco,California,94177,US,37.7848,-122.7278,93260,Franecki and Sons,11/16/2022
50,Dal,Jacobs,djacobs1d@etsy.com,Male,1999,GMC,Jimmy,Springfield,Missouri,65898,US,37.1803,-93.2951,60767,Jakubowski Group,06/09/2023
51,Rosabel,Potter,rpotter1e@shinystat.com,Genderfluid,1991,Mercedes-Benz,E-Class,Austin,Texas,78737,US,30.2107,-97.9427,61678,Schultz-Von,07/23/2025
52,Hannie,Nellis,hnellis1f@newsvine.com,Female,2000,Honda,CR-V,Grand Junction,Colorado,81505,US,39.1071,-108.5968,37429,Heidenreich and Sons,10/02/2024
53,Karee,Harlow,kharlow1g@webeden.co.uk,Female,1994,Acura,Legend,Tampa,Florida,33647,US,28.1147,-82.3678,40884,Berge Group,12/21/2024
54,Martainn,Drewett,mdrewett1h@rediff.com,Male,2006,Infiniti,G35,Portsmouth,Virginia,23705,US,36.8686,-76.3552,73109,Emard Inc,06/02/2024
55,Arther,Pien,apien1i@discovery.com,Male,1984,Volkswagen,Vanagon,Philadelphia,Pennsylvania,19104,US,39.9597,-75.2024,31291,Barton-Goyette,11/21/2022
56,Brittney,Loblie,bloblie1j@cdbaby.com,Female,2003,Nissan,Maxima,Salt Lake City,Utah,84115,US,40.7145,-111.8931,98625,Fay and Sons,01/04/2024
57,Suzanne,Gaiter,sgaiter1k@squidoo.com,Female,2007,Mercury,Mariner,Santa Clara,California,95054,US,37.3924,-121.9623,91718,Kub-Dickinson,01/01/2023
58,Eward,Swinley,eswinley1l@de.vu,Male,2012,Chevrolet,Sonic,Stamford,Connecticut,06922,US,41.0516,-73.5143,37113,Mueller Group,06/30/2025
59,Travers,Cockburn,tcockburn1m@tumblr.com,Male,1999,Toyota,Avalon,San Francisco,California,94142,US,37.7848,-122.7278,67141,Crist and Sons,03/22/2022
60,Vernen,Beardsell,vbeardsell1n@wordpress.org,Male,2012,Audi,A3,Washington,District of Columbia,20238,US,38.8933,-77.0146,77617,Fay-Heller,04/08/2023
61,Glennie,Loker,gloker1o@lulu.com,Female,1990,Volkswagen,Cabriolet,Charleston,West Virginia,25305,US,38.3358,-81.6123,40141,Lynch-Jerde,04/05/2024
62,Al,Lacky,alacky1p@opera.com,Male,1998,Mercury,Sable,Palmdale,California,93591,US,34.6019,-117.8123,93481,"Bartell, Wisoky and Bechtelar",06/25/2024
63,Wendall,Eloi,weloi1q@prweb.com,Male,2011,Chevrolet,Aveo,Lansing,Michigan,48901,US,42.5992,-84.372,90866,Price-Gerhold,03/18/2024
64,Noella,Bunce,nbunce1r@kickstarter.com,Female,2010,Nissan,Armada,Bonita Springs,Florida,34135,US,26.3771,-81.7334,99234,"Lueilwitz, Yost and Waters",09/17/2024
65,Dorotea,Jandak,djandak1s@ovh.net,Female,2001,GMC,Sierra 1500,Lubbock,Texas,79405,US,33.571,-101.8507,77917,"Ratke, Goldner and Gorczany",11/09/2025
66,Ulberto,Poschel,uposchel1t@t-online.de,Male,2006,Mercedes-Benz,G-Class,Lexington,Kentucky,40576,US,38.0283,-84.4715,89791,Price Inc,10/01/2024
67,Vonnie,Mayger,vmayger1u@archive.org,Female,2005,Toyota,MR2,Ashburn,Virginia,22093,US,39.0853,-77.6452,83773,Johnson LLC,01/14/2026
68,Mercedes,Coushe,mcoushe1v@bravesites.com,Female,2000,Isuzu,Hombre Space,Birmingham,Alabama,35290,US,33.5446,-86.9292,59735,Bins-Gulgowski,03/17/2025
69,Hill,Hallick,hhallick1w@uiuc.edu,Male,2002,Acura,RSX,West Palm Beach,Florida,33405,US,26.67,-80.0582,36366,Larkin-Parker,09/14/2022
70,Bambi,Almack,balmack1x@cbslocal.com,Female,2010,Mazda,CX-7,Washington,District of Columbia,20557,US,38.8874,-77.0047,90294,Becker LLC,09/13/2024
71,Donnie,Deering,ddeering1y@symantec.com,Polygender,2005,Dodge,Neon,Jacksonville,Florida,32225,US,30.351,-81.5061,44304,"Ondricka, Crist and Maggio",04/30/2025
72,Jackqueline,Verbeke,jverbeke1z@dedecms.com,Female,1988,Mitsubishi,Starion,Columbus,Georgia,31914,US,32.491,-84.8741,36921,Purdy-Moore,09/07/2022
73,Emera,Rundall,erundall20@ucsd.edu,Non-binary,1997,Saturn,S-Series,Houston,Texas,77095,US,29.8941,-95.6481,33698,"Senger, Boehm and Kunze",07/22/2024
74,Dall,Johnes,djohnes21@pbs.org,Male,1987,Ford,Bronco,Metairie,Louisiana,70033,US,29.6779,-90.0901,72206,"Bartell, O'Conner and Walsh",02/21/2024
75,Iggy,Moulder,imoulder22@edublogs.org,Male,2001,Acura,Integra,Trenton,New Jersey,08695,US,40.2805,-74.712,57507,Rolfson Group,08/30/2025
76,Biron,Newbury,bnewbury23@g.co,Male,2009,Chrysler,Sebring,Houston,Texas,77228,US,29.834,-95.4342,41273,"Greenholt, Stoltenberg and Carroll",06/01/2022
77,Nana,Clewett,nclewett24@dmoz.org,Female,1995,Audi,Cabriolet,Orlando,Florida,32854,US,28.5663,-81.2608,96228,Rohan-Cremin,03/26/2024
78,Flss,Bollans,fbollans25@archive.org,Female,1985,Lotus,Esprit,North Las Vegas,Nevada,89087,US,36.2204,-115.1458,35886,Yost Group,04/30/2023
79,Muhammad,Collcutt,mcollcutt26@unicef.org,Male,2010,Ford,E250,Tulsa,Oklahoma,74103,US,36.1539,-95.9954,44262,VonRueden-Hackett,10/05/2025
80,Liv,Luter,lluter27@sphinn.com,Female,2008,Acura,TL,Topeka,Kansas,66699,US,39.0429,-95.7697,32189,Pfeffer Group,09/21/2024
81,Gavrielle,Augustine,gaugustine28@biblegateway.com,Female,2000,Chevrolet,Metro,Brockton,Massachusetts,02305,US,41.9705,-70.7014,44466,"Gutmann, Cole and Ernser",12/30/2025
82,Kipper,Coverley,kcoverley29@nymag.com,Male,1999,Dodge,Ram Van 2500,Aurora,Colorado,80045,US,39.7467,-104.8384,37504,Dibbert LLC,10/22/2023
83,Joaquin,Standall,jstandall2a@woothemes.com,Male,2005,BMW,7 Series,Fort Wayne,Indiana,46857,US,41.0938,-85.0707,32097,Wuckert-Hilll,07/20/2025
84,Camile,Colbridge,ccolbridge2b@trellian.com,Female,1990,Mercedes-Benz,SL-Class,Hialeah,Florida,33013,US,25.8594,-80.2725,62613,Reynolds-Grimes,02/16/2022
85,Riccardo,Moylan,rmoylan2c@ihg.com,Male,1994,Toyota,Corolla,Dallas,Texas,75221,US,32.8147,-96.7877,58635,Jenkins LLC,07/08/2024
86,Terrell,Jacobsen,tjacobsen2d@reddit.com,Male,2006,BMW,5 Series,Youngstown,Ohio,44511,US,41.0704,-80.6931,70516,"Harvey, Cremin and Nitzsche",10/31/2025
87,Rayner,Trowl,rtrowl2e@army.mil,Male,2003,Cadillac,Escalade EXT,Salt Lake City,Utah,84115,US,40.7145,-111.8931,98944,Langworth-Ziemann,12/20/2024
88,Modesta,McCrillis,mmccrillis2f@typepad.com,Female,2003,Land Rover,Range Rover,Milwaukee,Wisconsin,53285,US,43.0174,-87.5697,90332,Nicolas-Dooley,03/17/2025
89,Tedi,Crallan,tcrallan2g@unc.edu,Female,2007,Audi,S6,Roanoke,Virginia,24004,US,37.2742,-79.9579,46146,Hilll-Kulas,04/19/2024
90,Jourdan,Danilyak,jdanilyak2h@jigsy.com,Female,2007,Mazda,Mazda5,El Paso,Texas,79940,US,31.6948,-106.3,52352,Rath LLC,04/23/2023
91,Yehudi,Bellow,ybellow2i@last.fm,Male,2009,Chevrolet,Traverse,Washington,District of Columbia,20260,US,38.8933,-77.0146,53653,"Nikolaus, Reynolds and Kreiger",08/21/2025
92,Ruthy,Swainston,rswainston2j@thetimes.co.uk,Female,2007,Suzuki,XL7,New York City,New York,10249,US,40.7808,-73.9772,82651,Pfannerstill-Champlin,06/10/2022
93,Markus,Lindenbluth,mlindenbluth2k@nymag.com,Male,2005,Acura,TL,Sacramento,California,94257,US,38.3774,-121.4444,56273,Bauch-Feest,09/25/2022
94,Orsa,Matzeitis,omatzeitis2l@alibaba.com,Female,1996,Audi,A4,Orlando,Florida,32885,US,28.5456,-81.3782,34980,Hayes-Rippin,07/08/2023
95,Johnath,Chattell,jchattell2m@scientificamerican.com,Female,2008,Nissan,Versa,Orlando,Florida,32835,US,28.5289,-81.4787,88605,Kuhic LLC,05/10/2025
96,Emera,Drewry,edrewry2n@github.io,Female,1997,Mercedes-Benz,C-Class,Corpus Christi,Texas,78426,US,27.777,-97.4632,65680,Hudson Inc,01/15/2026
97,Tommy,Seeman,tseeman2o@dailymotion.com,Male,2009,Volvo,S40,Irvine,California,92619,US,33.6706,-117.7645,90274,"Huels, Torphy and Wolff",09/19/2023
98,Codi,Conws,cconws2p@si.edu,Female,2003,Toyota,Sienna,Pensacola,Florida,32526,US,30.4756,-87.3179,93174,Purdy-Kovacek,06/21/2023
99,Fidelity,Danieli,fdanieli2q@list-manage.com,Female,2002,Land Rover,Freelander,Fresno,California,93715,US,36.7464,-119.6397,69321,"Hegmann, Paucek and Bruen",07/02/2025
100,Florian,Konzelmann,fkonzelmann2r@amazon.co.jp,Male,2002,Chevrolet,Corvette,Wilmington,Delaware,19805,US,39.7434,-75.5827,53443,Russel-Schaden,06/19/2024
101,Edeline,Cowitz,ecowitz2s@cnet.com,Female,1996,Toyota,4Runner,Tucson,Arizona,85732,US,32.0848,-110.7122,46127,Nicolas-Frami,10/05/2024
102,Fae,Biesinger,fbiesinger2t@smugmug.com,Female,1984,Buick,Electra,Grand Rapids,Michigan,49518,US,43.0314,-85.5503,81100,"Wuckert, Williamson and Shanahan",04/14/2023
103,Huberto,Gniewosz,hgniewosz2u@odnoklassniki.ru,Male,2000,Dodge,Ram 1500,Detroit,Michigan,48224,US,42.4098,-82.9441,59545,Parker-Braun,08/03/2025
104,Halette,Skipperbottom,hskipperbottom2v@google.com.au,Genderfluid,2008,Kia,Sedona,New Haven,Connecticut,06520,US,41.3657,-72.9275,36596,"Thompson, Bruen and Kohler",07/10/2025
105,Jeremiah,Stodhart,jstodhart2w@buzzfeed.com,Male,2012,Dodge,Durango,Metairie,Louisiana,70005,US,30.0005,-90.1331,96883,Kertzmann-Schowalter,10/09/2023
106,Lesya,Lefwich,llefwich2x@123-reg.co.uk,Female,1987,Lotus,Esprit,Austin,Texas,78778,US,30.3264,-97.7713,58622,Prosacco Inc,04/01/2024
107,Link,Sammes,lsammes2y@google.it,Male,2010,Mercury,Grand Marquis,San Diego,California,92191,US,33.0169,-116.846,82339,Orn and Sons,10/04/2022
108,Benjamen,Swatheridge,bswatheridge2z@yellowbook.com,Male,2005,Chevrolet,TrailBlazer,Lubbock,Texas,79415,US,33.6021,-101.876,78633,Conn and Sons,05/31/2025
109,Pearla,Boggas,pboggas30@xrea.com,Female,1990,Pontiac,Grand Am,Lexington,Kentucky,40591,US,38.0283,-84.4715,67387,"Stracke, Lakin and Gottlieb",04/14/2024
110,Davina,Cubin,dcubin31@wp.com,Female,2002,Mercury,Villager,Houston,Texas,77010,US,29.7543,-95.3609,76047,"Cremin, Funk and Olson",06/21/2025
111,Thane,Medmore,tmedmore32@slate.com,Male,1995,Nissan,Maxima,Wilmington,Delaware,19892,US,39.5645,-75.597,90197,Hayes-Cremin,01/16/2024
112,Tim,Cheeld,tcheeld33@yolasite.com,Female,2007,Ford,F350,Orlando,Florida,32813,US,28.5679,-81.3258,32964,Lemke and Sons,11/20/2025
113,Ertha,Chatwin,echatwin34@soundcloud.com,Female,1999,Chevrolet,Tracker,Milwaukee,Wisconsin,53234,US,43.0174,-87.5697,45522,Carter Group,02/28/2024
114,Valene,Bigly,vbigly35@jalbum.net,Non-binary,1984,Honda,Prelude,Fresno,California,93704,US,36.7991,-119.8016,62113,Hand-Lueilwitz,05/28/2025
115,Lexy,Brough,lbrough36@accuweather.com,Female,2007,Jeep,Patriot,Gainesville,Florida,32610,US,29.6813,-82.3539,88660,Lind LLC,03/22/2022
116,Chris,Vigne,cvigne37@soundcloud.com,Male,2012,Land Rover,Range Rover Sport,Garland,Texas,75049,US,32.7673,-96.7776,33141,Zulauf Group,08/01/2025
117,Lucina,Bilverstone,lbilverstone38@reverbnation.com,Female,2009,Scion,tC,Tuscaloosa,Alabama,35487,US,33.3072,-87.5859,37422,Klein Inc,01/31/2023
118,Fidelio,Birtwistle,fbirtwistle39@jalbum.net,Genderqueer,1987,Volkswagen,Type 2,South Bend,Indiana,46620,US,41.5968,-86.293,54498,Casper-Hilll,12/27/2022
119,Fairlie,Dury,fdury3a@dmoz.org,Male,1997,Chevrolet,Suburban 2500,Birmingham,Alabama,35215,US,33.6493,-86.7057,30724,Keeling and Sons,07/19/2023
120,Gisele,Jerrams,gjerrams3b@nationalgeographic.com,Female,2012,Dodge,Journey,Saint Paul,Minnesota,55172,US,45.0059,-93.1059,74718,Bartoletti and Sons,06/07/2023
121,Zack,Meconi,zmeconi3c@nsw.gov.au,Male,2012,Nissan,Sentra,Pocatello,Idaho,83206,US,42.6395,-112.3138,52629,Ward Group,12/26/2025
122,Webb,Braunes,wbraunes3d@ihg.com,Male,1996,Mitsubishi,Truck,Milwaukee,Wisconsin,53210,US,43.0685,-87.9715,39707,Mohr and Sons,04/07/2023
123,Solomon,Yeoman,syeoman3e@google.com.au,Male,1993,Porsche,968,Peoria,Illinois,61640,US,40.7857,-89.6177,51899,Carter-Littel,01/12/2026
124,Foster,Battaille,fbattaille3f@clickbank.net,Male,2006,Panoz,Esperante,El Paso,Texas,79911,US,31.8925,-106.5426,65542,Roberts Inc,11/04/2023
125,Tildi,Hutchin,thutchin3g@squidoo.com,Female,2011,Chevrolet,Suburban,Port Charlotte,Florida,33954,US,27.0228,-82.1108,46745,Kreiger and Sons,01/20/2025
126,Sharl,Ranklin,sranklin3h@edublogs.org,Female,2011,Toyota,FJ Cruiser,Omaha,Nebraska,68144,US,41.2335,-96.1188,93267,King-Barton,11/15/2023
127,Ellissa,Smethurst,esmethurst3i@icio.us,Female,1992,Ford,Econoline E250,Brooksville,Florida,34605,US,28.5059,-82.4226,94537,"Emard, Cole and Mante",09/27/2024
128,Tamra,Sidebotton,tsidebotton3j@cnet.com,Agender,2009,Mazda,Mazda3,Jacksonville,Florida,32209,US,30.3584,-81.692,83860,Hahn Group,07/07/2023
129,Ardelle,Ottawell,aottawell3k@flickr.com,Female,2010,Saab,9-3,Alexandria,Louisiana,71307,US,31.2034,-92.5269,83690,"Becker, Howe and Weber",04/13/2022
130,Markus,Roberson,mroberson3l@qq.com,Male,2005,Spyker,C8,Charlotte,North Carolina,28205,US,35.22,-80.7881,91734,Grady Group,04/17/2023
131,Alix,Andryszczak,aandryszczak3m@latimes.com,Genderfluid,1988,Mitsubishi,Tredia,Orlando,Florida,32885,US,28.5456,-81.3782,65661,Hudson Inc,03/12/2022
132,Bryna,Duggon,bduggon3n@etsy.com,Female,1985,Saab,900,Denton,Texas,76210,US,33.1428,-97.0727,48426,Lemke-Lubowitz,06/22/2025
133,Rici,Mettricke,rmettricke3o@chicagotribune.com,Female,1992,Subaru,Justy,San Antonio,Texas,78291,US,29.4375,-98.4616,95145,Murray Inc,02/29/2024
134,Aguste,Sexton,asexton3p@yelp.com,Male,1985,Mazda,626,Cincinnati,Ohio,45264,US,39.1668,-84.5382,44966,"Greenholt, Pfannerstill and Franecki",11/17/2024
135,Andrea,Amburgy,aamburgy3q@quantcast.com,Female,2008,Toyota,RAV4,Montgomery,Alabama,36125,US,32.2334,-86.2085,56630,"Fadel, Larkin and Mraz",11/03/2025
136,Ellen,Theuff,etheuff3r@deviantart.com,Female,1994,Honda,Passport,Atlanta,Georgia,30343,US,33.8444,-84.474,44968,Torp LLC,09/27/2024
137,Keven,Abramchik,kabramchik3s@oaic.gov.au,Male,1998,Nissan,Quest,Knoxville,Tennessee,37939,US,35.9901,-83.9622,99895,"Howell, Morar and Padberg",11/11/2022
138,Siward,Rance,srance3t@paypal.com,Male,1996,Mercury,Tracer,Lakeland,Florida,33805,US,28.072,-81.9609,65681,"Heaney, Batz and Swift",11/25/2023
139,Aeriel,Brinsden,abrinsden3u@umn.edu,Female,2006,Dodge,Sprinter,Jackson,Mississippi,39216,US,32.3386,-90.1708,42014,Raynor Inc,07/13/2022
140,Nolan,Boothebie,nboothebie3v@typepad.com,Male,2007,Acura,RL,Norcross,Georgia,30092,US,33.9677,-84.2438,50515,"Torp, Abshire and MacGyver",07/22/2022
141,Andee,Simoneau,asimoneau3w@bloomberg.com,Female,2006,GMC,Savana Cargo Van,Fairbanks,Alaska,99709,US,64.8544,-147.8469,91905,Glover and Sons,11/10/2023
142,Billie,Reason,breason3x@meetup.com,Male,2007,BMW,530,Minneapolis,Minnesota,55417,US,44.9054,-93.2361,49884,Okuneva Group,07/11/2022
143,Luciana,Sokell,lsokell3y@jalbum.net,Female,2005,Chevrolet,Classic,Springfield,Illinois,62756,US,39.7495,-89.606,93133,Baumbach-Carter,10/31/2022
144,Marris,Eldon,meldon3z@acquirethisname.com,Female,1997,BMW,5 Series,New Orleans,Louisiana,70160,US,30.033,-89.8826,84334,Volkman-Brekke,11/23/2024
145,Alva,Liddington,aliddington40@ow.ly,Male,2005,Hyundai,Elantra,Erie,Pennsylvania,16565,US,42.1827,-80.0649,37679,Halvorson-Kuhn,03/08/2025
146,Shela,Moakson,smoakson41@istockphoto.com,Female,1994,Chevrolet,Impala SS,Honolulu,Hawaii,96850,US,21.3095,-157.863,45314,Williamson Inc,09/28/2023
147,Joseito,Mundwell,jmundwell42@gmpg.org,Male,2012,Nissan,Quest,Fort Wayne,Indiana,46852,US,41.0938,-85.0707,90166,Stracke-Conn,06/06/2025
148,Giffy,Dytham,gdytham43@cocolog-nifty.com,Male,1991,Mazda,929,Detroit,Michigan,48211,US,42.3809,-83.0409,98947,Reynolds Group,10/11/2025
149,Mortimer,Dyke,mdyke44@google.co.jp,Male,1999,Saturn,S-Series,Fresno,California,93778,US,36.7464,-119.6397,50674,"Cummings, Christiansen and Cruickshank",09/01/2024
150,Berke,Silbert,bsilbert45@hexun.com,Male,2007,Dodge,Nitro,Davenport,Iowa,52804,US,41.5386,-90.6115,78878,"Collier, O'Kon and Willms",01/26/2026
151,Rudie,Lugsdin,rlugsdin46@yahoo.com,Male,1991,Lamborghini,Diablo,Baltimore,Maryland,21203,US,39.2847,-76.6205,52413,"Lindgren, Leannon and Smith",05/04/2022
152,Burlie,Charlot,bcharlot47@deliciousdays.com,Male,1993,Ford,Tempo,Albuquerque,New Mexico,87115,US,35.0549,-106.5461,75905,"Schmeler, Nitzsche and Osinski",02/27/2022
153,Dorolisa,Triplet,dtriplet48@bloomberg.com,Female,2006,Volkswagen,Jetta,Aurora,Illinois,60505,US,41.7582,-88.2971,96817,Spencer-Kovacek,03/18/2025
154,Antonietta,Bambrugh,abambrugh49@smh.com.au,Female,1996,GMC,Yukon,Warren,Michigan,48092,US,42.5125,-83.0643,35736,Gleason-Nienow,12/15/2023
155,Joella,Aizikovitz,jaizikovitz4a@prnewswire.com,Female,2001,Cadillac,Seville,New York City,New York,10019,US,40.7651,-73.9858,55122,Farrell LLC,08/13/2024
156,Janice,Rottcher,jrottcher4b@devhub.com,Female,2011,Ford,Expedition EL,Frederick,Maryland,21705,US,39.47,-77.3921,50252,Ferry-Schimmel,11/26/2022
157,Britt,Snodden,bsnodden4c@reverbnation.com,Bigender,2007,Chevrolet,Malibu,Vero Beach,Florida,32964,US,27.709,-80.5726,94592,"Olson, Shanahan and Runolfsson",02/24/2025
158,Joni,Aird,jaird4d@tripadvisor.com,Female,1997,Lexus,LX,Pueblo,Colorado,81010,US,38.1286,-104.5523,37045,Bednar Group,02/03/2022
159,Laird,Masson,lmasson4e@foxnews.com,Male,1986,Volkswagen,Jetta,New York City,New York,10039,US,40.8265,-73.9383,97399,Windler-Bayer,11/15/2023
160,Perkin,Romanetti,promanetti4f@clickbank.net,Male,1993,GMC,Vandura 1500,Washington,District of Columbia,20575,US,38.8933,-77.0146,37924,Walker and Sons,04/30/2025
161,Neilla,Ivanyushin,nivanyushin4g@seesaa.net,Female,2002,Nissan,Xterra,Long Beach,California,90847,US,33.7866,-118.2987,81039,Hand-Erdman,06/26/2024
162,Ryann,Gouldeby,rgouldeby4h@seesaa.net,Female,2002,Hyundai,Santa Fe,Dallas,Texas,75367,US,32.7673,-96.7776,39558,Mertz LLC,11/21/2023
163,Kelwin,O'Hallihane,kohallihane4i@uiuc.edu,Male,2006,GMC,Yukon XL 1500,Orange,California,92668,US,33.7867,-117.8742,30565,Reinger-Stanton,02/03/2025
164,Brigit,Glencorse,bglencorse4j@google.com.hk,Female,2011,Cadillac,Escalade EXT,Tucson,Arizona,85710,US,32.2138,-110.824,60813,Bednar LLC,12/22/2023
165,Leland,Sworder,lsworder4k@cdc.gov,Male,2002,Buick,Rendezvous,New York City,New York,10275,US,40.7808,-73.9772,89430,Ratke and Sons,02/12/2025
166,Lula,Misselbrook,lmisselbrook4l@wordpress.com,Female,2005,Toyota,Prius,Washington,District of Columbia,20591,US,38.8933,-77.0146,50427,Schimmel-Kris,01/30/2022
167,Agatha,Shawl,ashawl4m@thetimes.co.uk,Female,2002,Ford,Mustang,San Diego,California,92121,US,32.8919,-117.2035,99281,Cruickshank-Goldner,06/22/2022
168,Waylen,Postance,wpostance4n@amazon.com,Agender,2005,Cadillac,STS,Atlanta,Georgia,30306,US,33.786,-84.3514,85022,"Toy, Gerhold and Kemmer",06/04/2023
169,Reube,Drains,rdrains4o@sciencedirect.com,Male,2007,Volkswagen,Jetta,El Paso,Texas,79984,US,31.6948,-106.3,53496,Harris-Huel,01/30/2025
170,Adelbert,Wasteney,awasteney4p@discovery.com,Male,2003,Jeep,Wrangler,Chattanooga,Tennessee,37450,US,35.2211,-85.2091,90083,Rodriguez and Sons,11/07/2022
171,Town,Santi,tsanti4q@360.cn,Male,2011,Nissan,Murano,Lincoln,Nebraska,68531,US,40.9008,-96.7201,37194,"Schneider, Wiza and Medhurst",10/20/2024
172,Meggy,Decreuze,mdecreuze4r@miitbeian.gov.cn,Female,1993,Ford,F350,Dallas,Texas,75251,US,32.9189,-96.7751,95792,"O'Reilly, Konopelski and Turner",05/27/2024
173,Francois,Elven,felven4s@about.me,Male,2006,Mercedes-Benz,R-Class,Scottsdale,Arizona,85260,US,33.6013,-111.8867,75543,Zulauf-Hirthe,11/09/2025
174,Wyn,Manie,wmanie4t@reuters.com,Male,1993,Mitsubishi,Mirage,Independence,Missouri,64054,US,39.11,-94.4401,44590,"Smitham, Murazik and Hermann",07/26/2022
175,Burk,Vogeller,bvogeller4u@techcrunch.com,Male,2004,Suzuki,Forenza,Kansas City,Kansas,66160,US,39.0966,-94.7495,95469,Little-Lind,12/01/2024
176,Tris,Vinau,tvinau4v@washingtonpost.com,Male,1985,Porsche,911,New York City,New York,10039,US,40.8265,-73.9383,77027,Stark-Mayer,01/11/2023
177,Lucho,Hornung,lhornung4w@homestead.com,Male,1984,Ford,E250,Allentown,Pennsylvania,18105,US,40.6934,-75.4712,85017,Cummerata-McLaughlin,01/03/2026
178,Kip,Alaway,kalaway4x@dedecms.com,Female,2011,Ford,F150,San Antonio,Texas,78245,US,29.4189,-98.6895,49789,"Bosco, Frami and Feest",08/04/2022
179,Ambros,Ratter,aratter4y@i2i.jp,Male,2011,Kia,Sportage,Las Vegas,Nevada,89145,US,36.1693,-115.2828,90546,"Welch, Murphy and Connelly",05/06/2024
180,Perice,Matthius,pmatthius4z@nydailynews.com,Polygender,2001,Dodge,Dakota,Miami,Florida,33169,US,25.9441,-80.2144,52294,"Little, Beatty and Hammes",12/30/2024
181,Victoria,Landman,vlandman50@google.cn,Female,1994,Lincoln,Town Car,Washington,District of Columbia,20057,US,38.8933,-77.0146,81250,"Smitham, Kirlin and Kunze",01/20/2023
182,Dare,Marchington,dmarchington51@dropbox.com,Male,1978,Toyota,Celica,Boynton Beach,Florida,33436,US,26.5354,-80.1124,83057,Connelly-Davis,01/11/2025
183,Katey,Dunkinson,kdunkinson52@deviantart.com,Female,2006,Ford,E250,Young America,Minnesota,55573,US,45.0159,-93.4719,98957,"Willms, Smith and Carroll",11/11/2023
184,Fancie,Hartman,fhartman53@squidoo.com,Female,1995,Jaguar,XJ Series,Orlando,Florida,32803,US,28.5559,-81.3535,81684,Cartwright-Schmeler,06/09/2025
185,Stephan,Stocky,sstocky54@reverbnation.com,Male,1995,Kia,Sportage,Sacramento,California,95852,US,38.6026,-121.4475,45509,Rohan Group,02/12/2022
186,Malorie,Simonassi,msimonassi55@cyberchimps.com,Bigender,2005,Volvo,V50,San Jose,California,95128,US,37.3163,-121.9356,58790,Schinner-Legros,09/28/2024
187,Mattias,Joerning,mjoerning56@fotki.com,Male,2001,Cadillac,Eldorado,New York City,New York,10203,US,40.7808,-73.9772,38425,Hackett-Morissette,03/18/2022
188,Rayner,Stinchcombe,rstinchcombe57@pagesperso-orange.fr,Male,1985,Volkswagen,Passat,Boise,Idaho,83722,US,43.4599,-116.244,92727,Sanford Group,05/31/2023
189,Elbertine,Richold,erichold58@indiatimes.com,Female,1990,Audi,V8,San Diego,California,92186,US,33.0169,-116.846,53062,Feil-Huel,01/03/2025
190,Kaycee,Sidnell,ksidnell59@plala.or.jp,Female,2001,Chevrolet,Express 3500,San Diego,California,92105,US,32.7423,-117.0947,58606,"Carroll, Mante and Zboncak",09/07/2023
191,Bethanne,Dudenie,bdudenie5a@nba.com,Female,2004,Mercedes-Benz,E-Class,Springfield,Missouri,65805,US,37.2581,-93.3437,44296,Kuphal-Schowalter,03/26/2022
192,Lewiss,Spykins,lspykins5b@wordpress.org,Male,1989,Lotus,Esprit,Buffalo,New York,14205,US,42.7684,-78.8871,39944,Abernathy-Schroeder,05/23/2024
193,Ashil,Huskinson,ahuskinson5c@qq.com,Female,2012,Audi,Q7,Riverside,California,92519,US,33.7529,-116.0556,99807,Lesch-McLaughlin,04/27/2022
194,Scott,Schall,sschall5d@bloglovin.com,Male,1985,Buick,Skylark,Houston,Texas,77015,US,29.7853,-95.1852,92642,Kassulke LLC,03/07/2024
195,Dud,Di Bartolommeo,ddibartolommeo5e@usnews.com,Male,2011,Mercedes-Benz,Sprinter 3500,El Paso,Texas,79984,US,31.6948,-106.3,74358,Smitham LLC,12/18/2024
196,Trev,Rennebeck,trennebeck5f@t-online.de,Male,1991,Ford,Festiva,Young America,Minnesota,55551,US,44.8055,-93.7665,49571,Beer-O'Conner,01/24/2024
197,Jean,Storms,jstorms5g@homestead.com,Male,2005,Toyota,Corolla,Dallas,Texas,75241,US,32.6722,-96.7774,98188,Keeling Inc,06/02/2023
198,Cherlyn,Lundie,clundie5h@virginia.edu,Female,2008,Volvo,V50,Irvine,California,92612,US,33.6607,-117.8264,43235,D'Amore-Howe,04/29/2023
199,Lonny,Fonzo,lfonzo5i@mashable.com,Male,1997,Acura,TL,Tampa,Florida,33647,US,28.1147,-82.3678,81698,Shanahan and Sons,07/18/2023
200,Adria,Gaddie,agaddie5j@e-recht24.de,Female,2000,Hyundai,Elantra,Austin,Texas,78703,US,30.2907,-97.7648,37605,Wintheiser-Balistreri,12/26/2023
201,Roshelle,Kirkbright,rkirkbright5k@cargocollective.com,Female,1993,Plymouth,Voyager,New Orleans,Louisiana,70160,US,30.033,-89.8826,82266,"Jenkins, Fisher and Franecki",08/16/2022
202,Cleon,Belle,cbelle5l@bizjournals.com,Male,1999,Dodge,Avenger,Austin,Texas,78783,US,30.3264,-97.7713,48752,"Vandervort, Hermiston and Nienow",08/08/2022
203,Tiphany,Petyt,tpetyt5m@pen.io,Female,1986,Lincoln,Continental Mark VII,Kansas City,Missouri,64149,US,38.8606,-94.4636,35172,Bechtelar and Sons,11/13/2025
204,Crystie,Cockshut,ccockshut5n@hp.com,Female,1995,Lincoln,Mark VIII,San Diego,California,92115,US,32.7607,-117.0721,56159,O'Connell-Schoen,02/05/2024
205,Zelda,Braven,zbraven5o@hp.com,Female,2003,Lincoln,Aviator,Albuquerque,New Mexico,87201,US,35.0443,-106.6729,92482,"Fisher, Thompson and Streich",11/12/2024
206,Julius,McAnalley,jmcanalley5p@who.int,Male,2005,Hyundai,XG350,Houston,Texas,77228,US,29.834,-95.4342,63058,Johns-Heathcote,03/01/2025
207,Hall,Irvin,hirvin5q@irs.gov,Male,2006,Dodge,Dakota,Reno,Nevada,89510,US,39.7699,-119.6027,43662,Johnston-Ondricka,06/22/2023
208,Kayne,Romagnosi,kromagnosi5r@mashable.com,Male,2007,Mercedes-Benz,CLS-Class,Lubbock,Texas,79415,US,33.6021,-101.876,59511,Veum Group,02/24/2025
209,Basile,Laurie,blaurie5s@bloglovin.com,Male,1997,Toyota,T100,Lubbock,Texas,79415,US,33.6021,-101.876,33976,Walker and Sons,11/16/2022
210,Adelbert,Carding,acarding5t@cisco.com,Male,2008,BMW,X6,Colorado Springs,Colorado,80930,US,38.8289,-104.5269,50957,"D'Amore, Jacobs and Grady",08/10/2025
211,Ulla,Barthelet,ubarthelet5u@reverbnation.com,Female,1992,Chevrolet,Blazer,Miami,Florida,33111,US,25.5584,-80.4582,62836,"Glover, Thiel and Jacobson",09/02/2025
212,Ryun,Corbet,rcorbet5v@symantec.com,Male,1997,Volvo,V90,Springfield,Missouri,65805,US,37.2581,-93.3437,85643,Sauer-Ankunding,05/22/2025
213,Carmon,Skelton,cskelton5w@symantec.com,Female,2013,Kia,Sorento,Corona,California,92883,US,33.7541,-117.474,45754,Hettinger LLC,06/04/2025
214,Nelie,Pane,npane5x@google.it,Female,1999,Chevrolet,Monte Carlo,Washington,District of Columbia,20226,US,38.8933,-77.0146,88293,Predovic LLC,11/14/2022
215,Antony,Edison,aedison5y@china.com.cn,Male,2001,Daewoo,Nubira,Dallas,Texas,75216,US,32.7086,-96.7955,54689,Goyette and Sons,03/06/2024
216,Edin,Glasbey,eglasbey5z@theguardian.com,Female,2009,Saab,9-3,Louisville,Kentucky,40256,US,38.189,-85.6768,82952,"Hermiston, Morar and Green",12/16/2023
217,Chaddie,Morfell,cmorfell60@wikispaces.com,Male,1993,Dodge,Ram Van B150,Baltimore,Maryland,21282,US,39.439,-76.5921,46530,"Collins, Emard and Miller",06/27/2023
218,Anthe,Dods,adods61@last.fm,Female,1997,Mazda,626,Sioux Falls,South Dakota,57188,US,43.6746,-96.7913,61326,Hand Inc,01/07/2025
219,Al,MacCaughen,amaccaughen62@google.de,Male,1985,Ford,F-Series,New Orleans,Louisiana,70187,US,30.033,-89.8826,41631,Bernier Group,11/18/2024
220,Evelyn,De la Barre,edelabarre63@geocities.jp,Male,2006,Scion,xA,Manassas,Virginia,22111,US,38.7202,-77.4391,97314,Ankunding LLC,04/17/2023
221,Rhody,Dilawey,rdilawey64@flavors.me,Female,2001,Toyota,RAV4,Scranton,Pennsylvania,18514,US,41.4019,-75.6376,38160,Hickle-Huels,10/12/2025
222,Kissiah,Fidelus,kfidelus65@purevolume.com,Female,1994,Mazda,RX-7,New Haven,Connecticut,06510,US,41.3087,-72.9271,33044,"Ryan, Abbott and Hessel",02/22/2025
223,Rosalinde,Newbury,rnewbury66@va.gov,Female,1999,Lexus,LX,Savannah,Georgia,31422,US,31.9714,-81.0716,49029,"Cassin, Nader and Heller",06/03/2022
224,Eberhard,Damrel,edamrel67@artisteer.com,Polygender,2012,Subaru,Tribeca,Wilmington,North Carolina,28405,US,34.2651,-77.867,63660,Purdy-Kub,07/24/2022
225,Elizabet,Barstow,ebarstow68@washingtonpost.com,Female,1993,Isuzu,Stylus,Saint Petersburg,Florida,33705,US,27.7391,-82.6435,74527,"Willms, Morar and Yost",11/25/2025
226,Emyle,Pomeroy,epomeroy69@hibu.com,Genderqueer,1999,Jaguar,XJ Series,Philadelphia,Pennsylvania,19141,US,40.0365,-75.1451,40898,"Hayes, Herzog and Reichel",04/24/2023
227,Kaspar,McConachie,kmcconachie6a@ebay.com,Male,1992,Infiniti,M,Fort Lauderdale,Florida,33315,US,26.0989,-80.1541,90900,Brekke Inc,05/02/2023
228,Jade,Corrie,jcorrie6b@umich.edu,Female,2000,Volkswagen,Jetta,Washington,District of Columbia,20099,US,38.8933,-77.0146,67102,DuBuque-Beahan,10/27/2022
229,Lavena,Picopp,lpicopp6c@twitpic.com,Female,2000,Toyota,Sienna,Corpus Christi,Texas,78410,US,27.8458,-97.596,51070,"Gutkowski, Abernathy and Moen",03/06/2025
230,Danie,Trolley,dtrolley6d@nydailynews.com,Male,1991,Mercedes-Benz,E-Class,Cambridge,Massachusetts,02142,US,42.362,-71.083,81883,Glover LLC,11/05/2024
231,Nessie,Cotilard,ncotilard6e@taobao.com,Female,2006,Bentley,Continental GT,Glendale,California,91205,US,34.1378,-118.2424,59390,Bednar Group,05/14/2024
232,Ragnar,Rives,rrives6f@phpbb.com,Male,2011,Chevrolet,Tahoe,Des Moines,Iowa,50393,US,41.6727,-93.5722,32562,Haag Inc,04/29/2024
233,Irv,Vuitton,ivuitton6g@independent.co.uk,Male,2008,Volkswagen,GLI,Boise,Idaho,83757,US,43.4599,-116.244,33551,Rau-Lockman,01/17/2024
234,Marj,Flucks,mflucks6h@flavors.me,Female,1994,Chevrolet,2500,Boston,Massachusetts,02208,US,42.3389,-70.9196,49639,"Miller, Little and Kulas",12/05/2024
235,Lauren,Baiden,lbaiden6i@github.io,Male,1992,Dodge,Colt,Long Beach,California,90840,US,33.7843,-118.1157,38475,Hauck-Leannon,10/07/2025
236,Nerte,Conigsby,nconigsby6j@youtube.com,Female,2006,Toyota,Prius,Portland,Oregon,97296,US,45.5806,-122.3748,68880,"Stehr, Haag and Orn",05/04/2025
237,Leonelle,Woodus,lwoodus6k@amazon.de,Genderqueer,1995,GMC,Vandura G3500,Raleigh,North Carolina,27615,US,35.8887,-78.6393,95945,Considine and Sons,02/02/2023
238,Vaclav,Bown,vbown6l@businesswire.com,Male,1992,Cadillac,Allante,Las Cruces,New Mexico,88006,US,32.3052,-106.7863,52020,Baumbach-Schmidt,02/23/2024
239,Benjy,Bruckmann,bbruckmann6m@constantcontact.com,Male,2003,Jeep,Wrangler,Colorado Springs,Colorado,80995,US,38.8247,-104.562,72661,"Heathcote, Hessel and Hoppe",05/04/2024
240,Allix,Caddies,acaddies6n@yahoo.com,Female,1999,Cadillac,Eldorado,Miami,Florida,33142,US,25.813,-80.232,83064,Quigley Group,04/02/2025
241,Tildie,Quilleash,tquilleash6o@businesswire.com,Female,1995,Ford,Econoline E350,New Haven,Connecticut,06510,US,41.3087,-72.9271,86408,Jenkins-Streich,10/16/2023
242,Julianne,Zmitruk,jzmitruk6p@spotify.com,Female,2007,BMW,Z4 M,Vienna,Virginia,22184,US,38.8318,-77.2888,54664,"Hayes, Hilpert and Daugherty",02/07/2022
243,Lise,Acland,lacland6q@youku.com,Genderfluid,1995,Chevrolet,Monte Carlo,Huntington,West Virginia,25716,US,38.4134,-82.2774,65410,"Murray, Douglas and Miller",03/04/2022
244,Merle,Hrus,mhrus6r@reuters.com,Female,1994,Mercedes-Benz,E-Class,Tyler,Texas,75799,US,32.4112,-95.2899,87914,Rath Group,09/08/2025
245,Doretta,Legge,dlegge6s@accuweather.com,Female,2013,Ford,C-MAX Hybrid,Warren,Michigan,48092,US,42.5125,-83.0643,70140,Heaney LLC,03/20/2023
246,Gaby,Bister,gbister6t@gizmodo.com,Male,2004,Chevrolet,Monte Carlo,Springfield,Illinois,62794,US,39.7495,-89.606,40143,"Cremin, Rau and Durgan",10/24/2022
247,Danica,Charlot,dcharlot6u@yellowbook.com,Bigender,2007,Kia,Sedona,Saint Louis,Missouri,63196,US,38.6531,-90.2435,90434,Koch Group,05/15/2023
248,Mikaela,Yeomans,myeomans6v@mysql.com,Female,1989,Buick,Regal,Orlando,Florida,32835,US,28.5289,-81.4787,77013,Watsica-Ziemann,05/03/2024
249,Midge,Ludman,mludman6w@msu.edu,Female,1992,GMC,Yukon,San Antonio,Texas,78245,US,29.4189,-98.6895,39320,Considine-Lockman,02/07/2024
250,Cherida,Grafham,cgrafham6x@economist.com,Female,1995,Chevrolet,Camaro,White Plains,New York,10606,US,41.0247,-73.7781,42734,Schowalter Inc,02/14/2024
251,Alexis,Gerard,agerard6y@odnoklassniki.ru,Male,1985,Suzuki,Cultus,Naples,Florida,33961,US,26.045,-81.6669,95529,"Legros, Crist and Oberbrunner",12/06/2023
252,Elwin,Daniau,edaniau6z@twitpic.com,Male,2005,Land Rover,Range Rover,Dayton,Ohio,45470,US,39.7505,-84.2686,68084,"Weber, Batz and Shanahan",02/28/2024
253,Wini,Phelps,wphelps70@storify.com,Female,2000,Chevrolet,Express 3500,Henderson,Nevada,89074,US,36.0384,-115.0857,73424,"Rodriguez, Prohaska and Upton",01/28/2023
254,Ruddie,Wandtke,rwandtke71@tiny.cc,Male,1989,Pontiac,Grand Prix,New Bedford,Massachusetts,02745,US,41.6913,-70.9355,46593,Pfannerstill LLC,12/27/2024
255,Silvie,Witchalls,switchalls72@foxnews.com,Female,2006,Subaru,Forester,Fort Smith,Arkansas,72916,US,35.2502,-94.3703,33017,Shields and Sons,01/23/2026
256,Chevy,Trahar,ctrahar73@furl.net,Male,2009,Nissan,Maxima,Louisville,Kentucky,40256,US,38.189,-85.6768,69113,Pfannerstill LLC,09/20/2023
257,Auria,Newbery,anewbery74@seattletimes.com,Female,1995,Mercedes-Benz,C-Class,Houston,Texas,77288,US,29.834,-95.4342,30815,Bruen LLC,03/28/2022
258,Maurice,Teresi,mteresi75@bloglines.com,Male,1994,Ford,Tempo,Los Angeles,California,90025,US,34.0447,-118.4487,55269,Williamson and Sons,03/13/2022
259,Ag,Cotman,acotman76@infoseek.co.jp,Female,2009,Audi,A3,Woburn,Massachusetts,01813,US,42.4464,-71.4594,41312,Cole-Kulas,04/08/2022
260,Cordey,Sheard,csheard77@istockphoto.com,Female,1993,Mazda,B-Series Plus,Dayton,Ohio,45426,US,39.7982,-84.3211,81440,Gulgowski-Mitchell,07/27/2022
261,Lev,Bernhard,lbernhard78@nyu.edu,Male,2008,Chevrolet,Silverado 3500,Las Vegas,Nevada,89110,US,36.173,-115.0669,56219,Shanahan Group,06/16/2022
262,Datha,Cardow,dcardow79@trellian.com,Female,1988,Mazda,626,Chicago,Illinois,60614,US,41.9229,-87.6483,65223,Casper LLC,03/21/2023
263,Lauree,Euplate,leuplate7a@uol.com.br,Female,2006,Isuzu,i-350,Monticello,Minnesota,55590,US,45.2009,-93.8881,98881,"Ferry, O'Keefe and Bartell",04/30/2025
264,Dana,Stichel,dstichel7b@tinyurl.com,Polygender,1985,Ford,Bronco II,Corpus Christi,Texas,78465,US,27.777,-97.4632,70325,Trantow-Leannon,07/03/2022
265,Ado,Maguire,amaguire7c@opera.com,Male,1993,Toyota,Previa,Billings,Montana,59112,US,45.9783,-108.1945,88007,Bartoletti LLC,04/17/2022
266,Tremayne,Janicek,tjanicek7d@earthlink.net,Male,2012,Nissan,NV2500,San Diego,California,92110,US,32.7635,-117.2028,34587,Johnson and Sons,09/11/2022
267,Falito,O'Neal,foneal7e@163.com,Polygender,2004,Ford,Explorer,Shawnee Mission,Kansas,66225,US,38.8999,-94.832,66064,Bailey Group,08/29/2025
268,Freda,Foster-Smith,ffostersmith7f@google.ru,Female,1986,Ford,Laser,North Hollywood,California,91616,US,33.7866,-118.2987,78317,Thiel LLC,04/02/2023
269,Sollie,Triggle,striggle7g@bizjournals.com,Male,1987,Ford,Laser,Indianapolis,Indiana,46221,US,39.7509,-86.1924,68981,"Renner, Jacobs and Haag",10/03/2024
270,Nicolai,Arnoldi,narnoldi7h@gravatar.com,Male,2003,Pontiac,Sunfire,New York City,New York,10125,US,40.7808,-73.9772,58949,"Blanda, Nader and Bailey",08/07/2023
271,Dania,Sharpus,dsharpus7i@usda.gov,Female,2009,Scion,xD,Tulsa,Oklahoma,74149,US,36.1398,-96.0297,59883,Gerlach LLC,11/10/2024
272,Sharlene,Kidstoun,skidstoun7j@cpanel.net,Female,1999,Chevrolet,Suburban 2500,Panama City,Florida,32405,US,30.1949,-85.6727,39746,Cummings-Turcotte,05/11/2022
273,Bertrando,Insole,binsole7k@mozilla.org,Male,2006,Nissan,Quest,Brooklyn,New York,11220,US,40.6412,-74.0133,32034,Dibbert-Huel,02/20/2022
274,Raimundo,Biasioli,rbiasioli7l@merriam-webster.com,Agender,2005,Suzuki,Daewoo Magnus,Tucson,Arizona,85710,US,32.2138,-110.824,82997,Turcotte-Dooley,07/31/2024
275,Torre,Ausello,tausello7m@yandex.ru,Male,2000,Dodge,Ram 1500,Sacramento,California,95865,US,38.596,-121.3978,70830,"Windler, Schroeder and Torp",12/19/2023
276,Eveline,Fuller,efuller7n@diigo.com,Female,1993,Toyota,Supra,Sioux City,Iowa,51110,US,42.4011,-96.372,96700,Hirthe LLC,03/24/2022
277,Rhett,Schall,rschall7o@furl.net,Non-binary,1993,Lexus,SC,Philadelphia,Pennsylvania,19184,US,40.0018,-75.1179,38302,Abernathy-Beer,10/26/2024
278,Freeman,Brunsdon,fbrunsdon7p@nhs.uk,Male,2012,Nissan,JUKE,Jeffersonville,Indiana,47134,US,38.2868,-85.7321,50662,"Waelchi, Kilback and Lubowitz",10/28/2024
279,Merwyn,Bernardino,mbernardino7q@google.cn,Male,1998,Buick,Skylark,Miami,Florida,33175,US,25.7341,-80.4068,60445,Leuschke LLC,02/04/2024
280,Matilde,Skakunas,mskakunas7r@cloudflare.com,Female,1996,Mazda,B-Series,El Paso,Texas,79923,US,31.6948,-106.3,38703,"Zieme, Hodkiewicz and O'Hara",03/18/2024
281,Roze,Cunney,rcunney7s@surveymonkey.com,Female,1998,Honda,Civic,Washington,District of Columbia,20508,US,38.8933,-77.0146,34388,Haley and Sons,11/26/2025
282,Odella,Smorthit,osmorthit7t@ca.gov,Female,1989,Mazda,626,Long Beach,California,90831,US,33.7678,-118.1994,57041,"Rempel, Bradtke and Lueilwitz",08/10/2024
283,Linnie,Tremellier,ltremellier7u@imageshack.us,Female,2008,Dodge,Caliber,Houston,Texas,77255,US,29.834,-95.4342,39168,McLaughlin Group,01/27/2024
284,Rolf,Bamell,rbamell7v@earthlink.net,Male,2008,Mazda,Miata MX-5,Corpus Christi,Texas,78465,US,27.777,-97.4632,58841,Schmidt-Hintz,11/04/2022
285,Gunilla,Sealy,gsealy7w@weibo.com,Female,1981,Plymouth,Reliant,Prescott,Arizona,86305,US,34.8185,-112.9584,76397,Spinka-Balistreri,02/17/2024
286,Natal,Scalera,nscalera7x@imgur.com,Male,2008,Lexus,IS F,Denver,Colorado,80243,US,39.7388,-104.4083,81071,Thompson and Sons,12/25/2022
287,Maje,Coucha,mcoucha7y@narod.ru,Male,1995,Ford,Escort,Fresno,California,93786,US,36.7464,-119.6397,55493,"Thompson, Dickens and Spencer",08/20/2022
288,Ilene,Ianilli,iianilli7z@ning.com,Female,1963,Pontiac,Grand Prix,Washington,District of Columbia,20503,US,38.9007,-77.0431,69686,Bailey-Rowe,11/06/2025
289,Antonietta,Cordrey,acordrey80@google.com.br,Female,1995,GMC,3500,Chicago,Illinois,60691,US,41.8119,-87.6873,61177,Dibbert Group,11/04/2024
290,Hunfredo,Tomasini,htomasini81@com.com,Male,2013,Ford,Mustang,Paterson,New Jersey,07505,US,40.9166,-74.174,88927,Huel-Conroy,08/30/2024
291,Brander,Muge,bmuge82@who.int,Polygender,2008,Acura,RL,Saint Louis,Missouri,63126,US,38.5495,-90.3811,91722,"Paucek, Hilpert and Huel",01/22/2025
292,Nertie,Songest,nsongest83@princeton.edu,Female,2007,Hyundai,Tiburon,Buffalo,New York,14220,US,42.8441,-78.8182,50284,"Gulgowski, Nikolaus and Stehr",09/16/2022
293,Lonna,Bampkin,lbampkin84@apache.org,Female,2001,Audi,A4,Columbia,Missouri,65218,US,38.9033,-92.1022,50139,Heidenreich-Kshlerin,07/19/2022
294,Roma,Kener,rkener85@businessinsider.com,Male,1999,Chevrolet,1500,Macon,Georgia,31205,US,32.8067,-83.6913,37603,Collins-O'Conner,04/21/2024
295,Rodolfo,Lavall,rlavall86@hud.gov,Male,2002,Toyota,Solara,Aurora,Colorado,80045,US,39.7467,-104.8384,90540,MacGyver LLC,03/15/2022
296,Nadiya,Rundall,nrundall87@cafepress.com,Female,1991,Ford,Ranger,Seattle,Washington,98127,US,47.6063,-122.3308,52886,"Leffler, Bartell and Schiller",05/12/2025
297,Palmer,Ivanchin,pivanchin88@archive.org,Polygender,2003,Maybach,62,Scottsdale,Arizona,85260,US,33.6013,-111.8867,66562,Fritsch-Waelchi,12/19/2025
298,Rici,Jandourek,rjandourek89@huffingtonpost.com,Female,1996,Infiniti,I,Pittsburgh,Pennsylvania,15261,US,40.4344,-80.0248,43411,Johnson Inc,06/19/2023
299,Molly,Samart,msamart8a@bbc.co.uk,Female,2003,Saab,9-3,Indianapolis,Indiana,46239,US,39.7265,-86.0005,68105,Mayert-Wilkinson,05/03/2024
300,Vivi,Hartup,vhartup8b@fda.gov,Female,1994,Toyota,Corolla,Birmingham,Alabama,35285,US,33.5446,-86.9292,71428,Crist LLC,07/14/2025
301,Coleman,Layborn,clayborn8c@sitemeter.com,Male,2001,GMC,Savana 3500,Cleveland,Ohio,44125,US,41.4335,-81.6323,64096,Daugherty LLC,01/26/2024
302,Meyer,Kerfod,mkerfod8d@springer.com,Male,2004,Lexus,LS,Atlanta,Georgia,30368,US,33.8444,-84.474,57206,Labadie Group,08/16/2023
303,Dannie,Plewman,dplewman8e@ucla.edu,Male,2003,Volvo,C70,San Jose,California,95155,US,37.31,-121.9011,48347,Wolf-Jerde,09/11/2024
304,Marion,Duffin,mduffin8f@squidoo.com,Female,1993,Dodge,Intrepid,San Antonio,Texas,78265,US,29.4375,-98.4616,98539,Russel-Willms,05/16/2022
305,Gwenette,Fissenden,gfissenden8g@woothemes.com,Female,2011,Suzuki,SX4,Philadelphia,Pennsylvania,19184,US,40.0018,-75.1179,84532,"Ledner, Fadel and Sanford",12/11/2023
306,Betta,Darrell,bdarrell8h@paypal.com,Female,1993,Dodge,Ramcharger,Wichita,Kansas,67220,US,37.7667,-97.2805,52971,Runte Group,12/14/2022
307,Gail,Rosenblath,grosenblath8i@comcast.net,Polygender,1992,Mitsubishi,3000GT,Anchorage,Alaska,99512,US,61.204,-149.8084,57174,Koelpin Group,03/14/2023
308,Shauna,Vaneschi,svaneschi8j@google.com.hk,Female,2001,Ford,Windstar,Columbus,Ohio,43226,US,39.969,-83.0114,68962,Mitchell-Crist,02/25/2025
309,Valentine,Dunhill,vdunhill8k@cbslocal.com,Male,2002,Mitsubishi,Lancer Evolution,Pensacola,Florida,32590,US,30.6143,-87.2758,34426,"Purdy, Stracke and Littel",08/22/2025
310,Ernesta,Shipston,eshipston8l@elpais.com,Female,1993,Plymouth,Sundance,Las Vegas,Nevada,89193,US,35.9279,-114.9721,55709,O'Kon Group,01/17/2023
311,Emogene,Austins,eaustins8m@pbs.org,Female,2006,Hummer,H1,Anderson,Indiana,46015,US,40.0938,-85.6578,78666,Homenick Group,09/07/2025
312,Evyn,Fermer,efermer8n@sohu.com,Male,1996,Dodge,Ram 2500 Club,Phoenix,Arizona,85025,US,33.4226,-111.7236,49208,Beatty-Fritsch,09/24/2023
313,Frederic,Savin,fsavin8o@imageshack.us,Male,2012,Ram,2500,Houston,Texas,77250,US,29.7629,-95.3629,36019,Collins-Wolf,06/03/2024
314,Annemarie,Govenlock,agovenlock8p@bing.com,Female,2008,Volkswagen,Touareg,Jackson,Mississippi,39236,US,32.3113,-90.3972,56229,Littel-Botsford,03/20/2024
315,Kissiah,Nanninini,knanninini8q@free.fr,Female,1969,Ford,Mustang,Phoenix,Arizona,85072,US,33.2765,-112.1872,37557,"Koch, Beatty and Smith",05/06/2024
316,Wernher,Alstead,walstead8r@indiegogo.com,Male,2002,Mercedes-Benz,CLK-Class,Austin,Texas,78710,US,30.352,-97.7151,61137,Medhurst-Thompson,01/05/2023
317,Stefa,Berthelet,sberthelet8s@loc.gov,Female,2009,GMC,Savana 3500,Evansville,Indiana,47705,US,37.9971,-87.575,64908,Powlowski Group,06/02/2023
318,Harvey,Maykin,hmaykin8t@t-online.de,Male,2008,Nissan,Quest,Shawnee Mission,Kansas,66276,US,38.8999,-94.832,38987,Schaden Inc,02/11/2023
319,Rosy,Baudain,rbaudain8u@tiny.cc,Female,2008,Mazda,Mazdaspeed 3,Washington,District of Columbia,20051,US,38.8933,-77.0146,39063,"Littel, Hermiston and Mohr",11/24/2024
320,Giralda,Ambrogi,gambrogi8v@weather.com,Female,1997,Dodge,Intrepid,Baltimore,Maryland,21275,US,39.2847,-76.6205,43022,"Johns, Hilpert and Borer",07/17/2023
321,Ashleigh,Wyles,awyles8w@wix.com,Female,2004,Chrysler,Concorde,Boston,Massachusetts,02124,US,42.2868,-71.071,46839,Pacocha-Hirthe,03/21/2024
322,Cassandry,Wasselin,cwasselin8x@twitpic.com,Female,2000,Audi,S4,Fort Wayne,Indiana,46805,US,41.0977,-85.1189,41342,Fay LLC,12/10/2025
323,Geri,Leist,gleist8y@blogspot.com,Agender,2007,Jaguar,S-Type,El Paso,Texas,88579,US,31.6948,-106.3,39851,Huels-Paucek,11/30/2023
324,Audrye,Cusack,acusack8z@twitter.com,Female,2010,Mercedes-Benz,E-Class,Waltham,Massachusetts,02453,US,42.3654,-71.2316,73994,Howell and Sons,01/31/2023
325,Leia,Pendrich,lpendrich90@amazon.co.jp,Female,1997,Mitsubishi,GTO,Jackson,Mississippi,39282,US,32.3113,-90.3972,34429,"Kertzmann, Collier and Kemmer",11/04/2025
326,Ermin,Moodey,emoodey91@google.it,Genderfluid,2000,Ford,Econoline E350,Charlotte,North Carolina,28215,US,35.244,-80.7387,66635,Schaden Group,07/24/2023
327,Chaddie,Tancock,ctancock92@parallels.com,Male,2000,Pontiac,Bonneville,Savannah,Georgia,31422,US,31.9714,-81.0716,79755,Baumbach LLC,07/17/2024
328,Otha,Ortner,oortner93@sbwire.com,Genderfluid,2005,Mercury,Grand Marquis,Orlando,Florida,32891,US,28.5663,-81.2608,49609,"Bartoletti, Kassulke and Nicolas",02/02/2023
329,Ariadne,Stut,astut94@paginegialle.it,Female,2008,GMC,Acadia,Sacramento,California,94273,US,38.3774,-121.4444,78911,O'Connell-Schulist,02/01/2022
330,Kerr,Lantuffe,klantuffe95@narod.ru,Male,2006,Dodge,Dakota Club,Columbia,South Carolina,29215,US,34.006,-80.9708,32282,"Heidenreich, Hudson and O'Kon",01/21/2026
331,Danit,Roser,droser96@disqus.com,Female,2006,Dodge,Charger,Oakland,California,94627,US,37.6802,-121.9215,39404,Blick-Feil,12/02/2022
332,Lemmie,Hanmore,lhanmore97@utexas.edu,Male,2009,Ford,Escape,Las Vegas,Nevada,89125,US,36.2235,-115.2655,61970,"Nikolaus, Jakubowski and Hauck",03/04/2022
333,Aleksandr,Mitkcov,amitkcov98@columbia.edu,Male,2013,Volvo,C70,Newport News,Virginia,23605,US,37.0156,-76.4332,60963,"Wunsch, Kirlin and Graham",04/28/2023
334,Gracia,Bohje,gbohje99@berkeley.edu,Female,1984,Buick,Skyhawk,Winston Salem,North Carolina,27157,US,36.0275,-80.2073,95378,Schiller-Maggio,09/21/2023
335,Chancey,Chidler,cchidler9a@altervista.org,Male,2009,Dodge,Ram 1500,San Antonio,Texas,78245,US,29.4189,-98.6895,83795,Connelly-Osinski,06/08/2022
336,Putnam,Milburne,pmilburne9b@wufoo.com,Male,1984,Volkswagen,Golf,Topeka,Kansas,66622,US,39.0429,-95.7697,54224,Effertz Inc,08/15/2022
337,Barn,Mathieu,bmathieu9c@canalblog.com,Polygender,1999,Infiniti,QX,Peoria,Illinois,61640,US,40.7857,-89.6177,56049,Torp-Nader,08/03/2024
338,Laurens,Heady,lheady9d@aol.com,Male,1999,Isuzu,Trooper,Roanoke,Virginia,24014,US,37.2327,-79.9463,68268,Sawayn-Bayer,11/11/2023
339,Jessica,Monelle,jmonelle9e@columbia.edu,Female,2001,Kia,Spectra,Baltimore,Maryland,21275,US,39.2847,-76.6205,96892,Tillman-Pouros,02/22/2023
340,Kliment,Pietroni,kpietroni9f@ca.gov,Male,2012,Ford,Fiesta,Waterbury,Connecticut,06705,US,41.5503,-72.9963,91289,Dooley Inc,08/30/2024
341,Talbot,Laffan,tlaffan9g@google.it,Male,2005,Subaru,Outback,Anderson,Indiana,46015,US,40.0938,-85.6578,49000,Heidenreich-Jones,06/22/2023
342,Dorothea,Neilus,dneilus9h@moonfruit.com,Female,2008,Saturn,Outlook,Newark,New Jersey,07188,US,40.7918,-74.2452,96579,Cormier-Watsica,10/22/2025
343,Danica,Jochen,djochen9i@economist.com,Female,2003,Oldsmobile,Aurora,Redwood City,California,94064,US,37.3811,-122.3348,61130,"Klocko, Bayer and Reilly",12/19/2024
344,Philip,Morter,pmorter9j@marriott.com,Male,2002,Chevrolet,Corvette,Rockford,Illinois,61105,US,42.3254,-89.1705,40311,Halvorson-Greenfelder,10/21/2022
345,Chrisse,Lautie,clautie9k@unicef.org,Male,1999,Acura,NSX,Baltimore,Maryland,21203,US,39.2847,-76.6205,50832,Turcotte-Mraz,03/01/2024
346,Jen,Strettle,jstrettle9l@cmu.edu,Female,2004,Jaguar,XJ Series,Vancouver,Washington,98664,US,45.6231,-122.5767,42110,Quitzon-Mitchell,08/20/2022
347,Dinah,Brecken,dbrecken9m@free.fr,Female,1994,Toyota,T100,Tampa,Florida,33620,US,28.06,-82.4079,34635,"Muller, Kertzmann and Vandervort",06/06/2024
348,Donnie,Robson,drobson9n@wordpress.org,Male,1992,Oldsmobile,88,Fort Lauderdale,Florida,33345,US,26.1654,-80.2959,55679,Lang LLC,11/11/2024
349,Danit,Beautyman,dbeautyman9o@ucoz.com,Female,2009,Chevrolet,TrailBlazer,Tulsa,Oklahoma,74141,US,36.1398,-96.0297,86006,"O'Hara, Thompson and Haley",02/12/2022
350,Giordano,Cuttings,gcuttings9p@myspace.com,Male,2006,Mercedes-Benz,CLK-Class,Washington,District of Columbia,20029,US,38.8933,-77.0146,33847,Feest Group,07/16/2025
351,Isacco,Joanic,ijoanic9q@cafepress.com,Male,2000,Chrysler,Concorde,Washington,District of Columbia,20244,US,38.8933,-77.0146,69425,"Skiles, Barrows and Mante",11/04/2022
352,Amber,Leveret,aleveret9r@shutterfly.com,Female,1996,Ford,Mustang,Boston,Massachusetts,02203,US,42.3615,-71.0604,64313,Yundt-Bernier,07/11/2024
353,Malinda,Mitten,mmitten9s@123-reg.co.uk,Genderfluid,2010,Mercedes-Benz,G-Class,San Jose,California,95118,US,37.2568,-121.8896,33369,Casper LLC,11/04/2022
354,Boothe,Ivison,bivison9t@wsj.com,Non-binary,2004,Cadillac,Escalade ESV,Washington,District of Columbia,20226,US,38.8933,-77.0146,94302,"McKenzie, Weissnat and Hermann",08/09/2022
355,Shell,Cashmore,scashmore9u@cnn.com,Female,1992,Dodge,Ram Wagon B350,Oklahoma City,Oklahoma,73114,US,35.5704,-97.5257,42472,Larkin Group,11/10/2023
356,Jareb,Bremner,jbremner9v@rakuten.co.jp,Male,2010,Pontiac,Vibe,Portland,Oregon,97206,US,45.484,-122.5973,42603,"Howell, Zulauf and Mueller",12/14/2022
357,Zora,Sallier,zsallier9w@soundcloud.com,Female,2000,GMC,Yukon Denali,Tacoma,Washington,98447,US,47.1441,-122.4434,53068,Johnston-Wisozk,08/31/2025
358,Vidovic,Beebee,vbeebee9x@ca.gov,Male,1986,Audi,4000s Quattro,Louisville,Kentucky,40233,US,38.189,-85.6768,38627,"Braun, Moore and Schoen",07/21/2022
359,Hieronymus,Routham,hroutham9y@weather.com,Male,1985,Mercury,Marquis,Austin,Texas,78778,US,30.3264,-97.7713,78617,Raynor-Stokes,01/17/2025
360,Rory,Anselm,ranselm9z@elpais.com,Female,2001,Ford,Explorer Sport Trac,Hartford,Connecticut,06120,US,41.786,-72.6758,63683,Roberts Group,02/13/2022
361,Leroi,Mattioni,lmattionia0@slideshare.net,Male,2010,GMC,Savana 1500,Toledo,Ohio,43666,US,41.6782,-83.4972,78126,Hodkiewicz-Labadie,05/30/2023
362,Lyndsay,Sottell,lsottella1@liveinternet.ru,Female,1989,Volkswagen,Golf,Cincinnati,Ohio,45296,US,39.1668,-84.5382,75710,Denesik and Sons,01/17/2024
363,Becka,Delort,bdelorta2@economist.com,Female,2002,Jaguar,XJ Series,Terre Haute,Indiana,47805,US,39.5327,-87.3255,52520,"Baumbach, Cummerata and Friesen",04/03/2025
364,Ibby,Brooksbie,ibrooksbiea3@multiply.com,Female,1995,GMC,Yukon,Jacksonville,Florida,32277,US,30.3704,-81.5864,71951,"Shields, Legros and Block",08/03/2025
365,Cherye,Corre,ccorrea4@mapy.cz,Female,1999,Hyundai,Accent,Phoenix,Arizona,85025,US,33.4226,-111.7236,77702,Jacobi and Sons,11/03/2023
366,Elfie,Simmonett,esimmonetta5@paginegialle.it,Female,1993,Mazda,B-Series Plus,Wilkes Barre,Pennsylvania,18768,US,41.2722,-75.8801,30605,Hirthe-Gottlieb,02/21/2022
367,Philippe,Neathway,pneathwaya6@wix.com,Female,1994,Toyota,Land Cruiser,Ocala,Florida,34479,US,29.2541,-82.1095,47680,"Schulist, Bednar and Armstrong",09/18/2022
368,Gayle,Baggally,gbaggallya7@networksolutions.com,Non-binary,2004,Acura,TL,New Haven,Connecticut,06538,US,41.3657,-72.9275,48864,Altenwerth and Sons,06/01/2023
369,Thomasin,Cyphus,tcyphusa8@ebay.co.uk,Female,2008,Ford,Taurus X,Trenton,New Jersey,08638,US,40.251,-74.7627,86856,Beier-Haag,05/20/2022
370,Abbe,Circuitt,acircuitta9@aol.com,Genderfluid,1993,BMW,7 Series,Austin,Texas,78726,US,30.43,-97.8326,54818,Leuschke and Sons,06/15/2022
371,Germaine,Huggon,ghuggonaa@deviantart.com,Male,1992,Ford,Ranger,Lancaster,California,93584,US,33.7866,-118.2987,62004,Rodriguez-Gottlieb,11/01/2024
372,Stacia,Andryszczak,sandryszczakab@vkontakte.ru,Female,1998,Chevrolet,Express 1500,Nashville,Tennessee,37220,US,36.0641,-86.7697,52578,Nikolaus-Price,07/24/2025
373,Ralf,Troppmann,rtroppmannac@paypal.com,Male,1996,Toyota,Paseo,Columbia,South Carolina,29208,US,33.9937,-81.0199,98265,"Sawayn, Wolf and Purdy",08/02/2025
374,Silvester,Gordge,sgordgead@opensource.org,Male,1999,Suzuki,Esteem,Knoxville,Tennessee,37931,US,35.9924,-84.1201,41090,Schaefer LLC,06/11/2023
375,Lanita,Jewson,ljewsonae@wired.com,Polygender,2011,Ford,Expedition,Columbus,Ohio,43215,US,39.9671,-83.0044,93490,"McClure, Feest and Bernhard",10/07/2022
376,Guillermo,Culy,gculyaf@telegraph.co.uk,Male,2007,Ford,E150,Albuquerque,New Mexico,87105,US,35.0448,-106.6893,36304,"Mann, Reichert and Conn",06/01/2025
377,Jone,Beeby,jbeebyag@irs.gov,Male,2001,BMW,M,Palo Alto,California,94302,US,37.1894,-121.7053,85201,Hahn and Sons,06/12/2023
378,Shayna,Borer,sborerah@msu.edu,Female,1996,Dodge,Ram 1500 Club,Honolulu,Hawaii,96850,US,21.3095,-157.863,40272,Dibbert Inc,06/24/2023
379,Dwayne,Stower,dstowerai@google.ru,Male,1987,Mazda,626,Minneapolis,Minnesota,55480,US,45.0159,-93.4719,51156,"Lesch, Jast and Kemmer",03/02/2022
380,Cherianne,Fowgies,cfowgiesaj@google.es,Female,1995,Mitsubishi,Diamante,Reston,Virginia,20195,US,38.8318,-77.2888,70952,"Crooks, Boehm and Hettinger",10/01/2025
381,Ramona,Londing,rlondingak@youtu.be,Female,1992,Porsche,911,Springfield,Missouri,65898,US,37.1803,-93.2951,95556,Reichel-Torphy,06/10/2025
382,Anastasia,Hutcheon,ahutcheonal@i2i.jp,Female,2006,Chevrolet,Silverado 2500,New York City,New York,10060,US,40.7808,-73.9772,88311,Botsford Inc,02/25/2023
383,Rene,Grayston,rgraystonam@prlog.org,Agender,2003,Nissan,Altima,Providence,Rhode Island,02912,US,41.8267,-71.3977,94536,"Nikolaus, Ratke and Bernhard",01/31/2025
384,Sarita,Mayho,smayhoan@reuters.com,Bigender,1993,Audi,100,Racine,Wisconsin,53405,US,42.7161,-87.8233,75487,"Skiles, Deckow and Smith",03/07/2024
385,Lidia,Haeslier,lhaeslierao@ihg.com,Female,1999,Chrysler,LHS,Warren,Michigan,48092,US,42.5125,-83.0643,41777,Skiles-Walker,10/23/2025
386,Bonita,Pedycan,bpedycanap@businesswire.com,Female,1992,Chevrolet,G-Series G20,Springfield,Illinois,62723,US,39.7495,-89.606,74156,"Nikolaus, Wyman and Hane",03/30/2023
387,Ginnie,Janway,gjanwayaq@hugedomains.com,Female,1999,Pontiac,Sunfire,El Paso,Texas,79968,US,31.7705,-106.5048,52153,Bahringer and Sons,04/21/2025
388,Orelie,Grubey,ogrubeyar@wordpress.com,Bigender,2008,Chevrolet,Silverado 1500,Houston,Texas,77005,US,29.7179,-95.4263,45481,Stoltenberg Group,06/09/2023
389,Minna,Frick,mfrickas@ibm.com,Female,2009,Honda,Accord,Boston,Massachusetts,02163,US,42.3253,-71.1122,46968,"Pfeffer, Hirthe and Kozey",05/12/2024
390,Boote,Scroggie,bscroggieat@mozilla.com,Male,1992,Mitsubishi,Expo,Pittsburgh,Pennsylvania,15261,US,40.4344,-80.0248,95314,Emard-Ziemann,10/11/2025
391,Neil,Brusle,nbrusleau@tuttocitta.it,Male,2007,Infiniti,G35,Phoenix,Arizona,85030,US,33.2765,-112.1872,98036,"Turcotte, Daugherty and Brakus",12/10/2024
392,Rayshell,Andrei,randreiav@independent.co.uk,Female,2004,Honda,S2000,Houston,Texas,77095,US,29.8941,-95.6481,78363,Braun Inc,12/01/2023
393,Kira,Brotherhood,kbrotherhoodaw@weather.com,Female,2012,Mazda,Mazda6,Florence,South Carolina,29505,US,34.1231,-79.6893,74768,Hoppe-Mosciski,07/26/2023
394,Torrie,O'Gavin,togavinax@fema.gov,Female,2003,Hummer,H1,Kent,Washington,98042,US,47.368,-122.1206,90831,Kilback-Quitzon,06/03/2025
395,Teirtza,Bennedsen,tbennedsenay@businessinsider.com,Female,2002,Maserati,Spyder,Hartford,Connecticut,06120,US,41.786,-72.6758,55986,"Grant, Corwin and Flatley",10/20/2022
396,Bryce,Staziker,bstazikeraz@ebay.com,Male,1995,Porsche,968,Anaheim,California,92825,US,33.8356,-117.9132,92020,Ledner and Sons,10/14/2024
397,Nahum,Schanke,nschankeb0@ebay.com,Male,2003,BMW,3 Series,Washington,District of Columbia,20022,US,38.945,-77.0364,63016,"Reinger, Lebsack and Ratke",11/09/2023
398,Elisha,Wilkerson,ewilkersonb1@ustream.tv,Male,2011,Mazda,RX-8,Fresno,California,93715,US,36.7464,-119.6397,76883,Pfannerstill Group,06/03/2025
399,Freddy,Whisby,fwhisbyb2@com.com,Male,2000,Volkswagen,Jetta,Clearwater,Florida,34615,US,27.9843,-82.7813,72456,Parker-McCullough,11/16/2022
400,Grete,Tolomelli,gtolomellib3@goodreads.com,Female,2006,Jaguar,XJ,Washington,District of Columbia,20397,US,38.9164,-76.9948,88535,Moore-Tromp,05/30/2025
401,Cameron,Clery,ccleryb4@google.com.au,Male,1995,Ford,E-Series,Sacramento,California,94286,US,38.3774,-121.4444,37945,Reichel-Daugherty,11/11/2025
402,Natty,Staff,nstaffb5@addtoany.com,Male,1995,Ford,E-Series,Denver,Colorado,80279,US,39.7388,-104.4083,45034,Hermiston and Sons,08/17/2024
403,Ewart,Tonner,etonnerb6@flickr.com,Male,2003,Audi,Allroad,New York City,New York,10060,US,40.7808,-73.9772,84228,Kub Inc,07/13/2025
404,Adria,Healing,ahealingb7@google.com.hk,Polygender,2009,Hyundai,Genesis,Lexington,Kentucky,40591,US,38.0283,-84.4715,45776,Botsford Inc,04/18/2022
405,Tyrone,Pavek,tpavekb8@ibm.com,Male,1993,Alfa Romeo,Spider,Roanoke,Virginia,24048,US,37.2742,-79.9579,62304,Heathcote-Fadel,02/14/2025
406,Alano,Pinshon,apinshonb9@narod.ru,Male,2012,Maybach,62,San Antonio,Texas,78260,US,29.7026,-98.4759,52338,Langworth-Dicki,06/12/2024
407,Eran,Kiloh,ekilohba@amazon.co.jp,Female,2004,Nissan,Titan,Paterson,New Jersey,07544,US,41.0114,-74.3048,86914,Rau-Jast,07/01/2023
408,Evanne,Kuhnhardt,ekuhnhardtbb@reuters.com,Female,1994,Mitsubishi,Montero,Anderson,South Carolina,29625,US,34.5271,-82.7087,80432,"D'Amore, Lebsack and Schroeder",11/10/2022
409,Nollie,Mecozzi,nmecozzibc@yale.edu,Female,2003,Saturn,Ion,Las Vegas,Nevada,89166,US,36.3265,-115.3398,60216,"Wilderman, Tillman and Prohaska",12/30/2022
410,Marti,Becke,mbeckebd@eepurl.com,Female,1996,GMC,Savana 2500,Spokane,Washington,99210,US,47.6536,-117.4317,76464,"Doyle, Dach and Kuphal",08/21/2024
411,Celesta,Trenouth,ctrenouthbe@netlog.com,Female,2007,Saturn,Outlook,Phoenix,Arizona,85030,US,33.2765,-112.1872,41266,Johnston Group,08/24/2022
412,Sanders,Carous,scarousbf@nytimes.com,Male,2008,Chevrolet,Uplander,Cincinnati,Ohio,45223,US,39.1696,-84.5478,72235,Hoeger Inc,04/02/2023
413,Jasper,Bretelle,jbretellebg@ucoz.com,Male,2007,Jeep,Wrangler,Charlottesville,Virginia,22903,US,38.0339,-78.4924,97222,"Kovacek, Stoltenberg and Kunze",10/12/2022
414,Colline,Fayne,cfaynebh@goo.gl,Female,2008,Kia,Rondo,Charleston,South Carolina,29424,US,32.7831,-79.937,34395,Kessler-Boyer,01/22/2023
415,Odelle,Garfirth,ogarfirthbi@technorati.com,Female,2006,Toyota,Land Cruiser,Austin,Texas,78721,US,30.2721,-97.6868,39613,Auer-Wehner,01/31/2023
416,Artemus,Ridgers,aridgersbj@moonfruit.com,Male,2002,Mazda,B-Series,Rochester,New York,14609,US,43.174,-77.5637,71667,Kuhlman Inc,11/30/2025
417,Mandel,Troutbeck,mtroutbeckbk@4shared.com,Male,1986,Mitsubishi,Galant,Lawrenceville,Georgia,30245,US,33.9464,-83.9912,86443,Wilkinson Inc,11/11/2024
418,Milo,Ilyinski,milyinskibl@skype.com,Male,2010,Volkswagen,Golf,Davenport,Iowa,52809,US,41.613,-90.6063,52513,Daniel Group,05/08/2022
419,Jocelyne,Josselson,jjosselsonbm@hc360.com,Female,1991,Mazda,MX-5,Oklahoma City,Oklahoma,73167,US,35.5514,-97.4075,47747,Conroy-Dicki,08/02/2023
420,Rica,Ateridge,rateridgebn@latimes.com,Agender,1999,Honda,Odyssey,Redwood City,California,94064,US,37.3811,-122.3348,43262,Zulauf and Sons,09/27/2024
421,Loralie,Sabbins,lsabbinsbo@ovh.net,Bigender,2004,Jaguar,S-Type,San Jose,California,95113,US,37.3329,-121.8916,56805,"Haag, Blick and Beahan",10/15/2023
422,Giulia,Higbin,ghigbinbp@dmoz.org,Female,2000,Acura,Integra,Jacksonville,Florida,32255,US,30.287,-81.3893,83766,Bosco Group,07/12/2025
423,Dorotea,Trammel,dtrammelbq@shop-pro.jp,Female,1995,Geo,Prizm,Lexington,Kentucky,40596,US,38.0283,-84.4715,95662,"Stark, Grimes and Becker",02/02/2022
424,Dare,Klimke,dklimkebr@columbia.edu,Male,2003,Mercury,Mountaineer,Huntington,West Virginia,25770,US,38.4134,-82.2774,86698,"Conroy, Ferry and Langosh",07/01/2023
425,Ariana,Vaugham,avaughambs@wp.com,Female,2006,Acura,MDX,Manchester,New Hampshire,03105,US,42.9521,-71.6539,77013,"Grady, Blanda and Swift",02/19/2022
426,Mil,Keitley,mkeitleybt@nbcnews.com,Female,2010,Ford,Expedition EL,Chicago,Illinois,60686,US,41.8756,-87.6378,83413,O'Keefe and Sons,04/06/2025
427,Steffi,Rylatt,srylattbu@nifty.com,Female,2009,Ford,F150,Lynn,Massachusetts,01905,US,42.4694,-70.9728,84556,Schuppe-Crona,08/08/2025
428,Daren,Mauchline,dmauchlinebv@wikimedia.org,Male,2000,Toyota,Echo,Lake Worth,Florida,33467,US,26.6104,-80.1683,61665,"Stokes, Wehner and Wuckert",06/21/2023
429,Moises,Chese,mchesebw@pinterest.com,Male,2004,Chevrolet,Corvette,Washington,District of Columbia,20036,US,38.9087,-77.0414,66317,Waters-Durgan,11/11/2025
430,Ainsley,Cockayne,acockaynebx@nifty.com,Female,2003,Toyota,Solara,Eugene,Oregon,97405,US,44.0185,-123.0998,30973,Mraz-Berge,11/22/2025
431,Frederich,Mattsson,fmattssonby@sakura.ne.jp,Male,2005,Honda,CR-V,Newark,New Jersey,07104,US,40.7664,-74.1695,91059,Becker LLC,04/04/2023
432,Dewie,Fullagar,dfullagarbz@nytimes.com,Male,2009,Chrysler,Sebring,Salt Lake City,Utah,84189,US,40.6681,-111.9083,94036,"D'Amore, Gerhold and Larson",03/29/2023
433,Aubrette,Heckle,ahecklec0@mysql.com,Polygender,1987,Mercedes-Benz,S-Class,Sacramento,California,94263,US,38.3774,-121.4444,31103,Feeney-Lubowitz,10/03/2022
434,Ninetta,Osban,nosbanc1@dailymotion.com,Agender,2008,Toyota,Avalon,Tucson,Arizona,85710,US,32.2138,-110.824,42002,Quigley Inc,05/25/2024
435,Goldy,Pilbeam,gpilbeamc2@wired.com,Female,1985,Pontiac,Sunbird,Des Moines,Iowa,50347,US,41.6727,-93.5722,95336,"Nicolas, Rodriguez and Parker",05/13/2024
436,Isidore,Kelemen,ikelemenc3@nifty.com,Male,2007,Saturn,Sky,Sacramento,California,95818,US,38.5568,-121.4929,93584,"Bernier, Barton and Corkery",10/20/2024
437,Roz,Phlippi,rphlippic4@cyberchimps.com,Female,2008,Jeep,Compass,San Francisco,California,94142,US,37.7848,-122.7278,97575,"Denesik, Wyman and Hartmann",05/28/2025
438,Ginnie,Rantoul,grantoulc5@gizmodo.com,Female,1996,Subaru,Impreza,Sacramento,California,94273,US,38.3774,-121.4444,42457,Schowalter-Herzog,07/14/2024
439,Caterina,Vida,cvidac6@cocolog-nifty.com,Female,2012,Land Rover,Discovery,Winter Haven,Florida,33884,US,27.981,-81.6736,30795,Deckow-Witting,01/28/2026
440,Micky,Mifflin,mmifflinc7@hp.com,Polygender,2000,Mercury,Sable,Huntsville,Alabama,35895,US,34.734,-86.5229,76271,Deckow Group,12/28/2024
441,Wenona,O'Moylane,womoylanec8@dailymail.co.uk,Female,2008,Dodge,Magnum,Saint Paul,Minnesota,55108,US,44.9806,-93.1771,51141,"Mosciski, Schamberger and Kohler",11/23/2024
442,Nicky,Eddowes,neddowesc9@cocolog-nifty.com,Female,1986,Pontiac,Grand Prix,Indianapolis,Indiana,46239,US,39.7265,-86.0005,80450,"Yost, Sipes and Mertz",10/23/2024
443,Addy,Belliard,abelliardca@smugmug.com,Male,1997,Oldsmobile,Aurora,Conroe,Texas,77305,US,30.2906,-95.3832,72423,Lubowitz-Hintz,01/13/2025
444,Byrom,Necolds,bnecoldscb@nasa.gov,Male,2003,Nissan,350Z,Irvine,California,92612,US,33.6607,-117.8264,48231,Quigley LLC,08/17/2023
445,Linus,Kleinmintz,lkleinmintzcc@bizjournals.com,Male,2012,Lexus,CT,Fairfield,Connecticut,06825,US,41.1928,-73.2402,35962,Gerlach LLC,04/24/2023
446,Ikey,Sudworth,isudworthcd@odnoklassniki.ru,Male,2006,Audi,TT,Washington,District of Columbia,20238,US,38.8933,-77.0146,75559,Miller-Murray,02/06/2023
447,Ina,Minster,iminsterce@youtu.be,Female,2009,Mazda,CX-7,Sacramento,California,94257,US,38.3774,-121.4444,97295,Flatley-Rowe,07/05/2022
448,Judd,Kubas,jkubascf@washingtonpost.com,Male,2003,Hyundai,Sonata,Riverside,California,92519,US,33.7529,-116.0556,89360,"Klein, Olson and McCullough",07/05/2023
449,Rafaellle,Wisker,rwiskercg@photobucket.com,Male,2006,Kia,Sorento,Indianapolis,Indiana,46254,US,39.849,-86.272,96145,"Gleichner, Gleichner and Roberts",08/09/2025
450,Noemi,Beasleigh,nbeasleighch@admin.ch,Female,1987,Ford,Escort,Washington,District of Columbia,20566,US,38.8971,-77.0554,82444,"Walker, Willms and McDermott",04/21/2025
451,Bern,Kaaskooper,bkaaskooperci@globo.com,Polygender,2005,Chevrolet,Silverado 2500,New York City,New York,10024,US,40.7864,-73.9764,48867,Streich-Kshlerin,11/19/2024
452,Crystie,Christoffersen,cchristoffersencj@51.la,Polygender,2012,Subaru,Tribeca,Topeka,Kansas,66629,US,39.0429,-95.7697,73492,Orn-Reichel,07/30/2022
453,Hort,Surmeyer,hsurmeyerck@disqus.com,Male,1996,Acura,RL,Fort Lauderdale,Florida,33320,US,26.1625,-80.2582,95092,Monahan LLC,01/09/2025
454,Dale,McCandie,dmccandiecl@bbc.co.uk,Female,2003,Chevrolet,Avalanche 1500,Fort Lauderdale,Florida,33325,US,26.1097,-80.3215,60490,Kilback LLC,03/23/2025
455,Arther,Petry,apetrycm@cloudflare.com,Male,1971,Pontiac,GTO,Las Vegas,Nevada,89140,US,36.086,-115.1471,73516,"Breitenberg, Dickens and Lang",12/17/2024
456,Piggy,Bonnier,pbonniercn@feedburner.com,Male,2011,Acura,RL,Tacoma,Washington,98442,US,47.3081,-122.4185,69046,"Russel, Kovacek and Langworth",12/31/2022
457,Urson,Manzell,umanzellco@tinyurl.com,Genderqueer,2008,Toyota,TundraMax,Dayton,Ohio,45408,US,39.7395,-84.229,86103,Parker LLC,12/04/2025
458,Gonzales,Kidgell,gkidgellcp@angelfire.com,Male,1991,Mitsubishi,Chariot,Milwaukee,Wisconsin,53215,US,43.006,-87.9429,63125,Herman-Leuschke,07/05/2024
459,Alphard,Rasper,araspercq@examiner.com,Male,2009,Lexus,LX,Bismarck,North Dakota,58505,US,46.8165,-100.7805,32290,"Hamill, Daniel and Goodwin",06/21/2024
460,Aubine,Shelford,ashelfordcr@phpbb.com,Female,2007,Ford,Five Hundred,Chicago,Illinois,60624,US,41.8804,-87.7223,78941,Hackett Inc,04/12/2022
461,Nellie,Eamer,neamercs@fema.gov,Female,1993,Ford,E-Series,Mesquite,Texas,75185,US,32.7403,-96.5618,44986,"Auer, Grady and Kuphal",09/22/2023
462,Kennett,Gummory,kgummoryct@nih.gov,Male,2013,Jaguar,XK Series,Sacramento,California,94273,US,38.3774,-121.4444,60292,Jacobi LLC,03/10/2025
463,Morry,Thorold,mthoroldcu@ucoz.com,Male,2009,Dodge,Ram 1500,San Diego,California,92110,US,32.7635,-117.2028,58327,Collins Group,07/29/2023
464,Karena,Pattenden,kpattendencv@reverbnation.com,Female,2008,Dodge,Avenger,Columbus,Ohio,43240,US,40.1454,-82.9817,30776,"Blick, Mayer and Oberbrunner",07/09/2025
465,Hi,August,haugustcw@spotify.com,Male,1992,GMC,Suburban 1500,Dayton,Ohio,45403,US,39.7617,-84.1498,76219,Altenwerth-Ruecker,02/23/2024
466,Mario,Hiscocks,mhiscockscx@imdb.com,Male,1999,Lexus,ES,Vienna,Virginia,22184,US,38.8318,-77.2888,92292,Witting-Rau,10/13/2024
467,Sammy,Yaxley,syaxleycy@phpbb.com,Male,1998,Ford,Econoline E250,Raleigh,North Carolina,27610,US,35.7667,-78.6008,32661,Hills Inc,10/27/2024
468,Wald,Lamble,wlamblecz@godaddy.com,Male,2006,Mitsubishi,Outlander,Monroe,Louisiana,71208,US,32.4968,-92.0756,52592,Torphy LLC,02/13/2025
469,Victoir,Locks,vlocksd0@sourceforge.net,Male,1994,GMC,1500,Huntsville,Alabama,35810,US,34.7784,-86.6091,78799,Cronin LLC,11/13/2025
470,Birk,Clibbery,bclibberyd1@qq.com,Male,2008,Pontiac,Grand Prix,Mobile,Alabama,36689,US,30.6589,-88.178,72692,Prohaska-Kreiger,07/25/2022
471,Bambie,Tome,btomed2@un.org,Bigender,2003,Ford,Explorer Sport,Buffalo,New York,14210,US,42.8614,-78.8206,88298,Hand-Waters,07/22/2024
472,Birk,Cowdrey,bcowdreyd3@tinypic.com,Male,1988,Ford,Bronco II,Newark,Delaware,19714,US,39.5645,-75.597,65181,"Lowe, Gutkowski and Mills",09/06/2022
473,Karim,Haggarth,khaggarthd4@vinaora.com,Male,1999,Toyota,Corolla,San Bernardino,California,92424,US,34.84,-115.9671,39787,Wyman-Schmitt,09/16/2023
474,Jonell,Jerisch,jjerischd5@multiply.com,Female,1998,Oldsmobile,Achieva,Las Vegas,Nevada,89140,US,36.086,-115.1471,68554,Nitzsche-Thompson,08/01/2025
475,Franz,Emsden,femsdend6@wsj.com,Male,2010,Mazda,Miata MX-5,San Jose,California,95128,US,37.3163,-121.9356,60483,Quigley Inc,04/22/2024
476,Valentin,Nilges,vnilgesd7@biglobe.ne.jp,Male,2008,BMW,7 Series,Fort Myers,Florida,33994,US,26.5529,-81.9486,54052,Rau Inc,07/08/2024
477,Celisse,Wolfenden,cwolfendend8@shareasale.com,Female,2011,Mitsubishi,Lancer Evolution,Cincinnati,Ohio,45223,US,39.1696,-84.5478,76827,Volkman-Witting,06/18/2022
478,Hardy,Castiglioni,hcastiglionid9@gizmodo.com,Male,1995,Ford,Ranger,Austin,Texas,78778,US,30.3264,-97.7713,51842,"Hodkiewicz, Ritchie and Rice",07/06/2025
479,Cliff,Wolverson,cwolversonda@qq.com,Male,2011,Chrysler,300,Alexandria,Virginia,22309,US,38.7192,-77.1073,76806,Fay-Grimes,11/13/2025
480,Lorry,Clampin,lclampindb@jiathis.com,Male,1994,Lincoln,Town Car,Sandy,Utah,84093,US,40.5927,-111.831,71433,Hand Inc,05/19/2025
481,Ludovico,Fosten,lfostendc@addtoany.com,Male,1988,Mazda,MX-6,Washington,District of Columbia,20566,US,38.8971,-77.0554,34728,Heidenreich-Nader,05/19/2023
482,Diann,Barrie,dbarriedd@ed.gov,Female,2007,Lexus,GS,Pittsburgh,Pennsylvania,15210,US,40.4072,-79.9839,89088,Lubowitz-Veum,08/28/2023
483,Shayne,Coombe,scoombede@bbc.co.uk,Female,2006,Suzuki,Reno,Dallas,Texas,75241,US,32.6722,-96.7774,95304,"Toy, Bruen and Marquardt",05/25/2025
484,Ben,Kingscott,bkingscottdf@networkadvertising.org,Male,2005,Ford,Explorer,White Plains,New York,10633,US,41.119,-73.733,87089,Christiansen-Willms,11/27/2023
485,Ida,Guile,iguiledg@deviantart.com,Female,1992,Mercedes-Benz,500SEL,Huntsville,Alabama,35805,US,34.7059,-86.6165,82704,"Mante, McClure and Marquardt",07/24/2022
486,Bernie,Kleinzweig,bkleinzweigdh@soup.io,Female,2000,Subaru,Outback,Sacramento,California,94230,US,38.3774,-121.4444,45711,Bartoletti-Ruecker,04/26/2024
487,Lennard,Savill,lsavilldi@apple.com,Male,2005,Lincoln,LS,Atlanta,Georgia,30368,US,33.8444,-84.474,59193,"Wehner, Weimann and Greenfelder",03/10/2022
488,Reggis,Quinet,rquinetdj@whitehouse.gov,Male,1996,Lexus,SC,Tampa,Florida,33694,US,27.872,-82.4388,32474,"Shanahan, Swift and Sawayn",02/18/2025
489,Elisha,Bains,ebainsdk@mapy.cz,Male,2005,Toyota,4Runner,Chico,California,95973,US,39.8032,-121.8673,56566,Mueller Inc,10/11/2023
490,Shelley,McVicker,smcvickerdl@weebly.com,Female,2012,Lincoln,MKT,Atlanta,Georgia,30336,US,33.7406,-84.5545,60472,"Willms, Bernhard and Leuschke",05/20/2023
491,Ronica,Colaton,rcolatondm@yellowpages.com,Agender,1998,Acura,NSX,Houston,Texas,77201,US,29.834,-95.4342,41268,Kuhic-Raynor,09/27/2023
492,Dulcy,Blackaller,dblackallerdn@cpanel.net,Female,1996,Mazda,626,Flint,Michigan,48550,US,43.0349,-83.6887,82072,Wisozk-Leuschke,10/16/2022
493,Kariotta,Fernyhough,kfernyhoughdo@tripod.com,Female,2012,BMW,7 Series,Madison,Wisconsin,53705,US,43.073,-89.4528,46612,Cole-Hane,04/16/2022
494,Ansel,Hedaux,ahedauxdp@google.ca,Male,1993,Oldsmobile,Ciera,Fort Worth,Texas,76110,US,32.7065,-97.3375,69882,"Spinka, D'Amore and Dietrich",09/19/2024
495,Johannes,Baggiani,jbaggianidq@wp.com,Male,1984,Ford,LTD Crown Victoria,Colorado Springs,Colorado,80925,US,38.7378,-104.6459,39548,"Schmitt, McCullough and Beatty",06/17/2023
496,Chuck,Benwell,cbenwelldr@zdnet.com,Male,2007,Ferrari,612 Scaglietti,Carlsbad,California,92013,US,33.0169,-116.846,95550,"Block, Thompson and Shanahan",02/15/2025
497,Sylvester,Briar,sbriards@tripod.com,Male,2008,Maserati,Quattroporte,Seattle,Washington,98133,US,47.7377,-122.3431,78270,"Dach, Bogisich and Daniel",10/09/2022
498,Maryrose,Zelner,mzelnerdt@digg.com,Female,2010,Volvo,V50,Arlington,Virginia,22244,US,38.8545,-77.052,55516,Douglas-Walsh,12/02/2024
499,Brnaba,Nucator,bnucatordu@tripadvisor.com,Male,2008,Acura,MDX,Albuquerque,New Mexico,87195,US,35.0443,-106.6729,91511,Kuhlman Group,06/13/2024
500,Marjie,Jeavons,mjeavonsdv@mashable.com,Female,2011,Ford,Flex,Carol Stream,Illinois,60351,US,41.9166,-88.1208,91547,Ortiz Inc,08/23/2025
501,Onfre,Habden,ohabdendw@cbslocal.com,Male,2003,Lamborghini,Gallardo,Roanoke,Virginia,24024,US,37.2742,-79.9579,92247,Feil and Sons,12/26/2023
502,Cassey,Costen,ccostendx@biglobe.ne.jp,Female,1994,Plymouth,Grand Voyager,Santa Cruz,California,95064,US,36.9959,-122.0578,74883,"Goldner, Quitzon and Howe",07/22/2024
503,Alf,Frowing,afrowingdy@npr.org,Male,1997,Audi,A6,El Paso,Texas,79999,US,31.6948,-106.3,77553,"Nicolas, Gottlieb and Swaniawski",06/04/2025
504,Damian,Beavis,dbeavisdz@accuweather.com,Male,2009,Dodge,Durango,Charleston,West Virginia,25313,US,38.4142,-81.7582,72687,Nitzsche and Sons,10/02/2024
505,Lionel,Rysdale,lrysdalee0@live.com,Male,1993,Lincoln,Mark VIII,Houston,Texas,77228,US,29.834,-95.4342,44655,"Oberbrunner, Yundt and Schmidt",07/22/2023
506,Lazarus,Trobe,ltrobee1@studiopress.com,Male,2012,Dodge,Avenger,Louisville,Kentucky,40225,US,38.189,-85.6768,89594,"Deckow, Wyman and Murphy",04/03/2025
507,See,Middlemiss,smiddlemisse2@google.de,Male,2001,Mitsubishi,Montero,Houston,Texas,77035,US,29.6518,-95.4854,93662,Daniel-Paucek,04/10/2023
508,Myron,Maclaine,mmaclainee3@amazon.de,Male,1995,Oldsmobile,Ciera,San Diego,California,92115,US,32.7607,-117.0721,96266,Pfeffer LLC,04/21/2024
509,Rouvin,Caslin,rcasline4@jimdo.com,Polygender,1999,Audi,A4,Minneapolis,Minnesota,55428,US,45.0632,-93.3811,61118,Schuster-Windler,03/23/2025
510,Dorris,Walling,dwallinge5@domainmarket.com,Polygender,2003,Audi,A6,Sandy,Utah,84093,US,40.5927,-111.831,75934,Beatty-Davis,10/25/2023
511,Vance,Gostridge,vgostridgee6@gmpg.org,Male,1999,Dodge,Durango,Monroe,Louisiana,71213,US,32.4908,-92.1594,34544,Langworth-Hintz,04/26/2025
512,Esme,Bengtsson,ebengtssone7@google.pl,Female,1999,GMC,Jimmy,Colorado Springs,Colorado,80925,US,38.7378,-104.6459,75629,O'Keefe-Stroman,09/27/2022
513,Jodi,Plitz,jplitze8@wufoo.com,Male,2000,Chevrolet,S10,Huntington,West Virginia,25770,US,38.4134,-82.2774,88443,Glover-Kihn,04/27/2022
514,Osbert,Linnard,olinnarde9@issuu.com,Male,2000,Toyota,4Runner,Boston,Massachusetts,02124,US,42.2868,-71.071,31537,Botsford-Robel,12/19/2022
515,Fidel,Haddick,fhaddickea@mayoclinic.com,Male,1998,Pontiac,Sunfire,Tampa,Florida,33605,US,27.9671,-82.4334,41539,Douglas Group,07/14/2025
516,Jonah,Laguerre,jlaguerreeb@mozilla.org,Male,2003,Toyota,Corolla,Littleton,Colorado,80161,US,39.7388,-104.4083,79604,"Larkin, Casper and Hills",11/10/2023
517,Deidre,Shewsmith,dshewsmithec@dyndns.org,Female,1996,Mazda,626,Brea,California,92822,US,33.9187,-117.8892,90750,Macejkovic LLC,11/04/2022
518,Carree,Drowsfield,cdrowsfielded@godaddy.com,Female,2005,GMC,Sierra 3500,Fort Lauderdale,Florida,33305,US,26.1497,-80.1229,57173,"Brown, Wyman and Jakubowski",04/03/2022
519,Wyndham,Chesser,wchesseree@so-net.ne.jp,Male,2006,GMC,Savana 2500,Washington,District of Columbia,20430,US,38.9164,-76.9948,73205,Bruen LLC,01/29/2026
520,Jermain,Hethron,jhethronef@yellowbook.com,Male,1987,Porsche,911,Houston,Texas,77276,US,29.7575,-95.3668,37790,"Hackett, Lueilwitz and Rice",05/21/2023
521,Tait,Billsberry,tbillsberryeg@reuters.com,Male,1993,Chevrolet,Corsica,Houston,Texas,77030,US,29.7041,-95.401,88745,Skiles Group,03/18/2022
522,Duffie,D'Alessio,ddalessioeh@dedecms.com,Male,2009,Mazda,CX-7,Santa Monica,California,90410,US,33.7866,-118.2987,58642,Tremblay Group,02/08/2025
523,Cheri,Cripps,ccrippsei@ihg.com,Female,2008,BMW,X5,Springfield,Massachusetts,01105,US,42.0999,-72.5783,97714,Reinger LLC,09/17/2023
524,Freda,Thurman,fthurmanej@zimbio.com,Female,2000,Pontiac,Bonneville,Omaha,Nebraska,68105,US,41.2435,-95.9629,44052,Vandervort-Ernser,05/24/2023
525,Montgomery,Vasyushkhin,mvasyushkhinek@eventbrite.com,Male,1967,Ford,Country,Spokane,Washington,99210,US,47.6536,-117.4317,64718,Littel and Sons,08/30/2023
526,Tilly,Gaspero,tgasperoel@bbc.co.uk,Female,2000,Mercedes-Benz,CLK-Class,Muskegon,Michigan,49444,US,43.1791,-86.1989,64370,"Orn, Wiza and Shields",08/19/2022
527,Leeanne,Naerup,lnaerupem@bigcartel.com,Female,1995,Geo,Metro,Chattanooga,Tennessee,37416,US,35.0942,-85.1757,76280,"Ritchie, Gleason and Koch",05/19/2023
528,Leighton,Stopford,lstopforden@google.it,Male,2003,Saturn,Ion,Muskegon,Michigan,49444,US,43.1791,-86.1989,40970,Prohaska Inc,06/01/2024
529,Alasdair,Polet,apoleteo@globo.com,Male,1968,Pontiac,Firebird,Corpus Christi,Texas,78426,US,27.777,-97.4632,37769,"Swift, Ward and Metz",04/18/2025
530,Yardley,Datte,ydatteep@histats.com,Male,1991,Mitsubishi,Truck,Allentown,Pennsylvania,18105,US,40.6934,-75.4712,93217,Little and Sons,06/27/2022
531,Lazarus,Mepham,lmephameq@ox.ac.uk,Male,1996,Ford,F350,Tacoma,Washington,98442,US,47.3081,-122.4185,86682,Schoen-Kiehn,09/15/2025
532,Mitchael,Gateland,mgatelander@phoca.cz,Male,1998,Dodge,Dakota Club,Birmingham,Alabama,35215,US,33.6493,-86.7057,93069,Hegmann-Nolan,11/09/2024
533,Winnah,Tiler,wtileres@mail.ru,Female,2003,Saturn,VUE,Fredericksburg,Virginia,22405,US,38.3365,-77.4366,74189,"Adams, Bechtelar and Mitchell",12/13/2025
534,Adelaide,Charer,achareret@bloglovin.com,Female,2000,Mazda,MPV,Fresno,California,93740,US,36.7464,-119.6397,75882,"Dooley, Adams and Cassin",03/27/2025
535,Jyoti,Dei,jdeieu@ucsd.edu,Female,2008,Mazda,Mazda5,San Antonio,Texas,78230,US,29.5407,-98.5521,68921,"Schumm, Yundt and Yundt",11/19/2024
536,Regan,Romain,rromainev@shareasale.com,Female,1998,Mitsubishi,Galant,Fort Wayne,Indiana,46862,US,41.0938,-85.0707,57236,Raynor-Schneider,08/20/2023
537,Pammy,Veck,pveckew@bigcartel.com,Female,2004,BMW,525,Saint Paul,Minnesota,55123,US,44.806,-93.1409,35320,"Berge, Lind and Boehm",05/31/2023
538,Tedman,Enever,teneverex@twitpic.com,Male,1998,Lincoln,Mark VIII,Bronx,New York,10459,US,40.8247,-73.894,88451,"Schmeler, Bogan and Pfeffer",08/30/2024
539,Correy,Rosie,crosieey@columbia.edu,Male,2003,Volvo,C70,Charlottesville,Virginia,22908,US,38.0401,-78.4851,62546,Konopelski-Sporer,02/10/2022
540,Salli,Pulley,spulleyez@chronoengine.com,Female,2001,Mercedes-Benz,SLK-Class,Clearwater,Florida,33758,US,27.8918,-82.7248,33390,Ruecker LLC,08/16/2022
541,Lancelot,Lainton,llaintonf0@booking.com,Male,1998,Nissan,Frontier,Bloomington,Illinois,61709,US,40.4614,-88.953,56913,Russel-Donnelly,10/22/2024
542,Ferdy,Curnucke,fcurnuckef1@spiegel.de,Male,1995,Suzuki,Sidekick,New Orleans,Louisiana,70187,US,30.033,-89.8826,52691,"Greenholt, McKenzie and Corwin",07/16/2023
543,Adoree,Zebedee,azebedeef2@discovery.com,Female,2003,Toyota,4Runner,Lubbock,Texas,79405,US,33.571,-101.8507,50873,"VonRueden, King and Strosin",09/19/2022
544,Niven,Morrell,nmorrellf3@wikipedia.org,Male,2008,Land Rover,Range Rover,Philadelphia,Pennsylvania,19109,US,39.9496,-75.1637,77299,Cummerata-Luettgen,11/18/2024
545,Loleta,Cordle,lcordlef4@stumbleupon.com,Female,2000,Mercury,Grand Marquis,Houston,Texas,77065,US,29.9319,-95.6106,91792,Baumbach-Schmitt,11/12/2022
546,Giacinta,Bradnum,gbradnumf5@cdbaby.com,Female,2005,Chrysler,PT Cruiser,San Francisco,California,94159,US,37.7848,-122.7278,35358,Moen-Strosin,04/05/2025
547,Arleen,Bevir,abevirf6@storify.com,Female,2009,Lincoln,MKS,Huntsville,Alabama,35895,US,34.734,-86.5229,64764,Reynolds-Morar,08/14/2023
548,Fielding,Pinckard,fpinckardf7@google.cn,Male,2004,GMC,Yukon,Roanoke,Virginia,24014,US,37.2327,-79.9463,76156,Smith Group,05/19/2022
549,Harry,Edrich,hedrichf8@facebook.com,Male,1993,Mazda,Navajo,Sacramento,California,95828,US,38.4826,-121.4006,97501,"Kovacek, Lehner and Bogisich",06/03/2023
550,Geoffrey,Cratere,gcrateref9@liveinternet.ru,Male,1995,Land Rover,Discovery,Phoenix,Arizona,85015,US,33.5082,-112.1011,79396,"Lesch, Dickens and Dibbert",07/28/2022
551,Theobald,Idale,tidalefa@telegraph.co.uk,Male,2006,BMW,760,Miami,Florida,33180,US,25.9597,-80.1403,66130,"Lind, Watsica and Gerlach",04/01/2025
552,Berkeley,Tyhurst,btyhurstfb@census.gov,Male,2007,Chevrolet,Silverado,Salt Lake City,Utah,84115,US,40.7145,-111.8931,82816,"Romaguera, Trantow and Jenkins",10/04/2024
553,Maxi,Sandiford,msandifordfc@dell.com,Female,1992,Lotus,Esprit,Orlando,Florida,32830,US,28.3822,-81.569,61205,Hauck-Zulauf,02/16/2022
554,Marcia,Stivani,mstivanifd@hhs.gov,Female,1997,Chevrolet,Corvette,Washington,District of Columbia,20456,US,38.8981,-77.0401,36114,Jaskolski-Okuneva,11/17/2022
555,Kiel,Franies,kfraniesfe@bloglines.com,Male,2006,Hyundai,Elantra,Washington,District of Columbia,20099,US,38.8933,-77.0146,82200,Hermiston-Harber,12/29/2022
556,Cristin,Mulder,cmulderff@nih.gov,Female,1997,Honda,Prelude,Fort Lauderdale,Florida,33305,US,26.1497,-80.1229,54791,"Schaden, Sauer and Klocko",05/05/2022
557,Tanhya,Brennenstuhl,tbrennenstuhlfg@bbb.org,Female,1996,Mazda,MX-5,Detroit,Michigan,48258,US,42.2399,-83.1508,71790,"Pagac, Ryan and Mohr",06/04/2022
558,Claudette,Bricket,cbricketfh@huffingtonpost.com,Female,2008,Toyota,Tundra,North Port,Florida,34290,US,27.0459,-82.2491,46588,Mante Group,10/03/2022
559,Marina,Bonhome,mbonhomefi@shop-pro.jp,Female,1979,Nissan,280ZX,Providence,Rhode Island,02912,US,41.8267,-71.3977,90954,Veum Inc,09/02/2024
560,Anica,Kilmaster,akilmasterfj@wordpress.com,Female,2006,Land Rover,LR3,Harrisburg,Pennsylvania,17126,US,40.2618,-76.88,52732,Braun Group,12/13/2024
561,Lesya,Semark,lsemarkfk@thetimes.co.uk,Female,1980,Ford,Thunderbird,Houston,Texas,77293,US,29.834,-95.4342,61189,Gislason-Waters,09/21/2022
562,Raf,Seczyk,rseczykfl@wikipedia.org,Female,2008,Audi,RS4,Jackson,Mississippi,39236,US,32.3113,-90.3972,55584,"Robel, Gerlach and Gusikowski",09/04/2024
563,Cele,Titterell,ctitterellfm@blogs.com,Female,2005,Cadillac,Escalade,Sacramento,California,94230,US,38.3774,-121.4444,52381,Breitenberg LLC,03/12/2022
564,Alexia,Vasentsov,avasentsovfn@opensource.org,Female,2004,Toyota,Camry,Raleigh,North Carolina,27610,US,35.7667,-78.6008,52220,"Kunde, Bogan and Hilpert",08/27/2023
565,Rollins,McKeachie,rmckeachiefo@flickr.com,Male,2003,Mazda,MX-5,Cedar Rapids,Iowa,52405,US,41.9804,-91.7098,89772,Stark-Mraz,01/14/2023
566,Candice,Swannell,cswannellfp@nih.gov,Female,2000,Chevrolet,2500,Gary,Indiana,46406,US,41.5878,-87.4062,33368,"Stiedemann, Effertz and Stokes",01/28/2025
567,Jaye,McLanachan,jmclanachanfq@biglobe.ne.jp,Male,2009,Lincoln,Town Car,New York City,New York,10099,US,40.7808,-73.9772,61345,White LLC,10/25/2022
568,Imogen,Spurway,ispurwayfr@seattletimes.com,Female,2003,Chevrolet,Silverado,Denton,Texas,76210,US,33.1428,-97.0727,68681,"Rohan, Abshire and Keeling",06/12/2022
569,Linoel,McMinn,lmcminnfs@addthis.com,Male,2007,Acura,TSX,Houston,Texas,77276,US,29.7575,-95.3668,97630,Jast LLC,10/13/2025
570,Eliot,Rubinowicz,erubinowiczft@merriam-webster.com,Male,2010,Aston Martin,DBS,Chicago,Illinois,60624,US,41.8804,-87.7223,59455,Kozey-Kihn,01/09/2025
571,Fayth,Ozintsev,fozintsevfu@reverbnation.com,Female,2011,Nissan,Rogue,Arlington,Texas,76096,US,32.7714,-97.2915,49368,"Smitham, Flatley and Little",10/02/2024
572,Tanitansy,Giorio,tgioriofv@redcross.org,Female,1990,Mercury,Topaz,Davenport,Iowa,52804,US,41.5386,-90.6115,54910,Wolf LLC,12/21/2023
573,Gwendolin,Thorns,gthornsfw@cornell.edu,Female,2010,Lexus,LS Hybrid,Washington,District of Columbia,20310,US,38.8933,-77.0146,51857,"Koelpin, Franecki and Hirthe",09/24/2025
574,Packston,Kearey,pkeareyfx@squidoo.com,Male,1992,Dodge,Viper,Chicago,Illinois,60624,US,41.8804,-87.7223,66026,Beier-Block,11/04/2025
575,Templeton,Proppers,tproppersfy@nps.gov,Male,2009,Ford,Focus,Atlanta,Georgia,30328,US,33.9335,-84.3958,46845,Watsica LLC,02/09/2024
576,Patrizia,Bugler,pbuglerfz@virginia.edu,Polygender,2003,Jaguar,S-Type,Mobile,Alabama,36622,US,30.6589,-88.178,84379,Feeney and Sons,04/09/2022
577,Lauryn,Flacknell,lflacknellg0@photobucket.com,Female,2007,Kia,Rondo,Monticello,Minnesota,55590,US,45.2009,-93.8881,95012,"Gerhold, Bosco and Marvin",09/19/2022
578,Regine,Farrance,rfarranceg1@archive.org,Female,1964,Ford,Galaxie,Saint Louis,Missouri,63143,US,38.6111,-90.3225,33888,Hettinger-Hammes,04/20/2022
579,Cordula,Courtman,ccourtmang2@nymag.com,Female,1994,Volkswagen,Golf III,Dayton,Ohio,45426,US,39.7982,-84.3211,70916,Lebsack LLC,06/14/2024
580,Zeke,Purcell,zpurcellg3@last.fm,Male,2010,Lexus,IS,Detroit,Michigan,48211,US,42.3809,-83.0409,65714,Bashirian-Heidenreich,07/10/2025
581,Maureene,Tapp,mtappg4@flickr.com,Female,1987,Mitsubishi,Excel,Galveston,Texas,77554,US,29.2243,-94.9637,63299,Bailey-Runte,12/16/2025
582,Town,Pither,tpitherg5@over-blog.com,Male,1997,Ford,Explorer,San Diego,California,92176,US,33.0169,-116.846,83298,"Nienow, Corwin and Feil",07/17/2022
583,Nelia,Fanthom,nfanthomg6@seattletimes.com,Female,1997,Ford,Taurus,Detroit,Michigan,48242,US,42.2166,-83.3532,91021,Hudson-Daugherty,06/20/2022
584,Romeo,Lemerie,rlemerieg7@themeforest.net,Non-binary,1969,Ford,Mustang,Fort Pierce,Florida,34981,US,27.4049,-80.3623,94431,"Dooley, Skiles and Erdman",03/27/2023
585,Reeta,Curley,rcurleyg8@tinypic.com,Female,2000,Mazda,MX-5,Phoenix,Arizona,85040,US,33.4061,-112.0265,46492,"Green, Gutkowski and Treutel",12/14/2023
586,Reginald,Fynan,rfynang9@myspace.com,Male,1993,GMC,Suburban 1500,Minneapolis,Minnesota,55412,US,45.0242,-93.302,93105,Kling-Willms,04/17/2022
587,Steffie,Cholomin,scholominga@nsw.gov.au,Female,1996,Dodge,Dakota,Austin,Texas,78710,US,30.352,-97.7151,64871,"Zieme, Hodkiewicz and Schoen",07/04/2024
588,Ruprecht,Wornham,rwornhamgb@dell.com,Male,2006,Mazda,Mazda3,New York City,New York,10175,US,40.7543,-73.9798,38984,Waelchi LLC,06/01/2022
589,Essy,Goundry,egoundrygc@wikipedia.org,Female,2000,Subaru,Impreza,Paterson,New Jersey,07522,US,40.9252,-74.1781,96610,"Moen, Durgan and Robel",01/10/2025
590,Dehlia,Haily,dhailygd@privacy.gov.au,Female,1999,Lincoln,Continental,Waterbury,Connecticut,06726,US,41.3657,-72.9275,42959,Orn Inc,07/22/2022
591,Joaquin,Bridell,jbridellge@who.int,Male,1994,Mazda,626,Charlottesville,Virginia,22903,US,38.0339,-78.4924,80479,"O'Keefe, Hyatt and Dibbert",04/19/2024
592,Erminia,Piatto,epiattogf@infoseek.co.jp,Genderqueer,1993,GMC,Vandura 1500,Charlotte,North Carolina,28299,US,35.26,-80.8042,92581,Ferry-Renner,07/05/2025
593,Arley,Clemenzi,aclemenzigg@prnewswire.com,Male,1986,Buick,LeSabre,Kansas City,Missouri,64114,US,38.9621,-94.5959,62354,"Senger, Parker and Gibson",10/30/2022
594,Calli,Webburn,cwebburngh@pagesperso-orange.fr,Female,2000,Ford,Ranger,Omaha,Nebraska,68144,US,41.2335,-96.1188,80120,Marks-Smith,04/15/2025
595,Padraic,Eccersley,peccersleygi@bloglines.com,Male,2000,Chevrolet,Monte Carlo,Buffalo,New York,14276,US,42.7684,-78.8871,65665,Schroeder-Spinka,10/29/2022
596,Dorolice,Sidnall,dsidnallgj@nymag.com,Female,2012,Subaru,Legacy,Springfield,Illinois,62794,US,39.7495,-89.606,50169,Fadel Inc,02/15/2023
597,Raddy,Dundendale,rdundendalegk@google.it,Bigender,1997,Infiniti,QX,Saint Paul,Minnesota,55114,US,44.968,-93.1981,43589,Stiedemann and Sons,09/22/2024
598,Leon,Stonbridge,lstonbridgegl@intel.com,Male,1998,Oldsmobile,Intrigue,Gainesville,Florida,32610,US,29.6813,-82.3539,61732,Schuster Group,08/19/2022
599,Robenia,Dufaur,rdufaurgm@posterous.com,Female,2001,Volkswagen,Jetta,San Diego,California,92165,US,33.0169,-116.846,94615,"O'Reilly, Adams and Metz",03/17/2023
600,Lauryn,Basindale,lbasindalegn@businesswire.com,Female,1994,Chrysler,LeBaron,Saint Petersburg,Florida,33715,US,27.6705,-82.7119,71247,Schroeder-Bernhard,07/23/2025
601,Madelyn,Blakeston,mblakestongo@merriam-webster.com,Female,2006,Mercury,Mountaineer,Round Rock,Texas,78682,US,30.6568,-97.6026,74901,Gulgowski Group,02/24/2023
602,Russell,Cadogan,rcadogangp@squidoo.com,Male,2004,Chevrolet,Blazer,Seattle,Washington,98166,US,47.4511,-122.353,52643,Feeney-Cormier,10/27/2022
603,Esta,Oxshott,eoxshottgq@mozilla.org,Female,1990,Mitsubishi,Precis,Oklahoma City,Oklahoma,73109,US,35.4259,-97.5261,45140,"Brekke, Conroy and Ferry",02/26/2023
604,Pernell,Astie,pastiegr@gizmodo.com,Male,1997,GMC,Savana 1500,Midland,Michigan,48670,US,43.6375,-84.2568,79388,Leuschke-Rohan,02/16/2022
605,Izak,Pluthero,iplutherogs@ted.com,Male,1972,Ford,Mustang,Montgomery,Alabama,36177,US,32.2334,-86.2085,97274,"Sanford, Walker and Boyer",12/18/2024
606,Janie,Rawe,jrawegt@oakley.com,Female,1995,Infiniti,G,Davenport,Iowa,52809,US,41.613,-90.6063,42689,Harber and Sons,08/03/2024
607,Demetrius,Dyson,ddysongu@nsw.gov.au,Male,2009,Jaguar,XF,San Francisco,California,94159,US,37.7848,-122.7278,93742,Cormier-Jacobson,01/11/2025
608,Philip,Bloys,pbloysgv@github.com,Male,1989,Mazda,929,Topeka,Kansas,66667,US,39.0429,-95.7697,30244,Stark Group,02/26/2022
609,Giorgia,Fairweather,gfairweathergw@washington.edu,Female,1986,Subaru,Brat,Jackson,Mississippi,39282,US,32.3113,-90.3972,74819,"Cronin, Becker and Toy",03/25/2023
610,Luciano,Roberds,lroberdsgx@google.co.uk,Male,2011,Cadillac,Escalade EXT,Marietta,Georgia,30066,US,34.0378,-84.5038,32016,Powlowski-Borer,12/31/2022
611,Bondy,Hennington,bhenningtongy@cisco.com,Agender,1999,Mazda,B-Series Plus,Pittsburgh,Pennsylvania,15205,US,40.4322,-80.1021,90499,"Schultz, Marvin and Crooks",07/29/2025
612,Kingsley,Scare,kscaregz@barnesandnoble.com,Male,2009,Dodge,Avenger,Chicago,Illinois,60646,US,41.993,-87.7596,64253,Powlowski-Harvey,12/05/2024
613,Gaylene,Haggish,ghaggishh0@stanford.edu,Female,2006,Honda,Pilot,Garland,Texas,75044,US,32.9522,-96.6654,56991,"Walker, Konopelski and Reynolds",01/21/2023
614,Clara,Vassay,cvassayh1@reverbnation.com,Female,2006,Kia,Sorento,Harrisburg,Pennsylvania,17110,US,40.303,-76.8862,91495,"Conn, Franecki and Rosenbaum",06/04/2024
615,Felike,Huske,fhuskeh2@yellowbook.com,Male,1986,Ford,LTD Crown Victoria,Albuquerque,New Mexico,87105,US,35.0448,-106.6893,48428,Considine Inc,03/09/2022
616,Rancell,Happs,rhappsh3@t.co,Male,1995,GMC,3500,Grand Rapids,Michigan,49544,US,43.0073,-85.7255,79184,"Wisozk, Cummings and Abshire",03/24/2022
617,Lance,Fadian,lfadianh4@icio.us,Male,1981,Chevrolet,Camaro,Philadelphia,Pennsylvania,19125,US,39.9788,-75.1262,79653,"Farrell, Towne and Reichert",07/30/2025
618,Beckie,Ruffler,brufflerh5@ning.com,Female,2007,Isuzu,i-Series,Salt Lake City,Utah,84189,US,40.6681,-111.9083,72494,"Marks, Braun and Ward",06/26/2025
619,Wade,Shippam,wshippamh6@xrea.com,Male,1992,Lincoln,Continental,Springfield,Virginia,22156,US,38.8318,-77.2888,71816,Wiegand and Sons,03/10/2024
620,Carmita,Sherrock,csherrockh7@livejournal.com,Female,2010,BMW,3 Series,New York City,New York,10249,US,40.7808,-73.9772,33741,Ondricka-Shields,03/09/2025
621,Michael,Love,mloveh8@i2i.jp,Male,1997,Mercury,Cougar,Minneapolis,Minnesota,55480,US,45.0159,-93.4719,89989,"Schiller, Champlin and Okuneva",03/11/2024
622,Jorry,Rojahn,jrojahnh9@opensource.org,Female,2011,Toyota,Sienna,Albany,New York,12205,US,42.7198,-73.8207,77599,Bashirian-Parisian,12/13/2025
623,Harlie,Chessil,hchessilha@yahoo.co.jp,Non-binary,1995,Oldsmobile,Aurora,Philadelphia,Pennsylvania,19136,US,40.0422,-75.0244,32402,Funk-Reilly,06/03/2024
624,Louis,Finneran,lfinneranhb@example.com,Male,2002,Nissan,Frontier,Atlanta,Georgia,30343,US,33.8444,-84.474,72961,Rempel Group,02/14/2025
625,Jocelyn,Lettice,jletticehc@examiner.com,Female,2009,BMW,M5,Houston,Texas,77212,US,29.834,-95.4342,30712,Shanahan Inc,09/11/2025
626,Gisela,Siverns,gsivernshd@odnoklassniki.ru,Female,2002,Kia,Spectra,Denver,Colorado,80243,US,39.7388,-104.4083,56606,"Klein, Haley and Rutherford",06/07/2022
627,Franklyn,Borgnol,fborgnolhe@un.org,Male,1993,GMC,Rally Wagon 3500,Dallas,Texas,75367,US,32.7673,-96.7776,84202,"Towne, Tremblay and Yost",01/06/2025
628,Sheeree,Dismore,sdismorehf@youtu.be,Female,1993,Ford,Festiva,Lexington,Kentucky,40515,US,37.9651,-84.4708,45374,"Runolfsson, Cole and Jenkins",02/03/2024
629,Faber,Eads,feadshg@mit.edu,Non-binary,2004,Ford,E250,Washington,District of Columbia,20005,US,38.9067,-77.0312,47503,Kirlin Inc,01/22/2024
630,Ryan,Keward,rkewardhh@usgs.gov,Male,2008,Toyota,FJ Cruiser,San Francisco,California,94105,US,37.7864,-122.3892,66582,Medhurst Group,05/24/2022
631,Irwin,Clackson,iclacksonhi@google.es,Male,2006,Mitsubishi,Lancer,Wilkes Barre,Pennsylvania,18768,US,41.2722,-75.8801,81327,Dach-Weimann,04/15/2024
632,Emmalynne,Twinborough,etwinboroughhj@gravatar.com,Female,2002,Volkswagen,GTI,Philadelphia,Pennsylvania,19141,US,40.0365,-75.1451,96518,Koch LLC,12/22/2024
633,Ulysses,Lindeberg,ulindeberghk@utexas.edu,Male,1996,Mercedes-Benz,C-Class,Richmond,Virginia,23220,US,37.5498,-77.4588,36120,Wilderman Group,03/23/2024
634,Faber,Imms,fimmshl@bbb.org,Male,1995,Mazda,Millenia,San Antonio,Texas,78205,US,29.4237,-98.4925,59291,Botsford-Ebert,09/07/2024
635,Bat,Hicks,bhickshm@amazon.co.uk,Polygender,2011,Chevrolet,Silverado 2500,San Antonio,Texas,78265,US,29.4375,-98.4616,57767,"Schaefer, Larson and Ebert",09/27/2023
636,Nomi,Herreros,nherreroshn@histats.com,Female,2009,Chevrolet,Cobalt SS,Abilene,Texas,79699,US,32.4665,-99.7117,89018,"Schmidt, Lubowitz and Kub",10/16/2022
637,Tito,Rivett,trivettho@lulu.com,Male,2007,Mazda,B-Series,Saint Petersburg,Florida,33731,US,27.8918,-82.7248,59694,Pagac and Sons,02/14/2024
638,Jane,Brydone,jbrydonehp@springer.com,Female,2008,Mazda,Mazda5,Newark,Delaware,19725,US,39.5645,-75.597,59957,Halvorson-Bode,07/06/2025
639,Garey,Girardi,ggirardihq@hexun.com,Male,2006,Chrysler,Pacifica,Sandy,Utah,84093,US,40.5927,-111.831,99900,"Pacocha, Jenkins and Torp",11/08/2025
640,Randolph,Germaine,rgermainehr@wikimedia.org,Male,2010,Toyota,Camry,San Diego,California,92160,US,33.0169,-116.846,98716,"Schmitt, Sauer and Schiller",01/20/2024
641,Ase,Worts,awortshs@nsw.gov.au,Male,1994,Volkswagen,Jetta,Cambridge,Massachusetts,02142,US,42.362,-71.083,55637,Nikolaus Group,07/06/2024
642,Karole,Enrico,kenricoht@quantcast.com,Female,2005,Ford,F350,Roanoke,Virginia,24004,US,37.2742,-79.9579,35316,Carter-Kunze,12/25/2024
643,Harvey,Ilyukhov,hilyukhovhu@virginia.edu,Male,1991,Lincoln,Continental,High Point,North Carolina,27264,US,36.0807,-80.0244,77220,Labadie Inc,10/13/2023
644,Delora,Showering,dshoweringhv@nba.com,Female,2001,Lexus,LX,Sarasota,Florida,34238,US,27.2427,-82.4751,46716,Murazik-Feeney,12/22/2025
645,Ed,Thornley,ethornleyhw@bluehost.com,Male,1962,Pontiac,Grand Prix,Erie,Pennsylvania,16510,US,42.1087,-79.9535,76333,Hodkiewicz-Lesch,09/13/2024
646,Monro,MacNeillie,mmacneilliehx@seattletimes.com,Male,2008,Chevrolet,Colorado,Rochester,New York,14652,US,43.286,-77.6843,59119,"Schinner, Kemmer and Hansen",02/18/2025
647,Jenny,Seabert,jseaberthy@storify.com,Female,2012,Volvo,XC60,Charlotte,North Carolina,28299,US,35.26,-80.8042,93390,Kub Group,09/07/2025
648,Neale,Cran,ncranhz@army.mil,Male,2006,Cadillac,Escalade ESV,Tacoma,Washington,98447,US,47.1441,-122.4434,58794,Buckridge Group,09/25/2024
649,Elia,Pettendrich,epettendrichi0@weibo.com,Male,2009,Ford,Flex,El Paso,Texas,79984,US,31.6948,-106.3,41668,Trantow-Nader,07/24/2025
650,Elvis,Callicott,ecallicotti1@google.pl,Male,1987,Pontiac,Grand Am,Las Cruces,New Mexico,88006,US,32.3052,-106.7863,54849,"Kertzmann, Kuphal and Runolfsdottir",06/27/2024
651,Noelani,Georgievski,ngeorgievskii2@histats.com,Female,2007,Dodge,Ram 2500,Petaluma,California,94975,US,38.4631,-122.99,58965,"Stracke, Dicki and Shanahan",05/04/2024
652,Falkner,Twidle,ftwidlei3@tmall.com,Male,2002,Pontiac,Firebird,Morgantown,West Virginia,26505,US,39.6505,-79.944,34316,Abernathy-Klocko,11/19/2023
653,Carlye,Fielder,cfielderi4@engadget.com,Female,1985,Mercedes-Benz,W201,Annapolis,Maryland,21405,US,39.0305,-76.5515,87319,"Fisher, Kovacek and Sawayn",03/09/2024
654,Vlad,Pasque,vpasquei5@sakura.ne.jp,Male,2012,Infiniti,M,Prescott,Arizona,86305,US,34.8185,-112.9584,49082,"Ratke, Paucek and DuBuque",01/16/2024
655,Jessamyn,Woodall,jwoodalli6@typepad.com,Female,1988,Audi,90,Baltimore,Maryland,21281,US,39.2847,-76.6205,61985,"Kautzer, Lesch and Sporer",11/22/2023
656,Hasty,Pidgeon,hpidgeoni7@surveymonkey.com,Male,2007,Ford,E350,Washington,District of Columbia,20430,US,38.9164,-76.9948,65993,"DuBuque, O'Hara and Jenkins",05/10/2024
657,Magda,Climie,mclimiei8@nationalgeographic.com,Female,1986,Mitsubishi,Galant,Fort Lauderdale,Florida,33325,US,26.1097,-80.3215,49002,Yundt-Cassin,04/25/2022
658,Rhodia,Mcettrick,rmcettricki9@reuters.com,Female,1998,Suzuki,Sidekick,Indianapolis,Indiana,46254,US,39.849,-86.272,53033,"Nader, Hartmann and Renner",11/10/2025
659,Wallie,Brimmacombe,wbrimmacombeia@ftc.gov,Male,2007,BMW,7 Series,Burbank,California,91505,US,34.169,-118.3442,98214,"Christiansen, Kshlerin and Stehr",07/24/2024
660,Lorine,Pesek,lpesekib@dailymail.co.uk,Female,1987,Pontiac,Firebird,Garland,Texas,75044,US,32.9522,-96.6654,80152,Metz-McClure,05/25/2023
661,Nataniel,Butterfield,nbutterfieldic@mediafire.com,Male,1992,Volkswagen,GTI,Jamaica,New York,11407,US,40.6913,-73.8059,46515,Leannon-Larson,06/20/2024
662,Noel,Gronw,ngronwid@t-online.de,Male,2000,Mercedes-Benz,C-Class,New Orleans,Louisiana,70183,US,29.6779,-90.0901,47524,Orn-Nader,10/04/2024
663,Christiana,Hallewell,challewellie@ucsd.edu,Female,1978,Chevrolet,Corvette,Albany,New York,12247,US,42.6149,-73.9708,75700,"Rice, Lehner and Hagenes",10/17/2023
664,Dionne,Sandwith,dsandwithif@who.int,Female,2009,Mazda,Mazda3,Spokane,Washington,99252,US,47.6536,-117.4317,34321,Wilkinson and Sons,12/25/2023
665,Corny,Isacsson,cisacssonig@altervista.org,Male,2003,Ford,F250,Atlanta,Georgia,30392,US,33.8444,-84.474,35157,Steuber-Gulgowski,12/31/2022
666,Gretel,O'Shields,goshieldsih@sohu.com,Female,1988,Mazda,Familia,Pinellas Park,Florida,34665,US,27.8402,-82.7125,51026,Koch Inc,09/14/2023
667,Star,Woodnutt,swoodnuttii@twitter.com,Female,2005,Dodge,Grand Caravan,Fort Lauderdale,Florida,33330,US,26.0663,-80.3339,84613,"Dach, Cremin and Langworth",05/05/2025
668,Elvera,Barnwall,ebarnwallij@163.com,Female,1997,Nissan,200SX,Cincinnati,Ohio,45208,US,39.1361,-84.4355,61787,Hand Group,11/01/2024
669,Jorie,Hyder,jhyderik@ibm.com,Female,1995,Acura,Integra,Baltimore,Maryland,21239,US,39.361,-76.5891,92966,Anderson Inc,11/23/2022
670,Riordan,Fairfoull,rfairfoullil@apple.com,Male,2012,Volkswagen,Eos,Flushing,New York,11355,US,40.7536,-73.8226,38736,Brakus-Nader,05/25/2023
671,Morissa,Ollerhead,mollerheadim@timesonline.co.uk,Female,1986,Maserati,Biturbo,Anaheim,California,92812,US,33.817,-117.9286,51745,Sporer-Yundt,06/04/2025
672,Sula,MacMaykin,smacmaykinin@gnu.org,Female,2006,Chrysler,Sebring,El Paso,Texas,79916,US,31.7444,-106.2879,48614,"Hirthe, Hansen and Miller",11/14/2024
673,Kalli,Bolgar,kbolgario@constantcontact.com,Female,2008,BMW,M Roadster,Annapolis,Maryland,21405,US,39.0305,-76.5515,97790,Grady and Sons,04/27/2022
674,Mattheus,Slaten,mslatenip@dagondesign.com,Male,1996,Dodge,Intrepid,Montgomery,Alabama,36125,US,32.2334,-86.2085,83455,Flatley Group,12/19/2023
675,Madelin,Alison,malisoniq@imgur.com,Female,2005,Cadillac,CTS,Springfield,Massachusetts,01152,US,42.1707,-72.6048,46048,Ernser-Huel,11/19/2025
676,Peggi,Lidyard,plidyardir@ehow.com,Female,1993,GMC,Sonoma Club Coupe,Amarillo,Texas,79118,US,35.0763,-101.8349,64010,"Harvey, Hodkiewicz and Johnson",03/08/2022
677,Broddie,Dossetter,bdossetteris@google.co.jp,Male,1996,Audi,A4,Providence,Rhode Island,02905,US,41.7845,-71.3959,37241,Littel-Monahan,02/12/2023
678,Scarlett,Cassimer,scassimerit@icq.com,Female,1994,Dodge,Intrepid,Kansas City,Missouri,64199,US,39.035,-94.3567,39670,"Nolan, Morissette and Jones",11/26/2025
679,Myrna,Iacovolo,miacovoloiu@cloudflare.com,Female,2003,Mercedes-Benz,SL-Class,Columbus,Ohio,43268,US,39.969,-83.0114,62863,Runte-Heathcote,01/23/2026
680,Mariejeanne,Croome,mcroomeiv@google.com.hk,Female,2008,Mazda,Mazdaspeed 3,Austin,Texas,78710,US,30.352,-97.7151,84258,"Rogahn, Marks and O'Hara",01/25/2026
681,Josephine,Abden,jabdeniw@oakley.com,Female,1997,Mazda,B-Series Plus,Waterloo,Iowa,50706,US,42.4156,-92.2703,44719,Satterfield Group,02/01/2023
682,Chris,Bees,cbeesix@g.co,Female,1987,Subaru,Brat,El Paso,Texas,79999,US,31.6948,-106.3,75162,Daugherty-Jaskolski,06/04/2025
683,Fredric,Cabotto,fcabottoiy@parallels.com,Bigender,2003,Chevrolet,Tracker,Albany,New York,12237,US,42.6149,-73.9708,70273,Bartell Inc,07/12/2025
684,Rossy,Geerits,rgeeritsiz@bing.com,Male,1992,GMC,Jimmy,Springfield,Massachusetts,01105,US,42.0999,-72.5783,36189,Brekke-Balistreri,09/01/2024
685,Selene,Jovasevic,sjovasevicj0@mlb.com,Female,1992,Buick,Riviera,Baton Rouge,Louisiana,70810,US,30.3633,-91.0919,89536,Shanahan Inc,05/31/2025
686,Sheba,Gaffey,sgaffeyj1@bravesites.com,Female,1998,Lexus,LX,Pasadena,California,91125,US,33.7866,-118.2987,74869,"Nikolaus, Gislason and Turcotte",12/21/2022
687,Christoffer,Andreaccio,candreaccioj2@domainmarket.com,Male,1991,Mitsubishi,Truck,San Jose,California,95194,US,37.3894,-121.8868,60775,"Padberg, Corwin and Gerhold",08/10/2022
688,Gaby,Hemstead,ghemsteadj3@ehow.com,Female,1966,Pontiac,Bonneville,Kansas City,Missouri,64149,US,38.8606,-94.4636,56864,Price-Effertz,05/19/2024
689,Riccardo,Aspenlon,raspenlonj4@multiply.com,Male,2012,BMW,X6,Pasadena,California,91109,US,33.7866,-118.2987,83944,Erdman and Sons,03/24/2024
690,Uriel,Lacelett,ulacelettj5@slashdot.org,Male,2009,Ford,E250,Fort Smith,Arkansas,72916,US,35.2502,-94.3703,68560,Hudson Inc,09/18/2024
691,Mabelle,Godart,mgodartj6@drupal.org,Female,1991,Porsche,944,Scranton,Pennsylvania,18514,US,41.4019,-75.6376,40910,Littel Group,08/12/2025
692,Issi,Ros,irosj7@psu.edu,Female,2006,Ford,Expedition,Newark,New Jersey,07112,US,40.7107,-74.2131,87741,"Farrell, Skiles and Tillman",06/30/2025
693,Lexine,Winsper,lwinsperj8@mac.com,Female,2001,Mercedes-Benz,CLK-Class,Tulsa,Oklahoma,74156,US,36.3024,-95.9605,49556,Pollich LLC,11/17/2022
694,Lion,Innett,linnettj9@ox.ac.uk,Male,2000,BMW,7 Series,Tacoma,Washington,98424,US,47.2325,-122.3594,51339,Cronin Group,08/02/2023
695,Jere,Steet,jsteetja@princeton.edu,Female,1990,Mitsubishi,L300,Las Vegas,Nevada,89145,US,36.1693,-115.2828,83633,Considine-Braun,05/25/2023
696,Sharl,Minchinton,sminchintonjb@hatena.ne.jp,Female,2002,Suzuki,Esteem,Miami,Florida,33134,US,25.768,-80.2714,61300,Schaden-Green,12/26/2022
697,Nelly,Folcarelli,nfolcarellijc@senate.gov,Female,2011,Chevrolet,Express 3500,Norwalk,Connecticut,06859,US,41.3089,-73.3637,53888,Marvin Group,11/30/2024
698,Melisandra,Skokoe,mskokoejd@wufoo.com,Female,1985,Volkswagen,Scirocco,Washington,District of Columbia,20425,US,38.8933,-77.0146,32637,Streich-Lemke,01/22/2023
699,Nert,Eastridge,neastridgeje@omniture.com,Female,2006,Volvo,S60,Suffolk,Virginia,23436,US,36.8926,-76.5142,68592,Ruecker LLC,06/25/2025
700,Annora,Burton,aburtonjf@github.com,Female,1999,GMC,Suburban 2500,Van Nuys,California,91499,US,33.7866,-118.2987,97899,"Schulist, Daniel and Orn",04/20/2022
701,Sholom,Palia,spaliajg@posterous.com,Male,2011,Smart,Fortwo,Savannah,Georgia,31416,US,32.0053,-81.0477,30500,"Cummerata, Schoen and Mante",11/22/2024
702,Jerome,Gale,jgalejh@java.com,Male,1992,Mercedes-Benz,300SE,Anaheim,California,92812,US,33.817,-117.9286,60050,"Jones, Durgan and Kovacek",09/29/2022
703,Carleton,Cowlin,ccowlinji@blogspot.com,Male,2006,Buick,Rendezvous,El Paso,Texas,88541,US,31.6948,-106.3,71032,"Schoen, Cronin and Macejkovic",07/23/2025
704,Hakeem,Maghull,hmaghulljj@disqus.com,Male,2006,Ford,Fusion,Warren,Michigan,48092,US,42.5125,-83.0643,59130,McCullough-Ryan,09/11/2022
705,Christalle,Lourens,clourensjk@purevolume.com,Female,2004,Chevrolet,Avalanche 1500,Trenton,New Jersey,08608,US,40.2204,-74.7622,87067,Stanton Inc,05/04/2024
706,Marc,Viollet,mviolletjl@networksolutions.com,Male,2004,BMW,X3,Austin,Texas,78759,US,30.4036,-97.7526,84656,"Kunde, Kulas and Torp",07/20/2023
707,Alexi,Cleghorn,acleghornjm@cbsnews.com,Female,2008,Saab,9-5,Miami,Florida,33175,US,25.7341,-80.4068,85694,"Morar, Daugherty and O'Keefe",06/23/2024
708,Orelee,Behnen,obehnenjn@mozilla.com,Female,2010,Maybach,57,Fort Pierce,Florida,34981,US,27.4049,-80.3623,74388,"Crona, Weber and Hartmann",12/08/2024
709,Kain,Kainz,kkainzjo@toplist.cz,Male,1988,Volkswagen,Scirocco,Chandler,Arizona,85246,US,33.2765,-112.1872,55149,Carter Group,05/27/2025
710,Gaspar,Pifford,gpiffordjp@symantec.com,Male,2008,Toyota,Camry,Baton Rouge,Louisiana,70894,US,30.5159,-91.0804,90586,Nader and Sons,02/04/2022
711,Betteann,Ewin,bewinjq@newsvine.com,Female,1998,Saturn,S-Series,Washington,District of Columbia,20215,US,38.8933,-77.0146,56054,"Haley, Schaden and Ullrich",01/05/2026
712,Wenona,Russe,wrussejr@blogs.com,Female,1989,Ford,E-Series,El Paso,Texas,88519,US,31.6948,-106.3,99597,"Roberts, Hessel and Anderson",01/10/2026
713,Addison,Hars,aharsjs@businessinsider.com,Male,2006,Chevrolet,Aveo,Knoxville,Tennessee,37995,US,35.9901,-83.9622,30476,"McKenzie, Hudson and O'Keefe",01/14/2026
714,Corabelle,Otridge,cotridgejt@youtube.com,Female,1995,Kia,Sephia,Chattanooga,Tennessee,37405,US,35.0768,-85.3082,30909,Kreiger Group,08/03/2022
715,Barnard,Lamasna,blamasnaju@amazon.co.uk,Male,1989,Ford,Tempo,Columbia,South Carolina,29225,US,34.006,-80.9708,91920,"Nicolas, Davis and Altenwerth",11/28/2024
716,Edythe,Riolfo,eriolfojv@indiatimes.com,Female,1998,Mazda,Protege,Omaha,Nebraska,68105,US,41.2435,-95.9629,35915,"Barton, Murazik and Rodriguez",11/12/2023
717,Madeleine,Mancer,mmancerjw@bing.com,Female,1999,Plymouth,Grand Voyager,Washington,District of Columbia,20041,US,38.8933,-77.0146,54745,Grimes-Watsica,01/02/2025
718,Euell,Grout,egroutjx@ustream.tv,Male,1995,Chevrolet,Corvette,Temple,Texas,76505,US,31.0363,-97.492,87624,"Sipes, Mante and White",10/28/2022
719,Jacintha,Sprowell,jsprowelljy@sfgate.com,Female,1990,Mitsubishi,Eclipse,San Antonio,Texas,78278,US,29.4375,-98.4616,37248,Zemlak LLC,12/17/2023
720,Emilia,Allkins,eallkinsjz@networkadvertising.org,Female,1994,Ford,Econoline E150,Colorado Springs,Colorado,80995,US,38.8247,-104.562,72689,Smitham-Harber,04/26/2024
721,Nicolai,Fine,nfinek0@lycos.com,Male,1988,Mercury,Sable,Stockton,California,95210,US,38.025,-121.2972,82233,Hoppe LLC,07/17/2023
722,Heddi,Hardison,hhardisonk1@ameblo.jp,Female,2011,Infiniti,M,New York City,New York,10125,US,40.7808,-73.9772,35316,Bode LLC,06/27/2025
723,Muire,Ismirnioglou,mismirnioglouk2@infoseek.co.jp,Bigender,1992,Buick,Riviera,Kansas City,Missouri,64114,US,38.9621,-94.5959,70490,"Schuster, Aufderhar and Kilback",03/07/2023
724,Maxie,Seid,mseidk3@ted.com,Female,1996,Mitsubishi,GTO,Topeka,Kansas,66611,US,39.0142,-95.6982,62840,Bailey Group,12/12/2025
725,Chaunce,Churchouse,cchurchousek4@pcworld.com,Male,1984,Pontiac,Bonneville,Honolulu,Hawaii,96850,US,21.3095,-157.863,66342,Jenkins Group,04/02/2022
726,Orin,Crisp,ocrispk5@utexas.edu,Male,1998,Nissan,Maxima,Pittsburgh,Pennsylvania,15230,US,40.4344,-80.0248,32457,Leuschke-VonRueden,12/12/2024
727,Davon,Puffett,dpuffettk6@npr.org,Male,2007,Ford,Edge,Huntington,West Virginia,25770,US,38.4134,-82.2774,96160,"Mosciski, Gutmann and Boyle",01/15/2023
728,Aurelea,Wyleman,awylemank7@prweb.com,Female,2005,Volvo,XC90,El Paso,Texas,88525,US,31.6948,-106.3,89973,Lesch-Emmerich,11/27/2024
729,Jenica,Witling,jwitlingk8@clickbank.net,Female,2006,Toyota,Corolla,Stockton,California,95298,US,37.9577,-121.2897,93792,"Auer, Johnson and Rowe",07/28/2024
730,Boycie,Steckings,bsteckingsk9@archive.org,Male,2012,Audi,A7,Reno,Nevada,89510,US,39.7699,-119.6027,87518,Wilderman-Sanford,08/11/2024
731,Erhard,Stoller,estollerka@soup.io,Male,1997,Mazda,MX-6,Winston Salem,North Carolina,27150,US,36.0275,-80.2073,71234,Gleichner-Rice,03/05/2022
732,Alexei,Gidney,agidneykb@1und1.de,Male,2002,Ford,F150,Lexington,Kentucky,40581,US,38.0283,-84.4715,50924,Keebler-Yost,11/13/2024
733,Humfrey,Hucks,hhuckskc@hubpages.com,Male,1996,Plymouth,Neon,Baton Rouge,Louisiana,70820,US,30.3795,-91.1671,85911,Hegmann and Sons,07/23/2022
734,Cecil,O'Skehan,coskehankd@dion.ne.jp,Bigender,1997,Lexus,GS,Dallas,Texas,75397,US,32.7673,-96.7776,38911,Gulgowski-Zieme,09/26/2024
735,Eleonora,Yorkston,eyorkstonke@hibu.com,Female,1995,Suzuki,Samurai,Saint Louis,Missouri,63131,US,38.6171,-90.4504,65021,Hackett-Yundt,05/08/2025
736,Hettie,Spilsbury,hspilsburykf@multiply.com,Polygender,1992,Eagle,Talon,Saint Petersburg,Florida,33742,US,27.8918,-82.7248,62579,"Borer, Reinger and Padberg",05/19/2024
737,Waylon,Ind,windkg@nationalgeographic.com,Male,2009,Volvo,V70,Wilmington,Delaware,19886,US,39.5645,-75.597,33897,Spencer-Greenholt,04/12/2022
738,Aloisia,Maggiore,amaggiorekh@nytimes.com,Female,2004,Kia,Amanti,Los Angeles,California,90050,US,33.7866,-118.2987,66942,Lind-Brown,06/16/2022
739,Cordell,Bourthoumieux,cbourthoumieuxki@myspace.com,Male,1991,Mercury,Grand Marquis,Milwaukee,Wisconsin,53285,US,43.0174,-87.5697,58476,Aufderhar-Schiller,06/04/2025
740,Merilyn,Stanbra,mstanbrakj@mapy.cz,Female,2013,Infiniti,JX,Tacoma,Washington,98417,US,47.2061,-122.4822,45561,Skiles LLC,10/19/2025
741,Jo-ann,Fiddyment,jfiddymentkk@fema.gov,Female,2012,Scion,xD,Spring,Texas,77386,US,30.1288,-95.4239,34899,Swaniawski Group,01/10/2026
742,Hirsch,Carnelley,hcarnelleykl@amazon.co.jp,Male,2012,Mitsubishi,i-MiEV,Springfield,Massachusetts,01105,US,42.0999,-72.5783,39544,"Rodriguez, Torphy and Borer",01/07/2025
743,Damien,Marcone,dmarconekm@constantcontact.com,Male,1992,BMW,M5,Shawnee Mission,Kansas,66210,US,38.9273,-94.7143,91218,Gerhold-Klein,12/08/2024
744,Gilly,Camplejohn,gcamplejohnkn@tiny.cc,Female,2010,Aston Martin,DBS,Augusta,Georgia,30905,US,33.413,-82.1337,93868,Wintheiser LLC,06/21/2023
745,Anne-marie,Darkin,adarkinko@wired.com,Genderfluid,1992,Honda,Prelude,New York City,New York,10249,US,40.7808,-73.9772,34730,Gibson-Nader,10/18/2024
746,Eveleen,McBayne,emcbaynekp@yahoo.co.jp,Female,1990,Volkswagen,Jetta,Indianapolis,Indiana,46226,US,39.8326,-86.0836,35802,Hermann and Sons,10/07/2023
747,Justus,May,jmaykq@canalblog.com,Male,2004,GMC,Sonoma,Montgomery,Alabama,36104,US,32.373,-86.3081,52268,King-Erdman,05/20/2025
748,Erick,Everit,eeveritkr@bigcartel.com,Bigender,2005,BMW,6 Series,Cedar Rapids,Iowa,52405,US,41.9804,-91.7098,87494,Strosin-O'Kon,05/04/2022
749,Valerye,Youson,vyousonks@symantec.com,Female,2004,Ford,F350,Los Angeles,California,90060,US,33.7866,-118.2987,69971,Pfannerstill and Sons,02/11/2022
750,Lucky,Ruck,lruckkt@cpanel.net,Female,2007,Acura,RL,Atlanta,Georgia,31196,US,33.8444,-84.474,36681,"Stanton, Johnston and Greenholt",11/27/2022
751,Walt,Medlar,wmedlarku@netvibes.com,Genderqueer,1992,Oldsmobile,Ciera,Atlanta,Georgia,30375,US,33.8444,-84.474,43090,Lynch Group,10/25/2024
752,Bartolemo,Teeney,bteeneykv@sbwire.com,Male,2013,BMW,X5 M,Detroit,Michigan,48206,US,42.3749,-83.1087,41704,Haley-Turcotte,01/08/2023
753,Calv,Parade,cparadekw@cnn.com,Male,1990,Buick,Estate,Reno,Nevada,89550,US,39.5387,-119.8225,92475,Dare-Toy,03/20/2025
754,Jaquenette,Dimock,jdimockkx@baidu.com,Female,2007,Dodge,Nitro,Melbourne,Florida,32919,US,28.3067,-80.6862,69001,Murazik-Dach,01/12/2024
755,Kendra,Laffan,klaffanky@woothemes.com,Non-binary,2001,Mazda,MX-5,Everett,Washington,98206,US,47.8599,-122.2848,89668,O'Reilly-Wuckert,09/14/2023
756,Aleen,Eayres,aeayreskz@soup.io,Female,1993,Alfa Romeo,Spider,Salt Lake City,Utah,84115,US,40.7145,-111.8931,76484,Lubowitz Group,06/26/2025
757,Giffy,O'Duilleain,goduilleainl0@tripadvisor.com,Male,2012,Audi,S4,Raleigh,North Carolina,27658,US,35.7977,-78.6253,35853,"Spencer, Murray and Kuhic",03/22/2022
758,Jeannine,Baalham,jbaalhaml1@shop-pro.jp,Female,2004,Mazda,Miata MX-5,Waco,Texas,76711,US,31.5175,-97.1547,62646,"Daugherty, Keeling and Upton",08/10/2023
759,Quentin,Woolard,qwoolardl2@soundcloud.com,Male,2012,Honda,CR-Z,Los Angeles,California,90010,US,34.0606,-118.3027,99011,"Christiansen, Lowe and Collins",05/07/2025
760,Lonna,Petrolli,lpetrollil3@ustream.tv,Female,1993,Dodge,Dynasty,Anchorage,Alaska,99517,US,61.1901,-149.9361,89452,"Brakus, Harris and Bruen",06/22/2025
761,Crysta,Koop,ckoopl4@cbsnews.com,Female,1999,Volkswagen,Cabriolet,Chattanooga,Tennessee,37416,US,35.0942,-85.1757,30379,Fahey LLC,04/27/2024
762,Clevey,Huckel,chuckell5@example.com,Male,1996,Ford,F250,Richmond,Virginia,23213,US,37.5593,-77.4471,63063,"DuBuque, Turner and Bergstrom",08/05/2025
763,Franny,Ianni,fiannil6@lulu.com,Female,2004,Cadillac,Escalade EXT,Riverside,California,92513,US,33.7529,-116.0556,74906,"Mueller, Wiegand and Jast",12/01/2024
764,Mildrid,Fernando,mfernandol7@globo.com,Female,1995,Saab,900,Atlanta,Georgia,31106,US,33.8444,-84.474,46265,"Hermiston, Hartmann and Kris",11/22/2022
765,Rene,Verralls,rverrallsl8@barnesandnoble.com,Male,2000,Lincoln,Continental,Miami,Florida,33185,US,25.7274,-80.4497,36793,"Homenick, Prosacco and Moen",09/06/2024
766,Mellicent,Gittings,mgittingsl9@theglobeandmail.com,Female,2006,GMC,Sierra Denali,Cape Coral,Florida,33915,US,26.6599,-81.8934,61027,Dibbert and Sons,06/03/2024
767,Bill,Dressell,bdressellla@tamu.edu,Male,2008,Nissan,Frontier,Marietta,Georgia,30066,US,34.0378,-84.5038,69651,Tromp and Sons,07/06/2022
768,Alfredo,Dallosso,adallossolb@comcast.net,Male,1989,Subaru,XT,Las Vegas,Nevada,89155,US,35.9279,-114.9721,82878,Parisian-Bernier,08/28/2023
769,Menard,Woodison,mwoodisonlc@geocities.com,Male,2006,Ford,F-Series,New York City,New York,10280,US,40.7105,-74.0163,42981,Boyer Inc,11/26/2025
770,Nora,Thormwell,nthormwellld@java.com,Genderqueer,1984,Buick,Skyhawk,Philadelphia,Pennsylvania,19184,US,40.0018,-75.1179,30801,Spencer-Rempel,03/29/2023
771,Rex,Fenney,rfenneyle@mail.ru,Male,2003,Chrysler,300M,Lake Charles,Louisiana,70616,US,30.2642,-93.3265,73363,"Thiel, Ziemann and Abbott",06/10/2024
772,Batsheva,Hof,bhoflf@rambler.ru,Female,2007,Dodge,Ram 3500,Orlando,Florida,32859,US,28.4429,-81.4026,63719,Mitchell Inc,02/10/2022
773,Holly,Oldcroft,holdcroftlg@bigcartel.com,Female,2010,Volkswagen,New Beetle,San Antonio,Texas,78240,US,29.5189,-98.6006,31029,Ruecker-Carroll,12/11/2025
774,Otto,Fraczek,ofraczeklh@desdev.cn,Male,2007,Dodge,Magnum,Sacramento,California,94291,US,38.3774,-121.4444,69548,"Smith, Simonis and Douglas",03/19/2023
775,Sheree,Rex,srexli@webeden.co.uk,Genderqueer,1999,Nissan,Maxima,Florence,South Carolina,29505,US,34.1231,-79.6893,83184,Effertz Inc,05/19/2024
776,Hugibert,Hammerberg,hhammerberglj@kickstarter.com,Male,1964,Plymouth,Fury,Richmond,Virginia,23203,US,37.5593,-77.4471,37514,"Daugherty, Lueilwitz and Kuphal",08/29/2024
777,Virgie,Reding,vredinglk@google.pl,Female,1997,Chrysler,Sebring,Lansing,Michigan,48912,US,42.7371,-84.5244,50284,Altenwerth Group,08/19/2024
778,Jasper,Cogle,jcoglell@google.nl,Male,1980,Chevrolet,Camaro,Boise,Idaho,83732,US,43.4599,-116.244,94538,Koss Inc,10/28/2023
779,Camey,Liversidge,cliversidgelm@ted.com,Male,1999,Mercedes-Benz,CLK-Class,New York City,New York,10004,US,40.6964,-74.0253,75760,Williamson and Sons,09/09/2022
780,Kailey,Snufflebottom,ksnufflebottomln@fema.gov,Female,2012,Hyundai,Equus,Birmingham,Alabama,35231,US,33.5446,-86.9292,64698,"Prohaska, Jaskolski and Cummings",12/06/2022
781,Piper,Casoni,pcasonilo@live.com,Female,2012,Nissan,Leaf,Chicago,Illinois,60636,US,41.776,-87.6674,70897,Buckridge-O'Kon,05/26/2025
782,Dodi,Grassett,dgrassettlp@ihg.com,Female,2002,Buick,LeSabre,Charlotte,North Carolina,28205,US,35.22,-80.7881,37404,Friesen LLC,03/30/2025
783,Reider,Gorvette,rgorvettelq@istockphoto.com,Male,2000,Nissan,Frontier,Washington,District of Columbia,20215,US,38.8933,-77.0146,80703,Predovic-Renner,03/31/2025
784,Bernete,Jeduch,bjeduchlr@yahoo.co.jp,Female,2007,Toyota,Camry Solara,Atlanta,Georgia,30328,US,33.9335,-84.3958,80048,Wuckert-Rogahn,10/02/2024
785,Salem,Durrington,sdurringtonls@hibu.com,Male,1996,GMC,2500 Club Coupe,Tacoma,Washington,98417,US,47.2061,-122.4822,55850,Parisian LLC,02/14/2024
786,Sapphire,Skully,sskullylt@lycos.com,Female,2000,Lexus,SC,Atlanta,Georgia,31196,US,33.8444,-84.474,72062,Baumbach Group,07/28/2022
787,Xena,Stirrup,xstirruplu@mapy.cz,Female,2002,Chevrolet,Avalanche 1500,Montgomery,Alabama,36195,US,32.3544,-86.2843,57900,Mills-Romaguera,11/30/2025
788,Upton,Winchester,uwinchesterlv@theatlantic.com,Male,1997,Mazda,MPV,Richmond,Virginia,23289,US,37.5313,-77.4161,78322,"Flatley, Walsh and Kshlerin",03/08/2025
789,Morganne,Whyman,mwhymanlw@mysql.com,Female,2004,Chevrolet,Malibu,Pasadena,Texas,77505,US,29.6518,-95.1464,94299,"Powlowski, Wiegand and McClure",01/13/2025
790,Davidson,Buchett,dbuchettlx@123-reg.co.uk,Male,2008,Volvo,S80,Pittsburgh,Pennsylvania,15220,US,40.4181,-80.0526,30548,"Schimmel, Bradtke and Turcotte",12/23/2023
791,Meredith,O'Curneen,mocurneenly@163.com,Male,1995,Ford,Club Wagon,Mobile,Alabama,36689,US,30.6589,-88.178,54981,"Lockman, Feeney and Franecki",08/15/2025
792,Scottie,Josovitz,sjosovitzlz@dedecms.com,Male,1992,Mitsubishi,Galant,Rochester,New York,14614,US,43.1558,-77.6142,88216,Mertz Group,11/23/2025
793,Deina,Poulter,dpoulterm0@irs.gov,Female,2010,Lincoln,MKS,Beaverton,Oregon,97075,US,45.5486,-123.1147,63326,Spencer-Satterfield,02/16/2024
794,Merwyn,Dionisii,mdionisiim1@plala.or.jp,Male,1984,Mercedes-Benz,SL-Class,San Angelo,Texas,76905,US,31.4647,-100.39,80178,Russel-Conroy,12/14/2023
795,Gaby,Seiter,gseiterm2@ning.com,Male,1993,Toyota,Corolla,Louisville,Kentucky,40210,US,38.2306,-85.7905,80575,"Lueilwitz, Skiles and Smitham",01/27/2024
796,Ardine,Coughan,acoughanm3@elegantthemes.com,Female,2002,Kia,Rio,Jamaica,New York,11447,US,40.6914,-73.8061,81292,Stark LLC,07/05/2024
797,Vale,Sikorsky,vsikorskym4@house.gov,Female,1968,Chevrolet,Camaro,New Haven,Connecticut,06510,US,41.3087,-72.9271,30386,Wyman and Sons,07/17/2024
798,Priscilla,Vasnetsov,pvasnetsovm5@spiegel.de,Female,1993,Toyota,Supra,Fort Lauderdale,Florida,33305,US,26.1497,-80.1229,56499,Beatty-Roob,05/17/2022
799,Dannye,Simes,dsimesm6@hexun.com,Female,2005,Mercury,Mountaineer,Baltimore,Maryland,21203,US,39.2847,-76.6205,77468,Abshire LLC,08/14/2023
800,Gerek,Cash,gcashm7@sitemeter.com,Male,1997,Mazda,Miata MX-5,Sacramento,California,95865,US,38.596,-121.3978,95923,Spinka-Marvin,08/02/2023
801,Hewett,Doog,hdoogm8@eventbrite.com,Male,2009,Infiniti,EX,Washington,District of Columbia,20551,US,38.892,-77.0452,60376,Rosenbaum-Johnston,01/25/2024
802,Alisha,Jemmett,ajemmettm9@mtv.com,Female,2000,GMC,Sonoma,Spokane,Washington,99220,US,47.6536,-117.4317,50761,Hessel-D'Amore,05/15/2022
803,Georgeta,Grogono,ggrogonoma@ocn.ne.jp,Female,1991,Ford,Escort,Columbia,South Carolina,29208,US,33.9937,-81.0199,46251,Halvorson-Harvey,01/30/2024
804,Ciel,Stanett,cstanettmb@parallels.com,Female,2004,GMC,Envoy XUV,Dallas,Texas,75251,US,32.9189,-96.7751,75347,"Hand, Rosenbaum and Pacocha",12/05/2022
805,Inge,Stutely,istutelymc@myspace.com,Female,1998,Lexus,GS,Brockton,Massachusetts,02405,US,41.9705,-70.7014,82387,Zboncak-Hammes,05/19/2023
806,Federico,Frowde,ffrowdemd@amazonaws.com,Male,2008,Audi,S6,El Paso,Texas,79928,US,31.6631,-106.1401,85002,"Beatty, Larkin and Crist",03/03/2022
807,Elsie,Sherr,esherrme@usgs.gov,Agender,2001,Honda,Accord,New York City,New York,10099,US,40.7808,-73.9772,42743,Schuster LLC,10/28/2024
808,Nickola,Menlow,nmenlowmf@slashdot.org,Male,2003,Toyota,Highlander,Dallas,Texas,75251,US,32.9189,-96.7751,41119,Witting-Brekke,01/19/2025
809,Derick,Gibbings,dgibbingsmg@thetimes.co.uk,Male,2004,Volvo,S40,Baton Rouge,Louisiana,70820,US,30.3795,-91.1671,95771,Bradtke-Price,06/15/2023
810,Cristin,Moran,cmoranmh@hexun.com,Female,2008,Subaru,Impreza,Wichita,Kansas,67215,US,37.6333,-97.425,68684,Lubowitz Inc,03/14/2024
811,Olenolin,Samwell,osamwellmi@xrea.com,Male,2002,Chevrolet,Tahoe,Dallas,Texas,75205,US,32.826,-96.7843,83280,Pollich and Sons,03/07/2025
812,Reid,Rieme,rriememj@mapquest.com,Male,2000,Plymouth,Prowler,Harrisburg,Pennsylvania,17110,US,40.303,-76.8862,69454,Nicolas-Jast,05/24/2025
813,Moyra,Brennan,mbrennanmk@dailymail.co.uk,Genderqueer,1993,Mitsubishi,RVR,Saint Louis,Missouri,63180,US,38.6531,-90.2435,48408,"Howell, Schimmel and Feest",10/14/2023
814,Ezekiel,Waker,ewakerml@google.pl,Agender,2004,Ford,Excursion,West Palm Beach,Florida,33421,US,26.6459,-80.4303,64611,Swift and Sons,09/01/2024
815,Anne,Hyland,ahylandmm@privacy.gov.au,Female,2010,Chrysler,Town & Country,Atlanta,Georgia,30375,US,33.8444,-84.474,96370,"West, Purdy and Greenholt",10/28/2024
816,Thornie,Hannon,thannonmn@sciencedaily.com,Male,2004,Subaru,Forester,Boise,Idaho,83727,US,43.4599,-116.244,99534,"Homenick, Dach and Larkin",04/16/2024
817,Barrie,Tankard,btankardmo@delicious.com,Female,1998,Hyundai,Sonata,Spokane,Washington,99252,US,47.6536,-117.4317,92709,"Hills, Monahan and Daniel",08/26/2024
818,Keenan,Buckley,kbuckleymp@so-net.ne.jp,Male,2010,Ford,Escape,Minneapolis,Minnesota,55480,US,45.0159,-93.4719,57985,Kutch and Sons,06/13/2023
819,Darleen,Tabert,dtabertmq@tmall.com,Polygender,2004,Dodge,Ram 2500,Lancaster,California,93584,US,33.7866,-118.2987,64527,Gottlieb LLC,01/13/2024
820,Brook,Harvey,bharveymr@naver.com,Female,1985,Pontiac,Bonneville,Miami,Florida,33124,US,25.5584,-80.4582,71038,"Balistreri, Howell and Howe",05/21/2025
821,Urban,Baskeyfield,ubaskeyfieldms@census.gov,Male,2002,Ford,Explorer,Miami,Florida,33124,US,25.5584,-80.4582,87764,Reichert-Cronin,01/24/2025
822,Boone,Oventon,boventonmt@about.me,Male,1991,Ford,LTD Crown Victoria,Waterbury,Connecticut,06726,US,41.3657,-72.9275,62924,Ortiz-Ratke,09/28/2023
823,Kippie,Waskett,kwaskettmu@bloomberg.com,Male,1996,Hyundai,Elantra,Pittsburgh,Pennsylvania,15274,US,40.4344,-80.0248,36319,Daniel-Stehr,11/24/2022
824,Brittan,Gergely,bgergelymv@symantec.com,Female,2001,Chevrolet,Corvette,Houston,Texas,77055,US,29.7971,-95.4958,71563,Tromp-Ullrich,10/15/2025
825,Doy,Lardez,dlardezmw@163.com,Male,1991,Honda,Accord,El Paso,Texas,88589,US,31.6948,-106.3,46575,Dach-Bradtke,02/10/2025
826,Letti,Kobel,lkobelmx@un.org,Female,1994,Oldsmobile,Silhouette,Northridge,California,91328,US,33.7866,-118.2987,30494,"Schoen, Lesch and Okuneva",04/06/2024
827,Theodosia,Millott,tmillottmy@amazonaws.com,Female,1999,Chevrolet,Venture,El Paso,Texas,88569,US,31.6948,-106.3,37051,"Funk, Weber and Morissette",02/06/2022
828,Ellen,Drees,edreesmz@yandex.ru,Female,2000,Lincoln,Town Car,Seattle,Washington,98148,US,47.4441,-122.3249,79582,"Stroman, Larson and Towne",09/12/2022
829,Dionne,Kamen,dkamenn0@bravesites.com,Female,2006,Nissan,Titan,South Bend,Indiana,46699,US,41.5968,-86.293,78729,Langosh and Sons,10/13/2022
830,Amie,McDonnell,amcdonnelln1@last.fm,Female,1984,Pontiac,1000,Seattle,Washington,98127,US,47.6063,-122.3308,91223,Beier-Bahringer,06/23/2022
831,Nicolina,McKew,nmckewn2@artisteer.com,Female,2012,Hyundai,Veloster,Santa Fe,New Mexico,87592,US,35.5212,-105.9818,83962,"Maggio, VonRueden and Blick",06/16/2022
832,Antonius,Hickisson,ahickissonn3@telegraph.co.uk,Bigender,1992,Chrysler,Town & Country,Fort Worth,Texas,76121,US,32.7714,-97.2915,85277,Ferry Inc,09/02/2023
833,Obediah,Giercke,ogiercken4@elegantthemes.com,Male,2001,Subaru,Forester,Colorado Springs,Colorado,80905,US,38.8377,-104.837,75206,"Hartmann, Sanford and Kertzmann",08/11/2022
834,Brana,Fairbeard,bfairbeardn5@e-recht24.de,Female,1993,Chevrolet,Sportvan G30,Jeffersonville,Indiana,47134,US,38.2868,-85.7321,41080,Fadel-Cassin,03/13/2025
835,Lucretia,Argent,largentn6@bravesites.com,Female,2004,Jaguar,XK Series,San Rafael,California,94913,US,38.068,-122.741,60631,Prosacco-Abernathy,05/22/2024
836,Cullan,Coldicott,ccoldicottn7@netvibes.com,Male,2010,Nissan,Frontier,Salinas,California,93907,US,36.7563,-121.6703,55542,Jones Group,08/15/2022
837,Hasty,Halwill,hhalwilln8@infoseek.co.jp,Male,2001,Honda,Prelude,New York City,New York,10039,US,40.8265,-73.9383,56154,Veum Inc,03/29/2024
838,Brunhilde,Tomley,btomleyn9@xing.com,Female,2005,Saab,9-5,Baltimore,Maryland,21211,US,39.3316,-76.6336,65033,Turcotte-Turner,11/27/2024
839,Leodora,Piel,lpielna@mysql.com,Female,1984,Pontiac,Bonneville,Bradenton,Florida,34210,US,27.4544,-82.6358,36396,Schowalter-Little,11/30/2022
840,Carola,Paxforde,cpaxfordenb@ycombinator.com,Female,1990,Nissan,Maxima,Santa Cruz,California,95064,US,36.9959,-122.0578,74849,Boyle LLC,03/06/2022
841,Forrester,Kincey,fkinceync@mtv.com,Male,2007,Ford,Fusion,Wichita,Kansas,67230,US,37.6808,-97.1558,79658,Emard Inc,08/04/2022
842,Shamus,Waltho,swalthond@lulu.com,Male,1992,Jeep,Cherokee,Hartford,Connecticut,06160,US,41.7665,-72.6933,50304,"Ankunding, Towne and Larkin",07/21/2025
843,Garik,Whelband,gwhelbandne@princeton.edu,Male,1989,Ford,Laser,Brockton,Massachusetts,02305,US,41.9705,-70.7014,44434,Hettinger-Carroll,01/04/2026
844,Fergus,Burkill,fburkillnf@t.co,Male,2008,Subaru,Legacy,Louisville,Kentucky,40205,US,38.2222,-85.6885,46330,Stokes-Koch,03/27/2022
845,Jemmy,Tortoishell,jtortoishellng@earthlink.net,Female,1999,Honda,Passport,Flint,Michigan,48505,US,43.0634,-83.7001,83209,Bruen-Prohaska,06/11/2024
846,Karoline,Toghill,ktoghillnh@ovh.net,Genderfluid,2003,Chevrolet,Avalanche 2500,Champaign,Illinois,61825,US,40.1399,-88.1961,57053,Ziemann-Terry,04/21/2025
847,Fax,Lechelle,flechelleni@seattletimes.com,Male,1991,Ford,Aerostar,Saint Petersburg,Florida,33742,US,27.8918,-82.7248,52517,D'Amore LLC,04/16/2022
848,Kimberley,Madle,kmadlenj@java.com,Female,1988,Saab,900,Dearborn,Michigan,48126,US,42.3349,-83.1801,39920,Terry LLC,09/25/2024
849,Alano,Breede,abreedenk@narod.ru,Male,1995,Oldsmobile,88,Salt Lake City,Utah,84105,US,40.7372,-111.8581,36301,Wolf LLC,01/03/2026
850,Ario,Prescott,aprescottnl@ucsd.edu,Male,2005,Mazda,B-Series,Waterbury,Connecticut,06721,US,41.3657,-72.9275,46948,Kohler-Macejkovic,07/21/2025
851,Goober,Lighton,glightonnm@un.org,Genderfluid,1995,Honda,Civic,Davenport,Iowa,52809,US,41.613,-90.6063,34424,Howell LLC,09/25/2023
852,Asher,Bracer,abracernn@yale.edu,Male,2000,Volkswagen,GTI,Louisville,Kentucky,40266,US,38.189,-85.6768,97897,Dietrich-Sporer,10/24/2023
853,Esme,Hitscher,ehitscherno@redcross.org,Genderfluid,2004,Mazda,Mazda3,Jacksonville,Florida,32255,US,30.287,-81.3893,72281,"Bins, Howell and Grant",10/25/2023
854,Darsie,Kment,dkmentnp@spiegel.de,Female,2005,Suzuki,Swift,Macon,Georgia,31210,US,32.8926,-83.7455,72512,Rowe and Sons,01/31/2025
855,Chrissie,Spurdens,cspurdensnq@yelp.com,Male,2012,Mitsubishi,Lancer,Salt Lake City,Utah,84110,US,40.6681,-111.9083,33374,"McLaughlin, Botsford and O'Conner",10/07/2023
856,Neysa,Allder,nalldernr@gizmodo.com,Female,2003,Cadillac,Escalade ESV,El Paso,Texas,88563,US,31.6948,-106.3,72510,Aufderhar-Zieme,01/28/2024
857,Welbie,Nerval,wnervalns@theguardian.com,Male,1995,Oldsmobile,Achieva,Houston,Texas,77245,US,29.834,-95.4342,76942,Block-Johnston,01/29/2026
858,York,McIlwrath,ymcilwrathnt@va.gov,Male,2005,Audi,TT,Colorado Springs,Colorado,80945,US,38.8247,-104.562,34214,Heaney-Moore,05/11/2022
859,Walt,Ianne,wiannenu@clickbank.net,Male,2000,Plymouth,Grand Voyager,Washington,District of Columbia,20051,US,38.8933,-77.0146,51277,"Pacocha, Stanton and Hagenes",11/04/2022
860,Danit,Bing,dbingnv@over-blog.com,Female,2006,Ford,E-350 Super Duty,Fort Wayne,Indiana,46825,US,41.1465,-85.1232,62606,Hane Inc,03/15/2022
861,Loella,Andrivel,landrivelnw@163.com,Female,2008,Cadillac,STS,Detroit,Michigan,48267,US,42.2399,-83.1508,72753,Ruecker-Jerde,08/07/2024
862,Danni,Stetlye,dstetlyenx@ameblo.jp,Female,2003,Kia,Sedona,Naples,Florida,34108,US,26.2416,-81.8071,82005,Huels LLC,05/21/2024
863,Gustaf,Shellshear,gshellshearny@networkadvertising.org,Male,2000,Dodge,Durango,Huntington,West Virginia,25721,US,38.4134,-82.2774,56288,Schmidt and Sons,10/13/2024
864,Jock,Dudman,jdudmannz@nyu.edu,Male,2005,Hyundai,Accent,Honolulu,Hawaii,96835,US,21.3278,-157.8294,61321,Feil-Nienow,04/02/2025
865,Cherrita,Panks,cpankso0@ft.com,Female,2012,Rolls-Royce,Phantom,Mobile,Alabama,36670,US,30.6589,-88.178,51262,"Jenkins, Schoen and Bode",05/12/2025
866,Skylar,Robley,srobleyo1@paypal.com,Male,2004,Volvo,S40,Washington,District of Columbia,20062,US,38.9,-77.0369,83429,"Stamm, Moore and Ebert",04/07/2022
867,Merla,Rois,mroiso2@eepurl.com,Female,2006,Toyota,Corolla,Detroit,Michigan,48275,US,42.2399,-83.1508,76499,O'Conner Group,08/19/2022
868,Evelina,Woodwin,ewoodwino3@bloglovin.com,Genderfluid,2011,Scion,tC,Jacksonville,Florida,32230,US,30.3449,-81.6831,56628,Swift-Doyle,04/14/2024
869,Kassi,Warr,kwarro4@latimes.com,Polygender,2000,Suzuki,Grand Vitara,Memphis,Tennessee,38143,US,35.2017,-89.9715,80436,"Okuneva, Huel and Keeling",09/12/2022
870,Diana,Leagas,dleagaso5@reuters.com,Female,1993,Mercedes-Benz,SL-Class,Chicago,Illinois,60691,US,41.8119,-87.6873,87149,Wiegand Group,01/02/2023
871,Shepard,Charles,scharleso6@taobao.com,Male,1980,Chevrolet,Citation,Albany,New York,12210,US,42.6568,-73.7605,64967,Koelpin-McDermott,06/03/2022
872,Danell,O'Neal,donealo7@comcast.net,Female,1995,GMC,Rally Wagon G3500,Jersey City,New Jersey,07305,US,40.702,-74.089,48600,Sawayn LLC,08/02/2022
873,Stacee,Karpol,skarpolo8@a8.net,Female,2004,Lotus,Elise,Buffalo,New York,14215,US,42.9335,-78.8115,60159,Pollich and Sons,02/11/2024
874,Terencio,Jersh,tjersho9@barnesandnoble.com,Male,1998,Kia,Sephia,Lincoln,Nebraska,68583,US,40.7845,-96.6888,33317,Jast Inc,10/21/2024
875,Cheri,Mullin,cmullinoa@businesswire.com,Female,2002,Saturn,VUE,Jamaica,New York,11447,US,40.6914,-73.8061,30569,"Ryan, Bechtelar and Bauch",09/10/2024
876,Clarabelle,Glendza,cglendzaob@bing.com,Female,2002,Volvo,C70,Santa Clara,California,95054,US,37.3924,-121.9623,77899,Koss LLC,01/11/2024
877,Ginelle,Callard,gcallardoc@ifeng.com,Female,2009,Subaru,Impreza,Seattle,Washington,98158,US,47.4497,-122.3076,36752,Hane LLC,06/16/2022
878,Suzi,Alfuso,salfusood@wordpress.org,Female,1996,Toyota,Previa,Knoxville,Tennessee,37919,US,35.9244,-84.0015,59819,Lockman LLC,11/19/2024
879,Ross,Juszczak,rjuszczakoe@xinhuanet.com,Male,2005,Ford,Escape,Nashville,Tennessee,37205,US,36.1114,-86.869,48009,"Langworth, Conn and Hills",01/19/2023
880,Evangelia,Mattussevich,emattussevichof@4shared.com,Genderqueer,2007,GMC,Yukon,Albuquerque,New Mexico,87115,US,35.0549,-106.5461,41218,"Medhurst, Gerhold and Gutmann",10/14/2022
881,Barbe,Alloisi,balloisiog@spotify.com,Female,1997,Acura,Integra,Jamaica,New York,11431,US,40.6869,-73.8501,39403,"Hilpert, Kassulke and Strosin",10/03/2024
882,Lea,Spinks,lspinksoh@ucoz.com,Female,2003,Isuzu,Ascender,Miami,Florida,33153,US,25.8655,-80.1936,83533,"Spencer, Skiles and Donnelly",12/27/2022
883,Blinnie,Metcalf,bmetcalfoi@hc360.com,Female,1993,Chevrolet,2500,New Orleans,Louisiana,70116,US,29.9686,-90.0646,40945,"Treutel, Hammes and Green",05/29/2024
884,Tori,Braithwait,tbraithwaitoj@ca.gov,Genderqueer,1976,Plymouth,Volare,Norcross,Georgia,30092,US,33.9677,-84.2438,62171,Farrell-Barton,05/07/2022
885,Mitchell,Cropper,mcropperok@creativecommons.org,Male,2011,Volkswagen,Touareg,Cincinnati,Ohio,45254,US,39.1668,-84.5382,59186,Simonis-Rosenbaum,07/30/2022
886,Lothaire,Clilverd,lclilverdol@unesco.org,Male,1988,Ford,LTD Crown Victoria,Flushing,New York,11388,US,40.6514,-73.8708,53076,Koepp Inc,08/10/2023
887,Daniele,Gould,dgouldom@flickr.com,Agender,2001,Chevrolet,Silverado,Migrate,Kentucky,41905,US,38.0638,-84.5027,42366,"Langosh, Goldner and Koepp",02/25/2025
888,Zacharie,Cristofvao,zcristofvaoon@microsoft.com,Male,2011,Ford,F250,Dallas,Texas,75367,US,32.7673,-96.7776,76140,Cremin LLC,03/10/2023
889,Tamarra,Bierton,tbiertonoo@last.fm,Female,2000,Dodge,Ram Van 1500,Toledo,Ohio,43615,US,41.6492,-83.6706,94062,Kuhic-Lynch,11/14/2025
890,Dyanne,Burtwistle,dburtwistleop@webmd.com,Non-binary,2000,Toyota,Tacoma Xtra,Topeka,Kansas,66699,US,39.0429,-95.7697,84070,Quigley-Brown,05/19/2023
891,Garret,Truse,gtruseoq@yale.edu,Male,1993,Jaguar,XJ Series,Sunnyvale,California,94089,US,37.3983,-122.0006,64850,Murazik-Harris,06/02/2023
892,Sadye,Conring,sconringor@t-online.de,Female,2012,Cadillac,Escalade EXT,Las Vegas,Nevada,89120,US,36.0914,-115.0885,90655,"Huel, Smith and Trantow",06/23/2024
893,Dukey,Krates,dkratesos@sphinn.com,Male,2010,Ford,F150,Minneapolis,Minnesota,55402,US,44.9762,-93.2759,84865,"Crona, Koch and Towne",10/27/2024
894,Maxy,Tutchener,mtutchenerot@freewebs.com,Bigender,2006,Chevrolet,HHR,Albuquerque,New Mexico,87140,US,35.0443,-106.6729,74978,"Monahan, Mosciski and Spinka",04/22/2024
895,Adams,Di Ruggero,adiruggeroou@alibaba.com,Male,2006,Ford,Escape,Jacksonville,Florida,32255,US,30.287,-81.3893,63884,Mraz-Wiza,01/19/2026
896,Thorndike,Cooper,tcooperov@fc2.com,Male,2000,Mitsubishi,Eclipse,Washington,District of Columbia,20397,US,38.9164,-76.9948,93204,Renner LLC,09/02/2024
897,Alexandr,Colleran,acolleranow@rambler.ru,Male,1990,Buick,Electra,Minneapolis,Minnesota,55446,US,45.04,-93.4865,45900,"Deckow, Beier and Robel",07/16/2023
898,Edgardo,Chessel,echesselox@statcounter.com,Male,1988,Ford,EXP,Portsmouth,New Hampshire,00214,US,43.0059,-71.0132,48682,Shields-Schamberger,11/19/2024
899,Aleda,Johnsey,ajohnseyoy@addtoany.com,Non-binary,1997,Dodge,Ram 1500 Club,Arvada,Colorado,80005,US,39.8422,-105.1097,68929,"Kovacek, Greenfelder and Conn",12/17/2022
900,Augustus,Leggan,alegganoz@weebly.com,Male,1982,Toyota,Celica,Miami,Florida,33134,US,25.768,-80.2714,88007,Satterfield and Sons,08/14/2022
901,Barrie,Yoseloff,byoseloffp0@squarespace.com,Genderqueer,2005,Chevrolet,Monte Carlo,Hartford,Connecticut,06160,US,41.7665,-72.6933,39194,Steuber Inc,03/29/2025
902,Catie,Cope,ccopep1@unesco.org,Female,2008,Mercedes-Benz,S-Class,Raleigh,North Carolina,27690,US,35.7977,-78.6253,67638,"Miller, Purdy and Kuhlman",10/21/2023
903,Lothario,Fealey,lfealeyp2@odnoklassniki.ru,Male,1994,Chevrolet,Sportvan G30,Peoria,Illinois,61635,US,40.7442,-89.7184,61904,"Nader, Paucek and Ortiz",03/08/2025
904,Candide,Flode,cflodep3@shop-pro.jp,Female,2002,Mazda,Miata MX-5,Corpus Christi,Texas,78465,US,27.777,-97.4632,31588,"Welch, Osinski and Schmitt",04/19/2024
905,Olwen,Kinker,okinkerp4@dedecms.com,Female,1997,Buick,Riviera,Lynchburg,Virginia,24503,US,37.4376,-79.205,63335,"Torphy, Rogahn and Beier",11/02/2025
906,Wilburt,Usmar,wusmarp5@youtu.be,Male,2002,Acura,NSX,San Antonio,Texas,78291,US,29.4375,-98.4616,31846,"Farrell, Renner and Rutherford",06/26/2025
907,Eldredge,Simmens,esimmensp6@uol.com.br,Male,2010,Audi,A4,Waco,Texas,76796,US,31.5915,-97.0823,86079,Williamson-Cummerata,04/11/2024
908,Forster,Billes,fbillesp7@stanford.edu,Genderqueer,1997,Lincoln,Mark VIII,Tulsa,Oklahoma,74141,US,36.1398,-96.0297,37899,"Carroll, VonRueden and Hyatt",08/21/2023
909,Imelda,Betjes,ibetjesp8@shop-pro.jp,Female,1998,GMC,Jimmy,Fresno,California,93794,US,36.7464,-119.6397,98995,Conroy and Sons,07/16/2022
910,Damon,Grenshields,dgrenshieldsp9@admin.ch,Male,2001,Lexus,IS,Kansas City,Missouri,64153,US,39.2627,-94.697,31691,Larkin and Sons,12/15/2022
911,Augusto,Cawthorne,acawthornepa@si.edu,Male,2011,Lincoln,Town Car,Oakland,California,94616,US,37.8044,-122.2698,66738,Halvorson LLC,02/03/2023
912,Sanders,Lemerie,slemeriepb@fastcompany.com,Male,2005,BMW,6 Series,Fort Worth,Texas,76110,US,32.7065,-97.3375,59144,"Schowalter, Green and Gutmann",03/03/2025
913,Ellwood,Heinicke,eheinickepc@skyrock.com,Agender,2000,Subaru,Forester,Newark,Delaware,19714,US,39.5645,-75.597,51492,Murazik-Sipes,08/08/2024
914,Edie,Atter,eatterpd@patch.com,Female,2003,Volkswagen,Touareg,Lexington,Kentucky,40510,US,38.0702,-84.591,88058,"Schroeder, Anderson and Wisozk",02/13/2022
915,Saleem,Pattlel,spattlelpe@infoseek.co.jp,Male,1993,Toyota,Paseo,Norfolk,Virginia,23504,US,36.8586,-76.2686,90195,Kulas-Pollich,09/02/2023
916,Angie,Diddams,adiddamspf@goo.gl,Female,1970,Chevrolet,Camaro,Amarillo,Texas,79118,US,35.0763,-101.8349,58517,Luettgen-Kshlerin,03/13/2022
917,Loella,Haythornthwaite,lhaythornthwaitepg@bloglines.com,Female,1967,Pontiac,LeMans,Indianapolis,Indiana,46231,US,39.7038,-86.3029,39987,Zboncak and Sons,08/04/2022
918,Francklyn,Arkill,farkillph@mayoclinic.com,Male,1992,Jeep,Wrangler,Trenton,New Jersey,08608,US,40.2204,-74.7622,88560,Kuphal-Turcotte,07/12/2024
919,Maren,Bracer,mbracerpi@alibaba.com,Bigender,1961,Austin,Mini Cooper,Tampa,Florida,33633,US,27.872,-82.4388,58872,Fadel-Jones,09/18/2025
920,Marcia,Breslauer,mbreslauerpj@edublogs.org,Female,2010,Aston Martin,V8 Vantage,Washington,District of Columbia,20557,US,38.8874,-77.0047,59453,O'Conner-Jakubowski,05/04/2022
921,Ivie,Carne,icarnepk@scribd.com,Female,2000,Ford,Econoline E250,Charlottesville,Virginia,22903,US,38.0339,-78.4924,60483,"Stark, Greenholt and Aufderhar",08/16/2024
922,Mozelle,Gilfether,mgilfetherpl@wired.com,Female,1994,Infiniti,J,Lynchburg,Virginia,24515,US,37.4009,-79.1785,72105,McKenzie-Herman,03/22/2023
923,Sybila,McIan,smcianpm@mysql.com,Female,1997,Infiniti,QX,Huntsville,Alabama,35805,US,34.7059,-86.6165,66616,"Olson, Zulauf and Runolfsson",01/04/2025
924,Ansel,Karpfen,akarpfenpn@shop-pro.jp,Male,2001,Mercedes-Benz,SLK-Class,Saint Louis,Missouri,63116,US,38.5814,-90.2625,33545,Schulist Group,05/11/2022
925,Estrella,Santorini,esantorinipo@statcounter.com,Female,1996,Honda,Passport,Stamford,Connecticut,06922,US,41.0516,-73.5143,74867,Waelchi Inc,03/12/2022
926,Codee,Sandford,csandfordpp@shareasale.com,Female,2011,Subaru,Impreza,Glendale,California,91210,US,33.7866,-118.2987,70907,"Sipes, Beatty and Hirthe",01/09/2024
927,Wendeline,Slator,wslatorpq@apache.org,Genderqueer,2013,Hyundai,Elantra,Harrisburg,Pennsylvania,17105,US,40.2785,-76.8752,95862,"Ullrich, DuBuque and Brown",07/06/2023
928,Esteban,Borrel,eborrelpr@icio.us,Male,2007,GMC,Savana 3500,Metairie,Louisiana,70033,US,29.6779,-90.0901,76027,Parisian-Jacobi,02/26/2022
929,Gregorius,Blagbrough,gblagbroughps@umn.edu,Male,2009,Audi,S5,Lexington,Kentucky,40596,US,38.0283,-84.4715,50973,Fahey-Rutherford,04/12/2025
930,Ernest,Carlson,ecarlsonpt@com.com,Agender,1985,Pontiac,Bonneville,Memphis,Tennessee,38104,US,35.1334,-90.0046,81536,Balistreri Inc,10/21/2025
931,Agnella,Lashley,alashleypu@washington.edu,Female,2004,Hyundai,Tiburon,Fargo,North Dakota,58122,US,46.9346,-97.2297,86539,Hettinger-Howe,03/23/2022
932,Cornie,Porcas,cporcaspv@nyu.edu,Male,1986,Mazda,Familia,Flint,Michigan,48550,US,43.0349,-83.6887,76050,"Wuckert, Bergstrom and Grimes",11/02/2022
933,Sully,Hanington,shaningtonpw@deviantart.com,Male,1965,Ford,Mustang,Cleveland,Ohio,44105,US,41.4509,-81.619,92906,"Deckow, Gutmann and Koepp",01/05/2026
934,Tyne,Gorden,tgordenpx@gizmodo.com,Female,1977,Chevrolet,Caprice,Las Vegas,Nevada,89166,US,36.3265,-115.3398,43356,Considine-Trantow,05/13/2023
935,Irvin,Tonn,itonnpy@ehow.com,Male,2005,Audi,Allroad,Kansas City,Kansas,66160,US,39.0966,-94.7495,44201,Kub Inc,01/27/2024
936,Waneta,Sugars,wsugarspz@myspace.com,Female,2012,Acura,TL,Memphis,Tennessee,38143,US,35.2017,-89.9715,96768,Becker LLC,06/05/2023
937,Sue,Normanell,snormanellq0@geocities.jp,Female,1993,Ford,Explorer,Stockton,California,95219,US,38.01,-121.3698,34630,"Huels, Deckow and Stanton",02/28/2024
938,Sherry,Knoton,sknotonq1@mapquest.com,Female,2005,Lexus,GS,Philadelphia,Pennsylvania,19115,US,40.0903,-75.041,43468,"Franecki, Romaguera and Metz",03/28/2023
939,Barbabas,Rossin,brossinq2@forbes.com,Male,1972,Pontiac,Grand Prix,Los Angeles,California,90010,US,34.0606,-118.3027,92247,"Schroeder, Vandervort and Schumm",04/17/2025
940,Roxana,Tamburi,rtamburiq3@wikia.com,Female,2004,Ford,F150,Chesapeake,Virginia,23324,US,36.8056,-76.2666,96629,Douglas-Runolfsson,09/27/2023
941,Jazmin,Glennon,jglennonq4@artisteer.com,Female,1993,Mazda,Navajo,Columbus,Ohio,43284,US,39.969,-83.0114,62238,Schuster-Williamson,01/29/2025
942,Stephanus,Santoro,ssantoroq5@usgs.gov,Male,2010,Jeep,Grand Cherokee,Washington,District of Columbia,20005,US,38.9067,-77.0312,99762,Willms LLC,05/08/2022
943,Kendell,De Atta,kdeattaq6@accuweather.com,Male,2002,Ford,Thunderbird,New Haven,Connecticut,06510,US,41.3087,-72.9271,98929,"Cartwright, Rogahn and Considine",11/21/2022
944,Maxwell,Lidington,mlidingtonq7@toplist.cz,Non-binary,1987,Lamborghini,Countach,Pueblo,Colorado,81005,US,38.2352,-104.66,76121,Tromp LLC,10/27/2023
945,Ange,Daulton,adaultonq8@vistaprint.com,Male,2001,Mazda,Miata MX-5,San Francisco,California,94154,US,37.7848,-122.7278,44428,"Schimmel, Stracke and Daniel",10/28/2024
946,Dario,Grover,dgroverq9@xing.com,Male,2011,Lincoln,Navigator L,San Angelo,Texas,76905,US,31.4647,-100.39,43948,"Jones, Tillman and Kris",04/23/2025
947,Hobie,Ondrus,hondrusqa@bandcamp.com,Genderqueer,1994,Alfa Romeo,Spider,London,Kentucky,40745,US,37.1376,-84.1156,56515,Bailey and Sons,08/11/2025
948,Rab,Capeling,rcapelingqb@digg.com,Male,1995,Dodge,Ram Van 3500,Austin,Texas,78703,US,30.2907,-97.7648,42360,Harber Group,10/21/2022
949,Eugenius,Rontsch,erontschqc@ibm.com,Male,2000,Mercedes-Benz,CLK-Class,Peoria,Illinois,61651,US,40.7442,-89.7184,95353,Russel-Breitenberg,07/28/2024
950,Goran,Heinsen,gheinsenqd@mayoclinic.com,Male,2007,Ford,Ranger,Ocala,Florida,34479,US,29.2541,-82.1095,88838,Sauer-Romaguera,05/21/2025
951,Ev,Lintill,elintillqe@washingtonpost.com,Male,2006,Chevrolet,Express 3500,Brooklyn,New York,11220,US,40.6412,-74.0133,53002,"Nolan, Bruen and Wiza",07/15/2024
952,Kirbie,Stirrip,kstirripqf@mac.com,Female,2006,Suzuki,Verona,Waco,Texas,76705,US,31.6403,-97.0963,51660,Runte LLC,08/29/2024
953,Yorker,Pudge,ypudgeqg@barnesandnoble.com,Male,2004,Dodge,Intrepid,Lakewood,Washington,98498,US,47.1591,-122.5485,57425,Bruen and Sons,05/04/2025
954,Patin,Satterlee,psatterleeqh@hao123.com,Male,2001,Dodge,Neon,Norwalk,Connecticut,06854,US,41.0957,-73.4285,65160,Ratke LLC,08/18/2025
955,Yorgo,Coulman,ycoulmanqi@wiley.com,Male,2002,Ford,F-Series,Orlando,Florida,32825,US,28.5469,-81.2571,88112,"Cummerata, Morar and Towne",02/23/2023
956,Joseito,Macconachy,jmacconachyqj@symantec.com,Male,1993,Volkswagen,Jetta,Austin,Texas,78789,US,30.3264,-97.7713,61173,Pollich-Hirthe,07/13/2024
957,Courtnay,Chomley,cchomleyqk@va.gov,Genderqueer,2007,Subaru,Forester,Pompano Beach,Florida,33075,US,26.1457,-80.4483,49674,Brekke-Schamberger,01/07/2023
958,Etti,Wallett,ewallettql@ow.ly,Genderfluid,2000,Jeep,Cherokee,Marietta,Georgia,30061,US,33.9328,-84.556,69768,"Kessler, Bruen and Schaefer",07/20/2022
959,Edmund,Croci,ecrociqm@bing.com,Male,1992,GMC,3500,San Jose,California,95133,US,37.3729,-121.856,36019,"Mante, Wisozk and Lind",04/27/2025
960,Hamlen,Shillabear,hshillabearqn@icio.us,Male,2002,Honda,Odyssey,Carson City,Nevada,89706,US,39.2025,-119.7526,96883,"Kulas, Weissnat and Bernier",07/19/2022
961,Warde,MacLucais,wmaclucaisqo@zdnet.com,Male,2003,Toyota,Land Cruiser,Miami,Florida,33124,US,25.5584,-80.4582,63290,"Simonis, Moen and Flatley",03/13/2023
962,Bernete,Sprulls,bsprullsqp@altervista.org,Female,2003,Toyota,Camry,Spring Hill,Florida,34611,US,28.5642,-82.4165,41305,Dickinson-Kuphal,07/18/2024
963,Keith,Lowensohn,klowensohnqq@archive.org,Male,1996,Mitsubishi,Expo LRV,Madison,Wisconsin,53716,US,43.0631,-89.3133,36885,Reinger Group,07/16/2022
964,Toby,Pendry,tpendryqr@reddit.com,Male,1998,Toyota,T100,Hartford,Connecticut,06120,US,41.786,-72.6758,44248,Schneider-Mills,12/31/2022
965,Krystle,Oriel,korielqs@bbc.co.uk,Female,2008,GMC,Savana 3500,North Little Rock,Arkansas,72199,US,34.8272,-92.2847,90290,Hettinger-Kovacek,01/20/2025
966,Matelda,McEachern,mmceachernqt@flavors.me,Female,2009,Mercedes-Benz,SLK-Class,Las Vegas,Nevada,89178,US,35.9977,-115.2861,81430,"Mitchell, Glover and Konopelski",08/12/2025
967,Guenna,Claricoats,gclaricoatsqu@wunderground.com,Female,2007,Mazda,Mazda3,Saint Louis,Missouri,63180,US,38.6531,-90.2435,85382,Bahringer-Grant,08/15/2023
968,Heath,Demangeon,hdemangeonqv@e-recht24.de,Female,2008,Lincoln,Mark LT,Pittsburgh,Pennsylvania,15266,US,40.4344,-80.0248,77639,"Sipes, Bradtke and Grant",10/01/2024
969,Bobbette,Kenington,bkeningtonqw@jugem.jp,Bigender,1997,Mitsubishi,Pajero,Corpus Christi,Texas,78465,US,27.777,-97.4632,59487,Orn-Renner,08/03/2023
970,Maritsa,Gogan,mgoganqx@bigcartel.com,Female,1985,Ford,Laser,Newton,Massachusetts,02458,US,42.3528,-71.1875,37653,Heathcote LLC,08/04/2025
971,Lissie,Giacovetti,lgiacovettiqy@tuttocitta.it,Genderfluid,2009,Mercury,Sable,Knoxville,Tennessee,37939,US,35.9901,-83.9622,63044,"Doyle, Hartmann and Tremblay",11/04/2025
972,Nell,Thon,nthonqz@prnewswire.com,Female,2009,Chevrolet,Equinox,Largo,Florida,34643,US,27.881,-82.7619,97857,Padberg-Kemmer,12/20/2024
973,Edmon,Rengger,erenggerr0@yandex.ru,Male,1995,Dodge,Ram Van 2500,New Haven,Connecticut,06520,US,41.3657,-72.9275,65225,Keeling Group,11/25/2022
974,Dulcia,Altimas,daltimasr1@tmall.com,Female,1994,Acura,NSX,Pittsburgh,Pennsylvania,15230,US,40.4344,-80.0248,69835,Becker and Sons,12/24/2023
975,Aldin,Ruegg,arueggr2@answers.com,Male,2010,Cadillac,Escalade,Mobile,Alabama,36610,US,30.7309,-88.0789,91860,Adams Inc,03/10/2023
976,Patrice,Boyle,pboyler3@elegantthemes.com,Male,1990,Maserati,228,Sacramento,California,94286,US,38.3774,-121.4444,55443,"Collins, Jacobson and Rippin",10/09/2025
977,Mavis,Noone,mnooner4@tinyurl.com,Female,1997,Nissan,Quest,Kansas City,Kansas,66160,US,39.0966,-94.7495,82737,"Wolf, Schmidt and Wisozk",03/29/2025
978,Felipa,Clemence,fclemencer5@cpanel.net,Female,1991,Pontiac,Trans Sport,Madison,Wisconsin,53785,US,43.0696,-89.4239,37549,"Witting, Lynch and Hermann",05/19/2023
979,Mitchel,Pavett,mpavettr6@accuweather.com,Male,2007,BMW,7 Series,Oklahoma City,Oklahoma,73197,US,35.5514,-97.4075,43646,Schowalter-Parisian,06/11/2024
980,Lin,Meadmore,lmeadmorer7@webeden.co.uk,Female,1992,Ford,Bronco,Atlanta,Georgia,31132,US,33.7488,-84.3883,39982,Lynch-Turcotte,12/09/2024
981,Fania,Seefeldt,fseefeldtr8@wordpress.org,Bigender,1996,Infiniti,I,Orlando,Florida,32859,US,28.4429,-81.4026,90287,"O'Hara, Kshlerin and Weber",03/07/2025
982,Alexander,Jerman,ajermanr9@ox.ac.uk,Male,1992,Ford,Tempo,Saint Louis,Missouri,63126,US,38.5495,-90.3811,58513,Bruen Inc,02/11/2022
983,Shelly,Cleve,sclevera@huffingtonpost.com,Female,2006,Hyundai,Santa Fe,Austin,Texas,78721,US,30.2721,-97.6868,96364,Durgan-Windler,04/04/2023
984,Reinaldo,Jachimak,rjachimakrb@prweb.com,Male,2003,Ford,E150,Shawnee Mission,Kansas,66215,US,38.949,-94.7405,66260,Trantow Group,04/02/2023
985,Wylma,Birchner,wbirchnerrc@hud.gov,Female,2008,Jeep,Patriot,Detroit,Michigan,48224,US,42.4098,-82.9441,85355,"Kshlerin, Gottlieb and McGlynn",06/12/2022
986,Tim,Garment,tgarmentrd@ocn.ne.jp,Female,2012,Nissan,Leaf,San Jose,California,95173,US,37.3352,-121.8938,84291,Prosacco and Sons,10/27/2023
987,Berty,McNae,bmcnaere@columbia.edu,Male,2012,Fiat,500,New York City,New York,10260,US,40.7808,-73.9772,76817,Dibbert and Sons,03/21/2025
988,Theresa,Straffon,tstraffonrf@globo.com,Female,1986,Toyota,MR2,Saint Petersburg,Florida,33705,US,27.7391,-82.6435,77032,"Torp, MacGyver and McKenzie",11/20/2025
989,Darin,Minnis,dminnisrg@ftc.gov,Male,1986,Porsche,944,Newark,Delaware,19725,US,39.5645,-75.597,37277,Runolfsson-Keebler,02/16/2023
990,Galvan,Sobczak,gsobczakrh@meetup.com,Male,2009,Buick,Enclave,Wilmington,Delaware,19886,US,39.5645,-75.597,92542,Torphy Group,06/10/2023
991,Lettie,Grzegorek,lgrzegorekri@themeforest.net,Female,1998,Mercury,Sable,Fort Worth,Texas,76162,US,32.7714,-97.2915,34983,Fisher-Littel,05/09/2025
992,Amargo,Fehner,afehnerrj@spotify.com,Female,1991,Lotus,Esprit,Temple,Texas,76505,US,31.0363,-97.492,98764,"Hilpert, Kuhic and Kshlerin",12/22/2023
993,Vic,Scrowby,vscrowbyrk@newsvine.com,Male,2004,Porsche,Carrera GT,Houston,Texas,77234,US,29.834,-95.4342,58830,Bradtke-Hoeger,10/22/2022
994,Adriane,Aloigi,aaloigirl@hc360.com,Female,2012,Nissan,Titan,Lexington,Kentucky,40591,US,38.0283,-84.4715,75734,Jacobson Inc,01/24/2024
995,Dulcie,Magnar,dmagnarrm@w3.org,Female,2000,Daewoo,Nubira,New Hyde Park,New York,11044,US,40.7548,-73.6018,69949,Russel-Mohr,03/25/2023
996,Berk,Fanthome,bfanthomern@zimbio.com,Male,2011,Bentley,Continental Flying Spur,San Jose,California,95123,US,37.2458,-121.8306,33737,Smitham LLC,09/04/2025
997,Arabel,Tatchell,atatchellro@biblegateway.com,Female,2008,Infiniti,G35,Lake Worth,Florida,33462,US,26.5747,-80.0794,83138,"Robel, Mayert and Abernathy",06/24/2024
998,Joye,Handrik,jhandrikrp@mapquest.com,Female,1995,Acura,Legend,El Paso,Texas,79945,US,31.6948,-106.3,84707,Harris-Dickens,09/30/2025
999,Dirk,Zorer,dzorerrq@wordpress.org,Genderqueer,2010,GMC,Savana 1500,Riverside,California,92505,US,33.9228,-117.4867,96935,Watsica and Sons,12/11/2023
1000,Pietro,Muccino,pmuccinorr@utexas.edu,Genderfluid,2012,Aston Martin,Rapide,Charleston,West Virginia,25313,US,38.4142,-81.7582,56092,Gusikowski Inc,09/25/2023
