id,firstName,lastName,email,gender,carYear,automobileMake,automobileModel,customerRegion,customerState,customerPostal,customerCountry_ISO2,customerRegionLatitude,ownerRegionLongitude,automobilePrice,customer,purchaseDate
1,Candis,Le Batteur,clebatteur0@unblog.fr,Female,2001,Dodge,Grand Caravan,Indianapolis,Indiana,46216,US,39.8647,-86.0136,68095,Rath Inc,11/13/2022
2,Florinda,Van Velden,fvanvelden1@kickstarter.com,Female,1989,Audi,100,Omaha,Nebraska,68197,US,41.249,-96.0274,70889,"D'Amore, Kutch and Jones",11/13/2025
3,Sven,Maureen,smaureen2@bluehost.com,Male,2010,Mercedes-Benz,G-Class,Dayton,Ohio,45426,US,39.7982,-84.3211,65587,Hammes Inc,04/17/2022
4,Dagmar,Pearmine,dpearmine3@rediff.com,Female,2010,Acura,MDX,New York City,New York,10045,US,40.7086,-74.0087,46631,"Yundt, Labadie and Adams",01/17/2024
5,Cordelie,De Caroli,cdecaroli4@zimbio.com,Female,1993,BMW,3 Series,Jackson,Mississippi,39236,US,32.3113,-90.3972,44878,Veum-O'Reilly,09/18/2024
6,Barbaraanne,Cullip,bcullip5@yolasite.com,Female,2003,Chevrolet,S10,Houston,Texas,77293,US,29.834,-95.4342,87063,Kirlin Group,11/02/2023
7,Colan,Figge,cfigge6@tripadvisor.com,Male,2011,Mercedes-Benz,Sprinter,Topeka,Kansas,66699,US,39.0429,-95.7697,47630,"Renner, Stamm and Ullrich",05/07/2022
8,Pauly,Olander,polander7@wufoo.com,Female,1999,Nissan,Pathfinder,Melbourne,Florida,32919,US,28.3067,-80.6862,39721,Auer Group,04/18/2024
9,Casey,Batten,cbatten8@nps.gov,Male,1984,Ford,Ranger,Miami,Florida,33147,US,25.8507,-80.2366,48108,Lowe-Brown,11/18/2023
10,Joellen,Leaves,jleaves9@adobe.com,Female,2001,Chevrolet,Blazer,Wichita,Kansas,67236,US,37.5422,-97.2871,56621,"Reichel, McKenzie and Pfeffer",02/11/2024
11,Sammy,Docherty,sdochertya@printfriendly.com,Female,2000,Volkswagen,rio,Greensboro,North Carolina,27455,US,36.1824,-79.806,37175,Stiedemann-O'Hara,05/24/2023
12,Roxine,Pechard,rpechardb@e-recht24.de,Genderqueer,1994,BMW,3 Series,Miami,Florida,33175,US,25.7341,-80.4068,42083,"Kirlin, O'Kon and Cronin",05/02/2023
13,Carla,Seagood,cseagoodc@upenn.edu,Female,1994,Lexus,ES,Honolulu,Hawaii,96850,US,21.3095,-157.863,80208,Schneider-Schuster,09/11/2022
14,Lamond,Paradyce,lparadyced@miitbeian.gov.cn,Male,1987,Pontiac,Sunbird,Saint Paul,Minnesota,55115,US,45.071,-92.9391,49471,Hettinger Group,05/20/2024
15,Christa,Wilber,cwilbere@washington.edu,Female,1988,Ford,Bronco,Fort Worth,Texas,76192,US,32.7714,-97.2915,78677,Hane-Nienow,05/28/2025
16,Almeda,Pounds,apoundsf@arizona.edu,Female,2009,Mercury,Mountaineer,Fort Lauderdale,Florida,33330,US,26.0663,-80.3339,62913,Ankunding-Kuphal,01/31/2023
17,Jakob,Selwyne,jselwyneg@flickr.com,Male,1967,Ford,Thunderbird,Richmond,Virginia,23293,US,37.5242,-77.4932,61827,Rodriguez-Ankunding,02/25/2025
18,Alano,Vinau,avinauh@mozilla.com,Male,1977,Pontiac,Grand Prix,Sacramento,California,95833,US,38.6157,-121.5053,95801,"O'Connell, Schinner and Ullrich",02/13/2022
19,Sydney,Sutehall,ssutehalli@mozilla.com,Male,2009,Infiniti,QX,Corpus Christi,Texas,78470,US,27.777,-97.4632,32627,Schmitt-Baumbach,07/13/2025
20,Everett,Bentame,ebentamej@1688.com,Male,2008,Lincoln,Navigator,Columbia,Missouri,65211,US,38.9033,-92.1022,77482,"Balistreri, Brown and Bahringer",08/19/2024
21,Carlyle,Lingley,clingleyk@nyu.edu,Male,1993,Mercedes-Benz,300E,Edmond,Oklahoma,73034,US,35.6665,-97.4798,48521,Armstrong-Oberbrunner,10/02/2025
22,Logan,Barnshaw,lbarnshawl@squarespace.com,Male,2007,Pontiac,Solstice,Seattle,Washington,98121,US,47.6151,-122.3447,52205,"Kessler, Thiel and Baumbach",12/12/2024
23,Madeleine,de Castelain,mdecastelainm@nationalgeographic.com,Female,1995,Geo,Tracker,Austin,Texas,78754,US,30.3423,-97.6673,77760,"O'Connell, Wolff and Kreiger",09/18/2024
24,Scarface,Dunnet,sdunnetn@cpanel.net,Male,1987,Mitsubishi,Tredia,Montgomery,Alabama,36119,US,32.2334,-86.2085,87907,"Thompson, Kozey and Rowe",05/28/2022
25,Deborah,Bathow,dbathowo@toplist.cz,Female,1996,Volkswagen,Jetta,Saginaw,Michigan,48609,US,43.3869,-84.0926,50811,O'Conner and Sons,07/20/2023
26,Dulci,Mille,dmillep@t-online.de,Female,2012,Tesla,Roadster,Atlanta,Georgia,30392,US,33.8444,-84.474,49676,"Nikolaus, Wiza and Grimes",05/10/2025
27,Todd,Trinke,ttrinkeq@webeden.co.uk,Male,2011,Buick,Lucerne,Washington,District of Columbia,20029,US,38.8933,-77.0146,73384,"Oberbrunner, Wiegand and Beier",04/02/2022
28,Flinn,Andree,fandreer@guardian.co.uk,Male,1995,Chevrolet,Suburban 1500,Colorado Springs,Colorado,80925,US,38.7378,-104.6459,76110,"Cassin, Ebert and Pacocha",07/17/2024
29,Dexter,Winnister,dwinnisters@imgur.com,Male,2012,GMC,Yukon XL 2500,Orlando,Florida,32859,US,28.4429,-81.4026,81373,Baumbach-Leffler,03/12/2024
30,Peggi,Garrison,pgarrisont@acquirethisname.com,Female,2004,Chevrolet,Silverado 3500,Terre Haute,Indiana,47805,US,39.5327,-87.3255,39184,"McCullough, Crooks and Schowalter",12/15/2024
31,Booth,Canape,bcanapeu@macromedia.com,Male,2007,Ford,F350,Las Vegas,Nevada,89150,US,35.9279,-114.9721,64413,Langworth-McLaughlin,01/01/2025
32,Lebbie,Grieg,lgriegv@t.co,Female,1994,Suzuki,Samurai,San Antonio,Texas,78230,US,29.5407,-98.5521,96639,Daugherty-Kiehn,11/05/2022
33,Orly,Pheazey,opheazeyw@1688.com,Female,1998,Mitsubishi,Montero Sport,Tampa,Florida,33633,US,27.872,-82.4388,81572,Leannon-Hegmann,01/15/2024
34,Misti,Rosenthal,mrosenthalx@webs.com,Female,1999,Saab,9000,Harrisburg,Pennsylvania,17126,US,40.2618,-76.88,98624,Kuhn Group,12/16/2022
35,Jeana,Spurett,jspuretty@topsy.com,Female,2000,Chevrolet,Camaro,Boston,Massachusetts,02203,US,42.3615,-71.0604,62862,"Hintz, Legros and Leannon",05/03/2025
36,Marielle,Stannah,mstannahz@yellowpages.com,Female,1999,Chevrolet,2500,Tucson,Arizona,85725,US,31.9701,-111.8907,44148,King-Herzog,08/17/2025
37,Job,Kos,jkos10@arstechnica.com,Male,2007,Toyota,Matrix,Indianapolis,Indiana,46202,US,39.7851,-86.1595,47880,"Zemlak, Boehm and Emard",08/11/2024
38,Randy,Rubert,rrubert11@alibaba.com,Male,1999,Chevrolet,Express 2500,Beaumont,Texas,77705,US,30.0211,-94.1157,39783,Flatley Group,11/10/2023
39,Cristiano,Roelvink,croelvink12@desdev.cn,Male,2007,Volvo,S40,Laurel,Maryland,20709,US,38.8336,-76.8777,33357,"Cremin, Bayer and Hoppe",12/02/2024
40,Richart,Cheeseman,rcheeseman13@booking.com,Male,1998,Hyundai,Elantra,Evansville,Indiana,47732,US,37.9971,-87.575,90504,Casper-Veum,12/31/2025
41,Ester,Saltmarshe,esaltmarshe14@bandcamp.com,Female,2000,Hyundai,Elantra,Fort Wayne,Indiana,46825,US,41.1465,-85.1232,44501,Torphy Group,09/01/2024
42,Neala,Mountain,nmountain15@dyndns.org,Female,1986,Lincoln,Continental Mark VII,New York City,New York,10045,US,40.7086,-74.0087,79523,"Robel, Barton and Stracke",09/18/2023
43,Rodina,Ladd,rladd16@google.fr,Female,2010,Dodge,Challenger,Van Nuys,California,91406,US,34.2006,-118.4868,76870,"Grant, Mitchell and Stoltenberg",12/23/2023
44,Ellswerth,Bridie,ebridie17@google.pl,Male,2011,Aston Martin,V12 Vantage,Amarillo,Texas,79171,US,35.4015,-101.8951,63673,Lang and Sons,05/03/2022
45,Benoit,Wasling,bwasling18@deliciousdays.com,Male,1992,Hyundai,Scoupe,Petaluma,California,94975,US,38.4631,-122.99,84996,Armstrong LLC,04/28/2022
46,Bobina,Cammacke,bcammacke19@baidu.com,Female,1994,Chrysler,LHS,Minneapolis,Minnesota,55428,US,45.0632,-93.3811,90627,"DuBuque, Goldner and Lakin",01/09/2024
47,Gertie,Bram,gbram1a@fastcompany.com,Female,1998,Mercedes-Benz,CLK-Class,Chicago,Illinois,60691,US,41.8119,-87.6873,67266,Kuvalis-Hoppe,12/30/2025
48,Brett,Tregensoe,btregensoe1b@multiply.com,Female,1988,Chevrolet,Corvette,Ocala,Florida,34474,US,29.1565,-82.2095,78744,Denesik Inc,04/10/2023
49,Hobard,Hatchman,hhatchman1c@biglobe.ne.jp,Male,1991,Pontiac,Grand Prix,Fort Lauderdale,Florida,33355,US,26.1457,-80.4483,96384,"Ullrich, Hane and Pagac",05/12/2024
50,Sherm,Piddocke,spiddocke1d@g.co,Polygender,1992,Mazda,MX-6,Oklahoma City,Oklahoma,73119,US,35.421,-97.5616,37053,Runte-Powlowski,06/16/2025
51,Lark,Diperaus,ldiperaus1e@ed.gov,Female,1992,Dodge,Ram 50,Atlanta,Georgia,31136,US,33.7473,-84.3824,32795,Shields LLC,01/03/2023
52,Emmerich,Houlison,ehoulison1f@scribd.com,Male,2013,Ford,Fusion,Tuscaloosa,Alabama,35487,US,33.3072,-87.5859,48360,"Schmidt, Muller and Ankunding",05/14/2023
53,Sherri,Thridgould,sthridgould1g@plala.or.jp,Female,1994,GMC,Sonoma Club Coupe,Austin,Texas,78715,US,30.4501,-97.4865,57064,Bailey LLC,01/29/2024
54,Ellie,Broxton,ebroxton1h@163.com,Female,1997,Land Rover,Discovery,Bryan,Texas,77806,US,30.6521,-96.341,88361,Kovacek-Hettinger,08/08/2023
55,Derick,Cradey,dcradey1i@army.mil,Male,1999,Ford,F250,Chicago,Illinois,60697,US,41.8119,-87.6873,33202,Kulas LLC,06/05/2023
56,Ursulina,Heinl,uheinl1j@theglobeandmail.com,Female,1999,Mercury,Villager,Topeka,Kansas,66617,US,39.1271,-95.6384,73817,Lindgren-Hermiston,03/02/2024
57,Mordecai,Kalkofer,mkalkofer1k@delicious.com,Male,2012,Toyota,RAV4,Montgomery,Alabama,36195,US,32.3544,-86.2843,55809,"Klein, Romaguera and Cartwright",03/10/2024
58,Florella,Linge,flinge1l@reverbnation.com,Female,1995,Buick,Roadmaster,New Orleans,Louisiana,70183,US,29.6779,-90.0901,76870,"Gutmann, Gottlieb and Stanton",07/23/2023
59,Jenn,Braun,jbraun1m@linkedin.com,Female,1991,Land Rover,Range Rover,San Diego,California,92165,US,33.0169,-116.846,88120,Gleichner and Sons,05/20/2023
60,Forrester,Patriskson,fpatriskson1n@tripadvisor.com,Male,1993,Mitsubishi,Expo,San Francisco,California,94169,US,37.7848,-122.7278,83874,"Lynch, D'Amore and Thiel",11/17/2025
61,Cayla,Sawdon,csawdon1o@live.com,Female,2007,Isuzu,i-290,Rockville,Maryland,20851,US,39.0763,-77.1234,72272,"Vandervort, Feest and Hodkiewicz",05/25/2025
62,Darrick,Placido,dplacido1p@pbs.org,Male,2012,Land Rover,LR4,San Francisco,California,94142,US,37.7848,-122.7278,54410,Harris LLC,07/14/2023
63,Ferris,Kintish,fkintish1q@pinterest.com,Male,2006,Infiniti,FX,Punta Gorda,Florida,33982,US,26.9668,-81.9545,71798,Gutkowski-Wintheiser,09/13/2022
64,Ardene,Danilyuk,adanilyuk1r@reverbnation.com,Genderfluid,1993,Pontiac,Firebird,Spokane,Washington,99205,US,47.6964,-117.4399,93022,Green-Koelpin,09/07/2024
65,Rosana,Myhan,rmyhan1s@angelfire.com,Female,1994,Plymouth,Sundance,San Jose,California,95160,US,37.2187,-121.8601,42653,Emmerich Group,10/21/2025
66,Garv,Faltin,gfaltin1t@wordpress.com,Male,2010,Cadillac,Escalade,Louisville,Kentucky,40298,US,38.189,-85.6768,63839,Beahan Inc,01/23/2023
67,Morten,Kun,mkun1u@prweb.com,Male,1993,Dodge,Ram Wagon B250,Des Moines,Iowa,50310,US,41.6255,-93.6736,39566,Von-Pfeffer,02/08/2023
68,Webster,Curgenuer,wcurgenuer1v@macromedia.com,Male,2012,Chevrolet,Silverado 1500,Dallas,Texas,75216,US,32.7086,-96.7955,50364,Denesik-Jenkins,08/11/2025
69,Bunnie,Izod,bizod1w@miibeian.gov.cn,Female,2005,Jeep,Liberty,Norcross,Georgia,30092,US,33.9677,-84.2438,80951,Renner-Swaniawski,11/07/2023
70,Con,Farndon,cfarndon1x@gnu.org,Polygender,2006,Ford,E-Series,Arlington,Virginia,22225,US,38.8808,-77.113,68735,Cronin-Heller,01/27/2025
71,Gage,Mathey,gmathey1y@nasa.gov,Male,2007,Toyota,Highlander Hybrid,Santa Fe,New Mexico,87592,US,35.5212,-105.9818,37800,Bauch Group,12/23/2024
72,Arel,Ravilus,aravilus1z@sphinn.com,Male,2006,Acura,TSX,Corona,California,92883,US,33.7541,-117.474,81102,"Muller, Connelly and Schuppe",11/15/2024
73,Wilmer,Jickles,wjickles20@w3.org,Genderqueer,2006,Mazda,Tribute,Green Bay,Wisconsin,54305,US,44.4601,-88.0074,72053,"Spinka, D'Amore and Schroeder",02/05/2024
74,Everett,Deam,edeam21@163.com,Male,2000,Land Rover,Discovery,Louisville,Kentucky,40298,US,38.189,-85.6768,98362,"Hermann, Macejkovic and Kshlerin",12/02/2023
75,Malchy,Kielt,mkielt22@telegraph.co.uk,Male,2004,Saab,9-5,New York City,New York,10099,US,40.7808,-73.9772,32375,Hayes and Sons,05/12/2022
76,Tabbatha,Goodyear,tgoodyear23@blogtalkradio.com,Female,1995,Lamborghini,Diablo,Dallas,Texas,75310,US,32.7673,-96.7776,63907,"Shields, Blick and Littel",08/25/2023
77,Rolf,Heephy,rheephy24@people.com.cn,Male,2010,Nissan,Rogue,Milwaukee,Wisconsin,53225,US,43.1154,-88.0346,68768,"Gleason, Dach and Parisian",11/03/2025
78,Silvie,Vlahos,svlahos25@nifty.com,Bigender,2006,Bentley,Continental GT,El Paso,Texas,88553,US,31.6948,-106.3,38660,Muller-Wilderman,02/03/2023
79,Pattin,Arnaudot,parnaudot26@ihg.com,Male,2010,Lexus,IS F,El Paso,Texas,79916,US,31.7444,-106.2879,60662,"Wyman, Prohaska and Zieme",03/19/2025
80,Valina,Tommei,vtommei27@simplemachines.org,Female,2008,Ferrari,612 Scaglietti,Des Moines,Iowa,50305,US,41.6727,-93.5722,95892,"Moen, Hane and Zboncak",06/28/2022
81,Leanor,Trencher,ltrencher28@netscape.com,Female,2009,Land Rover,LR3,Boston,Massachusetts,02203,US,42.3615,-71.0604,90121,Mueller Inc,04/04/2022
82,Giustina,Salliss,gsalliss29@umich.edu,Female,1999,Mercedes-Benz,C-Class,Santa Monica,California,90410,US,33.7866,-118.2987,66496,Abernathy-Christiansen,09/21/2024
83,Beniamino,Derry,bderry2a@netscape.com,Male,2000,Mercedes-Benz,M-Class,Columbus,Ohio,43268,US,39.969,-83.0114,95585,"Okuneva, McKenzie and Medhurst",02/09/2023
84,Anna-diana,Christopher,achristopher2b@twitpic.com,Female,1968,Pontiac,Firebird,Fresno,California,93740,US,36.7464,-119.6397,45665,Bosco-Hoeger,11/03/2023
85,Alexi,Bohlens,abohlens2c@twitter.com,Female,1991,Nissan,300ZX,Indianapolis,Indiana,46221,US,39.7509,-86.1924,71069,Harber-Jaskolski,06/30/2022
86,Nicol,Eliassen,neliassen2d@scribd.com,Non-binary,2001,Mercury,Sable,Wilkes Barre,Pennsylvania,18706,US,41.2044,-75.9113,81779,Kiehn LLC,08/24/2025
87,Daryl,Kondratyuk,dkondratyuk2e@weibo.com,Female,1997,Land Rover,Discovery,Philadelphia,Pennsylvania,19196,US,40.0018,-75.1179,90837,"Haag, Kassulke and Hauck",10/21/2024
88,Claudie,Augustus,caugustus2f@4shared.com,Female,1995,Audi,A6,Sacramento,California,94263,US,38.3774,-121.4444,30930,Ankunding-Lindgren,08/18/2025
89,Casey,Dugood,cdugood2g@independent.co.uk,Male,2005,Suzuki,Aerio,Buffalo,New York,14205,US,42.7684,-78.8871,62248,"Nitzsche, McKenzie and Von",10/02/2023
90,Dollie,O'Rourke,dorourke2h@scribd.com,Female,1991,Pontiac,Firebird,Omaha,Nebraska,68197,US,41.249,-96.0274,56389,Kozey-Blanda,10/09/2025
91,Constantin,Auty,cauty2i@ihg.com,Male,2011,Suzuki,Grand Vitara,Oklahoma City,Oklahoma,73147,US,35.5514,-97.4075,70191,"Waelchi, Tromp and Champlin",09/30/2022
92,Ynes,Jacmar,yjacmar2j@geocities.com,Female,2008,Acura,TL,Chicago,Illinois,60619,US,41.7458,-87.6054,60347,"Goodwin, Hegmann and Keeling",12/17/2023
93,Jaquith,Van der Daal,jvanderdaal2k@ocn.ne.jp,Female,2005,Chevrolet,Colorado,Santa Barbara,California,93150,US,34.2628,-119.8486,59816,Rippin Inc,07/13/2023
94,Yoshiko,Waterson,ywaterson2l@zimbio.com,Female,2004,Volkswagen,R32,Moreno Valley,California,92555,US,33.9377,-117.1851,72729,Konopelski-Russel,12/01/2025
95,Lucina,Tumilty,ltumilty2m@biglobe.ne.jp,Female,2007,Ferrari,612 Scaglietti,Washington,District of Columbia,20310,US,38.8933,-77.0146,67825,"Parisian, Tremblay and Leuschke",12/20/2025
96,Gianni,Benezet,gbenezet2n@sourceforge.net,Male,1988,Ford,Mustang,El Paso,Texas,88584,US,31.6948,-106.3,96198,"Bailey, Gerhold and Ondricka",03/02/2022
97,Jordon,Hastewell,jhastewell2o@telegraph.co.uk,Bigender,1995,Chevrolet,Corsica,Louisville,Kentucky,40233,US,38.189,-85.6768,61189,Rosenbaum Inc,04/19/2022
98,Jana,Callaway,jcallaway2p@blogger.com,Female,2002,Subaru,Outback Sport,Cincinnati,Ohio,45223,US,39.1696,-84.5478,89034,Ankunding-Kovacek,04/26/2023
99,Felizio,Dagger,fdagger2q@smugmug.com,Male,2002,GMC,Sierra 2500,Pittsburgh,Pennsylvania,15250,US,40.4344,-80.0248,52293,Cremin Inc,10/14/2023
100,Roberto,Feely,rfeely2r@godaddy.com,Male,1992,Chevrolet,S10 Blazer,Wichita,Kansas,67210,US,37.6379,-97.2613,56493,"Carter, Boyle and Balistreri",06/07/2022
101,Christiana,Braine,cbraine2s@nasa.gov,Female,2007,Acura,TSX,Detroit,Michigan,48232,US,42.2399,-83.1508,89734,Lang-Skiles,06/05/2023
102,Prescott,Truder,ptruder2t@berkeley.edu,Male,2004,Honda,Odyssey,Pompano Beach,Florida,33064,US,26.2785,-80.1157,82859,Dietrich LLC,09/21/2022
103,Joni,Goodfield,jgoodfield2u@networksolutions.com,Female,2009,Saturn,Sky,Washington,District of Columbia,20046,US,38.8933,-77.0146,54130,Kuvalis-MacGyver,09/23/2024
104,Kaile,Mandres,kmandres2v@xing.com,Female,1988,Mercedes-Benz,E-Class,Albuquerque,New Mexico,87190,US,35.0443,-106.6729,78685,Macejkovic-Bayer,12/29/2025
105,Ediva,Manoch,emanoch2w@newyorker.com,Female,1988,Ford,E-Series,Dallas,Texas,75221,US,32.8147,-96.7877,54486,Gorczany-Ferry,02/06/2024
106,Gardener,Readmire,greadmire2x@noaa.gov,Male,2008,Mazda,RX-8,Concord,California,94522,US,37.7772,-121.9554,90257,Nader-Skiles,01/29/2025
107,Tarra,Troker,ttroker2y@arizona.edu,Female,1997,Dodge,Ram Van 1500,Olympia,Washington,98516,US,47.1126,-122.7794,91895,"Rath, Homenick and Rolfson",06/12/2024
108,Nevins,Hassell,nhassell2z@weibo.com,Male,2001,Ford,Taurus,San Antonio,Texas,78278,US,29.4375,-98.4616,44165,Rosenbaum and Sons,06/01/2023
109,Reuven,Schooley,rschooley30@examiner.com,Male,2006,Volvo,S60,Longview,Texas,75605,US,32.5547,-94.7767,71529,"Daniel, Kris and Bashirian",08/25/2023
110,Dickie,Grissett,dgrissett31@msu.edu,Male,1995,GMC,3500 Club Coupe,Baton Rouge,Louisiana,70820,US,30.3795,-91.1671,52492,Dickinson-Crona,01/30/2025
111,Emlyn,Simants,esimants32@artisteer.com,Agender,1995,Nissan,300ZX,Salt Lake City,Utah,84140,US,40.7713,-111.9309,44133,"Leannon, Bruen and Smitham",09/20/2022
112,Muffin,Learmonth,mlearmonth33@techcrunch.com,Polygender,2011,Honda,Ridgeline,Spring,Texas,77386,US,30.1288,-95.4239,70303,"Gleichner, Beer and Collins",12/07/2023
113,Irene,Faich,ifaich34@time.com,Female,1993,Volkswagen,Jetta III,San Jose,California,95128,US,37.3163,-121.9356,48595,Schmidt-Homenick,11/05/2022
114,Flynn,Francello,ffrancello35@posterous.com,Male,2009,Chevrolet,Cobalt,Houston,Texas,77060,US,29.9335,-95.3981,79745,Schimmel Group,10/12/2023
115,Keenan,Cavet,kcavet36@youtube.com,Male,2006,Pontiac,Torrent,Riverside,California,92519,US,33.7529,-116.0556,31108,Schaefer-Cassin,04/29/2024
116,Allister,Lisamore,alisamore37@amazon.de,Male,2010,BMW,Z4,Atlanta,Georgia,30375,US,33.8444,-84.474,97598,Johnson-Renner,03/28/2023
117,Mufi,Tappington,mtappington38@admin.ch,Female,2006,Ford,F-350 Super Duty,Charlotte,North Carolina,28235,US,35.26,-80.8042,51988,"Lueilwitz, Bernhard and Connelly",08/18/2023
118,Chad,Morton,cmorton39@yelp.com,Female,2000,Cadillac,Seville,Brooklyn,New York,11247,US,40.6451,-73.945,45157,Gutmann Inc,05/23/2025
119,Isidoro,Poupard,ipoupard3a@t-online.de,Male,2002,Volvo,S80,Toledo,Ohio,43699,US,41.6538,-83.6589,98659,Stokes-Auer,02/01/2025
120,Sigvard,Osgorby,sosgorby3b@so-net.ne.jp,Male,1987,Mitsubishi,Chariot,Carson City,Nevada,89706,US,39.2025,-119.7526,96880,Schiller Group,09/19/2024
121,Twila,Toxell,ttoxell3c@businesswire.com,Female,2005,Subaru,Forester,Greensboro,North Carolina,27409,US,36.0777,-79.9086,75992,"Heathcote, Mayer and Lemke",12/26/2022
122,Adan,Wilbud,awilbud3d@myspace.com,Female,1996,Kia,Sportage,Kansas City,Missouri,64130,US,39.0351,-94.5467,99404,Beer-Marks,07/22/2023
123,Denney,Bortolozzi,dbortolozzi3e@chron.com,Male,2000,Lincoln,Continental,Aurora,Colorado,80044,US,39.7388,-104.4083,86161,"Kertzmann, Thompson and Nikolaus",09/25/2024
124,Casandra,Fanthom,cfanthom3f@youtube.com,Female,2002,Buick,LeSabre,Annapolis,Maryland,21405,US,39.0305,-76.5515,76268,Ortiz and Sons,03/13/2023
125,Crosby,Hug,chug3g@bravesites.com,Non-binary,1998,Mercedes-Benz,CLK-Class,Fresno,California,93709,US,36.7464,-119.6397,57968,Torphy-Hyatt,08/07/2024
126,Lissie,Oade,loade3h@nps.gov,Female,2008,Hyundai,Santa Fe,Tallahassee,Florida,32314,US,30.4793,-84.3462,35775,"Keeling, Schroeder and White",10/12/2024
127,Kiersten,McTrustie,kmctrustie3i@msn.com,Female,2003,Toyota,Celica,Akron,Ohio,44310,US,41.1075,-81.5006,65596,"Prohaska, Mills and Bernier",04/21/2023
128,Orel,Shucksmith,oshucksmith3j@hibu.com,Female,2006,Lamborghini,Gallardo,Cleveland,Ohio,44125,US,41.4335,-81.6323,75547,"Kertzmann, Koch and Bosco",07/24/2025
129,Michaelina,Fillis,mfillis3k@4shared.com,Female,2000,Ford,Th!nk,Birmingham,Alabama,35210,US,33.5452,-86.6655,73023,Trantow-Murphy,12/03/2024
130,Rasia,Stonard,rstonard3l@shinystat.com,Female,2008,Chevrolet,Cobalt SS,Wilmington,Delaware,19886,US,39.5645,-75.597,89705,Nikolaus-O'Connell,05/07/2022
131,Evyn,Cabral,ecabral3m@dell.com,Male,2009,Cadillac,STS-V,Baton Rouge,Louisiana,70805,US,30.486,-91.1481,46810,Willms-Rodriguez,11/22/2023
132,Stearn,Mellody,smellody3n@ibm.com,Male,1992,Mitsubishi,Galant,Fort Collins,Colorado,80525,US,40.5384,-105.0547,99475,Rosenbaum-Ondricka,04/18/2024
133,Janenna,Wloch,jwloch3o@cnbc.com,Genderqueer,2005,BMW,525,Roanoke,Virginia,24034,US,37.2742,-79.9579,64445,Runolfsson and Sons,05/18/2025
134,Catherina,Chippindale,cchippindale3p@123-reg.co.uk,Female,2009,Honda,Civic,Topeka,Kansas,66699,US,39.0429,-95.7697,62586,"Harvey, Hermiston and Mann",11/08/2024
135,Burnaby,McOrkil,bmcorkil3q@dyndns.org,Male,2003,Toyota,Tundra,Albany,New York,12222,US,42.6853,-73.8253,80905,Kunde LLC,11/02/2022
136,Joyous,Robiot,jrobiot3r@gravatar.com,Female,1990,Pontiac,Sunbird,Minneapolis,Minnesota,55487,US,45.0159,-93.4719,76368,Nitzsche Inc,02/20/2025
137,Yoshiko,Caseley,ycaseley3s@amazonaws.com,Female,2005,Toyota,Corolla,Pittsburgh,Pennsylvania,15279,US,40.4344,-80.0248,88610,Ortiz Inc,04/22/2024
138,Fawnia,Daspar,fdaspar3t@usnews.com,Female,2006,Chevrolet,HHR Panel,Jackson,Mississippi,39236,US,32.3113,-90.3972,64021,"Lehner, Steuber and Bednar",07/12/2023
139,Emilie,Gherardi,egherardi3u@businessweek.com,Female,1992,Nissan,300ZX,Des Moines,Iowa,50315,US,41.5444,-93.6192,50413,Larkin and Sons,05/20/2024
140,Alasteir,Avraam,aavraam3v@google.ru,Male,2002,Nissan,Sentra,New York City,New York,10160,US,40.7808,-73.9772,53442,Gerhold-Baumbach,11/28/2025
141,Cherise,Reece,creece3w@chronoengine.com,Female,2007,Mazda,B-Series,Shawnee Mission,Kansas,66286,US,38.8999,-94.832,94761,Hickle-Hessel,07/17/2024
142,Neala,Greenin,ngreenin3x@nifty.com,Female,2007,Maybach,62,Daytona Beach,Florida,32123,US,29.0227,-81.1722,40787,"Casper, Doyle and Rutherford",10/16/2024
143,Oliver,Deluca,odeluca3y@opensource.org,Male,2010,Lexus,LS Hybrid,Fresno,California,93721,US,36.7377,-119.7843,93524,Torphy and Sons,12/24/2022
144,Shurlock,Preddy,spreddy3z@over-blog.com,Male,1985,Ford,Thunderbird,Birmingham,Alabama,35290,US,33.5446,-86.9292,40906,Kozey LLC,04/12/2024
145,Ida,Carleman,icarleman40@elpais.com,Female,2013,Ford,C-MAX Hybrid,Dayton,Ohio,45490,US,39.7505,-84.2686,31838,"Cormier, O'Keefe and Price",01/19/2025
146,Fancy,Boyan,fboyan41@etsy.com,Female,2011,Chevrolet,Silverado 1500,Alexandria,Virginia,22333,US,38.8158,-77.09,97447,Boyle Group,10/30/2025
147,Eduardo,McCarlich,emccarlich42@reference.com,Male,2010,Lexus,LS,Seattle,Washington,98140,US,47.4323,-121.8034,43449,"Hahn, Christiansen and Balistreri",08/09/2025
148,Ambrosi,Callacher,acallacher43@buzzfeed.com,Male,2010,Infiniti,QX56,San Diego,California,92137,US,32.8538,-117.1197,68975,Bode LLC,02/10/2022
149,Alister,Tearny,atearny44@qq.com,Male,2008,Chevrolet,Avalanche,Las Vegas,Nevada,89166,US,36.3265,-115.3398,68223,"Kerluke, Hettinger and Stamm",12/12/2024
150,Lottie,Davenell,ldavenell45@cyberchimps.com,Female,1991,Land Rover,Range Rover,Houston,Texas,77266,US,29.834,-95.4342,52200,"McCullough, Casper and Hoppe",09/02/2023
151,Lennie,Gerretsen,lgerretsen46@slate.com,Male,1987,Ford,Laser,Appleton,Wisconsin,54915,US,44.2425,-88.3564,80542,Zieme-Stoltenberg,07/30/2022
152,Ives,Hamfleet,ihamfleet47@census.gov,Male,2000,Chevrolet,S10,Brooklyn,New York,11231,US,40.6794,-74.0014,78724,"Wisozk, Shanahan and Sanford",03/19/2024
153,Cullie,Ingliss,cingliss48@omniture.com,Male,2002,Toyota,RAV4,Phoenix,Arizona,85010,US,33.2765,-112.1872,87852,Kirlin-Jaskolski,02/03/2025
154,Erica,Beddon,ebeddon49@foxnews.com,Female,1997,Toyota,Avalon,Fresno,California,93750,US,36.7464,-119.6397,50622,"Gibson, Hauck and Wolff",01/27/2024
155,Nil,Labeuil,nlabeuil4a@un.org,Male,2009,Bentley,Arnage,Glendale,Arizona,85305,US,33.5291,-112.2482,93423,Kessler-Bashirian,01/21/2024
156,Lalo,Rydings,lrydings4b@hao123.com,Male,2002,Mercedes-Benz,CLK-Class,Meridian,Mississippi,39305,US,32.4401,-88.6783,36537,Abernathy-Reichel,11/12/2025
157,Emelita,Francomb,efrancomb4c@harvard.edu,Agender,2003,Ford,Expedition,Phoenix,Arizona,85005,US,33.2765,-112.1872,45614,Johnston-Sawayn,02/12/2024
158,Cristal,Jerzyk,cjerzyk4d@wunderground.com,Genderqueer,1988,Acura,Integra,Chicago,Illinois,60686,US,41.8756,-87.6378,45602,"Nitzsche, Heathcote and Rutherford",03/15/2023
159,Cher,Gregory,cgregory4e@fda.gov,Female,2004,Holden,Monaro,Bloomington,Illinois,61709,US,40.4614,-88.953,73614,"Kuvalis, Roob and Harris",06/09/2023
160,Gardener,Kemball,gkemball4f@google.de,Male,2002,Porsche,911,Phoenix,Arizona,85077,US,33.2765,-112.1872,45021,Denesik-Wolf,04/01/2023
161,Jaymee,Hubbuck,jhubbuck4g@archive.org,Female,2006,Nissan,Frontier,Lexington,Kentucky,40515,US,37.9651,-84.4708,57588,"Greenholt, Wyman and Nolan",01/23/2026
162,Normy,Knibley,nknibley4h@mapy.cz,Male,2012,Toyota,Sequoia,Denton,Texas,76205,US,33.1903,-97.1282,88670,"Emard, Blick and Torp",12/08/2025
163,Seana,Alastair,salastair4i@usgs.gov,Female,1976,Chevrolet,Camaro,Indianapolis,Indiana,46239,US,39.7265,-86.0005,63961,Turcotte Group,07/24/2022
164,Toddie,Kraft,tkraft4j@usnews.com,Male,2011,Ford,F-Series Super Duty,Anchorage,Alaska,99517,US,61.1901,-149.9361,46026,"Hettinger, Fadel and Schuppe",07/12/2022
165,Noby,Deviney,ndeviney4k@wiley.com,Male,2002,Buick,Century,Fort Myers,Florida,33906,US,26.5529,-81.9486,81343,"Stehr, Terry and Crooks",02/02/2022
166,Hill,Geach,hgeach4l@freewebs.com,Male,1996,Lexus,GS,Springfield,Illinois,62776,US,39.7495,-89.606,63063,Rice-Renner,05/17/2023
167,Fraze,Flintoffe,fflintoffe4m@amazon.de,Male,1998,Mazda,B-Series Plus,Boston,Massachusetts,02208,US,42.3389,-70.9196,98179,Anderson-Reynolds,04/23/2025
168,Orland,Cordy,ocordy4n@timesonline.co.uk,Male,1988,Porsche,911,Fresno,California,93762,US,36.7464,-119.6397,71157,"Keeling, Considine and Nikolaus",02/05/2023
169,Domenic,Crofthwaite,dcrofthwaite4o@msu.edu,Male,1987,Volkswagen,Passat,Nashville,Tennessee,37228,US,36.1901,-86.8053,39373,Jenkins Inc,06/11/2023
170,Binnie,Alvares,balvares4p@wsj.com,Female,2012,Hyundai,Veloster,Burbank,California,91520,US,34.1869,-118.348,67519,"Kunde, Nader and O'Hara",01/12/2024
171,Sully,St. Paul,sstpaul4q@cdbaby.com,Male,2013,GMC,Yukon XL 2500,Arvada,Colorado,80005,US,39.8422,-105.1097,60367,"Heller, Howe and Langosh",03/28/2024
172,Carver,Eymor,ceymor4r@twitter.com,Agender,1992,Lincoln,Continental,Melbourne,Florida,32941,US,27.9246,-80.5235,49721,Predovic LLC,01/12/2025
173,Chelsie,Baptie,cbaptie4s@altervista.org,Female,2006,Mazda,Mazda6,Raleigh,North Carolina,27621,US,35.7977,-78.6253,55261,"O'Hara, Kilback and Luettgen",04/25/2025
174,Ariel,Marl,amarl4t@nyu.edu,Female,2012,Toyota,4Runner,Sarasota,Florida,34238,US,27.2427,-82.4751,33285,Crona LLC,07/29/2024
175,Raimondo,Chugg,rchugg4u@hud.gov,Male,1993,Mercedes-Benz,SL-Class,San Bernardino,California,92410,US,34.1069,-117.2975,85135,Torp and Sons,12/04/2023
176,Rabi,Friberg,rfriberg4v@uiuc.edu,Male,1992,Cadillac,Fleetwood,Wilmington,Delaware,19886,US,39.5645,-75.597,31170,Hilll-Hand,07/25/2023
177,Jennifer,Larkworthy,jlarkworthy4w@skype.com,Female,1986,Mercedes-Benz,S-Class,Cincinnati,Ohio,45233,US,39.111,-84.6594,33311,Douglas-Reynolds,06/17/2024
178,Olenka,Luby,oluby4x@uol.com.br,Female,2008,Kia,Sorento,Louisville,Kentucky,40293,US,38.189,-85.6768,83061,Kuhic-Friesen,05/07/2025
179,Donna,Tutton,dtutton4y@sbwire.com,Female,2007,Dodge,Dakota,Kingsport,Tennessee,37665,US,36.5799,-82.5733,97773,Rippin Group,11/01/2022
180,Marietta,Diggins,mdiggins4z@imgur.com,Male,1992,Oldsmobile,Silhouette,Syracuse,New York,13217,US,43.0214,-76.1977,50543,"Effertz, Boyer and Toy",08/27/2023
181,Fulvia,Bambrugh,fbambrugh50@booking.com,Female,2011,Audi,A5,Tacoma,Washington,98481,US,47.0662,-122.1132,75871,"Wiegand, Lesch and Rohan",07/20/2023
182,Brynne,Pobjay,bpobjay51@ted.com,Female,2008,Kia,Sedona,Beaumont,Texas,77713,US,30.085,-94.2607,77161,Feeney-Ryan,01/17/2024
183,Tarrah,Cubberley,tcubberley52@wordpress.com,Genderfluid,2000,BMW,M,Memphis,Tennessee,38181,US,35.2017,-89.9715,69317,Rutherford-Prohaska,01/12/2023
184,Burty,Pridden,bpridden53@samsung.com,Male,2009,Ford,Flex,Nashville,Tennessee,37210,US,36.1379,-86.741,58898,"Armstrong, Collier and Berge",12/08/2024
185,Michelle,Wickstead,mwickstead54@yolasite.com,Female,2006,Aston Martin,Vanquish S,New York City,New York,10125,US,40.7808,-73.9772,78417,Vandervort-Lang,08/06/2024
186,Asia,Paulazzi,apaulazzi55@goo.gl,Female,2008,GMC,Acadia,Detroit,Michigan,48258,US,42.2399,-83.1508,95719,Gerhold Group,01/07/2023
187,Heall,Droogan,hdroogan56@prnewswire.com,Male,2006,Dodge,Magnum,Tampa,Florida,33605,US,27.9671,-82.4334,90144,Collins Inc,12/10/2024
188,Thorpe,Bunten,tbunten57@biblegateway.com,Male,1993,Chevrolet,Sportvan G30,Alpharetta,Georgia,30022,US,34.0268,-84.2422,85343,Brekke-Kub,01/05/2025
189,Franklin,Verzey,fverzey58@nydailynews.com,Male,2002,Ford,Excursion,Shreveport,Louisiana,71105,US,32.4589,-93.7143,82741,"Bednar, Larkin and Kohler",07/16/2022
190,Carolan,Catto,ccatto59@fc2.com,Female,1995,Buick,Skylark,Bellevue,Washington,98008,US,47.6115,-122.1162,54259,"Kuvalis, Vandervort and Goodwin",02/03/2025
191,Stan,Essery,sessery5a@joomla.org,Male,1993,Mercedes-Benz,300CE,New Haven,Connecticut,06505,US,41.3057,-72.7799,92199,Spinka-Abernathy,12/21/2023
192,Miller,Brunone,mbrunone5b@huffingtonpost.com,Male,2000,Chevrolet,Impala,Cleveland,Ohio,44111,US,41.4571,-81.7844,69870,Sawayn-Stark,06/05/2022
193,Scott,Maginot,smaginot5c@fda.gov,Male,1993,Mitsubishi,Mirage,Milwaukee,Wisconsin,53220,US,42.9559,-87.9933,42842,Wisoky-Dibbert,06/22/2024
194,Kaia,Romain,kromain5d@jiathis.com,Female,2007,Saab,9-3,Little Rock,Arkansas,72204,US,34.7269,-92.344,69368,"Pouros, Bradtke and Howe",07/16/2025
195,Halsey,Caunt,hcaunt5e@liveinternet.ru,Male,2012,Volkswagen,GTI,Seattle,Washington,98158,US,47.4497,-122.3076,72549,VonRueden Group,03/24/2025
196,Jobye,Luney,jluney5f@dyndns.org,Female,1994,Mitsubishi,Truck,San Diego,California,92170,US,33.0169,-116.846,73449,Maggio Group,03/01/2025
197,Gino,Sandercock,gsandercock5g@51.la,Male,2005,Ford,F150,Shreveport,Louisiana,71105,US,32.4589,-93.7143,51718,"Bashirian, Friesen and Toy",04/25/2023
198,Stevena,Proschek,sproschek5h@youku.com,Female,2008,Kia,Sportage,Portland,Oregon,97232,US,45.5287,-122.6363,61967,Rodriguez Inc,03/23/2022
199,Josefa,Tunnacliffe,jtunnacliffe5i@marriott.com,Female,2000,Lexus,LX,Chicago,Illinois,60691,US,41.8119,-87.6873,49611,Murphy-Rau,10/22/2025
200,Marco,Schroder,mschroder5j@ed.gov,Male,2002,Suzuki,XL-7,Memphis,Tennessee,38109,US,35.0425,-90.0732,77044,"Cremin, Buckridge and Jacobson",07/21/2025
201,Binky,Teliga,bteliga5k@sun.com,Male,1994,Eagle,Talon,Colorado Springs,Colorado,80910,US,38.8152,-104.7703,39351,"Yundt, Cronin and Nolan",04/04/2024
202,Cordie,Blackham,cblackham5l@pcworld.com,Male,2000,Ford,Th!nk,Johnson City,Tennessee,37605,US,36.3158,-82.3838,49040,"Labadie, Lakin and O'Hara",10/27/2022
203,Susan,Cottham,scottham5m@salon.com,Female,2006,Cadillac,STS-V,Long Beach,California,90831,US,33.7678,-118.1994,56389,"Johnston, Spencer and Denesik",12/24/2025
204,Raine,Halpeine,rhalpeine5n@amazonaws.com,Female,2007,Volkswagen,Rabbit,Charleston,South Carolina,29403,US,32.7976,-79.9493,65668,Douglas-Mitchell,10/01/2024
205,Evyn,Tregenna,etregenna5o@nationalgeographic.com,Male,2007,Isuzu,i-290,Yakima,Washington,98907,US,46.6288,-120.574,85464,"Pollich, Lind and Grant",04/13/2024
206,Silvain,Littlekit,slittlekit5p@uiuc.edu,Male,2005,Chevrolet,SSR,Chicago,Illinois,60686,US,41.8756,-87.6378,62451,Walker-O'Kon,11/29/2023
207,Chane,Glasner,cglasner5q@epa.gov,Male,1994,Oldsmobile,Ciera,Scranton,Pennsylvania,18505,US,41.3914,-75.6657,64297,Armstrong Inc,09/03/2023
208,Petronilla,Adshed,padshed5r@google.com.br,Female,2009,Land Rover,Freelander,Sacramento,California,95894,US,38.5816,-121.4933,81583,Moore-Crist,08/24/2022
209,Gawain,Kellegher,gkellegher5s@ameblo.jp,Male,1994,Chevrolet,Impala SS,Dallas,Texas,75367,US,32.7673,-96.7776,91980,Hagenes Inc,02/21/2024
210,Stesha,Blasoni,sblasoni5t@mapy.cz,Female,2007,Ferrari,F430,Houston,Texas,77010,US,29.7543,-95.3609,58673,"Reinger, Gulgowski and Terry",06/07/2024
211,Papageno,Gelsthorpe,pgelsthorpe5u@yelp.com,Male,2007,Mitsubishi,Raider,Washington,District of Columbia,20456,US,38.8981,-77.0401,74232,Hartmann-Walsh,09/20/2024
212,Tedmund,Everton,teverton5v@furl.net,Male,1994,Mazda,Navajo,Glendale,California,91210,US,33.7866,-118.2987,95067,"Jacobs, Lehner and Torphy",07/13/2025
213,Marcela,Zapater,mzapater5w@google.es,Female,2002,Honda,Accord,Irvine,California,92717,US,33.6462,-117.8398,37659,"Thompson, Cronin and Ullrich",03/15/2023
214,Gwenni,Sutcliffe,gsutcliffe5x@barnesandnoble.com,Female,2003,Mazda,MX-5,New York City,New York,10280,US,40.7105,-74.0163,41777,"Luettgen, Boyle and Zboncak",09/08/2022
215,Moritz,Shutt,mshutt5y@google.nl,Male,2005,Mitsubishi,Lancer,Atlanta,Georgia,30343,US,33.8444,-84.474,48375,"Klein, Jacobson and Graham",06/11/2025
216,Addi,Lippi,alippi5z@google.de,Female,1963,Chevrolet,Corvette,Orlando,Florida,32830,US,28.3822,-81.569,37478,Jenkins LLC,08/27/2025
217,Granthem,Flatt,gflatt60@shop-pro.jp,Male,2004,GMC,Savana 3500,Houston,Texas,77201,US,29.834,-95.4342,75306,"Yundt, Collins and Robel",12/10/2022
218,Leelah,Quigley,lquigley61@cocolog-nifty.com,Agender,2009,Ferrari,599 GTB Fiorano,Flint,Michigan,48505,US,43.0634,-83.7001,79402,Ullrich-Crist,06/21/2025
219,Tana,Fechnie,tfechnie62@economist.com,Female,1998,Toyota,T100 Xtra,Newton,Massachusetts,02162,US,42.3319,-71.254,65862,Bruen-Sawayn,11/29/2023
220,Karlen,Conklin,kconklin63@pinterest.com,Female,2006,Volvo,V70,Lincoln,Nebraska,68583,US,40.7845,-96.6888,83468,"Senger, Feest and Pfeffer",11/26/2024
221,Byron,Kinnear,bkinnear64@boston.com,Male,1990,Nissan,Maxima,Pasadena,Texas,77505,US,29.6518,-95.1464,33005,Osinski-Orn,11/10/2024
222,Ofilia,Shillingford,oshillingford65@biblegateway.com,Female,1996,Kia,Sportage,Henderson,Nevada,89074,US,36.0384,-115.0857,72696,Volkman Inc,07/19/2023
223,Kevan,Grayland,kgrayland66@wikia.com,Male,1995,Pontiac,Firefly,Austin,Texas,78721,US,30.2721,-97.6868,67007,"Rodriguez, Braun and Reilly",08/07/2022
224,Shena,Prydie,sprydie67@engadget.com,Female,1996,Honda,Odyssey,Buffalo,New York,14276,US,42.7684,-78.8871,89273,Vandervort LLC,05/08/2025
225,Akim,Pautot,apautot68@live.com,Male,1994,Suzuki,Samurai,Kingsport,Tennessee,37665,US,36.5799,-82.5733,49658,Nienow Inc,03/16/2024
226,Kalinda,Overthrow,koverthrow69@nasa.gov,Female,2002,Lincoln,Blackwood,Chico,California,95973,US,39.8032,-121.8673,90293,Bernier-Hoeger,04/16/2025
227,Elbertine,Malling,emalling6a@theguardian.com,Female,2012,BMW,Z4,Naples,Florida,34114,US,26.0143,-81.5856,69150,Weimann and Sons,10/07/2024
228,Donella,Reiner,dreiner6b@eepurl.com,Female,1993,Audi,S4,Jacksonville,Florida,32236,US,30.3449,-81.6831,74296,Graham-Boyer,12/03/2023
229,Lauralee,Gransden,lgransden6c@domainmarket.com,Female,1989,Buick,Reatta,Bloomington,Illinois,61709,US,40.4614,-88.953,79968,"Jaskolski, Rogahn and Wyman",11/26/2024
230,Hillary,Semaine,hsemaine6d@ning.com,Agender,2009,Ford,Taurus,Topeka,Kansas,66617,US,39.1271,-95.6384,76324,Jaskolski and Sons,04/26/2025
231,Boony,Warsop,bwarsop6e@tuttocitta.it,Bigender,1994,Dodge,Dakota Club,Las Vegas,Nevada,89166,US,36.3265,-115.3398,48585,Lang Group,07/13/2024
232,Cammy,Shee,cshee6f@businesswire.com,Female,1987,Ford,EXP,Norfolk,Virginia,23551,US,36.9312,-76.2397,91172,Murazik Group,09/05/2023
233,Field,Somerton,fsomerton6g@abc.net.au,Male,2009,Toyota,Tundra,Anderson,Indiana,46015,US,40.0938,-85.6578,86939,Hintz and Sons,01/31/2025
234,Eddi,Sorton,esorton6h@guardian.co.uk,Female,2003,Mitsubishi,Pajero,Savannah,Georgia,31416,US,32.0053,-81.0477,63743,Will and Sons,08/16/2023
235,Dean,Ashlin,dashlin6i@loc.gov,Male,1993,Mercedes-Benz,400E,Lincoln,Nebraska,68517,US,40.9317,-96.6045,35983,Beer and Sons,04/10/2022
236,Lombard,Meni,lmeni6j@paginegialle.it,Male,1998,Pontiac,Trans Sport,Milwaukee,Wisconsin,53210,US,43.0685,-87.9715,43978,O'Connell LLC,04/30/2024
237,Jenifer,Haldon,jhaldon6k@columbia.edu,Female,2002,Oldsmobile,Intrigue,Clearwater,Florida,34629,US,27.9654,-82.8001,68028,Goldner Group,03/04/2022
238,Thia,Goodger,tgoodger6l@usnews.com,Female,1997,Honda,del Sol,Jefferson City,Missouri,65105,US,38.5309,-92.2493,96279,Pfannerstill and Sons,12/18/2025
239,Garrick,Waitland,gwaitland6m@craigslist.org,Male,1992,BMW,M5,Ventura,California,93005,US,34.0324,-119.1343,92185,"Littel, Schiller and Hayes",01/08/2023
240,Marigold,McLenaghan,mmclenaghan6n@istockphoto.com,Female,1995,Lexus,ES,Winston Salem,North Carolina,27110,US,36.0275,-80.2073,49112,"Crona, Becker and Bahringer",03/14/2024
241,Bail,Andrieu,bandrieu6o@yandex.ru,Male,1994,Chrysler,Concorde,Memphis,Tennessee,38104,US,35.1334,-90.0046,72977,Walter Inc,08/18/2023
242,Sonni,Servant,sservant6p@exblog.jp,Female,1993,Land Rover,Range Rover Classic,Springfield,Missouri,65810,US,37.1136,-93.2896,67505,Blick-Pollich,05/28/2023
243,Chloette,McKernon,cmckernon6q@japanpost.jp,Female,2002,Mazda,626,Lansing,Michigan,48919,US,42.7286,-84.5517,77000,Spencer Inc,06/21/2024
244,Gannie,Matfield,gmatfield6r@netlog.com,Male,1996,Land Rover,Range Rover,Richmond,Virginia,23228,US,37.625,-77.4959,99444,Upton-Collins,09/20/2024
245,Parry,Haberjam,phaberjam6s@cyberchimps.com,Male,2009,Volvo,S80,New York City,New York,10105,US,40.7628,-73.9785,64330,"Runolfsson, Pacocha and Hamill",02/16/2025
246,Dorella,Jauncey,djauncey6t@goo.ne.jp,Female,1965,Chevrolet,Corvette,Washington,District of Columbia,20540,US,38.8874,-77.0047,75374,Davis and Sons,11/18/2022
247,Kip,Clash,kclash6u@pbs.org,Male,2012,Ram,1500,Toledo,Ohio,43699,US,41.6538,-83.6589,39610,"Towne, Hegmann and Homenick",06/23/2024
248,Lois,Hathorn,lhathorn6v@cmu.edu,Female,1996,GMC,1500 Club Coupe,Atlanta,Georgia,31119,US,33.8913,-84.0746,88043,Okuneva Group,02/18/2023
249,Tally,Massie,tmassie6w@google.es,Male,2003,Chevrolet,Astro,Spring Hill,Florida,34611,US,28.5642,-82.4165,49295,Gusikowski Inc,08/10/2023
250,Keenan,Trethowan,ktrethowan6x@nyu.edu,Male,2003,Volvo,XC90,Memphis,Tennessee,38119,US,35.0821,-89.8501,99803,Will-Franecki,07/01/2024
251,Garry,Eden,geden6y@umn.edu,Male,2010,Saturn,Outlook,Englewood,Colorado,80150,US,39.7388,-104.4083,53241,Hauck-Volkman,07/03/2024
252,Gaynor,Glasbey,gglasbey6z@dmoz.org,Female,2004,Volkswagen,R32,Lake Charles,Louisiana,70607,US,30.1244,-93.1835,46027,"Quigley, Altenwerth and Effertz",11/30/2024
253,Siegfried,Edmonston,sedmonston70@abc.net.au,Male,2006,Aston Martin,Vanquish S,Cleveland,Ohio,44177,US,41.6857,-81.6728,59619,Dare-Hauck,04/25/2023
254,Marylee,Durrett,mdurrett71@liveinternet.ru,Female,2003,Infiniti,M,Atlanta,Georgia,31196,US,33.8444,-84.474,90732,Aufderhar and Sons,02/25/2022
255,Gianni,Nannizzi,gnannizzi72@huffingtonpost.com,Male,2006,Chevrolet,Corvette,Tampa,Florida,33605,US,27.9671,-82.4334,66141,Heaney Inc,09/21/2023
256,Ileana,Neaves,ineaves73@rakuten.co.jp,Female,2006,Honda,Pilot,Spring,Texas,77388,US,30.0505,-95.4695,73587,Spinka-Marks,01/15/2025
257,Sigmund,Slee,sslee74@plala.or.jp,Male,2010,Lincoln,MKT,Minneapolis,Minnesota,55441,US,45.0058,-93.4193,78536,Kunze and Sons,11/25/2023
258,Brew,Landman,blandman75@soup.io,Male,1987,Audi,4000,Trenton,New Jersey,08608,US,40.2204,-74.7622,45575,Anderson Group,09/06/2025
259,Rolfe,Eskrigge,reskrigge76@about.com,Male,1998,Eagle,Talon,Aurora,Colorado,80044,US,39.7388,-104.4083,36256,Borer-Kihn,07/23/2022
260,Maggee,Causby,mcausby77@t-online.de,Female,2012,Chevrolet,Silverado 2500,Glendale,California,91210,US,33.7866,-118.2987,83954,"Hauck, Bogan and Mayert",12/09/2025
261,Stephanus,Castro,scastro78@linkedin.com,Male,2013,Rolls-Royce,Phantom,Lincoln,Nebraska,68531,US,40.9008,-96.7201,36528,"Zboncak, Adams and Fisher",06/30/2024
262,Devlen,Strothers,dstrothers79@bloglines.com,Male,2006,Volkswagen,Rabbit,Roanoke,Virginia,24048,US,37.2742,-79.9579,77682,Kessler and Sons,03/09/2022
263,Danielle,Wasmer,dwasmer7a@utexas.edu,Female,1998,Dodge,Caravan,Washington,District of Columbia,20409,US,38.8933,-77.0146,96634,Weimann-Hauck,03/22/2022
264,Dario,Gwinn,dgwinn7b@businesswire.com,Male,2011,Chevrolet,Suburban 2500,Cleveland,Ohio,44191,US,41.6857,-81.6728,44444,"Little, Stokes and Fahey",12/23/2024
265,Joel,Mulmuray,jmulmuray7c@goo.gl,Male,2003,Mercedes-Benz,CLK-Class,Arlington,Texas,76096,US,32.7714,-97.2915,56191,"Skiles, Schaefer and Mayer",03/18/2023
266,Bobinette,Couling,bcouling7d@dot.gov,Female,1991,Lexus,ES,Salt Lake City,Utah,84115,US,40.7145,-111.8931,68095,"Botsford, Krajcik and Renner",01/08/2026
267,Artair,Battill,abattill7e@marriott.com,Male,2001,Toyota,Solara,Syracuse,New York,13205,US,43.0123,-76.1452,62630,Brekke and Sons,03/10/2023
268,Lonny,Relph,lrelph7f@yellowpages.com,Male,2005,Subaru,Forester,Detroit,Michigan,48224,US,42.4098,-82.9441,63519,Toy-Schuster,09/16/2022
269,Joanna,Arkin,jarkin7g@free.fr,Female,2006,Volvo,S80,Portsmouth,New Hampshire,03804,US,43.0059,-71.0132,85559,Cartwright-Torphy,07/20/2023
270,Noach,Debling,ndebling7h@tuttocitta.it,Male,2012,Fiat,Nuova 500,Houston,Texas,77245,US,29.834,-95.4342,69573,"Dare, Konopelski and Kiehn",03/04/2024
271,Alleyn,Filimore,afilimore7i@npr.org,Male,2012,Mercedes-Benz,R-Class,Des Moines,Iowa,50335,US,41.6727,-93.5722,34970,Nicolas-VonRueden,06/15/2024
272,Demetris,Danbye,ddanbye7j@amazon.co.uk,Female,2005,Maserati,GranSport,Tyler,Texas,75799,US,32.4112,-95.2899,41600,"Ward, Braun and Borer",11/01/2025
273,Catherin,Seebert,cseebert7k@plala.or.jp,Female,2000,Volkswagen,Jetta,Hartford,Connecticut,06120,US,41.786,-72.6758,72120,Reichel-Bosco,10/08/2023
274,Heriberto,Gamon,hgamon7l@netvibes.com,Male,2008,Hyundai,Tucson,Philadelphia,Pennsylvania,19104,US,39.9597,-75.2024,68562,Lind-Bins,12/25/2022
275,Anson,Race,arace7m@ning.com,Male,2000,Isuzu,Hombre,Chicago,Illinois,60657,US,41.9399,-87.6528,89361,Cassin and Sons,07/22/2022
276,Pattin,Monkeman,pmonkeman7n@rambler.ru,Male,2003,Pontiac,Vibe,Atlanta,Georgia,31165,US,33.7629,-84.4226,47391,Rohan Group,08/01/2024
277,Benji,Jeakins,bjeakins7o@mlb.com,Male,2013,Scion,tC,Wichita,Kansas,67236,US,37.5422,-97.2871,97787,"Larson, Jenkins and Gleichner",01/02/2023
278,Tilda,Pelos,tpelos7p@naver.com,Female,2012,Mazda,Mazda5,Macon,Georgia,31205,US,32.8067,-83.6913,42730,Greenfelder Inc,08/12/2025
279,Lin,Abell,labell7q@yelp.com,Female,1990,Audi,200,Washington,District of Columbia,20010,US,38.9327,-77.0322,85054,Altenwerth-Kunde,04/20/2023
280,Darbee,Kuhl,dkuhl7r@soundcloud.com,Male,2012,Ram,1500,Bronx,New York,10464,US,40.8469,-73.7874,53546,Smitham-Boyle,03/30/2022
281,Vevay,Fouracre,vfouracre7s@ask.com,Female,1991,Subaru,Legacy,Rochester,New York,14683,US,43.286,-77.6843,76910,Moore LLC,05/11/2023
282,Griz,Warby,gwarby7t@t.co,Genderqueer,2007,Jeep,Compass,Minneapolis,Minnesota,55441,US,45.0058,-93.4193,66778,Botsford-Lynch,06/21/2022
283,Iolanthe,Conkay,iconkay7u@usa.gov,Female,2004,Maserati,Spyder,Toledo,Ohio,43610,US,41.6767,-83.5573,95194,Koelpin-Wisoky,03/27/2024
284,Roxine,Colloby,rcolloby7v@ameblo.jp,Female,1992,Dodge,Ram Van B150,Minneapolis,Minnesota,55436,US,44.9034,-93.374,62320,Davis and Sons,05/19/2024
285,Alisander,Lancley,alancley7w@cnbc.com,Male,2004,Suzuki,Forenza,San Francisco,California,94116,US,37.7441,-122.4863,42840,Tromp-Hudson,07/13/2024
286,Andee,Iddy,aiddy7x@tamu.edu,Female,2004,GMC,Savana 3500,Pittsburgh,Pennsylvania,15255,US,40.4344,-80.0248,97912,Bogan-McCullough,02/17/2025
287,Durand,Sarjant,dsarjant7y@jimdo.com,Male,2012,Land Rover,Range Rover Sport,Akron,Ohio,44310,US,41.1075,-81.5006,85500,"Zemlak, Raynor and Balistreri",03/26/2024
288,Quill,Michell,qmichell7z@cnn.com,Male,2003,Lexus,GS,Macon,Georgia,31205,US,32.8067,-83.6913,94711,Jacobi-Bahringer,07/16/2025
289,Marlyn,Vineall,mvineall80@i2i.jp,Female,2003,Ford,Escort ZX2,Saint Paul,Minnesota,55146,US,44.9427,-93.0828,98197,"Wisozk, Bradtke and Beer",08/30/2024
290,Monte,Crowhurst,mcrowhurst81@newsvine.com,Male,2007,Mercury,Montego,Evansville,Indiana,47747,US,37.9971,-87.575,45500,"Zieme, Leannon and Barrows",09/20/2022
291,Concettina,Truse,ctruse82@wikipedia.org,Female,1985,Maserati,Quattroporte,Worcester,Massachusetts,01654,US,42.3648,-71.8969,77810,Corwin-Corwin,11/17/2023
292,Ilysa,Stratley,istratley83@intel.com,Female,1909,Ford,Model T,Richmond,Virginia,23293,US,37.5242,-77.4932,98257,"Lakin, Keeling and Huel",10/30/2022
293,Eddie,Tollerton,etollerton84@friendfeed.com,Male,2002,Dodge,Viper,Fort Lauderdale,Florida,33310,US,26.1443,-80.2069,54964,Becker-Rippin,07/27/2022
294,Moreen,Manclark,mmanclark85@bizjournals.com,Female,2011,Dodge,Avenger,Dallas,Texas,75358,US,32.7942,-96.7652,70528,Bashirian-Friesen,02/06/2022
295,Nataniel,Salandino,nsalandino86@zimbio.com,Male,2011,Hyundai,Santa Fe,Memphis,Tennessee,38136,US,35.2017,-89.9715,33265,"Haley, Gusikowski and Medhurst",07/14/2022
296,Elbertina,Jorgesen,ejorgesen87@slate.com,Female,2004,Mitsubishi,Challenger,Brockton,Massachusetts,02305,US,41.9705,-70.7014,56150,Hodkiewicz Group,08/24/2022
297,Lotta,Laverenz,llaverenz88@technorati.com,Female,2009,Lexus,SC,San Diego,California,92137,US,32.8538,-117.1197,31306,Cummings Inc,05/12/2024
298,Caria,Delahunty,cdelahunty89@tinyurl.com,Female,2008,Nissan,Pathfinder,Fort Worth,Texas,76121,US,32.7714,-97.2915,88749,McLaughlin-Gutmann,03/13/2022
299,Dora,Beacon,dbeacon8a@free.fr,Female,2007,Honda,Civic,Houston,Texas,77245,US,29.834,-95.4342,94826,Smitham-Schimmel,04/13/2025
300,Marcy,Olivey,molivey8b@myspace.com,Female,1999,Oldsmobile,Aurora,Gilbert,Arizona,85297,US,33.2781,-111.7096,81816,Baumbach Inc,10/17/2022
301,Dorita,Lethibridge,dlethibridge8c@newsvine.com,Female,2004,Ford,F150,Madison,Wisconsin,53716,US,43.0631,-89.3133,80704,"Bernhard, Maggio and Hane",03/21/2024
302,Faunie,Dollman,fdollman8d@google.de,Female,2006,Lincoln,Navigator,Reading,Pennsylvania,19605,US,40.3886,-75.9328,74795,"Schaefer, Pfeffer and MacGyver",06/08/2023
303,Skipton,Ranken,sranken8e@list-manage.com,Male,1996,Toyota,Tercel,Lake Charles,Louisiana,70607,US,30.1244,-93.1835,72122,Kuhic and Sons,05/18/2025
304,Maressa,Preddle,mpreddle8f@geocities.com,Female,1997,Dodge,Intrepid,Fayetteville,North Carolina,28314,US,35.0583,-79.008,97125,Muller-Cassin,07/20/2022
305,Andie,Dundendale,adundendale8g@smugmug.com,Male,2005,Pontiac,Montana SV6,Pittsburgh,Pennsylvania,15230,US,40.4344,-80.0248,42018,"Cormier, Tromp and Bradtke",09/18/2022
306,Arline,Lamperti,alamperti8h@ebay.co.uk,Female,1986,Pontiac,6000,Lubbock,Texas,79491,US,33.61,-101.8213,44012,Rolfson-VonRueden,08/02/2024
307,Findley,Leith,fleith8i@reverbnation.com,Male,1992,Oldsmobile,Cutlass Supreme,Spokane,Washington,99252,US,47.6536,-117.4317,87881,Satterfield-Grady,05/07/2022
308,Letitia,MacMeekan,lmacmeekan8j@si.edu,Female,2002,Mercury,Grand Marquis,Abilene,Texas,79605,US,32.432,-99.7724,42506,Greenholt and Sons,11/23/2022
309,Gavan,Renoden,grenoden8k@imgur.com,Bigender,1986,Ford,Aerostar,Riverside,California,92519,US,33.7529,-116.0556,69764,Friesen and Sons,04/12/2022
310,Cristina,Laurenceau,claurenceau8l@booking.com,Polygender,2002,Kia,Sedona,Huntsville,Texas,77343,US,30.7813,-95.5953,88170,"Kunde, Crist and Padberg",01/02/2026
311,Elden,Froom,efroom8m@twitpic.com,Male,1995,Toyota,Avalon,Long Beach,California,90810,US,33.8193,-118.2325,55981,"Flatley, Willms and Hegmann",08/15/2022
312,Rosalie,Fagg,rfagg8n@chicagotribune.com,Female,1996,Cadillac,Eldorado,Augusta,Georgia,30911,US,33.386,-82.091,90403,Rippin and Sons,11/16/2022
313,Berni,Maypother,bmaypother8o@oracle.com,Female,2011,Dodge,Journey,Louisville,Kentucky,40220,US,38.2149,-85.6245,62835,Bahringer LLC,04/01/2022
314,Edy,Searles,esearles8p@wikipedia.org,Female,1999,Toyota,Celica,San Francisco,California,94169,US,37.7848,-122.7278,73002,Funk LLC,05/24/2022
315,Elora,Greschke,egreschke8q@purevolume.com,Female,2003,Nissan,Sentra,Philadelphia,Pennsylvania,19191,US,40.0018,-75.1179,84538,"Ryan, Schowalter and Hettinger",11/28/2024
316,Leanora,Aindriu,laindriu8r@furl.net,Female,2007,Lotus,Elise,Dayton,Ohio,45454,US,39.7505,-84.2686,30919,Larson LLC,01/08/2025
317,Torre,Tregoning,ttregoning8s@e-recht24.de,Male,2001,Chrysler,LHS,Austin,Texas,78737,US,30.2107,-97.9427,59898,Armstrong Inc,03/16/2023
318,Helaine,Acey,hacey8t@ycombinator.com,Female,1993,Plymouth,Laser,Lexington,Kentucky,40515,US,37.9651,-84.4708,99067,Hilpert-Bashirian,04/10/2022
319,Scotti,Hulance,shulance8u@guardian.co.uk,Genderfluid,1995,Toyota,Celica,Columbia,Missouri,65218,US,38.9033,-92.1022,49927,"Jenkins, Bradtke and Grant",05/10/2024
320,Humbert,Joy,hjoy8v@furl.net,Male,2010,Scion,xB,Schaumburg,Illinois,60193,US,42.0144,-88.0935,52548,"Champlin, Larson and Stamm",05/19/2022
321,Alexandros,Rummin,arummin8w@e-recht24.de,Male,2004,Ford,Excursion,Asheville,North Carolina,28815,US,35.6203,-82.5286,56382,Dibbert Group,08/06/2023
322,Granthem,Yokel,gyokel8x@mtv.com,Male,2005,Cadillac,Escalade ESV,Bronx,New York,10474,US,40.8139,-73.8841,65675,Lynch-Wyman,05/28/2024
323,Tanitansy,Bordman,tbordman8y@utexas.edu,Female,2007,Jeep,Wrangler,New York City,New York,10105,US,40.7628,-73.9785,58850,"Larkin, Block and Langworth",01/23/2026
324,Justus,Kleinmintz,jkleinmintz8z@canalblog.com,Male,1999,Acura,Integra,Berkeley,California,94705,US,37.8571,-122.25,83230,Klocko-Weissnat,11/20/2025
325,Pepillo,Penhallurick,ppenhallurick90@flickr.com,Polygender,2001,Ford,Th!nk,Erie,Pennsylvania,16505,US,42.1109,-80.1534,69271,Berge-VonRueden,05/09/2023
326,Barbee,Pablos,bpablos91@wix.com,Agender,1997,Toyota,Previa,Washington,District of Columbia,20260,US,38.8933,-77.0146,90820,"Ratke, Becker and Sawayn",12/08/2023
327,Gill,Mathonnet,gmathonnet92@blog.com,Male,1999,Oldsmobile,Cutlass,Minneapolis,Minnesota,55446,US,45.04,-93.4865,60349,"Schaden, Kohler and Braun",05/08/2023
328,Antonie,Whapham,awhapham93@alibaba.com,Female,2005,Pontiac,Aztek,Spring,Texas,77388,US,30.0505,-95.4695,53966,"McLaughlin, Miller and Morissette",02/21/2023
329,Lamond,Greenhalf,lgreenhalf94@irs.gov,Male,1997,Lexus,GS,Charlotte,North Carolina,28278,US,35.2072,-80.9568,64598,Bergnaum-Mueller,09/06/2023
330,Cherin,Gallant,cgallant95@mac.com,Female,2001,Mitsubishi,Lancer,Austin,Texas,78764,US,30.4455,-97.6595,91049,Runolfsson-Greenfelder,05/28/2022
331,Hyacinthie,Igounet,higounet96@examiner.com,Female,2010,Infiniti,G,Portland,Oregon,97240,US,45.5806,-122.3748,71739,"Bernier, Watsica and Windler",12/04/2022
332,Glynnis,De la Yglesia,gdelayglesia97@zdnet.com,Female,1984,Ford,E150,Cincinnati,Ohio,45223,US,39.1696,-84.5478,49720,Oberbrunner-Turcotte,05/02/2023
333,Madalyn,Stopher,mstopher98@ucoz.ru,Female,1995,Nissan,Pathfinder,Phoenix,Arizona,85062,US,33.2765,-112.1872,71080,Brekke Group,11/15/2025
334,Wilmar,Spragg,wspragg99@yale.edu,Male,2004,Chevrolet,Silverado 2500,San Diego,California,92110,US,32.7635,-117.2028,35259,Spencer LLC,03/24/2022
335,Brittani,Le Grys,blegrys9a@hud.gov,Female,1990,Audi,V8,Duluth,Minnesota,55805,US,46.7987,-92.0946,62048,"West, Feeney and Sauer",02/24/2024
336,Shelton,Ainslee,sainslee9b@purevolume.com,Male,1995,Hummer,H1,Miami,Florida,33111,US,25.5584,-80.4582,54937,Prohaska LLC,05/11/2024
337,Ebonee,Wrankling,ewrankling9c@facebook.com,Female,1999,Dodge,Ram Van 1500,Shreveport,Louisiana,71115,US,32.3401,-93.6092,90801,"Carroll, Kuvalis and Stoltenberg",01/20/2026
338,Dayle,Barke,dbarke9d@opensource.org,Female,2013,BMW,X6 M,Phoenix,Arizona,85072,US,33.2765,-112.1872,60530,Kemmer Group,02/24/2025
339,Amelia,Westerman,awesterman9e@skyrock.com,Female,2005,Pontiac,GTO,New York City,New York,10060,US,40.7808,-73.9772,60137,"Buckridge, Hansen and Huel",04/14/2023
340,Adlai,Britt,abritt9f@hibu.com,Male,1996,BMW,7 Series,Jacksonville,Florida,32259,US,30.0956,-81.6217,93426,"Kiehn, Wolff and Douglas",09/30/2025
341,Ricki,Decourt,rdecourt9g@disqus.com,Male,1990,Mercedes-Benz,SL-Class,El Paso,Texas,88579,US,31.6948,-106.3,87493,O'Hara-Haley,03/30/2025
342,Eolande,Unthank,eunthank9h@omniture.com,Female,2005,Chevrolet,SSR,Denver,Colorado,80270,US,39.7388,-104.4083,91156,"Krajcik, VonRueden and Harris",09/23/2025
343,Toby,Nairne,tnairne9i@salon.com,Male,1989,Subaru,XT,Colorado Springs,Colorado,80915,US,38.8558,-104.7134,83748,Dickinson Inc,05/15/2023
344,Madelin,Marchent,mmarchent9j@fastcompany.com,Bigender,2007,Panoz,Esperante,Saint Louis,Missouri,63126,US,38.5495,-90.3811,75163,"Purdy, Paucek and Purdy",05/26/2022
345,Wilmer,Willas,wwillas9k@weather.com,Male,2006,Acura,TL,Richmond,Virginia,23293,US,37.5242,-77.4932,67299,Skiles LLC,05/04/2023
346,Juliet,Arderne,jarderne9l@goo.ne.jp,Female,2005,Chrysler,PT Cruiser,Memphis,Tennessee,38150,US,35.2017,-89.9715,87998,"Greenfelder, Bernhard and Ledner",02/22/2022
347,Juliana,Burrells,jburrells9m@dion.ne.jp,Female,2002,Lincoln,Blackwood,Las Cruces,New Mexico,88006,US,32.3052,-106.7863,97973,"Rempel, O'Reilly and Kemmer",01/23/2023
348,Sheelah,Iacopetti,siacopetti9n@ft.com,Female,1992,Jeep,Comanche,Oakland,California,94660,US,37.6802,-121.9215,71262,Auer LLC,06/26/2023
349,Maurizia,Rainford,mrainford9o@nature.com,Female,2007,GMC,Yukon XL 2500,Fort Worth,Texas,76115,US,32.6796,-97.3336,80394,Skiles-Dooley,12/26/2024
350,Lenora,Cottey,lcottey9p@ovh.net,Bigender,1997,Hyundai,Elantra,Tampa,Florida,33605,US,27.9671,-82.4334,35778,"Dibbert, Lehner and Jacobi",12/12/2024
351,Albertine,Turneux,aturneux9q@harvard.edu,Female,2010,Audi,A6,Erie,Pennsylvania,16505,US,42.1109,-80.1534,93171,Wisozk and Sons,07/05/2024
352,Jeanie,Devon,jdevon9r@opensource.org,Female,1988,Mercury,Cougar,Honolulu,Hawaii,96835,US,21.3278,-157.8294,78701,Lind-Frami,01/19/2023
353,Robbie,Glanester,rglanester9s@bluehost.com,Female,2001,Mazda,B2500,San Jose,California,95160,US,37.2187,-121.8601,50105,Ritchie-Kilback,11/03/2025
354,Mab,MacBrearty,mmacbrearty9t@reuters.com,Genderqueer,2006,Honda,Pilot,Denver,Colorado,80299,US,39.7388,-104.4083,84232,Swaniawski Inc,07/23/2023
355,Silvain,Friese,sfriese9u@biblegateway.com,Male,2001,Jeep,Grand Cherokee,Apache Junction,Arizona,85219,US,33.3616,-111.2795,39891,"Torphy, Thompson and Sanford",10/08/2025
356,Tremaine,Banton,tbanton9v@dion.ne.jp,Non-binary,2010,Dodge,Avenger,Las Vegas,Nevada,89166,US,36.3265,-115.3398,91155,Denesik-Tillman,11/12/2023
357,Kimberlyn,Guidera,kguidera9w@ucsd.edu,Female,1984,Buick,Electra,Las Vegas,Nevada,89115,US,36.2158,-115.0671,41781,Hettinger-Wolff,10/25/2024
358,Bret,Shwenn,bshwenn9x@instagram.com,Male,1989,Subaru,Legacy,Peoria,Illinois,61605,US,40.6775,-89.6263,84391,Kozey Group,09/28/2025
359,Orly,Isaacson,oisaacson9y@flickr.com,Female,1992,Audi,S4,Salt Lake City,Utah,84170,US,40.6681,-111.9083,64376,"Harris, Koelpin and Kulas",04/23/2024
360,Andriana,Maypes,amaypes9z@so-net.ne.jp,Female,2005,Suzuki,Aerio,Columbia,South Carolina,29203,US,34.0635,-81.0265,74983,Simonis Group,08/25/2022
361,Onofredo,Harkins,oharkinsa0@about.com,Male,1992,Ford,Thunderbird,Knoxville,Tennessee,37914,US,35.9918,-83.8496,63062,Rice LLC,10/01/2022
362,Storm,Baty,sbatya1@taobao.com,Female,2005,Honda,Civic,Dallas,Texas,75265,US,32.7673,-96.7776,98895,Jakubowski-Mertz,06/17/2023
363,Ashbey,Klemke,aklemkea2@linkedin.com,Non-binary,1999,Plymouth,Prowler,Albuquerque,New Mexico,87115,US,35.0549,-106.5461,91295,Green LLC,03/04/2024
364,Muffin,Brockest,mbrockesta3@dagondesign.com,Female,2007,Ford,GT500,Indianapolis,Indiana,46247,US,39.7795,-86.1328,84418,"Waelchi, Will and Nader",09/28/2022
365,Cornie,Delcastel,cdelcastela4@samsung.com,Genderqueer,2007,Chrysler,PT Cruiser,Abilene,Texas,79699,US,32.4665,-99.7117,58922,"Jacobs, Emard and Pagac",01/16/2025
366,Berenice,Pretsel,bpretsela5@hhs.gov,Female,2006,Dodge,Dakota,Fort Wayne,Indiana,46857,US,41.0938,-85.0707,47410,Hane Group,08/07/2024
367,Dagny,Bahlmann,dbahlmanna6@wsj.com,Male,2009,Lamborghini,Gallardo,Sacramento,California,94297,US,38.3774,-121.4444,32049,"Orn, Hoeger and Waters",08/19/2024
368,Dania,Rippingall,drippingalla7@foxnews.com,Female,2009,Ford,Escape,Milwaukee,Wisconsin,53225,US,43.1154,-88.0346,47133,Upton Inc,05/11/2025
369,Holt,Mannakee,hmannakeea8@mashable.com,Male,2010,Volkswagen,Jetta,Boca Raton,Florida,33499,US,26.6459,-80.4303,75776,"Prohaska, Dooley and Bosco",11/17/2023
370,Fanechka,Gilleon,fgilleona9@amazon.co.jp,Female,2003,Lincoln,LS,Alexandria,Virginia,22313,US,38.8158,-77.09,65140,Dibbert-Jones,06/05/2022
371,Bryna,Heskins,bheskinsaa@oracle.com,Female,2003,Pontiac,Bonneville,Little Rock,Arkansas,72209,US,34.6725,-92.3529,40677,Emard Inc,09/18/2025
372,Janina,Semrad,jsemradab@photobucket.com,Female,2009,Maserati,GranTurismo,New York City,New York,10009,US,40.7262,-73.9796,59731,Morissette-Schneider,01/04/2024
373,Clemmie,Niven,cnivenac@google.ca,Male,2008,Saturn,Outlook,Sioux City,Iowa,51110,US,42.4011,-96.372,50799,Kassulke-Predovic,02/19/2024
374,Harlan,Gantzer,hgantzerad@opensource.org,Male,2002,Mazda,MX-5,Bloomington,Illinois,61709,US,40.4614,-88.953,54536,"Jenkins, Boyer and Zulauf",04/08/2022
375,Gare,Ongin,gonginae@zdnet.com,Male,1997,Chrysler,Sebring,Dallas,Texas,75221,US,32.8147,-96.7877,74168,Crist-Kautzer,10/01/2022
376,Edi,Martinelli,emartinelliaf@forbes.com,Female,1994,Mitsubishi,Chariot,Fullerton,California,92835,US,33.8994,-117.9063,89717,Robel LLC,09/22/2024
377,Brigg,Frisel,bfriselag@jalbum.net,Bigender,2011,Chevrolet,Tahoe,Kingsport,Tennessee,37665,US,36.5799,-82.5733,98467,Nikolaus Group,05/16/2022
378,Almeria,Dukesbury,adukesburyah@jimdo.com,Female,1993,Buick,Century,South Bend,Indiana,46614,US,41.6255,-86.2433,91086,"Torp, Schultz and Crist",12/08/2025
379,Dido,Huntall,dhuntallai@typepad.com,Female,2002,Kia,Rio,Dallas,Texas,75210,US,32.7699,-96.743,67057,Dickinson-Kutch,08/08/2025
380,Joceline,Haccleton,jhaccletonaj@altervista.org,Female,2002,Mitsubishi,Montero,Memphis,Tennessee,38131,US,35.0664,-89.9921,97281,Stokes LLC,05/23/2023
381,Beilul,Witham,bwithamak@biglobe.ne.jp,Female,1987,Mercury,Topaz,Kansas City,Missouri,64190,US,39.3432,-94.8516,91177,Koelpin-Murray,03/05/2025
382,Dominic,Targett,dtargettal@upenn.edu,Male,2007,Land Rover,Discovery,Baltimore,Maryland,21281,US,39.2847,-76.6205,72989,Trantow LLC,07/31/2023
383,Skell,Charlin,scharlinam@gnu.org,Male,2010,Audi,A6,Omaha,Nebraska,68197,US,41.249,-96.0274,58127,Schulist-Marquardt,01/19/2023
384,Marchall,Fransson,mfranssonan@meetup.com,Male,1999,GMC,Sierra 2500,Baltimore,Maryland,21282,US,39.439,-76.5921,54618,Hilpert-Lemke,12/12/2022
385,Boony,Filyakov,bfilyakovao@sohu.com,Agender,1995,GMC,Safari,San Antonio,Texas,78250,US,29.5054,-98.6688,30232,Schuppe and Sons,09/15/2024
386,Frederigo,Piscopiello,fpiscopielloap@ft.com,Male,1992,Chevrolet,Astro,Young America,Minnesota,55573,US,45.0159,-93.4719,56990,Bins Inc,08/06/2023
387,Tish,Zecchii,tzecchiiaq@biglobe.ne.jp,Female,1998,Saab,900,Louisville,Kentucky,40250,US,38.189,-85.6768,89182,"Hyatt, Buckridge and Nitzsche",08/23/2024
388,Hy,deKnevet,hdeknevetar@gmpg.org,Male,2000,Volkswagen,Eurovan,Stamford,Connecticut,06922,US,41.0516,-73.5143,76724,Zieme and Sons,12/25/2022
389,Ashien,MacDonnell,amacdonnellas@pagesperso-orange.fr,Female,1995,Oldsmobile,Silhouette,Carol Stream,Illinois,60158,US,41.9166,-88.1208,74184,Tremblay Inc,08/29/2025
390,Berte,Wilmington,bwilmingtonat@unesco.org,Female,2007,Isuzu,i-Series,Amarillo,Texas,79165,US,35.4015,-101.8951,83768,Ratke-Dickens,01/08/2024
391,Harmonie,Halgarth,hhalgarthau@google.nl,Female,1990,Audi,100,Houston,Texas,77010,US,29.7543,-95.3609,60348,Gibson-Ortiz,08/22/2025
392,Lay,Rivard,lrivardav@nifty.com,Male,1987,Mercury,Topaz,Bridgeport,Connecticut,06673,US,41.3089,-73.3637,67451,Greenfelder-Lemke,02/03/2025
393,Miquela,Heugel,mheugelaw@unblog.fr,Female,2000,Jeep,Wrangler,Detroit,Michigan,48242,US,42.2166,-83.3532,37728,Fahey and Sons,07/29/2022
394,Meier,Muddimer,mmuddimerax@lulu.com,Male,2001,Plymouth,Neon,Peoria,Illinois,61605,US,40.6775,-89.6263,63810,Buckridge-Jacobson,03/20/2024
395,Addia,Pharoah,apharoahay@earthlink.net,Female,2012,Mercedes-Benz,S-Class,Boston,Massachusetts,02114,US,42.3611,-71.0682,94938,"Reichel, Lubowitz and Monahan",01/02/2024
396,Rice,Haffard,rhaffardaz@goo.gl,Male,2005,BMW,325,Dallas,Texas,75236,US,32.69,-96.9177,98745,"MacGyver, Fahey and Klocko",04/09/2024
397,Ranique,Mellody,rmellodyb0@chronoengine.com,Female,1985,Saab,900,Corpus Christi,Texas,78465,US,27.777,-97.4632,98493,Adams LLC,05/30/2024
398,Karel,Lazar,klazarb1@imdb.com,Polygender,1992,Mercedes-Benz,400E,Kansas City,Missouri,64187,US,39.035,-94.3567,41830,"Maggio, McClure and Baumbach",01/06/2025
399,Leone,Camelin,lcamelinb2@telegraph.co.uk,Agender,2007,GMC,Savana 3500,Houston,Texas,77234,US,29.834,-95.4342,74134,Braun-Gutkowski,06/25/2024
400,Rosabelle,Brunsden,rbrunsdenb3@nymag.com,Female,1997,Mazda,B-Series Plus,Bronx,New York,10459,US,40.8247,-73.894,57087,Strosin Inc,04/18/2023
401,Georgie,Ohrt,gohrtb4@wunderground.com,Female,2003,Mercury,Grand Marquis,Montgomery,Alabama,36114,US,32.404,-86.2539,37802,Johns Inc,10/17/2022
402,Izzy,Domm,idommb5@youtu.be,Male,2008,BMW,M5,New York City,New York,10060,US,40.7808,-73.9772,44403,Kirlin LLC,02/02/2024
403,Domeniga,Matanin,dmataninb6@yellowbook.com,Female,1996,Hyundai,Accent,Fort Wayne,Indiana,46862,US,41.0938,-85.0707,39472,Miller Inc,05/04/2024
404,Alon,Jacobsz,ajacobszb7@usgs.gov,Male,2008,Hyundai,Elantra,Erie,Pennsylvania,16550,US,42.1827,-80.0649,54437,Bernier-Berge,08/05/2024
405,Chandra,Goreisr,cgoreisrb8@hubpages.com,Female,1999,Chevrolet,1500,Newark,New Jersey,07112,US,40.7107,-74.2131,83589,"Runolfsson, Hilll and O'Kon",04/22/2023
406,Thoma,Desquesnes,tdesquesnesb9@nbcnews.com,Male,1978,Toyota,Celica,Buffalo,New York,14215,US,42.9335,-78.8115,59936,"Abshire, Mitchell and Feeney",03/27/2025
407,Jenelle,Le Page,jlepageba@omniture.com,Female,1993,Cadillac,Eldorado,Charleston,South Carolina,29403,US,32.7976,-79.9493,57670,Crona and Sons,03/13/2023
408,Jefferson,Banker,jbankerbb@businessweek.com,Male,2007,Lexus,RX,El Paso,Texas,79945,US,31.6948,-106.3,41734,Kub Inc,05/07/2023
409,Tyne,Grimston,tgrimstonbc@ifeng.com,Female,2008,Cadillac,XLR,Jacksonville,Florida,32255,US,30.287,-81.3893,65553,Ferry-Kilback,08/12/2022
410,Ruddie,Ferres,rferresbd@irs.gov,Male,1957,BMW,600,Cincinnati,Ohio,45264,US,39.1668,-84.5382,81698,Hamill-Kshlerin,05/17/2024
411,Gayleen,Malenoir,gmalenoirbe@ucla.edu,Female,2010,Ford,F150,Richmond,Virginia,23203,US,37.5593,-77.4471,34707,"Carter, MacGyver and Gleason",12/15/2022
412,Kittie,Hazeley,khazeleybf@exblog.jp,Non-binary,2003,Honda,Civic GX,Oklahoma City,Oklahoma,73147,US,35.5514,-97.4075,97626,Blanda LLC,07/30/2022
413,Denver,Dovydenas,ddovydenasbg@technorati.com,Male,1994,Mitsubishi,Diamante,Mobile,Alabama,36605,US,30.6341,-88.0846,83351,Kuphal LLC,11/30/2022
414,Myrtie,Braddon,mbraddonbh@spotify.com,Female,1997,Honda,Prelude,Youngstown,Ohio,44555,US,41.1039,-80.6436,57887,Stokes-Hand,08/17/2024
415,Lindi,McIlvoray,lmcilvoraybi@house.gov,Female,1989,Mazda,RX-7,Phoenix,Arizona,85015,US,33.5082,-112.1011,75553,Okuneva LLC,12/24/2022
416,Nerita,Lineker,nlinekerbj@mashable.com,Female,1984,Mazda,626,Lexington,Kentucky,40591,US,38.0283,-84.4715,99623,"Hoppe, Schinner and Cartwright",09/19/2024
417,Mort,Grieg,mgriegbk@elpais.com,Male,2010,Cadillac,SRX,Fresno,California,93709,US,36.7464,-119.6397,61896,Kutch-Fay,11/16/2023
418,Blanca,Gallihawk,bgallihawkbl@google.fr,Female,2001,Ford,E-Series,Hialeah,Florida,33013,US,25.8594,-80.2725,71446,Kling LLC,12/04/2025
419,Willard,Woodrooffe,wwoodrooffebm@mashable.com,Bigender,2001,Daewoo,Nubira,Savannah,Georgia,31405,US,32.0391,-81.1242,73291,"Parker, Wiegand and MacGyver",10/23/2022
420,Lockwood,Allden,lalldenbn@google.es,Male,1992,Audi,V8,Trenton,New Jersey,08619,US,40.2418,-74.6962,94131,"Williamson, Becker and Lind",03/01/2023
421,Chrysler,Goodey,cgoodeybo@merriam-webster.com,Female,2011,Toyota,Highlander,Jacksonville,Florida,32244,US,30.2231,-81.7556,38209,Kuhic-Rowe,02/08/2023
422,Marlena,Saiz,msaizbp@earthlink.net,Female,2008,Mercedes-Benz,CLK-Class,Hagerstown,Maryland,21747,US,39.5207,-77.9162,75109,Monahan and Sons,05/03/2022
423,Dosi,Jansa,djansabq@homestead.com,Female,2012,Kia,Sportage,West Hartford,Connecticut,06127,US,41.7918,-72.7188,38155,"Feest, Herman and Kassulke",08/16/2023
424,Artair,Frowing,afrowingbr@umich.edu,Male,1995,Pontiac,Grand Prix,Pittsburgh,Pennsylvania,15261,US,40.4344,-80.0248,95840,Kutch-McDermott,05/29/2023
425,Bailey,Bene,bbenebs@bravesites.com,Male,2003,MINI,Cooper,Seattle,Washington,98140,US,47.4323,-121.8034,42334,Spinka Inc,10/17/2022
426,Timmie,Wootton,twoottonbt@google.com,Female,2003,Chevrolet,Suburban 1500,Newport Beach,California,92662,US,33.6062,-117.8931,40383,"Reinger, Hilpert and Haley",09/26/2023
427,Tracy,Dubois,tduboisbu@cbc.ca,Female,2001,Toyota,Tundra,Birmingham,Alabama,35220,US,33.5446,-86.9292,72039,Brown-Raynor,03/02/2025
428,Griffith,Durante,gdurantebv@over-blog.com,Male,1993,Mercury,Capri,Spokane,Washington,99210,US,47.6536,-117.4317,92170,Conroy-Breitenberg,01/16/2024
429,Daniella,Crafter,dcrafterbw@addtoany.com,Female,1992,Dodge,D350 Club,Lansing,Michigan,48901,US,42.5992,-84.372,56963,"Maggio, Bartell and Graham",02/16/2024
430,Rockey,Pawley,rpawleybx@soundcloud.com,Male,1995,Mitsubishi,GTO,Lexington,Kentucky,40596,US,38.0283,-84.4715,68364,"O'Conner, Sporer and Greenholt",09/04/2024
431,Barbabra,Oldland,boldlandby@hubpages.com,Female,2011,Infiniti,G25,El Paso,Texas,88558,US,31.6948,-106.3,95796,"Williamson, Blick and Hoppe",11/15/2024
432,Kiley,Syred,ksyredbz@geocities.jp,Male,2005,Saturn,L-Series,Phoenix,Arizona,85077,US,33.2765,-112.1872,40863,Mann-Cruickshank,11/19/2025
433,Jo,Leimster,jleimsterc0@si.edu,Female,2006,Kia,Sorento,Little Rock,Arkansas,72209,US,34.6725,-92.3529,60711,Leffler-Hills,08/21/2025
434,Renard,Britee,rbriteec1@youtu.be,Male,1992,GMC,2500,Roanoke,Virginia,24029,US,37.2742,-79.9579,61105,"Wisozk, Botsford and Yundt",07/25/2025
435,Cassius,Cunradi,ccunradic2@hhs.gov,Male,2006,Ford,Thunderbird,Norfolk,Virginia,23509,US,36.8787,-76.2604,69204,"Zboncak, Larkin and Brakus",07/06/2023
436,Vanna,Rycroft,vrycroftc3@reference.com,Female,1993,Jeep,Cherokee,Charlotte,North Carolina,28220,US,35.26,-80.8042,35209,Stamm Inc,03/25/2022
437,Jessalin,Maw,jmawc4@nba.com,Female,2006,BMW,7 Series,Philadelphia,Pennsylvania,19093,US,40.0018,-75.1179,54371,"Schmidt, Bartoletti and Hahn",10/10/2024
438,Doria,Clee,dcleec5@paypal.com,Female,2006,Chevrolet,Uplander,Fort Worth,Texas,76178,US,32.7714,-97.2915,83959,"Morissette, Collier and Goyette",01/12/2024
439,Caren,Beggi,cbeggic6@acquirethisname.com,Female,2001,Audi,A8,Columbus,Ohio,43268,US,39.969,-83.0114,34873,Cormier Group,05/17/2022
440,Petunia,Scotts,pscottsc7@virginia.edu,Female,1998,GMC,Savana 2500,Burbank,California,91520,US,34.1869,-118.348,35620,"Cole, Franecki and Zieme",01/08/2024
441,Estrella,Scholling,eschollingc8@icio.us,Female,1992,Chrysler,Fifth Ave,Augusta,Georgia,30911,US,33.386,-82.091,34307,Waelchi-Labadie,11/06/2024
442,Sebastien,Colebourne,scolebournec9@netvibes.com,Male,2010,Audi,A5,Odessa,Texas,79764,US,31.8767,-102.4375,51041,Murphy-Abbott,09/09/2025
443,Andie,Aggiss,aaggissca@wikimedia.org,Male,1998,Chevrolet,Suburban 1500,Dayton,Ohio,45454,US,39.7505,-84.2686,93949,Heller-Gibson,01/31/2024
444,Jefferson,Elen,jelencb@alibaba.com,Genderfluid,1992,Mazda,Miata MX-5,Lexington,Kentucky,40524,US,38.0283,-84.4715,58516,Trantow-Hoeger,05/22/2022
445,Henrietta,Weinham,hweinhamcc@soup.io,Female,1998,Nissan,200SX,Midland,Texas,79710,US,31.8693,-102.0317,60594,West-Bruen,10/01/2022
446,Liliane,Okenden,lokendencd@cocolog-nifty.com,Female,1994,Mercury,Villager,Houston,Texas,77228,US,29.834,-95.4342,68631,Fahey-Stark,02/05/2025
447,Grover,Sibbson,gsibbsonce@google.co.uk,Male,2009,Mitsubishi,Lancer,Salt Lake City,Utah,84170,US,40.6681,-111.9083,42681,Connelly Inc,05/07/2024
448,Dimitry,Teek,dteekcf@globo.com,Male,1987,Subaru,Brat,Humble,Texas,77346,US,30.0042,-95.1728,41534,Macejkovic Inc,11/06/2023
449,Wadsworth,Ranvoise,wranvoisecg@businessinsider.com,Male,2012,Toyota,Yaris,Rockford,Illinois,61105,US,42.3254,-89.1705,62175,Legros LLC,07/30/2024
450,Fonzie,Briance,fbriancech@mapquest.com,Male,2006,Chevrolet,Uplander,Birmingham,Alabama,35295,US,33.5446,-86.9292,88608,Weber Inc,10/06/2022
451,Salmon,Bizzey,sbizzeyci@ftc.gov,Male,2009,Saab,9-5,Grand Junction,Colorado,81505,US,39.1071,-108.5968,31521,Stracke Group,12/25/2025
452,Timi,Calyton,tcalytoncj@senate.gov,Female,2012,Bentley,Continental,Miami,Florida,33283,US,25.5584,-80.4582,58743,Little Group,06/30/2022
453,Vinny,Facey,vfaceyck@mapquest.com,Male,1995,Dodge,Ram 2500,Jersey City,New Jersey,07305,US,40.702,-74.089,72210,Kunde and Sons,05/14/2022
454,Boycey,Spoole,bspoolecl@youtu.be,Male,2012,Honda,CR-Z,Reading,Pennsylvania,19610,US,40.338,-75.978,81118,Jerde Group,03/29/2025
455,Vonny,Blasgen,vblasgencm@globo.com,Female,1996,Dodge,Ram 3500,Tucson,Arizona,85705,US,32.2691,-110.9845,33040,Ritchie Group,08/22/2025
456,Nonie,Inskipp,ninskippcn@msu.edu,Bigender,1992,GMC,Sonoma Club,San Antonio,Texas,78250,US,29.5054,-98.6688,48370,Buckridge-Hoppe,04/14/2022
457,Bette-ann,Glaze,bglazeco@vkontakte.ru,Female,2008,Saturn,VUE,Atlanta,Georgia,30386,US,33.8444,-84.474,64125,Waelchi LLC,05/24/2024
458,Lynnea,Beagles,lbeaglescp@msu.edu,Female,1993,Suzuki,Sidekick,Wichita,Kansas,67230,US,37.6808,-97.1558,94501,Zboncak Inc,03/10/2024
459,Jose,Abrahami,jabrahamicq@geocities.jp,Male,2007,Lincoln,Navigator L,Manchester,New Hampshire,03105,US,42.9521,-71.6539,48643,Rath-Pollich,03/10/2024
460,Ophelie,McHugh,omchughcr@miibeian.gov.cn,Non-binary,2002,Chrysler,Prowler,Salt Lake City,Utah,84115,US,40.7145,-111.8931,99990,Koelpin-Huels,01/14/2023
461,Kat,Joncic,kjonciccs@berkeley.edu,Female,2004,Mercedes-Benz,SLK-Class,Trenton,New Jersey,08650,US,40.2805,-74.712,37881,"Casper, Grant and Herzog",02/01/2022
462,Torin,Waddie,twaddiect@etsy.com,Male,2005,Lincoln,Aviator,Spokane,Washington,99260,US,47.6536,-117.4317,43202,"Dach, Herman and Dickinson",06/18/2022
463,Brandy,Henderson,bhendersoncu@youtube.com,Male,1996,Ford,Ranger,San Diego,California,92153,US,33.0169,-116.846,34156,Streich-Runolfsdottir,04/11/2024
464,Isobel,Marris,imarriscv@ucla.edu,Female,2012,Aston Martin,V12 Vantage,Palatine,Illinois,60078,US,41.8119,-87.6873,43272,"Monahan, Toy and Aufderhar",02/17/2025
465,Alair,Suermeier,asuermeiercw@symantec.com,Male,1985,Volkswagen,GTI,Tulsa,Oklahoma,74184,US,36.1398,-96.0297,92027,Daugherty Group,11/23/2023
466,Lonnie,O'Murtagh,lomurtaghcx@imgur.com,Female,1996,Nissan,200SX,New Haven,Connecticut,06533,US,41.3657,-72.9275,43705,"Leuschke, Rice and Dicki",10/10/2025
467,Paloma,Kingett,pkingettcy@stanford.edu,Female,2007,Lincoln,Town Car,Dallas,Texas,75241,US,32.6722,-96.7774,48044,Gutmann and Sons,04/17/2023
468,Shurlock,Vanyushin,svanyushincz@google.co.uk,Male,2011,Honda,Fit,Oklahoma City,Oklahoma,73157,US,35.5514,-97.4075,84248,Abbott Group,09/08/2023
469,Nappie,Teresse,nteressed0@taobao.com,Genderfluid,2007,Saturn,Aura,Louisville,Kentucky,40250,US,38.189,-85.6768,41009,"Baumbach, Hudson and Zboncak",03/30/2023
470,Elias,Rowlings,erowlingsd1@earthlink.net,Male,2005,Ford,Ranger,Houston,Texas,77260,US,29.7687,-95.3867,43969,Brekke-Kovacek,04/18/2025
471,Dewie,Baldi,dbaldid2@walmart.com,Male,1988,Ford,Tempo,Richmond,Virginia,23203,US,37.5593,-77.4471,68210,Tillman-Considine,06/26/2023
472,Flori,Bulluck,fbulluckd3@netscape.com,Female,2006,GMC,Savana 2500,Saint Louis,Missouri,63196,US,38.6531,-90.2435,70265,"Feest, Towne and Stehr",07/28/2023
473,Steffi,Amburgy,samburgyd4@cyberchimps.com,Agender,1985,Pontiac,Grand Prix,Denver,Colorado,80204,US,39.734,-105.0259,68327,Dach-Schamberger,03/20/2022
474,Wileen,Ranklin,wranklind5@chron.com,Female,1989,Ford,Taurus,Phoenix,Arizona,85030,US,33.2765,-112.1872,57767,"Kautzer, Daugherty and Swift",02/18/2023
475,Ynez,Pickburn,ypickburnd6@netvibes.com,Bigender,2006,Mercedes-Benz,G55 AMG,Dallas,Texas,75231,US,32.8756,-96.7495,30957,"Funk, Murazik and Yundt",08/12/2025
476,Aldis,Kensitt,akensittd7@exblog.jp,Male,1998,GMC,1500 Club Coupe,Norfolk,Virginia,23520,US,36.9312,-76.2397,36379,Donnelly-Hettinger,11/13/2024
477,Hoyt,Scrannage,hscrannaged8@google.ca,Male,1985,Toyota,MR2,Fort Myers,Florida,33994,US,26.5529,-81.9486,68613,Kulas LLC,09/24/2025
478,Claudia,Stonebanks,cstonebanksd9@umich.edu,Female,2002,Acura,TL,Brooklyn,New York,11247,US,40.6451,-73.945,96668,Bosco and Sons,10/19/2023
479,Harmon,Dignan,hdignanda@ebay.co.uk,Male,2007,Jaguar,XK,Richmond,Virginia,23237,US,37.4011,-77.4615,51336,Senger-Romaguera,05/02/2025
480,Konstantin,Hutchins,khutchinsdb@wufoo.com,Male,1994,Isuzu,Amigo,Albany,New York,12232,US,42.6149,-73.9708,45773,Blanda-Bins,03/31/2023
481,Emilio,Keveren,ekeverendc@paginegialle.it,Male,2011,Dodge,Journey,Tampa,Florida,33633,US,27.872,-82.4388,56225,Johns-Weber,05/17/2022
482,Kristoforo,Kitt,kkittdd@wikimedia.org,Male,2000,Jeep,Wrangler,Waltham,Massachusetts,02453,US,42.3654,-71.2316,43518,Kerluke-Howell,07/21/2023
483,Ase,Beardwell,abeardwellde@imdb.com,Male,2007,Hyundai,Tucson,Lynchburg,Virginia,24515,US,37.4009,-79.1785,87939,Metz LLC,07/19/2023
484,Collete,Bussy,cbussydf@guardian.co.uk,Female,2009,Porsche,911,San Antonio,Texas,78230,US,29.5407,-98.5521,34297,Johnson-Hilll,04/09/2022
485,Cynthia,Officer,cofficerdg@blogtalkradio.com,Non-binary,1994,GMC,Safari,Frederick,Maryland,21705,US,39.47,-77.3921,39155,Jacobson LLC,12/28/2023
486,Heida,Kibbye,hkibbyedh@cdc.gov,Female,1994,GMC,Jimmy,Washington,District of Columbia,20078,US,38.8933,-77.0146,57753,Little LLC,03/12/2022
487,Cleon,Hammell,chammelldi@nhs.uk,Male,1994,Chevrolet,Lumina,Greensboro,North Carolina,27499,US,36.0807,-80.0244,97614,Block Inc,01/13/2026
488,Bradan,Bisco,bbiscodj@accuweather.com,Male,1984,Ford,Bronco,New York City,New York,10029,US,40.7918,-73.9448,36095,Kozey Inc,01/16/2023
489,Latrena,Murison,lmurisondk@oakley.com,Female,2009,Mitsubishi,Galant,Denver,Colorado,80279,US,39.7388,-104.4083,41615,Heidenreich and Sons,09/18/2024
490,Miranda,Bloys,mbloysdl@t-online.de,Female,2005,Honda,Insight,Zephyrhills,Florida,33543,US,28.2059,-82.3063,56444,Jaskolski Group,03/09/2025
491,Tiffanie,La Grange,tlagrangedm@ebay.com,Female,2012,Tesla,Model S,Hampton,Virginia,23668,US,37.0206,-76.3377,75632,Fisher-McClure,11/10/2022
492,Marcellina,Kermit,mkermitdn@google.com.au,Female,2005,Suzuki,Daewoo Magnus,Wilmington,Delaware,19805,US,39.7434,-75.5827,37903,Windler Inc,05/21/2024
493,Bianka,Serrell,bserrelldo@usda.gov,Female,2008,Jaguar,XK,Austin,Texas,78778,US,30.3264,-97.7713,89318,Toy Group,01/03/2024
494,Shirleen,Foystone,sfoystonedp@vkontakte.ru,Female,2010,BMW,X6,San Francisco,California,94177,US,37.7848,-122.7278,91333,"Schultz, Moore and Jaskolski",10/13/2025
495,Maitilde,Jacob,mjacobdq@jugem.jp,Genderfluid,1997,Ford,Econoline E250,Irvine,California,92612,US,33.6607,-117.8264,30367,Fahey-Welch,04/25/2025
496,Roderick,Yoseloff,ryoseloffdr@intel.com,Male,2001,Mazda,Protege,Houston,Texas,77005,US,29.7179,-95.4263,83710,Quitzon LLC,07/01/2022
497,Josie,Carlozzi,jcarlozzids@ucoz.ru,Female,2008,Toyota,Sequoia,Columbia,South Carolina,29240,US,34.006,-80.9708,94840,"Thiel, Turcotte and Russel",05/11/2023
498,Kenton,Abrey,kabreydt@printfriendly.com,Male,1994,Acura,NSX,Utica,New York,13505,US,43.0872,-75.2603,33976,Gislason and Sons,08/18/2023
499,Dorothy,McAndrew,dmcandrewdu@blogs.com,Female,1984,Ford,Ranger,Wichita,Kansas,67205,US,37.7639,-97.4269,76354,"Littel, Bruen and Schinner",11/04/2023
500,Hunter,Hayfield,hhayfielddv@cpanel.net,Male,1999,Ford,Econoline E250,Charlotte,North Carolina,28242,US,35.26,-80.8042,48925,Schneider-Bradtke,04/24/2024
501,Dorine,Lamping,dlampingdw@usda.gov,Female,1999,Lexus,GS,Fort Worth,Texas,76110,US,32.7065,-97.3375,36948,Bartell Group,01/05/2026
502,Natalee,Scoggin,nscoggindx@51.la,Female,2004,Pontiac,Grand Am,Atlanta,Georgia,30328,US,33.9335,-84.3958,52118,Spencer-Hoeger,01/21/2023
503,Shea,Raeburn,sraeburndy@technorati.com,Male,2007,Toyota,4Runner,Santa Barbara,California,93106,US,34.4329,-119.8371,95043,"Wilderman, Larkin and Kuhic",10/05/2022
504,Gustavo,MacGorley,gmacgorleydz@globo.com,Male,1999,Mercury,Tracer,Decatur,Georgia,30089,US,33.7749,-84.3046,36715,Stanton-Swift,01/03/2026
505,Malachi,Bottini,mbottinie0@cnn.com,Male,2005,Ford,E150,Atlanta,Georgia,30351,US,33.8444,-84.474,33490,"Fahey, Hudson and Tromp",02/25/2022
506,Elisha,Maides,emaidese1@economist.com,Male,2000,Ford,Econoline E150,El Paso,Texas,79968,US,31.7705,-106.5048,94088,Klein-Lockman,08/12/2024
507,Fara,Radnage,fradnagee2@aboutads.info,Female,2005,Scion,xB,Portland,Oregon,97296,US,45.5806,-122.3748,61976,McLaughlin Inc,08/09/2023
508,Karina,Gillyatt,kgillyatte3@huffingtonpost.com,Polygender,2004,Oldsmobile,Bravada,Los Angeles,California,90189,US,34.0515,-118.2559,74132,Gerlach-Ward,03/11/2023
509,Gary,Bearward,gbearwarde4@51.la,Male,2001,Ford,Escape,Migrate,Kentucky,41905,US,38.0638,-84.5027,90337,Blanda-Nitzsche,08/21/2025
510,Roland,Uman,rumane5@is.gd,Male,1984,Ford,F250,Silver Spring,Maryland,20918,US,39.144,-77.2076,92640,Prosacco-Walter,06/18/2022
511,Ceciley,Vennard,cvennarde6@storify.com,Female,2001,Chrysler,Sebring,Jacksonville,Florida,32220,US,30.329,-81.8176,96916,"Will, Bauch and Schroeder",01/16/2026
512,Lavina,Casa,lcasae7@nasa.gov,Female,1967,Chevrolet,Camaro,Raleigh,North Carolina,27626,US,35.7977,-78.6253,83523,Huel-Hegmann,09/26/2024
513,Lissy,Applewhite,lapplewhitee8@apple.com,Female,1996,GMC,Savana 2500,Evansville,Indiana,47725,US,38.1071,-87.5256,86739,Herzog LLC,09/22/2025
514,Ronnie,Hendin,rhendine9@ihg.com,Female,1985,Porsche,911,Cincinnati,Ohio,45249,US,39.2692,-84.3307,94058,Ryan Inc,06/08/2023
515,Brocky,Campling,bcamplingea@about.com,Male,1998,Volvo,V90,Phoenix,Arizona,85099,US,33.2765,-112.1872,65388,Hudson Inc,08/05/2024
516,Shell,Brashaw,sbrashaweb@ycombinator.com,Male,2011,Ford,Flex,Baltimore,Maryland,21211,US,39.3316,-76.6336,74440,"Turner, Reilly and Kris",03/10/2022
517,Glennie,Clench,gclenchec@hhs.gov,Female,1995,Plymouth,Grand Voyager,Fullerton,California,92835,US,33.8994,-117.9063,86716,"Dare, Doyle and Rohan",04/22/2025
518,Madelaine,Mullis,mmullised@amazon.de,Female,2007,Bentley,Continental,Des Moines,Iowa,50330,US,41.6727,-93.5722,71277,"Beer, Roberts and Legros",04/06/2024
519,Elianore,Hindsberg,ehindsbergee@craigslist.org,Female,2011,Hyundai,Genesis,New York City,New York,10292,US,40.7808,-73.9772,46918,Erdman Inc,03/25/2023
520,Virginie,McCreath,vmccreathef@1und1.de,Female,2007,Dodge,Nitro,Charleston,West Virginia,25313,US,38.4142,-81.7582,46010,Ratke and Sons,04/27/2022
521,Barbara,Jales,bjaleseg@soup.io,Agender,1985,Honda,Accord,Toledo,Ohio,43635,US,41.6868,-83.4394,36226,Walsh-Graham,06/10/2025
522,Niles,Bownes,nbowneseh@addtoany.com,Male,2008,Porsche,Cayenne,Anchorage,Alaska,99522,US,61.1089,-149.4403,70082,Schmidt-Kohler,09/15/2023
523,Nickie,O' Flaherty,noflahertyei@princeton.edu,Male,1996,Hyundai,Elantra,Columbus,Ohio,43220,US,40.0495,-83.0669,77584,Little Inc,12/29/2024
524,Lorinda,Skerme,lskermeej@opera.com,Female,1993,Pontiac,Firebird,Conroe,Texas,77305,US,30.2906,-95.3832,43701,"Grady, Thiel and Waelchi",08/01/2024
525,Jacquette,Bamford,jbamfordek@hostgator.com,Female,1992,Hyundai,Elantra,Crawfordsville,Indiana,47937,US,40.04,-86.8936,82973,Wolf-Jast,09/24/2023
526,Cherey,Larkcum,clarkcumel@altervista.org,Female,2012,Toyota,Prius v,Los Angeles,California,90094,US,33.9754,-118.417,35196,Murray Inc,07/26/2025
527,Adriane,Hackly,ahacklyem@nydailynews.com,Female,2001,GMC,Safari,Tucson,Arizona,85705,US,32.2691,-110.9845,83817,Ortiz-Schimmel,10/12/2022
528,Base,McGready,bmcgreadyen@prnewswire.com,Male,2002,Buick,Rendezvous,Buffalo,New York,14220,US,42.8441,-78.8182,94556,Beer Inc,02/14/2025
529,Yul,Wenham,ywenhameo@parallels.com,Male,2006,Ford,F250,Raleigh,North Carolina,27690,US,35.7977,-78.6253,55623,"Grimes, Moen and Lemke",07/09/2023
530,Husain,Seage,hseageep@nydailynews.com,Male,1999,Honda,Civic,Bakersfield,California,93399,US,35.4369,-119.0679,98817,"Kozey, Krajcik and Brown",08/14/2023
531,Halsy,Raiment,hraimenteq@seesaa.net,Genderqueer,2008,Hummer,H3,Baltimore,Maryland,21239,US,39.361,-76.5891,56585,"Morar, Larkin and Cormier",06/17/2024
532,Averell,Berringer,aberringerer@army.mil,Male,2011,Chevrolet,Suburban,Young America,Minnesota,55564,US,44.8055,-93.7665,32924,Hoeger Group,12/16/2024
533,Guss,Sullivan,gsullivanes@alibaba.com,Male,1992,Chevrolet,3500,Lynchburg,Virginia,24515,US,37.4009,-79.1785,74122,Gerhold Inc,01/01/2023
534,Nissa,Stilling,nstillinget@technorati.com,Female,2008,Ford,E150,Houston,Texas,77276,US,29.7575,-95.3668,34813,Kub-Mohr,10/15/2025
535,Cleavland,Hoyer,choyereu@ezinearticles.com,Male,1988,Mercury,Grand Marquis,Jamaica,New York,11431,US,40.6869,-73.8501,94764,"Wyman, Luettgen and Rutherford",06/20/2024
536,Felecia,Sheward,fshewardev@lulu.com,Female,2003,Isuzu,Rodeo Sport,Washington,District of Columbia,20210,US,38.8933,-77.0146,40691,"Donnelly, McClure and Witting",09/18/2024
537,Verina,Postance,vpostanceew@sphinn.com,Female,1993,Mercury,Villager,Monticello,Minnesota,55585,US,45.2009,-93.8881,47860,Streich and Sons,07/16/2024
538,Jodi,Danilovitch,jdanilovitchex@slideshare.net,Male,2010,Mercedes-Benz,R-Class,Cedar Rapids,Iowa,52405,US,41.9804,-91.7098,48106,McGlynn Group,05/21/2025
539,Rickert,Forber,rforberey@cdbaby.com,Male,1989,Buick,Riviera,Helena,Montana,59623,US,46.5901,-112.0402,53168,Price-Kassulke,08/26/2024
540,Elihu,Davion,edavionez@who.int,Male,1983,Mazda,626,Saint Louis,Missouri,63167,US,38.6383,-90.4271,78661,Corkery Inc,01/20/2024
541,Dyna,Buckston,dbuckstonf0@dyndns.org,Female,2005,Lexus,GS,Raleigh,North Carolina,27621,US,35.7977,-78.6253,71764,Wilderman LLC,11/06/2024
542,Gwenneth,Kantor,gkantorf1@japanpost.jp,Female,2005,Cadillac,DeVille,Alhambra,California,91841,US,33.7866,-118.2987,92081,Hintz-Torphy,05/27/2023
543,Artemis,Reichert,areichertf2@elpais.com,Male,2011,Toyota,Land Cruiser,Gary,Indiana,46406,US,41.5878,-87.4062,55225,Orn-Treutel,01/21/2026
544,Moses,Lovelace,mlovelacef3@jiathis.com,Male,2004,Mazda,B-Series Plus,Alexandria,Louisiana,71307,US,31.2034,-92.5269,91151,"Goldner, McDermott and Hansen",05/17/2025
545,Rubia,Filliskirk,rfilliskirkf4@alibaba.com,Female,1993,Volvo,850,Fort Wayne,Indiana,46896,US,41.0938,-85.0707,89833,Waters-Haley,02/06/2023
546,Natividad,Harm,nharmf5@free.fr,Female,1997,Honda,Passport,Corpus Christi,Texas,78475,US,27.777,-97.4632,41877,"Mertz, Halvorson and Zulauf",01/07/2025
547,Larry,Condliffe,lcondliffef6@squidoo.com,Bigender,2012,Chevrolet,Volt,Pinellas Park,Florida,34665,US,27.8402,-82.7125,72715,Boyer-Dicki,11/11/2023
548,Gerhard,Fenney,gfenneyf7@harvard.edu,Male,1993,Lamborghini,Diablo,Topeka,Kansas,66611,US,39.0142,-95.6982,44706,"Olson, Kuhlman and Bayer",03/03/2022
549,Jamaal,Ibbotson,jibbotsonf8@shop-pro.jp,Male,2005,Chevrolet,Express 3500,Long Beach,California,90810,US,33.8193,-118.2325,86656,Hegmann Inc,11/25/2024
550,Violetta,Harrowsmith,vharrowsmithf9@symantec.com,Female,2003,Mercedes-Benz,E-Class,Jacksonville,Florida,32225,US,30.351,-81.5061,75559,Runolfsdottir LLC,04/06/2024
551,Geneva,Le Houx,glehouxfa@pinterest.com,Female,2010,Toyota,Camry Hybrid,Boston,Massachusetts,02283,US,42.3389,-70.9196,74266,Bogisich Inc,05/17/2024
552,Zsa zsa,Deftie,zdeftiefb@berkeley.edu,Female,2012,Volvo,S60,Winston Salem,North Carolina,27105,US,36.144,-80.2376,56274,Pouros Group,04/18/2024
553,Celisse,MacLeese,cmacleesefc@google.de,Female,2007,Maybach,57,Troy,Michigan,48098,US,42.5991,-83.1789,87009,Howe Inc,08/18/2023
554,Kayle,Muggleton,kmuggletonfd@ning.com,Female,1998,Chevrolet,Cavalier,Des Moines,Iowa,50362,US,41.6727,-93.5722,30859,Baumbach-Terry,11/10/2024
555,Waverley,Attoc,wattocfe@discovery.com,Male,2003,Nissan,Pathfinder,Winston Salem,North Carolina,27105,US,36.144,-80.2376,61868,"Walker, Bednar and Romaguera",08/26/2025
556,Marta,Conville,mconvilleff@xinhuanet.com,Female,1999,Chevrolet,Tracker,Reading,Pennsylvania,19610,US,40.338,-75.978,76713,Turner-Considine,06/17/2025
557,Kevin,Wager,kwagerfg@xrea.com,Male,2001,Kia,Optima,Dallas,Texas,75226,US,32.7887,-96.7676,45423,Mraz Inc,11/14/2024
558,Jasen,Pappin,jpappinfh@springer.com,Male,1999,Acura,Integra,Kalamazoo,Michigan,49048,US,42.3189,-85.5152,99616,Ullrich Group,05/17/2024
559,Estel,De Blasiis,edeblasiisfi@qq.com,Female,2001,Lexus,LS,Pittsburgh,Pennsylvania,15240,US,40.4344,-80.0248,92085,Champlin Group,01/18/2026
560,Jacquie,Chartre,jchartrefj@networksolutions.com,Female,2004,Mazda,MX-5,Wichita Falls,Texas,76305,US,33.9995,-98.3938,84371,Sauer-Fay,09/09/2024
561,Bengt,Zemler,bzemlerfk@prnewswire.com,Male,1996,Ford,Bronco,El Paso,Texas,79923,US,31.6948,-106.3,96383,"Watsica, Graham and Tillman",10/16/2023
562,Margo,Forsythe,mforsythefl@sphinn.com,Female,2011,Volvo,S60,Macon,Georgia,31210,US,32.8926,-83.7455,46353,Rohan-Larson,11/15/2025
563,Jammie,Pember,jpemberfm@newyorker.com,Non-binary,2008,Mitsubishi,Lancer Evolution,Oklahoma City,Oklahoma,73135,US,35.411,-97.4388,81294,"Davis, Johnson and Dicki",10/07/2025
564,Kristopher,Walsham,kwalshamfn@ifeng.com,Male,2000,Mercury,Mountaineer,Oklahoma City,Oklahoma,73114,US,35.5704,-97.5257,87233,"Kuhlman, Lockman and Crooks",02/14/2025
565,Silva,Gitsham,sgitshamfo@merriam-webster.com,Bigender,2004,Mazda,Mazda6,Pittsburgh,Pennsylvania,15274,US,40.4344,-80.0248,38545,"Stanton, Fadel and Hilll",09/01/2024
566,Isobel,Ludwell,iludwellfp@nbcnews.com,Female,2000,Mitsubishi,Mirage,Tampa,Florida,33620,US,28.06,-82.4079,75722,"Crooks, Kris and Mraz",11/13/2024
567,Sunny,McMorran,smcmorranfq@weebly.com,Female,2003,Toyota,Corolla,Charlotte,North Carolina,28215,US,35.244,-80.7387,70172,Lueilwitz-Keebler,08/10/2025
568,Alfonso,Petrozzi,apetrozzifr@phoca.cz,Male,2000,Ford,Crown Victoria,Washington,District of Columbia,20244,US,38.8933,-77.0146,43453,Lockman and Sons,06/24/2022
569,Harlan,Kennally,hkennallyfs@mapquest.com,Male,1962,Studebaker,Avanti,Baltimore,Maryland,21281,US,39.2847,-76.6205,61201,Klein and Sons,06/28/2023
570,Tilda,Reburn,treburnft@vistaprint.com,Female,2005,Toyota,Celica,Nashville,Tennessee,37220,US,36.0641,-86.7697,49030,Medhurst and Sons,05/21/2024
571,Thurstan,Jewes,tjewesfu@who.int,Male,2011,Ford,F350,Modesto,California,95397,US,37.6566,-121.0191,38380,Trantow-Schulist,10/22/2022
572,Ryon,Iacovolo,riacovolofv@si.edu,Male,2009,Jeep,Commander,Denver,Colorado,80270,US,39.7388,-104.4083,50937,Effertz LLC,08/16/2023
573,Caitlin,McIlmorie,cmcilmoriefw@a8.net,Agender,2004,Ford,Explorer Sport Trac,Sarasota,Florida,34276,US,27.1675,-82.381,82384,Ebert Group,03/20/2025
574,Ileane,Beevor,ibeevorfx@engadget.com,Female,2007,Mazda,Mazda3,Duluth,Minnesota,55811,US,46.8147,-92.1998,65155,Heidenreich-Schmidt,06/07/2022
575,Jaye,Samwaye,jsamwayefy@hhs.gov,Male,1995,Saturn,S-Series,Montgomery,Alabama,36119,US,32.2334,-86.2085,97612,Lueilwitz Group,03/07/2022
576,Brandie,Plumridege,bplumridegefz@opera.com,Female,1999,Jaguar,XJ Series,Bowie,Maryland,20719,US,38.8336,-76.8777,43434,Stracke Inc,02/15/2023
577,Jolynn,Darcey,jdarceyg0@pagesperso-orange.fr,Female,2002,Toyota,Land Cruiser,Buffalo,New York,14205,US,42.7684,-78.8871,81250,Blick-Graham,07/26/2023
578,Myer,Briat,mbriatg1@scientificamerican.com,Male,2007,Dodge,Ram 1500,Grand Junction,Colorado,81505,US,39.1071,-108.5968,37631,"Rutherford, Labadie and Hilpert",09/22/2023
579,Raleigh,Buddock,rbuddockg2@wisc.edu,Male,2000,BMW,5 Series,Knoxville,Tennessee,37919,US,35.9244,-84.0015,65042,"Grady, Hickle and Swaniawski",04/30/2024
580,Delila,Tallet,dtalletg3@walmart.com,Female,2003,Dodge,Viper,Battle Creek,Michigan,49018,US,42.2464,-85.0045,94360,Bechtelar Inc,03/02/2023
581,Wynny,Ranshaw,wranshawg4@163.com,Female,2004,Mitsubishi,Montero Sport,Maple Plain,Minnesota,55572,US,45.0159,-93.4719,63583,Kuhic-Stehr,03/30/2022
582,Delora,McJerrow,dmcjerrowg5@abc.net.au,Female,2008,Land Rover,Freelander,Raleigh,North Carolina,27605,US,35.7908,-78.653,80632,Reichert-Bahringer,02/28/2023
583,Hamnet,Skeech,hskeechg6@topsy.com,Male,1989,Lamborghini,Countach,Columbus,Ohio,43231,US,40.081,-82.9383,86368,Kozey Inc,09/09/2022
584,Wait,Crowcum,wcrowcumg7@theatlantic.com,Agender,1997,Audi,riolet,Houston,Texas,77080,US,29.8159,-95.523,52178,Stanton and Sons,08/03/2024
585,Shawn,Oneile,soneileg8@intel.com,Female,1990,Mazda,Familia,Kansas City,Missouri,64199,US,39.035,-94.3567,70701,Borer and Sons,11/10/2024
586,Beale,Ditty,bdittyg9@hhs.gov,Male,1996,Cadillac,DeVille,Hyattsville,Maryland,20784,US,38.9513,-76.8958,95436,Hegmann and Sons,12/26/2024
587,Saxe,Mustoe,smustoega@house.gov,Male,1988,Mercedes-Benz,S-Class,Washington,District of Columbia,20430,US,38.9164,-76.9948,57364,Crooks-Reynolds,05/12/2024
588,Lucas,Coen,lcoengb@sbwire.com,Male,1992,GMC,Sonoma Club,El Paso,Texas,79999,US,31.6948,-106.3,69409,"Johnston, Lakin and Kshlerin",10/19/2022
589,Massimiliano,Kermode,mkermodegc@goodreads.com,Male,2012,Honda,Fit,Bakersfield,California,93386,US,35.2944,-118.9052,57227,Larkin LLC,05/04/2022
590,Kelsi,Jankowski,kjankowskigd@ucoz.com,Female,1992,Jaguar,XJ Series,Alexandria,Virginia,22313,US,38.8158,-77.09,79413,"Schaden, VonRueden and Jast",12/23/2022
591,Tamarra,Readwing,treadwingge@geocities.com,Female,2004,Pontiac,Aztek,Phoenix,Arizona,85010,US,33.2765,-112.1872,74871,Witting LLC,01/23/2026
592,Earle,Carbery,ecarberygf@bloglines.com,Male,2008,Maserati,GranTurismo,Chicago,Illinois,60697,US,41.8119,-87.6873,64536,Anderson-Schaden,11/21/2022
593,Tammy,Sayward,tsaywardgg@typepad.com,Male,1992,Ford,Club Wagon,San Diego,California,92160,US,33.0169,-116.846,55223,Rodriguez-Simonis,03/25/2022
594,Georgie,Oatley,goatleygh@goo.gl,Male,1992,Cadillac,Eldorado,Tulsa,Oklahoma,74156,US,36.3024,-95.9605,41845,Mohr Inc,12/09/2025
595,Art,Flatt,aflattgi@yellowbook.com,Male,1994,GMC,1500,Columbus,Georgia,31998,US,32.491,-84.8741,38692,Abshire and Sons,03/27/2024
596,Dolly,Fenck,dfenckgj@sun.com,Female,1999,Mercury,Mystique,Baltimore,Maryland,21239,US,39.361,-76.5891,54328,Prohaska Group,04/22/2022
597,Hewitt,Visco,hviscogk@gizmodo.com,Male,2003,Chevrolet,Astro,Atlanta,Georgia,30358,US,33.9982,-84.3411,61370,"Dibbert, Turcotte and Orn",09/09/2024
598,Clem,Kloska,ckloskagl@rakuten.co.jp,Male,2009,Subaru,Impreza,Midland,Texas,79710,US,31.8693,-102.0317,91538,Trantow-Koss,06/30/2022
599,Inesita,Garlant,igarlantgm@bluehost.com,Female,2001,BMW,525,Omaha,Nebraska,68197,US,41.249,-96.0274,75033,Purdy-Prosacco,09/23/2025
600,Fons,Robiou,frobiougn@360.cn,Male,1994,Mitsubishi,Truck,Memphis,Tennessee,38126,US,35.1255,-90.0424,30191,"Feeney, Collier and Schamberger",12/18/2024
601,Vivianna,Schleicher,vschleichergo@technorati.com,Female,2011,Nissan,Versa,Jacksonville,Florida,32204,US,30.3189,-81.6854,99728,Johnston Inc,06/28/2022
602,Dex,Blaase,dblaasegp@ocn.ne.jp,Genderfluid,1996,Plymouth,Grand Voyager,Topeka,Kansas,66699,US,39.0429,-95.7697,88244,Shields-Zemlak,12/30/2025
603,Lucius,McVitie,lmcvitiegq@ning.com,Male,1997,Mercedes-Benz,SL-Class,Houston,Texas,77020,US,29.7758,-95.3121,84483,Larkin-Towne,10/29/2023
604,Calv,Liebrecht,cliebrechtgr@bloomberg.com,Male,2009,Aston Martin,DB9,Miami Beach,Florida,33141,US,25.8486,-80.1446,63622,Little-Turcotte,04/13/2023
605,Julie,Hubball,jhubballgs@youku.com,Male,2009,Subaru,Tribeca,New York City,New York,10099,US,40.7808,-73.9772,59660,Bashirian and Sons,04/24/2022
606,Dot,Kilbey,dkilbeygt@buzzfeed.com,Female,2006,Lincoln,Mark LT,Charleston,South Carolina,29403,US,32.7976,-79.9493,50393,Ratke Inc,03/05/2022
607,Tiebout,Ferries,tferriesgu@shinystat.com,Male,1995,Oldsmobile,98,Bronx,New York,10459,US,40.8247,-73.894,83957,Shanahan-Sawayn,11/19/2022
608,Othilia,Abrahmovici,oabrahmovicigv@shinystat.com,Female,1995,Saab,900,Kansas City,Kansas,66112,US,39.116,-94.764,91996,Upton-Gislason,08/26/2024
609,Valle,Grieves,vgrievesgw@techcrunch.com,Male,1964,Austin,Mini Cooper,Houston,Texas,77015,US,29.7853,-95.1852,84986,Hirthe LLC,09/07/2025
610,Caro,Kits,ckitsgx@comsenz.com,Female,1992,Lexus,LS,North Port,Florida,34290,US,27.0459,-82.2491,58833,Braun-Goodwin,06/17/2024
611,Konstantine,Heeney,kheeneygy@blogspot.com,Male,2000,Land Rover,Range Rover,Memphis,Tennessee,38150,US,35.2017,-89.9715,73704,"Walsh, Lang and Collier",03/27/2025
612,Joanne,Crate,jcrategz@ucla.edu,Female,2007,Chevrolet,Aveo,Daytona Beach,Florida,32118,US,29.2219,-81.0095,92407,"Hudson, Pagac and Beer",07/12/2022
613,Garrot,Slaten,gslatenh0@accuweather.com,Male,2005,Jeep,Grand Cherokee,Winston Salem,North Carolina,27105,US,36.144,-80.2376,53604,Kulas-Larson,09/06/2024
614,Elwood,De Ruggiero,ederuggieroh1@quantcast.com,Genderfluid,2011,Aston Martin,DBS,Fullerton,California,92835,US,33.8994,-117.9063,65657,Hand-Kub,09/12/2023
615,Cirilo,Revill,crevillh2@nifty.com,Agender,1992,Mazda,Protege,Manassas,Virginia,22111,US,38.7202,-77.4391,90781,Jones-Stokes,01/05/2025
616,Kile,Rycroft,krycrofth3@google.it,Male,2010,Pontiac,Vibe,Dearborn,Michigan,48126,US,42.3349,-83.1801,43340,Donnelly-Murphy,12/02/2023
617,Hershel,Bukac,hbukach4@symantec.com,Male,2011,Ford,Escape,Houston,Texas,77276,US,29.7575,-95.3668,51097,Beier-Treutel,03/23/2025
618,Boothe,Pretious,bpretioush5@europa.eu,Male,1993,Toyota,Corolla,San Antonio,Texas,78215,US,29.4413,-98.4793,91361,"Lind, Smitham and Feil",12/31/2023
619,Inger,Maffei,imaffeih6@printfriendly.com,Male,1997,Chevrolet,Suburban 1500,San Antonio,Texas,78285,US,29.4375,-98.4616,41940,Johnston-Koepp,09/07/2024
620,Robinett,Tumbridge,rtumbridgeh7@wufoo.com,Female,2003,Cadillac,Escalade,Yakima,Washington,98907,US,46.6288,-120.574,81984,Hamill and Sons,04/14/2022
621,Randa,Forsyth,rforsythh8@businesswire.com,Female,2002,Suzuki,Esteem,Houston,Texas,77212,US,29.834,-95.4342,47467,"Goyette, Ferry and Dicki",10/01/2023
622,Herbert,Powe,hpoweh9@blogspot.com,Male,1991,Mitsubishi,Eclipse,Washington,District of Columbia,20299,US,38.8933,-77.0146,90027,Skiles Group,02/13/2025
623,Merell,Perigoe,mperigoeha@angelfire.com,Male,1994,Lotus,Esprit,Philadelphia,Pennsylvania,19104,US,39.9597,-75.2024,81889,Wilderman-Mosciski,08/24/2022
624,Julee,Horder,jhorderhb@facebook.com,Non-binary,2009,Suzuki,Grand Vitara,New Hyde Park,New York,11044,US,40.7548,-73.6018,44669,Hegmann Group,07/20/2025
625,Sharl,Jeratt,sjeratthc@wikia.com,Female,2011,MINI,Cooper Clubman,Shawnee Mission,Kansas,66276,US,38.8999,-94.832,39208,"Miller, Prosacco and O'Kon",07/07/2022
626,Moria,Blore,mblorehd@uol.com.br,Female,2011,Mercedes-Benz,C-Class,North Hollywood,California,91616,US,33.7866,-118.2987,94952,Russel LLC,10/20/2024
627,Ardine,MacCourt,amaccourthe@elegantthemes.com,Female,2009,Lotus,Elise,Toledo,Ohio,43656,US,41.6782,-83.4972,66085,"Flatley, Krajcik and Mayer",06/09/2025
628,Kit,Paine,kpainehf@naver.com,Female,2008,Toyota,Avalon,Miami,Florida,33233,US,25.5584,-80.4582,86426,"Reinger, Feest and Ward",05/04/2025
629,Wynn,Keaveney,wkeaveneyhg@cargocollective.com,Female,2001,Volvo,S60,Sacramento,California,95894,US,38.5816,-121.4933,38285,Klocko-Walker,09/25/2023
630,Joline,Feare,jfearehh@etsy.com,Female,1993,Mitsubishi,Mirage,Scottsdale,Arizona,85255,US,33.6968,-111.8892,51457,Larkin-Altenwerth,12/17/2025
631,Alanna,Harnott,aharnotthi@house.gov,Female,2011,Cadillac,Escalade EXT,Cedar Rapids,Iowa,52410,US,42.0794,-91.5992,79357,Zieme-Batz,09/19/2025
632,Miner,Mityakov,mmityakovhj@goodreads.com,Male,2011,GMC,Sierra 3500,Los Angeles,California,90094,US,33.9754,-118.417,48793,Schuppe Inc,09/29/2025
633,Samara,Martynikhin,smartynikhinhk@ebay.com,Female,2007,Chevrolet,Suburban,Dallas,Texas,75221,US,32.8147,-96.7877,52703,"West, Runolfsson and Mills",06/26/2022
634,Eveline,Danigel,edanigelhl@unblog.fr,Female,2002,MINI,Cooper,Syracuse,New York,13224,US,43.0421,-76.1046,59722,Mante Inc,10/30/2022
635,Pietrek,Whale,pwhalehm@ucoz.ru,Male,2012,Acura,RL,Oklahoma City,Oklahoma,73190,US,35.5514,-97.4075,55284,Kovacek-Jenkins,07/30/2025
636,Homer,Shoebrook,hshoebrookhn@opera.com,Male,2006,Hummer,H1,Athens,Georgia,30605,US,33.9321,-83.3525,61278,Waelchi-Erdman,01/09/2023
637,Tremaine,Billham,tbillhamho@sitemeter.com,Male,2007,Kia,Spectra,Washington,District of Columbia,20073,US,38.897,-77.0251,62730,Upton and Sons,08/29/2023
638,Selie,Bann,sbannhp@last.fm,Agender,2000,GMC,Sierra 3500,Sacramento,California,94273,US,38.3774,-121.4444,47639,Welch-Leuschke,03/06/2024
639,Galen,Blakesley,gblakesleyhq@yellowbook.com,Male,2002,Toyota,Land Cruiser,Detroit,Michigan,48258,US,42.2399,-83.1508,44057,Ziemann-Hagenes,10/22/2024
640,Byrom,Trafford,btraffordhr@vkontakte.ru,Male,1997,Isuzu,Oasis,Young America,Minnesota,55557,US,44.8055,-93.7665,72111,Okuneva-Dickinson,07/19/2023
641,Corliss,Abella,cabellahs@freewebs.com,Female,1985,Mercury,Cougar,Lafayette,Louisiana,70505,US,30.2023,-92.0188,76653,Koelpin and Sons,07/23/2024
642,Natka,Rhodes,nrhodesht@51.la,Female,2005,Panoz,Esperante,Grand Rapids,Michigan,49560,US,43.0314,-85.5503,55836,"Rosenbaum, Feil and O'Reilly",05/24/2025
643,Estel,McKelvey,emckelveyhu@usnews.com,Female,2003,BMW,Z8,Nashville,Tennessee,37240,US,36.1866,-86.7852,94264,Huels-Hauck,12/26/2024
644,Alejandra,MacGray,amacgrayhv@pinterest.com,Female,2007,BMW,X5,Alexandria,Virginia,22309,US,38.7192,-77.1073,86013,Crooks LLC,09/28/2023
645,Valeria,Kilborn,vkilbornhw@creativecommons.org,Female,2000,Buick,Regal,Tacoma,Washington,98405,US,47.2484,-122.4644,90319,Mayert-Hauck,08/14/2022
646,Bertie,Kuschel,bkuschelhx@ifeng.com,Male,2011,Ford,E350,Detroit,Michigan,48232,US,42.2399,-83.1508,41890,Swaniawski and Sons,06/16/2025
647,Wally,Rase,wrasehy@ibm.com,Male,2000,Chevrolet,Suburban 2500,Topeka,Kansas,66629,US,39.0429,-95.7697,41482,Nitzsche-Wyman,08/13/2024
648,Shayne,List,slisthz@ft.com,Male,1991,Mercury,Cougar,Beaumont,Texas,77705,US,30.0211,-94.1157,96033,"Cruickshank, Von and Kuvalis",01/20/2025
649,Rianon,Bollis,rbollisi0@tuttocitta.it,Female,1994,Mazda,MX-5,Littleton,Colorado,80161,US,39.7388,-104.4083,59568,Sanford LLC,06/04/2022
650,Zaria,Ygoe,zygoei1@pbs.org,Female,2001,Chevrolet,Suburban 2500,Boston,Massachusetts,02104,US,42.3389,-70.9196,48523,Treutel-Bernier,12/05/2023
651,Rebekah,Sedman,rsedmani2@twitter.com,Female,1987,Buick,Regal,Huntington,West Virginia,25716,US,38.4134,-82.2774,36963,Fisher-Schneider,09/17/2025
652,Kennie,Keizman,kkeizmani3@naver.com,Male,1997,Mitsubishi,GTO,Pensacola,Florida,32575,US,30.6143,-87.2758,54762,Ondricka Group,09/01/2023
653,Base,Gordon,bgordoni4@nba.com,Male,2004,GMC,Sierra 1500,Oklahoma City,Oklahoma,73119,US,35.421,-97.5616,64570,Jast Group,08/01/2024
654,Mina,Beechcraft,mbeechcrafti5@feedburner.com,Female,1997,Toyota,Camry,Austin,Texas,78710,US,30.352,-97.7151,68414,Kris-Beatty,10/24/2025
655,Sinclair,Musso,smussoi6@plala.or.jp,Male,2003,GMC,Savana 1500,El Paso,Texas,79928,US,31.6631,-106.1401,87443,"Klocko, Stokes and Sauer",04/30/2022
656,Romeo,Aitcheson,raitchesoni7@simplemachines.org,Male,2012,Acura,ZDX,Brooklyn,New York,11247,US,40.6451,-73.945,64634,Braun-Cummerata,12/30/2024
657,Kettie,Milch,kmilchi8@digg.com,Female,1997,Volkswagen,Golf,San Antonio,Texas,78296,US,29.4375,-98.4616,36512,Cole LLC,11/24/2023
658,Terrill,Duling,tdulingi9@techcrunch.com,Male,1997,Jeep,Wrangler,Columbus,Ohio,43268,US,39.969,-83.0114,78785,Mante-Lowe,05/29/2023
659,Gil,Wanless,gwanlessia@artisteer.com,Male,1995,Acura,TL,Modesto,California,95397,US,37.6566,-121.0191,87056,"Quitzon, Greenfelder and Ferry",03/16/2023
660,Carline,Simpole,csimpoleib@cyberchimps.com,Female,1994,Ford,Econoline E350,Saint Louis,Missouri,63136,US,38.7196,-90.27,80207,Halvorson-Quitzon,06/02/2024
661,Sullivan,Gerson,sgersonic@ftc.gov,Male,1965,Ford,Thunderbird,El Paso,Texas,79923,US,31.6948,-106.3,77234,Jacobi-Friesen,12/08/2024
662,Concordia,Kingzett,ckingzettid@blog.com,Genderqueer,2010,Ford,Edge,Sacramento,California,94291,US,38.3774,-121.4444,63010,Grant-Morar,01/22/2023
663,Delmore,Gross,dgrossie@infoseek.co.jp,Male,2005,Lexus,LS,Washington,District of Columbia,20067,US,38.8933,-77.0146,56031,Hammes Group,10/03/2024
664,Rozelle,Klich,rklichif@delicious.com,Female,2008,Ford,Escape,Kansas City,Missouri,64193,US,39.035,-94.3567,33273,"Sawayn, Streich and Schuster",06/24/2022
665,Ludwig,Knyvett,lknyvettig@blogtalkradio.com,Male,1998,Volkswagen,GTI,Spring,Texas,77386,US,30.1288,-95.4239,72390,Beatty-White,12/08/2025
666,Ava,Bolwell,abolwellih@slideshare.net,Female,2006,BMW,760,Pasadena,California,91199,US,34.1478,-118.1436,89101,"Kiehn, Reilly and Abshire",04/03/2025
667,Carmine,Kindall,ckindallii@163.com,Genderqueer,2005,Suzuki,XL-7,Jacksonville,Florida,32204,US,30.3189,-81.6854,99856,"Rau, Dare and Kreiger",11/09/2024
668,Zebulen,Magnus,zmagnusij@unicef.org,Male,1990,Nissan,Datsun/Nissan Z-car,Philadelphia,Pennsylvania,19160,US,40.0018,-75.1179,93039,Langosh Inc,03/04/2023
669,Cary,Brearton,cbreartonik@squidoo.com,Male,1992,Isuzu,Rodeo,Providence,Rhode Island,02912,US,41.8267,-71.3977,89809,"Legros, Ullrich and Powlowski",07/10/2022
670,Thebault,Yanele,tyaneleil@xinhuanet.com,Male,1966,Pontiac,Bonneville,Detroit,Michigan,48232,US,42.2399,-83.1508,48089,Spencer-White,08/06/2022
671,Cordy,Sparks,csparksim@nasa.gov,Female,2009,Jaguar,XJ,Little Rock,Arkansas,72215,US,34.7519,-92.3925,95689,Rosenbaum-Jast,06/29/2024
672,Loren,Coakley,lcoakleyin@1und1.de,Male,2004,Nissan,Sentra,Hot Springs National Park,Arkansas,71914,US,34.5137,-92.9685,61262,Hamill and Sons,07/04/2024
673,Bonny,Selbach,bselbachio@baidu.com,Female,1990,Ford,Bronco,Kansas City,Missouri,64114,US,38.9621,-94.5959,50947,Greenholt-Rice,01/06/2023
674,Smitty,Lyal,slyalip@washingtonpost.com,Male,2011,Mercedes-Benz,SL-Class,Kalamazoo,Michigan,49048,US,42.3189,-85.5152,81324,Larkin Group,07/26/2022
675,Annabell,Rickman,arickmaniq@zdnet.com,Female,2004,GMC,Savana 1500,Dallas,Texas,75277,US,32.7673,-96.7776,70926,Medhurst-Morar,08/29/2022
676,Hertha,Gimblett,hgimblettir@gizmodo.com,Female,1998,Lincoln,Continental,Tucson,Arizona,85737,US,32.4142,-110.9466,52604,"Miller, Wilderman and Botsford",12/01/2025
677,Nicky,Fitzgerald,nfitzgeraldis@yellowbook.com,Female,1998,Oldsmobile,Achieva,Milwaukee,Wisconsin,53220,US,42.9559,-87.9933,36421,"Shields, Roob and Herman",12/07/2022
678,Keven,Gozzard,kgozzardit@nytimes.com,Male,2008,Ford,Taurus X,High Point,North Carolina,27264,US,36.0807,-80.0244,55226,Dicki-Ferry,10/09/2022
679,Bret,Bondar,bbondariu@marketwatch.com,Male,1994,Dodge,Caravan,San Jose,California,95173,US,37.3352,-121.8938,50945,Collier and Sons,07/09/2022
680,Scot,Snar,ssnariv@scientificamerican.com,Male,2008,Aston Martin,DBS,East Saint Louis,Illinois,62205,US,38.6149,-90.1275,50978,"Abernathy, Ratke and Deckow",05/16/2023
681,Andie,Hayer,ahayeriw@skype.com,Female,1995,Mitsubishi,Montero,Wilmington,Delaware,19810,US,39.8188,-75.5064,86424,"Dicki, VonRueden and Kohler",06/17/2024
682,Samara,Odo,sodoix@unesco.org,Female,1996,GMC,Yukon,Amarillo,Texas,79182,US,35.4015,-101.8951,47842,"Fahey, Frami and Davis",04/07/2025
683,Otto,Dinesen,odineseniy@biblegateway.com,Male,2011,Ram,3500,Cleveland,Ohio,44125,US,41.4335,-81.6323,85351,"Langosh, Adams and Ryan",07/01/2022
684,Gerhardine,Dunne,gdunneiz@over-blog.com,Female,1993,Ford,Ranger,Fort Lauderdale,Florida,33315,US,26.0989,-80.1541,66358,Gislason-Murphy,09/13/2025
685,Cam,Jaksic,cjaksicj0@intel.com,Male,2003,Land Rover,Discovery,Norfolk,Virginia,23509,US,36.8787,-76.2604,81974,"Grant, Hegmann and Steuber",03/24/2022
686,Mireielle,Chetwynd,mchetwyndj1@shop-pro.jp,Female,2002,Buick,LeSabre,Dayton,Ohio,45426,US,39.7982,-84.3211,85231,Jones-Hegmann,07/15/2022
687,Auroora,Osmon,aosmonj2@cpanel.net,Female,2011,Honda,CR-Z,South Lake Tahoe,California,96154,US,38.8753,-120.0188,81832,Dickens Group,01/17/2025
688,Pernell,Wolfenden,pwolfendenj3@sciencedaily.com,Non-binary,1993,Ford,Escort,Cheyenne,Wyoming,82007,US,41.1084,-104.8107,74763,Tremblay LLC,02/10/2022
689,Cesar,Paulsen,cpaulsenj4@mapquest.com,Male,2008,Saturn,Outlook,Erie,Pennsylvania,16534,US,42.1827,-80.0649,43998,Berge LLC,03/22/2023
690,Karyl,Ripper,kripperj5@huffingtonpost.com,Female,1998,Subaru,Impreza,Alhambra,California,91841,US,33.7866,-118.2987,72047,Russel Group,09/11/2023
691,Kiel,Yashanov,kyashanovj6@arstechnica.com,Male,1995,Geo,Prizm,Daytona Beach,Florida,32118,US,29.2219,-81.0095,91197,Hoeger-Pfannerstill,08/21/2023
692,Gilbertina,Klageman,gklagemanj7@wordpress.com,Female,1995,Buick,Roadmaster,Pasadena,California,91117,US,33.7866,-118.2987,37027,Nolan-Fisher,12/14/2023
693,Roxanne,Fishpool,rfishpoolj8@bluehost.com,Female,2005,Ford,GT,Little Rock,Arkansas,72215,US,34.7519,-92.3925,63833,Osinski and Sons,04/10/2023
694,Lester,Godman,lgodmanj9@indiatimes.com,Male,1971,Pontiac,Grand Prix,Des Moines,Iowa,50330,US,41.6727,-93.5722,38514,"Russel, Prosacco and Gorczany",02/26/2024
695,Tabina,Itscovitz,titscovitzja@amazon.com,Female,1996,Mazda,Miata MX-5,Orlando,Florida,32859,US,28.4429,-81.4026,61430,"Schultz, Homenick and Weimann",06/13/2025
696,Alleyn,Godridge,agodridgejb@youku.com,Male,1994,Suzuki,Samurai,Boston,Massachusetts,02114,US,42.3611,-71.0682,98959,Rice-Farrell,02/12/2024
697,Anselm,Ells,aellsjc@behance.net,Male,2005,Volkswagen,Jetta,Sacramento,California,94273,US,38.3774,-121.4444,87329,Brown Inc,03/19/2022
698,Lila,Garlett,lgarlettjd@dell.com,Female,1998,Chevrolet,Suburban 2500,Sarasota,Florida,34276,US,27.1675,-82.381,61874,Daniel-Schamberger,02/22/2023
699,Shauna,Davies,sdaviesje@timesonline.co.uk,Female,2007,Acura,TSX,Lincoln,Nebraska,68531,US,40.9008,-96.7201,42655,Koss Inc,11/20/2024
700,Fritz,Howlett,fhowlettjf@bluehost.com,Male,1997,Mercury,Mystique,Milwaukee,Wisconsin,53210,US,43.0685,-87.9715,35873,Kiehn-Bechtelar,12/11/2025
701,Wheeler,Jillins,wjillinsjg@weibo.com,Polygender,2011,Mazda,Miata MX-5,Johnstown,Pennsylvania,15906,US,40.3522,-78.9383,63361,Gusikowski and Sons,02/13/2025
702,Torie,Mordan,tmordanjh@mtv.com,Female,1986,Pontiac,Firefly,Long Beach,California,90847,US,33.7866,-118.2987,97824,Breitenberg Inc,02/05/2024
703,Skyler,Andreas,sandreasji@marriott.com,Male,1993,Dodge,Intrepid,Milwaukee,Wisconsin,53277,US,43.0389,-87.9024,30700,Reynolds and Sons,05/13/2025
704,Loretta,Willgoose,lwillgoosejj@over-blog.com,Female,2001,Mazda,MX-5,Washington,District of Columbia,20067,US,38.8933,-77.0146,46855,Leannon-Hessel,11/01/2024
705,Christa,Allgood,callgoodjk@google.co.uk,Female,2001,Subaru,Impreza,Houston,Texas,77050,US,29.9015,-95.2848,74267,"Gerhold, Prosacco and Gutkowski",08/27/2024
706,Lela,Raise,lraisejl@un.org,Female,2008,Acura,RL,Louisville,Kentucky,40215,US,38.1913,-85.7847,62512,Tillman-Kirlin,10/25/2022
707,Husain,Redmond,hredmondjm@ibm.com,Male,1993,Volvo,940,Las Vegas,Nevada,89120,US,36.0914,-115.0885,57214,Reilly and Sons,02/20/2022
708,Sebastien,Gallemore,sgallemorejn@scribd.com,Male,2012,Lexus,ES,Shawnee Mission,Kansas,66220,US,38.9613,-94.8222,74141,Bechtelar LLC,05/24/2022
709,Aimee,Carriage,acarriagejo@jalbum.net,Female,1995,Suzuki,Esteem,Charlotte,North Carolina,28278,US,35.2072,-80.9568,38892,Upton-Crist,01/11/2023
710,Paulie,Trye,ptryejp@mysql.com,Female,1985,Pontiac,6000,Waterbury,Connecticut,06705,US,41.5503,-72.9963,63202,Dickens Inc,01/04/2026
711,Sayre,Blackborough,sblackboroughjq@domainmarket.com,Female,1999,GMC,Savana 3500,Louisville,Kentucky,40215,US,38.1913,-85.7847,32633,"Lebsack, Hills and Bergstrom",06/05/2025
712,Robin,Wimpey,rwimpeyjr@marriott.com,Female,1995,Toyota,Tacoma,Mc Keesport,Pennsylvania,15134,US,40.4344,-80.0248,38413,"Cruickshank, Wisoky and Kuvalis",09/01/2022
713,Tymothy,Alastair,talastairjs@flavors.me,Male,2010,Saab,9-5,Macon,Georgia,31205,US,32.8067,-83.6913,30770,Wilderman Inc,11/03/2024
714,Row,Bunt,rbuntjt@scientificamerican.com,Female,1992,Mitsubishi,Truck,San Francisco,California,94110,US,37.7509,-122.4153,39554,Flatley LLC,03/22/2022
715,Giuditta,Georgelin,ggeorgelinju@storify.com,Female,2001,Toyota,Echo,Flint,Michigan,48550,US,43.0349,-83.6887,53837,Douglas-Abshire,10/25/2024
716,Margie,Skyppe,mskyppejv@g.co,Female,2008,Ford,Focus,York,Pennsylvania,17405,US,40.0086,-76.5972,59942,Luettgen and Sons,03/28/2025
717,Baxter,Idale,bidalejw@wisc.edu,Male,1986,Ford,Bronco,New York City,New York,10014,US,40.7339,-74.0054,94188,"Kreiger, Rice and Funk",08/04/2025
718,Doralynn,Steventon,dsteventonjx@ustream.tv,Female,1990,Eagle,Talon,San Francisco,California,94132,US,37.7211,-122.4754,62062,Crona-Boyle,01/25/2023
719,Crysta,Ryan,cryanjy@dailymail.co.uk,Female,2006,Ford,GT,Cheyenne,Wyoming,82007,US,41.1084,-104.8107,54514,Grant Inc,01/30/2022
720,Cherish,Balmann,cbalmannjz@sfgate.com,Female,2008,Volvo,C30,Los Angeles,California,90094,US,33.9754,-118.417,91622,"Volkman, Heathcote and Glover",10/08/2022
721,Hank,Abramzon,habramzonk0@webnode.com,Male,1960,Fillmore,Fillmore,Largo,Florida,34643,US,27.881,-82.7619,36719,Ferry-Carter,08/09/2022
722,Normand,Strodder,nstrodderk1@elpais.com,Male,2006,Volkswagen,Jetta,New York City,New York,10039,US,40.8265,-73.9383,42339,Ledner and Sons,10/15/2024
723,Nappie,Salleir,nsalleirk2@altervista.org,Male,2004,Honda,Odyssey,Birmingham,Alabama,35279,US,33.5446,-86.9292,97175,Leannon and Sons,06/10/2024
724,Carolin,Ollington,collingtonk3@webs.com,Female,2004,Chrysler,300M,Stamford,Connecticut,06905,US,41.0888,-73.5435,47721,Moore LLC,03/19/2024
725,Con,Humby,chumbyk4@flickr.com,Polygender,1997,Lexus,LX,Oakland,California,94660,US,37.6802,-121.9215,63037,Kautzer Group,01/10/2024
726,Tadeas,Laurenzi,tlaurenzik5@indiegogo.com,Genderqueer,1999,Jeep,Cherokee,Evansville,Indiana,47719,US,37.9971,-87.575,45097,Upton and Sons,01/19/2026
727,Cammie,Wedgbrow,cwedgbrowk6@google.com.br,Female,1995,Buick,Century,Kansas City,Missouri,64153,US,39.2627,-94.697,75710,"Reichert, Wyman and Mraz",09/20/2025
728,Maddie,MacGaughie,mmacgaughiek7@skype.com,Male,2004,Dodge,Durango,Maple Plain,Minnesota,55579,US,45.0159,-93.4719,61145,"Adams, Kling and Gleichner",08/05/2024
729,Rebecka,Smeall,rsmeallk8@digg.com,Female,2008,Pontiac,Solstice,Huntsville,Alabama,35805,US,34.7059,-86.6165,39364,"Harber, Lockman and Mertz",02/09/2023
730,Barry,Degoix,bdegoixk9@google.nl,Male,1963,Chevrolet,Corvair 500,Albany,New York,12242,US,42.6149,-73.9708,84001,"Daniel, Kerluke and Schmitt",11/29/2024
731,Michelle,Fawcett,mfawcettka@tripadvisor.com,Female,1987,Mazda,Familia,Akron,Ohio,44310,US,41.1075,-81.5006,71950,Rempel-Gusikowski,09/15/2024
732,Paola,Hawlgarth,phawlgarthkb@earthlink.net,Female,2002,Toyota,Tacoma,Tulsa,Oklahoma,74141,US,36.1398,-96.0297,49706,Abshire and Sons,03/19/2024
733,Cchaddie,Capper,ccapperkc@springer.com,Male,1980,Chevrolet,Camaro,Corpus Christi,Texas,78405,US,27.7762,-97.4271,45131,Lueilwitz-Lebsack,11/12/2023
734,Sena,Vaar,svaarkd@goodreads.com,Female,2009,Bentley,Brooklands,Brooklyn,New York,11241,US,40.6451,-73.945,30382,"Gibson, Huels and Maggio",12/01/2023
735,Horatio,Wolfendale,hwolfendaleke@ocn.ne.jp,Male,2012,Chevrolet,Impala,Colorado Springs,Colorado,80905,US,38.8377,-104.837,66535,Fisher and Sons,12/24/2024
736,Merrily,Darragon,mdarragonkf@discovery.com,Female,2007,Ford,Explorer Sport Trac,Detroit,Michigan,48295,US,42.2399,-83.1508,86803,O'Keefe and Sons,10/17/2024
737,Sallyanne,Chiplin,schiplinkg@abc.net.au,Female,1998,Toyota,Tacoma,Wichita Falls,Texas,76310,US,33.8581,-98.5755,60327,"Luettgen, Ankunding and Lowe",09/23/2024
738,Rosalie,Gadesby,rgadesbykh@sbwire.com,Genderfluid,2009,Mercedes-Benz,S-Class,San Jose,California,95194,US,37.3894,-121.8868,90003,"Johns, Johnson and Jacobi",05/11/2025
739,Ferdy,Ancketill,fancketillki@fotki.com,Polygender,1990,Ford,F-Series,Phoenix,Arizona,85040,US,33.4061,-112.0265,48305,Flatley Inc,09/28/2024
740,Sidney,Cherry,scherrykj@merriam-webster.com,Bigender,1994,Dodge,Stealth,Seattle,Washington,98109,US,47.6339,-122.3476,51073,Howell-Schultz,09/29/2023
741,Cullie,Tottie,ctottiekk@independent.co.uk,Bigender,1990,Mercury,Sable,Minneapolis,Minnesota,55402,US,44.9762,-93.2759,70059,Boyle LLC,08/10/2025
742,Ashlan,Gilliat,agilliatkl@ucoz.ru,Female,2008,Chevrolet,Silverado 2500,San Bernardino,California,92415,US,34.84,-115.9671,59996,Kuphal-Wuckert,09/01/2024
743,Kimble,Pavlik,kpavlikkm@businesswire.com,Male,2006,Lamborghini,Gallardo,Sacramento,California,94245,US,38.3774,-121.4444,59935,Nolan Inc,11/20/2022
744,Lucho,Melross,lmelrosskn@latimes.com,Male,1996,Infiniti,G,Arvada,Colorado,80005,US,39.8422,-105.1097,32344,Koepp-Strosin,09/25/2025
745,Merrili,Devin,mdevinko@odnoklassniki.ru,Female,1980,Chevrolet,Citation,Albany,New York,12222,US,42.6853,-73.8253,84982,Cartwright and Sons,12/19/2025
746,Stacee,Westney,swestneykp@amazon.de,Male,2008,Mazda,CX-9,New Haven,Connecticut,06510,US,41.3087,-72.9271,95713,VonRueden Inc,05/28/2024
747,Kass,Eakly,keaklykq@phpbb.com,Female,2011,Honda,Accord Crosstour,San Mateo,California,94405,US,37.3811,-122.3348,92709,"Denesik, Satterfield and Thiel",10/12/2024
748,Carmelia,Zouch,czouchkr@shutterfly.com,Female,2005,Honda,S2000,Birmingham,Alabama,35220,US,33.5446,-86.9292,71511,"Feeney, Lindgren and Jenkins",06/01/2025
749,Grazia,Bawden,gbawdenks@studiopress.com,Female,1993,Plymouth,Laser,Detroit,Michigan,48242,US,42.2166,-83.3532,45216,Marquardt Group,01/21/2023
750,Keenan,Schwartz,kschwartzkt@w3.org,Male,2009,GMC,Acadia,Clearwater,Florida,34615,US,27.9843,-82.7813,74906,"Dach, Kreiger and Strosin",07/13/2022
751,Gradeigh,Fountaine,gfountaineku@purevolume.com,Polygender,1996,Chevrolet,Caprice Classic,Salt Lake City,Utah,84120,US,40.695,-112.0001,34386,Reichert-Kassulke,07/06/2024
752,Magdalena,Dufore,mduforekv@discuz.net,Female,1961,Pontiac,Tempest,Washington,District of Columbia,20220,US,38.8933,-77.0146,93258,"Donnelly, Doyle and Bartoletti",08/16/2022
753,Hercules,Jiras,hjiraskw@webeden.co.uk,Male,2012,Mazda,Mazdaspeed 3,Charleston,West Virginia,25313,US,38.4142,-81.7582,98129,Cormier-Muller,11/24/2025
754,Aliza,Lydon,alydonkx@amazon.de,Female,2011,Nissan,Xterra,Miami,Florida,33283,US,25.5584,-80.4582,79040,Kovacek Group,12/28/2022
755,Mikol,Fasey,mfaseyky@dmoz.org,Male,2008,Nissan,350Z,Houston,Texas,77065,US,29.9319,-95.6106,98341,Bahringer and Sons,06/01/2024
756,Tuckie,Goghin,tgoghinkz@list-manage.com,Male,2012,Volvo,XC70,Spokane,Washington,99205,US,47.6964,-117.4399,56444,Turner LLC,04/16/2022
757,Sallee,Kidby,skidbyl0@homestead.com,Female,1985,Buick,LeSabre,Saint Cloud,Minnesota,56398,US,45.5289,-94.5933,52268,Raynor-Hintz,11/03/2024
758,Kiley,Howen,khowenl1@wunderground.com,Female,2013,Kia,Sorento,Corpus Christi,Texas,78470,US,27.777,-97.4632,93871,"Mayert, Monahan and Bauch",11/12/2025
759,Artair,Oxborough,aoxboroughl2@go.com,Male,1994,Mazda,Protege,Pasadena,California,91125,US,33.7866,-118.2987,70000,Walsh Inc,06/09/2023
760,Fernanda,Haylock,fhaylockl3@omniture.com,Female,1985,Volkswagen,Golf,Houston,Texas,77035,US,29.6518,-95.4854,52327,Medhurst and Sons,09/11/2025
761,Claudelle,Alibone,calibonel4@arizona.edu,Female,1992,Geo,Tracker,Columbus,Ohio,43284,US,39.969,-83.0114,92522,"Turcotte, Jacobs and Simonis",02/15/2024
762,Kalie,Kinane,kkinanel5@wisc.edu,Female,1998,Lamborghini,Diablo,Phoenix,Arizona,85015,US,33.5082,-112.1011,72509,"Quitzon, Strosin and Larkin",07/21/2025
763,Kaye,January 1st,kjanuarystl6@wix.com,Female,1993,Volkswagen,Jetta III,Washington,District of Columbia,20508,US,38.8933,-77.0146,43366,Yost-O'Conner,11/15/2025
764,De,Kirlin,dkirlinl7@blogger.com,Female,2009,Audi,Q5,Boise,Idaho,83716,US,43.5345,-115.9711,72580,Hermiston Inc,01/17/2023
765,Stacy,Houtbie,shoutbiel8@unblog.fr,Bigender,2007,Mercedes-Benz,E-Class,Topeka,Kansas,66622,US,39.0429,-95.7697,58257,Weber Group,09/19/2024
766,Flint,Janssens,fjanssensl9@ebay.com,Male,2009,Chevrolet,Suburban,Saint Paul,Minnesota,55127,US,45.0803,-93.0875,66570,"Osinski, Okuneva and Torp",04/07/2025
767,Aharon,Roache,aroachela@ameblo.jp,Male,2002,Land Rover,Freelander,Davenport,Iowa,52809,US,41.613,-90.6063,33170,"Rohan, Pfeffer and Zemlak",06/03/2023
768,Alene,Drivers,adriverslb@reddit.com,Female,2009,Honda,Ridgeline,Greensboro,North Carolina,27425,US,36.0807,-80.0244,57601,Hintz and Sons,04/04/2023
769,Paola,Burtt,pburttlc@chronoengine.com,Bigender,2003,Toyota,Land Cruiser,Gatesville,Texas,76598,US,31.3902,-97.7993,65323,Ebert-Dare,09/20/2025
770,Jarid,Barok,jbarokld@shop-pro.jp,Male,2004,Chevrolet,Tahoe,Henderson,Nevada,89012,US,36.0119,-115.0433,65858,Crona and Sons,09/24/2025
771,Lewes,Tym,ltymle@com.com,Male,2006,Rolls-Royce,Phantom,Greeley,Colorado,80638,US,40.5009,-104.315,36348,Conn Group,10/20/2022
772,Giacomo,Hollingsby,ghollingsbylf@com.com,Male,2001,Isuzu,Rodeo,Tucson,Arizona,85737,US,32.4142,-110.9466,90871,Daugherty-Baumbach,01/19/2025
773,Ivy,Blackster,iblacksterlg@dedecms.com,Female,2006,Pontiac,GTO,Tallahassee,Florida,32309,US,30.5422,-84.1413,73707,Gleason-Huels,06/19/2022
774,Alia,Woolgar,awoolgarlh@i2i.jp,Female,2010,Lincoln,Town Car,Dallas,Texas,75241,US,32.6722,-96.7774,47814,"O'Kon, Ryan and Powlowski",01/28/2026
775,Hernando,Colrein,hcolreinli@cnbc.com,Male,1992,Mercedes-Benz,W201,Rochester,New York,14646,US,43.286,-77.6843,46126,"Veum, Weissnat and Kunde",08/29/2022
776,Walsh,Petticrew,wpetticrewlj@opensource.org,Male,1993,Hyundai,Elantra,Corona,California,92883,US,33.7541,-117.474,40115,Dach LLC,05/15/2024
777,Nolly,Fatharly,nfatharlylk@i2i.jp,Male,2012,Mercedes-Benz,Sprinter 2500,Tampa,Florida,33625,US,28.0726,-82.559,92291,"Crist, Reynolds and Hackett",05/23/2022
778,Alane,Guerry,aguerryll@marketwatch.com,Female,2006,Pontiac,Solstice,Baton Rouge,Louisiana,70883,US,30.5159,-91.0804,94636,Kuphal-Stehr,01/02/2026
779,Blakelee,Betteney,bbetteneylm@thetimes.co.uk,Female,2013,Chevrolet,Tahoe,Concord,California,94522,US,37.7772,-121.9554,85286,"O'Keefe, Auer and Wuckert",02/09/2024
780,Marnia,O'Hingerty,mohingertyln@barnesandnoble.com,Polygender,2010,Acura,RL,Charleston,West Virginia,25336,US,38.2968,-81.5547,71967,Olson-Dicki,01/13/2026
781,Thorny,Pena,tpenalo@behance.net,Male,1992,Ford,Tempo,Lexington,Kentucky,40576,US,38.0283,-84.4715,53353,Howell LLC,01/29/2026
782,Hilarius,Devey,hdeveylp@xinhuanet.com,Male,1994,Hummer,H1,Tampa,Florida,33680,US,27.872,-82.4388,90959,Schroeder-Dickinson,12/30/2023
783,Aili,Roscam,aroscamlq@cornell.edu,Female,2001,Pontiac,Firebird,Cincinnati,Ohio,45203,US,39.1075,-84.5257,67838,"Smith, Grimes and Trantow",07/25/2022
784,Ange,Lynch,alynchlr@eepurl.com,Male,1979,Chevrolet,LUV,Las Vegas,Nevada,89115,US,36.2158,-115.0671,92513,Adams-Ortiz,05/19/2025
785,Felix,Sollon,fsollonls@time.com,Male,2008,Lexus,ES,Salt Lake City,Utah,84199,US,40.7259,-111.9394,35596,Treutel-Smith,08/17/2024
786,Jeanine,Breedy,jbreedylt@kickstarter.com,Female,1995,Volkswagen,Jetta,Huntington,West Virginia,25716,US,38.4134,-82.2774,95268,Tillman Inc,07/24/2024
787,Pernell,Nipper,pnipperlu@addthis.com,Male,2009,Ford,Expedition,Erie,Pennsylvania,16565,US,42.1827,-80.0649,33455,Schuppe and Sons,10/09/2023
788,Silva,Van Zon,svanzonlv@lycos.com,Female,1998,Ford,Contour,Louisville,Kentucky,40250,US,38.189,-85.6768,97257,"Willms, Ortiz and Doyle",10/15/2023
789,Rodie,Gothard,rgothardlw@posterous.com,Female,1996,Volkswagen,rio,Battle Creek,Michigan,49018,US,42.2464,-85.0045,42630,"Runolfsson, Bode and Davis",04/11/2022
790,Zak,Tinto,ztintolx@bloomberg.com,Male,1993,Oldsmobile,88,Houston,Texas,77015,US,29.7853,-95.1852,30181,Krajcik-Mitchell,10/19/2025
791,Jameson,Labat,jlabatly@freewebs.com,Male,1995,Geo,Prizm,Los Angeles,California,90087,US,33.7866,-118.2987,36933,McKenzie-Balistreri,09/22/2022
792,Bobbe,Brosel,bbrosellz@blinklist.com,Agender,1998,Audi,riolet,Milwaukee,Wisconsin,53277,US,43.0389,-87.9024,95020,Wiza-Bode,02/20/2024
793,Syd,Geard,sgeardm0@blogtalkradio.com,Male,2009,Ferrari,California,Raleigh,North Carolina,27635,US,35.7977,-78.6253,76105,Luettgen-Mertz,09/25/2025
794,Purcell,Livard,plivardm1@blogs.com,Male,1999,Volvo,C70,Salt Lake City,Utah,84152,US,40.7286,-111.6627,60211,Koss-Abshire,08/27/2022
795,Wallis,Ledley,wledleym2@unc.edu,Female,2007,Chrysler,Pacifica,Midland,Michigan,48670,US,43.6375,-84.2568,34118,"Jacobi, Luettgen and Boyle",05/02/2025
796,Casey,Fonte,cfontem3@storify.com,Female,2000,Volvo,C70,Dallas,Texas,75226,US,32.7887,-96.7676,58537,Cummerata-Heidenreich,09/27/2025
797,Alfy,Bubbins,abubbinsm4@delicious.com,Female,2011,BMW,X3,Atlanta,Georgia,30336,US,33.7406,-84.5545,48434,"Bosco, O'Connell and Boyle",06/26/2023
798,Immanuel,Boynton,iboyntonm5@wunderground.com,Male,2006,Mercury,Montego,El Paso,Texas,88553,US,31.6948,-106.3,53795,"Beier, Hoppe and Kub",12/12/2024
799,Nance,Jenkerson,njenkersonm6@toplist.cz,Female,1996,Nissan,Pathfinder,San Diego,California,92105,US,32.7423,-117.0947,83837,Gutkowski and Sons,01/24/2024
800,Ralph,Thaller,rthallerm7@last.fm,Male,2010,Hyundai,Genesis,Wilmington,North Carolina,28410,US,34.0881,-77.8526,90052,Bogisich-Purdy,06/17/2024
801,Vincenz,Houldey,vhouldeym8@myspace.com,Male,2003,Volkswagen,GTI,Salt Lake City,Utah,84189,US,40.6681,-111.9083,85445,Dach-Moen,03/01/2025
802,Aurore,Cullerne,acullernem9@dot.gov,Female,2002,Ford,Escape,Young America,Minnesota,55557,US,44.8055,-93.7665,32735,Bernier-Crooks,03/19/2023
803,Mannie,MacAndrew,mmacandrewma@unc.edu,Male,2009,Lexus,GX,Pittsburgh,Pennsylvania,15286,US,40.4344,-80.0248,59757,Langosh Group,05/26/2022
804,Koralle,Antoniades,kantoniadesmb@newyorker.com,Female,1992,Oldsmobile,Bravada,Los Angeles,California,90030,US,33.7866,-118.2987,50014,"Kling, Boyle and Rutherford",08/03/2024
805,Worth,Greenaway,wgreenawaymc@odnoklassniki.ru,Male,1999,Buick,Century,Fort Lauderdale,Florida,33336,US,26.1219,-80.1436,70010,Carter-Mueller,10/20/2022
806,Kerry,Scottesmoor,kscottesmoormd@google.pl,Male,2004,Spyker,C8 Laviolette,Davenport,Iowa,52809,US,41.613,-90.6063,36792,Simonis Group,09/04/2023
807,Granthem,Jebb,gjebbme@youku.com,Male,2007,Toyota,Tacoma,Long Beach,California,90840,US,33.7843,-118.1157,75034,Corwin Inc,10/21/2022
808,Gill,Kose,gkosemf@tuttocitta.it,Male,2007,Mitsubishi,Galant,Boston,Massachusetts,02163,US,42.3253,-71.1122,87693,Sanford-Baumbach,12/04/2024
809,Corabel,Stevens,cstevensmg@reverbnation.com,Bigender,2005,Chrysler,Town & Country,Montgomery,Alabama,36134,US,32.2334,-86.2085,54316,"Schmitt, Stark and Leuschke",08/27/2025
810,Lainey,Overell,loverellmh@webs.com,Genderfluid,1999,Honda,Prelude,San Diego,California,92121,US,32.8919,-117.2035,32403,"Carroll, Boyer and Huel",10/13/2023
811,Luis,Peverell,lpeverellmi@alexa.com,Male,2006,GMC,Sierra 3500,Cincinnati,Ohio,45223,US,39.1696,-84.5478,90115,Schaefer Group,07/20/2023
812,Delly,Bonnick,dbonnickmj@homestead.com,Female,2000,Mercedes-Benz,SLK-Class,Wilmington,Delaware,19805,US,39.7434,-75.5827,59855,"Zboncak, Kutch and Hyatt",07/05/2024
813,Iona,Guswell,iguswellmk@purevolume.com,Female,2006,Ford,Freestyle,Pittsburgh,Pennsylvania,15266,US,40.4344,-80.0248,75158,Morar Group,01/03/2025
814,Sidonia,Francom,sfrancomml@chicagotribune.com,Female,1987,Porsche,944,Sacramento,California,95813,US,38.6026,-121.4475,71580,Wintheiser-Kessler,09/02/2023
815,Stefa,Briston,sbristonmm@twitter.com,Female,1988,Buick,Skyhawk,Oakland,California,94660,US,37.6802,-121.9215,43846,"Zemlak, Jerde and Armstrong",01/31/2024
816,Jilly,Kendrick,jkendrickmn@slashdot.org,Female,2008,Suzuki,Forenza,Chandler,Arizona,85246,US,33.2765,-112.1872,37210,Haag LLC,04/04/2024
817,Blair,Champe,bchampemo@mail.ru,Male,2011,Volkswagen,Jetta,San Diego,California,92165,US,33.0169,-116.846,62630,Collier-Abernathy,05/04/2023
818,Juliann,Marley,jmarleymp@wufoo.com,Female,2008,Toyota,Camry Hybrid,Sacramento,California,94263,US,38.3774,-121.4444,54314,"Weimann, Hilll and Brakus",10/25/2024
819,Gian,Licence,glicencemq@ezinearticles.com,Male,2000,Dodge,Ram Van 1500,Kansas City,Missouri,64179,US,39.035,-94.3567,67938,"Armstrong, Wehner and McCullough",02/17/2022
820,Cornelle,Castagne,ccastagnemr@paypal.com,Female,1997,Pontiac,Grand Prix,San Antonio,Texas,78245,US,29.4189,-98.6895,67823,Wolff-Altenwerth,11/18/2022
821,Mariam,Broadway,mbroadwayms@who.int,Female,2008,Chevrolet,Suburban 2500,Akron,Ohio,44315,US,41.028,-81.4632,76800,Bahringer LLC,05/10/2024
822,Arnoldo,Nelm,anelmmt@oakley.com,Male,2008,Volvo,S60,Kansas City,Kansas,66160,US,39.0966,-94.7495,62524,Moore Inc,03/23/2022
823,Bondy,Fouldes,bfouldesmu@blogger.com,Non-binary,1992,Toyota,MR2,Baltimore,Maryland,21211,US,39.3316,-76.6336,35335,Greenfelder-Hahn,07/20/2022
824,Cristian,Lerwill,clerwillmv@nba.com,Male,2010,Nissan,Altima,Waterbury,Connecticut,06705,US,41.5503,-72.9963,69759,Murray Group,08/04/2023
825,Whitney,Shurlock,wshurlockmw@dropbox.com,Female,1988,Porsche,924,Des Moines,Iowa,50320,US,41.5487,-93.5827,43286,Nolan-Schoen,09/03/2022
826,Anita,De Leek,adeleekmx@nydailynews.com,Female,1997,GMC,Savana 3500,Vancouver,Washington,98687,US,45.8016,-122.5203,43318,"Crist, Stark and Fisher",09/16/2023
827,Norton,Gosselin,ngosselinmy@shop-pro.jp,Male,2013,BMW,X6,Brea,California,92822,US,33.9187,-117.8892,46721,"Turcotte, Stiedemann and Schaefer",03/13/2023
828,Shepherd,Vassar,svassarmz@baidu.com,Male,2011,Honda,CR-V,North Hollywood,California,91606,US,34.1872,-118.3865,49403,Aufderhar-Kunde,01/01/2024
829,Britte,Robiot,brobiotn0@acquirethisname.com,Female,2005,Ford,Taurus,Mobile,Alabama,36605,US,30.6341,-88.0846,31466,Koss-Mayert,02/26/2025
830,Ange,Clear,aclearn1@harvard.edu,Male,2011,Aston Martin,V12 Vantage,Juneau,Alaska,99812,US,58.3271,-134.4742,47564,Yundt Inc,04/17/2023
831,Tammie,Lehrer,tlehrern2@goodreads.com,Female,2007,Lincoln,Navigator L,Augusta,Georgia,30905,US,33.413,-82.1337,94124,Jacobi Group,04/23/2023
832,Dalton,Fowles,dfowlesn3@kickstarter.com,Male,2009,Chevrolet,Equinox,Kingsport,Tennessee,37665,US,36.5799,-82.5733,89449,Heaney Group,01/20/2023
833,Madelon,Caraher,mcarahern4@cafepress.com,Female,2011,Aston Martin,DB9,Omaha,Nebraska,68144,US,41.2335,-96.1188,89055,Sporer-Quitzon,10/11/2023
834,Martina,Haresign,mharesignn5@theglobeandmail.com,Female,2011,Audi,A4,Lake Worth,Florida,33462,US,26.5747,-80.0794,35097,Lowe-Kozey,10/28/2025
835,Ozzie,Ambler,oamblern6@bing.com,Male,2007,Acura,TL,Atlanta,Georgia,31119,US,33.8913,-84.0746,76895,Terry-Runolfsdottir,08/01/2024
836,Orly,Cowope,ocowopen7@hibu.com,Female,2004,BMW,325,Philadelphia,Pennsylvania,19093,US,40.0018,-75.1179,68302,"Bogan, Kling and Jaskolski",02/06/2023
837,Alvie,Livett,alivettn8@prweb.com,Male,2012,Subaru,Tribeca,Memphis,Tennessee,38131,US,35.0664,-89.9921,84360,"Kshlerin, Greenfelder and Casper",08/18/2025
838,Tarra,Imlacke,timlacken9@archive.org,Female,2005,Buick,Rendezvous,Washington,District of Columbia,20442,US,38.896,-77.0177,63077,"Altenwerth, Rohan and Stroman",10/11/2025
839,Marabel,Carletto,mcarlettona@squarespace.com,Female,1998,Kia,Sephia,Fort Lauderdale,Florida,33320,US,26.1625,-80.2582,36522,Grant LLC,05/12/2025
840,Wally,McBrier,wmcbriernb@surveymonkey.com,Male,2003,Jaguar,X-Type,Baltimore,Maryland,21290,US,39.2933,-76.6238,72153,Cremin Inc,02/09/2025
841,Corny,Mewes,cmewesnc@newyorker.com,Male,2009,Audi,A8,Birmingham,Alabama,35210,US,33.5452,-86.6655,79502,Aufderhar Inc,01/07/2023
842,Michael,Chalke,mchalkend@prnewswire.com,Male,2010,Subaru,Impreza WRX,Atlanta,Georgia,30306,US,33.786,-84.3514,43945,Leuschke and Sons,02/10/2023
843,Hatti,Boncoeur,hboncoeurne@tripadvisor.com,Genderqueer,1996,Mitsubishi,Galant,Tacoma,Washington,98411,US,47.0662,-122.1132,42580,Gulgowski and Sons,12/08/2022
844,Maude,Gianiello,mgianiellonf@symantec.com,Polygender,1992,Mitsubishi,Mighty Max Macro,Trenton,New Jersey,08638,US,40.251,-74.7627,55746,Pollich-Breitenberg,04/13/2025
845,Edd,Pettus,epettusng@ibm.com,Male,1987,Volkswagen,Jetta,San Antonio,Texas,78210,US,29.3977,-98.4658,31384,"Stracke, Orn and Witting",04/21/2025
846,Corrianne,Fendlow,cfendlownh@narod.ru,Female,1992,Eagle,Premier,Helena,Montana,59623,US,46.5901,-112.0402,57119,"O'Kon, Ortiz and Marquardt",05/05/2022
847,Davina,Leneve,dleneveni@java.com,Female,1993,Ford,Crown Victoria,Columbus,Georgia,31914,US,32.491,-84.8741,97156,"Wiza, Farrell and Jacobs",01/15/2023
848,Barb,Farden,bfardennj@twitter.com,Female,1997,Lotus,Esprit,Kansas City,Kansas,66105,US,39.085,-94.6356,79347,Jaskolski-Murphy,08/11/2023
849,Barbara,Carillo,bcarillonk@typepad.com,Female,1988,Ford,F-Series,Phoenix,Arizona,85040,US,33.4061,-112.0265,33711,"Kirlin, Hermann and Hermann",06/12/2025
850,Briggs,Tolson,btolsonnl@mac.com,Male,1995,Mazda,MX-5,New York City,New York,10125,US,40.7808,-73.9772,32872,Kerluke LLC,12/15/2024
851,Chrystal,MacLaig,cmaclaignm@stumbleupon.com,Female,1998,Mercury,Mountaineer,Albuquerque,New Mexico,87140,US,35.0443,-106.6729,56221,Witting-Zemlak,01/05/2023
852,Chev,Trude,ctrudenn@discovery.com,Male,2000,Saturn,L-Series,Reno,Nevada,89510,US,39.7699,-119.6027,66816,Paucek Inc,12/25/2025
853,Tobye,Cattell,tcattellno@state.gov,Female,2005,Maybach,57,Knoxville,Tennessee,37924,US,36.032,-83.8021,86108,Moore and Sons,10/07/2025
854,Starlin,Bamlett,sbamlettnp@dyndns.org,Female,2002,BMW,M3,Albany,New York,12205,US,42.7198,-73.8207,64499,Bahringer-Brekke,06/14/2023
855,Lucky,Anderbrugge,landerbruggenq@msn.com,Female,1978,Dodge,Omni,Topeka,Kansas,66642,US,39.0429,-95.7697,51082,Conroy Group,04/17/2024
856,Caressa,Crummey,ccrummeynr@nba.com,Female,2010,Mitsubishi,Lancer Evolution,Winston Salem,North Carolina,27110,US,36.0275,-80.2073,75940,Osinski LLC,08/12/2024
857,Timmy,Henbury,thenburyns@quantcast.com,Genderqueer,1999,Ford,Mustang,Sarasota,Florida,34238,US,27.2427,-82.4751,35421,Zemlak LLC,02/15/2023
858,Bruno,Danilchev,bdanilchevnt@histats.com,Male,2000,Land Rover,Discovery,Austin,Texas,78721,US,30.2721,-97.6868,59516,Morar LLC,03/06/2022
859,Hazel,Thurbon,hthurbonnu@discovery.com,Male,2009,Cadillac,XLR-V,Texarkana,Texas,75507,US,33.3934,-94.3404,37800,"Jast, Spinka and Hayes",10/29/2025
860,Collen,Gerling,cgerlingnv@huffingtonpost.com,Female,2011,Hyundai,Equus,Washington,District of Columbia,20215,US,38.8933,-77.0146,30294,Rippin and Sons,02/22/2025
861,Any,Steanyng,asteanyngnw@thetimes.co.uk,Male,2005,Honda,Accord,Colorado Springs,Colorado,80945,US,38.8247,-104.562,36230,"Koch, Hayes and Hand",09/22/2024
862,Allen,Startin,astartinnx@scientificamerican.com,Male,2002,Dodge,Caravan,New York City,New York,10099,US,40.7808,-73.9772,85853,Gusikowski Group,02/03/2025
863,Ag,Dhenin,adheninny@topsy.com,Female,1997,Dodge,Ram 1500 Club,Waco,Texas,76711,US,31.5175,-97.1547,45761,Kessler Group,04/20/2024
864,Nat,Sorbie,nsorbienz@mediafire.com,Female,2006,Toyota,Sequoia,Albany,New York,12210,US,42.6568,-73.7605,94446,"Schuppe, Kozey and Erdman",01/03/2023
865,Spencer,Sandercroft,ssandercrofto0@shutterfly.com,Agender,2001,Isuzu,VehiCROSS,Young America,Minnesota,55557,US,44.8055,-93.7665,72339,"Treutel, Ebert and Tillman",08/11/2024
866,Eba,De Benedetti,edebenedettio1@artisteer.com,Female,1988,Pontiac,Safari,Phoenix,Arizona,85062,US,33.2765,-112.1872,65736,Prosacco and Sons,02/16/2023
867,Anselm,Bellay,abellayo2@nytimes.com,Male,1993,Ford,Festiva,Indianapolis,Indiana,46231,US,39.7038,-86.3029,62780,Cassin-Swift,03/06/2023
868,Timoteo,Royall,troyallo3@constantcontact.com,Male,2010,Dodge,Avenger,Wilmington,Delaware,19886,US,39.5645,-75.597,66351,Ebert-Corkery,08/13/2023
869,Shellie,Baile,sbaileo4@accuweather.com,Female,2011,Bugatti,Veyron,Lincoln,Nebraska,68517,US,40.9317,-96.6045,84518,"Shanahan, Dickens and Ritchie",05/29/2024
870,Halsy,Bleything,hbleythingo5@nytimes.com,Male,2005,Pontiac,GTO,Roanoke,Virginia,24048,US,37.2742,-79.9579,54939,Hahn-Stanton,04/01/2025
871,Shamus,Forstall,sforstallo6@stumbleupon.com,Male,1995,Ford,Explorer,Saint Petersburg,Florida,33742,US,27.8918,-82.7248,88868,Ledner Group,02/19/2023
872,Goran,Holley,gholleyo7@examiner.com,Male,1995,Dodge,Dakota,Virginia Beach,Virginia,23454,US,36.8282,-76.0237,40962,"Rodriguez, Jast and Boehm",05/21/2025
873,Carmina,Clamp,cclampo8@google.com.br,Female,1998,Toyota,T100 Xtra,Tacoma,Washington,98417,US,47.2061,-122.4822,80693,Shields-Schaefer,11/08/2023
874,Constancy,Pays,cpayso9@wikipedia.org,Female,2000,Hyundai,Elantra,Arlington,Virginia,22212,US,38.8808,-77.113,57527,West LLC,11/20/2023
875,Mozelle,MacLennan,mmaclennanoa@photobucket.com,Female,2002,Toyota,Celica,Brockton,Massachusetts,02305,US,41.9705,-70.7014,68668,Johnson and Sons,02/28/2025
876,Cristabel,Byford,cbyfordob@trellian.com,Female,1988,Pontiac,Firebird,Anchorage,Alaska,99507,US,61.1535,-149.8289,31180,"Goodwin, Jerde and Schinner",08/24/2023
877,Nikolas,Coopman,ncoopmanoc@virginia.edu,Male,2002,Pontiac,Grand Prix,Shawnee Mission,Kansas,66205,US,39.0312,-94.6308,72760,"Swift, Waelchi and Mitchell",08/04/2022
878,Lind,Jeaneau,ljeaneauod@yandex.ru,Genderqueer,2006,Jaguar,X-Type,Henderson,Nevada,89074,US,36.0384,-115.0857,96374,Grimes Inc,03/22/2023
879,Nikolaus,Bevar,nbevaroe@digg.com,Male,1992,Cadillac,Eldorado,Miami,Florida,33153,US,25.8655,-80.1936,49393,Kshlerin-Ankunding,08/29/2024
880,Renell,Stovin,rstovinof@google.es,Female,2000,Pontiac,Montana,Flushing,New York,11355,US,40.7536,-73.8226,60845,Collins-Cremin,02/13/2025
881,Linnie,Coale,lcoaleog@blogspot.com,Female,1997,Dodge,Ram 2500 Club,Flushing,New York,11355,US,40.7536,-73.8226,70087,Larson-Kuhic,10/24/2024
882,Geordie,Finnie,gfinnieoh@virginia.edu,Male,2006,Kia,Spectra5,Springfield,Virginia,22156,US,38.8318,-77.2888,35754,Paucek Group,03/30/2022
883,Ingaberg,Gabey,igabeyoi@exblog.jp,Genderqueer,2002,Mitsubishi,Lancer,Oklahoma City,Oklahoma,73119,US,35.421,-97.5616,43313,"Schaefer, Feil and Torp",11/30/2022
884,Catherina,Pollack,cpollackoj@studiopress.com,Female,2001,Chevrolet,Express 2500,Littleton,Colorado,80126,US,39.5437,-104.9691,50636,Von LLC,12/06/2023
885,Elliott,Hawkeridge,ehawkeridgeok@pagesperso-orange.fr,Male,2004,Spyker,C8 Laviolette,Denver,Colorado,80291,US,39.7439,-104.9876,87631,Lehner-Blick,05/14/2022
886,Marya,Brookwood,mbrookwoodol@reference.com,Non-binary,1991,Volkswagen,Corrado,Mobile,Alabama,36622,US,30.6589,-88.178,50721,Dooley Group,03/22/2025
887,Meir,Orman,mormanom@jimdo.com,Male,2004,Dodge,Viper,Panama City,Florida,32405,US,30.1949,-85.6727,35626,Kutch Group,08/18/2022
888,Rhona,Brumfield,rbrumfieldon@latimes.com,Female,2000,Buick,Century,Charleston,West Virginia,25336,US,38.2968,-81.5547,71325,"Jacobson, Koss and Fay",04/04/2023
889,Luise,Darker,ldarkeroo@engadget.com,Female,2007,Suzuki,Grand Vitara,El Paso,Texas,88553,US,31.6948,-106.3,73282,"Carter, Konopelski and Shanahan",01/22/2025
890,Jenifer,Overshott,jovershottop@jiathis.com,Female,2002,Volkswagen,rio,Huntington,West Virginia,25770,US,38.4134,-82.2774,75466,Hammes Group,06/13/2022
891,Aubrey,Jellard,ajellardoq@alexa.com,Male,1990,Mercury,Grand Marquis,Bloomington,Indiana,47405,US,39.1682,-86.5186,91756,Borer-Thiel,07/22/2025
892,Reinaldos,Dusting,rdustingor@ovh.net,Male,1994,Ford,Lightning,Naples,Florida,33963,US,26.2626,-81.8071,41301,"Bins, Stanton and Kshlerin",08/18/2022
893,Rozalin,Braithwaite,rbraithwaiteos@patch.com,Female,2003,Ford,Taurus,Sacramento,California,94286,US,38.3774,-121.4444,90239,"Walsh, Zulauf and Dickinson",03/12/2023
894,Ban,Wragg,bwraggot@yellowbook.com,Male,2005,Maybach,57S,Washington,District of Columbia,20046,US,38.8933,-77.0146,96847,Cremin-Reynolds,07/02/2022
895,Pearle,Durrant,pdurrantou@msn.com,Female,1988,Ford,Escort,Buffalo,New York,14225,US,42.9255,-78.7481,88878,Lind Group,04/26/2024
896,Gabriel,Lilie,glilieov@google.co.uk,Male,1992,Dodge,Ram Van B250,Athens,Georgia,30610,US,33.9443,-83.3891,67768,Haag-Schimmel,11/20/2023
897,Ingrim,Musselwhite,imusselwhiteow@salon.com,Male,2008,Maserati,GranTurismo,Arlington,Virginia,22205,US,38.8836,-77.1395,80917,Murray LLC,06/26/2023
898,Flemming,Withringten,fwithringtenox@about.me,Male,2003,Kia,Rio,Mobile,Alabama,36622,US,30.6589,-88.178,34201,"Hane, Dickinson and Von",04/24/2025
899,Siegfried,Adamthwaite,sadamthwaiteoy@g.co,Male,1997,Ford,Econoline E350,Boston,Massachusetts,02109,US,42.36,-71.0545,42055,Mohr Group,07/14/2022
900,Zorah,Dines,zdinesoz@bandcamp.com,Female,2006,Chevrolet,Silverado 3500,Minneapolis,Minnesota,55412,US,45.0242,-93.302,65677,"Orn, Emmerich and Marvin",04/21/2022
901,Vergil,De Zuani,vdezuanip0@flavors.me,Male,1997,Buick,Riviera,Dallas,Texas,75231,US,32.8756,-96.7495,59720,Kemmer and Sons,08/11/2024
902,Maje,Alesio,malesiop1@merriam-webster.com,Male,1990,Pontiac,Firefly,Atlanta,Georgia,30301,US,33.8444,-84.474,32179,Hahn Group,12/11/2023
903,Ash,Basezzi,abasezzip2@cyberchimps.com,Male,1992,Chevrolet,Camaro,Greensboro,North Carolina,27409,US,36.0777,-79.9086,60633,Waters and Sons,12/24/2022
904,Alyss,Gladstone,agladstonep3@google.nl,Female,1997,Chrysler,LHS,Brooklyn,New York,11205,US,40.6924,-73.9666,96938,"Kulas, Fay and Terry",02/18/2025
905,Elliot,Lancaster,elancasterp4@sourceforge.net,Genderfluid,1999,Oldsmobile,Silhouette,Annapolis,Maryland,21405,US,39.0305,-76.5515,57027,Goldner-Ortiz,11/09/2025
906,Wylie,Spriddle,wspriddlep5@go.com,Male,2012,Nissan,Sentra,Melbourne,Florida,32941,US,27.9246,-80.5235,94313,Smitham and Sons,07/28/2025
907,Sarene,Bosanko,sbosankop6@squidoo.com,Female,2006,BMW,760,Boulder,Colorado,80310,US,40.0878,-105.3735,78666,"Sporer, Turcotte and Roberts",01/09/2023
908,Olag,Titmus,otitmusp7@over-blog.com,Male,2012,Ford,E-Series,Rochester,New York,14683,US,43.286,-77.6843,84294,"Stiedemann, Stark and Witting",10/21/2025
909,Clementius,Froment,cfromentp8@blogger.com,Male,1995,Buick,Coachbuilder,Stockton,California,95298,US,37.9577,-121.2897,76075,"Kassulke, Durgan and Rosenbaum",08/01/2022
910,Dulcy,Wheatcroft,dwheatcroftp9@wikipedia.org,Genderqueer,2012,Porsche,Cayman,Springfield,Illinois,62776,US,39.7495,-89.606,43685,Goyette Group,03/21/2024
911,Lisha,Mesias,lmesiaspa@ft.com,Female,2003,Pontiac,Vibe,Boynton Beach,Florida,33436,US,26.5354,-80.1124,72550,Lueilwitz LLC,07/28/2023
912,Michel,Wollrauch,mwollrauchpb@miitbeian.gov.cn,Female,2005,Honda,Accord,Dearborn,Michigan,48126,US,42.3349,-83.1801,63817,"Goldner, Sawayn and Huels",03/25/2025
913,Jacquette,Di Meo,jdimeopc@technorati.com,Female,1997,Chevrolet,Corvette,West Palm Beach,Florida,33421,US,26.6459,-80.4303,37559,Klein and Sons,03/24/2024
914,Vernon,Wimmers,vwimmerspd@wordpress.com,Male,2001,Ford,ZX2,Des Moines,Iowa,50305,US,41.6727,-93.5722,98505,Dare LLC,10/22/2024
915,Maison,Laurenzi,mlaurenzipe@spotify.com,Male,2001,Chevrolet,Corvette,Saint Paul,Minnesota,55114,US,44.968,-93.1981,39322,"McDermott, Nicolas and Parisian",03/23/2022
916,Hilarius,Fleckno,hflecknopf@google.com,Male,1986,Volkswagen,Jetta,Huntington,West Virginia,25726,US,38.4134,-82.2774,98773,Mosciski-Bashirian,06/22/2022
917,Filip,Kowalski,fkowalskipg@wordpress.org,Male,1997,Toyota,Land Cruiser,Winston Salem,North Carolina,27110,US,36.0275,-80.2073,31729,Turcotte Inc,12/25/2024
918,Prudi,Highnam,phighnamph@mysql.com,Female,2008,Mitsubishi,Lancer,San Francisco,California,94154,US,37.7848,-122.7278,44375,"Hammes, Hessel and Lockman",07/15/2022
919,Candide,Bagnell,cbagnellpi@mit.edu,Female,1998,Mazda,Protege,Fort Worth,Texas,76178,US,32.7714,-97.2915,96029,"Hauck, Konopelski and Rau",05/03/2022
920,Giacopo,Vynarde,gvynardepj@istockphoto.com,Male,2001,Buick,Regal,Indianapolis,Indiana,46202,US,39.7851,-86.1595,39423,"Fay, Schimmel and Farrell",08/24/2025
921,Cassius,Biesinger,cbiesingerpk@1und1.de,Male,2003,Mazda,Tribute,Houston,Texas,77080,US,29.8159,-95.523,95785,Kuhlman-Glover,03/29/2024
922,Simmonds,Kenyon,skenyonpl@wufoo.com,Male,2008,Ford,Ranger,Pompano Beach,Florida,33064,US,26.2785,-80.1157,53177,Hodkiewicz-Wiegand,08/10/2025
923,Doll,Grisley,dgrisleypm@jugem.jp,Female,1984,Ford,Mustang,Decatur,Georgia,30089,US,33.7749,-84.3046,43288,Leffler-Lindgren,11/23/2024
924,Legra,Bramah,lbramahpn@squarespace.com,Female,1997,Mercury,Mountaineer,Jacksonville,Florida,32236,US,30.3449,-81.6831,83983,Koelpin Inc,08/08/2025
925,Sherrie,Gioani,sgioanipo@cpanel.net,Female,2008,Toyota,Camry,Billings,Montana,59112,US,45.9783,-108.1945,30634,"Roob, Shields and Morar",09/24/2022
926,Niki,Applegarth,napplegarthpp@desdev.cn,Female,2000,Ford,F150,Saint Joseph,Missouri,64504,US,39.7076,-94.8677,91859,Hodkiewicz-Willms,07/19/2023
927,Ardith,Ivatt,aivattpq@printfriendly.com,Genderqueer,1980,Ford,Thunderbird,New York City,New York,10110,US,40.754,-73.9808,42417,"Dach, Welch and McCullough",05/15/2022
928,Maurise,Bellelli,mbellellipr@bigcartel.com,Male,1999,Mercedes-Benz,SL-Class,Boulder,Colorado,80328,US,40.0878,-105.3735,84106,"Hane, Mann and Daniel",05/28/2024
929,Ernestus,O'Hagan,eohaganps@blinklist.com,Male,2009,Mercedes-Benz,CL-Class,Buffalo,New York,14210,US,42.8614,-78.8206,58432,Toy-Frami,02/28/2022
930,Doretta,Ravenscroft,dravenscroftpt@theguardian.com,Female,2000,Honda,Odyssey,Colorado Springs,Colorado,80910,US,38.8152,-104.7703,57385,Watsica Inc,06/20/2022
931,Jere,Tomczykiewicz,jtomczykiewiczpu@51.la,Female,1989,Acura,Legend,Fresno,California,93740,US,36.7464,-119.6397,94908,"Lindgren, Legros and Parker",12/16/2022
932,Jourdan,Reisen,jreisenpv@blogspot.com,Female,1997,Jeep,Wrangler,Springfield,Virginia,22156,US,38.8318,-77.2888,55375,Kozey-Von,04/02/2023
933,Galven,Whipp,gwhipppw@bravesites.com,Male,2009,Audi,S6,Jefferson City,Missouri,65110,US,38.5309,-92.2493,36482,Jerde LLC,01/30/2025
934,Stacey,Clewley,sclewleypx@skyrock.com,Female,1997,Isuzu,Hombre Space,Kalamazoo,Michigan,49048,US,42.3189,-85.5152,70167,Moore LLC,12/07/2023
935,Stacie,Ruddiforth,sruddiforthpy@comsenz.com,Female,1998,Ford,Explorer,Johnstown,Pennsylvania,15906,US,40.3522,-78.9383,76646,"Roob, Fisher and Leuschke",12/15/2023
936,Maud,Filipowicz,mfilipowiczpz@archive.org,Female,2005,Chevrolet,Express 1500,Dallas,Texas,75379,US,32.7673,-96.7776,34977,Koss Group,04/17/2024
937,Haley,Walsh,hwalshq0@bing.com,Agender,1999,Buick,Regal,Boise,Idaho,83757,US,43.4599,-116.244,62690,Koepp-Rice,06/19/2024
938,Maiga,Cote,mcoteq1@hc360.com,Female,1992,Plymouth,Colt Vista,Baton Rouge,Louisiana,70826,US,30.5159,-91.0804,58140,Anderson and Sons,07/27/2025
939,Betsey,Wardle,bwardleq2@unicef.org,Female,2005,Acura,RSX,Austin,Texas,78744,US,30.1876,-97.7472,45162,"Ledner, Hammes and Senger",06/29/2022
940,Shaina,Redholes,sredholesq3@redcross.org,Female,2004,Spyker,C8 Laviolette,Grand Rapids,Michigan,49544,US,43.0073,-85.7255,95236,"Renner, Gutmann and Rogahn",03/08/2024
941,Serge,Czajkowski,sczajkowskiq4@yelp.com,Male,1993,Nissan,240SX,Visalia,California,93291,US,36.3551,-119.301,79299,Reinger and Sons,01/14/2026
942,Charmian,Leupoldt,cleupoldtq5@hp.com,Female,1995,Oldsmobile,Aurora,Tampa,Florida,33686,US,27.872,-82.4388,98467,Durgan Group,12/06/2024
943,Ardra,Bohike,abohikeq6@yahoo.com,Female,1997,Chevrolet,Tahoe,Amarillo,Texas,79105,US,35.4015,-101.8951,43996,Nienow and Sons,02/03/2024
944,Cecil,Ginnety,cginnetyq7@unicef.org,Female,2008,Pontiac,Solstice,Maple Plain,Minnesota,55572,US,45.0159,-93.4719,48995,Fay and Sons,07/05/2022
945,Enrico,Eilhart,eeilhartq8@elpais.com,Male,2004,Chevrolet,S10,Houston,Texas,77070,US,29.9781,-95.5803,51593,Runte and Sons,10/08/2024
946,Bride,Brumfitt,bbrumfittq9@intel.com,Female,2005,Chevrolet,Silverado 3500,Gadsden,Alabama,35905,US,33.9352,-85.9576,85940,Schuppe-Dickinson,09/10/2023
947,Wilden,McAnalley,wmcanalleyqa@weibo.com,Male,1998,Toyota,Tacoma Xtra,South Bend,Indiana,46699,US,41.5968,-86.293,43880,Koelpin and Sons,02/19/2022
948,Ripley,McKee,rmckeeqb@time.com,Male,2001,Kia,Rio,Akron,Ohio,44393,US,41.1287,-81.54,92914,Keeling Inc,01/03/2026
949,Frankie,Redmayne,fredmayneqc@fotki.com,Female,2003,MINI,Cooper,Everett,Washington,98206,US,47.8599,-122.2848,37212,Kilback-Wuckert,11/23/2025
950,Baily,Aikett,baikettqd@so-net.ne.jp,Male,2001,Chevrolet,Corvette,Albany,New York,12232,US,42.6149,-73.9708,30134,"Witting, Carroll and Konopelski",09/15/2023
951,Barrie,Sturdgess,bsturdgessqe@engadget.com,Male,1968,Dodge,Charger,Columbus,Ohio,43204,US,39.9523,-83.078,35206,"Rutherford, Hintz and Kutch",06/21/2022
952,Worthy,Dear,wdearqf@sciencedirect.com,Male,2004,Suzuki,Grand Vitara,Dayton,Ohio,45440,US,39.6749,-84.1136,58443,Schultz-Keeling,09/30/2023
953,Luelle,Marrill,lmarrillqg@so-net.ne.jp,Female,2005,Scion,xA,West Palm Beach,Florida,33405,US,26.67,-80.0582,35538,Schiller-Wiza,03/21/2025
954,Amelita,Trench,atrenchqh@globo.com,Female,2006,GMC,Sierra 3500HD,Vancouver,Washington,98682,US,45.6644,-122.5212,96649,McDermott-Hudson,06/18/2023
955,Harriott,Canet,hcanetqi@alibaba.com,Female,2005,Lamborghini,Gallardo,El Paso,Texas,88541,US,31.6948,-106.3,77179,Bechtelar-Heller,12/20/2024
956,Lari,Blant,lblantqj@mail.ru,Female,2010,Subaru,Legacy,Wilmington,Delaware,19886,US,39.5645,-75.597,80338,"Windler, Beer and Grant",06/05/2023
957,Biddie,Mougin,bmouginqk@harvard.edu,Female,2008,Audi,S8,Phoenix,Arizona,85010,US,33.2765,-112.1872,99472,"Witting, Emmerich and Lebsack",09/21/2022
958,Anabal,Churchyard,achurchyardql@fema.gov,Female,1995,Suzuki,Swift,Rochester,New York,14624,US,43.1216,-77.7311,34726,Rice-McCullough,04/02/2023
959,Maynard,Dressel,mdresselqm@delicious.com,Male,2003,Cadillac,CTS,Saint Louis,Missouri,63143,US,38.6111,-90.3225,61809,"Roob, D'Amore and Ratke",06/20/2023
960,Tab,Siss,tsissqn@sciencedaily.com,Male,1995,Ford,Mustang,Cape Coral,Florida,33915,US,26.6599,-81.8934,62115,"Pfannerstill, Ebert and Wiegand",04/04/2022
961,Fidelio,Santo,fsantoqo@nih.gov,Male,2001,Nissan,Sentra,Akron,Ohio,44305,US,41.076,-81.4644,31894,Keebler-Balistreri,03/01/2025
962,Sallyanne,Polotti,spolottiqp@sfgate.com,Female,1996,Pontiac,Grand Prix,Lubbock,Texas,79415,US,33.6021,-101.876,31545,"Swift, Reichel and Hayes",10/17/2024
963,Livia,Nadin,lnadinqq@msu.edu,Female,2011,Nissan,Xterra,Bakersfield,California,93311,US,35.3039,-119.1056,75923,Jacobson-Dicki,02/14/2024
964,Minda,Welford,mwelfordqr@who.int,Polygender,2011,Honda,CR-Z,Bridgeport,Connecticut,06606,US,41.2091,-73.2086,39752,Kertzmann-Jacobs,09/09/2024
965,Carlota,Vanyakin,cvanyakinqs@drupal.org,Female,2010,Lincoln,Town Car,Arlington,Virginia,22205,US,38.8836,-77.1395,93318,"Glover, Douglas and Huels",12/15/2024
966,Sonny,Dockrell,sdockrellqt@ifeng.com,Male,1993,Mercedes-Benz,300CE,Washington,District of Columbia,20425,US,38.8933,-77.0146,93243,"Franecki, Heathcote and White",09/13/2024
967,Farr,Willard,fwillardqu@cmu.edu,Male,2005,Dodge,Neon,Flushing,New York,11388,US,40.6514,-73.8708,85529,"Mosciski, Mohr and Brakus",05/04/2022
968,Grace,Kerswell,gkerswellqv@networksolutions.com,Male,1997,Plymouth,Neon,Trenton,New Jersey,08695,US,40.2805,-74.712,81055,"Dibbert, Walsh and Kling",06/13/2025
969,Brandais,Elliot,belliotqw@topsy.com,Female,2003,Chevrolet,Monte Carlo,Grand Rapids,Michigan,49560,US,43.0314,-85.5503,79295,Reichert Group,09/19/2024
970,Remy,Critchard,rcritchardqx@parallels.com,Female,1999,Mercury,Mystique,Pasadena,California,91186,US,33.7866,-118.2987,74136,Lemke-Hoppe,07/10/2022
971,Jacquelynn,Castan,jcastanqy@mysql.com,Female,1995,Toyota,Avalon,Rochester,Minnesota,55905,US,44.0225,-92.4668,32868,Bins LLC,09/25/2025
972,Anabella,Baybutt,abaybuttqz@zdnet.com,Female,1996,Kia,Sephia,Santa Fe,New Mexico,87592,US,35.5212,-105.9818,37092,"Hyatt, Franecki and Jaskolski",04/01/2023
973,Simonette,Bradder,sbradderr0@rakuten.co.jp,Female,1993,Dodge,Viper RT/10,San Diego,California,92132,US,32.6437,-117.1384,80603,Maggio and Sons,03/17/2024
974,Dav,Woodrooffe,dwoodrooffer1@gnu.org,Male,1994,Oldsmobile,Ciera,Jacksonville,Florida,32277,US,30.3704,-81.5864,63365,"Runolfsson, Kohler and Terry",04/04/2022
975,Brook,Brazenor,bbrazenorr2@washington.edu,Male,1983,Pontiac,Sunbird,Charleston,South Carolina,29403,US,32.7976,-79.9493,35847,Mante LLC,04/04/2022
976,Peggi,Ryles,prylesr3@etsy.com,Female,2012,Buick,LaCrosse,Dallas,Texas,75246,US,32.7948,-96.7697,45482,"Jast, Bartell and Satterfield",07/23/2024
977,Moe,Dubose,mduboser4@de.vu,Male,2012,Jaguar,XK,Memphis,Tennessee,38131,US,35.0664,-89.9921,56383,Toy-Gleichner,07/05/2025
978,Lilyan,Stovell,lstovellr5@t-online.de,Female,1990,Volkswagen,Corrado,Trenton,New Jersey,08638,US,40.251,-74.7627,48840,Lebsack-Hagenes,10/15/2022
979,Alica,Harback,aharbackr6@upenn.edu,Female,1992,Dodge,Spirit,Memphis,Tennessee,38188,US,35.2017,-89.9715,50879,"Kilback, Johnson and Mayert",02/21/2025
980,Magdalen,Gittoes,mgittoesr7@about.me,Female,1993,Chevrolet,3500,Boston,Massachusetts,02298,US,42.3823,-71.0323,65881,Crona-Denesik,01/03/2025
981,Kikelia,Popplestone,kpopplestoner8@imdb.com,Non-binary,2005,Acura,MDX,Topeka,Kansas,66699,US,39.0429,-95.7697,79364,Kiehn Group,12/30/2023
982,Thurstan,Laherty,tlahertyr9@merriam-webster.com,Male,1999,Mercury,Villager,Saint Paul,Minnesota,55115,US,45.071,-92.9391,71398,Erdman and Sons,11/20/2024
983,Kinsley,Sherbrook,ksherbrookra@state.gov,Male,2007,Hyundai,Sonata,Charlotte,North Carolina,28263,US,35.2268,-80.8432,50310,Lockman-Renner,04/03/2025
984,Blaine,Botton,bbottonrb@amazon.co.uk,Male,1998,Chevrolet,S10,New Orleans,Louisiana,70165,US,30.033,-89.8826,71718,Hyatt and Sons,11/14/2024
985,Liana,Hiner,lhinerrc@nih.gov,Female,2004,Acura,TSX,Phoenix,Arizona,85072,US,33.2765,-112.1872,30603,Stokes Group,01/02/2025
986,Emiline,Broxton,ebroxtonrd@163.com,Female,2004,Ford,Explorer Sport Trac,Austin,Texas,78754,US,30.3423,-97.6673,68983,"Bayer, Runolfsdottir and Kihn",02/13/2024
987,Melissa,Topping,mtoppingre@sitemeter.com,Female,1993,Nissan,Pathfinder,Spokane,Washington,99252,US,47.6536,-117.4317,49302,Gorczany Group,10/23/2024
988,Dodie,Greening,dgreeningrf@etsy.com,Female,1996,Suzuki,Esteem,Denver,Colorado,80291,US,39.7439,-104.9876,87826,"Daugherty, MacGyver and Smitham",04/05/2023
989,Gregoire,Ollerearnshaw,gollerearnshawrg@nih.gov,Male,2002,Dodge,Durango,Schaumburg,Illinois,60193,US,42.0144,-88.0935,50083,Hills-Sauer,01/09/2024
990,Leona,Baiden,lbaidenrh@upenn.edu,Female,2011,Cadillac,DTS,Louisville,Kentucky,40293,US,38.189,-85.6768,73281,Ebert LLC,02/01/2024
991,Ertha,Kos,ekosri@booking.com,Female,2004,Buick,Rendezvous,El Paso,Texas,79928,US,31.6631,-106.1401,88965,"Torphy, Skiles and Friesen",07/18/2025
992,Amitie,Inchan,ainchanrj@walmart.com,Female,2011,Land Rover,LR4,Los Angeles,California,90189,US,34.0515,-118.2559,42647,Daugherty Inc,04/08/2025
993,Pennie,Osanne,posannerk@wix.com,Male,1995,Infiniti,G,Greenville,South Carolina,29615,US,34.8661,-82.3198,76034,"Thompson, Roob and Schmeler",08/10/2025
994,Roseanne,Peiser,rpeiserrl@yolasite.com,Female,2001,Dodge,Viper,Charlotte,North Carolina,28220,US,35.26,-80.8042,92279,"Vandervort, Greenholt and D'Amore",03/24/2023
995,Janeczka,Haruard,jharuardrm@irs.gov,Female,2009,Dodge,Sprinter,Las Vegas,Nevada,89115,US,36.2158,-115.0671,87594,"Cummings, Weissnat and Rosenbaum",10/06/2022
996,Kirk,Matis,kmatisrn@omniture.com,Male,1996,Infiniti,I,Simi Valley,California,93094,US,34.0324,-119.1343,98990,"Bartell, Roob and Denesik",08/06/2023
997,Byrle,Zecchinelli,bzecchinelliro@youtu.be,Male,1987,Volkswagen,Scirocco,New York City,New York,10115,US,40.8111,-73.9642,37131,"Kirlin, Cummings and Olson",11/08/2025
998,Stephie,Langsbury,slangsburyrp@zdnet.com,Female,2007,Honda,S2000,Muskegon,Michigan,49444,US,43.1791,-86.1989,33636,Rosenbaum Inc,08/16/2025
999,Morlee,Loughrey,mloughreyrq@usda.gov,Genderfluid,2001,Honda,S2000,Sacramento,California,95838,US,38.6406,-121.444,63075,"Fay, Metz and Aufderhar",01/15/2026
1000,Kayla,Boyfield,kboyfieldrr@netscape.com,Female,1990,Mitsubishi,Galant,Birmingham,Alabama,35290,US,33.5446,-86.9292,76234,"King, Douglas and Lueilwitz",10/10/2024
