id,firstName,lastName,email,gender,carYear,automobileMake,automobileModel,customerRegion,customerState,customerPostal,customerCountry_ISO2,customerRegionLatitude,ownerRegionLongitude,automobilePrice,customer,purchaseDate
1,Geno,Simonot,gsimonot0@google.it,Male,1995,Volkswagen,Jetta III,Waltham,Massachusetts,02453,US,42.3654,-71.2316,75152,"Kassulke, Kozey and Paucek",12/06/2024
2,Garald,Varker,gvarker1@creativecommons.org,Male,1992,Mazda,626,Washington,District of Columbia,20319,US,38.8667,-77.0166,45486,Hoppe Group,01/08/2026
3,Kaine,Diamond,kdiamond2@sohu.com,Male,1998,GMC,1500 Club Coupe,West Palm Beach,Florida,33421,US,26.6459,-80.4303,96799,"Hammes, Casper and Prosacco",09/28/2024
4,Pietrek,ffrench Beytagh,pffrenchbeytagh3@google.cn,Male,2000,Plymouth,Neon,Aurora,Colorado,80045,US,39.7467,-104.8384,62623,Rau-Pacocha,02/15/2023
5,Erin,Stinton,estinton4@gizmodo.com,Male,1985,Pontiac,Sunbird,Riverside,California,92513,US,33.7529,-116.0556,87221,Rowe Group,03/24/2025
6,Zacherie,Kernan,zkernan5@washingtonpost.com,Male,2007,Dodge,Ram 2500,Berkeley,California,94705,US,37.8571,-122.25,67004,Ziemann-Bosco,02/03/2022
7,Chloris,Marusyak,cmarusyak6@tiny.cc,Female,1967,Pontiac,Bonneville,Denver,Colorado,80299,US,39.7388,-104.4083,43356,"Goyette, Kertzmann and Ondricka",04/02/2025
8,Donny,Sircombe,dsircombe7@diigo.com,Male,2007,Saab,9-3,Las Vegas,Nevada,89166,US,36.3265,-115.3398,39328,Schmitt-Lowe,03/23/2023
9,Milena,Trevaskus,mtrevaskus8@storify.com,Female,1987,Porsche,911,Atlanta,Georgia,30358,US,33.9982,-84.3411,76403,Schultz LLC,12/13/2023
10,Guilbert,Milton,gmilton9@jalbum.net,Male,2002,Mercedes-Benz,C-Class,Tampa,Florida,33633,US,27.872,-82.4388,84925,"Ratke, Mohr and Kuphal",09/06/2022
11,Jodie,Matzkaitis,jmatzkaitisa@harvard.edu,Female,2006,Nissan,350Z,Sacramento,California,94237,US,38.3774,-121.4444,33702,"Grady, Cremin and Leannon",10/09/2025
12,Kristy,O' Hanvey,kohanveyb@admin.ch,Female,1998,Volkswagen,rio,Glendale,Arizona,85311,US,33.2765,-112.1872,66699,"Ankunding, Torphy and Osinski",01/20/2023
13,Cirilo,Chafney,cchafneyc@rakuten.co.jp,Male,1997,Mazda,MPV,Evansville,Indiana,47719,US,37.9971,-87.575,87057,Bergnaum LLC,09/02/2023
14,Selina,Lapthorn,slapthornd@dmoz.org,Female,1993,Subaru,SVX,Tampa,Florida,33610,US,27.9951,-82.4046,32077,Murray and Sons,04/22/2024
15,Gregory,Mathes,gmathese@cargocollective.com,Male,2007,Saturn,Outlook,Lubbock,Texas,79410,US,33.5693,-101.8904,32754,Herman Group,09/26/2025
16,Min,Coleiro,mcoleirof@studiopress.com,Female,2012,Aston Martin,V8 Vantage,Colorado Springs,Colorado,80945,US,38.8247,-104.562,51189,"Miller, Rohan and Jenkins",11/28/2023
17,Lanie,Edes,ledesg@zdnet.com,Polygender,2009,Mercedes-Benz,E-Class,Cleveland,Ohio,44185,US,41.6857,-81.6728,76266,"Schulist, Grimes and Larson",12/03/2023
18,Briano,Marshallsay,bmarshallsayh@flavors.me,Polygender,2002,Subaru,Outback Sport,Dayton,Ohio,45426,US,39.7982,-84.3211,91851,Rosenbaum-Price,06/09/2025
19,Rolf,Renowden,rrenowdeni@google.com.br,Male,2008,GMC,Sierra,Philadelphia,Pennsylvania,19191,US,40.0018,-75.1179,40988,"Gerlach, Quigley and Adams",09/05/2022
20,Maryjo,Moodie,mmoodiej@answers.com,Female,2000,Ford,Explorer Sport Trac,Saint Petersburg,Florida,33742,US,27.8918,-82.7248,51626,Rogahn LLC,08/03/2023
21,Tabbie,Cheverell,tcheverellk@fda.gov,Female,1998,Mitsubishi,Mirage,Mobile,Alabama,36605,US,30.6341,-88.0846,47959,Hodkiewicz-Koss,01/28/2025
22,Katinka,McCleary,kmcclearyl@amazon.co.uk,Female,2002,Volkswagen,Eurovan,Atlanta,Georgia,30380,US,33.8444,-84.474,63803,"Jacobs, Wilkinson and Halvorson",10/20/2022
23,Vonny,Maggs,vmaggsm@businesswire.com,Female,1994,Mitsubishi,Galant,Amarillo,Texas,79165,US,35.4015,-101.8951,35776,"Skiles, Rath and Altenwerth",05/25/2024
24,Dannie,Wilmot,dwilmotn@liveinternet.ru,Genderqueer,2008,Lincoln,Navigator L,Huntington,West Virginia,25721,US,38.4134,-82.2774,77660,Spencer Group,05/01/2024
25,Arney,Kersley,akersleyo@hexun.com,Male,2003,Jeep,Wrangler,Kansas City,Missouri,64179,US,39.035,-94.3567,48643,Paucek-Powlowski,09/08/2023
26,Brantley,Waterworth,bwaterworthp@mashable.com,Male,2002,Infiniti,I,Charlottesville,Virginia,22908,US,38.0401,-78.4851,65326,"Brakus, Upton and Skiles",09/09/2023
27,Daffie,Lotze,dlotzeq@dion.ne.jp,Female,1993,Dodge,Stealth,Arlington,Texas,76096,US,32.7714,-97.2915,77761,Brakus and Sons,05/09/2024
28,Meredith,Chaman,mchamanr@moonfruit.com,Female,2001,Toyota,Camry,Wilmington,North Carolina,28405,US,34.2651,-77.867,71055,"Hayes, Christiansen and Ledner",05/20/2023
29,Maggie,Chastelain,mchastelains@youtu.be,Female,2011,BMW,M3,Washington,District of Columbia,20436,US,38.8959,-77.0211,71460,Spinka LLC,05/19/2022
30,Bordy,Winspar,bwinspart@mac.com,Male,1967,Volkswagen,Beetle,Cincinnati,Ohio,45271,US,39.1668,-84.5382,92163,"Mayert, Cronin and Heidenreich",10/15/2022
31,Evin,Rubery,eruberyu@jigsy.com,Male,1997,Dodge,Avenger,Atlanta,Georgia,30311,US,33.723,-84.4702,82209,Kohler-Wiegand,06/03/2023
32,Elyn,Alphonso,ealphonsov@opensource.org,Female,1997,Mitsubishi,Pajero,Corona,California,92878,US,33.7529,-116.0556,49827,"Heaney, Lubowitz and Padberg",09/06/2025
33,Anastasie,Basilio,abasiliow@google.es,Agender,1996,Isuzu,Trooper,Rochester,New York,14646,US,43.286,-77.6843,65857,Herzog-Altenwerth,03/03/2022
34,Isidore,Bradburn,ibradburnx@seattletimes.com,Male,1996,Infiniti,G,Oklahoma City,Oklahoma,73114,US,35.5704,-97.5257,94075,Hoppe-Kuphal,04/22/2025
35,Stephenie,Brankley,sbrankleyy@nba.com,Female,2001,Volkswagen,New Beetle,Montgomery,Alabama,36114,US,32.404,-86.2539,39148,Howell LLC,08/24/2023
36,Maximo,Crennell,mcrennellz@cdbaby.com,Male,1995,Toyota,Previa,Corpus Christi,Texas,78470,US,27.777,-97.4632,79306,Jakubowski LLC,07/07/2025
37,Ianthe,Altham,ialtham10@bing.com,Non-binary,2003,Mercedes-Benz,M-Class,Columbus,Ohio,43268,US,39.969,-83.0114,80961,Bernhard-Carroll,10/31/2024
38,Alejoa,Greenwood,agreenwood11@comcast.net,Male,1993,GMC,Rally Wagon 2500,Kansas City,Missouri,64149,US,38.8606,-94.4636,73217,Kiehn-Barton,10/24/2024
39,Eddie,Fardoe,efardoe12@google.es,Female,2003,Ford,Expedition,Lubbock,Texas,79415,US,33.6021,-101.876,83814,Batz LLC,03/28/2025
40,Jamill,Hamper,jhamper13@scientificamerican.com,Male,2003,Cadillac,Escalade ESV,Atlanta,Georgia,30358,US,33.9982,-84.3411,46332,Stiedemann-Monahan,11/28/2023
41,Granville,Creggan,gcreggan14@ask.com,Agender,1995,BMW,7 Series,Fort Worth,Texas,76134,US,32.6469,-97.3325,81052,"Jones, Howe and Romaguera",08/19/2024
42,Maryjo,Jerke,mjerke15@canalblog.com,Female,1971,Chevrolet,Camaro,El Paso,Texas,88574,US,31.6948,-106.3,92487,"Runolfsdottir, Durgan and Wiegand",12/02/2022
43,Gerrard,Goligly,ggoligly16@51.la,Male,1993,Dodge,Dakota,Chicago,Illinois,60657,US,41.9399,-87.6528,34007,Hermann-Macejkovic,11/22/2023
44,Bernardo,Dunster,bdunster17@aol.com,Male,2010,Ford,Fusion,Chicago,Illinois,60652,US,41.7454,-87.7135,83441,Schiller LLC,03/21/2025
45,Ariela,Goldney,agoldney18@spotify.com,Female,2006,Hyundai,Sonata,Akron,Ohio,44310,US,41.1075,-81.5006,75317,Schaden-Schuppe,10/26/2024
46,Smith,Holttom,sholttom19@flavors.me,Male,1995,Chevrolet,Camaro,Cheyenne,Wyoming,82007,US,41.1084,-104.8107,75597,"Lemke, Tillman and Grady",07/12/2025
47,Arne,Carryer,acarryer1a@sitemeter.com,Male,1997,Land Rover,Discovery,Macon,Georgia,31210,US,32.8926,-83.7455,35472,Hoeger-Nolan,08/06/2023
48,Maisie,Slatten,mslatten1b@shop-pro.jp,Female,2002,Mercury,Mountaineer,Austin,Texas,78715,US,30.4501,-97.4865,50425,"Ortiz, Russel and Abernathy",12/23/2024
49,Valenka,Oakenfield,voakenfield1c@netscape.com,Female,1993,Buick,LeSabre,Saint Louis,Missouri,63167,US,38.6383,-90.4271,82392,"Kulas, Wilderman and Ferry",06/23/2022
50,Calli,Ayton,cayton1d@yandex.ru,Female,2002,Dodge,Intrepid,Garden Grove,California,92645,US,33.783,-118.0256,34481,"Bednar, Hackett and Cruickshank",11/25/2024
51,Abbie,Jaynes,ajaynes1e@hibu.com,Female,2006,Honda,Pilot,Phoenix,Arizona,85072,US,33.2765,-112.1872,70351,"Mraz, Reilly and Bergstrom",11/16/2023
52,Krystyna,Vigars,kvigars1f@slashdot.org,Female,2006,Nissan,Armada,Shreveport,Louisiana,71166,US,32.6076,-93.7526,54070,"Gusikowski, Moore and Littel",07/21/2025
53,Bran,De La Hay,bdelahay1g@reverbnation.com,Male,2003,Pontiac,Aztek,Prescott,Arizona,86305,US,34.8185,-112.9584,86697,"Quigley, Jakubowski and Goodwin",11/22/2023
54,Humfried,Brinicombe,hbrinicombe1h@latimes.com,Male,2006,Aston Martin,DB9 Volante,Flint,Michigan,48555,US,43.0113,-83.7108,62253,Bogisich and Sons,10/04/2024
55,Ransom,Dedam,rdedam1i@java.com,Bigender,2009,Mazda,Miata MX-5,Montgomery,Alabama,36114,US,32.404,-86.2539,84169,"McKenzie, O'Hara and Hoeger",08/04/2024
56,Godiva,Johnston,gjohnston1j@bloomberg.com,Female,1988,Buick,Century,Mc Keesport,Pennsylvania,15134,US,40.4344,-80.0248,99698,Bechtelar Group,06/29/2022
57,Kathlin,Lifsey,klifsey1k@nyu.edu,Female,1998,Mercedes-Benz,CLK-Class,Hartford,Connecticut,06120,US,41.786,-72.6758,63267,Swift LLC,11/12/2022
58,Abelard,Eglin,aeglin1l@europa.eu,Male,1983,Ford,Mustang,Memphis,Tennessee,38119,US,35.0821,-89.8501,88281,Zboncak and Sons,02/19/2023
59,Celie,De Angelo,cdeangelo1m@seesaa.net,Female,2002,Hyundai,Santa Fe,Saint Paul,Minnesota,55146,US,44.9427,-93.0828,83128,"Rohan, Altenwerth and Legros",02/13/2023
60,Hermy,Syme,hsyme1n@huffingtonpost.com,Male,2006,Mazda,Mazda3,San Francisco,California,94164,US,37.7848,-122.7278,68938,"Pagac, Metz and Lehner",10/09/2025
61,Saunders,Sloan,ssloan1o@symantec.com,Male,2010,Maybach,57,San Antonio,Texas,78235,US,29.3494,-98.4422,57896,"O'Conner, Hoppe and Hamill",05/18/2024
62,Vivian,Hysom,vhysom1p@usatoday.com,Genderqueer,1993,Oldsmobile,Ciera,Washington,District of Columbia,20244,US,38.8933,-77.0146,86175,Connelly Group,08/31/2022
63,Jaynell,Shird,jshird1q@theatlantic.com,Female,2005,Mazda,RX-8,Trenton,New Jersey,08603,US,40.2805,-74.712,82360,"Ratke, Lakin and Sanford",06/17/2024
64,Pennie,Livett,plivett1r@clickbank.net,Male,1989,Buick,Century,Charlotte,North Carolina,28284,US,35.26,-80.8042,94375,"Walter, Feest and Murphy",04/13/2025
65,Alvy,Pynner,apynner1s@state.gov,Male,2000,Chevrolet,Monte Carlo,Columbia,South Carolina,29240,US,34.006,-80.9708,83047,Monahan-Murazik,08/08/2024
66,Joshuah,Grushin,jgrushin1t@wp.com,Male,2006,Honda,Civic Si,Oklahoma City,Oklahoma,73152,US,35.5514,-97.4075,51805,Hane-Kuphal,11/15/2025
67,Moore,Penlington,mpenlington1u@dailymail.co.uk,Male,1999,Suzuki,Vitara,Dallas,Texas,75358,US,32.7942,-96.7652,50392,Mitchell-Schultz,09/13/2023
68,Liva,Gutman,lgutman1v@geocities.jp,Female,1994,Cadillac,Eldorado,Washington,District of Columbia,20392,US,38.8933,-77.0146,32312,"Mertz, Cummings and Trantow",06/02/2022
69,Sherwin,Pardi,spardi1w@globo.com,Bigender,2008,Ford,Expedition EL,Young America,Minnesota,55557,US,44.8055,-93.7665,59399,Hodkiewicz Group,04/24/2023
70,Melinda,Ostler,mostler1x@etsy.com,Female,2006,Lincoln,Town Car,Sioux Falls,South Dakota,57198,US,43.6746,-96.7913,58304,Gutmann-Spencer,07/24/2024
71,Staci,Lie,slie1y@desdev.cn,Female,2008,Chevrolet,Suburban,Reston,Virginia,22096,US,38.8318,-77.2888,36452,Wiza Inc,01/23/2024
72,Sampson,Goundrill,sgoundrill1z@tumblr.com,Male,1995,Suzuki,Samurai,Youngstown,Ohio,44555,US,41.1039,-80.6436,80647,Rosenbaum and Sons,10/24/2023
73,Isobel,Brookwood,ibrookwood20@umn.edu,Female,1987,Volkswagen,Jetta,Cincinnati,Ohio,45228,US,39.0706,-84.4179,77351,"Mills, Langosh and Treutel",01/26/2025
74,Eliza,Crofts,ecrofts21@paginegialle.it,Female,2009,Ford,Flex,Charlotte,North Carolina,28247,US,35.0656,-80.8511,82349,Fisher and Sons,08/11/2024
75,Zebadiah,Kibbey,zkibbey22@odnoklassniki.ru,Male,2005,Volkswagen,GTI,Pasadena,California,91109,US,33.7866,-118.2987,53124,"Kozey, Kilback and Kihn",02/24/2023
76,Truman,Van Der Vlies,tvandervlies23@over-blog.com,Genderqueer,1997,Volkswagen,Jetta,North Port,Florida,34290,US,27.0459,-82.2491,71159,Will-Funk,09/13/2023
77,Abbot,Wellbeloved,awellbeloved24@oaic.gov.au,Male,2002,Pontiac,Sunfire,Houston,Texas,77075,US,29.6223,-95.26,49483,Bergstrom Inc,12/08/2022
78,Celestia,Rickards,crickards25@rakuten.co.jp,Agender,2009,Infiniti,QX56,Hialeah,Florida,33018,US,25.9098,-80.3889,37199,"Beatty, Lynch and Maggio",09/08/2023
79,Xenia,Krolik,xkrolik26@geocities.jp,Female,2009,Chevrolet,Express,Milwaukee,Wisconsin,53215,US,43.006,-87.9429,76412,Russel Group,06/25/2022
80,Reg,Leatherbarrow,rleatherbarrow27@bigcartel.com,Male,2009,Ferrari,599 GTB Fiorano,Greenville,South Carolina,29610,US,34.8497,-82.4538,49708,Watsica Group,03/27/2024
81,Benedicto,Sharville,bsharville28@so-net.ne.jp,Male,1994,Lexus,SC,Los Angeles,California,90087,US,33.7866,-118.2987,78125,"Crona, Walsh and Mante",04/29/2024
82,Orin,Snead,osnead29@springer.com,Male,2000,Toyota,Tundra,Washington,District of Columbia,20557,US,38.8874,-77.0047,52569,Stracke-Ankunding,02/27/2025
83,Halette,Walburn,hwalburn2a@quantcast.com,Female,1993,Geo,Storm,Hampton,Virginia,23663,US,37.0318,-76.3199,75694,Huel-Kshlerin,05/12/2023
84,Katya,Yuryshev,kyuryshev2b@netvibes.com,Female,1994,Dodge,Ram Van B150,Mesa,Arizona,85215,US,33.4707,-111.7188,88767,Schultz and Sons,06/02/2022
85,Lucais,Sambells,lsambells2c@yale.edu,Male,2010,Toyota,Land Cruiser,Huntsville,Alabama,35810,US,34.7784,-86.6091,97431,Little Group,05/24/2025
86,Tobi,Shatliff,tshatliff2d@icq.com,Female,2009,Land Rover,Range Rover Sport,Springfield,Illinois,62718,US,39.778,-89.6466,99223,Dare-Renner,01/16/2025
87,Amandie,Cogan,acogan2e@etsy.com,Female,2003,Jeep,Liberty,Baton Rouge,Louisiana,70836,US,30.392,-91.0892,59643,Daniel Group,07/04/2023
88,Tamarah,Groocock,tgroocock2f@samsung.com,Female,2008,Subaru,Outback,Mobile,Alabama,36689,US,30.6589,-88.178,83393,Shanahan-Bernhard,11/12/2025
89,Maia,Laird,mlaird2g@businesswire.com,Female,2006,Peugeot,207,Washington,District of Columbia,20205,US,38.905,-77.0162,48934,Gerhold-Kertzmann,12/27/2023
90,Cristie,Stoeckle,cstoeckle2h@mapquest.com,Bigender,1985,Ford,Bronco,Jackson,Mississippi,39210,US,32.3218,-90.1771,85797,Torp and Sons,06/22/2023
91,Ignaz,Paragreen,iparagreen2i@google.com.hk,Male,1995,Audi,90,Syracuse,New York,13217,US,43.0214,-76.1977,72823,Kiehn LLC,09/14/2022
92,Travis,Mouatt,tmouatt2j@nhs.uk,Male,2011,Honda,Element,Las Vegas,Nevada,89105,US,36.086,-115.1471,42564,"Kuvalis, Rath and VonRueden",11/05/2023
93,Roldan,Kimberly,rkimberly2k@comsenz.com,Male,1995,Nissan,200SX,Tempe,Arizona,85284,US,33.3363,-111.9197,99750,Will-Wiza,05/18/2025
94,Andrea,Pasterfield,apasterfield2l@google.com,Female,1996,Nissan,Altima,Monticello,Minnesota,55565,US,45.2009,-93.8881,56445,Walker Group,07/11/2025
95,Maddie,Tackett,mtackett2m@purevolume.com,Female,2003,Dodge,Ram 3500,Corona,California,92878,US,33.7529,-116.0556,88180,Ward Inc,06/14/2022
96,Brigham,Lodwig,blodwig2n@who.int,Male,1988,Ford,Escort,Oklahoma City,Oklahoma,73135,US,35.411,-97.4388,65776,"Osinski, Boehm and Roberts",04/10/2025
97,Samuele,Gendrich,sgendrich2o@storify.com,Genderqueer,1988,Lotus,Esprit,Newark,New Jersey,07104,US,40.7664,-74.1695,70942,Friesen Inc,08/11/2022
98,Byran,Rizzillo,brizzillo2p@shutterfly.com,Male,2005,Ford,Five Hundred,Tuscaloosa,Alabama,35405,US,33.1617,-87.5144,88644,Stark LLC,01/03/2025
99,Celestyn,Astridge,castridge2q@lycos.com,Female,2004,Toyota,Prius,Chattanooga,Tennessee,37450,US,35.2211,-85.2091,53656,Walter-Abbott,08/12/2024
100,Myrtie,Darlow,mdarlow2r@archive.org,Female,2011,BMW,X3,San Diego,California,92110,US,32.7635,-117.2028,32927,"Walter, Gibson and Stanton",10/07/2022
101,Drusi,Savin,dsavin2s@cnn.com,Female,1998,Buick,Skylark,Houston,Texas,77065,US,29.9319,-95.6106,91431,Greenfelder-Christiansen,05/17/2023
102,Mariquilla,Lafee,mlafee2t@amazon.co.jp,Female,2012,Toyota,RAV4,Sacramento,California,95838,US,38.6406,-121.444,69880,Swaniawski Inc,12/03/2023
103,Pacorro,Kuhlen,pkuhlen2u@pbs.org,Male,2004,Pontiac,Grand Am,Reno,Nevada,89595,US,40.5412,-119.5869,75693,"Reilly, Gislason and Russel",10/02/2025
104,Sondra,Jouannisson,sjouannisson2v@tmall.com,Female,2011,Toyota,RAV4,Chicago,Illinois,60646,US,41.993,-87.7596,45787,Koss Group,03/08/2022
105,Tomaso,Pounsett,tpounsett2w@sun.com,Male,1993,Lincoln,Continental,West Palm Beach,Florida,33416,US,26.6654,-80.0929,52954,"Hackett, Conroy and Powlowski",11/18/2024
106,Rosa,Duffree,rduffree2x@hugedomains.com,Female,2002,Toyota,Prius,Waterbury,Connecticut,06726,US,41.3657,-72.9275,31827,"Walker, Fahey and King",09/04/2022
107,Kennan,Dallan,kdallan2y@google.cn,Male,2013,BMW,X6 M,Bradenton,Florida,34282,US,27.4272,-82.4387,63425,"Swift, Schroeder and Grimes",10/11/2025
108,Leonelle,Blaber,lblaber2z@imgur.com,Female,2010,Land Rover,Range Rover,Bloomington,Illinois,61709,US,40.4614,-88.953,47754,"Roob, Grimes and Wehner",08/18/2024
109,Boy,Guillot,bguillot30@china.com.cn,Male,1992,Ford,Aerostar,North Las Vegas,Nevada,89087,US,36.2204,-115.1458,71723,Ortiz Group,11/06/2024
110,Camilla,Thing,cthing31@posterous.com,Female,2010,Dodge,Dakota,Birmingham,Alabama,35263,US,33.5225,-86.8094,57639,"Gottlieb, Huel and Hackett",05/29/2025
111,Leonore,Giabucci,lgiabucci32@blogger.com,Female,2002,BMW,745,Pittsburgh,Pennsylvania,15286,US,40.4344,-80.0248,95295,Huels-Olson,01/19/2024
112,Averill,Gerdes,agerdes33@ask.com,Male,1994,Chevrolet,Caprice Classic,Lafayette,Louisiana,70593,US,30.2081,-92.0951,67392,Schoen LLC,12/06/2025
113,Keen,Blues,kblues34@amazon.co.uk,Male,2013,Hyundai,Sonata,New York City,New York,10175,US,40.7543,-73.9798,83039,Dibbert-Parisian,04/12/2023
114,Arlette,Summerton,asummerton35@uol.com.br,Female,2002,Mitsubishi,Mirage,Dallas,Texas,75387,US,32.7673,-96.7776,66335,Hudson-Crona,08/30/2023
115,Isabelita,Marson,imarson36@nifty.com,Female,2003,Isuzu,Axiom,New York City,New York,10014,US,40.7339,-74.0054,46832,Bergstrom LLC,07/27/2024
116,Sandro,Cawley,scawley37@goo.gl,Male,1970,Chevrolet,Corvette,Tucson,Arizona,85737,US,32.4142,-110.9466,57477,"Leuschke, Sawayn and Hoppe",09/01/2024
117,Benjy,Jaulmes,bjaulmes38@cocolog-nifty.com,Male,2003,Mazda,MX-5,Young America,Minnesota,55557,US,44.8055,-93.7665,58521,Ziemann LLC,05/25/2022
118,Elsbeth,Francescuzzi,efrancescuzzi39@last.fm,Female,1992,Chevrolet,Lumina,Sacramento,California,95865,US,38.596,-121.3978,67059,Runolfsdottir-Pouros,11/04/2025
119,Conny,Quilty,cquilty3a@smugmug.com,Female,1987,Land Rover,Range Rover,Providence,Rhode Island,02905,US,41.7845,-71.3959,54421,Boyle and Sons,06/26/2022
120,Heddi,Giorgini,hgiorgini3b@typepad.com,Non-binary,1995,Ford,Bronco,Scranton,Pennsylvania,18505,US,41.3914,-75.6657,89800,Torphy Inc,08/17/2022
121,Keven,Poat,kpoat3c@google.com,Male,2010,Bentley,Continental Flying Spur,Birmingham,Alabama,35285,US,33.5446,-86.9292,52614,"Fay, Rodriguez and Stracke",12/21/2022
122,Winston,Benitti,wbenitti3d@comsenz.com,Male,2004,BMW,525,New York City,New York,10079,US,40.7808,-73.9772,37309,Lakin LLC,12/22/2024
123,Aurlie,Goodey,agoodey3e@xing.com,Female,2008,Mercury,Milan,Killeen,Texas,76544,US,31.1282,-97.7469,52876,"Bartell, Hansen and Jacobs",02/15/2022
124,Gale,Deware,gdeware3f@ed.gov,Male,1992,Cadillac,Allante,Chicago,Illinois,60691,US,41.8119,-87.6873,43274,Stehr Group,05/15/2023
125,Kahlil,Birdwistle,kbirdwistle3g@privacy.gov.au,Male,2008,Kia,Rio,San Antonio,Texas,78260,US,29.7026,-98.4759,31637,Gerlach-Turcotte,12/23/2025
126,Gottfried,Ferrillio,gferrillio3h@craigslist.org,Male,2007,Panoz,Esperante,Pensacola,Florida,32511,US,30.4061,-87.2917,77600,Beahan-Gleichner,12/04/2023
127,Ravid,Woltering,rwoltering3i@illinois.edu,Male,1994,Mitsubishi,GTO,Las Vegas,Nevada,89178,US,35.9977,-115.2861,72190,Rath-Witting,06/13/2024
128,Georgiana,Prati,gprati3j@chicagotribune.com,Female,1986,Mitsubishi,Starion,Glendale,Arizona,85305,US,33.5291,-112.2482,92188,Nolan LLC,05/23/2022
129,Marcellina,Matchell,mmatchell3k@netvibes.com,Female,2000,Suzuki,Vitara,Sioux Falls,South Dakota,57188,US,43.6746,-96.7913,74251,Stoltenberg Inc,06/15/2024
130,Gaven,Studdal,gstuddal3l@prnewswire.com,Male,1997,Chevrolet,G-Series 2500,Seattle,Washington,98166,US,47.4511,-122.353,97310,"Luettgen, Harris and Emmerich",03/13/2025
131,Modesta,James,mjames3m@xinhuanet.com,Female,1999,Pontiac,Bonneville,Fayetteville,North Carolina,28314,US,35.0583,-79.008,37967,"Emard, Schumm and Daniel",09/20/2024
132,Bourke,Cosyns,bcosyns3n@symantec.com,Male,2008,Land Rover,LR3,Anchorage,Alaska,99512,US,61.204,-149.8084,37811,Romaguera-Graham,04/19/2025
133,Barbee,Gurdon,bgurdon3o@nasa.gov,Bigender,1994,Oldsmobile,Bravada,Macon,Georgia,31210,US,32.8926,-83.7455,78638,McLaughlin Inc,12/13/2024
134,Pamela,MacMeekan,pmacmeekan3p@nbcnews.com,Female,2011,Cadillac,CTS-V,Gaithersburg,Maryland,20883,US,39.0883,-77.1568,90865,Cruickshank-Gislason,05/10/2025
135,Carry,Rebichon,crebichon3q@printfriendly.com,Female,2013,Ford,C-MAX Hybrid,Minneapolis,Minnesota,55423,US,44.8756,-93.2553,31500,Frami and Sons,08/30/2024
136,Debra,Tuting,dtuting3r@buzzfeed.com,Female,1993,Dodge,Ram Wagon B350,Providence,Rhode Island,02905,US,41.7845,-71.3959,38725,O'Reilly LLC,07/18/2022
137,Veriee,Summerside,vsummerside3s@gmpg.org,Female,1996,Plymouth,Neon,Brooklyn,New York,11247,US,40.6451,-73.945,54776,Towne and Sons,12/14/2022
138,Gretta,Novill,gnovill3t@addthis.com,Female,1994,Mazda,Miata MX-5,Akron,Ohio,44305,US,41.076,-81.4644,96312,Kunze-Brakus,10/21/2023
139,Crissie,Hovie,chovie3u@bloomberg.com,Female,2010,Toyota,Sienna,Corpus Christi,Texas,78415,US,27.7262,-97.4078,45317,Moen-Pfannerstill,03/31/2024
140,Miranda,Tunniclisse,mtunniclisse3v@spotify.com,Female,1993,Porsche,968,Tampa,Florida,33610,US,27.9951,-82.4046,49708,Ebert-Beier,11/26/2025
141,Spike,Anfonsi,sanfonsi3w@google.fr,Male,2004,Subaru,Legacy,Yonkers,New York,10705,US,40.9177,-73.895,30503,"Macejkovic, Senger and Ritchie",07/12/2025
142,Yorker,Traut,ytraut3x@taobao.com,Male,2005,Lamborghini,Murciélago,Newport News,Virginia,23605,US,37.0156,-76.4332,46707,"Baumbach, Brakus and Schumm",03/03/2024
143,Lennard,Benedict,lbenedict3y@abc.net.au,Male,2006,Chevrolet,Colorado,Louisville,Kentucky,40205,US,38.2222,-85.6885,77650,Smith-Becker,04/01/2022
144,Tyson,Yannoni,tyannoni3z@nyu.edu,Male,2003,GMC,Safari,Los Angeles,California,90060,US,33.7866,-118.2987,66227,Keebler Inc,08/10/2024
145,Ros,Sabbatier,rsabbatier40@vkontakte.ru,Female,2000,Chevrolet,2500,Washington,District of Columbia,20099,US,38.8933,-77.0146,77045,Walsh-Adams,06/19/2024
146,Ilyse,McPeake,imcpeake41@google.ru,Non-binary,1997,Dodge,Viper,Cedar Rapids,Iowa,52410,US,42.0794,-91.5992,69933,Von-Thiel,06/22/2025
147,Wilden,Code,wcode42@disqus.com,Male,2006,Mercedes-Benz,SLK-Class,Houston,Texas,77070,US,29.9781,-95.5803,49230,Rohan and Sons,10/04/2024
148,Nannette,Roj,nroj43@hugedomains.com,Female,1986,Ford,Aerostar,Sarasota,Florida,34233,US,27.2866,-82.477,40169,Koss-Schumm,11/01/2024
149,Elissa,Snelle,esnelle44@foxnews.com,Female,1998,Toyota,RAV4,Santa Rosa,California,95405,US,38.4386,-122.6727,43026,"Boehm, Feeney and MacGyver",08/22/2024
150,Alberta,Souley,asouley45@google.co.jp,Female,1996,Pontiac,Firebird,Evansville,Indiana,47705,US,37.9971,-87.575,91956,Denesik Inc,10/28/2022
151,Reena,Swadling,rswadling46@bizjournals.com,Female,2005,Volkswagen,Phaeton,Jacksonville,Florida,32236,US,30.3449,-81.6831,49912,"Hahn, Torp and Fritsch",07/05/2022
152,Maudie,Costellow,mcostellow47@ihg.com,Agender,2004,Suzuki,Daewoo Magnus,Washington,District of Columbia,20244,US,38.8933,-77.0146,35561,Kilback-Kreiger,02/11/2023
153,Rafe,Rutty,rrutty48@qq.com,Male,1983,Chevrolet,Caprice,Salt Lake City,Utah,84135,US,40.6681,-111.9083,72876,"Sanford, Hirthe and Hegmann",02/28/2022
154,Alvan,Feldmesser,afeldmesser49@walmart.com,Male,2000,GMC,Yukon XL 2500,Trenton,New Jersey,08695,US,40.2805,-74.712,41460,Considine LLC,06/10/2022
155,Brook,Sabbatier,bsabbatier4a@exblog.jp,Male,2003,Land Rover,Discovery,Las Vegas,Nevada,89105,US,36.086,-115.1471,47000,Stracke Inc,05/07/2025
156,Patric,Scolding,pscolding4b@zimbio.com,Male,1998,Mitsubishi,Montero,Huntington,West Virginia,25770,US,38.4134,-82.2774,37446,Spencer Group,08/10/2023
157,Perceval,Von Welden,pvonwelden4c@vk.com,Male,1998,Infiniti,Q,Fresno,California,93715,US,36.7464,-119.6397,65036,"Hilpert, Rempel and Boyle",01/22/2023
158,Tessa,Tremberth,ttremberth4d@ihg.com,Female,1993,Ford,Festiva,San Francisco,California,94126,US,37.7848,-122.7278,74020,"Stroman, Hilll and Haley",09/07/2023
159,Cyndia,Rubberts,crubberts4e@epa.gov,Female,2011,Toyota,Camry Hybrid,Spokane,Washington,99210,US,47.6536,-117.4317,66652,"Champlin, Davis and Kassulke",05/11/2025
160,Waylan,Hewertson,whewertson4f@lulu.com,Male,2012,Honda,Pilot,Sioux Falls,South Dakota,57193,US,43.6746,-96.7913,68817,"Homenick, Conroy and Parisian",11/21/2025
161,Clemmie,Wannes,cwannes4g@cafepress.com,Genderfluid,2001,Mercury,Grand Marquis,Las Vegas,Nevada,89166,US,36.3265,-115.3398,91564,Sipes-Bechtelar,03/09/2023
162,Desi,Hessenthaler,dhessenthaler4h@storify.com,Male,1999,Ford,Windstar,Oklahoma City,Oklahoma,73197,US,35.5514,-97.4075,84093,"Emard, Waelchi and Tremblay",08/10/2024
163,Neel,Saltsberger,nsaltsberger4i@java.com,Bigender,1994,GMC,3500,Richmond,Virginia,23260,US,37.5242,-77.4932,96054,Hegmann Group,07/05/2022
164,Liane,Denne,ldenne4j@bloglines.com,Female,1998,Mercedes-Benz,SL-Class,Des Moines,Iowa,50305,US,41.6727,-93.5722,72085,"Hansen, Senger and Lebsack",02/01/2023
165,Dallis,Naire,dnaire4k@google.com.au,Male,1996,BMW,M3,Miami,Florida,33185,US,25.7274,-80.4497,63810,Nicolas-Bradtke,10/13/2023
166,Reynold,Flewin,rflewin4l@over-blog.com,Polygender,1989,Pontiac,Firebird,Phoenix,Arizona,85015,US,33.5082,-112.1011,94188,"Batz, Romaguera and Huel",12/07/2025
167,Evvie,Chastey,echastey4m@hexun.com,Female,2008,Hyundai,Veracruz,Charleston,West Virginia,25305,US,38.3358,-81.6123,33626,Mayert-Hansen,05/20/2022
168,Klemens,Livett,klivett4n@whitehouse.gov,Male,2007,Bentley,Continental GTC,Brooklyn,New York,11231,US,40.6794,-74.0014,77040,Williamson-Murphy,12/28/2024
169,Scot,Bodiam,sbodiam4o@smugmug.com,Male,1992,Volvo,240,Edmond,Oklahoma,73034,US,35.6665,-97.4798,35135,Lemke-Wolff,11/10/2022
170,Osmund,Osgorby,oosgorby4p@people.com.cn,Male,2005,Chevrolet,Express 3500,Atlanta,Georgia,30301,US,33.8444,-84.474,37352,Farrell and Sons,12/29/2025
171,Jobey,Kipling,jkipling4q@constantcontact.com,Genderqueer,2003,GMC,Yukon XL 2500,Huntington,West Virginia,25721,US,38.4134,-82.2774,93353,"Dare, Kunze and Hettinger",05/14/2024
172,Carissa,Landman,clandman4r@tmall.com,Female,1996,Mercury,Grand Marquis,Kissimmee,Florida,34745,US,27.9953,-81.2593,34155,"Hand, Wisoky and Skiles",01/02/2024
173,Aubine,Camerati,acamerati4s@netlog.com,Genderfluid,2008,Hyundai,Azera,Detroit,Michigan,48224,US,42.4098,-82.9441,52508,Auer LLC,03/02/2025
174,Fin,Robjohns,frobjohns4t@apache.org,Male,2005,Chevrolet,Silverado 1500,Hartford,Connecticut,06152,US,41.7918,-72.7188,80986,Rutherford LLC,06/29/2022
175,Ede,Andretti,eandretti4u@eepurl.com,Female,2013,Volvo,S60,Irving,Texas,75062,US,32.8479,-96.974,71590,Cartwright-Ruecker,03/11/2022
176,Jeanette,Rainer,jrainer4v@google.ru,Polygender,2012,Chevrolet,Express 1500,Kansas City,Missouri,64193,US,39.035,-94.3567,75547,Hamill-Graham,01/18/2024
177,Waylon,Orrick,worrick4w@yahoo.co.jp,Male,2012,Chevrolet,Suburban 1500,Wilkes Barre,Pennsylvania,18706,US,41.2044,-75.9113,59233,Kiehn Group,07/03/2025
178,Ashby,Lanfranconi,alanfranconi4x@theatlantic.com,Male,1976,Plymouth,Volare,Sacramento,California,95813,US,38.6026,-121.4475,94010,Kassulke Group,02/02/2022
179,Christoph,Kiff,ckiff4y@nymag.com,Male,2003,Chevrolet,Silverado 1500,Palo Alto,California,94302,US,37.1894,-121.7053,59531,Rau LLC,03/12/2022
180,Ignacio,Jentle,ijentle4z@t-online.de,Male,2008,Audi,A4,San Diego,California,92145,US,32.8891,-117.1005,88411,Robel-Hahn,09/08/2024
181,Eliot,Lidierth,elidierth50@bluehost.com,Male,2009,Ford,Expedition EL,San Jose,California,95160,US,37.2187,-121.8601,44232,Cruickshank-Waelchi,04/08/2024
182,Prentice,Gerritsma,pgerritsma51@mapy.cz,Male,2010,Chevrolet,Express 2500,Arlington,Texas,76096,US,32.7714,-97.2915,85948,Balistreri and Sons,08/27/2025
183,Garrot,Sives,gsives52@nhs.uk,Male,1998,Lincoln,Town Car,Sacramento,California,94297,US,38.3774,-121.4444,69495,"Hyatt, Hintz and Kuhlman",02/19/2022
184,Maximilianus,O' Connell,moconnell53@51.la,Male,2007,Mercury,Grand Marquis,Chicago,Illinois,60609,US,41.8097,-87.6533,97568,"Jacobs, Schmeler and MacGyver",01/05/2023
185,Jabez,Dioniso,jdioniso54@apple.com,Male,2013,Infiniti,JX,Racine,Wisconsin,53405,US,42.7161,-87.8233,94306,Zboncak-Schmidt,11/01/2023
186,Suzie,Yarnley,syarnley55@squidoo.com,Female,1995,Chevrolet,Suburban 2500,Tampa,Florida,33610,US,27.9951,-82.4046,92227,Stanton Inc,06/19/2022
187,Brenden,Broomhall,bbroomhall56@symantec.com,Male,1997,Chevrolet,G-Series 1500,Kansas City,Kansas,66112,US,39.116,-94.764,82888,Mitchell and Sons,04/30/2025
188,Esmaria,Farncombe,efarncombe57@ucsd.edu,Female,1994,Mazda,Protege,Springfield,Illinois,62723,US,39.7495,-89.606,46750,Wilkinson-Farrell,02/12/2024
189,Louie,Sabatier,lsabatier58@slashdot.org,Male,2007,Mitsubishi,Endeavor,Melbourne,Florida,32941,US,27.9246,-80.5235,34897,Heaney-Goodwin,12/10/2022
190,Rania,Stillmann,rstillmann59@example.com,Female,1996,Ford,Crown Victoria,Long Beach,California,90847,US,33.7866,-118.2987,77933,Williamson-Wisozk,06/28/2025
191,Immanuel,Westwater,iwestwater5a@amazon.de,Male,1993,Oldsmobile,98,New Orleans,Louisiana,70160,US,30.033,-89.8826,94537,"Flatley, Jacobson and Conn",08/24/2025
192,Linda,Vere,lvere5b@google.co.uk,Female,1997,GMC,Savana 2500,Scottsdale,Arizona,85255,US,33.6968,-111.8892,33858,Larkin-Price,06/27/2023
193,Ike,Hambridge,ihambridge5c@xinhuanet.com,Male,1997,Mazda,Miata MX-5,Houston,Texas,77240,US,29.834,-95.4342,82464,Boyer Group,09/26/2024
194,Allis,Maestrini,amaestrini5d@fastcompany.com,Female,2010,Ford,Mustang,Tempe,Arizona,85284,US,33.3363,-111.9197,51167,"Schmitt, Kirlin and Ernser",07/13/2022
195,Lancelot,Fleetham,lfleetham5e@over-blog.com,Male,1994,Mitsubishi,Mighty Max Macro,White Plains,New York,10606,US,41.0247,-73.7781,39351,Bernhard-Boyer,01/08/2025
196,Allie,Kertess,akertess5f@cnn.com,Bigender,1990,Volkswagen,Jetta,Erie,Pennsylvania,16534,US,42.1827,-80.0649,53257,Larson Inc,07/09/2024
197,Kassie,Whittaker,kwhittaker5g@cyberchimps.com,Female,1964,Plymouth,Fury,Wichita,Kansas,67205,US,37.7639,-97.4269,80640,"McKenzie, Heathcote and Waters",07/08/2023
198,Tomkin,Turnock,tturnock5h@icq.com,Male,2011,Mercedes-Benz,S-Class,Saint Louis,Missouri,63158,US,38.6531,-90.2435,93386,Schuster LLC,12/06/2023
199,Bear,Pauler,bpauler5i@rediff.com,Male,2012,Nissan,Pathfinder,Saint Louis,Missouri,63143,US,38.6111,-90.3225,98381,Harvey-Hermann,08/09/2023
200,Boniface,Gounod,bgounod5j@yellowpages.com,Male,1999,Toyota,4Runner,Spokane,Washington,99252,US,47.6536,-117.4317,78904,Volkman LLC,07/25/2025
201,Fleming,Craigg,fcraigg5k@example.com,Male,2003,Jaguar,XK Series,Washington,District of Columbia,20551,US,38.892,-77.0452,73413,Schiller LLC,01/16/2023
202,Ware,Lebourn,wlebourn5l@fotki.com,Male,2009,Volvo,XC90,Saint Paul,Minnesota,55123,US,44.806,-93.1409,79439,Mosciski-Ziemann,02/19/2024
203,Daisi,Legge,dlegge5m@myspace.com,Female,2001,Audi,A6,Oceanside,California,92056,US,33.1968,-117.2831,34970,"Considine, Fay and Welch",08/25/2023
204,Even,Burnsides,eburnsides5n@themeforest.net,Male,2004,Suzuki,Daewoo Magnus,Birmingham,Alabama,35215,US,33.6493,-86.7057,47149,"Little, Koss and Metz",05/17/2024
205,Lazarus,Slany,lslany5o@admin.ch,Male,1998,Mercury,Sable,Hollywood,Florida,33028,US,26.0185,-80.3449,61006,Goldner-Goodwin,02/22/2024
206,Deana,Rowles,drowles5p@jimdo.com,Female,2009,Mercedes-Benz,M-Class,Des Moines,Iowa,50330,US,41.6727,-93.5722,80171,Koch Inc,11/01/2025
207,Ody,Grabiec,ograbiec5q@deliciousdays.com,Male,2011,Mazda,Miata MX-5,Memphis,Tennessee,38131,US,35.0664,-89.9921,41491,Langworth LLC,11/12/2024
208,Daffi,Roby,droby5r@hostgator.com,Female,2000,GMC,Jimmy,Spartanburg,South Carolina,29305,US,35.1114,-82.1055,32116,Greenfelder-Senger,02/14/2023
209,Giacopo,Clunie,gclunie5s@hugedomains.com,Male,2012,Mitsubishi,Eclipse,New Haven,Connecticut,06533,US,41.3657,-72.9275,58927,"Schumm, Powlowski and Kerluke",10/23/2022
210,Lindy,Comizzoli,lcomizzoli5t@stanford.edu,Female,1997,GMC,1500,Boston,Massachusetts,02283,US,42.3389,-70.9196,41697,Terry-Wuckert,07/22/2023
211,Stephanie,Barks,sbarks5u@github.io,Female,2010,BMW,5 Series,Las Vegas,Nevada,89105,US,36.086,-115.1471,79688,Beatty-Mosciski,11/12/2022
212,Rockey,Basketter,rbasketter5v@de.vu,Polygender,2002,Maserati,Spyder,Cheyenne,Wyoming,82007,US,41.1084,-104.8107,55867,Gleason-Zboncak,06/04/2024
213,Aidan,Genny,agenny5w@godaddy.com,Female,2003,Saturn,Ion,Raleigh,North Carolina,27610,US,35.7667,-78.6008,63638,Crooks-Crist,12/11/2024
214,Marcos,Swash,mswash5x@samsung.com,Male,1994,Chevrolet,G-Series G20,Akron,Ohio,44329,US,41.0655,-81.5203,79047,"Cummerata, Harvey and Hahn",11/22/2022
215,Rutger,Callaway,rcallaway5y@apache.org,Male,1991,Audi,V8,Seattle,Washington,98115,US,47.6849,-122.2968,71571,Rutherford and Sons,06/15/2022
216,Omero,McGriffin,omcgriffin5z@51.la,Male,2005,Cadillac,CTS,Denver,Colorado,80217,US,39.7388,-104.4083,44282,Rice-Kirlin,01/24/2024
217,Othelia,Reynold,oreynold60@aboutads.info,Female,2009,Nissan,Xterra,Houston,Texas,77015,US,29.7853,-95.1852,74303,Braun LLC,05/31/2022
218,Jaine,Cloake,jcloake61@soundcloud.com,Female,2005,Ford,Thunderbird,Bakersfield,California,93381,US,35.2944,-118.9052,44579,Hahn-Murphy,04/09/2025
219,Fredi,Peacock,fpeacock62@fema.gov,Female,2006,Mercedes-Benz,SLR McLaren,Laurel,Maryland,20709,US,38.8336,-76.8777,85426,"Rau, Hilpert and Monahan",05/18/2022
220,Jonathan,Gwillyam,jgwillyam63@nsw.gov.au,Male,1999,Chevrolet,Express 1500,Denver,Colorado,80241,US,39.9274,-104.9548,34985,Mitchell Group,09/02/2023
221,Ciel,Vennart,cvennart64@oaic.gov.au,Female,1995,Ford,Explorer,Springfield,Missouri,65805,US,37.2581,-93.3437,76263,McKenzie and Sons,01/05/2023
222,Vivienne,Persent,vpersent65@yahoo.co.jp,Genderfluid,2007,Dodge,Ram,Albany,New York,12232,US,42.6149,-73.9708,34322,Beier and Sons,02/17/2023
223,Faun,Cowburn,fcowburn66@alibaba.com,Female,2011,Suzuki,Grand Vitara,Cleveland,Ohio,44125,US,41.4335,-81.6323,34441,Franecki-Kozey,07/04/2025
224,Hanny,McEllen,hmcellen67@techcrunch.com,Female,1994,Oldsmobile,Cutlass Supreme,Pensacola,Florida,32511,US,30.4061,-87.2917,38184,"Bechtelar, Hessel and Bosco",08/21/2025
225,Tammi,Filippo,tfilippo68@japanpost.jp,Female,2004,Dodge,Dakota Club,Norfolk,Virginia,23520,US,36.9312,-76.2397,88833,Mante-Gerlach,02/05/2025
226,Huberto,Evelyn,hevelyn69@vistaprint.com,Male,2002,Pontiac,Bonneville,Boulder,Colorado,80328,US,40.0878,-105.3735,93604,Flatley-Wehner,02/08/2024
227,Ignacius,Postin,ipostin6a@squarespace.com,Male,2010,Bentley,Brooklands,San Antonio,Texas,78291,US,29.4375,-98.4616,96907,Daniel Inc,06/28/2024
228,Lexis,Laughrey,llaughrey6b@smh.com.au,Female,1994,Mazda,Miata MX-5,Washington,District of Columbia,20370,US,38.8933,-77.0146,77221,Douglas LLC,02/15/2022
229,Pearline,Popworth,ppopworth6c@dion.ne.jp,Female,2009,Ford,Focus,Charlottesville,Virginia,22903,US,38.0339,-78.4924,94266,Stiedemann Inc,07/27/2022
230,Simone,Jeune,sjeune6d@admin.ch,Female,1994,Mercury,Villager,Albany,New York,12210,US,42.6568,-73.7605,45619,"Schiller, Kunze and Ritchie",04/09/2022
231,Kerrie,Bosworth,kbosworth6e@elegantthemes.com,Non-binary,2006,Subaru,Outback,Cincinnati,Ohio,45213,US,39.1802,-84.4204,67069,"Johnston, Hackett and Wuckert",09/11/2023
232,Justen,Shapera,jshapera6f@ebay.co.uk,Male,1997,Mitsubishi,Challenger,San Francisco,California,94116,US,37.7441,-122.4863,58350,"Wehner, Bahringer and Trantow",01/11/2026
233,Dillie,Assinder,dassinder6g@cocolog-nifty.com,Male,2005,MINI,Cooper,Boston,Massachusetts,02203,US,42.3615,-71.0604,66135,Kris-Kirlin,08/04/2022
234,Sam,Brecknell,sbrecknell6h@scientificamerican.com,Male,2011,Mercedes-Benz,CLS-Class,Washington,District of Columbia,20540,US,38.8874,-77.0047,36358,Schowalter-Keeling,09/01/2025
235,Austine,Rosenfield,arosenfield6i@walmart.com,Female,2007,GMC,Canyon,Florence,South Carolina,29505,US,34.1231,-79.6893,97969,Reichel and Sons,10/23/2024
236,Page,Synnott,psynnott6j@toplist.cz,Female,2004,Pontiac,GTO,Newark,Delaware,19725,US,39.5645,-75.597,87757,Nicolas-Nicolas,03/24/2025
237,Marna,Shreenan,mshreenan6k@delicious.com,Female,2004,Mazda,Miata MX-5,Memphis,Tennessee,38104,US,35.1334,-90.0046,52652,Nolan-Rowe,09/09/2024
238,Dame,Grene,dgrene6l@studiopress.com,Male,1999,Oldsmobile,Silhouette,Orlando,Florida,32859,US,28.4429,-81.4026,65242,"Leuschke, Ledner and Mohr",05/01/2024
239,Lindsy,Shoute,lshoute6m@bloomberg.com,Non-binary,2006,Lamborghini,Murciélago,Columbia,South Carolina,29203,US,34.0635,-81.0265,81861,"Osinski, Connelly and Orn",12/08/2025
240,Skippie,McGillivrie,smcgillivrie6n@dion.ne.jp,Male,1994,Pontiac,Bonneville,Dallas,Texas,75323,US,32.7673,-96.7776,66859,Balistreri and Sons,11/27/2022
241,Stormie,Grafton-Herbert,sgraftonherbert6o@shop-pro.jp,Female,2010,Audi,Q5,Shawnee Mission,Kansas,66205,US,39.0312,-94.6308,87817,"Renner, Smitham and Brekke",09/04/2023
242,Tracey,Eixenberger,teixenberger6p@army.mil,Male,1988,Porsche,924,Houston,Texas,77234,US,29.834,-95.4342,32393,"Leuschke, Sporer and Torp",04/27/2023
243,Nathan,Danshin,ndanshin6q@cmu.edu,Male,2000,Toyota,Avalon,Paterson,New Jersey,07505,US,40.9166,-74.174,87226,"Haley, Bartell and Medhurst",07/23/2022
244,Scotty,Boor,sboor6r@amazonaws.com,Male,2010,Ford,Expedition,Columbus,Ohio,43284,US,39.969,-83.0114,71311,"Leannon, Heathcote and Johnson",06/21/2024
245,Lambert,Andryushin,landryushin6s@arizona.edu,Male,2006,Ford,E-350 Super Duty,Spokane,Washington,99260,US,47.6536,-117.4317,39089,Lockman-Mosciski,06/09/2024
246,Norry,Alessandrini,nalessandrini6t@blogs.com,Male,1994,Oldsmobile,98,Brooklyn,New York,11215,US,40.6669,-73.9828,94459,Kautzer Group,06/28/2023
247,Dare,Lichtfoth,dlichtfoth6u@baidu.com,Male,2000,Mitsubishi,Galant,Roanoke,Virginia,24034,US,37.2742,-79.9579,98837,Dibbert LLC,01/26/2026
248,Spike,Dahlberg,sdahlberg6v@macromedia.com,Male,1987,Mercury,Lynx,Wilmington,Delaware,19886,US,39.5645,-75.597,34973,Hauck Inc,11/30/2025
249,Cleavland,Gerner,cgerner6w@ning.com,Male,2000,Dodge,Ram Van 2500,Whittier,California,90610,US,33.7866,-118.2987,71408,Champlin-Grady,11/09/2022
250,Mommy,Squibbes,msquibbes6x@macromedia.com,Female,2011,Audi,A8,New York City,New York,10060,US,40.7808,-73.9772,99892,Gerlach-Kihn,04/14/2025
251,Reagan,Cowx,rcowx6y@ifeng.com,Male,1987,Audi,Coupe GT,Shreveport,Louisiana,71151,US,32.6076,-93.7526,64338,"Koss, West and Larkin",08/17/2022
252,Valencia,Gaize,vgaize6z@nba.com,Female,1990,Audi,80,Garden Grove,California,92645,US,33.783,-118.0256,42779,Kunze-Casper,11/01/2024
253,Sonnnie,Mansford,smansford70@arstechnica.com,Female,1992,Chevrolet,Corvette,Amarillo,Texas,79159,US,35.216,-102.0714,72982,O'Hara and Sons,08/06/2023
254,Saxon,Marti,smarti71@cloudflare.com,Male,1997,Toyota,Celica,Bridgeport,Connecticut,06606,US,41.2091,-73.2086,72564,McKenzie-Hills,09/25/2022
255,Flss,Gue,fgue72@myspace.com,Female,1995,Volkswagen,Jetta,Cleveland,Ohio,44105,US,41.4509,-81.619,63507,Halvorson-Will,04/18/2024
256,Dorothea,Crickmer,dcrickmer73@oakley.com,Female,2009,Kia,Sportage,Warren,Ohio,44485,US,41.2405,-80.8441,97213,"Erdman, Bartoletti and Carroll",10/01/2023
257,Sibella,Justham,sjustham74@si.edu,Genderfluid,2012,Aston Martin,Virage,New York City,New York,10009,US,40.7262,-73.9796,71979,Bauch Group,03/01/2025
258,Gianina,Counter,gcounter75@google.ru,Female,1992,Buick,Park Avenue,Richmond,Virginia,23242,US,37.5313,-77.4161,82848,Wunsch LLC,11/28/2024
259,Elsa,Brunsen,ebrunsen76@sakura.ne.jp,Female,2012,Acura,ZDX,Huntsville,Alabama,35895,US,34.734,-86.5229,76672,"Williamson, Luettgen and Schmeler",10/23/2025
260,Winston,Loudyan,wloudyan77@comcast.net,Male,1999,Lotus,Esprit,Charlotte,North Carolina,28230,US,35.26,-80.8042,30344,Dach-Berge,04/15/2025
261,Katharine,Stetson,kstetson78@wix.com,Female,1988,Ford,Bronco II,Atlanta,Georgia,31106,US,33.8444,-84.474,81951,Torphy and Sons,01/19/2025
262,Aubrey,Wanne,awanne79@telegraph.co.uk,Male,2009,Audi,R8,Los Angeles,California,90035,US,34.0531,-118.3806,69764,Cassin LLC,05/17/2024
263,Rowland,Gateland,rgateland7a@ocn.ne.jp,Male,1996,BMW,8 Series,Fort Lauderdale,Florida,33305,US,26.1497,-80.1229,32586,Kemmer-Sipes,03/09/2022
264,Grata,Strutz,gstrutz7b@wsj.com,Non-binary,2007,Audi,A3,Washington,District of Columbia,20078,US,38.8933,-77.0146,81535,"Monahan, Hilll and Denesik",09/29/2025
265,Husein,Carlson,hcarlson7c@globo.com,Male,2008,Nissan,Armada,Atlanta,Georgia,30340,US,33.8932,-84.2539,57382,Berge Inc,10/08/2023
266,Delmor,Repper,drepper7d@go.com,Genderfluid,2008,Chevrolet,HHR,Huntington,West Virginia,25711,US,38.4134,-82.2774,92054,Huel and Sons,04/13/2025
267,Somerset,Coche,scoche7e@japanpost.jp,Male,1998,Toyota,Tacoma Xtra,Providence,Rhode Island,02905,US,41.7845,-71.3959,32691,Barton-Runolfsson,07/16/2022
268,Christiane,Murkitt,cmurkitt7f@ft.com,Female,1994,Mazda,Navajo,Las Vegas,Nevada,89125,US,36.2235,-115.2655,40348,Emard and Sons,03/29/2024
269,Sapphire,Ayshford,sayshford7g@tuttocitta.it,Female,2001,Lincoln,Town Car,Chicago,Illinois,60674,US,41.8119,-87.6873,82604,Jakubowski-Cole,09/24/2023
270,Bordy,Brambley,bbrambley7h@columbia.edu,Male,1993,Hyundai,Sonata,Chicago,Illinois,60686,US,41.8756,-87.6378,79595,Blanda-Schiller,12/08/2024
271,Melony,Barlas,mbarlas7i@oracle.com,Female,2010,Honda,Fit,Fresno,California,93750,US,36.7464,-119.6397,39836,Raynor Inc,02/11/2024
272,Damara,Driver,ddriver7j@mac.com,Female,2008,GMC,Savana 3500,Atlanta,Georgia,30311,US,33.723,-84.4702,47136,Pacocha-Steuber,06/27/2022
273,Persis,Kenworth,pkenworth7k@purevolume.com,Female,1992,Acura,Vigor,Houston,Texas,77055,US,29.7971,-95.4958,42208,Mraz-Parisian,06/05/2022
274,Hamish,Muino,hmuino7l@wiley.com,Male,1993,Mazda,MX-3,Minneapolis,Minnesota,55428,US,45.0632,-93.3811,37844,Rath-Raynor,07/20/2024
275,Kay,Hubbert,khubbert7m@springer.com,Female,1992,GMC,Rally Wagon 3500,Chicago,Illinois,60657,US,41.9399,-87.6528,82278,Renner and Sons,11/13/2024
276,Bill,Parram,bparram7n@ovh.net,Female,2008,Toyota,Tacoma,New Orleans,Louisiana,70165,US,30.033,-89.8826,47982,"Goyette, Glover and Jacobson",08/29/2024
277,Kanya,Seebright,kseebright7o@wufoo.com,Female,2005,Lincoln,Navigator,Austin,Texas,78715,US,30.4501,-97.4865,86428,Waters-Price,07/03/2022
278,Killie,Adamkiewicz,kadamkiewicz7p@paypal.com,Male,2000,Mercury,Villager,Kansas City,Missouri,64199,US,39.035,-94.3567,40716,Hand-Durgan,08/30/2023
279,Heidi,Rosbrough,hrosbrough7q@cafepress.com,Female,2010,Infiniti,QX56,Mesa,Arizona,85210,US,33.3887,-111.8428,61566,Hills Group,11/15/2025
280,Welbie,Abramzon,wabramzon7r@addtoany.com,Male,2002,Lexus,LX,Houston,Texas,77025,US,29.6889,-95.4341,35037,Becker Group,09/27/2022
281,Georgianne,Kaveney,gkaveney7s@archive.org,Female,1984,Mercury,Capri,Lexington,Kentucky,40546,US,38.0283,-84.4715,99687,Schaefer Group,07/29/2024
282,Crichton,Few,cfew7t@dailymotion.com,Male,2009,Ford,Edge,Gastonia,North Carolina,28055,US,35.284,-81.1897,51761,"Sanford, Satterfield and Witting",02/14/2023
283,Emylee,Kuller,ekuller7u@hhs.gov,Female,2003,Nissan,Murano,Tampa,Florida,33605,US,27.9671,-82.4334,53327,"McGlynn, Schumm and Skiles",12/28/2025
284,Humphrey,Baunton,hbaunton7v@privacy.gov.au,Male,1992,Geo,Tracker,Salt Lake City,Utah,84135,US,40.6681,-111.9083,93550,Auer-Hudson,04/06/2025
285,Thane,Kaliszewski,tkaliszewski7w@webnode.com,Male,2009,Porsche,Cayenne,Topeka,Kansas,66606,US,39.0583,-95.7095,78671,West-Gusikowski,02/20/2025
286,Libbie,Truce,ltruce7x@netlog.com,Female,1996,GMC,Suburban 1500,Jacksonville,Florida,32225,US,30.351,-81.5061,88475,Erdman Group,10/27/2022
287,Constancy,Scamp,cscamp7y@purevolume.com,Female,2011,Jaguar,XJ,Fort Worth,Texas,76115,US,32.6796,-97.3336,38431,Oberbrunner Inc,03/02/2023
288,Verla,Dockray,vdockray7z@about.com,Female,1992,Oldsmobile,88,Bethlehem,Pennsylvania,18018,US,40.6278,-75.3928,94013,Quitzon and Sons,02/22/2024
289,Milo,Pavlishchev,mpavlishchev80@over-blog.com,Male,1994,Dodge,Intrepid,Kansas City,Missouri,64193,US,39.035,-94.3567,91917,Wyman-Dibbert,04/12/2025
290,Kimball,Stouther,kstouther81@usatoday.com,Male,1991,Mazda,Familia,Newton,Massachusetts,02162,US,42.3319,-71.254,48083,Medhurst-Nader,11/11/2022
291,Aaren,Kobierski,akobierski82@discuz.net,Female,2007,Chevrolet,Cobalt SS,Saint Paul,Minnesota,55146,US,44.9427,-93.0828,79968,Bechtelar-Moore,09/30/2022
292,Nikaniki,Hunton,nhunton83@phoca.cz,Female,2003,Chevrolet,Tracker,Oxnard,California,93034,US,34.0324,-119.1343,30128,Lebsack-Bode,04/27/2024
293,Artair,Yezafovich,ayezafovich84@ifeng.com,Male,2002,Jaguar,XJ Series,Mesa,Arizona,85205,US,33.4368,-111.7129,99127,Lakin-Mante,08/30/2023
294,Jefferson,Gabitis,jgabitis85@weather.com,Male,1996,Isuzu,Oasis,El Paso,Texas,88546,US,31.6948,-106.3,69213,"Senger, Moore and Schroeder",02/21/2023
295,Ambrosio,Raikes,araikes86@fastcompany.com,Male,1999,GMC,Yukon,Hattiesburg,Mississippi,39404,US,31.1721,-89.2948,38940,"Rodriguez, Barton and Kshlerin",08/23/2023
296,Toiboid,Sancho,tsancho87@sciencedirect.com,Male,1998,Kia,Sportage,Bethesda,Maryland,20892,US,39.0024,-77.1034,88106,Zieme LLC,12/05/2022
297,Roderich,Langmuir,rlangmuir88@msn.com,Male,2006,Mitsubishi,Endeavor,Laurel,Maryland,20709,US,38.8336,-76.8777,38050,Olson-Vandervort,06/15/2025
298,Barbaraanne,Coole,bcoole89@seattletimes.com,Female,2004,Infiniti,M,Bethlehem,Pennsylvania,18018,US,40.6278,-75.3928,31438,"Runolfsson, McKenzie and Thiel",11/14/2022
299,Gabriela,Wedderburn,gwedderburn8a@digg.com,Female,2010,Nissan,Titan,Las Vegas,Nevada,89135,US,36.1378,-115.3261,40925,"Pacocha, Rice and Pfeffer",10/25/2024
300,Sela,Hiseman,shiseman8b@ihg.com,Female,2010,Saab,9-3,Seattle,Washington,98121,US,47.6151,-122.3447,52047,"Mraz, Greenfelder and Heaney",02/23/2022
301,Darelle,Furphy,dfurphy8c@imgur.com,Bigender,2009,Acura,TL,Atlanta,Georgia,31165,US,33.7629,-84.4226,74848,"Kub, Lindgren and Ratke",09/08/2024
302,Alley,Madsen,amadsen8d@who.int,Polygender,1992,Nissan,Maxima,Miami,Florida,33147,US,25.8507,-80.2366,45700,Hammes Inc,10/22/2025
303,Victoir,Skitteral,vskitteral8e@bloomberg.com,Male,2011,Lexus,GS,Shawnee Mission,Kansas,66215,US,38.949,-94.7405,52479,Crona Inc,09/30/2025
304,Pen,Wilsher,pwilsher8f@discovery.com,Male,1998,Acura,RL,Topeka,Kansas,66699,US,39.0429,-95.7697,62000,"Conn, Padberg and Lubowitz",01/21/2024
305,Orren,Brounsell,obrounsell8g@dyndns.org,Male,2003,Chevrolet,Avalanche 1500,Bowie,Maryland,20719,US,38.8336,-76.8777,57251,"Boyle, Schultz and Kessler",11/28/2025
306,Teodora,Getty,tgetty8h@instagram.com,Female,1996,Chevrolet,Cavalier,Indianapolis,Indiana,46231,US,39.7038,-86.3029,97529,Bernier-Treutel,04/14/2024
307,Victoria,Ebbins,vebbins8i@e-recht24.de,Agender,1997,Mercury,Villager,Charleston,West Virginia,25389,US,38.354,-81.6394,46392,Ryan-Zulauf,10/21/2023
308,Emanuel,Tettley,etettley8j@usa.gov,Male,2008,BMW,X5,Topeka,Kansas,66629,US,39.0429,-95.7697,89184,Johns and Sons,03/20/2025
309,Terza,Odell,todell8k@sitemeter.com,Female,1999,Suzuki,Swift,New York City,New York,10014,US,40.7339,-74.0054,48680,O'Hara LLC,06/10/2025
310,Pierette,Mitchener,pmitchener8l@sfgate.com,Female,2003,Porsche,911,Arlington,Virginia,22244,US,38.8545,-77.052,82767,Wiza LLC,03/18/2023
311,Garald,Elleyne,gelleyne8m@rakuten.co.jp,Male,2012,Mazda,Mazdaspeed 3,Reston,Virginia,20195,US,38.8318,-77.2888,73350,Fahey-Bahringer,01/06/2023
312,Blake,Anstice,banstice8n@delicious.com,Female,2003,Toyota,Solara,Tampa,Florida,33694,US,27.872,-82.4388,36052,Braun-Green,11/03/2025
313,Cordie,Baversor,cbaversor8o@yellowbook.com,Female,1993,Oldsmobile,Cutlass Cruiser,Manchester,New Hampshire,03105,US,42.9521,-71.6539,58327,Lynch-Kreiger,05/17/2023
314,Emalee,Eamer,eeamer8p@flickr.com,Female,1997,Lincoln,Town Car,Chattanooga,Tennessee,37405,US,35.0768,-85.3082,64100,Brown LLC,11/26/2024
315,Ernest,Mulmuray,emulmuray8q@umn.edu,Male,2000,Dodge,Intrepid,Bakersfield,California,93399,US,35.4369,-119.0679,88306,Kovacek-Weissnat,02/20/2022
316,Gil,Tummasutti,gtummasutti8r@mit.edu,Male,1997,Mercury,Villager,Fort Worth,Texas,76198,US,32.7714,-97.2915,56558,"Fritsch, Ortiz and Kassulke",07/12/2023
317,Denney,Grummitt,dgrummitt8s@ebay.com,Male,1993,Dodge,Dakota Club,Phoenix,Arizona,85035,US,33.4724,-112.1832,32715,Kozey and Sons,07/02/2025
318,Aarika,Dovermann,adovermann8t@prweb.com,Female,1988,Ford,Bronco II,Dallas,Texas,75287,US,33.0005,-96.8314,54279,"Heidenreich, Metz and Walsh",12/11/2025
319,Cari,Smouten,csmouten8u@typepad.com,Female,2003,GMC,Safari,Miami,Florida,33158,US,25.6364,-80.3187,88128,Schowalter-Predovic,04/01/2023
320,Tiebold,Tice,ttice8v@loc.gov,Male,1993,Chrysler,New Yorker,Lima,Ohio,45807,US,40.7955,-84.1383,37836,Streich Inc,09/01/2022
321,Cathryn,Cathel,ccathel8w@feedburner.com,Female,2003,Dodge,Neon,Saint Paul,Minnesota,55166,US,45.0059,-93.1059,66833,Paucek Group,02/01/2022
322,Curcio,Luparto,cluparto8x@usda.gov,Male,1998,Buick,Regal,Atlanta,Georgia,31106,US,33.8444,-84.474,56908,Gulgowski-Hintz,02/22/2022
323,Thor,Jephcote,tjephcote8y@weather.com,Male,1998,GMC,Yukon,Atlanta,Georgia,31119,US,33.8913,-84.0746,82704,Medhurst-Kling,04/13/2024
324,Pooh,Marking,pmarking8z@tripod.com,Male,2003,Audi,A8,Shreveport,Louisiana,71137,US,32.6076,-93.7526,62028,Towne-Donnelly,03/10/2023
325,Yul,Fuzzens,yfuzzens90@marketwatch.com,Male,2005,Mercury,Mariner,Minneapolis,Minnesota,55407,US,44.9378,-93.2545,90266,Kilback LLC,12/23/2024
326,Orrin,Thrustle,othrustle91@illinois.edu,Male,1986,Ford,Tempo,Washington,District of Columbia,20470,US,38.8933,-77.0146,31278,Monahan and Sons,11/20/2023
327,Elita,Garaghan,egaraghan92@ning.com,Bigender,2011,Subaru,Legacy,Greensboro,North Carolina,27499,US,36.0807,-80.0244,39316,Wilkinson-White,02/24/2023
328,Allyn,Addams,aaddams93@nsw.gov.au,Male,2004,Mitsubishi,Diamante,Houston,Texas,77260,US,29.7687,-95.3867,43714,Bradtke LLC,07/26/2023
329,Augustine,Syson,asyson94@twitpic.com,Female,2007,Audi,A6,Charlotte,North Carolina,28225,US,35.26,-80.8042,46849,Purdy-Mayer,03/26/2024
330,Jarrod,Velden,jvelden95@mit.edu,Male,2004,Honda,Element,El Paso,Texas,88541,US,31.6948,-106.3,52652,Moore-Kris,04/26/2022
331,Wilow,Stanhope,wstanhope96@google.fr,Female,1997,Porsche,911,Houston,Texas,77271,US,29.834,-95.4342,93405,Hand-Lemke,06/28/2025
332,Paige,Danielis,pdanielis97@ucoz.ru,Male,1985,Honda,CR-X,Florence,South Carolina,29505,US,34.1231,-79.6893,56384,Kessler-O'Kon,02/23/2022
333,Edward,Ledwitch,eledwitch98@histats.com,Male,1987,Pontiac,Firebird,Saint Petersburg,Florida,33737,US,27.8918,-82.7248,52610,Bogisich-Zulauf,10/16/2022
334,Aarika,Devon,adevon99@ucla.edu,Female,2011,Kia,Forte,Cincinnati,Ohio,45238,US,39.1092,-84.6108,38290,Jacobs-Rohan,01/22/2023
335,Anet,Burdikin,aburdikin9a@pcworld.com,Female,2011,Cadillac,CTS,Galveston,Texas,77554,US,29.2243,-94.9637,53350,Konopelski Inc,09/10/2022
336,Leone,Henaughan,lhenaughan9b@issuu.com,Female,1998,Chevrolet,Astro,Omaha,Nebraska,68110,US,41.2933,-95.9361,68047,"Davis, Cole and Hammes",03/31/2024
337,Alvera,Scaysbrook,ascaysbrook9c@ask.com,Female,1993,Mazda,MX-6,San Antonio,Texas,78245,US,29.4189,-98.6895,86431,Reynolds Group,06/09/2022
338,Barry,Fawks,bfawks9d@mapquest.com,Male,1995,Nissan,Maxima,Hayward,California,94544,US,37.6374,-122.067,82183,Veum-Christiansen,06/20/2023
339,Jeddy,Kleuer,jkleuer9e@vk.com,Male,1999,Mazda,B-Series,Washington,District of Columbia,20535,US,38.8941,-77.0251,50916,"Hansen, Bogan and Lemke",03/14/2022
340,Sayers,Ceeley,sceeley9f@nsw.gov.au,Male,2005,Scion,tC,Monticello,Minnesota,55565,US,45.2009,-93.8881,72667,Hermann-DuBuque,07/16/2024
341,Sheffield,Ellse,sellse9g@bbc.co.uk,Male,1993,Dodge,Spirit,Fort Worth,Texas,76178,US,32.7714,-97.2915,47265,Lakin Inc,10/17/2022
342,Dalenna,MacGlory,dmacglory9h@xinhuanet.com,Female,2004,Lotus,Esprit,Houston,Texas,77045,US,29.6297,-95.4382,74495,Funk Group,05/04/2024
343,Bethanne,Fiddiman,bfiddiman9i@deliciousdays.com,Female,2006,Lincoln,Mark LT,Evanston,Illinois,60208,US,42.0586,-87.6845,55937,Reichel LLC,08/12/2024
344,Sasha,Jowers,sjowers9j@diigo.com,Female,1993,Mitsubishi,Chariot,Schenectady,New York,12305,US,42.8161,-73.9398,61127,Turcotte Group,12/30/2024
345,Isa,Pyser,ipyser9k@amazon.de,Male,2006,Mercury,Monterey,Richmond,Virginia,23260,US,37.5242,-77.4932,98090,"Maggio, Boyer and Jacobson",05/11/2023
346,Sheffield,Yellowlea,syellowlea9l@phoca.cz,Male,2007,Ford,Expedition EL,Lees Summit,Missouri,64082,US,38.8518,-94.3944,30915,"Nienow, Wintheiser and Smith",04/05/2022
347,Todd,Dulling,tdulling9m@telegraph.co.uk,Male,1999,Mazda,Millenia,Duluth,Georgia,30195,US,34.0047,-84.1532,52171,Crooks-Schmeler,06/07/2025
348,Teador,Bonsul,tbonsul9n@bloglovin.com,Male,1993,Pontiac,Sunbird,New York City,New York,10292,US,40.7808,-73.9772,30705,Cruickshank-Blanda,01/14/2024
349,Shandeigh,Goodsir,sgoodsir9o@odnoklassniki.ru,Genderfluid,1987,Ford,F-Series,Louisville,Kentucky,40280,US,38.2467,-85.6853,58153,Rowe LLC,06/18/2024
350,Dar,Jedrzej,djedrzej9p@sourceforge.net,Male,1996,Isuzu,Rodeo,Des Moines,Iowa,50305,US,41.6727,-93.5722,67797,Beer-Brakus,07/03/2024
351,Arielle,Nixon,anixon9q@csmonitor.com,Female,2007,GMC,Savana 2500,Pittsburgh,Pennsylvania,15235,US,40.4598,-79.8224,59776,Hickle-Macejkovic,03/20/2023
352,Stefan,Swinden,sswinden9r@pbs.org,Genderfluid,2008,Lincoln,Mark LT,Springfield,Missouri,65805,US,37.2581,-93.3437,89120,"Pacocha, O'Keefe and Rau",11/12/2023
353,Crystie,Radmer,cradmer9s@cocolog-nifty.com,Female,2011,Suzuki,Kizashi,Kansas City,Missouri,64149,US,38.8606,-94.4636,80620,Wiza Group,10/17/2023
354,Eleanore,Lowin,elowin9t@e-recht24.de,Female,1988,Mitsubishi,Cordia,Buffalo,New York,14220,US,42.8441,-78.8182,76032,Smith Group,06/29/2022
355,Demetre,Kennaird,dkennaird9u@youtube.com,Male,2003,Toyota,MR2,Fayetteville,North Carolina,28314,US,35.0583,-79.008,33971,"Schinner, Powlowski and Treutel",04/18/2023
356,Thorpe,Bootton,tbootton9v@usa.gov,Male,1998,Jaguar,XK Series,Schenectady,New York,12325,US,42.8333,-74.058,82145,"Carroll, Becker and Bednar",07/30/2023
357,Hy,Matteo,hmatteo9w@spiegel.de,Male,2000,Buick,Century,Hialeah,Florida,33018,US,25.9098,-80.3889,67275,"Brekke, Jacobson and Kuhic",01/31/2022
358,Montague,Blindmann,mblindmann9x@skyrock.com,Male,2001,Mazda,Tribute,New York City,New York,10045,US,40.7086,-74.0087,53476,Hayes Group,08/10/2023
359,Elberta,Menpes,emenpes9y@businessweek.com,Agender,2001,Subaru,Outback,Honolulu,Hawaii,96815,US,21.2811,-157.8266,40258,Kuphal Group,04/27/2024
360,Cleo,Halbard,chalbard9z@google.co.uk,Female,2010,Scion,xB,Denver,Colorado,80209,US,39.7074,-104.9686,30841,"Hayes, Russel and Hudson",05/02/2025
361,Kaitlynn,Agirre,kagirrea0@domainmarket.com,Non-binary,1987,Mitsubishi,Cordia,Louisville,Kentucky,40205,US,38.2222,-85.6885,70422,Hand and Sons,01/20/2025
362,Elianora,Yurkov,eyurkova1@discovery.com,Genderqueer,2008,Volkswagen,Passat,Houston,Texas,77075,US,29.6223,-95.26,55331,Windler Inc,11/30/2024
363,Doti,Kenna,dkennaa2@blog.com,Polygender,2012,Buick,Regal,Las Vegas,Nevada,89130,US,36.2471,-115.221,47543,"Balistreri, Wuckert and Kiehn",05/10/2025
364,Carlita,Wondraschek,cwondrascheka3@businessweek.com,Female,2011,Hyundai,Veracruz,Canton,Ohio,44720,US,40.8956,-81.433,40752,"Kutch, Ward and Conroy",12/18/2022
365,Traver,Camelia,tcameliaa4@theguardian.com,Male,2006,Ford,F150,Pasadena,California,91117,US,33.7866,-118.2987,39778,Grimes-Crooks,12/26/2025
366,Addison,Edgley,aedgleya5@i2i.jp,Male,2010,Volkswagen,Passat,Harrisburg,Pennsylvania,17105,US,40.2785,-76.8752,43768,Stroman-Cormier,04/10/2023
367,Jared,Benkhe,jbenkhea6@cafepress.com,Male,2001,GMC,Sierra 3500,Dayton,Ohio,45490,US,39.7505,-84.2686,35170,D'Amore-Hettinger,07/15/2022
368,Doe,Solomonides,dsolomonidesa7@wisc.edu,Female,2009,Jeep,Compass,Hampton,Virginia,23663,US,37.0318,-76.3199,89405,Crooks Inc,07/16/2024
369,Issie,Danneil,idanneila8@amazonaws.com,Female,1985,Buick,Skyhawk,Pensacola,Florida,32526,US,30.4756,-87.3179,42934,Schuppe LLC,01/11/2023
370,Cornall,Dzenisenka,cdzenisenkaa9@gmpg.org,Agender,2006,Maserati,GranSport,El Paso,Texas,79950,US,31.6948,-106.3,86225,Dietrich-Pfannerstill,01/23/2025
371,Ottilie,Vallance,ovallanceaa@whitehouse.gov,Female,1992,Chevrolet,Lumina,San Diego,California,92191,US,33.0169,-116.846,88140,"Hegmann, Gleason and Cormier",04/29/2025
372,Reggie,Puleque,rpulequeab@webmd.com,Male,1992,Acura,Vigor,Brea,California,92822,US,33.9187,-117.8892,71028,Wehner and Sons,04/28/2024
373,Augusta,Sweetman,asweetmanac@ucoz.ru,Female,2000,Isuzu,Amigo,Glendale,Arizona,85305,US,33.5291,-112.2482,35450,Larkin-Lowe,10/12/2022
374,Domeniga,Buckland,dbucklandad@psu.edu,Female,1987,Lincoln,Continental,Kansas City,Missouri,64193,US,39.035,-94.3567,41820,Greenfelder-Lynch,01/11/2026
375,Sissy,Sarten,ssartenae@latimes.com,Female,2008,BMW,7 Series,Boulder,Colorado,80305,US,39.9807,-105.2531,42437,Hilpert and Sons,03/17/2023
376,Frazer,Whild,fwhildaf@dropbox.com,Male,1990,Volkswagen,Corrado,Houston,Texas,77040,US,29.8744,-95.5278,65474,Kerluke-Jacobson,09/16/2022
377,Linell,Oda,lodaag@github.com,Female,1995,Toyota,Xtra,Houston,Texas,77070,US,29.9781,-95.5803,61380,Bosco LLC,04/06/2025
378,Dorey,Gwyther,dgwytherah@vk.com,Female,2001,Toyota,MR2,Newark,New Jersey,07112,US,40.7107,-74.2131,40680,Mohr-Kshlerin,11/22/2023
379,Bond,McMyler,bmcmylerai@craigslist.org,Male,2011,Volkswagen,CC,Panama City,Florida,32412,US,30.2345,-85.692,57732,Stehr-Quitzon,07/08/2023
380,Brittany,Birdfield,bbirdfieldaj@twitter.com,Female,1998,Honda,Passport,Chicago,Illinois,60641,US,41.9453,-87.7474,43800,McGlynn and Sons,07/09/2024
381,Barry,Wase,bwaseak@sohu.com,Female,1994,Mercury,Grand Marquis,Oklahoma City,Oklahoma,73124,US,35.5514,-97.4075,30320,Trantow-Christiansen,01/01/2024
382,Gage,Rivelin,grivelinal@answers.com,Male,2004,Audi,A8,Houston,Texas,77095,US,29.8941,-95.6481,63263,"Murphy, Kozey and Kirlin",12/10/2025
383,Rikki,Osinin,rosininam@seesaa.net,Female,2007,Toyota,Avalon,San Diego,California,92191,US,33.0169,-116.846,42971,Kling-Stokes,11/08/2025
384,Desiri,Phittiplace,dphittiplacean@plala.or.jp,Polygender,2007,Mercedes-Benz,GL-Class,Houston,Texas,77045,US,29.6297,-95.4382,48844,"Wisozk, Johns and Dicki",07/26/2023
385,Aurelie,Spurritt,aspurrittao@google.com.hk,Female,2008,Pontiac,G6,Saint Louis,Missouri,63136,US,38.7196,-90.27,78697,Hilll-Jerde,11/21/2023
386,Rurik,Bembrick,rbembrickap@ted.com,Male,2004,Chevrolet,Silverado 3500,Houston,Texas,77065,US,29.9319,-95.6106,81600,Ondricka and Sons,02/24/2022
387,Kayle,Borrington,kborringtonaq@dot.gov,Female,2003,Ford,Thunderbird,Scottsdale,Arizona,85260,US,33.6013,-111.8867,65694,"Marks, Terry and Satterfield",03/19/2024
388,Donnell,Paffitt,dpaffittar@sina.com.cn,Male,1961,Studebaker,Avanti,New York City,New York,10019,US,40.7651,-73.9858,93691,Bechtelar and Sons,04/23/2024
389,Glen,Langsbury,glangsburyas@google.co.uk,Male,2009,Kia,Optima,Chicago,Illinois,60614,US,41.9229,-87.6483,70127,Mohr Inc,01/21/2026
390,Ernaline,Kunkel,ekunkelat@cnn.com,Female,2011,Mercury,Milan,Colorado Springs,Colorado,80945,US,38.8247,-104.562,48409,Boehm-Zulauf,09/26/2022
391,Felipa,Fowell,ffowellau@stanford.edu,Female,1989,Maserati,Karif,Monroe,Louisiana,71208,US,32.4968,-92.0756,91821,Durgan Inc,10/17/2025
392,Dennison,Bortoletti,dbortolettiav@blinklist.com,Male,1985,Toyota,MR2,Asheville,North Carolina,28815,US,35.6203,-82.5286,30915,Heidenreich-Okuneva,04/24/2025
393,Cristy,Limon,climonaw@wisc.edu,Female,2009,Mercedes-Benz,CLS-Class,Rochester,New York,14624,US,43.1216,-77.7311,30610,Collier-Keebler,02/11/2025
394,Garrard,Philbin,gphilbinax@illinois.edu,Male,2007,Jeep,Liberty,Sandy,Utah,84093,US,40.5927,-111.831,60418,Nienow Inc,07/27/2024
395,Karly,McRuvie,kmcruvieay@bizjournals.com,Female,1990,Lincoln,Continental Mark VII,New Orleans,Louisiana,70154,US,30.033,-89.8826,76748,Zulauf-Weimann,03/28/2024
396,Putnam,Gathercoal,pgathercoalaz@com.com,Male,2009,Land Rover,Freelander,Miami,Florida,33245,US,25.5584,-80.4582,95146,"Grimes, Swift and Greenfelder",04/25/2023
397,Phyllys,Bothram,pbothramb0@woothemes.com,Female,1994,Nissan,Quest,Cincinnati,Ohio,45243,US,39.1848,-84.3448,40187,"Windler, Hermann and Glover",09/20/2024
398,Malissia,Jouanny,mjouannyb1@adobe.com,Female,1991,Suzuki,Swift,Portland,Oregon,97240,US,45.5806,-122.3748,31461,Turcotte-Bode,08/03/2024
399,Donalt,Margram,dmargramb2@imageshack.us,Male,2002,Toyota,Echo,Washington,District of Columbia,20299,US,38.8933,-77.0146,59510,Kassulke-Considine,08/07/2025
400,Fair,Silby,fsilbyb3@businessinsider.com,Male,2011,Honda,Ridgeline,Canton,Ohio,44710,US,40.7911,-81.4169,88446,Ziemann-Treutel,03/07/2025
401,Bordy,Huggin,bhugginb4@merriam-webster.com,Male,1993,Hyundai,Excel,San Diego,California,92145,US,32.8891,-117.1005,50360,Walsh and Sons,11/18/2023
402,Lauraine,MacAllan,lmacallanb5@webnode.com,Female,2011,GMC,Savana 1500,Atlanta,Georgia,30380,US,33.8444,-84.474,53586,Hudson and Sons,04/23/2023
403,Shae,Ambrogetti,sambrogettib6@elegantthemes.com,Male,2007,Chevrolet,Suburban,Pensacola,Florida,32511,US,30.4061,-87.2917,80594,Abshire and Sons,11/06/2022
404,Rozina,Draco,rdracob7@nytimes.com,Female,1972,Ford,Mustang,New York City,New York,10014,US,40.7339,-74.0054,85651,"Spencer, Jacobs and Wuckert",03/12/2024
405,Shandy,Munsey,smunseyb8@vkontakte.ru,Female,2006,Ford,GT,Wichita,Kansas,67215,US,37.6333,-97.425,96964,"O'Hara, Zboncak and Larkin",12/10/2023
406,Aundrea,Oram,aoramb9@youku.com,Female,2001,GMC,Sierra 3500,Wilmington,Delaware,19810,US,39.8188,-75.5064,75381,"Ondricka, Bayer and Cormier",02/02/2022
407,Hope,Charer,hcharerba@cam.ac.uk,Female,1989,Mercedes-Benz,SL-Class,Baltimore,Maryland,21239,US,39.361,-76.5891,48908,Gutkowski-Bechtelar,03/22/2023
408,Caresa,Sein,cseinbb@rakuten.co.jp,Female,2012,Mercedes-Benz,SLS AMG,Houston,Texas,77255,US,29.834,-95.4342,67617,"Dach, Gusikowski and Rice",10/25/2023
409,Agretha,Vial,avialbc@com.com,Female,1987,Mitsubishi,L300,Metairie,Louisiana,70005,US,30.0005,-90.1331,55163,Mraz-Ratke,01/15/2024
410,Glori,Filippozzi,gfilippozzibd@free.fr,Female,1993,Mitsubishi,Mighty Max Macro,Saint Louis,Missouri,63116,US,38.5814,-90.2625,81399,Dickens LLC,02/09/2024
411,Kati,Daverin,kdaverinbe@harvard.edu,Female,2003,Saturn,L-Series,Washington,District of Columbia,20215,US,38.8933,-77.0146,58355,Raynor LLC,07/09/2025
412,Theodoric,Gavey,tgaveybf@webmd.com,Male,2012,Mercedes-Benz,R-Class,Richmond,Virginia,23213,US,37.5593,-77.4471,71321,Little LLC,05/20/2025
413,Kettie,Defew,kdefewbg@cbc.ca,Female,1998,Mercury,Grand Marquis,Chattanooga,Tennessee,37410,US,35.0018,-85.3138,43221,Renner Group,02/08/2023
414,Alvis,Ruvel,aruvelbh@prweb.com,Male,2010,Subaru,Impreza,Montgomery,Alabama,36125,US,32.2334,-86.2085,56599,Corkery-Adams,02/10/2022
415,Mathias,Farryn,mfarrynbi@chicagotribune.com,Male,1997,Toyota,Corolla,Washington,District of Columbia,20041,US,38.8933,-77.0146,94283,Christiansen LLC,08/02/2022
416,Clarette,Gianninotti,cgianninottibj@unblog.fr,Female,2009,Kia,Sorento,Louisville,Kentucky,40298,US,38.189,-85.6768,67112,"Adams, Rau and Veum",03/26/2023
417,Lemuel,Scrivner,lscrivnerbk@rediff.com,Male,1995,Saab,900,Gulfport,Mississippi,39505,US,30.4158,-89.0684,60493,Davis-Rau,11/15/2024
418,Susi,Foxhall,sfoxhallbl@moonfruit.com,Female,2007,Chrysler,Sebring,Fargo,North Dakota,58122,US,46.9346,-97.2297,51342,"Johnson, Legros and Waters",11/12/2024
419,Byrann,Stripp,bstrippbm@i2i.jp,Male,1992,Cadillac,DeVille,Sioux Falls,South Dakota,57188,US,43.6746,-96.7913,32634,Hoppe Group,02/11/2022
420,Rooney,Beedle,rbeedlebn@fotki.com,Male,2002,Ford,Windstar,Scranton,Pennsylvania,18514,US,41.4019,-75.6376,98831,Nolan-Johnson,09/03/2023
421,Patrice,d'Arcy,pdarcybo@canalblog.com,Non-binary,2008,Mazda,Miata MX-5,Ocala,Florida,34474,US,29.1565,-82.2095,42951,Bashirian-Dicki,06/22/2022
422,Melitta,Windham,mwindhambp@theguardian.com,Female,2010,Lotus,Elise,Miami,Florida,33153,US,25.8655,-80.1936,99680,"Ritchie, Runolfsson and Hermiston",05/18/2025
423,Stefan,Dilley,sdilleybq@ucoz.ru,Male,2000,Chrysler,Sebring,San Antonio,Texas,78291,US,29.4375,-98.4616,84308,Kertzmann-Green,04/12/2023
424,Tuck,Etoile,tetoilebr@theatlantic.com,Male,2008,Kia,Sorento,Los Angeles,California,90045,US,33.9631,-118.3941,31972,"Dicki, Lueilwitz and Haley",02/05/2023
425,Happy,Fetherby,hfetherbybs@blogs.com,Female,2008,Dodge,Challenger,Sacramento,California,94273,US,38.3774,-121.4444,57457,Hayes-Koss,04/29/2023
426,Elissa,Korneichik,ekorneichikbt@hexun.com,Female,2007,GMC,Canyon,Houston,Texas,77025,US,29.6889,-95.4341,87065,"Treutel, Abbott and Luettgen",02/09/2023
427,Matty,MacCawley,mmaccawleybu@netlog.com,Male,2005,Mercedes-Benz,SL-Class,Pomona,California,91797,US,33.7866,-118.2987,54558,Hodkiewicz-Greenfelder,12/18/2023
428,Kendrick,Janeczek,kjaneczekbv@soundcloud.com,Male,2009,Mazda,CX-7,Indianapolis,Indiana,46239,US,39.7265,-86.0005,80653,Sporer-Lakin,01/26/2025
429,Maurine,Hurren,mhurrenbw@washington.edu,Female,1997,Jaguar,XJ Series,Omaha,Nebraska,68179,US,41.2917,-96.1711,33345,Corwin-Mraz,02/19/2023
430,Cherey,Curlis,ccurlisbx@go.com,Non-binary,2006,MINI,Cooper,Saint Paul,Minnesota,55114,US,44.968,-93.1981,86625,Hartmann Inc,01/05/2023
431,Sander,Thiem,sthiemby@bluehost.com,Male,1993,Chevrolet,Sportvan G20,Springfield,Illinois,62776,US,39.7495,-89.606,94153,Stroman Group,08/25/2024
432,Ed,Poley,epoleybz@icio.us,Male,1992,Mazda,626,Kingsport,Tennessee,37665,US,36.5799,-82.5733,36726,Wintheiser Group,02/24/2025
433,Felicia,Muck,fmuckc0@yellowbook.com,Female,2006,Subaru,B9 Tribeca,Las Cruces,New Mexico,88006,US,32.3052,-106.7863,97527,"Kris, McCullough and Block",12/29/2022
434,Sigvard,Curtiss,scurtissc1@flickr.com,Male,1979,Ford,Mustang,Silver Spring,Maryland,20918,US,39.144,-77.2076,75811,"Cassin, Leuschke and Klein",06/09/2022
435,Kippie,O'Hearn,kohearnc2@nature.com,Male,1987,Ford,E-Series,Norfolk,Virginia,23514,US,36.9312,-76.2397,57638,Osinski-Crona,09/04/2023
436,Constantina,Bolley,cbolleyc3@tmall.com,Female,1967,Ford,Falcon,Palmdale,California,93591,US,34.6019,-117.8123,53388,Schowalter-Spinka,06/11/2022
437,Emmalynne,Josling,ejoslingc4@seattletimes.com,Female,2008,Aston Martin,DB9,Hampton,Virginia,23663,US,37.0318,-76.3199,72891,Legros-Shields,03/09/2025
438,Tremain,Welbourn,twelbournc5@ucla.edu,Male,2003,Toyota,Echo,Youngstown,Ohio,44505,US,41.1257,-80.6277,51307,Johnson Group,07/13/2022
439,Viola,Busen,vbusenc6@wix.com,Female,2005,Lexus,SC,Boise,Idaho,83757,US,43.4599,-116.244,60651,Berge LLC,01/08/2025
440,Lira,Sutherland,lsutherlandc7@deliciousdays.com,Female,1986,Mercury,Marquis,Jackson,Tennessee,38308,US,35.6124,-88.8412,98363,Moen Group,02/24/2025
441,Nada,Scriviner,nscrivinerc8@house.gov,Genderqueer,2012,Nissan,Titan,Pompano Beach,Florida,33069,US,26.2288,-80.1635,49742,Kohler-Jakubowski,09/02/2022
442,Katina,Abrehart,kabrehartc9@java.com,Female,1999,Dodge,Ram 3500,Silver Spring,Maryland,20904,US,39.0668,-76.9969,47964,Gulgowski-Schimmel,03/24/2024
443,Jedidiah,Bridgeland,jbridgelandca@umich.edu,Genderqueer,1994,Dodge,Ram Van B150,New Orleans,Louisiana,70149,US,30.033,-89.8826,30665,"Kilback, Rowe and Harris",04/16/2024
444,Dotty,Creasey,dcreaseycb@bloomberg.com,Female,1992,Volvo,240,Worcester,Massachusetts,01610,US,42.2492,-71.8108,62896,Raynor-Blanda,01/02/2026
445,Salvatore,Cush,scushcc@netscape.com,Male,2003,Nissan,Maxima,Washington,District of Columbia,20022,US,38.945,-77.0364,64706,"Kemmer, Schimmel and Brown",03/08/2022
446,Angelique,Cookes,acookescd@hostgator.com,Female,1988,Suzuki,SJ,Mobile,Alabama,36605,US,30.6341,-88.0846,46459,"Ebert, McCullough and Greenholt",06/22/2022
447,Matthew,Astlett,mastlettce@archive.org,Male,1987,Mercedes-Benz,W201,Ocala,Florida,34474,US,29.1565,-82.2095,98549,"Conroy, Beer and Zboncak",07/20/2022
448,Kathryn,Lambricht,klambrichtcf@goodreads.com,Female,1992,Acura,Legend,Daytona Beach,Florida,32123,US,29.0227,-81.1722,73214,Hessel-Sauer,04/27/2022
449,Shela,Jellings,sjellingscg@dropbox.com,Female,1998,GMC,Savana 2500,Tacoma,Washington,98411,US,47.0662,-122.1132,39690,Crist-Jacobs,07/04/2024
450,Foss,Mattioni,fmattionich@nasa.gov,Male,1994,Dodge,Viper RT/10,Washington,District of Columbia,20057,US,38.8933,-77.0146,85805,"Kunze, Maggio and Little",12/07/2023
451,Salvidor,Jado,sjadoci@noaa.gov,Male,1999,Kia,Sephia,North Las Vegas,Nevada,89087,US,36.2204,-115.1458,90192,Williamson and Sons,11/26/2024
452,Jori,Small,jsmallcj@oaic.gov.au,Female,1997,Acura,NSX,Kalamazoo,Michigan,49048,US,42.3189,-85.5152,93340,Jakubowski-Gottlieb,03/19/2022
453,Engracia,Bunt,ebuntck@flickr.com,Female,1998,Ford,Explorer,Maple Plain,Minnesota,55579,US,45.0159,-93.4719,45803,"Marquardt, Borer and Douglas",10/18/2023
454,Dell,Melby,dmelbycl@upenn.edu,Genderqueer,1997,Isuzu,Oasis,Sacramento,California,95838,US,38.6406,-121.444,68131,Price-O'Reilly,07/12/2022
455,Karry,Thomton,kthomtoncm@ycombinator.com,Female,2004,Acura,TSX,Wilmington,Delaware,19886,US,39.5645,-75.597,81378,"Connelly, Jones and Halvorson",04/11/2022
456,Janean,Kingsley,jkingsleycn@nymag.com,Female,1999,Mitsubishi,GTO,Boston,Massachusetts,02203,US,42.3615,-71.0604,49076,"Ernser, Kuvalis and Hartmann",10/27/2022
457,Guendolen,Skirvane,gskirvaneco@hud.gov,Female,1987,Ford,Tempo,Saint Louis,Missouri,63131,US,38.6171,-90.4504,76634,Terry and Sons,05/03/2023
458,Kiah,Pedley,kpedleycp@addthis.com,Non-binary,2009,Audi,S5,Springfield,Illinois,62705,US,39.7495,-89.606,92106,Heaney and Sons,03/25/2025
459,Courtney,MacGinley,cmacginleycq@msn.com,Male,1985,Ford,F-Series,Columbus,Ohio,43210,US,40.0028,-83.0164,95669,"Dooley, Strosin and Gibson",12/26/2022
460,Ardelle,Stone Fewings,astonefewingscr@theguardian.com,Female,1992,Mazda,MX-3,San Diego,California,92132,US,32.6437,-117.1384,81034,"Kautzer, Prosacco and Kuphal",06/13/2022
461,Aloysius,Clayal,aclayalcs@barnesandnoble.com,Male,1993,Dodge,Ram 50,Huntington Beach,California,92648,US,33.6773,-118.0051,75629,"Dibbert, Mayert and Kihn",01/16/2026
462,Don,Roelofs,droelofsct@g.co,Male,2011,Chevrolet,Avalanche,Trenton,New Jersey,08619,US,40.2418,-74.6962,78055,"Orn, Mayert and Terry",05/10/2025
463,Catharina,Worton,cwortoncu@instagram.com,Female,2005,Mazda,RX-8,Laredo,Texas,78044,US,27.3637,-99.4819,61190,Corkery and Sons,03/20/2025
464,Natasha,McLucas,nmclucascv@vkontakte.ru,Female,2009,BMW,1 Series,Atlanta,Georgia,30386,US,33.8444,-84.474,74377,Nicolas Group,03/21/2024
465,Marshall,Shuttell,mshuttellcw@trellian.com,Bigender,2003,Ford,Mustang,Jacksonville,Florida,32277,US,30.3704,-81.5864,96108,Hansen-DuBuque,03/28/2023
466,Winny,Segge,wseggecx@wordpress.org,Female,2012,Hyundai,HED-5,Tulsa,Oklahoma,74108,US,36.1499,-95.7923,60904,Johns LLC,11/26/2023
467,Aurelia,Kesterton,akestertoncy@toplist.cz,Female,1990,Maserati,Karif,Boston,Massachusetts,02283,US,42.3389,-70.9196,93190,Christiansen-Dicki,09/21/2024
468,Jakob,Datte,jdattecz@ed.gov,Genderfluid,2010,Lexus,ES,Houston,Texas,77201,US,29.834,-95.4342,41949,Rau-Mosciski,11/23/2025
469,Rupert,Milroy,rmilroyd0@thetimes.co.uk,Male,1986,Buick,Riviera,Midland,Texas,79710,US,31.8693,-102.0317,74266,Altenwerth-West,08/07/2023
470,Arluene,O'Neill,aoneilld1@sciencedirect.com,Female,2008,Lincoln,MKX,Santa Ana,California,92725,US,33.7465,-117.8662,93820,Donnelly-Dach,05/06/2023
471,Sophie,Gillogley,sgillogleyd2@nps.gov,Female,2011,Honda,Accord Crosstour,El Paso,Texas,79984,US,31.6948,-106.3,45287,Pollich-Connelly,07/21/2024
472,Rawley,Goodrich,rgoodrichd3@thetimes.co.uk,Male,2009,Kia,Sorento,Miami,Florida,33147,US,25.8507,-80.2366,76008,Ernser Group,10/23/2023
473,Nan,Thing,nthingd4@yandex.ru,Female,2009,Pontiac,G5,Washington,District of Columbia,20370,US,38.8933,-77.0146,68219,Herzog-Schmidt,02/13/2023
474,Colin,Keenlyside,ckeenlysided5@bbb.org,Genderfluid,2002,Buick,Park Avenue,Glendale,Arizona,85311,US,33.2765,-112.1872,78752,"Gerhold, Ondricka and Considine",08/13/2024
475,Imogen,Halford,ihalfordd6@qq.com,Female,1998,Oldsmobile,Intrigue,Whittier,California,90605,US,33.9413,-118.0356,79001,Runolfsson-Renner,05/16/2023
476,Bren,Goaley,bgoaleyd7@miitbeian.gov.cn,Male,2002,Acura,MDX,Clearwater,Florida,33758,US,27.8918,-82.7248,59692,Rice-Brown,10/08/2025
477,Ashley,Fairrie,afairried8@pen.io,Male,2001,Audi,S8,Manchester,New Hampshire,03105,US,42.9521,-71.6539,32534,"Ernser, Effertz and Hayes",10/28/2025
478,Shara,Sawney,ssawneyd9@businessweek.com,Female,2008,Volvo,XC90,New York City,New York,10090,US,40.7808,-73.9772,49744,Daugherty-Mayer,04/25/2022
479,Arlee,Fetters,afettersda@blog.com,Female,1999,Isuzu,Oasis,San Luis Obispo,California,93407,US,35.3471,-120.4553,44444,Stracke Group,08/14/2023
480,Field,Baxster,fbaxsterdb@netlog.com,Male,2003,Suzuki,Vitara,Hialeah,Florida,33018,US,25.9098,-80.3889,55669,"O'Hara, Stracke and Mante",01/16/2025
481,Umberto,O'Neal,uonealdc@omniture.com,Male,1993,GMC,Vandura 1500,Fairfield,Connecticut,06825,US,41.1928,-73.2402,76209,"Hirthe, Cassin and Roob",11/17/2025
482,Marty,Gorsse,mgorssedd@wufoo.com,Male,1992,Mercedes-Benz,300SL,Carol Stream,Illinois,60351,US,41.9166,-88.1208,55542,Huels-O'Reilly,04/28/2025
483,Luis,Maciaszczyk,lmaciaszczykde@sfgate.com,Male,2001,Mercedes-Benz,E-Class,South Bend,Indiana,46620,US,41.5968,-86.293,83667,Bosco-Parisian,07/29/2024
484,Rance,Corballis,rcorballisdf@timesonline.co.uk,Male,2006,Nissan,Murano,Nashville,Tennessee,37240,US,36.1866,-86.7852,59716,"Sanford, Morar and Beahan",07/25/2025
485,Ediva,Henryson,ehenrysondg@opera.com,Female,2001,Hyundai,Tiburon,Hamilton,Ohio,45020,US,39.441,-84.5757,41883,Kassulke-Weimann,02/15/2023
486,Emmeline,Upston,eupstondh@dyndns.org,Female,2009,Audi,Q5,Houston,Texas,77005,US,29.7179,-95.4263,88447,Kautzer-Bayer,10/30/2023
487,Al,Compton,acomptondi@ft.com,Male,2006,GMC,Savana 3500,Saginaw,Michigan,48604,US,43.4732,-83.9514,56156,Cummings and Sons,04/19/2023
488,Linet,Defew,ldefewdj@hp.com,Polygender,2000,Mazda,Millenia,Kansas City,Missouri,64149,US,38.8606,-94.4636,56660,Pfannerstill and Sons,10/24/2023
489,Stella,Roth,srothdk@storify.com,Female,2007,Kia,Sportage,Syracuse,New York,13251,US,43.0214,-76.1977,52047,"Rolfson, Ryan and Ratke",07/18/2023
490,Aldon,Andreas,aandreasdl@tuttocitta.it,Male,2007,Audi,A4,Denver,Colorado,80209,US,39.7074,-104.9686,34894,"Runolfsson, Herman and Buckridge",02/21/2025
491,Kristyn,Blondell,kblondelldm@topsy.com,Agender,2003,Mercedes-Benz,C-Class,Great Neck,New York,11024,US,40.8171,-73.7416,58086,Renner Group,01/05/2025
492,Walden,Saintpierre,wsaintpierredn@apple.com,Male,1991,Lincoln,Town Car,Fort Worth,Texas,76105,US,32.7233,-97.269,35723,Kohler-O'Conner,12/08/2022
493,Lion,Covotti,lcovottido@earthlink.net,Male,2008,Mercedes-Benz,S-Class,Rockford,Illinois,61105,US,42.3254,-89.1705,45973,Kozey Inc,12/13/2025
494,Paola,Nowakowski,pnowakowskidp@biblegateway.com,Female,2009,Maserati,GranTurismo,Tallahassee,Florida,32314,US,30.4793,-84.3462,51214,Feil Group,04/23/2024
495,Kaylyn,Raitie,kraitiedq@umn.edu,Female,1997,Chevrolet,Tahoe,Sacramento,California,95823,US,38.4797,-121.4438,76559,Boyer Inc,06/13/2022
496,Lonny,Tudhope,ltudhopedr@seesaa.net,Male,1997,Chevrolet,3500,Fort Worth,Texas,76129,US,32.7714,-97.2915,35648,Ledner-Hermiston,12/05/2022
497,Burgess,Smallpeace,bsmallpeaceds@dot.gov,Male,1992,Ford,Taurus,San Francisco,California,94121,US,37.7786,-122.4892,71747,"Kovacek, Bechtelar and Lindgren",05/04/2022
498,Dugald,Adkins,dadkinsdt@eventbrite.com,Male,2005,Chevrolet,Blazer,Omaha,Nebraska,68124,US,41.2338,-96.0495,45739,"Boehm, Torp and Crooks",05/30/2023
499,Sheelah,Magrane,smagranedu@drupal.org,Female,1985,Lincoln,Continental Mark VII,Washington,District of Columbia,20409,US,38.8933,-77.0146,57194,"Hudson, Lesch and Cronin",10/23/2025
500,Monica,Dusey,mduseydv@webmd.com,Female,1989,Lotus,Esprit,Evansville,Indiana,47712,US,37.929,-87.6604,34484,Hayes Group,12/12/2025
501,Briggs,Tappor,btappordw@buzzfeed.com,Polygender,1990,Buick,Riviera,Harrisburg,Pennsylvania,17105,US,40.2785,-76.8752,82563,Quitzon-Franecki,10/08/2024
502,Wallie,Mitchelhill,wmitchelhilldx@wordpress.com,Female,2010,Volvo,XC90,Homestead,Florida,33034,US,25.2846,-80.6246,97520,"Blanda, Blick and Bartoletti",06/16/2024
503,Brittany,McGuane,bmcguanedy@mac.com,Female,2012,Mitsubishi,Outlander,Levittown,Pennsylvania,19058,US,40.3286,-75.1028,91181,"Hessel, Ratke and Erdman",03/22/2024
504,Dannie,Applegate,dapplegatedz@cocolog-nifty.com,Female,1999,Acura,RL,Birmingham,Alabama,35231,US,33.5446,-86.9292,70164,"Hartmann, Marvin and Harber",07/12/2022
505,Shelia,Costock,scostocke0@wix.com,Non-binary,1996,Nissan,200SX,Los Angeles,California,90087,US,33.7866,-118.2987,86640,"Jenkins, Veum and Lueilwitz",06/18/2022
506,Flemming,Nuscha,fnuschae1@pcworld.com,Male,1998,Dodge,Dakota Club,Richmond,Virginia,23228,US,37.625,-77.4959,31589,Botsford-Sawayn,05/21/2023
507,Torin,Brabban,tbrabbane2@youku.com,Male,1992,Chrysler,Town & Country,Huntington,West Virginia,25775,US,38.4134,-82.2774,67250,Kautzer-Watsica,11/15/2025
508,Carlin,Abelson,cabelsone3@wikispaces.com,Polygender,1990,Mitsubishi,Galant,Wichita,Kansas,67236,US,37.5422,-97.2871,39238,"Konopelski, Wehner and Swift",04/27/2025
509,Beverlie,Egle of Germany,begleofgermanye4@soundcloud.com,Female,2006,Cadillac,Escalade ESV,Fort Worth,Texas,76147,US,32.7714,-97.2915,98818,Hartmann-McKenzie,05/18/2024
510,Willetta,Everington,weveringtone5@imdb.com,Female,2007,Nissan,Pathfinder,Fayetteville,North Carolina,28305,US,35.056,-78.9047,46063,Brakus and Sons,02/18/2022
511,Marketa,Rowbotham,mrowbothame6@mit.edu,Female,1993,Dodge,Dynasty,Syracuse,New York,13217,US,43.0214,-76.1977,93736,O'Keefe Inc,06/05/2024
512,Reagan,Sixsmith,rsixsmithe7@icq.com,Male,2007,GMC,Yukon XL 1500,Mobile,Alabama,36689,US,30.6589,-88.178,88226,Sipes-Feil,03/09/2023
513,Maud,Seldner,mseldnere8@hostgator.com,Female,2010,Chevrolet,Tahoe,Washington,District of Columbia,20073,US,38.897,-77.0251,42092,Sawayn LLC,09/24/2023
514,Nat,Durram,ndurrame9@ocn.ne.jp,Female,1998,Chevrolet,Tracker,Baton Rouge,Louisiana,70836,US,30.392,-91.0892,82310,Pfannerstill Inc,01/13/2026
515,Suellen,Marquese,smarqueseea@google.it,Female,2003,Lexus,ES,Burbank,California,91520,US,34.1869,-118.348,61138,Sanford and Sons,09/11/2023
516,Charline,Litel,cliteleb@naver.com,Female,1993,Oldsmobile,Ciera,Fort Worth,Texas,76110,US,32.7065,-97.3375,61527,Zemlak-Gerlach,09/16/2022
517,Emylee,Leer,eleerec@github.com,Female,1997,Volkswagen,rio,Birmingham,Alabama,35236,US,33.5446,-86.9292,71949,Gottlieb and Sons,04/01/2024
518,Antonino,Storkes,astorkesed@goo.gl,Male,2006,Nissan,Sentra,Little Rock,Arkansas,72204,US,34.7269,-92.344,69994,Wiegand-Gleichner,03/03/2022
519,Jonathon,Allibone,jalliboneee@ucsd.edu,Male,1998,Lincoln,Town Car,Lincoln,Nebraska,68505,US,40.8247,-96.6252,31743,"Volkman, Collier and Padberg",05/27/2023
520,Netty,Losano,nlosanoef@biglobe.ne.jp,Female,1976,Volkswagen,Golf,Louisville,Kentucky,40266,US,38.189,-85.6768,85947,Borer and Sons,04/11/2025
521,Celisse,Pikett,cpiketteg@reuters.com,Female,2010,Ford,Taurus,Washington,District of Columbia,20508,US,38.8933,-77.0146,91224,"Lesch, Greenfelder and Bednar",03/19/2023
522,Redd,Ebbotts,rebbottseh@goo.ne.jp,Male,1997,Volkswagen,Jetta,Harrisburg,Pennsylvania,17105,US,40.2785,-76.8752,96477,Corkery-Bernier,03/11/2022
523,Linus,Haylett,lhaylettei@i2i.jp,Male,1994,GMC,Suburban 1500,Battle Creek,Michigan,49018,US,42.2464,-85.0045,77233,Pfeffer Group,11/05/2024
524,Ariel,Fenner,afennerej@weibo.com,Male,1987,Mazda,B-Series,Paterson,New Jersey,07522,US,40.9252,-74.1781,95818,McGlynn Inc,06/23/2022
525,Dosi,Gueny,dguenyek@state.gov,Female,2007,Mitsubishi,Outlander,Dayton,Ohio,45454,US,39.7505,-84.2686,57798,"Ritchie, Rath and Bartoletti",05/01/2022
526,Dickie,Lafaye,dlafayeel@taobao.com,Male,2006,Honda,Accord,Chicago,Illinois,60604,US,41.8784,-87.633,58369,Kassulke and Sons,09/20/2022
527,Cleon,Casaccia,ccasacciaem@de.vu,Male,1996,Ford,Club Wagon,Rochester,Minnesota,55905,US,44.0225,-92.4668,87275,Parker-Spencer,01/02/2026
528,Tanitansy,Fawckner,tfawckneren@mac.com,Female,1999,Mercury,Mystique,Toledo,Ohio,43666,US,41.6782,-83.4972,75449,"Parisian, Brakus and Kub",01/06/2026
529,Devlen,Henriques,dhenriqueseo@wunderground.com,Male,2004,BMW,Z4,Oklahoma City,Oklahoma,73179,US,35.4242,-97.6547,41342,"O'Connell, Connelly and Deckow",01/19/2025
530,Ellynn,Vaughan-Hughes,evaughanhughesep@yolasite.com,Female,2009,Buick,Enclave,Mobile,Alabama,36641,US,30.6589,-88.178,94900,"Leannon, Hilpert and Towne",04/09/2025
531,Kristo,Binne,kbinneeq@intel.com,Male,1999,Oldsmobile,Silhouette,Baton Rouge,Louisiana,70820,US,30.3795,-91.1671,76201,"Leffler, Lowe and Daugherty",11/16/2025
532,Saunder,Gott,sgotter@loc.gov,Male,2003,Ford,Freestar,Phoenix,Arizona,85067,US,33.2765,-112.1872,69567,Nienow-Davis,02/26/2024
533,Nikolaus,Verlinden,nverlindenes@lycos.com,Male,2012,Honda,Ridgeline,Little Rock,Arkansas,72231,US,34.8019,-92.1894,47675,"Lynch, Mills and Spencer",10/31/2024
534,Jeana,Gartside,jgartsideet@time.com,Female,1985,Merkur,XR4Ti,Topeka,Kansas,66617,US,39.1271,-95.6384,88949,Leuschke-Greenholt,02/04/2024
535,Odey,Cucuzza,ocucuzzaeu@webnode.com,Male,2001,Mercury,Mountaineer,Seminole,Florida,34642,US,27.8444,-82.7963,91143,"Rodriguez, Parisian and Hills",01/24/2024
536,Kirby,Stowell,kstowellev@mozilla.org,Female,2010,Ford,Flex,Omaha,Nebraska,68110,US,41.2933,-95.9361,75580,Kulas LLC,08/23/2022
537,Billie,Dungey,bdungeyew@cpanel.net,Female,2011,Volkswagen,Jetta,Portsmouth,New Hampshire,00214,US,43.0059,-71.0132,33823,"Carroll, Nader and Leffler",03/13/2025
538,Alain,Bampkin,abampkinex@stanford.edu,Male,2000,Ford,Th!nk,Atlanta,Georgia,30340,US,33.8932,-84.2539,59789,Klein Inc,11/27/2025
539,Malanie,Striker,mstrikerey@clickbank.net,Female,1988,Volkswagen,GTI,New Haven,Connecticut,06510,US,41.3087,-72.9271,35905,"Walker, Blick and Mante",03/25/2023
540,Nappie,Roizn,nroiznez@wsj.com,Male,2005,Nissan,Pathfinder,Mansfield,Ohio,44905,US,40.7779,-82.4613,84088,"Bashirian, Christiansen and Boyle",06/25/2023
541,Michelle,Piola,mpiolaf0@webs.com,Female,2002,GMC,Yukon XL 2500,New York City,New York,10029,US,40.7918,-73.9448,64918,"Konopelski, Stokes and Hauck",01/18/2024
542,Margret,Dodsley,mdodsleyf1@ovh.net,Female,2008,Infiniti,QX,El Paso,Texas,79968,US,31.7705,-106.5048,84599,"Rohan, Little and Bauch",07/28/2025
543,Demetris,Darington,ddaringtonf2@fc2.com,Female,1986,Lincoln,Continental,Winston Salem,North Carolina,27157,US,36.0275,-80.2073,64065,Emmerich-Emmerich,12/18/2024
544,Erastus,Gilyatt,egilyattf3@exblog.jp,Male,2004,Acura,TSX,Kansas City,Missouri,64193,US,39.035,-94.3567,50113,"Hilll, Ratke and Towne",10/30/2025
545,Juan,Kuna,jkunaf4@comcast.net,Male,2008,Mazda,CX-9,Indianapolis,Indiana,46247,US,39.7795,-86.1328,76134,Baumbach-Kuhic,08/31/2024
546,Myrvyn,Binner,mbinnerf5@cocolog-nifty.com,Male,1988,Mazda,RX-7,Sioux Falls,South Dakota,57110,US,43.5486,-96.6332,81434,Armstrong Group,08/05/2022
547,Denyse,Prendergast,dprendergastf6@bandcamp.com,Female,1989,Mazda,MX-6,Saint Petersburg,Florida,33731,US,27.8918,-82.7248,91746,Johnston-Schimmel,01/19/2026
548,Peg,Maystone,pmaystonef7@japanpost.jp,Female,1999,Ford,F150,Birmingham,Alabama,35263,US,33.5225,-86.8094,41851,"Tillman, Doyle and Shanahan",03/04/2022
549,Lodovico,Gormally,lgormallyf8@phpbb.com,Male,2012,Cadillac,Escalade EXT,New York City,New York,10090,US,40.7808,-73.9772,86522,Lakin Group,07/18/2023
550,Alane,Utton,auttonf9@addthis.com,Female,2007,Toyota,Corolla,Tampa,Florida,33633,US,27.872,-82.4388,62827,Koepp Inc,01/27/2023
551,Hunter,Dahill,hdahillfa@msn.com,Male,2004,Mitsubishi,Challenger,Miami,Florida,33111,US,25.5584,-80.4582,38585,"Purdy, Flatley and Sanford",05/27/2023
552,Stacee,Medlin,smedlinfb@jugem.jp,Male,1995,GMC,Vandura G3500,Houston,Texas,77035,US,29.6518,-95.4854,68248,Lakin-Douglas,03/02/2023
553,Rogerio,Reynoldson,rreynoldsonfc@techcrunch.com,Male,2003,Ford,Thunderbird,Memphis,Tennessee,38161,US,35.2017,-89.9715,71740,"Wuckert, Fadel and Altenwerth",01/01/2025
554,Sammy,Muzzall,smuzzallfd@elpais.com,Male,1998,GMC,1500,New York City,New York,10105,US,40.7628,-73.9785,91336,Dach Inc,07/18/2023
555,Scottie,Bernot,sbernotfe@merriam-webster.com,Male,2002,Dodge,Ram 2500,Manchester,New Hampshire,03105,US,42.9521,-71.6539,30083,"Borer, Kuhlman and Gislason",11/23/2022
556,Huberto,Ilchenko,hilchenkoff@cornell.edu,Non-binary,2009,BMW,Z4 M,Cincinnati,Ohio,45238,US,39.1092,-84.6108,30357,Romaguera Inc,01/19/2023
557,Hilario,Moodie,hmoodiefg@sfgate.com,Male,2004,BMW,545,Milwaukee,Wisconsin,53263,US,43.0746,-88.0604,81316,Lind Group,10/11/2024
558,Bliss,Vinton,bvintonfh@amazon.de,Female,1995,Mitsubishi,Truck,Salinas,California,93907,US,36.7563,-121.6703,73076,Gutkowski-Nader,12/02/2024
559,Benny,Booler,bboolerfi@simplemachines.org,Non-binary,2006,Dodge,Ram 2500,Dayton,Ohio,45419,US,39.7155,-84.1637,67455,Stanton-Denesik,01/22/2025
560,Garald,Reyner,greynerfj@ning.com,Male,2013,Porsche,Cayenne,Roanoke,Virginia,24048,US,37.2742,-79.9579,88539,"Jerde, Spinka and Schoen",03/25/2023
561,Velma,McGinly,vmcginlyfk@joomla.org,Female,1969,Mercury,Cougar,Richmond,Virginia,23208,US,37.5593,-77.4471,41116,Konopelski Inc,12/09/2024
562,Hester,Lothean,hlotheanfl@ask.com,Female,2009,Bentley,Azure,Rochester,New York,14683,US,43.286,-77.6843,70217,Hills Group,03/26/2023
563,Annalise,Bann,abannfm@google.com.hk,Female,2009,Scion,xB,Las Vegas,Nevada,89155,US,35.9279,-114.9721,75579,Homenick-Boehm,01/13/2026
564,Quinta,Decroix,qdecroixfn@simplemachines.org,Female,2006,Lincoln,Town Car,Boston,Massachusetts,02203,US,42.3615,-71.0604,69961,Kirlin-Swaniawski,05/25/2024
565,Niko,Spatari,nspatarifo@usnews.com,Male,1993,Jeep,Grand Cherokee,Fullerton,California,92835,US,33.8994,-117.9063,57126,Cormier Group,12/27/2023
566,Johnathon,Backsal,jbacksalfp@adobe.com,Male,1986,Mazda,B-Series,Colorado Springs,Colorado,80915,US,38.8558,-104.7134,79240,Bernier-Bogan,07/30/2025
567,Kissie,Crockford,kcrockfordfq@pinterest.com,Female,2006,Mercedes-Benz,G55 AMG,Brooklyn,New York,11236,US,40.6407,-73.9028,62967,Boyle-Schimmel,04/30/2022
568,Austine,Butts,abuttsfr@chron.com,Female,1991,Mercury,Grand Marquis,San Antonio,Texas,78225,US,29.3875,-98.5245,41782,"Nikolaus, Mante and Flatley",07/24/2022
569,Teresa,McGarel,tmcgarelfs@privacy.gov.au,Genderqueer,2009,Toyota,Venza,Raleigh,North Carolina,27635,US,35.7977,-78.6253,45452,O'Kon LLC,08/21/2022
570,Steven,Falks,sfalksft@qq.com,Male,2009,Nissan,Murano,Topeka,Kansas,66642,US,39.0429,-95.7697,96437,Stanton Group,01/02/2026
571,Roxanne,Waker,rwakerfu@instagram.com,Female,1994,Ford,Bronco,Long Beach,California,90831,US,33.7678,-118.1994,97574,Gusikowski-Metz,03/07/2022
572,Gerianna,Berresford,gberresfordfv@smugmug.com,Female,1973,Pontiac,Grand Prix,Philadelphia,Pennsylvania,19120,US,40.0343,-75.1213,95548,Mosciski-Schmeler,10/18/2025
573,Marcy,Denkel,mdenkelfw@nifty.com,Non-binary,2006,Porsche,Boxster,Hampton,Virginia,23663,US,37.0318,-76.3199,40193,Dibbert Inc,11/29/2023
574,Kailey,Kimbley,kkimbleyfx@illinois.edu,Female,2006,BMW,750,Hyattsville,Maryland,20784,US,38.9513,-76.8958,95605,Osinski-Swift,11/10/2022
575,Aleece,Broscombe,abroscombefy@goo.ne.jp,Female,2007,GMC,Canyon,Orlando,Florida,32819,US,28.4522,-81.4678,81413,Farrell-Zemlak,01/14/2025
576,Hamlin,Rickardes,hrickardesfz@shinystat.com,Male,1996,BMW,3 Series,Albany,New York,12237,US,42.6149,-73.9708,74045,"Collier, Zemlak and Daniel",10/26/2024
577,Bank,O'Keeffe,bokeeffeg0@geocities.com,Male,1998,Volvo,S90,Minneapolis,Minnesota,55446,US,45.04,-93.4865,69487,Funk-Hamill,06/07/2023
578,Ursuline,Oulet,uouletg1@bloomberg.com,Bigender,1993,BMW,M5,Huntington,West Virginia,25711,US,38.4134,-82.2774,85939,"Nader, Lueilwitz and Heathcote",03/12/2025
579,Rufus,Loyndon,rloyndong2@google.cn,Male,2005,Jaguar,S-Type,Miami,Florida,33124,US,25.5584,-80.4582,41936,Bayer Inc,05/13/2022
580,Albertina,Boik,aboikg3@mail.ru,Female,2008,Toyota,FJ Cruiser,Charleston,South Carolina,29416,US,32.8488,-79.8577,33441,Gottlieb-Mraz,04/19/2022
581,Codee,Tevelov,ctevelovg4@nymag.com,Female,1980,Chevrolet,Citation,Birmingham,Alabama,35290,US,33.5446,-86.9292,36942,Lowe and Sons,04/04/2023
582,Wilow,Hemphrey,whemphreyg5@patch.com,Female,2004,Infiniti,Q,Cleveland,Ohio,44125,US,41.4335,-81.6323,90196,Ratke-Strosin,11/08/2024
583,Thaxter,Fursland,tfurslandg6@oakley.com,Male,2008,Saturn,Astra,Abilene,Texas,79699,US,32.4665,-99.7117,76118,Carroll-Ledner,06/28/2023
584,Kelci,Siene,ksieneg7@forbes.com,Female,1993,Mazda,B-Series,Nashville,Tennessee,37205,US,36.1114,-86.869,53534,McDermott and Sons,01/02/2024
585,Joshua,MacCaughey,jmaccaugheyg8@buzzfeed.com,Male,1995,Kia,Sephia,Greensboro,North Carolina,27415,US,36.0807,-80.0244,36328,"Hills, Balistreri and Bednar",10/17/2022
586,Oates,Summerley,osummerleyg9@biglobe.ne.jp,Male,2008,Toyota,FJ Cruiser,Louisville,Kentucky,40220,US,38.2149,-85.6245,91350,Bechtelar Inc,09/27/2024
587,Therine,Hannibal,thannibalga@springer.com,Female,1996,Chevrolet,G-Series 1500,El Paso,Texas,88579,US,31.6948,-106.3,30084,"Lesch, Oberbrunner and Conn",09/07/2025
588,Clayborn,Klosges,cklosgesgb@zdnet.com,Male,1993,Chrysler,Fifth Ave,Bradenton,Florida,34282,US,27.4272,-82.4387,83029,"Von, Weber and Sauer",06/25/2023
589,Jessie,Burchmore,jburchmoregc@jugem.jp,Male,2002,Chevrolet,Venture,Atlanta,Georgia,30340,US,33.8932,-84.2539,93006,Nikolaus Inc,12/29/2024
590,Nobie,Bertome,nbertomegd@photobucket.com,Genderqueer,2004,Volvo,XC90,Miami,Florida,33147,US,25.8507,-80.2366,62732,"Schumm, Bernier and Rodriguez",05/27/2024
591,Jerri,Phipard-Shears,jphipardshearsge@census.gov,Male,2006,Chevrolet,Corvette,Syracuse,New York,13205,US,43.0123,-76.1452,59147,Gulgowski Group,04/27/2022
592,Thomas,Boobyer,tboobyergf@networkadvertising.org,Male,1993,Saab,900,Peoria,Illinois,61651,US,40.7442,-89.7184,79284,Osinski Group,12/09/2025
593,Alonzo,Greschik,agreschikgg@lulu.com,Male,1992,Isuzu,Trooper,Colorado Springs,Colorado,80951,US,38.8881,-104.6556,60833,"Wuckert, Ward and Botsford",10/07/2025
594,Wendie,Van den Bosch,wvandenboschgh@sciencedirect.com,Female,1992,Nissan,Stanza,Tallahassee,Florida,32309,US,30.5422,-84.1413,79446,"Witting, Senger and Corwin",10/14/2022
595,Sayres,Dicey,sdiceygi@fema.gov,Male,2011,MINI,Cooper Clubman,Washington,District of Columbia,20470,US,38.8933,-77.0146,74383,Jaskolski Inc,09/29/2022
596,Gladi,Van der Kruys,gvanderkruysgj@chronoengine.com,Female,1994,Buick,Century,Hartford,Connecticut,06152,US,41.7918,-72.7188,69494,"Maggio, Champlin and Gusikowski",04/15/2022
597,Bartholemy,Throughton,bthroughtongk@ucsd.edu,Male,2002,GMC,Sierra 1500,Lake Worth,Florida,33462,US,26.5747,-80.0794,89855,Kutch-Casper,12/20/2024
598,Leanna,McGibbon,lmcgibbongl@t.co,Female,2006,Ford,Mustang,Ventura,California,93005,US,34.0324,-119.1343,85199,"Pfeffer, Bins and Kautzer",08/16/2024
599,Latia,Slegg,lslegggm@wisc.edu,Female,1992,Subaru,Loyale,Washington,District of Columbia,20397,US,38.9164,-76.9948,94177,"Flatley, Carroll and Gislason",06/21/2024
600,Cosmo,Mongenot,cmongenotgn@patch.com,Non-binary,2012,Ram,2500,Mobile,Alabama,36605,US,30.6341,-88.0846,55718,Mertz-Goyette,07/07/2022
601,Shaun,Bowes,sbowesgo@illinois.edu,Bigender,1960,Fillmore,Fillmore,York,Pennsylvania,17405,US,40.0086,-76.5972,50376,Muller-Klocko,09/02/2024
602,Hamlin,McCritchie,hmccritchiegp@ucsd.edu,Male,2010,Cadillac,Escalade ESV,Mobile,Alabama,36616,US,30.671,-88.1267,47470,"Schumm, Fadel and Schultz",01/22/2025
603,Carmelita,Swaysland,cswayslandgq@51.la,Female,2011,Ford,E-Series,Baltimore,Maryland,21282,US,39.439,-76.5921,95147,Ruecker Inc,10/13/2022
604,Margie,Swin,mswingr@mail.ru,Female,1993,Geo,Storm,Dayton,Ohio,45414,US,39.8285,-84.2024,48269,Huels-Bogisich,10/30/2022
605,Garreth,Berriball,gberriballgs@latimes.com,Male,1998,Lincoln,Navigator,Miami,Florida,33185,US,25.7274,-80.4497,65848,Flatley-Stiedemann,03/09/2023
606,Siward,Heatlie,sheatliegt@naver.com,Male,1976,Chevrolet,Camaro,Milwaukee,Wisconsin,53215,US,43.006,-87.9429,88033,"Stoltenberg, Renner and Rutherford",01/14/2026
607,Cindie,Raulstone,craulstonegu@reverbnation.com,Female,2008,Suzuki,XL-7,Austin,Texas,78759,US,30.4036,-97.7526,55832,"Terry, Pfannerstill and Purdy",08/03/2022
608,Sauncho,Van Cassel,svancasselgv@webnode.com,Male,2007,Ford,F-Series,Fresno,California,93715,US,36.7464,-119.6397,54864,Streich Group,02/24/2025
609,Nicki,Davey,ndaveygw@hibu.com,Female,2005,Mitsubishi,Galant,Jacksonville,Florida,32259,US,30.0956,-81.6217,36178,Crist and Sons,05/27/2023
610,Dal,O' Cloney,docloneygx@freewebs.com,Male,2009,Toyota,Tundra,Oklahoma City,Oklahoma,73135,US,35.411,-97.4388,33750,Nolan-Klocko,12/04/2023
611,Keslie,Crosby,kcrosbygy@t.co,Female,2001,Ford,Expedition,New York City,New York,10131,US,40.7808,-73.9772,88063,Nicolas Group,04/23/2025
612,Cozmo,Flipsen,cflipsengz@ustream.tv,Male,1995,Lotus,Esprit,Green Bay,Wisconsin,54313,US,44.5463,-88.1021,79697,"Rolfson, Hammes and Kunze",08/07/2022
613,Margarethe,Harcombe,mharcombeh0@shareasale.com,Female,1992,Mercedes-Benz,300SE,New Bedford,Massachusetts,02745,US,41.6913,-70.9355,35408,Kuhlman-King,01/15/2026
614,Marla,Redgate,mredgateh1@bloomberg.com,Female,2006,Acura,RL,Bronx,New York,10454,US,40.8085,-73.9198,90506,"Schmeler, Baumbach and Mayert",10/03/2025
615,Vincents,Lantoph,vlantophh2@about.com,Male,2007,Ford,Five Hundred,Clearwater,Florida,33758,US,27.8918,-82.7248,76698,Hirthe-Russel,07/14/2024
616,Bari,Pentony,bpentonyh3@engadget.com,Female,2010,Mercedes-Benz,C-Class,Albuquerque,New Mexico,87190,US,35.0443,-106.6729,71926,Schulist-Schoen,05/02/2025
617,Bridgette,Codling,bcodlingh4@vinaora.com,Agender,1988,Ford,Thunderbird,Columbus,Ohio,43284,US,39.969,-83.0114,59184,Moen LLC,05/23/2022
618,Chrissie,Gerhardt,cgerhardth5@omniture.com,Male,2009,Lincoln,MKS,Portland,Oregon,97229,US,45.5483,-122.8276,70546,"Auer, Bailey and Monahan",08/20/2023
619,Murial,Fayerbrother,mfayerbrotherh6@tmall.com,Female,2003,Toyota,Tundra,Mobile,Alabama,36622,US,30.6589,-88.178,99163,"Hand, Tromp and Green",09/01/2025
620,Garry,Syplus,gsyplush7@imdb.com,Male,1992,Mercedes-Benz,W201,Madison,Wisconsin,53785,US,43.0696,-89.4239,50821,Emard-West,05/20/2024
621,Ladonna,Merigon,lmerigonh8@about.com,Female,1994,GMC,Rally Wagon 2500,Richmond,Virginia,23277,US,37.5535,-77.4604,80716,Lind Inc,01/15/2024
622,Tedra,Labon,tlabonh9@exblog.jp,Female,1994,Chrysler,Town & Country,Ventura,California,93005,US,34.0324,-119.1343,64731,VonRueden-Mueller,10/25/2024
623,Anatol,Purple,apurpleha@fema.gov,Male,1992,Eagle,Summit,Riverside,California,92505,US,33.9228,-117.4867,31910,Kris-Gusikowski,03/17/2023
624,Cart,Lipgens,clipgenshb@pinterest.com,Male,2005,Subaru,Baja,El Paso,Texas,88514,US,31.6948,-106.3,74737,Bradtke and Sons,11/12/2024
625,Korrie,Decroix,kdecroixhc@sakura.ne.jp,Female,1998,Chevrolet,Tahoe,Ashburn,Virginia,22093,US,39.0853,-77.6452,30803,Schroeder-Wyman,05/20/2024
626,Salli,Marrett,smarretthd@wiley.com,Bigender,1998,Honda,Passport,Dallas,Texas,75265,US,32.7673,-96.7776,72017,Kiehn Group,10/24/2022
627,Romy,Daud,rdaudhe@jiathis.com,Female,1992,Chevrolet,APV,Denver,Colorado,80209,US,39.7074,-104.9686,50843,Russel Inc,10/17/2022
628,Madel,Blencoe,mblencoehf@si.edu,Female,2005,BMW,645,Washington,District of Columbia,20029,US,38.8933,-77.0146,35197,Fay LLC,08/29/2023
629,Raeann,Purdey,rpurdeyhg@fotki.com,Female,1993,Chevrolet,Corvette,Phoenix,Arizona,85010,US,33.2765,-112.1872,96060,Goodwin and Sons,03/24/2023
630,Sallyanne,Skingle,sskinglehh@digg.com,Female,2007,Ford,F-Series Super Duty,Los Angeles,California,90087,US,33.7866,-118.2987,64137,Heaney-Corwin,04/29/2022
631,Marney,Bauld,mbauldhi@wix.com,Female,1997,GMC,3500,Harrisburg,Pennsylvania,17121,US,40.2944,-76.8938,44848,"Breitenberg, Beatty and Cole",01/16/2025
632,Tarrance,Wallwork,twallworkhj@artisteer.com,Male,2011,Volkswagen,GTI,Tucson,Arizona,85725,US,31.9701,-111.8907,46171,Frami Group,10/21/2025
633,Dionis,Spellacy,dspellacyhk@skype.com,Polygender,2006,Jaguar,XK,London,Kentucky,40745,US,37.1376,-84.1156,70227,Gottlieb Group,10/31/2023
634,Tiebold,Agron,tagronhl@dailymotion.com,Male,1999,Ford,Econoline E250,Saint Augustine,Florida,32092,US,29.9475,-81.5264,82770,Strosin and Sons,05/26/2025
635,Birch,Gunther,bguntherhm@ezinearticles.com,Male,2010,Bentley,Continental GT,Kansas City,Kansas,66105,US,39.085,-94.6356,64884,Conroy and Sons,11/08/2022
636,Opaline,Acutt,oacutthn@yandex.ru,Female,1999,Dodge,Ram 2500 Club,Springfield,Missouri,65898,US,37.1803,-93.2951,54904,Bins Group,02/05/2023
637,Inesita,Ghiotto,ighiottoho@europa.eu,Agender,2003,Subaru,Forester,Albuquerque,New Mexico,87105,US,35.0448,-106.6893,99697,Beatty LLC,05/13/2024
638,Reidar,Tisor,rtisorhp@godaddy.com,Male,2000,Plymouth,Neon,Fort Lauderdale,Florida,33355,US,26.1457,-80.4483,49544,Greenholt-Ratke,10/07/2025
639,Andy,Devonside,adevonsidehq@desdev.cn,Male,1976,Toyota,Celica,Rochester,New York,14604,US,43.1577,-77.608,35321,"Kirlin, Runolfsdottir and White",08/06/2024
640,Pincas,Files,pfileshr@intel.com,Male,2002,Mercedes-Benz,CL-Class,Nashville,Tennessee,37245,US,36.1866,-86.7852,86560,Rogahn-Mertz,11/29/2022
641,Toby,Danher,tdanherhs@ask.com,Female,2002,Chevrolet,S10,Minneapolis,Minnesota,55407,US,44.9378,-93.2545,52875,Halvorson-Thompson,10/20/2025
642,Norene,Dubery,nduberyht@twitpic.com,Female,2010,Ford,Taurus,Saint Louis,Missouri,63196,US,38.6531,-90.2435,91974,"Ernser, Heathcote and Dickinson",05/19/2023
643,Skipper,Sangwine,ssangwinehu@illinois.edu,Male,1967,Pontiac,Grand Prix,Sterling,Virginia,20167,US,39.0853,-77.6452,46052,White and Sons,07/31/2023
644,Dorian,Rubanenko,drubanenkohv@omniture.com,Non-binary,2012,BMW,5 Series,Bronx,New York,10464,US,40.8469,-73.7874,58887,Williamson and Sons,03/16/2022
645,Kingston,Whistlecraft,kwhistlecrafthw@dailymail.co.uk,Male,1989,Mazda,MPV,Austin,Texas,78759,US,30.4036,-97.7526,79298,Simonis LLC,06/25/2024
646,Kalle,Harniman,kharnimanhx@smugmug.com,Male,1994,Chevrolet,Corsica,Akron,Ohio,44329,US,41.0655,-81.5203,70823,Osinski-Dibbert,05/19/2025
647,Shaun,Hendrickson,shendricksonhy@google.it,Female,2008,Toyota,Sequoia,Saint Petersburg,Florida,33731,US,27.8918,-82.7248,69786,"Lemke, Kemmer and Pacocha",03/04/2022
648,Geri,Cowlishaw,gcowlishawhz@webs.com,Male,2008,Toyota,Matrix,Abilene,Texas,79699,US,32.4665,-99.7117,46760,Mann-Farrell,02/27/2023
649,Marielle,Heeley,mheeleyi0@wikimedia.org,Genderfluid,2011,Toyota,Camry Hybrid,Pittsburgh,Pennsylvania,15279,US,40.4344,-80.0248,33196,Bogan-Hettinger,12/14/2023
650,Franklyn,Blackhall,fblackhalli1@aboutads.info,Male,1995,Mazda,929,Washington,District of Columbia,20370,US,38.8933,-77.0146,80569,"Robel, Schuppe and Towne",06/22/2024
651,Bevan,Hlavecek,bhlaveceki2@bluehost.com,Male,1994,Oldsmobile,Achieva,San Francisco,California,94154,US,37.7848,-122.7278,66261,"Hand, Reynolds and Labadie",10/24/2023
652,Emelen,Arguile,earguilei3@uol.com.br,Male,1959,Chevrolet,Corvette,Toledo,Ohio,43656,US,41.6782,-83.4972,77750,Kling-Batz,02/18/2025
653,Manon,Clews,mclewsi4@goo.ne.jp,Female,2010,Dodge,Dakota,Omaha,Nebraska,68124,US,41.2338,-96.0495,81015,Dibbert-Balistreri,06/29/2022
654,Lari,Degan,ldegani5@imageshack.us,Female,2004,Mercury,Marauder,Savannah,Georgia,31405,US,32.0391,-81.1242,73583,Kunze Group,11/24/2023
655,Lenee,Baynton,lbayntoni6@apache.org,Female,2012,Audi,Q7,Washington,District of Columbia,20226,US,38.8933,-77.0146,63778,Romaguera-Maggio,12/05/2022
656,Anita,Gisbey,agisbeyi7@examiner.com,Female,2010,Suzuki,Equator,Omaha,Nebraska,68124,US,41.2338,-96.0495,32140,"Pouros, Krajcik and Abbott",03/04/2024
657,Pail,Ivell,pivelli8@dagondesign.com,Non-binary,2006,Mercedes-Benz,SLK-Class,Peoria,Illinois,61629,US,40.692,-89.5887,62420,Lockman-Dibbert,10/26/2023
658,Umeko,Dinesen,udineseni9@prweb.com,Non-binary,2003,BMW,745,Saint Petersburg,Florida,33705,US,27.7391,-82.6435,91121,Stokes-Frami,06/29/2023
659,Delainey,Fairlaw,dfairlawia@woothemes.com,Male,2003,Mazda,MPV,New Orleans,Louisiana,70129,US,30.0877,-89.8462,52410,Franecki Inc,11/24/2022
660,Olly,Nairne,onairneib@mozilla.org,Male,2004,GMC,Envoy XL,Oklahoma City,Oklahoma,73124,US,35.5514,-97.4075,59561,Denesik LLC,09/12/2025
661,Silvano,Chasles,schaslesic@booking.com,Male,1996,Dodge,Dakota,Raleigh,North Carolina,27658,US,35.7977,-78.6253,37233,"Hodkiewicz, Koss and Littel",12/21/2024
662,Maridel,Revan,mrevanid@squidoo.com,Female,1992,Dodge,Ram 50,Tampa,Florida,33620,US,28.06,-82.4079,52242,Balistreri-Adams,07/21/2022
663,Drona,Lardiner,dlardinerie@army.mil,Female,1993,Hyundai,Scoupe,Canton,Ohio,44760,US,40.854,-81.4278,35452,Cassin Inc,04/21/2023
664,Lucretia,Cockshot,lcockshotif@chronoengine.com,Female,2005,Mazda,B-Series,Lafayette,Louisiana,70593,US,30.2081,-92.0951,72878,Ebert-Lynch,10/28/2022
665,Celesta,Cobbledick,ccobbledickig@umn.edu,Female,2005,Cadillac,STS,Decatur,Georgia,30033,US,33.8123,-84.2819,79184,Lebsack Inc,04/14/2023
666,Ayn,Swede,aswedeih@goo.ne.jp,Female,2006,Lexus,LS,Peoria,Illinois,61651,US,40.7442,-89.7184,87681,Haley-Prosacco,12/03/2025
667,Ransell,Weiss,rweissii@ca.gov,Male,2005,Dodge,Viper,Indianapolis,Indiana,46216,US,39.8647,-86.0136,93536,Sauer Group,04/12/2025
668,Daniela,Brunicke,dbrunickeij@nhs.uk,Female,1997,Pontiac,Sunfire,Washington,District of Columbia,20016,US,38.9381,-77.086,61175,"Gusikowski, Yundt and Konopelski",02/21/2025
669,Viole,Grouen,vgrouenik@nbcnews.com,Female,1988,Pontiac,Gemini,Texarkana,Texas,75507,US,33.3934,-94.3404,78153,Stoltenberg Group,03/13/2024
670,Blakeley,Jackman,bjackmanil@networksolutions.com,Female,1998,Buick,Century,Oakland,California,94605,US,37.7641,-122.1633,35982,Sawayn and Sons,10/26/2024
671,Bret,Bramont,bbramontim@pbs.org,Male,2004,Ford,Escape,Charlotte,North Carolina,28210,US,35.1316,-80.8577,78609,Swaniawski Inc,01/07/2025
672,Brittni,Caistor,bcaistorin@amazon.co.uk,Female,1994,Porsche,911,Jackson,Mississippi,39282,US,32.3113,-90.3972,50523,"Heller, Ebert and Rippin",03/06/2023
673,Alvy,Franceschino,afranceschinoio@sogou.com,Male,2010,Audi,A8,Hollywood,Florida,33028,US,26.0185,-80.3449,48202,Baumbach Group,02/27/2025
674,Noe,Falconer-Taylor,nfalconertaylorip@imageshack.us,Male,2012,Ford,Transit Connect,Las Vegas,Nevada,89193,US,35.9279,-114.9721,44289,"Ullrich, Towne and Stoltenberg",09/05/2024
675,Tiffy,Steiner,tsteineriq@narod.ru,Female,1996,Geo,Metro,Sioux City,Iowa,51105,US,42.5032,-96.3829,91534,Marks Group,04/11/2022
676,Iona,Mosedale,imosedaleir@biglobe.ne.jp,Female,1993,Mercury,Villager,Phoenix,Arizona,85015,US,33.5082,-112.1011,60840,Lehner-Altenwerth,10/23/2025
677,Karlene,Edgeley,kedgeleyis@google.pl,Female,2008,Land Rover,Freelander,Washington,District of Columbia,56944,US,38.8952,-77.0365,35613,Block Inc,09/02/2025
678,Linnell,Poultney,lpoultneyit@senate.gov,Female,1991,Pontiac,Grand Am,Fort Worth,Texas,76129,US,32.7714,-97.2915,70344,Rosenbaum-Langosh,04/30/2024
679,Orsola,Gage,ogageiu@slideshare.net,Female,2000,Chrysler,LHS,Tulsa,Oklahoma,74126,US,36.2383,-95.9931,55647,Nikolaus and Sons,04/02/2022
680,Clem,Tyrer,ctyreriv@oaic.gov.au,Female,1987,Mitsubishi,Tredia,El Paso,Texas,79994,US,31.6948,-106.3,34396,"Davis, Gerlach and Fay",05/24/2024
681,Baxy,Seakes,bseakesiw@mozilla.com,Male,1995,Ford,Aerostar,Louisville,Kentucky,40225,US,38.189,-85.6768,37949,Parker-Emmerich,07/07/2024
682,Reiko,Gorries,rgorriesix@nytimes.com,Female,1985,Audi,5000S,Austin,Texas,78759,US,30.4036,-97.7526,88163,"Fisher, Flatley and Ratke",12/17/2025
683,Eugen,Erley,eerleyiy@amazon.de,Male,2005,Maserati,Coupe,Chicago,Illinois,60674,US,41.8119,-87.6873,95649,Cummerata LLC,08/09/2022
684,Sapphire,Claworth,sclaworthiz@yahoo.co.jp,Female,2002,Ford,F-Series,Montgomery,Alabama,36177,US,32.2334,-86.2085,81797,Auer-Keebler,08/04/2022
685,Gwenore,Sinnie,gsinniej0@about.com,Female,1992,Lexus,ES,Wilkes Barre,Pennsylvania,18763,US,41.2722,-75.8801,98885,Lang-Cole,02/19/2025
686,Tobi,Bage,tbagej1@cmu.edu,Female,2011,Nissan,JUKE,Denver,Colorado,80299,US,39.7388,-104.4083,78761,Rath LLC,07/11/2025
687,Kellia,Gronow,kgronowj2@lulu.com,Female,1993,Mitsubishi,Precis,Dallas,Texas,75392,US,32.7673,-96.7776,31372,Rippin-Emard,11/03/2025
688,Mervin,Sheehan,msheehanj3@apple.com,Male,2011,Mitsubishi,Lancer,Johnson City,Tennessee,37605,US,36.3158,-82.3838,31668,"Thompson, Daniel and Dickinson",03/29/2022
689,Arliene,Davydenko,adavydenkoj4@accuweather.com,Female,1996,Chevrolet,Corsica,Hartford,Connecticut,06105,US,41.7691,-72.701,66631,Langosh LLC,09/24/2024
690,Meggy,Marriner,mmarrinerj5@google.co.jp,Female,2003,Toyota,Sienna,Cleveland,Ohio,44185,US,41.6857,-81.6728,72242,Ferry Group,07/10/2022
691,Cleavland,Gofford,cgoffordj6@webeden.co.uk,Male,2000,Toyota,Tundra,Albany,New York,12262,US,42.6149,-73.9708,30620,"Swift, Cole and Feil",11/13/2025
692,Darrin,Craig,dcraigj7@ocn.ne.jp,Male,2011,Aston Martin,DBS,Monticello,Minnesota,55565,US,45.2009,-93.8881,37694,Murazik LLC,10/21/2024
693,Jone,Sellstrom,jsellstromj8@google.ca,Male,2000,Honda,CR-V,Omaha,Nebraska,68105,US,41.2435,-95.9629,91853,"Halvorson, Bailey and Quitzon",04/15/2022
694,Jarrad,Diss,jdissj9@reddit.com,Male,1998,Toyota,Tercel,Memphis,Tennessee,38109,US,35.0425,-90.0732,40668,"Cormier, Orn and Wisoky",04/18/2023
695,Brier,Herrema,bherremaja@diigo.com,Female,2009,Cadillac,Escalade ESV,Austin,Texas,78726,US,30.43,-97.8326,79463,Feil LLC,02/15/2022
696,Natalie,Elington,nelingtonjb@nba.com,Female,2009,Scion,xB,Tampa,Florida,33620,US,28.06,-82.4079,72127,Nitzsche-Marquardt,10/05/2022
697,Mickie,Gerasch,mgeraschjc@army.mil,Male,2003,Buick,Park Avenue,Waco,Texas,76705,US,31.6403,-97.0963,40100,Willms-Padberg,08/22/2023
698,Noby,de'-Ancy Willis,ndeancywillisjd@csmonitor.com,Male,2007,Audi,S6,South Bend,Indiana,46620,US,41.5968,-86.293,52761,"Bahringer, Goldner and Cremin",10/18/2022
699,Leonerd,Abramowitz,labramowitzje@arstechnica.com,Male,1998,Toyota,Camry,Prescott,Arizona,86305,US,34.8185,-112.9584,40489,Bergnaum-Morissette,12/21/2024
700,Gery,Carrick,gcarrickjf@reddit.com,Male,1987,Toyota,MR2,Myrtle Beach,South Carolina,29579,US,33.7377,-78.9787,39505,"Medhurst, Prosacco and Kuvalis",12/12/2024
701,Farrell,Pieper,fpieperjg@liveinternet.ru,Male,2003,Chevrolet,Avalanche 2500,Provo,Utah,84605,US,40.177,-111.536,32836,Dickens-Walker,01/24/2025
702,Archambault,Beatson,abeatsonjh@cpanel.net,Male,2006,Chevrolet,Express 2500,Anderson,South Carolina,29625,US,34.5271,-82.7087,37890,Goldner-Willms,10/30/2024
703,Bettye,Piers,bpiersji@nsw.gov.au,Female,1992,Mitsubishi,Diamante,Mountain View,California,94042,US,37.1894,-121.7053,39601,"Lebsack, White and Rosenbaum",04/21/2024
704,Yasmin,Zanazzi,yzanazzijj@youku.com,Female,2010,Nissan,GT-R,Saint Petersburg,Florida,33742,US,27.8918,-82.7248,50678,Lynch and Sons,03/19/2023
705,Bee,Jeune,bjeunejk@merriam-webster.com,Female,2008,Mercedes-Benz,R-Class,Chicago,Illinois,60630,US,41.9699,-87.7603,99498,"Durgan, Pouros and Crooks",05/26/2024
706,Susanetta,Byres,sbyresjl@rambler.ru,Non-binary,2001,Jeep,Wrangler,Greensboro,North Carolina,27409,US,36.0777,-79.9086,66750,"Welch, Effertz and Casper",04/02/2024
707,Tanner,Glazzard,tglazzardjm@census.gov,Male,2005,Chevrolet,Impala,Carol Stream,Illinois,60351,US,41.9166,-88.1208,78061,Rath-Deckow,08/01/2023
708,Ralph,Kunneke,rkunnekejn@upenn.edu,Male,2011,BMW,M3,San Antonio,Texas,78205,US,29.4237,-98.4925,53100,"Kessler, Block and Wintheiser",06/15/2023
709,Bartel,Onslow,bonslowjo@narod.ru,Male,2011,Ford,F-Series Super Duty,Newport Beach,California,92662,US,33.6062,-117.8931,80293,Cruickshank-Cassin,10/28/2024
710,Dareen,Lathan,dlathanjp@wiley.com,Female,2004,Mercury,Mountaineer,Albuquerque,New Mexico,87201,US,35.0443,-106.6729,45728,Goodwin-Bruen,09/18/2022
711,Dominica,Tolliday,dtollidayjq@e-recht24.de,Female,1984,Mitsubishi,Space,Anderson,South Carolina,29625,US,34.5271,-82.7087,65441,"Dach, Powlowski and Reichel",03/18/2022
712,Nessa,Case,ncasejr@sciencedirect.com,Female,1999,Mercury,Tracer,Fresno,California,93786,US,36.7464,-119.6397,58328,"Hackett, Batz and Hammes",04/05/2023
713,Etti,Goodchild,egoodchildjs@wikispaces.com,Female,2008,Chevrolet,Avalanche,Little Rock,Arkansas,72222,US,34.7519,-92.3925,51066,"Kassulke, Bayer and Reichel",06/26/2025
714,Cathe,Ainscow,cainscowjt@marketwatch.com,Female,2008,Toyota,Camry,Durham,North Carolina,27717,US,36.0512,-78.8577,96289,Hickle-Schulist,01/01/2024
715,Tamra,Cramb,tcrambju@chicagotribune.com,Female,2007,Chevrolet,Malibu,Houston,Texas,77005,US,29.7179,-95.4263,72606,Considine-Marvin,11/07/2024
716,Devland,Grahlman,dgrahlmanjv@slate.com,Male,1999,Dodge,Charger,Cincinnati,Ohio,45271,US,39.1668,-84.5382,98039,Wunsch LLC,01/08/2023
717,Ophelie,Bernucci,obernuccijw@shinystat.com,Female,1999,Audi,A6,Waterloo,Iowa,50706,US,42.4156,-92.2703,59319,Leffler-Harber,12/25/2023
718,Nanon,Campo,ncampojx@weather.com,Female,2000,Lexus,LS,Huntington,West Virginia,25716,US,38.4134,-82.2774,32663,Christiansen-Torp,05/09/2025
719,Levin,Losbie,llosbiejy@businesswire.com,Male,1987,Ford,Escort,Washington,District of Columbia,20244,US,38.8933,-77.0146,32335,Schaefer and Sons,05/20/2024
720,Ashly,Hedges,ahedgesjz@fastcompany.com,Female,2011,Mitsubishi,Galant,Inglewood,California,90305,US,33.9583,-118.3258,65217,"Schamberger, Murazik and Tillman",03/20/2022
721,Brice,Tander,btanderk0@blogs.com,Male,1989,Ford,E-Series,Naples,Florida,34114,US,26.0143,-81.5856,89518,"Lockman, Gutkowski and Feeney",07/02/2023
722,Shayla,Blacksell,sblacksellk1@msu.edu,Female,2008,Toyota,TundraMax,El Paso,Texas,79977,US,31.6948,-106.3,98030,Beahan-Schaden,04/20/2024
723,Marjie,Steely,msteelyk2@pen.io,Female,2004,Dodge,Intrepid,Cedar Rapids,Iowa,52410,US,42.0794,-91.5992,97408,"Kuphal, Williamson and Hintz",06/13/2023
724,Rosy,Conti,rcontik3@ifeng.com,Female,2003,Volvo,XC70,Sacramento,California,95852,US,38.6026,-121.4475,61765,Grady LLC,07/24/2024
725,Lurleen,Boycott,lboycottk4@washingtonpost.com,Female,1995,Hummer,H1,Charlotte,North Carolina,28242,US,35.26,-80.8042,53767,Grimes-Dickinson,04/15/2025
726,Lenard,Patton,lpattonk5@google.com.br,Male,1991,Volkswagen,Type 2,Corona,California,92883,US,33.7541,-117.474,46858,Cartwright-Robel,12/07/2023
727,Josefina,Djokic,jdjokick6@patch.com,Female,1994,Ford,Bronco,Toledo,Ohio,43635,US,41.6868,-83.4394,48592,Feeney-D'Amore,01/07/2026
728,Tomasine,Doram,tdoramk7@youtu.be,Female,2004,Volkswagen,Passat,Washington,District of Columbia,20319,US,38.8667,-77.0166,35301,Frami-Sawayn,11/04/2025
729,Keefe,Beggio,kbeggiok8@earthlink.net,Male,1993,Lotus,Elan,Columbus,Ohio,43284,US,39.969,-83.0114,33192,Brakus-Crist,01/20/2026
730,Reynold,MacCaughey,rmaccaugheyk9@google.pl,Male,1996,Chevrolet,G-Series G30,Baton Rouge,Louisiana,70894,US,30.5159,-91.0804,49004,"Klocko, Stark and Rowe",03/21/2025
731,Norby,Maginot,nmaginotka@craigslist.org,Male,1996,Dodge,Neon,Syracuse,New York,13224,US,43.0421,-76.1046,30417,"Witting, Farrell and Kutch",10/25/2025
732,Sandra,Stiant,sstiantkb@mtv.com,Female,2004,Volvo,S60,Philadelphia,Pennsylvania,19131,US,39.9845,-75.2282,60150,Bashirian-Gutkowski,04/13/2022
733,Burnaby,Hanigan,bhanigankc@bloglovin.com,Male,1989,Mitsubishi,Mirage,Baton Rouge,Louisiana,70826,US,30.5159,-91.0804,73127,Murazik-Haley,05/20/2023
734,Cecil,Hostan,chostankd@drupal.org,Male,1972,Citroën,SM,New York City,New York,10292,US,40.7808,-73.9772,94714,"Kshlerin, Kemmer and Rodriguez",12/09/2025
735,Duke,Curry,dcurryke@unicef.org,Male,2009,MINI,Cooper Clubman,Flint,Michigan,48550,US,43.0349,-83.6887,31239,Littel Inc,08/01/2023
736,Nedi,Campo,ncampokf@infoseek.co.jp,Female,2002,Hyundai,Sonata,Indianapolis,Indiana,46247,US,39.7795,-86.1328,40730,"Crist, Crooks and Kuhn",10/19/2024
737,Daveta,Buxton,dbuxtonkg@upenn.edu,Female,2010,Ford,F250,New York City,New York,10292,US,40.7808,-73.9772,48326,Schneider LLC,04/21/2024
738,Wally,Fennessy,wfennessykh@blinklist.com,Male,2011,Honda,Insight,Pittsburgh,Pennsylvania,15274,US,40.4344,-80.0248,38639,"Erdman, Hilll and Halvorson",02/11/2023
739,Oralie,Minton,omintonki@abc.net.au,Female,2005,Audi,A4,Pinellas Park,Florida,34665,US,27.8402,-82.7125,66549,Herzog and Sons,12/29/2023
740,Krishna,Mitchall,kmitchallkj@wikia.com,Male,1992,Lamborghini,Diablo,Tulsa,Oklahoma,74141,US,36.1398,-96.0297,55404,Braun-Kulas,10/22/2025
741,Aura,Mahedy,amahedykk@freewebs.com,Polygender,2003,Mitsubishi,Diamante,Philadelphia,Pennsylvania,19125,US,39.9788,-75.1262,58977,"Zulauf, Welch and Schmidt",10/22/2024
742,Papageno,Phibb,pphibbkl@latimes.com,Male,1994,Audi,90,San Francisco,California,94110,US,37.7509,-122.4153,53663,Cormier LLC,08/12/2025
743,Hayden,Jaxon,hjaxonkm@comcast.net,Male,2011,Lexus,LX,Shawnee Mission,Kansas,66210,US,38.9273,-94.7143,79979,"Smith, Baumbach and Ullrich",11/01/2025
744,Selma,De Zuani,sdezuanikn@netlog.com,Female,2004,Acura,RL,Pueblo,Colorado,81005,US,38.2352,-104.66,57310,Gutmann-Cummings,08/09/2022
745,Renell,Alan,ralanko@irs.gov,Female,1995,Volkswagen,rio,Des Moines,Iowa,50981,US,41.6727,-93.5722,66018,Veum Group,05/09/2024
746,Shepherd,Irnis,sirniskp@twitpic.com,Male,2005,Acura,RSX,Wilmington,North Carolina,28405,US,34.2651,-77.867,88028,"Stehr, Bergnaum and Kshlerin",03/09/2023
747,Rice,Splevin,rsplevinkq@woothemes.com,Male,1999,GMC,Sonoma,Lansing,Michigan,48912,US,42.7371,-84.5244,64311,"Parisian, Lindgren and Cole",11/14/2023
748,Kassandra,Philimore,kphilimorekr@yellowbook.com,Female,2013,Lexus,GS,Arlington,Virginia,22244,US,38.8545,-77.052,53895,Lindgren-Schaefer,12/22/2024
749,Lissy,Kingsman,lkingsmanks@people.com.cn,Female,1999,Chevrolet,Suburban 2500,Naperville,Illinois,60567,US,41.8397,-88.0887,95832,Schinner LLC,07/06/2022
750,Bernadina,Bryning,bbryningkt@ox.ac.uk,Female,2012,Volkswagen,CC,Tulsa,Oklahoma,74156,US,36.3024,-95.9605,52533,"Erdman, Blick and Block",03/30/2022
751,Joanie,Blazynski,jblazynskiku@addthis.com,Female,2011,Mazda,CX-9,Las Vegas,Nevada,89120,US,36.0914,-115.0885,69785,"Beier, Waelchi and Grimes",12/02/2022
752,Patrizia,Fuller,pfullerkv@nba.com,Genderqueer,2007,Chevrolet,Corvette,Des Moines,Iowa,50330,US,41.6727,-93.5722,45051,McDermott LLC,03/13/2022
753,Jaime,Bisson,jbissonkw@aboutads.info,Male,2007,Audi,A8,Arlington,Virginia,22244,US,38.8545,-77.052,54893,"Hyatt, Bergnaum and Jerde",08/27/2022
754,Pandora,Athelstan,pathelstankx@dyndns.org,Non-binary,2001,Chevrolet,Astro,Fresno,California,93709,US,36.7464,-119.6397,78315,Hoeger Group,03/12/2022
755,Ethan,Domange,edomangeky@fotki.com,Male,1992,Chevrolet,Caprice,Phoenix,Arizona,85045,US,33.3022,-112.1226,48850,Fadel-Homenick,06/22/2025
756,Genia,Dolling,gdollingkz@businessweek.com,Female,1984,Suzuki,SJ 410,Detroit,Michigan,48217,US,42.2719,-83.1545,77383,"Vandervort, Cronin and Wisozk",02/28/2022
757,Sheff,Lean,sleanl0@ibm.com,Male,1994,Buick,Skylark,Portsmouth,New Hampshire,03804,US,43.0059,-71.0132,65336,Langosh Group,09/24/2025
758,Lennard,Kettlestringe,lkettlestringel1@example.com,Male,1993,Dodge,Intrepid,Anderson,Indiana,46015,US,40.0938,-85.6578,96325,West-Fahey,05/28/2022
759,Isabella,Hambrick,ihambrickl2@vk.com,Female,2011,Ford,Focus,Tampa,Florida,33686,US,27.872,-82.4388,30127,Mueller Inc,07/17/2023
760,Jeremias,Ferry,jferryl3@homestead.com,Male,1996,Lincoln,Continental,Newport News,Virginia,23612,US,37.1959,-76.5248,65858,Douglas-Koch,01/19/2026
761,Ajay,Broschke,abroschkel4@blogspot.com,Female,2009,Hyundai,Accent,Dayton,Ohio,45426,US,39.7982,-84.3211,40239,Strosin LLC,11/23/2022
762,Alysia,Leyburn,aleyburnl5@nasa.gov,Female,2002,Subaru,Legacy,Omaha,Nebraska,68164,US,41.2955,-96.1008,81941,Crist-Spinka,03/02/2024
763,Kalvin,Zelland,kzellandl6@pagesperso-orange.fr,Male,2006,Isuzu,i-280,Allentown,Pennsylvania,18105,US,40.6934,-75.4712,71501,"Nienow, Bruen and Wilderman",07/05/2023
764,Nicolas,Fontin,nfontinl7@phoca.cz,Male,1994,Porsche,928,Vero Beach,Florida,32969,US,27.709,-80.5726,79766,"Klein, Welch and Fadel",01/24/2023
765,Hermina,Ovenell,hovenelll8@last.fm,Female,2009,Kia,Mohave/Borrego,Staten Island,New York,10305,US,40.5973,-74.0768,65649,"Paucek, Beatty and Harris",01/29/2025
766,Quinn,Torresi,qtorresil9@cnn.com,Male,1993,Chrysler,New Yorker,Cincinnati,Ohio,45243,US,39.1848,-84.3448,83789,Grady-Wolf,01/14/2023
767,Alister,Laden,aladenla@slideshare.net,Male,1993,Cadillac,Allante,Austin,Texas,78703,US,30.2907,-97.7648,49581,Nitzsche-Beer,06/13/2025
768,Bree,Durning,bdurninglb@skyrock.com,Female,2012,Kia,Soul,Reno,Nevada,89510,US,39.7699,-119.6027,31368,Franecki-Jast,04/08/2023
769,Ginger,Cankett,gcankettlc@dion.ne.jp,Non-binary,2005,Mercedes-Benz,E-Class,El Paso,Texas,79928,US,31.6631,-106.1401,75617,Collier-Zboncak,12/28/2025
770,Andrew,Clowley,aclowleyld@t-online.de,Male,2006,Buick,LaCrosse,Iowa City,Iowa,52245,US,41.6649,-91.5151,60391,"Mills, Aufderhar and Williamson",12/25/2023
771,Nikola,Keme,nkemele@1und1.de,Agender,1985,Pontiac,Firebird,Huntsville,Alabama,35810,US,34.7784,-86.6091,97968,O'Connell Group,05/21/2025
772,Ginny,Kose,gkoself@edublogs.org,Female,2011,BMW,1 Series,Biloxi,Mississippi,39534,US,30.4067,-88.9211,94593,Ledner-Tremblay,10/16/2023
773,Alvie,Perford,aperfordlg@macromedia.com,Male,1994,GMC,Rally Wagon 2500,Birmingham,Alabama,35285,US,33.5446,-86.9292,58466,Jerde-Wyman,03/07/2023
774,Allix,Gozzard,agozzardlh@google.com.au,Female,2004,Volvo,V40,Migrate,Kentucky,41905,US,38.0638,-84.5027,88894,Cassin Group,10/30/2024
775,Hewet,Gebbie,hgebbieli@fotki.com,Male,1993,Lotus,Esprit,Boulder,Colorado,80310,US,40.0878,-105.3735,45242,"Jacobi, Boyle and Braun",03/04/2024
776,Sumner,Fairall,sfairalllj@unesco.org,Male,2007,Chevrolet,TrailBlazer,London,Kentucky,40745,US,37.1376,-84.1156,68525,Stanton and Sons,08/24/2024
777,Garvy,Menichino,gmenichinolk@symantec.com,Male,2006,Kia,Spectra5,Shreveport,Louisiana,71115,US,32.3401,-93.6092,35054,"Padberg, Mitchell and Rau",02/03/2022
778,Adriane,Quinnell,aquinnellll@gnu.org,Female,1984,Ford,Tempo,Orange,California,92668,US,33.7867,-117.8742,94167,Tremblay LLC,04/11/2024
779,Evelina,Entwistle,eentwistlelm@un.org,Female,2003,Oldsmobile,Alero,Boise,Idaho,83705,US,43.5851,-116.2191,69317,"Pagac, Fritsch and Langosh",07/15/2024
780,Jojo,Dwerryhouse,jdwerryhouseln@phoca.cz,Female,1997,Audi,Cabriolet,San Francisco,California,94159,US,37.7848,-122.7278,61263,Ernser-Mills,12/25/2022
781,Lynsey,Duffie,lduffielo@twitter.com,Female,1994,Pontiac,Bonneville,Shreveport,Louisiana,71115,US,32.3401,-93.6092,87621,Glover LLC,09/19/2023
782,Rand,Brou,rbroulp@dot.gov,Male,1994,Lexus,GS,Portland,Oregon,97255,US,45.5806,-122.3748,96590,"Little, Gleason and Mante",02/21/2023
783,Farah,Enoksson,fenokssonlq@nationalgeographic.com,Female,1976,Volkswagen,Golf,Detroit,Michigan,48224,US,42.4098,-82.9441,42817,"Kreiger, Gislason and Bailey",05/31/2023
784,Rasla,Shearsby,rshearsbylr@howstuffworks.com,Female,2004,Suzuki,Daewoo Magnus,Columbia,Missouri,65218,US,38.9033,-92.1022,77192,Cartwright LLC,03/02/2022
785,Amelina,Eustice,aeusticels@ustream.tv,Female,1985,Ford,Escort,Seminole,Florida,34642,US,27.8444,-82.7963,30880,"Jacobs, Grant and Sanford",04/10/2024
786,Tarah,Peer,tpeerlt@goo.gl,Female,1984,Buick,Skyhawk,Albany,New York,12247,US,42.6149,-73.9708,92209,Zemlak LLC,07/10/2024
787,Cymbre,Clemenzi,cclemenzilu@smh.com.au,Genderfluid,1996,Toyota,Tacoma,Indianapolis,Indiana,46202,US,39.7851,-86.1595,30752,Bins and Sons,05/23/2023
788,Stefan,Gasperi,sgasperilv@craigslist.org,Male,1992,BMW,5 Series,Clearwater,Florida,33763,US,28.0173,-82.7461,55464,Lakin LLC,11/08/2025
789,Ximenez,Hearle,xhearlelw@list-manage.com,Male,2004,Ford,E350,Suffolk,Virginia,23436,US,36.8926,-76.5142,86344,Abernathy-Schumm,03/25/2023
790,Etienne,Straun,estraunlx@opensource.org,Male,1998,Buick,Riviera,Albany,New York,12255,US,42.6149,-73.9708,46354,"Ruecker, Jast and Muller",08/07/2025
791,Opaline,Salter,osalterly@home.pl,Female,1975,Chevrolet,Camaro,Sarasota,Florida,34233,US,27.2866,-82.477,41844,"Larkin, Hessel and D'Amore",07/09/2023
792,Elton,Veevers,eveeverslz@google.de,Male,1998,Isuzu,Hombre Space,Corpus Christi,Texas,78405,US,27.7762,-97.4271,63879,"Yost, Miller and Towne",04/26/2024
793,Walliw,Kornes,wkornesm0@shop-pro.jp,Female,1992,Mercury,Grand Marquis,Palatine,Illinois,60078,US,41.8119,-87.6873,45059,"Kuhic, Greenholt and Rippin",12/23/2022
794,Sena,Shoveller,sshovellerm1@google.fr,Female,2002,Infiniti,QX,Fargo,North Dakota,58106,US,46.9346,-97.2297,37144,Jakubowski-Block,03/04/2025
795,Gonzalo,Morrad,gmorradm2@csmonitor.com,Male,2005,Lexus,GS,Lancaster,Pennsylvania,17605,US,40.0185,-76.2976,37950,"Boyle, Durgan and Frami",06/08/2022
796,Shaine,Bruntje,sbruntjem3@blinklist.com,Male,2008,Kia,Amanti,Tampa,Florida,33625,US,28.0726,-82.559,94186,Mosciski Group,10/30/2023
797,Percival,Ricciardiello,pricciardiellom4@nymag.com,Male,2007,Ford,E250,Appleton,Wisconsin,54915,US,44.2425,-88.3564,66375,"Wunsch, Mayer and Schulist",01/09/2026
798,Anita,Cella,acellam5@123-reg.co.uk,Female,2012,GMC,Canyon,Augusta,Georgia,30905,US,33.413,-82.1337,78381,"Baumbach, Baumbach and Reilly",12/20/2025
799,Sophia,Moseby,smosebym6@ftc.gov,Female,2010,GMC,Sierra 3500,Omaha,Nebraska,68117,US,41.2064,-95.9953,53169,Moore-Dicki,02/25/2023
800,Quintin,Gemeau,qgemeaum7@mlb.com,Male,2006,GMC,Savana 1500,Milwaukee,Wisconsin,53220,US,42.9559,-87.9933,50787,Hudson-Quitzon,02/02/2024
801,Cord,Jacobovitch,cjacobovitchm8@princeton.edu,Male,1987,Mercedes-Benz,S-Class,Rochester,Minnesota,55905,US,44.0225,-92.4668,67098,DuBuque LLC,01/19/2025
802,Ferdie,Iddens,fiddensm9@google.com.hk,Male,2009,Suzuki,SX4,San Francisco,California,94137,US,37.7848,-122.7278,55225,Gulgowski-Hilpert,06/14/2025
803,Missie,Hincham,mhinchamma@tumblr.com,Female,2003,Ford,Escape,Albany,New York,12237,US,42.6149,-73.9708,90054,"Satterfield, Lesch and Bahringer",11/09/2024
804,Pip,O'Driscoll,podriscollmb@redcross.org,Male,2008,Infiniti,M,Dearborn,Michigan,48126,US,42.3349,-83.1801,80913,Wolf-Muller,08/21/2025
805,Redd,Auchterlonie,rauchterloniemc@woothemes.com,Male,2009,GMC,Savana 1500,Washington,District of Columbia,20456,US,38.8981,-77.0401,39257,"Veum, VonRueden and Rutherford",03/30/2025
806,Lynette,Style,lstylemd@shinystat.com,Female,2010,Mazda,Miata MX-5,Virginia Beach,Virginia,23454,US,36.8282,-76.0237,89646,"Waters, Harris and Raynor",09/13/2022
807,Dyanna,MacWhirter,dmacwhirterme@mozilla.org,Female,2001,Subaru,Legacy,Iowa City,Iowa,52245,US,41.6649,-91.5151,34782,Tremblay-Kulas,04/17/2024
808,Anastasia,Godier,agodiermf@diigo.com,Female,1971,Ford,Mustang,Cincinnati,Ohio,45218,US,39.2663,-84.5221,53668,"Harber, Weimann and Schaefer",04/13/2024
809,Baily,Hakey,bhakeymg@ibm.com,Genderqueer,2006,BMW,525,Springfield,Massachusetts,01105,US,42.0999,-72.5783,38819,Ruecker LLC,10/01/2023
810,Danika,Vasilyevski,dvasilyevskimh@webnode.com,Female,1992,Plymouth,Sundance,Dallas,Texas,75205,US,32.826,-96.7843,35000,Kuhlman Group,07/21/2023
811,Nikolos,Wem,nwemmi@github.io,Male,2007,Infiniti,G35,San Francisco,California,94126,US,37.7848,-122.7278,49146,Fisher-Funk,05/30/2022
812,Deonne,Sowden,dsowdenmj@forbes.com,Female,2011,Aston Martin,V8 Vantage,Atlanta,Georgia,30386,US,33.8444,-84.474,38134,"Dickinson, Ortiz and Kutch",04/07/2024
813,Gilbertina,Dudny,gdudnymk@jalbum.net,Female,1992,Dodge,Colt,Suffolk,Virginia,23436,US,36.8926,-76.5142,90256,Fahey-Connelly,08/25/2025
814,Darwin,Houten,dhoutenml@github.com,Genderfluid,2009,Chevrolet,Equinox,Norfolk,Virginia,23551,US,36.9312,-76.2397,71310,Leffler and Sons,11/30/2023
815,Micky,Dendon,mdendonmm@mashable.com,Male,2003,Volkswagen,Touareg,Santa Rosa,California,95405,US,38.4386,-122.6727,32101,Rowe-Kilback,08/15/2023
816,Charley,Shires,cshiresmn@example.com,Male,2007,Toyota,Matrix,Tyler,Texas,75799,US,32.4112,-95.2899,73264,Schoen Group,06/29/2022
817,Suellen,Okey,sokeymo@cnn.com,Genderfluid,2008,Volvo,V50,Peoria,Illinois,61605,US,40.6775,-89.6263,72398,Witting-Orn,02/03/2022
818,Sharron,Habert,shabertmp@dagondesign.com,Genderfluid,1988,Pontiac,Fiero,Ogden,Utah,84409,US,41.2553,-111.9567,62885,Beatty Group,07/11/2022
819,Annabelle,Phillipps,aphillippsmq@wufoo.com,Female,1997,GMC,1500,Austin,Texas,78759,US,30.4036,-97.7526,92126,Hirthe-Tremblay,05/28/2023
820,Elie,Nussey,enusseymr@godaddy.com,Female,1994,Mazda,Miata MX-5,Sunnyvale,California,94089,US,37.3983,-122.0006,63525,"Schowalter, Cruickshank and Ortiz",09/27/2022
821,Hilary,Bemlott,hbemlottms@unblog.fr,Male,2009,Pontiac,G5,Austin,Texas,78703,US,30.2907,-97.7648,49624,Deckow-Considine,05/01/2022
822,Dalli,Riach,driachmt@blogger.com,Polygender,1996,Volkswagen,Cabriolet,Phoenix,Arizona,85072,US,33.2765,-112.1872,71259,Schumm Inc,08/27/2025
823,Allsun,Berndtsson,aberndtssonmu@nydailynews.com,Female,2005,Suzuki,Grand Vitara,Durham,North Carolina,27710,US,36.0512,-78.8577,50530,Kiehn LLC,02/19/2022
824,Friedrick,Filippone,ffilipponemv@weebly.com,Male,2001,Mitsubishi,Montero,Austin,Texas,78726,US,30.43,-97.8326,87297,Green-Raynor,09/20/2022
825,Jameson,Waldocke,jwaldockemw@slashdot.org,Male,2011,Bentley,Continental,Winston Salem,North Carolina,27157,US,36.0275,-80.2073,50307,Erdman and Sons,08/13/2023
826,Maddie,Britner,mbritnermx@virginia.edu,Male,2000,Volvo,S80,Philadelphia,Pennsylvania,19125,US,39.9788,-75.1262,31049,DuBuque-Hermiston,07/30/2022
827,Aldo,Boon,aboonmy@github.com,Male,2008,Audi,S5,Frederick,Maryland,21705,US,39.47,-77.3921,61863,Fisher and Sons,10/16/2022
828,Federica,Duffill,fduffillmz@mozilla.org,Female,2011,Maserati,Quattroporte,Merrifield,Virginia,22119,US,38.8318,-77.2888,46485,"Hickle, Hegmann and Beer",01/24/2024
829,Laurette,Simonite,lsimoniten0@soundcloud.com,Female,1987,Ford,Tempo,Washington,District of Columbia,20392,US,38.8933,-77.0146,52075,Runolfsdottir-Jacobson,07/28/2024
830,Dana,Edgeley,dedgeleyn1@deviantart.com,Female,1997,GMC,Suburban 1500,Tampa,Florida,33605,US,27.9671,-82.4334,60691,Ritchie and Sons,08/05/2023
831,Brewster,Ornells,bornellsn2@digg.com,Male,1996,Chevrolet,G-Series G30,Washington,District of Columbia,20022,US,38.945,-77.0364,98012,Maggio LLC,04/22/2025
832,Camella,Hexum,chexumn3@twitpic.com,Female,2003,Toyota,Echo,Johnson City,Tennessee,37605,US,36.3158,-82.3838,35417,Davis-Mraz,01/24/2026
833,Guthrie,Ridewood,gridewoodn4@theglobeandmail.com,Male,1985,Buick,Somerset,Pensacola,Florida,32575,US,30.6143,-87.2758,99291,Cormier LLC,11/12/2025
834,Carolus,Arnaldy,carnaldyn5@wsj.com,Male,1982,Toyota,Celica,Corpus Christi,Texas,78426,US,27.777,-97.4632,66446,"Marvin, Krajcik and Hermiston",12/13/2024
835,Dallas,Petrusch,dpetruschn6@columbia.edu,Female,2009,Land Rover,Range Rover Sport,Albuquerque,New Mexico,87105,US,35.0448,-106.6893,83719,"Altenwerth, Dickens and Russel",02/10/2024
836,Meriel,Kiessel,mkiesseln7@nbcnews.com,Female,2004,GMC,Safari,Cumming,Georgia,30130,US,34.2216,-84.1537,90931,"Zulauf, Hane and VonRueden",09/27/2022
837,Shelden,Maccraw,smaccrawn8@exblog.jp,Bigender,2010,Buick,Enclave,Philadelphia,Pennsylvania,19172,US,39.9473,-75.15,94904,"Parker, Huels and Boehm",11/27/2022
838,Nertie,Tomasutti,ntomasuttin9@taobao.com,Female,1992,Oldsmobile,Ciera,Charlotte,North Carolina,28225,US,35.26,-80.8042,70064,"Spinka, Trantow and Boehm",10/08/2023
839,Ruby,Nicholl,rnichollna@exblog.jp,Female,1997,Hyundai,Sonata,Santa Monica,California,90405,US,34.01,-118.4717,64806,"Rath, Hirthe and Bayer",10/27/2025
840,Myrna,Werrit,mwerritnb@slideshare.net,Genderfluid,1993,Chevrolet,Corvette,Sunnyvale,California,94089,US,37.3983,-122.0006,49659,"Deckow, Wuckert and McKenzie",10/21/2024
841,Christiano,Northam,cnorthamnc@jugem.jp,Male,1997,Lincoln,Town Car,Baltimore,Maryland,21239,US,39.361,-76.5891,68049,Littel and Sons,08/18/2023
842,Wyatan,Grannell,wgrannellnd@mac.com,Male,1998,Chevrolet,Tahoe,Scranton,Pennsylvania,18505,US,41.3914,-75.6657,76026,"Crooks, Kirlin and Conn",04/13/2023
843,Cece,Summersby,csummersbyne@reuters.com,Male,1992,Toyota,Supra,Fresno,California,93773,US,36.7464,-119.6397,39869,Simonis-Murazik,12/11/2024
844,Gabi,Cicetti,gcicettinf@statcounter.com,Bigender,2010,Chevrolet,Express,Bloomington,Indiana,47405,US,39.1682,-86.5186,44083,McDermott-Ledner,06/17/2024
845,Emmett,Hallen,ehallenng@cisco.com,Male,1994,Mitsubishi,Mighty Max Macro,Austin,Texas,78759,US,30.4036,-97.7526,87048,Heidenreich Inc,01/18/2024
846,Judye,Phettis,jphettisnh@last.fm,Female,1994,GMC,Suburban 1500,Staten Island,New York,10310,US,40.6324,-74.1172,59461,Schmidt-Haley,07/17/2025
847,Andy,Bolletti,abollettini@hao123.com,Female,2011,Bentley,Continental,Pasadena,California,91125,US,33.7866,-118.2987,33512,Osinski-Herman,07/11/2025
848,Gussy,Cord,gcordnj@facebook.com,Female,1994,Pontiac,Sunbird,Portland,Oregon,97271,US,45.5806,-122.3748,58534,Skiles-Schoen,10/27/2022
849,August,Cherry,acherrynk@squidoo.com,Male,1991,Mitsubishi,Eclipse,Newark,New Jersey,07112,US,40.7107,-74.2131,37535,"Ruecker, Ziemann and Jacobi",07/26/2025
850,Jayme,Vance,jvancenl@theatlantic.com,Male,1999,GMC,Yukon,Melbourne,Florida,32941,US,27.9246,-80.5235,42990,Quigley-Spinka,09/01/2023
851,Tatiana,Hatterslay,thatterslaynm@so-net.ne.jp,Female,2000,Saab,9-5,Oakland,California,94616,US,37.8044,-122.2698,79583,"Brown, Boyle and Bernier",02/28/2022
852,Marti,Caret,mcaretnn@nature.com,Genderfluid,2009,Dodge,Viper,Portland,Oregon,97255,US,45.5806,-122.3748,88099,"Herzog, Carroll and Halvorson",08/16/2023
853,Neda,Ogg,noggno@1und1.de,Female,2003,Toyota,Tacoma Xtra,Grand Rapids,Michigan,49544,US,43.0073,-85.7255,92487,Nader-Buckridge,01/19/2024
854,Tymothy,Piddington,tpiddingtonnp@geocities.com,Male,2000,BMW,5 Series,Buffalo,New York,14225,US,42.9255,-78.7481,87726,Legros Inc,07/14/2023
855,Tabor,Taks,ttaksnq@sakura.ne.jp,Male,2001,Ford,Escape,Laurel,Maryland,20709,US,38.8336,-76.8777,59124,Kozey-Heathcote,12/22/2025
856,Son,Ashfield,sashfieldnr@blogs.com,Male,2009,Toyota,Land Cruiser,Charleston,West Virginia,25331,US,38.2968,-81.5547,55542,Schaefer and Sons,04/21/2022
857,Moshe,O'Carran,mocarranns@a8.net,Male,2002,Ford,F250,Saint Louis,Missouri,63136,US,38.7196,-90.27,98084,Cassin LLC,09/20/2024
858,Celinka,Snedker,csnedkernt@shinystat.com,Female,2011,Ford,F250,Valley Forge,Pennsylvania,19495,US,39.9832,-75.7481,64143,"Nicolas, Rippin and Batz",07/23/2023
859,Ephrayim,Wistance,ewistancenu@archive.org,Male,2006,Chevrolet,HHR,Austin,Texas,78744,US,30.1876,-97.7472,43106,Hilpert-Ortiz,04/30/2025
860,Tiebold,Simonelli,tsimonellinv@printfriendly.com,Male,1993,Ford,Ranger,Chicago,Illinois,60663,US,41.8119,-87.6873,43402,Friesen Group,05/18/2022
861,Blondy,Baynes,bbaynesnw@posterous.com,Bigender,1995,Toyota,Land Cruiser,Spokane,Washington,99220,US,47.6536,-117.4317,88028,Denesik Inc,08/06/2025
862,Cammy,Oppie,coppienx@skype.com,Male,2005,Ford,Explorer Sport Trac,Phoenix,Arizona,85072,US,33.2765,-112.1872,44774,"Ernser, Lindgren and Hoeger",07/27/2023
863,Orsa,Millgate,omillgateny@go.com,Female,1997,Mercury,Mystique,Fort Lauderdale,Florida,33320,US,26.1625,-80.2582,45539,Abbott Inc,01/30/2024
864,Jan,Dumbleton,jdumbletonnz@youtu.be,Polygender,2001,Chevrolet,Express 3500,Hartford,Connecticut,06152,US,41.7918,-72.7188,96913,Bashirian-Ward,12/17/2024
865,Avery,Corneck,acornecko0@ft.com,Polygender,1988,Ford,Taurus,Miami,Florida,33233,US,25.5584,-80.4582,95514,Feest-Lindgren,12/31/2025
866,Malachi,Purle,mpurleo1@jimdo.com,Male,1998,Lexus,ES,Santa Barbara,California,93111,US,34.4453,-119.8025,61575,Durgan-Monahan,11/09/2025
867,Suzette,Hinze,shinzeo2@exblog.jp,Female,1992,Chevrolet,APV,Raleigh,North Carolina,27658,US,35.7977,-78.6253,94692,Altenwerth-Dach,01/19/2023
868,Reiko,Kares,rkareso3@blogspot.com,Female,1992,Pontiac,Sunbird,Dallas,Texas,75379,US,32.7673,-96.7776,51033,Block LLC,02/09/2024
869,Elga,Whitrod,ewhitrodo4@usnews.com,Female,2002,Volkswagen,Passat,Oklahoma City,Oklahoma,73109,US,35.4259,-97.5261,34474,Mueller LLC,12/12/2025
870,Garold,Hexum,ghexumo5@shop-pro.jp,Male,2009,Volkswagen,Rabbit,Hialeah,Florida,33018,US,25.9098,-80.3889,67476,"Cummings, Thiel and Effertz",05/09/2024
871,Ludovico,Bim,lbimo6@odnoklassniki.ru,Male,1993,Oldsmobile,Ciera,Lexington,Kentucky,40524,US,38.0283,-84.4715,33633,Gulgowski LLC,06/20/2023
872,Niko,Langstone,nlangstoneo7@bloglovin.com,Male,2008,Aston Martin,V8 Vantage,Denver,Colorado,80279,US,39.7388,-104.4083,89184,Hodkiewicz-Runolfsson,08/03/2025
873,Jarred,Harnott,jharnotto8@wsj.com,Male,1999,Nissan,Altima,Miami,Florida,33111,US,25.5584,-80.4582,39392,Jacobs-Moen,07/19/2025
874,Claudette,Shooter,cshootero9@ftc.gov,Non-binary,1985,Volkswagen,Jetta,North Las Vegas,Nevada,89036,US,35.9279,-114.9721,40178,Hills LLC,12/12/2022
875,Pail,McIlhatton,pmcilhattonoa@baidu.com,Male,1997,Suzuki,Sidekick,Wichita,Kansas,67260,US,37.7194,-97.2936,42842,Mann and Sons,12/25/2025
876,Lianne,Niset,lnisetob@bandcamp.com,Female,1992,Dodge,D250,Tampa,Florida,33686,US,27.872,-82.4388,93214,"Will, Sawayn and Little",08/31/2025
877,Grazia,Johanning,gjohanningoc@tmall.com,Female,2012,Porsche,Cayenne,Flint,Michigan,48505,US,43.0634,-83.7001,53567,"Wyman, Gibson and Purdy",05/22/2024
878,Falkner,Henfre,fhenfreod@economist.com,Male,2003,Porsche,Boxster,Atlanta,Georgia,30368,US,33.8444,-84.474,84085,Oberbrunner-Jaskolski,06/25/2022
879,Wolf,Crimmins,wcrimminsoe@geocities.jp,Male,2006,Subaru,Tribeca,San Francisco,California,94154,US,37.7848,-122.7278,41004,"Hammes, Ritchie and Stoltenberg",03/17/2024
880,Lauraine,Whissell,lwhissellof@shop-pro.jp,Female,1998,Mazda,MPV,Indianapolis,Indiana,46202,US,39.7851,-86.1595,40089,Sawayn Group,07/09/2023
881,Peggie,Dimmack,pdimmackog@1688.com,Female,2002,Ford,Thunderbird,Pasadena,California,91186,US,33.7866,-118.2987,43521,"West, Bernier and Kassulke",07/10/2025
882,Tomasina,Cressingham,tcressinghamoh@t-online.de,Polygender,2005,Toyota,Matrix,Escondido,California,92030,US,33.0169,-116.846,75879,Mayert-Smith,08/02/2023
883,Brod,Marsay,bmarsayoi@walmart.com,Male,2010,Hyundai,Santa Fe,Lansing,Michigan,48956,US,42.7325,-84.5587,49092,"Kozey, Deckow and Keebler",04/07/2022
884,Alanna,Gottelier,agottelieroj@istockphoto.com,Female,1989,Mercedes-Benz,E-Class,Saint Louis,Missouri,63150,US,38.6531,-90.2435,47183,"Boyle, Hayes and Koch",03/18/2024
885,Jerald,Ivers,jiversok@tamu.edu,Male,2007,Jeep,Compass,San Jose,California,95128,US,37.3163,-121.9356,52416,Stark and Sons,09/17/2025
886,Fran,Emeney,femeneyol@earthlink.net,Male,1993,Mazda,MX-3,Vero Beach,Florida,32964,US,27.709,-80.5726,46245,Mitchell and Sons,12/27/2022
887,Fitzgerald,Tregea,ftregeaom@shutterfly.com,Male,1972,Chevrolet,Camaro,Naples,Florida,34102,US,26.134,-81.7953,51845,"O'Conner, Bechtelar and Breitenberg",06/24/2022
888,Broderic,Ameer-Beg,bameerbegon@unicef.org,Male,2004,Volkswagen,New Beetle,Jersey City,New Jersey,07310,US,40.7324,-74.0431,79237,Schiller-Braun,10/04/2025
889,Daniela,Loveland,dlovelandoo@com.com,Female,2011,Honda,CR-V,Pensacola,Florida,32505,US,30.4481,-87.2589,84687,Lueilwitz and Sons,05/23/2023
890,Merrily,Leijs,mleijsop@ftc.gov,Female,2007,Mercury,Grand Marquis,Oklahoma City,Oklahoma,73152,US,35.5514,-97.4075,41354,Marks-Hilpert,12/07/2025
891,Bald,Woodvine,bwoodvineoq@webmd.com,Male,2007,Mercury,Mariner,Whittier,California,90605,US,33.9413,-118.0356,49170,"Hintz, Kuphal and Waters",02/12/2022
892,Leonora,Fallis,lfallisor@accuweather.com,Female,2012,Aston Martin,DB9,West Palm Beach,Florida,33405,US,26.67,-80.0582,44012,Braun-Marks,11/22/2022
893,Codie,De Bernardis,cdebernardisos@home.pl,Female,2004,Chrysler,Concorde,Juneau,Alaska,99812,US,58.3271,-134.4742,43381,"Cassin, Champlin and Stark",01/27/2024
894,Major,Maffezzoli,mmaffezzoliot@ted.com,Genderqueer,2000,Nissan,Xterra,Savannah,Georgia,31405,US,32.0391,-81.1242,64811,Franecki-Heaney,10/14/2023
895,Elliot,Hanssmann,ehanssmannou@census.gov,Male,1973,Pontiac,GTO,Phoenix,Arizona,85067,US,33.2765,-112.1872,67305,Herzog-Zemlak,12/13/2024
896,Corbet,Dimont,cdimontov@privacy.gov.au,Male,2009,Chevrolet,Silverado 2500,San Antonio,Texas,78285,US,29.4375,-98.4616,43756,"Schroeder, Rempel and Hickle",06/07/2023
897,Roanna,Banat,rbanatow@spotify.com,Female,1995,Toyota,T100,Winston Salem,North Carolina,27150,US,36.0275,-80.2073,96144,Maggio Group,05/08/2025
898,Willette,Lattie,wlattieox@si.edu,Female,2001,Dodge,Dakota,Orlando,Florida,32885,US,28.5456,-81.3782,81662,"Heathcote, Mills and Hermiston",12/04/2025
899,Nichole,Midson,nmidsonoy@mapquest.com,Male,1994,Audi,V8,Kansas City,Missouri,64179,US,39.035,-94.3567,33157,Jaskolski LLC,08/12/2024
900,Kienan,Mithun,kmithunoz@drupal.org,Male,1999,Saab,900,Hartford,Connecticut,06120,US,41.786,-72.6758,44026,Volkman Group,08/16/2025
901,Ellswerth,Schulze,eschulzep0@yahoo.co.jp,Non-binary,2004,Mazda,MX-5,Cincinnati,Ohio,45271,US,39.1668,-84.5382,55901,Dare Inc,03/28/2022
902,Silvia,Fourmy,sfourmyp1@mozilla.org,Female,2011,Maybach,62,Santa Monica,California,90405,US,34.01,-118.4717,99895,Hoeger-Conroy,09/06/2024
903,Shayna,MacKaig,smackaigp2@hp.com,Genderfluid,2011,Aston Martin,V8 Vantage S,Reno,Nevada,89519,US,39.4814,-119.8591,30083,Bogisich-West,10/07/2024
904,Constance,Hobben,chobbenp3@netvibes.com,Female,2000,Ford,Econoline E350,Amarillo,Texas,79182,US,35.4015,-101.8951,65964,Daniel-Cremin,06/07/2022
905,Breanne,Gerhold,bgerholdp4@discuz.net,Female,2004,Land Rover,Discovery,San Mateo,California,94405,US,37.3811,-122.3348,56268,McDermott-Corkery,09/16/2023
906,Hill,Rix,hrixp5@smugmug.com,Male,1999,GMC,Safari,Lancaster,California,93584,US,33.7866,-118.2987,46010,"Hyatt, Schmeler and Trantow",08/26/2024
907,Sigismund,Bean,sbeanp6@shutterfly.com,Male,2005,Hyundai,Tucson,South Lake Tahoe,California,96154,US,38.8753,-120.0188,70182,Yost Group,01/12/2024
908,Robina,Ferreri,rferrerip7@youtube.com,Female,1992,Chevrolet,Beretta,Elizabeth,New Jersey,07208,US,40.6747,-74.2239,87355,Sauer-Hammes,11/25/2022
909,Town,Ammer,tammerp8@microsoft.com,Male,1996,GMC,Savana 1500,Phoenix,Arizona,85025,US,33.4226,-111.7236,93713,Cormier LLC,04/21/2025
910,Andre,Portinari,aportinarip9@1688.com,Male,1999,Kia,Sportage,Columbia,South Carolina,29203,US,34.0635,-81.0265,35664,"Yost, Lueilwitz and Muller",04/12/2023
911,Cordi,Willes,cwillespa@desdev.cn,Female,2008,GMC,Yukon,El Paso,Texas,79950,US,31.6948,-106.3,59827,"Greenholt, Koelpin and O'Reilly",08/17/2022
912,Filippa,Belliveau,fbelliveaupb@php.net,Female,1997,Infiniti,QX,Chicago,Illinois,60604,US,41.8784,-87.633,50985,"Friesen, Stracke and Nikolaus",11/10/2022
913,Noah,Collete,ncolletepc@constantcontact.com,Male,2001,Nissan,Xterra,Phoenix,Arizona,85035,US,33.4724,-112.1832,56345,King Group,01/06/2023
914,Bernadine,Diggins,bdigginspd@typepad.com,Female,2005,Toyota,Celica,Sacramento,California,94257,US,38.3774,-121.4444,73342,Crist Inc,03/15/2024
915,Hazel,Clell,hclellpe@t-online.de,Female,2002,Mercury,Grand Marquis,Myrtle Beach,South Carolina,29579,US,33.7377,-78.9787,51901,Buckridge-Bosco,12/23/2025
916,Menard,Cristoforo,mcristoforopf@amazon.de,Male,2004,Jaguar,X-Type,Raleigh,North Carolina,27605,US,35.7908,-78.653,62237,Prohaska LLC,06/25/2022
917,Ashby,Hucke,ahuckepg@multiply.com,Male,1994,Chevrolet,Camaro,Carol Stream,Illinois,60158,US,41.9166,-88.1208,69590,Lang-Nitzsche,06/02/2024
918,Patrizio,Crosskell,pcrosskellph@ox.ac.uk,Male,2001,Subaru,Outback,New Haven,Connecticut,06533,US,41.3657,-72.9275,45419,Hermiston-Botsford,04/14/2022
919,Levin,Dekeyser,ldekeyserpi@ucoz.com,Male,2006,Maserati,Coupe,Rochester,New York,14652,US,43.286,-77.6843,77715,"Bernhard, Stroman and Streich",02/21/2023
920,Hayyim,Bruckmann,hbruckmannpj@ehow.com,Agender,1992,Geo,Metro,Atlanta,Georgia,30386,US,33.8444,-84.474,55163,Champlin and Sons,04/17/2024
921,Rock,Remirez,rremirezpk@psu.edu,Male,1993,Land Rover,Defender,Birmingham,Alabama,35290,US,33.5446,-86.9292,62080,Feil Inc,06/27/2024
922,Earl,Fernao,efernaopl@guardian.co.uk,Male,2006,Mitsubishi,Pajero,Lubbock,Texas,79405,US,33.571,-101.8507,92927,"Hand, Monahan and Johnston",11/10/2022
923,Gilda,Clue,gcluepm@jimdo.com,Female,2008,Jeep,Patriot,Boston,Massachusetts,02109,US,42.36,-71.0545,83669,Spencer Group,06/27/2024
924,Pace,Thornham,pthornhampn@ft.com,Male,1993,Mazda,929,New Orleans,Louisiana,70129,US,30.0877,-89.8462,56472,"Padberg, Jaskolski and Pagac",01/03/2025
925,Darin,Plail,dplailpo@icio.us,Male,2005,GMC,Canyon,Fort Myers,Florida,33906,US,26.5529,-81.9486,89584,Ward-Moore,08/02/2023
926,Taryn,Stive,tstivepp@booking.com,Female,2004,Mercury,Marauder,South Bend,Indiana,46614,US,41.6255,-86.2433,98607,Purdy-Purdy,01/18/2026
927,Miller,De Bruijne,mdebruijnepq@abc.net.au,Male,1999,Jaguar,XK Series,North Hollywood,California,91616,US,33.7866,-118.2987,87430,"Raynor, Hamill and Erdman",01/23/2026
928,Shurlock,Connerly,sconnerlypr@dell.com,Male,1995,GMC,Rally Wagon G3500,Louisville,Kentucky,40205,US,38.2222,-85.6885,36303,Auer-Willms,09/24/2023
929,Fanechka,Piggford,fpiggfordps@slashdot.org,Female,2010,Dodge,Dakota,Kansas City,Missouri,64144,US,39.2829,-94.409,42800,Johnston LLC,09/25/2025
930,Eugene,Whitehead,ewhiteheadpt@w3.org,Male,2008,Ford,Expedition EL,Columbus,Ohio,43240,US,40.1454,-82.9817,44416,Terry Inc,05/19/2024
931,Englebert,Cuthbert,ecuthbertpu@umn.edu,Male,1998,Chevrolet,G-Series 3500,Gainesville,Georgia,30506,US,34.3562,-83.8882,72483,"Blick, Simonis and Schulist",11/20/2023
932,Selena,Pikesley,spikesleypv@harvard.edu,Polygender,1993,Infiniti,Q,Shreveport,Louisiana,71115,US,32.3401,-93.6092,95312,Heller Group,04/25/2022
933,Kerry,Autrie,kautriepw@gravatar.com,Female,2008,Ford,F150,Salt Lake City,Utah,84189,US,40.6681,-111.9083,46068,"Terry, Kreiger and Heathcote",12/25/2022
934,Bernette,Da Costa,bdacostapx@redcross.org,Female,1996,GMC,Sonoma,Miami,Florida,33175,US,25.7341,-80.4068,69605,Kreiger LLC,10/30/2023
935,Aile,Parlatt,aparlattpy@taobao.com,Female,2004,GMC,Envoy,Athens,Georgia,30605,US,33.9321,-83.3525,33377,"Fahey, Batz and Botsford",06/05/2025
936,Weber,Waltering,wwalteringpz@alibaba.com,Male,2004,Mitsubishi,Diamante,Jamaica,New York,11447,US,40.6914,-73.8061,40466,Bauch-Strosin,06/11/2023
937,Dian,Boyall,dboyallq0@home.pl,Female,2007,Volvo,S80,Decatur,Georgia,30033,US,33.8123,-84.2819,55269,"Pacocha, Weissnat and Gislason",10/22/2022
938,Brandyn,Rattery,bratteryq1@yellowpages.com,Male,1999,Suzuki,Vitara,El Paso,Texas,88553,US,31.6948,-106.3,77631,Turner-Kassulke,07/23/2025
939,Doreen,Hallin,dhallinq2@slideshare.net,Female,1992,Dodge,Dakota,Fayetteville,North Carolina,28305,US,35.056,-78.9047,45227,Will-Kuhn,11/15/2023
940,Nanete,Cisland,ncislandq3@edublogs.org,Female,2004,Chevrolet,Suburban 1500,Boston,Massachusetts,02298,US,42.3823,-71.0323,65618,Bode Group,03/04/2022
941,Gustaf,Crehan,gcrehanq4@amazon.co.jp,Male,2010,Mercedes-Benz,GLK-Class,Katy,Texas,77493,US,29.8678,-95.8298,70265,"Hirthe, Howell and Windler",09/15/2022
942,Jerry,Villiers,jvilliersq5@about.com,Male,1990,Ford,F-Series,Lehigh Acres,Florida,33972,US,26.6492,-81.6167,33691,Senger Inc,05/30/2024
943,Ailyn,Vanini,avaniniq6@oracle.com,Female,2011,Nissan,370Z,Chicago,Illinois,60674,US,41.8119,-87.6873,36273,Cronin Inc,09/05/2024
944,Eleni,Padley,epadleyq7@springer.com,Female,2011,Ford,Ranger,Sacramento,California,94250,US,38.3774,-121.4444,83729,Kassulke-Ondricka,05/31/2025
945,Minna,Mathivet,mmathivetq8@phoca.cz,Female,2004,Jaguar,S-Type,Tulsa,Oklahoma,74149,US,36.1398,-96.0297,50515,Effertz-Reynolds,11/24/2023
946,Fidel,Klempke,fklempkeq9@ycombinator.com,Male,1970,Porsche,914,Dayton,Ohio,45490,US,39.7505,-84.2686,99376,Friesen and Sons,09/24/2023
947,Paul,Arghent,parghentqa@fastcompany.com,Male,1994,Buick,Skylark,New York City,New York,10079,US,40.7808,-73.9772,34627,"McLaughlin, Frami and Bayer",12/26/2022
948,Lyn,Beaudry,lbeaudryqb@t.co,Male,2008,Dodge,Caravan,Chicago,Illinois,60646,US,41.993,-87.7596,93724,Stiedemann and Sons,09/14/2024
949,Andros,Nairy,anairyqc@businessinsider.com,Male,2001,Nissan,Frontier,San Diego,California,92115,US,32.7607,-117.0721,57541,Mraz-Nitzsche,05/13/2022
950,Karilynn,Bambrough,kbambroughqd@slashdot.org,Female,2001,Chevrolet,Express 2500,West Palm Beach,Florida,33416,US,26.6654,-80.0929,54284,Grady-Schmeler,11/30/2022
951,Eduardo,Mathwin,emathwinqe@wikipedia.org,Polygender,2007,BMW,M6,Charlotte,North Carolina,28210,US,35.1316,-80.8577,93125,Morar and Sons,09/27/2025
952,Celka,Guirardin,cguirardinqf@bandcamp.com,Female,1972,Ford,Mustang,Bonita Springs,Florida,34135,US,26.3771,-81.7334,34272,Bins Group,03/05/2022
953,Larissa,Sherrock,lsherrockqg@vk.com,Female,2012,Honda,Accord,Peoria,Arizona,85383,US,33.7169,-112.238,31344,Zieme-Cummings,10/04/2023
954,Leone,Hollington,lhollingtonqh@plala.or.jp,Female,2004,GMC,Sierra 2500,Oklahoma City,Oklahoma,73104,US,35.4794,-97.5017,32036,Lueilwitz and Sons,10/15/2022
955,Ahmad,Fortie,afortieqi@mysql.com,Male,2001,Infiniti,Q,Tucson,Arizona,85732,US,32.0848,-110.7122,35554,Dare-Bernier,08/15/2023
956,Calypso,Catt,ccattqj@spotify.com,Female,2003,Audi,TT,Seattle,Washington,98175,US,47.7161,-122.3004,84339,"Steuber, Marquardt and Rowe",07/15/2022
957,Meryl,Rummer,mrummerqk@ox.ac.uk,Male,1988,Mazda,626,New York City,New York,10160,US,40.7808,-73.9772,49084,"Willms, Hagenes and Dach",01/06/2026
958,Mathew,Mauchline,mmauchlineql@engadget.com,Male,2000,Toyota,Echo,Nashville,Tennessee,37215,US,36.0986,-86.8219,55577,Goodwin-Pfannerstill,12/22/2022
959,Shawn,McGrail,smcgrailqm@mediafire.com,Female,1992,Plymouth,Colt Vista,Hollywood,Florida,33023,US,25.9894,-80.2153,91553,Bergstrom-Boehm,01/16/2026
960,Lonee,Chamberlen,lchamberlenqn@nih.gov,Female,1987,Mitsubishi,Truck,Bethesda,Maryland,20892,US,39.0024,-77.1034,36780,Mueller-Schmidt,08/11/2023
961,Dennis,Doody,ddoodyqo@wiley.com,Male,2008,Ford,F150,Columbia,Missouri,65218,US,38.9033,-92.1022,56376,Kessler-Kohler,09/04/2025
962,Amandie,Toquet,atoquetqp@disqus.com,Female,2004,Nissan,Xterra,Colorado Springs,Colorado,80951,US,38.8881,-104.6556,68783,Upton and Sons,10/25/2025
963,Smitty,Gosnold,sgosnoldqq@google.it,Male,2002,Chevrolet,Blazer,Wilkes Barre,Pennsylvania,18763,US,41.2722,-75.8801,83685,"Thompson, Smitham and Lockman",09/24/2022
964,Web,Pusill,wpusillqr@cdbaby.com,Agender,2009,Porsche,Boxster,Houston,Texas,77206,US,29.834,-95.4342,71496,"Hilpert, Moen and Hilll",11/30/2022
965,Abbie,Pantecost,apantecostqs@ebay.com,Male,1993,Ford,Mustang,Waterbury,Connecticut,06705,US,41.5503,-72.9963,47411,Marks LLC,08/24/2023
966,Shirlee,La Rosa,slarosaqt@psu.edu,Female,1996,Jeep,Grand Cherokee,Orlando,Florida,32868,US,28.5663,-81.2608,88575,Rowe-Brakus,09/05/2025
967,Holly,Cossons,hcossonsqu@fotki.com,Agender,1984,Mercury,Marquis,Las Vegas,Nevada,89140,US,36.086,-115.1471,45055,"Gleichner, Pouros and Kemmer",07/27/2024
968,Mignon,Theuss,mtheussqv@ucoz.com,Female,2009,GMC,Acadia,Montgomery,Alabama,36177,US,32.2334,-86.2085,64727,Wisozk-Wiegand,09/27/2025
969,Marla,Muskett,mmuskettqw@php.net,Female,1997,Subaru,Impreza,Houston,Texas,77025,US,29.6889,-95.4341,72239,Ledner Inc,10/02/2022
970,Kort,Hasluck,khasluckqx@cbsnews.com,Male,1988,Porsche,924,San Francisco,California,94137,US,37.7848,-122.7278,62183,"Buckridge, Harris and Lehner",11/09/2024
971,Frederigo,Essex,fessexqy@home.pl,Male,2008,Nissan,Rogue,Salt Lake City,Utah,84130,US,40.6681,-111.9083,85404,"Kuhic, Dibbert and Mitchell",07/14/2022
972,Howey,Tickner,hticknerqz@goo.gl,Male,2006,Acura,TL,Orlando,Florida,32819,US,28.4522,-81.4678,38940,"Douglas, Renner and Goldner",08/28/2025
973,Griffie,McGonigle,gmcgonigler0@springer.com,Male,1989,Mitsubishi,Sigma,Miami,Florida,33175,US,25.7341,-80.4068,98690,Rempel Inc,06/26/2022
974,Kerwinn,Warsap,kwarsapr1@google.co.jp,Male,1993,GMC,Sonoma,Columbus,Ohio,43231,US,40.081,-82.9383,35443,Tillman and Sons,09/09/2024
975,Wynn,Benton,wbentonr2@hud.gov,Male,1989,Audi,100,Carol Stream,Illinois,60351,US,41.9166,-88.1208,52636,Bogisich Inc,01/07/2026
976,Linea,O'Lenechan,lolenechanr3@state.tx.us,Female,2008,Chrysler,Crossfire,Valley Forge,Pennsylvania,19495,US,39.9832,-75.7481,75835,"Jacobson, Franecki and Zieme",11/04/2023
977,Maude,Rayne,mrayner4@mail.ru,Polygender,2009,Saturn,Outlook,San Diego,California,92186,US,33.0169,-116.846,71801,Walker LLC,06/05/2025
978,Sampson,Krystek,skrystekr5@sogou.com,Male,2003,Volkswagen,Passat,Phoenix,Arizona,85045,US,33.3022,-112.1226,73427,Skiles and Sons,04/12/2024
979,Cheston,Cawkill,ccawkillr6@go.com,Male,1992,Dodge,Grand Caravan,Dallas,Texas,75231,US,32.8756,-96.7495,80403,"Becker, Emard and Cummings",05/21/2023
980,Berkeley,Bartolomeu,bbartolomeur7@npr.org,Male,1988,Suzuki,SJ,Jacksonville,Florida,32204,US,30.3189,-81.6854,99708,Konopelski LLC,06/15/2023
981,Joelly,Murdoch,jmurdochr8@eepurl.com,Female,1996,Oldsmobile,Bravada,Winston Salem,North Carolina,27150,US,36.0275,-80.2073,67630,"Marks, Padberg and Gutkowski",08/07/2022
982,Linnell,Etchell,letchellr9@nbcnews.com,Female,1989,Ford,Festiva,New York City,New York,10131,US,40.7808,-73.9772,69788,McCullough LLC,04/09/2025
983,Zachariah,O'Downe,zodownera@ox.ac.uk,Male,1999,Acura,RL,Clearwater,Florida,34620,US,27.9139,-82.7157,34867,Schoen and Sons,12/22/2024
984,Thia,Leathe,tleatherb@com.com,Female,2000,Ford,Taurus,Idaho Falls,Idaho,83405,US,43.3233,-111.7822,66538,Hilpert-Bruen,08/12/2024
985,Leila,Lawden,llawdenrc@sina.com.cn,Female,1997,Lincoln,Town Car,Little Rock,Arkansas,72209,US,34.6725,-92.3529,83904,VonRueden-Wintheiser,05/14/2023
986,Lanie,Haggleton,lhaggletonrd@is.gd,Male,2008,Toyota,Camry,Brooklyn,New York,11236,US,40.6407,-73.9028,88832,Bayer-Bogan,11/21/2024
987,Ewan,Worsnop,eworsnopre@gizmodo.com,Male,1993,Dodge,Ramcharger,Omaha,Nebraska,68179,US,41.2917,-96.1711,50106,"Purdy, Bosco and Greenholt",12/18/2024
988,Yule,Cudde,ycudderf@constantcontact.com,Male,1991,Land Rover,Sterling,Virginia Beach,Virginia,23454,US,36.8282,-76.0237,72071,"Homenick, O'Conner and Koss",01/10/2025
989,Templeton,Fraschini,tfraschinirg@tripod.com,Genderqueer,2007,Nissan,Frontier,Fresno,California,93762,US,36.7464,-119.6397,48764,Windler-Jacobs,04/28/2022
990,Tasha,Baseggio,tbaseggiorh@t.co,Female,2002,Honda,Insight,Boulder,Colorado,80328,US,40.0878,-105.3735,42932,Abernathy LLC,09/19/2024
991,Andris,Kwiek,akwiekri@uol.com.br,Male,2012,BMW,M3,Southfield,Michigan,48076,US,42.4981,-83.2058,80442,"Kutch, Hodkiewicz and Jerde",02/09/2022
992,Thain,Senett,tsenettrj@ted.com,Male,2008,BMW,M6,Fairbanks,Alaska,99790,US,64.8561,-146.276,65587,Reinger LLC,05/13/2022
993,Harlie,Blannin,hblanninrk@vistaprint.com,Female,1988,Mitsubishi,Cordia,Albany,New York,12210,US,42.6568,-73.7605,90278,Douglas and Sons,03/16/2023
994,North,Alenshev,nalenshevrl@istockphoto.com,Non-binary,1992,Nissan,Maxima,Phoenix,Arizona,85062,US,33.2765,-112.1872,54481,"Connelly, Armstrong and Ward",06/16/2025
995,Mercy,Rummin,mrumminrm@cbslocal.com,Female,1996,Chevrolet,Express 2500,Pasadena,California,91125,US,33.7866,-118.2987,78293,Kihn-Pacocha,09/01/2024
996,Ambrosius,Bunten,abuntenrn@census.gov,Male,2009,Dodge,Nitro,Des Moines,Iowa,50362,US,41.6727,-93.5722,98185,"Johnston, VonRueden and Carter",08/07/2023
997,Beverly,De Vuyst,bdevuystro@hhs.gov,Female,1994,Ford,Tempo,Minneapolis,Minnesota,55441,US,45.0058,-93.4193,54359,Murazik-Grimes,05/09/2023
998,Jilli,Izsak,jizsakrp@utexas.edu,Agender,2000,Daewoo,Lanos,Augusta,Georgia,30919,US,33.386,-82.091,41642,"McLaughlin, Koelpin and Nicolas",07/30/2025
999,Harwell,Helling,hhellingrq@over-blog.com,Male,1998,Mercedes-Benz,C-Class,Santa Fe,New Mexico,87592,US,35.5212,-105.9818,36511,Tremblay Group,05/10/2024
1000,Henrieta,Arstall,harstallrr@yolasite.com,Female,1995,Lexus,GS,Louisville,Kentucky,40266,US,38.189,-85.6768,70161,Lakin Group,11/17/2022
