id,firstName,lastName,email,gender,carYear,automobileMake,automobileModel,customerRegion,customerState,customerPostal,customerCountry_ISO2,customerRegionLatitude,ownerRegionLongitude,automobilePrice,customer,purchaseDate
1,Miriam,Airey,mairey0@wiley.com,Female,1984,Mitsubishi,Starion,Sarasota,Florida,34276,US,27.1675,-82.381,37639,"Hodkiewicz, Becker and Lockman",11/22/2025
2,Sinclare,Hourahan,shourahan1@simplemachines.org,Male,1990,Lincoln,Continental,Durham,North Carolina,27705,US,36.0218,-78.9478,73473,"Macejkovic, Green and Maggio",01/10/2023
3,Claudio,De Santos,cdesantos2@tamu.edu,Male,1993,Ford,F350,Santa Barbara,California,93150,US,34.2628,-119.8486,39363,Miller Inc,02/13/2025
4,Jules,Wotton,jwotton3@bing.com,Male,1995,Lincoln,Mark VIII,Mobile,Alabama,36605,US,30.6341,-88.0846,99258,"Stiedemann, McLaughlin and Roob",07/04/2023
5,Thatch,Higgan,thiggan4@vimeo.com,Male,2008,Lexus,IS-F,El Paso,Texas,88530,US,31.6948,-106.3,42028,"Hirthe, Parisian and Huel",09/19/2025
6,Lianna,Kinsell,lkinsell5@geocities.com,Female,1991,Lotus,Elan,Jackson,Mississippi,39236,US,32.3113,-90.3972,37097,Wuckert-Grimes,04/02/2024
7,Moore,Spir,mspir6@twitpic.com,Male,1963,Pontiac,Grand Prix,Birmingham,Alabama,35215,US,33.6493,-86.7057,77662,Bauch-Ankunding,02/06/2024
8,Guillemette,Coronado,gcoronado7@washington.edu,Female,2006,Chrysler,Town & Country,New York City,New York,10155,US,40.7611,-73.968,97884,Bechtelar-Stoltenberg,06/17/2025
9,Dex,Waldocke,dwaldocke8@oakley.com,Male,1995,Chevrolet,K5 Blazer,Dearborn,Michigan,48126,US,42.3349,-83.1801,77735,Turner-Koss,12/14/2025
10,Chilton,Barock,cbarock9@tumblr.com,Agender,2002,Mazda,B-Series Plus,Tacoma,Washington,98481,US,47.0662,-122.1132,50660,Pouros-DuBuque,03/22/2025
11,Emlynne,Armin,earmina@fda.gov,Female,2004,Kia,Sorento,San Jose,California,95128,US,37.3163,-121.9356,95824,Boehm-Berge,05/25/2022
12,Elinore,Hoyte,ehoyteb@tumblr.com,Female,2010,Mazda,CX-9,Sacramento,California,94286,US,38.3774,-121.4444,59083,"Lakin, Herman and Daniel",03/17/2023
13,Retha,Aldred,raldredc@ovh.net,Female,2012,Volkswagen,Touareg,San Diego,California,92176,US,33.0169,-116.846,70645,"O'Connell, Buckridge and Dare",04/03/2024
14,Stephi,Tanswill,stanswilld@slideshare.net,Female,1995,Mitsubishi,Montero,Fort Worth,Texas,76134,US,32.6469,-97.3325,37208,Vandervort-O'Keefe,07/20/2023
15,Lotte,Funcheon,lfuncheone@salon.com,Female,1995,Dodge,Ram 1500 Club,Fort Wayne,Indiana,46805,US,41.0977,-85.1189,72633,"Larkin, Pollich and Howell",05/23/2025
16,Tilly,Toope,ttoopef@gnu.org,Female,2008,GMC,Envoy,Dallas,Texas,75342,US,32.7673,-96.7776,98765,Ankunding Inc,10/18/2023
17,Duffie,Deetlof,ddeetlofg@buzzfeed.com,Agender,2000,Dodge,Durango,Toledo,Ohio,43610,US,41.6767,-83.5573,71836,Kshlerin Inc,09/09/2022
18,Anett,Burnhams,aburnhamsh@usnews.com,Female,1987,Ford,E-Series,Saint Louis,Missouri,63158,US,38.6531,-90.2435,43875,Pagac-Nikolaus,04/06/2023
19,Reinwald,Pittford,rpittfordi@mysql.com,Male,2007,Chrysler,Town & Country,Kansas City,Kansas,66112,US,39.116,-94.764,39129,"Steuber, Nitzsche and Legros",05/05/2022
20,Vanda,Witten,vwittenj@mac.com,Female,2001,Honda,Accord,Stamford,Connecticut,06912,US,41.3089,-73.3637,84881,Little Group,08/22/2025
21,Hakim,Mullett,hmullettk@archive.org,Genderqueer,2006,Dodge,Grand Caravan,Cincinnati,Ohio,45223,US,39.1696,-84.5478,61834,Casper Inc,02/12/2023
22,Cami,Bonder,cbonderl@si.edu,Bigender,1995,Pontiac,Sunfire,Warren,Michigan,48092,US,42.5125,-83.0643,82441,"Hilpert, Moen and Kilback",07/07/2024
23,Sawyer,Shalders,sshaldersm@taobao.com,Male,2000,Oldsmobile,Alero,Escondido,California,92030,US,33.0169,-116.846,45388,Rowe Inc,10/11/2025
24,Oberon,Wallace,owallacen@jimdo.com,Male,1995,GMC,Vandura G2500,Columbia,Missouri,65211,US,38.9033,-92.1022,93006,Osinski LLC,12/23/2024
25,Kasper,Maudsley,kmaudsleyo@nytimes.com,Male,1993,Pontiac,Bonneville,Bronx,New York,10454,US,40.8085,-73.9198,64131,Purdy Inc,03/09/2023
26,Clementius,Belitz,cbelitzp@fc2.com,Male,1997,Ford,Thunderbird,Saint Louis,Missouri,63126,US,38.5495,-90.3811,63527,Reichert Inc,04/05/2023
27,Stepha,Lawrenceson,slawrencesonq@behance.net,Female,1991,Porsche,944,Austin,Texas,78744,US,30.1876,-97.7472,96853,"Von, Oberbrunner and Marquardt",06/25/2024
28,Millisent,Sappy,msappyr@goo.gl,Polygender,1988,Mazda,626,Phoenix,Arizona,85053,US,33.6299,-112.1316,79208,Ortiz-Rosenbaum,12/04/2022
29,Burr,Nassy,bnassys@icq.com,Male,2005,Volkswagen,Phaeton,Milwaukee,Wisconsin,53215,US,43.006,-87.9429,59642,"Goyette, Leuschke and Oberbrunner",02/27/2023
30,Burch,Kyneton,bkynetont@biblegateway.com,Male,1995,Mitsubishi,Montero,Lubbock,Texas,79452,US,33.61,-101.8213,75997,Dickinson-Schowalter,09/18/2024
31,Carney,McCarrell,cmccarrellu@homestead.com,Male,1989,Citroën,CX,Kansas City,Missouri,64153,US,39.2627,-94.697,40498,Torphy-Goodwin,11/18/2023
32,Sheryl,Videler,svidelerv@trellian.com,Genderfluid,2012,BMW,1 Series,Houston,Texas,77240,US,29.834,-95.4342,38440,"Zboncak, Kuhic and Kunde",05/04/2023
33,Mechelle,Pender,mpenderw@yandex.ru,Female,2011,BMW,X5,Hampton,Virginia,23663,US,37.0318,-76.3199,34820,"Jerde, Trantow and Ernser",06/13/2023
34,Woodrow,Thewles,wthewlesx@ox.ac.uk,Male,2001,Mazda,B-Series,Pasadena,California,91186,US,33.7866,-118.2987,63286,"Reinger, Kuphal and Pfeffer",03/31/2025
35,Marjy,Fairest,mfairesty@state.tx.us,Female,2002,Ford,Taurus,Lancaster,Pennsylvania,17605,US,40.0185,-76.2976,71889,Hansen and Sons,12/12/2024
36,Obidiah,Jiri,ojiriz@privacy.gov.au,Male,2001,Lexus,GS,Sarasota,Florida,34233,US,27.2866,-82.477,98369,Douglas-DuBuque,12/06/2023
37,Brittne,Eberts,beberts10@google.nl,Non-binary,2001,Mercedes-Benz,SLK-Class,Baton Rouge,Louisiana,70810,US,30.3633,-91.0919,52785,Sawayn LLC,10/21/2023
38,Dita,Grayer,dgrayer11@fc2.com,Female,1989,Saab,9000,Palm Bay,Florida,32909,US,27.9694,-80.6473,51916,Reynolds-Jaskolski,03/30/2023
39,Rene,Grewer,rgrewer12@google.it,Female,2008,Infiniti,EX,Memphis,Tennessee,38150,US,35.2017,-89.9715,94662,Mraz and Sons,08/07/2022
40,Veriee,Leggon,vleggon13@npr.org,Female,1993,Oldsmobile,Cutlass Cruiser,San Diego,California,92165,US,33.0169,-116.846,77997,Schroeder Inc,03/31/2024
41,Rebekkah,Mendonca,rmendonca14@weather.com,Female,1993,Volkswagen,Cabriolet,Las Vegas,Nevada,89155,US,35.9279,-114.9721,49950,Windler-Grimes,05/03/2024
42,Sabrina,McCathie,smccathie15@webnode.com,Female,2000,Infiniti,Q,Charlotte,North Carolina,28263,US,35.2268,-80.8432,33101,"Bode, Russel and Ryan",07/13/2023
43,Alisa,Skully,askully16@go.com,Female,2002,Chevrolet,Malibu,Trenton,New Jersey,08695,US,40.2805,-74.712,78149,Wunsch Group,10/21/2024
44,Desdemona,MacMechan,dmacmechan17@dell.com,Female,2009,Dodge,Charger,El Paso,Texas,79928,US,31.6631,-106.1401,81760,Beer LLC,06/10/2022
45,Larissa,Baldick,lbaldick18@dot.gov,Female,2002,Toyota,Highlander,Fort Lauderdale,Florida,33305,US,26.1497,-80.1229,79281,Paucek-Botsford,08/01/2022
46,Ronnica,Eberle,reberle19@psu.edu,Female,2002,Buick,Regal,Buffalo,New York,14233,US,42.7684,-78.8871,79039,Schulist Group,12/26/2022
47,Melva,Jess,mjess1a@domainmarket.com,Female,1994,Cadillac,DeVille,Chattanooga,Tennessee,37416,US,35.0942,-85.1757,65435,Powlowski-Brown,09/28/2025
48,Lynett,Bertram,lbertram1b@google.co.uk,Female,2004,Mitsubishi,Diamante,Watertown,Massachusetts,02472,US,42.37,-71.1773,90640,"MacGyver, Kreiger and Hagenes",09/30/2024
49,Thea,Kennagh,tkennagh1c@wikimedia.org,Female,1997,GMC,Suburban 1500,North Little Rock,Arkansas,72118,US,34.8337,-92.3289,35601,Donnelly and Sons,09/23/2022
50,Lyn,Mockler,lmockler1d@seattletimes.com,Non-binary,2006,Ford,E-Series,Billings,Montana,59105,US,45.9497,-108.599,67119,"Ferry, Kemmer and Rosenbaum",11/10/2023
51,Tallulah,Kyte,tkyte1e@ask.com,Female,2002,Chevrolet,S10,Huntington,West Virginia,25705,US,38.4096,-82.369,88998,Legros-Littel,11/13/2023
52,Berky,Forge,bforge1f@ning.com,Male,2009,Toyota,Camry Hybrid,Panama City,Florida,32412,US,30.2345,-85.692,81665,Reilly LLC,02/04/2022
53,Terrance,Hilhouse,thilhouse1g@bbb.org,Male,1992,Pontiac,Grand Prix,Pittsburgh,Pennsylvania,15240,US,40.4344,-80.0248,94850,Dickens Group,12/14/2025
54,Towny,Lincey,tlincey1h@domainmarket.com,Male,2004,Mitsubishi,Challenger,Brooklyn,New York,11220,US,40.6412,-74.0133,97493,Feest and Sons,02/21/2022
55,Benoite,Purrington,bpurrington1i@unesco.org,Female,2006,Chevrolet,Express 1500,Newark,New Jersey,07195,US,40.7918,-74.2452,56524,Kling Group,06/13/2022
56,Eveline,Barkworth,ebarkworth1j@sbwire.com,Female,2010,GMC,Yukon,Greensboro,North Carolina,27415,US,36.0807,-80.0244,69011,Koss-Macejkovic,05/01/2022
57,Regan,Russan,rrussan1k@shareasale.com,Male,1986,Subaru,XT,Kansas City,Kansas,66112,US,39.116,-94.764,41441,Jaskolski-Kshlerin,12/31/2025
58,Miner,Headley,mheadley1l@amazonaws.com,Male,1995,Toyota,4Runner,Richmond,Virginia,23277,US,37.5535,-77.4604,86132,Heaney Group,09/05/2025
59,Hadria,Teeney,hteeney1m@bing.com,Female,2008,Dodge,Avenger,San Antonio,Texas,78265,US,29.4375,-98.4616,57804,Christiansen Inc,11/26/2023
60,Kane,Lorroway,klorroway1n@hp.com,Genderqueer,1997,Acura,SLX,El Paso,Texas,79905,US,31.7674,-106.4304,58602,"Herzog, Waters and Johnson",02/17/2022
61,Franklin,Lindstedt,flindstedt1o@sun.com,Male,1995,Dodge,Avenger,Chula Vista,California,91913,US,32.6513,-116.9852,49908,Steuber-Walter,09/21/2022
62,Scott,Truran,struran1p@hhs.gov,Agender,2001,GMC,Sonoma,Saint Paul,Minnesota,55114,US,44.968,-93.1981,46035,Wehner-Jakubowski,09/08/2025
63,Britt,Lombardo,blombardo1q@opera.com,Male,1993,Pontiac,Trans Sport,Atlanta,Georgia,31119,US,33.8913,-84.0746,80119,Brown-Welch,05/02/2024
64,Evelyn,Squibbs,esquibbs1r@360.cn,Female,2003,Mitsubishi,Lancer Evolution,Albuquerque,New Mexico,87201,US,35.0443,-106.6729,61745,"Mueller, Cormier and Bogan",10/31/2024
65,Warde,Jennions,wjennions1s@prweb.com,Male,2012,Mercedes-Benz,SLS AMG,Phoenix,Arizona,85005,US,33.2765,-112.1872,57574,Strosin Group,11/12/2022
66,Timmie,Jarratt,tjarratt1t@blogs.com,Male,1995,Jaguar,XJ Series,Saint Louis,Missouri,63143,US,38.6111,-90.3225,95360,Grimes-MacGyver,03/21/2023
67,Valli,Arnowicz,varnowicz1u@nyu.edu,Female,2009,Chevrolet,Cobalt,Lancaster,Pennsylvania,17605,US,40.0185,-76.2976,68311,Bechtelar-Ortiz,10/04/2024
68,Lira,Mayston,lmayston1v@ft.com,Female,2012,Audi,A5,Wichita Falls,Texas,76310,US,33.8581,-98.5755,90794,Greenholt-Wilkinson,03/27/2025
69,Hodge,Drysdall,hdrysdall1w@webs.com,Male,2013,Toyota,Land Cruiser,Saint Petersburg,Florida,33742,US,27.8918,-82.7248,81503,"Fritsch, Altenwerth and Beer",07/20/2025
70,Caesar,Behnecken,cbehnecken1x@diigo.com,Male,2004,Infiniti,M,Lansing,Michigan,48930,US,42.7325,-84.5587,50844,Schuppe Inc,11/07/2023
71,Terrence,Ruff,truff1y@shareasale.com,Male,2002,Pontiac,Sunfire,Bellevue,Washington,98008,US,47.6115,-122.1162,60036,Greenholt Inc,09/28/2024
72,Tris,Cantwell,tcantwell1z@google.com.hk,Male,1998,Honda,Prelude,Tacoma,Washington,98447,US,47.1441,-122.4434,42695,Harvey-Lemke,08/19/2023
73,Alfred,Swettenham,aswettenham20@ovh.net,Male,2009,Lotus,Elise,Green Bay,Wisconsin,54313,US,44.5463,-88.1021,90901,Erdman LLC,10/05/2024
74,Tamara,Tingly,ttingly21@wikispaces.com,Female,2001,Acura,RL,Bethesda,Maryland,20816,US,38.9585,-77.1153,46003,Cummerata Group,06/29/2023
75,Kalvin,Prattington,kprattington22@meetup.com,Male,2001,Ford,Explorer,Columbus,Ohio,43220,US,40.0495,-83.0669,48694,Corkery-Emmerich,10/06/2025
76,Romeo,Alexandersson,ralexandersson23@woothemes.com,Male,1988,Pontiac,Firebird,Wilkes Barre,Pennsylvania,18768,US,41.2722,-75.8801,56867,Johnson Group,10/26/2023
77,Diann,Sevior,dsevior24@wunderground.com,Female,2008,Nissan,Pathfinder,Omaha,Nebraska,68179,US,41.2917,-96.1711,81259,Gleason Group,12/22/2024
78,Valentia,Kelle,vkelle25@cbslocal.com,Female,2010,Jaguar,XJ,Riverside,California,92519,US,33.7529,-116.0556,75493,Wilkinson-Lindgren,08/12/2024
79,Odille,Whittlesea,owhittlesea26@youtube.com,Female,2012,Chevrolet,Impala,Sacramento,California,94250,US,38.3774,-121.4444,60742,"Goldner, Schroeder and Green",08/16/2025
80,Ann,Parsisson,aparsisson27@reverbnation.com,Female,1996,Mazda,B-Series Plus,Oakland,California,94627,US,37.6802,-121.9215,44894,Keebler-Runolfsdottir,10/10/2024
81,Imojean,Yeabsley,iyeabsley28@google.ca,Female,2007,Toyota,Yaris,Bloomington,Illinois,61709,US,40.4614,-88.953,86307,Collier-Christiansen,03/13/2024
82,Braden,Hallick,bhallick29@chronoengine.com,Male,2001,Volkswagen,New Beetle,Jefferson City,Missouri,65110,US,38.5309,-92.2493,83568,Abbott Group,03/23/2022
83,Loreen,Yakovitch,lyakovitch2a@mlb.com,Female,1993,Ford,Escort,Washington,District of Columbia,20088,US,38.8933,-77.0146,59803,Wehner-Lemke,07/29/2023
84,Frasquito,Ferrar,fferrar2b@exblog.jp,Male,1991,Ford,Tempo,Las Vegas,Nevada,89115,US,36.2158,-115.0671,37961,Jenkins Inc,07/19/2023
85,Adlai,Bettenson,abettenson2c@comcast.net,Male,1996,Lexus,LS,Elizabeth,New Jersey,07208,US,40.6747,-74.2239,89259,Goodwin Inc,11/06/2022
86,Samantha,McNabb,smcnabb2d@vistaprint.com,Female,2003,Infiniti,G,Portland,Oregon,97255,US,45.5806,-122.3748,46126,"Sanford, Hills and Schimmel",02/21/2022
87,Dell,Leuren,dleuren2e@nbcnews.com,Male,2008,Dodge,Dakota,New York City,New York,10203,US,40.7808,-73.9772,44846,Kunze Group,05/19/2022
88,Jeffrey,Jerrems,jjerrems2f@macromedia.com,Male,2008,BMW,M5,Baltimore,Maryland,21203,US,39.2847,-76.6205,47985,Price and Sons,02/20/2022
89,Casi,St Louis,cstlouis2g@github.com,Female,2009,Bentley,Continental Flying Spur,Richmond,Virginia,23293,US,37.5242,-77.4932,59112,"Hoppe, Herman and Mayer",05/31/2024
90,Willem,Walters,wwalters2h@google.ru,Polygender,2004,Audi,Allroad,Las Vegas,Nevada,89120,US,36.0914,-115.0885,89364,Ondricka Inc,12/16/2022
91,Arlyne,Martinovsky,amartinovsky2i@columbia.edu,Female,2012,Chevrolet,Traverse,Yonkers,New York,10705,US,40.9177,-73.895,55440,Boehm Group,02/25/2022
92,Jenelle,Colter,jcolter2j@scribd.com,Female,2007,Hyundai,Santa Fe,Kansas City,Missouri,64109,US,39.0663,-94.5674,91038,"Green, Maggio and Sipes",12/31/2023
93,Daloris,Pfaff,dpfaff2k@illinois.edu,Female,2001,Toyota,Camry,North Hollywood,California,91616,US,33.7866,-118.2987,91492,"Hansen, Lang and Turcotte",08/03/2025
94,Hamlin,Aleveque,haleveque2l@ox.ac.uk,Male,1992,Mitsubishi,Diamante,Mobile,Alabama,36605,US,30.6341,-88.0846,96273,Boyle-Adams,11/25/2025
95,Clim,Blakely,cblakely2m@berkeley.edu,Male,2003,Toyota,Corolla,Lakeland,Florida,33805,US,28.072,-81.9609,90620,Bartoletti LLC,05/21/2023
96,Eve,Jowsey,ejowsey2n@meetup.com,Female,2004,Porsche,Cayenne,Whittier,California,90610,US,33.7866,-118.2987,83648,Ratke-Hirthe,04/22/2022
97,Rachele,Bolden,rbolden2o@weebly.com,Female,1979,Chevrolet,LUV,Anderson,Indiana,46015,US,40.0938,-85.6578,79566,Little-Swift,09/08/2023
98,Thurston,Manjin,tmanjin2p@discovery.com,Male,2003,Isuzu,Rodeo,Montgomery,Alabama,36195,US,32.3544,-86.2843,81441,Dietrich-Wintheiser,07/20/2025
99,Bamby,Maggiori,bmaggiori2q@washingtonpost.com,Female,1985,Buick,Skyhawk,Brooklyn,New York,11225,US,40.6628,-73.9546,64758,"Johnston, Runolfsson and Gibson",01/30/2024
100,Demetre,McIan,dmcian2r@tuttocitta.it,Male,2001,Ford,Econoline E350,Saint Cloud,Minnesota,56372,US,45.5289,-94.5933,93522,Schiller-Bauch,08/10/2022
101,Malissia,Savery,msavery2s@mashable.com,Female,2009,Toyota,Camry,Los Angeles,California,90030,US,33.7866,-118.2987,46934,Boyle-Hand,05/27/2024
102,Thekla,Worts,tworts2t@miitbeian.gov.cn,Female,1995,Nissan,240SX,San Bernardino,California,92410,US,34.1069,-117.2975,31067,Moen-Kohler,07/29/2023
103,Bathsheba,Rubenczyk,brubenczyk2u@hp.com,Female,1995,Mercedes-Benz,E-Class,Annapolis,Maryland,21405,US,39.0305,-76.5515,82874,Stanton LLC,07/03/2024
104,Nicolina,Havers,nhavers2v@xing.com,Female,2004,Toyota,Sienna,Seattle,Washington,98104,US,47.6036,-122.3256,45494,Breitenberg and Sons,01/23/2024
105,Jessalyn,Hollebon,jhollebon2w@bloglovin.com,Female,1984,Ford,E150,Birmingham,Alabama,35290,US,33.5446,-86.9292,87597,Kihn LLC,03/19/2024
106,Alexina,Fynn,afynn2x@acquirethisname.com,Female,1979,Buick,Riviera,Springfield,Missouri,65810,US,37.1136,-93.2896,89730,"Brown, Jacobson and Langosh",02/13/2024
107,Bette-ann,Christoffels,bchristoffels2y@addtoany.com,Female,1992,Toyota,Celica,Raleigh,North Carolina,27605,US,35.7908,-78.653,72245,Ritchie-Schuster,06/01/2025
108,Lorrayne,Morefield,lmorefield2z@live.com,Female,1995,Pontiac,Firebird,San Bernardino,California,92415,US,34.84,-115.9671,73891,Walter-Zboncak,08/04/2022
109,Laird,Paddefield,lpaddefield30@nhs.uk,Male,2010,Mazda,Mazdaspeed 3,Louisville,Kentucky,40233,US,38.189,-85.6768,69442,McLaughlin-Quigley,08/24/2025
110,Jud,Sanchis,jsanchis31@umn.edu,Male,1988,Mercury,Cougar,Des Moines,Iowa,50981,US,41.6727,-93.5722,88041,"Lubowitz, Batz and Rau",06/26/2022
111,Chrotoem,Ardron,cardron32@purevolume.com,Male,2002,Acura,CL,Arlington,Virginia,22205,US,38.8836,-77.1395,31366,Goodwin LLC,09/29/2024
112,Fayre,Courvert,fcourvert33@eventbrite.com,Female,2009,Kia,Carens,Topeka,Kansas,66642,US,39.0429,-95.7697,57426,Dickens-Botsford,10/26/2024
113,Jeri,Skipper,jskipper34@google.ca,Female,2011,Ford,Fiesta,Huntington,West Virginia,25726,US,38.4134,-82.2774,93738,Ullrich-Kulas,10/01/2022
114,Claudius,Izkovitz,cizkovitz35@wix.com,Male,2007,BMW,X3,Fairfax,Virginia,22036,US,38.7351,-77.0796,64534,"Towne, Parker and Greenfelder",01/15/2023
115,Stacia,Whebell,swhebell36@bloomberg.com,Female,2009,Suzuki,Equator,Fort Worth,Texas,76105,US,32.7233,-97.269,71584,Bogan-Padberg,11/09/2023
116,Jacques,Fountian,jfountian37@moonfruit.com,Male,2005,Honda,Pilot,Kansas City,Kansas,66105,US,39.085,-94.6356,96869,Effertz Inc,10/21/2024
117,Ernestus,Whiteford,ewhiteford38@storify.com,Male,2008,Audi,R8,Oklahoma City,Oklahoma,73173,US,35.3425,-97.6317,35887,Oberbrunner-Davis,05/31/2024
118,Pauly,Nelligan,pnelligan39@narod.ru,Male,2009,Suzuki,SX4,Miami,Florida,33190,US,25.5593,-80.3483,86900,Pfannerstill-Dooley,04/10/2022
119,Brnaba,Ranscome,branscome3a@state.gov,Male,2008,Audi,S6,Humble,Texas,77346,US,30.0042,-95.1728,43067,Bartell and Sons,12/18/2025
120,Eamon,Grenshields,egrenshields3b@hexun.com,Male,1996,Ford,Ranger,Cincinnati,Ohio,45233,US,39.111,-84.6594,38913,Weber-Sauer,07/04/2023
121,Roxy,Pittel,rpittel3c@forbes.com,Agender,2007,Cadillac,STS,Los Angeles,California,90071,US,34.0529,-118.2549,71189,Kilback Group,05/08/2022
122,Nicholas,De Normanville,ndenormanville3d@nhs.uk,Male,1999,Lincoln,Continental,Springfield,Illinois,62718,US,39.778,-89.6466,78725,"Kohler, Wisozk and Deckow",06/02/2024
123,Rani,Demetr,rdemetr3e@vk.com,Female,2002,Volvo,C70,Des Moines,Iowa,50936,US,41.6727,-93.5722,56290,Baumbach-Bahringer,11/02/2022
124,Grannie,Dodshun,gdodshun3f@delicious.com,Male,1995,GMC,1500,Bellevue,Washington,98008,US,47.6115,-122.1162,99957,Mitchell Inc,09/30/2025
125,Meredeth,Odams,modams3g@usda.gov,Male,1997,Ford,Aerostar,Raleigh,North Carolina,27690,US,35.7977,-78.6253,98217,Lockman Group,11/01/2025
126,Emlyn,Hercock,ehercock3h@walmart.com,Female,1998,Hyundai,Sonata,Paterson,New Jersey,07505,US,40.9166,-74.174,41603,O'Conner-Mitchell,11/23/2024
127,Allis,McCrorie,amccrorie3i@cisco.com,Female,1996,Chevrolet,Caprice,Salt Lake City,Utah,84110,US,40.6681,-111.9083,66219,Schulist Group,07/31/2024
128,Dawna,Scourfield,dscourfield3j@sohu.com,Female,2000,Mitsubishi,Challenger,Philadelphia,Pennsylvania,19125,US,39.9788,-75.1262,74961,Carroll LLC,07/03/2023
129,Thibaut,Buglass,tbuglass3k@newyorker.com,Male,2003,BMW,Z8,Chicago,Illinois,60641,US,41.9453,-87.7474,41146,O'Reilly LLC,07/21/2022
130,Aubrey,Debling,adebling3l@nyu.edu,Agender,1994,Toyota,Corolla,Rochester,New York,14619,US,43.1367,-77.6481,80263,"Kunde, Wunsch and Hessel",10/14/2024
131,Bartie,Labdon,blabdon3m@last.fm,Male,1993,Geo,Tracker,Atlanta,Georgia,31136,US,33.7473,-84.3824,85664,Leuschke-Conroy,05/08/2024
132,Lewie,Weare,lweare3n@phoca.cz,Male,2010,Ford,Fusion,New York City,New York,10280,US,40.7105,-74.0163,82078,"Walker, Murray and Koepp",08/23/2024
133,North,Poskitt,nposkitt3o@webs.com,Male,2005,Volvo,S60,New Orleans,Louisiana,70179,US,30.033,-89.8826,98864,"Wisozk, Sporer and Ritchie",05/22/2023
134,Mar,de Guise,mdeguise3p@cyberchimps.com,Male,2003,Infiniti,QX,Gilbert,Arizona,85297,US,33.2781,-111.7096,89805,Jenkins-Feest,05/14/2022
135,Midge,Labern,mlabern3q@homestead.com,Female,2004,Honda,Odyssey,Colorado Springs,Colorado,80915,US,38.8558,-104.7134,78329,Feil Group,03/08/2023
136,Franciskus,Livermore,flivermore3r@cisco.com,Male,1978,Chevrolet,Camaro,Gulfport,Mississippi,39505,US,30.4158,-89.0684,84238,"Collier, Pacocha and Schmidt",07/24/2024
137,Spense,Paskin,spaskin3s@omniture.com,Male,2002,Mitsubishi,Montero Sport,Pinellas Park,Florida,34665,US,27.8402,-82.7125,42802,"Crona, Barrows and Keebler",11/23/2022
138,Agna,Sollas,asollas3t@mapy.cz,Female,1994,Toyota,MR2,Fort Lauderdale,Florida,33345,US,26.1654,-80.2959,52329,"Altenwerth, Collier and Halvorson",07/18/2025
139,Stanwood,Tansly,stansly3u@indiatimes.com,Male,2009,BMW,6 Series,Philadelphia,Pennsylvania,19136,US,40.0422,-75.0244,30071,Conroy and Sons,11/20/2025
140,Sutherland,Pilger,spilger3v@surveymonkey.com,Male,1998,Jaguar,XK Series,Lexington,Kentucky,40586,US,38.0283,-84.4715,55270,Stamm-Hodkiewicz,06/20/2022
141,Madison,Mattessen,mmattessen3w@ft.com,Male,2002,Jaguar,XK Series,Pasadena,California,91186,US,33.7866,-118.2987,49461,"Schinner, Flatley and Towne",11/24/2022
142,Alano,Stienham,astienham3x@alexa.com,Male,2002,GMC,Sierra 2500,El Paso,Texas,79923,US,31.6948,-106.3,94646,"Lynch, Nader and Wisoky",08/29/2023
143,Lutero,Thowless,lthowless3y@odnoklassniki.ru,Male,2005,Mercedes-Benz,CL-Class,Des Moines,Iowa,50981,US,41.6727,-93.5722,52349,"Upton, Champlin and Kulas",01/20/2023
144,Conrad,Conaghan,cconaghan3z@so-net.ne.jp,Male,2002,Honda,Passport,Beaufort,South Carolina,29905,US,32.3401,-80.689,58493,"Crooks, Breitenberg and Hilll",03/15/2025
145,Aylmar,Hanshaw,ahanshaw40@un.org,Genderqueer,2007,Toyota,Camry Hybrid,Reston,Virginia,20195,US,38.8318,-77.2888,85069,Labadie and Sons,11/09/2025
146,Halimeda,Vinton,hvinton41@webs.com,Female,2003,Mitsubishi,Montero Sport,Houston,Texas,77255,US,29.834,-95.4342,30708,Hilll Group,12/30/2025
147,Corabel,Rhyme,crhyme42@answers.com,Female,2007,Ford,F350,Charlotte,North Carolina,28230,US,35.26,-80.8042,82876,Terry-Bartoletti,06/06/2024
148,Winfield,Croan,wcroan43@upenn.edu,Male,2002,Chevrolet,Express 2500,Decatur,Illinois,62525,US,39.854,-88.9815,60961,Walter Group,07/23/2022
149,Dewey,Millar,dmillar44@uol.com.br,Male,2011,Lamborghini,Gallardo,Lafayette,Indiana,47905,US,40.4001,-86.8602,91805,"O'Keefe, Cormier and Baumbach",08/10/2023
150,Chic,Van Cassel,cvancassel45@canalblog.com,Male,2003,Dodge,Ram Van 1500,Tampa,Florida,33633,US,27.872,-82.4388,86575,"Lueilwitz, Johnston and Heller",03/03/2023
151,Osbourne,Kubat,okubat46@sfgate.com,Male,2003,Lamborghini,Murciélago,San Antonio,Texas,78205,US,29.4237,-98.4925,31664,"Reynolds, Jast and Volkman",01/30/2022
152,Feliza,Stolting,fstolting47@pagesperso-orange.fr,Female,2007,Mercedes-Benz,M-Class,Saginaw,Michigan,48604,US,43.4732,-83.9514,51367,"Toy, Jacobs and Leffler",06/16/2025
153,Kai,Ronca,kronca48@vk.com,Female,1988,Buick,Skylark,Birmingham,Alabama,35295,US,33.5446,-86.9292,73683,Ferry Inc,10/28/2024
154,Alessandro,Betonia,abetonia49@examiner.com,Male,2002,Lincoln,LS,Cleveland,Ohio,44118,US,41.5008,-81.5516,85498,Corkery Group,02/09/2024
155,Malissia,Schleicher,mschleicher4a@drupal.org,Female,2005,Lamborghini,Murciélago,Eugene,Oregon,97405,US,44.0185,-123.0998,64930,"Dare, O'Keefe and Hackett",09/15/2022
156,Jaquelin,Roughley,jroughley4b@aol.com,Female,2007,Mazda,CX-9,Houston,Texas,77271,US,29.834,-95.4342,40213,Kreiger-Pacocha,11/01/2024
157,Anselm,Skacel,askacel4c@ftc.gov,Male,2004,Volvo,XC90,Washington,District of Columbia,20046,US,38.8933,-77.0146,30881,Wolff LLC,10/02/2024
158,Emile,Parkin,eparkin4d@alexa.com,Male,2002,Nissan,Altima,Galveston,Texas,77554,US,29.2243,-94.9637,70930,"Heidenreich, Prosacco and Johns",11/06/2025
159,Riccardo,Monkman,rmonkman4e@canalblog.com,Male,1989,Pontiac,Firebird,Charlotte,North Carolina,28235,US,35.26,-80.8042,67576,Lebsack Inc,10/14/2022
160,Mollee,Pybworth,mpybworth4f@bluehost.com,Female,2012,Toyota,Corolla,Tulsa,Oklahoma,74141,US,36.1398,-96.0297,62568,D'Amore-Powlowski,05/07/2022
161,Raymond,Christon,rchriston4g@netlog.com,Male,1965,Pontiac,GTO,Round Rock,Texas,78682,US,30.6568,-97.6026,43518,"Ondricka, Gulgowski and Stehr",06/27/2023
162,Fanechka,Culham,fculham4h@ifeng.com,Female,1995,Buick,Park Avenue,Pittsburgh,Pennsylvania,15279,US,40.4344,-80.0248,74905,"Marvin, Breitenberg and McGlynn",01/03/2024
163,Saunders,Rubrow,srubrow4i@state.tx.us,Male,2011,Nissan,Frontier,Billings,Montana,59112,US,45.9783,-108.1945,31856,Will LLC,12/21/2025
164,Sloan,Bonner,sbonner4j@intel.com,Male,2000,Honda,Accord,Washington,District of Columbia,20392,US,38.8933,-77.0146,94493,Grimes Inc,07/06/2022
165,Gibbie,Valenti,gvalenti4k@gizmodo.com,Male,2002,Chrysler,Town & Country,Las Vegas,Nevada,89120,US,36.0914,-115.0885,74083,Olson-Stoltenberg,02/05/2025
166,Frederigo,Gellately,fgellately4l@google.es,Male,1993,Hummer,H1,Louisville,Kentucky,40280,US,38.2467,-85.6853,33009,"Hirthe, Bauch and Boehm",12/04/2025
167,Windy,MacCurlye,wmaccurlye4m@mashable.com,Female,1994,Oldsmobile,Silhouette,Corpus Christi,Texas,78470,US,27.777,-97.4632,96799,"Haag, Gleichner and Boehm",06/07/2023
168,Hersch,Stevani,hstevani4n@nasa.gov,Male,1993,GMC,Rally Wagon 1500,Worcester,Massachusetts,01605,US,42.2894,-71.7888,50041,Gleichner Inc,03/11/2023
169,Teddie,Gaw,tgaw4o@businessweek.com,Male,2003,Toyota,Tacoma Xtra,Hattiesburg,Mississippi,39404,US,31.1721,-89.2948,87554,"Kohler, Kreiger and Lesch",01/28/2024
170,Vinni,Swinerd,vswinerd4p@rambler.ru,Female,2005,Pontiac,Sunfire,Oklahoma City,Oklahoma,73179,US,35.4242,-97.6547,95821,Parisian-Johnston,05/05/2022
171,Hammad,Albury,halbury4q@webmd.com,Male,1989,Subaru,Justy,Wichita,Kansas,67215,US,37.6333,-97.425,56200,"Haag, Emmerich and Kassulke",08/26/2025
172,Max,Dran,mdran4r@so-net.ne.jp,Male,2006,Saturn,Ion,Louisville,Kentucky,40215,US,38.1913,-85.7847,51644,"Heaney, Schaden and Rippin",08/02/2023
173,Georgina,Fearby,gfearby4s@kickstarter.com,Female,1995,Ford,Escort,Huntington,West Virginia,25716,US,38.4134,-82.2774,71170,Jaskolski-Casper,10/09/2023
174,Dorita,Audsley,daudsley4t@exblog.jp,Bigender,1992,Jeep,Wrangler,Spokane,Washington,99205,US,47.6964,-117.4399,39918,Prohaska Inc,09/10/2023
175,Kirstin,Tollerton,ktollerton4u@desdev.cn,Female,2006,Kia,Sorento,Buffalo,New York,14205,US,42.7684,-78.8871,35813,Fisher-Quigley,09/12/2024
176,Ulrich,Oxer,uoxer4v@ask.com,Male,1988,Mazda,626,Fort Lauderdale,Florida,33325,US,26.1097,-80.3215,79915,"Ankunding, Hansen and Torphy",12/25/2022
177,Abramo,Mangeon,amangeon4w@seattletimes.com,Male,2009,Audi,S4,Houston,Texas,77080,US,29.8159,-95.523,66138,"Leuschke, Kunze and Kshlerin",04/30/2023
178,Tracie,Whayman,twhayman4x@timesonline.co.uk,Female,2001,Dodge,Ram 3500,Warren,Ohio,44485,US,41.2405,-80.8441,43204,Mueller and Sons,12/08/2023
179,Roana,Malinson,rmalinson4y@uiuc.edu,Female,1992,Toyota,Land Cruiser,San Diego,California,92132,US,32.6437,-117.1384,90899,Hand-Stehr,07/21/2025
180,Wallache,Hellmore,whellmore4z@surveymonkey.com,Male,2006,Cadillac,Escalade ESV,Wichita,Kansas,67260,US,37.7194,-97.2936,30739,"Robel, Schowalter and Rice",09/27/2025
181,Gennifer,Gallie,ggallie50@sphinn.com,Female,1994,Mazda,B-Series Plus,San Antonio,Texas,78220,US,29.4106,-98.4128,80974,Schuppe Inc,04/23/2024
182,Ashla,Langridge,alangridge51@studiopress.com,Female,1999,Pontiac,Sunfire,Buffalo,New York,14233,US,42.7684,-78.8871,50904,Stokes LLC,04/21/2023
183,Millicent,Beevor,mbeevor52@reuters.com,Female,2009,Ford,F250,San Antonio,Texas,78285,US,29.4375,-98.4616,32104,"Dickinson, Gerlach and Hansen",11/01/2025
184,Donalt,Da Costa,ddacosta53@cbsnews.com,Male,1961,Pontiac,Tempest,Santa Monica,California,90405,US,34.01,-118.4717,47293,Ward-Simonis,12/20/2024
185,Dru,Durtnal,ddurtnal54@mit.edu,Female,2003,Ford,Escape,Salt Lake City,Utah,84120,US,40.695,-112.0001,32002,"Hahn, Blanda and Botsford",03/10/2023
186,Cate,Daw,cdaw55@uiuc.edu,Female,2009,Honda,Ridgeline,Minneapolis,Minnesota,55412,US,45.0242,-93.302,33605,Reynolds-Wisoky,02/03/2024
187,Arri,Robertsen,arobertsen56@bloglovin.com,Male,2006,Honda,CR-V,Ventura,California,93005,US,34.0324,-119.1343,97977,Lesch LLC,12/21/2024
188,Tiler,Tackes,ttackes57@nymag.com,Bigender,1992,Dodge,Ramcharger,Fort Worth,Texas,76134,US,32.6469,-97.3325,52744,Littel-Hayes,02/02/2023
189,Coraline,Dannel,cdannel58@topsy.com,Bigender,2009,Audi,Q7,Long Beach,California,90810,US,33.8193,-118.2325,42877,Huel-Pollich,11/19/2024
190,Meara,Delhay,mdelhay59@spotify.com,Female,2007,BMW,6 Series,Fresno,California,93740,US,36.7464,-119.6397,86083,Buckridge and Sons,09/05/2025
191,Arnold,Vost,avost5a@marriott.com,Male,1997,Mercedes-Benz,C-Class,Green Bay,Wisconsin,54313,US,44.5463,-88.1021,95964,Watsica-Boehm,06/25/2025
192,Godart,Thominga,gthominga5b@usa.gov,Male,1997,Ford,Probe,Pensacola,Florida,32505,US,30.4481,-87.2589,71912,"Jenkins, Yost and Pfannerstill",06/28/2022
193,Tiena,Laval,tlaval5c@economist.com,Female,2005,Saab,9-7X,Charleston,West Virginia,25362,US,38.2968,-81.5547,81204,Lueilwitz LLC,01/24/2024
194,Curcio,Fawke,cfawke5d@photobucket.com,Male,2007,Saturn,Aura,Sterling,Virginia,20167,US,39.0853,-77.6452,59371,Morar-Wehner,05/21/2023
195,Hillary,Maryott,hmaryott5e@lulu.com,Genderfluid,2001,GMC,Safari,Norfolk,Virginia,23551,US,36.9312,-76.2397,92735,"Jaskolski, Bogisich and Will",08/10/2022
196,Armand,Staddon,astaddon5f@acquirethisname.com,Male,1996,Toyota,RAV4,Hollywood,Florida,33023,US,25.9894,-80.2153,93963,Stark and Sons,12/05/2024
197,Lefty,Rosson,lrosson5g@drupal.org,Male,2007,Lincoln,Town Car,Minneapolis,Minnesota,55446,US,45.04,-93.4865,78426,Mitchell-Heidenreich,07/08/2023
198,Lynette,Coult,lcoult5h@japanpost.jp,Female,1991,Saab,9000,Laredo,Texas,78044,US,27.3637,-99.4819,73646,VonRueden and Sons,06/14/2024
199,Sig,Haseley,shaseley5i@scientificamerican.com,Male,1985,Pontiac,Sunbird,Flushing,New York,11388,US,40.6514,-73.8708,45352,Dare-Lubowitz,11/10/2024
200,Barbie,Skatcher,bskatcher5j@loc.gov,Female,1985,Volkswagen,Golf,Davenport,Iowa,52804,US,41.5386,-90.6115,49646,"Leuschke, Powlowski and Brakus",08/18/2024
201,Kiel,MacVean,kmacvean5k@cnn.com,Male,1996,Infiniti,G,Los Angeles,California,90030,US,33.7866,-118.2987,85054,Ryan Inc,01/08/2023
202,Geneva,Sipson,gsipson5l@sakura.ne.jp,Female,2006,Hummer,H1,Atlanta,Georgia,30386,US,33.8444,-84.474,36201,Beatty and Sons,05/03/2024
203,Baillie,MacFarland,bmacfarland5m@who.int,Male,2001,Ford,Econoline E250,Portsmouth,Virginia,23705,US,36.8686,-76.3552,32836,"White, Schroeder and Konopelski",01/06/2026
204,Hobart,Winsper,hwinsper5n@cbc.ca,Male,2004,BMW,525,Racine,Wisconsin,53405,US,42.7161,-87.8233,53325,Goodwin Group,02/19/2025
205,Essie,Franciskiewicz,efranciskiewicz5o@msn.com,Female,1992,Volkswagen,Eurovan,Washington,District of Columbia,20420,US,38.9035,-77.0276,44470,"Senger, Kutch and Hyatt",05/10/2022
206,Letta,Janda,ljanda5p@prlog.org,Female,2003,Subaru,Forester,New York City,New York,10170,US,40.7526,-73.9755,44401,"Stark, Kozey and Lang",03/03/2022
207,Corissa,Summerlie,csummerlie5q@chron.com,Agender,2009,Ford,F350,Shreveport,Louisiana,71151,US,32.6076,-93.7526,66601,Baumbach-Huel,04/05/2024
208,Morly,Acors,macors5r@webmd.com,Male,2004,Chevrolet,Classic,Houston,Texas,77245,US,29.834,-95.4342,92812,Hamill LLC,11/05/2024
209,Giraldo,Tipple,gtipple5s@youtube.com,Male,1986,Volkswagen,Passat,Duluth,Minnesota,55805,US,46.7987,-92.0946,41621,Gulgowski Inc,10/26/2022
210,Babita,Clemes,bclemes5t@google.es,Female,1995,Dodge,Stratus,Houston,Texas,77223,US,29.834,-95.4342,85677,Hand and Sons,08/28/2024
211,Kiley,Cowmeadow,kcowmeadow5u@godaddy.com,Male,1988,Mercury,Cougar,Mobile,Alabama,36605,US,30.6341,-88.0846,69490,Wuckert-Jacobson,11/25/2023
212,Rennie,Gawthrope,rgawthrope5v@who.int,Female,2011,Ram,Dakota,Naples,Florida,34114,US,26.0143,-81.5856,90274,Braun-Frami,04/21/2022
213,Tailor,Mulryan,tmulryan5w@sciencedaily.com,Male,1992,Buick,Riviera,Boca Raton,Florida,33432,US,26.3462,-80.0844,34779,Larkin-Sauer,05/09/2025
214,Gil,Nice,gnice5x@yale.edu,Male,2004,Lexus,ES,New Orleans,Louisiana,70179,US,30.033,-89.8826,65682,Murphy Inc,07/01/2025
215,Linnell,Lindelof,llindelof5y@alexa.com,Female,2006,Suzuki,Forenza,Santa Fe,New Mexico,87505,US,35.6219,-105.8688,34904,Kovacek-Senger,02/02/2025
216,Felisha,Ianson,fianson5z@fotki.com,Female,1995,Mitsubishi,Mirage,Kansas City,Missouri,64144,US,39.2829,-94.409,99614,"Simonis, Goldner and Pfannerstill",07/03/2025
217,Maxie,Walcar,mwalcar60@drupal.org,Female,1992,Mazda,626,Boston,Massachusetts,02163,US,42.3253,-71.1122,55538,Mante-O'Hara,11/12/2025
218,Tabbatha,Phillott,tphillott61@paginegialle.it,Genderqueer,1997,Toyota,Avalon,Bronx,New York,10469,US,40.8702,-73.8495,51187,"Thompson, Thompson and Koepp",09/02/2023
219,Malynda,Fennick,mfennick62@hhs.gov,Female,2009,Chrysler,Aspen,Greensboro,North Carolina,27425,US,36.0807,-80.0244,44578,Wiza-McCullough,11/21/2025
220,Ky,Mattaus,kmattaus63@seesaa.net,Male,1987,Pontiac,Grand Am,New York City,New York,10249,US,40.7808,-73.9772,67219,Yost Group,11/07/2023
221,Goldie,Fairfoull,gfairfoull64@apple.com,Female,1988,Mitsubishi,Mirage,San Diego,California,92105,US,32.7423,-117.0947,47737,"Mraz, Waters and Krajcik",03/05/2024
222,Jarib,Winny,jwinny65@yellowbook.com,Male,1994,Buick,Roadmaster,Grand Rapids,Michigan,49544,US,43.0073,-85.7255,88795,Cruickshank-Kirlin,01/19/2025
223,Leif,Leckenby,lleckenby66@webs.com,Male,2006,Infiniti,QX,Columbia,South Carolina,29225,US,34.006,-80.9708,81586,Breitenberg-Cruickshank,04/20/2023
224,Calv,Dulling,cdulling67@yandex.ru,Male,1992,Volvo,960,Richmond,Virginia,23285,US,37.5242,-77.4932,60320,Conroy and Sons,01/31/2025
225,Jamey,Memory,jmemory68@craigslist.org,Male,1997,Honda,Prelude,Springfield,Illinois,62723,US,39.7495,-89.606,74987,"Veum, Kuphal and Mann",07/17/2022
226,Erl,Chong,echong69@senate.gov,Male,2007,Dodge,Nitro,Jamaica,New York,11407,US,40.6913,-73.8059,33151,"Purdy, Kerluke and Schaefer",02/14/2023
227,Kinnie,Milburne,kmilburne6a@adobe.com,Male,2011,Mercedes-Benz,G-Class,San Jose,California,95128,US,37.3163,-121.9356,44635,Windler LLC,11/04/2024
228,Jacki,Zamudio,jzamudio6b@yellowpages.com,Female,2012,Nissan,JUKE,Stockton,California,95210,US,38.025,-121.2972,51302,Carroll-Abernathy,09/16/2023
229,Bendick,Daffern,bdaffern6c@europa.eu,Bigender,2000,Kia,Sportage,Washington,District of Columbia,20409,US,38.8933,-77.0146,96656,Frami LLC,02/26/2023
230,Chadwick,Casson,ccasson6d@godaddy.com,Male,2005,Pontiac,Montana,Greensboro,North Carolina,27404,US,36.0807,-80.0244,82218,Smitham-Yost,06/25/2024
231,Sherwood,de Copeman,sdecopeman6e@jigsy.com,Male,1992,GMC,1500,Torrance,California,90505,US,33.8106,-118.3507,38425,Stanton-Schumm,11/05/2024
232,Mildred,Hazart,mhazart6f@psu.edu,Female,1996,Volkswagen,rio,Bismarck,North Dakota,58505,US,46.8165,-100.7805,55250,"DuBuque, Koch and Greenfelder",06/20/2024
233,Miltie,Deery,mdeery6g@simplemachines.org,Male,1995,Toyota,Avalon,Muncie,Indiana,47306,US,40.2023,-85.4082,62593,Pagac Group,09/15/2024
234,Clayton,Conkay,cconkay6h@acquirethisname.com,Male,1998,Dodge,Ram Van 1500,Colorado Springs,Colorado,80940,US,38.8247,-104.562,47148,Huel-Aufderhar,06/16/2022
235,Harmonie,Dows,hdows6i@nyu.edu,Female,1992,Mazda,MX-6,Dallas,Texas,75205,US,32.826,-96.7843,70074,Haley-Bruen,11/12/2023
236,Justino,Straneo,jstraneo6j@pinterest.com,Male,2010,Bentley,Azure,Kansas City,Missouri,64199,US,39.035,-94.3567,51581,Mayert-Kutch,06/23/2024
237,Tim,MacAindreis,tmacaindreis6k@ezinearticles.com,Male,2012,Hyundai,Veloster,Lancaster,California,93584,US,33.7866,-118.2987,75580,Dietrich and Sons,10/11/2023
238,Shelli,McCowen,smccowen6l@blinklist.com,Female,2005,Suzuki,Grand Vitara,Lubbock,Texas,79452,US,33.61,-101.8213,31501,"Marks, Feeney and Adams",12/24/2023
239,Sibel,Cuer,scuer6m@reddit.com,Female,2011,Audi,TT,Southfield,Michigan,48076,US,42.4981,-83.2058,88229,Heller and Sons,11/09/2023
240,Meade,Goosnell,mgoosnell6n@imdb.com,Male,2012,Mazda,Mazda5,Sacramento,California,95818,US,38.5568,-121.4929,43544,Harber Group,08/18/2024
241,Rayshell,Larham,rlarham6o@gov.uk,Agender,2002,Mercedes-Benz,SLK-Class,Pittsburgh,Pennsylvania,15274,US,40.4344,-80.0248,59219,"Farrell, Runolfsdottir and Walker",01/04/2025
242,Theodor,Blakden,tblakden6p@constantcontact.com,Male,2005,Nissan,Altima,Buffalo,New York,14233,US,42.7684,-78.8871,63584,Heidenreich Group,06/22/2024
243,Ewan,Dooher,edooher6q@google.es,Male,1998,Volkswagen,Golf,Anchorage,Alaska,99517,US,61.1901,-149.9361,52642,Jast and Sons,05/27/2022
244,Jeddy,Attride,jattride6r@hostgator.com,Male,2007,Mazda,Mazda6,Cedar Rapids,Iowa,52405,US,41.9804,-91.7098,87383,Yundt Inc,06/22/2023
245,Orlan,Vardie,ovardie6s@php.net,Male,2004,Suzuki,Forenza,Pasadena,California,91117,US,33.7866,-118.2987,93757,Kozey-Emard,06/27/2025
246,Felike,De Filippi,fdefilippi6t@answers.com,Male,2007,Ford,F-Series Super Duty,Fresno,California,93773,US,36.7464,-119.6397,99130,Russel-McDermott,09/12/2023
247,Shoshana,Gotthard,sgotthard6u@geocities.com,Polygender,2004,Mazda,Miata MX-5,Huntsville,Alabama,35810,US,34.7784,-86.6091,37565,Lebsack and Sons,03/04/2023
248,Tann,Gribbell,tgribbell6v@feedburner.com,Male,2004,Volkswagen,R32,San Diego,California,92170,US,33.0169,-116.846,41375,Spinka-Leffler,05/24/2022
249,Hammad,Tench,htench6w@usa.gov,Male,2003,Cadillac,Escalade ESV,Montgomery,Alabama,36119,US,32.2334,-86.2085,57220,Mraz-Leffler,01/03/2024
250,Hermie,Berisford,hberisford6x@netvibes.com,Male,2005,Kia,Amanti,Harrisburg,Pennsylvania,17140,US,40.3086,-76.8464,53078,Brakus LLC,07/05/2024
251,Selinda,Lodin,slodin6y@github.com,Female,1992,Lexus,ES,Littleton,Colorado,80126,US,39.5437,-104.9691,79414,Haley and Sons,01/12/2026
252,Diannne,Wethey,dwethey6z@privacy.gov.au,Female,1993,Volkswagen,Jetta,Washington,District of Columbia,20299,US,38.8933,-77.0146,31515,Barrows Inc,10/30/2025
253,Penelopa,Laurisch,plaurisch70@google.ru,Female,2009,Lincoln,Navigator L,Manassas,Virginia,22111,US,38.7202,-77.4391,70356,"Klocko, Wolff and Stokes",02/06/2025
254,Christine,Tilberry,ctilberry71@ustream.tv,Female,2001,Chevrolet,Suburban 1500,Savannah,Georgia,31422,US,31.9714,-81.0716,79919,Fritsch-Casper,01/19/2023
255,Rog,Tinsley,rtinsley72@hibu.com,Male,1996,Nissan,Quest,Raleigh,North Carolina,27621,US,35.7977,-78.6253,96420,Satterfield-Ritchie,12/19/2024
256,Nadia,Lightwing,nlightwing73@bravesites.com,Genderfluid,1994,GMC,1500,Sacramento,California,95818,US,38.5568,-121.4929,65890,"Kovacek, Emmerich and Kulas",09/24/2022
257,Kim,Yearron,kyearron74@dyndns.org,Female,2000,Nissan,Altima,Tacoma,Washington,98424,US,47.2325,-122.3594,64318,"Morar, Schuppe and Grady",12/20/2024
258,Wayne,Klemt,wklemt75@a8.net,Male,2013,Chevrolet,Cruze,Trenton,New Jersey,08603,US,40.2805,-74.712,45018,"Murphy, O'Connell and Wunsch",05/03/2022
259,Virgie,Sambals,vsambals76@microsoft.com,Male,2004,BMW,745,Stockton,California,95219,US,38.01,-121.3698,40747,Kuhn LLC,05/21/2023
260,Sheryl,Sitlington,ssitlington77@auda.org.au,Female,2006,Subaru,Tribeca,Kansas City,Missouri,64144,US,39.2829,-94.409,98828,O'Conner-Gorczany,10/07/2024
261,Fredra,Hayhoe,fhayhoe78@arizona.edu,Female,2004,Hyundai,XG350,Mobile,Alabama,36610,US,30.7309,-88.0789,43059,McClure LLC,10/25/2022
262,Rickert,Dewdeny,rdewdeny79@tripod.com,Male,1994,GMC,Yukon,Fort Lauderdale,Florida,33330,US,26.0663,-80.3339,35418,"Bruen, King and Schultz",11/11/2023
263,Kai,Liddall,kliddall7a@usa.gov,Female,2008,Chevrolet,Cobalt SS,San Diego,California,92153,US,33.0169,-116.846,33309,Miller-Dach,06/02/2023
264,Johannah,Hould,jhould7b@bandcamp.com,Female,1995,Chevrolet,3500,Santa Ana,California,92725,US,33.7465,-117.8662,97259,Weber Group,04/09/2022
265,Hally,Gooderham,hgooderham7c@ning.com,Female,2008,Suzuki,XL-7,Salt Lake City,Utah,84170,US,40.6681,-111.9083,82648,Pollich LLC,12/26/2024
266,Shellysheldon,Kinchlea,skinchlea7d@marriott.com,Male,2006,Ford,E-350 Super Duty,San Francisco,California,94110,US,37.7509,-122.4153,88832,Conn and Sons,03/02/2022
267,Abbe,Dahl,adahl7e@t.co,Female,2005,Saab,9-5,Toledo,Ohio,43605,US,41.6525,-83.5085,71853,Collins and Sons,12/01/2024
268,Kalie,McCaughey,kmccaughey7f@ed.gov,Female,2009,Jaguar,XK,New Orleans,Louisiana,70149,US,30.033,-89.8826,35265,"Welch, Deckow and Hodkiewicz",01/31/2023
269,Joyce,Conford,jconford7g@sciencedirect.com,Female,2001,Mazda,Millenia,Washington,District of Columbia,20005,US,38.9067,-77.0312,42060,Thiel-Yost,01/15/2024
270,Luce,Lowell,llowell7h@digg.com,Male,2013,Chevrolet,Cruze,Pasadena,California,91109,US,33.7866,-118.2987,75794,Block LLC,03/22/2022
271,Monty,Hammon,mhammon7i@wordpress.org,Male,1994,Oldsmobile,Bravada,Erie,Pennsylvania,16522,US,42.1827,-80.0649,75421,Kunze-Flatley,03/18/2025
272,Philomena,Lockless,plockless7j@rambler.ru,Female,2004,Lexus,GX,Santa Monica,California,90410,US,33.7866,-118.2987,51480,"Davis, Leuschke and Raynor",06/22/2023
273,Minnie,Segoe,msegoe7k@usda.gov,Female,2006,Ford,F-Series,Anchorage,Alaska,99512,US,61.204,-149.8084,80392,Stamm LLC,03/17/2024
274,Gerrie,Pautard,gpautard7l@purevolume.com,Female,2008,Dodge,Grand Caravan,Oklahoma City,Oklahoma,73119,US,35.421,-97.5616,94888,Pacocha-Padberg,12/05/2022
275,Lelah,Ziehm,lziehm7m@deviantart.com,Female,2010,Saab,9-5,Lincoln,Nebraska,68524,US,40.8529,-96.7943,34758,Weimann and Sons,09/28/2025
276,Marcelle,Foulcher,mfoulcher7n@linkedin.com,Female,2002,Infiniti,QX,Tampa,Florida,33680,US,27.872,-82.4388,81481,"Volkman, Goyette and Dare",10/08/2022
277,Frankie,Miguet,fmiguet7o@utexas.edu,Male,1997,Dodge,Ram 1500 Club,Alhambra,California,91841,US,33.7866,-118.2987,85579,"Wilkinson, Rutherford and Purdy",07/25/2022
278,Mayor,Dami,mdami7p@cornell.edu,Male,2003,Volkswagen,Jetta,San Diego,California,92127,US,33.0279,-117.0856,95957,Klocko Inc,09/12/2025
279,Melessa,Hauxley,mhauxley7q@arstechnica.com,Female,2012,Infiniti,G,Dallas,Texas,75353,US,32.7673,-96.7776,66027,"Parker, Kozey and Conroy",01/28/2023
280,Lenore,Coultass,lcoultass7r@utexas.edu,Female,1995,Kia,Sportage,Great Neck,New York,11024,US,40.8171,-73.7416,67826,Kirlin LLC,06/28/2024
281,Erna,Schimon,eschimon7s@blinklist.com,Female,2009,Porsche,911,Jacksonville,Florida,32225,US,30.351,-81.5061,83146,"Langworth, Turner and Bogan",03/23/2024
282,Karole,McKinless,kmckinless7t@technorati.com,Female,1995,Dodge,Viper RT/10,Edmond,Oklahoma,73034,US,35.6665,-97.4798,81558,"Gerhold, Ritchie and VonRueden",07/18/2024
283,Edi,Blair,eblair7u@dmoz.org,Genderfluid,2005,BMW,X3,Denver,Colorado,80270,US,39.7388,-104.4083,71171,Herman LLC,01/25/2025
284,Alfredo,Sor,asor7v@cbslocal.com,Male,2004,Toyota,Solara,Bozeman,Montana,59771,US,45.7246,-111.1238,56638,Dicki and Sons,06/23/2025
285,Denise,Costelow,dcostelow7w@tinypic.com,Genderqueer,2001,Volkswagen,Passat,Grand Forks,North Dakota,58207,US,47.9335,-97.3944,71703,Windler-Heaney,01/20/2023
286,Aleen,Brissenden,abrissenden7x@ucsd.edu,Female,1967,Chevrolet,Corvette,Denver,Colorado,80204,US,39.734,-105.0259,49319,"Ryan, Hermiston and Nader",05/02/2023
287,Corissa,Bridel,cbridel7y@yellowbook.com,Female,2003,Toyota,Corolla,New York City,New York,10115,US,40.8111,-73.9642,73887,VonRueden and Sons,10/28/2025
288,Kristofer,Kingdon,kkingdon7z@mapquest.com,Male,2012,Ford,Taurus,Amarillo,Texas,79105,US,35.4015,-101.8951,73519,"Okuneva, Schiller and Steuber",08/08/2023
289,Marijo,Inderwick,minderwick80@theguardian.com,Female,1989,Pontiac,Sunbird,Washington,District of Columbia,20414,US,38.884,-77.0221,37675,Moen-Gottlieb,06/06/2024
290,Minnie,Picopp,mpicopp81@i2i.jp,Female,1994,Ford,Econoline E350,Washington,District of Columbia,20520,US,38.8932,-77.049,45640,Carter Group,10/29/2023
291,Jany,Gotliffe,jgotliffe82@un.org,Female,2002,Toyota,Corolla,White Plains,New York,10606,US,41.0247,-73.7781,36546,"Goodwin, Kassulke and Beier",09/28/2024
292,Gabi,Littlechild,glittlechild83@godaddy.com,Male,2001,Toyota,Celica,Saint Louis,Missouri,63150,US,38.6531,-90.2435,52467,O'Reilly LLC,02/13/2025
293,Gnni,Morcomb,gmorcomb84@51.la,Female,2011,Toyota,Camry Hybrid,Newark,Delaware,19725,US,39.5645,-75.597,53824,"Abshire, Goodwin and Johnston",05/28/2022
294,Ariel,Dahmke,adahmke85@huffingtonpost.com,Male,1997,Toyota,Corolla,Amarillo,Texas,79159,US,35.216,-102.0714,84142,Kunze Inc,01/17/2024
295,Jone,Chatain,jchatain86@webeden.co.uk,Male,2008,BMW,3 Series,Greenville,South Carolina,29615,US,34.8661,-82.3198,98299,Bogan Inc,04/29/2023
296,Sigismund,Hemphill,shemphill87@nih.gov,Male,2005,Subaru,Baja,Baltimore,Maryland,21275,US,39.2847,-76.6205,52138,"Frami, Kuvalis and Armstrong",10/16/2022
297,Minnaminnie,Mar,mmar88@tiny.cc,Female,2013,Hyundai,Veloster,Boise,Idaho,83732,US,43.4599,-116.244,66170,"D'Amore, Murray and Kling",12/12/2024
298,Deeanne,Stovine,dstovine89@nps.gov,Female,2008,Honda,S2000,Norcross,Georgia,30092,US,33.9677,-84.2438,45757,Waters LLC,06/07/2023
299,Sarajane,Bootman,sbootman8a@github.io,Polygender,2003,Toyota,RAV4,Oklahoma City,Oklahoma,73179,US,35.4242,-97.6547,59676,"Okuneva, Mraz and Purdy",07/02/2024
300,Obed,Maior,omaior8b@cisco.com,Male,1999,Buick,Riviera,Las Vegas,Nevada,89150,US,35.9279,-114.9721,87734,Pacocha-Auer,11/20/2022
301,Sib,Jakubowsky,sjakubowsky8c@phpbb.com,Female,1989,Ford,Probe,Erie,Pennsylvania,16550,US,42.1827,-80.0649,65768,Schroeder Group,12/12/2023
302,Mersey,Barrow,mbarrow8d@deviantart.com,Female,2003,Honda,Element,Baton Rouge,Louisiana,70894,US,30.5159,-91.0804,34157,"Orn, Mitchell and Satterfield",08/22/2023
303,Nicoli,Jelly,njelly8e@quantcast.com,Female,2001,Ford,Taurus,Tallahassee,Florida,32314,US,30.4793,-84.3462,62243,Stoltenberg LLC,02/21/2024
304,Artair,O'Dowd,aodowd8f@cafepress.com,Male,2003,Ford,Windstar,Montpelier,Vermont,05609,US,44.2595,-72.585,87145,Swift Group,03/19/2023
305,Mayne,Frankiss,mfrankiss8g@wikimedia.org,Male,1995,Oldsmobile,Cutlass Supreme,Tampa,Florida,33694,US,27.872,-82.4388,70647,Hirthe-Murazik,10/08/2023
306,Kristan,Lujan,klujan8h@homestead.com,Female,2005,Volvo,V50,Houston,Texas,77045,US,29.6297,-95.4382,52657,Parisian-Kub,02/15/2024
307,Terra,Le Grand,tlegrand8i@merriam-webster.com,Agender,2002,GMC,Safari,Memphis,Tennessee,38168,US,35.2017,-89.9715,73734,Bechtelar Group,06/23/2025
308,Irwinn,Balderstone,ibalderstone8j@forbes.com,Male,1985,Pontiac,6000,Bowie,Maryland,20719,US,38.8336,-76.8777,34336,Murazik LLC,11/30/2022
309,Gilburt,Boydell,gboydell8k@cpanel.net,Male,2010,Pontiac,G3,Springfield,Illinois,62718,US,39.778,-89.6466,89313,Heathcote-Wolff,08/20/2025
310,Meade,Hassett,mhassett8l@va.gov,Male,1996,Dodge,Stratus,Migrate,Kentucky,41905,US,38.0638,-84.5027,81483,Ryan and Sons,11/28/2024
311,Rheta,Scrine,rscrine8m@cnet.com,Female,2005,Toyota,Prius,Beaverton,Oregon,97075,US,45.5486,-123.1147,86434,"Steuber, Bernier and Cole",01/25/2026
312,Amos,Dudek,adudek8n@harvard.edu,Non-binary,1967,Ford,Thunderbird,Fort Smith,Arkansas,72905,US,35.191,-94.2382,81960,Dare-Lynch,06/30/2023
313,Alfie,Battleson,abattleson8o@discovery.com,Female,1988,Buick,Electra,Los Angeles,California,90030,US,33.7866,-118.2987,67553,Carter Inc,03/04/2023
314,Cristina,Patrone,cpatrone8p@aboutads.info,Female,2011,BMW,X5 M,Long Beach,California,90805,US,33.8635,-118.1801,44579,Reichert-Stanton,06/28/2023
315,Berty,Clowton,bclowton8q@so-net.ne.jp,Female,1993,Dodge,D350 Club,Austin,Texas,78703,US,30.2907,-97.7648,48065,Luettgen-Parker,08/20/2023
316,Bink,Sholl,bsholl8r@sourceforge.net,Male,1998,Volkswagen,New Beetle,Chicago,Illinois,60657,US,41.9399,-87.6528,89059,"Swaniawski, Buckridge and DuBuque",02/03/2025
317,Kendricks,Kliemann,kkliemann8s@reuters.com,Male,2005,Volvo,XC70,Washington,District of Columbia,20535,US,38.8941,-77.0251,97548,Skiles-Collier,10/12/2025
318,Adolpho,Latour,alatour8t@businesswire.com,Male,2003,Mercedes-Benz,CLK-Class,Richmond,Virginia,23293,US,37.5242,-77.4932,33035,"Rice, Mitchell and Boehm",02/05/2023
319,Tadeas,Branchett,tbranchett8u@diigo.com,Male,1962,Pontiac,Grand Prix,Asheville,North Carolina,28805,US,35.6004,-82.4918,53359,Gerhold-Kunze,07/05/2023
320,Denys,Kesey,dkesey8v@icq.com,Female,2011,Land Rover,Range Rover,Dallas,Texas,75387,US,32.7673,-96.7776,98659,Schmitt-Gleichner,07/22/2022
321,Billi,Sedworth,bsedworth8w@businesswire.com,Female,2000,Dodge,Durango,Greensboro,North Carolina,27425,US,36.0807,-80.0244,40218,"Schaden, Crona and Breitenberg",12/16/2024
322,Juanita,Gare,jgare8x@multiply.com,Female,2000,GMC,Sierra 2500,Montgomery,Alabama,36119,US,32.2334,-86.2085,46014,"Lindgren, Kuvalis and Ledner",04/01/2023
323,Concettina,Hambleton,chambleton8y@is.gd,Female,2011,Mitsubishi,Lancer Evolution,Columbus,Georgia,31914,US,32.491,-84.8741,74212,Krajcik-McGlynn,07/08/2025
324,Ingamar,Gwillim,igwillim8z@boston.com,Male,1996,Chevrolet,1500,Washington,District of Columbia,20566,US,38.8971,-77.0554,88399,Bauch LLC,01/14/2026
325,Peg,Mazonowicz,pmazonowicz90@cpanel.net,Female,2012,Ford,Taurus,Detroit,Michigan,48275,US,42.2399,-83.1508,50290,Schmitt Inc,03/31/2022
326,Garv,Duggary,gduggary91@wired.com,Male,1994,Toyota,T100,Northridge,California,91328,US,33.7866,-118.2987,64270,Hamill LLC,09/28/2023
327,Willy,Moraleda,wmoraleda92@walmart.com,Male,1995,GMC,Suburban 1500,Mountain View,California,94042,US,37.1894,-121.7053,41431,Donnelly-Koch,03/16/2024
328,Rita,Wreford,rwreford93@flickr.com,Female,1999,Audi,A8,Billings,Montana,59112,US,45.9783,-108.1945,50564,Ziemann-Ebert,08/14/2025
329,Toddy,Mackleden,tmackleden94@google.de,Male,2010,Dodge,Viper,Bakersfield,California,93386,US,35.2944,-118.9052,94995,Leuschke Group,01/13/2025
330,Bord,Pettinger,bpettinger95@twitter.com,Male,2009,Chevrolet,Silverado 1500,West Hartford,Connecticut,06127,US,41.7918,-72.7188,95719,Ritchie LLC,10/11/2023
331,Chev,Fane,cfane96@shareasale.com,Male,2007,BMW,7 Series,Washington,District of Columbia,20210,US,38.8933,-77.0146,71629,"Frami, Renner and Bauch",10/21/2025
332,Gale,Piris,gpiris97@vinaora.com,Female,2006,Ford,F-250 Super Duty,Birmingham,Alabama,35244,US,33.3538,-86.8254,75532,Fisher Inc,11/11/2022
333,Alica,Maliphant,amaliphant98@fotki.com,Female,1994,BMW,8 Series,Torrance,California,90505,US,33.8106,-118.3507,74375,"Prohaska, Barton and Sporer",11/21/2023
334,Mitchel,MacAnellye,mmacanellye99@cyberchimps.com,Male,1996,Mercedes-Benz,S-Class,Spokane,Washington,99220,US,47.6536,-117.4317,37673,Renner and Sons,06/02/2025
335,Rheta,Salleir,rsalleir9a@eepurl.com,Female,2011,Audi,S6,Arlington,Virginia,22225,US,38.8808,-77.113,97318,Hartmann-Considine,10/23/2025
336,Dillon,Mullineux,dmullineux9b@rambler.ru,Male,2001,GMC,Savana 1500,Colorado Springs,Colorado,80905,US,38.8377,-104.837,64304,Gutmann LLC,12/28/2024
337,Berk,Rolin,brolin9c@who.int,Male,2009,Scion,xB,Baltimore,Maryland,21290,US,39.2933,-76.6238,56527,Schmitt Group,07/07/2023
338,Willow,Yarnell,wyarnell9d@wikia.com,Female,2006,Infiniti,Q,Houston,Texas,77288,US,29.834,-95.4342,50139,Johnston LLC,09/16/2025
339,Giselbert,Cominotti,gcominotti9e@bing.com,Male,2000,Porsche,911,Newton,Massachusetts,02458,US,42.3528,-71.1875,88895,Corwin-Rath,04/29/2025
340,Patsy,Tunnoch,ptunnoch9f@sina.com.cn,Female,2010,Land Rover,Range Rover Sport,San Francisco,California,94142,US,37.7848,-122.7278,39186,Ullrich-Weissnat,05/27/2024
341,Meaghan,Round,mround9g@blogger.com,Female,2011,Chevrolet,Avalanche,Chicago,Illinois,60614,US,41.9229,-87.6483,40175,"Feil, Schuster and McKenzie",03/25/2025
342,Devonne,Stanistrete,dstanistrete9h@nasa.gov,Female,1976,Plymouth,Volare,Madison,Wisconsin,53716,US,43.0631,-89.3133,80363,Hyatt-Cummerata,01/22/2024
343,Elisha,Van Rembrandt,evanrembrandt9i@wiley.com,Female,2010,Chrysler,Sebring,Canton,Ohio,44705,US,40.8259,-81.3399,70645,"Renner, O'Reilly and Wolf",05/26/2025
344,Richard,Chatfield,rchatfield9j@topsy.com,Male,1996,Mitsubishi,Mighty Max,Montgomery,Alabama,36134,US,32.2334,-86.2085,89424,"Gerhold, Dicki and Satterfield",10/08/2025
345,Reece,Lednor,rlednor9k@angelfire.com,Male,2001,Lexus,LX,Newark,New Jersey,07104,US,40.7664,-74.1695,49767,"Block, Homenick and Will",03/21/2024
346,Mersey,Ravens,mravens9l@sbwire.com,Female,1991,Mitsubishi,Chariot,Baltimore,Maryland,21203,US,39.2847,-76.6205,46158,"Kertzmann, Streich and Hartmann",08/20/2022
347,Warden,Bram,wbram9m@mediafire.com,Male,2012,Lexus,LS,Lake Charles,Louisiana,70607,US,30.1244,-93.1835,75396,"Heaney, Weissnat and Zemlak",11/09/2022
348,Melinda,Applebee,mapplebee9n@miitbeian.gov.cn,Female,2008,Saturn,VUE,Memphis,Tennessee,38104,US,35.1334,-90.0046,85583,"Pollich, Gerlach and Reilly",11/23/2023
349,Zorine,Grimmert,zgrimmert9o@acquirethisname.com,Female,1993,Volvo,850,Crawfordsville,Indiana,47937,US,40.04,-86.8936,96681,Zulauf Group,12/20/2022
350,Anderea,Choppen,achoppen9p@walmart.com,Female,2001,Toyota,Prius,Buffalo,New York,14220,US,42.8441,-78.8182,64563,Kuphal-Corwin,03/21/2022
351,Tamma,Madgwick,tmadgwick9q@goodreads.com,Female,1994,Plymouth,Colt,Aurora,Illinois,60505,US,41.7582,-88.2971,82704,Brakus Group,09/23/2022
352,Paquito,Summers,psummers9r@admin.ch,Male,1992,GMC,Suburban 1500,Amarillo,Texas,79116,US,35.2454,-101.999,80752,Stanton Inc,01/04/2023
353,Dave,Olenichev,dolenichev9s@biblegateway.com,Male,1994,Mazda,323,Chesapeake,Virginia,23324,US,36.8056,-76.2666,46600,Monahan-Corkery,10/02/2025
354,Morty,Hellier,mhellier9t@typepad.com,Male,2010,Ferrari,458 Italia,Washington,District of Columbia,56944,US,38.8952,-77.0365,66364,"McLaughlin, Kautzer and Skiles",10/21/2025
355,Marlon,Docwra,mdocwra9u@sogou.com,Male,1986,Mazda,Familia,Washington,District of Columbia,20067,US,38.8933,-77.0146,64739,Bogan Group,03/18/2022
356,Markus,Fretwell,mfretwell9v@chron.com,Male,1995,Mazda,B-Series Plus,Evansville,Indiana,47737,US,37.9971,-87.575,90154,O'Keefe-Becker,09/27/2023
357,Loni,Simmgen,lsimmgen9w@vistaprint.com,Female,2001,Volkswagen,Eurovan,Mobile,Alabama,36622,US,30.6589,-88.178,85453,Hackett and Sons,06/11/2024
358,Lem,Burney,lburney9x@skyrock.com,Male,2002,Jeep,Liberty,Peoria,Illinois,61635,US,40.7442,-89.7184,92639,"Balistreri, Dach and Weimann",06/29/2022
359,Mikel,Phonix,mphonix9y@cargocollective.com,Male,2009,Scion,xB,Jefferson City,Missouri,65105,US,38.5309,-92.2493,77256,Willms-Nolan,10/09/2022
360,Rosamund,Wastling,rwastling9z@com.com,Female,1996,Mitsubishi,Mighty Max,London,Kentucky,40745,US,37.1376,-84.1156,67695,"Jast, Hauck and Bahringer",01/10/2023
361,Jacquetta,Pendrick,jpendricka0@smh.com.au,Female,2012,Audi,Q5,Port Saint Lucie,Florida,34985,US,27.3822,-80.409,67223,Feil-Hilpert,05/10/2024
362,Forester,Cockram,fcockrama1@printfriendly.com,Agender,2008,Volkswagen,Passat,Sandy,Utah,84093,US,40.5927,-111.831,63956,"Stanton, Conroy and Donnelly",04/23/2023
363,Orlando,Chaston,ochastona2@icio.us,Male,2012,Lincoln,MKX,Syracuse,New York,13217,US,43.0214,-76.1977,40124,"Botsford, Stiedemann and Hilll",05/14/2024
364,Jaymie,Hehnke,jhehnkea3@patch.com,Polygender,2007,Toyota,Yaris,Lincoln,Nebraska,68524,US,40.8529,-96.7943,75160,"Hickle, Thompson and Fritsch",06/17/2022
365,Lesya,Paish,lpaisha4@java.com,Female,1996,Toyota,RAV4,Birmingham,Alabama,35244,US,33.3538,-86.8254,98193,"Feil, Braun and Balistreri",08/26/2024
366,Elora,Vanlint,evanlinta5@smugmug.com,Female,2012,Nissan,NV3500,Wichita,Kansas,67220,US,37.7667,-97.2805,44391,Zemlak-Schaden,01/31/2025
367,Malvina,Quail,mquaila6@barnesandnoble.com,Polygender,1988,Volkswagen,Cabriolet,Dallas,Texas,75287,US,33.0005,-96.8314,68674,Hickle-Balistreri,01/24/2024
368,Kathye,Ellul,kellula7@domainmarket.com,Female,2007,Buick,Rendezvous,Atlanta,Georgia,30356,US,33.8913,-84.0746,64696,Kovacek-Stroman,06/24/2022
369,Leland,Cornelissen,lcornelissena8@istockphoto.com,Female,1986,Buick,Skylark,Huntington,West Virginia,25716,US,38.4134,-82.2774,41580,Reichert LLC,04/16/2024
370,Torrence,Collete,tcolletea9@jimdo.com,Male,2009,Chevrolet,Express 2500,Colorado Springs,Colorado,80925,US,38.7378,-104.6459,34908,Buckridge-Schulist,06/08/2022
371,Milissent,Jelliman,mjellimanaa@nationalgeographic.com,Female,2009,Saturn,Astra,Lake Worth,Florida,33462,US,26.5747,-80.0794,72106,"Schimmel, Kutch and Hirthe",09/14/2024
372,Burt,Gimenez,bgimenezab@utexas.edu,Male,2004,Lexus,IS,Bethlehem,Pennsylvania,18018,US,40.6278,-75.3928,56713,"Dicki, Hickle and Baumbach",05/24/2023
373,Randi,Pauletti,rpaulettiac@google.pl,Male,2012,Buick,LaCrosse,Lynchburg,Virginia,24503,US,37.4376,-79.205,70862,"Pfannerstill, Baumbach and Pfeffer",02/26/2022
374,Maryrose,Reinbach,mreinbachad@walmart.com,Female,2002,Jaguar,XK Series,Atlanta,Georgia,30356,US,33.8913,-84.0746,42155,Price-McCullough,07/25/2022
375,Allene,Becarra,abecarraae@opera.com,Female,2012,Jeep,Grand Cherokee,Miami,Florida,33129,US,25.7559,-80.2013,55480,Boehm-Zboncak,10/16/2025
376,Edin,Orto,eortoaf@aol.com,Female,2004,Lexus,IS,Indianapolis,Indiana,46226,US,39.8326,-86.0836,41656,"Hudson, Armstrong and Berge",05/04/2024
377,Cyril,Sizey,csizeyag@gov.uk,Male,1995,Buick,Roadmaster,Richmond,Virginia,23237,US,37.4011,-77.4615,33174,Muller and Sons,07/11/2025
378,Kleon,Lilburne,klilburneah@patch.com,Non-binary,1995,Geo,Prizm,Little Rock,Arkansas,72215,US,34.7519,-92.3925,39808,Schultz-Bergstrom,01/29/2025
379,Kevan,Lente,klenteai@spotify.com,Male,1993,Ford,Crown Victoria,Chandler,Arizona,85246,US,33.2765,-112.1872,89864,Bechtelar-Haley,04/06/2022
380,Shandie,Cuschieri,scuschieriaj@godaddy.com,Female,2012,Jeep,Patriot,Phoenix,Arizona,85099,US,33.2765,-112.1872,85507,Anderson-O'Keefe,04/13/2024
381,Mel,Reiach,mreiachak@istockphoto.com,Male,2012,Hyundai,Veloster,Cincinnati,Ohio,45296,US,39.1668,-84.5382,32773,Simonis LLC,12/30/2023
382,Norbert,Horsefield,nhorsefieldal@wp.com,Male,2006,Nissan,Titan,Conroe,Texas,77305,US,30.2906,-95.3832,95112,Pollich Inc,01/09/2023
383,Woodie,Thornthwaite,wthornthwaiteam@wired.com,Male,1993,Volvo,850,Oklahoma City,Oklahoma,73104,US,35.4794,-97.5017,43848,Baumbach-Bartell,06/13/2024
384,Kimbell,Cariss,kcarissan@arizona.edu,Male,2000,Isuzu,Rodeo,Philadelphia,Pennsylvania,19146,US,39.9379,-75.1794,45854,Boyer-Dooley,12/07/2023
385,Francine,De Ambrosi,fdeambrosiao@liveinternet.ru,Female,1992,Dodge,Dynasty,Ocala,Florida,34479,US,29.2541,-82.1095,99398,"Metz, Grady and Heaney",12/04/2025
386,Kathe,Folland,kfollandap@wp.com,Female,1998,Mercedes-Benz,SLK-Class,Cleveland,Ohio,44105,US,41.4509,-81.619,60599,Wehner Group,03/09/2024
387,Frederico,Cottill,fcottillaq@archive.org,Male,2006,Nissan,Armada,Washington,District of Columbia,20205,US,38.905,-77.0162,36727,"Wolf, Graham and Muller",12/30/2022
388,Yvonne,Voyce,yvoycear@phpbb.com,Bigender,2009,Saturn,Astra,Philadelphia,Pennsylvania,19093,US,40.0018,-75.1179,55077,Windler and Sons,06/23/2023
389,Rhea,Artus,rartusas@spotify.com,Female,2011,Toyota,Tacoma,Kent,Washington,98042,US,47.368,-122.1206,99969,"Boyle, Fay and Bahringer",03/04/2023
390,Laurens,Duffield,lduffieldat@wikia.com,Male,1996,Dodge,Ram 3500 Club,Waterbury,Connecticut,06721,US,41.3657,-72.9275,60441,Kihn and Sons,06/25/2023
391,Nikolaos,Emerine,nemerineau@i2i.jp,Male,1999,Corbin,Sparrow,Pittsburgh,Pennsylvania,15274,US,40.4344,-80.0248,92765,"Veum, Jaskolski and Beier",10/09/2025
392,Rockwell,Escott,rescottav@usnews.com,Male,2000,Infiniti,Q,San Bernardino,California,92415,US,34.84,-115.9671,36628,Koepp and Sons,07/25/2024
393,Marjie,Ockenden,mockendenaw@github.io,Female,2006,BMW,550,El Paso,Texas,88553,US,31.6948,-106.3,84005,Kub-Pouros,11/26/2023
394,Karon,Tappor,ktapporax@slideshare.net,Female,1995,Audi,A6,Austin,Texas,78703,US,30.2907,-97.7648,87543,"Langworth, Kilback and Kuhlman",04/12/2024
395,Koren,Litel,klitelay@gmpg.org,Female,1999,Porsche,Boxster,Saint Paul,Minnesota,55127,US,45.0803,-93.0875,84784,Pollich and Sons,02/22/2023
396,Kinny,Fishlee,kfishleeaz@miitbeian.gov.cn,Genderfluid,2010,Lexus,RX Hybrid,Raleigh,North Carolina,27621,US,35.7977,-78.6253,67852,Stiedemann-McCullough,01/05/2026
397,Thurstan,Bould,tbouldb0@parallels.com,Male,2006,Mercury,Monterey,Dallas,Texas,75226,US,32.7887,-96.7676,90359,Hirthe Inc,12/03/2023
398,Deeann,Boyland,dboylandb1@europa.eu,Female,2003,Audi,S6,West Palm Beach,Florida,33405,US,26.67,-80.0582,54942,"Weissnat, Greenholt and Bartell",06/19/2022
399,Griselda,Richichi,grichichib2@engadget.com,Female,1989,Honda,Accord,Kansas City,Missouri,64114,US,38.9621,-94.5959,81694,Green Group,09/08/2024
400,Franny,Loughney,floughneyb3@cisco.com,Male,1977,Pontiac,Grand Prix,Oklahoma City,Oklahoma,73142,US,35.599,-97.6251,93418,Doyle-Gusikowski,06/18/2025
401,Wallache,Bestwerthick,wbestwerthickb4@adobe.com,Male,1984,Mercury,Cougar,Oklahoma City,Oklahoma,73179,US,35.4242,-97.6547,67924,Ledner-Lockman,02/28/2025
402,Malva,Gantzer,mgantzerb5@blogger.com,Female,2011,Ford,F450,Denver,Colorado,80291,US,39.7439,-104.9876,92713,Hane Group,03/07/2023
403,Maggi,Arro,marrob6@goodreads.com,Female,2007,Audi,S8,Glendale,California,91210,US,33.7866,-118.2987,73710,Kassulke LLC,01/28/2024
404,Natty,Adderley,nadderleyb7@miitbeian.gov.cn,Female,1997,Chevrolet,Malibu,Wilmington,Delaware,19805,US,39.7434,-75.5827,96026,Beier-Homenick,09/08/2023
405,Annnora,Slimm,aslimmb8@ow.ly,Female,2005,Audi,A8,Colorado Springs,Colorado,80951,US,38.8881,-104.6556,79599,Rosenbaum Group,07/29/2022
406,Amie,Bartholomaus,abartholomausb9@weather.com,Female,2012,MINI,Clubman,Glendale,California,91210,US,33.7866,-118.2987,97020,Fadel LLC,06/29/2023
407,Micah,Berick,mberickba@symantec.com,Male,2010,Honda,CR-V,Virginia Beach,Virginia,23471,US,36.7957,-76.0126,91681,Fahey-Kohler,11/20/2022
408,Laurie,Cornall,lcornallbb@toplist.cz,Female,2012,Ford,Fiesta,San Bernardino,California,92405,US,34.1446,-117.3013,59857,Hammes-Conn,09/09/2024
409,Yurik,Adkins,yadkinsbc@t-online.de,Male,1993,Mitsubishi,Diamante,Paterson,New Jersey,07522,US,40.9252,-74.1781,42300,Friesen-Greenholt,04/02/2024
410,Antoine,Wardel,awardelbd@amazonaws.com,Male,1989,Buick,Riviera,Davenport,Iowa,52809,US,41.613,-90.6063,99712,"Morissette, Wyman and Fay",08/26/2024
411,Adrea,Files,afilesbe@nydailynews.com,Female,1994,Audi,Quattro,Fresno,California,93773,US,36.7464,-119.6397,34389,"Carter, O'Conner and Lockman",12/16/2025
412,Matty,Cornes,mcornesbf@amazon.co.jp,Male,2010,Dodge,Journey,Reno,Nevada,89505,US,39.5224,-119.8353,88333,Walter-Heathcote,01/04/2024
413,Anne-marie,Danigel,adanigelbg@github.com,Female,2008,Mazda,MX-5,Winston Salem,North Carolina,27105,US,36.144,-80.2376,43627,Wisoky-Jenkins,08/22/2022
414,Brandtr,Longthorne,blongthornebh@state.tx.us,Male,1997,Mitsubishi,GTO,Los Angeles,California,90015,US,34.0434,-118.2716,66924,Hammes Group,06/08/2023
415,Freedman,Sleith,fsleithbi@jimdo.com,Male,2005,Cadillac,STS,Portland,Oregon,97201,US,45.5078,-122.6897,30401,"Cummings, Zulauf and Hilpert",04/24/2023
416,Lucho,Trotter,ltrotterbj@mozilla.org,Male,1998,Volkswagen,Cabriolet,Houston,Texas,77095,US,29.8941,-95.6481,58179,Wyman Inc,02/21/2024
417,Neile,Rigolle,nrigollebk@webs.com,Female,1991,Lotus,Elan,Richmond,Virginia,23225,US,37.5158,-77.5047,40044,Murazik Inc,07/18/2023
418,Denis,Deeth,ddeethbl@unicef.org,Male,1992,Dodge,D250 Club,San Diego,California,92105,US,32.7423,-117.0947,36521,Herzog LLC,08/02/2025
419,Quintilla,Esler,qeslerbm@spiegel.de,Female,2012,Mercedes-Benz,SL-Class,Milwaukee,Wisconsin,53220,US,42.9559,-87.9933,93062,Roob and Sons,02/27/2025
420,Vannie,Dayes,vdayesbn@icq.com,Genderqueer,2007,Honda,Civic,White Plains,New York,10633,US,41.119,-73.733,65957,Greenfelder-Kunze,12/25/2025
421,Cassandra,De Dei,cdedeibo@webnode.com,Female,2008,Land Rover,Range Rover Sport,Portland,Oregon,97232,US,45.5287,-122.6363,63109,"Ratke, Maggio and Conn",10/11/2025
422,Afton,Danilchik,adanilchikbp@clickbank.net,Female,2006,Chevrolet,HHR,Miami,Florida,33233,US,25.5584,-80.4582,78480,"Bins, Kassulke and Homenick",12/25/2024
423,Willamina,Cherm,wchermbq@dell.com,Female,2008,Acura,RDX,Bloomington,Indiana,47405,US,39.1682,-86.5186,58959,Jerde LLC,06/27/2022
424,Siana,Chaloner,schalonerbr@twitter.com,Genderqueer,2005,GMC,Envoy XL,Austin,Texas,78754,US,30.3423,-97.6673,64686,"Gleason, Schmeler and Funk",01/12/2026
425,Wakefield,Wallas,wwallasbs@globo.com,Male,2009,Mitsubishi,Galant,Birmingham,Alabama,35295,US,33.5446,-86.9292,55840,Kessler and Sons,06/27/2023
426,Shawnee,Webley,swebleybt@nasa.gov,Female,1991,Ford,Escort,Zephyrhills,Florida,33543,US,28.2059,-82.3063,92208,Harris-Jaskolski,01/25/2024
427,Christophorus,Placidi,cplacidibu@bloglovin.com,Genderqueer,1997,Chevrolet,Corvette,Great Neck,New York,11024,US,40.8171,-73.7416,78904,"Pfeffer, Wuckert and Little",06/05/2022
428,Jayme,Slite,jslitebv@ehow.com,Male,2011,Volvo,C70,Orange,California,92668,US,33.7867,-117.8742,94446,Schroeder and Sons,07/10/2022
429,Tobiah,Nairn,tnairnbw@kickstarter.com,Male,1995,Ford,Aspire,Saint Louis,Missouri,63196,US,38.6531,-90.2435,34643,Balistreri and Sons,10/08/2025
430,Adriaens,Plenderleith,aplenderleithbx@senate.gov,Agender,1965,Ford,Thunderbird,Aurora,Illinois,60505,US,41.7582,-88.2971,97213,West-Reichert,04/11/2022
431,Romeo,Hammerich,rhammerichby@tinyurl.com,Male,2001,Dodge,Dakota,San Francisco,California,94110,US,37.7509,-122.4153,94036,Boyle-Cole,09/10/2022
432,Amelita,Brazier,abrazierbz@amazon.co.uk,Female,1996,Volkswagen,Golf,Nashville,Tennessee,37215,US,36.0986,-86.8219,45449,Stoltenberg and Sons,04/01/2023
433,Waly,Fitzer,wfitzerc0@paginegialle.it,Female,2010,Toyota,4Runner,Amarillo,Texas,79159,US,35.216,-102.0714,82207,Cremin-Kling,03/13/2023
434,Gifford,D'Hooge,gdhoogec1@reference.com,Male,2005,Nissan,Quest,Grand Rapids,Michigan,49544,US,43.0073,-85.7255,58162,"Johnson, Larson and Homenick",11/06/2025
435,Rosalynd,Heams,rheamsc2@microsoft.com,Female,2000,Ford,Contour,Jamaica,New York,11499,US,40.6514,-73.8708,80906,Harber-D'Amore,04/02/2022
436,Cirillo,Eadmeads,ceadmeadsc3@barnesandnoble.com,Male,1993,Chevrolet,Caprice Classic,Toledo,Ohio,43615,US,41.6492,-83.6706,77666,"Pollich, Hammes and Dicki",05/13/2023
437,Sloan,Bownass,sbownassc4@clickbank.net,Male,2000,Plymouth,Prowler,Atlanta,Georgia,30386,US,33.8444,-84.474,56398,Walker-Langosh,02/14/2024
438,Ermengarde,Cline,eclinec5@github.com,Female,2013,Jaguar,XK Series,Charleston,West Virginia,25321,US,38.2968,-81.5547,97921,"Schmeler, Davis and Kirlin",06/18/2022
439,Kerstin,Antognozzii,kantognozziic6@theglobeandmail.com,Female,2006,Hummer,H2 SUT,Indianapolis,Indiana,46226,US,39.8326,-86.0836,93316,Lang Inc,11/27/2025
440,Loise,Bedborough,lbedboroughc7@apple.com,Female,2000,Volkswagen,New Beetle,Baton Rouge,Louisiana,70836,US,30.392,-91.0892,67987,Wiza Inc,08/03/2025
441,Cortney,Toulamain,ctoulamainc8@businesswire.com,Female,1989,Pontiac,Firebird,Wichita,Kansas,67260,US,37.7194,-97.2936,85518,Boyer Inc,12/14/2022
442,Johanna,Lathaye,jlathayec9@google.ca,Female,1990,Mazda,626,Colorado Springs,Colorado,80995,US,38.8247,-104.562,64369,Simonis and Sons,03/27/2025
443,Erek,Danaher,edanaherca@symantec.com,Male,1993,Toyota,Celica,Oklahoma City,Oklahoma,73152,US,35.5514,-97.4075,49681,White-Boyle,02/15/2025
444,Willey,Schubart,wschubartcb@cisco.com,Male,2000,Chrysler,Voyager,Corpus Christi,Texas,78475,US,27.777,-97.4632,38325,"Heller, Considine and Haag",01/07/2023
445,Ethan,Pavey,epaveycc@oracle.com,Male,2007,Morgan,Aero 8,Dallas,Texas,75372,US,32.7673,-96.7776,79908,"Roob, Mosciski and Connelly",02/01/2022
446,Ronna,Josselsohn,rjosselsohncd@lycos.com,Female,1991,Lincoln,Continental Mark VII,Winter Haven,Florida,33884,US,27.981,-81.6736,41573,"Shanahan, Brakus and MacGyver",09/17/2025
447,Gleda,Raffin,graffince@state.gov,Female,2003,Suzuki,Vitara,Hialeah,Florida,33018,US,25.9098,-80.3889,48286,"Yundt, Orn and Wilkinson",05/31/2025
448,Avivah,Geharke,ageharkecf@alexa.com,Female,2000,Toyota,Ipsum,New York City,New York,10120,US,40.7506,-73.9894,67364,"Weimann, Hessel and Crooks",08/25/2024
449,Rooney,Kezor,rkezorcg@hatena.ne.jp,Male,2010,Chrysler,Sebring,Norman,Oklahoma,73071,US,35.233,-97.4067,64798,"Blick, Ankunding and Marquardt",02/14/2023
450,Roslyn,Hover,rhoverch@gnu.org,Female,2000,GMC,Yukon XL 1500,Tacoma,Washington,98442,US,47.3081,-122.4185,81005,Pouros-Kertzmann,09/16/2022
451,Jermayne,Saiger,jsaigerci@ucsd.edu,Male,1987,Ford,LTD Crown Victoria,Lincoln,Nebraska,68505,US,40.8247,-96.6252,87755,Jenkins-Bergstrom,09/22/2025
452,Trever,Esslemont,tesslemontcj@hatena.ne.jp,Agender,2009,Volkswagen,Tiguan,Schenectady,New York,12325,US,42.8333,-74.058,75727,Dare-Beer,01/12/2024
453,Giulia,Barbery,gbarberyck@nytimes.com,Female,2006,Chevrolet,Avalanche 2500,Merrifield,Virginia,22119,US,38.8318,-77.2888,94601,"Will, Mueller and Morar",11/09/2022
454,Emilia,Franchyonok,efranchyonokcl@soundcloud.com,Female,2010,Saturn,VUE,Charleston,West Virginia,25326,US,38.2968,-81.5547,49574,Marvin-Tromp,08/15/2025
455,Lula,Leschelle,lleschellecm@liveinternet.ru,Female,1986,Toyota,MR2,Saint Louis,Missouri,63110,US,38.6185,-90.2564,53272,Ryan LLC,10/03/2023
456,Sharai,Hadlee,shadleecn@irs.gov,Female,1985,Pontiac,6000,Burbank,California,91520,US,34.1869,-118.348,79104,Rowe and Sons,10/17/2024
457,Ailsun,Tschursch,atschurschco@icq.com,Female,2010,Porsche,911,Anchorage,Alaska,99507,US,61.1535,-149.8289,70861,Maggio-Ryan,08/07/2024
458,Johnnie,Vodden,jvoddencp@soundcloud.com,Male,2002,Acura,CL,Albany,New York,12242,US,42.6149,-73.9708,82424,Weissnat and Sons,03/24/2025
459,Pascale,Halley,phalleycq@i2i.jp,Male,1997,Lincoln,Continental,Detroit,Michigan,48275,US,42.2399,-83.1508,83220,"Kuhn, Jakubowski and Labadie",02/18/2025
460,Burch,Masse,bmassecr@sphinn.com,Male,1996,Chevrolet,Monte Carlo,Arlington,Texas,76004,US,32.7714,-97.2915,65087,Zemlak LLC,09/17/2025
461,Denney,Tebbit,dtebbitcs@amazon.de,Male,2004,Hyundai,Tiburon,Colorado Springs,Colorado,80920,US,38.9497,-104.767,49581,Hickle Inc,06/22/2025
462,Margery,Laffoley-Lane,mlaffoleylanect@auda.org.au,Female,1991,Mazda,B-Series,El Paso,Texas,88541,US,31.6948,-106.3,47022,Rath LLC,07/17/2025
463,Christophorus,Mandry,cmandrycu@wikispaces.com,Male,1992,Dodge,Shadow,Roanoke,Virginia,24009,US,37.2742,-79.9579,31879,Hauck and Sons,12/12/2024
464,Caesar,Klammt,cklammtcv@smh.com.au,Male,1984,Maserati,Quattroporte,Baltimore,Maryland,21216,US,39.3093,-76.6699,40503,Upton and Sons,09/13/2022
465,Nil,Churms,nchurmscw@oaic.gov.au,Male,2012,Ferrari,FF,Tulsa,Oklahoma,74141,US,36.1398,-96.0297,46526,Rohan Group,07/05/2025
466,Vikki,Peegrem,vpeegremcx@storify.com,Non-binary,2008,Acura,RL,Chandler,Arizona,85246,US,33.2765,-112.1872,75871,Mueller LLC,10/09/2025
467,Anne-marie,Rasmus,arasmuscy@com.com,Female,2009,Pontiac,Vibe,Sacramento,California,95823,US,38.4797,-121.4438,58858,"Stracke, Swift and Conn",03/03/2025
468,Gray,Burkin,gburkincz@google.fr,Bigender,2008,Toyota,Matrix,Newark,Delaware,19725,US,39.5645,-75.597,63334,Harber Group,04/13/2024
469,Eran,Molan,emoland0@barnesandnoble.com,Agender,1953,Chevrolet,Corvette,Topeka,Kansas,66667,US,39.0429,-95.7697,66673,"Keebler, Heidenreich and Daugherty",03/22/2024
470,Rebecca,Laste,rlasted1@unesco.org,Female,1987,Mazda,929,Carol Stream,Illinois,60351,US,41.9166,-88.1208,52535,"Nitzsche, Schiller and Rempel",02/17/2022
471,Codie,Algate,calgated2@timesonline.co.uk,Female,1994,Hyundai,Excel,El Paso,Texas,79994,US,31.6948,-106.3,67309,"Rogahn, McLaughlin and Von",01/03/2025
472,Ebenezer,Size,esized3@dailymail.co.uk,Male,1997,Saturn,S-Series,Saint Louis,Missouri,63131,US,38.6171,-90.4504,50659,Hagenes-Swaniawski,03/30/2022
473,Hercules,Leake,hleaked4@tripadvisor.com,Male,2010,Land Rover,Defender Ice Edition,Birmingham,Alabama,35285,US,33.5446,-86.9292,54174,Armstrong Group,06/22/2022
474,Ermentrude,Lidgely,elidgelyd5@nhs.uk,Female,1995,Chrysler,Sebring,Lynn,Massachusetts,01905,US,42.4694,-70.9728,34856,Ernser Inc,10/12/2023
475,Devora,Twist,dtwistd6@dailymail.co.uk,Genderfluid,1997,Oldsmobile,Achieva,Knoxville,Tennessee,37924,US,36.032,-83.8021,71743,"Bins, Connelly and Kuphal",04/13/2024
476,Derrick,Marchetti,dmarchettid7@furl.net,Male,2008,Pontiac,Grand Prix,Houston,Texas,77212,US,29.834,-95.4342,98348,Nicolas and Sons,09/01/2023
477,Viki,Knapman,vknapmand8@vimeo.com,Female,2000,Oldsmobile,Silhouette,Stockton,California,95298,US,37.9577,-121.2897,75700,Gutkowski-Willms,04/26/2022
478,Lindsey,Jacobson,ljacobsond9@webmd.com,Genderqueer,2007,Cadillac,Escalade EXT,Miami,Florida,33190,US,25.5593,-80.3483,78364,"Turner, Wilderman and Corkery",01/04/2025
479,Renado,Plaunch,rplaunchda@jalbum.net,Male,1996,Jaguar,XJ Series,Pasadena,California,91125,US,33.7866,-118.2987,91098,D'Amore and Sons,04/28/2025
480,Ronnie,Blakden,rblakdendb@sciencedaily.com,Female,2001,Dodge,Intrepid,Portland,Oregon,97286,US,45.5806,-122.3748,96772,Gerlach and Sons,11/29/2024
481,Rorke,Lomax,rlomaxdc@prweb.com,Male,1995,Hyundai,Scoupe,Savannah,Georgia,31410,US,32.0175,-80.997,34222,Frami-Glover,12/02/2023
482,Peggi,Osipov,posipovdd@de.vu,Female,2006,Pontiac,Grand Prix,Atlanta,Georgia,30351,US,33.8444,-84.474,71679,Breitenberg-Hauck,04/15/2024
483,Shirlee,Lummasana,slummasanade@imdb.com,Female,2008,Toyota,Camry Hybrid,Baltimore,Maryland,21203,US,39.2847,-76.6205,80660,"Larson, Rodriguez and Greenholt",04/29/2024
484,Emmott,Labbati,elabbatidf@tmall.com,Male,2008,Chevrolet,Express 3500,Detroit,Michigan,48224,US,42.4098,-82.9441,47151,Casper-Kuhn,02/12/2022
485,Sherri,Druce,sdrucedg@craigslist.org,Female,2008,Chevrolet,Corvette,Battle Creek,Michigan,49018,US,42.2464,-85.0045,85220,Thompson-Raynor,08/29/2024
486,Myer,Beadman,mbeadmandh@soundcloud.com,Male,1994,Mercedes-Benz,S-Class,Santa Clara,California,95054,US,37.3924,-121.9623,59291,Cremin and Sons,09/08/2025
487,Harrie,Dyka,hdykadi@deliciousdays.com,Female,2011,Nissan,Cube,Sacramento,California,95828,US,38.4826,-121.4006,64305,Crooks-Ruecker,06/05/2024
488,Gonzales,Sciacovelli,gsciacovellidj@dot.gov,Male,2013,Mazda,Mazda6,Shawnee Mission,Kansas,66210,US,38.9273,-94.7143,60191,Goyette LLC,11/12/2024
489,Miguela,Pluvier,mpluvierdk@alexa.com,Female,1992,Dodge,Shadow,Albuquerque,New Mexico,87195,US,35.0443,-106.6729,69143,Bosco Group,05/14/2024
490,Kelcie,Larder,klarderdl@nytimes.com,Female,1989,Ford,Aerostar,Cincinnati,Ohio,45203,US,39.1075,-84.5257,30996,"Abshire, Schumm and Ankunding",03/09/2023
491,Farra,Royall,froyalldm@marriott.com,Female,1998,Ford,Club Wagon,Hampton,Virginia,23663,US,37.0318,-76.3199,85079,"Kunze, Kihn and Mohr",05/20/2023
492,Penelopa,Mallam,pmallamdn@irs.gov,Bigender,2009,Ford,F250,San Antonio,Texas,78296,US,29.4375,-98.4616,41030,"Bahringer, Kreiger and Ernser",05/22/2025
493,Derrik,Crumley,dcrumleydo@dot.gov,Male,1996,Dodge,Caravan,Fort Collins,Colorado,80525,US,40.5384,-105.0547,88298,Casper LLC,08/29/2024
494,Etienne,Pendre,ependredp@sciencedirect.com,Male,1987,Volkswagen,Passat,Washington,District of Columbia,20005,US,38.9067,-77.0312,51929,Reichert-Huel,02/22/2022
495,Suzann,Ruffy,sruffydq@cafepress.com,Female,1993,GMC,Vandura 3500,Atlanta,Georgia,30392,US,33.8444,-84.474,51980,Kuhn LLC,08/11/2022
496,Juliet,Leinweber,jleinweberdr@last.fm,Agender,2010,Lexus,LX,Richmond,Virginia,23228,US,37.625,-77.4959,78229,"Prohaska, Rice and Rippin",05/18/2024
497,Stanford,Wisker,swiskerds@trellian.com,Male,2001,Toyota,Solara,Staten Island,New York,10310,US,40.6324,-74.1172,95517,Sawayn and Sons,11/11/2023
498,Lucius,Marvelley,lmarvelleydt@bravesites.com,Male,1996,Ford,F350,Tampa,Florida,33680,US,27.872,-82.4388,88638,"Dickens, Mann and Collier",04/18/2025
499,Pall,Fuente,pfuentedu@reddit.com,Male,2005,Jaguar,S-Type,Pasadena,California,91125,US,33.7866,-118.2987,40629,Heathcote-Macejkovic,08/05/2023
500,Gaynor,Di Iorio,gdiioriodv@acquirethisname.com,Female,1987,Audi,4000,Baltimore,Maryland,21239,US,39.361,-76.5891,92183,Mraz-Lockman,12/03/2023
501,Rowan,Brandsma,rbrandsmadw@mashable.com,Male,2009,Bentley,Brooklands,Daytona Beach,Florida,32128,US,29.0838,-81.0336,37267,Rice-Dietrich,05/26/2022
502,Moll,Smallsman,msmallsmandx@jiathis.com,Female,2004,Lexus,RX,New Hyde Park,New York,11044,US,40.7548,-73.6018,42048,"McCullough, Reichert and Satterfield",10/24/2022
503,Kenn,Meredyth,kmeredythdy@booking.com,Bigender,2004,Chevrolet,Suburban 1500,Charlotte,North Carolina,28230,US,35.26,-80.8042,30288,Nikolaus-Cummerata,08/16/2024
504,Chicky,Tovey,ctoveydz@theguardian.com,Female,1995,Dodge,Dakota,Little Rock,Arkansas,72204,US,34.7269,-92.344,77175,Kilback-Ullrich,07/19/2025
505,Averil,Overel,aoverele0@economist.com,Polygender,2008,Chevrolet,HHR,Oklahoma City,Oklahoma,73109,US,35.4259,-97.5261,65732,"Hintz, Johns and McKenzie",10/29/2024
506,Phip,Darridon,pdarridone1@cam.ac.uk,Male,1998,Hyundai,Sonata,Murfreesboro,Tennessee,37131,US,35.8596,-86.421,52752,"Braun, Weber and Cole",10/02/2022
507,Pearle,McLagan,pmclagane2@mashable.com,Female,1990,Mazda,MX-5,San Antonio,Texas,78205,US,29.4237,-98.4925,35721,"Beatty, Price and Turcotte",08/06/2022
508,Byron,McCuthais,bmccuthaise3@cmu.edu,Non-binary,2006,Dodge,Dakota Club,Dallas,Texas,75277,US,32.7673,-96.7776,79568,Ruecker Group,06/10/2022
509,Letisha,Coke,lcokee4@flavors.me,Female,1994,Ford,Crown Victoria,Sandy,Utah,84093,US,40.5927,-111.831,82937,"Keebler, Blanda and Kassulke",03/29/2023
510,Felipe,Goward,fgowarde5@spotify.com,Male,1993,Plymouth,Laser,Lexington,Kentucky,40510,US,38.0702,-84.591,95336,"Reilly, Morissette and Roob",10/09/2024
511,Othella,Georgiades,ogeorgiadese6@businessweek.com,Female,2011,Mazda,MX-5,Fort Myers,Florida,33913,US,26.5228,-81.7065,54680,Kreiger-Rosenbaum,02/14/2023
512,Clary,Burren,cburrene7@reverbnation.com,Female,2011,Cadillac,SRX,Saint Paul,Minnesota,55123,US,44.806,-93.1409,84090,Buckridge and Sons,03/04/2023
513,Emelyne,Tenwick,etenwicke8@pagesperso-orange.fr,Female,2008,Pontiac,Grand Prix,Charlotte,North Carolina,28247,US,35.0656,-80.8511,42866,Mosciski Inc,03/27/2024
514,Madelene,Keenan,mkeenane9@prnewswire.com,Female,2009,Mercedes-Benz,GL-Class,Washington,District of Columbia,20046,US,38.8933,-77.0146,42770,"Batz, Cormier and Fisher",11/03/2025
515,Donny,Blenkharn,dblenkharnea@jugem.jp,Female,2011,Mazda,Miata MX-5,El Paso,Texas,79945,US,31.6948,-106.3,69182,Davis-Goodwin,09/30/2025
516,Dickie,Rappoport,drappoporteb@irs.gov,Male,1999,Acura,NSX,Portland,Oregon,97221,US,45.4918,-122.7267,66545,Hilll-Waters,08/18/2025
517,Karoline,Swepstone,kswepstoneec@fda.gov,Female,1999,GMC,Safari,Memphis,Tennessee,38168,US,35.2017,-89.9715,79723,"Watsica, Murazik and Sipes",07/31/2024
518,Guillemette,Minocchi,gminocchied@cnet.com,Female,2008,Volkswagen,Touareg 2,Alexandria,Louisiana,71307,US,31.2034,-92.5269,95978,Batz-Borer,07/24/2025
519,Corbie,Gurys,cgurysee@archive.org,Male,1997,Toyota,T100 Xtra,Fort Worth,Texas,76192,US,32.7714,-97.2915,66305,"Towne, Botsford and Brown",04/01/2024
520,Gauthier,Lomasny,glomasnyef@printfriendly.com,Polygender,1965,Chevrolet,Corvette,Alhambra,California,91841,US,33.7866,-118.2987,78792,"Hoeger, Hauck and Howell",06/03/2022
521,Niven,Stansell,nstanselleg@admin.ch,Male,2012,Ford,Fiesta,Norman,Oklahoma,73071,US,35.233,-97.4067,97292,Towne-Cruickshank,01/02/2025
522,Amie,Stonhouse,astonhouseeh@pbs.org,Female,2003,Dodge,Ram Van 1500,Phoenix,Arizona,85035,US,33.4724,-112.1832,77605,"Moen, Feil and Spinka",10/28/2023
523,Nanine,Battershall,nbattershallei@slashdot.org,Female,2006,Infiniti,G35,Alexandria,Virginia,22309,US,38.7192,-77.1073,86021,Keeling Inc,03/05/2024
524,Caspar,Haslewood,chaslewoodej@51.la,Male,2006,Pontiac,Montana SV6,New York City,New York,10019,US,40.7651,-73.9858,75331,Blick LLC,01/09/2026
525,Sella,Cronk,scronkek@foxnews.com,Female,1995,Saab,9000,Macon,Georgia,31205,US,32.8067,-83.6913,89774,"Torphy, Zemlak and Moen",09/14/2024
526,Arley,Giral,agiralel@cargocollective.com,Male,2011,Ford,Mustang,Garden Grove,California,92844,US,33.7661,-117.9738,78320,Moore and Sons,10/23/2022
527,Darcie,Gonnelly,dgonnellyem@hhs.gov,Female,2009,Kia,Rio,Springfield,Illinois,62756,US,39.7495,-89.606,78308,Schoen and Sons,07/29/2025
528,Raeann,Dalgleish,rdalgleishen@usnews.com,Female,2011,Scion,xD,Baltimore,Maryland,21282,US,39.439,-76.5921,51194,Stokes LLC,08/31/2023
529,Asa,Carroll,acarrolleo@answers.com,Male,2001,Isuzu,Rodeo Sport,Springfield,Massachusetts,01152,US,42.1707,-72.6048,57298,O'Hara-Cartwright,08/15/2023
530,Lukas,Ancliff,lancliffep@virginia.edu,Male,1986,Audi,Coupe GT,Rochester,New York,14614,US,43.1558,-77.6142,74893,Yost and Sons,05/01/2023
531,Hana,Gristhwaite,hgristhwaiteeq@cornell.edu,Female,2001,Volvo,S60,Milwaukee,Wisconsin,53277,US,43.0389,-87.9024,98276,"Yundt, Fritsch and Wisoky",02/01/2024
532,Wheeler,Dawney,wdawneyer@tmall.com,Male,2007,Mitsubishi,Eclipse,Richmond,Virginia,23225,US,37.5158,-77.5047,80345,Adams LLC,07/05/2022
533,Isacco,Mullane,imullanees@nationalgeographic.com,Male,2011,Audi,R8,Torrance,California,90510,US,33.7866,-118.2987,44414,Corwin-Rau,11/23/2022
534,Starlin,Browett,sbrowettet@dagondesign.com,Bigender,1990,Honda,Civic,Lansing,Michigan,48919,US,42.7286,-84.5517,74112,"Becker, Hayes and O'Keefe",12/20/2022
535,Vikky,Eat,veateu@symantec.com,Female,2010,Dodge,Ram,Glendale,Arizona,85311,US,33.2765,-112.1872,53536,Krajcik Group,06/29/2023
536,Ginelle,Burghall,gburghallev@harvard.edu,Female,2000,BMW,Z8,Boise,Idaho,83727,US,43.4599,-116.244,81551,Quitzon-Hoppe,02/21/2023
537,Patin,Tripon,ptriponew@alibaba.com,Male,2005,Chevrolet,Classic,Kansas City,Missouri,64190,US,39.3432,-94.8516,97366,Hudson and Sons,07/14/2024
538,Prue,Tolworthie,ptolworthieex@narod.ru,Female,2008,Dodge,Magnum,Stockton,California,95205,US,37.9625,-121.2624,94755,Tromp-Walsh,01/31/2023
539,Shurlocke,Batt,sbattey@state.tx.us,Male,2005,Lotus,Exige,Brooklyn,New York,11225,US,40.6628,-73.9546,88012,"Konopelski, Kiehn and Ritchie",08/08/2025
540,Celestyna,Hubbard,chubbardez@tiny.cc,Female,2011,Mercedes-Benz,CL-Class,Gainesville,Florida,32610,US,29.6813,-82.3539,96865,"Emmerich, Harber and Kris",12/11/2024
541,Mort,Haddy,mhaddyf0@soundcloud.com,Male,2001,Hyundai,Santa Fe,Alexandria,Virginia,22333,US,38.8158,-77.09,76856,"Hahn, Schuppe and Hahn",12/15/2025
542,Andris,Labrenz,alabrenzf1@rambler.ru,Male,1996,Dodge,Intrepid,Pittsburgh,Pennsylvania,15210,US,40.4072,-79.9839,68571,"Senger, Leuschke and Conroy",11/20/2024
543,Julissa,Knibb,jknibbf2@cyberchimps.com,Female,1987,Audi,5000S,Brooklyn,New York,11215,US,40.6669,-73.9828,38687,"Harris, Bogisich and Witting",03/22/2025
544,Roselle,Addionisio,raddionisiof3@bbb.org,Female,1972,Citroën,SM,Louisville,Kentucky,40215,US,38.1913,-85.7847,94028,Klocko and Sons,12/18/2024
545,Tibold,Wimpress,twimpressf4@cnet.com,Male,2007,Lamborghini,Murciélago,Akron,Ohio,44321,US,41.1002,-81.6443,88886,"Hintz, Feest and Feeney",10/17/2024
546,Lynnet,Moreinu,lmoreinuf5@admin.ch,Female,2003,Audi,Allroad,South Bend,Indiana,46614,US,41.6255,-86.2433,73790,"Effertz, Kunde and Jones",03/21/2024
547,Marsha,Pietrasik,mpietrasikf6@yahoo.co.jp,Female,1998,Buick,LeSabre,Vancouver,Washington,98664,US,45.6231,-122.5767,60562,Walsh-Dooley,06/24/2025
548,Rhona,Guppey,rguppeyf7@ucsd.edu,Female,2001,Buick,LeSabre,Macon,Georgia,31210,US,32.8926,-83.7455,68779,Upton-Moore,12/24/2025
549,Fletch,Gownge,fgowngef8@ycombinator.com,Male,1996,Nissan,Maxima,Santa Clara,California,95054,US,37.3924,-121.9623,52476,Grimes Group,06/17/2024
550,Glendon,Grammer,ggrammerf9@creativecommons.org,Male,1992,Chevrolet,Corsica,Springfield,Illinois,62705,US,39.7495,-89.606,52961,"Pouros, Cummerata and Maggio",02/02/2023
551,Cristian,Fulton,cfultonfa@baidu.com,Male,2001,Toyota,Solara,Reading,Pennsylvania,19610,US,40.338,-75.978,48449,Greenholt LLC,10/16/2023
552,Fania,Oxherd,foxherdfb@cdc.gov,Female,2008,Lincoln,Navigator L,Durham,North Carolina,27710,US,36.0512,-78.8577,49196,Kreiger-Kerluke,01/17/2024
553,Camille,Lavery,claveryfc@nytimes.com,Bigender,2006,Ferrari,F430 Spider,Orlando,Florida,32885,US,28.5456,-81.3782,43453,"Kuhic, Ziemann and Beer",03/03/2023
554,Raoul,Mandre,rmandrefd@gmpg.org,Male,1989,Mazda,929,Toledo,Ohio,43615,US,41.6492,-83.6706,70881,Jenkins-Stiedemann,07/05/2023
555,Gasparo,Nelissen,gnelissenfe@drupal.org,Male,1994,Volvo,960,Bowie,Maryland,20719,US,38.8336,-76.8777,82177,Johns-Stroman,06/30/2023
556,Gloriana,Checcuzzi,gcheccuzziff@go.com,Female,1993,Volvo,240,Newark,New Jersey,07112,US,40.7107,-74.2131,50278,Berge-Crooks,09/30/2022
557,Modestine,Blundon,mblundonfg@businessinsider.com,Female,1964,Pontiac,Grand Prix,Prescott,Arizona,86305,US,34.8185,-112.9584,49358,"Stracke, Stokes and Cormier",09/23/2025
558,Ced,Dearle,cdearlefh@amazon.de,Male,2005,Aston Martin,DB9,Fort Pierce,Florida,34949,US,27.3896,-80.2615,70965,Grimes-Oberbrunner,02/24/2023
559,Baily,Hasslocher,bhasslocherfi@technorati.com,Male,1996,Pontiac,Grand Am,Orlando,Florida,32819,US,28.4522,-81.4678,46533,Ernser Inc,03/13/2022
560,Kate,Culham,kculhamfj@last.fm,Female,1999,Chevrolet,Tracker,Worcester,Massachusetts,01610,US,42.2492,-71.8108,49346,"Kunde, Hilpert and Waters",06/22/2023
561,Tuckie,Rummery,trummeryfk@tuttocitta.it,Male,2006,GMC,Canyon,Houston,Texas,77095,US,29.8941,-95.6481,69400,Graham-Kassulke,06/29/2022
562,Dierdre,O'Donnelly,dodonnellyfl@yandex.ru,Genderqueer,1992,Audi,100,Fairfield,Connecticut,06825,US,41.1928,-73.2402,48724,Thiel Group,04/23/2025
563,Lutero,Pechard,lpechardfm@wufoo.com,Polygender,2007,Nissan,Xterra,Fargo,North Dakota,58106,US,46.9346,-97.2297,96815,Fay Inc,08/20/2024
564,Alfy,Orgel,aorgelfn@about.me,Female,2007,Hyundai,Entourage,Kansas City,Missouri,64142,US,39.035,-94.3567,76443,"Gutmann, Goldner and Cormier",07/02/2022
565,Meara,Giercke,mgierckefo@cnbc.com,Female,2006,Nissan,Quest,Arlington,Texas,76016,US,32.6889,-97.1905,78019,Kulas and Sons,05/28/2025
566,Hermann,Fraanchyonok,hfraanchyonokfp@cyberchimps.com,Male,2012,Toyota,Corolla,Carlsbad,California,92013,US,33.0169,-116.846,62894,Rowe-Harber,10/11/2024
567,Udall,Ruslinge,uruslingefq@marriott.com,Male,2003,Audi,A6,San Francisco,California,94110,US,37.7509,-122.4153,54000,Konopelski-Emmerich,03/19/2025
568,Katharina,Unger,kungerfr@mit.edu,Female,2004,BMW,Z4,Milwaukee,Wisconsin,53220,US,42.9559,-87.9933,92440,Koepp and Sons,11/02/2023
569,Edin,Delwater,edelwaterfs@pcworld.com,Female,1995,Land Rover,Defender,Kansas City,Kansas,66112,US,39.116,-94.764,51641,"Kulas, Steuber and Leffler",04/06/2022
570,Erika,Hawton,ehawtonft@ed.gov,Female,2005,GMC,Yukon XL 1500,Irvine,California,92717,US,33.6462,-117.8398,41973,Bauch-Bahringer,01/14/2023
571,Easter,Hortop,ehortopfu@csmonitor.com,Female,1987,Porsche,911,Lexington,Kentucky,40586,US,38.0283,-84.4715,77935,Kihn-Rempel,12/08/2022
572,Chastity,Papa,cpapafv@purevolume.com,Female,2001,Ford,Econoline E150,Daytona Beach,Florida,32128,US,29.0838,-81.0336,51510,Herzog LLC,01/03/2026
573,Holmes,Dellenbrok,hdellenbrokfw@dmoz.org,Polygender,2009,Hummer,H2,Colorado Springs,Colorado,80915,US,38.8558,-104.7134,36737,Denesik-Osinski,02/18/2023
574,Marvin,Knotton,mknottonfx@opensource.org,Male,2006,Nissan,Sentra,Pittsburgh,Pennsylvania,15266,US,40.4344,-80.0248,65533,"Gleichner, Rau and Walsh",01/03/2025
575,Marquita,Zanini,mzaninify@yandex.ru,Agender,2002,Mazda,MX-5,Chicago,Illinois,60652,US,41.7454,-87.7135,62713,Jacobs-Braun,04/07/2025
576,Johannah,Morilla,jmorillafz@de.vu,Female,2004,GMC,Yukon XL 1500,Tacoma,Washington,98405,US,47.2484,-122.4644,52898,"Kovacek, Schultz and Corwin",02/04/2023
577,Lorianne,Edgehill,ledgehillg0@youtube.com,Female,1995,Mazda,626,Atlanta,Georgia,30340,US,33.8932,-84.2539,81625,"Kohler, Ward and Braun",11/11/2024
578,Lizbeth,Prue,lprueg1@google.co.jp,Female,1991,Subaru,Legacy,Shawnee Mission,Kansas,66220,US,38.9613,-94.8222,76420,Emard LLC,09/09/2023
579,Ameline,Windrum,awindrumg2@networkadvertising.org,Bigender,2001,BMW,Z8,Paterson,New Jersey,07505,US,40.9166,-74.174,38077,"Huel, Jacobson and Murazik",01/09/2026
580,Colver,Bleyman,cbleymang3@hao123.com,Male,2011,Suzuki,SX4,Miami,Florida,33233,US,25.5584,-80.4582,34847,Bayer LLC,07/25/2025
581,Hal,Wigfield,hwigfieldg4@dot.gov,Male,2000,Saturn,S-Series,Wilmington,North Carolina,28405,US,34.2651,-77.867,33878,"Herman, Ortiz and Vandervort",12/02/2025
582,Kurt,Gwilym,kgwilymg5@de.vu,Male,1986,Buick,Skylark,Atlanta,Georgia,31132,US,33.7488,-84.3883,86043,Ondricka and Sons,07/01/2022
583,Say,Corradengo,scorradengog6@eventbrite.com,Male,2000,Dodge,Durango,Long Beach,California,90805,US,33.8635,-118.1801,49564,Fay-Collier,06/10/2023
584,Lorelei,Placido,lplacidog7@ning.com,Female,2009,Suzuki,Equator,Philadelphia,Pennsylvania,19093,US,40.0018,-75.1179,62474,"Flatley, Bernhard and Swift",05/07/2025
585,Marsha,Afield,mafieldg8@yale.edu,Female,2009,Mitsubishi,Tundra,Austin,Texas,78764,US,30.4455,-97.6595,57473,Lindgren-Windler,08/24/2022
586,Jessey,Josling,jjoslingg9@time.com,Male,2001,Honda,S2000,Albuquerque,New Mexico,87110,US,35.1104,-106.5781,31450,"Moore, Harris and Wisoky",09/04/2024
587,Melisent,Denning,mdenningga@mapy.cz,Female,1982,Chevrolet,Camaro,Amarillo,Texas,79182,US,35.4015,-101.8951,97656,Hayes and Sons,02/06/2024
588,Linnet,Stodit,lstoditgb@ox.ac.uk,Female,1992,Chevrolet,Corvette,Corpus Christi,Texas,78465,US,27.777,-97.4632,47750,Haley Group,08/05/2025
589,Grantham,Dahlback,gdahlbackgc@jiathis.com,Agender,2010,Audi,A4,Lubbock,Texas,79491,US,33.61,-101.8213,83090,"Schamberger, Rempel and Bosco",07/01/2023
590,Calhoun,Melrose,cmelrosegd@feedburner.com,Male,2009,Nissan,370Z,Tuscaloosa,Alabama,35487,US,33.3072,-87.5859,48265,Thiel LLC,06/21/2023
591,Dorolice,Klaes,dklaesge@biblegateway.com,Female,2006,Dodge,Ram 2500,Staten Island,New York,10305,US,40.5973,-74.0768,98398,"Braun, Bednar and Howell",08/10/2024
592,Johnette,Peaden,jpeadengf@vkontakte.ru,Female,2007,Jaguar,XK,Spring Hill,Florida,34611,US,28.5642,-82.4165,36798,Powlowski-Blick,06/30/2024
593,Sam,Walles,swallesgg@cbsnews.com,Female,1990,Mitsubishi,Eclipse,Buffalo,New York,14220,US,42.8441,-78.8182,57014,Goldner-Cormier,11/27/2024
594,Hobart,Castri,hcastrigh@ehow.com,Male,2003,GMC,Savana 3500,Trenton,New Jersey,08638,US,40.251,-74.7627,77082,"Carter, Ebert and Wisozk",08/28/2022
595,Freda,Crush,fcrushgi@youtu.be,Female,2012,Nissan,Rogue,Atlanta,Georgia,30358,US,33.9982,-84.3411,66178,"Jacobs, Conroy and Marks",08/17/2025
596,Tallia,Ridde,triddegj@ibm.com,Female,1994,Pontiac,Grand Am,Springfield,Illinois,62776,US,39.7495,-89.606,36701,"Fisher, Grady and Heidenreich",12/11/2022
597,Miguelita,Boshell,mboshellgk@so-net.ne.jp,Agender,2010,Lamborghini,Gallardo,Minneapolis,Minnesota,55417,US,44.9054,-93.2361,30299,Boyle Group,09/10/2022
598,Brook,Vedntyev,bvedntyevgl@joomla.org,Male,1999,GMC,3500,Young America,Minnesota,55557,US,44.8055,-93.7665,92647,"Gibson, Hickle and Quitzon",02/14/2022
599,Gertrudis,Bruins,gbruinsgm@aboutads.info,Female,1996,Chevrolet,Suburban 1500,Sioux Falls,South Dakota,57110,US,43.5486,-96.6332,64433,Cronin-Klocko,08/13/2024
600,Clarey,Steedman,csteedmangn@so-net.ne.jp,Female,2011,GMC,Yukon,Gulfport,Mississippi,39505,US,30.4158,-89.0684,65091,Douglas-Hamill,05/29/2024
601,Florence,Seatter,fseattergo@miitbeian.gov.cn,Female,1996,Chevrolet,Express 3500,Pittsburgh,Pennsylvania,15240,US,40.4344,-80.0248,36209,Rogahn Inc,12/24/2024
602,Phip,Pilsworth,ppilsworthgp@printfriendly.com,Male,2000,Mitsubishi,Montero Sport,Los Angeles,California,90025,US,34.0447,-118.4487,71622,"Wehner, Leuschke and Kihn",10/08/2023
603,Clayson,Searjeant,csearjeantgq@shutterfly.com,Male,1996,Cadillac,Fleetwood,North Hollywood,California,91606,US,34.1872,-118.3865,90338,Hermiston-Rutherford,06/17/2023
604,Sadye,Benzie,sbenziegr@telegraph.co.uk,Polygender,2009,Nissan,Pathfinder,Modesto,California,95354,US,37.6409,-120.9749,56185,Satterfield-Cruickshank,05/17/2023
605,Trixie,Devereux,tdevereuxgs@google.com,Female,1999,Chevrolet,Cavalier,Charlottesville,Virginia,22908,US,38.0401,-78.4851,41132,"Hessel, Terry and Davis",10/20/2025
606,Sheena,MacAvddy,smacavddygt@bbb.org,Female,1995,Nissan,Sentra,Dallas,Texas,75221,US,32.8147,-96.7877,84821,Stehr LLC,02/22/2022
607,Sergei,Farrens,sfarrensgu@unesco.org,Male,1996,Ford,Ranger,Washington,District of Columbia,20540,US,38.8874,-77.0047,39999,Lubowitz-Gleichner,02/07/2025
608,Roch,McKeeman,rmckeemangv@qq.com,Female,1998,Dodge,Ram 3500,Seattle,Washington,98121,US,47.6151,-122.3447,45817,"Kunze, Lubowitz and Homenick",05/24/2025
609,Andre,Valentine,avalentinegw@bravesites.com,Male,2002,BMW,Z8,Fort Worth,Texas,76198,US,32.7714,-97.2915,40779,Walker and Sons,11/21/2022
610,Ddene,Lauxmann,dlauxmanngx@google.nl,Female,2008,Acura,RDX,Washington,District of Columbia,20215,US,38.8933,-77.0146,48412,"Erdman, Harvey and Boyer",03/15/2025
611,Hermina,Methingam,hmethingamgy@vinaora.com,Female,1998,Volvo,V70,Dayton,Ohio,45408,US,39.7395,-84.229,80368,"Heller, Macejkovic and Hagenes",12/21/2024
612,Chad,Matyukon,cmatyukongz@networkadvertising.org,Male,2001,Chrysler,Sebring,Dallas,Texas,75367,US,32.7673,-96.7776,33202,Quitzon-Ortiz,02/10/2024
613,Lebbie,Aymerich,laymerichh0@nydailynews.com,Bigender,2004,Mercedes-Benz,CL-Class,Dallas,Texas,75231,US,32.8756,-96.7495,33025,Gleichner LLC,09/15/2024
614,Reece,Chaplin,rchaplinh1@gnu.org,Male,1994,Mercedes-Benz,E-Class,Brooklyn,New York,11220,US,40.6412,-74.0133,70621,"Jakubowski, Lind and Hickle",02/02/2025
615,Guthry,Gath,ggathh2@webeden.co.uk,Male,1983,Mazda,RX-7,Indianapolis,Indiana,46221,US,39.7509,-86.1924,76523,"Thompson, Lubowitz and Lebsack",07/19/2025
616,Elysha,Khotler,ekhotlerh3@bbc.co.uk,Female,1992,GMC,Suburban 2500,Duluth,Georgia,30096,US,33.9845,-84.1529,82121,Jast Group,05/19/2024
617,Kin,Tissington,ktissingtonh4@biblegateway.com,Genderfluid,2005,Volvo,S40,Newport News,Virginia,23612,US,37.1959,-76.5248,87350,Steuber-Grady,03/18/2025
618,Jonell,Woodroof,jwoodroofh5@histats.com,Female,1994,Ford,Bronco,Portland,Oregon,97255,US,45.5806,-122.3748,54178,Nikolaus-Heller,10/04/2023
619,Cornie,Wieprecht,cwieprechth6@google.co.uk,Male,1992,GMC,Sonoma Club,Buffalo,New York,14263,US,42.7684,-78.8871,76628,Kuvalis Inc,04/03/2023
620,Roger,Barsham,rbarshamh7@barnesandnoble.com,Male,2000,Porsche,911,Los Angeles,California,90094,US,33.9754,-118.417,88107,Reinger-Jacobs,05/31/2025
621,Eveline,Ledgley,eledgleyh8@ihg.com,Female,1988,Pontiac,Grand Prix,Denver,Colorado,80291,US,39.7439,-104.9876,55687,Fisher LLC,06/29/2023
622,Flin,Alner,falnerh9@photobucket.com,Male,2006,Toyota,Highlander,Huntsville,Alabama,35805,US,34.7059,-86.6165,99348,Jenkins Group,01/01/2026
623,Eliza,Chaucer,echaucerha@oakley.com,Female,2003,Pontiac,Vibe,Monticello,Minnesota,55590,US,45.2009,-93.8881,46553,Barrows-Vandervort,07/17/2024
624,Megen,Shearstone,mshearstonehb@xrea.com,Female,2007,Rolls-Royce,Phantom,Suffolk,Virginia,23436,US,36.8926,-76.5142,54615,Ankunding Group,08/28/2022
625,Raquel,Toun,rtounhc@ucsd.edu,Female,1992,Cadillac,DeVille,New York City,New York,10090,US,40.7808,-73.9772,95668,"Haley, Barrows and Cremin",09/18/2023
626,Marianna,Jakubovits,mjakubovitshd@so-net.ne.jp,Female,2008,Porsche,Cayman,Austin,Texas,78769,US,30.3264,-97.7713,51847,"Lang, Howe and Rutherford",04/21/2024
627,Cirillo,Escofier,cescofierhe@wordpress.org,Male,1999,Toyota,Solara,Clearwater,Florida,34629,US,27.9654,-82.8001,96547,"Reilly, Hermiston and Walter",12/09/2024
628,Philis,Mulqueen,pmulqueenhf@dailymotion.com,Female,1994,Chevrolet,Lumina,Atlanta,Georgia,30316,US,33.7217,-84.3339,31447,Kihn-Durgan,05/23/2025
629,Reider,Staning,rstaninghg@aol.com,Male,1992,Hyundai,Scoupe,Colorado Springs,Colorado,80925,US,38.7378,-104.6459,76864,Rutherford Inc,06/21/2025
630,Desmund,Belham,dbelhamhh@europa.eu,Male,1955,Ford,Thunderbird,Moreno Valley,California,92555,US,33.9377,-117.1851,69191,Vandervort and Sons,08/28/2025
631,Drusilla,Raraty,draratyhi@telegraph.co.uk,Female,1991,Mercury,Tracer,Lees Summit,Missouri,64082,US,38.8518,-94.3944,79663,Schuppe-Stokes,02/14/2022
632,Banky,McGeady,bmcgeadyhj@godaddy.com,Male,1998,Hyundai,Accent,Waterbury,Connecticut,06726,US,41.3657,-72.9275,81180,Goldner-Hettinger,04/25/2022
633,Vernon,McCahey,vmccaheyhk@hud.gov,Bigender,1992,BMW,7 Series,Macon,Georgia,31296,US,32.8067,-83.6913,55482,"Hammes, Pacocha and Tremblay",02/11/2025
634,Regina,Mowsley,rmowsleyhl@netscape.com,Polygender,1997,Lotus,Esprit,Orlando,Florida,32819,US,28.4522,-81.4678,38044,King-Dietrich,07/18/2025
635,Blanca,Dunican,bdunicanhm@businessweek.com,Polygender,1998,Acura,SLX,New Orleans,Louisiana,70179,US,30.033,-89.8826,80278,Gleichner and Sons,05/28/2023
636,Elianora,Armal,earmalhn@wix.com,Female,1993,Toyota,Paseo,Montgomery,Alabama,36104,US,32.373,-86.3081,34017,Effertz Inc,10/20/2023
637,Garik,Januszkiewicz,gjanuszkiewiczho@guardian.co.uk,Male,1996,Isuzu,Trooper,Minneapolis,Minnesota,55417,US,44.9054,-93.2361,49544,Frami-Rosenbaum,08/13/2025
638,Caesar,O' Cloney,cocloneyhp@dedecms.com,Male,1997,Chevrolet,Malibu,Santa Monica,California,90405,US,34.01,-118.4717,96882,"Predovic, Bailey and Hammes",07/08/2022
639,Darcy,Creggan,dcregganhq@nature.com,Agender,1992,Volkswagen,GTI,New York City,New York,10029,US,40.7918,-73.9448,47337,"Kovacek, Leannon and Braun",02/01/2022
640,Bunny,Burston,bburstonhr@joomla.org,Female,2001,Ford,Explorer Sport Trac,Dayton,Ohio,45419,US,39.7155,-84.1637,89280,Ritchie-Glover,10/16/2023
641,Winifred,Watkin,wwatkinhs@deliciousdays.com,Female,2011,Acura,MDX,Fort Lauderdale,Florida,33310,US,26.1443,-80.2069,62373,Kulas-Harvey,03/21/2025
642,Vinny,Ivison,vivisonht@sohu.com,Female,2006,Chevrolet,Silverado 3500,Lansing,Michigan,48912,US,42.7371,-84.5244,45438,Nicolas Group,04/06/2022
643,Ikey,Torbett,itorbetthu@people.com.cn,Male,1990,Mitsubishi,L300,Shreveport,Louisiana,71115,US,32.3401,-93.6092,56037,Rolfson-Hills,04/09/2023
644,Em,Marlin,emarlinhv@aol.com,Male,1987,Porsche,944,Santa Barbara,California,93106,US,34.4329,-119.8371,50105,"Lesch, Halvorson and Lakin",12/31/2022
645,Bunnie,Monshall,bmonshallhw@lycos.com,Female,1992,Ford,Explorer,Duluth,Georgia,30195,US,34.0047,-84.1532,67093,O'Reilly Group,09/04/2024
646,Welsh,Vinson,wvinsonhx@photobucket.com,Genderqueer,1994,Chevrolet,Caprice Classic,Seattle,Washington,98133,US,47.7377,-122.3431,65212,Labadie-Schoen,07/21/2023
647,Margie,Stockport,mstockporthy@blogspot.com,Female,2000,Nissan,Xterra,Saint Paul,Minnesota,55123,US,44.806,-93.1409,46989,Prosacco-Leffler,02/18/2023
648,Elenore,Waiton,ewaitonhz@google.com.br,Female,1967,Ford,Fairlane,Houston,Texas,77005,US,29.7179,-95.4263,45735,"Jerde, Hickle and Casper",03/22/2023
649,Hodge,Hutchcraft,hhutchcrafti0@macromedia.com,Male,2004,Chevrolet,Astro,Corpus Christi,Texas,78465,US,27.777,-97.4632,57645,Keebler Inc,10/03/2024
650,Paolo,Local,plocali1@state.tx.us,Male,1999,Jaguar,XJ Series,Norwalk,Connecticut,06859,US,41.3089,-73.3637,49218,Hodkiewicz Group,08/10/2025
651,Welch,Linkleter,wlinkleteri2@ameblo.jp,Male,2010,Chevrolet,Corvette,Albuquerque,New Mexico,87180,US,35.0443,-106.6729,94460,O'Conner and Sons,06/10/2023
652,Butch,Robbey,brobbeyi3@bbb.org,Male,1991,Plymouth,Laser,Norfolk,Virginia,23504,US,36.8586,-76.2686,80699,"McDermott, Quigley and Carroll",02/03/2023
653,Geneva,Sisey,gsiseyi4@weibo.com,Female,1997,Pontiac,Bonneville,Newport Beach,California,92662,US,33.6062,-117.8931,58274,"Schuster, Borer and Brekke",02/12/2023
654,Pepi,Danneil,pdanneili5@goo.gl,Female,2000,Lincoln,Town Car,Knoxville,Tennessee,37914,US,35.9918,-83.8496,48333,"Johnston, Mills and Kautzer",07/02/2023
655,Ignacio,Lorentzen,ilorentzeni6@shareasale.com,Male,2011,Ford,F-Series Super Duty,San Antonio,Texas,78230,US,29.5407,-98.5521,63232,"Schaefer, Sauer and Quigley",07/28/2023
656,Erminie,Mates,ematesi7@fotki.com,Female,1992,Toyota,Cressida,Washington,District of Columbia,20005,US,38.9067,-77.0312,69139,Roob LLC,03/11/2022
657,Care,Freddi,cfreddii8@sogou.com,Male,2010,GMC,Sierra,Seattle,Washington,98104,US,47.6036,-122.3256,95126,Prohaska-Johnston,10/22/2025
658,Lib,Jossel,ljosseli9@acquirethisname.com,Female,1999,Chrysler,LHS,Salt Lake City,Utah,84115,US,40.7145,-111.8931,88181,Johnson LLC,12/29/2023
659,Auroora,O'Cooney,aocooneyia@umn.edu,Female,1990,Ford,Bronco II,Louisville,Kentucky,40210,US,38.2306,-85.7905,72888,Kutch-Wilkinson,03/25/2025
660,Berkeley,Volcker,bvolckerib@earthlink.net,Male,1993,Dodge,Ram Wagon B350,Savannah,Georgia,31405,US,32.0391,-81.1242,32819,"O'Connell, Bartell and Jenkins",10/29/2025
661,Ritchie,Pund,rpundic@about.me,Male,2013,Mazda,Mazda6,El Paso,Texas,88514,US,31.6948,-106.3,68991,"Davis, Hudson and Crona",08/12/2025
662,Tansy,Hartil,thartilid@theatlantic.com,Female,1996,Cadillac,Seville,Jackson,Mississippi,39236,US,32.3113,-90.3972,93700,"Crona, Macejkovic and Stiedemann",03/06/2022
663,Will,Ashbolt,washboltie@icq.com,Male,2007,Volvo,S40,Carlsbad,California,92013,US,33.0169,-116.846,83898,"Feeney, Crist and Bruen",04/25/2025
664,Dolly,Backs,dbacksif@t-online.de,Female,1992,Mercedes-Benz,300SD,Levittown,Pennsylvania,19058,US,40.3286,-75.1028,37328,Klein LLC,05/07/2022
665,Galen,Van Cassel,gvancasselig@unc.edu,Male,1995,Chevrolet,Caprice Classic,Cincinnati,Ohio,45213,US,39.1802,-84.4204,62889,Walter-Schneider,05/21/2023
666,Elvin,Werner,ewernerih@sfgate.com,Male,2005,Maserati,Quattroporte,Watertown,Massachusetts,02472,US,42.37,-71.1773,33815,Howell and Sons,09/02/2025
667,Samaria,Cars,scarsii@omniture.com,Female,1994,Suzuki,Swift,Topeka,Kansas,66667,US,39.0429,-95.7697,79074,Adams-Pagac,09/28/2024
668,Brittaney,Hurlin,bhurlinij@unesco.org,Female,1986,Audi,Coupe GT,Fresno,California,93704,US,36.7991,-119.8016,88952,Ebert Inc,08/28/2024
669,Ag,Owbrick,aowbrickik@noaa.gov,Female,1998,Oldsmobile,Achieva,Garland,Texas,75044,US,32.9522,-96.6654,83693,Marks LLC,12/30/2023
670,Tedmund,Poulton,tpoultonil@ameblo.jp,Male,1991,Mercury,Topaz,Mobile,Alabama,36605,US,30.6341,-88.0846,76394,"Tromp, Durgan and Gibson",01/15/2024
671,Bron,Fossitt,bfossittim@studiopress.com,Male,1994,Lotus,Esprit,Birmingham,Alabama,35236,US,33.5446,-86.9292,38691,Robel and Sons,10/24/2025
672,Lara,Skurm,lskurmin@npr.org,Genderqueer,2013,Chevrolet,Tahoe,Las Vegas,Nevada,89140,US,36.086,-115.1471,98144,Deckow-Hayes,02/09/2023
673,Dicky,Curthoys,dcurthoysio@adobe.com,Male,2009,Ford,F350,Colorado Springs,Colorado,80940,US,38.8247,-104.562,70210,"Metz, Reichel and Prosacco",01/26/2023
674,Israel,Josofovitz,ijosofovitzip@cnbc.com,Male,2004,Nissan,Quest,Houston,Texas,77070,US,29.9781,-95.5803,65580,Brekke Group,02/08/2024
675,Danette,Mungan,dmunganiq@newsvine.com,Female,2012,Bentley,Continental GTC,Plano,Texas,75074,US,33.0277,-96.6777,57127,"Predovic, VonRueden and Fahey",07/05/2023
676,Fenelia,Thornhill,fthornhillir@nytimes.com,Female,1998,Jaguar,XK Series,Denver,Colorado,80255,US,39.7388,-104.4083,88228,Bailey-Stroman,01/19/2026
677,Donielle,Klausen,dklausenis@cbsnews.com,Female,1999,Ford,Econoline E250,Memphis,Tennessee,38161,US,35.2017,-89.9715,52242,"Von, Mann and Powlowski",01/26/2025
678,Sloan,Hartshorne,shartshorneit@vistaprint.com,Male,1970,Chevrolet,Corvette,Washington,District of Columbia,20319,US,38.8667,-77.0166,61747,Tillman Group,10/13/2023
679,Uta,Nelthorpe,unelthorpeiu@webmd.com,Female,2007,Chrysler,Town & Country,Sacramento,California,94286,US,38.3774,-121.4444,42975,Conn-Mohr,05/22/2022
680,Benedict,Durden,bdurdeniv@nsw.gov.au,Male,2007,Chrysler,Pacifica,Buffalo,New York,14205,US,42.7684,-78.8871,65962,Metz LLC,10/23/2022
681,Aloise,McCaughey,amccaugheyiw@soup.io,Female,1988,Mitsubishi,Starion,Knoxville,Tennessee,37914,US,35.9918,-83.8496,78577,Beier and Sons,05/16/2022
682,Franky,Edelston,fedelstonix@marriott.com,Female,1985,Chevrolet,Corvette,Falls Church,Virginia,22047,US,38.8318,-77.2888,74546,Fisher and Sons,05/25/2023
683,Percival,Guyet,pguyetiy@nymag.com,Male,2005,Ford,F150,Trenton,New Jersey,08603,US,40.2805,-74.712,96947,Thiel and Sons,07/29/2024
684,Thorpe,Paprotny,tpaprotnyiz@nydailynews.com,Male,2007,Hyundai,Entourage,Rochester,New York,14604,US,43.1577,-77.608,32143,Pollich Inc,03/23/2022
685,Peder,Shrive,pshrivej0@about.me,Male,1998,Lincoln,Mark VIII,Springfield,Massachusetts,01129,US,42.1223,-72.4876,72807,Hoeger-Ziemann,06/22/2022
686,Torie,Sanz,tsanzj1@tiny.cc,Female,2011,Toyota,Camry,Orlando,Florida,32868,US,28.5663,-81.2608,98511,Dibbert-Kuhn,01/17/2024
687,Karlik,Roscoe,kroscoej2@hugedomains.com,Male,2006,Mercury,Mountaineer,Louisville,Kentucky,40287,US,38.189,-85.6768,42926,Buckridge-Heaney,06/15/2023
688,Homerus,Devanney,hdevanneyj3@nifty.com,Male,1996,Pontiac,Firebird,Whittier,California,90605,US,33.9413,-118.0356,90989,Christiansen LLC,08/15/2025
689,Skylar,Juhruke,sjuhrukej4@example.com,Male,2006,Chevrolet,Suburban,Washington,District of Columbia,20088,US,38.8933,-77.0146,80067,Crist-Kohler,01/24/2024
690,Gordie,Kinsley,gkinsleyj5@hibu.com,Male,1998,Chevrolet,G-Series 3500,Washington,District of Columbia,20456,US,38.8981,-77.0401,56973,"King, Emmerich and Block",02/22/2024
691,Lennie,Clowsley,lclowsleyj6@sbwire.com,Male,1988,Volkswagen,Scirocco,Plano,Texas,75074,US,33.0277,-96.6777,55163,"Lemke, Hilll and Cartwright",09/18/2025
692,Shaun,Borton,sbortonj7@cdbaby.com,Agender,1999,Pontiac,Firebird Formula,Hartford,Connecticut,06120,US,41.786,-72.6758,89559,Yundt-Swaniawski,11/03/2023
693,Lacee,Woodyear,lwoodyearj8@hostgator.com,Female,1990,Buick,Skylark,Chicago,Illinois,60619,US,41.7458,-87.6054,46123,Cummerata LLC,05/06/2024
694,Perla,Abrehart,pabrehartj9@nymag.com,Female,2006,Pontiac,Montana,Tampa,Florida,33694,US,27.872,-82.4388,58536,"Thiel, Batz and Raynor",12/19/2023
695,Timmie,Mawman,tmawmanja@ow.ly,Female,1987,Mercury,Lynx,Amarillo,Texas,79118,US,35.0763,-101.8349,57564,Ledner Group,02/11/2025
696,Sallyanne,Joincey,sjoinceyjb@taobao.com,Polygender,1992,Toyota,Paseo,Charleston,South Carolina,29416,US,32.8488,-79.8577,97781,Friesen-Turner,03/09/2023
697,Teena,Smallbone,tsmallbonejc@exblog.jp,Female,1990,Pontiac,Trans Sport,Durham,North Carolina,27705,US,36.0218,-78.9478,41466,Kutch LLC,01/15/2023
698,Tomkin,Irvine,tirvinejd@canalblog.com,Male,2009,Volvo,V70,Tulsa,Oklahoma,74193,US,36.1398,-96.0297,69634,"Rice, Kuhic and Koelpin",11/20/2023
699,Justus,Drewson,jdrewsonje@abc.net.au,Male,2004,Corbin,Sparrow,Austin,Texas,78721,US,30.2721,-97.6868,70875,"Krajcik, Leffler and Flatley",06/01/2024
700,Gilbertine,Luisetti,gluisettijf@tumblr.com,Female,2000,Mazda,B-Series,Hicksville,New York,11854,US,40.7548,-73.6018,31762,Denesik-Dibbert,07/14/2024
701,Tamqrah,Childs,tchildsjg@de.vu,Female,1995,Ford,F250,Sacramento,California,94207,US,38.3774,-121.4444,61238,"Beatty, Grimes and Feest",12/31/2022
702,Jacquenetta,Tunsley,jtunsleyjh@pcworld.com,Female,2004,MINI,Cooper,Annapolis,Maryland,21405,US,39.0305,-76.5515,41529,Rath and Sons,07/26/2024
703,Jori,Burney,jburneyji@tumblr.com,Female,1970,Pontiac,Grand Prix,Decatur,Illinois,62525,US,39.854,-88.9815,35645,"Grimes, Kunde and Rowe",10/23/2022
704,Clarissa,Durgan,cdurganjj@google.ca,Female,1992,Nissan,NX,Harrisburg,Pennsylvania,17105,US,40.2785,-76.8752,67614,Lowe and Sons,04/13/2023
705,Kristan,Oates,koatesjk@jalbum.net,Non-binary,2000,Honda,Insight,Washington,District of Columbia,20456,US,38.8981,-77.0401,69586,Dietrich-Langworth,05/06/2024
706,Zed,Duckhouse,zduckhousejl@bbc.co.uk,Genderqueer,1992,Mazda,RX-7,Marietta,Georgia,30061,US,33.9328,-84.556,52865,Mohr Group,12/14/2023
707,Brett,Ceeley,bceeleyjm@furl.net,Female,2001,Nissan,Sentra,Baltimore,Maryland,21290,US,39.2933,-76.6238,41026,Conroy Inc,01/31/2022
708,Morton,Burnitt,mburnittjn@samsung.com,Male,2004,Toyota,Land Cruiser,Dallas,Texas,75241,US,32.6722,-96.7774,62966,"Cormier, Botsford and Bins",06/16/2025
709,Ossie,Carryer,ocarryerjo@nsw.gov.au,Male,2013,Ford,Fusion,Alpharetta,Georgia,30022,US,34.0268,-84.2422,37180,Stiedemann Inc,03/17/2025
710,Jamison,Lishman,jlishmanjp@theatlantic.com,Male,2008,Toyota,Matrix,Pinellas Park,Florida,34665,US,27.8402,-82.7125,96717,Gleason Group,08/30/2023
711,Aila,Vereker,averekerjq@dedecms.com,Female,1996,Saab,9000,Manchester,New Hampshire,03105,US,42.9521,-71.6539,97221,"Keeling, Lehner and King",04/08/2025
712,Charmine,Janowicz,cjanowiczjr@theglobeandmail.com,Female,1995,Toyota,Previa,Ogden,Utah,84409,US,41.2553,-111.9567,56332,"Hahn, Bogisich and Lind",03/28/2023
713,Nani,McMeyler,nmcmeylerjs@youtu.be,Female,2006,Mitsubishi,Raider,Oklahoma City,Oklahoma,73135,US,35.411,-97.4388,41617,"Conn, Gulgowski and Beer",09/25/2025
714,Hobard,Stoffel,hstoffeljt@altervista.org,Male,1997,Dodge,Ram 2500,Oklahoma City,Oklahoma,73157,US,35.5514,-97.4075,96380,Gusikowski-Gutmann,11/09/2022
715,Bryanty,Belcham,bbelchamju@noaa.gov,Male,1999,Infiniti,QX,Evansville,Indiana,47705,US,37.9971,-87.575,49575,Kshlerin-Block,10/04/2023
716,Floria,Pealing,fpealingjv@nsw.gov.au,Genderqueer,2008,Bentley,Arnage,Dallas,Texas,75397,US,32.7673,-96.7776,30076,"Wiza, Borer and MacGyver",08/02/2023
717,Fowler,Georgeon,fgeorgeonjw@google.com.au,Male,1997,Ford,Aspire,West Palm Beach,Florida,33421,US,26.6459,-80.4303,88332,"Koepp, Bartoletti and Aufderhar",03/24/2024
718,Merwyn,Witchard,mwitchardjx@hud.gov,Male,2000,Dodge,Durango,Clearwater,Florida,33763,US,28.0173,-82.7461,76560,Cartwright-Kuhn,05/16/2022
719,Rodge,Jerwood,rjerwoodjy@wikimedia.org,Male,2012,Ford,Fusion,Sacramento,California,94297,US,38.3774,-121.4444,74321,"Kris, Goyette and Konopelski",05/31/2024
720,Karlens,Manifold,kmanifoldjz@clickbank.net,Male,2005,Ford,GT,Springfield,Illinois,62756,US,39.7495,-89.606,97679,Quitzon-Parisian,10/08/2024
721,Saunder,Cawson,scawsonk0@uol.com.br,Male,2011,GMC,Terrain,Topeka,Kansas,66617,US,39.1271,-95.6384,47272,Metz-MacGyver,12/14/2025
722,Merwyn,Skentelbury,mskentelburyk1@oracle.com,Male,2009,Hyundai,Entourage,Roanoke,Virginia,24009,US,37.2742,-79.9579,45270,"Walker, Rutherford and Homenick",12/03/2024
723,Stearn,Pencott,spencottk2@php.net,Male,2004,Lexus,GS,Pensacola,Florida,32520,US,30.4124,-87.2035,94499,Barrows and Sons,06/17/2024
724,Livy,Windrass,lwindrassk3@xing.com,Female,2009,Mercedes-Benz,R-Class,Atlanta,Georgia,30351,US,33.8444,-84.474,95331,Hayes-West,05/21/2023
725,Angelica,Duker,adukerk4@shutterfly.com,Female,2002,Mazda,Protege,Buffalo,New York,14220,US,42.8441,-78.8182,88316,Schinner-Gutkowski,10/31/2023
726,Janela,Spark,jsparkk5@wired.com,Female,1995,Saab,900,Shawnee Mission,Kansas,66215,US,38.949,-94.7405,85337,Sanford Inc,07/03/2024
727,Andy,Gilhouley,agilhouleyk6@gizmodo.com,Male,2010,Porsche,Cayman,Milwaukee,Wisconsin,53210,US,43.0685,-87.9715,37457,"Goodwin, Stark and Morissette",04/21/2022
728,Reagen,Colegate,rcolegatek7@seattletimes.com,Male,1996,Plymouth,Grand Voyager,Memphis,Tennessee,38143,US,35.2017,-89.9715,59631,Kris-Bins,06/25/2025
729,Jacob,Wankel,jwankelk8@cbsnews.com,Male,1992,Ford,Thunderbird,El Paso,Texas,79984,US,31.6948,-106.3,59913,"Lubowitz, Kris and Oberbrunner",04/25/2022
730,Shurlocke,Bartram,sbartramk9@blogger.com,Male,2011,Porsche,Cayman,Trenton,New Jersey,08650,US,40.2805,-74.712,64296,Stehr and Sons,03/05/2025
731,Alejandra,Philpott,aphilpottka@chron.com,Female,1996,Lexus,LX,El Paso,Texas,79905,US,31.7674,-106.4304,60244,"Turcotte, Rice and Schiller",11/24/2022
732,Morry,Englishby,menglishbykb@youtu.be,Male,1998,Chevrolet,Lumina,Pittsburgh,Pennsylvania,15210,US,40.4072,-79.9839,31175,Olson Inc,02/06/2022
733,Berkie,Thyng,bthyngkc@hp.com,Genderfluid,1986,Pontiac,1000,Washington,District of Columbia,20036,US,38.9087,-77.0414,71206,"Quigley, Vandervort and Erdman",10/05/2023
734,Chase,Pozzi,cpozzikd@hexun.com,Genderqueer,1995,Toyota,Paseo,Laredo,Texas,78044,US,27.3637,-99.4819,68924,Corkery-Abshire,07/26/2023
735,Gordon,Petrelli,gpetrellike@g.co,Male,2008,Ford,E250,Des Moines,Iowa,50936,US,41.6727,-93.5722,65323,"Runte, Moore and Daugherty",03/16/2024
736,Vergil,Hebble,vhebblekf@com.com,Male,1994,Mercury,Topaz,Saint Paul,Minnesota,55166,US,45.0059,-93.1059,62092,"Jakubowski, Gerlach and Cronin",02/15/2022
737,Gothart,Dandie,gdandiekg@nih.gov,Male,1997,Mercury,Cougar,Arlington,Texas,76096,US,32.7714,-97.2915,58919,"Braun, Renner and Russel",12/06/2022
738,Siusan,Lamp,slampkh@usda.gov,Female,2012,Buick,Enclave,Portland,Oregon,97216,US,45.5137,-122.5569,69555,Kessler-Cartwright,05/26/2022
739,Hazel,Duckering,hduckeringki@scribd.com,Male,1994,Chevrolet,S10,Los Angeles,California,90189,US,34.0515,-118.2559,97570,"Yost, Monahan and Kilback",08/08/2025
740,Dido,Geffcock,dgeffcockkj@gov.uk,Female,2012,Chevrolet,Cruze,Houston,Texas,77035,US,29.6518,-95.4854,45311,Gleason-Boyle,04/13/2024
741,Margalit,Arkley,markleykk@census.gov,Female,2001,Acura,NSX,Pittsburgh,Pennsylvania,15274,US,40.4344,-80.0248,99344,Kunze-Lebsack,11/29/2022
742,Shep,Paylie,spayliekl@google.ca,Male,2001,Lincoln,Navigator,Austin,Texas,78703,US,30.2907,-97.7648,96071,Thiel-Bauch,08/30/2023
743,Reid,Lesslie,rlessliekm@goo.gl,Male,2004,Chevrolet,Express 3500,Frederick,Maryland,21705,US,39.47,-77.3921,45507,Cummerata LLC,12/08/2024
744,Gustavus,Gally,ggallykn@sina.com.cn,Male,1992,Ford,F250,Amarillo,Texas,79105,US,35.4015,-101.8951,97509,Mante LLC,12/26/2025
745,Olin,Hudel,ohudelko@github.io,Genderqueer,1997,Toyota,Paseo,Huntsville,Texas,77343,US,30.7813,-95.5953,42840,Lowe-Mann,04/06/2024
746,Agnesse,Swannie,aswanniekp@nationalgeographic.com,Female,2009,Volkswagen,GLI,Washington,District of Columbia,20456,US,38.8981,-77.0401,76502,"Ratke, Cronin and O'Reilly",07/03/2023
747,Myrtle,Sprowson,msprowsonkq@admin.ch,Genderqueer,1999,Mazda,Protege,Chicago,Illinois,60630,US,41.9699,-87.7603,57535,Volkman and Sons,04/08/2023
748,Crysta,Forsdicke,cforsdickekr@xinhuanet.com,Female,1994,Saab,900,Washington,District of Columbia,20005,US,38.9067,-77.0312,87193,Watsica LLC,08/15/2025
749,Beatrice,Lohde,blohdeks@bigcartel.com,Female,1989,Acura,Legend,Flushing,New York,11388,US,40.6514,-73.8708,36948,Walker Inc,08/25/2023
750,Laney,Grabiec,lgrabieckt@soundcloud.com,Female,2003,BMW,3 Series,Washington,District of Columbia,20041,US,38.8933,-77.0146,57413,Funk-Waelchi,05/30/2025
751,Dalli,Mathes,dmathesku@redcross.org,Male,1994,GMC,Rally Wagon 3500,Houston,Texas,77005,US,29.7179,-95.4263,89856,Grady-Walker,12/23/2025
752,Dori,Acklands,dacklandskv@amazon.de,Female,2011,Ford,Expedition EL,Memphis,Tennessee,38114,US,35.0981,-89.9825,39251,Jacobs-Yost,06/21/2025
753,Torey,Salsberg,tsalsbergkw@nifty.com,Male,2007,Isuzu,i-370,Oklahoma City,Oklahoma,73167,US,35.5514,-97.4075,91270,"Predovic, Hermiston and Gislason",02/22/2024
754,Liam,Carcass,lcarcasskx@washington.edu,Male,1998,Nissan,Quest,Scottsdale,Arizona,85255,US,33.6968,-111.8892,76561,Olson-O'Kon,06/21/2022
755,Henriette,Shall,hshallky@exblog.jp,Female,2001,BMW,M3,Tyler,Texas,75705,US,32.3766,-95.1252,69086,Mohr LLC,07/16/2022
756,Anthea,McDuffie,amcduffiekz@yandex.ru,Female,2012,Chevrolet,Malibu,Baton Rouge,Louisiana,70815,US,30.4558,-91.0596,94915,Kilback and Sons,01/07/2026
757,Charmian,Clurow,cclurowl0@tumblr.com,Female,2002,Acura,RL,Cincinnati,Ohio,45264,US,39.1668,-84.5382,82509,"Hintz, Schneider and Altenwerth",07/13/2025
758,Oswell,Seakings,oseakingsl1@discuz.net,Male,1988,Ford,Laser,New York City,New York,10155,US,40.7611,-73.968,75442,Hahn LLC,02/02/2025
759,Shannen,Heaps,sheapsl2@nature.com,Female,1997,Nissan,Maxima,Amarillo,Texas,79171,US,35.4015,-101.8951,63471,"Will, Greenholt and Brakus",02/18/2025
760,Mead,Markel,mmarkell3@google.co.uk,Male,2007,Ford,Freestar,Charleston,West Virginia,25336,US,38.2968,-81.5547,69431,Lebsack-Lang,05/14/2022
761,Fayina,Bodechon,fbodechonl4@hatena.ne.jp,Female,2004,Chrysler,Concorde,Salt Lake City,Utah,84170,US,40.6681,-111.9083,99679,"Monahan, Wolf and Schaefer",11/07/2025
762,Hamlen,Pimlock,hpimlockl5@multiply.com,Male,1990,Ford,Ranger,Hattiesburg,Mississippi,39404,US,31.1721,-89.2948,43413,"Bahringer, Frami and Roob",02/12/2023
763,Lowe,Dillingstone,ldillingstonel6@nytimes.com,Male,1998,Lexus,LS,Trenton,New Jersey,08695,US,40.2805,-74.712,78137,O'Conner-Zemlak,11/21/2022
764,Stormi,Turvie,sturviel7@opensource.org,Female,1993,Ford,Crown Victoria,Fort Wayne,Indiana,46814,US,41.0456,-85.3058,62462,Price Group,01/16/2024
765,Bertram,Nacci,bnaccil8@t.co,Male,1965,Volkswagen,Beetle,Anniston,Alabama,36205,US,33.7358,-85.7933,68493,Feeney and Sons,04/29/2023
766,Emilie,Hasson,ehassonl9@wiley.com,Female,2011,GMC,Sierra 2500,Lexington,Kentucky,40546,US,38.0283,-84.4715,75993,Klein LLC,01/12/2023
767,Mada,Barajaz,mbarajazla@ameblo.jp,Non-binary,2007,Cadillac,Escalade ESV,Nashville,Tennessee,37235,US,36.1866,-86.7852,64546,Cartwright Group,08/28/2025
768,Britteny,Bert,bbertlb@ocn.ne.jp,Female,1996,Mitsubishi,Galant,Billings,Montana,59105,US,45.9497,-108.599,37973,Jast Group,10/19/2023
769,Edythe,Bronger,ebrongerlc@amazonaws.com,Non-binary,1993,Dodge,Dakota Club,El Paso,Texas,79934,US,31.9386,-106.4073,77472,Borer Group,05/21/2024
770,Pauly,Langran,plangranld@vimeo.com,Male,2005,Honda,Civic Si,Miami,Florida,33185,US,25.7274,-80.4497,72626,Green-Glover,03/22/2022
771,Skipton,Blader,sbladerle@tamu.edu,Male,2008,Mazda,CX-7,Hialeah,Florida,33018,US,25.9098,-80.3889,86202,Conroy and Sons,04/01/2023
772,Rheta,Roberto,rrobertolf@spiegel.de,Female,1996,Dodge,Intrepid,Anchorage,Alaska,99517,US,61.1901,-149.9361,70814,"Buckridge, Kub and Crist",09/28/2023
773,Johnath,Greenhalgh,jgreenhalghlg@miibeian.gov.cn,Agender,1987,Pontiac,Grand Am,Sarasota,Florida,34276,US,27.1675,-82.381,46028,Klein and Sons,03/11/2023
774,Dre,Whitfeld,dwhitfeldlh@pinterest.com,Female,1994,Mercury,Grand Marquis,Los Angeles,California,90035,US,34.0531,-118.3806,65262,Walter Inc,01/01/2023
775,Bettine,St. Quentin,bstquentinli@wikispaces.com,Female,1992,Ford,Econoline E250,Rochester,New York,14624,US,43.1216,-77.7311,81213,"Parisian, Swift and Murphy",01/31/2022
776,Jackqueline,Luetchford,jluetchfordlj@webeden.co.uk,Female,1992,Honda,Civic,Richmond,California,94807,US,37.7772,-121.9554,35599,Kunze-Stoltenberg,07/15/2023
777,Kiley,Veall,kvealllk@prweb.com,Female,1997,Ford,Mustang,Meridian,Mississippi,39305,US,32.4401,-88.6783,94501,Schowalter Group,10/06/2022
778,Yoko,Height,yheightll@usgs.gov,Female,2002,Toyota,Land Cruiser,Oakland,California,94605,US,37.7641,-122.1633,85422,"Schultz, Skiles and O'Hara",11/03/2023
779,Gwennie,Avramow,gavramowlm@wikipedia.org,Female,2003,Chevrolet,Express 2500,Pittsburgh,Pennsylvania,15225,US,40.5051,-80.1155,88240,"DuBuque, Dibbert and Pollich",03/06/2022
780,Jenni,Cowl,jcowlln@hao123.com,Female,1999,Jaguar,XJ Series,Saint Paul,Minnesota,55188,US,45.0059,-93.1059,52381,Upton Inc,06/13/2024
781,Ignace,Mathonnet,imathonnetlo@japanpost.jp,Male,2004,Ford,Ranger,Van Nuys,California,91499,US,33.7866,-118.2987,42177,Jaskolski-Emard,01/08/2024
782,Bambi,Ioannou,bioannoulp@reference.com,Female,2009,Scion,xB,Colorado Springs,Colorado,80915,US,38.8558,-104.7134,53383,Legros Group,11/18/2022
783,Ruby,Markwell,rmarkwelllq@utexas.edu,Male,2006,Porsche,Cayenne,Santa Ana,California,92705,US,33.754,-117.7919,95027,Kessler-Goodwin,05/18/2024
784,Dorey,Emmerson,demmersonlr@deliciousdays.com,Male,2005,Volkswagen,Jetta,Silver Spring,Maryland,20918,US,39.144,-77.2076,81158,Becker Inc,08/19/2025
785,Danella,Stammirs,dstammirsls@globo.com,Female,1988,Ford,Escort,Cincinnati,Ohio,45238,US,39.1092,-84.6108,48408,Kling Group,07/23/2023
786,Con,Whightman,cwhightmanlt@wisc.edu,Non-binary,1996,Chevrolet,Camaro,Fort Worth,Texas,76121,US,32.7714,-97.2915,93370,Thiel-Kohler,03/02/2022
787,Neysa,Gotthard.sf,ngotthardsflu@about.com,Female,2000,Chevrolet,Silverado 2500,Tucson,Arizona,85754,US,31.9701,-111.8907,59363,O'Reilly-Cartwright,03/06/2024
788,Georges,Snoddy,gsnoddylv@twitpic.com,Agender,2010,GMC,Sierra,Nashville,Tennessee,37228,US,36.1901,-86.8053,46936,"Carroll, Berge and Romaguera",08/16/2022
789,Aldin,Corwin,acorwinlw@wikispaces.com,Male,2008,Chevrolet,Suburban 1500,New York City,New York,10203,US,40.7808,-73.9772,66008,Lubowitz-McLaughlin,11/13/2023
790,Shurlock,Greneham,sgrenehamlx@zimbio.com,Male,1975,Pontiac,Grand Prix,Philadelphia,Pennsylvania,19141,US,40.0365,-75.1451,44130,Corwin-Davis,04/10/2024
791,Irvin,Stokoe,istokoely@shinystat.com,Male,1995,Chevrolet,G-Series G10,Midland,Texas,79710,US,31.8693,-102.0317,38307,"MacGyver, Hickle and Schimmel",05/15/2025
792,Elbert,Breming,ebreminglz@ca.gov,Male,2000,Cadillac,DeVille,Salem,Oregon,97312,US,44.9364,-123.0381,94388,Moen-Conn,11/20/2022
793,Lorette,Tingly,ltinglym0@dedecms.com,Female,1999,Ford,Econoline E250,Orlando,Florida,32819,US,28.4522,-81.4678,66028,"Wolf, Ziemann and Strosin",12/24/2025
794,Elinore,Jeary,ejearym1@msn.com,Female,2000,Saturn,L-Series,El Paso,Texas,88530,US,31.6948,-106.3,71694,Labadie LLC,08/08/2022
795,Mickey,Balcombe,mbalcombem2@github.com,Male,2009,Cadillac,XLR-V,Miami,Florida,33180,US,25.9597,-80.1403,59422,"Emmerich, Greenholt and Crist",02/04/2022
796,Desiri,Donnison,ddonnisonm3@blogtalkradio.com,Female,1998,Mitsubishi,Montero,Aurora,Colorado,80015,US,39.6255,-104.7874,80225,Blick-Flatley,12/22/2023
797,Jeffry,Wornham,jwornhamm4@mapy.cz,Male,2012,Ferrari,FF,Virginia Beach,Virginia,23459,US,36.9216,-76.0171,43786,Hickle Inc,08/09/2022
798,Aubry,Likly,aliklym5@hatena.ne.jp,Female,1994,Dodge,Spirit,New York City,New York,10120,US,40.7506,-73.9894,62765,"Mills, Schamberger and Auer",01/02/2023
799,Marni,Piatto,mpiattom6@wikia.com,Female,2013,Chevrolet,Malibu,Anniston,Alabama,36205,US,33.7358,-85.7933,44278,"Davis, Ullrich and Green",09/23/2023
800,Ezmeralda,Buggs,ebuggsm7@narod.ru,Female,1997,Chevrolet,Express 3500,Columbia,South Carolina,29203,US,34.0635,-81.0265,94367,"Johns, Bechtelar and Harvey",11/22/2025
801,Redford,Meeson,rmeesonm8@marketwatch.com,Male,2001,Chevrolet,Silverado,San Antonio,Texas,78230,US,29.5407,-98.5521,83579,Goldner-Moore,03/23/2024
802,Darci,McCroary,dmccroarym9@google.com,Female,2007,Mazda,Mazda3,Washington,District of Columbia,20535,US,38.8941,-77.0251,68132,"Effertz, Medhurst and Heathcote",11/14/2023
803,Tirrell,Livick,tlivickma@pcworld.com,Male,2002,Chevrolet,Impala,Saint Joseph,Missouri,64504,US,39.7076,-94.8677,85324,Powlowski and Sons,03/12/2023
804,Kaylyn,Dennerley,kdennerleymb@howstuffworks.com,Female,2000,Lincoln,Continental,New York City,New York,10099,US,40.7808,-73.9772,69160,"Dickinson, Torphy and Jacobs",06/25/2023
805,Dru,Leathwood,dleathwoodmc@tuttocitta.it,Male,2007,GMC,Yukon XL 2500,Albany,New York,12247,US,42.6149,-73.9708,88810,Torphy-Stanton,02/16/2023
806,Alonzo,Rouse,arousemd@fema.gov,Male,2010,Aston Martin,DB9,Washington,District of Columbia,20409,US,38.8933,-77.0146,59404,McLaughlin and Sons,01/10/2026
807,Aleta,Delgadillo,adelgadillome@wufoo.com,Female,1999,Mercedes-Benz,S-Class,Norfolk,Virginia,23504,US,36.8586,-76.2686,85992,Weimann and Sons,12/18/2023
808,Fabian,Disbrow,fdisbrowmf@macromedia.com,Male,2003,Lincoln,Aviator,Knoxville,Tennessee,37939,US,35.9901,-83.9622,37395,"Howe, Donnelly and Cassin",07/13/2022
809,Rosita,Lombardo,rlombardomg@scientificamerican.com,Non-binary,2005,Chevrolet,Malibu,Evansville,Indiana,47732,US,37.9971,-87.575,93542,Collins-Rosenbaum,01/23/2024
810,Dominik,Wudeland,dwudelandmh@columbia.edu,Male,2003,Dodge,Caravan,El Paso,Texas,79994,US,31.6948,-106.3,59895,"Wilderman, Collins and Aufderhar",03/01/2025
811,Therine,Wigley,twigleymi@opensource.org,Female,2007,GMC,Yukon XL 1500,Dallas,Texas,75210,US,32.7699,-96.743,69189,Abbott and Sons,11/25/2025
812,Tressa,McCory,tmccorymj@wordpress.org,Female,1993,Mercury,Sable,Jacksonville,Florida,32236,US,30.3449,-81.6831,98641,"Littel, Hilll and Graham",06/29/2022
813,Ollie,Gerrans,ogerransmk@irs.gov,Male,1989,Buick,Skyhawk,Sioux City,Iowa,51110,US,42.4011,-96.372,39169,Johns-Thiel,09/02/2022
814,Fawne,Hullot,fhullotml@cloudflare.com,Female,2004,Jeep,Grand Cherokee,Worcester,Massachusetts,01610,US,42.2492,-71.8108,68389,Beatty Inc,07/29/2025
815,Shepperd,Burch,sburchmm@nhs.uk,Male,2005,Buick,Terraza,Oklahoma City,Oklahoma,73129,US,35.4312,-97.4913,96471,"Boyer, Volkman and Kertzmann",08/18/2024
816,Yanaton,Meighan,ymeighanmn@princeton.edu,Male,2006,Maserati,Quattroporte,Anchorage,Alaska,99507,US,61.1535,-149.8289,34777,Beier-Bergnaum,12/21/2025
817,Lisabeth,Liddall,lliddallmo@nbcnews.com,Genderqueer,2011,Volkswagen,Routan,Kent,Washington,98042,US,47.368,-122.1206,32730,Lehner Group,03/26/2023
818,Verne,Ferronet,vferronetmp@about.com,Male,1995,Volvo,960,Schaumburg,Illinois,60193,US,42.0144,-88.0935,45912,Klein LLC,05/31/2024
819,Jeramie,Arendt,jarendtmq@eepurl.com,Bigender,2009,Ford,E-Series,Boca Raton,Florida,33432,US,26.3462,-80.0844,72371,Rohan-Wolff,09/16/2024
820,Tania,Caygill,tcaygillmr@wikipedia.org,Female,2007,Ford,Mustang,Flint,Michigan,48550,US,43.0349,-83.6887,63763,Stracke-Casper,07/01/2022
821,Carl,Castelin,ccastelinms@wikipedia.org,Male,2005,Mercury,Mariner,Boise,Idaho,83757,US,43.4599,-116.244,39670,Upton and Sons,07/22/2022
822,Hall,Lamswood,hlamswoodmt@tmall.com,Male,2007,Nissan,Frontier,Pensacola,Florida,32520,US,30.4124,-87.2035,31353,Becker Group,01/12/2023
823,Netty,Tiltman,ntiltmanmu@google.co.uk,Female,2004,Acura,TSX,Houston,Texas,77030,US,29.7041,-95.401,80503,Monahan-Douglas,11/07/2025
824,Karyn,Gerson,kgersonmv@google.es,Female,2006,Chrysler,Sebring,Hialeah,Florida,33018,US,25.9098,-80.3889,92186,Hilll-Rath,10/17/2022
825,Angie,Wigzell,awigzellmw@delicious.com,Female,1992,Mitsubishi,RVR,Norwalk,Connecticut,06859,US,41.3089,-73.3637,67549,Klocko Group,01/02/2023
826,Sissy,Reddick,sreddickmx@blog.com,Polygender,2001,Mazda,Protege,White Plains,New York,10606,US,41.0247,-73.7781,94330,Mayer LLC,11/14/2025
827,Ariella,Chilvers,achilversmy@prlog.org,Female,2001,Ford,Explorer Sport Trac,Toledo,Ohio,43615,US,41.6492,-83.6706,69602,Grant-Stokes,06/04/2024
828,Darwin,Tytler,dtytlermz@foxnews.com,Male,1986,Pontiac,Sunbird,Bryan,Texas,77806,US,30.6521,-96.341,34523,Bergstrom-Turner,04/04/2023
829,Nevsa,Moncreif,nmoncreifn0@mozilla.org,Female,2011,Ram,3500,Burbank,California,91520,US,34.1869,-118.348,90077,Willms-Bode,11/14/2025
830,Babb,Ericssen,bericssenn1@microsoft.com,Genderqueer,2010,Audi,S5,Washington,District of Columbia,20580,US,38.8933,-77.0146,61274,"Connelly, Huel and Berge",06/30/2025
831,Lotti,Lenihan,llenihann2@sfgate.com,Female,2010,Ford,Explorer Sport Trac,Saint Cloud,Minnesota,56372,US,45.5289,-94.5933,38343,Koch Inc,09/10/2022
832,Gustav,Longfield,glongfieldn3@alexa.com,Male,2004,Porsche,911,Knoxville,Tennessee,37995,US,35.9901,-83.9622,64388,"Ratke, Batz and Bergnaum",02/24/2023
833,Lori,McAdam,lmcadamn4@dagondesign.com,Female,1984,Ford,EXP,Tulsa,Oklahoma,74193,US,36.1398,-96.0297,84227,Frami Group,10/16/2025
834,Amelita,Kilpatrick,akilpatrickn5@miibeian.gov.cn,Female,2010,Ford,F450,Salt Lake City,Utah,84189,US,40.6681,-111.9083,64921,Borer Group,06/06/2023
835,Casar,Tregea,ctregean6@patch.com,Male,2009,Ford,E-Series,Wilkes Barre,Pennsylvania,18768,US,41.2722,-75.8801,97984,Jenkins Group,06/03/2023
836,Leonidas,Trevaskis,ltrevaskisn7@ftc.gov,Male,1997,Acura,TL,Memphis,Tennessee,38119,US,35.0821,-89.8501,75074,"Hartmann, McCullough and Rolfson",03/30/2022
837,Christye,Phant,cphantn8@nature.com,Female,2010,Lincoln,Navigator,Columbus,Ohio,43210,US,40.0028,-83.0164,84351,Wolff LLC,01/12/2026
838,Caria,Gorringe,cgorringen9@miitbeian.gov.cn,Genderfluid,1993,Dodge,D250 Club,Sacramento,California,94291,US,38.3774,-121.4444,74962,Ryan-Bauch,05/08/2023
839,Bartholomeo,Donaghie,bdonaghiena@flavors.me,Male,2007,Ford,Expedition,Waco,Texas,76705,US,31.6403,-97.0963,54434,Runolfsdottir and Sons,08/19/2025
840,Pepe,Penner,ppennernb@studiopress.com,Male,1995,GMC,3500,Miami,Florida,33164,US,25.5584,-80.4582,64180,Abshire and Sons,04/29/2023
841,Tony,Dabling,tdablingnc@canalblog.com,Male,1992,Honda,Prelude,Roanoke,Virginia,24004,US,37.2742,-79.9579,86616,Brakus-Mayert,03/18/2022
842,Harold,Scase,hscasend@sourceforge.net,Male,1999,Honda,Passport,Ridgely,Maryland,21684,US,38.8893,-75.8612,61736,Feil-Morissette,11/05/2023
843,Milton,Emmanuele,memmanuelene@clickbank.net,Male,1997,Holden,VS Commodore,Mobile,Alabama,36616,US,30.671,-88.1267,63628,Ratke LLC,11/12/2024
844,Venus,Beckinsale,vbeckinsalenf@mtv.com,Female,2012,Jeep,Grand Cherokee,Fort Lauderdale,Florida,33345,US,26.1654,-80.2959,55264,Schmidt-Murphy,09/02/2024
845,Seumas,Rennolds,srennoldsng@clickbank.net,Male,2001,Pontiac,Montana,Colorado Springs,Colorado,80910,US,38.8152,-104.7703,95505,Hills-Huel,01/11/2026
846,Pennie,Border,pbordernh@archive.org,Agender,2009,Saturn,Sky,El Paso,Texas,79999,US,31.6948,-106.3,67937,Monahan-Kiehn,03/22/2024
847,Molly,Prentice,mprenticeni@umich.edu,Female,1999,Mitsubishi,Diamante,Riverside,California,92505,US,33.9228,-117.4867,57761,Torphy Inc,03/30/2024
848,Thia,Vardie,tvardienj@tumblr.com,Female,1992,Toyota,Cressida,El Paso,Texas,88541,US,31.6948,-106.3,98051,Stiedemann-Haley,04/22/2025
849,Dorise,Castilla,dcastillank@si.edu,Bigender,1999,Buick,Century,Clearwater,Florida,33763,US,28.0173,-82.7461,64138,"Heidenreich, Kulas and Prosacco",07/22/2024
850,Cecilius,Chelsom,cchelsomnl@bluehost.com,Male,1985,Ford,E-Series,Washington,District of Columbia,20319,US,38.8667,-77.0166,89658,Stark-Cruickshank,03/18/2024
851,Jeromy,Duesbury,jduesburynm@csmonitor.com,Polygender,2006,Hummer,H3,Fort Smith,Arkansas,72916,US,35.2502,-94.3703,52230,Friesen-Walker,07/07/2025
852,Monika,Domoney,mdomoneynn@wix.com,Female,2011,Hyundai,Santa Fe,Saint Louis,Missouri,63167,US,38.6383,-90.4271,72268,"Hansen, Watsica and Abshire",09/13/2022
853,Whitney,Sheards,wsheardsno@google.ru,Male,2008,Ford,F450,Omaha,Nebraska,68164,US,41.2955,-96.1008,66445,"Sipes, Jaskolski and Johnson",03/29/2022
854,Ernst,McGloin,emcgloinnp@macromedia.com,Polygender,2012,Mercedes-Benz,M-Class,Cumming,Georgia,30130,US,34.2216,-84.1537,70787,Senger-Tillman,09/12/2025
855,Tabbatha,Sighard,tsighardnq@jimdo.com,Female,1989,Maserati,430,Washington,District of Columbia,20260,US,38.8933,-77.0146,39290,Johnson Inc,01/28/2026
856,Lanny,Ellor,lellornr@si.edu,Female,1969,Chevrolet,Corvette,Tacoma,Washington,98442,US,47.3081,-122.4185,63489,"Berge, Bernier and Littel",08/01/2022
857,Roxanna,Ferrone,rferronens@mozilla.org,Female,2004,Chevrolet,Corvette,Oklahoma City,Oklahoma,73114,US,35.5704,-97.5257,35725,Bernhard-Spencer,08/28/2025
858,Andria,Beltzner,abeltznernt@ehow.com,Female,2008,Ford,Taurus,Watertown,Massachusetts,02472,US,42.37,-71.1773,89087,"Jacobi, Tremblay and Rau",08/19/2025
859,Cornelle,Ribeiro,cribeironu@google.it,Female,1999,Mitsubishi,Montero Sport,Lexington,Kentucky,40510,US,38.0702,-84.591,78256,"Hoeger, Prosacco and Gulgowski",11/07/2023
860,Alayne,Matushevich,amatushevichnv@state.gov,Female,2008,Ford,Taurus,Tulsa,Oklahoma,74103,US,36.1539,-95.9954,79103,Tremblay LLC,01/03/2023
861,Roxanne,Kimbly,rkimblynw@virginia.edu,Female,1993,Suzuki,Swift,Minneapolis,Minnesota,55423,US,44.8756,-93.2553,90032,"Kovacek, Padberg and Hyatt",06/15/2022
862,Stormi,Ranaghan,sranaghannx@walmart.com,Female,1989,Mercedes-Benz,W201,San Francisco,California,94126,US,37.7848,-122.7278,48358,Lindgren LLC,06/20/2023
863,Catlin,Canlin,ccanlinny@wp.com,Female,1986,Pontiac,Grand Am,Killeen,Texas,76544,US,31.1282,-97.7469,90968,"Spencer, Kihn and D'Amore",02/24/2023
864,Roberto,Schwandner,rschwandnernz@dailymail.co.uk,Male,1988,Audi,80/90,Jackson,Mississippi,39216,US,32.3386,-90.1708,96366,Okuneva-Harvey,11/20/2022
865,Marisa,Leinthall,mleinthallo0@newsvine.com,Female,1987,Suzuki,Swift,Cincinnati,Ohio,45254,US,39.1668,-84.5382,92678,Ward Group,05/26/2025
866,Fairfax,Stegel,fstegelo1@discuz.net,Male,1995,Ford,F-Series,Paterson,New Jersey,07505,US,40.9166,-74.174,86165,Jaskolski Inc,12/18/2024
867,Marla,Seiter,mseitero2@dion.ne.jp,Female,2008,Dodge,Ram 1500,Toledo,Ohio,43615,US,41.6492,-83.6706,91931,Wehner-Greenholt,06/10/2025
868,Cally,Dever,cdevero3@apple.com,Female,1995,Buick,Roadmaster,Tulsa,Oklahoma,74193,US,36.1398,-96.0297,65718,Kirlin Group,09/06/2025
869,Janith,Duthy,jduthyo4@squarespace.com,Female,2000,Saab,9-3,Columbus,Ohio,43204,US,39.9523,-83.078,56704,Olson-Bergstrom,06/30/2022
870,Quill,Swanton,qswantono5@com.com,Male,2003,Subaru,Impreza,Charlotte,North Carolina,28242,US,35.26,-80.8042,97055,"Fadel, Hauck and Cremin",03/17/2022
871,Alano,Osborn,aosborno6@icq.com,Male,2011,Ford,Escape,Miami,Florida,33175,US,25.7341,-80.4068,55271,Towne LLC,07/03/2022
872,Carilyn,Pound,cpoundo7@infoseek.co.jp,Female,1998,Chevrolet,Express 1500,Cincinnati,Ohio,45213,US,39.1802,-84.4204,46962,Braun-Schowalter,08/30/2023
873,Joscelin,Timbs,jtimbso8@woothemes.com,Genderqueer,2012,Audi,A8,Amarillo,Texas,79165,US,35.4015,-101.8951,67734,O'Keefe Inc,02/16/2025
874,Gertrude,Harder,ghardero9@ow.ly,Female,1995,Chevrolet,2500,Sacramento,California,94257,US,38.3774,-121.4444,60020,"Mohr, Heller and Stehr",03/13/2022
875,Jud,Jorn,jjornoa@squidoo.com,Male,2000,Mercedes-Benz,S-Class,Texarkana,Texas,75507,US,33.3934,-94.3404,95001,"Cormier, Klocko and Reichel",06/24/2023
876,Georgeta,Heims,gheimsob@europa.eu,Female,1985,Buick,Regal,Monroe,Louisiana,71208,US,32.4968,-92.0756,41565,Skiles and Sons,02/26/2024
877,Rahal,Heller,rhelleroc@t.co,Female,2010,Lincoln,MKX,Santa Monica,California,90405,US,34.01,-118.4717,51120,"Legros, Senger and Satterfield",12/30/2023
878,Bastien,Permain,bpermainod@fotki.com,Male,2012,Mazda,CX-9,Athens,Georgia,30605,US,33.9321,-83.3525,66471,Koelpin LLC,03/08/2024
879,Hermie,Wrenn,hwrennoe@is.gd,Male,2012,Lexus,LS,Topeka,Kansas,66622,US,39.0429,-95.7697,83443,"Hansen, Koepp and Kuvalis",05/08/2025
880,Bryant,Sarver,bsarverof@narod.ru,Male,2004,Nissan,Maxima,Waco,Texas,76705,US,31.6403,-97.0963,68730,Thompson-Orn,06/14/2023
881,Anderson,Iamittii,aiamittiiog@si.edu,Male,1997,Toyota,Tercel,Harrisburg,Pennsylvania,17121,US,40.2944,-76.8938,31217,"Parisian, Jacobi and Abbott",01/20/2023
882,Dorie,Jandl,djandloh@scientificamerican.com,Bigender,1988,Volkswagen,Type 2,Waco,Texas,76711,US,31.5175,-97.1547,46040,"Crooks, Gutmann and Wilkinson",08/01/2023
883,Josiah,Jerrom,jjerromoi@wsj.com,Male,1991,Lexus,ES,Roanoke,Virginia,24014,US,37.2327,-79.9463,35217,"Hamill, Hane and Koch",10/25/2024
884,Berk,Wookey,bwookeyoj@google.es,Male,2000,Saab,9-3,Toledo,Ohio,43635,US,41.6868,-83.4394,66497,Lockman-Mitchell,05/08/2022
885,Erika,Duckering,educkeringok@clickbank.net,Female,1995,Dodge,Neon,Kansas City,Missouri,64101,US,39.1024,-94.5986,76288,"Lindgren, Tillman and Greenfelder",05/30/2025
886,Harry,Sipson,hsipsonol@ucoz.com,Male,2003,Mercedes-Benz,CLK-Class,Huntsville,Texas,77343,US,30.7813,-95.5953,83867,Kuvalis-Roberts,11/21/2025
887,Stinky,Kaminski,skaminskiom@marketwatch.com,Male,1998,Ford,Explorer,Wilmington,Delaware,19892,US,39.5645,-75.597,62099,"Blanda, Schmeler and Carter",02/24/2023
888,Rubie,Binnion,rbinnionon@cargocollective.com,Agender,2008,Volkswagen,Rabbit,Pittsburgh,Pennsylvania,15279,US,40.4344,-80.0248,43836,Leuschke Inc,10/01/2023
889,Maxine,Heustace,mheustaceoo@bing.com,Female,2004,Mitsubishi,Outlander,Denver,Colorado,80262,US,39.731,-104.9384,60943,"Mueller, Feeney and Bahringer",02/06/2025
890,Beltran,Eirwin,beirwinop@opensource.org,Male,2004,Acura,NSX,Port Charlotte,Florida,33954,US,27.0228,-82.1108,88294,"Purdy, Abernathy and Pagac",06/19/2025
891,Adrea,Giacobazzi,agiacobazzioq@blogspot.com,Female,2004,Chrysler,Concorde,Loretto,Minnesota,55598,US,45.0159,-93.4719,97042,Hudson Group,08/31/2022
892,Shawnee,Birtchnell,sbirtchnellor@stanford.edu,Female,2013,Nissan,GT-R,Tampa,Florida,33625,US,28.0726,-82.559,69626,Ledner LLC,10/12/2023
893,Lon,Lawlings,llawlingsos@360.cn,Male,1991,Mazda,MX-5,Las Vegas,Nevada,89130,US,36.2471,-115.221,34950,"Kris, Langosh and Cassin",05/05/2025
894,Helga,Luesley,hluesleyot@upenn.edu,Female,2008,Audi,S4,Melbourne,Florida,32919,US,28.3067,-80.6862,78954,Runolfsdottir Group,12/11/2025
895,Tine,Pinilla,tpinillaou@yelp.com,Female,1997,Mazda,B-Series,Minneapolis,Minnesota,55436,US,44.9034,-93.374,69713,"Gorczany, Boehm and Von",04/25/2022
896,Joelie,Heineke,jheinekeov@skype.com,Female,2002,Dodge,Dakota,Washington,District of Columbia,20370,US,38.8933,-77.0146,55950,Daniel LLC,04/04/2025
897,Dolley,Seldon,dseldonow@vkontakte.ru,Female,2000,Pontiac,Bonneville,Fairfax,Virginia,22036,US,38.7351,-77.0796,47511,King and Sons,08/01/2023
898,Alasdair,De Hooch,adehoochox@deviantart.com,Male,1994,Toyota,Celica,Louisville,Kentucky,40287,US,38.189,-85.6768,53324,Huel Group,03/25/2025
899,Ephraim,Wreak,ewreakoy@gravatar.com,Male,2008,Honda,Civic,Des Moines,Iowa,50305,US,41.6727,-93.5722,55485,Kub LLC,11/27/2022
900,Derrik,Hartburn,dhartburnoz@mozilla.com,Bigender,2010,Chevrolet,Express 3500,Austin,Texas,78721,US,30.2721,-97.6868,95501,"Parisian, Greenfelder and Bahringer",07/19/2023
901,Cati,Brou,cbroup0@shutterfly.com,Female,2012,Volkswagen,Jetta,Erie,Pennsylvania,16550,US,42.1827,-80.0649,85262,Wisoky LLC,06/22/2022
902,Siouxie,Gibberd,sgibberdp1@mysql.com,Female,2004,Pontiac,Vibe,Chattanooga,Tennessee,37405,US,35.0768,-85.3082,56015,"Wunsch, Wintheiser and VonRueden",09/26/2022
903,King,O'Halleghane,kohalleghanep2@topsy.com,Male,2001,Infiniti,I,Huntington,West Virginia,25705,US,38.4096,-82.369,47518,"Schumm, Rice and Rau",05/08/2023
904,Damiano,Stacy,dstacyp3@go.com,Non-binary,2012,Mercedes-Benz,SLK-Class,Pensacola,Florida,32595,US,30.6143,-87.2758,97467,Russel Group,05/21/2022
905,Natty,Mowle,nmowlep4@blogs.com,Non-binary,2008,Mazda,Mazdaspeed 3,Albany,New York,12222,US,42.6853,-73.8253,75875,"Schneider, Wilderman and Prosacco",01/15/2024
906,Muffin,Peetermann,mpeetermannp5@tamu.edu,Female,1995,Chevrolet,Impala,Wichita,Kansas,67205,US,37.7639,-97.4269,81025,Koelpin-Cummings,09/06/2024
907,Anne,Stallard,astallardp6@ycombinator.com,Female,2000,Chevrolet,Prizm,New Haven,Connecticut,06533,US,41.3657,-72.9275,84726,Purdy LLC,10/17/2023
908,Maxie,Pencot,mpencotp7@hatena.ne.jp,Male,2007,Hyundai,Elantra,San Antonio,Texas,78265,US,29.4375,-98.4616,61148,Becker-Roberts,08/03/2024
909,Edsel,Skouling,eskoulingp8@canalblog.com,Male,1991,Buick,Reatta,Spokane,Washington,99205,US,47.6964,-117.4399,32619,Schiller Group,06/29/2022
910,Nicolette,Legerton,nlegertonp9@weebly.com,Female,2002,Volvo,V40,Jacksonville,Florida,32220,US,30.329,-81.8176,86859,Schowalter Group,10/08/2022
911,Sharai,Anthoine,santhoinepa@yellowpages.com,Agender,2012,Buick,Verano,Albany,New York,12232,US,42.6149,-73.9708,92776,Schmeler Group,05/29/2024
912,Arther,Dudney,adudneypb@prweb.com,Genderfluid,1998,Suzuki,Swift,Springfield,Massachusetts,01105,US,42.0999,-72.5783,79326,Grant Group,07/12/2025
913,Tomas,Lythgoe,tlythgoepc@shop-pro.jp,Male,2003,Ford,E-Series,Roanoke,Virginia,24004,US,37.2742,-79.9579,51401,Graham-Johnston,10/14/2023
914,Shaine,Pactat,spactatpd@time.com,Female,1963,Ford,E-Series,Des Moines,Iowa,50320,US,41.5487,-93.5827,88730,"Bashirian, Hauck and Ondricka",10/15/2024
915,Gawain,Dykins,gdykinspe@paginegialle.it,Male,2006,Pontiac,GTO,Jacksonville,Florida,32236,US,30.3449,-81.6831,96262,Abernathy-Hirthe,03/25/2023
916,Kurt,Sidsaff,ksidsaffpf@dagondesign.com,Male,2002,Pontiac,Bonneville,Fort Worth,Texas,76162,US,32.7714,-97.2915,79118,Murray-Durgan,09/27/2025
917,Rayshell,Hoolaghan,rhoolaghanpg@tripod.com,Female,1995,Pontiac,Grand Am,Lansing,Michigan,48912,US,42.7371,-84.5244,93730,Hodkiewicz Group,11/09/2022
918,Wenda,Hartshorne,whartshorneph@diigo.com,Female,1988,Subaru,XT,Charlotte,North Carolina,28299,US,35.26,-80.8042,48507,Kerluke and Sons,03/22/2023
919,Lorianna,Suggate,lsuggatepi@wordpress.com,Female,2008,Ford,Mustang,Youngstown,Ohio,44555,US,41.1039,-80.6436,74772,"Collins, Nicolas and Reichel",10/31/2023
920,David,Dyball,ddyballpj@soup.io,Male,2008,Ford,GT500,Pensacola,Florida,32575,US,30.6143,-87.2758,65493,Reinger and Sons,04/06/2025
921,Fanchette,Puzey,fpuzeypk@wikimedia.org,Female,1996,Toyota,T100,Hialeah,Florida,33013,US,25.8594,-80.2725,45592,"Murazik, Crooks and Ernser",05/28/2023
922,Tilda,Favelle,tfavellepl@opera.com,Female,1995,Chevrolet,Blazer,Detroit,Michigan,48242,US,42.2166,-83.3532,99023,"Luettgen, Abshire and Prohaska",06/27/2022
923,Laetitia,Biesterfeld,lbiesterfeldpm@google.com,Female,2001,Land Rover,Range Rover,Lubbock,Texas,79491,US,33.61,-101.8213,84008,Daugherty-Wolf,07/11/2022
924,Iormina,MacGillreich,imacgillreichpn@adobe.com,Female,1994,Mitsubishi,Mighty Max,Des Moines,Iowa,50981,US,41.6727,-93.5722,84306,"Frami, Cole and Runolfsson",09/24/2024
925,Avie,Curm,acurmpo@yolasite.com,Female,1987,Volkswagen,Passat,Portland,Oregon,97271,US,45.5806,-122.3748,59575,Aufderhar-Stehr,11/05/2025
926,Carny,Brierly,cbrierlypp@tripod.com,Male,1994,Toyota,T100,Dallas,Texas,75216,US,32.7086,-96.7955,48499,Huel-Quigley,07/22/2025
927,Caria,Tibbles,ctibblespq@booking.com,Polygender,2005,Lamborghini,Murciélago,Cleveland,Ohio,44177,US,41.6857,-81.6728,44150,"Dare, DuBuque and Blanda",05/15/2023
928,Jared,Aronoff,jaronoffpr@youtube.com,Male,2003,Mitsubishi,Galant,Appleton,Wisconsin,54915,US,44.2425,-88.3564,97836,Klein and Sons,09/04/2025
929,Fransisco,Garner,fgarnerps@berkeley.edu,Male,1994,Honda,del Sol,Annapolis,Maryland,21405,US,39.0305,-76.5515,94438,Kuphal and Sons,04/17/2025
930,Farlee,Pappi,fpappipt@apple.com,Non-binary,2002,Mitsubishi,Montero,Minneapolis,Minnesota,55423,US,44.8756,-93.2553,98618,"Buckridge, Ritchie and Toy",01/06/2025
931,Helli,Sackett,hsackettpu@rambler.ru,Female,2004,Hyundai,Elantra,Washington,District of Columbia,20508,US,38.8933,-77.0146,88261,"Pfannerstill, McLaughlin and Zieme",04/21/2023
932,Lanni,Wishkar,lwishkarpv@mozilla.com,Female,1998,Dodge,Stratus,Fort Worth,Texas,76134,US,32.6469,-97.3325,72777,"Halvorson, Cruickshank and Farrell",02/17/2024
933,Neely,Floris,nflorispw@lycos.com,Female,2012,Hyundai,Veloster,Richmond,Virginia,23208,US,37.5593,-77.4471,55386,O'Conner-Hirthe,02/14/2022
934,Giffie,Greenroad,ggreenroadpx@nature.com,Male,2006,Chevrolet,Suburban,Lancaster,Pennsylvania,17622,US,40.0418,-76.3012,70768,"Wolf, Murray and Senger",10/26/2025
935,Anselma,Brister,abristerpy@imageshack.us,Female,1995,Chrysler,LeBaron,Richmond,Virginia,23213,US,37.5593,-77.4471,66060,Becker-DuBuque,07/10/2024
936,Emelia,Woolforde,ewoolfordepz@woothemes.com,Female,1987,Buick,Century,Arlington,Texas,76096,US,32.7714,-97.2915,45308,Hilll-Berge,03/03/2022
937,El,Dyers,edyersq0@engadget.com,Male,1999,Toyota,Celica,New Orleans,Louisiana,70179,US,30.033,-89.8826,71946,"Grimes, Rice and Harris",06/18/2025
938,Dallas,Slane,dslaneq1@mozilla.com,Male,2012,Chevrolet,Tahoe,Scottsdale,Arizona,85271,US,33.2765,-112.1872,82432,Tremblay and Sons,07/24/2025
939,Yule,Shea,ysheaq2@bloglines.com,Male,2008,Chevrolet,Suburban 1500,Austin,Texas,78744,US,30.1876,-97.7472,50261,"Cassin, Larkin and Murazik",09/30/2023
940,Bertram,Fareweather,bfareweatherq3@geocities.jp,Male,2010,Chevrolet,Malibu,Norwalk,Connecticut,06854,US,41.0957,-73.4285,69056,Mohr-Abshire,12/01/2022
941,Norbert,Kenan,nkenanq4@facebook.com,Male,2010,Nissan,Armada,San Antonio,Texas,78285,US,29.4375,-98.4616,45170,"Grant, Hamill and Mueller",08/26/2024
942,Nico,Ferrarini,nferrariniq5@hubpages.com,Male,1965,Volkswagen,Beetle,Los Angeles,California,90045,US,33.9631,-118.3941,94949,Lubowitz-Davis,11/03/2024
943,Gaylor,Orteu,gorteuq6@4shared.com,Male,2012,Audi,R8,Chicago,Illinois,60669,US,41.8119,-87.6873,33122,Kuhn-Kautzer,02/16/2023
944,Nissie,Yushmanov,nyushmanovq7@theguardian.com,Female,2002,Saab,9-5,Lansing,Michigan,48956,US,42.7325,-84.5587,38423,Johnson Group,12/22/2022
945,Dolores,Camock,dcamockq8@buzzfeed.com,Female,1992,Chevrolet,Lumina APV,Kansas City,Missouri,64114,US,38.9621,-94.5959,73153,"Flatley, Rempel and Prohaska",04/02/2023
946,Mickie,Haskur,mhaskurq9@yale.edu,Female,2011,BMW,X3,Washington,District of Columbia,20540,US,38.8874,-77.0047,88926,"Reichert, Hintz and Hagenes",10/01/2023
947,Wanda,Farnes,wfarnesqa@ebay.com,Female,1990,Mitsubishi,GTO,Shawnee Mission,Kansas,66215,US,38.949,-94.7405,83212,Cummerata-Torphy,12/28/2025
948,Foster,Pacey,fpaceyqb@networkadvertising.org,Male,1993,GMC,Sonoma Club Coupe,Philadelphia,Pennsylvania,19125,US,39.9788,-75.1262,66066,"Bernhard, O'Connell and Jones",08/08/2024
949,Jarred,Digg,jdiggqc@networksolutions.com,Male,2004,Chevrolet,Avalanche 2500,Washington,District of Columbia,20238,US,38.8933,-77.0146,74087,Greenholt Inc,03/29/2024
950,Kort,Tierney,ktierneyqd@reddit.com,Male,1984,Buick,Century,Hampton,Virginia,23668,US,37.0206,-76.3377,31418,Marvin Inc,12/28/2024
951,Patin,Derx,pderxqe@blogspot.com,Male,2006,Nissan,Maxima,Greensboro,North Carolina,27409,US,36.0777,-79.9086,74710,"Nader, Russel and Kuhlman",10/19/2022
952,Ruddy,Penniell,rpenniellqf@cpanel.net,Male,2012,Mercedes-Benz,R-Class,Tucson,Arizona,85725,US,31.9701,-111.8907,97505,Rogahn LLC,07/26/2025
953,Lanette,Durran,ldurranqg@dailymail.co.uk,Female,2004,BMW,5 Series,Albuquerque,New Mexico,87201,US,35.0443,-106.6729,34482,"Price, Green and Boyle",04/25/2022
954,Lexi,Kohrt,lkohrtqh@wisc.edu,Female,2011,Ford,Escape,Arlington,Virginia,22205,US,38.8836,-77.1395,67112,"Bahringer, Heller and Pouros",05/23/2025
955,Filbert,Duhig,fduhigqi@ed.gov,Male,1998,Buick,Regal,Cedar Rapids,Iowa,52405,US,41.9804,-91.7098,51783,"Larson, Frami and Ziemann",09/16/2023
956,Gabriellia,Pascow,gpascowqj@reddit.com,Female,1995,Chevrolet,2500,Pensacola,Florida,32511,US,30.4061,-87.2917,71605,Cormier Group,07/17/2025
957,Roberta,Dawby,rdawbyqk@oaic.gov.au,Agender,1986,Buick,Century,Philadelphia,Pennsylvania,19151,US,39.9772,-75.2545,94371,Prohaska and Sons,03/01/2023
958,Alyda,McRill,amcrillql@nytimes.com,Female,1990,Buick,Estate,Newark,Delaware,19714,US,39.5645,-75.597,76241,Hand Group,08/19/2023
959,Kerrill,Haslen,khaslenqm@gov.uk,Female,1997,Chrysler,Cirrus,Milwaukee,Wisconsin,53277,US,43.0389,-87.9024,68333,Mante Group,03/20/2024
960,Benji,Porch,bporchqn@nifty.com,Male,2004,Dodge,Dakota,Scottsdale,Arizona,85260,US,33.6013,-111.8867,74440,"Gusikowski, Walsh and Schoen",10/16/2024
961,Chere,Capitano,ccapitanoqo@twitpic.com,Female,1988,Mercury,Cougar,Norfolk,Virginia,23514,US,36.9312,-76.2397,81914,Heathcote Inc,06/28/2023
962,Eolanda,Mosson,emossonqp@rambler.ru,Genderfluid,2012,Chevrolet,Traverse,Worcester,Massachusetts,01605,US,42.2894,-71.7888,68096,Kunze-Willms,01/10/2023
963,Jacinta,Rawkesby,jrawkesbyqq@whitehouse.gov,Female,1994,Toyota,Supra,Little Rock,Arkansas,72231,US,34.8019,-92.1894,89349,Gleason-Wyman,01/10/2026
964,Giffer,Doxey,gdoxeyqr@army.mil,Polygender,1986,Chevrolet,Corvette,Columbia,Missouri,65218,US,38.9033,-92.1022,55006,Cartwright-MacGyver,03/05/2024
965,Sharleen,Drynan,sdrynanqs@twitpic.com,Female,1994,Ford,Taurus,Delray Beach,Florida,33448,US,26.6459,-80.4303,92979,Mohr Inc,04/07/2022
966,Dolph,Hebard,dhebardqt@google.com,Male,2003,GMC,Safari,Charleston,West Virginia,25389,US,38.354,-81.6394,63054,"Pouros, Strosin and Kuphal",12/04/2025
967,Gretel,Sandyford,gsandyfordqu@e-recht24.de,Female,1989,Mercury,Cougar,Corpus Christi,Texas,78470,US,27.777,-97.4632,52646,Schinner-Johns,12/26/2024
968,Kendre,Headon,kheadonqv@tamu.edu,Female,2011,Mercedes-Benz,C-Class,El Paso,Texas,88553,US,31.6948,-106.3,66466,"Towne, Schaden and Kuhic",03/19/2023
969,Stephie,Saxton,ssaxtonqw@com.com,Non-binary,1984,Mercury,Capri,San Francisco,California,94126,US,37.7848,-122.7278,76240,Bergnaum Group,03/29/2025
970,Emanuel,Barker,ebarkerqx@sciencedaily.com,Male,2006,Chevrolet,Corvette,Oakland,California,94611,US,37.8471,-122.2223,75482,Stehr-Sauer,12/09/2022
971,Kit,Quantrill,kquantrillqy@qq.com,Male,2009,Cadillac,STS-V,Santa Rosa,California,95405,US,38.4386,-122.6727,96227,"Green, Dietrich and Osinski",09/04/2025
972,Minnnie,Ramsier,mramsierqz@oaic.gov.au,Female,2004,Toyota,MR2,Kalamazoo,Michigan,49048,US,42.3189,-85.5152,76220,Klocko-Greenfelder,10/13/2022
973,Kristofer,Templeton,ktempletonr0@msu.edu,Male,2012,Land Rover,LR2,Topeka,Kansas,66699,US,39.0429,-95.7697,85026,"Parisian, Schowalter and Shields",02/13/2025
974,Morry,Brand,mbrandr1@creativecommons.org,Male,2005,Cadillac,Escalade ESV,Fort Wayne,Indiana,46867,US,41.0938,-85.0707,33422,"Abshire, Quigley and Stracke",09/27/2023
975,Claiborn,Cattlow,ccattlowr2@bizjournals.com,Male,2010,Lexus,LS Hybrid,Fort Myers,Florida,33994,US,26.5529,-81.9486,43849,Cartwright-Beatty,06/11/2022
976,Elyse,Cunnah,ecunnahr3@addtoany.com,Female,2006,Chrysler,Sebring,Atlanta,Georgia,31119,US,33.8913,-84.0746,93295,Ratke Inc,04/03/2025
977,Tremayne,Plews,tplewsr4@washingtonpost.com,Male,2002,Chevrolet,Impala,Madison,Wisconsin,53710,US,43.0696,-89.4239,42807,"Brakus, Bruen and Reilly",01/07/2023
978,Lind,Medley,lmedleyr5@narod.ru,Female,1999,Chevrolet,Silverado 1500,Hampton,Virginia,23668,US,37.0206,-76.3377,38488,Walter-Schuster,06/29/2023
979,Carlynn,Thorouggood,cthorouggoodr6@harvard.edu,Female,2012,Toyota,Highlander,Austin,Texas,78710,US,30.352,-97.7151,87135,Deckow-Upton,02/16/2025
980,Lorrie,Gwatkin,lgwatkinr7@smh.com.au,Female,2003,Chevrolet,Monte Carlo,Denver,Colorado,80291,US,39.7439,-104.9876,92223,Maggio Inc,03/20/2025
981,Dyanne,Niesel,dnieselr8@webeden.co.uk,Female,2009,Honda,Accord,Washington,District of Columbia,20470,US,38.8933,-77.0146,79788,"Jerde, Schmidt and Hettinger",06/02/2023
982,Carlene,Wittering,cwitteringr9@timesonline.co.uk,Genderqueer,1993,Chevrolet,2500,El Paso,Texas,88579,US,31.6948,-106.3,45626,"Parker, Swaniawski and Gerlach",05/10/2022
983,Chevalier,Gowers,cgowersra@de.vu,Male,1996,Mitsubishi,Expo LRV,Minneapolis,Minnesota,55436,US,44.9034,-93.374,95104,Heaney Group,07/14/2023
984,Rocky,Hyett,rhyettrb@accuweather.com,Genderqueer,1965,Chevrolet,Corvette,Brooklyn,New York,11247,US,40.6451,-73.945,49736,"Rath, Shanahan and Brakus",09/29/2024
985,Sheeree,Denney,sdenneyrc@etsy.com,Female,2008,Mazda,B-Series,Ridgely,Maryland,21684,US,38.8893,-75.8612,60861,Ernser and Sons,07/08/2022
986,Darb,Reina,dreinard@cafepress.com,Female,1991,Pontiac,6000,Tacoma,Washington,98481,US,47.0662,-122.1132,65786,"Mayer, Romaguera and Mayer",11/11/2025
987,Jenine,Turbern,jturbernre@goo.ne.jp,Female,2006,Mazda,Mazda5,Kansas City,Kansas,66105,US,39.085,-94.6356,31166,Pollich Inc,01/05/2025
988,Ahmed,Von Der Empten,avonderemptenrf@cornell.edu,Male,1996,Toyota,Paseo,Pasadena,California,91131,US,33.7866,-118.2987,67269,Hintz Group,10/10/2024
989,Cash,Lexa,clexarg@gizmodo.com,Male,2009,Land Rover,Range Rover,Washington,District of Columbia,20530,US,38.8976,-77.027,79125,Sanford LLC,08/23/2025
990,Lorrie,Perot,lperotrh@google.cn,Female,2007,Kia,Sedona,Zephyrhills,Florida,33543,US,28.2059,-82.3063,41025,"Bosco, Towne and Treutel",05/19/2025
991,Daisie,Gibling,dgiblingri@imageshack.us,Female,1997,Lexus,LS,Houston,Texas,77201,US,29.834,-95.4342,60092,Turner and Sons,12/24/2022
992,Ely,Bugdall,ebugdallrj@networksolutions.com,Genderfluid,2011,Suzuki,Kizashi,Springfield,Massachusetts,01114,US,42.1707,-72.6048,76405,Weissnat LLC,12/13/2023
993,Colan,Sargant,csargantrk@dailymail.co.uk,Male,1995,Chevrolet,G-Series G30,Manassas,Virginia,22111,US,38.7202,-77.4391,87370,Stamm LLC,05/08/2022
994,Donny,Mainland,dmainlandrl@livejournal.com,Male,2010,Lincoln,Navigator L,Dallas,Texas,75260,US,32.7673,-96.7776,98264,Willms-Schultz,06/02/2024
995,Bernardine,Bowdon,bbowdonrm@nytimes.com,Female,1999,GMC,EV1,Houston,Texas,77045,US,29.6297,-95.4382,34600,"Paucek, Marvin and Wilkinson",02/11/2022
996,Rickey,Flicker,rflickerrn@macromedia.com,Male,1987,Volkswagen,Scirocco,Washington,District of Columbia,20226,US,38.8933,-77.0146,72282,Lynch LLC,01/13/2024
997,Vinny,Ollerenshaw,vollerenshawro@sun.com,Female,2008,Pontiac,Grand Prix,Los Angeles,California,90010,US,34.0606,-118.3027,81767,Hoeger-Treutel,10/23/2024
998,Kial,Course,kcourserp@wsj.com,Female,2009,Kia,Optima,Des Moines,Iowa,50320,US,41.5487,-93.5827,79143,Davis-Hagenes,11/21/2022
999,Ingamar,Kopisch,ikopischrq@yellowpages.com,Male,1994,Subaru,Justy,Indianapolis,Indiana,46254,US,39.849,-86.272,62064,"Hamill, West and Senger",06/02/2022
1000,Clim,Bartolomeo,cbartolomeorr@businessweek.com,Male,2012,Toyota,Camry,Detroit,Michigan,48267,US,42.2399,-83.1508,72334,Legros-O'Connell,01/29/2024
