id,firstName,lastName,email,gender,carYear,automobileMake,automobileModel,customerRegion,customerState,customerPostal,customerCountry_ISO2,customerRegionLatitude,ownerRegionLongitude,automobilePrice,customer,purchaseDate
1,Ludovika,Ivashov,livashov0@merriam-webster.com,Female,2010,Mercedes-Benz,G-Class,Myrtle Beach,South Carolina,29579,US,33.7377,-78.9787,63212,Volkman-Hackett,02/11/2022
2,Theodosia,Goodhew,tgoodhew1@webs.com,Female,2005,GMC,Envoy,Brooklyn,New York,11210,US,40.6281,-73.9467,71906,"Schimmel, Frami and Jacobi",09/17/2023
3,Andrei,Southworth,asouthworth2@icq.com,Female,1996,Eagle,Talon,San Francisco,California,94142,US,37.7848,-122.7278,48929,"Mayert, Champlin and Langosh",06/09/2025
4,Mitch,McLenaghan,mmclenaghan3@bloglovin.com,Male,1988,Lincoln,Continental,Baltimore,Maryland,21229,US,39.2856,-76.6899,80640,"Botsford, Schowalter and Abernathy",09/02/2022
5,Allan,Van der Kruijs,avanderkruijs4@hatena.ne.jp,Male,2000,Chevrolet,Camaro,Milwaukee,Wisconsin,53205,US,43.0528,-87.9353,63376,"Dach, Schowalter and Stiedemann",06/12/2023
6,Ethelind,Amoss,eamoss5@about.me,Female,1995,Honda,Odyssey,Buffalo,New York,14210,US,42.8614,-78.8206,80274,"Kuhn, Grant and Kuhn",10/26/2023
7,Christoffer,Fouracres,cfouracres6@geocities.com,Male,2009,Lexus,GX,Roanoke,Virginia,24020,US,37.3589,-79.9448,93891,Fisher-Wiza,03/17/2022
8,Monique,Fend,mfend7@gov.uk,Female,1998,Chevrolet,Tahoe,Ventura,California,93005,US,34.0324,-119.1343,32841,Heaney LLC,08/23/2022
9,Drusie,Spilsbury,dspilsbury8@mashable.com,Female,2010,Ferrari,599 GTB Fiorano,Sarasota,Florida,34233,US,27.2866,-82.477,30524,"Bernhard, Hettinger and Breitenberg",05/06/2022
10,Cecil,De Winton,cdewinton9@irs.gov,Female,1996,Subaru,Impreza,Missoula,Montana,59806,US,47.116,-114.0498,49627,Feeney LLC,05/06/2025
11,Joelynn,Epton,jeptona@oracle.com,Female,2007,Ford,Crown Victoria,Saint Cloud,Minnesota,56398,US,45.5289,-94.5933,66560,Jast Group,05/13/2025
12,Giffer,Hebbron,ghebbronb@google.de,Polygender,2011,Mercedes-Benz,SL-Class,Washington,District of Columbia,20299,US,38.8933,-77.0146,78672,"Beatty, Cassin and Krajcik",05/20/2022
13,Pauly,Stains,pstainsc@newyorker.com,Male,1994,Mercury,Villager,Oxnard,California,93034,US,34.0324,-119.1343,47100,Leannon-Jaskolski,04/17/2022
14,Cecilio,Perl,cperld@examiner.com,Male,2000,Honda,Accord,Oakland,California,94616,US,37.8044,-122.2698,59251,Renner-Durgan,07/04/2024
15,Sabine,Tivers,stiverse@miitbeian.gov.cn,Female,1996,GMC,2500 Club Coupe,Flushing,New York,11355,US,40.7536,-73.8226,51603,Kessler-Kozey,04/22/2022
16,Jolee,Blest,jblestf@ca.gov,Female,1992,Mazda,626,Portsmouth,Virginia,23705,US,36.8686,-76.3552,88818,Mayer LLC,08/04/2024
17,Chas,Roxby,croxbyg@is.gd,Male,2005,Pontiac,Aztek,Greenville,South Carolina,29615,US,34.8661,-82.3198,84573,"Watsica, Dooley and Mohr",02/13/2025
18,Teodoor,Rimell,trimellh@dropbox.com,Male,1998,Jaguar,XK Series,Chicago,Illinois,60686,US,41.8756,-87.6378,98144,"Koelpin, Davis and Krajcik",12/01/2023
19,Moises,Sheber,msheberi@ezinearticles.com,Male,1985,Saab,900,Visalia,California,93291,US,36.3551,-119.301,86211,"Auer, Okuneva and Smitham",01/17/2026
20,Puff,Espinoza,pespinozaj@devhub.com,Male,1992,Mercedes-Benz,W201,Bakersfield,California,93399,US,35.4369,-119.0679,87002,"Abernathy, Konopelski and Krajcik",08/01/2025
21,Milo,Bridgewater,mbridgewaterk@php.net,Male,2006,GMC,Sierra 2500,Greenville,South Carolina,29615,US,34.8661,-82.3198,84460,"Crist, Abbott and Orn",07/19/2022
22,Loni,Falls,lfallsl@shutterfly.com,Female,2002,Hyundai,Sonata,Whittier,California,90605,US,33.9413,-118.0356,73975,Kohler-Stark,08/22/2022
23,Westbrooke,Meiner,wmeinerm@nsw.gov.au,Male,2012,Toyota,Venza,Johnstown,Pennsylvania,15906,US,40.3522,-78.9383,39536,Windler-Cremin,07/23/2024
24,Evyn,Symington,esymingtonn@reference.com,Male,2003,Chevrolet,Express 3500,Torrance,California,90505,US,33.8106,-118.3507,74392,Robel-Breitenberg,08/27/2022
25,Elia,Barts,ebartso@is.gd,Male,2007,Ford,Expedition,Wichita,Kansas,67215,US,37.6333,-97.425,32492,"Kerluke, Raynor and Rogahn",04/14/2025
26,Roscoe,Cicchetto,rcicchettop@ameblo.jp,Male,1998,Chevrolet,Suburban 1500,New York City,New York,10165,US,40.7524,-73.9791,70705,Lebsack-Moore,01/03/2025
27,Patty,Muckle,pmuckleq@abc.net.au,Female,2009,Porsche,Boxster,Fort Myers,Florida,33906,US,26.5529,-81.9486,58093,"Abbott, Volkman and Kuphal",01/23/2025
28,Roslyn,Branthwaite,rbranthwaiter@mediafire.com,Female,1992,Toyota,Supra,El Paso,Texas,79950,US,31.6948,-106.3,48341,"Mayer, Spencer and Fahey",04/15/2024
29,Etheline,Suff,esuffs@freewebs.com,Female,2007,Nissan,Pathfinder,Baltimore,Maryland,21203,US,39.2847,-76.6205,95071,Kulas LLC,08/26/2024
30,Ash,Bahia,abahiat@accuweather.com,Male,2009,Ford,F-Series Super Duty,Palo Alto,California,94302,US,37.1894,-121.7053,80553,"Turner, Koss and Kertzmann",02/25/2023
31,Barbi,Nast,bnastu@plala.or.jp,Non-binary,2000,Chevrolet,Cavalier,Evansville,Indiana,47747,US,37.9971,-87.575,62363,Tillman-Block,09/12/2025
32,Crissie,Phillipson,cphillipsonv@sogou.com,Female,1978,Toyota,Celica,Colorado Springs,Colorado,80925,US,38.7378,-104.6459,87687,Lesch-Pacocha,06/11/2022
33,Gaile,Harlick,gharlickw@youku.com,Male,2007,Ford,E150,Lexington,Kentucky,40510,US,38.0702,-84.591,46213,Haag Inc,08/28/2025
34,Mervin,Hallsworth,mhallsworthx@xinhuanet.com,Male,2010,Nissan,370Z,Bronx,New York,10464,US,40.8469,-73.7874,89560,O'Hara Group,10/14/2025
35,Jose,Braunthal,jbraunthaly@facebook.com,Polygender,1988,Mazda,MX-6,Newport Beach,California,92662,US,33.6062,-117.8931,72542,"Rodriguez, Wisoky and Sawayn",04/28/2025
36,Anna-diane,Iannuzzelli,aiannuzzelliz@omniture.com,Female,2001,Toyota,Sienna,Jamaica,New York,11470,US,40.6914,-73.8061,59882,"Bednar, Mitchell and McKenzie",03/30/2022
37,Ephraim,Pettinger,epettinger10@nsw.gov.au,Male,1971,Chevrolet,Vega,East Saint Louis,Illinois,62205,US,38.6149,-90.1275,48652,Ullrich Inc,02/27/2025
38,Dianna,Rospars,drospars11@delicious.com,Genderfluid,2005,Nissan,Altima,Santa Cruz,California,95064,US,36.9959,-122.0578,31443,"Walter, Marquardt and Koss",08/24/2025
39,Coleman,Andino,candino12@nyu.edu,Genderqueer,2003,Cadillac,Escalade,Harrisburg,Pennsylvania,17121,US,40.2944,-76.8938,69365,Lueilwitz and Sons,08/03/2023
40,Austine,Deyenhardt,adeyenhardt13@nytimes.com,Female,2008,Toyota,Land Cruiser,Wichita,Kansas,67220,US,37.7667,-97.2805,99863,"Wolff, Hauck and Stroman",06/04/2022
41,Gussy,McCloch,gmccloch14@fotki.com,Female,1993,Jaguar,XJ Series,Tuscaloosa,Alabama,35405,US,33.1617,-87.5144,35018,Jacobi-Shields,08/06/2024
42,Coleen,Luna,cluna15@e-recht24.de,Female,2002,Lotus,Esprit,Bronx,New York,10469,US,40.8702,-73.8495,52169,Becker LLC,11/19/2022
43,Maggie,Debell,mdebell16@scientificamerican.com,Female,1993,Lincoln,Town Car,Fresno,California,93709,US,36.7464,-119.6397,80615,Nader Inc,01/23/2025
44,Ken,Bergstram,kbergstram17@loc.gov,Male,2010,MINI,Clubman,Scranton,Pennsylvania,18505,US,41.3914,-75.6657,90168,Fahey-Lang,11/09/2022
45,Pablo,Rallings,prallings18@japanpost.jp,Male,1996,Audi,A6,Sacramento,California,95833,US,38.6157,-121.5053,47178,Bergstrom Inc,09/02/2024
46,Kala,Lamswood,klamswood19@altervista.org,Female,1996,Dodge,Ram 2500 Club,Fresno,California,93721,US,36.7377,-119.7843,68609,"Stanton, Kuhlman and Wisoky",03/26/2024
47,Cinnamon,Turpin,cturpin1a@is.gd,Female,2006,Nissan,Sentra,Great Neck,New York,11024,US,40.8171,-73.7416,69824,"Parker, Ebert and Cummerata",06/11/2024
48,Sibby,Cuell,scuell1b@moonfruit.com,Female,1997,Nissan,Sentra,Odessa,Texas,79769,US,31.7466,-102.567,52700,"Wolff, Schuster and Willms",08/24/2024
49,Kissie,Greschke,kgreschke1c@utexas.edu,Genderfluid,1995,Volvo,940,Reading,Pennsylvania,19610,US,40.338,-75.978,49942,"Ebert, Schuppe and Satterfield",09/12/2024
50,Nikola,Renad,nrenad1d@mashable.com,Male,1992,GMC,Sonoma,Gainesville,Florida,32627,US,29.6813,-82.3539,42242,Hirthe Group,01/06/2024
51,Gladi,Denne,gdenne1e@boston.com,Female,2008,Volkswagen,Passat,Memphis,Tennessee,38188,US,35.2017,-89.9715,36837,"Conn, Auer and Wilkinson",08/21/2023
52,Felix,Muttock,fmuttock1f@prnewswire.com,Male,2010,Aston Martin,V8 Vantage,Honolulu,Hawaii,96815,US,21.2811,-157.8266,91460,Stracke-Corkery,12/04/2024
53,Haily,Fessler,hfessler1g@bravesites.com,Male,2011,Volkswagen,CC,Washington,District of Columbia,20238,US,38.8933,-77.0146,64343,"Rodriguez, Walter and Bashirian",08/21/2024
54,Shermy,Rothermel,srothermel1h@rakuten.co.jp,Male,2011,Lexus,RX,Tucson,Arizona,85715,US,32.2519,-110.82,30911,Smitham-Beer,01/01/2024
55,Shayla,Cremer,scremer1i@xrea.com,Female,2010,Chevrolet,Silverado,Stamford,Connecticut,06912,US,41.3089,-73.3637,71107,"Aufderhar, Schmidt and Gottlieb",05/01/2023
56,Osbourn,Vice,ovice1j@nytimes.com,Male,1997,Isuzu,Rodeo,Denver,Colorado,80241,US,39.9274,-104.9548,84894,"Yost, Heaney and Brekke",11/19/2023
57,Vinnie,Kingdom,vkingdom1k@addthis.com,Female,1965,Pontiac,LeMans,Boston,Massachusetts,02216,US,42.3389,-70.9196,71537,"Sawayn, Kiehn and Schaden",06/17/2022
58,Lin,Clayworth,lclayworth1l@feedburner.com,Female,2005,BMW,X3,Waltham,Massachusetts,02453,US,42.3654,-71.2316,88656,Schoen-Koepp,04/28/2025
59,Opaline,Vasyukov,ovasyukov1m@artisteer.com,Female,2010,GMC,Savana 1500,Galveston,Texas,77554,US,29.2243,-94.9637,41962,"Schaden, Oberbrunner and Grant",08/09/2022
60,Mal,Indge,mindge1n@nature.com,Male,2004,Volvo,XC90,Madison,Wisconsin,53710,US,43.0696,-89.4239,90362,"Larson, Kunde and Kunze",02/28/2023
61,Madelle,Heymann,mheymann1o@comsenz.com,Female,2007,Honda,CR-V,Washington,District of Columbia,20525,US,38.8933,-77.0146,55893,Keebler-Haag,11/26/2025
62,Adolpho,Iannini,aiannini1p@geocities.jp,Male,2001,Mitsubishi,Diamante,Cincinnati,Ohio,45208,US,39.1361,-84.4355,94567,Shanahan Inc,04/21/2022
63,Gisela,Robke,grobke1q@fda.gov,Female,2011,Volvo,XC60,Reston,Virginia,20195,US,38.8318,-77.2888,83157,"O'Kon, Stanton and Morissette",04/28/2024
64,Sibley,Withers,swithers1r@comcast.net,Genderqueer,2011,MINI,Countryman,Washington,District of Columbia,20067,US,38.8933,-77.0146,90293,Macejkovic-Lindgren,06/30/2025
65,Eleonore,Bleything,ebleything1s@psu.edu,Female,2005,Lincoln,Navigator,Fort Worth,Texas,76192,US,32.7714,-97.2915,49534,"Wiegand, Gerhold and DuBuque",09/30/2025
66,Reynold,Eckersley,reckersley1t@ted.com,Male,2008,Mitsubishi,Raider,Allentown,Pennsylvania,18105,US,40.6934,-75.4712,65073,Turner-Beahan,05/04/2025
67,Emmalee,Grieger,egrieger1u@accuweather.com,Female,1997,Plymouth,Voyager,Durham,North Carolina,27710,US,36.0512,-78.8577,72673,"Rolfson, Lowe and Skiles",01/29/2024
68,Sydelle,Glowacz,sglowacz1v@rakuten.co.jp,Female,2006,Chevrolet,Suburban 2500,Shreveport,Louisiana,71105,US,32.4589,-93.7143,65285,Hickle Inc,05/09/2022
69,Lucien,Sinkings,lsinkings1w@privacy.gov.au,Male,1997,Saturn,S-Series,Springfield,Illinois,62776,US,39.7495,-89.606,76726,Grady-Russel,09/30/2025
70,Wally,Dungay,wdungay1x@aboutads.info,Male,1992,Ford,Aerostar,Fort Pierce,Florida,34949,US,27.3896,-80.2615,65033,"Lueilwitz, McKenzie and Welch",11/25/2025
71,Fransisco,Sandford,fsandford1y@arstechnica.com,Male,1996,Toyota,Tercel,San Francisco,California,94126,US,37.7848,-122.7278,47687,Kilback-Mills,04/20/2025
72,Zack,Whitington,zwhitington1z@biglobe.ne.jp,Male,2005,Chrysler,Pacifica,Jamaica,New York,11470,US,40.6914,-73.8061,85152,Mertz-Gulgowski,08/01/2023
73,Laurence,Unthank,lunthank20@yahoo.co.jp,Agender,2012,Aston Martin,V12 Vantage,Tucson,Arizona,85748,US,32.215,-110.7758,61458,Altenwerth Group,05/22/2023
74,Alejandra,Giacovelli,agiacovelli21@imdb.com,Female,1998,Chevrolet,Lumina,Indianapolis,Indiana,46216,US,39.8647,-86.0136,56442,Sipes Group,09/14/2024
75,Eziechiele,McLaverty,emclaverty22@printfriendly.com,Male,2006,Volkswagen,Phaeton,Springfield,Virginia,22156,US,38.8318,-77.2888,52822,"Goldner, Hyatt and Jaskolski",03/24/2022
76,Emlynn,Domino,edomino23@bing.com,Female,2006,Mercedes-Benz,SLK-Class,Lexington,Kentucky,40591,US,38.0283,-84.4715,88487,"Franecki, Purdy and Jones",07/19/2024
77,Linette,Bennie,lbennie24@netscape.com,Female,1993,Geo,Storm,Anchorage,Alaska,99507,US,61.1535,-149.8289,48836,"Botsford, Kessler and Hyatt",09/09/2022
78,Bride,Urvoy,burvoy25@ustream.tv,Female,1998,Buick,Skylark,Stamford,Connecticut,06905,US,41.0888,-73.5435,92354,Barrows Inc,07/16/2025
79,Meryl,Shannon,mshannon26@fc2.com,Male,2011,Acura,TSX,Shreveport,Louisiana,71161,US,32.6076,-93.7526,32085,Kohler Inc,01/25/2026
80,Louise,Ricci,lricci27@jiathis.com,Female,2006,Volkswagen,Passat,New Bedford,Massachusetts,02745,US,41.6913,-70.9355,80803,Steuber Inc,10/23/2025
81,Krissie,Gallon,kgallon28@is.gd,Female,1993,Mercedes-Benz,300D,Shawnee Mission,Kansas,66215,US,38.949,-94.7405,32062,Paucek Group,05/08/2025
82,Deirdre,Fair,dfair29@1und1.de,Female,1970,Chevrolet,Camaro,Louisville,Kentucky,40215,US,38.1913,-85.7847,54379,"Koepp, Muller and Kautzer",04/13/2025
83,Teddy,Riepl,triepl2a@imgur.com,Female,2013,Ford,Focus ST,Lincoln,Nebraska,68505,US,40.8247,-96.6252,84148,Erdman-Veum,09/20/2024
84,Sam,Gerber,sgerber2b@google.co.uk,Male,2007,Buick,Terraza,Detroit,Michigan,48242,US,42.2166,-83.3532,93977,Pfannerstill-Ortiz,07/24/2023
85,Annmarie,Romagosa,aromagosa2c@wunderground.com,Female,2006,Pontiac,G6,Saint Petersburg,Florida,33705,US,27.7391,-82.6435,61402,Altenwerth and Sons,09/08/2022
86,Mel,O' Hanvey,mohanvey2d@java.com,Female,1998,Hyundai,Tiburon,Birmingham,Alabama,35285,US,33.5446,-86.9292,89137,"Beahan, Roob and Weber",01/05/2025
87,Fielding,McGrann,fmcgrann2e@eepurl.com,Male,1997,Buick,LeSabre,Fresno,California,93709,US,36.7464,-119.6397,59214,Cartwright Inc,05/03/2025
88,Roana,Calderon,rcalderon2f@wikia.com,Female,2000,Pontiac,Sunfire,Chicago,Illinois,60657,US,41.9399,-87.6528,63691,Bahringer LLC,11/01/2022
89,Wini,Gyngell,wgyngell2g@simplemachines.org,Female,1994,Mazda,Navajo,North Little Rock,Arkansas,72118,US,34.8337,-92.3289,69420,Halvorson-Runolfsson,09/21/2022
90,Ahmed,Westmarland,awestmarland2h@rakuten.co.jp,Male,2012,Honda,Fit,Tampa,Florida,33673,US,27.872,-82.4388,89913,Cormier-Flatley,11/18/2025
91,Freemon,Vashchenko,fvashchenko2i@newyorker.com,Genderfluid,1992,Dodge,Caravan,Nashville,Tennessee,37250,US,36.1866,-86.7852,98666,Upton-Kihn,10/17/2025
92,Federica,Gulc,fgulc2j@ustream.tv,Female,2000,Dodge,Avenger,Pasadena,California,91117,US,33.7866,-118.2987,66360,Kris-Dietrich,08/17/2025
93,Haskell,O'Fihily,hofihily2k@addtoany.com,Male,1997,Geo,Prizm,Charlotte,North Carolina,28220,US,35.26,-80.8042,34115,Schuppe-Jast,03/08/2022
94,Tera,Gummary,tgummary2l@usgs.gov,Female,2003,Maybach,57,Phoenix,Arizona,85099,US,33.2765,-112.1872,41321,Jenkins-Champlin,11/28/2025
95,Katuscha,Martonfi,kmartonfi2m@oaic.gov.au,Female,2009,Chevrolet,Suburban,Minneapolis,Minnesota,55423,US,44.8756,-93.2553,53101,"McKenzie, Reinger and Kunze",08/19/2023
96,Eleanore,Lorrimer,elorrimer2n@sciencedirect.com,Female,2009,Toyota,Camry,Reading,Pennsylvania,19605,US,40.3886,-75.9328,42351,Heaney-Schaden,11/20/2023
97,Sonia,Duinbleton,sduinbleton2o@boston.com,Female,2007,Toyota,Camry Solara,Milwaukee,Wisconsin,53205,US,43.0528,-87.9353,88174,Hackett Group,05/31/2025
98,Vic,Marquet,vmarquet2p@biblegateway.com,Male,2010,Suzuki,SX4,El Paso,Texas,79934,US,31.9386,-106.4073,67399,"Pacocha, Mayert and Renner",04/19/2024
99,Vanessa,Dunwoody,vdunwoody2q@dagondesign.com,Female,1992,Ford,F250,Saint Louis,Missouri,63180,US,38.6531,-90.2435,77788,Rowe-Hartmann,07/17/2024
100,Welsh,Thunnerclef,wthunnerclef2r@topsy.com,Male,1994,Mercury,Sable,Amarillo,Texas,79171,US,35.4015,-101.8951,72064,"Stracke, Kub and King",03/03/2024
101,Biddie,Carletto,bcarletto2s@trellian.com,Female,2005,GMC,Safari,Washington,District of Columbia,20557,US,38.8874,-77.0047,88180,Skiles LLC,11/29/2023
102,Kandy,Brazier,kbrazier2t@discovery.com,Female,1988,Volkswagen,Golf,Buffalo,New York,14205,US,42.7684,-78.8871,67975,Mills Group,08/04/2023
103,Beniamino,Gueny,bgueny2u@cisco.com,Male,2000,Pontiac,Montana,El Paso,Texas,88569,US,31.6948,-106.3,88997,Gerhold Inc,05/21/2023
104,Corenda,Ginnally,cginnally2v@tumblr.com,Female,2012,Volkswagen,New Beetle,Salt Lake City,Utah,84199,US,40.7259,-111.9394,88826,Lemke and Sons,11/11/2025
105,Gavin,Cawsby,gcawsby2w@hostgator.com,Male,1996,Ford,E-Series,Peoria,Illinois,61656,US,40.7442,-89.7184,76873,Marquardt-Lind,05/26/2022
106,Aleece,Oehme,aoehme2x@microsoft.com,Genderqueer,1966,Ford,Mustang,Springfield,Illinois,62764,US,39.7495,-89.606,99487,Bosco and Sons,10/08/2023
107,Waylon,Durand,wdurand2y@discovery.com,Male,2007,Toyota,Matrix,Wilmington,Delaware,19810,US,39.8188,-75.5064,77257,Mills-Boyle,02/01/2024
108,Liam,Gudde,lgudde2z@soup.io,Male,2010,Infiniti,QX56,Lexington,Kentucky,40586,US,38.0283,-84.4715,47745,Moen-Toy,01/02/2025
109,Muhammad,Woodhams,mwoodhams30@facebook.com,Male,2011,GMC,Savana 2500,Cincinnati,Ohio,45223,US,39.1696,-84.5478,32482,Kunde-Schinner,12/24/2022
110,Matthieu,Joddins,mjoddins31@amazon.co.uk,Non-binary,2001,Daewoo,Leganza,Memphis,Tennessee,38197,US,35.2017,-89.9715,77635,Kautzer Group,08/08/2025
111,Maison,Ladyman,mladyman32@tripod.com,Male,1992,Toyota,Celica,Seattle,Washington,98133,US,47.7377,-122.3431,57666,"Beahan, Bahringer and Dare",12/17/2025
112,Raddy,McDermid,rmcdermid33@exblog.jp,Male,2009,Hyundai,Genesis,Davenport,Iowa,52809,US,41.613,-90.6063,73050,"Runolfsdottir, Roob and Hayes",02/12/2023
113,Mattie,Camolli,mcamolli34@ebay.com,Female,2006,Toyota,RAV4,Roanoke,Virginia,24034,US,37.2742,-79.9579,99170,"Breitenberg, Hermann and Wehner",02/09/2025
114,Lorine,Dutteridge,ldutteridge35@sakura.ne.jp,Female,1997,Volvo,850,Anderson,South Carolina,29625,US,34.5271,-82.7087,93004,Ortiz and Sons,09/14/2023
115,Eb,Klemps,eklemps36@seattletimes.com,Genderfluid,1994,Chevrolet,Lumina,Fresno,California,93740,US,36.7464,-119.6397,95553,"Bashirian, Kuhn and Orn",12/05/2023
116,Denys,Buckwell,dbuckwell37@ocn.ne.jp,Female,1993,Mercury,Capri,Milwaukee,Wisconsin,53234,US,43.0174,-87.5697,41529,Kilback-Volkman,07/03/2023
117,Winne,Nevill,wnevill38@wired.com,Female,2006,Mercedes-Benz,R-Class,Charleston,West Virginia,25326,US,38.2968,-81.5547,35073,Lang-Kling,04/13/2024
118,Englebert,Diffley,ediffley39@cpanel.net,Male,1993,BMW,5 Series,Brooklyn,New York,11254,US,40.6451,-73.945,89878,"Koepp, Jenkins and Lueilwitz",10/11/2025
119,Shanta,Jeannel,sjeannel3a@cnet.com,Agender,2010,Maserati,GranTurismo,Vienna,Virginia,22184,US,38.8318,-77.2888,44037,Ankunding LLC,12/16/2025
120,Eberto,Lyst,elyst3b@disqus.com,Male,1985,Audi,Quattro,Chicago,Illinois,60686,US,41.8756,-87.6378,84881,McLaughlin and Sons,07/06/2025
121,Jedidiah,Borleace,jborleace3c@addthis.com,Male,1995,Infiniti,G,Pittsburgh,Pennsylvania,15235,US,40.4598,-79.8224,72045,"Schultz, Harber and Kris",11/15/2024
122,Laird,Stuckey,lstuckey3d@tinyurl.com,Male,1999,Chevrolet,Silverado 2500,Denver,Colorado,80217,US,39.7388,-104.4083,37970,"Von, Davis and Lockman",12/25/2023
123,Karissa,Pflieger,kpflieger3e@tuttocitta.it,Polygender,1995,Mazda,Millenia,New Orleans,Louisiana,70187,US,30.033,-89.8826,47803,Schmeler-Bartoletti,03/17/2022
124,Emelen,Trobe,etrobe3f@pen.io,Male,1999,GMC,1500 Club Coupe,New York City,New York,10110,US,40.754,-73.9808,63123,"Crist, Mitchell and Hauck",01/13/2024
125,Merrick,Keating,mkeating3g@cbslocal.com,Male,1999,Isuzu,Amigo,New Haven,Connecticut,06510,US,41.3087,-72.9271,87491,"Erdman, Glover and Upton",09/20/2025
126,Madeleine,Maryman,mmaryman3h@phpbb.com,Female,1996,Honda,Civic,El Paso,Texas,79905,US,31.7674,-106.4304,51560,Prohaska and Sons,08/09/2022
127,Chris,Gisby,cgisby3i@netvibes.com,Female,2007,Volvo,XC90,Des Moines,Iowa,50320,US,41.5487,-93.5827,31140,Jacobson LLC,03/08/2022
128,Sheilakathryn,Doidge,sdoidge3j@berkeley.edu,Female,1996,Mercury,Cougar,Staten Island,New York,10305,US,40.5973,-74.0768,51830,Kreiger-Tromp,03/29/2024
129,Dorelia,Staynes,dstaynes3k@altervista.org,Female,2010,Ford,Explorer Sport Trac,Oklahoma City,Oklahoma,73109,US,35.4259,-97.5261,42589,"Abbott, Weissnat and Lemke",06/19/2022
130,Filippa,Shapero,fshapero3l@ezinearticles.com,Female,1994,Mazda,B-Series Plus,Minneapolis,Minnesota,55417,US,44.9054,-93.2361,87243,Rowe Group,04/04/2025
131,Dory,Geillier,dgeillier3m@istockphoto.com,Male,2005,Chevrolet,Silverado 2500,El Paso,Texas,88519,US,31.6948,-106.3,79408,Deckow and Sons,03/01/2023
132,Anderea,Grinov,agrinov3n@google.nl,Female,1999,Plymouth,Breeze,Fort Wayne,Indiana,46814,US,41.0456,-85.3058,39882,"Yost, McLaughlin and Raynor",12/18/2023
133,Anny,Muzzlewhite,amuzzlewhite3o@unblog.fr,Female,2003,Honda,CR-V,San Antonio,Texas,78210,US,29.3977,-98.4658,35813,Senger Inc,09/19/2022
134,Al,Verman,averman3p@discuz.net,Male,1993,Mitsubishi,Chariot,Arlington,Texas,76096,US,32.7714,-97.2915,31673,Kris-Dare,01/20/2024
135,Rice,McCoy,rmccoy3q@ustream.tv,Male,2006,GMC,Sierra 3500HD,Dearborn,Michigan,48126,US,42.3349,-83.1801,80492,"McCullough, Gislason and Bednar",09/16/2024
136,Alec,Owens,aowens3r@bravesites.com,Male,2010,Volvo,S80,Washington,District of Columbia,20456,US,38.8981,-77.0401,99567,Collins LLC,06/07/2025
137,Nilson,McCafferty,nmccafferty3s@ow.ly,Male,2009,GMC,Sierra 2500,New Orleans,Louisiana,70179,US,30.033,-89.8826,40727,"Shanahan, Bartell and Zboncak",12/04/2023
138,Bobbe,Davitti,bdavitti3t@eepurl.com,Female,1996,GMC,Sonoma,Aurora,Colorado,80015,US,39.6255,-104.7874,37730,Mertz-Hauck,07/15/2023
139,Aurlie,Chantillon,achantillon3u@accuweather.com,Female,1998,Volvo,S90,New Haven,Connecticut,06505,US,41.3057,-72.7799,48456,"Hessel, Miller and Predovic",08/24/2023
140,Ebony,Frobisher,efrobisher3v@spiegel.de,Female,2004,Maybach,57,Wilmington,Delaware,19892,US,39.5645,-75.597,94416,Cassin Inc,09/11/2023
141,Lewie,Swetman,lswetman3w@bbb.org,Male,2002,Audi,A6,Dayton,Ohio,45432,US,39.739,-84.0856,47774,Marvin-Rutherford,08/16/2024
142,Leonid,Mulrenan,lmulrenan3x@census.gov,Male,2007,Dodge,Charger,Winston Salem,North Carolina,27116,US,36.0275,-80.2073,40439,Witting-Toy,10/07/2023
143,Nessie,Gillett,ngillett3y@wix.com,Genderqueer,1993,Mercedes-Benz,600SEC,Dayton,Ohio,45470,US,39.7505,-84.2686,74498,"Schulist, Hane and Dickinson",08/08/2022
144,Donny,Hevner,dhevner3z@bloglovin.com,Male,2012,Hyundai,Sonata,New York City,New York,10270,US,40.7069,-74.0082,92013,Mueller Inc,07/12/2024
145,Lorry,Laise,llaise40@gov.uk,Female,2012,Mazda,Mazdaspeed 3,Topeka,Kansas,66606,US,39.0583,-95.7095,60361,Borer-Ward,04/15/2024
146,Rebecca,McGrath,rmcgrath41@newsvine.com,Female,2006,Mazda,Tribute,Corpus Christi,Texas,78410,US,27.8458,-97.596,91513,Towne Group,02/25/2024
147,Judas,Pryell,jpryell42@rakuten.co.jp,Male,1999,Volkswagen,Cabriolet,Milwaukee,Wisconsin,53220,US,42.9559,-87.9933,62870,"Durgan, Bednar and Beatty",11/03/2022
148,Kermie,Scogings,kscogings43@china.com.cn,Male,1991,Pontiac,Grand Am,Littleton,Colorado,80127,US,39.592,-105.1328,72259,"Daniel, Romaguera and Mayer",12/07/2022
149,Datha,Maty,dmaty44@mashable.com,Female,1998,Ford,Econoline E150,Petaluma,California,94975,US,38.4631,-122.99,62573,Hartmann and Sons,09/12/2024
150,Zachery,Codlin,zcodlin45@craigslist.org,Male,2000,Lincoln,Continental,Fort Worth,Texas,76121,US,32.7714,-97.2915,67488,"Ortiz, Luettgen and Wilkinson",06/16/2023
151,Nannie,Dalley,ndalley46@purevolume.com,Female,2005,Maserati,Quattroporte,Clearwater,Florida,34615,US,27.9843,-82.7813,56313,Conn Group,02/16/2024
152,Anastassia,Aleksahkin,aaleksahkin47@sohu.com,Female,2012,Bentley,Continental GT,Fort Lauderdale,Florida,33315,US,26.0989,-80.1541,90320,Pacocha and Sons,10/10/2022
153,Dominique,Kave,dkave48@blogs.com,Male,2000,GMC,Sonoma,Los Angeles,California,90076,US,33.7866,-118.2987,46561,"Reinger, Douglas and Ullrich",06/30/2022
154,Tanney,McIlvenna,tmcilvenna49@elegantthemes.com,Male,2009,Dodge,Nitro,Washington,District of Columbia,20551,US,38.892,-77.0452,96226,Gleason Inc,04/28/2025
155,Lucian,Foyston,lfoyston4a@lulu.com,Male,1999,GMC,Savana 1500,Washington,District of Columbia,20414,US,38.884,-77.0221,66359,Conn Group,09/16/2024
156,Barr,McIlvenny,bmcilvenny4b@liveinternet.ru,Male,1997,Mercedes-Benz,SLK-Class,Jamaica,New York,11431,US,40.6869,-73.8501,31218,Grady and Sons,07/31/2024
157,Michele,Mayall,mmayall4c@reference.com,Male,2011,Land Rover,Discovery,Duluth,Georgia,30195,US,34.0047,-84.1532,35838,Morar Group,12/17/2024
158,Noelyn,Williamson,nwilliamson4d@diigo.com,Female,1988,Pontiac,Safari,Duluth,Minnesota,55811,US,46.8147,-92.1998,73948,Weber-Lynch,09/02/2025
159,Carmelina,Cannan,ccannan4e@opera.com,Bigender,1985,Volkswagen,Jetta,Saint Louis,Missouri,63121,US,38.7072,-90.3055,60847,Nader Inc,09/27/2023
160,Ned,Chaudrelle,nchaudrelle4f@over-blog.com,Male,1993,Subaru,Alcyone SVX,Des Moines,Iowa,50347,US,41.6727,-93.5722,69698,Bogan Inc,07/06/2024
161,Lemar,Murkitt,lmurkitt4g@wufoo.com,Male,1990,Lamborghini,Diablo,Fort Wayne,Indiana,46862,US,41.0938,-85.0707,86008,Watsica-Davis,01/23/2026
162,Akim,McAleese,amcaleese4h@irs.gov,Male,2007,Suzuki,Daewoo Lacetti,Glendale,California,91210,US,33.7866,-118.2987,91468,Zemlak and Sons,08/08/2024
163,Candida,Kirkwood,ckirkwood4i@jalbum.net,Female,2010,Mitsubishi,Outlander,San Jose,California,95138,US,37.2602,-121.7709,49626,Cole Inc,12/07/2024
164,Philippe,Dunbar,pdunbar4j@cornell.edu,Female,1992,Pontiac,Bonneville,Boston,Massachusetts,02119,US,42.3231,-71.0846,87635,Schowalter Inc,02/09/2023
165,Susanna,Elgram,selgram4k@reference.com,Genderfluid,2001,Chevrolet,Metro,Washington,District of Columbia,20036,US,38.9087,-77.0414,78974,"Kozey, Bartoletti and Spencer",06/28/2023
166,Inglis,Swaine,iswaine4l@elpais.com,Male,1987,Lincoln,Continental Mark VII,Daytona Beach,Florida,32118,US,29.2219,-81.0095,48614,Marquardt-Altenwerth,02/22/2022
167,Gilbertina,Blanch,gblanch4m@flickr.com,Female,1998,Oldsmobile,Intrigue,Los Angeles,California,90025,US,34.0447,-118.4487,78692,Rowe and Sons,07/07/2022
168,Wynn,MacCombe,wmaccombe4n@virginia.edu,Male,2005,Chrysler,Town & Country,San Francisco,California,94121,US,37.7786,-122.4892,99713,MacGyver-Carter,09/24/2024
169,Cathee,Polden,cpolden4o@t.co,Female,2011,Nissan,Armada,Shawnee Mission,Kansas,66286,US,38.8999,-94.832,30945,"Wiegand, Auer and Rempel",01/12/2025
170,Waring,MacAllen,wmacallen4p@baidu.com,Male,2002,MINI,MINI,Washington,District of Columbia,20016,US,38.9381,-77.086,32426,"Ullrich, Schroeder and Berge",12/19/2023
171,Burt,Marmion,bmarmion4q@smh.com.au,Male,2007,Jeep,Compass,Aurora,Colorado,80045,US,39.7467,-104.8384,73859,Fahey-Conn,10/22/2024
172,Hettie,Cozzi,hcozzi4r@1688.com,Polygender,1967,Chevrolet,Bel Air,Minneapolis,Minnesota,55448,US,45.1907,-93.3021,80397,Hansen Inc,05/12/2024
173,Mozelle,Sawers,msawers4s@tuttocitta.it,Female,2003,Ford,F-Series,San Antonio,Texas,78210,US,29.3977,-98.4658,35239,Kreiger-O'Hara,12/02/2023
174,Christiane,Yakhin,cyakhin4t@timesonline.co.uk,Female,2009,Honda,Odyssey,Tucson,Arizona,85725,US,31.9701,-111.8907,90185,Krajcik and Sons,12/01/2024
175,Beauregard,Ferrieres,bferrieres4u@mac.com,Male,2013,Ford,C-MAX Hybrid,Waco,Texas,76796,US,31.5915,-97.0823,55904,Osinski-Kuhn,01/13/2026
176,Ferd,Bannerman,fbannerman4v@cpanel.net,Male,2005,BMW,M3,Shreveport,Louisiana,71105,US,32.4589,-93.7143,52300,"Fahey, Altenwerth and Trantow",04/24/2025
177,Julio,Wethered,jwethered4w@webs.com,Male,2010,MINI,Cooper,Jamaica,New York,11499,US,40.6514,-73.8708,57306,Altenwerth LLC,12/23/2023
178,Dilly,Draysey,ddraysey4x@indiegogo.com,Male,2003,Mercedes-Benz,SL-Class,Birmingham,Alabama,35244,US,33.3538,-86.8254,57577,"Effertz, Zemlak and Veum",08/25/2023
179,Erick,Dik,edik4y@fastcompany.com,Male,1991,Buick,LeSabre,Hot Springs National Park,Arkansas,71914,US,34.5137,-92.9685,66870,Friesen-Howell,04/13/2023
180,Guenevere,Roja,groja4z@360.cn,Female,1995,Toyota,Tacoma Xtra,Austin,Texas,78710,US,30.352,-97.7151,96824,King Group,01/06/2026
181,Ranice,Skewes,rskewes50@wunderground.com,Female,1998,Chevrolet,Monte Carlo,Jackson,Mississippi,39204,US,32.2832,-90.2306,97816,Runolfsdottir and Sons,11/20/2022
182,Mark,Cuff,mcuff51@fc2.com,Bigender,1995,Chevrolet,Camaro,Jamaica,New York,11431,US,40.6869,-73.8501,31503,Morar-Monahan,04/27/2025
183,Lorri,Peyton,lpeyton52@mashable.com,Female,2004,GMC,Sierra 3500,Washington,District of Columbia,20535,US,38.8941,-77.0251,34972,"Bashirian, Wilkinson and Marquardt",09/16/2024
184,Pernell,Blaschke,pblaschke53@geocities.com,Agender,2009,Audi,S5,Olympia,Washington,98516,US,47.1126,-122.7794,33965,Bradtke-Schimmel,05/09/2025
185,Dorise,Giacopazzi,dgiacopazzi54@networkadvertising.org,Female,1994,Mercury,Grand Marquis,Memphis,Tennessee,38150,US,35.2017,-89.9715,62463,"Thiel, Wintheiser and Denesik",09/05/2024
186,Callie,Evens,cevens55@hostgator.com,Female,1990,Plymouth,Laser,Birmingham,Alabama,35236,US,33.5446,-86.9292,68698,"Bergstrom, Heaney and Labadie",07/07/2024
187,Saxe,Balaam,sbalaam56@taobao.com,Male,1963,Pontiac,Grand Prix,Pasadena,California,91103,US,34.1669,-118.1551,60911,Durgan Group,01/09/2026
188,Gino,Britian,gbritian57@gmpg.org,Male,2008,BMW,M6,Portland,Oregon,97211,US,45.5653,-122.6448,52090,Stanton-Hermann,05/24/2024
189,Darryl,Orrah,dorrah58@altervista.org,Female,2010,Lamborghini,Gallardo,El Paso,Texas,79940,US,31.6948,-106.3,63439,Donnelly Inc,10/17/2024
190,Obie,Garnham,ogarnham59@imdb.com,Male,1987,Mercedes-Benz,S-Class,Vancouver,Washington,98687,US,45.8016,-122.5203,52369,"Huels, Kulas and Gutmann",08/23/2023
191,Griz,Grierson,ggrierson5a@hao123.com,Male,2006,Chevrolet,SSR,Boise,Idaho,83727,US,43.4599,-116.244,89270,"Sanford, Strosin and Schowalter",12/14/2025
192,Hurleigh,Matchett,hmatchett5b@geocities.jp,Male,2008,Audi,S8,Shreveport,Louisiana,71137,US,32.6076,-93.7526,44123,Satterfield and Sons,10/26/2023
193,Hardy,MacKean,hmackean5c@sina.com.cn,Male,2006,Chrysler,Crossfire Roadster,Des Moines,Iowa,50369,US,41.6727,-93.5722,35103,"Yundt, Rogahn and Ziemann",05/02/2023
194,Jessi,Woofenden,jwoofenden5d@vistaprint.com,Female,2009,Hummer,H3T,Chicago,Illinois,60681,US,41.8119,-87.6873,36399,Willms Group,02/21/2022
195,Forbes,Nehls,fnehls5e@usatoday.com,Male,2009,Buick,LaCrosse,Muncie,Indiana,47306,US,40.2023,-85.4082,72655,"Kerluke, Reilly and Hammes",10/16/2022
196,Zacharias,Bordiss,zbordiss5f@columbia.edu,Male,1990,Mercury,Sable,New Orleans,Louisiana,70149,US,30.033,-89.8826,45456,Terry-Walter,05/06/2025
197,Shena,Bryden,sbryden5g@gizmodo.com,Female,2008,Mitsubishi,Galant,Scranton,Pennsylvania,18505,US,41.3914,-75.6657,62654,Davis Inc,03/20/2024
198,Sharai,Bowkley,sbowkley5h@storify.com,Female,2007,Audi,A3,Reston,Virginia,20195,US,38.8318,-77.2888,43028,"Goldner, Lynch and Larkin",10/04/2024
199,Gertrude,Ivankov,givankov5i@cbc.ca,Bigender,2008,Acura,TL,Mobile,Alabama,36628,US,30.6589,-88.178,42752,Wilderman and Sons,05/27/2024
200,Blakeley,Idenden,bidenden5j@cornell.edu,Female,2011,Lincoln,Town Car,Grand Forks,North Dakota,58207,US,47.9335,-97.3944,83101,Kutch-Quitzon,02/06/2025
201,Birgitta,Windress,bwindress5k@google.pl,Female,2008,Pontiac,Grand Prix,Evansville,Indiana,47732,US,37.9971,-87.575,49886,"Kovacek, Parisian and Reilly",10/05/2024
202,Esteban,Anstie,eanstie5l@google.de,Male,2004,Ford,Expedition,Minneapolis,Minnesota,55436,US,44.9034,-93.374,38911,Renner-Wuckert,08/11/2023
203,Deerdre,Grinov,dgrinov5m@elegantthemes.com,Female,2005,Ford,GT,Pittsburgh,Pennsylvania,15255,US,40.4344,-80.0248,48756,"Bins, Moore and Mills",08/15/2025
204,Ariel,Nequest,anequest5n@github.io,Female,2009,Chevrolet,Express 2500,Saint Petersburg,Florida,33731,US,27.8918,-82.7248,95808,"Sauer, Towne and Legros",06/25/2022
205,Allys,Pyatt,apyatt5o@so-net.ne.jp,Female,1993,Acura,Vigor,Washington,District of Columbia,20540,US,38.8874,-77.0047,82200,Deckow-Renner,04/21/2025
206,Lexy,Grieves,lgrieves5p@bbb.org,Female,2010,Ford,Escape,Shawnee Mission,Kansas,66276,US,38.8999,-94.832,83290,"Reynolds, Bins and Cassin",07/23/2023
207,Genia,D'Onise,gdonise5q@trellian.com,Female,2008,Audi,A8,Memphis,Tennessee,38150,US,35.2017,-89.9715,52268,Klein and Sons,12/11/2023
208,Alma,Craigg,acraigg5r@psu.edu,Female,2011,Suzuki,SX4,Pittsburgh,Pennsylvania,15225,US,40.5051,-80.1155,57231,"Auer, Rogahn and Jast",02/15/2024
209,Erny,McKea,emckea5s@twitter.com,Male,2010,Ford,Crown Victoria,Raleigh,North Carolina,27626,US,35.7977,-78.6253,46062,Lubowitz and Sons,11/20/2023
210,Valeria,Dunlea,vdunlea5t@cbslocal.com,Female,2005,Saab,9-2X,Salt Lake City,Utah,84120,US,40.695,-112.0001,76615,Grimes LLC,10/11/2025
211,Philly,McGookin,pmcgookin5u@jiathis.com,Female,2004,Volkswagen,R32,Philadelphia,Pennsylvania,19093,US,40.0018,-75.1179,51931,Jast-Nikolaus,03/31/2025
212,Liam,Dunckley,ldunckley5v@google.co.uk,Male,2000,Audi,A6,Dallas,Texas,75277,US,32.7673,-96.7776,64334,Cummings and Sons,10/15/2023
213,Delinda,Murricanes,dmurricanes5w@webeden.co.uk,Female,2007,Saturn,Sky,Flushing,New York,11388,US,40.6514,-73.8708,35572,"Gottlieb, Swaniawski and Fadel",06/09/2023
214,Dolorita,Bang,dbang5x@vimeo.com,Female,2008,Mitsubishi,Endeavor,Saint Petersburg,Florida,33715,US,27.6705,-82.7119,74711,"Ryan, Ryan and Treutel",09/12/2023
215,Lind,Edgley,ledgley5y@360.cn,Male,2003,GMC,Sierra 1500,Ogden,Utah,84403,US,41.1894,-111.9489,30804,Dietrich Inc,07/07/2023
216,Karissa,Whitman,kwhitman5z@topsy.com,Female,2005,Lamborghini,Gallardo,Denver,Colorado,80270,US,39.7388,-104.4083,58742,"Fritsch, Mayert and Swaniawski",08/19/2023
217,Tobin,Furmedge,tfurmedge60@t-online.de,Genderfluid,1991,Buick,Coachbuilder,Austin,Texas,78703,US,30.2907,-97.7648,31600,Prohaska LLC,04/07/2022
218,Lindy,Ferrant,lferrant61@mozilla.org,Male,1984,Porsche,944,Gulfport,Mississippi,39505,US,30.4158,-89.0684,67363,Goodwin Group,01/03/2024
219,Hyacinthia,Putterill,hputterill62@amazonaws.com,Female,1997,Hyundai,Accent,High Point,North Carolina,27264,US,36.0807,-80.0244,91167,"Bartoletti, O'Connell and Rau",05/27/2022
220,Bernette,Cantos,bcantos63@amazon.de,Female,1993,Ford,Mustang,Las Vegas,Nevada,89178,US,35.9977,-115.2861,57505,Johnston Inc,01/07/2024
221,Kevyn,Baxstare,kbaxstare64@hc360.com,Female,2005,Volkswagen,Passat,Chattanooga,Tennessee,37416,US,35.0942,-85.1757,36474,Kling LLC,05/02/2024
222,Dean,Staynes,dstaynes65@youku.com,Male,1991,Audi,Coupe Quattro,Louisville,Kentucky,40280,US,38.2467,-85.6853,67409,"Bednar, Adams and Leannon",08/02/2023
223,Huberto,Lippard,hlippard66@i2i.jp,Male,2000,Chrysler,Town & Country,Des Moines,Iowa,50981,US,41.6727,-93.5722,51317,"Armstrong, Sauer and Murphy",12/31/2024
224,Alister,Hartzenberg,ahartzenberg67@naver.com,Male,2003,Nissan,Pathfinder,Lansing,Michigan,48930,US,42.7325,-84.5587,78016,Daniel LLC,01/04/2024
225,Dorie,Whitmarsh,dwhitmarsh68@eepurl.com,Agender,2006,Ford,E350,Springfield,Illinois,62776,US,39.7495,-89.606,69285,Luettgen-Kertzmann,04/29/2024
226,Benita,De Cruz,bdecruz69@abc.net.au,Female,1996,Dodge,Dakota Club,Washington,District of Columbia,20088,US,38.8933,-77.0146,60255,Crona Inc,06/03/2022
227,Darbee,Mcall,dmcall6a@google.ca,Male,2006,BMW,M5,Lima,Ohio,45807,US,40.7955,-84.1383,92164,Grant Inc,05/01/2024
228,Bobbye,Currom,bcurrom6b@ucoz.ru,Female,2003,Kia,Sedona,Rochester,New York,14604,US,43.1577,-77.608,83729,Weissnat-Mraz,07/07/2025
229,Idaline,Summerhayes,isummerhayes6c@accuweather.com,Female,2002,Acura,NSX,Nashville,Tennessee,37215,US,36.0986,-86.8219,66422,"Hagenes, Jakubowski and Kreiger",06/11/2024
230,Fancie,Abramovic,fabramovic6d@elpais.com,Female,2012,Lexus,IS-F,Greenville,South Carolina,29615,US,34.8661,-82.3198,90435,Ruecker and Sons,10/25/2025
231,Dyane,Gorrissen,dgorrissen6e@arizona.edu,Female,1999,GMC,Savana 1500,Memphis,Tennessee,38188,US,35.2017,-89.9715,43057,"Predovic, White and Schumm",04/06/2023
232,Dene,Christofides,dchristofides6f@taobao.com,Male,1998,GMC,3500,Tampa,Florida,33605,US,27.9671,-82.4334,91273,"Turner, Leuschke and Witting",04/23/2024
233,Vale,Laurenceau,vlaurenceau6g@sitemeter.com,Male,2006,Bentley,Arnage,Orlando,Florida,32803,US,28.5559,-81.3535,64314,Champlin Group,12/19/2025
234,Francoise,Fettiplace,ffettiplace6h@elegantthemes.com,Female,2002,Nissan,Quest,Atlanta,Georgia,30375,US,33.8444,-84.474,83829,Bogan-Kunze,07/12/2023
235,Mellicent,Stollsteiner,mstollsteiner6i@istockphoto.com,Female,2003,Infiniti,M,Decatur,Illinois,62525,US,39.854,-88.9815,98417,Hackett LLC,12/15/2022
236,Nedda,Coatts,ncoatts6j@walmart.com,Female,2005,BMW,Z4,Milwaukee,Wisconsin,53205,US,43.0528,-87.9353,75953,Volkman Inc,05/24/2024
237,Horatia,Annable,hannable6k@gmpg.org,Bigender,2013,Hyundai,Genesis Coupe,Akron,Ohio,44393,US,41.1287,-81.54,52476,Stracke and Sons,04/30/2025
238,Alica,Brockhurst,abrockhurst6l@senate.gov,Female,1994,Ford,Econoline E250,Salt Lake City,Utah,84105,US,40.7372,-111.8581,68025,"Reichert, Bruen and Yundt",03/20/2022
239,Shawnee,Rothman,srothman6m@go.com,Female,1993,Ford,F-Series,Great Neck,New York,11024,US,40.8171,-73.7416,78664,Balistreri-Bartoletti,12/14/2025
240,Laura,Hartin,lhartin6n@kickstarter.com,Female,1995,Audi,riolet,Trenton,New Jersey,08619,US,40.2418,-74.6962,38074,"Parker, Labadie and O'Connell",04/28/2022
241,Augie,Norsworthy,anorsworthy6o@topsy.com,Male,2005,Scion,xA,Philadelphia,Pennsylvania,19093,US,40.0018,-75.1179,58880,"Kautzer, Crist and Champlin",11/19/2022
242,Nickolas,Matusevich,nmatusevich6p@ucoz.com,Male,2011,Mercedes-Benz,E-Class,Beaverton,Oregon,97075,US,45.5486,-123.1147,78505,Huel-Schumm,02/21/2024
243,Niccolo,Whitwell,nwhitwell6q@netvibes.com,Male,1985,Mitsubishi,Mirage,Detroit,Michigan,48267,US,42.2399,-83.1508,44055,Wehner and Sons,12/25/2024
244,Hannie,Richardon,hrichardon6r@jimdo.com,Female,2007,Lincoln,Navigator,Springfield,Illinois,62756,US,39.7495,-89.606,66961,Dickinson-Bruen,08/14/2022
245,Alexandro,Sertin,asertin6s@bloglines.com,Male,2000,Plymouth,Breeze,Pomona,California,91797,US,33.7866,-118.2987,52584,Carter-Schneider,09/12/2024
246,Benji,Dresser,bdresser6t@qq.com,Male,1986,Maserati,Biturbo,Atlanta,Georgia,30328,US,33.9335,-84.3958,49998,Hirthe-Bergnaum,01/03/2023
247,Hettie,Matusov,hmatusov6u@ucsd.edu,Female,2003,Volvo,C70,Tacoma,Washington,98447,US,47.1441,-122.4434,58436,"Schoen, Upton and Botsford",11/24/2024
248,Rosemaria,Belhome,rbelhome6v@github.io,Female,1966,Oldsmobile,Toronado,Orlando,Florida,32808,US,28.5803,-81.4396,54723,Nolan-Medhurst,02/28/2025
249,Siegfried,Ohlsen,sohlsen6w@loc.gov,Male,1999,Hyundai,Accent,South Bend,Indiana,46620,US,41.5968,-86.293,94964,Harber-Ernser,10/18/2024
250,Leora,Logesdale,llogesdale6x@live.com,Bigender,2000,Mitsubishi,Challenger,Evansville,Indiana,47725,US,38.1071,-87.5256,65140,"Barton, Schamberger and O'Reilly",04/01/2024
251,Phillida,Mitchely,pmitchely6y@trellian.com,Female,2009,Chevrolet,Colorado,Hialeah,Florida,33018,US,25.9098,-80.3889,77452,Shields and Sons,03/03/2025
252,Alisha,Crowcum,acrowcum6z@google.com.br,Female,2000,Mazda,626,Saint Petersburg,Florida,33742,US,27.8918,-82.7248,57172,"Bode, Tremblay and Johns",08/22/2023
253,Joshuah,Eggar,jeggar70@microsoft.com,Male,2006,Acura,TL,Phoenix,Arizona,85083,US,33.7352,-112.1294,96097,Halvorson-Daugherty,06/17/2025
254,Batsheva,Sherwin,bsherwin71@bing.com,Female,1991,Buick,Park Avenue,College Station,Texas,77844,US,30.6521,-96.341,98256,"Vandervort, Pagac and Cassin",05/29/2024
255,Cyb,Filip,cfilip72@yale.edu,Female,2004,Acura,TL,Phoenix,Arizona,85020,US,33.5623,-112.0559,70695,Zieme-Harber,12/11/2022
256,Bernita,Pothecary,bpothecary73@unesco.org,Female,1992,Dodge,Monaco,Virginia Beach,Virginia,23471,US,36.7957,-76.0126,45664,"Abernathy, Carter and Wolff",11/17/2025
257,Mariel,Guirard,mguirard74@live.com,Female,2012,Cadillac,Escalade ESV,Trenton,New Jersey,08603,US,40.2805,-74.712,82088,Herman and Sons,05/22/2025
258,Murdock,Venard,mvenard75@japanpost.jp,Agender,1969,Plymouth,Roadrunner,Albany,New York,12242,US,42.6149,-73.9708,79626,"Turcotte, Turner and Cormier",02/16/2025
259,Spense,Souley,ssouley76@joomla.org,Male,2007,Saturn,VUE,Washington,District of Columbia,20073,US,38.897,-77.0251,99455,Ondricka-Zemlak,09/29/2022
260,Gabby,Catenot,gcatenot77@github.io,Non-binary,2005,Volvo,V70,Washington,District of Columbia,20575,US,38.8933,-77.0146,87638,Swaniawski Inc,08/25/2023
261,Car,Berfoot,cberfoot78@imgur.com,Male,2002,BMW,X5,Beaverton,Oregon,97075,US,45.5486,-123.1147,67377,"Prosacco, Hagenes and Gibson",01/06/2025
262,Talbert,Paulisch,tpaulisch79@sphinn.com,Non-binary,2007,Ford,Explorer Sport Trac,Hagerstown,Maryland,21747,US,39.5207,-77.9162,90359,"Kunde, Kuphal and Ullrich",05/03/2024
263,Kriste,Thomton,kthomton7a@dedecms.com,Genderfluid,1987,Audi,5000CS,Jackson,Mississippi,39236,US,32.3113,-90.3972,31891,Schimmel-Smitham,03/09/2023
264,Benn,Waite,bwaite7b@fotki.com,Male,1994,Mazda,323,Lubbock,Texas,79452,US,33.61,-101.8213,32125,Lesch Group,01/06/2025
265,Irving,Breeder,ibreeder7c@altervista.org,Male,2008,Mitsubishi,Lancer Evolution,Lubbock,Texas,79410,US,33.5693,-101.8904,84961,Kerluke-Considine,07/28/2024
266,Susannah,Youens,syouens7d@free.fr,Female,1985,Pontiac,Parisienne,Atlanta,Georgia,30311,US,33.723,-84.4702,47455,Morissette-Walter,12/13/2022
267,Sharleen,Zealy,szealy7e@1und1.de,Female,2012,Jeep,Grand Cherokee,Nashville,Tennessee,37240,US,36.1866,-86.7852,73012,Lemke LLC,10/14/2024
268,Brose,Mitkin,bmitkin7f@salon.com,Male,1998,Kia,Sportage,Hollywood,Florida,33028,US,26.0185,-80.3449,73516,"Dooley, Weissnat and Batz",05/05/2024
269,Selia,Fenge,sfenge7g@apple.com,Female,1990,Porsche,928,Richmond,Virginia,23293,US,37.5242,-77.4932,78760,"Hilll, Littel and Reinger",03/18/2024
270,Roderich,Horick,rhorick7h@state.tx.us,Male,2000,Honda,Prelude,Waterloo,Iowa,50706,US,42.4156,-92.2703,56861,"Stehr, Willms and Heathcote",05/06/2023
271,Wandis,MacCoveney,wmaccoveney7i@state.gov,Female,1992,Mitsubishi,Galant,Tyler,Texas,75705,US,32.3766,-95.1252,73117,"Moen, Swift and Bauch",04/24/2024
272,Cristabel,Strafen,cstrafen7j@moonfruit.com,Female,2011,Rolls-Royce,Phantom,San Antonio,Texas,78220,US,29.4106,-98.4128,69922,"Osinski, Hansen and Jacobson",08/17/2025
273,Sheppard,Messum,smessum7k@mapy.cz,Male,1994,Mitsubishi,GTO,Sacramento,California,95828,US,38.4826,-121.4006,63067,Emmerich LLC,01/27/2026
274,Melosa,Brimelow,mbrimelow7l@slideshare.net,Female,2010,Mercedes-Benz,GL-Class,Boston,Massachusetts,02203,US,42.3615,-71.0604,81011,Windler-Fadel,10/15/2023
275,Rip,Rulton,rrulton7m@admin.ch,Male,2001,Volvo,S80,Washington,District of Columbia,20566,US,38.8971,-77.0554,44865,"Larson, Simonis and Hartmann",01/28/2026
276,Hendrick,Piatkow,hpiatkow7n@vkontakte.ru,Male,1998,Hummer,H1,Anchorage,Alaska,99517,US,61.1901,-149.9361,45702,Nicolas LLC,02/15/2024
277,Arabelle,Ropert,aropert7o@phpbb.com,Female,2006,GMC,Savana Cargo Van,Trenton,New Jersey,08650,US,40.2805,-74.712,37759,Herzog Group,07/19/2022
278,Floria,Kop,fkop7p@51.la,Female,2012,Chevrolet,Express 1500,Stamford,Connecticut,06905,US,41.0888,-73.5435,84653,Kulas and Sons,12/23/2025
279,Delia,Belch,dbelch7q@ameblo.jp,Female,2002,Pontiac,Firebird,El Paso,Texas,88579,US,31.6948,-106.3,58808,Denesik-Gorczany,05/23/2024
280,Karylin,Dayley,kdayley7r@google.com.hk,Female,2004,Audi,A6,Gastonia,North Carolina,28055,US,35.284,-81.1897,39906,Rempel-Green,11/20/2024
281,Cirillo,Archer,carcher7s@ocn.ne.jp,Male,2000,Dodge,Dakota,Birmingham,Alabama,35290,US,33.5446,-86.9292,94666,Medhurst Inc,07/16/2023
282,Bliss,Beardmore,bbeardmore7t@yolasite.com,Female,1999,Honda,Prelude,Seattle,Washington,98133,US,47.7377,-122.3431,37505,"Boehm, Baumbach and Zulauf",09/16/2025
283,Keane,Parmby,kparmby7u@ucoz.com,Male,1996,Mitsubishi,Diamante,Saint Louis,Missouri,63196,US,38.6531,-90.2435,56480,"Steuber, Borer and Bruen",04/03/2023
284,Turner,Dory,tdory7v@nationalgeographic.com,Male,2004,BMW,X3,Los Angeles,California,90035,US,34.0531,-118.3806,50743,Bins-Conroy,04/06/2023
285,Danny,Attride,dattride7w@slideshare.net,Male,2006,Lexus,GX,New York City,New York,10160,US,40.7808,-73.9772,93006,Stamm-Beatty,04/19/2022
286,Jae,Meuse,jmeuse7x@free.fr,Male,2002,Lexus,SC,Portland,Maine,04109,US,43.6783,-70.1987,68076,Bernier and Sons,07/24/2022
287,Kata,Brando,kbrando7y@elpais.com,Female,2013,Nissan,GT-R,Kansas City,Kansas,66160,US,39.0966,-94.7495,70547,Greenholt-Brown,08/26/2022
288,Freda,Fibben,ffibben7z@marketwatch.com,Female,2006,Honda,Odyssey,Cape Coral,Florida,33915,US,26.6599,-81.8934,60043,Toy-Prosacco,06/28/2025
289,Marcy,Witherbed,mwitherbed80@networksolutions.com,Female,2000,Ford,F150,Virginia Beach,Virginia,23471,US,36.7957,-76.0126,54354,Gottlieb-Walsh,08/13/2025
290,Teodoro,Chapelhow,tchapelhow81@ebay.co.uk,Male,2002,Cadillac,Eldorado,Austin,Texas,78783,US,30.3264,-97.7713,78876,"Franecki, Zieme and Marvin",08/31/2024
291,Packston,Fessions,pfessions82@xing.com,Male,1997,Pontiac,Trans Sport,Aurora,Colorado,80044,US,39.7388,-104.4083,49152,Connelly Inc,08/20/2024
292,Hardy,Bailiss,hbailiss83@google.nl,Male,1993,Mercedes-Benz,400SEL,El Paso,Texas,79977,US,31.6948,-106.3,59443,Reichert LLC,05/07/2023
293,Clemmy,Cobbled,ccobbled84@google.de,Male,2006,BMW,5 Series,Wilmington,Delaware,19897,US,39.5645,-75.597,63176,Bergstrom Inc,07/12/2023
294,Ailyn,Egiloff,aegiloff85@bluehost.com,Female,2007,Bentley,Continental GTC,Roanoke,Virginia,24020,US,37.3589,-79.9448,57657,Ondricka-VonRueden,06/08/2024
295,Kat,Winspire,kwinspire86@xinhuanet.com,Female,1992,Oldsmobile,Bravada,Boise,Idaho,83727,US,43.4599,-116.244,31690,Becker-Welch,05/20/2022
296,Cody,Pes,cpes87@aboutads.info,Male,1996,GMC,Savana 3500,Waltham,Massachusetts,02453,US,42.3654,-71.2316,40795,Schmitt-Grady,07/19/2024
297,Elfrida,Matiebe,ematiebe88@people.com.cn,Female,1993,Pontiac,Bonneville,Fayetteville,North Carolina,28305,US,35.056,-78.9047,51178,Nicolas Inc,11/23/2024
298,Pierre,McLleese,pmclleese89@go.com,Male,2012,Hyundai,Veracruz,Stamford,Connecticut,06912,US,41.3089,-73.3637,75396,Lakin Inc,03/13/2024
299,Agnes,O Sullivan,aosullivan8a@de.vu,Female,1988,Lincoln,Town Car,Las Vegas,Nevada,89110,US,36.173,-115.0669,52358,Luettgen-Medhurst,10/21/2023
300,Uri,Guerrazzi,uguerrazzi8b@businessweek.com,Male,1992,Dodge,Ramcharger,Monroe,Louisiana,71208,US,32.4968,-92.0756,65281,Reilly and Sons,06/15/2024
301,Tamera,Marquand,tmarquand8c@youku.com,Female,2000,Porsche,Boxster,Shawnee Mission,Kansas,66205,US,39.0312,-94.6308,61550,Torphy Inc,08/04/2022
302,Leslie,Charville,lcharville8d@google.com.au,Male,1993,Dodge,Dynasty,Washington,District of Columbia,20062,US,38.9,-77.0369,75905,Leffler Inc,09/29/2025
303,Clarke,Hundley,chundley8e@parallels.com,Male,2007,Ford,F-Series,Houston,Texas,77010,US,29.7543,-95.3609,81943,Morissette Group,08/02/2024
304,Carline,Knowling,cknowling8f@ed.gov,Female,1989,Pontiac,Grand Prix,Philadelphia,Pennsylvania,19178,US,40.0018,-75.1179,68134,Batz-Anderson,02/03/2025
305,Tuckie,Behninck,tbehninck8g@timesonline.co.uk,Male,2000,GMC,Savana 3500,Chicago,Illinois,60604,US,41.8784,-87.633,83555,"Kuvalis, D'Amore and Price",10/10/2023
306,Harwilll,Rodda,hrodda8h@surveymonkey.com,Male,2001,Chevrolet,Astro,Denver,Colorado,80299,US,39.7388,-104.4083,42605,Schamberger Group,07/20/2022
307,Claudia,Oakhill,coakhill8i@usatoday.com,Female,2012,Subaru,Outback,New Orleans,Louisiana,70187,US,30.033,-89.8826,91107,Hane-Barrows,01/01/2026
308,Nickolai,Flea,nflea8j@e-recht24.de,Male,2011,Kia,Sorento,Anchorage,Alaska,99517,US,61.1901,-149.9361,62214,"Kertzmann, Goyette and Larson",09/06/2025
309,Artair,Drummer,adrummer8k@meetup.com,Male,2005,Suzuki,Forenza,Montgomery,Alabama,36119,US,32.2334,-86.2085,88312,Murray Inc,05/22/2022
310,Dieter,Crump,dcrump8l@businessweek.com,Male,2008,Dodge,Avenger,Memphis,Tennessee,38161,US,35.2017,-89.9715,54382,"Ankunding, Dietrich and Wiegand",09/18/2024
311,Gunar,Jirousek,gjirousek8m@desdev.cn,Male,2004,Chevrolet,Express 3500,Vancouver,Washington,98664,US,45.6231,-122.5767,89631,Hamill-West,06/03/2024
312,Jorgan,Cheyne,jcheyne8n@dropbox.com,Male,2003,Honda,S2000,Montgomery,Alabama,36114,US,32.404,-86.2539,89246,Schinner and Sons,07/18/2023
313,June,MacTague,jmactague8o@tinypic.com,Female,1971,Chevrolet,Camaro,Lincoln,Nebraska,68510,US,40.8063,-96.6545,75552,Connelly LLC,12/29/2025
314,Creight,Menis,cmenis8p@chicagotribune.com,Male,1992,Dodge,Dakota Club,Lincoln,Nebraska,68505,US,40.8247,-96.6252,37406,Ferry Group,02/08/2024
315,Abigael,Aylmer,aaylmer8q@usa.gov,Genderfluid,1994,Mazda,MX-5,Fargo,North Dakota,58122,US,46.9346,-97.2297,72266,"Thompson, Kuphal and Abbott",04/29/2023
316,Marika,Paye,mpaye8r@sfgate.com,Female,1993,Isuzu,Trooper,Delray Beach,Florida,33448,US,26.6459,-80.4303,31068,"McClure, Haley and Brekke",10/23/2023
317,Inglis,Zambon,izambon8s@pbs.org,Male,1984,Buick,Electra,Richmond,Virginia,23289,US,37.5313,-77.4161,40276,Bergstrom LLC,02/14/2025
318,Rob,Draysey,rdraysey8t@theguardian.com,Male,2009,Lincoln,Navigator,Gainesville,Florida,32610,US,29.6813,-82.3539,64049,Green LLC,08/10/2025
319,Kettie,Calow,kcalow8u@abc.net.au,Female,1992,Mitsubishi,Pajero,Memphis,Tennessee,38136,US,35.2017,-89.9715,74078,"Cole, Grant and Gleason",09/23/2024
320,Alberto,Cuddihy,acuddihy8v@unicef.org,Male,2005,Suzuki,Grand Vitara,Cincinnati,Ohio,45238,US,39.1092,-84.6108,46300,"Kub, Romaguera and Toy",07/01/2025
321,Cristionna,Cutajar,ccutajar8w@themeforest.net,Female,1998,Isuzu,Hombre,Melbourne,Florida,32919,US,28.3067,-80.6862,58956,"Schiller, Bailey and Gleason",04/22/2022
322,Glyn,Busk,gbusk8x@bloglovin.com,Male,1998,GMC,Sonoma Club Coupe,Las Vegas,Nevada,89145,US,36.1693,-115.2828,81040,Kemmer Group,01/31/2024
323,Marcelo,Laytham,mlaytham8y@usda.gov,Male,2005,GMC,Savana 3500,Salt Lake City,Utah,84189,US,40.6681,-111.9083,62804,Kuhic-Fritsch,03/07/2023
324,Loydie,Parradice,lparradice8z@xing.com,Male,1987,Land Rover,Range Rover,El Paso,Texas,88553,US,31.6948,-106.3,75579,Larson Inc,10/17/2025
325,Juieta,Meldrum,jmeldrum90@wikispaces.com,Female,2005,Dodge,Ram 1500,Portland,Oregon,97211,US,45.5653,-122.6448,69144,"Hirthe, Wilderman and Dach",12/02/2024
326,Nap,Solon,nsolon91@rediff.com,Male,1995,Acura,Integra,Pensacola,Florida,32575,US,30.6143,-87.2758,61847,Hoppe Group,01/20/2023
327,Puff,Elis,pelis92@nbcnews.com,Male,2008,Chevrolet,Suburban,Buffalo,New York,14263,US,42.7684,-78.8871,88932,Kuvalis-O'Conner,11/11/2024
328,Lindon,Leask,lleask93@github.io,Agender,2012,Toyota,Highlander,Young America,Minnesota,55551,US,44.8055,-93.7665,91503,Haag-Funk,11/13/2025
329,Rex,Jakab,rjakab94@cocolog-nifty.com,Male,2008,Volkswagen,R32,Lynchburg,Virginia,24515,US,37.4009,-79.1785,92372,Farrell-Torp,07/15/2024
330,Tessi,MacGahey,tmacgahey95@domainmarket.com,Female,1995,GMC,Jimmy,Fort Myers,Florida,33994,US,26.5529,-81.9486,50735,Hintz Group,11/21/2025
331,Florette,Malicki,fmalicki96@examiner.com,Female,2000,Lamborghini,Diablo,Las Vegas,Nevada,89145,US,36.1693,-115.2828,61845,"Ernser, McDermott and Walter",03/08/2024
332,Eydie,Corkhill,ecorkhill97@1und1.de,Female,2006,Dodge,Durango,San Diego,California,92110,US,32.7635,-117.2028,58448,"Keebler, Schimmel and Jacobi",07/11/2025
333,Angy,Stiffell,astiffell98@shareasale.com,Female,2008,Saturn,Astra,Kansas City,Missouri,64130,US,39.0351,-94.5467,72100,Davis Inc,12/08/2025
334,Teddy,Mc Gee,tmcgee99@bing.com,Male,2006,Lexus,RX,Des Moines,Iowa,50305,US,41.6727,-93.5722,90379,Halvorson-Feil,02/25/2024
335,Nickie,Euler,neuler9a@unicef.org,Female,2012,Hyundai,Genesis,Saint Augustine,Florida,32092,US,29.9475,-81.5264,66840,Ruecker-Goodwin,06/02/2025
336,Dill,Fereday,dfereday9b@sitemeter.com,Bigender,2004,Suzuki,Aerio,Raleigh,North Carolina,27610,US,35.7667,-78.6008,49990,Kassulke-Howe,09/23/2025
337,Ellen,Lockitt,elockitt9c@npr.org,Female,1996,Nissan,200SX,Harrisburg,Pennsylvania,17105,US,40.2785,-76.8752,56428,"Orn, Baumbach and Weber",02/28/2022
338,Kimberley,Iscowitz,kiscowitz9d@dagondesign.com,Female,1992,Toyota,Celica,Shreveport,Louisiana,71137,US,32.6076,-93.7526,89214,Considine-Tillman,09/17/2022
339,Town,Pole,tpole9e@flavors.me,Male,2007,Hyundai,Accent,Salt Lake City,Utah,84125,US,40.6681,-111.9083,52631,Grant-Collier,03/20/2022
340,Georges,Pearson,gpearson9f@salon.com,Male,1995,Ford,Ranger,Saint Louis,Missouri,63167,US,38.6383,-90.4271,79708,Cremin-Runolfsson,03/30/2022
341,Tymon,Gosney,tgosney9g@addthis.com,Male,1995,Land Rover,Defender,Bakersfield,California,93311,US,35.3039,-119.1056,45325,Predovic-Baumbach,06/27/2024
342,Chase,Raft,craft9h@ftc.gov,Male,2008,Lexus,IS-F,Fairbanks,Alaska,99709,US,64.8544,-147.8469,71738,Jenkins-Bosco,03/22/2023
343,Domenico,Rodgier,drodgier9i@liveinternet.ru,Male,2007,Dodge,Durango,Oklahoma City,Oklahoma,73157,US,35.5514,-97.4075,58349,Bernier-Maggio,07/08/2023
344,Paton,Delea,pdelea9j@ebay.com,Male,1991,Porsche,944,Seattle,Washington,98121,US,47.6151,-122.3447,49776,"Lubowitz, Borer and Hilll",11/25/2023
345,Khalil,Hayhow,khayhow9k@archive.org,Male,2011,Lincoln,MKT,Memphis,Tennessee,38126,US,35.1255,-90.0424,91155,"Koelpin, Koss and Metz",09/12/2025
346,Rasia,Hengoed,rhengoed9l@weather.com,Female,2003,Subaru,Forester,Norcross,Georgia,30092,US,33.9677,-84.2438,35194,Hintz-Gusikowski,05/09/2024
347,Hervey,Duling,hduling9m@xing.com,Male,1963,Ford,E-Series,Orlando,Florida,32819,US,28.4522,-81.4678,58101,"Mayer, Davis and Goodwin",05/06/2024
348,Gelya,Creaney,gcreaney9n@cdbaby.com,Agender,1987,Audi,5000S,Scranton,Pennsylvania,18505,US,41.3914,-75.6657,74774,"Gerlach, Graham and Williamson",03/15/2024
349,Charmine,Peppard,cpeppard9o@scientificamerican.com,Female,1993,Nissan,Altima,Newton,Massachusetts,02458,US,42.3528,-71.1875,93309,Mertz-Reynolds,07/11/2023
350,Jerry,Scholz,jscholz9p@4shared.com,Female,2003,Saab,9-3,Nashville,Tennessee,37240,US,36.1866,-86.7852,55394,Wehner-Huel,10/24/2022
351,Harley,Spellward,hspellward9q@guardian.co.uk,Male,1993,Dodge,Ram Van B150,San Francisco,California,94147,US,37.7848,-122.7278,95795,"Willms, Fisher and Bashirian",05/29/2025
352,Vinita,Mantram,vmantram9r@rakuten.co.jp,Female,2007,Volkswagen,Touareg,San Antonio,Texas,78296,US,29.4375,-98.4616,49198,Muller and Sons,12/20/2024
353,Clyde,Ramelet,cramelet9s@qq.com,Male,2007,Kia,Rondo,Albany,New York,12227,US,42.6149,-73.9708,65130,"Rippin, Goodwin and Toy",11/30/2022
354,Brynn,Olney,bolney9t@163.com,Female,2004,Acura,RL,Tampa,Florida,33620,US,28.06,-82.4079,97176,Becker Group,03/26/2025
355,Berry,Fadell,bfadell9u@desdev.cn,Female,2003,GMC,Envoy XL,Oklahoma City,Oklahoma,73157,US,35.5514,-97.4075,37454,"Medhurst, Schuster and Halvorson",07/07/2022
356,Yehudit,Giraths,ygiraths9v@bravesites.com,Male,1987,Volkswagen,Cabriolet,Houston,Texas,77250,US,29.7629,-95.3629,68550,Ankunding Inc,11/23/2025
357,Augy,Klesl,aklesl9w@odnoklassniki.ru,Male,2000,Chevrolet,Blazer,Memphis,Tennessee,38119,US,35.0821,-89.8501,43122,Reichel Inc,08/07/2025
358,Marketa,Zannotti,mzannotti9x@lycos.com,Female,2000,GMC,Yukon XL 2500,Humble,Texas,77346,US,30.0042,-95.1728,79294,"Herzog, Torphy and Swaniawski",12/17/2025
359,Rhett,Dunckley,rdunckley9y@latimes.com,Male,1992,Isuzu,Space,Miami,Florida,33158,US,25.6364,-80.3187,51662,Marvin Group,10/01/2025
360,Kordula,Peppin,kpeppin9z@stanford.edu,Female,2006,Jeep,Commander,Los Angeles,California,90045,US,33.9631,-118.3941,58135,Metz Inc,01/30/2023
361,Edvard,O'Hearn,eohearna0@gov.uk,Male,2007,Honda,Civic,Denver,Colorado,80217,US,39.7388,-104.4083,68259,Swift-Stroman,09/14/2024
362,Jard,Kelson,jkelsona1@ca.gov,Male,2003,BMW,525,Shreveport,Louisiana,71166,US,32.6076,-93.7526,41620,Ullrich-White,07/02/2022
363,Ardella,Janecek,ajaneceka2@constantcontact.com,Female,1993,GMC,Safari,Charlotte,North Carolina,28235,US,35.26,-80.8042,57725,Spencer-Ernser,03/31/2023
364,Kathrine,Coetzee,kcoetzeea3@live.com,Female,1998,Saab,900,Memphis,Tennessee,38150,US,35.2017,-89.9715,71124,Lueilwitz-Macejkovic,03/20/2022
365,Shaine,Wiltsher,swiltshera4@naver.com,Male,2010,Subaru,Impreza,Denver,Colorado,80299,US,39.7388,-104.4083,30422,Glover and Sons,09/30/2023
366,Merl,Mahaddie,mmahaddiea5@fda.gov,Polygender,2011,Mercedes-Benz,S-Class,Fort Worth,Texas,76147,US,32.7714,-97.2915,82690,Waters-Weissnat,08/02/2022
367,Adela,Barbrick,abarbricka6@abc.net.au,Female,2008,Mercury,Grand Marquis,Houston,Texas,77218,US,29.834,-95.4342,62878,"Walsh, Bins and Lueilwitz",09/02/2022
368,Avivah,Lilley,alilleya7@prweb.com,Female,1996,Jeep,Cherokee,Trenton,New Jersey,08695,US,40.2805,-74.712,81083,Ryan-Walker,06/03/2025
369,Henry,Iban,hibana8@flavors.me,Polygender,2011,Jeep,Liberty,Cincinnati,Ohio,45254,US,39.1668,-84.5382,30299,Aufderhar LLC,10/28/2025
370,Berke,Raddenbury,braddenburya9@oakley.com,Male,2002,Lincoln,Town Car,Beaumont,Texas,77705,US,30.0211,-94.1157,87120,"Blanda, Lind and Stark",07/01/2024
371,Cari,Phizackerly,cphizackerlyaa@nytimes.com,Female,2003,Nissan,Maxima,Baltimore,Maryland,21239,US,39.361,-76.5891,92722,"Watsica, Altenwerth and Lehner",11/21/2025
372,Lynnett,Patershall,lpatershallab@wufoo.com,Female,1995,Jeep,Wrangler,Trenton,New Jersey,08603,US,40.2805,-74.712,80211,Prosacco Inc,05/13/2024
373,Nikos,MacMenemy,nmacmenemyac@simplemachines.org,Male,2012,Hyundai,Elantra,New York City,New York,10024,US,40.7864,-73.9764,45876,Klocko Inc,08/17/2023
374,Dagmar,O' Concannon,doconcannonad@amazon.co.jp,Female,1997,Mercury,Mountaineer,Long Beach,California,90831,US,33.7678,-118.1994,51541,Moore LLC,05/11/2025
375,Kristine,Rowlings,krowlingsae@gizmodo.com,Female,1968,Mercury,Cougar,Chicago,Illinois,60691,US,41.8119,-87.6873,46343,"Auer, Bechtelar and Witting",12/24/2022
376,Margeaux,Thumnel,mthumnelaf@tmall.com,Female,1992,Geo,Tracker,Topeka,Kansas,66667,US,39.0429,-95.7697,52368,Blanda-Wolff,08/03/2023
377,Allianora,Eat,aeatag@miibeian.gov.cn,Female,2000,Plymouth,Breeze,Baltimore,Maryland,21290,US,39.2933,-76.6238,60501,McClure Group,04/28/2022
378,Tomasine,Turle,tturleah@newyorker.com,Female,2006,Mitsubishi,Montero,Huntington,West Virginia,25709,US,38.1321,-82.4183,43488,Morissette Group,12/07/2024
379,Chester,Midlar,cmidlarai@engadget.com,Male,1992,Lotus,Esprit,Columbus,Ohio,43204,US,39.9523,-83.078,97278,Hansen-Hauck,12/07/2024
380,Crystie,Blumson,cblumsonaj@wired.com,Non-binary,2007,Toyota,Tundra,Newark,New Jersey,07188,US,40.7918,-74.2452,37595,Paucek-Walker,04/11/2025
381,Jeth,Diment,jdimentak@statcounter.com,Male,1997,Lexus,LS,Sioux Falls,South Dakota,57105,US,43.524,-96.7341,65606,Champlin-Gerlach,11/11/2022
382,Elana,Pickering,epickeringal@chronoengine.com,Female,1997,Chrysler,Town & Country,Des Moines,Iowa,50315,US,41.5444,-93.6192,99123,"Ratke, Hirthe and Beier",06/17/2022
383,Gussi,Newlan,gnewlanam@naver.com,Female,2005,Ford,Focus,Sioux Falls,South Dakota,57110,US,43.5486,-96.6332,78641,"Reichel, Tromp and Dooley",10/30/2022
384,Gradeigh,Cutcliffe,gcutcliffean@rakuten.co.jp,Male,2000,Toyota,MR2,Jacksonville,Florida,32236,US,30.3449,-81.6831,81213,Hane LLC,07/25/2024
385,Waylon,McEntagart,wmcentagartao@gmpg.org,Male,1994,Hyundai,Elantra,Columbia,South Carolina,29225,US,34.006,-80.9708,54064,"Wolff, Hermann and Kulas",12/03/2024
386,Cordy,Fish,cfishap@amazonaws.com,Female,1993,Ford,Thunderbird,Tampa,Florida,33680,US,27.872,-82.4388,77648,Pacocha Inc,03/11/2022
387,Sauveur,Castello,scastelloaq@hubpages.com,Male,1995,Holden,VS Commodore,San Diego,California,92153,US,33.0169,-116.846,75487,"Wiegand, Mitchell and Kilback",09/13/2023
388,Janeen,Ballantyne,jballantynear@biglobe.ne.jp,Female,1998,Mazda,Millenia,Pittsburgh,Pennsylvania,15205,US,40.4322,-80.1021,59542,Mertz-Jacobi,09/11/2023
389,Mireielle,Reilingen,mreilingenas@theglobeandmail.com,Female,2009,Ford,E150,Saint Louis,Missouri,63121,US,38.7072,-90.3055,57986,Morissette-Abernathy,01/08/2023
390,Kenneth,Decaze,kdecazeat@bloglines.com,Genderfluid,1986,Pontiac,Parisienne,York,Pennsylvania,17405,US,40.0086,-76.5972,91878,Murazik Inc,03/12/2023
391,Salvador,Paddon,spaddonau@google.de,Male,2003,Saab,9-5,New York City,New York,10165,US,40.7524,-73.9791,72645,Kreiger Group,05/26/2023
392,Freemon,Rapkins,frapkinsav@sciencedirect.com,Male,1990,Ford,LTD Crown Victoria,Peoria,Illinois,61605,US,40.6775,-89.6263,73266,Jenkins-Johnson,11/29/2024
393,Deborah,Moraleda,dmoraledaaw@cargocollective.com,Female,2007,Isuzu,i-Series,Waterbury,Connecticut,06721,US,41.3657,-72.9275,42399,Reinger-Pacocha,12/17/2022
394,Isadore,Carvell,icarvellax@google.it,Male,2006,GMC,Envoy,Augusta,Georgia,30911,US,33.386,-82.091,31494,Dooley Inc,08/28/2023
395,Arleen,Tomaszewski,atomaszewskiay@cbslocal.com,Female,2006,Chevrolet,Express 1500,Pompano Beach,Florida,33075,US,26.1457,-80.4483,43664,"Franecki, O'Kon and Satterfield",04/26/2024
396,Kikelia,Mountstephen,kmountstephenaz@howstuffworks.com,Female,2002,Ford,E-Series,Louisville,Kentucky,40205,US,38.2222,-85.6885,88988,Conn Group,04/24/2024
397,Britni,Packington,bpackingtonb0@hostgator.com,Female,2000,GMC,Yukon XL 2500,Sacramento,California,94286,US,38.3774,-121.4444,71506,Goldner Inc,10/07/2024
398,Hedda,Aksell,haksellb1@photobucket.com,Female,1992,Mazda,B-Series,Houston,Texas,77212,US,29.834,-95.4342,95855,"O'Reilly, Pfannerstill and Kovacek",11/18/2022
399,Shaun,Masding,smasdingb2@github.io,Male,2002,Chevrolet,TrailBlazer,Dallas,Texas,75310,US,32.7673,-96.7776,56191,"Kilback, Powlowski and Simonis",10/18/2025
400,Costa,Castelot,ccastelotb3@engadget.com,Male,2001,Subaru,Outback,Erie,Pennsylvania,16522,US,42.1827,-80.0649,48512,"Nolan, Gleichner and Effertz",03/23/2023
401,Jourdan,Bentick,jbentickb4@oracle.com,Female,2012,Cadillac,CTS-V,Louisville,Kentucky,40233,US,38.189,-85.6768,57461,Jones-Harvey,03/20/2022
402,Emlyn,Ledram,eledramb5@homestead.com,Agender,2003,Ford,E250,Santa Ana,California,92705,US,33.754,-117.7919,68488,Keeling Group,11/03/2024
403,Ashby,Coppo,acoppob6@soundcloud.com,Male,1993,Chevrolet,Suburban 2500,Punta Gorda,Florida,33982,US,26.9668,-81.9545,45987,Gutkowski-Hagenes,07/06/2024
404,Emelen,Holberry,eholberryb7@themeforest.net,Male,1992,Mercedes-Benz,E-Class,Los Angeles,California,90189,US,34.0515,-118.2559,77419,Barton-Nolan,04/11/2022
405,Ariel,Lesser,alesserb8@google.co.uk,Female,1995,Toyota,4Runner,Spokane,Washington,99215,US,47.6536,-117.4317,45728,Skiles-Abshire,04/29/2023
406,Verena,Pfiffer,vpfifferb9@rakuten.co.jp,Female,1993,BMW,M5,Houston,Texas,77030,US,29.7041,-95.401,55288,Volkman LLC,10/14/2022
407,Stephie,Waight,swaightba@mozilla.org,Female,2012,Land Rover,Range Rover Evoque,Scranton,Pennsylvania,18505,US,41.3914,-75.6657,56081,Pacocha-Hagenes,09/29/2025
408,Linnea,Jaquest,ljaquestbb@google.pl,Female,2008,Ford,Ranger,Duluth,Minnesota,55811,US,46.8147,-92.1998,50410,"Pfeffer, Kuhlman and Parisian",11/03/2022
409,Tobey,Claxson,tclaxsonbc@apache.org,Non-binary,2003,Pontiac,Grand Prix,Cincinnati,Ohio,45213,US,39.1802,-84.4204,37702,Feeney LLC,12/05/2022
410,Margaretha,Bentz,mbentzbd@creativecommons.org,Female,2006,GMC,Savana 2500,Orlando,Florida,32891,US,28.5663,-81.2608,59522,Kihn-West,09/11/2024
411,Brett,Rizzardi,brizzardibe@latimes.com,Male,2004,Infiniti,G,Evansville,Indiana,47747,US,37.9971,-87.575,92994,Graham and Sons,06/29/2025
412,Delcina,Daniells,ddaniellsbf@domainmarket.com,Female,2002,Mitsubishi,Lancer,Louisville,Kentucky,40210,US,38.2306,-85.7905,72026,DuBuque-Spencer,02/17/2025
413,Margy,Studde,mstuddebg@cpanel.net,Female,1997,Chevrolet,Camaro,Madison,Wisconsin,53790,US,43.0696,-89.4239,71241,"Adams, O'Connell and Brekke",10/24/2024
414,Zak,Besnardeau,zbesnardeaubh@amazonaws.com,Male,2008,Scion,tC,Denver,Colorado,80291,US,39.7439,-104.9876,74490,"Kling, Wunsch and Sanford",03/23/2024
415,Ardine,Tupman,atupmanbi@amazon.co.uk,Female,1986,Mercedes-Benz,SL-Class,Arlington,Virginia,22212,US,38.8808,-77.113,65689,Feest-Stroman,03/17/2024
416,Alejandro,Mewis,amewisbj@domainmarket.com,Male,1998,GMC,Safari,Miami,Florida,33169,US,25.9441,-80.2144,61067,"Kemmer, Schmeler and Macejkovic",03/18/2025
417,Adams,Odcroft,aodcroftbk@blogtalkradio.com,Male,1998,Toyota,Supra,Montpelier,Vermont,05609,US,44.2595,-72.585,51227,"Senger, Halvorson and Sawayn",08/02/2024
418,Darcee,Prosch,dproschbl@businesswire.com,Female,2009,GMC,Yukon XL 1500,Bismarck,North Dakota,58505,US,46.8165,-100.7805,60372,Lebsack-Hills,02/14/2025
419,Melania,Sandeland,msandelandbm@exblog.jp,Female,2011,Hyundai,Genesis,Springfield,Illinois,62723,US,39.7495,-89.606,76976,Hahn Inc,11/18/2022
420,Ignaz,Peploe,ipeploebn@issuu.com,Male,1994,Buick,Coachbuilder,Schaumburg,Illinois,60193,US,42.0144,-88.0935,31898,Schimmel and Sons,06/30/2022
421,Arturo,Umbers,aumbersbo@sohu.com,Male,2006,Nissan,350Z Roadster,Columbus,Ohio,43220,US,40.0495,-83.0669,42762,Wolff and Sons,12/20/2022
422,Morse,Brockbank,mbrockbankbp@dailymotion.com,Male,2005,Cadillac,CTS,Salt Lake City,Utah,84130,US,40.6681,-111.9083,51324,"Kihn, Feil and Tremblay",09/13/2025
423,Drugi,Dederich,ddederichbq@typepad.com,Male,1973,Chevrolet,Monte Carlo,Great Neck,New York,11024,US,40.8171,-73.7416,79150,Torp-Hagenes,06/08/2023
424,Zebedee,Tokell,ztokellbr@forbes.com,Male,2008,Jeep,Grand Cherokee,Saint Cloud,Minnesota,56398,US,45.5289,-94.5933,40805,Collier and Sons,03/05/2023
425,Patric,Glasard,pglasardbs@irs.gov,Male,1992,Cadillac,Fleetwood,Baltimore,Maryland,21275,US,39.2847,-76.6205,89857,"O'Hara, Tillman and Lehner",07/10/2023
426,Julietta,Bonifant,jbonifantbt@addthis.com,Female,2001,Lexus,LX,Springfield,Massachusetts,01129,US,42.1223,-72.4876,70338,McCullough-Schamberger,07/26/2022
427,Clotilda,Welch,cwelchbu@kickstarter.com,Female,2005,Maserati,Quattroporte,New Orleans,Louisiana,70165,US,30.033,-89.8826,69089,"Oberbrunner, Kozey and Fadel",05/26/2023
428,Enrica,Newcome,enewcomebv@homestead.com,Female,2009,Toyota,Matrix,Saint Paul,Minnesota,55127,US,45.0803,-93.0875,38888,King and Sons,07/14/2023
429,Jerome,Piller,jpillerbw@pinterest.com,Male,2001,BMW,5 Series,Mesquite,Texas,75185,US,32.7403,-96.5618,76275,"Koelpin, Mosciski and Reichel",12/07/2023
430,Carmelita,Silliman,csillimanbx@msn.com,Female,1991,Mazda,Navajo,Champaign,Illinois,61825,US,40.1399,-88.1961,88536,Purdy-Herman,05/15/2025
431,Everard,Quinnette,equinnetteby@google.ca,Male,2007,BMW,530,Corpus Christi,Texas,78475,US,27.777,-97.4632,81097,Nitzsche LLC,10/25/2023
432,Kessia,Lightman,klightmanbz@indiatimes.com,Non-binary,2012,Mercedes-Benz,GLK-Class,Canton,Ohio,44720,US,40.8956,-81.433,98720,McLaughlin-Lang,08/24/2023
433,Benjamin,Trenbay,btrenbayc0@reverbnation.com,Male,1991,Mitsubishi,Chariot,Montgomery,Alabama,36109,US,32.3834,-86.2434,95611,Thompson and Sons,09/21/2025
434,Daven,Wyss,dwyssc1@nyu.edu,Male,1996,GMC,Suburban 1500,Dayton,Ohio,45403,US,39.7617,-84.1498,62553,Kulas-Donnelly,09/12/2022
435,Rayshell,Walling,rwallingc2@princeton.edu,Female,2010,Infiniti,EX,Washington,District of Columbia,20380,US,38.8933,-77.0146,70258,Olson-Collier,07/26/2025
436,Sauncho,Moxsom,smoxsomc3@loc.gov,Male,2012,Honda,Fit,Hollywood,Florida,33023,US,25.9894,-80.2153,49352,Fisher Group,07/09/2025
437,Karlen,Truss,ktrussc4@cdc.gov,Female,2011,Volkswagen,Jetta,Houston,Texas,77288,US,29.834,-95.4342,90789,Doyle-Bernier,12/03/2022
438,Mill,Buckner,mbucknerc5@macromedia.com,Male,2010,Lamborghini,Murciélago,Yakima,Washington,98907,US,46.6288,-120.574,79566,White-Daniel,03/10/2024
439,Gardner,Redgewell,gredgewellc6@storify.com,Male,2001,Dodge,Dakota,Dallas,Texas,75367,US,32.7673,-96.7776,71652,Dietrich-Haley,11/13/2022
440,Claudio,Theobald,ctheobaldc7@blinklist.com,Male,2003,Ford,Explorer Sport Trac,New Orleans,Louisiana,70129,US,30.0877,-89.8462,55597,Mertz-Dickinson,08/11/2023
441,Ardella,Collens,acollensc8@marketwatch.com,Female,2010,Aston Martin,DB9,Greenville,South Carolina,29605,US,34.8001,-82.3932,42704,"Strosin, Reinger and Schowalter",02/10/2022
442,Garrard,Giannini,ggianninic9@eventbrite.com,Male,2010,Mitsubishi,Endeavor,New York City,New York,10150,US,40.7808,-73.9772,40544,Marks Group,12/04/2023
443,Archer,Allder,aallderca@pinterest.com,Male,1994,Buick,Skylark,Silver Spring,Maryland,20918,US,39.144,-77.2076,54405,"Weber, Pouros and Watsica",07/25/2023
444,Shannon,Sproule,ssproulecb@huffingtonpost.com,Female,1995,GMC,Vandura G1500,Sacramento,California,95852,US,38.6026,-121.4475,52562,Weber-Stracke,12/03/2025
445,Todd,Rowntree,trowntreecc@sohu.com,Male,1995,Toyota,Corolla,Long Beach,California,90831,US,33.7678,-118.1994,56047,Lemke LLC,11/07/2024
446,Rollins,Mackleden,rmackledencd@shareasale.com,Male,2011,Mercury,Mariner,Harrisburg,Pennsylvania,17126,US,40.2618,-76.88,62413,Collier and Sons,12/07/2024
447,Gussy,Leroux,glerouxce@ucoz.com,Female,1984,Lincoln,Town Car,Cincinnati,Ohio,45254,US,39.1668,-84.5382,70421,Powlowski Group,04/06/2023
448,Krishna,Temple,ktemplecf@purevolume.com,Male,1992,Lexus,SC,Phoenix,Arizona,85053,US,33.6299,-112.1316,82352,O'Hara Group,09/11/2022
449,Alastair,Yedy,ayedycg@wikispaces.com,Male,2007,Spyker,C8,Washington,District of Columbia,20244,US,38.8933,-77.0146,38221,Mante Group,04/24/2022
450,Sandy,Causnett,scausnettch@berkeley.edu,Female,2004,Mercury,Marauder,Little Rock,Arkansas,72209,US,34.6725,-92.3529,41130,Gerhold Inc,11/28/2023
451,Kalil,Edwins,kedwinsci@trellian.com,Male,1990,Audi,90,Baltimore,Maryland,21239,US,39.361,-76.5891,66514,Steuber-Corwin,10/25/2025
452,Ettie,Strutt,estruttcj@patch.com,Female,1995,Pontiac,Firefly,Newton,Massachusetts,02458,US,42.3528,-71.1875,41074,Paucek LLC,08/22/2023
453,Chrissy,Blindt,cblindtck@barnesandnoble.com,Female,2005,BMW,525,Miami,Florida,33129,US,25.7559,-80.2013,42926,Monahan Group,11/25/2024
454,Daisey,Eagleston,deaglestoncl@feedburner.com,Female,2000,Cadillac,Catera,Englewood,Colorado,80150,US,39.7388,-104.4083,66178,"Goodwin, Herzog and Cruickshank",07/25/2024
455,Jolynn,Dearell,jdearellcm@cbsnews.com,Bigender,1996,Ford,Taurus,Pensacola,Florida,32526,US,30.4756,-87.3179,50931,Koepp LLC,06/07/2025
456,Hastings,Shellard,hshellardcn@google.cn,Male,1992,Subaru,Legacy,Chicago,Illinois,60674,US,41.8119,-87.6873,50062,Hackett-Lebsack,11/28/2022
457,Marylynne,Ragat,mragatco@rakuten.co.jp,Non-binary,1989,Maserati,Karif,Washington,District of Columbia,20205,US,38.905,-77.0162,96386,Lindgren-Ziemann,02/16/2024
458,Monica,Howett,mhowettcp@hugedomains.com,Female,2012,Nissan,GT-R,Dayton,Ohio,45414,US,39.8285,-84.2024,54387,"Weber, White and Halvorson",02/23/2024
459,Alec,Houlridge,ahoulridgecq@mlb.com,Male,1988,Volkswagen,Golf,Denver,Colorado,80279,US,39.7388,-104.4083,38563,Witting-Johnson,05/08/2025
460,Denny,Kidner,dkidnercr@si.edu,Male,2002,Dodge,Grand Caravan,Seattle,Washington,98185,US,47.4323,-121.8034,41473,Balistreri Inc,04/14/2022
461,Casi,Tilbey,ctilbeycs@nationalgeographic.com,Female,1994,Pontiac,Grand Prix,Atlanta,Georgia,30380,US,33.8444,-84.474,43500,"Ziemann, Nader and Romaguera",05/21/2022
462,Juditha,Moralas,jmoralasct@qq.com,Female,2005,Pontiac,G6,Winston Salem,North Carolina,27157,US,36.0275,-80.2073,83423,"Murray, Fisher and Rolfson",11/01/2024
463,Ginelle,Rubin,grubincu@abc.net.au,Female,1997,Honda,Prelude,Waterloo,Iowa,50706,US,42.4156,-92.2703,50004,"Mueller, Boyle and Wisoky",10/24/2025
464,Pavel,Laudham,plaudhamcv@digg.com,Male,2009,Lexus,GX,Charleston,West Virginia,25362,US,38.2968,-81.5547,42104,"Keeling, Rempel and Heller",03/17/2024
465,Herby,Snowball,hsnowballcw@histats.com,Male,2000,Volvo,S40,Monroe,Louisiana,71213,US,32.4908,-92.1594,40884,Rippin-West,01/02/2023
466,Renault,Lomaz,rlomazcx@wordpress.org,Male,1991,Porsche,911,Honolulu,Hawaii,96845,US,21.3278,-157.8294,44457,Kerluke and Sons,07/09/2025
467,Linnie,Crinidge,lcrinidgecy@edublogs.org,Female,1996,Suzuki,Esteem,Tallahassee,Florida,32309,US,30.5422,-84.1413,72987,Leuschke-Trantow,01/28/2025
468,Shalna,Chidgey,schidgeycz@plala.or.jp,Female,1998,Saab,900,Flushing,New York,11355,US,40.7536,-73.8226,82010,Bartell Group,07/02/2025
469,Allayne,Richarz,aricharzd0@usnews.com,Male,1990,Buick,Electra,Torrance,California,90505,US,33.8106,-118.3507,48585,Parker-Collier,04/08/2025
470,Roselia,Skym,rskymd1@hubpages.com,Female,2006,Toyota,Tundra,Peoria,Illinois,61656,US,40.7442,-89.7184,76816,Hoeger Inc,05/24/2025
471,Carolynn,Harbor,charbord2@cnn.com,Agender,2000,Audi,S4,Clearwater,Florida,34629,US,27.9654,-82.8001,49323,"Johnson, Lebsack and Swaniawski",08/21/2024
472,Kerry,Daynter,kdaynterd3@aol.com,Male,2011,Toyota,Sienna,Flushing,New York,11355,US,40.7536,-73.8226,67584,"Klein, Bogisich and Auer",12/21/2022
473,Benedikt,Mawson,bmawsond4@fotki.com,Male,1992,Chevrolet,1500,Omaha,Nebraska,68179,US,41.2917,-96.1711,68214,Mueller LLC,07/30/2024
474,Gunar,Elmer,gelmerd5@wix.com,Male,2007,Land Rover,Range Rover Sport,Stockton,California,95298,US,37.9577,-121.2897,33577,"Rowe, Mosciski and Bechtelar",09/24/2022
475,Blanch,Ellerton,bellertond6@ebay.com,Female,2011,GMC,Savana,Houston,Texas,77276,US,29.7575,-95.3668,46998,"Schultz, Kertzmann and Abshire",04/30/2022
476,Murdoch,Muldoon,mmuldoond7@paypal.com,Male,2004,Lincoln,Town Car,Spokane,Washington,99260,US,47.6536,-117.4317,59500,Gibson Inc,11/21/2025
477,Leodora,Weaben,lweabend8@intel.com,Female,1999,Mercury,Mountaineer,Ogden,Utah,84409,US,41.2553,-111.9567,34005,Mills LLC,06/16/2023
478,Wyatan,Pummery,wpummeryd9@hexun.com,Male,1993,Cadillac,Fleetwood,Chicago,Illinois,60691,US,41.8119,-87.6873,87179,Frami-Metz,04/16/2025
479,Cal,Scholz,cscholzda@dailymotion.com,Male,1995,Dodge,Ram Van 3500,Greenville,South Carolina,29615,US,34.8661,-82.3198,93403,Weimann and Sons,05/26/2022
480,Chauncey,Basso,cbassodb@cyberchimps.com,Genderqueer,2002,Toyota,Echo,Fort Worth,Texas,76198,US,32.7714,-97.2915,52603,Quitzon LLC,12/27/2024
481,Welbie,Szymonowicz,wszymonowiczdc@nymag.com,Male,1987,Ford,F-Series,Amarillo,Texas,79182,US,35.4015,-101.8951,97776,Gusikowski Group,12/31/2025
482,Mitzi,Keitley,mkeitleydd@nih.gov,Female,1999,Pontiac,Sunfire,Atlanta,Georgia,31132,US,33.7488,-84.3883,88510,"Kessler, Runte and Zemlak",03/04/2023
483,Shoshana,Gemeau,sgemeaude@wix.com,Female,1994,Chevrolet,Impala,New Orleans,Louisiana,70154,US,30.033,-89.8826,39999,King-Pagac,11/29/2025
484,Basilius,Braunthal,bbraunthaldf@meetup.com,Male,1992,Mercedes-Benz,400SE,Alexandria,Louisiana,71307,US,31.2034,-92.5269,74581,"Hahn, Rempel and Oberbrunner",05/25/2025
485,Jeff,Palumbo,jpalumbodg@aboutads.info,Male,2004,Chevrolet,Impala,Atlanta,Georgia,31106,US,33.8444,-84.474,67416,Franecki-Collins,12/16/2023
486,Evelyn,Knell,eknelldh@free.fr,Agender,2000,Chrysler,Town & Country,Hamilton,Ohio,45020,US,39.441,-84.5757,45158,"Kessler, Conn and Hoppe",10/28/2025
487,Roderich,Climo,rclimodi@clickbank.net,Male,2012,Mercedes-Benz,C-Class,Indianapolis,Indiana,46266,US,39.7795,-86.1328,85214,"Ward, Becker and Bednar",08/29/2025
488,Chaunce,Piffe,cpiffedj@samsung.com,Bigender,2011,Saab,9-5,Grand Rapids,Michigan,49544,US,43.0073,-85.7255,91973,"Jones, Mayer and Predovic",04/07/2024
489,Noble,Marjoram,nmarjoramdk@ovh.net,Male,2012,Land Rover,LR4,Houston,Texas,77080,US,29.8159,-95.523,78086,Predovic and Sons,02/02/2022
490,Olly,Baleine,obaleinedl@de.vu,Female,1998,Chevrolet,Malibu,Norfolk,Virginia,23551,US,36.9312,-76.2397,47300,Auer Group,04/27/2023
491,Worth,Korneichuk,wkorneichukdm@imageshack.us,Male,2008,Lamborghini,Reventón,Washington,District of Columbia,20392,US,38.8933,-77.0146,63830,Hansen-Block,11/24/2022
492,Isidor,Scoular,iscoulardn@berkeley.edu,Male,2003,Toyota,Prius,San Diego,California,92145,US,32.8891,-117.1005,71534,"Buckridge, Collins and Ward",02/12/2023
493,Hunter,Goneau,hgoneaudo@nps.gov,Male,2009,Mercedes-Benz,SLR McLaren,Jacksonville,Florida,32277,US,30.3704,-81.5864,98240,Abbott-McCullough,10/09/2024
494,Tuckie,Allnutt,tallnuttdp@behance.net,Male,1996,Ford,Probe,Saginaw,Michigan,48609,US,43.3869,-84.0926,48521,"Ferry, Greenfelder and Prohaska",04/07/2025
495,Eda,Curd,ecurddq@webnode.com,Female,2001,Hyundai,Accent,Staten Island,New York,10305,US,40.5973,-74.0768,67954,"Daugherty, Rogahn and O'Keefe",04/08/2025
496,Kitty,Collett,kcollettdr@mysql.com,Female,1991,Buick,Riviera,Minneapolis,Minnesota,55428,US,45.0632,-93.3811,54012,"Quitzon, Larson and Goldner",06/10/2022
497,Bessie,Gillian,bgilliands@webs.com,Female,2010,Mercury,Milan,Kansas City,Missouri,64136,US,39.0187,-94.4008,73099,"Prohaska, Thiel and Zieme",03/04/2022
498,Elicia,McCumskay,emccumskaydt@people.com.cn,Female,2001,Jaguar,S-Type,Phoenix,Arizona,85062,US,33.2765,-112.1872,42505,Wolff-Casper,08/31/2024
499,Cary,Goney,cgoneydu@vimeo.com,Male,1992,Volkswagen,GTI,Fort Collins,Colorado,80525,US,40.5384,-105.0547,84791,"Kemmer, Runte and Waelchi",08/17/2023
500,Lu,Cassidy,lcassidydv@ebay.co.uk,Female,1981,Chevrolet,Camaro,Saint Louis,Missouri,63131,US,38.6171,-90.4504,38981,"Haag, Ziemann and Bernier",05/19/2023
501,Sarette,Dunstan,sdunstandw@jigsy.com,Non-binary,1972,Ford,Thunderbird,Baton Rouge,Louisiana,70810,US,30.3633,-91.0919,93617,Nader-Bergstrom,09/06/2024
502,Ketti,Raggatt,kraggattdx@nymag.com,Female,1995,Lincoln,Continental,Dallas,Texas,75231,US,32.8756,-96.7495,55333,Corkery and Sons,08/16/2024
503,Elwin,Henrique,ehenriquedy@squidoo.com,Male,2000,Ford,Taurus,Reno,Nevada,89595,US,40.5412,-119.5869,83598,"Mertz, Oberbrunner and Ward",09/23/2024
504,Adrian,Hanford,ahanforddz@icio.us,Male,2005,Mazda,Mazda3,Lexington,Kentucky,40581,US,38.0283,-84.4715,58376,Toy-Huel,07/19/2024
505,Maisey,Botten,mbottene0@cloudflare.com,Female,2006,Ford,E350,Watertown,Massachusetts,02472,US,42.37,-71.1773,71948,Wiza-Stamm,01/27/2025
506,Brody,Witson,bwitsone1@rakuten.co.jp,Male,1988,Pontiac,Grand Prix,El Paso,Texas,88525,US,31.6948,-106.3,82960,Ebert LLC,01/10/2025
507,Mirabelle,Backshill,mbackshille2@japanpost.jp,Female,2004,Mercury,Marauder,Berkeley,California,94712,US,37.6802,-121.9215,80514,Rogahn and Sons,02/19/2025
508,Rand,Espine,respinee3@odnoklassniki.ru,Male,1988,Subaru,XT,Lynchburg,Virginia,24503,US,37.4376,-79.205,70177,"Leuschke, Johnson and Simonis",11/27/2022
509,Ringo,Richt,rrichte4@springer.com,Male,2000,BMW,3 Series,Dallas,Texas,75342,US,32.7673,-96.7776,31794,"Hudson, Stark and Abbott",05/23/2024
510,Beret,Dufton,bduftone5@yale.edu,Female,2006,Lexus,RX Hybrid,Philadelphia,Pennsylvania,19196,US,40.0018,-75.1179,99969,Ebert Group,06/28/2024
511,Lennie,Bayman,lbaymane6@mapquest.com,Male,2003,Volkswagen,GTI,Mount Vernon,New York,10557,US,41.119,-73.733,33764,Walsh-O'Connell,01/02/2025
512,Willi,Coull,wcoulle7@ezinearticles.com,Male,2003,Infiniti,I,Trenton,New Jersey,08638,US,40.251,-74.7627,32518,Stiedemann-McGlynn,09/24/2025
513,Milena,Mennithorp,mmennithorpe8@google.com.br,Female,2001,GMC,Savana 3500,Pensacola,Florida,32595,US,30.6143,-87.2758,95951,Blick Group,08/14/2023
514,Robbie,Reneke,rrenekee9@simplemachines.org,Female,1970,Dodge,Charger,Portland,Oregon,97201,US,45.5078,-122.6897,35789,Gutmann-Emard,09/24/2024
515,Calvin,Zambon,czambonea@sbwire.com,Male,1997,BMW,3 Series,El Paso,Texas,79911,US,31.8925,-106.5426,68014,"Powlowski, Von and VonRueden",12/23/2023
516,Ronna,Lannon,rlannoneb@pbs.org,Female,2004,Land Rover,Freelander,New York City,New York,10165,US,40.7524,-73.9791,91670,Grimes-Schmeler,07/17/2023
517,Shalom,Barde,sbardeec@google.de,Male,2011,Honda,Fit,Denver,Colorado,80228,US,39.6888,-105.156,86065,Buckridge LLC,09/10/2022
518,Agosto,Dowdall,adowdalled@mlb.com,Male,2012,Chevrolet,Tahoe,Washington,District of Columbia,20442,US,38.896,-77.0177,58077,Williamson LLC,12/14/2025
519,Bryant,Annets,bannetsee@w3.org,Male,2005,Land Rover,Freelander,Sioux City,Iowa,51105,US,42.5032,-96.3829,48808,"Johnston, Murphy and O'Hara",09/28/2023
520,Valerie,Helks,vhelksef@hp.com,Female,2005,Lexus,RX,Birmingham,Alabama,35236,US,33.5446,-86.9292,81773,Runolfsson Group,04/26/2025
521,Gretna,Levicount,glevicounteg@ibm.com,Female,2006,Volkswagen,Jetta,Fort Worth,Texas,76129,US,32.7714,-97.2915,74111,"Hamill, O'Hara and Rowe",04/07/2022
522,Bertrand,Thomkins,bthomkinseh@wordpress.org,Male,1994,Cadillac,DeVille,Berkeley,California,94705,US,37.8571,-122.25,46853,Wisozk-Predovic,11/26/2025
523,Nestor,Hue,nhueei@youku.com,Male,2012,Toyota,Avalon,Aurora,Colorado,80045,US,39.7467,-104.8384,48984,"Zemlak, Bernier and Will",10/30/2024
524,Maia,Quigley,mquigleyej@house.gov,Female,2011,GMC,Sierra,Duluth,Georgia,30195,US,34.0047,-84.1532,70162,"Daugherty, Bailey and Terry",11/25/2024
525,Cristine,Woller,cwollerek@dailymail.co.uk,Female,1995,Chevrolet,Astro,New Haven,Connecticut,06520,US,41.3657,-72.9275,75135,Cartwright Group,05/22/2025
526,Ethelda,Weerdenburg,eweerdenburgel@t.co,Female,1992,GMC,Vandura 1500,Philadelphia,Pennsylvania,19131,US,39.9845,-75.2282,83715,Koelpin-Koepp,03/29/2024
527,Jenna,Giacopetti,jgiacopettiem@geocities.jp,Female,2009,Mercedes-Benz,G-Class,Birmingham,Alabama,35244,US,33.3538,-86.8254,78046,"Abshire, Larson and Tromp",09/20/2025
528,Doralin,MacAvaddy,dmacavaddyen@irs.gov,Female,2010,Cadillac,Escalade EXT,Charleston,West Virginia,25321,US,38.2968,-81.5547,95174,Corwin and Sons,06/10/2022
529,Noach,Ferrino,nferrinoeo@mit.edu,Male,1988,Pontiac,6000,Birmingham,Alabama,35210,US,33.5452,-86.6655,40430,"Jakubowski, Tillman and Stokes",01/24/2023
530,Desiri,Van Cassel,dvancasselep@sbwire.com,Female,2004,Pontiac,Grand Prix,Rockford,Illinois,61110,US,42.3254,-89.1705,92326,Gibson-Fadel,01/28/2024
531,Celestia,Banck,cbanckeq@last.fm,Female,1999,Chevrolet,Silverado 1500,Topeka,Kansas,66622,US,39.0429,-95.7697,63545,Braun Inc,06/30/2025
532,Pace,Cockram,pcockramer@slashdot.org,Male,2004,Dodge,Durango,Washington,District of Columbia,20005,US,38.9067,-77.0312,56459,Runte-Schuppe,02/13/2023
533,Constantine,O'Farris,cofarrises@seesaa.net,Male,1992,Ford,Bronco,Tulsa,Oklahoma,74133,US,36.0467,-95.8841,56923,Homenick LLC,11/03/2023
534,Barr,Letson,bletsonet@biblegateway.com,Male,1994,Chevrolet,Lumina,Yonkers,New York,10705,US,40.9177,-73.895,46650,MacGyver-Abbott,09/27/2025
535,Sherman,Spalding,sspaldingeu@weebly.com,Male,2006,Mercedes-Benz,C-Class,Pompano Beach,Florida,33075,US,26.1457,-80.4483,71938,Kuvalis-Jast,05/12/2023
536,Rutledge,Victoria,rvictoriaev@buzzfeed.com,Male,2003,Honda,Odyssey,Savannah,Georgia,31416,US,32.0053,-81.0477,83610,Kihn-Zieme,05/02/2025
537,Glenna,Genike,ggenikeew@freewebs.com,Female,1994,Volkswagen,Golf,Houston,Texas,77276,US,29.7575,-95.3668,71849,Effertz-Hessel,08/16/2022
538,Leshia,Sunderland,lsunderlandex@topsy.com,Bigender,1990,Audi,V8,Orlando,Florida,32891,US,28.5663,-81.2608,84243,Pfannerstill Group,02/14/2023
539,Siusan,Debow,sdebowey@globo.com,Polygender,1995,Nissan,Quest,Oklahoma City,Oklahoma,73119,US,35.421,-97.5616,82554,Prosacco and Sons,04/04/2023
540,Lonna,Faas,lfaasez@wikipedia.org,Female,1995,Ford,Aspire,Lynchburg,Virginia,24515,US,37.4009,-79.1785,54489,"Barrows, Rosenbaum and Bruen",04/27/2022
541,Holly,Braffington,hbraffingtonf0@merriam-webster.com,Male,2006,Buick,Terraza,Midland,Texas,79705,US,32.0295,-102.0915,47210,O'Conner Inc,12/28/2024
542,Reina,Tunkin,rtunkinf1@shareasale.com,Female,2009,Volvo,XC60,Rockford,Illinois,61110,US,42.3254,-89.1705,36826,Schinner-Willms,03/02/2024
543,Stacee,Danilchev,sdanilchevf2@hibu.com,Male,2010,GMC,Savana 1500,Monticello,Minnesota,55585,US,45.2009,-93.8881,97825,Satterfield Group,12/28/2023
544,Berget,Hasnip,bhasnipf3@narod.ru,Female,2003,Mercury,Sable,Santa Ana,California,92705,US,33.754,-117.7919,35216,"Padberg, Pfeffer and Rau",04/10/2023
545,Caprice,Keelin,ckeelinf4@xrea.com,Female,1989,Audi,80,El Paso,Texas,88514,US,31.6948,-106.3,84854,Herzog Inc,12/01/2024
546,Ugo,Noirel,unoirelf5@disqus.com,Male,2006,Jeep,Wrangler,Madison,Wisconsin,53779,US,43.0982,-89.3242,39255,Bashirian Group,10/27/2022
547,Lainey,Baggelley,lbaggelleyf6@parallels.com,Female,2000,Ford,Taurus,Shreveport,Louisiana,71166,US,32.6076,-93.7526,99197,Koch Inc,01/01/2023
548,Kaila,Gaskoin,kgaskoinf7@wisc.edu,Female,1989,Porsche,944,Dallas,Texas,75353,US,32.7673,-96.7776,69644,Lemke-Dach,08/27/2024
549,Lin,Ravenhills,lravenhillsf8@sourceforge.net,Male,1997,Cadillac,Catera,Clearwater,Florida,33758,US,27.8918,-82.7248,53367,Ernser LLC,03/03/2024
550,Marco,Letteresse,mletteressef9@answers.com,Male,1995,GMC,1500 Club Coupe,San Diego,California,92132,US,32.6437,-117.1384,42918,Lueilwitz-Moore,11/28/2023
551,Janina,Aughton,jaughtonfa@elegantthemes.com,Female,2008,Lincoln,Mark LT,Iowa City,Iowa,52245,US,41.6649,-91.5151,90205,"Rutherford, Howell and Friesen",06/09/2025
552,Husein,Whitear,hwhitearfb@imdb.com,Male,2009,Toyota,Land Cruiser,Hialeah,Florida,33018,US,25.9098,-80.3889,67410,Morar and Sons,02/18/2023
553,Drugi,Swatheridge,dswatheridgefc@desdev.cn,Male,1999,Isuzu,VehiCROSS,San Bernardino,California,92405,US,34.1446,-117.3013,34469,"Bruen, Ebert and Leuschke",01/19/2026
554,Fairfax,Jenner,fjennerfd@arstechnica.com,Agender,1989,Pontiac,Gemini,New Orleans,Louisiana,70165,US,30.033,-89.8826,95125,"Harris, Dickinson and Pouros",03/08/2024
555,Chrissy,Beels,cbeelsfe@linkedin.com,Female,2006,Lexus,SC,Morgantown,West Virginia,26505,US,39.6505,-79.944,37276,Bogisich-Aufderhar,11/22/2025
556,Roxana,Sayse,rsayseff@icio.us,Female,1984,Mitsubishi,Pajero,Boise,Idaho,83705,US,43.5851,-116.2191,82561,Lakin Inc,05/04/2025
557,Josiah,Fanner,jfannerfg@gravatar.com,Male,2008,Ford,Taurus X,San Diego,California,92196,US,33.0169,-116.846,56923,Gusikowski Group,04/03/2025
558,Dominique,Benford,dbenfordfh@state.tx.us,Female,2003,Toyota,Matrix,North Hollywood,California,91616,US,33.7866,-118.2987,47483,Corkery LLC,07/02/2022
559,Lorrin,Szymonowicz,lszymonowiczfi@uol.com.br,Female,1997,Chevrolet,Suburban 1500,Boca Raton,Florida,33487,US,26.4116,-80.0928,34027,Huel and Sons,08/21/2022
560,Wyn,Josh,wjoshfj@sphinn.com,Male,1988,Subaru,Justy,Washington,District of Columbia,20051,US,38.8933,-77.0146,30167,Nolan-Baumbach,10/15/2024
561,Hettie,Youde,hyoudefk@barnesandnoble.com,Female,2008,Chevrolet,Silverado,Kissimmee,Florida,34745,US,27.9953,-81.2593,70831,Feil-Jenkins,08/30/2022
562,Winfield,Zannutti,wzannuttifl@deliciousdays.com,Male,1996,Chrysler,Town & Country,El Paso,Texas,79940,US,31.6948,-106.3,68778,Beer Group,10/15/2023
563,Marve,Provost,mprovostfm@mail.ru,Agender,2009,Audi,TT,Salt Lake City,Utah,84170,US,40.6681,-111.9083,97856,Barton Inc,04/09/2022
564,Clary,Tomaszewski,ctomaszewskifn@parallels.com,Female,1986,Ford,Courier,Minneapolis,Minnesota,55423,US,44.8756,-93.2553,44965,"Luettgen, Hansen and Monahan",11/24/2023
565,Wendall,Aikman,waikmanfo@drupal.org,Male,1985,Honda,Accord,Los Angeles,California,90081,US,33.7866,-118.2987,43466,Hickle Inc,09/30/2023
566,Lucia,Sturzaker,lsturzakerfp@dagondesign.com,Female,1987,Pontiac,Grand Am,Wichita,Kansas,67215,US,37.6333,-97.425,60120,"Huels, Jenkins and Crooks",08/01/2024
567,Michaela,Paye,mpayefq@blogtalkradio.com,Female,1995,Jaguar,XJ Series,Washington,District of Columbia,20022,US,38.945,-77.0364,62538,"Reichel, Mosciski and Prohaska",09/14/2022
568,Aubrey,Wilton,awiltonfr@chron.com,Male,2009,Saturn,Astra,Albany,New York,12237,US,42.6149,-73.9708,96053,Dach and Sons,07/14/2024
569,Phip,Artiss,partissfs@sciencedirect.com,Male,1997,Chevrolet,1500,Maple Plain,Minnesota,55579,US,45.0159,-93.4719,30741,Zulauf-Towne,08/01/2024
570,Jozef,Marcus,jmarcusft@cornell.edu,Male,2001,Ford,E-Series,Orlando,Florida,32868,US,28.5663,-81.2608,91877,Johnston-Gorczany,06/10/2024
571,Francis,Olensby,folensbyfu@dropbox.com,Male,2013,Ford,Transit Connect,Shreveport,Louisiana,71151,US,32.6076,-93.7526,92057,Quitzon-Lemke,10/17/2024
572,Mildrid,Rice,mricefv@reference.com,Female,2011,Mercedes-Benz,M-Class,Washington,District of Columbia,20036,US,38.9087,-77.0414,61614,Nikolaus-Farrell,08/29/2022
573,Cathy,Goering,cgoeringfw@ftc.gov,Female,2008,Suzuki,Forenza,Montpelier,Vermont,05609,US,44.2595,-72.585,53647,"Ankunding, Parisian and Hirthe",05/05/2022
574,Fraser,Lowseley,flowseleyfx@vimeo.com,Male,1998,Nissan,200SX,Washington,District of Columbia,20244,US,38.8933,-77.0146,58609,Dach-Pfannerstill,11/30/2025
575,Fabio,Colbertson,fcolbertsonfy@ovh.net,Male,2009,Suzuki,XL7,Jefferson City,Missouri,65110,US,38.5309,-92.2493,58668,Hills-Batz,08/18/2022
576,Delbert,Breming,dbremingfz@amazon.co.uk,Male,2011,Ford,Crown Victoria,Toledo,Ohio,43699,US,41.6538,-83.6589,92202,"Willms, Leuschke and Treutel",11/23/2023
577,Fairlie,Pilmoor,fpilmoorg0@bing.com,Male,2001,GMC,Sierra 3500,Sioux Falls,South Dakota,57193,US,43.6746,-96.7913,32512,Beahan and Sons,05/21/2025
578,Link,Smitherham,lsmitherhamg1@ucoz.com,Male,1990,Honda,Accord,West Palm Beach,Florida,33411,US,26.6644,-80.1741,54327,Reinger and Sons,02/22/2023
579,Carina,Goalby,cgoalbyg2@friendfeed.com,Non-binary,2002,Buick,Rendezvous,Providence,Rhode Island,02905,US,41.7845,-71.3959,57946,"Bahringer, Roob and Koepp",05/24/2023
580,Korey,Dahler,kdahlerg3@youku.com,Male,1968,Pontiac,Firebird,Virginia Beach,Virginia,23464,US,36.7978,-76.1759,40712,"Jenkins, Bradtke and Cartwright",12/11/2023
581,Katha,McMurthy,kmcmurthyg4@wiley.com,Polygender,1998,Lexus,LX,New York City,New York,10175,US,40.7543,-73.9798,64830,"Ryan, Kshlerin and Zemlak",08/12/2025
582,Walden,Fishleigh,wfishleighg5@google.co.jp,Male,1986,Honda,Accord,Fargo,North Dakota,58122,US,46.9346,-97.2297,30983,"Botsford, Hand and Huel",04/02/2023
583,Lenard,Flamank,lflamankg6@list-manage.com,Male,1996,Buick,Park Avenue,El Paso,Texas,88569,US,31.6948,-106.3,31645,Franecki-Barrows,06/01/2025
584,Laurel,Moulton,lmoultong7@bing.com,Female,2005,Dodge,Dakota Club,Wilmington,Delaware,19897,US,39.5645,-75.597,71541,"Kuphal, Reinger and Wyman",01/11/2023
585,Judith,Chesterman,jchestermang8@last.fm,Female,2008,GMC,Sierra 3500,Birmingham,Alabama,35205,US,33.4951,-86.8059,84555,Cole-Gleason,11/26/2025
586,Colas,Larn,clarng9@youku.com,Male,2004,Hyundai,Sonata,Edmond,Oklahoma,73034,US,35.6665,-97.4798,59985,Boyle Inc,07/07/2024
587,Margaux,Stuchbery,mstuchberyga@springer.com,Female,1994,GMC,Rally Wagon 3500,Ann Arbor,Michigan,48107,US,42.2535,-83.8366,48634,Stanton-Goldner,12/26/2025
588,Marylinda,Lovstrom,mlovstromgb@java.com,Polygender,1995,Mitsubishi,RVR,Honolulu,Hawaii,96815,US,21.2811,-157.8266,84514,"Bartell, Little and Koss",03/04/2022
589,Nikolaos,Wanka,nwankagc@economist.com,Agender,1995,Hummer,H1,Fort Wayne,Indiana,46867,US,41.0938,-85.0707,58895,Blick LLC,03/21/2025
590,Jemmy,Wilfling,jwilflinggd@reference.com,Female,2004,Nissan,Altima,Boca Raton,Florida,33432,US,26.3462,-80.0844,96244,Stark Inc,06/22/2023
591,Oralie,Abbet,oabbetge@nature.com,Female,1999,Chrysler,Cirrus,Minneapolis,Minnesota,55458,US,45.0159,-93.4719,36723,Spinka-Aufderhar,02/22/2025
592,Whittaker,Parham,wparhamgf@salon.com,Non-binary,1990,Porsche,911,Ashburn,Virginia,22093,US,39.0853,-77.6452,96040,"Ziemann, Crist and Raynor",06/15/2023
593,Ibrahim,Grandison,igrandisongg@apache.org,Male,1993,Nissan,NX,Macon,Georgia,31217,US,32.8118,-83.565,87216,Rogahn and Sons,08/26/2025
594,Anderson,Humfrey,ahumfreygh@answers.com,Male,2012,Infiniti,QX56,Washington,District of Columbia,20036,US,38.9087,-77.0414,52301,"Gislason, Hayes and Nolan",04/29/2023
595,Seana,Rizzillo,srizzillogi@nasa.gov,Female,2012,Toyota,Camry Hybrid,Denver,Colorado,80228,US,39.6888,-105.156,61458,Walsh-Jakubowski,01/08/2025
596,Georgianna,Cradduck,gcradduckgj@spotify.com,Female,2006,Bentley,Arnage,Sparks,Nevada,89436,US,39.6269,-119.7081,37821,Ortiz-Powlowski,05/28/2024
597,Florina,Frankiewicz,ffrankiewiczgk@facebook.com,Female,2012,Volkswagen,Routan,Wilmington,Delaware,19810,US,39.8188,-75.5064,59760,Hartmann Group,09/02/2023
598,Lyda,Kilshaw,lkilshawgl@dmoz.org,Female,1989,Ford,Escort,Lincoln,Nebraska,68505,US,40.8247,-96.6252,56674,Heller-Schinner,12/29/2024
599,Drucie,McCutcheon,dmccutcheongm@cornell.edu,Female,2009,Volvo,S80,Salem,Oregon,97306,US,44.8685,-123.0438,74130,Nicolas Inc,06/01/2023
600,Ailey,Slimm,aslimmgn@columbia.edu,Female,1992,Buick,Coachbuilder,Boca Raton,Florida,33432,US,26.3462,-80.0844,84639,Breitenberg-Larkin,05/30/2023
601,Irv,Mount,imountgo@nasa.gov,Male,2005,BMW,530,Alhambra,California,91841,US,33.7866,-118.2987,56617,Murazik Inc,07/12/2022
602,Wheeler,Eyer,weyergp@admin.ch,Male,1993,Dodge,Caravan,Utica,New York,13505,US,43.0872,-75.2603,43779,Denesik-Denesik,03/03/2024
603,Boonie,Cloke,bclokegq@ebay.com,Male,2000,Toyota,MR2,Louisville,Kentucky,40205,US,38.2222,-85.6885,34032,Dickens-Gutkowski,02/03/2025
604,Worthington,Alger,walgergr@uol.com.br,Male,1985,Ford,Bronco II,Appleton,Wisconsin,54915,US,44.2425,-88.3564,55764,Boyle LLC,07/13/2022
605,Dorry,Heintze,dheintzegs@tiny.cc,Female,2000,Volvo,S40,Van Nuys,California,91411,US,34.1781,-118.4574,98211,Cummings Group,01/06/2024
606,Orlando,Mathes,omathesgt@uiuc.edu,Male,2004,Mazda,RX-8,Las Vegas,Nevada,89145,US,36.1693,-115.2828,44903,Kassulke-Powlowski,08/26/2023
607,Noelle,Sarsons,nsarsonsgu@webs.com,Polygender,2006,Porsche,911,Pasadena,Texas,77505,US,29.6518,-95.1464,71733,"Jones, Weimann and Walter",04/06/2022
608,Emmit,Radden,eraddengv@a8.net,Male,2011,Land Rover,Range Rover Sport,El Paso,Texas,88525,US,31.6948,-106.3,69666,Lindgren Inc,04/15/2024
609,Bibi,Boeter,bboetergw@acquirethisname.com,Female,1991,Mitsubishi,Galant,Odessa,Texas,79769,US,31.7466,-102.567,90553,Schneider LLC,07/15/2024
610,Barb,Setford,bsetfordgx@a8.net,Female,2002,Dodge,Stratus,Springfield,Missouri,65805,US,37.2581,-93.3437,98354,Padberg-Bauch,10/15/2022
611,Orlan,Castanares,ocastanaresgy@yale.edu,Male,1988,Mercury,Cougar,Worcester,Massachusetts,01610,US,42.2492,-71.8108,77883,Schamberger-Schuppe,03/21/2025
612,Rudy,O'Mullally,romullallygz@thetimes.co.uk,Male,1991,Lexus,LS,San Bernardino,California,92405,US,34.1446,-117.3013,63485,Schaden-Donnelly,04/09/2025
613,Godiva,Baudinelli,gbaudinellih0@e-recht24.de,Bigender,2004,Mazda,MX-5,Louisville,Kentucky,40293,US,38.189,-85.6768,60933,Rath-Braun,12/01/2022
614,Bram,Wedderburn,bwedderburnh1@ifeng.com,Genderqueer,2006,Spyker,C8,Sioux City,Iowa,51105,US,42.5032,-96.3829,31535,McKenzie and Sons,07/27/2023
615,Freeman,Dacres,fdacresh2@aol.com,Male,2011,Chevrolet,Express 2500,Ventura,California,93005,US,34.0324,-119.1343,43547,"Deckow, DuBuque and Legros",10/10/2023
616,Redd,Rossbrook,rrossbrookh3@reference.com,Male,2002,Honda,Accord,Bronx,New York,10474,US,40.8139,-73.8841,30764,Buckridge Inc,05/06/2024
617,Philippe,Betham,pbethamh4@networksolutions.com,Female,1964,Austin,Mini Cooper,Honolulu,Hawaii,96810,US,21.3062,-157.8585,76378,King-Thompson,05/29/2023
618,Ronald,Jauncey,rjaunceyh5@homestead.com,Male,2000,Jaguar,XJ Series,San Francisco,California,94110,US,37.7509,-122.4153,81698,"Gusikowski, Sauer and Steuber",07/27/2025
619,Talia,Perico,tpericoh6@wikispaces.com,Female,1987,Subaru,XT,Madison,Wisconsin,53779,US,43.0982,-89.3242,56285,Beier and Sons,05/15/2023
620,Patrizio,Kleszinski,pkleszinskih7@phpbb.com,Male,1996,Mercedes-Benz,E-Class,Rochester,New York,14639,US,43.286,-77.6843,70227,Leuschke-McKenzie,04/26/2024
621,Kristy,Keers,kkeersh8@is.gd,Female,1965,Pontiac,Grand Prix,Philadelphia,Pennsylvania,19151,US,39.9772,-75.2545,94931,Ledner-Bins,02/13/2024
622,Cesya,Lockhart,clockharth9@sohu.com,Female,1993,Toyota,Corolla,Bronx,New York,10454,US,40.8085,-73.9198,80715,Goodwin Inc,04/21/2022
623,Bennett,Malec,bmalecha@booking.com,Male,2004,Ford,E150,Kansas City,Kansas,66112,US,39.116,-94.764,91835,Hilpert-Lakin,09/26/2023
624,Cale,Harms,charmshb@webs.com,Male,1998,Mazda,MPV,Detroit,Michigan,48242,US,42.2166,-83.3532,90036,Ebert and Sons,07/30/2025
625,Zonnya,Gaskal,zgaskalhc@webnode.com,Female,1985,Buick,Skyhawk,Atlanta,Georgia,30316,US,33.7217,-84.3339,83809,"Crooks, Gulgowski and Reichel",07/21/2024
626,Tymon,Bodle,tbodlehd@bigcartel.com,Male,2012,Honda,Civic,Chicago,Illinois,60641,US,41.9453,-87.7474,53492,Kerluke-Rath,03/28/2023
627,Conrado,Dankov,cdankovhe@statcounter.com,Male,1998,Mercury,Mystique,Washington,District of Columbia,20530,US,38.8976,-77.027,63140,Schuster Group,01/12/2024
628,Ferrell,Kiraly,fkiralyhf@economist.com,Male,2008,Isuzu,i-290,Hialeah,Florida,33013,US,25.8594,-80.2725,49349,"Keebler, Baumbach and Kerluke",10/08/2023
629,Cassey,Kubicek,ckubicekhg@pcworld.com,Female,2003,Subaru,Baja,Fort Smith,Arkansas,72905,US,35.191,-94.2382,45891,"Mohr, Bergstrom and Considine",03/05/2025
630,Paloma,Stadding,pstaddinghh@washington.edu,Polygender,2004,GMC,Envoy XL,Saint Louis,Missouri,63116,US,38.5814,-90.2625,39113,Reynolds Inc,07/05/2025
631,Gan,Risdale,grisdalehi@tiny.cc,Male,2004,Ford,E250,Memphis,Tennessee,38150,US,35.2017,-89.9715,79432,Keeling and Sons,05/21/2024
632,Rochester,Berriball,rberriballhj@twitpic.com,Bigender,2011,Lexus,ES,Frederick,Maryland,21705,US,39.47,-77.3921,84101,Barton Group,01/30/2024
633,Stephie,Polhill,spolhillhk@biglobe.ne.jp,Female,2006,Infiniti,FX,Los Angeles,California,90076,US,33.7866,-118.2987,99332,"Hintz, Heaney and Bradtke",04/12/2024
634,Irvine,Brodeur,ibrodeurhl@jigsy.com,Male,2005,Hyundai,Elantra,South Lake Tahoe,California,96154,US,38.8753,-120.0188,94915,Nicolas-West,04/30/2022
635,Gerick,Van de Vlies,gvandevlieshm@apple.com,Male,2008,Toyota,Tacoma,Tampa,Florida,33610,US,27.9951,-82.4046,87024,"Pouros, Langworth and Tillman",04/19/2025
636,Drucill,Jess,djesshn@opensource.org,Genderqueer,2013,Volvo,C70,North Hollywood,California,91606,US,34.1872,-118.3865,95880,"Kub, O'Reilly and Greenfelder",12/10/2025
637,Raleigh,Mulhall,rmulhallho@yellowpages.com,Male,2008,Hummer,H2,Brooklyn,New York,11247,US,40.6451,-73.945,74066,Hilpert Inc,03/02/2022
638,Maud,Torrans,mtorranshp@about.com,Female,1997,Chevrolet,Cavalier,Saint Petersburg,Florida,33742,US,27.8918,-82.7248,68640,"Gleason, Hodkiewicz and Hagenes",01/27/2024
639,Chev,Titterell,ctitterellhq@eepurl.com,Polygender,2006,Porsche,Cayman,Wichita,Kansas,67220,US,37.7667,-97.2805,97955,"Runte, Greenfelder and Jenkins",11/22/2022
640,Simonne,Saiger,ssaigerhr@livejournal.com,Genderqueer,1993,Dodge,Colt,Wichita Falls,Texas,76310,US,33.8581,-98.5755,89958,Becker-Beahan,12/25/2023
641,Lanette,Depka,ldepkahs@hostgator.com,Female,2013,Ford,Taurus,Madison,Wisconsin,53716,US,43.0631,-89.3133,65501,"Rau, Zboncak and Ratke",07/25/2025
642,Valida,Gleasane,vgleasaneht@ihg.com,Female,2007,Maserati,Quattroporte,Los Angeles,California,90020,US,34.0665,-118.3022,65202,"Kiehn, Jerde and Haag",10/30/2022
643,Archibold,Clarage,aclaragehu@princeton.edu,Male,1998,Toyota,Avalon,Charlotte,North Carolina,28210,US,35.1316,-80.8577,63701,"Metz, Kuvalis and Daniel",05/01/2025
644,Windham,Reynoldson,wreynoldsonhv@pen.io,Male,2009,Ford,Taurus X,Waterbury,Connecticut,06721,US,41.3657,-72.9275,83658,Jerde and Sons,03/31/2022
645,Farly,Wreford,fwrefordhw@weather.com,Male,1998,Hyundai,Elantra,Reston,Virginia,22096,US,38.8318,-77.2888,33882,Gottlieb-Herman,08/05/2023
646,Anna-diana,Brando,abrandohx@blog.com,Female,2003,Jaguar,XK Series,Raleigh,North Carolina,27658,US,35.7977,-78.6253,52872,MacGyver Group,01/31/2024
647,Merry,Divisek,mdivisekhy@cdbaby.com,Male,2008,Ford,Edge,Vero Beach,Florida,32964,US,27.709,-80.5726,95384,Greenfelder Group,04/08/2024
648,Vince,Challicombe,vchallicombehz@wordpress.com,Male,1988,Pontiac,Safari,Torrance,California,90505,US,33.8106,-118.3507,45646,Ortiz-Crist,07/06/2024
649,Ivett,Delort,idelorti0@yahoo.com,Female,1994,Chevrolet,Camaro,Saint Louis,Missouri,63169,US,38.6531,-90.2435,68789,Wolf-DuBuque,04/21/2022
650,Valery,Kindon,vkindoni1@jugem.jp,Female,1997,Mitsubishi,GTO,Fairbanks,Alaska,99790,US,64.8561,-146.276,69756,O'Conner LLC,06/22/2025
651,Caresse,Dael,cdaeli2@webs.com,Female,1990,Mercury,Grand Marquis,Des Moines,Iowa,50347,US,41.6727,-93.5722,61084,Doyle LLC,02/24/2025
652,Ursa,Yuill,uyuilli3@usatoday.com,Polygender,1993,Pontiac,Grand Am,Henderson,Nevada,89074,US,36.0384,-115.0857,96637,"Kutch, Reinger and Kub",10/28/2022
653,Corby,Learoyde,clearoydei4@fda.gov,Male,1994,Mercedes-Benz,SL-Class,Phoenix,Arizona,85025,US,33.4226,-111.7236,48976,"Bahringer, Kulas and Champlin",09/03/2024
654,Griffy,Livings,glivingsi5@histats.com,Male,2008,Land Rover,Range Rover Sport,Fresno,California,93740,US,36.7464,-119.6397,55277,"Kub, Terry and Murphy",11/21/2023
655,Philip,Barthelmes,pbarthelmesi6@soundcloud.com,Male,2008,Chevrolet,Equinox,New Orleans,Louisiana,70129,US,30.0877,-89.8462,62229,"Sauer, Ledner and Bartell",05/30/2024
656,Braden,Samms,bsammsi7@ustream.tv,Male,2009,Audi,TT,Hampton,Virginia,23668,US,37.0206,-76.3377,59713,"Feil, Batz and Tromp",07/22/2022
657,Bill,Buxsy,bbuxsyi8@jalbum.net,Female,2008,Aston Martin,DB9,Glendale,Arizona,85311,US,33.2765,-112.1872,91088,Frami LLC,05/24/2025
658,Jaime,Father,jfatheri9@icq.com,Male,1986,Volkswagen,Type 2,Grand Junction,Colorado,81505,US,39.1071,-108.5968,49482,Dooley LLC,05/22/2023
659,Hedda,Harsnep,hharsnepia@wikia.com,Female,2002,Saturn,L-Series,Providence,Rhode Island,02905,US,41.7845,-71.3959,98521,"Miller, Nicolas and Johnson",09/17/2025
660,Jennica,Featenby,jfeatenbyib@instagram.com,Female,2001,Cadillac,Eldorado,Odessa,Texas,79764,US,31.8767,-102.4375,48630,"Wisoky, Morar and D'Amore",03/20/2023
661,Redford,Gatus,rgatusic@google.pl,Male,2008,Volkswagen,GTI,Lynchburg,Virginia,24515,US,37.4009,-79.1785,56295,"Volkman, Beahan and Hills",03/14/2023
662,Roderick,Delhanty,rdelhantyid@telegraph.co.uk,Male,2007,Audi,A6,Fort Lauderdale,Florida,33345,US,26.1654,-80.2959,36392,Haley and Sons,05/30/2023
663,Truda,Moen,tmoenie@prlog.org,Female,2009,Mitsubishi,Galant,Milwaukee,Wisconsin,53277,US,43.0389,-87.9024,42300,"Towne, Reichert and Skiles",08/14/2025
664,Berkley,Godfree,bgodfreeif@seattletimes.com,Male,2000,Lincoln,Navigator,Salt Lake City,Utah,84140,US,40.7713,-111.9309,76331,"McCullough, Wilderman and Goldner",12/03/2022
665,Dicky,Maleney,dmaleneyig@opensource.org,Male,1992,Chevrolet,Camaro,Santa Clara,California,95054,US,37.3924,-121.9623,74974,"Tromp, Kohler and Hoeger",07/18/2024
666,Hi,Rate,hrateih@thetimes.co.uk,Male,1984,Lincoln,Town Car,Washington,District of Columbia,20046,US,38.8933,-77.0146,83920,"Collins, Herman and Pacocha",11/22/2023
667,Rori,Revey,rreveyii@instagram.com,Female,2010,Lexus,SC,Macon,Georgia,31210,US,32.8926,-83.7455,33200,"Johns, Ondricka and Stroman",01/01/2024
668,Kimberlee,Mowday,kmowdayij@constantcontact.com,Female,1968,Ford,Mustang,Tulsa,Oklahoma,74193,US,36.1398,-96.0297,51874,Greenholt-Gleason,03/28/2024
669,Frasco,Wight,fwightik@unblog.fr,Male,1994,Nissan,Pathfinder,Washington,District of Columbia,20022,US,38.945,-77.0364,84866,Heller-Breitenberg,12/19/2022
670,Lammond,Spraggs,lspraggsil@vinaora.com,Male,2005,Dodge,Ram 3500,Fort Worth,Texas,76121,US,32.7714,-97.2915,38020,Carter Inc,06/18/2025
671,Rene,Geldart,rgeldartim@usgs.gov,Bigender,2002,Buick,Park Avenue,Columbia,South Carolina,29225,US,34.006,-80.9708,38518,Krajcik Group,04/26/2022
672,Tatiana,Banfield,tbanfieldin@un.org,Female,2007,BMW,5 Series,Houston,Texas,77228,US,29.834,-95.4342,43500,"Stoltenberg, Watsica and Orn",11/26/2024
673,Brien,Deveral,bdeveralio@shareasale.com,Male,2001,Toyota,Echo,Fort Worth,Texas,76129,US,32.7714,-97.2915,50878,"Upton, Kohler and Schroeder",11/21/2024
674,Dolph,Renon,drenonip@microsoft.com,Male,2006,Mazda,MPV,Grand Rapids,Michigan,49510,US,43.0314,-85.5503,72776,"Kautzer, Ankunding and Carroll",08/22/2022
675,Lorne,Cubbini,lcubbiniiq@homestead.com,Male,2009,Toyota,TundraMax,San Diego,California,92121,US,32.8919,-117.2035,48712,"Harris, Cruickshank and Reichert",03/05/2024
676,Piper,Hourston,phourstonir@columbia.edu,Female,2012,Suzuki,Kizashi,Visalia,California,93291,US,36.3551,-119.301,61420,Cummings Inc,02/22/2024
677,Anatollo,Lardez,alardezis@dmoz.org,Male,2009,Maserati,Quattroporte,Richmond,California,94807,US,37.7772,-121.9554,31175,Bogisich Inc,01/06/2025
678,Nonie,Gullyes,ngullyesit@symantec.com,Genderqueer,2008,Subaru,Forester,San Diego,California,92105,US,32.7423,-117.0947,34627,"Wisozk, Nitzsche and Terry",07/17/2024
679,Jourdain,Flaunier,jflaunieriu@php.net,Male,2011,MINI,Cooper,Boston,Massachusetts,02208,US,42.3389,-70.9196,63017,Kozey Group,11/28/2022
680,Sileas,Thominga,sthomingaiv@angelfire.com,Non-binary,2007,Chevrolet,Suburban 2500,Atlanta,Georgia,31119,US,33.8913,-84.0746,85841,Pacocha Group,11/29/2025
681,Steward,Lishman,slishmaniw@forbes.com,Male,2001,GMC,Sierra 3500,Athens,Georgia,30610,US,33.9443,-83.3891,75713,Metz Group,10/05/2023
682,Shannon,Charnock,scharnockix@bandcamp.com,Female,2000,Mazda,B-Series,Bradenton,Florida,34210,US,27.4544,-82.6358,41429,"Farrell, Steuber and Schuster",09/11/2022
683,Gerda,Rosenbush,grosenbushiy@theatlantic.com,Female,1980,Ford,Thunderbird,Denver,Colorado,80241,US,39.9274,-104.9548,39862,Kutch Group,05/04/2025
684,Bobbe,Mewton,bmewtoniz@youtube.com,Agender,1995,Ford,Aerostar,Salem,Oregon,97306,US,44.8685,-123.0438,49255,"Mraz, Runolfsdottir and Berge",07/21/2024
685,Marie-ann,Brussell,mbrussellj0@npr.org,Female,1998,Nissan,Frontier,Boston,Massachusetts,02208,US,42.3389,-70.9196,84721,"Huels, Franecki and Hand",11/18/2023
686,Khalil,Meale,kmealej1@weather.com,Male,2002,Mercedes-Benz,S-Class,Houston,Texas,77005,US,29.7179,-95.4263,97493,Koelpin Inc,01/17/2026
687,Dick,Gothard,dgothardj2@dropbox.com,Genderqueer,2003,Mercedes-Benz,M-Class,San Antonio,Texas,78225,US,29.3875,-98.5245,31118,Collier-Mitchell,04/30/2022
688,Bjorn,Antrack,bantrackj3@netvibes.com,Male,2001,Lincoln,LS,Fort Worth,Texas,76115,US,32.6796,-97.3336,42848,Gleason-Greenholt,09/14/2024
689,Onofredo,Filchagin,ofilchaginj4@ustream.tv,Male,1992,Audi,V8,Orlando,Florida,32835,US,28.5289,-81.4787,58610,Greenfelder-Boyer,04/11/2023
690,Claretta,Given,cgivenj5@answers.com,Female,2008,Land Rover,Range Rover Sport,Waco,Texas,76796,US,31.5915,-97.0823,93238,Durgan Inc,12/04/2022
691,Bryanty,Massenhove,bmassenhovej6@gmpg.org,Male,2002,Dodge,Ram Van 2500,Galveston,Texas,77554,US,29.2243,-94.9637,57049,"Ledner, Orn and Lueilwitz",08/11/2022
692,Burl,Coldwell,bcoldwellj7@yahoo.com,Male,1994,Dodge,Ram 2500,Fayetteville,North Carolina,28314,US,35.0583,-79.008,72426,"Homenick, Powlowski and Prosacco",03/05/2023
693,Valdemar,Count,vcountj8@tinyurl.com,Male,1988,Subaru,Justy,Bradenton,Florida,34205,US,27.4841,-82.5834,91907,"Fadel, Hyatt and Harber",02/05/2023
694,Christoffer,Tidy,ctidyj9@hostgator.com,Male,2005,Nissan,Armada,Providence,Rhode Island,02912,US,41.8267,-71.3977,90561,Dickinson Group,03/18/2022
695,Gennifer,Kaszper,gkaszperja@slate.com,Female,2006,Mitsubishi,Pajero,Rochester,New York,14604,US,43.1577,-77.608,67610,"Kihn, Schimmel and Haley",11/10/2024
696,Lion,Pavelka,lpavelkajb@ted.com,Male,2002,Mercedes-Benz,E-Class,New Hyde Park,New York,11044,US,40.7548,-73.6018,85775,Robel Inc,06/28/2023
697,Abran,Rheam,arheamjc@economist.com,Male,2011,Mercedes-Benz,GL-Class,Young America,Minnesota,55557,US,44.8055,-93.7665,43693,"Considine, Murazik and Russel",07/21/2022
698,Corney,Greystoke,cgreystokejd@dyndns.org,Genderqueer,2003,Toyota,MR2,Denver,Colorado,80270,US,39.7388,-104.4083,78471,Cassin Inc,02/06/2024
699,Tonya,Renvoys,trenvoysje@ucoz.ru,Female,2001,Hyundai,Sonata,Sacramento,California,95818,US,38.5568,-121.4929,96825,Douglas and Sons,09/21/2023
700,Legra,Bollam,lbollamjf@de.vu,Female,1992,Subaru,Legacy,Stamford,Connecticut,06905,US,41.0888,-73.5435,56157,Roberts and Sons,01/22/2025
701,Marchelle,Roggero,mroggerojg@msu.edu,Female,1997,Plymouth,Grand Voyager,San Francisco,California,94147,US,37.7848,-122.7278,59748,Jones and Sons,05/14/2024
702,Ruthanne,Coil,rcoiljh@unesco.org,Female,2011,Honda,Accord,Riverside,California,92519,US,33.7529,-116.0556,36276,"McGlynn, Schiller and Boehm",07/23/2024
703,Jessa,Altree,jaltreeji@ask.com,Female,2009,Mercedes-Benz,C-Class,Tucson,Arizona,85725,US,31.9701,-111.8907,51173,Hartmann LLC,01/08/2024
704,Jeralee,Barwell,jbarwelljj@pagesperso-orange.fr,Female,1998,Lexus,SC,Salem,Oregon,97306,US,44.8685,-123.0438,83006,Schamberger LLC,10/08/2022
705,Risa,Hickisson,rhickissonjk@cloudflare.com,Polygender,1998,Acura,NSX,Oklahoma City,Oklahoma,73104,US,35.4794,-97.5017,85133,Langosh and Sons,03/30/2023
706,George,Trinkwon,gtrinkwonjl@51.la,Male,2010,Acura,RL,Jersey City,New Jersey,07310,US,40.7324,-74.0431,75298,Runte Group,01/06/2025
707,Ingeborg,Frisel,ifriseljm@artisteer.com,Female,2008,BMW,7 Series,Atlanta,Georgia,30380,US,33.8444,-84.474,85296,Altenwerth Inc,12/31/2024
708,Maurizia,Avison,mavisonjn@samsung.com,Female,2010,Saturn,VUE,New York City,New York,10270,US,40.7069,-74.0082,69392,"Keeling, Cassin and Price",09/19/2022
709,Darbie,Monahan,dmonahanjo@storify.com,Female,2005,Toyota,Avalon,El Paso,Texas,88541,US,31.6948,-106.3,97028,"Heller, Howe and Gibson",03/23/2022
710,Rosemary,Pascow,rpascowjp@opera.com,Female,2010,Dodge,Grand Caravan,Dallas,Texas,75221,US,32.8147,-96.7877,34062,Kilback LLC,11/27/2022
711,Sinclare,Janks,sjanksjq@123-reg.co.uk,Male,1997,Oldsmobile,Achieva,Jackson,Tennessee,38308,US,35.6124,-88.8412,87073,"Kunde, Kirlin and Weissnat",12/14/2025
712,Lovell,Durant,ldurantjr@telegraph.co.uk,Male,2012,Toyota,Avalon,Gainesville,Florida,32627,US,29.6813,-82.3539,61553,Dickens-Bartell,11/05/2022
713,Debera,Bosman,dbosmanjs@i2i.jp,Female,2006,Aston Martin,Vanquish S,Kansas City,Missouri,64114,US,38.9621,-94.5959,89602,Bruen Inc,03/10/2025
714,Gwenette,Oattes,goattesjt@ovh.net,Female,2006,Pontiac,Montana SV6,Atlanta,Georgia,30301,US,33.8444,-84.474,87325,Krajcik-Langworth,10/27/2024
715,Joleen,Pickwell,jpickwellju@spiegel.de,Female,1998,Toyota,4Runner,Miami,Florida,33153,US,25.8655,-80.1936,81136,Ward-Muller,10/06/2024
716,Renie,Shambroke,rshambrokejv@walmart.com,Female,2009,Toyota,Camry,York,Pennsylvania,17405,US,40.0086,-76.5972,85427,Spinka-Dach,02/19/2024
717,Annabel,Liggons,aliggonsjw@domainmarket.com,Female,1990,Maserati,430,Waterloo,Iowa,50706,US,42.4156,-92.2703,47968,"Ondricka, Kilback and Yundt",11/13/2023
718,Kym,Feige,kfeigejx@nyu.edu,Female,2004,Cadillac,Seville,Hartford,Connecticut,06120,US,41.786,-72.6758,72269,Cronin-Raynor,09/08/2025
719,Karena,Layus,klayusjy@sun.com,Female,1965,Chevrolet,Corvette,Duluth,Minnesota,55805,US,46.7987,-92.0946,98756,Durgan Group,01/05/2026
720,Donia,Mablestone,dmablestonejz@artisteer.com,Female,1993,Toyota,Celica,Springfield,Ohio,45505,US,39.9106,-83.7856,86922,Stoltenberg LLC,07/01/2022
721,Darrin,Achromov,dachromovk0@flavors.me,Male,1993,Chevrolet,G-Series G20,Monticello,Minnesota,55585,US,45.2009,-93.8881,63747,Spencer Inc,04/22/2023
722,Clement,Labba,clabbak1@apple.com,Male,2012,Lexus,RX,Pittsburgh,Pennsylvania,15205,US,40.4322,-80.1021,85330,Gutkowski LLC,07/07/2022
723,Felicdad,Bouller,fboullerk2@baidu.com,Female,2006,Ford,Ranger,Salem,Oregon,97306,US,44.8685,-123.0438,88787,"Mayer, Schuster and Koelpin",06/18/2023
724,Pearline,Briddock,pbriddockk3@unc.edu,Female,2006,Maserati,Coupe,Grand Forks,North Dakota,58207,US,47.9335,-97.3944,55262,Schamberger-Goyette,07/04/2023
725,Guido,Brislen,gbrislenk4@symantec.com,Male,2003,Jeep,Wrangler,Spring Hill,Florida,34611,US,28.5642,-82.4165,75154,Braun Inc,02/28/2024
726,Dexter,Wallworth,dwallworthk5@addthis.com,Male,2005,Hyundai,Santa Fe,Boston,Massachusetts,02109,US,42.36,-71.0545,69425,Osinski-Homenick,09/26/2022
727,Jacquette,McCudden,jmccuddenk6@usgs.gov,Female,2003,Dodge,Viper,Jacksonville,Florida,32277,US,30.3704,-81.5864,80637,Walker and Sons,05/19/2025
728,Emeline,Elleray,eellerayk7@nydailynews.com,Female,1997,Chevrolet,G-Series 3500,Santa Fe,New Mexico,87505,US,35.6219,-105.8688,35774,Yost-Walker,08/24/2025
729,Abbot,Mullaly,amullalyk8@acquirethisname.com,Male,1984,Pontiac,Fiero,Mount Vernon,New York,10557,US,41.119,-73.733,74841,Upton Group,01/03/2023
730,Violet,Agastina,vagastinak9@globo.com,Female,2006,Acura,RSX,Clearwater,Florida,33763,US,28.0173,-82.7461,49676,Blanda-Spinka,09/20/2022
731,Letitia,Augar,laugarka@icq.com,Female,1995,Dodge,Ram 1500,Anaheim,California,92805,US,33.8359,-117.9086,80803,Bernhard Inc,07/04/2025
732,Papageno,MacKerley,pmackerleykb@bravesites.com,Male,2005,Toyota,Matrix,Philadelphia,Pennsylvania,19191,US,40.0018,-75.1179,59368,Metz-Hilll,09/08/2025
733,Ethelred,Gorioli,egoriolikc@goodreads.com,Male,2010,Land Rover,LR2,Washington,District of Columbia,20073,US,38.897,-77.0251,60688,"Gislason, Hackett and Kutch",01/24/2023
734,Margot,Every,meverykd@digg.com,Female,1995,Chevrolet,3500,New York City,New York,10110,US,40.754,-73.9808,72224,"VonRueden, Kris and Friesen",02/25/2025
735,Leandra,Vaud,lvaudke@foxnews.com,Genderqueer,1996,Lexus,LS,Denton,Texas,76210,US,33.1428,-97.0727,38916,Mayer and Sons,07/06/2023
736,Elisha,Inmett,einmettkf@feedburner.com,Female,1985,Lincoln,Continental Mark VII,Jamaica,New York,11431,US,40.6869,-73.8501,38315,"Mitchell, Reilly and Fritsch",06/07/2022
737,Cobby,Stainburn,cstainburnkg@pagesperso-orange.fr,Male,1990,Nissan,Maxima,Arlington,Virginia,22217,US,38.8808,-77.113,68609,"Prosacco, Nicolas and Halvorson",10/11/2024
738,Justis,Seeler,jseelerkh@addthis.com,Male,2012,Hyundai,Veloster,Washington,District of Columbia,20238,US,38.8933,-77.0146,42102,Pouros-Harber,11/18/2023
739,Lalo,O'Dulchonta,lodulchontaki@java.com,Male,2008,Cadillac,Escalade ESV,Bronx,New York,10474,US,40.8139,-73.8841,75329,Schimmel LLC,11/28/2022
740,Dulsea,Lewin,dlewinkj@mac.com,Female,1999,Porsche,Boxster,Atlanta,Georgia,30375,US,33.8444,-84.474,30037,"Ward, Dare and Dickinson",11/19/2025
741,Woodman,Sudy,wsudykk@archive.org,Male,1999,Subaru,Forester,Melbourne,Florida,32919,US,28.3067,-80.6862,48473,"Dicki, Graham and Huel",04/16/2023
742,Conny,Linwood,clinwoodkl@blogtalkradio.com,Male,2009,Mercedes-Benz,GL-Class,Denver,Colorado,80299,US,39.7388,-104.4083,37168,"Jaskolski, Hilll and Durgan",01/31/2025
743,Nananne,Somerbell,nsomerbellkm@si.edu,Female,2003,Mitsubishi,Lancer,Atlanta,Georgia,30375,US,33.8444,-84.474,41134,MacGyver-Buckridge,05/13/2025
744,Miof mela,Witherbed,mwitherbedkn@free.fr,Female,1992,GMC,2500,Chattanooga,Tennessee,37405,US,35.0768,-85.3082,56203,Hilpert-Kerluke,05/12/2025
745,Roman,Polye,rpolyeko@chicagotribune.com,Male,1990,Audi,100,Dayton,Ohio,45432,US,39.739,-84.0856,38622,Ondricka Inc,07/22/2022
746,Cesaro,White,cwhitekp@prweb.com,Male,2002,Buick,Rendezvous,Boston,Massachusetts,02124,US,42.2868,-71.071,64429,Hammes-Dibbert,04/13/2023
747,Sammy,Henden,shendenkq@prlog.org,Non-binary,1992,Chevrolet,Cavalier,Cincinnati,Ohio,45223,US,39.1696,-84.5478,94154,Larkin-Stoltenberg,06/15/2022
748,Atlante,Blanche,ablanchekr@ibm.com,Female,1992,Chevrolet,Beretta,Washington,District of Columbia,20319,US,38.8667,-77.0166,54300,Kuvalis Group,04/22/2025
749,Rheta,Cardoo,rcardooks@unc.edu,Female,2004,Land Rover,Freelander,Nashville,Tennessee,37245,US,36.1866,-86.7852,80777,Rogahn-Romaguera,07/22/2023
750,Reg,Coughlin,rcoughlinkt@uiuc.edu,Male,2012,Bentley,Continental GTC,Madison,Wisconsin,53779,US,43.0982,-89.3242,86459,Will-Parker,03/26/2025
751,Angeli,Gilmore,agilmoreku@amazon.com,Male,2003,Chevrolet,Monte Carlo,Dallas,Texas,75358,US,32.7942,-96.7652,88707,MacGyver and Sons,10/19/2025
752,Alexandr,Bingall,abingallkv@umich.edu,Male,1993,Volkswagen,riolet,New York City,New York,10150,US,40.7808,-73.9772,30804,Rodriguez-Lebsack,08/22/2022
753,Billy,Demangeon,bdemangeonkw@yandex.ru,Agender,2009,Dodge,Charger,Richmond,Virginia,23225,US,37.5158,-77.5047,56757,"Prohaska, Stracke and Schuster",09/02/2022
754,Silvio,Meader,smeaderkx@thetimes.co.uk,Male,2004,BMW,325,Fort Lauderdale,Florida,33315,US,26.0989,-80.1541,36852,"Langworth, Parker and Bradtke",03/25/2022
755,Keane,Padley,kpadleyky@rambler.ru,Bigender,2006,Chevrolet,Express,Mobile,Alabama,36689,US,30.6589,-88.178,96982,Weimann and Sons,05/03/2024
756,Paige,Cornau,pcornaukz@abc.net.au,Female,2004,Dodge,Dakota,Hartford,Connecticut,06120,US,41.786,-72.6758,86361,"Jaskolski, Stroman and Kreiger",10/12/2022
757,Nola,Dominik,ndominikl0@mapquest.com,Female,2011,Ford,Transit Connect,Dayton,Ohio,45419,US,39.7155,-84.1637,67078,Cummings and Sons,10/08/2025
758,Hortense,Raincin,hraincinl1@wiley.com,Female,2000,BMW,Z3,Tallahassee,Florida,32304,US,30.4478,-84.3211,55652,"Krajcik, Bergstrom and O'Reilly",12/13/2023
759,Worthington,Dinsdale,wdinsdalel2@istockphoto.com,Male,1986,Ford,Tempo,Meridian,Mississippi,39305,US,32.4401,-88.6783,96226,VonRueden Group,04/30/2024
760,Cletis,Steers,csteersl3@webeden.co.uk,Male,2000,Mercedes-Benz,SLK-Class,Fort Worth,Texas,76198,US,32.7714,-97.2915,92228,"Abernathy, Labadie and Labadie",04/17/2025
761,Frasier,Brandom,fbrandoml4@bing.com,Male,2001,Mitsubishi,Pajero,Kansas City,Missouri,64109,US,39.0663,-94.5674,52616,"Lebsack, Powlowski and Hackett",07/28/2023
762,Mychal,Laycock,mlaycockl5@wisc.edu,Male,2010,Infiniti,QX,Decatur,Illinois,62525,US,39.854,-88.9815,31210,Metz LLC,05/21/2024
763,Teodoro,O'Flaherty,toflahertyl6@columbia.edu,Male,1986,Pontiac,Grand Am,Olympia,Washington,98516,US,47.1126,-122.7794,89501,"Dickinson, McKenzie and Rogahn",07/12/2024
764,Stephenie,O'Lennane,solennanel7@europa.eu,Female,1991,Ford,F-Series,Boynton Beach,Florida,33436,US,26.5354,-80.1124,84554,Ondricka Inc,02/27/2023
765,Adolphus,Patzelt,apatzeltl8@people.com.cn,Male,2006,GMC,Envoy,Dallas,Texas,75246,US,32.7948,-96.7697,56577,VonRueden-Vandervort,08/28/2023
766,Lynne,Kepling,lkeplingl9@printfriendly.com,Female,1986,Mitsubishi,Precis,Washington,District of Columbia,20010,US,38.9327,-77.0322,66620,"Kris, Larson and Greenfelder",10/20/2022
767,Wini,Reimers,wreimersla@istockphoto.com,Female,2000,Toyota,Avalon,Nashville,Tennessee,37228,US,36.1901,-86.8053,99311,Harris Group,10/04/2023
768,Lamar,Mair,lmairlb@addtoany.com,Male,1992,Pontiac,LeMans,Raleigh,North Carolina,27690,US,35.7977,-78.6253,72283,"Kris, Gorczany and Bergstrom",12/27/2025
769,Benedikt,Manon,bmanonlc@blinklist.com,Male,1994,Plymouth,Sundance,Washington,District of Columbia,20041,US,38.8933,-77.0146,46119,Beatty-Koelpin,01/20/2025
770,Betteann,Starton,bstartonld@washingtonpost.com,Female,2008,Ford,Explorer,Toledo,Ohio,43666,US,41.6782,-83.4972,72323,"Emmerich, Batz and Greenfelder",09/21/2022
771,Luella,Tenaunt,ltenauntle@jugem.jp,Female,2012,Acura,MDX,Roanoke,Virginia,24004,US,37.2742,-79.9579,96475,Howe and Sons,10/02/2025
772,Thomasina,Laban,tlabanlf@hexun.com,Female,2010,Cadillac,Escalade EXT,Pasadena,California,91117,US,33.7866,-118.2987,63885,"Keeling, Daniel and Smitham",04/22/2023
773,Lowe,Fontaine,lfontainelg@twitpic.com,Male,1996,BMW,3 Series,Mesa,Arizona,85215,US,33.4707,-111.7188,64281,"Stoltenberg, Schuster and Wolf",09/08/2024
774,Sandor,Risborough,srisboroughlh@blogs.com,Male,1986,Mercedes-Benz,S-Class,San Bernardino,California,92415,US,34.84,-115.9671,95802,Gibson LLC,01/11/2024
775,Melisenda,Hacard,mhacardli@indiatimes.com,Female,1987,Lincoln,Continental,Louisville,Kentucky,40215,US,38.1913,-85.7847,82691,"Zulauf, Swaniawski and Gottlieb",04/28/2025
776,Morie,Esby,mesbylj@gov.uk,Bigender,1990,Maserati,430,Irvine,California,92612,US,33.6607,-117.8264,85523,Stokes-Kozey,02/04/2024
777,Quinlan,Mercey,qmerceylk@hostgator.com,Male,2008,BMW,6 Series,Jackson,Mississippi,39236,US,32.3113,-90.3972,92728,Bahringer-Nader,01/17/2026
778,Opalina,Yanshonok,oyanshonokll@uol.com.br,Female,2005,Audi,A6,Minneapolis,Minnesota,55458,US,45.0159,-93.4719,80560,"Hayes, Block and Stoltenberg",01/24/2026
779,Marcelo,Pincott,mpincottlm@tumblr.com,Male,2006,Toyota,Avalon,Shreveport,Louisiana,71137,US,32.6076,-93.7526,37188,Ebert-Prosacco,02/23/2023
780,Marion,Boch,mbochln@tiny.cc,Male,1996,Eagle,Summit,Shreveport,Louisiana,71105,US,32.4589,-93.7143,77691,"Runolfsdottir, Windler and Kohler",04/19/2023
781,Brietta,Haythornthwaite,bhaythornthwaitelo@aboutads.info,Female,1998,Pontiac,Firebird,Austin,Texas,78789,US,30.3264,-97.7713,94896,McClure-Rau,10/02/2024
782,Marcos,Van Arsdale,mvanarsdalelp@wikia.com,Male,2000,Daewoo,Lanos,San Antonio,Texas,78225,US,29.3875,-98.5245,91502,O'Reilly Group,05/01/2023
783,Lotte,Jeynes,ljeyneslq@goo.ne.jp,Female,2005,Chevrolet,Malibu,Washington,District of Columbia,20057,US,38.8933,-77.0146,85167,"Boyer, Gleichner and Cummings",11/21/2023
784,Adelaida,Purselowe,apurselowelr@eepurl.com,Female,2009,Mercedes-Benz,SL-Class,Houston,Texas,77245,US,29.834,-95.4342,57097,Senger-Gottlieb,09/13/2025
785,Zorine,Lack,zlackls@google.com.au,Female,1999,Mercedes-Benz,SLK-Class,Tacoma,Washington,98464,US,47.0662,-122.1132,73696,"Reynolds, Stroman and Runolfsson",06/18/2023
786,Kayne,Bertson,kbertsonlt@phoca.cz,Male,2002,Pontiac,Grand Am,Syracuse,New York,13224,US,43.0421,-76.1046,84584,Feeney-Maggio,07/24/2025
787,Shannon,Ikringill,sikringilllu@howstuffworks.com,Female,2000,Infiniti,I,Honolulu,Hawaii,96835,US,21.3278,-157.8294,48276,Hessel-Olson,09/18/2023
788,Christal,Side,csidelv@patch.com,Female,1994,Hyundai,Scoupe,Bloomington,Illinois,61709,US,40.4614,-88.953,82725,Murazik-Ward,03/16/2023
789,Percy,Arndtsen,parndtsenlw@reverbnation.com,Male,2001,Pontiac,Grand Prix,Hartford,Connecticut,06145,US,41.7918,-72.7188,86401,"Gleason, Jakubowski and Beier",08/15/2025
790,Quinton,Trice,qtricelx@netvibes.com,Male,2004,Volkswagen,Golf,Bonita Springs,Florida,34135,US,26.3771,-81.7334,95978,"Cremin, Hyatt and Kuhn",07/12/2022
791,Rosita,Dixsee,rdixseely@fc2.com,Female,2009,Land Rover,Freelander,Houston,Texas,77030,US,29.7041,-95.401,68726,Heller-Baumbach,07/19/2024
792,Jeanette,Astlatt,jastlattlz@taobao.com,Female,1992,Oldsmobile,Silhouette,New York City,New York,10165,US,40.7524,-73.9791,75627,Legros-Prohaska,05/13/2023
793,Zorah,Seacombe,zseacombem0@hubpages.com,Female,1986,Mitsubishi,Chariot,Springfield,Illinois,62711,US,39.7655,-89.7293,42040,Grimes-Moen,04/18/2024
794,Shelley,Balaam,sbalaamm1@example.com,Female,2013,Volvo,S60,Atlanta,Georgia,30336,US,33.7406,-84.5545,30723,Huel Inc,01/19/2023
795,Lowrance,Moyne,lmoynem2@merriam-webster.com,Male,2003,Subaru,Legacy,Baltimore,Maryland,21229,US,39.2856,-76.6899,63912,Keebler Group,03/07/2025
796,Hayes,Bruntje,hbruntjem3@admin.ch,Male,1994,BMW,3 Series,Philadelphia,Pennsylvania,19196,US,40.0018,-75.1179,98649,Ferry-Terry,12/11/2024
797,Doug,Deam,ddeamm4@soundcloud.com,Male,1997,BMW,7 Series,Delray Beach,Florida,33448,US,26.6459,-80.4303,53027,Osinski-Crooks,08/23/2024
798,Melodie,Sellors,msellorsm5@infoseek.co.jp,Female,2009,Toyota,Sequoia,Anchorage,Alaska,99517,US,61.1901,-149.9361,64268,Sanford Group,02/17/2022
799,Somerset,Kneesha,skneesham6@businessweek.com,Genderfluid,2005,Scion,xB,Elmira,New York,14905,US,42.0869,-76.8397,72799,Sanford Inc,12/26/2024
800,Selma,Sabater,ssabaterm7@opensource.org,Female,2008,Lexus,LX,San Antonio,Texas,78255,US,29.6701,-98.6873,51605,Hodkiewicz LLC,03/17/2023
801,Helenelizabeth,Vannuccinii,hvannucciniim8@eepurl.com,Female,2003,BMW,Z4,Dallas,Texas,75251,US,32.9189,-96.7751,83839,"Grady, Windler and Anderson",11/22/2024
802,Mel,Hartless,mhartlessm9@europa.eu,Male,2005,GMC,Yukon XL 1500,Houston,Texas,77070,US,29.9781,-95.5803,57477,"Carroll, Schmidt and Watsica",08/02/2023
803,Martguerita,Priel,mprielma@slashdot.org,Female,2009,Volkswagen,GLI,Mobile,Alabama,36628,US,30.6589,-88.178,51258,Maggio Group,04/01/2023
804,Conny,Dransfield,cdransfieldmb@1688.com,Female,2008,Dodge,Caravan,Reno,Nevada,89519,US,39.4814,-119.8591,83116,Okuneva Inc,09/13/2025
805,Dayle,Pietron,dpietronmc@sourceforge.net,Female,1985,Mercury,Lynx,Houston,Texas,77281,US,29.834,-95.4342,61356,"Brown, Deckow and Hyatt",11/12/2024
806,Vikky,Swaffield,vswaffieldmd@cisco.com,Female,2004,Mercedes-Benz,SL-Class,Jackson,Mississippi,39282,US,32.3113,-90.3972,34539,Zemlak-Hoppe,12/27/2023
807,Anna-maria,Seleway,aselewayme@live.com,Female,1994,Plymouth,Voyager,Pittsburgh,Pennsylvania,15205,US,40.4322,-80.1021,56199,Welch-Mertz,06/23/2023
808,Siouxie,Paolacci,spaolaccimf@artisteer.com,Female,2006,BMW,525,Johnson City,Tennessee,37605,US,36.3158,-82.3838,68111,Kihn-Tromp,05/01/2023
809,Olenolin,Schmuhl,oschmuhlmg@redcross.org,Male,2012,GMC,Yukon XL 1500,Minneapolis,Minnesota,55480,US,45.0159,-93.4719,68285,Armstrong-Cremin,06/15/2024
810,Georges,McKibbin,gmckibbinmh@myspace.com,Male,2007,Audi,A3,Colorado Springs,Colorado,80930,US,38.8289,-104.5269,56526,"Effertz, Gleason and Hamill",09/29/2022
811,Amery,Jessett,ajessettmi@creativecommons.org,Non-binary,2011,Ram,3500,Lafayette,Louisiana,70593,US,30.2081,-92.0951,54110,Murray-Kuhn,03/23/2025
812,Nessy,Bedow,nbedowmj@wsj.com,Genderqueer,1999,Chevrolet,Express 1500,Reston,Virginia,22096,US,38.8318,-77.2888,79701,Pollich Inc,06/07/2024
813,Riki,Adan,radanmk@joomla.org,Bigender,1992,Mitsubishi,Montero,Rochester,New York,14639,US,43.286,-77.6843,34520,"Douglas, Murphy and Kulas",03/21/2023
814,Daffi,Kemet,dkemetml@xing.com,Female,1994,Honda,Passport,Tampa,Florida,33680,US,27.872,-82.4388,48671,Wiegand-Dickens,09/10/2022
815,Ida,Fulks,ifulksmm@deviantart.com,Female,1985,Buick,Century,Columbia,South Carolina,29240,US,34.006,-80.9708,38593,Berge-Schumm,10/12/2024
816,Kristyn,Breacher,kbreachermn@simplemachines.org,Female,2011,Honda,CR-V,Baltimore,Maryland,21290,US,39.2933,-76.6238,69762,Watsica and Sons,05/10/2024
817,Leone,Eadmeads,leadmeadsmo@people.com.cn,Female,1991,Mazda,MX-6,Tacoma,Washington,98417,US,47.2061,-122.4822,91915,Pagac and Sons,04/21/2022
818,Wallie,Philcock,wphilcockmp@google.pl,Male,2003,Toyota,Avalon,Miami,Florida,33196,US,25.6615,-80.441,62562,"Weissnat, Parisian and Crist",06/03/2023
819,Wildon,Dello,wdellomq@oaic.gov.au,Male,2006,Volkswagen,Phaeton,Akron,Ohio,44393,US,41.1287,-81.54,30632,Dickens-Mayert,07/30/2025
820,Johnny,Drewson,jdrewsonmr@zimbio.com,Male,1997,Isuzu,Rodeo,Maple Plain,Minnesota,55572,US,45.0159,-93.4719,93304,King-Padberg,06/09/2024
821,Kirby,Fritschmann,kfritschmannms@seattletimes.com,Male,1986,Mercury,Cougar,Jackson,Tennessee,38308,US,35.6124,-88.8412,60590,Schuster and Sons,12/18/2023
822,Cecile,Towey,ctoweymt@sciencedirect.com,Female,2011,Volkswagen,Touareg,Kansas City,Missouri,64149,US,38.8606,-94.4636,34939,"Rodriguez, Ortiz and Kunde",06/29/2023
823,Jeanine,MacDougall,jmacdougallmu@senate.gov,Female,2004,BMW,545,New Haven,Connecticut,06520,US,41.3657,-72.9275,76016,Satterfield Inc,07/05/2024
824,Noble,Ingrey,ningreymv@ucsd.edu,Male,1994,Ford,E-Series,Jefferson City,Missouri,65110,US,38.5309,-92.2493,51539,"Schinner, Koss and Borer",07/23/2025
825,Jobi,Edlestone,jedlestonemw@histats.com,Female,1998,Isuzu,Hombre,Kansas City,Kansas,66160,US,39.0966,-94.7495,51690,Goyette-Fay,02/04/2025
826,Lebbie,Kahn,lkahnmx@icio.us,Female,2004,Spyker,C8 Spyder Wide Body,Merrifield,Virginia,22119,US,38.8318,-77.2888,95279,"Leuschke, Rice and Fadel",10/30/2025
827,Thorn,Sutterby,tsutterbymy@wix.com,Male,2005,Ford,F150,Austin,Texas,78749,US,30.2166,-97.8508,62586,Gleichner Group,09/25/2025
828,Chrissy,Hemmingway,chemmingwaymz@miibeian.gov.cn,Male,2005,Ford,Excursion,Duluth,Minnesota,55811,US,46.8147,-92.1998,39412,Sanford-Lehner,06/10/2023
829,Carney,Ledster,cledstern0@imdb.com,Male,2004,Hyundai,XG350,Toledo,Ohio,43605,US,41.6525,-83.5085,91445,"Davis, Raynor and Olson",06/29/2024
830,Libbey,Tearny,ltearnyn1@ucla.edu,Female,1996,Pontiac,Trans Sport,Fullerton,California,92835,US,33.8994,-117.9063,78388,"Stehr, Willms and Parisian",05/11/2024
831,Fletcher,Hallwood,fhallwoodn2@fema.gov,Male,2006,Ford,Thunderbird,Orlando,Florida,32859,US,28.4429,-81.4026,37996,Nolan-Ritchie,01/29/2024
832,Nissy,Pilkinton,npilkintonn3@patch.com,Female,2010,Ford,F250,Jacksonville,Florida,32204,US,30.3189,-81.6854,59537,Swaniawski and Sons,10/18/2023
833,Garth,Loache,gloachen4@newsvine.com,Male,1995,Chevrolet,Caprice Classic,Tacoma,Washington,98417,US,47.2061,-122.4822,40756,"Feeney, Langworth and Hayes",09/09/2022
834,Anett,Eldon,aeldonn5@abc.net.au,Female,2001,Honda,Passport,Richmond,Virginia,23225,US,37.5158,-77.5047,50470,"Senger, Schmeler and Mosciski",08/03/2023
835,Ezequiel,De la croix,edelacroixn6@symantec.com,Male,2008,Aston Martin,DBS,Galveston,Texas,77554,US,29.2243,-94.9637,65767,"Romaguera, Stoltenberg and Ryan",11/05/2025
836,Tammy,Oleksinski,toleksinskin7@exblog.jp,Female,1990,Pontiac,Firefly,El Paso,Texas,79968,US,31.7705,-106.5048,50522,Miller LLC,10/15/2023
837,Martina,Kubek,mkubekn8@artisteer.com,Female,2002,Porsche,911,Atlanta,Georgia,30368,US,33.8444,-84.474,52375,Ruecker and Sons,04/02/2025
838,Abie,Nani,ananin9@hubpages.com,Male,2003,Pontiac,Aztek,Murfreesboro,Tennessee,37131,US,35.8596,-86.421,67591,Schmeler-Hilpert,03/16/2023
839,Garrick,McClaurie,gmcclauriena@spotify.com,Male,2009,MINI,Cooper,Wilmington,Delaware,19886,US,39.5645,-75.597,44889,Breitenberg Inc,02/27/2023
840,Querida,Perryman,qperrymannb@examiner.com,Female,2011,Ford,Ranger,Mountain View,California,94042,US,37.1894,-121.7053,86726,Morissette-Lind,01/20/2023
841,Layney,Woolston,lwoolstonnc@mapy.cz,Female,2006,Mitsubishi,Pajero,Greensboro,North Carolina,27409,US,36.0777,-79.9086,36658,"Runolfsson, Ratke and Stark",06/04/2025
842,Conant,Kisbee,ckisbeend@huffingtonpost.com,Non-binary,2002,Cadillac,Escalade,El Paso,Texas,88574,US,31.6948,-106.3,46012,West-Konopelski,08/27/2022
843,Andra,Ricardet,aricardetne@theglobeandmail.com,Female,1992,Saab,9000,Reading,Pennsylvania,19605,US,40.3886,-75.9328,78624,Braun-Stamm,08/17/2022
844,Jone,Callington,jcallingtonnf@g.co,Male,1993,Plymouth,Laser,Washington,District of Columbia,20022,US,38.945,-77.0364,36947,Donnelly-Harvey,03/02/2023
845,Farr,Lynett,flynettng@wiley.com,Non-binary,2002,Nissan,Altima,Jackson,Mississippi,39282,US,32.3113,-90.3972,47234,Hickle and Sons,10/23/2025
846,Odele,Botton,obottonnh@vkontakte.ru,Female,1987,Subaru,XT,Houston,Texas,77085,US,29.6218,-95.4819,67500,"Schamberger, Frami and Leuschke",03/06/2025
847,Elberta,Margiotta,emargiottani@weebly.com,Female,1997,Mitsubishi,Galant,El Paso,Texas,88546,US,31.6948,-106.3,72732,Dooley Group,05/24/2023
848,Elaina,March,emarchnj@usatoday.com,Female,2012,Land Rover,Range Rover Evoque,Montgomery,Alabama,36104,US,32.373,-86.3081,86239,"Lakin, Goyette and Reichert",10/31/2022
849,Clarence,Gallehock,cgallehocknk@bluehost.com,Male,1999,Mercury,Mountaineer,Saint Petersburg,Florida,33705,US,27.7391,-82.6435,88765,"Langworth, Hackett and McDermott",01/07/2026
850,Nicolina,Coulthart,ncoulthartnl@google.de,Female,1990,Mitsubishi,Truck,Harrisburg,Pennsylvania,17121,US,40.2944,-76.8938,65091,Parisian Inc,01/10/2024
851,Sibyl,Barabich,sbarabichnm@java.com,Male,2008,Volkswagen,Touareg,Peoria,Illinois,61640,US,40.7857,-89.6177,96997,"Collins, Heathcote and Robel",10/10/2024
852,Warner,Cornuau,wcornuaunn@tmall.com,Male,2004,Cadillac,SRX,San Jose,California,95194,US,37.3894,-121.8868,99986,O'Kon-Hayes,03/16/2025
853,Dionisio,Vyse,dvyseno@a8.net,Non-binary,2008,Ferrari,F430,Anniston,Alabama,36205,US,33.7358,-85.7933,45228,Powlowski-Lind,03/07/2024
854,Susanna,Heskey,sheskeynp@people.com.cn,Female,2006,Mercedes-Benz,CL-Class,Terre Haute,Indiana,47805,US,39.5327,-87.3255,94185,"Kuhlman, Jones and Gutkowski",02/27/2022
855,Joletta,Coote,jcootenq@infoseek.co.jp,Female,2008,Saturn,Outlook,Los Angeles,California,90040,US,33.9909,-118.1532,57908,Bradtke and Sons,02/17/2024
856,Pearle,Andriesse,pandriessenr@china.com.cn,Female,2000,Plymouth,Prowler,Cincinnati,Ohio,45218,US,39.2663,-84.5221,70392,Jenkins LLC,02/16/2024
857,Meridith,Claughton,mclaughtonns@theglobeandmail.com,Female,2009,Chevrolet,Malibu,Montgomery,Alabama,36109,US,32.3834,-86.2434,36461,Lockman-Kerluke,07/15/2022
858,Barron,MacAlester,bmacalesternt@tumblr.com,Male,2001,Acura,CL,San Bernardino,California,92424,US,34.84,-115.9671,99072,"Ferry, Douglas and Zboncak",05/16/2022
859,Rozalin,Lightwing,rlightwingnu@vimeo.com,Female,1999,Ford,Taurus,Dallas,Texas,75260,US,32.7673,-96.7776,44300,Rippin-Cruickshank,08/26/2025
860,Valentine,MacTeggart,vmacteggartnv@dagondesign.com,Male,1997,Dodge,Ram 3500,Baltimore,Maryland,21265,US,39.2847,-76.6205,79516,Steuber Group,11/28/2022
861,Phillipp,Mengo,pmengonw@tripadvisor.com,Male,1994,Mazda,323,Paterson,New Jersey,07522,US,40.9252,-74.1781,33509,Ratke and Sons,05/05/2025
862,Shannan,Krugmann,skrugmannnx@bloomberg.com,Male,1987,Mitsubishi,Mirage,San Bernardino,California,92405,US,34.1446,-117.3013,65708,Koelpin Inc,12/19/2024
863,Addie,Minero,aminerony@over-blog.com,Female,2008,Mazda,Mazdaspeed 3,El Paso,Texas,88525,US,31.6948,-106.3,72613,Bailey-Batz,08/09/2022
864,Joelly,Cracknall,jcracknallnz@mediafire.com,Female,1985,Mazda,RX-7,Homestead,Florida,33034,US,25.2846,-80.6246,68219,Hauck LLC,09/11/2022
865,Bertine,Dobie,bdobieo0@imgur.com,Female,1986,Buick,LeSabre,South Bend,Indiana,46634,US,41.5968,-86.293,97707,"Hegmann, Blanda and Lueilwitz",10/08/2025
866,Wendel,Naul,wnaulo1@nifty.com,Male,2003,Porsche,911,Wilkes Barre,Pennsylvania,18706,US,41.2044,-75.9113,53282,Boyer Group,10/05/2023
867,Bret,Sebrens,bsebrenso2@github.com,Male,1995,Oldsmobile,Achieva,Seattle,Washington,98148,US,47.4441,-122.3249,56030,Mosciski-Johns,06/06/2025
868,Ernestine,Nutley,enutleyo3@house.gov,Female,2008,Lexus,GX,Greenville,South Carolina,29610,US,34.8497,-82.4538,92904,"Herzog, Larson and Beatty",08/07/2025
869,Wynn,Shatford,wshatfordo4@rambler.ru,Male,1999,Chevrolet,Cavalier,Birmingham,Alabama,35254,US,33.5446,-86.9292,77019,"McGlynn, Schoen and VonRueden",03/12/2024
870,Morissa,Bode,mbodeo5@histats.com,Female,1994,Ford,F150,Fort Wayne,Indiana,46805,US,41.0977,-85.1189,66273,Waters and Sons,09/04/2025
871,Meredeth,Blaske,mblaskeo6@seattletimes.com,Male,1995,Mazda,Millenia,Washington,District of Columbia,20226,US,38.8933,-77.0146,82425,Kreiger Group,03/11/2024
872,Stephannie,Ludlow,sludlowo7@marketwatch.com,Female,2010,Toyota,Tundra,Palm Bay,Florida,32909,US,27.9694,-80.6473,51543,Connelly-Lang,01/30/2024
873,Alaine,Solley,asolleyo8@t-online.de,Female,1994,Porsche,911,Baton Rouge,Louisiana,70820,US,30.3795,-91.1671,69880,Breitenberg-Williamson,08/05/2024
874,Rhiamon,Zettoi,rzettoio9@1und1.de,Female,2004,Acura,RL,Wilkes Barre,Pennsylvania,18763,US,41.2722,-75.8801,37375,"Hoppe, Gerhold and Prohaska",03/12/2022
875,Gerrie,Manderson,gmandersonoa@paginegialle.it,Female,1985,Honda,Prelude,Vancouver,Washington,98682,US,45.6644,-122.5212,85570,"Altenwerth, Reynolds and Schoen",09/17/2025
876,Dov,Rivard,drivardob@unblog.fr,Male,2006,Mitsubishi,Lancer Evolution,Hartford,Connecticut,06152,US,41.7918,-72.7188,88551,Mitchell LLC,06/25/2022
877,Samson,Tidder,stidderoc@joomla.org,Male,2001,Chevrolet,Express 1500,Oklahoma City,Oklahoma,73197,US,35.5514,-97.4075,31330,"Adams, Kilback and Grimes",03/07/2022
878,Laurie,Ellit,lellitod@imageshack.us,Male,2006,Lotus,Exige,San Jose,California,95194,US,37.3894,-121.8868,34535,"Corwin, Zieme and Johns",05/02/2022
879,Melodee,Alpe,malpeoe@imdb.com,Female,2002,Mercury,Mountaineer,Miami,Florida,33283,US,25.5584,-80.4582,86067,Boyer Inc,11/24/2023
880,Pris,Hanning,phanningof@stanford.edu,Female,2010,Nissan,Altima,Minneapolis,Minnesota,55428,US,45.0632,-93.3811,44591,"Thiel, Shanahan and Boehm",02/02/2025
881,Hugues,Laycock,hlaycockog@plala.or.jp,Male,2011,Maserati,GranTurismo,Washington,District of Columbia,20599,US,38.8933,-77.0146,67212,Runolfsson Inc,04/18/2024
882,Dorey,Higbin,dhigbinoh@guardian.co.uk,Female,2005,Nissan,Titan,Albuquerque,New Mexico,87110,US,35.1104,-106.5781,89189,Little-Ernser,09/05/2022
883,Georgette,Sirett,gsirettoi@omniture.com,Female,1998,Chrysler,Cirrus,Fairbanks,Alaska,99709,US,64.8544,-147.8469,98846,Stoltenberg and Sons,04/17/2022
884,Molli,Kmieciak,mkmieciakoj@sina.com.cn,Female,1996,Nissan,Maxima,Wilkes Barre,Pennsylvania,18768,US,41.2722,-75.8801,71333,Lehner Group,07/28/2024
885,Obediah,Siccombe,osiccombeok@hud.gov,Male,1992,Lincoln,Continental,Chicago,Illinois,60630,US,41.9699,-87.7603,78325,Hessel Group,01/17/2026
886,Jacynth,Maes,jmaesol@unicef.org,Female,1993,GMC,3500,Albuquerque,New Mexico,87105,US,35.0448,-106.6893,77665,Altenwerth and Sons,06/04/2025
887,Augy,Idle,aidleom@unblog.fr,Male,1997,Volkswagen,Eurovan,Torrance,California,90510,US,33.7866,-118.2987,94734,"Champlin, Okuneva and Casper",03/21/2025
888,Mariellen,Vinall,mvinallon@umn.edu,Female,1985,Ford,F-Series,Washington,District of Columbia,20231,US,38.8933,-77.0146,30475,Tillman-Crona,07/18/2022
889,Astrix,Ramelot,aramelotoo@gravatar.com,Female,2006,Toyota,Corolla,Miami,Florida,33142,US,25.813,-80.232,34232,"Donnelly, Paucek and Miller",08/26/2023
890,Remington,Nutkins,rnutkinsop@washingtonpost.com,Male,2004,Nissan,Murano,Miami,Florida,33142,US,25.813,-80.232,48336,"Walsh, Block and Mraz",12/10/2024
891,Shana,Willis,swillisoq@go.com,Female,2009,Toyota,Yaris,New York City,New York,10120,US,40.7506,-73.9894,72406,Ondricka-Grant,01/22/2024
892,Maura,Charlson,mcharlsonor@163.com,Female,2012,Buick,LaCrosse,Houston,Texas,77085,US,29.6218,-95.4819,36943,"Marvin, Koss and Crist",07/09/2024
893,Marcel,Canner,mcanneros@1und1.de,Male,1986,Buick,Regal,Los Angeles,California,90060,US,33.7866,-118.2987,89767,Lockman-Paucek,06/08/2025
894,Dalia,Fathers,dfathersot@sphinn.com,Female,1984,Mazda,RX-7,Jefferson City,Missouri,65105,US,38.5309,-92.2493,81613,"Erdman, Leffler and Morar",03/11/2023
895,Danica,Vasechkin,dvasechkinou@nifty.com,Female,2001,Toyota,Tacoma Xtra,Detroit,Michigan,48275,US,42.2399,-83.1508,59683,Cummings-Heathcote,03/07/2022
896,Corney,Matczak,cmatczakov@icio.us,Genderqueer,2004,Mercedes-Benz,C-Class,Reno,Nevada,89550,US,39.5387,-119.8225,72080,Conn Inc,12/17/2025
897,Doralyn,Lytlle,dlytlleow@forbes.com,Female,2010,Nissan,Xterra,Des Moines,Iowa,50305,US,41.6727,-93.5722,93797,"Schaden, Halvorson and Fadel",08/17/2024
898,Rik,Rotlauf,rrotlaufox@nationalgeographic.com,Male,1999,Mercury,Mystique,Miami,Florida,33153,US,25.8655,-80.1936,73535,"Gutkowski, Welch and Jacobi",07/19/2024
899,Marcelia,Javes,mjavesoy@printfriendly.com,Female,2005,Dodge,Caravan,Sacramento,California,94280,US,38.3774,-121.4444,57146,Huel-Farrell,12/20/2023
900,Letta,Byer,lbyeroz@artisteer.com,Female,1987,Buick,Electra,Columbus,Ohio,43226,US,39.969,-83.0114,94649,"Maggio, Veum and Heathcote",09/06/2024
901,Ilse,Spincke,ispinckep0@howstuffworks.com,Female,2006,GMC,Sierra 2500,El Paso,Texas,79968,US,31.7705,-106.5048,76075,"Haley, O'Kon and Streich",06/24/2024
902,Lane,Flower,lflowerp1@icq.com,Female,2001,Subaru,Impreza,Sioux City,Iowa,51110,US,42.4011,-96.372,82730,Ward-Medhurst,11/01/2023
903,Reidar,Giacobo,rgiacobop2@loc.gov,Male,2001,Hyundai,Tiburon,Lincoln,Nebraska,68524,US,40.8529,-96.7943,66174,Weimann-Renner,07/30/2025
904,Pail,Coffey,pcoffeyp3@nsw.gov.au,Male,1991,Mitsubishi,Truck,Charleston,South Carolina,29411,US,32.8715,-79.9947,59228,Rodriguez-Hills,02/09/2022
905,Vitia,Nowlan,vnowlanp4@edublogs.org,Female,1997,Mitsubishi,Diamante,Washington,District of Columbia,20036,US,38.9087,-77.0414,32541,O'Connell Inc,01/26/2023
906,Felike,Dehn,fdehnp5@skype.com,Male,2006,BMW,7 Series,Washington,District of Columbia,20088,US,38.8933,-77.0146,72947,Macejkovic-Schimmel,11/24/2025
907,Davy,Presswell,dpresswellp6@tumblr.com,Male,2003,Dodge,Ram Van 1500,Bonita Springs,Florida,34135,US,26.3771,-81.7334,38173,"Thiel, Stoltenberg and Botsford",12/25/2022
908,Nataline,Fridd,nfriddp7@booking.com,Female,1991,Ford,F-Series,Louisville,Kentucky,40293,US,38.189,-85.6768,65493,Ziemann Group,10/21/2023
909,Ruby,Dunguy,rdunguyp8@hud.gov,Male,2012,Scion,xD,Oklahoma City,Oklahoma,73135,US,35.411,-97.4388,43083,Pouros and Sons,09/10/2023
910,Jana,Haines,jhainesp9@apache.org,Female,2009,Audi,TT,Houston,Texas,77055,US,29.7971,-95.4958,95495,Schultz LLC,03/24/2024
911,Christabel,Ruperti,crupertipa@about.com,Female,1985,Mitsubishi,Chariot,Indianapolis,Indiana,46207,US,39.7673,-86.1606,48395,"Oberbrunner, Greenfelder and Stanton",09/07/2022
912,Raff,Silkstone,rsilkstonepb@uol.com.br,Male,1985,Chevrolet,Corvette,Birmingham,Alabama,35263,US,33.5225,-86.8094,61483,Olson-Windler,04/14/2024
913,Marcille,Ekless,meklesspc@indiegogo.com,Female,1991,Volkswagen,Corrado,Lubbock,Texas,79452,US,33.61,-101.8213,63812,"Daugherty, Turcotte and Jaskolski",04/17/2024
914,Alison,Puttick,aputtickpd@wikipedia.org,Female,2008,Dodge,Charger,Honolulu,Hawaii,96815,US,21.2811,-157.8266,96627,Hammes-Mosciski,11/19/2024
915,Arlinda,Adlem,aadlempe@sitemeter.com,Female,1993,Ford,Explorer,Portland,Maine,04109,US,43.6783,-70.1987,52184,McKenzie-White,01/02/2026
916,Shurlock,Corney,scorneypf@addtoany.com,Male,2012,Audi,S5,Wichita,Kansas,67215,US,37.6333,-97.425,64956,Little Group,08/11/2025
917,Bogey,Shurlock,bshurlockpg@nyu.edu,Male,1997,Mazda,Miata MX-5,Miami,Florida,33185,US,25.7274,-80.4497,79134,Kemmer-Macejkovic,03/22/2023
918,Hildegarde,Tavener,htavenerph@ucsd.edu,Female,1995,Hyundai,Elantra,North Hollywood,California,91606,US,34.1872,-118.3865,60560,"Emard, Runte and Tremblay",04/25/2022
919,Shelba,McCarle,smccarlepi@friendfeed.com,Female,2006,Honda,Insight,Sioux Falls,South Dakota,57193,US,43.6746,-96.7913,66168,Hessel-Luettgen,10/02/2025
920,Sisely,Veevers,sveeverspj@devhub.com,Female,1988,Pontiac,LeMans,Fort Smith,Arkansas,72916,US,35.2502,-94.3703,37034,"Reilly, Marquardt and Kiehn",04/10/2023
921,Tremaine,Shovelbottom,tshovelbottompk@angelfire.com,Male,1995,Toyota,Tacoma,Torrance,California,90510,US,33.7866,-118.2987,60420,Dare-Farrell,05/28/2025
922,Muire,Mingo,mmingopl@smh.com.au,Female,2001,GMC,Savana 2500,Washington,District of Columbia,20397,US,38.9164,-76.9948,37576,Kihn-Hammes,01/17/2024
923,Joellen,Kohnemann,jkohnemannpm@microsoft.com,Female,1984,Mitsubishi,Cordia,Riverside,California,92519,US,33.7529,-116.0556,54155,Funk Inc,05/11/2024
924,Rollo,Pretswell,rpretswellpn@topsy.com,Male,2003,Subaru,Legacy,Lake Worth,Florida,33462,US,26.5747,-80.0794,87498,Yost Group,07/26/2025
925,Truman,Rupel,trupelpo@wired.com,Male,2010,Suzuki,Grand Vitara,Miami,Florida,33175,US,25.7341,-80.4068,92544,Roob-Spencer,03/20/2023
926,Demetris,Carlon,dcarlonpp@bigcartel.com,Male,1997,Plymouth,Prowler,Denver,Colorado,80209,US,39.7074,-104.9686,97529,Walsh and Sons,01/03/2023
927,Derry,Mildner,dmildnerpq@blogger.com,Male,1999,Volkswagen,Cabriolet,Detroit,Michigan,48224,US,42.4098,-82.9441,82796,Lesch Group,09/20/2025
928,Thoma,Laird-Craig,tlairdcraigpr@yelp.com,Male,2012,Maserati,Quattroporte,Portland,Oregon,97206,US,45.484,-122.5973,30311,Bode-Schoen,08/03/2022
929,Annaliese,Nana,ananaps@moonfruit.com,Female,2004,Chevrolet,SSR,Naples,Florida,33961,US,26.045,-81.6669,55588,"Braun, MacGyver and Mayer",01/20/2023
930,Ambros,Crufts,acruftspt@paginegialle.it,Male,2003,Chevrolet,Cavalier,Atlanta,Georgia,30392,US,33.8444,-84.474,32870,"Lynch, Cassin and Crist",07/17/2025
931,Hubert,Primak,hprimakpu@europa.eu,Male,2012,Chrysler,Town & Country,Washington,District of Columbia,20299,US,38.8933,-77.0146,99402,Jacobi Inc,02/08/2025
932,Vivyanne,Acome,vacomepv@linkedin.com,Female,2003,Acura,MDX,Pittsburgh,Pennsylvania,15225,US,40.5051,-80.1155,32469,Rogahn LLC,03/17/2023
933,Evelyn,Aers,eaerspw@kickstarter.com,Female,1997,Suzuki,Swift,Muskegon,Michigan,49444,US,43.1791,-86.1989,55134,"Cummerata, Cummerata and Beer",01/16/2025
934,Julio,Fenny,jfennypx@hugedomains.com,Male,2002,Chevrolet,Venture,Fayetteville,North Carolina,28314,US,35.0583,-79.008,59420,Thiel-Nader,04/02/2024
935,Emiline,Streatfeild,estreatfeildpy@theatlantic.com,Female,2005,BMW,3 Series,Baltimore,Maryland,21282,US,39.439,-76.5921,47450,Sauer-Weissnat,07/27/2022
936,Clare,Bradforth,cbradforthpz@netscape.com,Male,1984,Ford,LTD,Conroe,Texas,77305,US,30.2906,-95.3832,34934,Barrows Group,06/29/2023
937,Florian,Ferencz,fferenczq0@nih.gov,Male,2002,Mercedes-Benz,C-Class,Sarasota,Florida,34233,US,27.2866,-82.477,53920,Hagenes-Weissnat,12/12/2024
938,Eduard,Darke,edarkeq1@netscape.com,Non-binary,2004,BMW,325,Colorado Springs,Colorado,80925,US,38.7378,-104.6459,83819,"Gottlieb, Schiller and Farrell",05/11/2025
939,Miguelita,Standbridge,mstandbridgeq2@creativecommons.org,Female,2002,Oldsmobile,Alero,Richmond,Virginia,23220,US,37.5498,-77.4588,87724,"Sanford, Cartwright and Lynch",09/18/2023
940,Gilemette,Garstang,ggarstangq3@hatena.ne.jp,Female,2009,Nissan,Murano,Sterling,Virginia,20167,US,39.0853,-77.6452,91895,Nader-Reynolds,05/17/2022
941,Freddi,Pulteneye,fpulteneyeq4@is.gd,Polygender,2012,Mercedes-Benz,SLK-Class,Lubbock,Texas,79405,US,33.571,-101.8507,47865,"Schamberger, VonRueden and Blanda",11/07/2022
942,Karoly,Herkess,kherkessq5@usatoday.com,Male,2002,Ford,Excursion,Pomona,California,91797,US,33.7866,-118.2987,74350,Ruecker-Schneider,03/09/2023
943,Almeria,Oggers,aoggersq6@loc.gov,Genderqueer,1998,Chevrolet,Monte Carlo,Anaheim,California,92825,US,33.8356,-117.9132,65106,Abernathy-Harris,12/05/2025
944,Earlie,Strathdee,estrathdeeq7@nih.gov,Genderfluid,2009,BMW,Z4 M,Youngstown,Ohio,44505,US,41.1257,-80.6277,50033,Kihn Group,10/28/2022
945,Cord,Dow,cdowq8@nymag.com,Male,2008,Ferrari,430 Scuderia,Sacramento,California,94297,US,38.3774,-121.4444,95355,Lubowitz Group,01/21/2024
946,Lamont,McBeth,lmcbethq9@pagesperso-orange.fr,Male,1993,GMC,Suburban 1500,Miami,Florida,33196,US,25.6615,-80.441,91872,Herzog Group,04/15/2022
947,Carine,Englishby,cenglishbyqa@google.co.uk,Female,1997,Nissan,240SX,Oklahoma City,Oklahoma,73190,US,35.5514,-97.4075,42880,Bradtke and Sons,09/23/2024
948,Davide,Cerith,dcerithqb@who.int,Male,1998,Mitsubishi,Montero,Tulsa,Oklahoma,74141,US,36.1398,-96.0297,61130,Schmidt-Littel,12/26/2023
949,Jorge,Horley,jhorleyqc@indiatimes.com,Male,2006,Porsche,Boxster,Corpus Christi,Texas,78465,US,27.777,-97.4632,35265,"Cruickshank, Kirlin and Pfannerstill",10/26/2022
950,Doe,Murcutt,dmurcuttqd@unesco.org,Female,1992,Cadillac,Fleetwood,Washington,District of Columbia,20205,US,38.905,-77.0162,62908,"Wilkinson, Gutkowski and Kuhic",03/15/2022
951,Tades,Sirmon,tsirmonqe@multiply.com,Male,1997,Mercury,Mystique,Santa Fe,New Mexico,87505,US,35.6219,-105.8688,30754,Schaden Group,12/01/2022
952,Joeann,Clynman,jclynmanqf@linkedin.com,Female,2002,Nissan,Quest,Whittier,California,90610,US,33.7866,-118.2987,45663,Donnelly Inc,02/23/2024
953,Sibyl,Skippen,sskippenqg@google.de,Male,2004,GMC,Sierra 2500,El Paso,Texas,79999,US,31.6948,-106.3,36563,Predovic-Koss,10/17/2024
954,Clemence,Hanwright,chanwrightqh@pcworld.com,Female,1992,Pontiac,Grand Prix,Des Moines,Iowa,50330,US,41.6727,-93.5722,91563,"Bayer, Kassulke and Crist",01/26/2025
955,Marlie,Poole,mpooleqi@jimdo.com,Female,2011,Land Rover,Range Rover,Fort Worth,Texas,76129,US,32.7714,-97.2915,34796,Kilback LLC,12/27/2023
956,Adria,Percival,apercivalqj@mapquest.com,Bigender,2009,Jaguar,XF,Montgomery,Alabama,36134,US,32.2334,-86.2085,87449,Lakin LLC,01/22/2026
957,Robbi,Cure,rcureqk@live.com,Female,2012,Land Rover,Range Rover Evoque,Saint Paul,Minnesota,55127,US,45.0803,-93.0875,95059,"Bayer, Durgan and Dietrich",01/23/2024
958,Mommy,Haglinton,mhaglintonql@whitehouse.gov,Female,2008,Mazda,Miata MX-5,Columbus,Ohio,43231,US,40.081,-82.9383,98515,"Schoen, Boehm and Marks",07/26/2025
959,Marcie,Keppe,mkeppeqm@freewebs.com,Female,2008,Toyota,Corolla,Las Vegas,Nevada,89193,US,35.9279,-114.9721,86729,"Pollich, Pfannerstill and Ebert",01/17/2024
960,Corena,Hosburn,chosburnqn@patch.com,Female,2009,Ferrari,430 Scuderia,Chicago,Illinois,60646,US,41.993,-87.7596,44981,"Gislason, McLaughlin and Kertzmann",06/10/2024
961,Braden,Bonehill,bbonehillqo@huffingtonpost.com,Male,1994,GMC,3500,Orlando,Florida,32830,US,28.3822,-81.569,97236,"Becker, Raynor and Wunsch",09/19/2023
962,Melonie,McGragh,mmcgraghqp@biglobe.ne.jp,Female,1993,BMW,M5,Saint Joseph,Missouri,64504,US,39.7076,-94.8677,70318,Hagenes-Spinka,02/22/2022
963,Deck,Marriage,dmarriageqq@reverbnation.com,Male,2008,Audi,A5,Orlando,Florida,32835,US,28.5289,-81.4787,40955,Bogan LLC,08/15/2025
964,Galvan,Mc Grath,gmcgrathqr@php.net,Male,2010,MINI,Cooper Clubman,Phoenix,Arizona,85072,US,33.2765,-112.1872,55897,"Brown, Gorczany and Kozey",05/23/2023
965,Kesley,MacCarroll,kmaccarrollqs@yale.edu,Female,2007,GMC,Yukon XL 1500,Washington,District of Columbia,20591,US,38.8933,-77.0146,99186,"Auer, Balistreri and Schultz",08/15/2023
966,Leonard,Papachristophorou,lpapachristophorouqt@github.io,Male,2005,Kia,Sportage,Brooklyn,New York,11241,US,40.6451,-73.945,73144,"Bergstrom, Roob and Konopelski",03/03/2023
967,Olav,Brazer,obrazerqu@youtu.be,Male,2002,Mercedes-Benz,S-Class,El Paso,Texas,88535,US,31.6948,-106.3,99825,Hettinger Group,08/29/2024
968,Merrill,Dearle-Palser,mdearlepalserqv@soup.io,Male,1996,Mitsubishi,Expo LRV,Washington,District of Columbia,20078,US,38.8933,-77.0146,71585,Koch Inc,07/02/2024
969,Taber,Papen,tpapenqw@bloomberg.com,Male,1986,Lotus,Esprit,Indianapolis,Indiana,46226,US,39.8326,-86.0836,53397,Ankunding-Koelpin,05/18/2023
970,Ferdie,Stoute,fstouteqx@eepurl.com,Male,2000,Mercury,Mountaineer,Denver,Colorado,80279,US,39.7388,-104.4083,71192,Muller-Kohler,07/28/2024
971,Dugald,Eardley,deardleyqy@surveymonkey.com,Male,1994,Suzuki,Sidekick,Dallas,Texas,75251,US,32.9189,-96.7751,46357,"Bernhard, Koss and Nienow",11/07/2023
972,Lucienne,Brumwell,lbrumwellqz@sohu.com,Female,2011,Lexus,IS-F,Charleston,West Virginia,25305,US,38.3358,-81.6123,90378,Bartoletti Inc,03/12/2022
973,Freedman,Blatherwick,fblatherwickr0@naver.com,Male,1997,Mitsubishi,Montero Sport,Dallas,Texas,75358,US,32.7942,-96.7652,52506,"Lindgren, Howell and Renner",05/27/2023
974,Gardie,Butts,gbuttsr1@vk.com,Male,2003,Suzuki,Grand Vitara,Tacoma,Washington,98405,US,47.2484,-122.4644,39735,Okuneva Group,01/13/2024
975,Waylon,Vizor,wvizorr2@dion.ne.jp,Male,2004,Chevrolet,Avalanche 1500,Austin,Texas,78715,US,30.4501,-97.4865,33496,Hagenes LLC,11/12/2022
976,Helaine,Shinner,hshinnerr3@nationalgeographic.com,Female,2006,Mazda,Mazda5,Macon,Georgia,31205,US,32.8067,-83.6913,99227,"Macejkovic, Lind and Treutel",01/29/2025
977,Eleanor,Noddings,enoddingsr4@studiopress.com,Female,2006,Toyota,Corolla,Norman,Oklahoma,73071,US,35.233,-97.4067,66364,Schmitt-Osinski,07/04/2023
978,Birk,Menichelli,bmenichellir5@weebly.com,Male,1999,Oldsmobile,Alero,Lakeland,Florida,33811,US,27.9865,-82.0139,55232,Prosacco-Auer,09/25/2022
979,Lou,Jauncey,ljaunceyr6@theglobeandmail.com,Male,1984,Mercedes-Benz,SL-Class,Knoxville,Tennessee,37931,US,35.9924,-84.1201,53992,"Rohan, Gusikowski and Osinski",07/04/2023
980,Emlynn,Elen,eelenr7@icio.us,Female,2012,Mercedes-Benz,S-Class,Phoenix,Arizona,85040,US,33.4061,-112.0265,73391,"McClure, Tremblay and Reilly",01/13/2024
981,Cathryn,Petticrow,cpetticrowr8@istockphoto.com,Female,2012,Dodge,Caravan,Amarillo,Texas,79105,US,35.4015,-101.8951,75225,"Bahringer, Grant and White",01/08/2023
982,Benedikt,Milborn,bmilbornr9@pagesperso-orange.fr,Male,2008,GMC,Savana 1500,Raleigh,North Carolina,27615,US,35.8887,-78.6393,38994,"Kreiger, Pacocha and Nader",12/11/2024
983,Aldon,Twaits,atwaitsra@hhs.gov,Male,1996,GMC,1500,Erie,Pennsylvania,16534,US,42.1827,-80.0649,40526,Kunde Inc,02/24/2022
984,Mario,Clemenzo,mclemenzorb@deviantart.com,Male,1996,Ford,F-Series,Seattle,Washington,98175,US,47.7161,-122.3004,88888,Bernier-Lindgren,09/23/2024
985,Teirtza,Tussaine,ttussainerc@telegraph.co.uk,Female,2002,Toyota,Celica,Washington,District of Columbia,20566,US,38.8971,-77.0554,35422,Towne LLC,01/31/2025
986,Mathian,Keymar,mkeymarrd@economist.com,Male,1993,Ford,F150,Miami,Florida,33175,US,25.7341,-80.4068,93230,Ledner-Prosacco,06/22/2022
987,Evaleen,Schoenrock,eschoenrockre@drupal.org,Female,1990,Mazda,626,Fresno,California,93762,US,36.7464,-119.6397,33978,Maggio Group,11/05/2022
988,Manolo,Raycroft,mraycroftrf@wikia.com,Bigender,1993,Suzuki,Samurai,Lincoln,Nebraska,68510,US,40.8063,-96.6545,38682,Little-Beahan,10/19/2025
989,Nonna,Bottomer,nbottomerrg@mozilla.org,Female,1994,Ford,Escort,Virginia Beach,Virginia,23454,US,36.8282,-76.0237,66777,Murphy-Rowe,08/21/2023
990,Ferris,Braganca,fbragancarh@nature.com,Male,1986,Pontiac,6000,Cumming,Georgia,30130,US,34.2216,-84.1537,64058,"Erdman, Hyatt and Fisher",11/10/2025
991,Karalynn,Gegay,kgegayri@google.com.br,Female,1999,Nissan,Pathfinder,San Francisco,California,94154,US,37.7848,-122.7278,59815,Stehr Group,08/30/2022
992,Bliss,Gilchriest,bgilchriestrj@princeton.edu,Female,2001,Chevrolet,Lumina,Anaheim,California,92825,US,33.8356,-117.9132,82590,Langosh LLC,06/27/2023
993,Rab,Fforde,rfforderk@yahoo.com,Male,1999,Dodge,Neon,Columbus,Ohio,43226,US,39.969,-83.0114,64237,Konopelski-Bauch,11/29/2024
994,Nick,Vigneron,nvigneronrl@blinklist.com,Male,1993,BMW,5 Series,Bridgeport,Connecticut,06606,US,41.2091,-73.2086,55656,Koelpin-Stracke,08/11/2022
995,Taber,Wilkerson,twilkersonrm@usa.gov,Male,2008,Ferrari,430 Scuderia,Phoenix,Arizona,85077,US,33.2765,-112.1872,67314,Haag-Rempel,11/18/2024
996,Henryetta,Stodd,hstoddrn@google.co.uk,Female,1996,Mazda,Protege,Tampa,Florida,33610,US,27.9951,-82.4046,52194,"Hoeger, Larson and Reichert",05/10/2023
997,Cherey,Smurfitt,csmurfittro@hhs.gov,Female,1994,Plymouth,Colt,Syracuse,New York,13205,US,43.0123,-76.1452,80720,Streich-Ullrich,09/12/2024
998,Freddie,Fawloe,ffawloerp@prweb.com,Female,2007,Dodge,Durango,Saint Paul,Minnesota,55123,US,44.806,-93.1409,44697,"Jaskolski, Gusikowski and Carroll",03/14/2022
999,Marge,Sprasen,msprasenrq@bizjournals.com,Female,2008,BMW,X3,Washington,District of Columbia,20299,US,38.8933,-77.0146,49566,Schumm Group,11/23/2022
1000,Porty,Alywen,palywenrr@comsenz.com,Male,2010,Jaguar,XF,Springfield,Massachusetts,01152,US,42.1707,-72.6048,68513,"Jerde, Macejkovic and Hagenes",02/15/2023
