id,firstName,lastName,email,gender,carYear,automobileMake,automobileModel,customerRegion,customerState,customerPostal,customerCountry_ISO2,customerRegionLatitude,ownerRegionLongitude,automobilePrice,customer,purchaseDate
1,Danell,Tuxwell,dtuxwell0@slideshare.net,Female,1998,Buick,LeSabre,Lexington,Kentucky,40591,US,38.0283,-84.4715,77899,"Konopelski, Konopelski and Romaguera",03/16/2024
2,Ginger,Maciejewski,gmaciejewski1@youku.com,Male,1992,Chevrolet,APV,Concord,California,94522,US,37.7772,-121.9554,75297,Blanda-VonRueden,05/27/2024
3,Kayne,Cestard,kcestard2@fc2.com,Male,2005,Mitsubishi,Lancer Evolution,Monticello,Minnesota,55565,US,45.2009,-93.8881,54156,Yundt Inc,02/09/2025
4,Letitia,Drysdall,ldrysdall3@a8.net,Genderqueer,1996,Dodge,Avenger,Pasadena,California,91199,US,34.1478,-118.1436,34576,Hirthe-Flatley,08/29/2022
5,Ariana,Rounds,arounds4@geocities.jp,Female,2000,Dodge,Viper,New York City,New York,10060,US,40.7808,-73.9772,62122,Weber-Cummings,03/10/2024
6,Alana,Lakeland,alakeland5@baidu.com,Female,1999,Toyota,Camry,Pocatello,Idaho,83206,US,42.6395,-112.3138,43751,Schowalter-Mohr,12/10/2022
7,Stanislaw,Mollison,smollison6@people.com.cn,Male,1996,Saab,900,Trenton,New Jersey,08695,US,40.2805,-74.712,75983,"Davis, Kautzer and Morar",04/23/2023
8,Nelson,Fritzer,nfritzer7@princeton.edu,Male,2000,Lexus,SC,Kansas City,Missouri,64187,US,39.035,-94.3567,61562,Grady Group,04/06/2023
9,Dean,Dealey,ddealey8@apple.com,Male,2008,Saturn,Sky,Madison,Wisconsin,53726,US,43.0696,-89.4239,58016,"Gibson, Weissnat and Keebler",02/11/2024
10,Hobart,Howieson,hhowieson9@irs.gov,Male,1994,Mercedes-Benz,C-Class,Washington,District of Columbia,20067,US,38.8933,-77.0146,35434,Hartmann-MacGyver,07/07/2025
11,Mora,Hassent,mhassenta@hc360.com,Female,2002,Volkswagen,rio,Augusta,Georgia,30911,US,33.386,-82.091,91226,McCullough-Bednar,11/18/2024
12,Juieta,O'Fearguise,jofearguiseb@mtv.com,Female,2007,Infiniti,M,Salt Lake City,Utah,84105,US,40.7372,-111.8581,49227,Reynolds LLC,08/19/2024
13,Binnie,Schuster,bschusterc@bigcartel.com,Non-binary,2011,Aston Martin,DB9,Mesa,Arizona,85205,US,33.4368,-111.7129,56449,Schamberger LLC,05/12/2025
14,Venita,Minshull,vminshulld@ebay.co.uk,Female,2012,Mazda,Mazda5,Melbourne,Florida,32919,US,28.3067,-80.6862,98189,"Steuber, Waters and Pacocha",05/01/2024
15,Eddi,Rassmann,erassmanne@engadget.com,Female,1994,Audi,riolet,Tulsa,Oklahoma,74126,US,36.2383,-95.9931,83566,"Douglas, Braun and Abshire",07/29/2022
16,Katee,Bolgar,kbolgarf@irs.gov,Agender,2005,Dodge,Grand Caravan,Salt Lake City,Utah,84130,US,40.6681,-111.9083,59406,Okuneva-Hilpert,12/18/2025
17,Damita,Pennycuick,dpennycuickg@noaa.gov,Genderqueer,2011,Volkswagen,Tiguan,Arlington,Virginia,22217,US,38.8808,-77.113,40151,"Skiles, Gutkowski and Greenholt",05/21/2025
18,Sarena,Hasell,shasellh@ask.com,Female,1992,GMC,1500,Omaha,Nebraska,68197,US,41.249,-96.0274,39680,Robel-Schmeler,02/05/2023
19,Tabbie,Stobbe,tstobbei@nba.com,Male,2011,Ferrari,458 Italia,Dallas,Texas,75246,US,32.7948,-96.7697,80452,Leffler-Klein,08/23/2022
20,Stillmann,Edmund,sedmundj@harvard.edu,Male,2008,MINI,Cooper Clubman,Newark,New Jersey,07104,US,40.7664,-74.1695,31456,Beahan Group,09/29/2025
21,Ber,Tax,btaxk@g.co,Male,2002,Volkswagen,Passat,Greenville,South Carolina,29615,US,34.8661,-82.3198,57150,Schuster Group,11/02/2022
22,Judy,Sleep,jsleepl@guardian.co.uk,Female,2013,Mazda,CX-5,Philadelphia,Pennsylvania,19160,US,40.0018,-75.1179,36040,"Hoeger, Hayes and Breitenberg",09/07/2022
23,Alie,Lester,alesterm@friendfeed.com,Genderqueer,2000,Mitsubishi,Challenger,Las Vegas,Nevada,89140,US,36.086,-115.1471,35938,Lebsack-Flatley,01/03/2024
24,Lorena,Branchflower,lbranchflowern@odnoklassniki.ru,Female,1999,Hyundai,Tiburon,Oklahoma City,Oklahoma,73179,US,35.4242,-97.6547,38761,Roob LLC,01/04/2024
25,Mandel,Capelle,mcapelleo@xing.com,Male,2008,GMC,Yukon XL 1500,Topeka,Kansas,66611,US,39.0142,-95.6982,53371,Nienow Group,03/03/2024
26,Delinda,Seagar,dseagarp@google.cn,Female,1992,Buick,Century,Kansas City,Missouri,64142,US,39.035,-94.3567,58984,"Hand, Hilpert and Kreiger",03/22/2022
27,Gleda,Ness,gnessq@a8.net,Female,2000,Isuzu,VehiCROSS,Tampa,Florida,33673,US,27.872,-82.4388,75309,"Zieme, Sawayn and Jakubowski",05/11/2025
28,Kari,Willmot,kwillmotr@nytimes.com,Female,1988,Ford,Festiva,Denver,Colorado,80279,US,39.7388,-104.4083,54114,Stiedemann LLC,01/15/2023
29,Verina,Messham,vmesshams@themeforest.net,Female,1997,Mazda,B-Series Plus,Lima,Ohio,45807,US,40.7955,-84.1383,89450,"Morar, Paucek and Huel",12/08/2025
30,Pincas,Barrand,pbarrandt@google.ca,Male,1992,Dodge,Spirit,Decatur,Georgia,30089,US,33.7749,-84.3046,49104,Deckow-Legros,06/23/2023
31,Armstrong,Wilde,awildeu@w3.org,Male,1998,Lincoln,Continental,Tampa,Florida,33625,US,28.0726,-82.559,51398,Hamill Group,06/12/2025
32,Aldus,Coit,acoitv@wikia.com,Male,1994,Mazda,B-Series,Lafayette,Louisiana,70505,US,30.2023,-92.0188,87942,Bogan Inc,02/11/2023
33,Nevsa,Dallison,ndallisonw@bandcamp.com,Bigender,1994,Infiniti,J,Honolulu,Hawaii,96820,US,21.351,-157.8795,33241,Hahn LLC,06/06/2024
34,Davey,Signore,dsignorex@ebay.com,Male,1966,Chevrolet,Corvette,Sarasota,Florida,34238,US,27.2427,-82.4751,46769,Conn-Kunze,09/25/2022
35,Damaris,McDonnell,dmcdonnelly@rediff.com,Female,1992,Mitsubishi,Pajero,Pueblo,Colorado,81010,US,38.1286,-104.5523,49100,Nikolaus-King,09/14/2022
36,Dorey,Pettingill,dpettingillz@mapy.cz,Female,2006,Chrysler,Town & Country,Oklahoma City,Oklahoma,73167,US,35.5514,-97.4075,63981,"Paucek, Sauer and Kuhic",11/30/2024
37,Sena,Nuemann,snuemann10@shinystat.com,Female,2009,Infiniti,M,Austin,Texas,78737,US,30.2107,-97.9427,62802,"Bins, Rau and Monahan",12/25/2023
38,Gustaf,Giffon,ggiffon11@usgs.gov,Male,1992,Dodge,Stealth,Peoria,Illinois,61635,US,40.7442,-89.7184,71415,McClure-Effertz,02/02/2024
39,Lorry,Swainson,lswainson12@skype.com,Male,1985,Mercedes-Benz,W201,Trenton,New Jersey,08695,US,40.2805,-74.712,92986,"Lockman, Kuhic and Hane",11/17/2022
40,Thaddeus,Tarbatt,ttarbatt13@va.gov,Male,2002,Toyota,Solara,Harrisburg,Pennsylvania,17105,US,40.2785,-76.8752,81254,"Bartoletti, Bahringer and Bartoletti",01/14/2024
41,Dodi,Cheyne,dcheyne14@cbslocal.com,Female,2002,Mitsubishi,Mirage,Las Vegas,Nevada,89125,US,36.2235,-115.2655,34925,"Kunze, Bruen and Hodkiewicz",11/11/2023
42,Leelah,Klaaasen,lklaaasen15@wsj.com,Female,1999,Mercury,Grand Marquis,Philadelphia,Pennsylvania,19120,US,40.0343,-75.1213,83252,"Langworth, Bashirian and Altenwerth",11/28/2025
43,Dolorita,De Winton,ddewinton16@cnn.com,Female,2003,Chevrolet,S10,Fort Worth,Texas,76134,US,32.6469,-97.3325,37162,"Legros, Smitham and Dicki",08/12/2023
44,Sybilla,Roizn,sroizn17@google.es,Female,2012,Infiniti,IPL G,Houston,Texas,77218,US,29.834,-95.4342,62718,Keeling and Sons,03/19/2022
45,Clarissa,Weitzel,cweitzel18@ucsd.edu,Female,2009,Volvo,S60,Hampton,Virginia,23663,US,37.0318,-76.3199,71310,Ryan Inc,03/19/2022
46,Murdoch,Gentry,mgentry19@google.com.hk,Male,2008,Land Rover,LR3,Huntsville,Alabama,35895,US,34.734,-86.5229,75517,Koelpin-Harvey,12/09/2024
47,Florie,Kirkman,fkirkman1a@alibaba.com,Female,2010,Audi,Q5,Alhambra,California,91841,US,33.7866,-118.2987,47674,Buckridge Group,08/09/2024
48,Cicely,Dorward,cdorward1b@smh.com.au,Female,2012,BMW,X5 M,Rochester,New York,14604,US,43.1577,-77.608,95303,"Steuber, Toy and Tillman",12/20/2022
49,Neddy,Arends,narends1c@pinterest.com,Male,2009,Ford,Taurus X,Sacramento,California,94245,US,38.3774,-121.4444,31021,Green Group,05/21/2023
50,Ursulina,Ayrs,uayrs1d@goo.ne.jp,Non-binary,2009,Hummer,H3,Palm Bay,Florida,32909,US,27.9694,-80.6473,58439,"Graham, Bartoletti and Dickens",07/25/2025
51,Derby,Boniface,dboniface1e@issuu.com,Male,2010,Cadillac,Escalade,Chicago,Illinois,60641,US,41.9453,-87.7474,83020,"Gerhold, Rath and Baumbach",12/24/2025
52,Agna,Barrott,abarrott1f@senate.gov,Female,1998,Dodge,Ram 2500 Club,Tampa,Florida,33686,US,27.872,-82.4388,49458,"Olson, Emmerich and O'Connell",01/28/2025
53,Tallou,Fogden,tfogden1g@tumblr.com,Female,2008,Hyundai,Entourage,Austin,Texas,78715,US,30.4501,-97.4865,71858,"Hirthe, Christiansen and Waters",08/23/2024
54,Ronnie,Yves,ryves1h@over-blog.com,Female,2007,Mazda,MX-5,El Paso,Texas,88569,US,31.6948,-106.3,59862,"Brown, Lehner and Schmeler",02/02/2022
55,Alexi,Theodore,atheodore1i@studiopress.com,Female,2008,Suzuki,Reno,New Haven,Connecticut,06510,US,41.3087,-72.9271,76725,Homenick-Schiller,04/03/2022
56,Wesley,Cansdale,wcansdale1j@51.la,Male,1988,Ford,Laser,Salem,Oregon,97312,US,44.9364,-123.0381,83419,"Franecki, Murazik and Walker",06/29/2022
57,Jourdain,Bagshawe,jbagshawe1k@4shared.com,Male,2002,GMC,Safari,Austin,Texas,78759,US,30.4036,-97.7526,98662,Gorczany-Kozey,12/10/2022
58,Vail,Masserel,vmasserel1l@infoseek.co.jp,Agender,1997,Acura,TL,Cleveland,Ohio,44185,US,41.6857,-81.6728,47003,Marks-Pacocha,05/30/2023
59,Lynsey,Danahar,ldanahar1m@nature.com,Female,2003,BMW,5 Series,Jacksonville,Florida,32215,US,30.2407,-81.893,95618,Steuber Inc,10/30/2022
60,Rowland,Christin,rchristin1n@mlb.com,Male,2006,Toyota,RAV4,Washington,District of Columbia,20226,US,38.8933,-77.0146,96776,Cronin Inc,08/18/2025
61,Fredrika,Di Dello,fdidello1o@unesco.org,Female,1999,Nissan,Altima,El Paso,Texas,79977,US,31.6948,-106.3,69877,"Keebler, Moen and Cruickshank",01/25/2023
62,Jeremias,Valett,jvalett1p@domainmarket.com,Male,2007,Honda,Civic,Fullerton,California,92640,US,33.7862,-117.9309,67545,"Pfeffer, Cummerata and Jacobi",04/11/2025
63,Torrey,Crockley,tcrockley1q@un.org,Male,2009,Land Rover,LR3,Dallas,Texas,75216,US,32.7086,-96.7955,62851,Weimann LLC,06/21/2022
64,Dayle,O' Mulderrig,domulderrig1r@wufoo.com,Female,1998,Dodge,Caravan,Houston,Texas,77260,US,29.7687,-95.3867,56073,Douglas-Klocko,04/07/2023
65,Tomlin,Kildahl,tkildahl1s@msu.edu,Male,2002,Chevrolet,Suburban 1500,Northridge,California,91328,US,33.7866,-118.2987,41722,Effertz-Glover,05/01/2023
66,Deane,Cramb,dcramb1t@reuters.com,Female,2005,Kia,Sedona,Phoenix,Arizona,85083,US,33.7352,-112.1294,81253,"Kuhlman, Ernser and Hettinger",12/14/2025
67,Gonzalo,Ivashnikov,givashnikov1u@drupal.org,Male,1999,Chevrolet,Tahoe,Phoenix,Arizona,85035,US,33.4724,-112.1832,37056,"Boyle, Torp and Ritchie",03/18/2025
68,Putnem,Horsley,phorsley1v@geocities.jp,Male,1995,Jeep,Grand Cherokee,New Orleans,Louisiana,70165,US,30.033,-89.8826,57034,Mayer and Sons,05/25/2025
69,Devon,Ottee,dottee1w@vkontakte.ru,Female,1985,Ford,Tempo,Los Angeles,California,90065,US,34.1073,-118.2266,95212,Raynor-Weber,01/24/2025
70,Ronnica,Haysey,rhaysey1x@answers.com,Female,2004,Jaguar,XK Series,Lincoln,Nebraska,68583,US,40.7845,-96.6888,55677,Lebsack and Sons,11/29/2022
71,Teressa,Goracci,tgoracci1y@photobucket.com,Female,2004,BMW,X5,Charlottesville,Virginia,22903,US,38.0339,-78.4924,30686,Greenfelder-Frami,08/01/2022
72,Chuck,Lory,clory1z@meetup.com,Male,1992,Oldsmobile,Silhouette,Kansas City,Missouri,64179,US,39.035,-94.3567,53907,Jerde-Veum,06/20/2022
73,Keslie,Biddles,kbiddles20@themeforest.net,Female,2001,Infiniti,Q,Washington,District of Columbia,20370,US,38.8933,-77.0146,51811,Kohler Inc,10/02/2024
74,Kathryn,Kleingrub,kkleingrub21@techcrunch.com,Female,2010,Lamborghini,Murciélago,San Antonio,Texas,78220,US,29.4106,-98.4128,97707,Emard-Nitzsche,04/20/2023
75,Devin,Ferrillio,dferrillio22@google.es,Male,2003,Dodge,Ram,Irvine,California,92717,US,33.6462,-117.8398,96407,Dicki Inc,03/31/2023
76,Jemima,McGreay,jmcgreay23@mlb.com,Female,1991,Mazda,RX-7,North Hollywood,California,91616,US,33.7866,-118.2987,88925,"Skiles, Schowalter and Walter",06/07/2022
77,Karoly,Hevey,khevey24@ifeng.com,Male,2004,Nissan,Sentra,South Bend,Indiana,46614,US,41.6255,-86.2433,56416,Bruen Group,10/20/2025
78,Johnathan,Blacker,jblacker25@sphinn.com,Genderfluid,2011,Jeep,Patriot,Pittsburgh,Pennsylvania,15240,US,40.4344,-80.0248,56131,"Kunde, Hegmann and Runte",10/29/2025
79,Andree,Gounot,agounot26@eventbrite.com,Female,2007,Isuzu,Ascender,Detroit,Michigan,48267,US,42.2399,-83.1508,79008,"Bergstrom, Kuphal and Emmerich",11/16/2025
80,Cacilie,Scriven,cscriven27@tripadvisor.com,Non-binary,2012,Cadillac,CTS,Pasadena,California,91109,US,33.7866,-118.2987,44417,Ruecker LLC,05/08/2024
81,Chick,Rowswell,crowswell28@yellowpages.com,Male,2004,Chevrolet,SSR,Lake Worth,Florida,33467,US,26.6104,-80.1683,54996,"Medhurst, Farrell and Prohaska",06/06/2022
82,Michal,Stapells,mstapells29@china.com.cn,Female,2001,Toyota,Corolla,Elizabeth,New Jersey,07208,US,40.6747,-74.2239,66524,"Boyle, Price and Dach",05/02/2024
83,Robinet,Dugmore,rdugmore2a@archive.org,Male,1985,Suzuki,Cultus,Cleveland,Ohio,44105,US,41.4509,-81.619,61317,"Runolfsson, Graham and Bode",03/18/2022
84,Fania,Orneblow,forneblow2b@google.it,Female,1991,Ford,LTD Crown Victoria,Modesto,California,95397,US,37.6566,-121.0191,76389,"Morar, Franecki and Bauch",02/26/2024
85,Beniamino,Pargetter,bpargetter2c@angelfire.com,Male,1995,Jeep,Cherokee,Atlanta,Georgia,30343,US,33.8444,-84.474,32965,"Kemmer, Koepp and Corkery",09/07/2023
86,Barthel,Oger,boger2d@nbcnews.com,Male,1993,Toyota,Previa,Fort Wayne,Indiana,46857,US,41.0938,-85.0707,89227,Heathcote Group,10/11/2023
87,Floyd,Hardan,fhardan2e@youku.com,Genderfluid,1999,Mercury,Mystique,New York City,New York,10029,US,40.7918,-73.9448,35251,Grady and Sons,09/04/2025
88,Albrecht,Slayford,aslayford2f@china.com.cn,Male,2001,Mazda,Tribute,Milwaukee,Wisconsin,53234,US,43.0174,-87.5697,83648,Miller-Shanahan,12/08/2024
89,Willey,Mulleary,wmulleary2g@de.vu,Male,1990,Mazda,626,Seattle,Washington,98185,US,47.4323,-121.8034,52469,Yost-McKenzie,06/24/2023
90,Linus,Panketh,lpanketh2h@wiley.com,Male,2009,Chevrolet,Aveo,Myrtle Beach,South Carolina,29579,US,33.7377,-78.9787,53196,Jones and Sons,01/03/2026
91,Francois,Hubbard,fhubbard2i@studiopress.com,Male,1992,Chevrolet,Suburban 1500,Charleston,West Virginia,25321,US,38.2968,-81.5547,84502,"Kuvalis, Lueilwitz and Nader",08/13/2024
92,Thaine,Futter,tfutter2j@wufoo.com,Male,1989,Porsche,928,Arlington,Virginia,22244,US,38.8545,-77.052,62841,Jaskolski-Hammes,07/21/2024
93,Phillip,Barns,pbarns2k@ehow.com,Male,2004,BMW,6 Series,Tampa,Florida,33610,US,27.9951,-82.4046,44736,Hettinger and Sons,10/15/2025
94,Serge,Key,skey2l@prweb.com,Male,2011,Audi,R8,Augusta,Georgia,30905,US,33.413,-82.1337,70806,Dach LLC,11/12/2025
95,Janine,Prate,jprate2m@pcworld.com,Non-binary,2001,Chrysler,LHS,Chicago,Illinois,60663,US,41.8119,-87.6873,48769,Heller and Sons,12/22/2024
96,Alfi,Alsford,aalsford2n@fc2.com,Female,1997,Chevrolet,Camaro,Philadelphia,Pennsylvania,19120,US,40.0343,-75.1213,41621,"Runte, Marks and Lindgren",01/04/2023
97,Vita,Slany,vslany2o@google.co.jp,Female,1998,Dodge,Durango,Arlington,Virginia,22217,US,38.8808,-77.113,66837,Fahey LLC,03/23/2024
98,Law,Crystal,lcrystal2p@bloglines.com,Male,2013,GMC,Yukon XL 2500,Merrifield,Virginia,22119,US,38.8318,-77.2888,63519,"Johnston, Robel and Emmerich",10/27/2023
99,Amye,Attkins,aattkins2q@reuters.com,Female,2004,Mitsubishi,Galant,Ocala,Florida,34474,US,29.1565,-82.2095,48678,Daugherty Inc,01/25/2026
100,Aaren,Casillas,acasillas2r@hc360.com,Female,1994,Jaguar,XJ Series,Hartford,Connecticut,06105,US,41.7691,-72.701,99152,"Wolf, Crona and Volkman",11/18/2025
101,Conway,Farryann,cfarryann2s@flavors.me,Male,1988,Ford,Aerostar,York,Pennsylvania,17405,US,40.0086,-76.5972,93076,Satterfield-Monahan,09/05/2023
102,Teresa,Wainer,twainer2t@hubpages.com,Female,2009,Mercury,Mariner,Fort Lauderdale,Florida,33345,US,26.1654,-80.2959,42450,"Roob, Waelchi and Daugherty",01/05/2023
103,Cornela,Sygrove,csygrove2u@networksolutions.com,Female,1998,Acura,NSX,North Hollywood,California,91606,US,34.1872,-118.3865,43880,Hane Group,03/22/2022
104,Emmalynn,Twigge,etwigge2v@hud.gov,Female,1994,Porsche,911,Bethesda,Maryland,20892,US,39.0024,-77.1034,38405,Keebler and Sons,07/26/2022
105,Estella,Shepstone,eshepstone2w@gravatar.com,Female,2005,Chevrolet,Express 3500,Sacramento,California,94286,US,38.3774,-121.4444,94130,Gorczany-Altenwerth,08/16/2022
106,Sargent,Lindell,slindell2x@hibu.com,Male,2008,Jeep,Grand Cherokee,Worcester,Massachusetts,01605,US,42.2894,-71.7888,63530,"Strosin, Gerlach and Predovic",06/19/2025
107,Gottfried,Avramovsky,gavramovsky2y@nasa.gov,Male,1984,Maserati,Biturbo,Detroit,Michigan,48232,US,42.2399,-83.1508,35098,"Moore, Stark and Pfeffer",04/20/2023
108,Cordie,Ponnsett,cponnsett2z@nps.gov,Female,1994,Buick,Coachbuilder,Brooklyn,New York,11231,US,40.6794,-74.0014,94416,Bechtelar-Bruen,04/20/2022
109,Pyotr,McMonies,pmcmonies30@ox.ac.uk,Male,1994,Ford,F250,Indianapolis,Indiana,46221,US,39.7509,-86.1924,72345,Blanda-Little,10/17/2024
110,Dur,Macklin,dmacklin31@hc360.com,Male,1991,Buick,LeSabre,Chandler,Arizona,85246,US,33.2765,-112.1872,48391,"Hudson, Gerlach and Mann",10/13/2024
111,Pepita,Baake,pbaake32@reuters.com,Female,2012,Bentley,Continental GTC,Irving,Texas,75062,US,32.8479,-96.974,50339,Fisher LLC,01/16/2026
112,Aron,Hardy-Piggin,ahardypiggin33@phoca.cz,Male,2010,Kia,Optima,Boston,Massachusetts,02208,US,42.3389,-70.9196,68978,Cole and Sons,12/15/2024
113,Gabriel,De Francisci,gdefrancisci34@lycos.com,Male,2000,Lexus,LS,Tulsa,Oklahoma,74116,US,36.175,-95.8477,43021,Schaden-Jakubowski,06/05/2022
114,Gleda,Bedborough,gbedborough35@csmonitor.com,Female,2005,Chevrolet,SSR,Biloxi,Mississippi,39534,US,30.4067,-88.9211,83659,Murazik-Roob,11/05/2022
115,Tandy,MacGrath,tmacgrath36@istockphoto.com,Female,2006,Subaru,Impreza,Los Angeles,California,90055,US,33.7866,-118.2987,62702,Raynor-Sawayn,01/11/2024
116,Rianon,Procter,rprocter37@newsvine.com,Female,2003,Hyundai,Accent,Memphis,Tennessee,38197,US,35.2017,-89.9715,77959,Kling-Ritchie,06/08/2022
117,Alexia,Firbanks,afirbanks38@sohu.com,Female,1988,Honda,Civic,Portland,Oregon,97296,US,45.5806,-122.3748,81402,Keeling-Towne,12/26/2023
118,Bel,Waything,bwaything39@businesswire.com,Female,1989,Ford,Bronco,New York City,New York,10024,US,40.7864,-73.9764,49985,McDermott-Morar,08/26/2023
119,Rupert,Jesty,rjesty3a@bbb.org,Male,2004,Toyota,Celica,Tacoma,Washington,98424,US,47.2325,-122.3594,70599,Murphy-Hilpert,10/06/2022
120,Paulita,Crysell,pcrysell3b@github.com,Female,1998,Honda,Prelude,Saint Cloud,Minnesota,56372,US,45.5289,-94.5933,42081,Rau Inc,06/15/2024
121,Fairfax,Chapell,fchapell3c@tinypic.com,Male,1984,Ford,LTD,Grand Rapids,Michigan,49544,US,43.0073,-85.7255,30788,O'Hara-Hartmann,08/10/2023
122,Bat,Oppery,boppery3d@hud.gov,Male,2005,Bentley,Arnage,Baltimore,Maryland,21275,US,39.2847,-76.6205,50905,"Kulas, Lueilwitz and Jenkins",12/06/2023
123,Anselm,Grimsley,agrimsley3e@ox.ac.uk,Male,1995,Volkswagen,Golf,Atlanta,Georgia,30336,US,33.7406,-84.5545,58797,Heller-O'Reilly,04/05/2022
124,Jerrine,Gilbane,jgilbane3f@ifeng.com,Female,1998,Saab,900,Eugene,Oregon,97405,US,44.0185,-123.0998,35971,Herzog-Franecki,04/27/2022
125,Ursala,Shory,ushory3g@tuttocitta.it,Bigender,1997,Lincoln,Continental,Lakeland,Florida,33811,US,27.9865,-82.0139,49547,Torphy-Kerluke,09/30/2025
126,Isabelita,Novill,inovill3h@flavors.me,Female,1995,GMC,Yukon,Rochester,New York,14624,US,43.1216,-77.7311,48264,"Mohr, Schimmel and Sporer",05/21/2024
127,Jordana,Antoniottii,jantoniottii3i@lycos.com,Female,1997,Chrysler,LHS,Shreveport,Louisiana,71166,US,32.6076,-93.7526,57994,Abshire-Willms,04/29/2023
128,Zulema,Benz,zbenz3j@qq.com,Female,2008,Bentley,Azure,Staten Island,New York,10310,US,40.6324,-74.1172,73664,Rogahn Group,07/05/2022
129,Inessa,Skews,iskews3k@spiegel.de,Non-binary,2004,Hyundai,Tiburon,Champaign,Illinois,61825,US,40.1399,-88.1961,62411,Maggio and Sons,10/11/2024
130,Inesita,Birney,ibirney3l@tmall.com,Female,1996,Chevrolet,S10,Champaign,Illinois,61825,US,40.1399,-88.1961,72385,Koss Group,10/06/2023
131,Frederich,Twiddell,ftwiddell3m@e-recht24.de,Male,2003,Infiniti,M,Alexandria,Virginia,22309,US,38.7192,-77.1073,31764,"Hintz, Roberts and Marquardt",06/12/2024
132,Leanor,Eyckelbeck,leyckelbeck3n@foxnews.com,Female,2003,Ford,Expedition,Bloomington,Illinois,61709,US,40.4614,-88.953,95372,Schimmel-Ledner,10/07/2025
133,Lowell,Schaumann,lschaumann3o@java.com,Male,1986,Ford,EXP,Phoenix,Arizona,85099,US,33.2765,-112.1872,84746,Wuckert Group,04/09/2022
134,Ricoriki,Scarce,rscarce3p@theglobeandmail.com,Male,1996,Toyota,Tacoma Xtra,Oklahoma City,Oklahoma,73179,US,35.4242,-97.6547,46939,Donnelly LLC,10/02/2023
135,Dayna,Hoffmann,dhoffmann3q@tmall.com,Female,1999,GMC,Savana 3500,Springfield,Missouri,65810,US,37.1136,-93.2896,58526,Bauch-Harvey,11/03/2024
136,Dag,Doers,ddoers3r@theguardian.com,Male,2011,Mazda,Tribute,New York City,New York,10060,US,40.7808,-73.9772,64015,Brekke-Lakin,05/03/2022
137,Vinni,Ziehms,vziehms3s@google.de,Female,2000,Chrysler,LHS,Amarillo,Texas,79176,US,35.1885,-101.8165,74738,Maggio-Rippin,08/30/2024
138,Dalila,Kollas,dkollas3t@1und1.de,Female,1996,Lincoln,Continental,Des Moines,Iowa,50369,US,41.6727,-93.5722,48453,Ritchie-Hayes,08/08/2022
139,Kirsti,Cowlin,kcowlin3u@amazon.co.uk,Non-binary,1997,Mercedes-Benz,E-Class,Atlanta,Georgia,30368,US,33.8444,-84.474,33723,Renner Inc,07/29/2022
140,Sandi,Birchett,sbirchett3v@biblegateway.com,Female,2012,Dodge,Journey,Chattanooga,Tennessee,37450,US,35.2211,-85.2091,91209,Schaefer Group,06/22/2023
141,August,Newcom,anewcom3w@cpanel.net,Male,1993,GMC,2500 Club Coupe,Wichita,Kansas,67236,US,37.5422,-97.2871,94992,Hintz LLC,07/26/2024
142,Nara,Lemonby,nlemonby3x@abc.net.au,Non-binary,1989,Subaru,Justy,Washington,District of Columbia,20231,US,38.8933,-77.0146,54287,Ondricka-Erdman,11/20/2022
143,Kelwin,Santora,ksantora3y@businesswire.com,Male,2012,Nissan,GT-R,Ocala,Florida,34479,US,29.2541,-82.1095,51516,Braun and Sons,09/04/2023
144,Edy,Pidgeley,epidgeley3z@purevolume.com,Bigender,2001,Chevrolet,Venture,Atlanta,Georgia,30351,US,33.8444,-84.474,76242,"Johns, Dietrich and Bartell",11/10/2022
145,Val,Alforde,valforde40@topsy.com,Male,2002,Chrysler,Concorde,Memphis,Tennessee,38114,US,35.0981,-89.9825,42389,"Wehner, Cole and Boehm",07/04/2025
146,Ferris,Harring,fharring41@pinterest.com,Male,1985,Audi,4000s,Houston,Texas,77245,US,29.834,-95.4342,71999,Miller Group,06/26/2022
147,Nikolos,Tchaikovsky,ntchaikovsky42@washingtonpost.com,Male,2000,Mercedes-Benz,CL-Class,Saint Louis,Missouri,63136,US,38.7196,-90.27,93117,"Brakus, Beer and Kunde",02/09/2024
148,Vanna,Wiggins,vwiggins43@newyorker.com,Female,1997,Kia,Sportage,Atlanta,Georgia,31196,US,33.8444,-84.474,86575,"Abernathy, Cummings and Hansen",08/15/2023
149,Torin,Skypp,tskypp44@bigcartel.com,Male,2004,Maybach,62,Columbia,South Carolina,29215,US,34.006,-80.9708,90953,Roberts-Lebsack,04/04/2022
150,Tanitansy,Lodeke,tlodeke45@va.gov,Female,2008,Toyota,Land Cruiser,Houston,Texas,77050,US,29.9015,-95.2848,92453,"Zemlak, Murphy and Heller",05/13/2025
151,Rickey,Collington,rcollington46@cocolog-nifty.com,Male,2003,Toyota,Camry,Galveston,Texas,77554,US,29.2243,-94.9637,59254,Heaney-Bechtelar,11/04/2023
152,Monroe,Sawney,msawney47@booking.com,Male,2000,Nissan,Frontier,Louisville,Kentucky,40220,US,38.2149,-85.6245,88831,Stoltenberg-Beier,01/30/2022
153,Homer,Humbee,hhumbee48@wiley.com,Male,2008,Cadillac,STS-V,Atlanta,Georgia,31106,US,33.8444,-84.474,60796,Price Group,01/05/2024
154,Janith,Pedro,jpedro49@cbsnews.com,Female,2007,BMW,X5,Portland,Oregon,97221,US,45.4918,-122.7267,75537,Kris-Greenholt,11/13/2024
155,Terra,Bourtoumieux,tbourtoumieux4a@vistaprint.com,Female,2009,Volkswagen,R32,Tacoma,Washington,98411,US,47.0662,-122.1132,63438,Breitenberg-Marquardt,05/17/2022
156,Matthus,Studdal,mstuddal4b@omniture.com,Male,1996,Mercury,Villager,Oakland,California,94611,US,37.8471,-122.2223,49789,Stamm-Renner,02/15/2023
157,Cecile,Small,csmall4c@shutterfly.com,Female,1966,Pontiac,Grand Prix,Oakland,California,94660,US,37.6802,-121.9215,60005,Kuphal-Mraz,01/19/2024
158,Debra,Lulham,dlulham4d@merriam-webster.com,Genderfluid,2008,GMC,Acadia,Staten Island,New York,10305,US,40.5973,-74.0768,85439,Rodriguez-Wilkinson,02/05/2025
159,Zacharia,Genty,zgenty4e@csmonitor.com,Male,2008,Saab,9-3,Toledo,Ohio,43666,US,41.6782,-83.4972,65853,Watsica-Greenholt,02/03/2022
160,Dorie,Faux,dfaux4f@shinystat.com,Female,2009,Chevrolet,Silverado 3500,Wilmington,Delaware,19892,US,39.5645,-75.597,95417,White-Kreiger,03/05/2023
161,Quillan,Espinha,qespinha4g@skype.com,Male,2006,Ford,Mustang,Newport Beach,California,92662,US,33.6062,-117.8931,89515,Mitchell and Sons,03/20/2024
162,Brittni,Spacie,bspacie4h@alexa.com,Female,2003,Chevrolet,Express 3500,Springfield,Missouri,65805,US,37.2581,-93.3437,31051,Donnelly Group,05/20/2022
163,Daffie,Marcone,dmarcone4i@illinois.edu,Female,1989,Mercedes-Benz,E-Class,Marietta,Georgia,30066,US,34.0378,-84.5038,44306,West-Gottlieb,12/06/2022
164,Hernando,Simondson,hsimondson4j@admin.ch,Male,1995,Volkswagen,GTI,Peoria,Illinois,61629,US,40.692,-89.5887,38978,Howell-Gottlieb,03/21/2025
165,Patrica,Tiddy,ptiddy4k@theatlantic.com,Female,1993,Suzuki,Sidekick,Columbus,Ohio,43268,US,39.969,-83.0114,50966,Douglas-Walter,04/18/2024
166,Lynnet,Vince,lvince4l@hao123.com,Female,2002,Mercury,Grand Marquis,Austin,Texas,78710,US,30.352,-97.7151,40535,Graham-Sipes,04/25/2022
167,Moina,Stott,mstott4m@people.com.cn,Female,2000,Mazda,Millenia,New York City,New York,10099,US,40.7808,-73.9772,52452,Spencer LLC,08/19/2022
168,Donavon,Yaneev,dyaneev4n@geocities.jp,Male,1993,Oldsmobile,Achieva,Dallas,Texas,75342,US,32.7673,-96.7776,31644,Walker-Thiel,12/04/2023
169,Malina,Dutnell,mdutnell4o@mysql.com,Female,2011,Toyota,Sequoia,Fresno,California,93704,US,36.7991,-119.8016,70891,Hartmann-Stroman,04/20/2023
170,Sunny,Kubec,skubec4p@wufoo.com,Female,1999,Isuzu,Trooper,Lincoln,Nebraska,68524,US,40.8529,-96.7943,91084,Wolff-Streich,02/29/2024
171,Jillayne,Worsham,jworsham4q@fotki.com,Female,1992,Oldsmobile,88,Cleveland,Ohio,44111,US,41.4571,-81.7844,31722,"Schmidt, Schmeler and Mohr",04/01/2023
172,Danit,Puddephatt,dpuddephatt4r@bloglovin.com,Female,2012,Audi,A7,Milwaukee,Wisconsin,53215,US,43.006,-87.9429,40890,Treutel-Rolfson,01/30/2022
173,Michel,Oxley,moxley4s@home.pl,Male,1985,Toyota,MR2,Portland,Oregon,97211,US,45.5653,-122.6448,53495,"Ondricka, Bruen and Herman",07/11/2022
174,Terri,Lemary,tlemary4t@webnode.com,Non-binary,2004,Audi,Allroad,Phoenix,Arizona,85053,US,33.6299,-112.1316,52415,"Jaskolski, Howe and Boyer",02/01/2024
175,Sasha,Linnemann,slinnemann4u@phpbb.com,Male,1997,Eagle,Talon,Charlotte,North Carolina,28242,US,35.26,-80.8042,37453,Spinka and Sons,07/19/2024
176,Farlay,Yakobowitch,fyakobowitch4v@acquirethisname.com,Male,1995,Dodge,Neon,Birmingham,Alabama,35244,US,33.3538,-86.8254,30224,"Oberbrunner, Torphy and Heller",12/23/2023
177,Elden,Mathieson,emathieson4w@posterous.com,Male,1963,Chevrolet,Corvette,Mesa,Arizona,85205,US,33.4368,-111.7129,47236,Hodkiewicz and Sons,02/27/2022
178,Livia,Kiezler,lkiezler4x@ifeng.com,Female,2001,Dodge,Ram Van 2500,Baltimore,Maryland,21239,US,39.361,-76.5891,41338,Strosin Group,09/15/2025
179,Baron,Barrowcliff,bbarrowcliff4y@meetup.com,Male,2012,Jeep,Compass,Las Vegas,Nevada,89135,US,36.1378,-115.3261,50013,Blanda-Gerlach,05/21/2024
180,Cliff,Scandwright,cscandwright4z@ucsd.edu,Male,1986,Mercedes-Benz,SL-Class,Shawnee Mission,Kansas,66215,US,38.949,-94.7405,40168,Herzog-Buckridge,03/26/2022
181,Karel,Halleybone,khalleybone50@dion.ne.jp,Female,1988,Mitsubishi,Excel,Salt Lake City,Utah,84115,US,40.7145,-111.8931,51106,Reilly-Ledner,09/24/2023
182,Sauveur,Faircley,sfaircley51@usda.gov,Male,1996,Nissan,Sentra,Fresno,California,93762,US,36.7464,-119.6397,52424,Effertz-Klein,08/29/2023
183,Dwain,Langeren,dlangeren52@acquirethisname.com,Male,2000,Mitsubishi,Mirage,Seattle,Washington,98158,US,47.4497,-122.3076,56802,Murray Inc,08/10/2022
184,Manya,Grahlman,mgrahlman53@wordpress.org,Female,2000,Lincoln,Navigator,Phoenix,Arizona,85099,US,33.2765,-112.1872,63488,Gerhold LLC,02/14/2023
185,Pearla,Chancelier,pchancelier54@spiegel.de,Female,2003,Honda,CR-V,Lexington,Kentucky,40510,US,38.0702,-84.591,30346,Daniel and Sons,07/15/2025
186,Kerwin,Cowland,kcowland55@examiner.com,Male,2000,Mercedes-Benz,CLK-Class,Virginia Beach,Virginia,23464,US,36.7978,-76.1759,76479,"Goodwin, Feest and Keebler",03/26/2023
187,Tobiah,Healing,thealing56@parallels.com,Male,2012,Audi,S4,Birmingham,Alabama,35242,US,33.3813,-86.7046,62217,Veum-Torphy,08/01/2022
188,Davy,Brophy,dbrophy57@vk.com,Male,1997,Ford,Aspire,Portsmouth,New Hampshire,03804,US,43.0059,-71.0132,94937,"Hermiston, Lubowitz and Jaskolski",05/26/2022
189,Fabe,McCuffie,fmccuffie58@fastcompany.com,Male,2007,Chevrolet,Silverado,Winston Salem,North Carolina,27150,US,36.0275,-80.2073,66603,Crona-Schmeler,01/29/2024
190,Nial,Calderonello,ncalderonello59@tinyurl.com,Male,1985,Volkswagen,Golf,Saint Louis,Missouri,63180,US,38.6531,-90.2435,98515,Willms Inc,08/30/2025
191,Karry,Buffham,kbuffham5a@creativecommons.org,Female,2010,Maybach,57,Birmingham,Alabama,35279,US,33.5446,-86.9292,62202,Runolfsson-Nolan,07/14/2022
192,Prentice,Springett,pspringett5b@technorati.com,Male,2004,Toyota,Tacoma Xtra,Long Beach,California,90840,US,33.7843,-118.1157,86533,White-Kuvalis,08/20/2023
193,Koo,Dreghorn,kdreghorn5c@sogou.com,Female,2007,Toyota,Tacoma,Milwaukee,Wisconsin,53210,US,43.0685,-87.9715,78511,"Kautzer, Spinka and O'Hara",07/07/2025
194,Giorgia,Pettigree,gpettigree5d@desdev.cn,Female,1974,Chevrolet,Camaro,Saint Louis,Missouri,63196,US,38.6531,-90.2435,46592,Nader-Lind,01/17/2024
195,Jess,Catteroll,jcatteroll5e@google.com,Female,2007,Chevrolet,Corvette,Phoenix,Arizona,85020,US,33.5623,-112.0559,87174,"Dicki, Kovacek and Daugherty",08/18/2024
196,Vivienne,Labone,vlabone5f@whitehouse.gov,Female,1985,Pontiac,Grand Prix,Austin,Texas,78749,US,30.2166,-97.8508,74145,Block LLC,04/01/2023
197,Lowell,Ipgrave,lipgrave5g@photobucket.com,Male,1985,Dodge,Caravan,Seattle,Washington,98148,US,47.4441,-122.3249,65298,Shanahan-Terry,09/08/2023
198,Adina,Thumann,athumann5h@loc.gov,Female,2005,Ford,F350,Springfield,Illinois,62756,US,39.7495,-89.606,41464,Hamill Inc,03/29/2022
199,Hillier,Schroter,hschroter5i@illinois.edu,Male,2000,Dodge,Dakota,San Jose,California,95155,US,37.31,-121.9011,47076,Kub-Quigley,07/09/2025
200,Baudoin,Burnitt,bburnitt5j@clickbank.net,Male,2011,Ford,Focus,Saint Louis,Missouri,63167,US,38.6383,-90.4271,36232,Schinner Group,07/27/2023
201,Kora,Demogeot,kdemogeot5k@hhs.gov,Female,1996,Dodge,Ram 1500 Club,Brooklyn,New York,11231,US,40.6794,-74.0014,99652,Cruickshank-Rice,07/04/2025
202,Fanny,Regenhardt,fregenhardt5l@merriam-webster.com,Female,1989,Mazda,B2600,Anchorage,Alaska,99517,US,61.1901,-149.9361,79104,"Cremin, Howe and Bogisich",10/11/2025
203,Frazier,Tollet,ftollet5m@upenn.edu,Male,1998,Porsche,Boxster,Denver,Colorado,80209,US,39.7074,-104.9686,60280,"Maggio, Torphy and Gutmann",09/20/2025
204,Ofilia,Tendahl,otendahl5n@cnet.com,Female,2010,Toyota,Tacoma,Jackson,Mississippi,39204,US,32.2832,-90.2306,84659,"Greenholt, Kreiger and Mueller",07/18/2022
205,Vite,Towne,vtowne5o@cocolog-nifty.com,Male,2001,Dodge,Stratus,Atlanta,Georgia,30386,US,33.8444,-84.474,98435,"VonRueden, Franecki and Dickinson",02/12/2024
206,Farley,Melanaphy,fmelanaphy5p@purevolume.com,Male,1993,Mercedes-Benz,500SEC,Providence,Rhode Island,02905,US,41.7845,-71.3959,31138,"Kuphal, Morissette and Daniel",03/15/2024
207,Filberte,Baudic,fbaudic5q@photobucket.com,Polygender,1992,Chevrolet,Camaro,Atlanta,Georgia,30340,US,33.8932,-84.2539,96977,Kuhlman-White,04/29/2022
208,Franz,Paz,fpaz5r@bizjournals.com,Male,2006,Pontiac,Grand Prix,Norcross,Georgia,30092,US,33.9677,-84.2438,97385,"Bayer, Keebler and Baumbach",12/01/2024
209,Eleonore,Hayfield,ehayfield5s@patch.com,Female,1988,Volkswagen,Jetta,Carson City,Nevada,89706,US,39.2025,-119.7526,97663,"Mills, Kshlerin and Dietrich",03/20/2025
210,Haydon,Grisewood,hgrisewood5t@statcounter.com,Male,2012,Lincoln,Navigator L,Dallas,Texas,75251,US,32.9189,-96.7751,66858,"Harber, Harber and Stark",02/12/2024
211,Shannah,Berger,sberger5u@studiopress.com,Female,2003,Mazda,Miata MX-5,Roanoke,Virginia,24040,US,37.2742,-79.9579,35759,Monahan-Heathcote,04/10/2023
212,Xylina,Rattry,xrattry5v@illinois.edu,Female,1998,Jaguar,XK Series,Dallas,Texas,75353,US,32.7673,-96.7776,33316,Zboncak LLC,04/09/2024
213,Dew,Wabe,dwabe5w@soundcloud.com,Male,2005,GMC,Savana 1500,Washington,District of Columbia,20244,US,38.8933,-77.0146,84289,Stamm Inc,10/09/2022
214,Ellene,Getsham,egetsham5x@businessweek.com,Female,2004,Toyota,Land Cruiser,Ocala,Florida,34474,US,29.1565,-82.2095,50006,DuBuque-O'Connell,10/12/2024
215,Culver,McPeck,cmcpeck5y@so-net.ne.jp,Male,2011,Acura,MDX,Washington,District of Columbia,20535,US,38.8941,-77.0251,72367,Rippin Group,12/22/2025
216,Anallese,Caisley,acaisley5z@furl.net,Female,2001,Lincoln,LS,Toledo,Ohio,43615,US,41.6492,-83.6706,62513,Mraz-Bechtelar,07/16/2022
217,Ethe,Castella,ecastella60@epa.gov,Male,1992,Pontiac,Grand Prix,Lexington,Kentucky,40596,US,38.0283,-84.4715,58728,"Price, Schultz and Herzog",04/01/2022
218,Jacquelin,Corneck,jcorneck61@ucla.edu,Female,1991,Pontiac,Sunbird,Asheville,North Carolina,28815,US,35.6203,-82.5286,37562,"Cummings, Rippin and Wiegand",05/16/2024
219,Gayle,Kenright,gkenright62@barnesandnoble.com,Male,1997,Isuzu,Oasis,Winter Haven,Florida,33884,US,27.981,-81.6736,90580,Spinka Inc,11/08/2022
220,Bunnie,Carman,bcarman63@wordpress.com,Female,2011,Chevrolet,Tahoe,Bradenton,Florida,34210,US,27.4544,-82.6358,42229,Feil Inc,07/29/2022
221,Jakie,Sloy,jsloy64@indiegogo.com,Male,1961,Chevrolet,Corvette,Roanoke,Virginia,24004,US,37.2742,-79.9579,43228,Cartwright-Dickens,02/27/2022
222,Gifford,Roscamp,groscamp65@phoca.cz,Male,1999,GMC,Safari,Houston,Texas,77276,US,29.7575,-95.3668,71640,Kirlin LLC,07/31/2023
223,Sandye,Lipmann,slipmann66@nytimes.com,Female,1999,Mitsubishi,Mirage,Houston,Texas,77090,US,30.0167,-95.447,81916,Nader-Weber,09/09/2025
224,Wilden,Housegoe,whousegoe67@wikipedia.org,Male,2005,Mitsubishi,Outlander,Erie,Pennsylvania,16550,US,42.1827,-80.0649,89391,Schuster-Krajcik,03/05/2022
225,Lucais,Snoxall,lsnoxall68@sciencedaily.com,Male,1992,Mercedes-Benz,600SEL,Cheyenne,Wyoming,82007,US,41.1084,-104.8107,67140,"Auer, Morissette and Deckow",07/02/2025
226,Gordon,Loweth,gloweth69@ucla.edu,Male,2011,Porsche,Cayenne,Huntington,West Virginia,25711,US,38.4134,-82.2774,37137,Kautzer-Kshlerin,05/17/2023
227,Bernardina,Quayle,bquayle6a@nsw.gov.au,Female,2001,Oldsmobile,Aurora,Washington,District of Columbia,20546,US,38.891,-77.0211,52408,Green LLC,02/15/2025
228,Gretta,Portlock,gportlock6b@dropbox.com,Female,2007,Mercury,Milan,Richmond,Virginia,23213,US,37.5593,-77.4471,32010,"Rice, Mayert and Jakubowski",08/29/2022
229,Yanaton,Castagne,ycastagne6c@infoseek.co.jp,Male,2002,Nissan,Altima,Washington,District of Columbia,20073,US,38.897,-77.0251,30430,"Kemmer, Hegmann and Daniel",10/17/2022
230,Isidoro,Marlor,imarlor6d@soundcloud.com,Male,1991,Subaru,Loyale,Denver,Colorado,80228,US,39.6888,-105.156,32967,"Gibson, Hettinger and Flatley",07/05/2025
231,Angie,Mace,amace6e@weibo.com,Male,1992,Oldsmobile,Custom Cruiser,Des Moines,Iowa,50305,US,41.6727,-93.5722,54483,Durgan-Herman,01/24/2023
232,Cyrillus,Christescu,cchristescu6f@ask.com,Male,2009,Hyundai,Entourage,Orlando,Florida,32885,US,28.5456,-81.3782,77758,Nader Inc,04/06/2023
233,Zonda,Mouth,zmouth6g@theguardian.com,Female,2009,Land Rover,LR3,Battle Creek,Michigan,49018,US,42.2464,-85.0045,83695,Cruickshank Inc,01/11/2025
234,Templeton,Mosedill,tmosedill6h@amazon.de,Male,2008,Subaru,Impreza,Decatur,Illinois,62525,US,39.854,-88.9815,57756,"Schmeler, Kuphal and Howell",07/07/2022
235,Alexandros,Goodbanne,agoodbanne6i@alibaba.com,Male,2001,Chevrolet,Silverado 2500,Round Rock,Texas,78682,US,30.6568,-97.6026,99992,"Breitenberg, Abshire and Connelly",05/26/2025
236,Zechariah,Votier,zvotier6j@mapquest.com,Male,1987,Porsche,928,Los Angeles,California,90020,US,34.0665,-118.3022,87436,Harber-Murray,09/22/2024
237,Anastasia,Oslar,aoslar6k@wired.com,Female,2003,Toyota,Avalon,Colorado Springs,Colorado,80925,US,38.7378,-104.6459,65765,"Roob, Beer and Kunde",01/19/2025
238,Paolo,Pengelly,ppengelly6l@privacy.gov.au,Male,2008,Cadillac,Escalade ESV,San Francisco,California,94116,US,37.7441,-122.4863,30098,Hoeger Group,10/28/2022
239,Susannah,Kingwell,skingwell6m@apache.org,Female,2009,Mercedes-Benz,CL65 AMG,Midland,Texas,79710,US,31.8693,-102.0317,76434,Zboncak Group,11/12/2024
240,Humbert,Trimbey,htrimbey6n@youtu.be,Male,1999,Toyota,Tacoma Xtra,Sioux City,Iowa,51110,US,42.4011,-96.372,80106,Reichel-Toy,08/10/2025
241,Madeleine,Thairs,mthairs6o@addthis.com,Female,1988,Volkswagen,Cabriolet,Los Angeles,California,90060,US,33.7866,-118.2987,79670,Kunde and Sons,04/02/2025
242,Ritchie,O' Timony,rotimony6p@google.co.jp,Male,2001,Plymouth,Neon,Indianapolis,Indiana,46254,US,39.849,-86.272,65846,"Green, Adams and Emard",02/19/2022
243,Janie,Stuchbury,jstuchbury6q@imdb.com,Female,2009,Mercury,Mariner,Knoxville,Tennessee,37995,US,35.9901,-83.9622,69303,"Wiegand, Green and Beier",12/17/2022
244,Georgina,Melross,gmelross6r@yahoo.co.jp,Female,1997,Lincoln,Mark VIII,Silver Spring,Maryland,20910,US,38.9982,-77.0338,92535,Cronin-Paucek,02/04/2023
245,Lanie,Founds,lfounds6s@virginia.edu,Male,1995,Mazda,Protege,Buffalo,New York,14210,US,42.8614,-78.8206,52135,Daugherty and Sons,08/12/2024
246,Lucy,Matias,lmatias6t@biglobe.ne.jp,Female,1986,Pontiac,Grand Am,Garland,Texas,75049,US,32.7673,-96.7776,64631,"Fritsch, Nicolas and Daugherty",03/26/2024
247,Therine,Lasty,tlasty6u@drupal.org,Female,2002,Audi,TT,San Antonio,Texas,78240,US,29.5189,-98.6006,69871,Kunde and Sons,04/15/2022
248,Devan,Rois,drois6v@cnn.com,Female,2001,Acura,TL,Sacramento,California,95828,US,38.4826,-121.4006,76092,"Halvorson, Schaden and Stokes",05/08/2025
249,Livia,Firmin,lfirmin6w@ucoz.com,Female,1992,Oldsmobile,Custom Cruiser,Roanoke,Virginia,24020,US,37.3589,-79.9448,52462,Koepp-Kub,09/21/2025
250,Tanney,Crinage,tcrinage6x@ucoz.com,Male,2007,GMC,Sierra 1500,Columbus,Georgia,31914,US,32.491,-84.8741,32518,Gerhold-Murray,07/14/2024
251,Norman,Aspital,naspital6y@acquirethisname.com,Male,2005,Ford,Ranger,Philadelphia,Pennsylvania,19178,US,40.0018,-75.1179,70099,"Grimes, Bauch and Kovacek",10/28/2022
252,Faydra,Hammer,fhammer6z@storify.com,Female,1984,Mercury,Topaz,Cincinnati,Ohio,45218,US,39.2663,-84.5221,99635,McCullough Inc,08/09/2025
253,Filberte,Laughton,flaughton70@bbc.co.uk,Male,1999,Dodge,Dakota Club,Mobile,Alabama,36641,US,30.6589,-88.178,65442,Stokes-Carter,01/20/2026
254,Neysa,Fetteplace,nfetteplace71@mozilla.org,Female,1993,Ford,Aerostar,Saint Louis,Missouri,63121,US,38.7072,-90.3055,73270,Runte-Bahringer,06/27/2025
255,Scott,Dyka,sdyka72@sphinn.com,Male,2012,Nissan,Murano,Phoenix,Arizona,85030,US,33.2765,-112.1872,69999,Rogahn-Davis,09/26/2025
256,Lottie,Josifovic,ljosifovic73@seesaa.net,Female,1990,Subaru,Loyale,Lima,Ohio,45807,US,40.7955,-84.1383,46090,"Gerhold, Bashirian and Bruen",09/22/2025
257,Osbourn,Heningham,oheningham74@marriott.com,Male,2012,Audi,Q5,Evansville,Indiana,47732,US,37.9971,-87.575,81621,Huel-Hamill,03/25/2024
258,Sara,Pettigrew,spettigrew75@cbc.ca,Female,2005,Mercury,Sable,Huntington Beach,California,92648,US,33.6773,-118.0051,77443,Von and Sons,05/01/2024
259,Tripp,Dilleston,tdilleston76@liveinternet.ru,Male,1997,GMC,Savana 1500,Lees Summit,Missouri,64082,US,38.8518,-94.3944,62252,Crona-Kohler,08/28/2025
260,Georgena,Roddie,groddie77@dailymail.co.uk,Female,2003,Toyota,MR2,San Antonio,Texas,78240,US,29.5189,-98.6006,55481,Brown Group,08/24/2022
261,Amargo,Higginbottam,ahigginbottam78@paginegialle.it,Female,2007,Pontiac,Solstice,Saint Petersburg,Florida,33710,US,27.7898,-82.7243,90650,Hermann Inc,11/16/2022
262,Talyah,Ollarenshaw,tollarenshaw79@upenn.edu,Female,1996,Chevrolet,1500,Salt Lake City,Utah,84170,US,40.6681,-111.9083,76486,Bins LLC,04/09/2025
263,Corrianne,Walicki,cwalicki7a@rambler.ru,Female,2002,Chrysler,300M,Washington,District of Columbia,20520,US,38.8932,-77.049,91556,Beier-MacGyver,11/30/2025
264,Drusie,Eringey,deringey7b@diigo.com,Female,2008,Mercury,Mountaineer,Baton Rouge,Louisiana,70826,US,30.5159,-91.0804,70197,"Schultz, Harvey and Jacobs",07/04/2022
265,Johnna,Bardnam,jbardnam7c@rakuten.co.jp,Female,2011,Lincoln,MKX,Akron,Ohio,44305,US,41.076,-81.4644,56390,Murray-Cruickshank,11/13/2023
266,Haily,Rope,hrope7d@jalbum.net,Male,1986,Land Rover,Range Rover,Albuquerque,New Mexico,87105,US,35.0448,-106.6893,69709,Johns-Muller,11/12/2023
267,Kingsly,Ghiroldi,kghiroldi7e@blog.com,Male,1987,Chevrolet,Corvette,Spring,Texas,77386,US,30.1288,-95.4239,61646,Boyer Group,08/11/2025
268,Tades,MacMechan,tmacmechan7f@w3.org,Male,2009,Nissan,350Z,Provo,Utah,84605,US,40.177,-111.536,91706,Gulgowski-O'Connell,08/09/2024
269,Denys,Goldby,dgoldby7g@moonfruit.com,Male,2008,Kia,Sportage,Carson City,Nevada,89706,US,39.2025,-119.7526,70097,Hegmann-Prosacco,09/11/2022
270,Judy,O'Coskerry,jocoskerry7h@berkeley.edu,Female,2005,Toyota,Solara,Atlanta,Georgia,30351,US,33.8444,-84.474,78701,Botsford-O'Kon,03/17/2024
271,Sheena,Chinn,schinn7i@zimbio.com,Female,2001,Chevrolet,Impala,San Diego,California,92110,US,32.7635,-117.2028,54391,Herman-Schoen,06/08/2025
272,Wolfie,Padwick,wpadwick7j@berkeley.edu,Male,2002,Ford,Explorer,Scranton,Pennsylvania,18514,US,41.4019,-75.6376,58573,Medhurst-Kulas,04/10/2022
273,Myrvyn,Astie,mastie7k@hubpages.com,Genderqueer,2002,Dodge,Viper,Houston,Texas,77090,US,30.0167,-95.447,57699,Kuhic Group,03/24/2023
274,Alvan,Picopp,apicopp7l@freewebs.com,Male,2000,Nissan,Altima,New York City,New York,10009,US,40.7262,-73.9796,80897,Ziemann and Sons,06/17/2024
275,Any,Yarnell,ayarnell7m@taobao.com,Male,2007,Ford,Ranger,Edmond,Oklahoma,73034,US,35.6665,-97.4798,33099,Batz LLC,04/17/2025
276,Bancroft,Ivanichev,bivanichev7n@boston.com,Male,2000,Land Rover,Discovery,Las Vegas,Nevada,89130,US,36.2471,-115.221,43283,Walsh LLC,01/19/2023
277,James,Comber,jcomber7o@mapy.cz,Male,2008,Mazda,Miata MX-5,Saint Louis,Missouri,63116,US,38.5814,-90.2625,98670,Roberts Inc,04/07/2022
278,Tonye,Reignould,treignould7p@whitehouse.gov,Female,1998,Chevrolet,Express 1500,Fairbanks,Alaska,99709,US,64.8544,-147.8469,48743,"Braun, Crist and Walker",01/11/2026
279,Erv,Matthews,ematthews7q@drupal.org,Male,2008,Saab,9-7X,Independence,Missouri,64054,US,39.11,-94.4401,78665,"Emard, Hahn and Bahringer",03/17/2025
280,Winnifred,Dassindale,wdassindale7r@biglobe.ne.jp,Female,2004,Pontiac,Vibe,Tacoma,Washington,98447,US,47.1441,-122.4434,47672,Gulgowski-Yundt,01/29/2025
281,Jeanie,Allabarton,jallabarton7s@yellowpages.com,Female,2010,Toyota,Venza,San Luis Obispo,California,93407,US,35.3471,-120.4553,82134,Beatty and Sons,02/22/2024
282,Whitman,Paine,wpaine7t@ibm.com,Male,1987,Acura,Legend,Baton Rouge,Louisiana,70894,US,30.5159,-91.0804,57546,Kessler and Sons,01/06/2025
283,Ronda,Trusdale,rtrusdale7u@hao123.com,Female,1995,Mercury,Tracer,Rochester,New York,14614,US,43.1558,-77.6142,90798,Kerluke-Connelly,07/18/2025
284,Neille,Cowhig,ncowhig7v@whitehouse.gov,Female,1990,Mercedes-Benz,W201,Akron,Ohio,44310,US,41.1075,-81.5006,50577,"Mills, Beier and Wilderman",05/31/2025
285,Jaine,Pickwell,jpickwell7w@yellowpages.com,Polygender,1984,Mercury,Grand Marquis,Providence,Rhode Island,02905,US,41.7845,-71.3959,66711,Ziemann and Sons,03/10/2025
286,Webster,Bartkiewicz,wbartkiewicz7x@bluehost.com,Male,1998,Mitsubishi,Pajero,Harrisburg,Pennsylvania,17121,US,40.2944,-76.8938,44442,Kunze-Kris,09/02/2022
287,Cynthia,Vida,cvida7y@yellowpages.com,Genderqueer,1999,Chevrolet,Suburban 2500,Dayton,Ohio,45490,US,39.7505,-84.2686,41711,"McCullough, Ferry and Bednar",05/10/2023
288,Curtis,O'Criane,cocriane7z@oaic.gov.au,Male,1992,Dodge,Grand Caravan,Norwalk,Connecticut,06854,US,41.0957,-73.4285,68358,"Koepp, Pollich and Rogahn",12/24/2023
289,Katusha,Roof,kroof80@timesonline.co.uk,Female,1995,Lexus,GS,Hartford,Connecticut,06145,US,41.7918,-72.7188,63932,Rohan LLC,03/31/2025
290,Gae,Whittingham,gwhittingham81@nymag.com,Female,1986,Mercedes-Benz,E-Class,Shreveport,Louisiana,71105,US,32.4589,-93.7143,49018,"Aufderhar, Pfeffer and Satterfield",02/10/2024
291,Martie,Kimblin,mkimblin82@cbslocal.com,Male,2005,Honda,CR-V,Topeka,Kansas,66611,US,39.0142,-95.6982,69512,Mohr and Sons,11/03/2024
292,Josy,Ratledge,jratledge83@so-net.ne.jp,Female,2005,Chevrolet,Cobalt,Grand Junction,Colorado,81505,US,39.1071,-108.5968,52015,O'Connell Inc,06/27/2024
293,Cesare,Houseago,chouseago84@boston.com,Male,1993,Dodge,Stealth,Austin,Texas,78703,US,30.2907,-97.7648,91509,Schaden and Sons,01/10/2026
294,Norrie,Rosenthaler,nrosenthaler85@washington.edu,Male,2006,Porsche,Boxster,York,Pennsylvania,17405,US,40.0086,-76.5972,44041,"Harber, Jones and O'Reilly",02/04/2025
295,Ingrid,Mulroy,imulroy86@accuweather.com,Female,1993,Mitsubishi,Expo,Simi Valley,California,93094,US,34.0324,-119.1343,81080,Stanton-VonRueden,02/12/2022
296,Korie,Jorger,kjorger87@zimbio.com,Female,1984,Honda,Accord,Kansas City,Missouri,64187,US,39.035,-94.3567,85164,"Stark, Mraz and Johnson",11/23/2023
297,Bordie,Watman,bwatman88@sina.com.cn,Male,1987,Mercury,Grand Marquis,Beaverton,Oregon,97075,US,45.5486,-123.1147,35132,Quitzon Group,02/25/2022
298,Deck,Crocombe,dcrocombe89@msn.com,Male,2009,Ford,Taurus X,Montpelier,Vermont,05609,US,44.2595,-72.585,98764,"Hintz, Anderson and Bergstrom",11/13/2024
299,Dylan,Risby,drisby8a@tmall.com,Male,2012,Honda,Civic,San Antonio,Texas,78278,US,29.4375,-98.4616,36058,"Grady, Funk and Harber",09/24/2025
300,Tyler,Windridge,twindridge8b@cargocollective.com,Male,2005,Spyker,C8,Kalamazoo,Michigan,49048,US,42.3189,-85.5152,42830,"Feeney, Willms and Kuvalis",04/10/2025
301,Rasia,Rendell,rrendell8c@yellowpages.com,Female,1988,Land Rover,Range Rover,San Antonio,Texas,78220,US,29.4106,-98.4128,70051,Greenholt Inc,08/22/2025
302,Velma,Hardson,vhardson8d@reddit.com,Female,1994,Pontiac,Grand Am,Sioux Falls,South Dakota,57198,US,43.6746,-96.7913,84002,"Kris, Ortiz and Anderson",04/20/2024
303,Deny,Giron,dgiron8e@bloglovin.com,Female,1985,Mercedes-Benz,W201,Dayton,Ohio,45403,US,39.7617,-84.1498,63186,Heller-Wintheiser,06/11/2023
304,Homerus,Symington,hsymington8f@kickstarter.com,Male,1988,Honda,CR-X,Washington,District of Columbia,20456,US,38.8981,-77.0401,38937,"Heller, Sanford and Swaniawski",03/07/2022
305,Ginnifer,Elldred,gelldred8g@over-blog.com,Female,2006,Mitsubishi,Lancer Evolution,Bloomington,Illinois,61709,US,40.4614,-88.953,94311,"Willms, McKenzie and Lesch",08/18/2025
306,Daffy,Gownge,dgownge8h@reuters.com,Non-binary,2011,Acura,ZDX,Fort Worth,Texas,76162,US,32.7714,-97.2915,72114,"Herman, O'Hara and Batz",02/11/2025
307,Cariotta,Ciraldo,cciraldo8i@diigo.com,Female,1993,Ford,Crown Victoria,Saint Paul,Minnesota,55115,US,45.071,-92.9391,36502,Huels-Williamson,08/02/2025
308,Halsey,Thorneley,hthorneley8j@spiegel.de,Male,2007,Kia,Optima,Indianapolis,Indiana,46278,US,39.8726,-86.2768,91983,Considine-Crona,11/18/2023
309,Shannon,Andriss,sandriss8k@cnet.com,Female,2006,Lotus,Elise,Los Angeles,California,90081,US,33.7866,-118.2987,74293,Hudson-Morissette,10/01/2025
310,Terrijo,Fawckner,tfawckner8l@census.gov,Female,1998,Volkswagen,rio,Waco,Texas,76796,US,31.5915,-97.0823,36584,Harvey-Huels,07/02/2022
311,Dale,Ferrulli,dferrulli8m@paginegialle.it,Female,2011,Audi,Q7,Salt Lake City,Utah,84199,US,40.7259,-111.9394,84203,"Mohr, Frami and Yundt",12/24/2024
312,Sue,Clewett,sclewett8n@kickstarter.com,Female,2003,Mitsubishi,Montero Sport,Columbus,Ohio,43220,US,40.0495,-83.0669,90417,"Zieme, Baumbach and Dickens",05/26/2023
313,Olga,Bon,obon8o@reference.com,Female,1988,Volkswagen,Cabriolet,Daytona Beach,Florida,32118,US,29.2219,-81.0095,72601,Schmidt-Brown,08/28/2025
314,Virgie,Bleything,vbleything8p@wunderground.com,Female,1996,BMW,M3,San Jose,California,95150,US,37.3866,-121.897,49762,Kuvalis Inc,07/22/2022
315,Melesa,Fillan,mfillan8q@comcast.net,Female,1997,Mercedes-Benz,C-Class,Fort Myers,Florida,33994,US,26.5529,-81.9486,87418,Graham-Douglas,03/18/2025
316,Chiquia,Noble,cnoble8r@europa.eu,Female,1996,Toyota,T100,Wilmington,North Carolina,28410,US,34.0881,-77.8526,64267,"Klocko, Kling and Morissette",12/25/2023
317,Danny,Moses,dmoses8s@blog.com,Male,2010,Lotus,Elise,Fort Lauderdale,Florida,33345,US,26.1654,-80.2959,31235,Jaskolski LLC,08/22/2025
318,Bendicty,Braybrookes,bbraybrookes8t@tripod.com,Male,2008,Suzuki,Forenza,Tacoma,Washington,98464,US,47.0662,-122.1132,93538,Hayes LLC,12/27/2025
319,Nataline,Coulton,ncoulton8u@apple.com,Female,2010,Chevrolet,Silverado 1500,Richmond,Virginia,23285,US,37.5242,-77.4932,89386,"Baumbach, Bruen and Koch",11/13/2025
320,Shandie,Petschelt,spetschelt8v@amazon.com,Female,2007,Nissan,350Z,Warren,Michigan,48092,US,42.5125,-83.0643,63255,"Russel, Smith and Marquardt",08/17/2022
321,Gwynne,Ambrogioni,gambrogioni8w@ebay.com,Female,2004,GMC,Sonoma,Des Moines,Iowa,50320,US,41.5487,-93.5827,53132,Schuster-Metz,05/30/2024
322,Valentin,Gladdor,vgladdor8x@tinyurl.com,Genderfluid,2005,Acura,NSX,Honolulu,Hawaii,96815,US,21.2811,-157.8266,48667,Rohan-Abbott,11/13/2025
323,Myrwyn,McFall,mmcfall8y@diigo.com,Male,2004,GMC,Envoy XUV,Orlando,Florida,32835,US,28.5289,-81.4787,63686,Stokes-Kling,06/15/2024
324,Craig,Fotheringham,cfotheringham8z@nba.com,Male,2007,Chevrolet,HHR,Dallas,Texas,75265,US,32.7673,-96.7776,70471,"Kemmer, Schroeder and Kuhn",10/28/2023
325,Kilian,Sygrove,ksygrove90@com.com,Male,2009,Hyundai,Accent,Dallas,Texas,75397,US,32.7673,-96.7776,78403,Kautzer-Heller,03/27/2022
326,Juliette,Dunbabin,jdunbabin91@biblegateway.com,Female,2003,Mazda,B-Series,Harrisburg,Pennsylvania,17126,US,40.2618,-76.88,30913,Von-Baumbach,11/20/2024
327,Nevil,Arnot,narnot92@soundcloud.com,Male,2009,Mazda,CX-7,Allentown,Pennsylvania,18105,US,40.6934,-75.4712,65926,Parisian-Gleichner,04/12/2023
328,Henriette,Bartle,hbartle93@apple.com,Female,2002,Ford,F350,Las Vegas,Nevada,89105,US,36.086,-115.1471,44996,Muller LLC,11/19/2025
329,Anna-maria,Killingsworth,akillingsworth94@w3.org,Genderqueer,2008,Mercury,Mariner,Richmond,Virginia,23260,US,37.5242,-77.4932,92903,"Gleason, Reilly and Pacocha",01/04/2023
330,Paulie,Lemery,plemery95@cafepress.com,Male,1993,Suzuki,SJ,Spokane,Washington,99210,US,47.6536,-117.4317,78571,Hane-Hickle,12/09/2022
331,Brett,Lernihan,blernihan96@studiopress.com,Female,2002,GMC,Savana 1500,Phoenix,Arizona,85005,US,33.2765,-112.1872,69358,Windler-Heller,10/25/2023
332,Abbot,Criple,acriple97@com.com,Male,2008,GMC,Sierra,Houston,Texas,77020,US,29.7758,-95.3121,53147,Padberg-Kuhic,05/05/2025
333,Dalis,Shortin,dshortin98@cbsnews.com,Male,1987,Porsche,928,Columbus,Georgia,31998,US,32.491,-84.8741,93393,Douglas-Kertzmann,12/15/2023
334,Cosimo,Petrozzi,cpetrozzi99@bluehost.com,Male,2009,Mazda,Mazda3,Schenectady,New York,12305,US,42.8161,-73.9398,72451,Batz Group,05/21/2022
335,Rubin,Ovize,rovize9a@microsoft.com,Male,1997,Honda,Prelude,Peoria,Illinois,61629,US,40.692,-89.5887,70940,Hintz-Sanford,11/04/2024
336,Shawnee,Brimmell,sbrimmell9b@answers.com,Female,2005,Chrysler,300C,Vancouver,Washington,98664,US,45.6231,-122.5767,49794,"Kemmer, Kuhlman and Roob",04/30/2023
337,Anatol,De Stoop,adestoop9c@is.gd,Male,1995,Volvo,940,Columbia,South Carolina,29203,US,34.0635,-81.0265,76941,"Welch, Bogisich and Hartmann",04/19/2022
338,Jack,Laval,jlaval9d@fotki.com,Male,2005,Chevrolet,Astro,Baltimore,Maryland,21229,US,39.2856,-76.6899,44168,Thiel-Gleason,05/16/2025
339,Toma,Challoner,tchalloner9e@cam.ac.uk,Genderfluid,2004,Dodge,Intrepid,Little Rock,Arkansas,72231,US,34.8019,-92.1894,96473,Boehm-McCullough,12/03/2022
340,Tuckie,O'Skehan,toskehan9f@ow.ly,Male,1988,Buick,Century,Providence,Rhode Island,02905,US,41.7845,-71.3959,37526,"Sauer, Schimmel and Grady",07/27/2022
341,Cesar,Teece,cteece9g@webeden.co.uk,Male,1992,Chevrolet,Cavalier,Fort Wayne,Indiana,46805,US,41.0977,-85.1189,32417,Stoltenberg LLC,11/27/2023
342,Rogerio,Powling,rpowling9h@google.es,Male,2007,Audi,S8,Dayton,Ohio,45490,US,39.7505,-84.2686,94000,Stehr Group,08/14/2025
343,Ardeen,Dilks,adilks9i@comsenz.com,Female,2009,Chrysler,Sebring,Baltimore,Maryland,21239,US,39.361,-76.5891,72718,"McLaughlin, Weimann and Kiehn",12/22/2024
344,Mord,Karsh,mkarsh9j@drupal.org,Male,2008,Volvo,S60,Tulsa,Oklahoma,74108,US,36.1499,-95.7923,48743,Shanahan-Quigley,11/29/2023
345,Kimbell,Donne,kdonne9k@webeden.co.uk,Male,2010,Subaru,Forester,Tulsa,Oklahoma,74156,US,36.3024,-95.9605,63731,Glover-Heller,09/27/2024
346,Clarissa,Attenbrow,cattenbrow9l@hud.gov,Female,2002,Ford,Econoline E350,Memphis,Tennessee,38136,US,35.2017,-89.9715,88833,Wiza-Rodriguez,09/26/2023
347,Rosalinda,Feldhammer,rfeldhammer9m@posterous.com,Female,1992,Dodge,D250,Tyler,Texas,75799,US,32.4112,-95.2899,61057,Thiel Group,12/22/2024
348,Tamara,Swynfen,tswynfen9n@live.com,Female,2000,Land Rover,Discovery,Akron,Ohio,44393,US,41.1287,-81.54,48181,Jast LLC,02/03/2025
349,Booth,Tewes,btewes9o@flickr.com,Male,1961,Pontiac,Tempest,Grand Rapids,Michigan,49505,US,43.012,-85.6309,63971,"Labadie, Waters and Ullrich",05/12/2022
350,Sollie,Endrizzi,sendrizzi9p@prlog.org,Male,2005,Lincoln,Town Car,Washington,District of Columbia,20591,US,38.8933,-77.0146,93581,Hermiston LLC,10/12/2024
351,Norri,Battersby,nbattersby9q@people.com.cn,Female,1995,BMW,5 Series,Winter Haven,Florida,33884,US,27.981,-81.6736,57602,"Bins, Hagenes and White",03/21/2025
352,Jeffrey,Aveson,javeson9r@youtu.be,Genderqueer,2002,Chevrolet,Silverado 3500,Chicago,Illinois,60681,US,41.8119,-87.6873,46446,Schneider and Sons,03/17/2024
353,Mitchell,Fieldgate,mfieldgate9s@cornell.edu,Male,2008,Infiniti,M,Midland,Michigan,48670,US,43.6375,-84.2568,39214,Schaefer-Cronin,06/09/2025
354,Clarissa,Quinnelly,cquinnelly9t@prnewswire.com,Female,2006,Mitsubishi,Lancer Evolution,Columbus,Ohio,43220,US,40.0495,-83.0669,96443,"Lueilwitz, Donnelly and Strosin",01/07/2026
355,Drucill,Houson,dhouson9u@bravesites.com,Female,1987,Mazda,Familia,Jacksonville,Florida,32259,US,30.0956,-81.6217,60487,Koepp Inc,07/18/2025
356,Martie,Hadgraft,mhadgraft9v@shareasale.com,Bigender,2004,Volkswagen,Phaeton,Akron,Ohio,44315,US,41.028,-81.4632,85635,Tromp-Corkery,08/21/2023
357,Hollie,Melesk,hmelesk9w@wikipedia.org,Female,2012,Buick,LaCrosse,Austin,Texas,78754,US,30.3423,-97.6673,48768,"Carroll, Wunsch and Ratke",09/04/2022
358,Ulises,Birtchnell,ubirtchnell9x@sphinn.com,Male,1995,Toyota,Tercel,Boston,Massachusetts,02216,US,42.3389,-70.9196,67018,Lueilwitz-Lehner,09/19/2025
359,Leonie,Cundy,lcundy9y@independent.co.uk,Female,1993,Mitsubishi,Pajero,Monroe,Louisiana,71208,US,32.4968,-92.0756,80607,Cartwright-Dooley,06/30/2023
360,Caressa,Yarker,cyarker9z@unesco.org,Female,2004,Jaguar,XK Series,Oklahoma City,Oklahoma,73124,US,35.5514,-97.4075,73121,McGlynn-DuBuque,08/04/2024
361,Ranee,Elphee,relpheea0@oakley.com,Female,2002,Hyundai,Sonata,Birmingham,Alabama,35285,US,33.5446,-86.9292,46354,Flatley-Klein,07/22/2023
362,Vanya,Bowen,vbowena1@walmart.com,Non-binary,1998,Mazda,MPV,Charlotte,North Carolina,28210,US,35.1316,-80.8577,80348,Gulgowski Group,08/12/2023
363,Karney,Southeran,ksoutherana2@cornell.edu,Male,2012,Toyota,Camry,Bronx,New York,10459,US,40.8247,-73.894,48048,Mante and Sons,12/19/2023
364,Herve,Jenks,hjenksa3@homestead.com,Male,1993,Ford,LTD Crown Victoria,Fort Wayne,Indiana,46896,US,41.0938,-85.0707,58839,Schumm and Sons,04/22/2022
365,Hewet,Fairlamb,hfairlamba4@economist.com,Male,2003,Ford,Crown Victoria,Fairfax,Virginia,22036,US,38.7351,-77.0796,64988,Mraz-Tremblay,04/05/2022
366,Mariele,Svanini,msvaninia5@youtube.com,Female,2012,Hyundai,Tucson,Des Moines,Iowa,50335,US,41.6727,-93.5722,81203,Collier-Robel,10/29/2025
367,Gayelord,Rigler,griglera6@samsung.com,Male,2006,Ford,E150,Charleston,West Virginia,25356,US,38.2968,-81.5547,85370,Ondricka-Spencer,02/03/2025
368,Teddy,Ipgrave,tipgravea7@patch.com,Male,1994,Ford,F250,Sterling,Virginia,20167,US,39.0853,-77.6452,41781,Hahn-O'Keefe,12/01/2023
369,Sammie,Eilhermann,seilhermanna8@weather.com,Male,2008,Cadillac,SRX,Las Vegas,Nevada,89160,US,35.9279,-114.9721,85409,"Greenholt, Abshire and Smith",03/03/2022
370,Kary,Fechnie,kfechniea9@dyndns.org,Female,1985,Volkswagen,Jetta,Bridgeport,Connecticut,06673,US,41.3089,-73.3637,72298,"Ratke, Kerluke and Blanda",08/23/2023
371,Rafaela,Turbefield,rturbefieldaa@lulu.com,Female,1998,Toyota,T100,Kalamazoo,Michigan,49048,US,42.3189,-85.5152,36281,Ankunding Inc,09/25/2023
372,Adelheid,Champkins,achampkinsab@nationalgeographic.com,Female,1994,Pontiac,Trans Sport,Chicago,Illinois,60663,US,41.8119,-87.6873,47817,Conroy LLC,09/02/2023
373,Barbabas,Tumayan,btumayanac@virginia.edu,Male,2004,Honda,Accord,San Antonio,Texas,78250,US,29.5054,-98.6688,69867,"Bosco, Breitenberg and Little",06/13/2022
374,Timothy,Fortesquieu,tfortesquieuad@netscape.com,Male,1998,Isuzu,Rodeo,San Francisco,California,94126,US,37.7848,-122.7278,37689,Corwin LLC,04/01/2023
375,Artemis,Broadhurst,abroadhurstae@e-recht24.de,Non-binary,1986,Mercury,Cougar,Jackson,Mississippi,39216,US,32.3386,-90.1708,67360,"Langworth, Miller and Rippin",08/12/2025
376,Donielle,Sentinella,dsentinellaaf@sbwire.com,Female,2004,Isuzu,Ascender,Spartanburg,South Carolina,29305,US,35.1114,-82.1055,49551,Boyer-Green,05/19/2022
377,Mathe,Hurdle,mhurdleag@fda.gov,Male,1992,Dodge,Stealth,El Paso,Texas,79923,US,31.6948,-106.3,86071,Upton Group,10/17/2023
378,Betty,Treasure,btreasureah@smh.com.au,Female,2011,Mercedes-Benz,C-Class,New Orleans,Louisiana,70183,US,29.6779,-90.0901,89659,"Bergstrom, Cronin and Bruen",05/27/2024
379,Monroe,Monni,mmonniai@pcworld.com,Male,2001,Acura,Integra,Roanoke,Virginia,24014,US,37.2327,-79.9463,47973,Effertz-Luettgen,07/07/2025
380,Elton,Lethebridge,elethebridgeaj@t-online.de,Male,1995,Mitsubishi,Galant,Roanoke,Virginia,24029,US,37.2742,-79.9579,44438,O'Reilly and Sons,08/16/2022
381,Field,English,fenglishak@illinois.edu,Genderqueer,1998,Honda,Prelude,Atlanta,Georgia,30328,US,33.9335,-84.3958,92096,Sauer Inc,02/11/2023
382,Tiphany,Vitte,tvitteal@europa.eu,Female,1994,Lotus,Elan,Hartford,Connecticut,06105,US,41.7691,-72.701,65642,Glover-Corwin,05/29/2025
383,Geneva,Peiser,gpeiseram@rediff.com,Female,2004,Pontiac,GTO,Shawnee Mission,Kansas,66225,US,38.8999,-94.832,33627,Schroeder-Blanda,10/28/2024
384,Vilma,Bruinsma,vbruinsmaan@fotki.com,Agender,1992,Chevrolet,Caprice,Corpus Christi,Texas,78470,US,27.777,-97.4632,62195,Fay-Simonis,11/28/2024
385,Jens,Borrill,jborrillao@xinhuanet.com,Male,1992,Chevrolet,Suburban 1500,Gilbert,Arizona,85297,US,33.2781,-111.7096,46225,Kunde Inc,07/28/2023
386,Gilberta,Bolitho,gbolithoap@live.com,Female,2011,Mitsubishi,Eclipse,Denver,Colorado,80228,US,39.6888,-105.156,73232,"Rogahn, Koelpin and Yost",02/11/2025
387,Stevie,Dunckley,sdunckleyaq@feedburner.com,Male,1995,Audi,90,Savannah,Georgia,31422,US,31.9714,-81.0716,67681,Mosciski-Crona,02/20/2022
388,Elsey,Kesley,ekesleyar@live.com,Female,2007,Honda,Fit,Ventura,California,93005,US,34.0324,-119.1343,84664,Barrows and Sons,05/23/2024
389,Gwenneth,Le Count,glecountas@g.co,Female,2007,Bentley,Azure,Boston,Massachusetts,02203,US,42.3615,-71.0604,44620,Kshlerin-Kulas,09/28/2024
390,Gladi,Yapp,gyappat@mozilla.org,Female,2002,BMW,525,Jacksonville,Florida,32225,US,30.351,-81.5061,38712,"Wunsch, Towne and Skiles",10/30/2024
391,Reginauld,Igonet,rigonetau@disqus.com,Genderfluid,2004,Porsche,911,Amarillo,Texas,79118,US,35.0763,-101.8349,81476,Dickinson-Klocko,04/29/2022
392,Salvatore,Benneton,sbennetonav@buzzfeed.com,Male,1987,Porsche,924 S,Rockville,Maryland,20851,US,39.0763,-77.1234,86728,"Moen, Murray and Terry",10/16/2023
393,Marika,Pinnington,mpinningtonaw@twitpic.com,Female,2006,Ford,Mustang,Champaign,Illinois,61825,US,40.1399,-88.1961,80111,Kuphal LLC,11/29/2024
394,Amity,Morrison,amorrisonax@nydailynews.com,Female,1995,Oldsmobile,Ciera,Long Beach,California,90805,US,33.8635,-118.1801,59467,Kovacek-Wiegand,09/08/2022
395,Markos,Haselwood,mhaselwooday@apache.org,Male,2011,Land Rover,Discovery,Laredo,Texas,78044,US,27.3637,-99.4819,77331,Johns LLC,12/25/2024
396,Aleta,MacNeachtain,amacneachtainaz@mac.com,Female,2009,Chevrolet,Aveo,Tampa,Florida,33620,US,28.06,-82.4079,97216,Legros-Thompson,03/09/2025
397,Rafferty,Siddall,rsiddallb0@youtu.be,Male,2012,Chevrolet,Avalanche,Mesa,Arizona,85215,US,33.4707,-111.7188,96545,Blanda-Pouros,04/04/2023
398,Elana,Gaskin,egaskinb1@senate.gov,Female,1993,GMC,Rally Wagon 2500,Waterbury,Connecticut,06721,US,41.3657,-72.9275,90134,Koch-Abbott,04/25/2024
399,Lissa,Pyrton,lpyrtonb2@bloomberg.com,Female,2003,Cadillac,Escalade ESV,Columbia,South Carolina,29220,US,34.006,-80.9708,86005,"Denesik, Howe and Hermiston",10/14/2023
400,Monica,Turnbull,mturnbullb3@china.com.cn,Female,1986,Audi,4000s,Dallas,Texas,75387,US,32.7673,-96.7776,59648,Conroy-Crooks,10/13/2025
401,Franny,Rustman,frustmanb4@feedburner.com,Female,1996,Ford,E-Series,Fresno,California,93794,US,36.7464,-119.6397,36323,"Graham, Buckridge and Borer",09/10/2023
402,Braden,Insull,binsullb5@plala.or.jp,Male,2012,Bentley,Continental GTC,Minneapolis,Minnesota,55446,US,45.04,-93.4865,92663,"Bernier, MacGyver and Koss",04/08/2023
403,Colleen,Baldelli,cbaldellib6@dailymail.co.uk,Female,2011,Nissan,Frontier,Norfolk,Virginia,23504,US,36.8586,-76.2686,60254,Kshlerin-Powlowski,06/25/2022
404,Terry,Chaldecott,tchaldecottb7@deliciousdays.com,Male,1992,Ford,Econoline E250,Springfield,Ohio,45505,US,39.9106,-83.7856,56554,Beatty-McKenzie,05/04/2025
405,Eugene,Denley,edenleyb8@merriam-webster.com,Male,1993,Subaru,Alcyone SVX,Evansville,Indiana,47747,US,37.9971,-87.575,31919,"VonRueden, Cole and Hettinger",05/23/2024
406,Matteo,Boys,mboysb9@unblog.fr,Male,2013,Chevrolet,Tahoe,Knoxville,Tennessee,37914,US,35.9918,-83.8496,49106,Sauer-Bruen,08/12/2022
407,Robb,Nieass,rnieassba@mlb.com,Polygender,1993,Nissan,300ZX,High Point,North Carolina,27264,US,36.0807,-80.0244,31568,Schmeler-Murazik,06/19/2022
408,Cazzie,Swatradge,cswatradgebb@cargocollective.com,Male,1988,Subaru,Justy,Salt Lake City,Utah,84189,US,40.6681,-111.9083,46553,"Ziemann, Sanford and Roberts",05/29/2023
409,Dion,Praundl,dpraundlbc@infoseek.co.jp,Female,2001,Volkswagen,Eurovan,Waterloo,Iowa,50706,US,42.4156,-92.2703,40077,Raynor-Steuber,04/19/2022
410,Caye,Elijah,celijahbd@nationalgeographic.com,Female,1984,Ford,Laser,Rockford,Illinois,61105,US,42.3254,-89.1705,63123,Reinger Inc,10/19/2022
411,Auberon,Cronchey,acroncheybe@privacy.gov.au,Male,2011,Volvo,S80,Fort Wayne,Indiana,46896,US,41.0938,-85.0707,63415,Keebler Group,02/07/2023
412,Vance,Bown,vbownbf@smugmug.com,Male,1994,GMC,Sonoma Club Coupe,Lees Summit,Missouri,64082,US,38.8518,-94.3944,57326,"Considine, Lehner and Kessler",04/25/2025
413,Lucas,Bullen,lbullenbg@lycos.com,Male,1969,Dodge,Charger,Minneapolis,Minnesota,55441,US,45.0058,-93.4193,98091,Powlowski Inc,07/10/2023
414,Prentice,Herche,pherchebh@google.co.uk,Male,2009,Toyota,FJ Cruiser,Brooklyn,New York,11236,US,40.6407,-73.9028,91367,Ryan Group,12/14/2025
415,Chickie,Stelfax,cstelfaxbi@aol.com,Male,2000,Mazda,Miata MX-5,Arlington,Virginia,22234,US,38.8808,-77.113,81737,Hirthe-Corwin,05/08/2022
416,Fremont,Kiddey,fkiddeybj@bloomberg.com,Male,2011,Mazda,Tribute,Cincinnati,Ohio,45999,US,39.1668,-84.5382,39048,"Brakus, Schmeler and Hilpert",08/13/2024
417,Toby,Kyle,tkylebk@china.com.cn,Bigender,1992,Mercedes-Benz,300CE,Miami Beach,Florida,33141,US,25.8486,-80.1446,66239,McLaughlin Inc,08/30/2024
418,Marcelle,Buney,mbuneybl@fema.gov,Female,2009,Volvo,S40,Stockton,California,95210,US,38.025,-121.2972,80860,Stracke-Kautzer,07/23/2022
419,Branden,Streeting,bstreetingbm@flickr.com,Male,1997,Jaguar,XJ Series,Lexington,Kentucky,40576,US,38.0283,-84.4715,83418,Christiansen Group,11/21/2022
420,Clarita,Gingles,cginglesbn@barnesandnoble.com,Female,2002,Acura,RSX,Saint Louis,Missouri,63143,US,38.6111,-90.3225,59556,"Lockman, Feeney and Schmeler",12/16/2023
421,Sally,Conan,sconanbo@w3.org,Female,2009,Mitsubishi,Tundra,Amarillo,Texas,79116,US,35.2454,-101.999,98489,"Leuschke, Bechtelar and Zboncak",08/18/2023
422,Putnem,Anwell,panwellbp@prweb.com,Male,1999,Chevrolet,Silverado 1500,Huntsville,Alabama,35805,US,34.7059,-86.6165,66069,"Mertz, Watsica and Douglas",12/11/2024
423,Muffin,Gunny,mgunnybq@de.vu,Male,2002,Mercedes-Benz,S-Class,Albuquerque,New Mexico,87115,US,35.0549,-106.5461,78112,"Auer, Reichert and Mosciski",04/05/2022
424,Estrellita,Muzzini,emuzzinibr@phpbb.com,Female,1989,Mercedes-Benz,W201,El Paso,Texas,79955,US,31.6948,-106.3,36801,Kemmer and Sons,11/27/2025
425,Cammy,Sleightholme,csleightholmebs@phpbb.com,Female,2002,Lincoln,Navigator,Saginaw,Michigan,48604,US,43.4732,-83.9514,92123,Considine Inc,08/21/2025
426,Darell,Feifer,dfeiferbt@bbc.co.uk,Female,2011,Scion,tC,Zephyrhills,Florida,33543,US,28.2059,-82.3063,54848,Spinka-Mills,08/17/2022
427,Patricia,Ballinghall,pballinghallbu@tuttocitta.it,Female,1996,Lexus,LS,Detroit,Michigan,48267,US,42.2399,-83.1508,88749,Kutch LLC,02/13/2022
428,Lyon,Folk,lfolkbv@goo.gl,Male,1987,Audi,5000S,Colorado Springs,Colorado,80925,US,38.7378,-104.6459,70784,"Fritsch, Wyman and Maggio",03/25/2023
429,Tom,Bitterton,tbittertonbw@blogger.com,Male,2009,Acura,RL,Daytona Beach,Florida,32123,US,29.0227,-81.1722,70265,Lockman-Wintheiser,05/23/2023
430,Magdalene,Berrey,mberreybx@4shared.com,Female,1989,Pontiac,6000,Houston,Texas,77234,US,29.834,-95.4342,49194,"Spencer, Mraz and Rohan",04/16/2022
431,Willamina,Freear,wfreearby@technorati.com,Female,1990,Subaru,Justy,Erie,Pennsylvania,16522,US,42.1827,-80.0649,64523,"Donnelly, Kovacek and Hartmann",06/12/2023
432,Caryl,Chipperfield,cchipperfieldbz@fastcompany.com,Genderqueer,1988,Mercury,Tracer,Washington,District of Columbia,20551,US,38.892,-77.0452,87272,Hagenes-Glover,11/08/2023
433,Deedee,Bogeys,dbogeysc0@cocolog-nifty.com,Female,1993,Mazda,B-Series,Cincinnati,Ohio,45271,US,39.1668,-84.5382,50798,Schultz LLC,04/18/2024
434,Ulysses,Foat,ufoatc1@disqus.com,Male,2005,Volkswagen,GTI,Washington,District of Columbia,20231,US,38.8933,-77.0146,81008,"Fritsch, Nolan and Heaney",06/07/2025
435,Kelcey,Bradbeer,kbradbeerc2@patch.com,Female,2012,GMC,Savana 2500,Gainesville,Florida,32605,US,29.6785,-82.3679,62392,"Kihn, Connelly and Heidenreich",01/24/2025
436,Robby,Hurford,rhurfordc3@thetimes.co.uk,Female,1993,GMC,Vandura 2500,Virginia Beach,Virginia,23459,US,36.9216,-76.0171,65775,"Collier, Schmitt and Quitzon",01/27/2025
437,Shaylyn,Phillott,sphillottc4@yahoo.co.jp,Female,1993,Ford,Escort,Philadelphia,Pennsylvania,19115,US,40.0903,-75.041,94395,Waelchi-Cassin,04/22/2025
438,Kinnie,Nuttall,knuttallc5@samsung.com,Male,2008,Lexus,RX Hybrid,Newport Beach,California,92662,US,33.6062,-117.8931,73346,Tromp-Ruecker,06/02/2025
439,Issi,Weatherall,iweatherallc6@wikia.com,Female,2011,Land Rover,LR4,Los Angeles,California,90040,US,33.9909,-118.1532,86906,"Weimann, Considine and Zulauf",06/27/2025
440,Jammie,Harbin,jharbinc7@independent.co.uk,Female,2007,Volkswagen,Jetta,Cincinnati,Ohio,45233,US,39.111,-84.6594,66969,Toy Group,12/31/2024
441,Arie,Cadwallader,acadwalladerc8@bloglines.com,Male,2007,Volvo,S60,Burbank,California,91505,US,34.169,-118.3442,98529,"Cormier, Dicki and Volkman",02/12/2025
442,Charissa,Marushak,cmarushakc9@reverbnation.com,Female,1994,Plymouth,Colt Vista,Springfield,Massachusetts,01129,US,42.1223,-72.4876,41841,Leannon-Runte,09/23/2022
443,Fern,Paul,fpaulca@vkontakte.ru,Female,2000,Plymouth,Prowler,Washington,District of Columbia,20215,US,38.8933,-77.0146,41758,Carter Group,06/07/2022
444,Yancy,Mains,ymainscb@economist.com,Male,1985,Buick,Skylark,Canton,Ohio,44705,US,40.8259,-81.3399,85995,Casper LLC,04/30/2023
445,Frank,Bramford,fbramfordcc@irs.gov,Male,2008,Chevrolet,Express 1500,Miami,Florida,33180,US,25.9597,-80.1403,32360,Stokes-Bruen,02/16/2022
446,Maryanna,Delle,mdellecd@lycos.com,Female,1990,Pontiac,Firebird,Atlanta,Georgia,30375,US,33.8444,-84.474,76073,Muller-Mohr,07/12/2025
447,Ari,Olivera,aoliverace@uiuc.edu,Male,1968,Chevrolet,Corvette,Winston Salem,North Carolina,27116,US,36.0275,-80.2073,52425,Hirthe-Sipes,09/20/2025
448,Shalna,Way,swaycf@businessinsider.com,Female,2011,Dodge,Challenger,Philadelphia,Pennsylvania,19151,US,39.9772,-75.2545,30908,"Beer, Kessler and Larson",01/26/2023
449,Amanda,Winsborrow,awinsborrowcg@amazonaws.com,Female,2006,Hyundai,Tucson,Lincoln,Nebraska,68583,US,40.7845,-96.6888,43791,Okuneva-Hansen,12/04/2025
450,Sandy,Gylle,sgyllech@example.com,Female,1996,Toyota,Tercel,Spokane,Washington,99220,US,47.6536,-117.4317,39232,"Bashirian, Feil and Gerhold",05/24/2024
451,Garry,Davenport,gdavenportci@cmu.edu,Male,1993,Volvo,240,Pasadena,California,91117,US,33.7866,-118.2987,72615,"Toy, Wuckert and Crooks",09/15/2025
452,Daisi,Lehrahan,dlehrahancj@slideshare.net,Female,2000,Hyundai,Tiburon,Richmond,Virginia,23203,US,37.5593,-77.4471,57738,Lueilwitz-Wilkinson,03/21/2023
453,Reinold,Lortzing,rlortzingck@home.pl,Male,1993,Ford,Club Wagon,Hartford,Connecticut,06140,US,41.7918,-72.7188,59975,Haley-Rutherford,09/13/2023
454,Benedick,Tunnock,btunnockcl@lulu.com,Male,1996,Ford,Taurus,Hialeah,Florida,33013,US,25.8594,-80.2725,78988,"Casper, Erdman and Dibbert",02/06/2022
455,Oswald,Espina,oespinacm@altervista.org,Male,2008,Mitsubishi,Lancer,Washington,District of Columbia,20599,US,38.8933,-77.0146,85994,"O'Reilly, Lindgren and Bauch",10/15/2025
456,Prudi,Hoult,phoultcn@examiner.com,Female,2008,Chevrolet,Impala,San Francisco,California,94126,US,37.7848,-122.7278,98438,Feil Inc,01/28/2023
457,Nananne,Martell,nmartellco@dion.ne.jp,Female,1997,Holden,VS Commodore,Fullerton,California,92640,US,33.7862,-117.9309,87203,Schneider-Pfeffer,01/25/2026
458,Donica,Lambal,dlambalcp@tripadvisor.com,Female,2005,Mazda,RX-8,Lexington,Kentucky,40546,US,38.0283,-84.4715,30771,Swift LLC,01/25/2023
459,Hollyanne,Glossup,hglossupcq@cam.ac.uk,Genderqueer,2006,Toyota,Camry Solara,Albuquerque,New Mexico,87140,US,35.0443,-106.6729,86763,"Crooks, Rempel and Graham",03/03/2024
460,Aubert,Scimoni,ascimonicr@hhs.gov,Genderfluid,2001,Toyota,Prius,Meridian,Mississippi,39305,US,32.4401,-88.6783,77245,Hansen-Hackett,02/06/2024
461,Shelba,Oxtoby,soxtobycs@wsj.com,Female,1992,Dodge,Daytona,Berkeley,California,94705,US,37.8571,-122.25,59413,Watsica and Sons,02/18/2023
462,Marcello,Crombie,mcrombiect@mayoclinic.com,Male,2010,Volkswagen,Routan,Oklahoma City,Oklahoma,73109,US,35.4259,-97.5261,94861,"Gerlach, Emard and Stracke",08/06/2025
463,Mal,MacTrustie,mmactrustiecu@digg.com,Male,2006,Chevrolet,SSR,Memphis,Tennessee,38131,US,35.0664,-89.9921,41251,Dach-Bogan,08/10/2024
464,Irena,Pullen,ipullencv@pcworld.com,Genderfluid,2001,GMC,Sierra 1500,Montgomery,Alabama,36119,US,32.2334,-86.2085,67168,Jenkins Group,02/08/2024
465,Sydney,Cassels,scasselscw@chicagotribune.com,Female,2001,Daewoo,Lanos,Des Moines,Iowa,50936,US,41.6727,-93.5722,33407,Rippin LLC,09/26/2025
466,Brok,Peatheyjohns,bpeatheyjohnscx@dailymail.co.uk,Male,2003,Nissan,Pathfinder,Denver,Colorado,80299,US,39.7388,-104.4083,52361,"Keeling, Barrows and Reinger",08/10/2023
467,Harlen,Ackers,hackerscy@webmd.com,Male,2007,BMW,M6,El Paso,Texas,79923,US,31.6948,-106.3,62057,Kerluke and Sons,10/27/2025
468,Babb,Kennefick,bkennefickcz@howstuffworks.com,Female,2006,Dodge,Ram 2500,Peoria,Illinois,61605,US,40.6775,-89.6263,41385,Stark Group,07/17/2022
469,Adriena,Meneghelli,ameneghellid0@chron.com,Female,2011,Ford,Crown Victoria,Milwaukee,Wisconsin,53220,US,42.9559,-87.9933,74342,Little-McCullough,06/28/2022
470,Alma,Hinken,ahinkend1@wikipedia.org,Polygender,2005,Volvo,S40,New Hyde Park,New York,11044,US,40.7548,-73.6018,98057,Greenfelder-Hamill,03/09/2024
471,Ralf,Traves,rtravesd2@slashdot.org,Male,2009,Hyundai,Accent,Minneapolis,Minnesota,55480,US,45.0159,-93.4719,57670,Anderson-Schmidt,09/12/2025
472,Sheila,Molfino,smolfinod3@infoseek.co.jp,Female,2012,Mercedes-Benz,Sprinter 3500,Cleveland,Ohio,44191,US,41.6857,-81.6728,52436,"Will, Herman and Cole",08/25/2022
473,Mag,Basire,mbasired4@reference.com,Female,1997,Chevrolet,S10,Arlington,Virginia,22225,US,38.8808,-77.113,52777,Funk-Hartmann,12/31/2025
474,Maurita,Kennon,mkennond5@adobe.com,Female,1989,Ford,Bronco II,Boston,Massachusetts,02208,US,42.3389,-70.9196,31491,"Gorczany, Grady and Reinger",10/23/2023
475,Aldus,Ranklin,aranklind6@mozilla.com,Male,2002,Saturn,VUE,Jersey City,New Jersey,07310,US,40.7324,-74.0431,92720,Conroy-Terry,12/04/2024
476,Wallache,de Copeman,wdecopemand7@naver.com,Male,1990,Maserati,430,Orlando,Florida,32859,US,28.4429,-81.4026,54550,Wolff-Grimes,06/13/2022
477,Mick,Igonet,migonetd8@hao123.com,Male,1995,Chevrolet,3500,Oklahoma City,Oklahoma,73135,US,35.411,-97.4388,52148,Schinner-Bartoletti,03/09/2023
478,Laurent,Denisovo,ldenisovod9@auda.org.au,Male,1990,Pontiac,6000,Jackson,Tennessee,38308,US,35.6124,-88.8412,64829,Kshlerin-Lueilwitz,11/23/2023
479,Sly,Walewicz,swalewiczda@uiuc.edu,Male,2009,GMC,Sierra,El Paso,Texas,79905,US,31.7674,-106.4304,80590,"Ziemann, Lang and Connelly",07/26/2024
480,Celinka,MacLaverty,cmaclavertydb@google.fr,Female,1996,Geo,Metro,Kansas City,Missouri,64193,US,39.035,-94.3567,69464,Ruecker Inc,05/01/2022
481,Valentia,Dowsett,vdowsettdc@hugedomains.com,Female,1992,Chevrolet,Astro,Tucson,Arizona,85737,US,32.4142,-110.9466,33744,"Ebert, Skiles and Abbott",06/30/2025
482,Andeee,Axcel,aaxceldd@nationalgeographic.com,Female,2001,Chevrolet,Tahoe,Minneapolis,Minnesota,55458,US,45.0159,-93.4719,61878,Ankunding-Lang,12/22/2023
483,Adelle,Carnaman,acarnamande@deviantart.com,Female,1999,BMW,5 Series,Los Angeles,California,90101,US,33.7866,-118.2987,40297,Parker-Stiedemann,07/17/2023
484,Dell,Morrilly,dmorrillydf@pbs.org,Male,1990,Pontiac,Grand Am,Minneapolis,Minnesota,55441,US,45.0058,-93.4193,91632,McLaughlin and Sons,03/22/2025
485,Gerrie,Averay,gaveraydg@opera.com,Female,2002,Chevrolet,Cavalier,Washington,District of Columbia,20420,US,38.9035,-77.0276,83098,Pfeffer Inc,04/11/2023
486,Neron,Pardue,nparduedh@etsy.com,Bigender,2007,Lexus,IS,Santa Ana,California,92725,US,33.7465,-117.8662,35967,Schaefer Group,11/07/2024
487,Syman,Smallwood,ssmallwooddi@xrea.com,Male,2011,Chevrolet,Malibu,Pasadena,California,91131,US,33.7866,-118.2987,94157,"Ruecker, Pfeffer and Carter",12/27/2025
488,Anatola,Seakings,aseakingsdj@utexas.edu,Genderqueer,1992,Chevrolet,Suburban 2500,Louisville,Kentucky,40293,US,38.189,-85.6768,66770,Schmeler-Kemmer,11/17/2022
489,Florencia,Udie,fudiedk@mapquest.com,Female,1994,Lotus,Esprit,Beaufort,South Carolina,29905,US,32.3401,-80.689,70860,Bode-Larson,02/12/2022
490,Worthy,O'Hoolahan,wohoolahandl@google.fr,Male,1999,Dodge,Dakota,Los Angeles,California,90094,US,33.9754,-118.417,49425,Glover LLC,03/28/2023
491,Heddie,Kyston,hkystondm@sakura.ne.jp,Female,1995,Mitsubishi,Pajero,Fort Wayne,Indiana,46896,US,41.0938,-85.0707,44843,"Herzog, Aufderhar and Cummerata",05/23/2023
492,Ilene,Eagger,ieaggerdn@rakuten.co.jp,Female,1995,Mitsubishi,Chariot,Boca Raton,Florida,33499,US,26.6459,-80.4303,65230,"O'Reilly, Daugherty and Labadie",12/03/2022
493,Lana,Varley,lvarleydo@irs.gov,Female,1998,Toyota,Tacoma Xtra,Las Vegas,Nevada,89193,US,35.9279,-114.9721,56361,Williamson-Weber,11/15/2022
494,Derrik,Mullaly,dmullalydp@pen.io,Male,2005,Honda,CR-V,Huntington,West Virginia,25775,US,38.4134,-82.2774,90697,Hegmann Inc,03/09/2022
495,Terry,Ussher,tussherdq@google.co.uk,Male,1998,Mercury,Mountaineer,Bethesda,Maryland,20892,US,39.0024,-77.1034,89220,"Conroy, Walter and Lindgren",11/18/2025
496,Jessi,de Mendoza,jdemendozadr@livejournal.com,Female,2007,Ford,Expedition EL,Tulsa,Oklahoma,74156,US,36.3024,-95.9605,91063,"Wolf, Franecki and Bosco",07/03/2024
497,Netta,Spilsted,nspilstedds@hexun.com,Female,2000,Nissan,Maxima,Des Moines,Iowa,50347,US,41.6727,-93.5722,55471,Hilpert-Cremin,01/29/2026
498,Kit,Benduhn,kbenduhndt@cmu.edu,Male,2008,Suzuki,Reno,Tulsa,Oklahoma,74116,US,36.175,-95.8477,89752,Anderson Group,04/05/2022
499,Christine,Lowey,cloweydu@google.co.uk,Female,1998,Lexus,LX,New York City,New York,10079,US,40.7808,-73.9772,46609,Kling-Huel,11/13/2025
500,Dotty,Poundsford,dpoundsforddv@bing.com,Female,2000,Hyundai,Accent,Peoria,Illinois,61629,US,40.692,-89.5887,80165,Schumm-Schamberger,01/06/2023
501,Cosetta,Bladder,cbladderdw@google.co.uk,Female,2001,Ford,Escort,Davenport,Iowa,52804,US,41.5386,-90.6115,98660,Goyette-Hudson,12/22/2022
502,Dave,McCart,dmccartdx@icq.com,Male,1997,Honda,CR-V,Phoenix,Arizona,85062,US,33.2765,-112.1872,67556,Kreiger Group,10/09/2025
503,Bernice,Welburn,bwelburndy@shareasale.com,Female,1999,Lexus,GS,Hollywood,Florida,33028,US,26.0185,-80.3449,35938,Dickens and Sons,06/07/2024
504,Ravi,Ninnoli,rninnolidz@yahoo.co.jp,Male,1992,Porsche,911,Fort Lauderdale,Florida,33320,US,26.1625,-80.2582,59211,Kreiger-Larkin,10/11/2023
505,Jessi,Tilsley,jtilsleye0@paypal.com,Female,2006,Isuzu,i-280,Detroit,Michigan,48217,US,42.2719,-83.1545,47677,Nienow-Smitham,03/25/2024
506,Keelby,Joynes,kjoynese1@businesswire.com,Non-binary,2009,Hyundai,Tiburon,Portsmouth,New Hampshire,00214,US,43.0059,-71.0132,42378,"Hegmann, Zieme and Fahey",01/24/2026
507,Hazel,Benit,hbenite2@time.com,Male,2005,Mercury,Grand Marquis,Chicago,Illinois,60604,US,41.8784,-87.633,90423,Boyer-Sanford,10/03/2022
508,Wallace,Wildish,wwildishe3@com.com,Male,1994,Buick,Roadmaster,Bloomington,Indiana,47405,US,39.1682,-86.5186,86010,"Goodwin, Toy and Kiehn",08/25/2024
509,Clemente,Bassham,cbasshame4@ucsd.edu,Male,2010,Ford,Focus,Boston,Massachusetts,02216,US,42.3389,-70.9196,61890,Keebler-Bashirian,11/28/2023
510,Hilarius,Corps,hcorpse5@marketwatch.com,Male,2000,GMC,Sierra 1500,Macon,Georgia,31217,US,32.8118,-83.565,79581,Huels-Marquardt,02/01/2022
511,Ekaterina,O'Neal,eoneale6@usnews.com,Female,2010,Chevrolet,Tahoe,Naperville,Illinois,60567,US,41.8397,-88.0887,89854,"Ortiz, Howe and Wiza",06/12/2024
512,Lock,McKinney,lmckinneye7@reference.com,Male,1986,Audi,4000CS Quattro,San Antonio,Texas,78240,US,29.5189,-98.6006,41538,"Swift, Huel and Murray",07/05/2022
513,Elwin,Howsego,ehowsegoe8@diigo.com,Male,1996,Cadillac,Seville,Omaha,Nebraska,68164,US,41.2955,-96.1008,89480,"West, Kutch and Mante",01/22/2023
514,Saree,Pourveer,spourveere9@economist.com,Female,2008,Toyota,Highlander,Greensboro,North Carolina,27404,US,36.0807,-80.0244,55404,Mueller Inc,03/03/2024
515,Carmelita,Hallmark,challmarkea@unblog.fr,Bigender,1994,Dodge,Ram Wagon B150,Santa Barbara,California,93111,US,34.4453,-119.8025,34223,Bednar LLC,01/09/2025
516,Chelsey,Hetterich,chettericheb@creativecommons.org,Female,1999,Buick,Park Avenue,New York City,New York,10029,US,40.7918,-73.9448,87946,Wilderman-Abshire,12/01/2022
517,Templeton,Beumant,tbeumantec@taobao.com,Male,1989,Subaru,Legacy,Des Moines,Iowa,50393,US,41.6727,-93.5722,62021,Leuschke and Sons,11/15/2024
518,Durante,Fullick,dfullicked@privacy.gov.au,Male,1998,Acura,CL,Bronx,New York,10459,US,40.8247,-73.894,32463,Purdy Group,10/17/2025
519,Beck,Wisson,bwissonee@boston.com,Male,2005,Ford,Crown Victoria,Tucson,Arizona,85715,US,32.2519,-110.82,93338,"Stamm, White and Corkery",11/28/2023
520,Horten,Ales0,halesef@hubpages.com,Male,2000,Lexus,LX,Greenville,South Carolina,29605,US,34.8001,-82.3932,44784,"Von, Klocko and Crooks",12/12/2024
521,Marnie,Middlemiss,mmiddlemisseg@wix.com,Female,2000,Mercedes-Benz,CLK-Class,Kansas City,Kansas,66112,US,39.116,-94.764,32079,Schuppe-Ferry,05/16/2023
522,Rhona,Wyse,rwyseeh@toplist.cz,Female,2000,Mitsubishi,Challenger,Chicago,Illinois,60681,US,41.8119,-87.6873,91173,DuBuque-Upton,04/19/2023
523,Sigismond,Worcs,sworcsei@princeton.edu,Male,1992,Oldsmobile,98,Chicago,Illinois,60674,US,41.8119,-87.6873,90877,Runte-Zemlak,08/15/2023
524,Lock,Ryde,lrydeej@xrea.com,Male,2009,Suzuki,XL7,Pittsburgh,Pennsylvania,15215,US,40.5048,-79.9138,74892,"Rempel, Thiel and Lueilwitz",07/10/2025
525,Abie,Warlowe,awarloweek@senate.gov,Male,2009,BMW,3 Series,Pensacola,Florida,32590,US,30.6143,-87.2758,87782,Hansen-Schulist,08/02/2024
526,Kati,Hughs,khughsel@stanford.edu,Female,1997,Isuzu,Rodeo,Salt Lake City,Utah,84125,US,40.6681,-111.9083,88634,Rosenbaum Inc,03/25/2024
527,Locke,Swiffen,lswiffenem@walmart.com,Male,2000,Ford,Explorer Sport,Mansfield,Ohio,44905,US,40.7779,-82.4613,60572,Satterfield Inc,02/27/2025
528,Sibbie,Else,selseen@vinaora.com,Female,2011,Lincoln,MKZ,Memphis,Tennessee,38104,US,35.1334,-90.0046,72713,Lesch-Harvey,11/15/2025
529,Jocelin,Rosoni,jrosonieo@cnet.com,Female,2000,Chevrolet,Camaro,San Diego,California,92191,US,33.0169,-116.846,57021,"Wiza, Price and Simonis",05/07/2022
530,Dorelle,Boays,dboaysep@forbes.com,Female,2000,Chrysler,300M,Dayton,Ohio,45454,US,39.7505,-84.2686,81478,Hilpert-Quitzon,10/07/2024
531,Mommy,Alban,malbaneq@google.com.br,Female,1998,Toyota,4Runner,El Paso,Texas,88569,US,31.6948,-106.3,93891,Kessler-Bergnaum,08/17/2022
532,Kristoforo,Pocknoll,kpocknoller@geocities.jp,Male,1994,Toyota,Celica,Detroit,Michigan,48211,US,42.3809,-83.0409,68030,"Dietrich, Lindgren and Waters",04/03/2024
533,Rey,Newdick,rnewdickes@blog.com,Male,1997,Toyota,Avalon,Mountain View,California,94042,US,37.1894,-121.7053,98356,"Green, Aufderhar and Shields",03/14/2022
534,Berke,Beekman,bbeekmanet@businessinsider.com,Genderqueer,2002,Kia,Sedona,Washington,District of Columbia,20503,US,38.9007,-77.0431,95630,Medhurst Inc,07/05/2025
535,Janene,Smithin,jsmithineu@mapy.cz,Female,1998,Isuzu,Hombre,Grand Rapids,Michigan,49505,US,43.012,-85.6309,88353,"Rohan, Kiehn and Macejkovic",09/01/2023
536,Giacobo,Burnall,gburnallev@wiley.com,Male,2010,Chevrolet,Silverado 1500,Lansing,Michigan,48956,US,42.7325,-84.5587,95252,"Shanahan, Nolan and Batz",08/15/2023
537,Lorry,Tschersich,ltschersichew@deliciousdays.com,Female,2003,Kia,Sorento,Chattanooga,Tennessee,37405,US,35.0768,-85.3082,66987,Senger Inc,11/19/2022
538,Clive,Le Jean,clejeanex@gnu.org,Male,1998,Mercury,Villager,Stamford,Connecticut,06905,US,41.0888,-73.5435,82276,Morissette Group,05/02/2025
539,Gil,Cowpland,gcowplandey@archive.org,Male,2000,Ford,F250,Washington,District of Columbia,20016,US,38.9381,-77.086,90475,Erdman-Moore,04/08/2022
540,Paxon,Joysey,pjoyseyez@biblegateway.com,Male,1993,Dodge,D150 Club,Honolulu,Hawaii,96825,US,21.2987,-157.6985,74539,Simonis and Sons,10/08/2022
541,Izak,Elsley,ielsleyf0@devhub.com,Male,2013,Ford,Fusion,Richmond,Virginia,23208,US,37.5593,-77.4471,45456,"Walker, Bode and Lueilwitz",07/25/2024
542,Selig,Ciccarelli,sciccarellif1@usatoday.com,Male,2006,Buick,LaCrosse,Buffalo,New York,14210,US,42.8614,-78.8206,84420,Ward and Sons,06/03/2025
543,Patricio,Ovendale,povendalef2@imgur.com,Male,1989,Toyota,Truck Xtracab SR5,Bowie,Maryland,20719,US,38.8336,-76.8777,67526,Schuster LLC,01/09/2023
544,Fina,Yancey,fyanceyf3@theguardian.com,Female,2011,Toyota,Venza,Kalamazoo,Michigan,49006,US,42.2922,-85.633,62235,Baumbach-Maggio,05/15/2025
545,Sky,Scintsbury,sscintsburyf4@privacy.gov.au,Male,2009,Volvo,XC90,Montgomery,Alabama,36114,US,32.404,-86.2539,65052,Gottlieb and Sons,09/09/2024
546,Seward,McMahon,smcmahonf5@symantec.com,Polygender,2006,Hyundai,Sonata,Seminole,Florida,34642,US,27.8444,-82.7963,56006,"Hessel, Upton and Welch",01/05/2025
547,Tawsha,Alvy,talvyf6@adobe.com,Female,1963,Chevrolet,Corvair 500,Kent,Washington,98042,US,47.368,-122.1206,64408,"Lakin, Carroll and Hand",12/20/2023
548,Catina,Osman,cosmanf7@i2i.jp,Female,2009,Volvo,S80,Akron,Ohio,44305,US,41.076,-81.4644,94947,Bogan-Kozey,07/24/2022
549,Robin,Lockhead,rlockheadf8@thetimes.co.uk,Female,2005,Volkswagen,Passat,Augusta,Georgia,30911,US,33.386,-82.091,90702,Hauck-Osinski,01/30/2023
550,Henderson,Ritzman,hritzmanf9@bbb.org,Polygender,1993,Alfa Romeo,Spider,Riverside,California,92505,US,33.9228,-117.4867,74846,"Mohr, Hammes and Senger",05/04/2025
551,Alfred,Wellman,awellmanfa@sphinn.com,Male,1989,Mazda,RX-7,Los Angeles,California,90035,US,34.0531,-118.3806,48375,Lemke-Hane,12/19/2022
552,Griffy,Copplestone,gcopplestonefb@bing.com,Male,2009,Nissan,Quest,Canton,Ohio,44760,US,40.854,-81.4278,44429,Fadel LLC,09/12/2022
553,Hettie,Queen,hqueenfc@dropbox.com,Female,1969,Chevrolet,Camaro,Houston,Texas,77065,US,29.9319,-95.6106,72387,Pagac-Ortiz,04/26/2024
554,Brinna,Priestland,bpriestlandfd@furl.net,Female,1995,BMW,M3,Saint Augustine,Florida,32092,US,29.9475,-81.5264,46203,Marquardt Inc,07/19/2025
555,Cindra,MacGraith,cmacgraithfe@cnet.com,Female,1986,Buick,Electra,Charleston,South Carolina,29411,US,32.8715,-79.9947,90868,"O'Connell, Yost and Rohan",01/05/2023
556,Isidora,Cowcha,icowchaff@simplemachines.org,Female,2009,Ford,E150,Irvine,California,92619,US,33.6706,-117.7645,48530,Pouros-Schowalter,05/05/2022
557,Adelind,Rockcliffe,arockcliffefg@feedburner.com,Female,2004,Buick,LeSabre,Vero Beach,Florida,32969,US,27.709,-80.5726,40621,Carter and Sons,05/05/2024
558,Cly,Weavers,cweaversfh@vistaprint.com,Polygender,1980,Ford,Mustang,Brooklyn,New York,11225,US,40.6628,-73.9546,69664,Stokes Inc,09/09/2024
559,Diana,Baldini,dbaldinifi@bigcartel.com,Female,2009,Ford,Crown Victoria,Kansas City,Missouri,64149,US,38.8606,-94.4636,61901,Huel and Sons,03/17/2024
560,Beatrisa,Loughan,bloughanfj@purevolume.com,Non-binary,1988,Porsche,944,Asheville,North Carolina,28805,US,35.6004,-82.4918,47576,Ledner Group,08/06/2023
561,Bibi,Idel,bidelfk@woothemes.com,Female,2010,Nissan,Pathfinder,Minneapolis,Minnesota,55458,US,45.0159,-93.4719,52962,"Bailey, Christiansen and Hermiston",05/06/2023
562,Cirilo,Gaskall,cgaskallfl@uol.com.br,Male,1997,Oldsmobile,Bravada,Anaheim,California,92805,US,33.8359,-117.9086,81461,Harris Inc,12/01/2025
563,Jodee,Blacklidge,jblacklidgefm@geocities.com,Female,2005,Ford,Expedition,Fort Myers,Florida,33913,US,26.5228,-81.7065,52248,Becker-Dickens,12/20/2024
564,Bryn,Harlick,bharlickfn@imgur.com,Female,2002,Ford,E-Series,Fullerton,California,92640,US,33.7862,-117.9309,53610,Graham Inc,11/30/2022
565,Golda,Hawkes,ghawkesfo@friendfeed.com,Female,2007,Ford,Focus,Portland,Oregon,97271,US,45.5806,-122.3748,82658,Keeling and Sons,01/13/2026
566,Ware,Gutans,wgutansfp@i2i.jp,Male,2009,Cadillac,Escalade ESV,Cincinnati,Ohio,45228,US,39.0706,-84.4179,80459,"Orn, Kemmer and Harris",11/20/2023
567,Jackie,Tolhurst,jtolhurstfq@sina.com.cn,Female,2012,Ford,Expedition,Helena,Montana,59623,US,46.5901,-112.0402,89225,Metz-Moen,03/31/2024
568,Mark,Roughey,mrougheyfr@thetimes.co.uk,Male,1992,Mazda,MPV,Littleton,Colorado,80161,US,39.7388,-104.4083,65980,"Davis, Blick and Wiza",08/04/2023
569,Opalina,Sorro,osorrofs@goodreads.com,Female,2001,Ford,Windstar,Pensacola,Florida,32526,US,30.4756,-87.3179,91959,"Pollich, Schaefer and Stiedemann",05/20/2024
570,Jonathon,Hamlett,jhamlettft@bloomberg.com,Non-binary,2008,Chrysler,Crossfire,Birmingham,Alabama,35244,US,33.3538,-86.8254,53184,Schuppe-Mertz,07/07/2022
571,Wernher,Bellelli,wbellellifu@aboutads.info,Male,2006,Chrysler,PT Cruiser,Orlando,Florida,32859,US,28.4429,-81.4026,41028,"Jacobson, Armstrong and Schiller",08/26/2022
572,Avril,Shubotham,ashubothamfv@home.pl,Female,1998,Chrysler,Sebring,Savannah,Georgia,31422,US,31.9714,-81.0716,69582,Watsica-Jacobi,09/05/2024
573,Perice,Giorgini,pgiorginifw@blog.com,Male,2006,Nissan,Maxima,Alexandria,Louisiana,71307,US,31.2034,-92.5269,75933,Grimes Group,03/18/2022
574,Ludovico,Hasnney,lhasnneyfx@i2i.jp,Male,2009,Mercedes-Benz,CL65 AMG,Tucson,Arizona,85737,US,32.4142,-110.9466,78630,Luettgen-Rodriguez,02/19/2024
575,Vivien,Leadbeatter,vleadbeatterfy@kickstarter.com,Female,2005,Audi,TT,Santa Fe,New Mexico,87592,US,35.5212,-105.9818,88063,Schulist-Runte,02/08/2025
576,Octavius,Freire,ofreirefz@comsenz.com,Male,1992,Oldsmobile,Silhouette,Killeen,Texas,76544,US,31.1282,-97.7469,68202,"Zemlak, Berge and Watsica",09/02/2024
577,Mickey,Aurelius,maureliusg0@cnn.com,Male,2010,Nissan,Armada,Montgomery,Alabama,36119,US,32.2334,-86.2085,64624,Cremin LLC,01/19/2024
578,Carline,Rodrigues,crodriguesg1@ow.ly,Female,2006,Mitsubishi,Lancer,Alexandria,Virginia,22333,US,38.8158,-77.09,46995,Crona LLC,10/18/2025
579,Farrah,MacClancey,fmacclanceyg2@senate.gov,Female,1978,Pontiac,Grand Prix,Saint Louis,Missouri,63180,US,38.6531,-90.2435,49372,Bayer-Reichert,08/21/2022
580,Eleni,Musla,emuslag3@geocities.com,Female,1996,Acura,RL,Danbury,Connecticut,06816,US,41.3089,-73.3637,40059,"Herman, Hahn and Reilly",04/08/2025
581,Roberta,Lydiate,rlydiateg4@ucoz.com,Female,1997,Pontiac,Grand Am,Springfield,Illinois,62776,US,39.7495,-89.606,74727,Dickinson-Wuckert,10/19/2022
582,Killie,Ainsby,kainsbyg5@dropbox.com,Male,2012,Toyota,Prius Plug-in Hybrid,Washington,District of Columbia,20238,US,38.8933,-77.0146,60332,"Rosenbaum, Kemmer and Hayes",04/02/2023
583,Hermine,Cumming,hcummingg6@geocities.jp,Female,2007,Acura,TL,Erie,Pennsylvania,16522,US,42.1827,-80.0649,86190,"Bernhard, Cruickshank and Lind",09/13/2022
584,Brennan,Spur,bspurg7@indiegogo.com,Male,2003,Dodge,Dakota Club,Salt Lake City,Utah,84130,US,40.6681,-111.9083,70553,"Erdman, Strosin and Kuphal",10/04/2023
585,Wes,Prahl,wprahlg8@pen.io,Male,1990,Honda,Accord,Boise,Idaho,83732,US,43.4599,-116.244,33720,Dicki LLC,06/13/2025
586,Morey,Stallen,mstalleng9@livejournal.com,Male,2005,Hyundai,Sonata,El Paso,Texas,88525,US,31.6948,-106.3,74958,Klocko LLC,06/02/2025
587,Gleda,Cullen,gcullenga@berkeley.edu,Female,1995,Chevrolet,Suburban 1500,Mesa,Arizona,85215,US,33.4707,-111.7188,32308,"Leannon, Schoen and O'Reilly",06/17/2022
588,Wendy,Aleswell,waleswellgb@hc360.com,Agender,2011,Mitsubishi,Galant,New Haven,Connecticut,06533,US,41.3657,-72.9275,59702,Bins-Becker,05/19/2024
589,Vidovik,Hlavecek,vhlavecekgc@intel.com,Male,2006,Cadillac,DTS,Memphis,Tennessee,38119,US,35.0821,-89.8501,95989,"Skiles, Jacobs and Gerlach",09/15/2024
590,Chere,Vokes,cvokesgd@paginegialle.it,Female,2001,Kia,Optima,Denver,Colorado,80262,US,39.731,-104.9384,89139,"Brakus, Bruen and Morissette",09/03/2024
591,Pate,Stubbert,pstubbertge@sohu.com,Male,2010,Land Rover,LR4,Roanoke,Virginia,24024,US,37.2742,-79.9579,78502,Thompson and Sons,10/05/2022
592,Jade,Abdon,jabdongf@loc.gov,Female,2010,Ford,F350,Birmingham,Alabama,35220,US,33.5446,-86.9292,64986,Lueilwitz-Quigley,12/27/2025
593,Mireille,Cicutto,mcicuttogg@yahoo.com,Female,2001,Nissan,Sentra,El Paso,Texas,79923,US,31.6948,-106.3,73235,Dicki-Schneider,11/06/2024
594,Marcello,Rooze,mroozegh@wikia.com,Male,1992,Chevrolet,Corvette,Saginaw,Michigan,48609,US,43.3869,-84.0926,41010,Bergnaum-Hane,11/03/2024
595,Ulrich,Killigrew,ukilligrewgi@gnu.org,Male,2006,Mercedes-Benz,G55 AMG,Baltimore,Maryland,21216,US,39.3093,-76.6699,64718,Windler-Schumm,10/05/2024
596,Corny,Crimmins,ccrimminsgj@webmd.com,Female,1990,Mazda,Familia,Las Vegas,Nevada,89140,US,36.086,-115.1471,75412,Schowalter Group,04/12/2024
597,Zara,McKintosh,zmckintoshgk@live.com,Female,2001,Ford,Crown Victoria,Fort Lauderdale,Florida,33330,US,26.0663,-80.3339,80509,"Huel, Kub and Cummerata",08/15/2022
598,Anatola,Tilburn,atilburngl@ucla.edu,Bigender,2008,Kia,Sportage,Chicago,Illinois,60657,US,41.9399,-87.6528,91904,Flatley-Upton,08/23/2023
599,Merci,Astlett,mastlettgm@admin.ch,Female,1995,Lincoln,Mark VIII,Brooklyn,New York,11247,US,40.6451,-73.945,74306,"King, Huel and Muller",07/06/2024
600,Vally,Barribal,vbarribalgn@weebly.com,Female,1990,Mitsubishi,Chariot,New York City,New York,10155,US,40.7611,-73.968,90730,Blick Group,08/01/2022
601,Oralle,Medgwick,omedgwickgo@weibo.com,Female,2009,Ferrari,612 Scaglietti,Tucson,Arizona,85710,US,32.2138,-110.824,51603,"Baumbach, Harris and Blanda",03/08/2023
602,Amalee,Mishow,amishowgp@biglobe.ne.jp,Female,2007,Chrysler,Town & Country,Tulsa,Oklahoma,74116,US,36.175,-95.8477,62511,Sporer-Kunde,02/23/2024
603,Selene,Eadie,seadiegq@dropbox.com,Agender,2000,Dodge,Avenger,Huntsville,Alabama,35810,US,34.7784,-86.6091,41487,"Turner, Pagac and Champlin",11/19/2023
604,Hubey,La Grange,hlagrangegr@163.com,Male,1999,Volkswagen,Cabriolet,Albany,New York,12237,US,42.6149,-73.9708,30221,Torphy and Sons,08/30/2024
605,Josephina,Swyre,jswyregs@odnoklassniki.ru,Female,2012,Lexus,RX Hybrid,Corona,California,92878,US,33.7529,-116.0556,43630,O'Hara LLC,03/29/2025
606,Axe,Diable,adiablegt@webmd.com,Male,1982,Chevrolet,Camaro,Chicago,Illinois,60630,US,41.9699,-87.7603,72062,Goyette and Sons,06/18/2025
607,Reeba,Andrzejczak,randrzejczakgu@unesco.org,Female,2012,BMW,6 Series,Aurora,Colorado,80044,US,39.7388,-104.4083,39055,Will-Funk,11/27/2022
608,Pepito,Meco,pmecogv@usda.gov,Male,2002,Toyota,Corolla,West Hartford,Connecticut,06127,US,41.7918,-72.7188,94945,Becker-Pagac,12/24/2024
609,Amalle,Orgill,aorgillgw@state.gov,Female,2011,Cadillac,CTS,Dearborn,Michigan,48126,US,42.3349,-83.1801,55553,"Mueller, Schneider and Watsica",03/03/2025
610,Levon,Essberger,lessbergergx@illinois.edu,Male,1986,Buick,Skyhawk,North Las Vegas,Nevada,89036,US,35.9279,-114.9721,64552,Flatley-Howell,11/30/2022
611,Hall,Astlatt,hastlattgy@ycombinator.com,Male,1991,Lexus,ES,Oakland,California,94611,US,37.8471,-122.2223,82651,Boyer and Sons,09/03/2023
612,Sallyann,Buntin,sbuntingz@ask.com,Female,1993,Alfa Romeo,164,Las Vegas,Nevada,89150,US,35.9279,-114.9721,48344,Langosh and Sons,04/05/2022
613,Rosemarie,Jeppensen,rjeppensenh0@last.fm,Female,2002,Chevrolet,Avalanche 1500,Olympia,Washington,98516,US,47.1126,-122.7794,52391,Corkery-Lakin,05/12/2023
614,Essa,Maudsley,emaudsleyh1@businesswire.com,Female,1992,Ford,Club Wagon,Fort Worth,Texas,76134,US,32.6469,-97.3325,90549,Hansen-Kertzmann,08/18/2023
615,Aymer,Drydale,adrydaleh2@spotify.com,Male,2002,Daewoo,Nubira,Garland,Texas,75049,US,32.7673,-96.7776,99780,VonRueden-Price,03/20/2025
616,Seamus,Culter,sculterh3@oracle.com,Agender,2003,Land Rover,Freelander,Syracuse,New York,13217,US,43.0214,-76.1977,42587,"Fisher, Abernathy and Cremin",09/28/2025
617,Dew,Collingworth,dcollingworthh4@senate.gov,Male,1995,Dodge,Ram Van 1500,Fort Worth,Texas,76105,US,32.7233,-97.269,49599,Feeney-Cronin,03/07/2023
618,Rubia,Northrop,rnorthroph5@npr.org,Agender,2010,Dodge,Nitro,Houston,Texas,77030,US,29.7041,-95.401,34200,Koss-Walker,10/18/2022
619,Lilli,Drife,ldrifeh6@oakley.com,Female,1992,Mercury,Tracer,Colorado Springs,Colorado,80905,US,38.8377,-104.837,50326,Casper-Kub,01/31/2024
620,Niki,Barlass,nbarlassh7@elegantthemes.com,Agender,1992,Alfa Romeo,164,Colorado Springs,Colorado,80935,US,38.8247,-104.562,90312,Kreiger Group,03/13/2024
621,Lester,Life,llifeh8@addtoany.com,Male,1993,Mazda,Navajo,San Antonio,Texas,78215,US,29.4413,-98.4793,84820,Reilly Group,11/24/2023
622,Charmine,Poznan,cpoznanh9@goodreads.com,Female,1997,Ford,Windstar,Miami,Florida,33185,US,25.7274,-80.4497,63716,"DuBuque, Mraz and Heathcote",12/23/2024
623,Sheba,McCrudden,smccruddenha@house.gov,Female,1987,Ford,Ranger,New Orleans,Louisiana,70183,US,29.6779,-90.0901,35196,Rempel and Sons,02/16/2023
624,Shannen,Zannotti,szannottihb@sina.com.cn,Female,1992,Cadillac,Brougham,Seattle,Washington,98104,US,47.6036,-122.3256,89314,Cronin Group,10/09/2023
625,Carlin,Filyushkin,cfilyushkinhc@1und1.de,Male,2005,Nissan,350Z,Bakersfield,California,93311,US,35.3039,-119.1056,87143,Harber Inc,06/21/2022
626,Jordan,Klezmski,jklezmskihd@soundcloud.com,Male,2009,Honda,Odyssey,Pensacola,Florida,32505,US,30.4481,-87.2589,85845,Dicki Group,02/06/2025
627,Alberta,Snewin,asnewinhe@dion.ne.jp,Female,2005,Mercedes-Benz,CL-Class,Sacramento,California,94286,US,38.3774,-121.4444,51961,"Willms, Weissnat and Armstrong",03/07/2023
628,Ruthanne,Mebius,rmebiushf@globo.com,Polygender,2012,Nissan,Xterra,Phoenix,Arizona,85040,US,33.4061,-112.0265,61116,Bernhard and Sons,06/05/2024
629,Derrek,Tingly,dtinglyhg@yellowpages.com,Male,1992,Plymouth,Acclaim,Wichita,Kansas,67230,US,37.6808,-97.1558,99353,"Cormier, Raynor and Hickle",03/10/2023
630,Agace,Zoephel,azoephelhh@example.com,Non-binary,2004,Toyota,Prius,Washington,District of Columbia,56944,US,38.8952,-77.0365,43788,"Reilly, Wolff and Jakubowski",02/16/2022
631,Noach,Cristobal,ncristobalhi@wordpress.com,Male,2010,Mitsubishi,Eclipse,Saint Louis,Missouri,63158,US,38.6531,-90.2435,99727,"Boyer, Steuber and Will",12/07/2025
632,Kailey,Greener,kgreenerhj@seattletimes.com,Female,2007,Ford,F150,San Antonio,Texas,78220,US,29.4106,-98.4128,87334,"Corwin, Farrell and Weber",09/22/2022
633,Allan,Gilmour,agilmourhk@histats.com,Male,2005,Porsche,911,Atlanta,Georgia,30311,US,33.723,-84.4702,84895,Rath-Swift,10/24/2022
634,Laura,Gladeche,lgladechehl@webeden.co.uk,Female,1990,Volkswagen,Golf,Orlando,Florida,32813,US,28.5679,-81.3258,81944,Kutch Group,11/01/2022
635,Rodrique,Phalp,rphalphm@quantcast.com,Male,1994,Ford,F350,Dayton,Ohio,45432,US,39.739,-84.0856,82722,Hoeger and Sons,01/05/2023
636,Wallis,Hinkes,whinkeshn@woothemes.com,Male,2007,Lincoln,Navigator,Houston,Texas,77260,US,29.7687,-95.3867,80820,"Wilkinson, Gleichner and Batz",01/01/2025
637,Willette,Speere,wspeereho@usnews.com,Female,1988,Volkswagen,GTI,Dallas,Texas,75372,US,32.7673,-96.7776,56904,Lind-Cummerata,07/13/2025
638,Tilda,Zanassi,tzanassihp@posterous.com,Female,2001,Mitsubishi,Galant,Fort Lauderdale,Florida,33355,US,26.1457,-80.4483,74943,Schinner-Raynor,05/20/2025
639,Evvy,Schrei,eschreihq@google.fr,Female,1999,Lincoln,Town Car,Oakland,California,94616,US,37.8044,-122.2698,69216,"Hammes, White and Heller",04/28/2022
640,Berkley,Sammars,bsammarshr@chron.com,Male,2006,Cadillac,CTS-V,Huntington,West Virginia,25709,US,38.1321,-82.4183,88449,"Kassulke, O'Kon and Goodwin",05/31/2023
641,Milicent,Meins,mmeinshs@vistaprint.com,Female,1993,Mercedes-Benz,E-Class,Duluth,Georgia,30096,US,33.9845,-84.1529,70134,McCullough-Feest,08/12/2023
642,Tiphanie,Vasilmanov,tvasilmanovht@biblegateway.com,Female,1994,Jaguar,XJ Series,Sparks,Nevada,89436,US,39.6269,-119.7081,96663,"Howell, Littel and Mosciski",10/29/2022
643,Ophelie,Tate,otatehu@theguardian.com,Female,2010,Hyundai,Sonata,Richmond,Virginia,23208,US,37.5593,-77.4471,59692,"Tromp, Steuber and Marks",11/15/2024
644,Bernetta,Bleyman,bbleymanhv@cocolog-nifty.com,Female,2003,Lincoln,Town Car,Katy,Texas,77493,US,29.8678,-95.8298,38214,Gorczany and Sons,07/29/2025
645,Evaleen,Watton,ewattonhw@ezinearticles.com,Female,2000,Lincoln,LS,Las Cruces,New Mexico,88006,US,32.3052,-106.7863,67014,Rogahn-Jast,12/17/2024
646,Antonie,Gaskamp,agaskamphx@skype.com,Female,2006,Kia,Sportage,Sacramento,California,94207,US,38.3774,-121.4444,57803,"Fay, Crona and Runolfsdottir",11/28/2022
647,Suzanne,Hutchason,shutchasonhy@yahoo.com,Female,2011,BMW,3 Series,Boca Raton,Florida,33499,US,26.6459,-80.4303,75728,Schoen Inc,05/06/2023
648,Matilde,Thyng,mthynghz@wunderground.com,Female,2000,Buick,LeSabre,Miami,Florida,33180,US,25.9597,-80.1403,76099,Kilback-Bradtke,02/03/2023
649,Montgomery,Twatt,mtwatti0@liveinternet.ru,Male,1997,Eagle,Talon,Philadelphia,Pennsylvania,19191,US,40.0018,-75.1179,57652,"Halvorson, Kreiger and Johnston",08/23/2022
650,Alix,Godbolt,agodbolti1@narod.ru,Male,1996,Dodge,Dakota,Fayetteville,North Carolina,28314,US,35.0583,-79.008,36679,Casper LLC,08/28/2025
651,Jake,Van den Oord,jvandenoordi2@umich.edu,Male,1962,Buick,Special,South Bend,Indiana,46620,US,41.5968,-86.293,62110,Bins-Hamill,08/28/2022
652,Kelcy,Pidcock,kpidcocki3@tripadvisor.com,Female,1996,Chevrolet,Cavalier,Prescott,Arizona,86305,US,34.8185,-112.9584,73448,"Barrows, Bogisich and Dare",01/10/2023
653,Yalonda,Peters,ypetersi4@craigslist.org,Agender,2003,GMC,Yukon XL 2500,Orange,California,92668,US,33.7867,-117.8742,62891,Huels Group,12/04/2022
654,Cedric,Artiss,cartissi5@jugem.jp,Male,2006,Chevrolet,Suburban,Boston,Massachusetts,02109,US,42.36,-71.0545,62492,Collins Group,04/20/2025
655,Nikita,Siggin,nsiggini6@ucla.edu,Male,2012,Hyundai,Azera,East Saint Louis,Illinois,62205,US,38.6149,-90.1275,68240,"Marquardt, Lubowitz and Zemlak",07/25/2022
656,Salaidh,Gilby,sgilbyi7@phpbb.com,Female,1993,Mazda,MX-5,Seattle,Washington,98115,US,47.6849,-122.2968,98720,"Anderson, Ward and Hackett",02/24/2024
657,Dalton,Kohlert,dkohlerti8@purevolume.com,Male,1988,Pontiac,6000,Flint,Michigan,48505,US,43.0634,-83.7001,60421,Auer and Sons,04/15/2024
658,Darn,Tomlett,dtomletti9@google.com,Male,2008,Chevrolet,Silverado 3500,Clearwater,Florida,33758,US,27.8918,-82.7248,50563,Prosacco-Strosin,05/28/2024
659,Gypsy,Kristiansen,gkristiansenia@usatoday.com,Female,2000,Mitsubishi,Galant,Charlotte,North Carolina,28299,US,35.26,-80.8042,41450,Shields-Purdy,01/04/2023
660,Vassili,Cunnell,vcunnellib@princeton.edu,Male,2005,Dodge,Neon,Lexington,Kentucky,40576,US,38.0283,-84.4715,37624,Prosacco and Sons,04/10/2022
661,Elysha,Saunter,esaunteric@ning.com,Female,2012,Acura,TL,Fort Worth,Texas,76147,US,32.7714,-97.2915,53138,Marks Group,12/14/2024
662,Lucien,Slater,lslaterid@bbb.org,Male,1998,Chevrolet,Corvette,Akron,Ohio,44305,US,41.076,-81.4644,93630,Lang-Bahringer,04/25/2023
663,Stevana,Gianelli,sgianelliie@acquirethisname.com,Female,2008,Lexus,IS F,Johnstown,Pennsylvania,15906,US,40.3522,-78.9383,91938,Reynolds Group,02/18/2023
664,Juli,Webburn,jwebburnif@forbes.com,Genderqueer,2007,Dodge,Grand Caravan,Tyler,Texas,75705,US,32.3766,-95.1252,35749,Lehner-Schinner,10/22/2023
665,Christoph,Pardon,cpardonig@psu.edu,Male,2006,Suzuki,Swift,Pittsburgh,Pennsylvania,15279,US,40.4344,-80.0248,94079,Rippin and Sons,03/08/2024
666,Serene,Brunke,sbrunkeih@wiley.com,Female,2007,Saturn,Relay,New York City,New York,10292,US,40.7808,-73.9772,38569,"Okuneva, Pollich and Zieme",08/01/2022
667,Rolfe,Gentile,rgentileii@va.gov,Male,1986,Buick,Century,Bronx,New York,10474,US,40.8139,-73.8841,83593,"Wolff, Casper and Runolfsson",04/23/2025
668,Gilles,Antoniou,gantoniouij@icq.com,Male,1981,Pontiac,Grand Prix,Charlotte,North Carolina,28272,US,35.26,-80.8042,68969,Keeling and Sons,03/14/2025
669,Franky,Clute,fcluteik@forbes.com,Female,2009,BMW,X3,Fort Worth,Texas,76198,US,32.7714,-97.2915,42354,Herman-Mosciski,10/27/2025
670,Carleen,McAlister,cmcalisteril@msn.com,Female,2006,GMC,Yukon XL 1500,Cincinnati,Ohio,45228,US,39.0706,-84.4179,59278,Mante LLC,12/28/2023
671,Penrod,Kennefick,pkennefickim@biglobe.ne.jp,Male,2000,Dodge,Durango,Saint Louis,Missouri,63131,US,38.6171,-90.4504,54875,Jacobi Group,08/16/2023
672,Tades,Billing,tbillingin@cyberchimps.com,Male,2004,Lexus,ES,San Francisco,California,94159,US,37.7848,-122.7278,64982,"Smith, Fay and Brown",03/21/2023
673,Mignonne,Simison,msimisonio@ocn.ne.jp,Female,2008,Chevrolet,Express 1500,Wichita Falls,Texas,76305,US,33.9995,-98.3938,36229,"Kuvalis, Carter and Beier",02/15/2024
674,Malachi,Coiley,mcoileyip@umn.edu,Male,2001,Toyota,Echo,Monticello,Minnesota,55565,US,45.2009,-93.8881,51022,"Denesik, Yost and Schinner",10/07/2022
675,Kinnie,Wolffers,kwolffersiq@yandex.ru,Male,2011,Honda,Element,Utica,New York,13505,US,43.0872,-75.2603,60380,Moore-Bechtelar,09/04/2025
676,Mose,Corey,mcoreyir@de.vu,Male,2006,Dodge,Charger,Miami,Florida,33153,US,25.8655,-80.1936,99096,Pagac-Senger,07/15/2022
677,Gates,Villa,gvillais@hhs.gov,Female,2009,Ford,E250,Tuscaloosa,Alabama,35487,US,33.3072,-87.5859,52769,Kiehn LLC,08/04/2022
678,Elie,Dickerline,edickerlineit@fastcompany.com,Female,2012,Ford,E250,Saint Louis,Missouri,63150,US,38.6531,-90.2435,98492,"Braun, Cassin and Kovacek",02/25/2025
679,Maure,Clowney,mclowneyiu@reference.com,Female,2009,Bugatti,Veyron,Tallahassee,Florida,32399,US,30.4494,-84.291,40644,Bahringer LLC,01/23/2023
680,Fredelia,Taggerty,ftaggertyiv@tuttocitta.it,Female,1996,GMC,Sonoma Club Coupe,Seattle,Washington,98104,US,47.6036,-122.3256,39945,Tremblay Group,12/23/2022
681,Kaila,Sadry,ksadryiw@storify.com,Female,1993,Infiniti,Q,Tampa,Florida,33625,US,28.0726,-82.559,52044,Torphy-Franecki,01/10/2026
682,Si,Furminger,sfurmingerix@hatena.ne.jp,Male,1994,Lincoln,Mark VIII,Cleveland,Ohio,44177,US,41.6857,-81.6728,47070,Berge Group,08/29/2023
683,Maurise,Werlock,mwerlockiy@blogs.com,Female,2010,Mercedes-Benz,CL-Class,Charlotte,North Carolina,28225,US,35.26,-80.8042,40678,Kris-Veum,10/24/2024
684,Donnie,Snoddon,dsnoddoniz@va.gov,Genderqueer,1991,Buick,Riviera,Louisville,Kentucky,40298,US,38.189,-85.6768,53000,Trantow-Boyer,03/01/2023
685,Davy,Caesman,dcaesmanj0@uol.com.br,Male,2011,Porsche,911,Austin,Texas,78710,US,30.352,-97.7151,92998,"Mitchell, Kris and Boyle",11/27/2024
686,Ahmad,Dymick,adymickj1@theatlantic.com,Male,1988,Pontiac,Gemini,Scottsdale,Arizona,85255,US,33.6968,-111.8892,91547,Lubowitz LLC,04/24/2022
687,Gabbey,Pesic,gpesicj2@dailymotion.com,Female,2002,Toyota,Prius,Sioux Falls,South Dakota,57198,US,43.6746,-96.7913,56805,"Hansen, Herzog and Bergstrom",06/27/2022
688,Clifford,Goldsbrough,cgoldsbroughj3@berkeley.edu,Male,1961,Austin,Mini Cooper,Bloomington,Indiana,47405,US,39.1682,-86.5186,36025,Rohan-Bogan,03/20/2025
689,Pauletta,Rigeby,prigebyj4@vkontakte.ru,Female,1997,Pontiac,Firebird,Saint Petersburg,Florida,33737,US,27.8918,-82.7248,68738,Batz-Sauer,12/03/2025
690,Konrad,Machel,kmachelj5@zdnet.com,Male,2002,Ford,Focus,Austin,Texas,78737,US,30.2107,-97.9427,65184,Veum Group,08/01/2022
691,Forbes,Stotherfield,fstotherfieldj6@livejournal.com,Bigender,2006,Subaru,Legacy,Fresno,California,93786,US,36.7464,-119.6397,76789,Hartmann-Quitzon,09/08/2025
692,Trixy,L'argent,tlargentj7@admin.ch,Female,2003,GMC,Savana 1500,New Orleans,Louisiana,70165,US,30.033,-89.8826,44334,Glover-Treutel,05/21/2022
693,Carey,Polk,cpolkj8@prlog.org,Male,1994,Honda,Prelude,San Jose,California,95150,US,37.3866,-121.897,99076,"O'Reilly, Schowalter and Tillman",09/22/2023
694,Hailee,Mullaly,hmullalyj9@usnews.com,Female,1986,Buick,Century,Washington,District of Columbia,56944,US,38.8952,-77.0365,48571,Harris Group,08/26/2022
695,Lalo,Schenkel,lschenkelja@newsvine.com,Male,2011,Lexus,LS,Fresno,California,93762,US,36.7464,-119.6397,74571,"Anderson, Smitham and Kuhn",10/02/2022
696,Deane,Goldthorp,dgoldthorpjb@gnu.org,Male,1987,Pontiac,Firebird,San Antonio,Texas,78220,US,29.4106,-98.4128,81855,Murazik-Goldner,02/02/2024
697,Geraldine,Payle,gpaylejc@dyndns.org,Female,1987,Mercury,Topaz,Atlanta,Georgia,31190,US,33.7629,-84.4226,62363,Adams and Sons,09/28/2023
698,Kendricks,Capstaff,kcapstaffjd@cam.ac.uk,Male,2011,Jaguar,XJ,Newport News,Virginia,23612,US,37.1959,-76.5248,73879,Kuhic LLC,10/08/2024
699,Kristan,MacTurlough,kmacturloughje@free.fr,Female,1997,Lincoln,Town Car,Fresno,California,93740,US,36.7464,-119.6397,70003,"Koch, Mante and Ledner",12/30/2025
700,Bennie,Bradtke,bbradtkejf@comsenz.com,Male,1995,Mazda,RX-7,Champaign,Illinois,61825,US,40.1399,-88.1961,59612,"Lebsack, Spencer and Robel",03/11/2022
701,Regan,Gruszczak,rgruszczakjg@nydailynews.com,Male,1998,Mitsubishi,Montero Sport,Aiken,South Carolina,29805,US,33.6993,-81.6465,40814,"Ernser, King and Ruecker",11/07/2024
702,Nevile,Aleksankin,naleksankinjh@netscape.com,Male,1996,Plymouth,Breeze,Roanoke,Virginia,24024,US,37.2742,-79.9579,48763,Kerluke-Stiedemann,09/16/2025
703,Fons,Stenett,fstenettji@berkeley.edu,Male,1997,Eagle,Talon,Columbus,Ohio,43240,US,40.1454,-82.9817,56437,"Schumm, Bergnaum and Kozey",03/16/2025
704,Desdemona,Meakes,dmeakesjj@fc2.com,Female,1978,Plymouth,Horizon,Atlanta,Georgia,30306,US,33.786,-84.3514,60293,Fahey and Sons,01/08/2025
705,Cornell,Verity,cverityjk@soup.io,Male,1992,Chevrolet,Sportvan G30,Santa Ana,California,92725,US,33.7465,-117.8662,56823,Rosenbaum-Doyle,03/16/2024
706,Felice,Jamson,fjamsonjl@godaddy.com,Female,2010,Nissan,Cube,Evansville,Indiana,47712,US,37.929,-87.6604,81737,Prosacco-Rice,10/09/2022
707,Barbee,Esche,beschejm@fda.gov,Female,1988,Ford,Bronco II,Alhambra,California,91841,US,33.7866,-118.2987,78162,Quigley-Rath,05/09/2023
708,Bryce,Philpault,bphilpaultjn@nymag.com,Male,1996,GMC,Vandura G3500,Brooklyn,New York,11247,US,40.6451,-73.945,55513,Marks-Monahan,02/06/2023
709,Margaret,Klulik,mklulikjo@addtoany.com,Female,2000,Jaguar,XJ Series,Fredericksburg,Virginia,22405,US,38.3365,-77.4366,65484,O'Keefe-Schneider,03/31/2025
710,Eugenie,Blumson,eblumsonjp@bandcamp.com,Female,1995,Buick,Coachbuilder,Minneapolis,Minnesota,55448,US,45.1907,-93.3021,71591,Macejkovic LLC,08/11/2024
711,Ophelia,Spurden,ospurdenjq@drupal.org,Female,2005,Porsche,911,Cincinnati,Ohio,45254,US,39.1668,-84.5382,97187,"Will, Dietrich and Wiegand",01/16/2026
712,Maximilianus,Messier,mmessierjr@ning.com,Male,1993,Volvo,850,Oakland,California,94611,US,37.8471,-122.2223,44710,Skiles-McClure,01/04/2026
713,Gothart,Healeas,ghealeasjs@pen.io,Male,1994,Dodge,Ram Van B150,Aiken,South Carolina,29805,US,33.6993,-81.6465,38586,"Carter, Hamill and Mraz",01/23/2023
714,Ondrea,Ropartz,oropartzjt@friendfeed.com,Agender,2000,Oldsmobile,Alero,Tampa,Florida,33605,US,27.9671,-82.4334,45858,Beier Inc,06/03/2023
715,Christos,Bartolomivis,cbartolomivisju@irs.gov,Male,2004,Toyota,Prius,Lynchburg,Virginia,24503,US,37.4376,-79.205,71812,Dach-Cummings,03/28/2023
716,Gilburt,Barkhouse,gbarkhousejv@guardian.co.uk,Male,2004,Chevrolet,Express 3500,Frankfort,Kentucky,40618,US,38.2341,-84.8748,68917,"Bauch, Rice and Kulas",07/12/2023
717,Jarad,Galley,jgalleyjw@biblegateway.com,Genderfluid,2001,Volvo,S80,Charleston,West Virginia,25356,US,38.2968,-81.5547,65573,"Dooley, Cole and Schowalter",12/12/2025
718,Wells,Langcastle,wlangcastlejx@oracle.com,Male,2010,Mazda,RX-8,Charleston,West Virginia,25389,US,38.354,-81.6394,98989,Oberbrunner and Sons,06/24/2022
719,Bank,Doherty,bdohertyjy@printfriendly.com,Male,1991,Nissan,Sentra,Stamford,Connecticut,06905,US,41.0888,-73.5435,93531,Fay LLC,11/29/2023
720,Coral,Giamitti,cgiamittijz@marriott.com,Polygender,2003,BMW,M5,Virginia Beach,Virginia,23454,US,36.8282,-76.0237,54893,Keeling Inc,09/14/2022
721,Niles,Bernaciak,nbernaciakk0@domainmarket.com,Male,1996,Dodge,Avenger,Nashville,Tennessee,37215,US,36.0986,-86.8219,75652,O'Connell-Hamill,11/05/2022
722,Herschel,Naper,hnaperk1@bbc.co.uk,Male,1965,Pontiac,GTO,Tucson,Arizona,85725,US,31.9701,-111.8907,63069,Thompson LLC,04/06/2025
723,Alphonse,Jurges,ajurgesk2@miibeian.gov.cn,Genderqueer,1987,Ford,EXP,Shawnee Mission,Kansas,66276,US,38.8999,-94.832,42077,Monahan-Hills,04/27/2022
724,Stacy,Fishley,sfishleyk3@amazon.co.uk,Female,1997,Mitsubishi,GTO,North Las Vegas,Nevada,89036,US,35.9279,-114.9721,60827,Wyman Group,10/24/2022
725,Hally,Markovich,hmarkovichk4@hostgator.com,Female,1999,Cadillac,DeVille,Washington,District of Columbia,20078,US,38.8933,-77.0146,39976,"Reilly, Lakin and Kunze",02/11/2024
726,Beltran,Butlin,bbutlink5@nsw.gov.au,Agender,1986,Maserati,Quattroporte,Fresno,California,93794,US,36.7464,-119.6397,98549,"Welch, Fay and D'Amore",10/25/2023
727,Sherill,Sprionghall,ssprionghallk6@cornell.edu,Female,2001,Jaguar,S-Type,Oakland,California,94622,US,37.799,-122.2337,68997,Lakin Inc,04/15/2025
728,Robinet,Poulter,rpoulterk7@studiopress.com,Male,1986,Mercury,Sable,Atlanta,Georgia,30336,US,33.7406,-84.5545,41269,"Schmeler, Brakus and Kuphal",03/02/2024
729,Jewelle,Siney,jsineyk8@ca.gov,Female,2009,Chevrolet,Cobalt SS,Springfield,Illinois,62776,US,39.7495,-89.606,48631,"Klein, Rempel and Kub",06/19/2025
730,Jobye,Verbeek,jverbeekk9@amazonaws.com,Bigender,1995,Dodge,Ram 1500 Club,Seattle,Washington,98158,US,47.4497,-122.3076,56129,"McKenzie, Reinger and Hickle",11/24/2024
731,Winnie,Goodoune,wgoodouneka@sciencedirect.com,Bigender,2012,Infiniti,M,Rochester,New York,14604,US,43.1577,-77.608,45776,Conroy LLC,05/24/2025
732,Raoul,Wigginton,rwiggintonkb@boston.com,Male,1996,Oldsmobile,Bravada,Northridge,California,91328,US,33.7866,-118.2987,46074,Crist Inc,08/01/2024
733,Gorden,Valasek,gvalasekkc@fda.gov,Male,1997,Land Rover,Defender,Dayton,Ohio,45426,US,39.7982,-84.3211,35879,Vandervort Group,06/05/2024
734,Ansel,Duffer,adufferkd@etsy.com,Male,2003,Chevrolet,SSR,Fort Pierce,Florida,34949,US,27.3896,-80.2615,79059,"Runolfsdottir, Stroman and Funk",08/13/2023
735,Daisey,Gimson,dgimsonke@facebook.com,Female,2010,Jeep,Compass,Los Angeles,California,90071,US,34.0529,-118.2549,97667,"Kuhlman, Heaney and Baumbach",05/26/2022
736,Harrie,Jobbins,hjobbinskf@hugedomains.com,Female,1994,Ford,Econoline E250,Akron,Ohio,44393,US,41.1287,-81.54,55810,Prohaska-Kuhn,09/04/2023
737,Riobard,Linneman,rlinnemankg@wunderground.com,Male,2007,Aston Martin,Vantage,New York City,New York,10060,US,40.7808,-73.9772,82548,Fisher Group,06/16/2024
738,Maurise,Corder,mcorderkh@dmoz.org,Male,2006,Isuzu,i-Series,Dayton,Ohio,45403,US,39.7617,-84.1498,47319,"Keeling, Nicolas and Pagac",05/14/2024
739,Vince,O'Fallowne,vofallowneki@youku.com,Male,2001,Toyota,RAV4,Palmdale,California,93591,US,34.6019,-117.8123,72496,Witting Group,04/11/2025
740,Mella,Fosher,mfosherkj@sohu.com,Female,2006,Mercedes-Benz,SLK-Class,Des Moines,Iowa,50347,US,41.6727,-93.5722,66644,Haley and Sons,06/13/2022
741,Luci,Rowlands,lrowlandskk@hostgator.com,Female,2005,Infiniti,FX,Colorado Springs,Colorado,80915,US,38.8558,-104.7134,45089,Balistreri-Altenwerth,06/07/2024
742,Kassia,Olpin,kolpinkl@archive.org,Female,1986,Pontiac,Firebird Trans Am,Charlotte,North Carolina,28242,US,35.26,-80.8042,88683,Murphy-Bechtelar,10/20/2023
743,Phoebe,Tremellan,ptremellankm@baidu.com,Female,2005,BMW,Z4,Louisville,Kentucky,40287,US,38.189,-85.6768,46872,Denesik-McKenzie,01/19/2024
744,Hinze,Manston,hmanstonkn@fastcompany.com,Male,2010,Chevrolet,Silverado,Escondido,California,92030,US,33.0169,-116.846,31285,Schuppe Inc,01/08/2024
745,Philomena,Ticksall,pticksallko@nymag.com,Female,2008,Bentley,Continental GTC,Minneapolis,Minnesota,55458,US,45.0159,-93.4719,35151,Turcotte Inc,11/18/2022
746,Nester,Olle,nollekp@free.fr,Male,2010,Lexus,ES,Dallas,Texas,75353,US,32.7673,-96.7776,33650,Schiller Inc,09/17/2025
747,Elva,Rossborough,erossboroughkq@sciencedirect.com,Female,2007,Lexus,ES,Denver,Colorado,80279,US,39.7388,-104.4083,48661,Bartell-Conn,07/27/2023
748,Joanie,Pepineaux,jpepineauxkr@etsy.com,Female,2005,Toyota,Echo,Washington,District of Columbia,20215,US,38.8933,-77.0146,55474,"Boyer, Cole and Heathcote",11/15/2023
749,Tab,MacHarg,tmachargks@topsy.com,Male,2005,Mercedes-Benz,C-Class,Detroit,Michigan,48232,US,42.2399,-83.1508,58220,Kiehn-Altenwerth,10/01/2022
750,Elwin,Patterson,epattersonkt@marketwatch.com,Male,2005,Dodge,Dakota Club,Waterloo,Iowa,50706,US,42.4156,-92.2703,82955,Johnston-Schinner,06/19/2024
751,Sadella,Colmore,scolmoreku@gravatar.com,Female,2008,Volvo,XC70,Huntington,West Virginia,25726,US,38.4134,-82.2774,85082,Mayer and Sons,12/03/2024
752,Claudio,Davio,cdaviokv@angelfire.com,Male,1993,Mercury,Grand Marquis,Savannah,Georgia,31416,US,32.0053,-81.0477,42132,Wintheiser Group,06/01/2022
753,Suzann,McIlvenny,smcilvennykw@intel.com,Female,1999,Audi,A8,Bronx,New York,10464,US,40.8469,-73.7874,35856,"Lehner, Batz and Wolf",04/07/2025
754,Shawnee,Cazereau,scazereaukx@ftc.gov,Female,2010,Tesla,Roadster,Henderson,Nevada,89012,US,36.0119,-115.0433,62294,"Hagenes, Gislason and Johns",09/06/2023
755,Faulkner,Kennerknecht,fkennerknechtky@nytimes.com,Male,1992,Dodge,D250,Aurora,Colorado,80015,US,39.6255,-104.7874,87102,Sauer LLC,09/24/2024
756,Bernete,Carress,bcarresskz@unc.edu,Female,2001,Mitsubishi,Mirage,Shawnee Mission,Kansas,66276,US,38.8999,-94.832,74474,Wolff-Lubowitz,10/19/2025
757,Jazmin,Metheringham,jmetheringhaml0@businessweek.com,Agender,1950,Hillman,Minx Magnificent,Orange,California,92668,US,33.7867,-117.8742,33204,"Murray, Weissnat and Murazik",07/05/2025
758,Devan,Bentall,dbentalll1@earthlink.net,Female,2007,Toyota,Avalon,San Antonio,Texas,78210,US,29.3977,-98.4658,30494,Steuber-Denesik,05/20/2023
759,Brewster,Ismail,bismaill2@dailymail.co.uk,Male,1992,Cadillac,Fleetwood,Kansas City,Missouri,64144,US,39.2829,-94.409,51510,Bode-Jenkins,10/04/2025
760,Carlos,Canavan,ccanavanl3@engadget.com,Male,1992,BMW,8 Series,Atlanta,Georgia,30375,US,33.8444,-84.474,38426,Boyer Group,07/28/2024
761,Jehanna,MacGlory,jmacgloryl4@freewebs.com,Female,1995,GMC,1500 Club Coupe,Washington,District of Columbia,20546,US,38.891,-77.0211,43023,Kovacek Inc,01/24/2023
762,Ebenezer,Swinn,eswinnl5@free.fr,Male,1988,Honda,Civic,Indianapolis,Indiana,46207,US,39.7673,-86.1606,55805,Bartoletti-Welch,04/17/2024
763,Ingaborg,Le-Good,ilegoodl6@tripod.com,Female,2013,BMW,X5,New York City,New York,10090,US,40.7808,-73.9772,57603,Olson-Schultz,04/27/2022
764,Dannie,Tiddeman,dtiddemanl7@cdbaby.com,Female,2001,Toyota,Tacoma Xtra,Salem,Oregon,97306,US,44.8685,-123.0438,34819,Deckow-Turcotte,12/17/2023
765,Trix,Dealy,tdealyl8@thetimes.co.uk,Genderqueer,2001,Daewoo,Lanos,Washington,District of Columbia,20057,US,38.8933,-77.0146,90386,"Bogan, Cartwright and Hackett",06/08/2022
766,Buck,Trobridge,btrobridgel9@umich.edu,Male,1998,Mercury,Sable,Fort Worth,Texas,76115,US,32.6796,-97.3336,32368,McDermott-Leuschke,01/09/2024
767,Mamie,Bruyntjes,mbruyntjesla@theglobeandmail.com,Female,2001,Honda,Odyssey,Charleston,South Carolina,29424,US,32.7831,-79.937,90870,"McKenzie, Klein and Becker",10/29/2024
768,Andrey,Billingsley,abillingsleylb@usda.gov,Male,1987,Mitsubishi,Cordia,Odessa,Texas,79764,US,31.8767,-102.4375,85559,Schaefer Inc,10/06/2022
769,Naomi,Raincin,nraincinlc@hibu.com,Genderfluid,1997,Ford,Club Wagon,Irvine,California,92612,US,33.6607,-117.8264,99011,Nitzsche and Sons,03/22/2022
770,Mavra,Boerderman,mboerdermanld@moonfruit.com,Female,1999,Pontiac,Trans Sport,Las Vegas,Nevada,89115,US,36.2158,-115.0671,34504,"Gulgowski, Rohan and Dare",09/02/2025
771,Derril,Oakly,doaklyle@sohu.com,Male,2008,Pontiac,G8,Watertown,Massachusetts,02472,US,42.37,-71.1773,89876,Friesen Group,01/04/2023
772,Elliot,Gallamore,egallamorelf@t-online.de,Polygender,2002,Saturn,S-Series,Oklahoma City,Oklahoma,73167,US,35.5514,-97.4075,98050,"Barrows, Hermann and Doyle",01/29/2026
773,Tomkin,Kingett,tkingettlg@princeton.edu,Male,2008,Nissan,Versa,Albany,Georgia,31704,US,31.55,-84.0612,34611,Heidenreich-Bernier,10/14/2022
774,Florenza,McRill,fmcrilllh@wordpress.com,Genderqueer,2002,Audi,A4,Des Moines,Iowa,50310,US,41.6255,-93.6736,72241,"Beier, Heathcote and Krajcik",04/10/2024
775,Lanny,McPeck,lmcpeckli@google.com.hk,Male,2006,Land Rover,Discovery,Sacramento,California,94250,US,38.3774,-121.4444,98135,Howe-Gislason,08/20/2023
776,Elnar,Whales,ewhaleslj@cargocollective.com,Male,1991,Volkswagen,Golf,Omaha,Nebraska,68105,US,41.2435,-95.9629,74163,Howell-Emard,05/03/2023
777,Lyndy,Messiter,lmessiterlk@over-blog.com,Bigender,2010,Lincoln,Navigator L,Phoenix,Arizona,85072,US,33.2765,-112.1872,97001,Dietrich and Sons,12/01/2022
778,Ashley,Castiello,acastielloll@amazon.co.uk,Male,1983,Volkswagen,Golf,Clearwater,Florida,33763,US,28.0173,-82.7461,78714,Wuckert and Sons,03/09/2025
779,Dalis,Mainstone,dmainstonelm@wired.com,Male,2002,Volkswagen,GTI,Inglewood,California,90398,US,33.7866,-118.2987,74563,Wolf-Grady,10/24/2025
780,Arvin,Ruppertz,aruppertzln@feedburner.com,Male,2008,Isuzu,i-290,Lima,Ohio,45807,US,40.7955,-84.1383,86481,Marquardt-Stiedemann,09/12/2024
781,Aarika,Di Carlo,adicarlolo@tinypic.com,Female,1993,Mazda,Protege,Tulsa,Oklahoma,74184,US,36.1398,-96.0297,87278,Waters and Sons,09/10/2024
782,Harp,Carbert,hcarbertlp@webnode.com,Male,1998,Dodge,Caravan,Los Angeles,California,90094,US,33.9754,-118.417,60403,Rogahn-Reynolds,01/23/2025
783,Hort,Simoens,hsimoenslq@theatlantic.com,Male,2000,Toyota,Camry,Cincinnati,Ohio,45296,US,39.1668,-84.5382,66380,Hyatt-Stamm,08/07/2024
784,Emmery,Lyston,elystonlr@tinyurl.com,Male,2009,Kia,Borrego,Rockville,Maryland,20851,US,39.0763,-77.1234,63882,Sipes LLC,10/26/2023
785,Odille,Tansley,otansleyls@ebay.com,Female,2005,Ford,Thunderbird,El Paso,Texas,79923,US,31.6948,-106.3,45889,Abshire Group,05/28/2022
786,Erick,Pawlowicz,epawlowiczlt@cmu.edu,Polygender,2003,BMW,Z4,Cincinnati,Ohio,45213,US,39.1802,-84.4204,64046,Ziemann Inc,04/26/2022
787,Winnah,Maddin,wmaddinlu@jigsy.com,Female,2004,Mazda,Mazda6,Santa Barbara,California,93106,US,34.4329,-119.8371,67260,"Dietrich, Jenkins and King",10/16/2024
788,Claudio,Dovinson,cdovinsonlv@rakuten.co.jp,Male,1994,Chevrolet,Blazer,Phoenix,Arizona,85053,US,33.6299,-112.1316,62962,"Pfeffer, Botsford and Hettinger",09/30/2025
789,Baird,L' Anglois,blangloislw@fotki.com,Male,2005,BMW,330,Scottsdale,Arizona,85260,US,33.6013,-111.8867,53107,King Group,10/24/2023
790,Car,Josephson,cjosephsonlx@sbwire.com,Male,1995,Dodge,Stealth,Knoxville,Tennessee,37914,US,35.9918,-83.8496,76753,Mills-Nicolas,11/28/2022
791,Francyne,Hawkey,fhawkeyly@statcounter.com,Female,2006,Mazda,B-Series,Chattanooga,Tennessee,37450,US,35.2211,-85.2091,92225,"Kozey, Bode and Terry",01/12/2023
792,Mindy,Daly,mdalylz@upenn.edu,Female,1995,Toyota,T100 Xtra,Charleston,West Virginia,25336,US,38.2968,-81.5547,64147,Gottlieb LLC,06/16/2025
793,Abdul,Wainman,awainmanm0@delicious.com,Male,1976,Volkswagen,Golf,Fort Myers,Florida,33906,US,26.5529,-81.9486,92114,"Greenholt, Kassulke and Ernser",01/30/2023
794,Ferdie,Karpenya,fkarpenyam1@furl.net,Male,2000,Honda,Odyssey,Fresno,California,93750,US,36.7464,-119.6397,51856,Quigley-Nader,04/25/2025
795,Harri,Mullord,hmullordm2@ox.ac.uk,Female,1992,Dodge,Grand Caravan,Phoenix,Arizona,85020,US,33.5623,-112.0559,43282,Greenholt-Renner,09/27/2024
796,Derrick,Duffet,dduffetm3@surveymonkey.com,Male,2012,Ford,F250,San Antonio,Texas,78260,US,29.7026,-98.4759,86586,"Lemke, Sawayn and Gleichner",08/26/2025
797,Mar,Callar,mcallarm4@economist.com,Male,1988,Mercury,Grand Marquis,Charlotte,North Carolina,28272,US,35.26,-80.8042,81612,Botsford Group,04/10/2022
798,Ring,Morphey,rmorpheym5@smugmug.com,Male,1984,Honda,Prelude,Jackson,Mississippi,39204,US,32.2832,-90.2306,42902,"Koch, Satterfield and Koepp",01/06/2025
799,Kean,Waymont,kwaymontm6@oakley.com,Male,1995,Toyota,Xtra,Oklahoma City,Oklahoma,73114,US,35.5704,-97.5257,33776,"Murray, Marks and Champlin",05/09/2023
800,Kliment,Knight,kknightm7@senate.gov,Male,2005,Ford,Thunderbird,Washington,District of Columbia,20442,US,38.896,-77.0177,53710,Haley-Farrell,01/13/2024
801,Stephen,Radmore,sradmorem8@usgs.gov,Male,1996,Oldsmobile,Cutlass Supreme,Berkeley,California,94712,US,37.6802,-121.9215,61304,Goodwin-Bernhard,12/24/2023
802,Libbi,Campanelli,lcampanellim9@barnesandnoble.com,Female,2006,Infiniti,QX,Knoxville,Tennessee,37995,US,35.9901,-83.9622,76141,Zemlak Group,10/14/2023
803,Raeann,Horney,rhorneyma@slate.com,Female,1996,Toyota,Avalon,Los Angeles,California,90076,US,33.7866,-118.2987,42646,Bailey Group,08/10/2022
804,Sky,Werendell,swerendellmb@ning.com,Male,1997,Chevrolet,G-Series 1500,Homestead,Florida,33034,US,25.2846,-80.6246,70449,Osinski-Buckridge,06/17/2023
805,Gard,Allebone,gallebonemc@drupal.org,Male,1996,Pontiac,Bonneville,Durham,North Carolina,27717,US,36.0512,-78.8577,53856,"Konopelski, Nader and Witting",02/24/2024
806,Daven,Denys,ddenysmd@umn.edu,Male,1985,Lincoln,Continental Mark VII,Tulsa,Oklahoma,74193,US,36.1398,-96.0297,67529,Reilly Inc,03/07/2025
807,Edmon,Vernall,evernallme@g.co,Male,2002,Subaru,Forester,Minneapolis,Minnesota,55487,US,45.0159,-93.4719,65228,"Ernser, Farrell and Green",05/23/2022
808,Annaliese,Girardin,agirardinmf@w3.org,Female,1984,Mercury,Marquis,Topeka,Kansas,66629,US,39.0429,-95.7697,79119,Friesen-Price,05/07/2024
809,Win,Pickwell,wpickwellmg@vistaprint.com,Male,1996,Isuzu,Hombre,Youngstown,Ohio,44511,US,41.0704,-80.6931,61144,Nitzsche LLC,01/03/2024
810,Philip,Genge,pgengemh@list-manage.com,Male,2003,Jeep,Grand Cherokee,Carol Stream,Illinois,60351,US,41.9166,-88.1208,41438,Gleason-Monahan,02/16/2022
811,Kelly,Shears,kshearsmi@ted.com,Female,1986,Ford,Thunderbird,Hartford,Connecticut,06120,US,41.786,-72.6758,44457,Wiegand-McLaughlin,04/08/2023
812,Ethyl,Elizabeth,eelizabethmj@multiply.com,Female,2010,Mazda,Tribute,El Paso,Texas,88574,US,31.6948,-106.3,63966,Jacobi LLC,11/15/2023
813,Laird,Chadderton,lchaddertonmk@mediafire.com,Male,2003,Volkswagen,Eurovan,Roanoke,Virginia,24040,US,37.2742,-79.9579,82918,Spencer Group,06/26/2023
814,Nonnah,Rossborough,nrossboroughml@cmu.edu,Female,2002,GMC,Safari,Tulsa,Oklahoma,74103,US,36.1539,-95.9954,82843,Stoltenberg and Sons,02/14/2023
815,Zaria,Champion,zchampionmm@bing.com,Female,1994,Mazda,B-Series Plus,Saint Louis,Missouri,63196,US,38.6531,-90.2435,42924,Connelly LLC,05/10/2025
816,Marv,Goldstraw,mgoldstrawmn@cnet.com,Non-binary,2003,Buick,Century,Anderson,South Carolina,29625,US,34.5271,-82.7087,59130,Schamberger-Vandervort,02/17/2024
817,Mateo,Flicker,mflickermo@eventbrite.com,Male,2007,Toyota,Sienna,Milwaukee,Wisconsin,53220,US,42.9559,-87.9933,97313,"Schmidt, Frami and Romaguera",10/12/2022
818,Cathy,Ivushkin,civushkinmp@google.com.hk,Female,2005,Suzuki,Grand Vitara,Portland,Oregon,97296,US,45.5806,-122.3748,35008,"Yundt, Kshlerin and Stamm",04/18/2025
819,Thorvald,Peploe,tpeploemq@desdev.cn,Male,2010,Jeep,Patriot,Sioux Falls,South Dakota,57110,US,43.5486,-96.6332,65060,Schultz-Mueller,03/27/2022
820,Ferris,Ruspine,fruspinemr@sciencedirect.com,Male,1995,Infiniti,Q,Reston,Virginia,22096,US,38.8318,-77.2888,42447,Langosh-Lehner,08/28/2022
821,Patin,Breacher,pbreacherms@mac.com,Male,2000,Honda,S2000,Young America,Minnesota,55551,US,44.8055,-93.7665,48123,Stanton-Lubowitz,01/09/2025
822,Ingunna,Cauldfield,icauldfieldmt@liveinternet.ru,Female,2000,Plymouth,Prowler,Fort Lauderdale,Florida,33355,US,26.1457,-80.4483,67728,"Beer, Russel and Farrell",02/24/2024
823,Lemar,MacClay,lmacclaymu@discovery.com,Male,1993,Dodge,D350,New York City,New York,10120,US,40.7506,-73.9894,86074,Gislason LLC,01/10/2023
824,Raquel,Prettejohns,rprettejohnsmv@instagram.com,Female,2010,Hummer,H3,New York City,New York,10004,US,40.6964,-74.0253,32570,Green Inc,07/15/2025
825,Elbertina,Leiden,eleidenmw@auda.org.au,Female,2009,Nissan,GT-R,Rochester,New York,14639,US,43.286,-77.6843,31268,"Block, Bergstrom and Herzog",02/12/2025
826,Lexie,McElmurray,lmcelmurraymx@naver.com,Female,2002,Volkswagen,GTI,Wilmington,Delaware,19886,US,39.5645,-75.597,30533,Schuppe-Schaefer,07/15/2024
827,Kippie,Lorman,klormanmy@yellowbook.com,Male,2005,Jaguar,S-Type,Charleston,West Virginia,25313,US,38.4142,-81.7582,53571,Renner-Beahan,06/08/2023
828,Gabey,Culver,gculvermz@mysql.com,Female,1995,Chevrolet,K5 Blazer,Austin,Texas,78744,US,30.1876,-97.7472,56972,Ernser-Wunsch,12/13/2022
829,Yancey,Marioneau,ymarioneaun0@jigsy.com,Male,2002,Jeep,Wrangler,Fort Lauderdale,Florida,33320,US,26.1625,-80.2582,58227,Kreiger Group,09/22/2025
830,Dinah,Djorvic,ddjorvicn1@npr.org,Female,1995,Dodge,Viper,Seattle,Washington,98127,US,47.6063,-122.3308,38929,Dickinson-Prohaska,08/21/2025
831,Jakie,De Beneditti,jdebenedittin2@paypal.com,Male,2009,Ferrari,430 Scuderia,Charleston,South Carolina,29403,US,32.7976,-79.9493,95229,Goodwin Group,07/06/2022
832,Worthy,King,wkingn3@census.gov,Male,2006,Chevrolet,Silverado 3500HD,Houston,Texas,77260,US,29.7687,-95.3867,39041,Boyer-Corkery,08/07/2024
833,Dukey,Eilles,deillesn4@ucla.edu,Male,1990,Volkswagen,Fox,Baltimore,Maryland,21216,US,39.3093,-76.6699,84357,Dickens-Mertz,05/16/2025
834,Rubia,McKerrow,rmckerrown5@plala.or.jp,Female,2007,Suzuki,Forenza,Peoria,Illinois,61635,US,40.7442,-89.7184,86789,"Harber, Pagac and Wolff",11/06/2023
835,Andrej,Woan,awoann6@chronoengine.com,Male,1997,Mazda,Protege,Inglewood,California,90310,US,33.7866,-118.2987,33733,Mitchell-Mills,11/04/2024
836,Arney,Dabling,adablingn7@g.co,Genderfluid,1995,Jeep,Cherokee,Baltimore,Maryland,21290,US,39.2933,-76.6238,41984,Robel-Buckridge,03/13/2023
837,Fred,Demeter,fdemetern8@sitemeter.com,Female,1990,Pontiac,Turbo Firefly,New Haven,Connecticut,06505,US,41.3057,-72.7799,34751,Borer-Skiles,02/13/2022
838,Odelia,Delhanty,odelhantyn9@dropbox.com,Female,1991,Ford,F-Series,Roanoke,Virginia,24029,US,37.2742,-79.9579,37979,"Bernhard, Koch and DuBuque",02/22/2022
839,Carlie,Genner,cgennerna@soup.io,Female,1994,Ford,Club Wagon,Carson City,Nevada,89714,US,39.1678,-119.7764,47950,"Kovacek, Kautzer and Morar",02/17/2025
840,Georgia,Hynard,ghynardnb@drupal.org,Female,2002,Saturn,L-Series,Fresno,California,93786,US,36.7464,-119.6397,97626,Schowalter LLC,05/05/2022
841,Raimondo,Swyre,rswyrenc@goo.ne.jp,Male,2008,Toyota,Avalon,El Paso,Texas,79916,US,31.7444,-106.2879,62264,Macejkovic LLC,06/30/2024
842,Whittaker,Beardshaw,wbeardshawnd@telegraph.co.uk,Male,2000,Chevrolet,Suburban 2500,Houston,Texas,77095,US,29.8941,-95.6481,30735,Daniel-Treutel,04/28/2023
843,Lazare,Pawelec,lpawelecne@etsy.com,Non-binary,1992,Dodge,Viper,Brooklyn,New York,11225,US,40.6628,-73.9546,41153,Abbott-Weimann,04/15/2025
844,Samuele,Vink,svinknf@tuttocitta.it,Male,1986,Pontiac,Grand Am,Atlanta,Georgia,31136,US,33.7473,-84.3824,69133,"Stiedemann, Block and Nienow",02/18/2023
845,Huntington,Dils,hdilsng@amazon.co.jp,Male,2011,Toyota,Camry Hybrid,Houston,Texas,77040,US,29.8744,-95.5278,97503,"Kub, Upton and Kshlerin",11/24/2024
846,Hermie,Reely,hreelynh@comsenz.com,Male,2012,Nissan,Leaf,Tucson,Arizona,85720,US,31.9701,-111.8907,51329,"Powlowski, Botsford and Schoen",08/07/2022
847,Bartlet,Okeshott,bokeshottni@army.mil,Male,2005,Toyota,Prius,Memphis,Tennessee,38181,US,35.2017,-89.9715,64624,"Moen, Bogan and Hartmann",05/05/2022
848,Rosalyn,Pickworth,rpickworthnj@baidu.com,Female,2012,Acura,MDX,Dallas,Texas,75236,US,32.69,-96.9177,68123,Davis Group,10/09/2023
849,Alexei,McDiarmid,amcdiarmidnk@mit.edu,Male,2007,Spyker,C8,Phoenix,Arizona,85015,US,33.5082,-112.1011,96672,Cassin Inc,05/13/2022
850,Barn,MacGinlay,bmacginlaynl@comcast.net,Male,2005,Cadillac,DeVille,Portland,Oregon,97255,US,45.5806,-122.3748,54276,Will and Sons,02/05/2025
851,Windy,Kingswood,wkingswoodnm@miitbeian.gov.cn,Female,1993,Mercury,Tracer,Rochester,New York,14619,US,43.1367,-77.6481,58690,"Reynolds, Berge and Beer",09/15/2024
852,Jandy,Paolinelli,jpaolinellinn@technorati.com,Female,1998,Eagle,Talon,Utica,New York,13505,US,43.0872,-75.2603,96563,Runolfsson-Dicki,08/08/2023
853,Lindy,McCaughran,lmccaughranno@g.co,Male,1993,Chevrolet,Lumina APV,New York City,New York,10275,US,40.7808,-73.9772,47440,Prohaska Group,03/24/2022
854,Zedekiah,Conry,zconrynp@technorati.com,Male,1984,Mercedes-Benz,SL-Class,Jacksonville,Florida,32236,US,30.3449,-81.6831,49028,Padberg and Sons,04/22/2025
855,Wilie,Bloomer,wbloomernq@webmd.com,Female,2007,Ford,F-Series Super Duty,Houston,Texas,77095,US,29.8941,-95.6481,33868,Senger and Sons,05/30/2023
856,Chev,Jakubovicz,cjakubovicznr@oaic.gov.au,Male,2000,Toyota,Celica,Brooklyn,New York,11225,US,40.6628,-73.9546,62364,Gottlieb-Bartoletti,12/08/2024
857,Wendi,Filyukov,wfilyukovns@a8.net,Female,2001,Volvo,S40,Dallas,Texas,75392,US,32.7673,-96.7776,86307,"Botsford, Harris and Corwin",02/11/2023
858,Chrysler,Brickner,cbricknernt@youku.com,Female,2002,Dodge,Ram 2500,Salt Lake City,Utah,84140,US,40.7713,-111.9309,83818,Stanton and Sons,02/18/2025
859,Kathrine,O'Dogherty,kodoghertynu@loc.gov,Female,2010,Mercedes-Benz,CL-Class,Buffalo,New York,14233,US,42.7684,-78.8871,53305,Hand and Sons,08/02/2024
860,Germayne,Chesher,gcheshernv@dion.ne.jp,Male,1994,Jaguar,XJ Series,Raleigh,North Carolina,27621,US,35.7977,-78.6253,85537,"Kessler, Okuneva and Mayert",11/11/2022
861,Janaya,Castagneto,jcastagnetonw@tripod.com,Female,2008,Ford,Explorer Sport Trac,San Francisco,California,94121,US,37.7786,-122.4892,94340,Runolfsson LLC,07/31/2022
862,Gardiner,Prandy,gprandynx@w3.org,Male,1993,Mercury,Villager,Houston,Texas,77030,US,29.7041,-95.401,48349,Bergstrom LLC,08/05/2024
863,Anna-maria,Philipsen,aphilipsenny@samsung.com,Female,2012,Ford,Escape,Chicago,Illinois,60697,US,41.8119,-87.6873,82937,Ernser-Lehner,12/13/2023
864,Redd,Eitter,reitternz@studiopress.com,Agender,2002,Mercedes-Benz,SL-Class,Pittsburgh,Pennsylvania,15230,US,40.4344,-80.0248,40293,"Abernathy, Corwin and Kunde",11/11/2024
865,Arda,Guiness,aguinesso0@reuters.com,Female,2005,BMW,M3,Honolulu,Hawaii,96850,US,21.3095,-157.863,64994,Gislason-Wilderman,02/04/2022
866,Michaela,Hedde,mheddeo1@answers.com,Female,2002,Hyundai,Accent,Charleston,South Carolina,29416,US,32.8488,-79.8577,52513,"Wisoky, Wuckert and Kutch",02/19/2025
867,Abbott,Hume,ahumeo2@vistaprint.com,Male,2006,Chrysler,Sebring,Helena,Montana,59623,US,46.5901,-112.0402,87978,Rippin Inc,04/21/2025
868,Lucine,Swiffin,lswiffino3@wsj.com,Female,2011,Toyota,Camry,Orlando,Florida,32891,US,28.5663,-81.2608,60381,Wehner-Ryan,09/21/2025
869,Lynett,Sands,lsandso4@fema.gov,Female,1993,Toyota,Previa,Atlanta,Georgia,30311,US,33.723,-84.4702,78175,Nader-Price,08/28/2024
870,Vivi,Petrushka,vpetrushkao5@sogou.com,Female,2006,Ford,F250,Brooklyn,New York,11225,US,40.6628,-73.9546,63480,"Hilpert, Reinger and Barton",06/09/2022
871,Christophorus,Brinkworth,cbrinkwortho6@howstuffworks.com,Male,2003,Subaru,Outback,Providence,Rhode Island,02905,US,41.7845,-71.3959,64711,"Goyette, Green and Bruen",11/20/2023
872,Fin,Barnaclough,fbarnaclougho7@deviantart.com,Male,2003,Honda,Accord,New Orleans,Louisiana,70149,US,30.033,-89.8826,55131,Little-Donnelly,06/19/2025
873,Niki,Pakenham,npakenhamo8@archive.org,Female,1995,Oldsmobile,Ciera,Albany,New York,12222,US,42.6853,-73.8253,51122,"Parker, Morissette and Leffler",09/22/2022
874,Rickey,Bentzen,rbentzeno9@time.com,Male,1996,Mazda,626,New Orleans,Louisiana,70154,US,30.033,-89.8826,67953,Walter-Daugherty,05/02/2022
875,Phillip,Costen,pcostenoa@state.tx.us,Male,2005,Dodge,Caravan,Sacramento,California,95813,US,38.6026,-121.4475,43833,Howell Group,03/13/2025
876,Aurie,Trewin,atrewinob@wordpress.org,Female,2000,Hyundai,Accent,Washington,District of Columbia,56944,US,38.8952,-77.0365,50457,Okuneva Inc,03/14/2023
877,Karlan,Wharby,kwharbyoc@cyberchimps.com,Male,1991,Buick,LeSabre,Charlotte,North Carolina,28205,US,35.22,-80.7881,51430,Schmidt LLC,09/15/2024
878,Pepillo,Band,pbandod@instagram.com,Male,1985,Subaru,XT,Panama City,Florida,32412,US,30.2345,-85.692,60061,Spencer LLC,10/29/2024
879,Cathlene,Lowseley,clowseleyoe@china.com.cn,Female,2010,Suzuki,Grand Vitara,Melbourne,Florida,32919,US,28.3067,-80.6862,51431,Rippin LLC,02/27/2023
880,Deina,Glavin,dglavinof@umn.edu,Female,2004,Volkswagen,Phaeton,Mobile,Alabama,36622,US,30.6589,-88.178,45230,Dooley Group,04/22/2023
881,Timmie,Nystrom,tnystromog@163.com,Female,2003,Acura,MDX,Albuquerque,New Mexico,87180,US,35.0443,-106.6729,76093,Roob Group,12/22/2025
882,Normy,Byllam,nbyllamoh@hibu.com,Non-binary,2008,Ford,Focus,Jamaica,New York,11480,US,40.6914,-73.8061,46014,Kulas and Sons,02/28/2025
883,Munroe,Jimson,mjimsonoi@comcast.net,Male,2003,Toyota,Celica,Lexington,Kentucky,40510,US,38.0702,-84.591,46124,Pagac Group,08/25/2022
884,Haily,Hares,hharesoj@usnews.com,Non-binary,1999,Mitsubishi,Eclipse,Tulsa,Oklahoma,74103,US,36.1539,-95.9954,92492,Ritchie-Mayert,10/13/2024
885,Penn,Manuelli,pmanuelliok@addtoany.com,Male,2011,Porsche,Boxster,Des Moines,Iowa,50362,US,41.6727,-93.5722,68226,"Deckow, Connelly and Kuhic",03/17/2024
886,Malvina,Bentke,mbentkeol@1688.com,Female,1997,Volkswagen,Golf,Columbia,South Carolina,29215,US,34.006,-80.9708,90891,Hudson Inc,06/11/2022
887,Emmeline,Goodsall,egoodsallom@youtu.be,Female,2008,Mitsubishi,Outlander,Scottsdale,Arizona,85255,US,33.6968,-111.8892,62652,Reynolds-Armstrong,09/16/2022
888,Pren,Josefsen,pjosefsenon@godaddy.com,Male,1988,Porsche,911,Lynchburg,Virginia,24503,US,37.4376,-79.205,94768,Schumm Group,11/27/2023
889,Jereme,Landsborough,jlandsboroughoo@bing.com,Male,2012,Ford,E250,Chicago,Illinois,60619,US,41.7458,-87.6054,37234,"Stark, Johnston and Lindgren",08/16/2022
890,Jeanelle,Eastbury,jeastburyop@joomla.org,Female,1989,Lincoln,Continental,Louisville,Kentucky,40215,US,38.1913,-85.7847,54664,Wunsch-Barton,04/30/2023
891,Glennie,Leggitt,gleggittoq@timesonline.co.uk,Female,1997,Volvo,S90,New York City,New York,10029,US,40.7918,-73.9448,81036,"Veum, Flatley and Willms",01/02/2025
892,Annalee,Rickeard,arickeardor@gizmodo.com,Genderfluid,2006,Land Rover,Discovery,Melbourne,Florida,32941,US,27.9246,-80.5235,64447,"Stamm, Purdy and Schultz",12/16/2022
893,Lenci,Lamey,llameyos@si.edu,Male,2008,Ford,Taurus X,El Paso,Texas,88574,US,31.6948,-106.3,96483,Lakin Group,06/03/2023
894,Kelsi,Haslock(e),khaslockeot@army.mil,Female,2001,Hyundai,Santa Fe,Oklahoma City,Oklahoma,73173,US,35.3425,-97.6317,85500,Wunsch and Sons,09/14/2022
895,Morie,Hinrichsen,mhinrichsenou@thetimes.co.uk,Male,1994,Mercury,Capri,Cincinnati,Ohio,45238,US,39.1092,-84.6108,84360,"Feeney, Hermann and Hagenes",07/02/2024
896,Gilly,Cheverell,gcheverellov@mlb.com,Bigender,1991,Ford,Mustang,Spring,Texas,77386,US,30.1288,-95.4239,91032,Beer Group,12/19/2022
897,Symon,Buttner,sbuttnerow@typepad.com,Male,1996,Volkswagen,GTI,Omaha,Nebraska,68110,US,41.2933,-95.9361,86808,"Barrows, Cummerata and Lang",01/13/2024
898,Reeta,Lauxmann,rlauxmannox@yellowpages.com,Female,1997,Chevrolet,Express 3500,Jackson,Mississippi,39236,US,32.3113,-90.3972,55198,Dare-Wehner,12/28/2022
899,Felicle,Gallymore,fgallymoreoy@netlog.com,Female,2012,Nissan,Maxima,Portland,Oregon,97240,US,45.5806,-122.3748,89535,McGlynn-Hills,09/17/2022
900,Sonny,Simoncello,ssimoncellooz@exblog.jp,Male,1997,Dodge,Dakota,Austin,Texas,78710,US,30.352,-97.7151,73568,"Kunze, Oberbrunner and Schmitt",06/26/2023
901,Pete,Lissett,plissettp0@cornell.edu,Male,2010,Aston Martin,Rapide,Louisville,Kentucky,40215,US,38.1913,-85.7847,30506,Hickle-Halvorson,03/20/2023
902,Briano,Kennsley,bkennsleyp1@tiny.cc,Male,1998,Nissan,Altima,Knoxville,Tennessee,37931,US,35.9924,-84.1201,49756,Hettinger-Wintheiser,03/02/2025
903,Clara,Swayte,cswaytep2@over-blog.com,Female,2006,Honda,Ridgeline,Colorado Springs,Colorado,80910,US,38.8152,-104.7703,51901,"Murray, Kerluke and Senger",03/14/2024
904,Rand,Callander,rcallanderp3@adobe.com,Male,2008,Bentley,Continental Flying Spur,Washington,District of Columbia,20525,US,38.8933,-77.0146,60018,Padberg and Sons,08/09/2022
905,Aleda,Clooney,aclooneyp4@tripadvisor.com,Female,1996,Lincoln,Town Car,Louisville,Kentucky,40287,US,38.189,-85.6768,91765,"Volkman, Grimes and Johnston",06/28/2023
906,Donnell,McNess,dmcnessp5@businessinsider.com,Male,1994,Lincoln,Town Car,Philadelphia,Pennsylvania,19184,US,40.0018,-75.1179,77435,Gerlach-Batz,07/18/2024
907,Shaina,Kassidy,skassidyp6@prweb.com,Female,1998,Lexus,GS,Washington,District of Columbia,20551,US,38.892,-77.0452,38112,"Jakubowski, Lang and Ullrich",08/29/2024
908,Roz,Heisman,rheismanp7@ibm.com,Genderfluid,1994,Lincoln,Town Car,Knoxville,Tennessee,37914,US,35.9918,-83.8496,30433,Heidenreich-Lebsack,11/22/2025
909,Gordie,Arnason,garnasonp8@nih.gov,Male,2007,Chevrolet,Tahoe,Fort Smith,Arkansas,72916,US,35.2502,-94.3703,77634,Howe-Emard,03/12/2024
910,Daphene,Girardeau,dgirardeaup9@google.es,Female,2003,Dodge,Neon,Lake Charles,Louisiana,70607,US,30.1244,-93.1835,98746,"Pfannerstill, McLaughlin and Mraz",04/30/2024
911,Cinda,Barrott,cbarrottpa@census.gov,Female,2007,Nissan,Maxima,Lansing,Michigan,48956,US,42.7325,-84.5587,71696,Bernhard-Hyatt,06/13/2022
912,Eyde,Claypoole,eclaypoolepb@fema.gov,Female,2001,Lexus,GS,Albany,New York,12242,US,42.6149,-73.9708,89929,"Bergstrom, Cummerata and Ullrich",12/03/2024
913,Garvey,D'Antuoni,gdantuonipc@stumbleupon.com,Male,2007,Ford,Edge,Spokane,Washington,99220,US,47.6536,-117.4317,99872,Altenwerth-Kris,07/15/2023
914,Mathian,Turgoose,mturgoosepd@rakuten.co.jp,Polygender,2009,Maybach,57,El Paso,Texas,79928,US,31.6631,-106.1401,94371,Kling-Lockman,04/22/2025
915,Darlene,Van Leijs,dvanleijspe@cafepress.com,Female,1997,Infiniti,J,Pittsburgh,Pennsylvania,15235,US,40.4598,-79.8224,40609,Monahan-McLaughlin,03/18/2023
916,Riordan,Doe,rdoepf@google.ca,Bigender,2012,Bentley,Continental GT,Oklahoma City,Oklahoma,73114,US,35.5704,-97.5257,72537,Stracke Group,12/22/2022
917,Marie,McFarland,mmcfarlandpg@discuz.net,Female,2007,Dodge,Nitro,Fort Wayne,Indiana,46862,US,41.0938,-85.0707,59706,Schneider and Sons,08/19/2024
918,Gard,Colthard,gcolthardph@loc.gov,Male,2012,Dodge,Journey,New Orleans,Louisiana,70174,US,30.033,-89.8826,92717,Konopelski Group,09/08/2022
919,Courtney,Filyashin,cfilyashinpi@indiegogo.com,Female,1994,Toyota,Paseo,Charlotte,North Carolina,28278,US,35.2072,-80.9568,41805,Reichel-Howell,06/19/2024
920,Wallace,Kulvear,wkulvearpj@squidoo.com,Male,2010,Mercedes-Benz,SLK-Class,San Jose,California,95194,US,37.3894,-121.8868,89678,Homenick Group,08/31/2025
921,Bartholomeus,Dutch,bdutchpk@indiegogo.com,Male,1999,Daewoo,Nubira,Clearwater,Florida,34629,US,27.9654,-82.8001,84583,Weber-Weissnat,06/07/2022
922,Biddy,Truswell,btruswellpl@yellowpages.com,Female,1997,BMW,5 Series,Lincoln,Nebraska,68524,US,40.8529,-96.7943,42358,Kuphal LLC,07/18/2022
923,Nancy,Gilbody,ngilbodypm@cornell.edu,Agender,2004,Nissan,Maxima,San Francisco,California,94126,US,37.7848,-122.7278,56772,Runolfsdottir-Hickle,01/25/2023
924,Selena,Halladey,shalladeypn@comcast.net,Female,2007,Chevrolet,Malibu,Jamaica,New York,11447,US,40.6914,-73.8061,91193,"Kunze, Hartmann and Kunde",08/23/2022
925,Rodina,Crosetti,rcrosettipo@bloglines.com,Female,2006,Hyundai,Sonata,Salt Lake City,Utah,84105,US,40.7372,-111.8581,53066,"Grant, Spinka and Ruecker",02/01/2024
926,Dotti,Walbrook,dwalbrookpp@icio.us,Female,1999,Buick,LeSabre,Louisville,Kentucky,40205,US,38.2222,-85.6885,54051,"Hintz, Russel and Powlowski",07/26/2025
927,Annadiane,Gumb,agumbpq@com.com,Female,1992,Toyota,Tercel,Charlotte,North Carolina,28299,US,35.26,-80.8042,67072,Little Group,11/03/2023
928,Gabey,Aireton,gairetonpr@tmall.com,Female,1996,Lamborghini,Diablo,Grand Junction,Colorado,81505,US,39.1071,-108.5968,86981,"McDermott, Krajcik and Brown",10/21/2023
929,Sheffield,Yabsley,syabsleyps@ifeng.com,Male,2012,Chevrolet,Suburban 1500,Omaha,Nebraska,68134,US,41.2949,-96.0546,76849,Reichert and Sons,02/07/2024
930,Pascale,Kidder,pkidderpt@cnn.com,Male,2002,Mitsubishi,Challenger,Port Saint Lucie,Florida,34985,US,27.3822,-80.409,71496,Streich LLC,07/12/2024
931,Isador,Cowell,icowellpu@taobao.com,Male,2010,Ford,F350,Dallas,Texas,75226,US,32.7887,-96.7676,43471,"Flatley, Rohan and Mante",01/04/2025
932,Nikki,Sinclair,nsinclairpv@statcounter.com,Male,2007,Toyota,Tacoma,Santa Fe,New Mexico,87505,US,35.6219,-105.8688,76761,"Nitzsche, Botsford and Bartoletti",07/08/2024
933,Fredi,Grisewood,fgrisewoodpw@flickr.com,Female,1986,Subaru,XT,Louisville,Kentucky,40215,US,38.1913,-85.7847,54318,Dach LLC,04/09/2022
934,Pippo,Ellings,pellingspx@unblog.fr,Male,2009,Dodge,Grand Caravan,Saint Petersburg,Florida,33710,US,27.7898,-82.7243,60965,Marks Inc,07/16/2024
935,Horatio,Waghorne,hwaghornepy@lycos.com,Male,2007,Mercedes-Benz,SLK-Class,Arlington,Virginia,22205,US,38.8836,-77.1395,68645,O'Reilly Group,03/23/2022
936,Roxine,McPhee,rmcpheepz@xinhuanet.com,Female,1999,Suzuki,Vitara,Utica,New York,13505,US,43.0872,-75.2603,42520,"Lockman, Rau and Fisher",09/11/2022
937,Thorn,Lory,tloryq0@army.mil,Male,2011,Buick,Lucerne,Tulsa,Oklahoma,74141,US,36.1398,-96.0297,84625,"Denesik, Yundt and Schinner",03/03/2022
938,Cyrus,Loud,cloudq1@google.com.au,Male,2010,GMC,Canyon,Decatur,Georgia,30033,US,33.8123,-84.2819,45078,Marquardt-Pfannerstill,04/10/2022
939,Ringo,Delafont,rdelafontq2@unesco.org,Male,2007,Dodge,Ram 2500,Washington,District of Columbia,20425,US,38.8933,-77.0146,40019,Gorczany Group,11/22/2025
940,Gustavus,Mullinger,gmullingerq3@scientificamerican.com,Male,1986,Pontiac,Sunbird,Austin,Texas,78759,US,30.4036,-97.7526,82037,Beatty-Wisozk,11/01/2023
941,Lynne,Boyce,lboyceq4@wisc.edu,Female,2010,Mercedes-Benz,SLK-Class,Newton,Massachusetts,02162,US,42.3319,-71.254,93630,Herman-Goyette,08/02/2023
942,Arni,Bottrill,abottrillq5@cam.ac.uk,Male,2004,Land Rover,Range Rover,Tulsa,Oklahoma,74156,US,36.3024,-95.9605,67051,"Frami, Kautzer and Johnson",06/26/2024
943,Olva,Morican,omoricanq6@skype.com,Female,2000,Plymouth,Voyager,San Jose,California,95133,US,37.3729,-121.856,86756,Swift Group,07/11/2024
944,Land,Bussetti,lbussettiq7@storify.com,Male,2006,Mercedes-Benz,E-Class,Bronx,New York,10469,US,40.8702,-73.8495,78319,Orn and Sons,04/25/2024
945,Coralie,Drayn,cdraynq8@cyberchimps.com,Female,2005,Infiniti,FX,Los Angeles,California,90045,US,33.9631,-118.3941,33148,West-Marks,09/01/2022
946,Christian,Tiffney,ctiffneyq9@mail.ru,Male,1986,Buick,Skylark,Detroit,Michigan,48232,US,42.2399,-83.1508,91161,"Conroy, Collier and Berge",12/31/2025
947,Myrilla,Ulyet,mulyetqa@newsvine.com,Female,2001,Chrysler,Voyager,Bozeman,Montana,59771,US,45.7246,-111.1238,59276,Grady-Friesen,07/02/2024
948,Gregoor,Sent,gsentqb@thetimes.co.uk,Male,1992,Ford,Escort,Tucson,Arizona,85748,US,32.215,-110.7758,82991,"Corkery, Parker and Ernser",05/30/2024
949,Dugald,Espy,despyqc@so-net.ne.jp,Male,2011,Porsche,911,Laredo,Texas,78044,US,27.3637,-99.4819,97937,"Huels, Kulas and Kemmer",08/20/2025
950,Sybilla,Chaves,schavesqd@chicagotribune.com,Female,1991,Buick,Riviera,Tacoma,Washington,98481,US,47.0662,-122.1132,92732,Schaefer-Wisoky,06/07/2022
951,Meara,Morgans,mmorgansqe@harvard.edu,Female,1992,Chevrolet,G-Series G30,Pompano Beach,Florida,33075,US,26.1457,-80.4483,49419,Abshire Inc,07/06/2022
952,Celestia,Rzehor,crzehorqf@irs.gov,Genderqueer,2011,Chevrolet,Silverado 1500,El Paso,Texas,88553,US,31.6948,-106.3,95547,Kiehn-Schaefer,01/24/2024
953,Dimitry,Leyson,dleysonqg@virginia.edu,Male,2007,Ford,Focus,Pittsburgh,Pennsylvania,15286,US,40.4344,-80.0248,82159,Hansen-Reilly,11/16/2022
954,Dania,McNellis,dmcnellisqh@accuweather.com,Female,2007,Ford,Freestar,Springfield,Massachusetts,01129,US,42.1223,-72.4876,56668,Douglas-Hoeger,07/02/2025
955,Samara,John,sjohnqi@google.it,Female,1997,Mitsubishi,Galant,Washington,District of Columbia,20508,US,38.8933,-77.0146,50743,Gislason-Moore,09/15/2022
956,Wolfgang,Craze,wcrazeqj@cnn.com,Male,2008,Mercedes-Benz,SL-Class,Wichita,Kansas,67205,US,37.7639,-97.4269,70808,Kertzmann LLC,10/02/2022
957,Gui,Giovannardi,ggiovannardiqk@edublogs.org,Female,2011,Cadillac,CTS-V,Dallas,Texas,75353,US,32.7673,-96.7776,32039,"Ledner, Lynch and Hammes",07/31/2022
958,Remus,Sirette,rsiretteql@europa.eu,Male,1985,Ford,LTD,Memphis,Tennessee,38188,US,35.2017,-89.9715,92698,Pacocha-Doyle,07/22/2022
959,Bunnie,Gunton,bguntonqm@hexun.com,Female,2009,Audi,TT,Albuquerque,New Mexico,87121,US,35.0512,-106.7269,70015,Harvey-Skiles,12/15/2024
960,Arny,Tytherton,atythertonqn@vimeo.com,Male,2002,BMW,7 Series,Des Moines,Iowa,50320,US,41.5487,-93.5827,51350,Rolfson Group,08/15/2024
961,Ethe,Lorkin,elorkinqo@archive.org,Male,2009,Ferrari,612 Scaglietti,Virginia Beach,Virginia,23454,US,36.8282,-76.0237,93424,Dicki Inc,01/05/2024
962,Sherri,Fattorini,sfattoriniqp@facebook.com,Female,1964,Ford,Mustang,Detroit,Michigan,48295,US,42.2399,-83.1508,42974,"Wunsch, Hartmann and Rempel",04/16/2023
963,Milli,Chester,mchesterqq@japanpost.jp,Female,2000,Nissan,Sentra,Trenton,New Jersey,08695,US,40.2805,-74.712,80537,Crist and Sons,11/03/2022
964,Elka,Laraway,elarawayqr@wsj.com,Female,2012,Mercedes-Benz,Sprinter 2500,Alexandria,Louisiana,71307,US,31.2034,-92.5269,57992,Collins and Sons,07/04/2022
965,Shelby,Sibson,ssibsonqs@scribd.com,Female,2012,Audi,Q7,Kalamazoo,Michigan,49006,US,42.2922,-85.633,63486,Borer Group,08/19/2023
966,Kamilah,Milbourne,kmilbourneqt@t-online.de,Female,2003,Suzuki,Grand Vitara,Beaumont,Texas,77713,US,30.085,-94.2607,62254,King-Brown,05/01/2023
967,Park,Bilton,pbiltonqu@vistaprint.com,Male,1997,Pontiac,Bonneville,New Orleans,Louisiana,70124,US,30.0071,-90.1094,96907,Weimann LLC,05/07/2022
968,Ronnica,Borrett,rborrettqv@nyu.edu,Female,2012,GMC,Yukon XL 2500,Cleveland,Ohio,44130,US,41.3826,-81.7964,30732,"Breitenberg, Kub and Torp",12/24/2023
969,Johnathon,Gennings,jgenningsqw@dot.gov,Male,2009,Mercedes-Benz,C-Class,Buffalo,New York,14276,US,42.7684,-78.8871,57811,"Kling, Ferry and Turner",11/10/2022
970,Nat,Derricoat,nderricoatqx@shutterfly.com,Female,2001,Honda,S2000,Mobile,Alabama,36610,US,30.7309,-88.0789,52668,Runolfsdottir LLC,02/18/2024
971,Francisca,Haps,fhapsqy@arizona.edu,Female,2001,Mitsubishi,Eclipse,Phoenix,Arizona,85077,US,33.2765,-112.1872,79950,Reichel and Sons,03/20/2023
972,Lorrayne,Crookes,lcrookesqz@netscape.com,Female,2006,Mercury,Montego,Young America,Minnesota,55557,US,44.8055,-93.7665,93036,Heidenreich-Senger,01/31/2024
973,Cory,Bernardin,cbernardinr0@apache.org,Polygender,1997,Nissan,Sentra,Oklahoma City,Oklahoma,73197,US,35.5514,-97.4075,89066,"Grady, Luettgen and Gusikowski",02/05/2024
974,Phillie,Shrimpton,pshrimptonr1@webs.com,Female,1986,Mitsubishi,Mirage,Fort Lauderdale,Florida,33345,US,26.1654,-80.2959,42705,Crooks and Sons,02/06/2023
975,Colet,O'Duilleain,coduilleainr2@washington.edu,Male,2001,GMC,Sierra 2500,Raleigh,North Carolina,27621,US,35.7977,-78.6253,53545,Walsh-Murphy,08/23/2023
976,Jacquette,Juliff,jjuliffr3@hibu.com,Female,1992,Subaru,Loyale,Orlando,Florida,32819,US,28.4522,-81.4678,83578,Torphy-Thompson,10/21/2024
977,Maje,Axel,maxelr4@homestead.com,Agender,1995,Pontiac,Grand Prix,Chicago,Illinois,60641,US,41.9453,-87.7474,78844,"Wehner, Emmerich and Klocko",03/24/2025
978,Rhonda,Mendel,rmendelr5@ihg.com,Female,1999,Plymouth,Prowler,Indianapolis,Indiana,46221,US,39.7509,-86.1924,38740,Lakin Group,06/20/2022
979,Leonhard,Mainson,lmainsonr6@icio.us,Male,1993,Chrysler,Town & Country,Harrisburg,Pennsylvania,17126,US,40.2618,-76.88,97455,"Hilll, Lakin and Franecki",01/30/2025
980,Bree,Jacques,bjacquesr7@comcast.net,Female,2004,Chevrolet,Venture,Sioux Falls,South Dakota,57110,US,43.5486,-96.6332,77439,Robel LLC,04/14/2022
981,Eugenie,Gostridge,egostridger8@google.it,Female,2013,Scion,tC,New York City,New York,10275,US,40.7808,-73.9772,56433,"Hickle, Harvey and Will",08/15/2022
982,Becka,De Benedictis,bdebenedictisr9@chronoengine.com,Female,1989,Lexus,LS,Plano,Texas,75074,US,33.0277,-96.6777,46881,"Bahringer, Abernathy and Schinner",12/14/2023
983,Cletus,Cottingham,ccottinghamra@fc2.com,Male,2012,Chevrolet,Volt,Hialeah,Florida,33018,US,25.9098,-80.3889,72329,Hyatt-Satterfield,11/26/2023
984,Rory,Boorn,rboornrb@toplist.cz,Male,2006,Bentley,Arnage,Minneapolis,Minnesota,55407,US,44.9378,-93.2545,97909,"Mayert, Nicolas and Conn",01/09/2025
985,Ange,Liepmann,aliepmannrc@unicef.org,Male,2012,Toyota,Sienna,Des Moines,Iowa,50393,US,41.6727,-93.5722,73460,"Schuster, Cassin and Baumbach",06/14/2022
986,Faulkner,Rumsey,frumseyrd@mediafire.com,Male,2003,Jeep,Wrangler,Manassas,Virginia,22111,US,38.7202,-77.4391,37087,"Kertzmann, Mosciski and Turner",02/15/2023
987,Minerva,Gleeton,mgleetonre@uol.com.br,Female,2000,Dodge,Ram Van 3500,Sioux Falls,South Dakota,57105,US,43.524,-96.7341,74558,Ortiz and Sons,01/23/2023
988,Delila,Fanton,dfantonrf@fc2.com,Female,2007,Chevrolet,Equinox,Washington,District of Columbia,20319,US,38.8667,-77.0166,97727,Schowalter and Sons,08/01/2023
989,Philomena,Tamburo,ptamburorg@github.com,Female,2012,Cadillac,CTS-V,Naples,Florida,33963,US,26.2626,-81.8071,88197,Reichert-Ward,08/21/2025
990,Gerald,Keedy,gkeedyrh@surveymonkey.com,Male,1999,Subaru,Impreza,Richmond,California,94807,US,37.7772,-121.9554,89772,Parisian-Dickens,02/22/2024
991,Chloe,Hill,chillri@blogtalkradio.com,Genderqueer,1993,Nissan,Altima,El Paso,Texas,79955,US,31.6948,-106.3,65863,Franecki-Lubowitz,06/10/2024
992,Lauren,Legh,lleghrj@ustream.tv,Female,2009,Saab,9-7X,Las Vegas,Nevada,89166,US,36.3265,-115.3398,95710,"Volkman, Strosin and Bahringer",07/06/2025
993,Norri,McGaughey,nmcgaugheyrk@rakuten.co.jp,Female,2007,BMW,6 Series,Evansville,Indiana,47737,US,37.9971,-87.575,62808,Corwin Group,10/26/2022
994,Lucian,Tabner,ltabnerrl@google.com,Male,1989,Mitsubishi,Chariot,Atlanta,Georgia,30311,US,33.723,-84.4702,63113,"Ferry, Feeney and McDermott",05/26/2022
995,Noland,Cockram,ncockramrm@feedburner.com,Male,1992,GMC,Suburban 1500,Denver,Colorado,80235,US,39.6472,-105.0795,30879,Shields and Sons,02/22/2022
996,Kirby,McCloch,kmcclochrn@dell.com,Male,2006,Mitsubishi,Endeavor,Shreveport,Louisiana,71161,US,32.6076,-93.7526,93550,Skiles-Schultz,03/28/2024
997,Golda,Goodhew,ggoodhewro@youku.com,Female,2007,Dodge,Charger,Escondido,California,92030,US,33.0169,-116.846,98203,Mohr-Prohaska,10/14/2024
998,Irvine,Stubbs,istubbsrp@wiley.com,Male,1986,Chevrolet,Corvette,Pittsburgh,Pennsylvania,15220,US,40.4181,-80.0526,33757,Romaguera and Sons,04/03/2024
999,Conan,Domenici,cdomenicirq@answers.com,Male,2011,Mazda,Mazdaspeed 3,Aurora,Colorado,80045,US,39.7467,-104.8384,43136,"Stracke, Orn and Cassin",10/22/2025
1000,Tuckie,Arnald,tarnaldrr@mail.ru,Male,2008,Nissan,Maxima,Oklahoma City,Oklahoma,73157,US,35.5514,-97.4075,83280,"Feil, Gutkowski and Boyer",04/24/2024
