id,firstName,lastName,email,gender,carYear,automobileMake,automobileModel,customerRegion,customerState,customerPostal,customerCountry_ISO2,customerRegionLatitude,ownerRegionLongitude,automobilePrice,customer,purchaseDate
1,Raleigh,Aviss,raviss0@adobe.com,Bigender,2004,Toyota,Sequoia,Santa Ana,California,92705,US,33.754,-117.7919,40368,"Hessel, Mosciski and Gislason",02/18/2022
2,Aldrich,Mattimoe,amattimoe1@blogspot.com,Male,1991,Mazda,929,Reno,Nevada,89505,US,39.5224,-119.8353,69846,"Effertz, Streich and Cruickshank",06/27/2023
3,Chris,Sollowaye,csollowaye2@joomla.org,Female,2006,Kia,Spectra5,El Paso,Texas,79999,US,31.6948,-106.3,43106,Kshlerin-Cole,01/21/2023
4,Maddy,Johnigan,mjohnigan3@unc.edu,Male,2010,Ford,E350,Paterson,New Jersey,07544,US,41.0114,-74.3048,41633,Mueller-Barrows,02/06/2023
5,Nerte,Scanlon,nscanlon4@nytimes.com,Genderfluid,2012,Acura,TSX,Plano,Texas,75074,US,33.0277,-96.6777,90896,Harris-Nitzsche,06/10/2025
6,Britt,Winscomb,bwinscomb5@blog.com,Female,1992,Chrysler,New Yorker,Waterbury,Connecticut,06705,US,41.5503,-72.9963,87170,"Keeling, Rohan and Turcotte",03/03/2023
7,Alejoa,Meatcher,ameatcher6@topsy.com,Male,1999,Lexus,RX,Louisville,Kentucky,40233,US,38.189,-85.6768,68454,"Pfannerstill, Schumm and Mertz",03/01/2024
8,Pollyanna,Pavic,ppavic7@state.gov,Female,2009,Ferrari,California,Pensacola,Florida,32526,US,30.4756,-87.3179,58955,Senger-Ritchie,08/18/2023
9,Willey,Wiffen,wwiffen8@feedburner.com,Genderfluid,1999,GMC,Sierra 1500,Portland,Oregon,97229,US,45.5483,-122.8276,47452,Morissette-Reichert,08/06/2025
10,Milt,Claypoole,mclaypoole9@canalblog.com,Male,2011,Infiniti,FX,Lexington,Kentucky,40546,US,38.0283,-84.4715,61143,Hintz-Mills,12/22/2025
11,Glenda,Hayley,ghayleya@livejournal.com,Female,2009,GMC,Canyon,Newton,Massachusetts,02162,US,42.3319,-71.254,80767,Stark LLC,03/26/2023
12,Dick,Danks,ddanksb@ftc.gov,Male,2010,Ford,Crown Victoria,Indianapolis,Indiana,46207,US,39.7673,-86.1606,95084,"Moore, Cruickshank and Bosco",02/09/2023
13,Constanta,Evesque,cevesquec@sohu.com,Female,2000,Saab,9-5,Whittier,California,90610,US,33.7866,-118.2987,41030,Jast and Sons,04/10/2023
14,Lorne,Cometto,lcomettod@networksolutions.com,Female,1989,Toyota,Truck Xtracab SR5,Huntsville,Alabama,35815,US,34.734,-86.5229,86814,"Stiedemann, Rodriguez and Ankunding",11/13/2025
15,Katleen,Brunstan,kbrunstane@bizjournals.com,Female,2001,Mitsubishi,Challenger,New York City,New York,10029,US,40.7918,-73.9448,96378,Feil-Veum,02/28/2025
16,Rita,Parminter,rparminterf@marriott.com,Female,2003,Toyota,Avalon,Stockton,California,95298,US,37.9577,-121.2897,71636,Ernser and Sons,02/01/2022
17,Ibrahim,Creasy,icreasyg@nih.gov,Male,2005,GMC,Envoy XL,Laredo,Texas,78044,US,27.3637,-99.4819,62062,Gleichner-Ankunding,03/07/2023
18,Aldon,Conlaund,aconlaundh@list-manage.com,Male,2012,Nissan,Murano,Columbia,Missouri,65218,US,38.9033,-92.1022,31379,"Watsica, Corkery and Jacobson",12/21/2025
19,Amelia,Mathivet,amathiveti@liveinternet.ru,Female,1994,Chevrolet,Sportvan G30,Wichita,Kansas,67215,US,37.6333,-97.425,93611,Wisozk and Sons,01/05/2023
20,Cary,Langmuir,clangmuirj@oaic.gov.au,Male,1999,Chevrolet,Venture,Richmond,Virginia,23293,US,37.5242,-77.4932,89311,McGlynn-Wuckert,09/30/2023
21,Lynne,Baudic,lbaudick@ox.ac.uk,Female,1999,Mazda,B-Series Plus,Columbus,Georgia,31904,US,32.5161,-84.9785,41299,Trantow Group,10/31/2023
22,Nikolaos,Dresche,ndreschel@noaa.gov,Male,2000,Cadillac,Eldorado,New York City,New York,10039,US,40.8265,-73.9383,83700,Purdy-Hoppe,07/30/2024
23,Claiborne,Kondratovich,ckondratovichm@hp.com,Male,2001,Volkswagen,New Beetle,Hattiesburg,Mississippi,39404,US,31.1721,-89.2948,39299,"Goyette, Berge and Veum",05/14/2022
24,Myrle,Jancy,mjancyn@usnews.com,Polygender,2009,Suzuki,Equator,Sacramento,California,94286,US,38.3774,-121.4444,53886,McDermott-Spencer,10/31/2025
25,Clayson,Thurlby,cthurlbyo@goodreads.com,Male,1986,Lotus,Esprit,Fort Lauderdale,Florida,33305,US,26.1497,-80.1229,88190,"Beahan, Zboncak and Russel",02/05/2024
26,Cobbie,Tommis,ctommisp@abc.net.au,Male,1997,Toyota,Celica,Pittsburgh,Pennsylvania,15230,US,40.4344,-80.0248,77970,O'Kon Group,10/27/2024
27,Delmore,Senton,dsentonq@feedburner.com,Male,2011,Aston Martin,Rapide,Orlando,Florida,32891,US,28.5663,-81.2608,72137,Lebsack-Marvin,11/28/2025
28,Hannis,Egdale,hegdaler@wix.com,Female,1998,Mazda,Millenia,Seattle,Washington,98104,US,47.6036,-122.3256,71792,"Bosco, Hahn and Cruickshank",09/02/2023
29,Hi,Gadesby,hgadesbys@boston.com,Male,2007,Mazda,CX-9,Indianapolis,Indiana,46216,US,39.8647,-86.0136,47945,"Schulist, Dooley and Yost",10/10/2022
30,Danette,Chevins,dchevinst@pinterest.com,Female,2010,Subaru,Legacy,Sacramento,California,94297,US,38.3774,-121.4444,76905,Powlowski LLC,08/03/2025
31,Liam,Hubery,lhuberyu@toplist.cz,Male,2000,Saturn,S-Series,San Diego,California,92105,US,32.7423,-117.0947,83199,Hilpert and Sons,08/21/2024
32,Lilia,Scorer,lscorerv@omniture.com,Female,2007,Lexus,GS,Maple Plain,Minnesota,55572,US,45.0159,-93.4719,88474,Stroman and Sons,12/03/2022
33,Reggi,Sealy,rsealyw@t.co,Female,1993,Dodge,Stealth,Fort Worth,Texas,76198,US,32.7714,-97.2915,92394,Ruecker Inc,12/24/2024
34,Rawley,Gasgarth,rgasgarthx@oaic.gov.au,Male,1999,Volvo,S80,Arlington,Texas,76096,US,32.7714,-97.2915,93507,Marquardt-Treutel,02/07/2023
35,Broderick,Lovstrom,blovstromy@wisc.edu,Male,1993,Chevrolet,Cavalier,Saint Louis,Missouri,63126,US,38.5495,-90.3811,85017,Durgan-Nolan,10/10/2024
36,Nelson,Huggan,nhugganz@nih.gov,Male,2011,Buick,LaCrosse,Roanoke,Virginia,24009,US,37.2742,-79.9579,30211,Romaguera Inc,12/06/2025
37,Neil,Reast,nreast10@hibu.com,Male,2003,Chevrolet,Tahoe,Kansas City,Kansas,66160,US,39.0966,-94.7495,94440,"Schimmel, Lindgren and Lebsack",10/26/2022
38,Cass,Michael,cmichael11@cisco.com,Male,2006,Hummer,H1,Fort Wayne,Indiana,46814,US,41.0456,-85.3058,83401,"Lockman, Anderson and Gleason",03/11/2023
39,Cary,Diack,cdiack12@dropbox.com,Female,2005,Honda,Civic,Brooklyn,New York,11254,US,40.6451,-73.945,41836,Powlowski-Cummings,07/18/2024
40,Yettie,Banck,ybanck13@prnewswire.com,Female,2011,BMW,Z4,Austin,Texas,78754,US,30.3423,-97.6673,72763,Prohaska-Powlowski,12/13/2025
41,Isacco,Houseago,ihouseago14@over-blog.com,Male,2010,Acura,RL,Washington,District of Columbia,20370,US,38.8933,-77.0146,58102,"Towne, Mitchell and Hettinger",01/29/2023
42,Avis,Woolner,awoolner15@mashable.com,Female,2005,Toyota,Highlander,Kansas City,Missouri,64114,US,38.9621,-94.5959,80961,"Predovic, Swift and Von",09/07/2023
43,Brandie,Sinott,bsinott16@freewebs.com,Bigender,1993,Dodge,D150 Club,Jamaica,New York,11431,US,40.6869,-73.8501,97150,Schuster-Harris,10/15/2025
44,Brook,Fairhall,bfairhall17@reddit.com,Male,1989,Mazda,MX-6,Katy,Texas,77493,US,29.8678,-95.8298,57861,Ferry Group,10/04/2023
45,Dannie,McJarrow,dmcjarrow18@opensource.org,Female,1996,Infiniti,G,Palatine,Illinois,60078,US,41.8119,-87.6873,84395,Kilback LLC,09/26/2022
46,Kent,McNamee,kmcnamee19@360.cn,Male,2007,Suzuki,XL7,Las Vegas,Nevada,89120,US,36.0914,-115.0885,62057,Carroll Inc,07/08/2023
47,Munmro,Chalder,mchalder1a@smh.com.au,Male,2011,Bentley,Mulsanne,Dallas,Texas,75367,US,32.7673,-96.7776,75063,Treutel Inc,12/24/2025
48,Sherman,Whitewood,swhitewood1b@mapy.cz,Male,2009,Dodge,Nitro,Houston,Texas,77090,US,30.0167,-95.447,40222,O'Hara-Maggio,05/26/2024
49,Rachel,Leadbeatter,rleadbeatter1c@qq.com,Female,2012,Nissan,Xterra,Topeka,Kansas,66611,US,39.0142,-95.6982,68510,Schmeler Group,09/08/2025
50,Delcine,Dives,ddives1d@baidu.com,Female,2003,Nissan,Maxima,Pompano Beach,Florida,33069,US,26.2288,-80.1635,60894,"Becker, Shanahan and Rempel",12/18/2024
51,Faina,Blackshaw,fblackshaw1e@bbc.co.uk,Female,1998,Subaru,Legacy,Washington,District of Columbia,20370,US,38.8933,-77.0146,58772,Nader-Yundt,06/19/2023
52,Kimmie,Willerstone,kwillerstone1f@histats.com,Female,2004,Jeep,Wrangler,Chicago,Illinois,60663,US,41.8119,-87.6873,95542,Boehm-Schmitt,11/11/2022
53,Augustus,Broom,abroom1g@hc360.com,Bigender,1994,Dodge,Ram Wagon B150,North Las Vegas,Nevada,89087,US,36.2204,-115.1458,76958,Runolfsdottir Inc,01/23/2026
54,Adriaens,Beddoe,abeddoe1h@marriott.com,Agender,1993,Hyundai,Scoupe,Saint Petersburg,Florida,33710,US,27.7898,-82.7243,39037,"Block, Hilpert and Goodwin",02/24/2022
55,Missie,Paybody,mpaybody1i@1und1.de,Female,1965,Chevrolet,Corvette,Wichita,Kansas,67210,US,37.6379,-97.2613,72777,Crona and Sons,11/23/2024
56,Adriano,Craw,acraw1j@wordpress.org,Male,2006,Chevrolet,Colorado,Roanoke,Virginia,24009,US,37.2742,-79.9579,44141,Baumbach-Langosh,04/20/2022
57,Rinaldo,Sackler,rsackler1k@dmoz.org,Male,2010,Nissan,Titan,Richmond,Virginia,23203,US,37.5593,-77.4471,97417,Corwin Inc,04/03/2024
58,Mick,Jaulme,mjaulme1l@posterous.com,Male,1989,Ford,Tempo,Cleveland,Ohio,44197,US,41.6857,-81.6728,55421,Hintz-Satterfield,11/06/2023
59,Bobine,Pimer,bpimer1m@desdev.cn,Female,1996,Pontiac,Firebird,Richmond,Virginia,23225,US,37.5158,-77.5047,57647,"Moore, Fahey and MacGyver",07/20/2023
60,Bee,Simmill,bsimmill1n@webnode.com,Female,1999,Isuzu,Hombre Space,Tulsa,Oklahoma,74184,US,36.1398,-96.0297,47235,Schulist-Lang,03/19/2025
61,Antin,Abbison,aabbison1o@ifeng.com,Male,2000,Chrysler,Sebring,Maple Plain,Minnesota,55572,US,45.0159,-93.4719,42115,Armstrong-Oberbrunner,04/20/2024
62,Audie,Abraham,aabraham1p@ed.gov,Female,1989,Maserati,228,Washington,District of Columbia,20057,US,38.8933,-77.0146,79359,Legros Inc,04/07/2023
63,Gill,Adlem,gadlem1q@ovh.net,Male,1987,Mazda,Familia,Kent,Washington,98042,US,47.368,-122.1206,52680,"Becker, Runte and Hammes",04/20/2025
64,Meg,Calveley,mcalveley1r@qq.com,Female,1996,Dodge,Ram 2500,Topeka,Kansas,66667,US,39.0429,-95.7697,77180,"Rippin, D'Amore and Hickle",01/01/2024
65,Allx,Treppas,atreppas1s@oaic.gov.au,Female,2012,Volkswagen,CC,Dallas,Texas,75241,US,32.6722,-96.7774,39305,Moore and Sons,07/08/2022
66,Celie,Dursley,cdursley1t@mit.edu,Female,2001,Chevrolet,Corvette,North Las Vegas,Nevada,89036,US,35.9279,-114.9721,39365,"Vandervort, Leannon and Yost",03/13/2023
67,Ingelbert,Trickett,itrickett1u@berkeley.edu,Male,1987,Buick,Skylark,New York City,New York,10170,US,40.7526,-73.9755,35922,"Kunde, Schmidt and Stehr",09/16/2025
68,Gretal,Bayley,gbayley1v@mac.com,Female,1990,Volkswagen,Cabriolet,Denver,Colorado,80243,US,39.7388,-104.4083,36706,Brekke-Casper,06/23/2023
69,Garwood,Slixby,gslixby1w@jalbum.net,Male,1995,Toyota,Paseo,Katy,Texas,77493,US,29.8678,-95.8298,92763,Hagenes Group,12/03/2023
70,King,Brookesbie,kbrookesbie1x@tmall.com,Male,2008,Honda,Element,Mansfield,Ohio,44905,US,40.7779,-82.4613,81924,"Rau, Waters and McClure",03/07/2023
71,Christean,Connow,cconnow1y@skype.com,Female,1987,Pontiac,Sunbird,Denver,Colorado,80235,US,39.6472,-105.0795,47961,Blick Inc,11/23/2023
72,Kipp,Smaile,ksmaile1z@phpbb.com,Female,2010,Mazda,Mazda5,Tucson,Arizona,85710,US,32.2138,-110.824,63228,"Roberts, Renner and McLaughlin",07/27/2024
73,Tommi,Yates,tyates20@lulu.com,Female,2012,Porsche,Cayenne,Littleton,Colorado,80161,US,39.7388,-104.4083,92937,Smitham Inc,10/11/2025
74,Sonja,Perroni,sperroni21@bandcamp.com,Female,1986,Audi,4000s Quattro,Pasadena,California,91125,US,33.7866,-118.2987,52187,"Rolfson, Jacobs and Pfeffer",04/14/2023
75,Theodosia,McKern,tmckern22@go.com,Female,2009,Subaru,Tribeca,San Mateo,California,94405,US,37.3811,-122.3348,55292,"Nikolaus, Terry and Hayes",07/01/2025
76,Rebe,McClean,rmcclean23@livejournal.com,Agender,2007,Mazda,Mazda5,Austin,Texas,78721,US,30.2721,-97.6868,69800,Tremblay-Hickle,08/30/2023
77,Constantine,Eggleton,ceggleton24@goo.gl,Genderqueer,2001,Daewoo,Nubira,Atlanta,Georgia,30386,US,33.8444,-84.474,90097,Mills and Sons,02/14/2023
78,Milly,Bellerby,mbellerby25@youku.com,Female,2012,Toyota,FJ Cruiser,Saint Paul,Minnesota,55123,US,44.806,-93.1409,61076,"Bartoletti, Howe and Breitenberg",04/13/2025
79,Chaunce,Dudny,cdudny26@oracle.com,Male,1987,Lincoln,Town Car,Syracuse,New York,13224,US,43.0421,-76.1046,98683,Oberbrunner and Sons,07/03/2023
80,Kaye,Pembery,kpembery27@goo.gl,Female,2004,Kia,Optima,Sacramento,California,94286,US,38.3774,-121.4444,30045,Towne-Orn,04/09/2024
81,Dominik,Beardsell,dbeardsell28@webmd.com,Male,2000,Acura,Integra,Corpus Christi,Texas,78470,US,27.777,-97.4632,77845,Nicolas-Pouros,08/29/2025
82,Hetty,Ingreda,hingreda29@nsw.gov.au,Polygender,2002,Oldsmobile,Silhouette,Southfield,Michigan,48076,US,42.4981,-83.2058,97201,"O'Kon, Bosco and Monahan",03/21/2022
83,Quent,Kempston,qkempston2a@unicef.org,Male,1998,Pontiac,Trans Sport,San Diego,California,92191,US,33.0169,-116.846,96306,"Ryan, Botsford and Goldner",06/02/2025
84,Manon,Poundford,mpoundford2b@zimbio.com,Female,2011,Ford,Expedition EL,Fresno,California,93786,US,36.7464,-119.6397,57408,Lesch LLC,05/19/2022
85,Fowler,Weepers,fweepers2c@addthis.com,Male,1990,Mazda,MPV,Silver Spring,Maryland,20918,US,39.144,-77.2076,89699,Murazik Inc,03/16/2023
86,Ugo,Brimelow,ubrimelow2d@xrea.com,Male,2012,Maybach,57,Tampa,Florida,33615,US,28.0081,-82.5805,74797,Funk-Corkery,03/01/2024
87,Nicolas,Patillo,npatillo2e@msn.com,Male,2010,Toyota,Prius,Newport News,Virginia,23605,US,37.0156,-76.4332,99469,Cole and Sons,05/20/2025
88,Hillel,Ferroni,hferroni2f@taobao.com,Male,2002,Mazda,Tribute,Irvine,California,92717,US,33.6462,-117.8398,51022,Schultz LLC,03/20/2023
89,Betti,Clows,bclows2g@typepad.com,Female,2011,Mercedes-Benz,M-Class,Memphis,Tennessee,38168,US,35.2017,-89.9715,53836,Renner-Nienow,11/12/2025
90,Marja,Channon,mchannon2h@sciencedaily.com,Female,2012,Audi,S4,Indianapolis,Indiana,46239,US,39.7265,-86.0005,37050,Abshire Inc,12/17/2022
91,Joanne,Bentham3,jbentham2i@toplist.cz,Female,1997,Oldsmobile,Silhouette,Portland,Oregon,97211,US,45.5653,-122.6448,43596,Jakubowski LLC,01/11/2025
92,Dennis,Hallows,dhallows2j@angelfire.com,Male,2011,GMC,Savana,Stamford,Connecticut,06912,US,41.3089,-73.3637,51616,"Beatty, Runte and Connelly",06/06/2022
93,Torrey,Millett,tmillett2k@stumbleupon.com,Polygender,2009,Hyundai,Santa Fe,Harrisburg,Pennsylvania,17105,US,40.2785,-76.8752,82638,"Roberts, Bins and Prosacco",09/25/2025
94,Harwilll,Mackrell,hmackrell2l@ebay.com,Male,2008,Scion,tC,Colorado Springs,Colorado,80920,US,38.9497,-104.767,55527,"Graham, Hammes and Pollich",10/13/2022
95,Josie,Rallin,jrallin2m@flavors.me,Female,2003,Nissan,Sentra,Washington,District of Columbia,20268,US,38.8933,-77.0146,44973,Koepp Inc,07/10/2024
96,Petra,Margaritelli,pmargaritelli2n@dedecms.com,Genderqueer,1997,Infiniti,Q,Cape Coral,Florida,33915,US,26.6599,-81.8934,52329,"Roberts, Borer and Friesen",04/01/2022
97,Lezley,Levet,llevet2o@privacy.gov.au,Male,2001,Lincoln,Continental,Baltimore,Maryland,21239,US,39.361,-76.5891,32280,"Dietrich, Goyette and Mante",07/03/2022
98,Jillie,Karpenko,jkarpenko2p@soundcloud.com,Female,2004,Chevrolet,Silverado 1500,Vienna,Virginia,22184,US,38.8318,-77.2888,43219,Dickinson-Koepp,03/01/2022
99,Gerri,Graalmans,ggraalmans2q@barnesandnoble.com,Male,2011,Volvo,XC70,Mobile,Alabama,36689,US,30.6589,-88.178,93440,Jast Inc,09/04/2022
100,Reinhard,Guttridge,rguttridge2r@mlb.com,Male,1993,Land Rover,Range Rover,Chula Vista,California,91913,US,32.6513,-116.9852,78511,Dickinson-Littel,06/02/2022
101,Lyndsie,Bretland,lbretland2s@sitemeter.com,Female,2006,Suzuki,Daewoo Magnus,Spokane,Washington,99215,US,47.6536,-117.4317,34758,Armstrong-Goyette,05/29/2024
102,Charissa,Pawelczyk,cpawelczyk2t@psu.edu,Female,2010,Mercedes-Benz,S-Class,Tampa,Florida,33633,US,27.872,-82.4388,31899,Marks Group,06/22/2023
103,Karmen,Watkins,kwatkins2u@fastcompany.com,Female,2009,Mercedes-Benz,CL65 AMG,Philadelphia,Pennsylvania,19191,US,40.0018,-75.1179,91881,Yost and Sons,10/19/2025
104,Townie,Noice,tnoice2v@un.org,Male,2006,Chevrolet,Colorado,Madison,Wisconsin,53716,US,43.0631,-89.3133,77530,Moen Group,11/06/2023
105,Cassey,Yanyushkin,cyanyushkin2w@chron.com,Bigender,2006,Honda,S2000,San Antonio,Texas,78205,US,29.4237,-98.4925,58962,Ebert-Schmeler,06/04/2022
106,Kacy,Collough,kcollough2x@google.pl,Female,2002,Mercedes-Benz,SLK-Class,Atlanta,Georgia,30386,US,33.8444,-84.474,54961,Frami LLC,02/10/2025
107,Sharyl,Challis,schallis2y@icio.us,Female,1988,Mercury,Topaz,Jamaica,New York,11480,US,40.6914,-73.8061,43334,Walter Group,06/22/2022
108,Astrid,Boylin,aboylin2z@wufoo.com,Female,1995,Nissan,Altima,Irvine,California,92619,US,33.6706,-117.7645,60457,Gerlach-Beahan,11/26/2024
109,Jacqui,Brecknell,jbrecknell30@deliciousdays.com,Female,1993,Mercedes-Benz,300CE,Sacramento,California,94280,US,38.3774,-121.4444,95485,Hoppe-Stanton,08/06/2023
110,Dennis,McCosh,dmccosh31@ucsd.edu,Male,1999,Volvo,V70,Cincinnati,Ohio,45271,US,39.1668,-84.5382,93100,Quitzon-Labadie,08/16/2024
111,Stephana,Ducarne,sducarne32@columbia.edu,Female,2010,Dodge,Nitro,Salt Lake City,Utah,84170,US,40.6681,-111.9083,68401,"Feeney, Ledner and Hauck",08/15/2022
112,Nealson,Queste,nqueste33@ning.com,Male,2000,Mercury,Mystique,Los Angeles,California,90076,US,33.7866,-118.2987,63429,"Feeney, Gusikowski and Stehr",05/08/2025
113,Jobyna,MacCaughan,jmaccaughan34@t-online.de,Female,2013,Volvo,XC90,Philadelphia,Pennsylvania,19141,US,40.0365,-75.1451,53066,Conn Group,11/17/2025
114,Ryley,Sayes,rsayes35@fda.gov,Male,2005,Toyota,Solara,Birmingham,Alabama,35236,US,33.5446,-86.9292,44261,"Klocko, Gusikowski and Jerde",05/29/2024
115,Chas,Odda,codda36@upenn.edu,Male,2005,Mazda,Mazda6,Kansas City,Kansas,66160,US,39.0966,-94.7495,84608,Wolff LLC,04/13/2025
116,Estele,Turtle,eturtle37@github.io,Female,1986,Mercury,Marquis,Plano,Texas,75074,US,33.0277,-96.6777,69552,Gulgowski-Bailey,11/08/2025
117,Mayer,Haithwaite,mhaithwaite38@fc2.com,Male,2004,Suzuki,Verona,Richmond,Virginia,23272,US,37.5242,-77.4932,81649,Auer and Sons,04/23/2025
118,Celinda,Jurries,cjurries39@slideshare.net,Female,2004,Chevrolet,Avalanche 2500,Lake Charles,Louisiana,70607,US,30.1244,-93.1835,39579,Smith and Sons,03/04/2023
119,Esra,Waiting,ewaiting3a@mayoclinic.com,Male,2001,Lexus,GS,Atlanta,Georgia,30358,US,33.9982,-84.3411,78996,Schiller Inc,09/14/2023
120,Ches,Pilpovic,cpilpovic3b@quantcast.com,Male,1996,Lincoln,Town Car,Moreno Valley,California,92555,US,33.9377,-117.1851,63390,Walter and Sons,03/07/2025
121,Ban,Clue,bclue3c@craigslist.org,Male,1997,Ford,Crown Victoria,Washington,District of Columbia,20425,US,38.8933,-77.0146,89261,Romaguera Inc,07/07/2025
122,Joachim,Tomsu,jtomsu3d@fastcompany.com,Male,2010,Porsche,Boxster,Atlanta,Georgia,30316,US,33.7217,-84.3339,38925,Feil-Rippin,12/02/2022
123,Rosalia,Edward,redward3e@redcross.org,Female,1990,Honda,Civic,Des Moines,Iowa,50347,US,41.6727,-93.5722,34924,Reichert and Sons,08/08/2022
124,Simeon,Fache,sfache3f@liveinternet.ru,Male,2005,Cadillac,Escalade ESV,Springfield,Virginia,22156,US,38.8318,-77.2888,97158,"Botsford, Bruen and Goldner",11/13/2025
125,Eric,Stonbridge,estonbridge3g@cornell.edu,Male,2003,Mazda,Tribute,San Antonio,Texas,78265,US,29.4375,-98.4616,30443,"Kautzer, Murray and Schmitt",09/27/2024
126,Madalena,Rubroe,mrubroe3h@github.com,Female,1999,Mitsubishi,Galant,Tulsa,Oklahoma,74141,US,36.1398,-96.0297,80220,Morar-Hansen,06/01/2023
127,Thoma,Laslett,tlaslett3i@ebay.co.uk,Male,1996,Ford,Thunderbird,Hattiesburg,Mississippi,39404,US,31.1721,-89.2948,90624,Huels-Ritchie,12/08/2025
128,Risa,Kender,rkender3j@clickbank.net,Female,2009,GMC,Sierra,Sacramento,California,94291,US,38.3774,-121.4444,37502,Morar Group,10/31/2022
129,Marcos,Aldwick,maldwick3k@dyndns.org,Male,2004,Dodge,Viper,Sacramento,California,94207,US,38.3774,-121.4444,90222,Lowe-O'Reilly,07/09/2023
130,Lefty,Santacrole,lsantacrole3l@csmonitor.com,Male,1995,Nissan,Altima,Charleston,West Virginia,25321,US,38.2968,-81.5547,61692,Bahringer and Sons,04/09/2023
131,Jae,Enoksson,jenoksson3m@fc2.com,Genderfluid,1994,Honda,Prelude,Columbia,South Carolina,29208,US,33.9937,-81.0199,47042,Ledner LLC,09/27/2023
132,Orazio,Nisuis,onisuis3n@behance.net,Male,2008,Chevrolet,TrailBlazer,New York City,New York,10115,US,40.8111,-73.9642,48689,Denesik LLC,09/02/2022
133,West,Sillett,wsillett3o@salon.com,Male,2002,Mercury,Grand Marquis,Denver,Colorado,80204,US,39.734,-105.0259,72364,Murray-Cartwright,07/02/2023
134,Any,Rowet,arowet3p@rediff.com,Male,1997,GMC,Savana 2500,Amarillo,Texas,79105,US,35.4015,-101.8951,38669,Collins Inc,02/23/2024
135,Vasilis,Sill,vsill3q@google.fr,Male,1968,Pontiac,GTO,Columbia,Missouri,65218,US,38.9033,-92.1022,72903,Heathcote Group,05/18/2024
136,Francene,Beldan,fbeldan3r@google.fr,Female,2010,Nissan,Versa,Memphis,Tennessee,38136,US,35.2017,-89.9715,92846,Rosenbaum Group,09/10/2025
137,Conant,Alden,calden3s@newyorker.com,Male,2000,Honda,S2000,El Paso,Texas,79916,US,31.7444,-106.2879,64947,Mueller-Bartell,04/23/2024
138,Adi,Medcalf,amedcalf3t@newsvine.com,Female,1998,BMW,M3,Omaha,Nebraska,68164,US,41.2955,-96.1008,30769,"Turcotte, Gerhold and Reilly",06/29/2023
139,Bettine,Longmire,blongmire3u@linkedin.com,Female,2007,Chevrolet,Express 3500,Sacramento,California,95838,US,38.6406,-121.444,88720,Conn Inc,05/23/2025
140,Nari,Barbrook,nbarbrook3v@issuu.com,Female,2000,Land Rover,Discovery,Jacksonville,Florida,32225,US,30.351,-81.5061,44631,"Lehner, Zulauf and Wisozk",01/04/2024
141,Ade,Ruperto,aruperto3w@census.gov,Male,2006,Audi,TT,Salt Lake City,Utah,84120,US,40.695,-112.0001,35477,Dare-Hyatt,05/10/2025
142,Griswold,Camelli,gcamelli3x@123-reg.co.uk,Male,2000,Ford,Taurus,Boise,Idaho,83757,US,43.4599,-116.244,61372,O'Conner Group,10/30/2022
143,Pren,Langstrath,plangstrath3y@themeforest.net,Male,1999,Chevrolet,Tahoe,Birmingham,Alabama,35215,US,33.6493,-86.7057,69431,Collier and Sons,01/18/2024
144,Marje,Wisdish,mwisdish3z@nydailynews.com,Female,2008,Subaru,Legacy,Marietta,Georgia,30061,US,33.9328,-84.556,92721,Olson-Tremblay,03/10/2024
145,Elton,Benoiton,ebenoiton40@wordpress.org,Male,1994,Isuzu,Space,Wilmington,Delaware,19892,US,39.5645,-75.597,73201,"Flatley, Spinka and Ullrich",11/22/2022
146,Claudelle,Suttill,csuttill41@mail.ru,Female,2008,Nissan,Frontier,Miami,Florida,33283,US,25.5584,-80.4582,69983,Bruen and Sons,01/20/2025
147,Eliot,Vaisey,evaisey42@youku.com,Male,2011,Nissan,Altima,Washington,District of Columbia,20041,US,38.8933,-77.0146,52143,Balistreri Group,02/27/2024
148,Renae,Hicken,rhicken43@gizmodo.com,Female,1994,Toyota,Supra,Lynchburg,Virginia,24515,US,37.4009,-79.1785,71639,"Schumm, Stracke and Gleason",07/14/2025
149,Melanie,Filpi,mfilpi44@ezinearticles.com,Female,1989,Ford,Laser,Saint Louis,Missouri,63131,US,38.6171,-90.4504,31614,Cummerata-Harber,12/21/2022
150,Garald,Ducker,gducker45@bbc.co.uk,Male,2001,Ford,Escort,Houston,Texas,77245,US,29.834,-95.4342,60164,Nikolaus Inc,03/21/2023
151,Ephrem,Pomphrey,epomphrey46@artisteer.com,Male,2002,Honda,Insight,Seattle,Washington,98166,US,47.4511,-122.353,35378,Boehm-Rice,09/03/2025
152,Denna,Burner,dburner47@geocities.jp,Female,1993,Toyota,Celica,Pittsburgh,Pennsylvania,15230,US,40.4344,-80.0248,61193,O'Kon-Nolan,01/19/2024
153,Annnora,Hinstock,ahinstock48@china.com.cn,Female,1991,Pontiac,Firebird,Washington,District of Columbia,20231,US,38.8933,-77.0146,58375,Gulgowski Group,07/15/2022
154,Vic,Fronzek,vfronzek49@cisco.com,Male,2005,Infiniti,Q,Roanoke,Virginia,24029,US,37.2742,-79.9579,38300,Greenfelder Inc,02/22/2022
155,Karole,Matschke,kmatschke4a@posterous.com,Female,2012,Scion,xD,Des Moines,Iowa,50936,US,41.6727,-93.5722,57105,Jacobson-Stamm,06/26/2025
156,Verne,Calan,vcalan4b@alexa.com,Male,1999,Pontiac,Sunfire,Erie,Pennsylvania,16510,US,42.1087,-79.9535,77452,Jerde-White,05/04/2022
157,Brandie,Allett,ballett4c@dot.gov,Female,2009,Kia,Sedona,East Saint Louis,Illinois,62205,US,38.6149,-90.1275,84546,"Koss, Boyer and Zieme",04/13/2023
158,Todd,Tompsett,ttompsett4d@gravatar.com,Male,2002,Jeep,Liberty,Boston,Massachusetts,02114,US,42.3611,-71.0682,53666,Bruen-Jakubowski,06/23/2024
159,Dukey,Sambrok,dsambrok4e@opera.com,Male,1998,Chevrolet,G-Series 2500,Augusta,Georgia,30905,US,33.413,-82.1337,76492,Schamberger-Cartwright,06/21/2024
160,Charil,Iacovielli,ciacovielli4f@nbcnews.com,Female,1998,Kia,Sportage,Portland,Oregon,97240,US,45.5806,-122.3748,75915,Hahn-Luettgen,02/09/2025
161,Zechariah,Felmingham,zfelmingham4g@odnoklassniki.ru,Genderqueer,1972,Ford,Thunderbird,Baltimore,Maryland,21203,US,39.2847,-76.6205,86050,"Dickinson, Williamson and Schoen",03/08/2023
162,Sanders,Chimienti,schimienti4h@ihg.com,Male,1995,Kia,Sportage,Madison,Wisconsin,53790,US,43.0696,-89.4239,86113,Lind-Barrows,01/26/2024
163,Garfield,Satyford,gsatyford4i@marketwatch.com,Male,2009,GMC,Sierra,Santa Barbara,California,93106,US,34.4329,-119.8371,55858,"Pfeffer, O'Keefe and Bechtelar",02/03/2023
164,Tait,Ashborne,tashborne4j@forbes.com,Male,2008,Chevrolet,HHR,Raleigh,North Carolina,27635,US,35.7977,-78.6253,35397,Schoen LLC,04/01/2023
165,Mic,Dansken,mdansken4k@zdnet.com,Male,1972,Chevrolet,Corvette,Austin,Texas,78726,US,30.43,-97.8326,53208,"Pfeffer, Kilback and Kuhn",09/03/2022
166,Freddy,McMurthy,fmcmurthy4l@reddit.com,Agender,2005,Mitsubishi,Montero,Brooklyn,New York,11215,US,40.6669,-73.9828,95277,Mraz-Donnelly,04/30/2022
167,Benny,Johl,bjohl4m@scientificamerican.com,Male,1972,Citroën,SM,Hollywood,Florida,33023,US,25.9894,-80.2153,69240,"Murazik, Nolan and Cummings",01/30/2023
168,Garth,McGilbon,gmcgilbon4n@google.com.hk,Male,2007,Dodge,Dakota,Hialeah,Florida,33013,US,25.8594,-80.2725,83206,Romaguera LLC,11/17/2025
169,Arabelle,Shawyer,ashawyer4o@behance.net,Female,2013,Infiniti,JX,San Francisco,California,94154,US,37.7848,-122.7278,99312,Treutel and Sons,11/01/2022
170,Roseann,Harse,rharse4p@cisco.com,Female,1991,Ford,Thunderbird,Lakeland,Florida,33811,US,27.9865,-82.0139,99615,Beier-Hickle,08/11/2025
171,Ahmad,Blevin,ablevin4q@digg.com,Male,1984,Ford,Bronco II,Fairfax,Virginia,22036,US,38.7351,-77.0796,30139,"Bergnaum, Pacocha and Conroy",06/19/2022
172,Maurice,McConnulty,mmcconnulty4r@va.gov,Male,1996,Audi,A4,Reno,Nevada,89595,US,40.5412,-119.5869,68157,Marks LLC,01/25/2023
173,Ivette,Figgures,ifiggures4s@purevolume.com,Female,2001,Subaru,Outback,Washington,District of Columbia,20557,US,38.8874,-77.0047,34303,"Larson, Koepp and Kunze",03/08/2023
174,Brena,O'Scollain,boscollain4t@blogspot.com,Female,2008,Nissan,Xterra,Colorado Springs,Colorado,80920,US,38.9497,-104.767,64688,Green-Witting,11/04/2024
175,Shawn,Meaking,smeaking4u@reverbnation.com,Female,1987,Mazda,Familia,Charleston,West Virginia,25321,US,38.2968,-81.5547,91469,Schroeder LLC,12/24/2023
176,Torrie,Scase,tscase4v@guardian.co.uk,Female,1998,Pontiac,Grand Prix,Woburn,Massachusetts,01813,US,42.4464,-71.4594,61892,Balistreri-Kling,04/10/2022
177,Henry,King,hking4w@pen.io,Male,2008,Land Rover,Discovery,San Antonio,Texas,78210,US,29.3977,-98.4658,32189,"Lakin, Gerlach and Jast",12/29/2023
178,Janie,Rother,jrother4x@google.co.jp,Female,1989,Lamborghini,Countach,Salt Lake City,Utah,84140,US,40.7713,-111.9309,83109,Altenwerth-Waelchi,01/03/2026
179,Phyllis,Matura,pmatura4y@reddit.com,Female,2010,Land Rover,Discovery,Fort Wayne,Indiana,46867,US,41.0938,-85.0707,97110,Ortiz-Becker,03/20/2023
180,Mireille,Yeatman,myeatman4z@hatena.ne.jp,Female,2002,Buick,LeSabre,Atlanta,Georgia,30358,US,33.9982,-84.3411,86040,Carter Group,07/02/2024
181,Osbourne,Alderwick,oalderwick50@prlog.org,Male,2006,GMC,Envoy XL,Lubbock,Texas,79405,US,33.571,-101.8507,90987,"Stokes, Crona and Monahan",08/26/2024
182,Bill,Dellenbrook,bdellenbrook51@miibeian.gov.cn,Male,2009,Lincoln,MKX,Lakewood,Washington,98498,US,47.1591,-122.5485,62146,Schneider-Johnston,11/25/2024
183,Andrew,Fenelon,afenelon52@cbsnews.com,Male,1996,GMC,Savana 3500,Boston,Massachusetts,02298,US,42.3823,-71.0323,54952,Hauck Group,01/31/2023
184,Hans,Veysey,hveysey53@canalblog.com,Male,1989,Mitsubishi,Excel,Largo,Florida,34643,US,27.881,-82.7619,81628,"Abernathy, Reichert and Lynch",12/08/2024
185,Annis,Scrannage,ascrannage54@purevolume.com,Female,2009,Volvo,XC90,Appleton,Wisconsin,54915,US,44.2425,-88.3564,53709,Durgan LLC,09/29/2025
186,Hewie,Latan,hlatan55@hugedomains.com,Male,1995,Buick,Riviera,Charleston,South Carolina,29403,US,32.7976,-79.9493,37584,"Heathcote, Ferry and Schumm",09/17/2022
187,Merell,Diter,mditer56@pcworld.com,Male,1997,Dodge,Ram 2500,Naples,Florida,34108,US,26.2416,-81.8071,59242,Gleason Group,04/13/2022
188,Bentlee,Scroyton,bscroyton57@upenn.edu,Male,2005,Toyota,Highlander,New Orleans,Louisiana,70187,US,30.033,-89.8826,93216,Blanda-Vandervort,06/04/2024
189,Raynell,O'Sharry,rosharry58@yahoo.co.jp,Female,2012,Ferrari,FF,Trenton,New Jersey,08619,US,40.2418,-74.6962,66881,"McCullough, Runolfsdottir and Gerlach",12/07/2022
190,Annadiana,Sherwin,asherwin59@chronoengine.com,Female,2006,Bentley,Continental Flying Spur,Buffalo,New York,14205,US,42.7684,-78.8871,60743,Herman-Boehm,11/19/2025
191,Tannie,Kirgan,tkirgan5a@ted.com,Male,2002,Mercedes-Benz,CLK-Class,Kent,Washington,98042,US,47.368,-122.1206,41841,Dare-Stanton,08/27/2023
192,Jereme,Boadby,jboadby5b@tripadvisor.com,Male,2012,Nissan,Titan,Birmingham,Alabama,35254,US,33.5446,-86.9292,51952,"Cassin, Dickinson and Ondricka",05/08/2022
193,Quintus,Simcock,qsimcock5c@dedecms.com,Agender,1999,Isuzu,Trooper,Houston,Texas,77055,US,29.7971,-95.4958,35607,Batz-Lowe,08/28/2024
194,Maryl,Strangwood,mstrangwood5d@zdnet.com,Female,1993,Chevrolet,Camaro,Dallas,Texas,75353,US,32.7673,-96.7776,47562,Quitzon and Sons,06/29/2022
195,Fanya,Dimmer,fdimmer5e@howstuffworks.com,Bigender,1994,Pontiac,Bonneville,Chattanooga,Tennessee,37405,US,35.0768,-85.3082,92034,"Grady, Smith and Smitham",05/26/2023
196,Enriqueta,Bridell,ebridell5f@dailymail.co.uk,Female,1993,Oldsmobile,Bravada,Lansing,Michigan,48912,US,42.7371,-84.5244,86438,Toy-Davis,02/25/2023
197,Bret,Esch,besch5g@webmd.com,Male,1997,Honda,Passport,Tulsa,Oklahoma,74184,US,36.1398,-96.0297,81547,"Willms, Jacobs and Bogisich",03/01/2025
198,Peadar,Wyon,pwyon5h@linkedin.com,Male,2010,Toyota,Tacoma,Washington,District of Columbia,20425,US,38.8933,-77.0146,78212,Shanahan-Streich,12/19/2025
199,Bathsheba,Harrower,bharrower5i@tiny.cc,Female,1993,Pontiac,Firebird,Newark,Delaware,19725,US,39.5645,-75.597,39300,"Padberg, Lind and Kuvalis",03/02/2022
200,Britteny,Mc Grath,bmcgrath5j@sun.com,Female,2005,Buick,Terraza,Young America,Minnesota,55573,US,45.0159,-93.4719,91005,Wunsch-Bogan,02/16/2022
201,Eveline,Blare,eblare5k@1688.com,Female,2008,Subaru,Impreza,Clearwater,Florida,34629,US,27.9654,-82.8001,59423,Jenkins-Miller,12/14/2022
202,Coraline,Mewe,cmewe5l@tinyurl.com,Female,1994,Pontiac,Bonneville,Saint Paul,Minnesota,55166,US,45.0059,-93.1059,70880,Quigley LLC,07/27/2024
203,Rozella,Bento,rbento5m@example.com,Female,1998,Mitsubishi,Montero Sport,Memphis,Tennessee,38143,US,35.2017,-89.9715,69300,"Balistreri, Kilback and Lynch",04/20/2024
204,Livvie,Vanichev,lvanichev5n@yolasite.com,Female,1996,Dodge,Ram 1500,Lake Charles,Louisiana,70616,US,30.2642,-93.3265,44870,"Jones, Hahn and Pouros",06/23/2023
205,Thane,Foley,tfoley5o@technorati.com,Male,1993,Ford,Econoline E350,Baltimore,Maryland,21275,US,39.2847,-76.6205,45757,Gerhold-Rice,07/22/2024
206,Shaughn,Cornforth,scornforth5p@techcrunch.com,Genderfluid,1992,Acura,Vigor,Huntington,West Virginia,25711,US,38.4134,-82.2774,52823,Hilll-Zieme,12/28/2025
207,Natty,Cliburn,ncliburn5q@ox.ac.uk,Female,1988,Ford,Mustang,New York City,New York,10165,US,40.7524,-73.9791,43748,"Glover, Rau and Casper",08/29/2023
208,Berni,Blankau,bblankau5r@mysql.com,Female,1999,Kia,Sephia,Portland,Oregon,97286,US,45.5806,-122.3748,95375,Morissette-Bartell,01/05/2023
209,Alva,Vasilov,avasilov5s@instagram.com,Agender,1998,Mercury,Tracer,Colorado Springs,Colorado,80915,US,38.8558,-104.7134,52276,"Shanahan, Smith and Conn",10/19/2022
210,Renee,Crosfeld,rcrosfeld5t@twitpic.com,Female,1993,Geo,Metro,Columbus,Ohio,43210,US,40.0028,-83.0164,67670,Douglas and Sons,10/06/2022
211,Ollie,Kropach,okropach5u@toplist.cz,Female,2009,Ford,F250,Albany,New York,12232,US,42.6149,-73.9708,74488,Gottlieb-Carroll,06/07/2024
212,Adrien,Vinsen,avinsen5v@bandcamp.com,Male,1988,Chevrolet,Corvette,Shawnee Mission,Kansas,66210,US,38.9273,-94.7143,75960,Kozey and Sons,05/01/2022
213,Gael,Lorraine,glorraine5w@naver.com,Male,2010,Cadillac,Escalade EXT,Waterbury,Connecticut,06726,US,41.3657,-72.9275,64308,Mertz-Monahan,06/16/2025
214,Cori,Alred,calred5x@g.co,Female,1996,Cadillac,Seville,Moreno Valley,California,92555,US,33.9377,-117.1851,45758,Collins and Sons,06/07/2022
215,Kare,Yegorev,kyegorev5y@spotify.com,Female,1998,Chrysler,Town & Country,Boise,Idaho,83727,US,43.4599,-116.244,60501,O'Keefe LLC,06/30/2024
216,Aurlie,Merrison,amerrison5z@intel.com,Female,2010,Mercury,Grand Marquis,Portsmouth,New Hampshire,00214,US,43.0059,-71.0132,34580,O'Connell and Sons,01/09/2024
217,Salomon,Cheake,scheake60@smh.com.au,Male,2001,Dodge,Viper,Peoria,Illinois,61656,US,40.7442,-89.7184,53821,"Harvey, Rodriguez and Buckridge",05/22/2025
218,Adrien,Iggalden,aiggalden61@wix.com,Male,1997,GMC,2500,Great Neck,New York,11024,US,40.8171,-73.7416,97168,McClure Group,02/22/2024
219,Rheta,Brodley,rbrodley62@google.pl,Female,2012,Lincoln,MKZ,Roanoke,Virginia,24040,US,37.2742,-79.9579,67926,"Glover, Tillman and Hahn",10/10/2024
220,Dannye,Langman,dlangman63@nba.com,Female,1994,Toyota,Tercel,Philadelphia,Pennsylvania,19104,US,39.9597,-75.2024,74732,Kozey and Sons,03/23/2025
221,Orlando,Handrek,ohandrek64@bizjournals.com,Male,1994,Chrysler,New Yorker,Hagerstown,Maryland,21747,US,39.5207,-77.9162,67735,Schiller-Ziemann,05/08/2025
222,Doreen,Reder,dreder65@sourceforge.net,Female,1999,Chevrolet,Prizm,Lynchburg,Virginia,24503,US,37.4376,-79.205,80342,"Armstrong, McDermott and Corwin",10/06/2022
223,Herbert,O'Sheilds,hosheilds66@wp.com,Male,2010,MINI,Clubman,Mobile,Alabama,36628,US,30.6589,-88.178,65616,"Kertzmann, Walter and Gleichner",03/24/2025
224,Miguela,Heather,mheather67@yellowpages.com,Female,2000,Toyota,Celica,Bethesda,Maryland,20892,US,39.0024,-77.1034,74636,"Legros, Aufderhar and Reilly",03/26/2025
225,Winslow,Bolzmann,wbolzmann68@wordpress.com,Male,2002,Volvo,S80,Los Angeles,California,90030,US,33.7866,-118.2987,58452,Dare-Langosh,10/19/2023
226,Mead,Willars,mwillars69@umn.edu,Female,2007,Suzuki,Forenza,Dearborn,Michigan,48126,US,42.3349,-83.1801,82767,Hansen LLC,10/13/2022
227,Cobbie,Napolione,cnapolione6a@narod.ru,Male,1990,Maserati,Karif,Louisville,Kentucky,40293,US,38.189,-85.6768,36332,Hansen-Bechtelar,03/26/2024
228,Godiva,Bleibaum,gbleibaum6b@g.co,Female,1994,Ford,Aerostar,Alhambra,California,91841,US,33.7866,-118.2987,98191,Huels-Klocko,12/03/2024
229,Land,Drife,ldrife6c@dion.ne.jp,Genderqueer,2006,Ford,E150,Huntington,West Virginia,25721,US,38.4134,-82.2774,51333,Klein-Fahey,02/14/2022
230,Quentin,Drakeford,qdrakeford6d@ibm.com,Female,2009,BMW,Z4 M Roadster,Kansas City,Missouri,64190,US,39.3432,-94.8516,36594,"Gusikowski, Mitchell and Carter",04/03/2025
231,Jill,Sharkey,jsharkey6e@live.com,Female,2009,Chevrolet,HHR,Indianapolis,Indiana,46221,US,39.7509,-86.1924,50560,Hirthe and Sons,05/16/2023
232,Susie,Priestland,spriestland6f@cnn.com,Female,1987,Mercury,Topaz,Ocala,Florida,34479,US,29.2541,-82.1095,57326,"Wolff, Champlin and Stokes",02/06/2023
233,Yolane,Thursby,ythursby6g@opensource.org,Female,1998,Dodge,Durango,Des Moines,Iowa,50320,US,41.5487,-93.5827,57215,"Mills, Christiansen and Brown",05/15/2024
234,Fanchette,Hemms,fhemms6h@theglobeandmail.com,Female,2009,Honda,Element,Washington,District of Columbia,20442,US,38.896,-77.0177,92387,Jenkins Inc,02/15/2024
235,Isabelle,Reston,ireston6i@aboutads.info,Female,2012,GMC,Sierra,Lincoln,Nebraska,68510,US,40.8063,-96.6545,54556,Wisozk-Bartell,02/23/2023
236,Raddie,Pitkaithly,rpitkaithly6j@google.com.au,Male,2004,Subaru,Outback,Alexandria,Virginia,22313,US,38.8158,-77.09,41085,Lesch LLC,12/08/2024
237,Thaine,Capenor,tcapenor6k@webs.com,Male,2012,Ferrari,458 Italia,Reading,Pennsylvania,19605,US,40.3886,-75.9328,58928,Kessler Group,02/22/2025
238,Aloysius,Josefs,ajosefs6l@aol.com,Male,2009,Mazda,RX-8,Reno,Nevada,89595,US,40.5412,-119.5869,32484,Larson and Sons,09/22/2022
239,Karlens,O'Cannon,kocannon6m@icio.us,Male,1995,Volkswagen,Golf,Oakland,California,94627,US,37.6802,-121.9215,89300,Welch-Zulauf,11/18/2022
240,Elden,Bridat,ebridat6n@gov.uk,Male,1986,Pontiac,Grand Am,San Francisco,California,94147,US,37.7848,-122.7278,58993,Hodkiewicz-Kirlin,06/21/2025
241,Ashby,Lung,alung6o@4shared.com,Male,2004,Isuzu,Axiom,Tucson,Arizona,85725,US,31.9701,-111.8907,34677,Roob LLC,12/05/2023
242,Christiane,Rosell,crosell6p@usgs.gov,Female,1994,Mitsubishi,Montero,Irvine,California,92612,US,33.6607,-117.8264,49308,Jacobs-Fisher,06/23/2025
243,Amabelle,Pozer,apozer6q@tripadvisor.com,Female,1989,Mazda,B-Series,Louisville,Kentucky,40287,US,38.189,-85.6768,91469,"Schamberger, Beier and Bins",05/17/2023
244,Katina,Tortice,ktortice6r@csmonitor.com,Non-binary,2005,Nissan,Murano,Fort Worth,Texas,76147,US,32.7714,-97.2915,67472,Koch-Bernier,06/19/2022
245,Colline,Halliwell,challiwell6s@narod.ru,Female,2005,Dodge,Grand Caravan,San Diego,California,92196,US,33.0169,-116.846,43425,Lind Inc,11/10/2024
246,Georgeanna,Kitchenside,gkitchenside6t@gov.uk,Female,1999,Honda,Passport,El Paso,Texas,79934,US,31.9386,-106.4073,58659,"Shields, Hoeger and Cartwright",06/05/2022
247,Clemence,Tipton,ctipton6u@prnewswire.com,Female,2006,Honda,CR-V,Garden Grove,California,92844,US,33.7661,-117.9738,63822,Walker-Schumm,10/28/2025
248,Miquela,Gandar,mgandar6v@nyu.edu,Female,2002,Chevrolet,Monte Carlo,Davenport,Iowa,52809,US,41.613,-90.6063,98594,Ankunding-Harris,04/22/2025
249,Bernardo,Stolte,bstolte6w@disqus.com,Male,2006,Aston Martin,Vanquish S,Montgomery,Alabama,36119,US,32.2334,-86.2085,42550,"Rutherford, Bins and Leffler",04/25/2024
250,Alecia,Minigo,aminigo6x@google.ru,Female,1994,Dodge,Ram 3500,Naperville,Illinois,60567,US,41.8397,-88.0887,30266,"Schuppe, Walsh and VonRueden",02/03/2022
251,Em,Bockett,ebockett6y@kickstarter.com,Male,2010,Scion,xB,Arlington,Texas,76096,US,32.7714,-97.2915,33411,Konopelski-Heller,04/16/2025
252,Alfy,Loach,aloach6z@house.gov,Female,2008,Nissan,Xterra,Spring Hill,Florida,34611,US,28.5642,-82.4165,36768,Haag Inc,08/16/2024
253,Karita,Pockey,kpockey70@princeton.edu,Female,2006,Land Rover,Range Rover,Columbus,Ohio,43220,US,40.0495,-83.0669,79796,Leannon Group,02/05/2023
254,Leeland,Kitteridge,lkitteridge71@state.gov,Male,1987,Subaru,Leone,Miami,Florida,33153,US,25.8655,-80.1936,30572,"Kub, Smitham and Leannon",03/07/2025
255,Jory,Remer,jremer72@bluehost.com,Male,1999,Ford,Ranger,Jacksonville,Florida,32259,US,30.0956,-81.6217,73296,"Roberts, Rosenbaum and Quigley",08/21/2022
256,Erhart,Queste,equeste73@latimes.com,Male,1989,Mazda,MX-6,Louisville,Kentucky,40225,US,38.189,-85.6768,92447,Hand Inc,12/17/2023
257,Kaine,Gudyer,kgudyer74@tripadvisor.com,Male,2004,Toyota,Tacoma,Chicago,Illinois,60691,US,41.8119,-87.6873,69790,"Leffler, Prosacco and Konopelski",08/29/2022
258,Granger,Ellingford,gellingford75@nymag.com,Male,1996,Mitsubishi,GTO,Lincoln,Nebraska,68505,US,40.8247,-96.6252,82669,"Daugherty, Prosacco and Stracke",07/11/2024
259,Agnese,Ogan,aogan76@dell.com,Female,2004,Dodge,Dakota,Dallas,Texas,75353,US,32.7673,-96.7776,38757,Greenfelder-Veum,02/11/2023
260,Lyman,Turland,lturland77@toplist.cz,Male,1995,Hyundai,Elantra,Fullerton,California,92835,US,33.8994,-117.9063,78935,Pouros-Padberg,11/12/2025
261,Allister,Gingles,agingles78@chronoengine.com,Male,1997,Buick,Regal,Oklahoma City,Oklahoma,73124,US,35.5514,-97.4075,40408,Lowe-Ledner,07/22/2025
262,Beatrix,Peyro,bpeyro79@cpanel.net,Female,1965,Ford,Thunderbird,Boise,Idaho,83711,US,43.4599,-116.244,99911,Jast Inc,05/07/2025
263,Rawley,Habberjam,rhabberjam7a@mashable.com,Male,2006,Lexus,GS,Arlington,Texas,76096,US,32.7714,-97.2915,31126,Zemlak-Mitchell,06/01/2025
264,Cazzie,Kenna,ckenna7b@admin.ch,Male,1998,Mercury,Sable,North Hollywood,California,91606,US,34.1872,-118.3865,83897,Mraz and Sons,06/14/2025
265,Averell,Toderbrugge,atoderbrugge7c@google.co.uk,Male,2009,Mercury,Mountaineer,El Paso,Texas,79905,US,31.7674,-106.4304,55015,Franecki-Dare,06/09/2025
266,Gretal,Ouldcott,gouldcott7d@histats.com,Female,2005,Jaguar,XJ Series,Bloomington,Illinois,61709,US,40.4614,-88.953,47049,Adams Group,07/14/2025
267,Saloma,De Vaan,sdevaan7e@ucsd.edu,Female,2006,Bentley,Continental Flying Spur,Northridge,California,91328,US,33.7866,-118.2987,86151,Jones Inc,11/20/2025
268,Rollins,Luna,rluna7f@sciencedaily.com,Male,1991,Mercury,Topaz,Atlanta,Georgia,30351,US,33.8444,-84.474,67388,Zemlak Inc,10/29/2025
269,Ethe,Arnley,earnley7g@usatoday.com,Male,1994,Chevrolet,Caprice Classic,Cincinnati,Ohio,45271,US,39.1668,-84.5382,32825,Mertz LLC,05/20/2024
270,Edgardo,Finney,efinney7h@constantcontact.com,Male,1992,Mercedes-Benz,500E,Bradenton,Florida,34210,US,27.4544,-82.6358,89448,"Heidenreich, Dickinson and Schuster",05/19/2022
271,Aridatha,Corder,acorder7i@boston.com,Female,2011,Audi,Q7,Ocala,Florida,34474,US,29.1565,-82.2095,40960,Ebert and Sons,08/29/2024
272,Roseanna,McGrane,rmcgrane7j@ucsd.edu,Female,2011,Ford,Transit Connect,Austin,Texas,78703,US,30.2907,-97.7648,78182,Spencer-Hauck,08/05/2025
273,Lanna,Halvorsen,lhalvorsen7k@indiatimes.com,Female,2004,GMC,Yukon XL 1500,Bronx,New York,10474,US,40.8139,-73.8841,77843,Orn-Lesch,05/26/2023
274,Fey,Flarity,fflarity7l@indiatimes.com,Female,1990,Mercury,Cougar,Denver,Colorado,80249,US,39.7783,-104.7556,43026,Rogahn-Cassin,05/06/2023
275,Isidore,Spendlove,ispendlove7m@photobucket.com,Male,2003,Ford,Escape,Charlotte,North Carolina,28230,US,35.26,-80.8042,47365,Gorczany Inc,07/28/2022
276,Rowney,Fulloway,rfulloway7n@linkedin.com,Male,2000,Audi,A8,Charlotte,North Carolina,28210,US,35.1316,-80.8577,35899,Reichel and Sons,04/03/2022
277,Consuelo,Youde,cyoude7o@vimeo.com,Female,1993,Toyota,Previa,Fort Smith,Arkansas,72916,US,35.2502,-94.3703,74510,Wehner Group,04/23/2024
278,Fayina,Novacek,fnovacek7p@posterous.com,Female,2006,Mazda,Mazdaspeed6,Jackson,Mississippi,39204,US,32.2832,-90.2306,86980,Mayert and Sons,02/07/2024
279,Isabelita,Dilworth,idilworth7q@desdev.cn,Female,2005,Mercedes-Benz,CLK-Class,Terre Haute,Indiana,47805,US,39.5327,-87.3255,64284,Douglas-Jerde,12/09/2022
280,Gerty,Rahlof,grahlof7r@slate.com,Female,2008,Lexus,GX,Norfolk,Virginia,23509,US,36.8787,-76.2604,95096,Doyle-Botsford,07/24/2022
281,Brittne,Bernini,bbernini7s@barnesandnoble.com,Female,2001,Volvo,S60,Trenton,New Jersey,08603,US,40.2805,-74.712,94767,Cronin-Paucek,11/09/2022
282,Jerrie,Beattie,jbeattie7t@digg.com,Non-binary,1991,Land Rover,Range Rover,Saint Joseph,Missouri,64504,US,39.7076,-94.8677,83498,Haley-Collier,02/11/2022
283,Garvin,Lindholm,glindholm7u@japanpost.jp,Male,2012,Cadillac,CTS,Arlington,Texas,76011,US,32.7582,-97.1003,88758,"Purdy, Walker and Nader",12/10/2024
284,Minna,Corpes,mcorpes7v@facebook.com,Female,2002,Mercury,Villager,Midland,Texas,79705,US,32.0295,-102.0915,63005,Mills LLC,10/16/2025
285,Ava,Mepsted,amepsted7w@ask.com,Female,1992,Buick,Coachbuilder,Miami,Florida,33245,US,25.5584,-80.4582,47661,Bernier-Fritsch,08/21/2025
286,Jerry,Stennard,jstennard7x@list-manage.com,Female,2010,Ferrari,458 Italia,Reston,Virginia,22096,US,38.8318,-77.2888,73696,Conn and Sons,10/13/2025
287,Spike,Lednor,slednor7y@sun.com,Male,2001,Toyota,Echo,Honolulu,Hawaii,96815,US,21.2811,-157.8266,72128,"Ferry, Auer and Weimann",12/04/2023
288,Annamarie,Verdey,averdey7z@ox.ac.uk,Female,1988,Pontiac,Firebird,Knoxville,Tennessee,37931,US,35.9924,-84.1201,60166,Harber Group,08/05/2023
289,Hayley,Thomazet,hthomazet80@e-recht24.de,Female,2004,Volkswagen,Passat,Minneapolis,Minnesota,55441,US,45.0058,-93.4193,37695,Gulgowski-Gusikowski,04/21/2025
290,Bernelle,Ludovico,bludovico81@wunderground.com,Female,1997,Dodge,Caravan,San Antonio,Texas,78240,US,29.5189,-98.6006,34585,Kulas-Schoen,05/23/2022
291,Casey,Tweedle,ctweedle82@yandex.ru,Male,2011,Mercury,Mariner,Winston Salem,North Carolina,27105,US,36.144,-80.2376,59669,Pfannerstill-Harvey,12/29/2023
292,Nikkie,Piddington,npiddington83@npr.org,Female,1961,Austin,Mini Cooper,Washington,District of Columbia,20036,US,38.9087,-77.0414,35717,Vandervort-Skiles,04/12/2022
293,Coralyn,Johanning,cjohanning84@altervista.org,Female,2009,Volkswagen,Touareg,Atlanta,Georgia,30386,US,33.8444,-84.474,44814,"Mayer, Ritchie and Erdman",05/26/2024
294,Imojean,Maneylaws,imaneylaws85@bloglovin.com,Female,1998,Volkswagen,rio,San Rafael,California,94913,US,38.068,-122.741,92835,Barton-Stehr,08/15/2025
295,Augy,McMillan,amcmillan86@unblog.fr,Male,1995,Ford,Contour,Littleton,Colorado,80126,US,39.5437,-104.9691,87626,Murphy and Sons,08/29/2023
296,Wynne,Woollends,wwoollends87@typepad.com,Female,2007,Dodge,Grand Caravan,Dallas,Texas,75392,US,32.7673,-96.7776,87185,"Hudson, Beer and Hoeger",03/11/2025
297,Bertie,Tournay,btournay88@shinystat.com,Agender,1996,Mercury,Grand Marquis,Youngstown,Ohio,44511,US,41.0704,-80.6931,53205,Schimmel-Mraz,01/14/2023
298,Francklyn,Mariner,fmariner89@latimes.com,Male,1992,Oldsmobile,98,Boston,Massachusetts,02119,US,42.3231,-71.0846,60827,Gottlieb-Thompson,01/06/2023
299,Laurella,Ginnety,lginnety8a@pen.io,Female,2009,Volvo,XC70,San Diego,California,92110,US,32.7635,-117.2028,99487,"Waelchi, Klein and Purdy",07/31/2023
300,Gardiner,Cobleigh,gcobleigh8b@networkadvertising.org,Male,1999,Acura,CL,El Paso,Texas,79977,US,31.6948,-106.3,89980,"Bergstrom, Renner and Ferry",12/01/2025
301,Spenser,Abele,sabele8c@php.net,Male,2010,Ferrari,612 Scaglietti,San Jose,California,95108,US,37.3378,-121.8908,69041,"Lynch, Heathcote and Gutmann",09/11/2023
302,Adolphus,Twohig,atwohig8d@exblog.jp,Male,2012,Ram,1500,Minneapolis,Minnesota,55487,US,45.0159,-93.4719,33214,Pouros-Rodriguez,09/21/2022
303,Adan,Wabe,awabe8e@facebook.com,Female,1994,Alfa Romeo,Spider,Stockton,California,95205,US,37.9625,-121.2624,92511,Kunze LLC,06/05/2023
304,Jeanette,Viel,jviel8f@rediff.com,Female,2010,BMW,1 Series,Phoenix,Arizona,85062,US,33.2765,-112.1872,35549,Erdman-Kris,05/28/2024
305,Trudie,Mowle,tmowle8g@twitter.com,Female,2007,Isuzu,i-290,Oklahoma City,Oklahoma,73142,US,35.599,-97.6251,43411,Johns and Sons,08/29/2024
306,Kristina,Byrkmyr,kbyrkmyr8h@washington.edu,Female,1993,GMC,Vandura 1500,Houston,Texas,77271,US,29.834,-95.4342,74316,Swaniawski-Gerlach,12/18/2025
307,Rodolphe,Grasha,rgrasha8i@nifty.com,Male,1984,Ford,LTD,Louisville,Kentucky,40210,US,38.2306,-85.7905,84746,Koepp-D'Amore,12/15/2024
308,Yancey,Easdon,yeasdon8j@springer.com,Male,1997,Hyundai,Tiburon,Carol Stream,Illinois,60351,US,41.9166,-88.1208,46524,"Stracke, Stark and Rempel",07/13/2024
309,Caryl,Ivanishin,civanishin8k@surveymonkey.com,Female,2008,Kia,Rio,Miami,Florida,33175,US,25.7341,-80.4068,85362,"Schimmel, Bogan and Weber",01/03/2026
310,Mora,Alywen,malywen8l@icio.us,Female,1989,Volkswagen,Fox,Virginia Beach,Virginia,23464,US,36.7978,-76.1759,58195,Kiehn LLC,12/18/2024
311,Gasparo,Scrange,gscrange8m@woothemes.com,Male,1997,Chevrolet,Corvette,Troy,Michigan,48098,US,42.5991,-83.1789,75129,Welch LLC,03/22/2025
312,Jonie,Cuell,jcuell8n@so-net.ne.jp,Female,2008,Chevrolet,Equinox,Brooklyn,New York,11231,US,40.6794,-74.0014,44604,Roberts-Ebert,03/09/2024
313,Corinne,Dunmore,cdunmore8o@shinystat.com,Female,2001,Dodge,Ram 1500,Yonkers,New York,10705,US,40.9177,-73.895,33904,"Reynolds, O'Keefe and Senger",03/24/2025
314,Dame,Mobius,dmobius8p@intel.com,Male,2003,Chrysler,PT Cruiser,Lansing,Michigan,48930,US,42.7325,-84.5587,32891,Olson-Kuphal,11/18/2022
315,Lorene,Geistmann,lgeistmann8q@purevolume.com,Female,1994,Pontiac,Trans Sport,San Jose,California,95118,US,37.2568,-121.8896,69281,"Trantow, Murazik and Farrell",07/05/2023
316,Abbie,Dillow,adillow8r@over-blog.com,Male,2010,Audi,A5,Washington,District of Columbia,20551,US,38.892,-77.0452,93448,MacGyver-Luettgen,07/22/2025
317,Ernesta,Balma,ebalma8s@tamu.edu,Female,1997,Dodge,Dakota,Tulsa,Oklahoma,74141,US,36.1398,-96.0297,84807,"Rogahn, Gleason and Harber",10/22/2025
318,Jon,Phifer,jphifer8t@google.ca,Male,1999,Mitsubishi,GTO,Jacksonville,Florida,32204,US,30.3189,-81.6854,84152,"Baumbach, Ryan and Hegmann",08/14/2024
319,Jane,Ordidge,jordidge8u@google.com.br,Female,2003,Chrysler,Concorde,Norfolk,Virginia,23504,US,36.8586,-76.2686,88968,Ryan Group,08/03/2024
320,Ammamaria,Beiderbecke,abeiderbecke8v@istockphoto.com,Female,1993,Porsche,928,Hamilton,Ohio,45020,US,39.441,-84.5757,44034,Wolf and Sons,07/13/2023
321,Heda,Attle,hattle8w@wix.com,Female,1998,Mitsubishi,Mirage,Kansas City,Missouri,64130,US,39.0351,-94.5467,34156,"Fritsch, Effertz and Jenkins",12/13/2022
322,Gus,Roscam,groscam8x@4shared.com,Male,1999,Buick,LeSabre,Pensacola,Florida,32520,US,30.4124,-87.2035,45200,Kohler Inc,05/08/2022
323,Grier,Olivier,golivier8y@sina.com.cn,Female,2010,Mitsubishi,Endeavor,Cleveland,Ohio,44118,US,41.5008,-81.5516,43301,"Morissette, Kuhic and Runolfsdottir",05/20/2023
324,Bealle,Oiseau,boiseau8z@webnode.com,Male,1996,Chevrolet,Express 1500,Washington,District of Columbia,20580,US,38.8933,-77.0146,46312,Cartwright Inc,07/12/2025
325,Ly,Berg,lberg90@blog.com,Male,2002,Volkswagen,Jetta,Sacramento,California,95828,US,38.4826,-121.4006,35638,Jacobson-Lemke,12/27/2023
326,Evered,Dawidowsky,edawidowsky91@arizona.edu,Male,1998,Acura,TL,Gaithersburg,Maryland,20883,US,39.0883,-77.1568,74311,Blick-Sipes,06/28/2025
327,Tabby,Messier,tmessier92@cbslocal.com,Female,2009,Volkswagen,GLI,Oakland,California,94616,US,37.8044,-122.2698,89636,Blick-Morissette,01/31/2025
328,Tymothy,Creswell,tcreswell93@hostgator.com,Male,1986,Ford,LTD,New York City,New York,10131,US,40.7808,-73.9772,54282,McLaughlin-Doyle,12/26/2022
329,Blaire,Thormwell,bthormwell94@jiathis.com,Female,2006,Saturn,Relay,Philadelphia,Pennsylvania,19131,US,39.9845,-75.2282,95140,Maggio Group,05/28/2022
330,Bryon,Horribine,bhorribine95@bloglines.com,Male,2006,Subaru,Tribeca,Albuquerque,New Mexico,87190,US,35.0443,-106.6729,36974,Trantow Group,04/26/2022
331,Brunhilda,Larcier,blarcier96@mit.edu,Female,1996,Chevrolet,Express 2500,Tucson,Arizona,85715,US,32.2519,-110.82,92114,Metz-Brekke,08/31/2025
332,Elianore,Golder,egolder97@hhs.gov,Non-binary,1994,Volvo,960,Sarasota,Florida,34238,US,27.2427,-82.4751,68638,Runolfsson-Gleichner,11/26/2023
333,Riccardo,Cristofanini,rcristofanini98@i2i.jp,Male,2000,Suzuki,Swift,Irving,Texas,75037,US,32.7673,-96.7776,81804,"Koepp, Maggio and Lesch",03/24/2023
334,Davin,Jacmard,djacmard99@dion.ne.jp,Male,2006,Suzuki,Swift,Wilmington,Delaware,19897,US,39.5645,-75.597,73134,Botsford Group,01/04/2025
335,Magdalene,Ragot,mragot9a@technorati.com,Female,2005,Toyota,Matrix,Madison,Wisconsin,53710,US,43.0696,-89.4239,81981,"Haley, Cummings and Stracke",03/02/2023
336,Henry,Salt,hsalt9b@ucsd.edu,Male,2004,Chevrolet,Suburban 2500,Buffalo,New York,14276,US,42.7684,-78.8871,59684,"Satterfield, Kuhic and Balistreri",06/11/2025
337,Horacio,Leverson,hleverson9c@hugedomains.com,Male,2002,GMC,Envoy XL,Waco,Texas,76705,US,31.6403,-97.0963,31064,Bosco Group,07/30/2025
338,Benito,Sorton,bsorton9d@bloglines.com,Male,2006,Lexus,RX Hybrid,Phoenix,Arizona,85035,US,33.4724,-112.1832,58936,"Spinka, Streich and Heidenreich",01/13/2024
339,Ricardo,Pemberton,rpemberton9e@goo.gl,Male,1995,Chevrolet,G-Series G10,Palo Alto,California,94302,US,37.1894,-121.7053,80839,Roberts LLC,05/25/2023
340,Astra,Kleinert,akleinert9f@tamu.edu,Female,1995,Porsche,911,Newark,Delaware,19725,US,39.5645,-75.597,51175,"Schimmel, Bahringer and Walker",04/02/2023
341,Erroll,Junifer,ejunifer9g@irs.gov,Agender,1994,GMC,Vandura 1500,Sacramento,California,94250,US,38.3774,-121.4444,62733,"Gorczany, Stamm and Greenholt",09/15/2022
342,Loydie,Leythley,lleythley9h@princeton.edu,Male,1994,Oldsmobile,98,Boston,Massachusetts,02208,US,42.3389,-70.9196,61863,"Abernathy, Homenick and Hahn",03/24/2024
343,Ikey,Champe,ichampe9i@cam.ac.uk,Male,1998,Mazda,B-Series,Vero Beach,Florida,32969,US,27.709,-80.5726,48557,Effertz-Durgan,12/07/2025
344,Kath,Gremain,kgremain9j@weebly.com,Female,2010,Ford,E150,Dallas,Texas,75353,US,32.7673,-96.7776,33389,"Zboncak, O'Reilly and Rogahn",03/07/2024
345,Chad,Daile,cdaile9k@privacy.gov.au,Female,2003,Dodge,Dakota Club,Chattanooga,Tennessee,37405,US,35.0768,-85.3082,71996,Schmeler Inc,11/11/2023
346,Decca,Stemp,dstemp9l@dyndns.org,Male,2012,Acura,RL,Wilkes Barre,Pennsylvania,18768,US,41.2722,-75.8801,40279,Batz-Wiza,05/06/2023
347,Edsel,Fillon,efillon9m@hc360.com,Male,2002,Honda,Insight,Portsmouth,Virginia,23705,US,36.8686,-76.3552,38933,Prohaska LLC,11/24/2024
348,Sasha,Fobidge,sfobidge9n@yale.edu,Male,1989,Ford,Thunderbird,Wichita,Kansas,67215,US,37.6333,-97.425,56928,Shanahan and Sons,08/08/2024
349,Kellen,Oliff,koliff9o@aol.com,Female,2009,Ford,Taurus,Lincoln,Nebraska,68583,US,40.7845,-96.6888,55345,Crooks LLC,05/16/2022
350,Bellina,Abbati,babbati9p@theatlantic.com,Female,1993,Mercedes-Benz,300E,Pittsburgh,Pennsylvania,15266,US,40.4344,-80.0248,63946,Hettinger and Sons,10/10/2025
351,Corbin,Firebrace,cfirebrace9q@github.io,Male,1988,Pontiac,Grand Prix,Ann Arbor,Michigan,48107,US,42.2535,-83.8366,34884,Hayes Group,10/26/2022
352,Quint,Marshalleck,qmarshalleck9r@fc2.com,Male,2006,GMC,Sierra 2500,Augusta,Georgia,30911,US,33.386,-82.091,73111,"Koss, Altenwerth and Runolfsson",06/18/2022
353,Salli,Cargen,scargen9s@nasa.gov,Female,2008,Ford,F-Series Super Duty,Sacramento,California,94263,US,38.3774,-121.4444,94261,Weissnat Group,09/10/2023
354,Ludvig,Jacquet,ljacquet9t@vistaprint.com,Non-binary,2009,Chevrolet,Express 2500,Boston,Massachusetts,02216,US,42.3389,-70.9196,37948,"Jenkins, Kuhlman and Hoppe",07/28/2024
355,Dexter,Groocock,dgroocock9u@reddit.com,Male,2005,Acura,TSX,Largo,Florida,33777,US,27.8546,-82.7545,90173,Ledner and Sons,07/23/2022
356,Nicky,Downer,ndowner9v@google.pl,Female,1993,Lexus,ES,Denver,Colorado,80204,US,39.734,-105.0259,31845,Trantow-Lynch,12/04/2022
357,Sherwin,Salaman,ssalaman9w@pcworld.com,Male,2006,Mitsubishi,Galant,Youngstown,Ohio,44555,US,41.1039,-80.6436,76850,Kiehn-Grady,07/16/2023
358,Zachery,Colchett,zcolchett9x@jugem.jp,Male,1997,Holden,VS Commodore,San Antonio,Texas,78215,US,29.4413,-98.4793,46782,Breitenberg-Ryan,06/13/2022
359,Tore,Atwool,tatwool9y@java.com,Male,1966,Pontiac,GTO,Albuquerque,New Mexico,87115,US,35.0549,-106.5461,34217,"Abshire, Stark and Watsica",03/27/2022
360,Finn,Cornford,fcornford9z@typepad.com,Male,1993,Mazda,MPV,Clearwater,Florida,33758,US,27.8918,-82.7248,80887,Franecki Group,10/18/2023
361,Leroi,Matson,lmatsona0@google.cn,Male,1994,Eagle,Summit,Richmond,Virginia,23203,US,37.5593,-77.4471,64420,Doyle LLC,02/23/2023
362,Alla,Mellows,amellowsa1@icio.us,Female,2004,Suzuki,XL-7,Charlotte,North Carolina,28225,US,35.26,-80.8042,50327,Russel and Sons,12/11/2025
363,Gaby,Cowperthwaite,gcowperthwaitea2@gnu.org,Male,2007,Nissan,350Z,New York City,New York,10170,US,40.7526,-73.9755,99166,"Hirthe, Macejkovic and Kilback",05/13/2022
364,Danie,Ray,draya3@bigcartel.com,Male,2003,Dodge,Ram 1500,San Diego,California,92127,US,33.0279,-117.0856,41630,Wisozk-Dare,10/02/2025
365,Nevil,Ajean,najeana4@skyrock.com,Bigender,2009,Lotus,Exige,Great Neck,New York,11024,US,40.8171,-73.7416,79559,Weimann-Ullrich,07/11/2024
366,Marline,Becerra,mbecerraa5@weibo.com,Female,1967,Pontiac,Tempest,Manchester,New Hampshire,03105,US,42.9521,-71.6539,49281,Conn Inc,06/23/2022
367,Louis,Loyley,lloyleya6@issuu.com,Male,2000,Audi,TT,Houston,Texas,77271,US,29.834,-95.4342,43931,"Johns, Runte and Schimmel",01/03/2026
368,Raimundo,Klulik,rklulika7@ox.ac.uk,Male,2003,Volvo,S40,El Paso,Texas,88574,US,31.6948,-106.3,88912,Gusikowski and Sons,04/28/2022
369,Aldon,Swigger,aswiggera8@tinyurl.com,Male,2009,Bentley,Continental GTC,Crawfordsville,Indiana,47937,US,40.04,-86.8936,45832,Auer-Heller,05/05/2023
370,Brande,Tincey,btinceya9@harvard.edu,Female,2001,Chevrolet,Silverado 1500,Loretto,Minnesota,55598,US,45.0159,-93.4719,95774,Grady LLC,04/26/2025
371,Laney,Kemitt,lkemittaa@telegraph.co.uk,Male,2009,Kia,Rio,Santa Cruz,California,95064,US,36.9959,-122.0578,30133,"Sipes, Kuhn and Runolfsdottir",09/26/2024
372,Isabeau,Chicco,ichiccoab@nationalgeographic.com,Female,2012,Lexus,IS-F,Portland,Oregon,97232,US,45.5287,-122.6363,78418,O'Kon-Walter,09/24/2022
373,Ambrosius,Caistor,acaistorac@bizjournals.com,Male,2012,Ram,C/V,Las Vegas,Nevada,89150,US,35.9279,-114.9721,42751,Hackett and Sons,10/12/2023
374,Daven,Tregale,dtregalead@bloglines.com,Male,1994,Hummer,H1,Saint Petersburg,Florida,33742,US,27.8918,-82.7248,45616,Rau Group,03/12/2025
375,Esmaria,Swatridge,eswatridgeae@people.com.cn,Female,2008,Scion,xB,Decatur,Illinois,62525,US,39.854,-88.9815,68135,Dicki LLC,10/11/2024
376,Nerissa,Pirie,npirieaf@mediafire.com,Female,2012,Mercedes-Benz,C-Class,Bakersfield,California,93386,US,35.2944,-118.9052,61087,Lakin LLC,07/10/2022
377,Randy,Kempstone,rkempstoneag@com.com,Male,2006,Maserati,Gran Sport,San Jose,California,95173,US,37.3352,-121.8938,67226,Lind-Terry,07/03/2022
378,Donn,Adriaan,dadriaanah@wikimedia.org,Male,2008,Jaguar,XJ,Rochester,New York,14683,US,43.286,-77.6843,50236,"Moen, Schuppe and Boyer",10/11/2022
379,Melisse,Wolver,mwolverai@alibaba.com,Genderfluid,2011,Jeep,Patriot,Huntsville,Alabama,35815,US,34.734,-86.5229,32185,"Bergnaum, Boyer and Hessel",08/21/2025
380,Zena,Matthisson,zmatthissonaj@technorati.com,Female,1991,Buick,Park Avenue,Colorado Springs,Colorado,80951,US,38.8881,-104.6556,79320,Stanton-Veum,06/11/2025
381,De,Simmank,dsimmankak@intel.com,Female,1996,Suzuki,Esteem,Gainesville,Florida,32610,US,29.6813,-82.3539,79989,Orn Group,09/11/2024
382,Hazel,Cadwaladr,hcadwaladral@google.co.jp,Male,2000,Chevrolet,Tracker,Jamaica,New York,11480,US,40.6914,-73.8061,59840,"Wiza, Barrows and Schamberger",08/10/2024
383,Roch,Gaiger,rgaigeram@google.es,Female,1993,Lexus,LS,Saint Louis,Missouri,63104,US,38.6128,-90.2185,36914,"Stokes, Hyatt and Hintz",07/25/2025
384,Lorna,Jirek,ljirekan@dot.gov,Female,2010,Pontiac,G6,Metairie,Louisiana,70033,US,29.6779,-90.0901,46657,Larson and Sons,08/08/2022
385,Mallissa,Eliaz,meliazao@ebay.co.uk,Female,1993,GMC,3500 Club Coupe,Denver,Colorado,80262,US,39.731,-104.9384,38492,Gottlieb-Mante,04/01/2024
386,Benedict,Drover,bdroverap@google.it,Male,2004,Honda,Element,Providence,Rhode Island,02912,US,41.8267,-71.3977,68668,Anderson-Howe,05/21/2022
387,Nalani,Barker,nbarkeraq@ucoz.com,Female,2010,Ford,Focus,Louisville,Kentucky,40205,US,38.2222,-85.6885,63920,"Nolan, Kling and Flatley",02/19/2023
388,Andrus,Dehm,adehmar@europa.eu,Male,2012,Buick,Regal,Naples,Florida,34102,US,26.134,-81.7953,39333,Hermann Inc,09/19/2022
389,Madel,Hounsham,mhounshamas@senate.gov,Female,2006,BMW,3 Series,New Orleans,Louisiana,70165,US,30.033,-89.8826,66087,Runte Inc,09/03/2024
390,Nanci,Raffin,nraffinat@sohu.com,Non-binary,2009,Mitsubishi,Eclipse,Santa Clara,California,95054,US,37.3924,-121.9623,91894,Welch and Sons,12/25/2025
391,Maggi,Jakubski,mjakubskiau@blogtalkradio.com,Female,1998,BMW,3 Series,Brockton,Massachusetts,02305,US,41.9705,-70.7014,46530,Hilpert-Howell,02/23/2024
392,Lorrie,Bavister,lbavisterav@angelfire.com,Male,2006,Volkswagen,GTI,Abilene,Texas,79605,US,32.432,-99.7724,61446,"Rempel, Ritchie and Kuhn",06/06/2024
393,Corrie,Daye,cdayeaw@google.com,Male,1995,Volkswagen,Cabriolet,Battle Creek,Michigan,49018,US,42.2464,-85.0045,40092,"Wiegand, Mayer and Grant",05/23/2025
394,Otis,Clayworth,oclayworthax@wikispaces.com,Male,2009,Ford,E250,Lafayette,Louisiana,70593,US,30.2081,-92.0951,48491,"Beer, Armstrong and Ritchie",10/10/2022
395,Rollo,D'Almeida,rdalmeidaay@last.fm,Male,1997,Buick,Riviera,Jeffersonville,Indiana,47134,US,38.2868,-85.7321,99453,Aufderhar LLC,09/19/2024
396,Jarad,Algeo,jalgeoaz@buzzfeed.com,Male,2010,Lotus,Elise,Huntington,West Virginia,25716,US,38.4134,-82.2774,88613,Yost Inc,10/09/2024
397,Lynnette,Macia,lmaciab0@furl.net,Female,1990,Lotus,Elan,El Paso,Texas,88589,US,31.6948,-106.3,48736,Runolfsdottir-Rutherford,04/03/2024
398,Arturo,Brind,abrindb1@dell.com,Male,1995,Volvo,940,Washington,District of Columbia,20215,US,38.8933,-77.0146,92687,"Kilback, Bauch and McCullough",05/12/2025
399,Tracy,Shaves,tshavesb2@instagram.com,Male,2012,Mercedes-Benz,SLS AMG,Harrisburg,Pennsylvania,17126,US,40.2618,-76.88,55671,Heidenreich-O'Keefe,02/25/2024
400,Glenine,Booler,gboolerb3@dyndns.org,Female,1998,Volvo,S70,Washington,District of Columbia,20557,US,38.8874,-77.0047,79176,Rutherford LLC,08/20/2022
401,Cherrita,Kleynen,ckleynenb4@sbwire.com,Female,2004,Suzuki,Forenza,Salt Lake City,Utah,84120,US,40.695,-112.0001,72348,Quigley Inc,12/03/2023
402,Hilton,Janse,hjanseb5@house.gov,Male,1998,Toyota,Celica,Madison,Wisconsin,53790,US,43.0696,-89.4239,48650,"Wehner, Walsh and Tillman",08/03/2025
403,Charla,Posten,cpostenb6@google.com.hk,Female,1997,Volkswagen,GTI,Sioux City,Iowa,51105,US,42.5032,-96.3829,93028,O'Conner Inc,11/28/2024
404,Oren,Blood,obloodb7@com.com,Male,2006,Volkswagen,Golf,Portland,Oregon,97271,US,45.5806,-122.3748,89433,"O'Connell, Senger and Mueller",12/14/2024
405,Katti,Amphlett,kamphlettb8@liveinternet.ru,Female,1996,Volkswagen,Golf,Fairbanks,Alaska,99709,US,64.8544,-147.8469,85298,Goyette LLC,02/06/2023
406,Emelen,Anetts,eanettsb9@usa.gov,Male,2010,Mitsubishi,Lancer,Orange,California,92862,US,33.7915,-117.714,70224,Mante Inc,05/31/2023
407,Chantal,Gledhall,cgledhallba@unblog.fr,Female,2004,Mitsubishi,Eclipse,Shawnee Mission,Kansas,66225,US,38.8999,-94.832,70558,"Kiehn, Robel and Rippin",03/23/2024
408,Ody,Guiver,oguiverbb@wix.com,Male,2007,Land Rover,LR3,Winston Salem,North Carolina,27105,US,36.144,-80.2376,80098,Rolfson Inc,02/28/2025
409,Tobin,Potkins,tpotkinsbc@xinhuanet.com,Male,2003,Nissan,Frontier,Baton Rouge,Louisiana,70820,US,30.3795,-91.1671,73007,Erdman Group,11/01/2022
410,Christophe,Dudson,cdudsonbd@bluehost.com,Male,1990,Subaru,Legacy,Jacksonville,Florida,32225,US,30.351,-81.5061,75215,Hackett LLC,12/01/2023
411,Seline,MacConnell,smacconnellbe@canalblog.com,Female,2008,Mazda,B-Series,San Antonio,Texas,78260,US,29.7026,-98.4759,44089,"Feest, Howe and Kohler",03/30/2024
412,Donni,Dearness,ddearnessbf@indiatimes.com,Female,2010,Acura,ZDX,Santa Rosa,California,95405,US,38.4386,-122.6727,33486,"Johnson, Runte and Johns",02/26/2024
413,Harlene,Baldwin,hbaldwinbg@slashdot.org,Female,2009,BMW,3 Series,Greensboro,North Carolina,27415,US,36.0807,-80.0244,46670,"Marquardt, Turner and Tillman",08/31/2023
414,Isaac,Baron,ibaronbh@blog.com,Male,2000,Audi,A6,Springfield,Illinois,62776,US,39.7495,-89.606,55298,"Anderson, Jenkins and Watsica",07/26/2022
415,Merilyn,Rowlinson,mrowlinsonbi@bing.com,Female,2010,Honda,Accord,Columbia,South Carolina,29225,US,34.006,-80.9708,70582,Daniel Group,02/28/2023
416,Shelia,Conquest,sconquestbj@amazonaws.com,Female,2004,Dodge,Dakota,New Haven,Connecticut,06533,US,41.3657,-72.9275,51118,"Pollich, Ritchie and Collins",11/23/2024
417,Hal,Hamlin,hhamlinbk@upenn.edu,Male,1989,Mercedes-Benz,E-Class,New York City,New York,10175,US,40.7543,-73.9798,50356,Berge and Sons,11/21/2023
418,Raymond,Talboy,rtalboybl@artisteer.com,Male,2010,Lamborghini,Gallardo,Anaheim,California,92805,US,33.8359,-117.9086,33600,Bogisich Group,12/21/2022
419,Julissa,Seiller,jseillerbm@marketwatch.com,Female,1995,Mercury,Villager,Peoria,Illinois,61640,US,40.7857,-89.6177,58108,"Morissette, Bailey and Treutel",06/27/2023
420,Gunner,Feye,gfeyebn@tuttocitta.it,Male,2010,Mitsubishi,Eclipse,San Francisco,California,94137,US,37.7848,-122.7278,88945,Hamill-Barrows,06/04/2024
421,Albertina,Hastler,ahastlerbo@comsenz.com,Female,1989,Lexus,ES,White Plains,New York,10606,US,41.0247,-73.7781,82260,Boyle Inc,12/21/2022
422,Leighton,Applebee,lapplebeebp@1und1.de,Male,2009,Dodge,Ram 3500,Birmingham,Alabama,35295,US,33.5446,-86.9292,44522,"Hansen, Kessler and Von",05/09/2023
423,Luciano,Woodage,lwoodagebq@mlb.com,Male,2000,Toyota,MR2,Minneapolis,Minnesota,55446,US,45.04,-93.4865,68111,McGlynn-Brakus,08/03/2023
424,Thibaut,Roffey,troffeybr@jalbum.net,Male,2001,Mitsubishi,Galant,Saint Louis,Missouri,63169,US,38.6531,-90.2435,53834,"Hessel, Rippin and Goyette",03/22/2025
425,Gracie,Truelove,gtruelovebs@blogger.com,Female,2005,Dodge,Dakota,New Orleans,Louisiana,70187,US,30.033,-89.8826,99398,Schneider-Schimmel,03/10/2023
426,Antoine,Dawdary,adawdarybt@biglobe.ne.jp,Male,2010,Jaguar,XF,Raleigh,North Carolina,27605,US,35.7908,-78.653,47471,VonRueden LLC,01/02/2024
427,Robert,Bielby,rbielbybu@dropbox.com,Male,1985,Mercury,Lynx,Richmond,Virginia,23225,US,37.5158,-77.5047,84877,Fahey-Kunze,07/24/2023
428,David,Durkin,ddurkinbv@slate.com,Male,2013,Infiniti,JX,Pinellas Park,Florida,34665,US,27.8402,-82.7125,66271,Goodwin Group,03/12/2025
429,Greer,Ralton,graltonbw@mapquest.com,Female,1987,Lotus,Esprit,Seattle,Washington,98158,US,47.4497,-122.3076,84854,West Inc,11/28/2023
430,Amby,Kryzhov,akryzhovbx@tuttocitta.it,Male,2000,Porsche,911,Los Angeles,California,90071,US,34.0529,-118.2549,98637,"DuBuque, Watsica and Spinka",07/14/2024
431,Rikki,Humbee,rhumbeeby@uiuc.edu,Male,2002,Toyota,Sequoia,New Orleans,Louisiana,70165,US,30.033,-89.8826,79234,Kling LLC,01/16/2024
432,Chad,Niezen,cniezenbz@live.com,Male,2008,Ford,F250,Tulsa,Oklahoma,74108,US,36.1499,-95.7923,60952,Casper LLC,10/19/2024
433,Rory,Niset,rnisetc0@shinystat.com,Bigender,1995,Dodge,Ram 3500 Club,Atlanta,Georgia,30380,US,33.8444,-84.474,33646,Lebsack Inc,12/16/2023
434,Dode,Ashleigh,dashleighc1@nydailynews.com,Bigender,1998,Mercury,Grand Marquis,Hampton,Virginia,23663,US,37.0318,-76.3199,97695,"Crooks, Vandervort and Russel",10/11/2024
435,Phil,Lansdale,plansdalec2@shop-pro.jp,Male,2011,GMC,Yukon XL 2500,Fort Worth,Texas,76110,US,32.7065,-97.3375,58025,"Stamm, Ankunding and Roberts",09/29/2023
436,Guilbert,Truesdale,gtruesdalec3@usda.gov,Polygender,1978,Toyota,Celica,Mobile,Alabama,36616,US,30.671,-88.1267,99250,Vandervort-Roberts,05/19/2024
437,Flori,Blakey,fblakeyc4@spiegel.de,Female,2007,Chevrolet,Express 3500,Bronx,New York,10464,US,40.8469,-73.7874,52744,Reynolds and Sons,12/10/2023
438,Tally,Bayle,tbaylec5@parallels.com,Male,2012,Chrysler,200,Austin,Texas,78732,US,30.3752,-97.9007,42512,Kunze-Hagenes,04/21/2024
439,Berna,Dunnet,bdunnetc6@microsoft.com,Female,2006,Scion,xB,Phoenix,Arizona,85083,US,33.7352,-112.1294,32495,Ryan-Kuhlman,04/20/2025
440,Gonzalo,Gershom,ggershomc7@google.de,Male,2005,Dodge,Durango,Albany,New York,12227,US,42.6149,-73.9708,51695,Klocko LLC,03/05/2024
441,Linus,Mills,lmillsc8@a8.net,Male,1995,GMC,Vandura G1500,Austin,Texas,78769,US,30.3264,-97.7713,96206,Schamberger-Kassulke,12/24/2022
442,Fabe,Skipsea,fskipseac9@elpais.com,Male,1999,Oldsmobile,LSS,Chicago,Illinois,60614,US,41.9229,-87.6483,33022,"Larkin, Graham and Bernhard",04/20/2024
443,Bevon,Tomaschke,btomaschkeca@hexun.com,Male,1989,Subaru,Justy,Trenton,New Jersey,08603,US,40.2805,-74.712,77556,Quitzon Inc,01/05/2023
444,Teriann,Vooght,tvooghtcb@macromedia.com,Female,2006,Land Rover,Range Rover Sport,Naperville,Illinois,60567,US,41.8397,-88.0887,34335,Flatley Inc,12/04/2024
445,Staffard,Doxsey,sdoxseycc@people.com.cn,Male,2008,Chevrolet,TrailBlazer,Kansas City,Missouri,64144,US,39.2829,-94.409,76043,"Kunde, Bruen and Barrows",11/14/2024
446,Ellynn,Audritt,eaudrittcd@vinaora.com,Female,2005,Toyota,Prius,Columbia,South Carolina,29220,US,34.006,-80.9708,70868,"Boyer, Pagac and Marks",01/01/2023
447,Chicky,Cristofor,ccristoforce@nih.gov,Female,1997,Saab,900,San Bernardino,California,92424,US,34.84,-115.9671,38419,Bauch and Sons,02/27/2022
448,Cecilius,Noden,cnodencf@google.ca,Male,1990,Mazda,MX-5,Washington,District of Columbia,20530,US,38.8976,-77.027,81228,Kuhic Group,12/04/2024
449,Gearalt,Bendell,gbendellcg@newsvine.com,Male,1993,Toyota,T100,Portland,Oregon,97206,US,45.484,-122.5973,62682,"Gutmann, Keebler and Brakus",08/30/2023
450,Maryanna,Plascott,mplascottch@dot.gov,Female,1985,Lincoln,Continental,Houston,Texas,77080,US,29.8159,-95.523,83083,Hermiston-Hackett,08/25/2024
451,Avictor,Domke,adomkeci@paginegialle.it,Genderqueer,1995,Volvo,850,Salt Lake City,Utah,84115,US,40.7145,-111.8931,65214,Sipes-Blick,01/23/2026
452,Veradis,Hobden,vhobdencj@craigslist.org,Female,2004,Pontiac,Montana,New Orleans,Louisiana,70179,US,30.033,-89.8826,74698,Rodriguez LLC,02/17/2024
453,Marcelle,Tomik,mtomikck@mozilla.com,Female,1997,Hyundai,Tiburon,Gary,Indiana,46406,US,41.5878,-87.4062,61638,Howe and Sons,06/02/2022
454,Torr,Kitchener,tkitchenercl@intel.com,Male,2004,Ford,Explorer Sport Trac,Tacoma,Washington,98447,US,47.1441,-122.4434,89594,Watsica and Sons,04/26/2024
455,Cross,Blunn,cblunncm@arstechnica.com,Male,1990,Mercury,Sable,Amarillo,Texas,79116,US,35.2454,-101.999,42296,Hilpert-Bergstrom,09/08/2022
456,Arnaldo,Turfes,aturfescn@wsj.com,Male,1998,Chevrolet,Camaro,Tucson,Arizona,85743,US,32.3366,-111.1771,75937,Powlowski Inc,05/30/2025
457,Renell,Weedall,rweedallco@bloglovin.com,Female,2000,Chrysler,Concorde,Conroe,Texas,77305,US,30.2906,-95.3832,73241,"O'Connell, Stracke and Cremin",06/20/2025
458,Donnajean,Bechley,dbechleycp@vimeo.com,Female,1986,Maserati,Biturbo,Jamaica,New York,11431,US,40.6869,-73.8501,79193,Fritsch-Jones,04/21/2024
459,Bryn,Futter,bfuttercq@shop-pro.jp,Female,1995,Toyota,Previa,Brooklyn,New York,11205,US,40.6924,-73.9666,33242,"Collins, Turner and Osinski",10/20/2024
460,Craggie,Attwoull,cattwoullcr@jugem.jp,Male,1993,Saab,900,Chicago,Illinois,60669,US,41.8119,-87.6873,80426,"Grant, Reynolds and Klein",07/04/2023
461,Bambie,Blything,bblythingcs@auda.org.au,Female,2011,Audi,S4,Anchorage,Alaska,99507,US,61.1535,-149.8289,36626,Reynolds-Lindgren,10/06/2022
462,Hugibert,Andryszczak,handryszczakct@jiathis.com,Male,1993,Chrysler,New Yorker,Dallas,Texas,75231,US,32.8756,-96.7495,89284,Smitham-Mitchell,03/15/2025
463,Hephzibah,Breese,hbreesecu@oakley.com,Female,1995,Eagle,Vision,Columbia,South Carolina,29203,US,34.0635,-81.0265,54284,"Pacocha, Batz and Conn",03/15/2022
464,Bruis,Madle,bmadlecv@independent.co.uk,Male,1994,Honda,Prelude,Rockford,Illinois,61105,US,42.3254,-89.1705,42899,Abbott-Sipes,09/13/2023
465,Feliza,Aspole,faspolecw@princeton.edu,Female,1992,Ford,Aerostar,San Diego,California,92121,US,32.8919,-117.2035,62634,Beer-Bosco,12/18/2025
466,Robbert,Tiner,rtinercx@pagesperso-orange.fr,Male,2011,Toyota,RAV4,Saint Louis,Missouri,63136,US,38.7196,-90.27,48654,"Maggio, Kub and Koss",06/21/2022
467,Neile,Buncher,nbunchercy@ovh.net,Female,1991,Pontiac,Trans Sport,Amarillo,Texas,79159,US,35.216,-102.0714,59375,"Hills, Robel and Harvey",11/11/2023
468,Darn,Lethlay,dlethlaycz@surveymonkey.com,Polygender,1996,GMC,Suburban 1500,Boston,Massachusetts,02163,US,42.3253,-71.1122,95411,Kertzmann Group,01/13/2024
469,Angie,Wicklin,awicklind0@gizmodo.com,Genderfluid,1992,Mercury,Capri,Phoenix,Arizona,85099,US,33.2765,-112.1872,51366,Jacobs-Stokes,12/14/2023
470,Stephen,Bugg,sbuggd1@indiegogo.com,Male,2003,Honda,Pilot,Baton Rouge,Louisiana,70815,US,30.4558,-91.0596,90455,"Pfannerstill, Feil and Pouros",04/29/2023
471,Thea,Lundy,tlundyd2@nba.com,Female,1999,Honda,Odyssey,Peoria,Arizona,85383,US,33.7169,-112.238,57774,Weimann-Corkery,05/24/2023
472,Hasty,Verrico,hverricod3@wiley.com,Male,2003,Ford,F-Series,Las Vegas,Nevada,89150,US,35.9279,-114.9721,71682,Herman-Altenwerth,10/24/2024
473,Alexander,Whitland,awhitlandd4@flavors.me,Male,2002,Toyota,MR2,Roanoke,Virginia,24020,US,37.3589,-79.9448,96291,Tromp and Sons,07/05/2022
474,Samara,Lifsey,slifseyd5@phpbb.com,Female,1996,Nissan,Pathfinder,Amarillo,Texas,79165,US,35.4015,-101.8951,66281,"Heathcote, Ortiz and Becker",08/10/2022
475,Park,Moodycliffe,pmoodycliffed6@dmoz.org,Male,2012,Lotus,Evora,Fort Lauderdale,Florida,33336,US,26.1219,-80.1436,62065,"Hagenes, Brekke and Rogahn",07/14/2022
476,Nananne,Batrim,nbatrimd7@tumblr.com,Female,1994,GMC,Yukon,Manassas,Virginia,22111,US,38.7202,-77.4391,43727,"Kunde, Predovic and Flatley",04/14/2023
477,Izzy,Emerine,iemerined8@va.gov,Male,1989,Pontiac,6000,Orlando,Florida,32830,US,28.3822,-81.569,37346,Keebler-Nitzsche,04/27/2023
478,Winnah,Hill,whilld9@nhs.uk,Genderqueer,2007,Ford,E150,Akron,Ohio,44305,US,41.076,-81.4644,61007,Langosh-Bosco,04/21/2024
479,Nikoletta,Baldelli,nbaldellida@wordpress.com,Female,1987,Lincoln,Town Car,Houston,Texas,77080,US,29.8159,-95.523,32733,Ledner-Gutkowski,01/26/2024
480,Asia,Seaborne,aseabornedb@google.co.jp,Genderqueer,1999,Lotus,Esprit,San Francisco,California,94105,US,37.7864,-122.3892,51627,"Kutch, Bernhard and Hauck",01/14/2023
481,Kikelia,Drayton,kdraytondc@bbc.co.uk,Female,2003,Cadillac,Escalade,Grand Rapids,Michigan,49505,US,43.012,-85.6309,41900,"Rath, Feeney and Wiza",02/12/2025
482,Gothart,Jeal,gjealdd@ca.gov,Male,2006,Toyota,Solara,Pittsburgh,Pennsylvania,15274,US,40.4344,-80.0248,58759,Harber-Gleason,02/18/2025
483,Sauveur,Redmire,sredmirede@bloomberg.com,Male,1980,Ford,Mustang,Utica,New York,13505,US,43.0872,-75.2603,56016,"Schmeler, Wiegand and Crona",07/23/2024
484,Wade,Bwye,wbwyedf@tamu.edu,Male,1991,Pontiac,Grand Am,Dallas,Texas,75216,US,32.7086,-96.7955,52774,Walker and Sons,06/06/2024
485,Karla,Olczak,kolczakdg@mashable.com,Female,1991,Ford,Festiva,Washington,District of Columbia,20540,US,38.8874,-77.0047,78647,"Heathcote, Kozey and Schimmel",08/08/2025
486,Russell,Coldtart,rcoldtartdh@un.org,Male,1998,Cadillac,Eldorado,Saint Louis,Missouri,63131,US,38.6171,-90.4504,47483,Hilpert-Oberbrunner,10/27/2022
487,Saxon,Leggett,sleggettdi@columbia.edu,Male,2002,Mitsubishi,Challenger,Wichita Falls,Texas,76305,US,33.9995,-98.3938,70070,Lueilwitz LLC,03/30/2024
488,Waldon,Jone,wjonedj@msu.edu,Male,2006,Aston Martin,DB9 Volante,Hartford,Connecticut,06140,US,41.7918,-72.7188,57529,O'Connell-Hane,05/02/2023
489,Rickard,Lorand,rloranddk@furl.net,Male,1988,Pontiac,6000,Lincoln,Nebraska,68583,US,40.7845,-96.6888,43342,"Luettgen, Bahringer and Kiehn",01/03/2023
490,Roch,Rown,rrowndl@gizmodo.com,Female,2005,Nissan,Sentra,Los Angeles,California,90045,US,33.9631,-118.3941,52266,Luettgen-Willms,12/23/2024
491,Esma,Burn,eburndm@flickr.com,Female,2007,Mitsubishi,Galant,Sacramento,California,95865,US,38.596,-121.3978,95526,Rath Inc,01/21/2026
492,Tommi,Rosevear,troseveardn@list-manage.com,Female,2008,Toyota,Camry Hybrid,Birmingham,Alabama,35295,US,33.5446,-86.9292,44853,Hermann-Effertz,04/07/2023
493,Ronald,Empringham,rempringhamdo@google.nl,Male,1999,Mitsubishi,3000GT,Detroit,Michigan,48295,US,42.2399,-83.1508,99925,"Kutch, Kris and Runte",04/17/2024
494,Lindi,Cosh,lcoshdp@infoseek.co.jp,Agender,2009,Mercury,Mountaineer,El Paso,Texas,79977,US,31.6948,-106.3,89410,Ebert-Parisian,05/31/2022
495,Parsifal,Harriot,pharriotdq@a8.net,Male,1985,Mercury,Marquis,Sarasota,Florida,34238,US,27.2427,-82.4751,91876,Marks Group,09/15/2024
496,Rana,Daingerfield,rdaingerfielddr@yandex.ru,Female,1990,Audi,Coupe Quattro,Lincoln,Nebraska,68531,US,40.9008,-96.7201,72958,"Sipes, Yundt and Swaniawski",10/22/2024
497,Bonni,Johnes,bjohnesds@sciencedaily.com,Female,2002,Lexus,GS,Atlanta,Georgia,30358,US,33.9982,-84.3411,50456,Lesch Inc,02/06/2024
498,Boonie,Cesconi,bcesconidt@twitter.com,Male,2012,Toyota,Corolla,Palatine,Illinois,60078,US,41.8119,-87.6873,53619,"Dach, Konopelski and Satterfield",04/16/2023
499,Lucretia,Oakley,loakleydu@rambler.ru,Polygender,1990,Volkswagen,Type 2,New Orleans,Louisiana,70183,US,29.6779,-90.0901,73243,Lueilwitz LLC,04/22/2023
500,Mal,Hoodless,mhoodlessdv@angelfire.com,Male,1992,Oldsmobile,Silhouette,Milwaukee,Wisconsin,53285,US,43.0174,-87.5697,86520,"Kessler, Rath and Schumm",01/05/2026
501,Gordan,Reckus,greckusdw@elpais.com,Male,1992,Mercedes-Benz,W201,Waterbury,Connecticut,06726,US,41.3657,-72.9275,31288,"Paucek, Schimmel and Kovacek",10/07/2023
502,Westley,Leads,wleadsdx@amazon.co.uk,Male,2006,Pontiac,Daewoo Kalos,Katy,Texas,77493,US,29.8678,-95.8298,93673,"Bartoletti, Klein and Konopelski",05/04/2025
503,Meade,Terese,mteresedy@free.fr,Female,2001,Lamborghini,Diablo,Baton Rouge,Louisiana,70826,US,30.5159,-91.0804,76162,Klocko-Leannon,03/29/2025
504,Janeczka,Penson,jpensondz@princeton.edu,Female,2006,Audi,A6,Young America,Minnesota,55551,US,44.8055,-93.7665,74798,"Prohaska, Wyman and Balistreri",03/01/2024
505,Emalia,Echlin,eechline0@comsenz.com,Female,2000,Mazda,MX-5,Detroit,Michigan,48275,US,42.2399,-83.1508,83007,Nikolaus and Sons,10/13/2022
506,Lenna,Aberkirdo,laberkirdoe1@cdc.gov,Female,1986,Buick,Regal,Springfield,Missouri,65810,US,37.1136,-93.2896,53128,Shields Inc,12/12/2023
507,Judy,Boddice,jboddicee2@comcast.net,Female,2001,Isuzu,Rodeo Sport,Anniston,Alabama,36205,US,33.7358,-85.7933,47971,Stanton-Cruickshank,02/10/2024
508,Sonnie,Baylis,sbaylise3@miibeian.gov.cn,Male,2009,BMW,M6,Fort Lauderdale,Florida,33305,US,26.1497,-80.1229,49260,"Goodwin, Conn and Davis",02/08/2022
509,Bryana,Cristofol,bcristofole4@wp.com,Female,1992,Infiniti,G,Honolulu,Hawaii,96820,US,21.351,-157.8795,99098,Braun-Block,07/02/2025
510,Kaye,Faill,kfaille5@deliciousdays.com,Female,2006,GMC,Savana,Melbourne,Florida,32919,US,28.3067,-80.6862,61960,"Balistreri, O'Connell and Bauch",01/21/2024
511,Hynda,Hedling,hhedlinge6@state.tx.us,Female,1999,Land Rover,Discovery,Louisville,Kentucky,40225,US,38.189,-85.6768,60047,Williamson Inc,04/29/2023
512,Zach,Costell,zcostelle7@ihg.com,Male,2008,GMC,Sierra 1500,Orlando,Florida,32825,US,28.5469,-81.2571,62406,Reichel Inc,03/09/2023
513,Bird,Semark,bsemarke8@i2i.jp,Female,1993,Volvo,960,Tampa,Florida,33673,US,27.872,-82.4388,40655,Medhurst Group,02/11/2023
514,Orella,McGillivray,omcgillivraye9@who.int,Female,1994,Cadillac,DeVille,Pocatello,Idaho,83206,US,42.6395,-112.3138,80333,"Rice, Waters and Watsica",02/02/2023
515,Peggi,Rockcliffe,prockcliffeea@devhub.com,Female,1998,Mercury,Tracer,Mobile,Alabama,36622,US,30.6589,-88.178,47157,"Lind, Kris and Bashirian",12/11/2024
516,Lucho,Oak,loakeb@fda.gov,Male,2012,Mercedes-Benz,SLK-Class,Ridgely,Maryland,21684,US,38.8893,-75.8612,37983,Nolan-Johnson,05/07/2023
517,Jeannine,Ewbach,jewbachec@tinyurl.com,Female,1999,Isuzu,Amigo,Waltham,Massachusetts,02453,US,42.3654,-71.2316,85873,"Will, Ernser and Tromp",04/18/2023
518,Antonio,Crabbe,acrabbeed@salon.com,Male,1988,Honda,CR-X,Virginia Beach,Virginia,23454,US,36.8282,-76.0237,66767,"Kovacek, Kuhn and VonRueden",09/12/2022
519,Shellie,Alenshev,salenshevee@java.com,Female,1994,Audi,Cabriolet,Milwaukee,Wisconsin,53263,US,43.0746,-88.0604,81238,"Walter, Kulas and Runte",02/10/2022
520,Leigh,Orvis,lorvisef@smugmug.com,Female,1993,Mercury,Grand Marquis,Houston,Texas,77095,US,29.8941,-95.6481,53430,"DuBuque, Rice and Kozey",12/16/2025
521,Cosmo,Chismon,cchismoneg@usnews.com,Male,2008,Audi,RS4,Lincoln,Nebraska,68531,US,40.9008,-96.7201,41405,Hirthe LLC,11/07/2022
522,Huntington,Gilbride,hgilbrideeh@disqus.com,Male,2006,Subaru,Outback,Mc Keesport,Pennsylvania,15134,US,40.4344,-80.0248,84024,Tromp-Cruickshank,04/22/2024
523,Sherwood,Auger,saugerei@yahoo.co.jp,Male,2008,MINI,Cooper Clubman,Worcester,Massachusetts,01610,US,42.2492,-71.8108,78694,Zboncak-Koch,01/04/2024
524,Vachel,Hans,vhansej@opensource.org,Male,1999,Lincoln,Continental,Des Moines,Iowa,50369,US,41.6727,-93.5722,55307,Boyer-Upton,12/31/2025
525,Ganny,Pickworth,gpickworthek@google.cn,Agender,2007,Chevrolet,Malibu,Reno,Nevada,89519,US,39.4814,-119.8591,68412,Corkery LLC,08/14/2025
526,Sean,Aldous,saldousel@blogs.com,Non-binary,2005,Dodge,Stratus,Oklahoma City,Oklahoma,73142,US,35.599,-97.6251,75585,"Kessler, Daniel and Hilpert",08/17/2022
527,Kendell,Laird-Craig,klairdcraigem@nbcnews.com,Genderqueer,1995,Toyota,Previa,Tampa,Florida,33673,US,27.872,-82.4388,91160,Robel Group,12/01/2023
528,Emmi,Hooke,ehookeen@house.gov,Genderqueer,2003,Honda,Odyssey,Mount Vernon,New York,10557,US,41.119,-73.733,72492,"Mertz, Rempel and Swift",11/24/2025
529,Lucienne,Hesse,lhesseeo@t-online.de,Female,1998,Mercedes-Benz,M-Class,Killeen,Texas,76544,US,31.1282,-97.7469,55074,"Wiegand, Predovic and Gleichner",07/02/2025
530,Glori,Challin,gchallinep@guardian.co.uk,Female,2001,Toyota,Echo,Colorado Springs,Colorado,80940,US,38.8247,-104.562,53195,"Feil, Balistreri and Heaney",04/28/2023
531,Finn,Curtiss,fcurtisseq@time.com,Male,2008,Toyota,Sienna,New Brunswick,New Jersey,08922,US,40.43,-74.4173,83765,"Reichel, Berge and Larkin",06/03/2023
532,Mackenzie,Gookey,mgookeyer@mapquest.com,Male,2011,Honda,Ridgeline,Gainesville,Florida,32610,US,29.6813,-82.3539,43591,Kiehn-Stokes,11/16/2025
533,Shannon,Greenrodd,sgreenroddes@creativecommons.org,Male,2006,Toyota,Camry Solara,Dallas,Texas,75277,US,32.7673,-96.7776,41118,"Grimes, Kuvalis and Conn",08/31/2024
534,Agneta,Shenton,ashentonet@1und1.de,Female,2009,Acura,MDX,Macon,Georgia,31217,US,32.8118,-83.565,88827,Koss Group,06/22/2022
535,Elliot,Halloway,ehallowayeu@gizmodo.com,Male,1993,Volvo,940,Lexington,Kentucky,40505,US,38.0612,-84.4583,72940,Batz-Rolfson,07/17/2025
536,Jannelle,Ilyas,jilyasev@unc.edu,Female,2010,Hyundai,Santa Fe,Portland,Oregon,97255,US,45.5806,-122.3748,36878,"Erdman, Price and Macejkovic",01/18/2023
537,Nil,Denyukhin,ndenyukhinew@europa.eu,Male,1964,Ford,Mustang,Saint Louis,Missouri,63104,US,38.6128,-90.2185,48573,Koelpin LLC,05/17/2025
538,Daile,Martellini,dmartelliniex@mtv.com,Female,2010,Rolls-Royce,Ghost,Tacoma,Washington,98424,US,47.2325,-122.3594,66687,"Dickinson, Bergnaum and Lebsack",10/29/2023
539,Pooh,Presnell,ppresnelley@biblegateway.com,Male,2007,Chrysler,Town & Country,Sacramento,California,94257,US,38.3774,-121.4444,70092,Romaguera-Schiller,06/21/2024
540,Skyler,Pavelka,spavelkaez@g.co,Male,2005,Mercedes-Benz,C-Class,Washington,District of Columbia,20409,US,38.8933,-77.0146,63091,Pfannerstill-Littel,09/24/2023
541,Jaclyn,Diboll,jdibollf0@amazonaws.com,Female,2005,Dodge,Stratus,Oklahoma City,Oklahoma,73124,US,35.5514,-97.4075,49562,"Raynor, Graham and Pfeffer",12/24/2023
542,Darb,Tefft,dtefftf1@wunderground.com,Non-binary,2004,Dodge,Ram 1500,Jamaica,New York,11447,US,40.6914,-73.8061,49686,Kovacek-Mayert,10/12/2023
543,Bridgette,Lammin,blamminf2@ihg.com,Female,2004,Ford,E250,Hartford,Connecticut,06152,US,41.7918,-72.7188,56248,Reichel Inc,05/02/2024
544,Leonore,Prier,lprierf3@tripod.com,Female,1993,Mercedes-Benz,500SEC,Shreveport,Louisiana,71161,US,32.6076,-93.7526,84417,"Greenfelder, Koelpin and King",08/23/2025
545,Barthel,McDougald,bmcdougaldf4@google.com.hk,Male,2005,Ford,Ranger,Miami,Florida,33134,US,25.768,-80.2714,65242,Reichel-Deckow,07/06/2023
546,Clarie,Petrusch,cpetruschf5@bloglines.com,Female,1999,Oldsmobile,Cutlass,Las Vegas,Nevada,89150,US,35.9279,-114.9721,69385,Gusikowski LLC,04/25/2023
547,Minta,Clausius,mclausiusf6@japanpost.jp,Female,1994,Oldsmobile,98,Cleveland,Ohio,44130,US,41.3826,-81.7964,94806,Reichert LLC,04/15/2025
548,Meta,Lydden,mlyddenf7@nydailynews.com,Female,2005,Mazda,Mazda3,Odessa,Texas,79769,US,31.7466,-102.567,96106,Roberts-Ratke,05/22/2025
549,Brooks,Infantino,binfantinof8@stanford.edu,Male,1995,Chevrolet,Caprice Classic,Miami,Florida,33111,US,25.5584,-80.4582,93146,Tremblay and Sons,05/15/2024
550,Sonnie,Moniker,smonikerf9@geocities.com,Non-binary,2005,Saturn,L-Series,San Luis Obispo,California,93407,US,35.3471,-120.4553,31372,Treutel-Hills,08/09/2025
551,Claudianus,Pattillo,cpattillofa@multiply.com,Male,2006,Lexus,ES,Washington,District of Columbia,20557,US,38.8874,-77.0047,31325,Bernier-Orn,09/16/2025
552,Vikki,Groome,vgroomefb@rambler.ru,Female,2012,Volkswagen,Jetta,Roanoke,Virginia,24004,US,37.2742,-79.9579,65751,Funk LLC,01/21/2025
553,Scarlet,Reyson,sreysonfc@woothemes.com,Female,1962,Pontiac,Grand Prix,Evansville,Indiana,47719,US,37.9971,-87.575,35059,"Gorczany, Rempel and Kilback",12/05/2023
554,Danica,Slator,dslatorfd@ibm.com,Female,1995,Chrysler,Concorde,Round Rock,Texas,78682,US,30.6568,-97.6026,98017,"DuBuque, Fisher and Runte",09/15/2024
555,Templeton,Tellenbrook,ttellenbrookfe@opera.com,Male,1993,Eagle,Summit,Huntsville,Alabama,35895,US,34.734,-86.5229,89890,Toy LLC,02/19/2024
556,Millicent,Bussetti,mbussettiff@usatoday.com,Female,1992,Oldsmobile,Ciera,Shawnee Mission,Kansas,66220,US,38.9613,-94.8222,49805,Romaguera-Weimann,08/03/2023
557,Heinrik,Braisher,hbraisherfg@whitehouse.gov,Male,2002,Lamborghini,Murciélago,Baltimore,Maryland,21275,US,39.2847,-76.6205,41564,Weimann Inc,09/20/2024
558,Dale,Stoker,dstokerfh@usnews.com,Male,1997,Suzuki,Swift,Tyler,Texas,75705,US,32.3766,-95.1252,53871,Kuhlman-Wisoky,06/28/2025
559,Frazier,Silbersak,fsilbersakfi@merriam-webster.com,Genderqueer,2008,Mazda,Tribute,Waterloo,Iowa,50706,US,42.4156,-92.2703,66256,Johnston-Bogan,02/16/2024
560,Leonanie,MacTrustie,lmactrustiefj@forbes.com,Female,2000,Plymouth,Grand Voyager,Lexington,Kentucky,40510,US,38.0702,-84.591,58803,"Dach, Lubowitz and Davis",11/14/2023
561,Raoul,Hazle,rhazlefk@artisteer.com,Non-binary,2008,Lincoln,Navigator L,Silver Spring,Maryland,20918,US,39.144,-77.2076,52684,"Jacobi, Weber and Hessel",07/06/2023
562,Shaughn,Swinn,sswinnfl@storify.com,Male,1966,Ford,Galaxie,Washington,District of Columbia,20530,US,38.8976,-77.027,72586,Frami-Kub,02/15/2023
563,Zilvia,Hatliffe,zhatliffefm@nationalgeographic.com,Female,1989,Suzuki,Sidekick,Decatur,Georgia,30033,US,33.8123,-84.2819,99152,"Runte, Deckow and Collier",07/31/2025
564,Kata,Lodge,klodgefn@twitpic.com,Female,1995,Chevrolet,Blazer,Milwaukee,Wisconsin,53263,US,43.0746,-88.0604,72551,Bergnaum-Wintheiser,09/10/2023
565,Yancy,McKevitt,ymckevittfo@cpanel.net,Male,2002,Infiniti,I,Little Rock,Arkansas,72222,US,34.7519,-92.3925,60750,"Hettinger, Barton and Kertzmann",01/07/2023
566,Christalle,Smieton,csmietonfp@weather.com,Female,2008,Aptera,Typ-1,El Paso,Texas,79977,US,31.6948,-106.3,53274,Hansen-Grant,04/19/2024
567,Breena,Stretton,bstrettonfq@thetimes.co.uk,Female,1989,Toyota,Truck Xtracab SR5,Wichita,Kansas,67260,US,37.7194,-97.2936,97636,Harber-Champlin,12/18/2024
568,Henrieta,Van Halen,hvanhalenfr@bbc.co.uk,Female,1986,Audi,4000CS Quattro,Little Rock,Arkansas,72222,US,34.7519,-92.3925,43662,Morar and Sons,06/18/2023
569,Audra,Hrachovec,ahrachovecfs@businessweek.com,Female,1997,BMW,5 Series,Washington,District of Columbia,20580,US,38.8933,-77.0146,61339,Frami and Sons,12/06/2024
570,Ofilia,Forrington,oforringtonft@businesswire.com,Female,1987,Audi,Coupe GT,Trenton,New Jersey,08608,US,40.2204,-74.7622,45616,Cormier and Sons,01/07/2026
571,Etan,Dickman,edickmanfu@harvard.edu,Male,1992,Alfa Romeo,Spider,Oklahoma City,Oklahoma,73167,US,35.5514,-97.4075,64671,Schmeler Group,10/07/2023
572,Brynna,Tidey,btideyfv@msn.com,Female,2007,Nissan,350Z,Laurel,Maryland,20709,US,38.8336,-76.8777,46449,"Turner, Bergnaum and Dach",08/22/2023
573,Alia,Brawley,abrawleyfw@printfriendly.com,Female,1994,Oldsmobile,Bravada,San Jose,California,95160,US,37.2187,-121.8601,64392,Runolfsson Group,03/14/2023
574,Bastian,Loukes,bloukesfx@cnbc.com,Male,2010,Bentley,Continental Flying Spur,Washington,District of Columbia,20520,US,38.8932,-77.049,53311,Considine-Ferry,01/23/2023
575,Neala,Pashen,npashenfy@chronoengine.com,Female,2009,GMC,Sierra,Detroit,Michigan,48267,US,42.2399,-83.1508,78672,Brekke LLC,09/25/2024
576,Joycelin,Ferber,jferberfz@nydailynews.com,Female,2005,Ford,Freestyle,Springfield,Ohio,45505,US,39.9106,-83.7856,97117,"Smith, Altenwerth and Gerlach",07/03/2024
577,Douglas,Giovannini,dgiovanninig0@mail.ru,Male,1993,Chevrolet,2500,Atlanta,Georgia,30386,US,33.8444,-84.474,33064,"Marks, Bernhard and Marks",03/21/2023
578,Reiko,Malimoe,rmalimoeg1@blinklist.com,Female,1989,Buick,Regal,Van Nuys,California,91406,US,34.2006,-118.4868,31994,"Rodriguez, Johnson and Hamill",07/09/2023
579,Salomon,Alban,salbang2@aboutads.info,Male,1998,Buick,Century,Phoenix,Arizona,85025,US,33.4226,-111.7236,76719,"Graham, Boyle and Armstrong",09/08/2025
580,Durant,Andreev,dandreevg3@soup.io,Male,2006,Jeep,Wrangler,Houston,Texas,77080,US,29.8159,-95.523,82143,Gutmann-Raynor,08/18/2023
581,Thaddus,Infante,tinfanteg4@opensource.org,Male,1999,Chevrolet,Blazer,Oklahoma City,Oklahoma,73152,US,35.5514,-97.4075,50997,Zboncak Group,10/05/2023
582,Alison,Buckenhill,abuckenhillg5@state.gov,Female,2006,Pontiac,Daewoo Kalos,San Francisco,California,94177,US,37.7848,-122.7278,67367,Effertz-Rippin,07/17/2024
583,Anthe,Haddow,ahaddowg6@accuweather.com,Female,2012,Hyundai,HED-5,Fort Wayne,Indiana,46857,US,41.0938,-85.0707,92080,Dietrich-Ullrich,09/07/2025
584,Davide,Strowger,dstrowgerg7@tuttocitta.it,Male,1967,Chevrolet,Bel Air,Dayton,Ohio,45426,US,39.7982,-84.3211,48745,Hansen Group,05/09/2023
585,Gabey,Flaverty,gflavertyg8@is.gd,Genderfluid,2004,Suzuki,Swift,Murfreesboro,Tennessee,37131,US,35.8596,-86.421,62389,Wehner Group,07/02/2022
586,Paula,Khilkov,pkhilkovg9@studiopress.com,Female,1998,GMC,3500,Las Vegas,Nevada,89110,US,36.173,-115.0669,99282,"Larkin, Yost and Keebler",04/05/2023
587,Gabriel,Halley,ghalleyga@blinklist.com,Female,2009,Nissan,GT-R,Springfield,Virginia,22156,US,38.8318,-77.2888,66414,Heathcote-Lockman,03/08/2022
588,Elisabetta,Gowman,egowmangb@un.org,Female,1999,Lexus,LS,Pensacola,Florida,32595,US,30.6143,-87.2758,61765,Bauch LLC,01/19/2025
589,Laney,Geely,lgeelygc@newyorker.com,Male,2007,Mazda,MX-5,Albany,Georgia,31704,US,31.55,-84.0612,86580,Sporer-Kozey,03/03/2024
590,Meredeth,Pally,mpallygd@dmoz.org,Male,2000,Volkswagen,Passat,Jamaica,New York,11470,US,40.6914,-73.8061,51380,"Langosh, Cronin and McGlynn",10/20/2023
591,Casi,Frantz,cfrantzge@diigo.com,Female,1999,Toyota,Camry,Manchester,New Hampshire,03105,US,42.9521,-71.6539,40929,"Ritchie, Zboncak and Aufderhar",07/08/2024
592,Sarene,Matthewman,smatthewmangf@xing.com,Female,2011,Subaru,Impreza,Saint Paul,Minnesota,55123,US,44.806,-93.1409,51620,Boyle Group,09/12/2022
593,Franny,Jeffrey,fjeffreygg@buzzfeed.com,Female,1995,Ford,Ranger,Huntsville,Texas,77343,US,30.7813,-95.5953,69915,Halvorson-Schaden,06/25/2025
594,Sonnie,Cullinan,scullinangh@answers.com,Female,1989,Lincoln,Town Car,Bakersfield,California,93399,US,35.4369,-119.0679,92090,Rowe-Heathcote,08/01/2025
595,Tamra,Woodhall,twoodhallgi@fc2.com,Female,2007,Mercedes-Benz,CLS-Class,Des Moines,Iowa,50335,US,41.6727,-93.5722,65583,"Hammes, Rath and Doyle",05/30/2022
596,Timoteo,Stiant,tstiantgj@vkontakte.ru,Genderqueer,2009,Volvo,XC70,Sacramento,California,94245,US,38.3774,-121.4444,83454,Fahey-Osinski,03/17/2023
597,Yardley,Haimes,yhaimesgk@bing.com,Male,2012,Mercedes-Benz,R-Class,Dayton,Ohio,45470,US,39.7505,-84.2686,60233,"Spinka, Luettgen and Thompson",03/10/2024
598,Heriberto,Stretton,hstrettongl@yahoo.co.jp,Male,2009,Chevrolet,Express 2500,Birmingham,Alabama,35225,US,33.5446,-86.9292,44862,"Kihn, Bins and Goldner",01/15/2024
599,Garth,Blesli,gblesligm@wp.com,Male,2012,Land Rover,LR4,Kansas City,Missouri,64187,US,39.035,-94.3567,36262,Kuphal-Dickens,07/23/2023
600,Alasdair,Olwen,aolwengn@hexun.com,Genderqueer,1998,Dodge,Ram Van 2500,Edmond,Oklahoma,73034,US,35.6665,-97.4798,55792,"Jakubowski, Kihn and Grimes",11/25/2024
601,Else,Beazleigh,ebeazleighgo@amazon.de,Female,2010,Dodge,Ram 3500,Fairbanks,Alaska,99709,US,64.8544,-147.8469,64920,Fadel-Collins,10/16/2024
602,Leon,Goneau,lgoneaugp@nasa.gov,Male,2005,Ford,Explorer Sport Trac,Berkeley,California,94712,US,37.6802,-121.9215,40874,"Jenkins, Daugherty and White",03/27/2024
603,Jamaal,Rayner,jraynergq@freewebs.com,Male,2006,Ford,GT,Los Angeles,California,90101,US,33.7866,-118.2987,97522,Ferry Inc,12/01/2022
604,Serge,Northrop,snorthropgr@nifty.com,Male,1948,Citroën,2CV,Miami,Florida,33245,US,25.5584,-80.4582,72078,Wyman and Sons,03/21/2022
605,Lindsay,Sapir,lsapirgs@ustream.tv,Female,2008,Volvo,C30,Trenton,New Jersey,08638,US,40.251,-74.7627,92017,Marks Inc,03/18/2022
606,Aurora,Asee,aaseegt@typepad.com,Female,1998,Mercury,Villager,Atlanta,Georgia,31132,US,33.7488,-84.3883,30276,Prohaska-Rutherford,10/27/2024
607,Ethelda,Wade,ewadegu@columbia.edu,Female,2009,Infiniti,G,Jefferson City,Missouri,65110,US,38.5309,-92.2493,80442,Halvorson-Bechtelar,07/12/2022
608,Brit,Nanni,bnannigv@tripod.com,Non-binary,2006,Suzuki,XL-7,Sacramento,California,95828,US,38.4826,-121.4006,96025,Ortiz-Rice,11/05/2024
609,Marabel,Frigout,mfrigoutgw@trellian.com,Female,2011,Maserati,GranTurismo,Mesa,Arizona,85205,US,33.4368,-111.7129,73571,Cole Inc,05/29/2024
610,Rip,Lagadu,rlagadugx@youku.com,Male,1993,Chevrolet,Sportvan G20,Orlando,Florida,32808,US,28.5803,-81.4396,68148,"Cassin, Dibbert and Gulgowski",02/14/2024
611,Inessa,Tebbs,itebbsgy@behance.net,Female,2009,Nissan,Versa,Mansfield,Ohio,44905,US,40.7779,-82.4613,57258,Wisoky-Lind,10/16/2024
612,Ferrell,Dulen,fdulengz@fastcompany.com,Male,1994,Lotus,Esprit,Clearwater,Florida,34629,US,27.9654,-82.8001,97976,"Jacobi, Fisher and Stiedemann",12/21/2024
613,Remington,Kynder,rkynderh0@so-net.ne.jp,Male,2010,Volkswagen,Touareg,Duluth,Georgia,30096,US,33.9845,-84.1529,63028,"Shanahan, Hackett and Swift",10/22/2022
614,Emory,Shepley,eshepleyh1@mashable.com,Male,2005,Toyota,Land Cruiser,Bronx,New York,10469,US,40.8702,-73.8495,53441,O'Hara-Christiansen,05/18/2025
615,Mohammed,Nancarrow,mnancarrowh2@smh.com.au,Male,1994,Oldsmobile,Bravada,Saint Petersburg,Florida,33705,US,27.7391,-82.6435,98295,Schoen and Sons,09/29/2022
616,Mildrid,Henbury,mhenburyh3@artisteer.com,Female,1994,Volkswagen,Passat,Austin,Texas,78726,US,30.43,-97.8326,56815,"Fadel, Terry and Pfeffer",08/12/2025
617,Ellie,Perez,eperezh4@wix.com,Female,1987,Mercury,Topaz,Syracuse,New York,13251,US,43.0214,-76.1977,38896,"Emard, White and Tillman",03/24/2024
618,Tobi,Creigan,tcreiganh5@hugedomains.com,Non-binary,2006,Chevrolet,Express 2500,Brooklyn,New York,11236,US,40.6407,-73.9028,61152,Anderson-Sawayn,08/11/2024
619,Yvon,Pidler,ypidlerh6@histats.com,Male,2005,Jaguar,XJ Series,Madison,Wisconsin,53779,US,43.0982,-89.3242,35835,"Kuhlman, Sipes and McKenzie",08/17/2023
620,Danell,Beccera,dbeccerah7@slashdot.org,Female,2003,GMC,Savana 3500,Young America,Minnesota,55564,US,44.8055,-93.7665,80620,Johnston-Balistreri,11/29/2025
621,Lexis,Garrick,lgarrickh8@microsoft.com,Genderfluid,1993,Mercury,Sable,Raleigh,North Carolina,27626,US,35.7977,-78.6253,85208,Williamson-Rice,03/05/2025
622,Gawain,Hagland,ghaglandh9@nifty.com,Male,1990,Buick,Coachbuilder,Phoenix,Arizona,85099,US,33.2765,-112.1872,98991,Padberg-O'Hara,10/16/2025
623,Whittaker,Marzello,wmarzelloha@51.la,Agender,2004,Pontiac,Grand Am,Springfield,Massachusetts,01152,US,42.1707,-72.6048,49396,Will LLC,09/28/2024
624,Halsy,Joel,hjoelhb@naver.com,Male,2008,Buick,Enclave,New York City,New York,10004,US,40.6964,-74.0253,73800,"Bogisich, Bednar and Rutherford",08/14/2025
625,Patrice,Le Friec,plefriechc@cdc.gov,Male,2010,Pontiac,Vibe,Tulsa,Oklahoma,74103,US,36.1539,-95.9954,72384,Fay-Harris,02/16/2022
626,Rodrique,Atcock,ratcockhd@example.com,Male,1994,Mitsubishi,3000GT,Brooklyn,New York,11225,US,40.6628,-73.9546,89831,"Rutherford, Hintz and Schroeder",04/01/2023
627,Drusilla,Ameer-Beg,dameerbeghe@sourceforge.net,Female,2007,Toyota,Matrix,San Diego,California,92127,US,33.0279,-117.0856,30562,Hartmann-Upton,01/25/2024
628,Roland,Beardow,rbeardowhf@ameblo.jp,Male,2003,Mercury,Mountaineer,Melbourne,Florida,32919,US,28.3067,-80.6862,35027,"Kuphal, Hills and Green",10/30/2025
629,Nanon,Cappleman,ncapplemanhg@list-manage.com,Female,2010,Bentley,Continental Flying Spur,Newark,Delaware,19725,US,39.5645,-75.597,67364,Swaniawski-Ledner,04/22/2024
630,Allene,De Ambrosi,adeambrosihh@digg.com,Female,2007,Bentley,Arnage,Indianapolis,Indiana,46202,US,39.7851,-86.1595,99436,"O'Reilly, Armstrong and Zulauf",04/16/2024
631,Dare,Tomaskunas,dtomaskunashi@cbslocal.com,Male,1993,Dodge,Ram Wagon B250,Macon,Georgia,31205,US,32.8067,-83.6913,94634,Grady-Dickinson,03/29/2025
632,Eachelle,Noni,enonihj@cbsnews.com,Female,2005,Toyota,RAV4,Austin,Texas,78783,US,30.3264,-97.7713,51873,"Balistreri, Beahan and Frami",10/26/2022
633,Egor,Duffitt,eduffitthk@un.org,Male,1996,Kia,Sephia,Arlington,Texas,76016,US,32.6889,-97.1905,36189,"Parker, Waelchi and Kozey",03/17/2022
634,Chloette,Smallpeace,csmallpeacehl@washingtonpost.com,Genderqueer,2004,Suzuki,XL-7,Providence,Rhode Island,02912,US,41.8267,-71.3977,69735,"Bergstrom, Hilll and Johns",12/21/2023
635,Colline,Chicchelli,cchicchellihm@zimbio.com,Non-binary,2005,Audi,A6,Springfield,Illinois,62764,US,39.7495,-89.606,61892,"Bauch, Klocko and Tromp",10/28/2022
636,Ron,Batrim,rbatrimhn@house.gov,Male,2012,Acura,MDX,Charlotte,North Carolina,28242,US,35.26,-80.8042,31464,"Collins, Fadel and Fay",01/11/2023
637,Lona,Smitheram,lsmitheramho@ask.com,Female,2009,Audi,A5,Hampton,Virginia,23668,US,37.0206,-76.3377,81344,"Hilll, Renner and Parisian",11/09/2023
638,Daphne,Neely,dneelyhp@chronoengine.com,Female,2009,Volkswagen,Routan,Washington,District of Columbia,20226,US,38.8933,-77.0146,73906,Konopelski Group,03/16/2025
639,Audrie,Hadgkiss,ahadgkisshq@tmall.com,Female,2006,Lincoln,LS,New York City,New York,10060,US,40.7808,-73.9772,61282,Jenkins-Wolf,01/25/2024
640,Daryl,Downs,ddownshr@sphinn.com,Female,1998,Chevrolet,Suburban 2500,Philadelphia,Pennsylvania,19196,US,40.0018,-75.1179,93844,"Runolfsson, Kovacek and Moen",02/19/2024
641,Haleigh,Hair,hhairhs@scribd.com,Female,2011,Jaguar,XF,Cincinnati,Ohio,45218,US,39.2663,-84.5221,37980,"Adams, Romaguera and Wuckert",04/04/2023
642,Phineas,Eilhersen,peilhersenht@soundcloud.com,Male,1987,Lamborghini,Countach,Mount Vernon,New York,10557,US,41.119,-73.733,87729,Cremin Inc,03/19/2024
643,Tory,Caldero,tcalderohu@csmonitor.com,Female,1999,Pontiac,Firebird Formula,San Jose,California,95128,US,37.3163,-121.9356,33843,"Russel, Walsh and Cole",01/21/2025
644,Mersey,Teacy,mteacyhv@exblog.jp,Female,2008,Lexus,GX,Amarillo,Texas,79176,US,35.1885,-101.8165,92833,Parker-Corkery,10/19/2024
645,Melissa,Harpin,mharpinhw@google.it,Female,1990,Mitsubishi,GTO,Memphis,Tennessee,38136,US,35.2017,-89.9715,70820,"Schaefer, Will and Dickinson",04/20/2023
646,Lanette,Florence,lflorencehx@tinyurl.com,Female,2003,Ford,Expedition,Dallas,Texas,75221,US,32.8147,-96.7877,31075,"Toy, Lindgren and Herman",11/22/2024
647,Jillene,Dublin,jdublinhy@phoca.cz,Female,1992,Toyota,4Runner,Salt Lake City,Utah,84199,US,40.7259,-111.9394,75032,"Stokes, Rippin and Murphy",04/03/2023
648,Myrwyn,Diegan,mdieganhz@xing.com,Male,2003,Mercedes-Benz,SL-Class,Houston,Texas,77010,US,29.7543,-95.3609,31565,Davis LLC,04/14/2024
649,Udall,Antonowicz,uantonowiczi0@wiley.com,Male,1999,Isuzu,Rodeo,Columbus,Ohio,43226,US,39.969,-83.0114,55175,"Konopelski, Brekke and Emmerich",02/21/2022
650,Rosy,Busain,rbusaini1@gnu.org,Female,2006,Cadillac,Escalade ESV,Long Beach,California,90847,US,33.7866,-118.2987,53845,Heathcote-Turcotte,06/30/2025
651,Flossy,Ruperti,frupertii2@dedecms.com,Female,1994,Jaguar,XJ Series,Houston,Texas,77250,US,29.7629,-95.3629,36673,Von-Padberg,11/09/2025
652,Xenos,Petrosian,xpetrosiani3@gov.uk,Male,1979,Nissan,280ZX,Philadelphia,Pennsylvania,19109,US,39.9496,-75.1637,42979,Reichel-Conroy,10/20/2022
653,Ira,Canfield,icanfieldi4@buzzfeed.com,Polygender,2008,Saturn,VUE,Muskegon,Michigan,49444,US,43.1791,-86.1989,74434,Gusikowski-Block,01/26/2024
654,Janina,Semmence,jsemmencei5@ezinearticles.com,Female,2004,Jaguar,S-Type,Vancouver,Washington,98682,US,45.6644,-122.5212,47446,Roob-Fahey,04/21/2023
655,Cobbie,Fardy,cfardyi6@blog.com,Male,2007,Audi,Q7,Seattle,Washington,98148,US,47.4441,-122.3249,77180,Brekke Group,12/16/2023
656,Drucill,Dorre,ddorrei7@hugedomains.com,Female,2004,Mitsubishi,Lancer,Dallas,Texas,75379,US,32.7673,-96.7776,91177,McClure LLC,07/17/2024
657,Brigitte,Jacmard,bjacmardi8@nationalgeographic.com,Female,2006,Mercedes-Benz,CLK-Class,Grand Rapids,Michigan,49510,US,43.0314,-85.5503,63885,Kuhn-Rippin,02/12/2025
658,Maren,Jepensen,mjepenseni9@omniture.com,Female,2004,BMW,325,Winston Salem,North Carolina,27105,US,36.144,-80.2376,34837,Wunsch and Sons,06/25/2022
659,Yolande,Lebrun,ylebrunia@hostgator.com,Female,1992,Chevrolet,Blazer,Bethlehem,Pennsylvania,18018,US,40.6278,-75.3928,71913,Welch-Heller,07/31/2024
660,Sherye,Jeeves,sjeevesib@wikipedia.org,Female,2003,Dodge,Ram,Johnstown,Pennsylvania,15906,US,40.3522,-78.9383,90360,"Daniel, Bogan and Gutkowski",04/25/2025
661,Kerrie,Tottie,ktottieic@digg.com,Female,2006,Volkswagen,Golf,Conroe,Texas,77305,US,30.2906,-95.3832,60284,"Jaskolski, Beahan and Feil",11/07/2025
662,Tobie,Gwillyam,tgwillyamid@etsy.com,Male,1996,Volkswagen,Passat,Springfield,Massachusetts,01105,US,42.0999,-72.5783,96682,Raynor and Sons,08/13/2022
663,Lottie,Blose,lbloseie@europa.eu,Female,2001,Infiniti,I,Louisville,Kentucky,40250,US,38.189,-85.6768,67475,Parisian Group,01/08/2025
664,Eyde,Layzell,elayzellif@domainmarket.com,Female,1996,Plymouth,Grand Voyager,Tulsa,Oklahoma,74133,US,36.0467,-95.8841,60275,Kihn-Kuphal,12/02/2025
665,Lavinia,Hurdis,lhurdisig@sohu.com,Female,2005,Chevrolet,Silverado 3500,Mountain View,California,94042,US,37.1894,-121.7053,35058,"McKenzie, Wiza and Larkin",03/24/2024
666,Gale,Boutton,gbouttonih@ca.gov,Genderfluid,1995,GMC,Vandura G3500,Albuquerque,New Mexico,87105,US,35.0448,-106.6893,70635,Lind-Miller,06/13/2024
667,Francesco,Petris,fpetrisii@sakura.ne.jp,Male,1993,Plymouth,Grand Voyager,Sacramento,California,95852,US,38.6026,-121.4475,69862,"Ebert, Fritsch and Kessler",08/29/2022
668,Karil,Deeprose,kdeeproseij@yelp.com,Agender,1992,Dodge,Caravan,Baton Rouge,Louisiana,70805,US,30.486,-91.1481,84148,"Hand, Barton and Murray",08/02/2022
669,Georgianna,Craister,gcraisterik@youtube.com,Female,1998,Mercedes-Benz,C-Class,Nashville,Tennessee,37240,US,36.1866,-86.7852,50687,Jacobi-Shields,05/12/2025
670,Ruggiero,Klaffs,rklaffsil@columbia.edu,Non-binary,1986,Lamborghini,Countach,Memphis,Tennessee,38126,US,35.1255,-90.0424,58111,"Bogan, Wuckert and Lemke",12/02/2023
671,Rayner,Surgener,rsurgenerim@sun.com,Male,1991,Land Rover,Range Rover,Topeka,Kansas,66617,US,39.1271,-95.6384,35209,Lueilwitz-O'Reilly,08/20/2022
672,Jason,Georgiades,jgeorgiadesin@mysql.com,Male,2010,Nissan,Altima,Miami,Florida,33245,US,25.5584,-80.4582,92310,DuBuque-Smith,08/12/2023
673,Arturo,Gradon,agradonio@marketwatch.com,Male,1988,Honda,CR-X,Nashville,Tennessee,37228,US,36.1901,-86.8053,57415,Hagenes LLC,10/23/2023
674,Sybyl,Clews,sclewsip@plala.or.jp,Female,2010,Audi,R8,Pittsburgh,Pennsylvania,15279,US,40.4344,-80.0248,68780,Connelly-Hettinger,06/12/2022
675,Dorena,Layburn,dlayburniq@nyu.edu,Female,1989,Subaru,XT,Fullerton,California,92640,US,33.7862,-117.9309,90012,Zemlak-Orn,01/18/2026
676,Hyacinthe,Skillman,hskillmanir@oakley.com,Female,1999,BMW,M3,Anchorage,Alaska,99522,US,61.1089,-149.4403,91252,Langworth-Langworth,09/29/2024
677,Kenyon,Fundell,kfundellis@topsy.com,Male,2010,Kia,Sedona,Lawrenceville,Georgia,30045,US,33.9367,-83.9573,48376,"Lind, Kovacek and Lockman",09/04/2022
678,Clarice,Upcott,cupcottit@jimdo.com,Female,2012,Land Rover,Discovery,Spokane,Washington,99220,US,47.6536,-117.4317,39680,"O'Reilly, Ullrich and Watsica",06/04/2023
679,Cynde,Fogarty,cfogartyiu@msn.com,Female,1988,Mercedes-Benz,S-Class,Saint Paul,Minnesota,55103,US,44.9608,-93.1216,57837,Leannon Group,09/23/2024
680,Larine,Jarrad,ljarradiv@dailymail.co.uk,Female,2008,Mercury,Mountaineer,Savannah,Georgia,31416,US,32.0053,-81.0477,36488,Haley-Simonis,01/08/2026
681,Tomi,Ravens,travensiw@myspace.com,Female,2010,Mercury,Grand Marquis,San Francisco,California,94121,US,37.7786,-122.4892,45514,Farrell and Sons,07/14/2022
682,Ellwood,Ferry,eferryix@answers.com,Male,1991,Volkswagen,GTI,Burbank,California,91505,US,34.169,-118.3442,96454,Dibbert and Sons,01/17/2024
683,Blake,Giottoi,bgiottoiiy@deliciousdays.com,Male,1999,Lamborghini,Diablo,Zephyrhills,Florida,33543,US,28.2059,-82.3063,53668,"Wintheiser, Langosh and Schiller",02/28/2023
684,Karlis,Bewlay,kbewlayiz@odnoklassniki.ru,Male,1998,Dodge,Caravan,Houston,Texas,77299,US,29.834,-95.4342,96252,Brown-Corkery,11/18/2024
685,Armstrong,Franzel,afranzelj0@auda.org.au,Male,2007,Nissan,Titan,Atlanta,Georgia,31106,US,33.8444,-84.474,93080,"Powlowski, Ebert and Moore",01/29/2024
686,Mayer,Sommerled,msommerledj1@wordpress.org,Male,2011,Audi,A3,Irvine,California,92619,US,33.6706,-117.7645,94796,Bayer-Macejkovic,11/20/2023
687,Jacques,Jann,jjannj2@imgur.com,Male,1997,Chrysler,Town & Country,Tucson,Arizona,85720,US,31.9701,-111.8907,88777,Funk Group,01/22/2026
688,Kynthia,Maseres,kmaseresj3@disqus.com,Female,1991,Suzuki,Swift,Reno,Nevada,89550,US,39.5387,-119.8225,90250,Wyman and Sons,09/12/2023
689,Jarrid,Labone,jlabonej4@woothemes.com,Male,2005,Pontiac,Montana SV6,Las Vegas,Nevada,89160,US,35.9279,-114.9721,85747,"Torphy, Fisher and Zulauf",02/08/2025
690,Vanna,Brosnan,vbrosnanj5@sfgate.com,Female,1986,Pontiac,Sunbird,San Diego,California,92160,US,33.0169,-116.846,52787,Boyle Group,11/09/2024
691,Dody,Mardall,dmardallj6@dot.gov,Female,1993,Cadillac,Allante,Washington,District of Columbia,20051,US,38.8933,-77.0146,86938,McKenzie and Sons,09/11/2024
692,Hermina,Mordy,hmordyj7@networkadvertising.org,Female,2003,Lincoln,LS,Saint Louis,Missouri,63143,US,38.6111,-90.3225,45401,Okuneva and Sons,01/01/2023
693,Jackie,Wicklen,jwicklenj8@hubpages.com,Male,1986,Mitsubishi,Truck,Phoenix,Arizona,85072,US,33.2765,-112.1872,31974,Boyer Inc,08/29/2023
694,Veriee,Roberto,vrobertoj9@hhs.gov,Female,2010,Volkswagen,Rabbit,Fort Worth,Texas,76192,US,32.7714,-97.2915,97129,"Kuhlman, Flatley and Skiles",09/10/2025
695,Roldan,Torvey,rtorveyja@time.com,Male,2012,Audi,S4,Baton Rouge,Louisiana,70883,US,30.5159,-91.0804,77506,"Gibson, Harber and Larkin",05/12/2024
696,Burnaby,Warde,bwardejb@so-net.ne.jp,Male,1998,Oldsmobile,Regency,Nashville,Tennessee,37235,US,36.1866,-86.7852,86059,McClure Inc,09/08/2024
697,Bartholomeus,Gilyott,bgilyottjc@about.com,Male,1992,Ford,Crown Victoria,Des Moines,Iowa,50393,US,41.6727,-93.5722,32777,"Langosh, Batz and Koelpin",08/07/2022
698,Karl,Gamlen,kgamlenjd@mit.edu,Male,1993,Acura,Vigor,Ann Arbor,Michigan,48107,US,42.2535,-83.8366,40922,Padberg-Heidenreich,07/20/2024
699,Marthe,Mille,mmilleje@oracle.com,Female,2008,Bentley,Azure,Dallas,Texas,75277,US,32.7673,-96.7776,33634,Wolf and Sons,08/27/2024
700,Ulysses,Bercher,ubercherjf@arizona.edu,Male,1965,Volkswagen,Beetle,Minneapolis,Minnesota,55402,US,44.9762,-93.2759,63231,"Keebler, Mills and Wyman",04/23/2025
701,Annabel,Heinrich,aheinrichjg@pinterest.com,Non-binary,2001,GMC,Sierra 2500,Santa Monica,California,90410,US,33.7866,-118.2987,40351,Cole-Marks,07/19/2022
702,Adair,Truter,atruterjh@virginia.edu,Male,2009,Mazda,Miata MX-5,Washington,District of Columbia,20425,US,38.8933,-77.0146,57777,Lehner-Howe,11/27/2025
703,Corie,McKnish,cmcknishji@mail.ru,Female,2006,Subaru,Impreza,Pasadena,California,91117,US,33.7866,-118.2987,54987,"Watsica, Osinski and Watsica",06/06/2025
704,Joni,Walshaw,jwalshawjj@bloglines.com,Female,2006,Suzuki,XL-7,Fresno,California,93740,US,36.7464,-119.6397,87871,Daniel and Sons,06/22/2022
705,Eddy,Dillingston,edillingstonjk@imdb.com,Male,2002,Subaru,Legacy,Marietta,Georgia,30066,US,34.0378,-84.5038,55588,"Hand, Littel and Ondricka",02/08/2023
706,Eleonore,Kamen,ekamenjl@tumblr.com,Female,2010,Mazda,CX-9,Washington,District of Columbia,20404,US,38.8992,-77.0089,47260,Abshire Group,12/22/2025
707,Mic,Hessle,mhesslejm@yahoo.com,Male,2008,Subaru,Legacy,Washington,District of Columbia,20073,US,38.897,-77.0251,76820,"Upton, Daugherty and Adams",05/06/2022
708,Teddie,Urion,turionjn@parallels.com,Male,2006,Mazda,Mazda5,Fort Pierce,Florida,34981,US,27.4049,-80.3623,97922,Bergstrom-Rau,12/05/2023
709,Patience,Rigg,priggjo@ucla.edu,Female,1967,Pontiac,Tempest,Greensboro,North Carolina,27415,US,36.0807,-80.0244,72845,Walter Inc,03/04/2022
710,Rona,Yellop,ryellopjp@wix.com,Female,1985,Ford,Ranger,Salt Lake City,Utah,84130,US,40.6681,-111.9083,34266,Spinka Inc,02/06/2023
711,Norean,Nossent,nnossentjq@state.gov,Female,1994,Ford,F350,Sioux Falls,South Dakota,57198,US,43.6746,-96.7913,99330,"Braun, Von and Weber",03/20/2024
712,Lynea,Janew,ljanewjr@bravesites.com,Agender,1997,Land Rover,Defender 90,Berkeley,California,94705,US,37.8571,-122.25,61292,Kohler Inc,12/12/2024
713,Augusta,Brisson,abrissonjs@networkadvertising.org,Female,1989,Pontiac,Firefly,Bakersfield,California,93381,US,35.2944,-118.9052,41443,Dach LLC,04/06/2024
714,Cristionna,Tutin,ctutinjt@printfriendly.com,Female,2005,Nissan,Murano,Augusta,Georgia,30919,US,33.386,-82.091,55345,"Gerhold, Beatty and Legros",10/01/2025
715,Gwenni,Antonignetti,gantonignettiju@earthlink.net,Female,2009,Ford,F-Series,White Plains,New York,10606,US,41.0247,-73.7781,52039,"Willms, Berge and Schumm",05/18/2024
716,Kevin,Lampitt,klampittjv@wufoo.com,Male,1997,Chevrolet,Venture,Tacoma,Washington,98424,US,47.2325,-122.3594,95334,Daugherty Group,09/19/2022
717,Keene,Athowe,kathowejw@cdbaby.com,Male,1999,Lincoln,Town Car,Peoria,Illinois,61651,US,40.7442,-89.7184,54734,"Muller, Moen and Zboncak",03/19/2024
718,Nil,Symmons,nsymmonsjx@ftc.gov,Male,2002,GMC,Savana 3500,New Hyde Park,New York,11044,US,40.7548,-73.6018,43015,Nolan-Rogahn,11/16/2023
719,Desiree,Ingleton,dingletonjy@google.com.hk,Female,1999,Mercedes-Benz,M-Class,Long Beach,California,90831,US,33.7678,-118.1994,79470,Hand Group,06/05/2024
720,Lacy,Bischoff,lbischoffjz@deliciousdays.com,Female,1997,Toyota,Supra,West Hartford,Connecticut,06127,US,41.7918,-72.7188,33333,Johnson-Goyette,08/25/2022
721,Beatriz,Sprason,bsprasonk0@last.fm,Genderqueer,2011,Ram,3500,Houston,Texas,77055,US,29.7971,-95.4958,67478,Mueller and Sons,09/04/2023
722,Byrann,Hayler,bhaylerk1@twitter.com,Non-binary,1994,Mazda,929,Raleigh,North Carolina,27690,US,35.7977,-78.6253,87805,Wyman-Breitenberg,01/06/2023
723,Kristofor,Clerke,kclerkek2@netvibes.com,Male,2000,Chevrolet,Blazer,Savannah,Georgia,31405,US,32.0391,-81.1242,41892,Morar LLC,06/03/2025
724,Ingaborg,Hurran,ihurrank3@squarespace.com,Female,2002,Chrysler,PT Cruiser,Lexington,Kentucky,40581,US,38.0283,-84.4715,78742,Bergnaum-King,01/16/2024
725,Fee,Bloxam,fbloxamk4@angelfire.com,Male,2006,BMW,525,Richmond,Virginia,23208,US,37.5593,-77.4471,62882,"Ondricka, Armstrong and VonRueden",03/03/2022
726,Rossie,Allpress,rallpressk5@geocities.com,Male,1992,Mazda,Miata MX-5,Brockton,Massachusetts,02305,US,41.9705,-70.7014,76148,Corwin-McDermott,11/23/2023
727,Doy,Wollard,dwollardk6@admin.ch,Male,1999,Dodge,Stratus,Fort Lauderdale,Florida,33325,US,26.1097,-80.3215,32142,"DuBuque, Romaguera and Simonis",10/25/2025
728,Howard,Pennoni,hpennonik7@tmall.com,Male,2012,Land Rover,LR2,Tulsa,Oklahoma,74170,US,36.1398,-96.0297,92701,Kozey LLC,07/17/2024
729,Norry,Ellesworthe,nellesworthek8@prlog.org,Male,1966,Pontiac,Bonneville,Shreveport,Louisiana,71130,US,32.6076,-93.7526,56696,Beatty-Murazik,08/14/2022
730,Ignaz,Revely,irevelyk9@walmart.com,Male,2009,Mazda,RX-8,Atlanta,Georgia,31136,US,33.7473,-84.3824,30822,Heaney LLC,07/17/2024
731,Kristian,Lysaght,klysaghtka@addtoany.com,Male,1983,Mazda,626,Stockton,California,95219,US,38.01,-121.3698,52609,Champlin Group,09/03/2024
732,Stephenie,Pawlick,spawlickkb@t.co,Female,1968,Pontiac,Firebird,Independence,Missouri,64054,US,39.11,-94.4401,63787,Jacobi and Sons,06/14/2024
733,Donnell,Davidovitz,ddavidovitzkc@joomla.org,Male,2007,Maybach,62,Fort Lauderdale,Florida,33315,US,26.0989,-80.1541,43536,"Metz, Gibson and Lueilwitz",03/16/2025
734,Smith,Speers,sspeerskd@ustream.tv,Male,2006,BMW,3 Series,Washington,District of Columbia,20337,US,38.8933,-77.0146,86015,Daniel Group,04/14/2022
735,Ric,Glisane,rglisaneke@sfgate.com,Male,2010,Hyundai,Tucson,Pasadena,California,91199,US,34.1478,-118.1436,60508,"Wyman, Walsh and Armstrong",01/01/2025
736,Dunn,Shakesby,dshakesbykf@sfgate.com,Male,2008,Mercedes-Benz,SLR McLaren,Odessa,Texas,79769,US,31.7466,-102.567,35125,"Sawayn, Swift and Osinski",06/23/2024
737,Hermina,Kopec,hkopeckg@meetup.com,Polygender,1988,Honda,Accord,Tacoma,Washington,98417,US,47.2061,-122.4822,46540,"Herman, Senger and Boyle",10/15/2025
738,Dukey,Binks,dbinkskh@over-blog.com,Male,1991,Mazda,RX-7,Des Moines,Iowa,50310,US,41.6255,-93.6736,88932,Runolfsdottir-Hayes,04/05/2024
739,Luciano,Roddan,lroddanki@rambler.ru,Male,2009,Infiniti,QX,Los Angeles,California,90035,US,34.0531,-118.3806,54786,Reynolds Group,01/16/2024
740,Joyce,Dumblton,jdumbltonkj@dropbox.com,Female,1993,Nissan,240SX,Lubbock,Texas,79410,US,33.5693,-101.8904,93871,Padberg-Koch,09/05/2024
741,Rowen,Strotone,rstrotonekk@indiegogo.com,Male,1996,Eagle,Summit,Amarillo,Texas,79118,US,35.0763,-101.8349,84745,"Halvorson, VonRueden and Kuvalis",06/05/2024
742,Jermayne,Schuricke,jschurickekl@deviantart.com,Male,1998,Chevrolet,Cavalier,Houston,Texas,77271,US,29.834,-95.4342,44953,Watsica and Sons,04/05/2025
743,Sammy,Minchinton,sminchintonkm@goo.ne.jp,Female,2011,BMW,X6 M,Atlanta,Georgia,30311,US,33.723,-84.4702,93776,Pacocha and Sons,12/20/2025
744,Rudd,O'Callaghan,rocallaghankn@dot.gov,Male,1994,Kia,Sephia,Washington,District of Columbia,20238,US,38.8933,-77.0146,54442,Mertz LLC,10/11/2023
745,Carline,Ughi,cughiko@naver.com,Female,2012,Suzuki,SX4,Oklahoma City,Oklahoma,73197,US,35.5514,-97.4075,77454,Carroll-Leffler,12/25/2024
746,Emilie,Pursey,epurseykp@ucla.edu,Female,2007,Audi,A4,Columbus,Georgia,31914,US,32.491,-84.8741,48455,Becker-Smitham,07/15/2025
747,Ali,Greenrde,agreenrdekq@ehow.com,Male,2008,Mitsubishi,Outlander,Oakland,California,94660,US,37.6802,-121.9215,78494,"Gislason, Champlin and Crooks",06/08/2025
748,Kiley,Urian,kuriankr@slashdot.org,Female,2005,Chevrolet,Aveo,Asheville,North Carolina,28815,US,35.6203,-82.5286,67424,Littel-Price,02/23/2024
749,Beck,Torbeck,btorbeckks@freewebs.com,Male,2000,Mercury,Mountaineer,Memphis,Tennessee,38150,US,35.2017,-89.9715,56524,Douglas-Lebsack,10/13/2022
750,Lyman,Gayden,lgaydenkt@addthis.com,Male,2010,Dodge,Journey,Salt Lake City,Utah,84125,US,40.6681,-111.9083,65897,Kunze-Buckridge,01/29/2023
751,Kelwin,Anthoine,kanthoineku@engadget.com,Male,2002,Chevrolet,Silverado 2500,Austin,Texas,78789,US,30.3264,-97.7713,89251,Kertzmann-Crona,10/21/2024
752,Orson,Salzburger,osalzburgerkv@wikimedia.org,Male,2006,Aston Martin,DB9,Miami Beach,Florida,33141,US,25.8486,-80.1446,46506,Block-Treutel,05/10/2022
753,Theodore,Minthorpe,tminthorpekw@photobucket.com,Male,2004,Subaru,Impreza,Lexington,Kentucky,40515,US,37.9651,-84.4708,56216,"Witting, Lesch and West",03/22/2023
754,Drud,Candelin,dcandelinkx@springer.com,Genderqueer,1986,Buick,Regal,Springfield,Illinois,62756,US,39.7495,-89.606,72139,Mraz-Morar,08/25/2025
755,Cherise,Milkin,cmilkinky@reference.com,Female,2011,Chevrolet,Camaro,Farmington,Michigan,48335,US,42.4617,-83.4053,67640,"Bruen, Walter and Schimmel",03/15/2024
756,Edythe,Hurtado,ehurtadokz@twitpic.com,Female,2007,Lexus,SC,New York City,New York,10249,US,40.7808,-73.9772,41760,Little Group,03/19/2025
757,Artur,Roll,arolll0@example.com,Male,2003,GMC,Sierra 3500,Bronx,New York,10459,US,40.8247,-73.894,70129,Rempel-Collier,11/20/2024
758,Sydney,Mungin,smunginl1@domainmarket.com,Female,2006,Buick,Rainier,Dayton,Ohio,45403,US,39.7617,-84.1498,51640,Shanahan and Sons,08/01/2024
759,Roley,Redley,rredleyl2@google.com.au,Male,2012,Honda,Accord,Pueblo,Colorado,81010,US,38.1286,-104.5523,34147,Watsica-Wyman,09/27/2022
760,Sargent,Taillant,staillantl3@eventbrite.com,Male,2003,Dodge,Ram Van 3500,Savannah,Georgia,31410,US,32.0175,-80.997,36484,Brown-Hudson,08/05/2023
761,Bernice,Tanfield,btanfieldl4@ehow.com,Female,2002,Lexus,ES,Nashville,Tennessee,37245,US,36.1866,-86.7852,38615,"Beer, Labadie and West",10/29/2025
762,Andrea,Oneile,aoneilel5@github.com,Male,2006,BMW,650,Las Vegas,Nevada,89110,US,36.173,-115.0669,58817,Bednar-O'Reilly,10/03/2023
763,Mariska,Singh,msinghl6@pbs.org,Female,1996,Saturn,S-Series,Anderson,Indiana,46015,US,40.0938,-85.6578,49898,"Willms, Metz and Kerluke",07/04/2025
764,Gabriela,Strickler,gstricklerl7@stumbleupon.com,Female,2011,Subaru,Tribeca,Tampa,Florida,33680,US,27.872,-82.4388,59034,"Abshire, Donnelly and Erdman",08/12/2022
765,Aleksandr,Crippell,acrippelll8@cdbaby.com,Male,2010,Dodge,Grand Caravan,Sacramento,California,95894,US,38.5816,-121.4933,65726,Grady-White,11/11/2025
766,Lucian,Avey,laveyl9@google.com,Male,1986,Ford,Courier,Missoula,Montana,59806,US,47.116,-114.0498,64416,Nienow-Haley,08/21/2022
767,Gillie,Pund,gpundla@google.com.au,Female,1993,Dodge,D350,New York City,New York,10260,US,40.7808,-73.9772,94287,Padberg and Sons,06/10/2022
768,Anton,Lumsdall,alumsdalllb@nytimes.com,Male,1998,Mercedes-Benz,CL-Class,San Jose,California,95118,US,37.2568,-121.8896,39478,Bednar-Ward,01/03/2026
769,Collen,Vautin,cvautinlc@bizjournals.com,Female,1990,Volkswagen,Cabriolet,Oxnard,California,93034,US,34.0324,-119.1343,52037,Becker-Leannon,02/21/2022
770,Kailey,Olivello,kolivellold@gizmodo.com,Female,2004,Lincoln,LS,Springfield,Illinois,62705,US,39.7495,-89.606,61631,Bayer and Sons,12/03/2025
771,Minnie,Sea,mseale@prweb.com,Female,1998,BMW,Z3,Colorado Springs,Colorado,80930,US,38.8289,-104.5269,42906,Hamill-Littel,04/26/2024
772,Skell,Ivanichev,sivanichevlf@latimes.com,Male,2009,Volkswagen,GLI,Aiken,South Carolina,29805,US,33.6993,-81.6465,80229,Abbott LLC,02/28/2023
773,Nathaniel,Errowe,nerrowelg@toplist.cz,Male,1999,Infiniti,QX,Saint Louis,Missouri,63136,US,38.7196,-90.27,88997,Spinka-Cartwright,08/20/2022
774,Ania,Ollerhad,aollerhadlh@globo.com,Female,1997,Jeep,Grand Cherokee,Shreveport,Louisiana,71151,US,32.6076,-93.7526,54556,Runte Group,05/08/2025
775,Jenna,Woodhouse,jwoodhouseli@hhs.gov,Female,2001,Chevrolet,Camaro,Chicago,Illinois,60697,US,41.8119,-87.6873,90906,Armstrong LLC,08/16/2022
776,Bell,Berthomier,bberthomierlj@bigcartel.com,Female,2004,Lotus,Esprit,Tampa,Florida,33615,US,28.0081,-82.5805,41244,"Rolfson, Daniel and Zulauf",06/02/2023
777,Nealson,Leaming,nleaminglk@acquirethisname.com,Bigender,2005,Mercedes-Benz,CL-Class,Dallas,Texas,75387,US,32.7673,-96.7776,33731,"Yost, Goyette and Ratke",08/03/2022
778,Mattheus,Melliard,mmelliardll@wp.com,Non-binary,2011,Land Rover,LR2,Tulsa,Oklahoma,74103,US,36.1539,-95.9954,85256,Gusikowski-Kessler,09/18/2024
779,Harley,Arckoll,harckolllm@apache.org,Female,1971,Ford,Mustang,El Paso,Texas,88535,US,31.6948,-106.3,56625,Nitzsche Inc,05/01/2024
780,Rusty,Bernardez,rbernardezln@cocolog-nifty.com,Male,2003,Chrysler,Voyager,Palatine,Illinois,60078,US,41.8119,-87.6873,81257,"Block, Homenick and Hodkiewicz",08/11/2022
781,Lia,Yallowley,lyallowleylo@who.int,Female,2003,Porsche,Boxster,Duluth,Minnesota,55805,US,46.7987,-92.0946,52127,Schimmel and Sons,02/08/2024
782,Remus,Walne,rwalnelp@icq.com,Male,2005,Chevrolet,Cavalier,Scranton,Pennsylvania,18505,US,41.3914,-75.6657,39891,"Lubowitz, Hand and Pollich",05/01/2022
783,Emalia,Peaden,epeadenlq@geocities.com,Agender,1993,Dodge,Ram Van B350,Chicago,Illinois,60663,US,41.8119,-87.6873,64524,"Lubowitz, Mayer and Marvin",03/08/2022
784,Syman,Cossans,scossanslr@hubpages.com,Male,1998,Audi,A8,Louisville,Kentucky,40256,US,38.189,-85.6768,58047,"Johns, Welch and Tillman",10/02/2022
785,Carr,Kalinke,ckalinkels@homestead.com,Male,2000,Chevrolet,Metro,Yakima,Washington,98907,US,46.6288,-120.574,82745,"Greenholt, Block and Herman",12/14/2025
786,Niccolo,Dederick,ndedericklt@imageshack.us,Male,1985,Porsche,944,Minneapolis,Minnesota,55480,US,45.0159,-93.4719,60073,"Muller, Ankunding and Moore",11/21/2025
787,Stormie,Ousley,sousleylu@tumblr.com,Female,1984,Volkswagen,Golf,Honolulu,Hawaii,96810,US,21.3062,-157.8585,48867,Schimmel Group,09/08/2025
788,Blanca,Brundill,bbrundilllv@ftc.gov,Female,1999,Mercedes-Benz,CLK-Class,Sparks,Nevada,89436,US,39.6269,-119.7081,85333,Reinger LLC,12/09/2022
789,Udall,Lodin,ulodinlw@indiatimes.com,Male,1989,Mercury,Topaz,Brooklyn,New York,11205,US,40.6924,-73.9666,42714,"Wintheiser, Strosin and Hackett",06/25/2025
790,Carson,Diack,cdiacklx@latimes.com,Male,2000,Lexus,SC,Stamford,Connecticut,06905,US,41.0888,-73.5435,69811,Shanahan LLC,07/05/2022
791,Lu,Sier,lsierly@cyberchimps.com,Female,2008,BMW,1 Series,Dallas,Texas,75226,US,32.7887,-96.7676,52010,Keebler-Pollich,05/02/2025
792,Dayna,Money,dmoneylz@answers.com,Female,1996,Mercury,Sable,South Bend,Indiana,46634,US,41.5968,-86.293,65634,"Leffler, Mraz and Orn",02/01/2022
793,Wald,Nardoni,wnardonim0@printfriendly.com,Male,1988,Pontiac,Grand Prix,Oklahoma City,Oklahoma,73104,US,35.4794,-97.5017,44957,Abernathy-Hessel,03/19/2024
794,Rockey,Windows,rwindowsm1@lulu.com,Male,2008,Infiniti,G,Southfield,Michigan,48076,US,42.4981,-83.2058,32374,Krajcik-Haag,04/15/2023
795,Lee,Birdis,lbirdism2@cbslocal.com,Female,1997,BMW,Z3,Pensacola,Florida,32590,US,30.6143,-87.2758,41245,"Moore, Hansen and Schultz",04/24/2022
796,Mart,Jearum,mjearumm3@businessinsider.com,Male,1989,Mercury,Topaz,Sacramento,California,94237,US,38.3774,-121.4444,99372,Swaniawski-Gulgowski,07/14/2025
797,Wilt,Lavigne,wlavignem4@rediff.com,Male,2001,Ford,Expedition,San Francisco,California,94147,US,37.7848,-122.7278,34321,Kessler and Sons,07/07/2025
798,Rhea,Vasyukhnov,rvasyukhnovm5@virginia.edu,Female,1995,Lamborghini,Diablo,Fresno,California,93704,US,36.7991,-119.8016,72890,"Ritchie, Klocko and Mraz",04/27/2025
799,Timothy,Papen,tpapenm6@w3.org,Male,2004,Ford,Escape,Reading,Pennsylvania,19605,US,40.3886,-75.9328,60276,Kling-Hirthe,12/10/2024
800,Monica,Tuckett,mtuckettm7@wikimedia.org,Female,2008,Land Rover,Range Rover Sport,Washington,District of Columbia,20299,US,38.8933,-77.0146,90925,Bailey Group,03/29/2025
801,Keely,McQuie,kmcquiem8@statcounter.com,Female,2011,Honda,Fit,Dallas,Texas,75310,US,32.7673,-96.7776,42701,Lemke-Kohler,02/24/2023
802,Collete,Cagan,ccaganm9@friendfeed.com,Female,2006,Chevrolet,Express 2500,Jacksonville,Florida,32209,US,30.3584,-81.692,43442,"Hand, Connelly and Stamm",01/04/2023
803,Emilie,Antrum,eantrumma@example.com,Female,2008,Chevrolet,TrailBlazer,Vienna,Virginia,22184,US,38.8318,-77.2888,40734,"King, Friesen and Bernier",11/15/2024
804,Corine,Andreasson,candreassonmb@rambler.ru,Female,1994,Mercedes-Benz,E-Class,Brooklyn,New York,11231,US,40.6794,-74.0014,95705,"Lesch, Schmidt and Kirlin",09/03/2025
805,Fleurette,Shorton,fshortonmc@elpais.com,Female,2003,Dodge,Ram Van 1500,Washington,District of Columbia,20319,US,38.8667,-77.0166,88396,Langworth and Sons,11/05/2022
806,Nickey,Gunny,ngunnymd@fema.gov,Male,1987,Volkswagen,Passat,Baltimore,Maryland,21229,US,39.2856,-76.6899,43047,Mueller Inc,03/23/2025
807,Yancy,Venmore,yvenmoreme@sphinn.com,Bigender,2007,Audi,A6,Boston,Massachusetts,02124,US,42.2868,-71.071,88092,Kub Inc,12/14/2024
808,Ericha,Creboe,ecreboemf@miitbeian.gov.cn,Female,2002,Mercedes-Benz,C-Class,Roanoke,Virginia,24020,US,37.3589,-79.9448,55235,Ondricka Group,07/17/2025
809,Curr,Pestell,cpestellmg@arizona.edu,Male,2003,Mazda,MPV,Staten Island,New York,10310,US,40.6324,-74.1172,37738,"Mueller, Kunde and Moen",01/24/2025
810,Chauncey,Davidek,cdavidekmh@biglobe.ne.jp,Male,1994,Nissan,240SX,Simi Valley,California,93094,US,34.0324,-119.1343,74572,"Kemmer, Daugherty and Connelly",02/10/2025
811,Lorin,Naughton,lnaughtonmi@e-recht24.de,Male,2003,Jaguar,X-Type,Milwaukee,Wisconsin,53263,US,43.0746,-88.0604,96352,Gerlach Group,12/28/2023
812,Kaleb,Tille,ktillemj@accuweather.com,Male,2000,Pontiac,Firebird,Montgomery,Alabama,36195,US,32.3544,-86.2843,61245,Stiedemann-Gorczany,06/17/2024
813,Keriann,Corner,kcornermk@amazonaws.com,Female,2008,Lamborghini,Gallardo,Dallas,Texas,75231,US,32.8756,-96.7495,31907,Yundt Inc,01/08/2023
814,Sarah,Duffett,sduffettml@fda.gov,Genderfluid,1995,Ford,Club Wagon,Los Angeles,California,90081,US,33.7866,-118.2987,92367,Kulas-Kessler,04/08/2022
815,Fernande,Marzelli,fmarzellimm@home.pl,Female,2006,BMW,M3,Whittier,California,90610,US,33.7866,-118.2987,48768,White Inc,02/09/2022
816,Marwin,Deller,mdellermn@phpbb.com,Male,1996,Oldsmobile,Aurora,Hagerstown,Maryland,21747,US,39.5207,-77.9162,54800,Crona-Von,04/08/2024
817,Leeland,Pretor,lpretormo@e-recht24.de,Male,2007,Mercedes-Benz,G-Class,Silver Spring,Maryland,20918,US,39.144,-77.2076,64275,Stracke Inc,09/30/2025
818,Krishna,Huntley,khuntleymp@hatena.ne.jp,Male,2002,Cadillac,DeVille,Watertown,Massachusetts,02472,US,42.37,-71.1773,57241,Fritsch-Jakubowski,03/01/2022
819,Jehu,Scardefield,jscardefieldmq@i2i.jp,Male,2008,Dodge,Avenger,Augusta,Georgia,30905,US,33.413,-82.1337,57731,"Nienow, Oberbrunner and Miller",12/18/2022
820,Mab,Delicate,mdelicatemr@naver.com,Female,1993,Volvo,940,Greensboro,North Carolina,27409,US,36.0777,-79.9086,39097,Bauch-Kris,08/10/2024
821,Mab,Durtnell,mdurtnellms@java.com,Female,2012,Nissan,Maxima,Charlotte,North Carolina,28272,US,35.26,-80.8042,65692,"Kunde, Shanahan and Beatty",04/21/2022
822,Matias,Nawton,mnawtonmt@microsoft.com,Male,2009,Aston Martin,DBS,Boulder,Colorado,80310,US,40.0878,-105.3735,92812,"Beahan, Langworth and Spencer",11/25/2024
823,Broderick,Tschersich,btschersichmu@theglobeandmail.com,Male,2003,Ford,Crown Victoria,Omaha,Nebraska,68179,US,41.2917,-96.1711,65682,Hand-Douglas,12/19/2023
824,Vite,Bentinck,vbentinckmv@jimdo.com,Polygender,2002,Cadillac,DeVille,San Antonio,Texas,78225,US,29.3875,-98.5245,75609,Lynch-Heidenreich,08/28/2025
825,Sheppard,Danilyak,sdanilyakmw@freewebs.com,Male,2001,Mitsubishi,Lancer,Knoxville,Tennessee,37931,US,35.9924,-84.1201,66992,Harris Inc,05/16/2023
826,Phillida,Steinson,psteinsonmx@mit.edu,Female,1998,Chrysler,Cirrus,San Francisco,California,94154,US,37.7848,-122.7278,69741,"Wilkinson, Kirlin and Windler",02/18/2023
827,Alaric,Gianetti,agianettimy@dagondesign.com,Male,2005,Honda,Pilot,Washington,District of Columbia,20530,US,38.8976,-77.027,53126,"Jones, Herman and Blanda",05/25/2023
828,Jacky,Iacavone,jiacavonemz@dyndns.org,Female,1986,Ford,Laser,Milwaukee,Wisconsin,53263,US,43.0746,-88.0604,91919,Johns-Cremin,11/09/2023
829,Briny,Degnen,bdegnenn0@ucla.edu,Bigender,2004,Volvo,XC90,Bradenton,Florida,34205,US,27.4841,-82.5834,97515,"Hane, Hegmann and Schaefer",02/15/2022
830,Bonnie,Espadas,bespadasn1@qq.com,Female,2000,Dodge,Ram 3500,Hagerstown,Maryland,21747,US,39.5207,-77.9162,33563,Kulas-Goldner,05/04/2023
831,Pam,Shemmin,pshemminn2@jalbum.net,Female,1997,Chevrolet,Astro,Corpus Christi,Texas,78470,US,27.777,-97.4632,66756,Oberbrunner-Walsh,01/31/2022
832,Nat,Valois,nvaloisn3@uol.com.br,Female,2009,Lincoln,MKX,Washington,District of Columbia,20238,US,38.8933,-77.0146,34246,"Lebsack, Hudson and Bednar",02/04/2025
833,Charlton,Ingarfield,cingarfieldn4@nsw.gov.au,Male,2009,GMC,Yukon XL 2500,Dayton,Ohio,45440,US,39.6749,-84.1136,97382,Ebert-Kulas,09/17/2025
834,Mara,Caw,mcawn5@scientificamerican.com,Female,1991,Volkswagen,Type 2,Dayton,Ohio,45490,US,39.7505,-84.2686,45517,"Bauch, Torphy and Dicki",10/06/2023
835,Chickie,Lakeland,clakelandn6@canalblog.com,Male,1995,Ford,F-Series,El Paso,Texas,79984,US,31.6948,-106.3,85728,Kuhlman-Marquardt,02/05/2022
836,Rollie,Carslake,rcarslaken7@whitehouse.gov,Male,2006,Subaru,Impreza,Las Vegas,Nevada,89193,US,35.9279,-114.9721,44702,Schultz-Hickle,08/19/2023
837,Peyter,Beverley,pbeverleyn8@netscape.com,Male,2006,Ford,Explorer,Phoenix,Arizona,85067,US,33.2765,-112.1872,94674,"Prosacco, Beer and Runolfsson",06/22/2024
838,Mal,Arendt,marendtn9@free.fr,Male,2000,Mercedes-Benz,M-Class,Rochester,New York,14619,US,43.1367,-77.6481,69361,Monahan-O'Kon,03/31/2022
839,Earvin,Tomashov,etomashovna@g.co,Male,1996,Dodge,Caravan,Norfolk,Virginia,23509,US,36.8787,-76.2604,90272,Leannon LLC,03/28/2023
840,Laurens,Crowche,lcrowchenb@google.it,Polygender,1993,Mitsubishi,Pajero,Albany,New York,12227,US,42.6149,-73.9708,87156,Hamill and Sons,12/13/2025
841,Elga,De Andisie,edeandisienc@sakura.ne.jp,Female,2004,Infiniti,QX,Trenton,New Jersey,08695,US,40.2805,-74.712,71730,Kemmer and Sons,11/29/2022
842,Swen,Paolozzi,spaolozzind@topsy.com,Male,2012,Hyundai,Elantra,Zephyrhills,Florida,33543,US,28.2059,-82.3063,47095,"Cole, Waters and Fay",07/11/2024
843,Kerry,Probyn,kprobynne@thetimes.co.uk,Female,2009,BMW,Z4 M Roadster,San Diego,California,92105,US,32.7423,-117.0947,72350,Hilll LLC,09/17/2023
844,Delly,Gallehawk,dgallehawknf@youku.com,Female,2008,Hyundai,Accent,Athens,Georgia,30605,US,33.9321,-83.3525,94388,Terry-Armstrong,07/03/2023
845,Elmira,Kinchin,ekinchinng@google.pl,Female,1995,Mitsubishi,Expo,Norfolk,Virginia,23509,US,36.8787,-76.2604,66640,Ondricka and Sons,06/13/2023
846,Claire,Cuddy,ccuddynh@flavors.me,Female,2002,Toyota,Solara,Chicago,Illinois,60674,US,41.8119,-87.6873,76827,"Parker, Grant and Bayer",08/10/2022
847,Jeannette,Kerswell,jkerswellni@desdev.cn,Agender,1990,Mercedes-Benz,E-Class,Santa Barbara,California,93111,US,34.4453,-119.8025,35939,Flatley-Gislason,03/25/2023
848,Fee,Goggan,fgoggannj@whitehouse.gov,Male,2008,Chevrolet,Cobalt,Fort Worth,Texas,76198,US,32.7714,-97.2915,69698,Collins-Sanford,06/02/2024
849,Heddie,Rix,hrixnk@trellian.com,Female,2004,Dodge,Ram 1500,Muncie,Indiana,47306,US,40.2023,-85.4082,31023,Walsh-Leffler,05/06/2025
850,Adlai,Rodolfi,arodolfinl@java.com,Male,2012,MINI,Cooper Countryman,Dallas,Texas,75310,US,32.7673,-96.7776,89623,"Wisoky, Wisozk and Labadie",09/05/2025
851,Quintus,Patten,qpattennm@biblegateway.com,Male,2000,Chevrolet,Monte Carlo,Winston Salem,North Carolina,27150,US,36.0275,-80.2073,87935,Upton LLC,05/30/2025
852,Brandy,Tomley,btomleynn@google.com.br,Male,2002,Subaru,Impreza,Cedar Rapids,Iowa,52410,US,42.0794,-91.5992,46904,Prosacco-Doyle,05/23/2023
853,Sabine,O' Mara,somarano@stanford.edu,Genderfluid,1992,Ford,Crown Victoria,Chattanooga,Tennessee,37450,US,35.2211,-85.2091,72117,Abernathy-Pacocha,10/09/2022
854,Boone,Tilbey,btilbeynp@issuu.com,Male,2004,Toyota,Highlander,Seattle,Washington,98148,US,47.4441,-122.3249,80516,"Wiegand, Douglas and VonRueden",06/06/2024
855,Baird,Shawley,bshawleynq@histats.com,Male,2012,Chevrolet,Silverado 1500,Florence,South Carolina,29505,US,34.1231,-79.6893,47752,"Carter, Ferry and Barrows",03/11/2024
856,Augie,Dimbleby,adimblebynr@pcworld.com,Male,1998,Mercury,Villager,Largo,Florida,34643,US,27.881,-82.7619,99081,Keebler and Sons,04/14/2025
857,Bancroft,Gaywood,bgaywoodns@nps.gov,Male,2000,GMC,Savana 2500,Humble,Texas,77346,US,30.0042,-95.1728,66223,"Paucek, Gerhold and Stroman",01/17/2026
858,Aldus,MacNelly,amacnellynt@tripadvisor.com,Male,2006,Mazda,MPV,Syracuse,New York,13224,US,43.0421,-76.1046,51883,Schiller-Doyle,10/28/2023
859,Maureen,Hanhart,mhanhartnu@printfriendly.com,Female,2012,Subaru,Forester,Richmond,Virginia,23285,US,37.5242,-77.4932,40917,Sporer Group,03/27/2022
860,Jori,Shelliday,jshellidaynv@dot.gov,Female,2006,Suzuki,Reno,Kalamazoo,Michigan,49048,US,42.3189,-85.5152,53985,"Wisozk, Lynch and Ondricka",11/19/2024
861,Ignace,Aveson,iavesonnw@ihg.com,Male,1987,Ford,Bronco,Fargo,North Dakota,58122,US,46.9346,-97.2297,77035,"Jenkins, Wiza and Daugherty",09/21/2023
862,Nicolette,Spleving,nsplevingnx@utexas.edu,Female,1997,Isuzu,Hombre Space,Los Angeles,California,90010,US,34.0606,-118.3027,71184,Labadie LLC,09/23/2024
863,Carolynn,Sattin,csattinny@ovh.net,Female,1983,Chevrolet,Caprice,Little Rock,Arkansas,72204,US,34.7269,-92.344,37797,Crooks Group,04/12/2025
864,Garry,Huster,ghusternz@fc2.com,Male,2008,Ford,Fusion,Los Angeles,California,90081,US,33.7866,-118.2987,73111,Hodkiewicz LLC,02/03/2022
865,Clarice,Gerardeaux,cgerardeauxo0@pagesperso-orange.fr,Female,1996,Ford,Aspire,Saint Louis,Missouri,63136,US,38.7196,-90.27,53562,Hartmann-Prohaska,12/20/2022
866,Shayne,Ashworth,sashwortho1@dagondesign.com,Male,1987,Ford,Tempo,El Paso,Texas,79923,US,31.6948,-106.3,54199,Bashirian-Dach,05/02/2025
867,Lib,Loughrey,lloughreyo2@msu.edu,Female,2001,Nissan,Maxima,Louisville,Kentucky,40293,US,38.189,-85.6768,35289,Medhurst-McCullough,01/26/2026
868,Berkeley,Stiegar,bstiegaro3@loc.gov,Male,2011,Suzuki,Grand Vitara,Orlando,Florida,32891,US,28.5663,-81.2608,90479,Runolfsson-Halvorson,09/03/2024
869,Kimberly,Fibbens,kfibbenso4@hhs.gov,Female,1994,GMC,Suburban 1500,Dallas,Texas,75353,US,32.7673,-96.7776,57083,McGlynn LLC,07/05/2024
870,Dale,Mougeot,dmougeoto5@cbc.ca,Male,1998,Land Rover,Range Rover,Washington,District of Columbia,20409,US,38.8933,-77.0146,71509,Torphy LLC,03/17/2022
871,Etty,Bifield,ebifieldo6@paginegialle.it,Female,1993,Pontiac,Bonneville,Albany,Georgia,31704,US,31.55,-84.0612,45802,"Bernhard, Nikolaus and Prosacco",12/26/2025
872,Redd,Grayley,rgrayleyo7@over-blog.com,Male,2001,Chevrolet,Silverado 3500,Saint Augustine,Florida,32092,US,29.9475,-81.5264,57527,"McKenzie, Cartwright and Hansen",03/24/2025
873,Maegan,Bernardes,mbernardeso8@soundcloud.com,Female,2012,Audi,S4,Des Moines,Iowa,50347,US,41.6727,-93.5722,99843,"Brekke, Krajcik and Roberts",12/23/2024
874,Quillan,Mechan,qmechano9@sourceforge.net,Male,2004,Lincoln,Aviator,Lexington,Kentucky,40510,US,38.0702,-84.591,67634,Farrell-Harber,09/20/2022
875,Michele,McClaurie,mmcclaurieoa@sciencedaily.com,Male,2004,BMW,7 Series,Akron,Ohio,44329,US,41.0655,-81.5203,40543,Johns LLC,01/02/2026
876,Massimo,Dennerley,mdennerleyob@topsy.com,Male,1950,Hillman,Minx Magnificent,Monticello,Minnesota,55565,US,45.2009,-93.8881,79845,Rowe-Crist,10/23/2022
877,Riccardo,Tremonte,rtremonteoc@businesswire.com,Male,2011,Hyundai,Accent,Montgomery,Alabama,36177,US,32.2334,-86.2085,64321,Welch-Lakin,03/12/2022
878,Bran,Jarred,bjarredod@blogtalkradio.com,Male,2003,BMW,530,Waltham,Massachusetts,02453,US,42.3654,-71.2316,40452,"Friesen, Stracke and Windler",06/15/2023
879,Carmina,Sacco,csaccooe@flavors.me,Female,2005,Toyota,Tundra,Fresno,California,93778,US,36.7464,-119.6397,74709,"Muller, Lueilwitz and Kozey",06/30/2023
880,Ammamaria,Dunkerley,adunkerleyof@economist.com,Female,1993,Volvo,850,Albany,Georgia,31704,US,31.55,-84.0612,67144,"Bogisich, Mraz and McGlynn",11/09/2024
881,Lorry,Binge,lbingeog@a8.net,Male,1986,Porsche,944,Terre Haute,Indiana,47812,US,39.4336,-87.4101,67779,Waelchi-Jast,01/03/2023
882,Maurise,Van Baaren,mvanbaarenoh@symantec.com,Female,1997,BMW,Z3,Kansas City,Missouri,64187,US,39.035,-94.3567,35306,"Parker, Schroeder and Mayer",06/14/2025
883,Miner,Butler,mbutleroi@answers.com,Male,2007,Mazda,Mazda5,Washington,District of Columbia,20430,US,38.9164,-76.9948,43086,Jaskolski-MacGyver,05/30/2025
884,Jannel,Mountstephen,jmountstephenoj@cdc.gov,Female,2011,Chevrolet,Silverado 2500,Lincoln,Nebraska,68583,US,40.7845,-96.6888,86157,Friesen Inc,10/29/2022
885,Sharai,Stockdale,sstockdaleok@va.gov,Female,1997,Ford,Aerostar,Pittsburgh,Pennsylvania,15266,US,40.4344,-80.0248,89830,Herzog Group,12/16/2024
886,Clevey,Reame,creameol@ebay.com,Genderfluid,2010,Dodge,Ram,San Antonio,Texas,78240,US,29.5189,-98.6006,56839,Gusikowski-Weimann,01/01/2024
887,Gordie,McCleary,gmcclearyom@nationalgeographic.com,Male,2010,Volkswagen,Golf,Eugene,Oregon,97405,US,44.0185,-123.0998,36448,Moen Group,07/22/2022
888,Layla,Bosward,lboswardon@cnet.com,Female,1991,Mitsubishi,Mirage,Charlotte,North Carolina,28289,US,35.26,-80.8042,52142,Williamson LLC,01/31/2023
889,Clay,Samwyse,csamwyseoo@slideshare.net,Male,2005,Suzuki,Forenza,Montgomery,Alabama,36109,US,32.3834,-86.2434,64571,Bergstrom-Abbott,11/02/2025
890,Vanna,Gabits,vgabitsop@weibo.com,Female,1996,Volkswagen,Passat,Scranton,Pennsylvania,18514,US,41.4019,-75.6376,90536,Mann-Boyle,04/28/2025
891,Tine,Extall,textalloq@timesonline.co.uk,Female,1997,Nissan,Altima,San Francisco,California,94177,US,37.7848,-122.7278,72152,Friesen Inc,04/07/2022
892,Shaun,Tuiller,stuilleror@msn.com,Male,1990,Nissan,Datsun/Nissan Z-car,Washington,District of Columbia,20404,US,38.8992,-77.0089,60116,"Brakus, Price and McCullough",09/15/2022
893,Hyatt,Lawlor,hlawloros@skyrock.com,Male,2001,Mitsubishi,Eclipse,El Paso,Texas,79916,US,31.7444,-106.2879,92725,Purdy and Sons,11/11/2025
894,Alan,Christon,achristonot@macromedia.com,Male,2002,Chevrolet,S10,Cumming,Georgia,30130,US,34.2216,-84.1537,84346,"Orn, Ullrich and Nader",10/25/2022
895,Jermaine,Remer,jremerou@narod.ru,Male,2005,Chevrolet,Cavalier,Cincinnati,Ohio,45228,US,39.0706,-84.4179,93191,"Emard, Schimmel and Gleason",04/17/2023
896,Drucie,Fiddian,dfiddianov@jugem.jp,Female,1992,Audi,V8,Van Nuys,California,91406,US,34.2006,-118.4868,35476,"Bergnaum, Schaefer and Orn",12/30/2023
897,Opalina,Buist,obuistow@google.com.br,Female,2000,Chevrolet,Prizm,Santa Monica,California,90405,US,34.01,-118.4717,50989,Cummings LLC,06/13/2025
898,Luca,Dewett,ldewettox@ycombinator.com,Male,1992,Acura,Legend,Detroit,Michigan,48224,US,42.4098,-82.9441,77919,Zulauf and Sons,03/10/2022
899,Juditha,Glison,jglisonoy@vkontakte.ru,Female,1995,Honda,Accord,Pasadena,California,91131,US,33.7866,-118.2987,54228,"Krajcik, Hills and Fisher",12/22/2024
900,Bea,Sigars,bsigarsoz@flickr.com,Female,1989,Ford,Escort,Monticello,Minnesota,55565,US,45.2009,-93.8881,77790,"Torp, Kreiger and Little",01/17/2023
901,Bernadina,Dufour,bdufourp0@yelp.com,Female,1996,Lotus,Esprit,Inglewood,California,90398,US,33.7866,-118.2987,70955,"Kertzmann, Sipes and Hoeger",06/07/2024
902,Dukey,Roubeix,droubeixp1@seattletimes.com,Male,2009,Maserati,Quattroporte,Grand Junction,Colorado,81505,US,39.1071,-108.5968,66339,Bailey-O'Connell,09/28/2025
903,Parnell,Iveans,piveansp2@earthlink.net,Male,1992,Geo,Tracker,Springfield,Massachusetts,01114,US,42.1707,-72.6048,97010,Funk LLC,03/21/2023
904,April,Schober,aschoberp3@shop-pro.jp,Female,1986,Ford,LTD,Van Nuys,California,91411,US,34.1781,-118.4574,51269,Zulauf-Hilll,09/03/2023
905,Benedicta,Dodgson,bdodgsonp4@google.com.br,Female,1993,Toyota,Tercel,Orlando,Florida,32813,US,28.5679,-81.3258,72881,"Doyle, Bashirian and Fadel",10/31/2024
906,Tadd,Caunt,tcauntp5@bing.com,Male,2012,Lexus,ES,Scranton,Pennsylvania,18505,US,41.3914,-75.6657,81772,Herzog-Roberts,12/26/2022
907,Diego,Oldis,doldisp6@yellowbook.com,Male,1987,Mercury,Sable,Charlotte,North Carolina,28289,US,35.26,-80.8042,53836,Considine-Mills,11/20/2023
908,Willie,Finnemore,wfinnemorep7@weather.com,Male,2012,Nissan,Maxima,Dallas,Texas,75353,US,32.7673,-96.7776,38827,Anderson-Breitenberg,10/21/2025
909,Miof mela,Tommasetti,mtommasettip8@oracle.com,Female,2008,Saturn,VUE,Colorado Springs,Colorado,80910,US,38.8152,-104.7703,52004,Hauck Group,12/16/2022
910,Jerome,Rate,jratep9@house.gov,Male,2005,Mercedes-Benz,SLR McLaren,Topeka,Kansas,66611,US,39.0142,-95.6982,74793,Heller-Mayer,06/26/2023
911,Silvio,Rosoman,srosomanpa@github.io,Male,2009,Audi,A4,Amarillo,Texas,79159,US,35.216,-102.0714,94617,"McDermott, Mertz and Kassulke",05/23/2024
912,Davis,Asee,daseepb@google.pl,Male,1995,Ford,F250,Washington,District of Columbia,20010,US,38.9327,-77.0322,71673,"Harris, Mosciski and Smitham",08/21/2025
913,Leonora,McKeachie,lmckeachiepc@aol.com,Female,1993,Ford,F150,Boston,Massachusetts,02104,US,42.3389,-70.9196,71391,"Haley, Effertz and Bode",05/19/2023
914,Ludovico,Lownds,llowndspd@purevolume.com,Male,1998,Mazda,Protege,Sacramento,California,94257,US,38.3774,-121.4444,90540,Hartmann LLC,05/10/2023
915,Hasheem,Barlee,hbarleepe@zimbio.com,Male,1990,Maserati,228,Trenton,New Jersey,08619,US,40.2418,-74.6962,80385,Monahan-McDermott,02/02/2024
916,Thorndike,Jepps,tjeppspf@bbb.org,Male,1992,Mazda,Miata MX-5,Richmond,Virginia,23272,US,37.5242,-77.4932,56567,"Kiehn, Yost and Feeney",10/04/2022
917,Andriette,Maciak,amaciakpg@reuters.com,Female,1993,Honda,del Sol,Little Rock,Arkansas,72215,US,34.7519,-92.3925,52422,Waelchi Inc,12/22/2025
918,Fons,Raymont,fraymontph@statcounter.com,Bigender,1987,Ford,Bronco II,Washington,District of Columbia,20319,US,38.8667,-77.0166,72960,Ryan LLC,07/18/2025
919,Laurella,Trowbridge,ltrowbridgepi@seattletimes.com,Female,2004,Porsche,911,Nashville,Tennessee,37250,US,36.1866,-86.7852,41582,"Lindgren, Greenholt and Hane",04/18/2024
920,Haily,McGrory,hmcgrorypj@over-blog.com,Male,2006,Mitsubishi,Outlander,Indianapolis,Indiana,46216,US,39.8647,-86.0136,55865,Borer-Adams,09/16/2025
921,Maisey,Harkes,mharkespk@latimes.com,Female,1997,Saab,900,Jamaica,New York,11407,US,40.6913,-73.8059,63633,"Hamill, Koelpin and Hyatt",05/24/2023
922,Hy,Peller,hpellerpl@tinypic.com,Male,1993,Mercedes-Benz,400SEL,Cape Coral,Florida,33915,US,26.6599,-81.8934,81569,Kozey-Connelly,02/04/2024
923,Lilly,Jouning,ljouningpm@addthis.com,Female,1999,Isuzu,Amigo,Elizabeth,New Jersey,07208,US,40.6747,-74.2239,61976,Smith Group,09/11/2024
924,Brock,Yepiskopov,byepiskopovpn@clickbank.net,Male,1993,Isuzu,Amigo,Birmingham,Alabama,35290,US,33.5446,-86.9292,44488,Hamill Inc,10/23/2023
925,Lethia,Laxon,llaxonpo@japanpost.jp,Female,2009,GMC,Sierra 1500,Topeka,Kansas,66622,US,39.0429,-95.7697,43609,Block and Sons,05/27/2025
926,Philis,Tiesman,ptiesmanpp@utexas.edu,Female,1994,Dodge,Intrepid,Sacramento,California,94230,US,38.3774,-121.4444,72086,O'Conner-Klocko,01/27/2024
927,Nadine,Keirl,nkeirlpq@si.edu,Female,1992,Volkswagen,Passat,Jeffersonville,Indiana,47134,US,38.2868,-85.7321,65852,"Cormier, Cremin and Hudson",05/31/2024
928,Brett,Shackle,bshacklepr@github.com,Male,2010,Lexus,GS,Washington,District of Columbia,20397,US,38.9164,-76.9948,36294,Jerde-Hand,12/01/2022
929,Carlita,Brandt,cbrandtps@163.com,Female,2002,Mercedes-Benz,SLK-Class,Atlanta,Georgia,30351,US,33.8444,-84.474,32057,"Kreiger, Harvey and Kilback",10/05/2023
930,Udell,Gurko,ugurkopt@walmart.com,Male,2005,Mazda,Tribute,Las Vegas,Nevada,89140,US,36.086,-115.1471,30840,Zieme Inc,08/05/2024
931,Marketa,Heinicke,mheinickepu@so-net.ne.jp,Female,2001,Jaguar,XK Series,Cincinnati,Ohio,45264,US,39.1668,-84.5382,99741,Dicki-Rath,02/14/2023
932,Sasha,Skillitt,sskillittpv@gizmodo.com,Female,2012,Ram,C/V,Young America,Minnesota,55551,US,44.8055,-93.7665,34374,O'Reilly Group,09/24/2023
933,Kippie,Brokenbrow,kbrokenbrowpw@usa.gov,Genderfluid,2000,Ford,Explorer Sport,Omaha,Nebraska,68197,US,41.249,-96.0274,64358,"Collier, Beer and Stark",12/15/2024
934,Johnette,Shanklin,jshanklinpx@epa.gov,Female,2009,Chrysler,PT Cruiser,Orlando,Florida,32891,US,28.5663,-81.2608,43832,McGlynn LLC,06/29/2022
935,Chadwick,Bathowe,cbathowepy@china.com.cn,Male,1985,Plymouth,Voyager,Escondido,California,92030,US,33.0169,-116.846,87390,"Hodkiewicz, Jenkins and Rippin",02/01/2022
936,Rakel,Olechnowicz,rolechnowiczpz@liveinternet.ru,Female,1996,Ford,Contour,Springfield,Virginia,22156,US,38.8318,-77.2888,84114,"Gutmann, Stroman and Swaniawski",07/26/2025
937,Kaila,Laphorn,klaphornq0@vk.com,Female,1991,Lincoln,Town Car,Erie,Pennsylvania,16565,US,42.1827,-80.0649,60831,Upton LLC,03/02/2024
938,Nevin,Shephard,nshephardq1@pinterest.com,Male,1992,Mercedes-Benz,W201,Johnson City,Tennessee,37605,US,36.3158,-82.3838,69982,Hintz and Sons,07/30/2022
939,Val,Goosey,vgooseyq2@so-net.ne.jp,Male,2006,Cadillac,SRX,Arvada,Colorado,80005,US,39.8422,-105.1097,79104,Hahn LLC,05/27/2022
940,Alanna,Grishechkin,agrishechkinq3@netlog.com,Female,2003,Volkswagen,Eurovan,Tyler,Texas,75710,US,32.3475,-95.3065,50217,Fay-Reynolds,08/20/2023
941,Paulo,Dimelow,pdimelowq4@pagesperso-orange.fr,Male,1994,Pontiac,Trans Sport,Raleigh,North Carolina,27615,US,35.8887,-78.6393,54647,"Lakin, Hahn and Hirthe",12/22/2024
942,Modesty,Kemery,mkemeryq5@businessweek.com,Female,1992,Jeep,Wrangler,Providence,Rhode Island,02905,US,41.7845,-71.3959,72360,Becker-Green,05/05/2025
943,Nevins,Bogace,nbogaceq6@blogtalkradio.com,Male,2009,Volvo,V70,New Orleans,Louisiana,70179,US,30.033,-89.8826,73223,Schmidt Group,06/06/2024
944,Care,Mellers,cmellersq7@jiathis.com,Male,2011,Ford,Edge,Columbia,Missouri,65218,US,38.9033,-92.1022,87783,"Blick, Pollich and Daniel",08/08/2025
945,Janka,Mackley,jmackleyq8@home.pl,Female,2004,Ford,Focus,New Hyde Park,New York,11044,US,40.7548,-73.6018,45621,Tromp and Sons,03/20/2025
946,Karalee,Championnet,kchampionnetq9@freewebs.com,Female,1998,Plymouth,Voyager,San Antonio,Texas,78220,US,29.4106,-98.4128,93496,Runolfsdottir and Sons,01/29/2025
947,Ardis,Farleigh,afarleighqa@tinyurl.com,Female,2007,GMC,Canyon,Minneapolis,Minnesota,55436,US,44.9034,-93.374,82807,Sauer Group,01/18/2025
948,Fitzgerald,Kirkness,fkirknessqb@google.nl,Male,2006,Honda,Civic Si,Arlington,Virginia,22234,US,38.8808,-77.113,75229,"Ziemann, Champlin and Upton",10/29/2022
949,Paten,Secretan,psecretanqc@google.com,Male,2008,Mazda,CX-7,Columbia,South Carolina,29208,US,33.9937,-81.0199,97239,Bauch-Konopelski,03/27/2022
950,Averyl,Minucci,aminucciqd@csmonitor.com,Female,2006,Honda,Insight,Birmingham,Alabama,35285,US,33.5446,-86.9292,70623,"Koepp, Hoppe and O'Keefe",07/18/2024
951,Ber,Matthesius,bmatthesiusqe@eepurl.com,Male,1990,Ford,LTD Crown Victoria,New Castle,Pennsylvania,16107,US,40.9897,-80.3084,84975,"Wyman, Fadel and McDermott",10/20/2025
952,Chris,Attoe,cattoeqf@printfriendly.com,Female,2012,Lexus,LFA,Tucson,Arizona,85720,US,31.9701,-111.8907,41720,"Wunsch, Swaniawski and Wilderman",08/11/2025
953,Omero,Mouat,omouatqg@zdnet.com,Male,1989,Mitsubishi,Chariot,Corpus Christi,Texas,78475,US,27.777,-97.4632,57175,"Medhurst, Dickens and Reichel",01/11/2025
954,Elbertine,Burden,eburdenqh@dell.com,Female,2002,Mitsubishi,Mirage,Charleston,South Carolina,29411,US,32.8715,-79.9947,73120,"Satterfield, Tremblay and Schmitt",06/09/2025
955,Salomo,Kentish,skentishqi@google.cn,Agender,2001,Honda,Prelude,Birmingham,Alabama,35225,US,33.5446,-86.9292,66513,Mohr-Hammes,03/14/2022
956,Malorie,Steward,mstewardqj@va.gov,Genderqueer,2009,Cadillac,XLR,Reno,Nevada,89550,US,39.5387,-119.8225,56086,Zulauf-Bayer,12/04/2022
957,Darsey,Ledson,dledsonqk@youtube.com,Genderfluid,1990,Ford,E-Series,Tacoma,Washington,98481,US,47.0662,-122.1132,62903,"Waters, Carroll and Moen",04/09/2022
958,Jens,Lockett,jlockettql@chronoengine.com,Male,2005,Toyota,4Runner,Omaha,Nebraska,68179,US,41.2917,-96.1711,76140,Robel and Sons,07/14/2025
959,Gris,Bullivent,gbulliventqm@360.cn,Male,1990,Pontiac,Sunbird,San Diego,California,92170,US,33.0169,-116.846,92720,Mosciski-Schaefer,05/11/2023
960,Gertrud,Margaret,gmargaretqn@fema.gov,Female,2001,Oldsmobile,Intrigue,Las Vegas,Nevada,89105,US,36.086,-115.1471,50855,Hyatt-Willms,12/17/2025
961,Ned,Jeffrey,njeffreyqo@jugem.jp,Male,1998,Volkswagen,Golf,Young America,Minnesota,55551,US,44.8055,-93.7665,85189,Jenkins-Dare,09/24/2022
962,Therese,Pipworth,tpipworthqp@usa.gov,Female,2004,Chevrolet,TrailBlazer,San Jose,California,95133,US,37.3729,-121.856,55935,Stracke-Ondricka,12/28/2024
963,Berton,Airs,bairsqq@ed.gov,Male,2005,Ford,Freestyle,Saint Petersburg,Florida,33742,US,27.8918,-82.7248,68394,Torp Group,07/21/2022
964,Mickey,Micco,mmiccoqr@cornell.edu,Male,2010,Mercedes-Benz,C-Class,Rockford,Illinois,61110,US,42.3254,-89.1705,48821,Lockman and Sons,07/19/2024
965,Tadeo,Moatt,tmoattqs@gravatar.com,Male,2006,Toyota,RAV4,New Orleans,Louisiana,70129,US,30.0877,-89.8462,86944,Jenkins-Pagac,10/25/2022
966,Antonius,Sargerson,asargersonqt@spiegel.de,Male,1993,Ford,F250,Saint Cloud,Minnesota,56398,US,45.5289,-94.5933,91275,Koss-Raynor,04/28/2023
967,Tricia,Puddifer,tpuddiferqu@noaa.gov,Female,2003,Nissan,Altima,Katy,Texas,77493,US,29.8678,-95.8298,49311,"Kilback, Howe and Labadie",05/20/2022
968,Brendis,Falconbridge,bfalconbridgeqv@google.ru,Male,2000,Dodge,Ram 1500 Club,Garden Grove,California,92844,US,33.7661,-117.9738,99512,"Botsford, Mraz and Ruecker",06/19/2022
969,Remy,Gladwell,rgladwellqw@hc360.com,Female,1998,Chevrolet,G-Series 2500,Spartanburg,South Carolina,29319,US,34.8882,-81.969,42894,"Mante, Purdy and Bashirian",11/22/2024
970,Hildegaard,Barbery,hbarberyqx@ox.ac.uk,Female,2004,Honda,Civic,Phoenix,Arizona,85015,US,33.5082,-112.1011,92834,Hermiston-Jerde,03/04/2025
971,Mord,Bernetti,mbernettiqy@whitehouse.gov,Male,2003,Audi,Allroad,Bakersfield,California,93311,US,35.3039,-119.1056,68528,"Gerlach, Bednar and Hirthe",04/06/2024
972,Sandi,Warrier,swarrierqz@princeton.edu,Female,2003,Saturn,VUE,Oklahoma City,Oklahoma,73173,US,35.3425,-97.6317,63085,"Ferry, Bernier and Rohan",12/07/2022
973,Jeddy,Dagworthy,jdagworthyr0@ihg.com,Male,1987,Subaru,Justy,Dallas,Texas,75353,US,32.7673,-96.7776,53840,White Group,07/25/2025
974,Laurena,Jermin,ljerminr1@ustream.tv,Agender,2003,Chrysler,Town & Country,Fort Wayne,Indiana,46867,US,41.0938,-85.0707,54008,Cassin LLC,09/10/2025
975,Gwendolyn,Alcorn,galcornr2@forbes.com,Female,1997,Ford,Ranger,Pueblo,Colorado,81010,US,38.1286,-104.5523,39647,Murazik-Hansen,03/28/2025
976,Friedrick,Castellucci,fcastelluccir3@si.edu,Male,1992,Audi,80,Norfolk,Virginia,23504,US,36.8586,-76.2686,74306,Leannon-Dickinson,03/17/2024
977,Eugenie,Quirke,equirker4@infoseek.co.jp,Female,1999,Dodge,Intrepid,Spring Hill,Florida,34611,US,28.5642,-82.4165,73631,"Lesch, Langosh and Medhurst",02/20/2025
978,Brooks,Hebard,bhebardr5@utexas.edu,Bigender,2004,Land Rover,Discovery,San Francisco,California,94177,US,37.7848,-122.7278,88968,Jakubowski Group,07/21/2025
979,Ruy,Dell Casa,rdellcasar6@oaic.gov.au,Male,1985,Ford,F-Series,Austin,Texas,78759,US,30.4036,-97.7526,54538,Kuhic-Lynch,12/21/2024
980,Bengt,Bercher,bbercherr7@canalblog.com,Male,2004,Kia,Sorento,Santa Barbara,California,93111,US,34.4453,-119.8025,44696,Robel Inc,11/07/2022
981,Ardith,Possel,aposselr8@soup.io,Female,1997,Mercedes-Benz,SL-Class,Corpus Christi,Texas,78470,US,27.777,-97.4632,64857,"Daniel, Klocko and Zboncak",05/30/2022
982,Wendell,Stiegers,wstiegersr9@dailymotion.com,Male,1992,Buick,Coachbuilder,Newton,Massachusetts,02458,US,42.3528,-71.1875,94225,Pouros LLC,10/27/2023
983,Brock,Bartak,bbartakra@miibeian.gov.cn,Male,2012,Chevrolet,Express 3500,Saint Paul,Minnesota,55114,US,44.968,-93.1981,95633,"Ankunding, Green and Prohaska",10/04/2025
984,Francklyn,Buesden,fbuesdenrb@youtu.be,Male,2003,Infiniti,QX,El Paso,Texas,88579,US,31.6948,-106.3,81341,"Predovic, Kutch and Lehner",12/24/2023
985,Marysa,Monday,mmondayrc@sina.com.cn,Female,2000,Chevrolet,Express 1500,Jacksonville,Florida,32277,US,30.3704,-81.5864,38653,"Roob, Turner and Hilpert",09/14/2023
986,Anselm,Sawle,asawlerd@flickr.com,Male,1990,Ford,Bronco,Denver,Colorado,80299,US,39.7388,-104.4083,83991,Daniel-Gleichner,01/02/2023
987,Ciro,Strathern,cstrathernre@skyrock.com,Male,2001,Buick,Regal,Saint Louis,Missouri,63131,US,38.6171,-90.4504,30851,Kohler-Wisoky,06/24/2024
988,Katharine,Barrim,kbarrimrf@clickbank.net,Female,2007,Suzuki,Grand Vitara,Santa Ana,California,92725,US,33.7465,-117.8662,49160,Oberbrunner Group,08/17/2023
989,Ernst,Roberson,erobersonrg@skyrock.com,Male,1985,Porsche,944,Albany,New York,12210,US,42.6568,-73.7605,96414,Waters LLC,09/15/2025
990,Melosa,Clipsham,mclipshamrh@yahoo.co.jp,Female,2003,Hyundai,Elantra,Chicago,Illinois,60674,US,41.8119,-87.6873,76763,Beer Group,11/22/2025
991,Chere,Van Der Walt,cvanderwaltri@google.es,Female,1993,Chevrolet,2500,Harrisburg,Pennsylvania,17105,US,40.2785,-76.8752,37104,Kuvalis and Sons,06/10/2023
992,Conn,Tuma,ctumarj@hibu.com,Male,2007,Ford,E350,Washington,District of Columbia,20088,US,38.8933,-77.0146,56127,"Wisozk, Conroy and Hegmann",12/25/2024
993,Manon,Karpets,mkarpetsrk@google.com,Female,1989,Mitsubishi,Truck,Boston,Massachusetts,02119,US,42.3231,-71.0846,33035,Monahan Inc,04/12/2024
994,Laurens,Bolton,lboltonrl@netscape.com,Male,2003,Mazda,MPV,Carson City,Nevada,89706,US,39.2025,-119.7526,43630,"Hilll, Harber and Nolan",04/05/2024
995,Devin,Nussen,dnussenrm@kickstarter.com,Female,2004,Volkswagen,Phaeton,Stamford,Connecticut,06912,US,41.3089,-73.3637,98172,Lubowitz and Sons,07/16/2024
996,Reeba,Learoyd,rlearoydrn@bing.com,Female,2005,Spyker,C8,West Palm Beach,Florida,33421,US,26.6459,-80.4303,76235,Hauck LLC,05/21/2022
997,Prudence,Silverston,psilverstonro@disqus.com,Female,2006,Hyundai,Accent,Portsmouth,New Hampshire,03804,US,43.0059,-71.0132,65447,"Fisher, Howe and Schmidt",10/18/2023
998,Benito,MacCumeskey,bmaccumeskeyrp@pcworld.com,Male,2009,Dodge,Viper,Atlanta,Georgia,30368,US,33.8444,-84.474,44783,"Padberg, Hauck and Hyatt",08/05/2025
999,Marquita,Radin,mradinrq@tinyurl.com,Female,1988,Volkswagen,Fox,Raleigh,North Carolina,27605,US,35.7908,-78.653,92907,"Kilback, Gulgowski and Fay",03/16/2023
1000,Andris,Pellatt,apellattrr@live.com,Male,2010,BMW,M5,Tallahassee,Florida,32309,US,30.5422,-84.1413,94494,Denesik LLC,06/23/2024
