id,firstName,lastName,email,gender,carYear,automobileMake,automobileModel,customerRegion,customerState,customerPostal,customerCountry_ISO2,customerRegionLatitude,ownerRegionLongitude,automobilePrice,customer,purchaseDate
1,Marjory,Hamly,mhamly0@artisteer.com,Female,1993,Oldsmobile,Cutlass Supreme,Rockford,Illinois,61105,US,42.3254,-89.1705,66173,Haag-Mills,02/14/2025
2,Dalila,Stanyon,dstanyon1@irs.gov,Female,2010,BMW,M3,Philadelphia,Pennsylvania,19151,US,39.9772,-75.2545,93633,Berge-Cummings,07/20/2025
3,Alfonso,Francom,afrancom2@123-reg.co.uk,Male,1993,Nissan,300ZX,Tulsa,Oklahoma,74170,US,36.1398,-96.0297,95554,"Carroll, Tromp and Cormier",02/04/2025
4,Sheba,Willgress,swillgress3@ebay.com,Female,1998,Dodge,Ram 2500,Tacoma,Washington,98424,US,47.2325,-122.3594,96135,Johns Group,10/29/2024
5,Jolene,Crielly,jcrielly4@t-online.de,Female,1992,Mazda,Protege,Atlanta,Georgia,30301,US,33.8444,-84.474,76573,"Mraz, Quitzon and Brekke",12/31/2022
6,Luis,Rivitt,lrivitt5@clickbank.net,Male,2010,Chevrolet,Corvette,Spring Hill,Florida,34611,US,28.5642,-82.4165,91779,Koch and Sons,09/15/2023
7,Gabriella,Postle,gpostle6@printfriendly.com,Polygender,2004,Audi,TT,Albany,New York,12242,US,42.6149,-73.9708,75176,"Langworth, Collins and Spencer",12/09/2025
8,Mano,Irvine,mirvine7@ihg.com,Male,1970,Pontiac,GTO,Huntington,West Virginia,25726,US,38.4134,-82.2774,86474,McDermott Group,01/30/2023
9,Rudyard,Hartshorn,rhartshorn8@foxnews.com,Male,2009,Ford,Taurus,Saint Cloud,Minnesota,56398,US,45.5289,-94.5933,39381,Kassulke and Sons,08/14/2022
10,Corenda,Guerre,cguerre9@dmoz.org,Female,1990,Buick,Regal,San Rafael,California,94913,US,38.068,-122.741,59684,Ullrich-Hoppe,06/19/2024
11,Idalia,Grigoliis,igrigoliisa@lulu.com,Female,2010,Suzuki,Equator,Charleston,West Virginia,25356,US,38.2968,-81.5547,62764,"Ernser, Gulgowski and Durgan",11/10/2024
12,Zorine,Couvet,zcouvetb@ucoz.ru,Female,2007,Mercedes-Benz,SL-Class,Orange,California,92862,US,33.7915,-117.714,97005,Kerluke Inc,07/22/2022
13,Rozalin,Siggers,rsiggersc@xinhuanet.com,Female,1997,Lexus,LX,Sarasota,Florida,34238,US,27.2427,-82.4751,40916,Jerde-Goldner,03/09/2025
14,Berti,Berardt,bberardtd@chicagotribune.com,Male,2002,Chrysler,300M,Detroit,Michigan,48206,US,42.3749,-83.1087,63969,Stamm-Kub,02/19/2023
15,Mano,Finley,mfinleye@zimbio.com,Male,1993,Mazda,323,New Haven,Connecticut,06510,US,41.3087,-72.9271,52588,Muller and Sons,09/25/2023
16,Berne,Canizares,bcanizaresf@dedecms.com,Male,1992,Ford,E-Series,Laurel,Maryland,20709,US,38.8336,-76.8777,56078,O'Conner-Hodkiewicz,09/26/2023
17,Alexine,Ablitt,aablittg@house.gov,Polygender,2005,Chevrolet,Express 1500,Lafayette,Louisiana,70593,US,30.2081,-92.0951,51336,"Donnelly, Goyette and Shields",01/10/2025
18,Bryn,Myerscough,bmyerscoughh@webs.com,Female,2002,Lexus,LX,Oklahoma City,Oklahoma,73179,US,35.4242,-97.6547,37178,McCullough and Sons,06/06/2024
19,Alicia,Meers,ameersi@google.com.hk,Female,2001,Subaru,Forester,Colorado Springs,Colorado,80915,US,38.8558,-104.7134,90117,"Kertzmann, Cole and Schaefer",10/03/2022
20,Fowler,Scuffham,fscuffhamj@4shared.com,Male,2007,Audi,A4,Mobile,Alabama,36616,US,30.671,-88.1267,79003,"McCullough, Williamson and Weber",03/31/2023
21,Corene,Saddleton,csaddletonk@howstuffworks.com,Female,2010,Ford,F350,Charlotte,North Carolina,28242,US,35.26,-80.8042,57611,Romaguera-Strosin,07/17/2023
22,Maisey,McGivena,mmcgivenal@shinystat.com,Female,2002,Saturn,L-Series,Salt Lake City,Utah,84110,US,40.6681,-111.9083,60532,Connelly LLC,11/02/2024
23,Hewett,Souter,hsouterm@myspace.com,Male,1984,Mitsubishi,Starion,Detroit,Michigan,48217,US,42.2719,-83.1545,66886,Howell-Johns,08/02/2024
24,Nico,Jura,njuran@blogtalkradio.com,Male,1996,Mercury,Mystique,Detroit,Michigan,48224,US,42.4098,-82.9441,65073,Reichert Group,08/26/2022
25,Gradeigh,Birkbeck,gbirkbecko@foxnews.com,Male,1990,Mitsubishi,Truck,Cincinnati,Ohio,45203,US,39.1075,-84.5257,40496,Fahey-Schiller,04/30/2024
26,Ricky,Thomasen,rthomasenp@php.net,Male,2005,Hyundai,XG350,Sacramento,California,95894,US,38.5816,-121.4933,44174,Johnston-Runolfsson,11/08/2024
27,Berti,Royson,broysonq@cornell.edu,Female,2009,Volvo,XC70,Fairfield,Connecticut,06825,US,41.1928,-73.2402,50339,"Mueller, Hane and Auer",04/17/2024
28,Carola,Mibourne,cmibourner@mashable.com,Female,2008,Bentley,Arnage,Port Saint Lucie,Florida,34985,US,27.3822,-80.409,82039,Halvorson LLC,12/15/2022
29,Phelia,Summerscales,psummerscaless@census.gov,Female,2003,Lincoln,Blackwood,Saint Louis,Missouri,63150,US,38.6531,-90.2435,69012,"Ferry, Hickle and Koss",12/02/2023
30,Hurleigh,Marflitt,hmarflittt@blogs.com,Male,2003,Pontiac,Grand Prix,Fort Lauderdale,Florida,33336,US,26.1219,-80.1436,80860,Boyle-Morissette,10/26/2023
31,Sarine,Cluse,scluseu@drupal.org,Female,2010,Infiniti,G37,Hartford,Connecticut,06183,US,41.7638,-72.673,51849,"Littel, Rodriguez and Leuschke",02/09/2024
32,Donalt,Conant,dconantv@prlog.org,Male,1994,Chevrolet,Cavalier,Washington,District of Columbia,20319,US,38.8667,-77.0166,82758,Bauch-Wilkinson,01/18/2026
33,Brody,Strut,bstrutw@squarespace.com,Genderqueer,2004,Mercury,Grand Marquis,Silver Spring,Maryland,20904,US,39.0668,-76.9969,57110,"Borer, Kulas and Dare",08/12/2022
34,Winifred,Donoher,wdonoherx@networksolutions.com,Female,2003,Volvo,XC70,Wilkes Barre,Pennsylvania,18706,US,41.2044,-75.9113,69176,Von and Sons,05/28/2024
35,Jillie,Ankrett,jankretty@xinhuanet.com,Female,1993,BMW,M5,Augusta,Georgia,30911,US,33.386,-82.091,63050,Windler and Sons,12/23/2025
36,Ken,Halford,khalfordz@mlb.com,Male,1998,Jaguar,XK Series,El Paso,Texas,79916,US,31.7444,-106.2879,30623,Frami Group,07/23/2024
37,Reinwald,Rawlyns,rrawlyns10@skyrock.com,Male,2001,Audi,A4,Cleveland,Ohio,44118,US,41.5008,-81.5516,92150,Bode-Klocko,07/17/2022
38,Marline,Rockwell,mrockwell11@slate.com,Genderqueer,2008,Dodge,Viper,Columbus,Ohio,43268,US,39.969,-83.0114,60872,Jacobs and Sons,11/29/2022
39,Iolande,Rotherforth,irotherforth12@mit.edu,Female,2008,Hummer,H2,Baltimore,Maryland,21265,US,39.2847,-76.6205,90097,"Christiansen, Runte and Padberg",04/27/2024
40,Cyndie,Rignold,crignold13@mapy.cz,Female,1990,Ford,Ranger,Baton Rouge,Louisiana,70815,US,30.4558,-91.0596,48221,Kling LLC,09/20/2023
41,Gilly,Chrishop,gchrishop14@java.com,Female,1996,GMC,1500,Greensboro,North Carolina,27415,US,36.0807,-80.0244,91544,"Sporer, Breitenberg and Pfannerstill",07/15/2023
42,Fania,Piell,fpiell15@hubpages.com,Female,1996,Lamborghini,Diablo,South Bend,Indiana,46699,US,41.5968,-86.293,65320,Stark Inc,12/10/2023
43,Biron,Bugg,bbugg16@foxnews.com,Male,2010,BMW,X5 M,Des Moines,Iowa,50981,US,41.6727,-93.5722,46468,Parisian-Torphy,01/07/2025
44,Goldarina,Plumridge,gplumridge17@comcast.net,Female,1993,Infiniti,Q,Biloxi,Mississippi,39534,US,30.4067,-88.9211,72895,"Boehm, Leannon and Powlowski",10/17/2022
45,Kris,Moat,kmoat18@cafepress.com,Male,2011,Lincoln,MKT,Youngstown,Ohio,44505,US,41.1257,-80.6277,68675,Roob-Gleichner,04/15/2023
46,Chrystel,Longbone,clongbone19@gnu.org,Female,1990,Pontiac,LeMans,Wilmington,Delaware,19892,US,39.5645,-75.597,44848,"Jacobi, Kerluke and Schimmel",10/16/2024
47,Cesya,Buye,cbuye1a@infoseek.co.jp,Female,2001,Volkswagen,Golf,Little Rock,Arkansas,72204,US,34.7269,-92.344,75519,"Lowe, Wiegand and MacGyver",08/26/2022
48,Artemas,Itschakov,aitschakov1b@bravesites.com,Male,2002,Chevrolet,Avalanche 2500,Denver,Colorado,80223,US,39.7002,-105.0028,61924,Beier-Koch,06/10/2022
49,Finley,Chastey,fchastey1c@admin.ch,Male,2009,Volvo,C30,Cleveland,Ohio,44111,US,41.4571,-81.7844,99270,Runolfsdottir-Gusikowski,05/12/2023
50,Teodor,Blakey,tblakey1d@si.edu,Male,2005,Hyundai,Tucson,Philadelphia,Pennsylvania,19146,US,39.9379,-75.1794,98892,"Cummerata, Fahey and Padberg",03/10/2025
51,Sky,Bather,sbather1e@cbsnews.com,Genderqueer,2011,Audi,TT,Knoxville,Tennessee,37914,US,35.9918,-83.8496,58895,Kiehn LLC,05/27/2025
52,Devonna,Fausset,dfausset1f@elegantthemes.com,Female,2006,Toyota,Avalon,Lynchburg,Virginia,24515,US,37.4009,-79.1785,86423,Ullrich and Sons,10/20/2024
53,Brodie,Crooke,bcrooke1g@arizona.edu,Male,1998,Mazda,MX-5,Mobile,Alabama,36605,US,30.6341,-88.0846,38382,Gislason-Hirthe,12/02/2023
54,Harv,Strettell,hstrettell1h@mapy.cz,Male,2003,Isuzu,Axiom,Cincinnati,Ohio,45233,US,39.111,-84.6594,45435,Bins and Sons,04/18/2024
55,Olenolin,Leggitt,oleggitt1i@webnode.com,Male,1997,Ford,Probe,Duluth,Georgia,30096,US,33.9845,-84.1529,70504,Goodwin-Larson,06/24/2024
56,Catherin,Dawks,cdawks1j@cbslocal.com,Female,2006,Ford,Five Hundred,Billings,Montana,59105,US,45.9497,-108.599,83861,"Stracke, Erdman and McCullough",08/30/2025
57,Rick,Brookshaw,rbrookshaw1k@dropbox.com,Male,2012,MINI,Cooper Countryman,Dallas,Texas,75226,US,32.7887,-96.7676,85487,Sipes-Ratke,09/11/2025
58,Rick,Hupe,rhupe1l@phpbb.com,Male,2004,Chevrolet,Express 1500,Fort Worth,Texas,76192,US,32.7714,-97.2915,66184,Homenick-Donnelly,11/20/2022
59,Francoise,Dalgetty,fdalgetty1m@mtv.com,Female,1994,Volvo,960,Fresno,California,93778,US,36.7464,-119.6397,67274,"Daniel, Pollich and Hirthe",01/27/2024
60,Meredithe,Wetherburn,mwetherburn1n@opera.com,Female,2009,Mercedes-Benz,GL-Class,Orlando,Florida,32825,US,28.5469,-81.2571,48911,Wisozk Group,09/27/2024
61,Lorrie,Girardengo,lgirardengo1o@hubpages.com,Female,1992,BMW,8 Series,Little Rock,Arkansas,72231,US,34.8019,-92.1894,48519,Baumbach-Lueilwitz,12/09/2024
62,Eveline,Danneil,edanneil1p@hao123.com,Female,2008,Smart,Fortwo,Roanoke,Virginia,24024,US,37.2742,-79.9579,95519,Skiles Group,11/06/2023
63,Gonzalo,Keilloh,gkeilloh1q@gizmodo.com,Male,2009,Chrysler,Town & Country,Fayetteville,North Carolina,28314,US,35.0583,-79.008,91981,"Wyman, Roberts and Conroy",12/27/2025
64,Nate,Daubeny,ndaubeny1r@prweb.com,Male,1997,Cadillac,DeVille,Vero Beach,Florida,32969,US,27.709,-80.5726,63451,Roob-Herzog,02/28/2025
65,Rodd,Tetlow,rtetlow1s@ask.com,Male,1996,Pontiac,Bonneville,Aiken,South Carolina,29805,US,33.6993,-81.6465,95125,"Marks, Mohr and Murray",08/27/2022
66,Nadia,Dawks,ndawks1t@ftc.gov,Female,2010,Infiniti,QX56,Miami,Florida,33164,US,25.5584,-80.4582,95776,Yundt LLC,07/14/2024
67,Jefferey,Kobel,jkobel1u@microsoft.com,Male,1995,Land Rover,Range Rover,Beaufort,South Carolina,29905,US,32.3401,-80.689,55305,"Wyman, Koepp and Towne",10/12/2025
68,Ebeneser,Ghiriardelli,eghiriardelli1v@digg.com,Male,1998,Hyundai,Elantra,West Hartford,Connecticut,06127,US,41.7918,-72.7188,88996,Paucek and Sons,09/10/2022
69,Geri,Eastway,geastway1w@sun.com,Female,2004,Subaru,Baja,Houston,Texas,77035,US,29.6518,-95.4854,61875,Kihn-Smith,11/28/2024
70,Gonzalo,Kernock,gkernock1x@digg.com,Male,1994,Pontiac,Trans Sport,Orlando,Florida,32813,US,28.5679,-81.3258,63523,Kerluke and Sons,02/12/2025
71,Thacher,Farland,tfarland1y@pinterest.com,Male,2006,Chrysler,Crossfire Roadster,Pittsburgh,Pennsylvania,15235,US,40.4598,-79.8224,38449,Rohan-Jerde,02/10/2025
72,Cindy,Langfield,clangfield1z@icio.us,Female,1989,Pontiac,Gemini,Saint Paul,Minnesota,55114,US,44.968,-93.1981,83918,Rempel-Bechtelar,01/12/2026
73,Quinton,Varga,qvarga20@whitehouse.gov,Male,2006,Porsche,Cayenne,Winston Salem,North Carolina,27110,US,36.0275,-80.2073,84487,Bahringer-Deckow,02/04/2022
74,Glen,Scholey,gscholey21@salon.com,Male,2009,Ford,F350,Erie,Pennsylvania,16565,US,42.1827,-80.0649,50044,Towne Group,06/29/2022
75,Harlin,Traves,htraves22@issuu.com,Male,2011,Audi,TT,North Las Vegas,Nevada,89087,US,36.2204,-115.1458,41422,Ebert-McDermott,03/27/2023
76,Janot,Tidy,jtidy23@reference.com,Genderqueer,1992,Chevrolet,Suburban 1500,Dallas,Texas,75205,US,32.826,-96.7843,92460,Pfeffer and Sons,03/31/2025
77,Clarinda,Cruikshank,ccruikshank24@google.pl,Female,2007,BMW,X5,Modesto,California,95354,US,37.6409,-120.9749,68674,Miller Inc,10/08/2022
78,Livia,Borborough,lborborough25@histats.com,Female,1996,Oldsmobile,Bravada,Orlando,Florida,32819,US,28.4522,-81.4678,41254,"Pouros, Lubowitz and Lang",12/31/2022
79,Darsey,Gimblett,dgimblett26@hc360.com,Female,1998,Ford,Escort,Kansas City,Missouri,64187,US,39.035,-94.3567,54493,"Rice, Thompson and Bartell",12/24/2025
80,Cchaddie,Nozzolii,cnozzolii27@drupal.org,Male,1999,Mitsubishi,Montero Sport,Scranton,Pennsylvania,18514,US,41.4019,-75.6376,92486,O'Connell LLC,07/31/2025
81,Eveleen,Fosdyke,efosdyke28@sbwire.com,Female,2010,Dodge,Charger,Everett,Washington,98206,US,47.8599,-122.2848,31850,"Schiller, Schoen and Rice",10/01/2024
82,Noland,Hamberstone,nhamberstone29@dailymotion.com,Male,2000,Suzuki,Vitara,Greensboro,North Carolina,27455,US,36.1824,-79.806,43423,Gislason and Sons,05/12/2024
83,Keith,Kilgrove,kkilgrove2a@miibeian.gov.cn,Male,1987,Mitsubishi,Pajero,San Francisco,California,94147,US,37.7848,-122.7278,71149,"Cormier, Shanahan and Corkery",08/14/2023
84,Nahum,Bennett,nbennett2b@ibm.com,Male,1991,Ford,Mustang,Huntsville,Alabama,35810,US,34.7784,-86.6091,72591,Kling Inc,12/19/2024
85,Vida,MacLese,vmaclese2c@photobucket.com,Female,2000,Honda,CR-V,Vancouver,Washington,98682,US,45.6644,-122.5212,80128,"Larkin, Buckridge and Kozey",04/02/2025
86,Madelene,Bushen,mbushen2d@prweb.com,Female,2007,Mercedes-Benz,SLK-Class,Lake Worth,Florida,33467,US,26.6104,-80.1683,59800,"Bogan, Johnston and Reilly",08/18/2024
87,Pammie,Urvoy,purvoy2e@behance.net,Female,1998,Buick,Regal,Akron,Ohio,44321,US,41.1002,-81.6443,98607,Kohler LLC,05/06/2023
88,Shandie,Goodliffe,sgoodliffe2f@indiatimes.com,Female,1968,Pontiac,LeMans,Olympia,Washington,98506,US,47.1042,-122.87,37562,Fahey Group,06/30/2024
89,Koral,Orrick,korrick2g@surveymonkey.com,Female,2012,Aston Martin,V12 Vantage,Dallas,Texas,75367,US,32.7673,-96.7776,56097,McLaughlin and Sons,11/27/2024
90,Ladonna,Himsworth,lhimsworth2h@state.tx.us,Female,1993,Pontiac,Trans Sport,Van Nuys,California,91499,US,33.7866,-118.2987,99970,"Herzog, Jacobs and Pacocha",04/07/2023
91,Chelsy,Bonnick,cbonnick2i@ucoz.com,Female,1993,Dodge,Caravan,Detroit,Michigan,48232,US,42.2399,-83.1508,47251,Spinka LLC,09/09/2025
92,Creight,Othen,cothen2j@businessweek.com,Male,2006,Hyundai,Accent,Cincinnati,Ohio,45203,US,39.1075,-84.5257,85908,"Cummerata, Wehner and Lubowitz",06/11/2022
93,Gery,Betancourt,gbetancourt2k@meetup.com,Male,2003,Pontiac,Grand Prix,Salt Lake City,Utah,84189,US,40.6681,-111.9083,82267,Harber-Maggio,09/23/2025
94,Denver,Owenson,dowenson2l@zdnet.com,Male,1998,Chevrolet,S10,Pensacola,Florida,32520,US,30.4124,-87.2035,38672,Hodkiewicz-Fay,03/31/2022
95,Bayard,Cron,bcron2m@usa.gov,Genderqueer,1992,Mitsubishi,Expo,Shreveport,Louisiana,71105,US,32.4589,-93.7143,39566,Lueilwitz-Williamson,08/27/2022
96,Isaac,Lemanu,ilemanu2n@bing.com,Genderqueer,2004,Pontiac,Aztek,Anchorage,Alaska,99512,US,61.204,-149.8084,63456,Johnson Inc,02/23/2025
97,Michel,Geroldo,mgeroldo2o@diigo.com,Male,2010,Ford,E150,Cleveland,Ohio,44130,US,41.3826,-81.7964,61300,"Mante, Douglas and Schinner",11/05/2022
98,Craig,Scolding,cscolding2p@nps.gov,Male,1989,Ford,Bronco II,Sioux City,Iowa,51110,US,42.4011,-96.372,50316,Adams Group,12/18/2022
99,Willow,Goodrick,wgoodrick2q@issuu.com,Female,2001,Jaguar,XJ Series,Corona,California,92883,US,33.7541,-117.474,91615,"Kutch, Cummings and Schinner",09/01/2023
100,Lanita,Greiser,lgreiser2r@slate.com,Female,2000,Infiniti,QX,Washington,District of Columbia,20503,US,38.9007,-77.0431,69333,Nicolas Inc,11/04/2024
101,Lisha,Blincoe,lblincoe2s@webmd.com,Female,2009,Morgan,Aero 8,Knoxville,Tennessee,37931,US,35.9924,-84.1201,35596,Hettinger LLC,08/07/2025
102,Ilysa,Ogers,iogers2t@paypal.com,Female,1998,Mercury,Tracer,Los Angeles,California,90025,US,34.0447,-118.4487,38858,"Botsford, Franecki and West",01/04/2024
103,Arly,Primmer,aprimmer2u@aboutads.info,Polygender,1995,Mitsubishi,Truck,Miami,Florida,33169,US,25.9441,-80.2144,66307,"Klocko, Considine and Lueilwitz",09/22/2022
104,Alfred,Loynes,aloynes2v@cloudflare.com,Male,2011,Ford,Fusion,Rockville,Maryland,20851,US,39.0763,-77.1234,69394,"Schultz, Kassulke and Toy",03/31/2022
105,Rahel,Ratchford,rratchford2w@umn.edu,Polygender,1993,Dodge,D150 Club,Boston,Massachusetts,02216,US,42.3389,-70.9196,71790,Dare and Sons,04/02/2024
106,Wit,Le Conte,wleconte2x@go.com,Male,2007,Pontiac,G5,El Paso,Texas,88579,US,31.6948,-106.3,84715,Lakin-O'Kon,12/13/2024
107,Arlie,Fielding,afielding2y@phpbb.com,Agender,2008,Saturn,VUE,Tulsa,Oklahoma,74156,US,36.3024,-95.9605,65308,"Koepp, Kuphal and Will",11/11/2023
108,Yanaton,Biever,ybiever2z@washingtonpost.com,Male,1993,Infiniti,Q,San Bernardino,California,92415,US,34.84,-115.9671,56407,Fadel and Sons,02/09/2025
109,Cristian,Lenham,clenham30@ehow.com,Male,1986,Ford,Aerostar,Dayton,Ohio,45440,US,39.6749,-84.1136,97194,"Gleichner, Dietrich and Anderson",12/29/2022
110,Rozalin,Siret,rsiret31@uol.com.br,Female,1997,Dodge,Grand Caravan,Brooklyn,New York,11215,US,40.6669,-73.9828,81905,Runolfsdottir LLC,03/05/2023
111,Melodie,Guillerman,mguillerman32@ocn.ne.jp,Agender,2000,Hyundai,Sonata,Honolulu,Hawaii,96805,US,21.3062,-157.8585,62938,"Lindgren, Schoen and Bayer",04/08/2022
112,Erinna,Commuzzo,ecommuzzo33@squarespace.com,Bigender,1994,Ford,Crown Victoria,Jamaica,New York,11447,US,40.6914,-73.8061,80799,Sanford-Feil,11/04/2025
113,Georgetta,Bloan,gbloan34@odnoklassniki.ru,Female,2010,Mitsubishi,Outlander,Fort Lauderdale,Florida,33305,US,26.1497,-80.1229,68381,"Bartoletti, Hodkiewicz and Barton",11/14/2022
114,Hendrika,Howen,hhowen35@jiathis.com,Female,2006,Ford,F350,Lake Worth,Florida,33462,US,26.5747,-80.0794,54274,"Pagac, Robel and Jakubowski",05/07/2023
115,Leonie,Leteurtre,lleteurtre36@umn.edu,Female,1992,Mitsubishi,Chariot,Charleston,West Virginia,25326,US,38.2968,-81.5547,54966,Yundt and Sons,01/22/2023
116,Chelsy,Haldene,chaldene37@angelfire.com,Agender,2010,Ford,F-Series,Jacksonville,Florida,32220,US,30.329,-81.8176,39661,Kuphal Inc,01/27/2026
117,Esmaria,Augur,eaugur38@acquirethisname.com,Female,1996,Ford,Explorer,San Luis Obispo,California,93407,US,35.3471,-120.4553,40554,Bechtelar-Fritsch,02/05/2023
118,Angeli,Lougheid,alougheid39@free.fr,Male,1996,Nissan,Pathfinder,Salt Lake City,Utah,84170,US,40.6681,-111.9083,74088,Bartoletti-Hand,02/24/2024
119,Herbert,Bendall,hbendall3a@list-manage.com,Male,2009,Volvo,V70,Memphis,Tennessee,38181,US,35.2017,-89.9715,60039,"Schultz, Nader and Aufderhar",02/10/2022
120,Cloris,Ellery,cellery3b@senate.gov,Female,1999,Honda,Passport,Dallas,Texas,75221,US,32.8147,-96.7877,68575,"Christiansen, Hand and Yost",09/20/2025
121,Kore,Sodo,ksodo3c@topsy.com,Female,2001,Ford,Crown Victoria,Peoria,Illinois,61640,US,40.7857,-89.6177,30940,Christiansen LLC,01/13/2024
122,Karry,D'Ruel,kdruel3d@goo.ne.jp,Female,1996,Subaru,Alcyone SVX,Fresno,California,93750,US,36.7464,-119.6397,83705,Graham Group,08/28/2024
123,Dosi,Vasilyonok,dvasilyonok3e@craigslist.org,Female,1998,Subaru,Forester,Virginia Beach,Virginia,23464,US,36.7978,-76.1759,45783,"Kutch, Koepp and Raynor",10/02/2024
124,Valle,Sammons,vsammons3f@bandcamp.com,Male,1993,Toyota,Supra,Arlington,Texas,76011,US,32.7582,-97.1003,54847,Gibson-Rohan,06/30/2023
125,Putnem,Lyenyng,plyenyng3g@archive.org,Genderfluid,1993,Acura,Legend,Irving,Texas,75037,US,32.7673,-96.7776,33998,Doyle-Waelchi,07/19/2024
126,Elihu,Macklin,emacklin3h@apple.com,Male,1999,Dodge,Viper,Colorado Springs,Colorado,80925,US,38.7378,-104.6459,62561,Stamm Group,11/22/2023
127,Margery,Spedding,mspedding3i@exblog.jp,Female,2004,Ford,Escort,Dallas,Texas,75310,US,32.7673,-96.7776,58721,Paucek LLC,06/07/2023
128,Blaine,Ardley,bardley3j@t.co,Male,1996,Mazda,B-Series Plus,New York City,New York,10175,US,40.7543,-73.9798,96440,O'Connell Group,03/30/2024
129,Stanfield,Musgrave,smusgrave3k@seesaa.net,Male,1990,Mercury,Topaz,Los Angeles,California,90071,US,34.0529,-118.2549,50998,"Towne, Heller and Cole",12/22/2024
130,Axe,Eim,aeim3l@a8.net,Male,1987,Pontiac,Grand Am,Mountain View,California,94042,US,37.1894,-121.7053,58237,Marks-Stanton,08/23/2024
131,Witty,Markie,wmarkie3m@cyberchimps.com,Male,2008,Cadillac,CTS,Peoria,Illinois,61635,US,40.7442,-89.7184,71473,Morissette LLC,04/02/2024
132,Courtney,Proby,cproby3n@opera.com,Female,2012,Hyundai,Santa Fe,Peoria,Illinois,61635,US,40.7442,-89.7184,79792,Borer-Schamberger,04/07/2023
133,Orran,Mehaffey,omehaffey3o@wp.com,Male,1983,Mazda,626,Spokane,Washington,99215,US,47.6536,-117.4317,31530,"Hackett, VonRueden and Wunsch",03/14/2022
134,Lucretia,Schlag,lschlag3p@smh.com.au,Female,1995,Mazda,Protege,Visalia,California,93291,US,36.3551,-119.301,84345,"Connelly, Nolan and Cartwright",12/01/2024
135,Ki,Iannetti,kiannetti3q@github.io,Female,2012,Audi,S4,Lexington,Kentucky,40510,US,38.0702,-84.591,43064,Lynch and Sons,12/13/2022
136,Delphine,Thomesson,dthomesson3r@paginegialle.it,Female,1999,Suzuki,Esteem,Erie,Pennsylvania,16534,US,42.1827,-80.0649,49224,"Renner, Quigley and Hackett",08/25/2023
137,Bee,Rickarsey,brickarsey3s@slate.com,Female,2001,Chevrolet,Silverado 2500,Denver,Colorado,80235,US,39.6472,-105.0795,60246,"Zboncak, Kub and Hessel",06/26/2025
138,Jillayne,O'Driscoll,jodriscoll3t@wisc.edu,Genderqueer,2011,Cadillac,Escalade,Fort Worth,Texas,76178,US,32.7714,-97.2915,46250,"Stoltenberg, Bailey and Sipes",04/19/2025
139,Sylvan,Hurndall,shurndall3u@shutterfly.com,Male,2013,Hyundai,Elantra,Anchorage,Alaska,99517,US,61.1901,-149.9361,87017,"Rogahn, Ferry and Emmerich",04/29/2025
140,Fidole,Mitchelmore,fmitchelmore3v@marriott.com,Male,2013,GMC,Yukon XL 1500,Minneapolis,Minnesota,55423,US,44.8756,-93.2553,84896,"Boehm, Collins and Kihn",03/10/2025
141,Kelsy,Soppett,ksoppett3w@google.ru,Female,2004,Nissan,Pathfinder,Charlotte,North Carolina,28230,US,35.26,-80.8042,96322,"Hermiston, Powlowski and Prosacco",03/01/2022
142,Lelia,Gully,lgully3x@apple.com,Female,2008,GMC,Sierra,Boise,Idaho,83722,US,43.4599,-116.244,31172,"Conn, Swift and Fay",11/10/2024
143,Leanora,Bickmore,lbickmore3y@cbc.ca,Female,2001,GMC,Sonoma,Northridge,California,91328,US,33.7866,-118.2987,89494,"Russel, Marks and Cartwright",06/13/2022
144,Cort,Tennewell,ctennewell3z@omniture.com,Male,1990,Mazda,B-Series,Kansas City,Missouri,64144,US,39.2829,-94.409,70937,McDermott-Nienow,02/16/2022
145,Gabriele,Faulo,gfaulo40@vistaprint.com,Male,2012,Audi,S5,Atlanta,Georgia,30323,US,33.8444,-84.474,33933,Fadel and Sons,05/12/2024
146,Karil,Shone,kshone41@qq.com,Female,1990,Mitsubishi,Pajero,Ogden,Utah,84409,US,41.2553,-111.9567,83045,Steuber Inc,08/05/2025
147,Kaylee,Tuison,ktuison42@pen.io,Female,2012,Jeep,Patriot,Portland,Oregon,97232,US,45.5287,-122.6363,91830,"Lakin, Zieme and Fisher",03/27/2022
148,Giana,MacComiskey,gmaccomiskey43@1688.com,Female,2013,Lincoln,MKT,Newark,New Jersey,07112,US,40.7107,-74.2131,57039,Torp Group,01/26/2025
149,Truda,Boykett,tboykett44@clickbank.net,Female,1993,Saab,9000,Juneau,Alaska,99812,US,58.3271,-134.4742,40368,"Becker, Bartell and Grimes",07/01/2024
150,Danita,Grellis,dgrellis45@pinterest.com,Female,1990,Mazda,MX-6,Denver,Colorado,80270,US,39.7388,-104.4083,49605,Hudson-Nader,02/01/2023
151,Nikolai,Rameau,nrameau46@fda.gov,Male,1994,Chevrolet,Impala,Sioux Falls,South Dakota,57105,US,43.524,-96.7341,47025,Muller-Berge,11/30/2023
152,Tessy,Stothert,tstothert47@smh.com.au,Female,1999,Oldsmobile,Bravada,Memphis,Tennessee,38119,US,35.0821,-89.8501,79841,Jaskolski-Quigley,11/02/2024
153,Milka,McKellen,mmckellen48@51.la,Female,2011,BMW,3 Series,Tacoma,Washington,98405,US,47.2484,-122.4644,62561,Langworth and Sons,10/27/2024
154,Moll,Lokier,mlokier49@cisco.com,Female,1993,Dodge,Stealth,Charlotte,North Carolina,28272,US,35.26,-80.8042,37992,"Romaguera, Weimann and Streich",10/15/2025
155,Arlee,MacGarvey,amacgarvey4a@stanford.edu,Female,2009,Porsche,Cayman,Santa Barbara,California,93106,US,34.4329,-119.8371,86234,Wuckert LLC,12/15/2024
156,Quill,Greenhough,qgreenhough4b@chicagotribune.com,Male,2009,BMW,6 Series,Buffalo,New York,14276,US,42.7684,-78.8871,57964,Gerhold Group,10/12/2024
157,Rey,Ferne,rferne4c@senate.gov,Male,2010,Dodge,Dakota,White Plains,New York,10633,US,41.119,-73.733,39394,McGlynn-Wehner,01/20/2023
158,Wes,Sanney,wsanney4d@vimeo.com,Non-binary,1995,Subaru,Legacy,Amarillo,Texas,79165,US,35.4015,-101.8951,77024,Glover-Stamm,05/01/2025
159,Shellysheldon,Kinnon,skinnon4e@last.fm,Male,2002,Dodge,Viper,Brooklyn,New York,11205,US,40.6924,-73.9666,86044,Bechtelar LLC,08/13/2024
160,Caty,Ramalho,cramalho4f@domainmarket.com,Female,1999,Ford,Econoline E350,Los Angeles,California,90081,US,33.7866,-118.2987,99589,Ebert Group,09/16/2024
161,Hettie,Feander,hfeander4g@bluehost.com,Female,1959,BMW,600,Huntsville,Alabama,35815,US,34.734,-86.5229,49931,"Bradtke, Trantow and Reinger",11/18/2023
162,Aurore,Richmond,arichmond4h@tripod.com,Female,1996,Oldsmobile,Ciera,Huntsville,Texas,77343,US,30.7813,-95.5953,30955,Nikolaus-Ondricka,10/25/2022
163,Norina,Braybrooke,nbraybrooke4i@storify.com,Female,2002,Mercedes-Benz,SLK-Class,Saint Cloud,Minnesota,56398,US,45.5289,-94.5933,78204,"Parisian, Russel and Gerlach",05/07/2022
164,Aguie,Bevar,abevar4j@people.com.cn,Male,1989,Lamborghini,Countach,Santa Clara,California,95054,US,37.3924,-121.9623,79602,"O'Reilly, Tillman and Rempel",02/23/2024
165,Nanette,Klazenga,nklazenga4k@rambler.ru,Female,2006,Saturn,Ion,Atlanta,Georgia,30386,US,33.8444,-84.474,50771,Wisozk-Schumm,12/11/2025
166,Tally,Old,told4l@yolasite.com,Polygender,2000,Mitsubishi,Eclipse,Atlanta,Georgia,30343,US,33.8444,-84.474,78691,Gleichner-Bogan,09/27/2025
167,Joellyn,Bremmell,jbremmell4m@bing.com,Female,1999,Mitsubishi,Montero Sport,Washington,District of Columbia,20546,US,38.891,-77.0211,56362,Pollich Group,08/04/2022
168,Dominick,Tome,dtome4n@cornell.edu,Agender,2008,Maybach,57,Fresno,California,93726,US,36.7949,-119.7604,46110,Heathcote LLC,05/17/2023
169,Shalna,Dyshart,sdyshart4o@craigslist.org,Agender,1961,Chevrolet,Corvette,Houston,Texas,77228,US,29.834,-95.4342,65797,MacGyver LLC,03/14/2024
170,Tommy,Schapiro,tschapiro4p@behance.net,Female,2001,Kia,Rio,Cincinnati,Ohio,45218,US,39.2663,-84.5221,32804,Satterfield Group,10/08/2024
171,Denny,Henricsson,dhenricsson4q@studiopress.com,Female,1997,Nissan,Altima,Newport News,Virginia,23612,US,37.1959,-76.5248,64236,"Waelchi, Gerhold and Zemlak",04/23/2023
172,Britney,Eastcourt,beastcourt4r@skyrock.com,Female,1990,Pontiac,Grand Prix Turbo,Santa Barbara,California,93106,US,34.4329,-119.8371,61204,Dach LLC,11/18/2024
173,Gregoor,Frenzl,gfrenzl4s@pcworld.com,Male,1996,GMC,Yukon,Missoula,Montana,59806,US,47.116,-114.0498,54468,"Schmitt, Muller and Heidenreich",10/30/2024
174,Karolina,Stitson,kstitson4t@trellian.com,Female,2006,Porsche,Cayman,Savannah,Georgia,31422,US,31.9714,-81.0716,91793,Mitchell LLC,01/18/2024
175,Curcio,Kirkam,ckirkam4u@google.ru,Male,2009,Volvo,XC90,Long Beach,California,90847,US,33.7866,-118.2987,82348,Kemmer-Daugherty,03/12/2022
176,Merle,Morforth,mmorforth4v@jigsy.com,Female,2011,Volvo,C70,New York City,New York,10160,US,40.7808,-73.9772,54314,Kiehn-Lubowitz,05/06/2022
177,Carmon,Duckit,cduckit4w@freewebs.com,Female,1986,Audi,5000CS Quattro,El Paso,Texas,79950,US,31.6948,-106.3,89038,Lind and Sons,07/01/2022
178,Sybila,Chatelain,schatelain4x@blogs.com,Female,2011,Hyundai,Sonata,San Jose,California,95128,US,37.3163,-121.9356,70699,Kling-Funk,06/17/2023
179,Alecia,Johnke,ajohnke4y@latimes.com,Female,2011,Nissan,Quest,Houston,Texas,77271,US,29.834,-95.4342,39039,Koss-Hackett,05/15/2022
180,Jazmin,Monelli,jmonelli4z@ft.com,Female,1993,Hyundai,Sonata,Waterbury,Connecticut,06721,US,41.3657,-72.9275,32017,"Abshire, Sauer and Keebler",05/27/2022
181,Maurise,Parris,mparris50@wufoo.com,Polygender,1994,GMC,Safari,Springfield,Missouri,65898,US,37.1803,-93.2951,80460,"McDermott, Hane and Schiller",06/22/2023
182,Goldarina,Shead,gshead51@nsw.gov.au,Female,2002,Suzuki,Aerio,El Paso,Texas,79994,US,31.6948,-106.3,71367,"Thiel, DuBuque and Schroeder",08/13/2022
183,Elaine,Reubel,ereubel52@dailymail.co.uk,Female,1997,Lincoln,Mark VIII,Sterling,Virginia,20167,US,39.0853,-77.6452,70846,Wintheiser-Schultz,05/31/2025
184,Giacopo,Prazer,gprazer53@flickr.com,Male,1993,Dodge,D350 Club,Oceanside,California,92056,US,33.1968,-117.2831,48249,Osinski Group,04/01/2022
185,Hermy,Stringfellow,hstringfellow54@tamu.edu,Male,2000,Pontiac,Firebird,New Hyde Park,New York,11044,US,40.7548,-73.6018,68107,Barrows-Hudson,05/10/2024
186,Blaine,Cianelli,bcianelli55@icio.us,Male,1989,Mazda,626,Cleveland,Ohio,44118,US,41.5008,-81.5516,45390,Ward-Klocko,02/25/2024
187,Cyrille,Surgen,csurgen56@wisc.edu,Male,2012,Chevrolet,Silverado 3500,Colorado Springs,Colorado,80935,US,38.8247,-104.562,83763,Friesen Group,01/21/2025
188,Brianna,Borley,bborley57@nba.com,Female,1988,Buick,Century,Houston,Texas,77276,US,29.7575,-95.3668,62775,"Kerluke, Volkman and VonRueden",07/08/2023
189,Keenan,Matzke,kmatzke58@washington.edu,Male,2010,BMW,X6,Pasadena,California,91103,US,34.1669,-118.1551,63885,Mayer-Hyatt,07/25/2025
190,Stewart,McOwen,smcowen59@etsy.com,Male,2007,Lamborghini,Gallardo,Pompano Beach,Florida,33064,US,26.2785,-80.1157,96206,Terry Inc,07/20/2022
191,Darill,Farryan,dfarryan5a@boston.com,Male,2007,Volkswagen,GTI,Augusta,Georgia,30911,US,33.386,-82.091,90767,"Fisher, MacGyver and Schinner",08/31/2024
192,Arlette,Dumphries,adumphries5b@odnoklassniki.ru,Female,2001,Volkswagen,Jetta,Jacksonville,Florida,32209,US,30.3584,-81.692,44116,"Braun, Farrell and Kuvalis",07/13/2024
193,Moyra,Clara,mclara5c@irs.gov,Female,2001,Chevrolet,Lumina,Littleton,Colorado,80161,US,39.7388,-104.4083,52752,Wunsch-Gerhold,05/07/2023
194,Teodora,Bonds,tbonds5d@vinaora.com,Female,1996,Mercury,Tracer,Minneapolis,Minnesota,55412,US,45.0242,-93.302,34169,Dickinson-Kiehn,01/14/2026
195,Ingeberg,Bullar,ibullar5e@stumbleupon.com,Female,1994,Plymouth,Sundance,Santa Fe,New Mexico,87505,US,35.6219,-105.8688,36735,Bogisich Group,05/30/2024
196,Justinn,Jedras,jjedras5f@sina.com.cn,Genderqueer,2012,Ford,Taurus,Atlanta,Georgia,30306,US,33.786,-84.3514,45706,Robel and Sons,03/08/2024
197,Maxie,McIlriach,mmcilriach5g@buzzfeed.com,Male,1992,Pontiac,Grand Am,Orlando,Florida,32803,US,28.5559,-81.3535,41173,Mueller-Fay,03/02/2023
198,Jourdan,Placido,jplacido5h@sourceforge.net,Female,2012,Lincoln,MKX,Washington,District of Columbia,20319,US,38.8667,-77.0166,66689,Schmitt Group,10/19/2025
199,Basil,Bosenworth,bbosenworth5i@furl.net,Male,1995,Audi,S6,Reston,Virginia,20195,US,38.8318,-77.2888,88753,Collins Group,02/09/2024
200,Alfie,Judd,ajudd5j@ebay.com,Female,1991,Audi,V8,Springfield,Ohio,45505,US,39.9106,-83.7856,89114,Hettinger Group,04/26/2024
201,Kort,Hurtado,khurtado5k@ibm.com,Male,2006,Dodge,Caravan,Buffalo,New York,14210,US,42.8614,-78.8206,55581,"Koelpin, McGlynn and Sporer",01/10/2024
202,Kent,Cordero,kcordero5l@ameblo.jp,Male,2006,Panoz,Esperante,Akron,Ohio,44315,US,41.028,-81.4632,46495,Brown Inc,12/04/2023
203,Paddie,Mcwhinnie,pmcwhinnie5m@blogspot.com,Male,1991,Subaru,Loyale,Santa Monica,California,90410,US,33.7866,-118.2987,78074,"Wisozk, Mayer and Brown",02/26/2023
204,Hube,Sybry,hsybry5n@bandcamp.com,Male,2010,GMC,Acadia,Alpharetta,Georgia,30022,US,34.0268,-84.2422,41027,"Mills, Kiehn and Quitzon",01/19/2024
205,Jozef,Bonsall,jbonsall5o@google.com,Male,1995,Jaguar,XJ Series,Tucson,Arizona,85748,US,32.215,-110.7758,68299,Rippin and Sons,08/05/2024
206,Arielle,Witherington,awitherington5p@ask.com,Female,2010,GMC,Savana 3500,Tallahassee,Florida,32399,US,30.4494,-84.291,84702,Harber LLC,01/30/2022
207,Myca,Ollarenshaw,mollarenshaw5q@biglobe.ne.jp,Male,2006,Volvo,XC70,Rochester,New York,14619,US,43.1367,-77.6481,64996,"Stroman, Lesch and Larkin",08/10/2023
208,Carlos,Spittall,cspittall5r@unicef.org,Male,2008,BMW,M Roadster,Albuquerque,New Mexico,87180,US,35.0443,-106.6729,40688,Johnston and Sons,02/27/2025
209,Merline,Siburn,msiburn5s@hostgator.com,Female,1964,Ford,Galaxie,Rockville,Maryland,20851,US,39.0763,-77.1234,52981,Stracke LLC,08/23/2023
210,Cornelia,Monshall,cmonshall5t@oakley.com,Female,2009,Chevrolet,Suburban 2500,Staten Island,New York,10310,US,40.6324,-74.1172,40936,D'Amore-Lebsack,11/13/2024
211,Britte,Emanson,bemanson5u@odnoklassniki.ru,Female,2003,Oldsmobile,Aurora,El Paso,Texas,79999,US,31.6948,-106.3,95012,Lynch-Kuphal,08/31/2025
212,Nial,Naldrett,nnaldrett5v@jugem.jp,Male,1991,Nissan,Sentra,Spokane,Washington,99260,US,47.6536,-117.4317,92957,"Kohler, Hudson and Price",08/24/2023
213,Mickey,Wathey,mwathey5w@ycombinator.com,Male,2006,Saab,9-3,Denver,Colorado,80243,US,39.7388,-104.4083,72131,Langworth Group,05/15/2023
214,Adam,Antoniewicz,aantoniewicz5x@jugem.jp,Male,1984,Volkswagen,Quantum,Fairbanks,Alaska,99709,US,64.8544,-147.8469,72406,Crist LLC,09/20/2023
215,Gray,Rudolf,grudolf5y@ask.com,Male,2011,Cadillac,Escalade EXT,Boulder,Colorado,80305,US,39.9807,-105.2531,59392,McGlynn and Sons,01/03/2023
216,Sonni,Mathe,smathe5z@google.it,Female,2007,Kia,Optima,Saint Paul,Minnesota,55127,US,45.0803,-93.0875,38376,Lubowitz and Sons,02/21/2022
217,Tripp,Hutchens,thutchens60@acquirethisname.com,Male,1993,Acura,Vigor,Beaverton,Oregon,97075,US,45.5486,-123.1147,45871,Bins-Murphy,02/14/2022
218,Noreen,Khadir,nkhadir61@gnu.org,Genderfluid,1999,Ford,Escort,Lexington,Kentucky,40591,US,38.0283,-84.4715,64122,Morissette-Schmitt,01/31/2022
219,Lovell,Sambrok,lsambrok62@sohu.com,Male,1993,Dodge,Daytona,Durham,North Carolina,27705,US,36.0218,-78.9478,79593,Buckridge Inc,12/14/2023
220,Heidie,Serrell,hserrell63@sciencedaily.com,Female,2011,Toyota,Venza,Saint Paul,Minnesota,55114,US,44.968,-93.1981,74157,Huel Group,01/21/2023
221,Jeff,Guillerman,jguillerman64@bandcamp.com,Male,2000,GMC,Sierra 1500,Atlanta,Georgia,31106,US,33.8444,-84.474,76102,Senger-Ankunding,09/25/2024
222,Nelia,Sandys,nsandys65@mtv.com,Non-binary,1989,Mitsubishi,L300,Santa Monica,California,90410,US,33.7866,-118.2987,52190,Armstrong-Jenkins,12/23/2023
223,Tara,Petera,tpetera66@hp.com,Female,2008,Kia,Carens,Houston,Texas,77218,US,29.834,-95.4342,99599,"Hamill, Koepp and Ruecker",08/25/2024
224,Ashleigh,Dargie,adargie67@epa.gov,Genderfluid,2000,Toyota,Celica,Tyler,Texas,75705,US,32.3766,-95.1252,94213,"Breitenberg, Gibson and Davis",09/04/2024
225,Kellina,Antonietti,kantonietti68@apache.org,Female,2001,Volvo,V40,Fort Myers,Florida,33906,US,26.5529,-81.9486,42673,Bayer and Sons,10/27/2022
226,Jethro,Westmarland,jwestmarland69@slashdot.org,Male,2010,Porsche,Cayman,San Antonio,Texas,78265,US,29.4375,-98.4616,81811,"Schuster, Stiedemann and Hegmann",04/12/2023
227,Tommie,Stopford,tstopford6a@springer.com,Female,2007,Dodge,Caliber,Florence,South Carolina,29505,US,34.1231,-79.6893,52388,Krajcik Inc,05/27/2022
228,Leta,Rivenzon,lrivenzon6b@geocities.com,Female,1995,Mercury,Grand Marquis,Colorado Springs,Colorado,80995,US,38.8247,-104.562,99681,"Nader, Fisher and Beier",04/30/2024
229,Savina,Dangl,sdangl6c@rambler.ru,Female,2001,GMC,Sonoma,Augusta,Georgia,30911,US,33.386,-82.091,89443,Mayert LLC,12/10/2022
230,Flore,Robelin,frobelin6d@ted.com,Female,2007,Foose,Hemisfear,Lincoln,Nebraska,68583,US,40.7845,-96.6888,84113,Mills-Prohaska,02/19/2023
231,Cyrus,Bury,cbury6e@naver.com,Male,1986,Mazda,Familia,Fort Lauderdale,Florida,33305,US,26.1497,-80.1229,40554,Pfannerstill Inc,11/16/2022
232,Frankie,Seegar,fseegar6f@tamu.edu,Male,1966,Pontiac,GTO,Carlsbad,California,92013,US,33.0169,-116.846,65470,Schulist Inc,07/24/2023
233,Theda,Thireau,tthireau6g@army.mil,Female,2002,Volvo,V40,Dallas,Texas,75342,US,32.7673,-96.7776,44551,Goldner-Weber,02/13/2024
234,Lilith,Leavens,lleavens6h@people.com.cn,Female,1998,Toyota,Land Cruiser,New York City,New York,10175,US,40.7543,-73.9798,55833,"Vandervort, West and Schneider",01/03/2026
235,Vidovic,Biffin,vbiffin6i@yelp.com,Male,2010,Chrysler,300,Elmira,New York,14905,US,42.0869,-76.8397,54906,"Rodriguez, Muller and Adams",03/05/2023
236,Ginger,Brimley,gbrimley6j@uiuc.edu,Female,2002,GMC,Safari,Detroit,Michigan,48206,US,42.3749,-83.1087,91526,Wunsch LLC,11/22/2022
237,Shena,Pinney,spinney6k@last.fm,Female,1999,Plymouth,Neon,Seattle,Washington,98195,US,47.6564,-122.3048,63184,Huel-Hansen,04/15/2022
238,Erin,Pawel,epawel6l@myspace.com,Male,2006,Ford,E-Series,San Antonio,Texas,78235,US,29.3494,-98.4422,60629,"O'Hara, Schmitt and Franecki",08/06/2023
239,Laurella,Gething,lgething6m@imageshack.us,Female,2009,Toyota,Camry,Huntington,West Virginia,25726,US,38.4134,-82.2774,52885,Hilll-Hills,05/26/2022
240,Tarah,Sodeau,tsodeau6n@ed.gov,Polygender,1997,Acura,RL,Honolulu,Hawaii,96850,US,21.3095,-157.863,86298,Christiansen-Rice,10/18/2025
241,Billy,Falkinder,bfalkinder6o@yellowpages.com,Male,1994,Ford,Thunderbird,Louisville,Kentucky,40210,US,38.2306,-85.7905,80185,Schroeder-Brekke,06/11/2022
242,Hermy,Budget,hbudget6p@sciencedirect.com,Agender,1986,Audi,4000s,Roanoke,Virginia,24029,US,37.2742,-79.9579,46429,Goodwin-Wolff,08/09/2023
243,Stavros,Jefford,sjefford6q@rambler.ru,Male,1986,Saab,9000,Fort Myers,Florida,33913,US,26.5228,-81.7065,48447,Stehr-Blanda,01/15/2025
244,Inigo,Leythley,ileythley6r@ezinearticles.com,Male,1995,Suzuki,Samurai,Las Vegas,Nevada,89140,US,36.086,-115.1471,75685,Koch-Jacobson,01/12/2024
245,Natala,Moy,nmoy6s@smugmug.com,Female,1988,Pontiac,Bonneville,Tacoma,Washington,98481,US,47.0662,-122.1132,80343,"Schuster, Abernathy and Stoltenberg",09/18/2024
246,Loralyn,Curless,lcurless6t@ftc.gov,Female,1990,Mercury,Cougar,Houston,Texas,77206,US,29.834,-95.4342,38480,Mante-Ferry,02/17/2024
247,Jeremy,Rewcastle,jrewcastle6u@icq.com,Male,1999,BMW,3 Series,Richmond,Virginia,23289,US,37.5313,-77.4161,96566,"Rogahn, Carroll and Farrell",08/09/2025
248,Haleigh,Darnell,hdarnell6v@angelfire.com,Male,1992,Mercedes-Benz,300SE,Denver,Colorado,80243,US,39.7388,-104.4083,91888,"Hettinger, Mante and Crona",01/06/2025
249,Eugenie,Berth,eberth6w@rediff.com,Female,1986,Mercedes-Benz,SL-Class,Colorado Springs,Colorado,80995,US,38.8247,-104.562,53105,"Nolan, Lind and Nienow",05/25/2023
250,Wolfy,Ridde,wridde6x@zdnet.com,Male,1995,Mitsubishi,3000GT,Saint Petersburg,Florida,33705,US,27.7391,-82.6435,87611,Emard-Mayert,10/27/2023
251,Berkeley,Horburgh,bhorburgh6y@army.mil,Male,1992,Lamborghini,Diablo,Wilkes Barre,Pennsylvania,18768,US,41.2722,-75.8801,58086,Marquardt-Kunde,10/15/2023
252,Massimiliano,Kinsley,mkinsley6z@studiopress.com,Male,2011,BMW,M3,Hartford,Connecticut,06145,US,41.7918,-72.7188,47870,Raynor LLC,04/09/2023
253,Engracia,Cortnay,ecortnay70@latimes.com,Female,1999,Infiniti,I,Washington,District of Columbia,56944,US,38.8952,-77.0365,64186,McKenzie LLC,12/21/2024
254,Celinka,Crallan,ccrallan71@microsoft.com,Female,2006,Volkswagen,Rabbit,Mobile,Alabama,36610,US,30.7309,-88.0789,97530,"Walsh, Monahan and Sporer",09/15/2025
255,Joaquin,Douthwaite,jdouthwaite72@about.com,Male,1997,Buick,Riviera,Fort Wayne,Indiana,46862,US,41.0938,-85.0707,88380,"Schulist, Murray and Daniel",02/11/2023
256,Larisa,Durrad,ldurrad73@blog.com,Female,1998,GMC,Suburban 2500,Oklahoma City,Oklahoma,73147,US,35.5514,-97.4075,81593,"Ryan, Casper and Botsford",06/30/2023
257,Ashlan,Pesterfield,apesterfield74@qq.com,Female,2012,Dodge,Challenger,Atlanta,Georgia,30323,US,33.8444,-84.474,62780,Abernathy and Sons,09/21/2025
258,Aubert,Blasgen,ablasgen75@google.com.br,Genderqueer,2009,Scion,xB,Monticello,Minnesota,55565,US,45.2009,-93.8881,56872,"Zemlak, Senger and Hagenes",01/05/2025
259,Martha,Latour,mlatour76@phpbb.com,Female,2012,Nissan,Cube,Baton Rouge,Louisiana,70820,US,30.3795,-91.1671,37011,Wisoky and Sons,09/02/2023
260,Leah,Finn,lfinn77@jalbum.net,Female,1974,Pontiac,Grand Prix,Anniston,Alabama,36205,US,33.7358,-85.7933,85865,Schiller and Sons,03/08/2024
261,Vern,Pugh,vpugh78@statcounter.com,Male,2003,Mercedes-Benz,SLK-Class,Huntington Beach,California,92648,US,33.6773,-118.0051,51986,"O'Keefe, Brown and Kiehn",03/07/2022
262,Selena,Andrag,sandrag79@drupal.org,Female,2004,Holden,Monaro,Fort Worth,Texas,76129,US,32.7714,-97.2915,96110,Schuppe and Sons,03/16/2024
263,Holmes,Clamp,hclamp7a@amazon.co.uk,Male,2009,Nissan,Sentra,Roanoke,Virginia,24004,US,37.2742,-79.9579,49197,Champlin-Paucek,04/05/2023
264,Myca,Budibent,mbudibent7b@google.com.au,Male,2004,Ford,F250,Louisville,Kentucky,40287,US,38.189,-85.6768,44816,Hills Inc,01/22/2025
265,Svend,Harce,sharce7c@studiopress.com,Male,1997,Plymouth,Grand Voyager,Shawnee Mission,Kansas,66215,US,38.949,-94.7405,30206,Crona LLC,01/09/2023
266,Jesus,Dunster,jdunster7d@ehow.com,Male,1996,Volkswagen,Jetta,Juneau,Alaska,99812,US,58.3271,-134.4742,92266,Auer-Mayer,06/07/2025
267,Tomlin,Jerche,tjerche7e@hibu.com,Male,2006,Lotus,Exige,Albuquerque,New Mexico,87180,US,35.0443,-106.6729,70899,"Lockman, Feeney and Windler",12/17/2023
268,Toddie,Simo,tsimo7f@scribd.com,Male,1998,Isuzu,Hombre Space,Springfield,Missouri,65810,US,37.1136,-93.2896,76638,Muller-Larkin,05/09/2023
269,Griff,Demoge,gdemoge7g@adobe.com,Male,2012,Buick,Regal,Seattle,Washington,98115,US,47.6849,-122.2968,91847,Doyle-Abbott,02/14/2025
270,Aloysia,Hillitt,ahillitt7h@ucsd.edu,Female,2003,Dodge,Durango,Flushing,New York,11355,US,40.7536,-73.8226,35490,"Bosco, Marvin and Hammes",10/16/2023
271,Toiboid,Jayes,tjayes7i@youtu.be,Male,1991,Ford,LTD Crown Victoria,Anniston,Alabama,36205,US,33.7358,-85.7933,85839,Cummerata-Yost,04/07/2024
272,Chick,Killeley,ckilleley7j@army.mil,Genderqueer,2010,Mercedes-Benz,SLK-Class,Orlando,Florida,32891,US,28.5663,-81.2608,56983,"Boehm, Thompson and Wisozk",11/28/2025
273,Ignacius,Sallows,isallows7k@harvard.edu,Male,1997,Audi,Cabriolet,Jeffersonville,Indiana,47134,US,38.2868,-85.7321,64547,Brekke and Sons,12/28/2023
274,Brent,Small,bsmall7l@com.com,Male,2000,Lexus,ES,Dayton,Ohio,45432,US,39.739,-84.0856,39441,Larson and Sons,10/21/2024
275,Rey,Poles,rpoles7m@xinhuanet.com,Male,2011,Hyundai,Equus,Salt Lake City,Utah,84140,US,40.7713,-111.9309,71762,"Dooley, Osinski and Pfannerstill",01/18/2025
276,Wye,Myatt,wmyatt7n@unc.edu,Male,1984,Saab,900,Salem,Oregon,97306,US,44.8685,-123.0438,41035,Becker and Sons,08/23/2022
277,Wilmer,Grange,wgrange7o@google.com,Genderfluid,1985,Audi,4000s,Torrance,California,90510,US,33.7866,-118.2987,57106,"Hilpert, Murray and West",04/06/2024
278,Paolina,Drable,pdrable7p@blinklist.com,Female,2008,Kia,Amanti,Chicago,Illinois,60657,US,41.9399,-87.6528,93654,Ernser-Ratke,09/14/2025
279,Gothart,Peascod,gpeascod7q@fda.gov,Male,2003,Jaguar,XK Series,Los Angeles,California,90101,US,33.7866,-118.2987,32869,Barrows and Sons,09/25/2024
280,Rebekkah,Mitchinson,rmitchinson7r@apache.org,Female,1997,Buick,Riviera,Amarillo,Texas,79159,US,35.216,-102.0714,85829,Hermiston-Kutch,07/21/2024
281,Reyna,Dael,rdael7s@taobao.com,Female,2006,GMC,Yukon,Oklahoma City,Oklahoma,73173,US,35.3425,-97.6317,57034,Bosco Group,01/01/2025
282,Karyl,Bridle,kbridle7t@state.tx.us,Female,2002,Toyota,Tacoma,Pompano Beach,Florida,33075,US,26.1457,-80.4483,97093,"Kshlerin, Ullrich and Cole",03/24/2025
283,Quintana,Werrit,qwerrit7u@slashdot.org,Female,2008,Volkswagen,GLI,Nashville,Tennessee,37220,US,36.0641,-86.7697,83555,Gottlieb-Durgan,08/30/2025
284,Chrystel,Matysik,cmatysik7v@cargocollective.com,Female,2010,Volkswagen,Tiguan,Oklahoma City,Oklahoma,73157,US,35.5514,-97.4075,97815,Quitzon LLC,11/10/2022
285,Fredric,Enevoldsen,fenevoldsen7w@craigslist.org,Male,1992,Toyota,Cressida,Valdosta,Georgia,31605,US,30.946,-83.2474,79635,Pfannerstill-Robel,02/16/2025
286,Nadeen,Ettles,nettles7x@businessweek.com,Female,2009,Mazda,Tribute,Odessa,Texas,79769,US,31.7466,-102.567,42379,Hilpert-Kessler,11/01/2025
287,Trenton,Grahl,tgrahl7y@mayoclinic.com,Male,1996,Dodge,Ram 2500,Austin,Texas,78703,US,30.2907,-97.7648,58561,"Little, Renner and Konopelski",09/26/2022
288,Leonanie,Bacup,lbacup7z@seesaa.net,Female,1985,Ford,Escort,Pasadena,California,91131,US,33.7866,-118.2987,86684,Frami-Okuneva,09/18/2024
289,Sheilakathryn,Ablott,sablott80@nationalgeographic.com,Agender,2009,Ford,F-Series Super Duty,San Francisco,California,94105,US,37.7864,-122.3892,56168,Dooley Group,06/24/2023
290,Ulrica,Miere,umiere81@simplemachines.org,Female,2012,GMC,Yukon,Houston,Texas,77245,US,29.834,-95.4342,47543,Quitzon-Kris,12/18/2024
291,Aviva,Erickson,aerickson82@wunderground.com,Female,2005,Scion,tC,Colorado Springs,Colorado,80910,US,38.8152,-104.7703,82765,O'Keefe Inc,01/02/2026
292,Pernell,Martinello,pmartinello83@smugmug.com,Male,1992,Oldsmobile,Toronado,Woburn,Massachusetts,01813,US,42.4464,-71.4594,67847,"Mills, Hirthe and Frami",10/03/2022
293,Mabel,Wharram,mwharram84@msn.com,Female,2007,Hyundai,Tiburon,Long Beach,California,90805,US,33.8635,-118.1801,96405,Rohan-Kessler,03/10/2024
294,Georgetta,Tissier,gtissier85@mtv.com,Female,1999,Ford,Contour,Anchorage,Alaska,99512,US,61.204,-149.8084,58386,Moen-Crona,06/07/2025
295,Horacio,Dodds,hdodds86@ucla.edu,Male,1995,Mazda,Millenia,Erie,Pennsylvania,16505,US,42.1109,-80.1534,86521,"Cummings, Gottlieb and Gibson",12/02/2025
296,Bettye,Schneidar,bschneidar87@usatoday.com,Female,2005,Chevrolet,Avalanche 2500,Huntington,West Virginia,25726,US,38.4134,-82.2774,97759,Lockman-Graham,08/20/2024
297,Maximilianus,Dummer,mdummer88@elpais.com,Male,2010,Toyota,Corolla,Dayton,Ohio,45490,US,39.7505,-84.2686,81371,"Schmidt, Treutel and Stamm",07/18/2023
298,Kittie,Vant,kvant89@abc.net.au,Female,2009,Mazda,B-Series,Saint Joseph,Missouri,64504,US,39.7076,-94.8677,88862,Brakus Group,07/09/2024
299,Aveline,Gonet,agonet8a@amazon.co.jp,Female,2009,Audi,Q5,New York City,New York,10125,US,40.7808,-73.9772,37871,Conn Inc,05/23/2025
300,Thom,Chat,tchat8b@noaa.gov,Male,2007,Saturn,Sky,Norfolk,Virginia,23551,US,36.9312,-76.2397,94337,Lang Group,11/23/2025
301,Wanda,Labin,wlabin8c@dyndns.org,Female,1996,Holden,VS Commodore,Tampa,Florida,33625,US,28.0726,-82.559,48036,"Gleichner, Volkman and Goldner",09/17/2023
302,Sharai,Crosetto,scrosetto8d@fda.gov,Female,2004,Chevrolet,Express 3500,Fort Myers,Florida,33994,US,26.5529,-81.9486,80202,"Terry, Schumm and O'Kon",04/07/2023
303,Guntar,Gumley,ggumley8e@hhs.gov,Male,1968,Pontiac,GTO,Akron,Ohio,44315,US,41.028,-81.4632,56122,"Powlowski, Considine and Rath",05/23/2024
304,Timothea,Martynikhin,tmartynikhin8f@ifeng.com,Female,1996,Volvo,850,Myrtle Beach,South Carolina,29579,US,33.7377,-78.9787,87229,"Koelpin, Prohaska and Blick",07/14/2022
305,Maurene,Pocknoll,mpocknoll8g@newsvine.com,Genderqueer,2008,BMW,M6,Alexandria,Virginia,22309,US,38.7192,-77.1073,62963,"Gusikowski, Pfannerstill and Effertz",08/10/2023
306,Agata,Gulliford,agulliford8h@ustream.tv,Female,1994,Chevrolet,S10,Kansas City,Missouri,64193,US,39.035,-94.3567,42428,Torp-Schulist,07/04/2022
307,Aloin,Carrabott,acarrabott8i@xinhuanet.com,Male,1976,Dodge,Aspen,Alpharetta,Georgia,30022,US,34.0268,-84.2422,70226,Moore-Lueilwitz,09/27/2025
308,Fiann,Kingston,fkingston8j@technorati.com,Female,1998,Cadillac,Catera,Birmingham,Alabama,35244,US,33.3538,-86.8254,99070,"Davis, Zulauf and Gerhold",12/15/2024
309,Vinnie,Demare,vdemare8k@desdev.cn,Male,1994,Mazda,MX-6,Los Angeles,California,90045,US,33.9631,-118.3941,55518,Kuvalis Group,07/16/2025
310,Baldwin,Coverlyn,bcoverlyn8l@ft.com,Male,1995,BMW,5 Series,Athens,Georgia,30605,US,33.9321,-83.3525,44034,Robel Inc,03/14/2022
311,Lonee,Monckman,lmonckman8m@amazon.co.jp,Female,1991,Porsche,944,Miami,Florida,33190,US,25.5593,-80.3483,92182,Hettinger-Wolf,07/15/2024
312,Ruperta,Worviell,rworviell8n@amazonaws.com,Non-binary,2009,Porsche,Cayenne,Valdosta,Georgia,31605,US,30.946,-83.2474,95040,"Klein, Carroll and Reinger",02/23/2023
313,Leanor,Virgoe,lvirgoe8o@loc.gov,Polygender,2000,Mazda,B-Series,Saint Louis,Missouri,63116,US,38.5814,-90.2625,57958,Gutkowski and Sons,09/26/2025
314,Demetre,Croose,dcroose8p@netvibes.com,Agender,1999,Mercury,Mystique,Minneapolis,Minnesota,55412,US,45.0242,-93.302,35254,Douglas Group,09/19/2024
315,Dalt,Duchant,dduchant8q@jalbum.net,Genderfluid,2012,Chevrolet,Express 2500,Boca Raton,Florida,33487,US,26.4116,-80.0928,53433,"Murphy, Konopelski and Wolff",09/15/2022
316,Kennedy,Samsin,ksamsin8r@berkeley.edu,Male,2003,Ford,Crown Victoria,Lubbock,Texas,79405,US,33.571,-101.8507,58752,Kautzer Group,09/26/2023
317,Osgood,Szymanowicz,oszymanowicz8s@123-reg.co.uk,Male,1998,Acura,RL,Minneapolis,Minnesota,55423,US,44.8756,-93.2553,86797,Runte Inc,11/16/2023
318,Noami,Ghione,nghione8t@exblog.jp,Genderqueer,1970,Porsche,914,Minneapolis,Minnesota,55487,US,45.0159,-93.4719,97709,"Koelpin, McDermott and Hammes",03/30/2022
319,Johnny,Reinisch,jreinisch8u@walmart.com,Male,2006,Audi,A8,New York City,New York,10110,US,40.754,-73.9808,52690,Stamm and Sons,04/24/2024
320,Brianne,Frostick,bfrostick8v@vistaprint.com,Female,1986,Pontiac,Bonneville,Nashville,Tennessee,37250,US,36.1866,-86.7852,40354,Murazik-Waelchi,12/10/2024
321,Poul,Scammonden,pscammonden8w@google.fr,Male,1997,Chevrolet,Malibu,Des Moines,Iowa,50320,US,41.5487,-93.5827,66063,"Considine, Wintheiser and Murphy",12/13/2024
322,Giulietta,Mogridge,gmogridge8x@miitbeian.gov.cn,Female,1992,Mercury,Topaz,Minneapolis,Minnesota,55470,US,45.0159,-93.4719,45299,"Hudson, Moen and Johnston",03/30/2024
323,Petronia,McMeanma,pmcmeanma8y@wisc.edu,Female,2011,Chevrolet,Cruze,Detroit,Michigan,48211,US,42.3809,-83.0409,78123,"Ebert, Moore and Schimmel",12/13/2023
324,Rahal,Edgehill,redgehill8z@php.net,Female,2007,Chevrolet,Silverado 3500,Evansville,Indiana,47737,US,37.9971,-87.575,51221,Kassulke-Steuber,02/12/2022
325,Milena,Wooland,mwooland90@baidu.com,Female,1964,Pontiac,Bonneville,San Jose,California,95194,US,37.3894,-121.8868,57285,Stokes-Dicki,05/11/2025
326,Glyn,Branthwaite,gbranthwaite91@shareasale.com,Female,2012,Nissan,Altima,Santa Monica,California,90405,US,34.01,-118.4717,39756,"Swift, Bergstrom and Tillman",07/14/2024
327,Christophe,Woodruff,cwoodruff92@facebook.com,Male,2008,Nissan,350Z,Pittsburgh,Pennsylvania,15261,US,40.4344,-80.0248,58140,Runte-Wuckert,10/27/2024
328,Denise,Presslee,dpresslee93@samsung.com,Non-binary,1995,Dodge,Spirit,Erie,Pennsylvania,16550,US,42.1827,-80.0649,60301,"Reinger, Zemlak and Considine",02/05/2022
329,Heywood,Renbold,hrenbold94@cnet.com,Male,2002,Pontiac,Bonneville,Macon,Georgia,31210,US,32.8926,-83.7455,94534,Bechtelar-Tremblay,02/23/2023
330,Jethro,Greenhalgh,jgreenhalgh95@mapquest.com,Male,1994,Lotus,Elan,Milwaukee,Wisconsin,53285,US,43.0174,-87.5697,64311,Runte-VonRueden,09/07/2022
331,Nicol,Deane,ndeane96@weibo.com,Female,1990,Mazda,RX-7,Birmingham,Alabama,35290,US,33.5446,-86.9292,52325,Oberbrunner-Trantow,05/17/2022
332,Candra,Castilljo,ccastilljo97@paginegialle.it,Female,1996,Dodge,Viper,Brooklyn,New York,11225,US,40.6628,-73.9546,78014,"O'Conner, Kling and Carroll",06/24/2022
333,Dimitri,Benninck,dbenninck98@bravesites.com,Male,1989,Porsche,928,Nashville,Tennessee,37228,US,36.1901,-86.8053,30599,Marvin-Bashirian,11/15/2024
334,Eldin,Fallon,efallon99@arizona.edu,Male,2011,Subaru,Legacy,San Francisco,California,94137,US,37.7848,-122.7278,43104,Skiles LLC,01/31/2022
335,Petr,Acreman,pacreman9a@canalblog.com,Male,1973,Pontiac,Grand Prix,Houston,Texas,77271,US,29.834,-95.4342,51504,Jast-Kovacek,02/18/2025
336,Jamey,Jerke,jjerke9b@ning.com,Male,1997,Lexus,LX,Silver Spring,Maryland,20910,US,38.9982,-77.0338,61630,Conn-Wehner,07/24/2025
337,Poppy,Bramham,pbramham9c@elpais.com,Female,1992,Porsche,911,Albany,New York,12210,US,42.6568,-73.7605,68264,Stoltenberg and Sons,11/17/2023
338,Carena,Batten,cbatten9d@studiopress.com,Female,2007,Ford,Edge,El Paso,Texas,79928,US,31.6631,-106.1401,99805,Lindgren Group,07/29/2023
339,Vi,Chomley,vchomley9e@plala.or.jp,Female,1993,Subaru,Alcyone SVX,Sacramento,California,95813,US,38.6026,-121.4475,40880,Wisoky-Feeney,02/14/2024
340,Fanechka,Peacop,fpeacop9f@addthis.com,Female,1996,Oldsmobile,Silhouette,Washington,District of Columbia,20268,US,38.8933,-77.0146,35440,Rippin-Schaden,06/04/2024
341,Karola,Stolberg,kstolberg9g@huffingtonpost.com,Female,2011,Kia,Forte,Lafayette,Indiana,47905,US,40.4001,-86.8602,68284,Wilkinson-Stokes,08/29/2022
342,Ludovico,Mattusov,lmattusov9h@tmall.com,Male,2011,Ford,Expedition,Anniston,Alabama,36205,US,33.7358,-85.7933,43459,Jenkins and Sons,07/25/2023
343,Reinold,Bramah,rbramah9i@cnn.com,Male,1997,Subaru,SVX,New Haven,Connecticut,06533,US,41.3657,-72.9275,89081,Maggio-Baumbach,02/12/2022
344,Lutero,Ranner,lranner9j@t.co,Male,2012,Land Rover,LR2,San Antonio,Texas,78230,US,29.5407,-98.5521,40221,Tremblay-Runolfsdottir,04/02/2024
345,Eldon,Rarity,erarity9k@nhs.uk,Male,2001,Kia,Spectra,Oklahoma City,Oklahoma,73147,US,35.5514,-97.4075,93279,Watsica-Maggio,07/18/2025
346,Ollie,Peaddie,opeaddie9l@storify.com,Male,2002,Toyota,Sienna,Akron,Ohio,44315,US,41.028,-81.4632,96429,Christiansen and Sons,08/16/2023
347,Ericka,McGreary,emcgreary9m@typepad.com,Female,1999,Chevrolet,Suburban 1500,New Haven,Connecticut,06510,US,41.3087,-72.9271,89317,Rau LLC,12/02/2023
348,Susette,Hedan,shedan9n@paypal.com,Female,2005,Kia,Sedona,Charleston,West Virginia,25305,US,38.3358,-81.6123,56446,"Denesik, Quigley and Thompson",09/03/2024
349,Prescott,Levington,plevington9o@netscape.com,Male,2009,Chevrolet,Silverado 3500,Lansing,Michigan,48930,US,42.7325,-84.5587,78721,Pacocha-Murphy,05/31/2024
350,Levon,Odby,lodby9p@tinyurl.com,Male,2003,Ford,Thunderbird,Dallas,Texas,75387,US,32.7673,-96.7776,41255,"White, Bogan and Cummings",06/05/2024
351,Courtney,MacKissack,cmackissack9q@wsj.com,Female,2001,GMC,Jimmy,San Antonio,Texas,78215,US,29.4413,-98.4793,45697,"Grant, Morar and Mosciski",12/28/2024
352,Gussy,Catling,gcatling9r@infoseek.co.jp,Female,2010,Dodge,Nitro,Houston,Texas,77080,US,29.8159,-95.523,93080,Konopelski Group,07/09/2025
353,Ruben,Cosbey,rcosbey9s@nydailynews.com,Male,2006,Mazda,Mazda3,Houston,Texas,77228,US,29.834,-95.4342,40528,Gulgowski Group,01/09/2025
354,Dari,Kanter,dkanter9t@live.com,Female,2005,Pontiac,G6,Cincinnati,Ohio,45233,US,39.111,-84.6594,97063,Balistreri-Oberbrunner,07/23/2022
355,Jasper,Cluse,jcluse9u@hud.gov,Male,2009,Lincoln,MKZ,Johnstown,Pennsylvania,15906,US,40.3522,-78.9383,40555,"Ankunding, Rempel and Schaefer",04/21/2022
356,Tanhya,Gislebert,tgislebert9v@weather.com,Female,1993,Mercedes-Benz,400E,Amarillo,Texas,79176,US,35.1885,-101.8165,98171,"Smitham, Bradtke and Schulist",06/16/2025
357,Doralia,Firbank,dfirbank9w@redcross.org,Female,2012,Bentley,Continental,Baltimore,Maryland,21216,US,39.3093,-76.6699,50813,Gorczany Group,05/24/2025
358,Elka,Jobe,ejobe9x@squidoo.com,Genderqueer,1995,Suzuki,Esteem,Charleston,West Virginia,25336,US,38.2968,-81.5547,67983,Rath Inc,02/12/2023
359,Brigida,Simpkiss,bsimpkiss9y@google.ca,Polygender,2009,Maybach,62,New York City,New York,10105,US,40.7628,-73.9785,34231,"McKenzie, Metz and Johnston",04/17/2024
360,Sharl,Joutapavicius,sjoutapavicius9z@miitbeian.gov.cn,Female,1999,Mercedes-Benz,CLK-Class,Topeka,Kansas,66699,US,39.0429,-95.7697,77281,Davis-Gorczany,10/15/2025
361,Mariam,Grewcock,mgrewcocka0@google.com.au,Female,2004,BMW,7 Series,Levittown,Pennsylvania,19058,US,40.3286,-75.1028,59213,Lubowitz-Tromp,01/15/2026
362,Lukas,Gini,lginia1@baidu.com,Male,1993,Mercedes-Benz,S-Class,Gainesville,Florida,32627,US,29.6813,-82.3539,45047,Gottlieb LLC,01/24/2024
363,Nicholle,Petheridge,npetheridgea2@sitemeter.com,Genderfluid,1998,Acura,RL,Warren,Ohio,44485,US,41.2405,-80.8441,49007,"Gleason, Turner and Mertz",07/14/2022
364,Jennie,Kisting,jkistinga3@shinystat.com,Female,1965,Pontiac,GTO,Lancaster,California,93584,US,33.7866,-118.2987,73617,Schneider-Emmerich,04/30/2024
365,Eleanor,Stirling,estirlinga4@time.com,Female,1992,Buick,Park Avenue,Charleston,West Virginia,25356,US,38.2968,-81.5547,45852,Kerluke-Koelpin,09/09/2023
366,Talbot,Titt,ttitta5@techcrunch.com,Male,2005,Volkswagen,Golf,Columbia,South Carolina,29208,US,33.9937,-81.0199,39652,Bednar and Sons,10/04/2022
367,Jone,Speaks,jspeaksa6@w3.org,Male,1990,Lexus,LS,Florence,South Carolina,29505,US,34.1231,-79.6893,88363,Stroman-Medhurst,08/30/2024
368,Abigail,Coupman,acoupmana7@omniture.com,Female,2006,Maserati,GranSport,Jackson,Tennessee,38308,US,35.6124,-88.8412,76795,Champlin-Mohr,08/27/2025
369,Willie,Darlaston,wdarlastona8@bloomberg.com,Female,1993,Mazda,323,Elmira,New York,14905,US,42.0869,-76.8397,57409,Strosin-Zulauf,10/15/2024
370,Lawton,Rykert,lrykerta9@si.edu,Male,1985,Ford,F-Series,Norfolk,Virginia,23514,US,36.9312,-76.2397,63456,Kunze and Sons,12/05/2024
371,Tawnya,Tilne,ttilneaa@livejournal.com,Female,2001,Jeep,Grand Cherokee,Chicago,Illinois,60619,US,41.7458,-87.6054,71084,Rogahn Inc,12/21/2024
372,Allissa,Medina,amedinaab@addthis.com,Female,1998,Ford,Expedition,Fargo,North Dakota,58106,US,46.9346,-97.2297,93696,"Gerhold, Ward and Crona",03/23/2025
373,Markus,Dillimore,mdillimoreac@bluehost.com,Agender,1986,Volkswagen,Passat,Buffalo,New York,14263,US,42.7684,-78.8871,95922,Hilll-Erdman,12/19/2022
374,Leontyne,Berrycloth,lberryclothad@elpais.com,Bigender,1998,Chevrolet,Prizm,Bakersfield,California,93399,US,35.4369,-119.0679,85139,"Paucek, Smitham and Crooks",01/11/2023
375,Erik,Bertelsen,ebertelsenae@artisteer.com,Bigender,2010,Nissan,GT-R,Phoenix,Arizona,85062,US,33.2765,-112.1872,66225,Gusikowski-Lehner,06/01/2025
376,Nola,Alfwy,nalfwyaf@mozilla.org,Female,1992,Mazda,Familia,Washington,District of Columbia,20260,US,38.8933,-77.0146,92913,Rodriguez Group,10/29/2025
377,Wren,Schaffler,wschafflerag@deliciousdays.com,Female,2008,Lamborghini,Murciélago LP640,Saint Petersburg,Florida,33742,US,27.8918,-82.7248,73946,Walsh-Bahringer,06/20/2023
378,Stanton,Wallentin,swallentinah@mail.ru,Male,1987,Ford,Courier,Springfield,Illinois,62776,US,39.7495,-89.606,56312,Larson-Homenick,08/18/2023
379,Marven,Birkinshaw,mbirkinshawai@liveinternet.ru,Male,2002,Audi,S4,Atlanta,Georgia,30343,US,33.8444,-84.474,64141,"Keeling, Brakus and Crooks",08/23/2022
380,Isaiah,Nield,inieldaj@ucoz.com,Male,1987,Audi,5000CS,Waco,Texas,76705,US,31.6403,-97.0963,92765,Lehner-Ondricka,12/08/2024
381,Shayne,Blackham,sblackhamak@wufoo.com,Female,1994,Toyota,Celica,Fairfax,Virginia,22036,US,38.7351,-77.0796,35277,"Willms, Dooley and Welch",10/21/2024
382,Madelyn,Onn,monnal@xinhuanet.com,Female,2008,BMW,M3,Dayton,Ohio,45470,US,39.7505,-84.2686,74575,Kertzmann Group,06/14/2022
383,Ludovico,Sarre,lsarream@wix.com,Male,1999,Toyota,Tacoma Xtra,New York City,New York,10292,US,40.7808,-73.9772,74591,Von Inc,12/29/2024
384,Laurens,Meugens,lmeugensan@noaa.gov,Male,2003,Subaru,Outback,Madison,Wisconsin,53710,US,43.0696,-89.4239,88675,Turner LLC,11/24/2025
385,Bucky,Bautiste,bbautisteao@constantcontact.com,Male,1957,BMW,600,Akron,Ohio,44310,US,41.1075,-81.5006,33628,Ferry-Medhurst,02/05/2025
386,Jo-anne,Boole,jbooleap@github.com,Female,2004,Lincoln,Town Car,Honolulu,Hawaii,96805,US,21.3062,-157.8585,98675,Goodwin Inc,11/03/2025
387,Roseanne,Geater,rgeateraq@google.com,Female,1990,Saab,900,Cleveland,Ohio,44177,US,41.6857,-81.6728,31234,"Kuhic, Bernier and Marks",07/07/2023
388,Maddy,Darree,mdarreear@booking.com,Female,1999,GMC,3500,Richmond,Virginia,23289,US,37.5313,-77.4161,97206,"Feil, Leannon and Collier",02/17/2022
389,Melesa,Palomba,mpalombaas@stanford.edu,Female,1994,Toyota,4Runner,Colorado Springs,Colorado,80910,US,38.8152,-104.7703,38690,"Weissnat, Ledner and Schowalter",06/20/2023
390,Georgie,Cherrison,gcherrisonat@nationalgeographic.com,Male,2009,GMC,Sierra,New York City,New York,10079,US,40.7808,-73.9772,96831,Carter-Maggio,06/27/2023
391,Renate,Kennham,rkennhamau@parallels.com,Female,1984,Ford,Tempo,San Antonio,Texas,78220,US,29.4106,-98.4128,62538,Kuvalis-Schmidt,07/13/2024
392,Templeton,Labell,tlabellav@histats.com,Male,2005,Honda,CR-V,Salinas,California,93907,US,36.7563,-121.6703,56298,Kub and Sons,04/19/2023
393,Mathe,Cuer,mcueraw@livejournal.com,Male,1995,Ford,Probe,Huntsville,Texas,77343,US,30.7813,-95.5953,49956,Batz-Hermann,09/06/2023
394,Chas,Scrowton,cscrowtonax@samsung.com,Male,2001,Dodge,Ram 1500 Club,Worcester,Massachusetts,01654,US,42.3648,-71.8969,42770,"Jacobs, Lockman and White",04/17/2024
395,Monroe,Ladson,mladsonay@ftc.gov,Male,2001,Lincoln,Navigator,Billings,Montana,59105,US,45.9497,-108.599,54000,Quitzon Group,08/26/2023
396,Case,Kaaskooper,ckaaskooperaz@ifeng.com,Male,1993,Mitsubishi,Mighty Max Macro,Tacoma,Washington,98442,US,47.3081,-122.4185,61133,"Reichel, Fahey and Crist",07/04/2024
397,Nanny,Road,nroadb0@squarespace.com,Female,1996,Chevrolet,Express 2500,Tacoma,Washington,98405,US,47.2484,-122.4644,78817,Maggio-Murphy,06/10/2023
398,Nicolais,Gratland,ngratlandb1@miitbeian.gov.cn,Genderfluid,2011,Nissan,Maxima,Waterbury,Connecticut,06726,US,41.3657,-72.9275,46415,Dooley and Sons,12/16/2023
399,Marcile,Howett,mhowettb2@businessinsider.com,Bigender,2008,Mazda,Miata MX-5,New York City,New York,10105,US,40.7628,-73.9785,84835,Romaguera Group,06/07/2023
400,Byrom,De Caroli,bdecarolib3@adobe.com,Male,1996,BMW,7 Series,Austin,Texas,78715,US,30.4501,-97.4865,73578,"Runolfsdottir, Nikolaus and Pouros",05/13/2023
401,Gregorius,Juszczyk,gjuszczykb4@odnoklassniki.ru,Male,2006,Lexus,SC,Washington,District of Columbia,20503,US,38.9007,-77.0431,67380,"Dicki, Krajcik and Grady",08/10/2022
402,Deva,Jehu,djehub5@free.fr,Female,2004,Lexus,RX,Seattle,Washington,98109,US,47.6339,-122.3476,97909,"Barrows, Wilkinson and Breitenberg",08/16/2023
403,Dru,Brammar,dbrammarb6@gmpg.org,Female,2008,Acura,RDX,Memphis,Tennessee,38109,US,35.0425,-90.0732,46752,Cole Group,09/01/2024
404,Parnell,Olivazzi,polivazzib7@theatlantic.com,Male,2010,Bentley,Brooklands,Peoria,Arizona,85383,US,33.7169,-112.238,50409,Cassin-Treutel,04/17/2022
405,Erie,Nanson,enansonb8@meetup.com,Male,2001,GMC,Sierra 2500,New Haven,Connecticut,06505,US,41.3057,-72.7799,55827,Purdy-Leuschke,06/15/2025
406,Loralyn,Revan,lrevanb9@nba.com,Female,1986,Volkswagen,Cabriolet,Zephyrhills,Florida,33543,US,28.2059,-82.3063,53621,Batz-Dickinson,05/16/2023
407,Wallace,Adrain,wadrainba@phoca.cz,Male,1998,Kia,Sportage,Metairie,Louisiana,70033,US,29.6779,-90.0901,94103,Halvorson-Osinski,03/05/2022
408,Kirbie,Clash,kclashbb@prnewswire.com,Female,1992,GMC,Rally Wagon 1500,Sacramento,California,95823,US,38.4797,-121.4438,48684,Harber and Sons,05/15/2022
409,Ailene,Buyers,abuyersbc@tmall.com,Bigender,2007,Mercury,Monterey,New York City,New York,10120,US,40.7506,-73.9894,51112,Heathcote LLC,10/01/2025
410,Sidonia,Castagneto,scastagnetobd@jalbum.net,Female,2003,Isuzu,Rodeo Sport,Austin,Texas,78715,US,30.4501,-97.4865,76661,Goldner Inc,07/30/2024
411,Arnuad,Gimbrett,agimbrettbe@businesswire.com,Male,1994,Chevrolet,G-Series G20,Tacoma,Washington,98424,US,47.2325,-122.3594,47961,Schaefer-Gislason,10/28/2025
412,Sayre,Cleynman,scleynmanbf@newsvine.com,Male,1998,GMC,Safari,Fullerton,California,92640,US,33.7862,-117.9309,67028,Jacobi-Cruickshank,03/28/2023
413,Marlow,Neubigin,mneubiginbg@dell.com,Male,2012,Dodge,Avenger,Brooklyn,New York,11215,US,40.6669,-73.9828,84728,Bogisich-Larkin,03/21/2022
414,Donnamarie,Loachhead,dloachheadbh@sciencedaily.com,Polygender,1993,Mazda,MX-3,San Bernardino,California,92415,US,34.84,-115.9671,66242,McKenzie-Wiza,11/06/2023
415,Berk,Folbig,bfolbigbi@wisc.edu,Male,1995,Honda,Prelude,Manchester,New Hampshire,03105,US,42.9521,-71.6539,54474,"Crona, Watsica and Heidenreich",03/02/2024
416,Nils,Salvidge,nsalvidgebj@unicef.org,Male,1993,Jeep,Grand Cherokee,Anderson,Indiana,46015,US,40.0938,-85.6578,51949,Medhurst LLC,09/08/2023
417,Ingram,Prebble,iprebblebk@wufoo.com,Male,2011,Ford,Focus,Salt Lake City,Utah,84135,US,40.6681,-111.9083,88742,"Hirthe, Bode and Smitham",11/22/2022
418,Ashleigh,Charlotte,acharlottebl@dmoz.org,Female,2002,Chrysler,Sebring,Saint Paul,Minnesota,55146,US,44.9427,-93.0828,49311,Walter Group,11/27/2022
419,Donielle,Buffey,dbuffeybm@merriam-webster.com,Female,2012,BMW,6 Series,Oklahoma City,Oklahoma,73147,US,35.5514,-97.4075,79673,"Wolff, Leannon and Wisoky",05/12/2024
420,Kylie,Le Huquet,klehuquetbn@elegantthemes.com,Polygender,2002,Mazda,Tribute,Omaha,Nebraska,68105,US,41.2435,-95.9629,72142,"Schulist, Gutkowski and Runolfsson",04/28/2022
421,Shanna,Cannam,scannambo@hc360.com,Genderfluid,1993,Hyundai,Excel,Austin,Texas,78764,US,30.4455,-97.6595,77108,"Block, Shanahan and Lebsack",02/07/2024
422,Lenna,Askew,laskewbp@bandcamp.com,Female,2007,BMW,M6,Phoenix,Arizona,85040,US,33.4061,-112.0265,57878,Lebsack and Sons,02/21/2024
423,Layton,Robion,lrobionbq@oakley.com,Male,1992,Chevrolet,Blazer,Washington,District of Columbia,20540,US,38.8874,-77.0047,88860,Cole-Lehner,03/13/2022
424,Sumner,Janikowski,sjanikowskibr@ustream.tv,Male,2012,Maserati,GranTurismo,Grand Rapids,Michigan,49518,US,43.0314,-85.5503,74566,"Ullrich, Graham and Hegmann",09/30/2023
425,Caroline,Heugle,cheuglebs@sfgate.com,Female,2003,Audi,RS6,Colorado Springs,Colorado,80935,US,38.8247,-104.562,92588,"Schmeler, Hauck and Olson",09/09/2024
426,Jessey,Burroughes,jburroughesbt@japanpost.jp,Male,1999,Mercedes-Benz,C-Class,Houston,Texas,77223,US,29.834,-95.4342,89392,Blanda LLC,03/30/2022
427,Fidelio,Manford,fmanfordbu@angelfire.com,Male,2007,Kia,Rio,Atlanta,Georgia,30358,US,33.9982,-84.3411,37094,Jacobi-Kassulke,07/08/2022
428,Meg,Hazeldean,mhazeldeanbv@biglobe.ne.jp,Female,1996,Honda,Accord,Topeka,Kansas,66606,US,39.0583,-95.7095,78297,McGlynn-Denesik,06/08/2025
429,Siusan,Gerrell,sgerrellbw@seattletimes.com,Female,2002,Porsche,911,Atlanta,Georgia,31119,US,33.8913,-84.0746,51794,Kertzmann Inc,07/08/2025
430,Mariana,Swayton,mswaytonbx@dion.ne.jp,Female,2005,Nissan,Sentra,Sunnyvale,California,94089,US,37.3983,-122.0006,50105,"Hackett, Erdman and White",08/05/2024
431,Kore,Godson,kgodsonby@webs.com,Female,1985,Audi,Coupe GT,Saint Louis,Missouri,63110,US,38.6185,-90.2564,77366,Hayes LLC,04/20/2023
432,Zandra,Broune,zbrounebz@google.com,Female,2000,Nissan,Frontier,Atlanta,Georgia,31196,US,33.8444,-84.474,58310,Watsica Inc,04/28/2025
433,Brice,Gracey,bgraceyc0@taobao.com,Agender,1995,Chevrolet,Caprice Classic,Syracuse,New York,13224,US,43.0421,-76.1046,93161,"Pfannerstill, Gislason and Carter",08/07/2025
434,Misty,Cobbled,mcobbledc1@networksolutions.com,Female,2005,Mitsubishi,Pajero,Atlanta,Georgia,31165,US,33.7629,-84.4226,34199,Konopelski-Kertzmann,11/14/2023
435,Noellyn,Kristufek,nkristufekc2@dmoz.org,Female,2000,Chevrolet,Silverado 1500,Canton,Ohio,44720,US,40.8956,-81.433,90267,Predovic LLC,09/08/2024
436,Verla,Crim,vcrimc3@naver.com,Female,1987,Buick,Electra,San Antonio,Texas,78296,US,29.4375,-98.4616,52503,Frami Inc,02/14/2022
437,Rozalin,Gainforth,rgainforthc4@mit.edu,Female,2002,Hummer,H1,Montgomery,Alabama,36119,US,32.2334,-86.2085,87652,"Breitenberg, Abshire and Maggio",03/24/2024
438,Renae,Kempstone,rkempstonec5@deliciousdays.com,Female,2004,Audi,A8,Waterbury,Connecticut,06721,US,41.3657,-72.9275,57751,Quitzon Group,08/09/2023
439,Lutero,Swiffin,lswiffinc6@usgs.gov,Polygender,1994,Mitsubishi,Montero,Denver,Colorado,80228,US,39.6888,-105.156,52232,"Moore, Beahan and Weimann",06/02/2024
440,Theodora,Ligertwood,tligertwoodc7@edublogs.org,Female,2007,Nissan,Altima,New Orleans,Louisiana,70116,US,29.9686,-90.0646,60181,Schinner-Wolff,05/02/2023
441,Bryanty,Tansey,btanseyc8@fotki.com,Male,2005,BMW,525,Shreveport,Louisiana,71105,US,32.4589,-93.7143,30046,Doyle-Farrell,06/10/2022
442,Garrard,Scoates,gscoatesc9@adobe.com,Male,1992,GMC,Vandura 3500,Washington,District of Columbia,20078,US,38.8933,-77.0146,42439,Hegmann-Goyette,11/16/2024
443,Marquita,Astbery,mastberyca@zdnet.com,Female,1990,Mitsubishi,L300,Miami,Florida,33190,US,25.5593,-80.3483,99556,Oberbrunner-Schinner,12/17/2023
444,Mischa,O'Sheilds,mosheildscb@jiathis.com,Male,2004,Chevrolet,Blazer,Newark,Delaware,19725,US,39.5645,-75.597,61026,"Barton, Deckow and Nicolas",12/20/2023
445,Collete,Bodimeade,cbodimeadecc@guardian.co.uk,Agender,1986,Ford,Bronco II,Anchorage,Alaska,99599,US,61.1872,-149.8804,67807,Abbott-O'Connell,01/01/2025
446,Jasper,Buye,jbuyecd@tmall.com,Genderqueer,2012,Porsche,Cayenne,Washington,District of Columbia,20397,US,38.9164,-76.9948,62107,Abshire-Berge,02/10/2023
447,Arthur,Klimshuk,aklimshukce@archive.org,Male,1995,Chrysler,Concorde,High Point,North Carolina,27264,US,36.0807,-80.0244,30813,O'Connell-Waters,10/04/2022
448,Waverly,Benfield,wbenfieldcf@unesco.org,Male,2013,Mazda,CX-5,Houston,Texas,77020,US,29.7758,-95.3121,46434,Kling-Volkman,06/16/2022
449,Gisella,Swatridge,gswatridgecg@umich.edu,Female,2004,Chevrolet,Blazer,Buffalo,New York,14205,US,42.7684,-78.8871,51823,Maggio LLC,10/14/2024
450,Jedd,Parchment,jparchmentch@merriam-webster.com,Male,2009,BMW,X5,Baltimore,Maryland,21290,US,39.2933,-76.6238,82885,"Wunsch, D'Amore and Conroy",04/20/2022
451,Reagan,Ubsdell,rubsdellci@unesco.org,Male,1992,GMC,Safari,Fresno,California,93750,US,36.7464,-119.6397,65953,Torp and Sons,01/18/2025
452,Penny,Joubert,pjoubertcj@live.com,Female,2013,Hyundai,Sonata,Rochester,New York,14652,US,43.286,-77.6843,42422,"Leffler, Block and Runolfsdottir",09/01/2023
453,Nelia,Shearer,nshearerck@eepurl.com,Female,2002,GMC,Savana 1500,Salinas,California,93907,US,36.7563,-121.6703,52040,"Hand, Terry and Wyman",06/27/2023
454,Jillane,Imlen,jimlencl@yandex.ru,Female,1996,Cadillac,Fleetwood,Washington,District of Columbia,20599,US,38.8933,-77.0146,92930,Ondricka-Boyle,09/26/2022
455,Donn,Gulleford,dgullefordcm@deliciousdays.com,Male,2012,Nissan,Xterra,Eugene,Oregon,97405,US,44.0185,-123.0998,81987,"Price, Walsh and Hirthe",01/18/2025
456,Anabel,Yearnsley,ayearnsleycn@usatoday.com,Female,1986,Mitsubishi,Mirage,Cleveland,Ohio,44105,US,41.4509,-81.619,62148,Boehm and Sons,10/20/2024
457,Alfredo,Jebb,ajebbco@ebay.co.uk,Male,2004,Ford,Taurus,Birmingham,Alabama,35231,US,33.5446,-86.9292,95720,Satterfield Group,02/26/2025
458,Alexandro,Matieu,amatieucp@amazon.de,Male,1997,Mercury,Cougar,Fort Worth,Texas,76110,US,32.7065,-97.3375,94836,"Schroeder, Strosin and Weimann",03/23/2023
459,Antin,Swinn,aswinncq@arstechnica.com,Male,1989,Buick,Regal,Carol Stream,Illinois,60158,US,41.9166,-88.1208,80498,"Mohr, McLaughlin and Jerde",09/20/2022
460,Gusella,Bourthoumieux,gbourthoumieuxcr@uol.com.br,Female,1995,Chevrolet,Corsica,Tacoma,Washington,98424,US,47.2325,-122.3594,38662,"Parker, Greenfelder and Dicki",12/22/2023
461,Grete,Geale,ggealecs@reddit.com,Female,1998,Nissan,Quest,El Paso,Texas,79999,US,31.6948,-106.3,58373,Gulgowski LLC,10/23/2024
462,Kathye,Staton,kstatonct@photobucket.com,Female,2005,Toyota,Corolla,Baton Rouge,Louisiana,70883,US,30.5159,-91.0804,81945,"Lind, Schimmel and O'Connell",05/01/2022
463,Stirling,Jeffers,sjefferscu@behance.net,Male,1990,Buick,Estate,Anderson,Indiana,46015,US,40.0938,-85.6578,79518,"Torphy, Schmidt and Sanford",06/24/2024
464,Liana,Izkovicz,lizkoviczcv@bbb.org,Female,2009,Chrysler,Sebring,Olympia,Washington,98516,US,47.1126,-122.7794,50358,"Thompson, Howell and Marks",05/30/2025
465,Celle,Kment,ckmentcw@stumbleupon.com,Female,1974,Pontiac,GTO,Glendale,Arizona,85311,US,33.2765,-112.1872,75450,Walsh-Lebsack,06/16/2024
466,Alissa,Houlahan,ahoulahancx@blogspot.com,Female,1991,Mercury,Capri,Newark,Delaware,19725,US,39.5645,-75.597,42186,"Hyatt, Adams and Larkin",11/29/2023
467,Angel,Tyrone,atyronecy@reddit.com,Male,2011,Mercedes-Benz,SL-Class,Allentown,Pennsylvania,18105,US,40.6934,-75.4712,93121,Johns-Rath,03/17/2024
468,Othella,Burth,oburthcz@weather.com,Female,2003,BMW,M5,San Diego,California,92176,US,33.0169,-116.846,52298,Abshire-Anderson,04/27/2025
469,Wyndham,Olennikov,wolennikovd0@parallels.com,Male,2012,Ford,E250,Littleton,Colorado,80127,US,39.592,-105.1328,46126,"Carter, Kuhn and Douglas",11/22/2022
470,Celinka,Gilluley,cgilluleyd1@theguardian.com,Female,2001,Lexus,RX,Fort Myers,Florida,33994,US,26.5529,-81.9486,96814,"Hilpert, Howe and Hills",12/23/2023
471,Elihu,Dundin,edundind2@xing.com,Male,2011,Lexus,IS-F,Augusta,Georgia,30905,US,33.413,-82.1337,51384,"Tremblay, McGlynn and Kuhn",06/02/2023
472,Kerry,Boundley,kboundleyd3@vistaprint.com,Female,2009,Ford,E350,Indianapolis,Indiana,46207,US,39.7673,-86.1606,63406,Cronin-Skiles,01/11/2023
473,Elianora,Main,emaind4@columbia.edu,Female,1996,Pontiac,Firebird,Bethesda,Maryland,20816,US,38.9585,-77.1153,87390,Goyette-Mosciski,08/21/2024
474,Demetris,McKeurtan,dmckeurtand5@chicagotribune.com,Male,2007,Land Rover,LR3,Raleigh,North Carolina,27658,US,35.7977,-78.6253,31657,Funk and Sons,11/02/2025
475,Irving,Jeanin,ijeanind6@bluehost.com,Male,1986,Ford,EXP,Buffalo,New York,14210,US,42.8614,-78.8206,50718,Bradtke-Tromp,05/03/2024
476,Sherie,Rallinshaw,srallinshawd7@fotki.com,Female,1997,Chevrolet,1500,Tallahassee,Florida,32314,US,30.4793,-84.3462,73093,"Miller, Kiehn and Hammes",06/25/2022
477,Trey,Founds,tfoundsd8@reuters.com,Male,2003,Honda,Civic GX,Atlanta,Georgia,30340,US,33.8932,-84.2539,36628,"Balistreri, Weimann and Armstrong",03/30/2023
478,Arty,Ducarne,aducarned9@springer.com,Male,2012,Mercedes-Benz,Sprinter 2500,Bronx,New York,10474,US,40.8139,-73.8841,76617,Spencer and Sons,08/14/2025
479,Jehu,Fripp,jfrippda@mlb.com,Male,2010,Jaguar,XF,Boise,Idaho,83722,US,43.4599,-116.244,70518,Pacocha-Mayer,01/01/2026
480,Pepi,De Bernardi,pdebernardidb@elpais.com,Female,1997,Audi,A8,Boynton Beach,Florida,33436,US,26.5354,-80.1124,69785,"Heidenreich, Lakin and Schroeder",10/23/2025
481,Beverie,Pentycost,bpentycostdc@linkedin.com,Female,1999,Nissan,Sentra,San Antonio,Texas,78296,US,29.4375,-98.4616,91762,"Donnelly, Mueller and Haag",09/23/2024
482,Eulalie,Stoyell,estoyelldd@sohu.com,Genderfluid,2010,Volkswagen,Golf,Colorado Springs,Colorado,80935,US,38.8247,-104.562,56088,"Corwin, Olson and Rice",11/18/2024
483,Sidonnie,Penbarthy,spenbarthyde@infoseek.co.jp,Female,2004,BMW,545,Dallas,Texas,75372,US,32.7673,-96.7776,31671,Bayer Inc,11/13/2022
484,Denys,Nossent,dnossentdf@mediafire.com,Male,1996,Mercury,Villager,Charlottesville,Virginia,22908,US,38.0401,-78.4851,32335,"Reinger, Kerluke and Tromp",10/12/2023
485,Breanne,Capel,bcapeldg@wikimedia.org,Female,2005,BMW,M3,Fullerton,California,92640,US,33.7862,-117.9309,66159,Block Inc,10/31/2022
486,Isa,Hum,ihumdh@barnesandnoble.com,Female,2008,Dodge,Ram 1500,Seattle,Washington,98140,US,47.4323,-121.8034,40832,Stark and Sons,11/07/2023
487,Ina,Hawarden,ihawardendi@dell.com,Female,2009,Infiniti,FX,Canton,Ohio,44705,US,40.8259,-81.3399,44188,Ziemann LLC,09/27/2022
488,Homer,Serrier,hserrierdj@artisteer.com,Male,1985,Audi,4000s,Waterloo,Iowa,50706,US,42.4156,-92.2703,75409,"Stiedemann, Rodriguez and Trantow",01/20/2023
489,Boyce,Washtell,bwashtelldk@nifty.com,Male,2010,Toyota,Corolla,Portsmouth,New Hampshire,03804,US,43.0059,-71.0132,47901,"Heathcote, Hane and Kuhlman",11/25/2025
490,Missie,Cogdell,mcogdelldl@zdnet.com,Polygender,1973,Ford,Mustang,West Palm Beach,Florida,33405,US,26.67,-80.0582,89152,"Morissette, Kertzmann and Heaney",07/08/2023
491,Marten,Doniso,mdonisodm@ucsd.edu,Male,2010,Honda,Odyssey,Winston Salem,North Carolina,27110,US,36.0275,-80.2073,59936,Buckridge LLC,12/28/2024
492,Delores,Arnaudet,darnaudetdn@cbslocal.com,Female,1987,Pontiac,Chevette,Ogden,Utah,84409,US,41.2553,-111.9567,79528,Hessel LLC,12/23/2022
493,Edlin,Blindmann,eblindmanndo@ezinearticles.com,Male,2007,Lincoln,Navigator L,El Paso,Texas,79911,US,31.8925,-106.5426,84731,Wyman-Muller,03/17/2025
494,Kerrie,Ever,keverdp@who.int,Female,1997,Ford,F-Series,Corpus Christi,Texas,78470,US,27.777,-97.4632,57722,Pfannerstill-Nicolas,10/29/2023
495,Ebonee,Laise,elaisedq@tumblr.com,Female,1985,Subaru,Leone,Detroit,Michigan,48224,US,42.4098,-82.9441,92701,Schaden-Davis,03/14/2025
496,Aldridge,Aitcheson,aaitchesondr@mtv.com,Male,1996,Toyota,Celica,Billings,Montana,59112,US,45.9783,-108.1945,30274,Wiegand-Erdman,04/01/2022
497,Genia,MacNucator,gmacnucatords@ameblo.jp,Female,1999,Plymouth,Grand Voyager,Palm Bay,Florida,32909,US,27.9694,-80.6473,54361,Abshire-Pacocha,10/26/2023
498,Lorenzo,Habbeshaw,lhabbeshawdt@aol.com,Male,1997,Mazda,Protege,Pittsburgh,Pennsylvania,15240,US,40.4344,-80.0248,57547,"Breitenberg, Will and Wintheiser",05/08/2025
499,Dyanne,Tubbles,dtubblesdu@bluehost.com,Female,2009,Chevrolet,Silverado 2500,Clearwater,Florida,33758,US,27.8918,-82.7248,47540,Emmerich-Hirthe,08/28/2025
500,Mile,Zecchinii,mzecchiniidv@issuu.com,Male,2011,Honda,Fit,Phoenix,Arizona,85083,US,33.7352,-112.1294,66094,"Becker, Franecki and Reinger",08/28/2022
501,Morgan,Whisson,mwhissondw@statcounter.com,Male,2010,Mazda,CX-9,New Orleans,Louisiana,70165,US,30.033,-89.8826,45874,Hansen-Prosacco,02/12/2023
502,Alfy,Clymer,aclymerdx@biglobe.ne.jp,Female,1985,Buick,Century,Redwood City,California,94064,US,37.3811,-122.3348,34593,Stanton-Hintz,07/05/2025
503,Gregory,Lumpkin,glumpkindy@reference.com,Male,2003,Mercury,Marauder,Elmira,New York,14905,US,42.0869,-76.8397,51273,Johns Inc,08/19/2024
504,Eldredge,Arnefield,earnefielddz@si.edu,Male,2001,Ford,Excursion,Greensboro,North Carolina,27415,US,36.0807,-80.0244,77782,"Leffler, Bartell and Ebert",01/16/2026
505,Ad,Twizell,atwizelle0@twitter.com,Male,2009,Bentley,Continental Flying Spur,Lincoln,Nebraska,68517,US,40.9317,-96.6045,95043,Hoppe-Schulist,08/25/2023
506,Bondon,Abrahmer,babrahmere1@google.fr,Male,2012,BMW,X3,Chandler,Arizona,85246,US,33.2765,-112.1872,38922,Schimmel-Skiles,08/18/2024
507,Friedrich,Bloyes,fbloyese2@mapy.cz,Male,1992,Chrysler,Fifth Ave,Fort Wayne,Indiana,46862,US,41.0938,-85.0707,50194,Reynolds-Conroy,02/17/2022
508,Ramon,Aphale,raphalee3@sfgate.com,Male,2008,Dodge,Grand Caravan,Fort Wayne,Indiana,46852,US,41.0938,-85.0707,31629,Wiza and Sons,12/23/2024
509,Frasquito,Bails,fbailse4@opera.com,Male,1996,Nissan,Quest,Shreveport,Louisiana,71151,US,32.6076,-93.7526,96493,Daniel Inc,01/04/2023
510,Darin,Scandrett,dscandrette5@sphinn.com,Male,2000,Daewoo,Leganza,Shawnee Mission,Kansas,66220,US,38.9613,-94.8222,54052,"Deckow, Bernhard and Hilpert",12/06/2024
511,Kevyn,Cranstoun,kcranstoune6@whitehouse.gov,Female,2006,Volvo,XC90,Cincinnati,Ohio,45218,US,39.2663,-84.5221,96178,"O'Conner, Breitenberg and Brown",09/13/2025
512,Daria,Lark,dlarke7@cargocollective.com,Female,2008,Jeep,Liberty,Chicago,Illinois,60614,US,41.9229,-87.6483,70389,Wiza-Rogahn,03/10/2022
513,Pip,Jevons,pjevonse8@flickr.com,Male,2009,Saturn,Aura,Flint,Michigan,48550,US,43.0349,-83.6887,58132,MacGyver-Ziemann,05/11/2022
514,Gasparo,Glide,gglidee9@telegraph.co.uk,Male,1999,Lincoln,Navigator,Lubbock,Texas,79491,US,33.61,-101.8213,71639,Pagac-Stark,02/04/2025
515,Torrence,Feake,tfeakeea@google.de,Male,1995,GMC,Suburban 2500,El Paso,Texas,88584,US,31.6948,-106.3,45700,Feil-Tillman,12/25/2024
516,Silvanus,MacAndie,smacandieeb@netscape.com,Bigender,2011,Chevrolet,Colorado,Flushing,New York,11388,US,40.6514,-73.8708,91288,Keebler-Haley,04/19/2024
517,Alister,Skentelbury,askentelburyec@amazon.co.jp,Male,1987,Porsche,924 S,Inglewood,California,90398,US,33.7866,-118.2987,91690,"Lemke, Flatley and Wolff",04/26/2022
518,Marybelle,Arnaudon,marnaudoned@tmall.com,Female,1997,Ford,Escort,Springfield,Missouri,65810,US,37.1136,-93.2896,33068,"Baumbach, Powlowski and Greenholt",05/01/2024
519,Ollie,Petzold,opetzoldee@vistaprint.com,Male,2005,Mitsubishi,Lancer Evolution,Tulsa,Oklahoma,74141,US,36.1398,-96.0297,51596,"Klocko, Nolan and Mayert",03/11/2023
520,Henry,Mackieson,hmackiesonef@nature.com,Male,2006,Lincoln,Zephyr,Memphis,Tennessee,38131,US,35.0664,-89.9921,39700,Kertzmann-Cartwright,06/14/2023
521,Irvine,Fyers,ifyerseg@phoca.cz,Male,1995,Chevrolet,Corsica,Flint,Michigan,48555,US,43.0113,-83.7108,45935,"Quitzon, Kilback and Cronin",03/17/2024
522,Vernice,Shearn,vshearneh@unicef.org,Female,1999,Nissan,Altima,Chandler,Arizona,85246,US,33.2765,-112.1872,81756,Haag-O'Conner,03/07/2025
523,Viola,Skeermer,vskeermerei@ftc.gov,Female,2000,Toyota,Celica,El Paso,Texas,88579,US,31.6948,-106.3,89938,Rempel-Torphy,07/25/2022
524,Lorant,Cobello,lcobelloej@statcounter.com,Male,1995,GMC,Safari,Duluth,Georgia,30096,US,33.9845,-84.1529,92613,Jerde-Feil,04/11/2022
525,Bonita,Sudell,bsudellek@fastcompany.com,Female,2001,Land Rover,Range Rover,Charlottesville,Virginia,22903,US,38.0339,-78.4924,42135,"Spencer, Goodwin and Torphy",05/04/2022
526,Rance,Fayne,rfayneel@bloomberg.com,Male,2010,Subaru,Legacy,Boston,Massachusetts,02203,US,42.3615,-71.0604,47097,Marks and Sons,07/12/2023
527,Tine,Coils,tcoilsem@slideshare.net,Female,2003,Dodge,Grand Caravan,Tulsa,Oklahoma,74141,US,36.1398,-96.0297,80879,Casper and Sons,05/19/2023
528,Pollyanna,Swanton,pswantonen@vistaprint.com,Non-binary,2011,Ram,2500,San Antonio,Texas,78245,US,29.4189,-98.6895,88730,"Buckridge, Ruecker and Kassulke",10/18/2023
529,Brennen,Pettiford,bpettifordeo@ucsd.edu,Male,2006,Mitsubishi,Eclipse,Amarillo,Texas,79116,US,35.2454,-101.999,42949,Cronin Inc,09/04/2024
530,Daniele,Pidduck,dpidduckep@people.com.cn,Female,1993,GMC,Suburban 1500,Tulsa,Oklahoma,74116,US,36.175,-95.8477,65799,"Corwin, Gerhold and Sanford",07/22/2022
531,Lem,Brooker,lbrookereq@nyu.edu,Male,2004,Honda,Pilot,Nashville,Tennessee,37235,US,36.1866,-86.7852,93914,"Willms, Gottlieb and Littel",03/02/2024
532,Sinclair,Germain,sgermainer@bbc.co.uk,Non-binary,1997,Chevrolet,3500,Cleveland,Ohio,44130,US,41.3826,-81.7964,63038,"Schneider, Jerde and Berge",01/02/2025
533,Ginni,Casier,gcasieres@abc.net.au,Female,1993,Pontiac,Bonneville,Missoula,Montana,59806,US,47.116,-114.0498,89159,"Williamson, Muller and Herzog",12/26/2022
534,Roddy,Synan,rsynanet@utexas.edu,Male,2011,Toyota,Sequoia,Birmingham,Alabama,35215,US,33.6493,-86.7057,82139,Douglas-Conroy,01/16/2026
535,Dagmar,Bachanski,dbachanskieu@ucla.edu,Female,1983,Pontiac,Sunbird,Saginaw,Michigan,48604,US,43.4732,-83.9514,94845,Kertzmann-Carroll,07/22/2025
536,Madlin,Biggs,mbiggsev@eventbrite.com,Female,2007,Kia,Optima,Fort Wayne,Indiana,46867,US,41.0938,-85.0707,72822,Leannon-Pagac,12/31/2024
537,Bondy,MacVay,bmacvayew@soup.io,Male,1984,Mercury,Topaz,Norman,Oklahoma,73071,US,35.233,-97.4067,56487,"Volkman, Schinner and Schowalter",08/31/2024
538,Chiarra,Blamey,cblameyex@dell.com,Female,1996,Volkswagen,Golf,Detroit,Michigan,48258,US,42.2399,-83.1508,71879,"Kovacek, Padberg and Schuster",08/07/2023
539,Catarina,Janton,cjantoney@liveinternet.ru,Female,2004,Nissan,Murano,Colorado Springs,Colorado,80935,US,38.8247,-104.562,45609,"Conroy, Bergnaum and Romaguera",02/16/2025
540,Debora,Taylder,dtaylderez@artisteer.com,Female,1992,Mitsubishi,Expo,Las Vegas,Nevada,89125,US,36.2235,-115.2655,87665,"Hamill, Lemke and Heller",11/08/2024
541,Jourdain,Redler,jredlerf0@google.ca,Male,2001,Hyundai,Elantra,Inglewood,California,90310,US,33.7866,-118.2987,41453,Hudson and Sons,03/06/2022
542,Jeno,Servante,jservantef1@edublogs.org,Male,1954,Chevrolet,Corvette,Tyler,Texas,75705,US,32.3766,-95.1252,37471,"Keeling, Oberbrunner and Kemmer",04/04/2023
543,Edgardo,Chrestien,echrestienf2@senate.gov,Polygender,1985,Mercedes-Benz,W201,Austin,Texas,78764,US,30.4455,-97.6595,98856,Stamm-West,02/11/2022
544,Karyl,Malec,kmalecf3@123-reg.co.uk,Female,1992,Saturn,S-Series,Omaha,Nebraska,68105,US,41.2435,-95.9629,34659,Mayert-Kunde,12/14/2024
545,Jerrilyn,McCorry,jmccorryf4@wix.com,Female,2005,Maybach,57S,Yonkers,New York,10705,US,40.9177,-73.895,91786,Kihn Group,07/14/2025
546,Mervin,Gosnall,mgosnallf5@apache.org,Male,1999,Toyota,Camry,Amarillo,Texas,79176,US,35.1885,-101.8165,54555,"O'Kon, Kiehn and Franecki",11/25/2024
547,Margret,Woodwing,mwoodwingf6@google.com.hk,Genderqueer,1991,Land Rover,Sterling,Jacksonville,Florida,32277,US,30.3704,-81.5864,96651,Rosenbaum-Wuckert,05/16/2025
548,Alie,Kerrich,akerrichf7@hubpages.com,Female,2009,Ford,F450,Salt Lake City,Utah,84125,US,40.6681,-111.9083,89177,"Stiedemann, Champlin and Waelchi",10/17/2022
549,Nadine,Luckin,nluckinf8@pcworld.com,Female,1999,Mercedes-Benz,E-Class,Albany,New York,12222,US,42.6853,-73.8253,95498,Donnelly LLC,12/11/2024
550,Ingmar,Farington,ifaringtonf9@plala.or.jp,Male,1994,Mazda,MX-6,Los Angeles,California,90087,US,33.7866,-118.2987,60652,"Jones, Yost and Wiza",04/25/2023
551,Junina,Clawson,jclawsonfa@hexun.com,Female,1984,Buick,Electra,Houston,Texas,77055,US,29.7971,-95.4958,69061,"Gusikowski, Grimes and White",08/19/2025
552,Anabel,Foli,afolifb@cbsnews.com,Female,1983,Mazda,RX-7,Hollywood,Florida,33023,US,25.9894,-80.2153,79087,Swaniawski-Oberbrunner,04/19/2023
553,Adrian,O'Loughane,aoloughanefc@goodreads.com,Female,2013,Lincoln,MKS,Killeen,Texas,76544,US,31.1282,-97.7469,41107,Pfannerstill and Sons,04/06/2024
554,Iorgo,Cowoppe,icowoppefd@forbes.com,Male,2004,Chevrolet,Suburban 2500,San Diego,California,92105,US,32.7423,-117.0947,44604,Dooley-McGlynn,02/24/2023
555,Paulita,Coultass,pcoultassfe@cyberchimps.com,Female,1993,Mercedes-Benz,500SEC,Grand Rapids,Michigan,49560,US,43.0314,-85.5503,84026,Cronin and Sons,06/10/2023
556,Cynthea,Filippucci,cfilippucciff@mashable.com,Female,1988,Ford,E-Series,Orlando,Florida,32803,US,28.5559,-81.3535,76738,Brekke Inc,02/03/2022
557,Arie,Latek,alatekfg@independent.co.uk,Male,2006,GMC,Yukon XL,Springfield,Illinois,62756,US,39.7495,-89.606,60367,"Flatley, Goodwin and Keebler",11/28/2023
558,Orsola,O'Keefe,ookeefefh@ftc.gov,Female,2011,Chevrolet,Equinox,Cleveland,Ohio,44197,US,41.6857,-81.6728,86785,"Satterfield, Hettinger and Medhurst",04/02/2022
559,Martica,Fumagalli,mfumagallifi@bloglines.com,Female,1967,Pontiac,Firebird,Peoria,Illinois,61605,US,40.6775,-89.6263,58908,"Koch, Aufderhar and Rath",07/21/2025
560,Garnette,Connell,gconnellfj@archive.org,Bigender,1987,Mitsubishi,Excel,Jacksonville,Florida,32215,US,30.2407,-81.893,43150,Ankunding Group,06/08/2024
561,Carolina,Matthieson,cmatthiesonfk@xing.com,Female,2001,Volvo,V70,Green Bay,Wisconsin,54313,US,44.5463,-88.1021,50030,Hills-Hessel,07/22/2024
562,Ronica,Fero,rferofl@boston.com,Female,2001,Infiniti,QX,Virginia Beach,Virginia,23459,US,36.9216,-76.0171,35205,"Hessel, Littel and Jacobi",10/02/2024
563,Galvin,Brimacombe,gbrimacombefm@sphinn.com,Male,2001,Lexus,RX,Mesa,Arizona,85210,US,33.3887,-111.8428,61438,"Auer, Swaniawski and Fritsch",03/08/2022
564,Rici,Treamayne,rtreamaynefn@weebly.com,Female,2009,Dodge,Challenger,Huntsville,Alabama,35805,US,34.7059,-86.6165,87688,Robel and Sons,09/05/2024
565,Abbe,Gadd,agaddfo@weibo.com,Male,1992,Mazda,Navajo,West Hartford,Connecticut,06127,US,41.7918,-72.7188,99785,Aufderhar Inc,12/26/2022
566,Justus,Dollard,jdollardfp@google.com,Male,2005,Chevrolet,Suburban 2500,Omaha,Nebraska,68164,US,41.2955,-96.1008,56447,"Parker, Lindgren and Feeney",12/06/2022
567,Noel,Djekic,ndjekicfq@scientificamerican.com,Female,2002,Mazda,B-Series Plus,Waterloo,Iowa,50706,US,42.4156,-92.2703,41202,Bernhard-Larkin,05/14/2024
568,Ofella,O'Doohaine,oodoohainefr@surveymonkey.com,Female,1989,Porsche,911,Albuquerque,New Mexico,87110,US,35.1104,-106.5781,30917,Hartmann Group,10/18/2022
569,Christan,Vaughn,cvaughnfs@amazon.co.jp,Non-binary,1999,Audi,A6,Madison,Wisconsin,53710,US,43.0696,-89.4239,79409,Funk-Thompson,12/09/2022
570,Elyse,Kordas,ekordasft@microsoft.com,Female,1986,Maserati,Quattroporte,Albuquerque,New Mexico,87190,US,35.0443,-106.6729,99559,Quigley-Miller,05/31/2025
571,Marchall,Daens,mdaensfu@simplemachines.org,Male,1993,Ford,Tempo,Youngstown,Ohio,44555,US,41.1039,-80.6436,53739,"Kub, Kiehn and Torp",02/12/2023
572,Marlin,Magne,mmagnefv@japanpost.jp,Male,1999,Suzuki,Esteem,Long Beach,California,90847,US,33.7866,-118.2987,42250,"Jones, Crooks and Fisher",08/10/2022
573,Craig,Jeduch,cjeduchfw@shinystat.com,Male,1986,Porsche,928,Birmingham,Alabama,35210,US,33.5452,-86.6655,42238,"Dooley, Dooley and Langworth",07/21/2022
574,Leicester,Sidden,lsiddenfx@businessinsider.com,Male,2003,Audi,A6,Johnson City,Tennessee,37605,US,36.3158,-82.3838,52866,Grant-Torphy,10/28/2024
575,Lew,Staggs,lstaggsfy@earthlink.net,Male,1998,Porsche,911,Boston,Massachusetts,02298,US,42.3823,-71.0323,88588,Little-Pagac,12/11/2025
576,Alvina,Vockings,avockingsfz@friendfeed.com,Female,2002,MINI,Cooper,San Antonio,Texas,78235,US,29.3494,-98.4422,79876,Doyle Inc,08/11/2025
577,Evelina,Fleischer,efleischerg0@netlog.com,Female,2006,Toyota,Camry,Oklahoma City,Oklahoma,73167,US,35.5514,-97.4075,85660,"Doyle, Stehr and Yundt",03/08/2022
578,Reynold,Blackmoor,rblackmoorg1@rakuten.co.jp,Male,1996,Kia,Sportage,Orange,California,92668,US,33.7867,-117.8742,73726,"O'Kon, Wolff and Johnson",01/16/2026
579,Eberhard,Mokes,emokesg2@columbia.edu,Male,2010,Jeep,Patriot,Houston,Texas,77085,US,29.6218,-95.4819,95839,"Wintheiser, Yost and Osinski",08/09/2022
580,Reidar,Markel,rmarkelg3@free.fr,Male,1988,Porsche,944,Stockton,California,95210,US,38.025,-121.2972,36491,Weissnat Group,11/04/2022
581,Maryellen,Bathersby,mbathersbyg4@cnbc.com,Female,2007,Mercedes-Benz,CL-Class,Fort Wayne,Indiana,46862,US,41.0938,-85.0707,86900,"Cummings, Lynch and Murphy",10/10/2022
582,Carroll,Storkes,cstorkesg5@desdev.cn,Bigender,1995,Land Rover,Range Rover,Lubbock,Texas,79405,US,33.571,-101.8507,55321,"Abbott, Block and O'Hara",10/27/2022
583,Eleen,Chalder,echalderg6@latimes.com,Female,2008,Ford,Explorer Sport Trac,New York City,New York,10004,US,40.6964,-74.0253,70824,Fahey-Pacocha,08/23/2025
584,Laura,Pickring,lpickringg7@fda.gov,Agender,2011,Mercedes-Benz,Sprinter,San Diego,California,92145,US,32.8891,-117.1005,57572,"Crist, Kreiger and Monahan",09/16/2024
585,Dorise,Goulstone,dgoulstoneg8@sciencedirect.com,Non-binary,2001,Daewoo,Nubira,San Francisco,California,94110,US,37.7509,-122.4153,81619,Dickens-Nader,05/11/2024
586,Sibbie,Gooday,sgoodayg9@blog.com,Female,2003,Honda,Odyssey,Los Angeles,California,90060,US,33.7866,-118.2987,98610,Buckridge-Welch,06/19/2025
587,Glynnis,Arend,garendga@last.fm,Female,1995,Mazda,RX-7,Los Angeles,California,90101,US,33.7866,-118.2987,52943,Hoppe Group,09/09/2023
588,Dickie,Whild,dwhildgb@imageshack.us,Male,1993,Mitsubishi,RVR,Augusta,Georgia,30919,US,33.386,-82.091,55168,"Cronin, McCullough and Spinka",01/21/2026
589,Koenraad,Consadine,kconsadinegc@hao123.com,Male,2002,Mitsubishi,Montero Sport,Houston,Texas,77095,US,29.8941,-95.6481,71880,Wunsch-Wintheiser,12/09/2022
590,Bealle,Climson,bclimsongd@dagondesign.com,Male,1986,Ford,EXP,Washington,District of Columbia,20436,US,38.8959,-77.0211,84220,Frami-Batz,03/30/2025
591,Nevile,Reams,nreamsge@seesaa.net,Male,1964,Pontiac,LeMans,Lexington,Kentucky,40505,US,38.0612,-84.4583,51696,Aufderhar-Schaefer,08/22/2025
592,Lucilia,Breddy,lbreddygf@smh.com.au,Female,2003,BMW,760,Alpharetta,Georgia,30022,US,34.0268,-84.2422,55469,Bauch-Davis,07/13/2022
593,Frederic,Headly,fheadlygg@tinypic.com,Male,2006,Nissan,Maxima,Denver,Colorado,80223,US,39.7002,-105.0028,37840,"Corwin, Johnson and Haag",10/04/2022
594,Zorina,Absolon,zabsolongh@unc.edu,Female,1995,GMC,3500 Club Coupe,Washington,District of Columbia,20436,US,38.8959,-77.0211,90387,Kovacek-Rogahn,05/20/2024
595,Norby,Wildgoose,nwildgoosegi@opensource.org,Male,2005,Audi,Allroad,Alexandria,Louisiana,71307,US,31.2034,-92.5269,69771,"Schaefer, Williamson and Schamberger",05/24/2022
596,Juditha,Spere,jsperegj@hugedomains.com,Female,1997,Ford,Explorer,Pittsburgh,Pennsylvania,15286,US,40.4344,-80.0248,42817,"Wunsch, Kiehn and Boyer",07/23/2024
597,Martie,Limpertz,mlimpertzgk@vk.com,Male,1989,Mercedes-Benz,W201,Santa Monica,California,90410,US,33.7866,-118.2987,50765,Harber-Kreiger,05/11/2022
598,Adair,Lumley,alumleygl@clickbank.net,Male,2006,Volvo,XC90,Washington,District of Columbia,20238,US,38.8933,-77.0146,51869,"Gerlach, Cummings and Runolfsson",01/09/2026
599,Agatha,Legonidec,alegonidecgm@theatlantic.com,Female,2002,Toyota,RAV4,Austin,Texas,78744,US,30.1876,-97.7472,74048,Rowe-Altenwerth,07/03/2024
600,Emanuel,Tireman,etiremangn@amazon.co.jp,Male,2005,Hyundai,Tiburon,Miami,Florida,33283,US,25.5584,-80.4582,30171,"Treutel, Parisian and Hammes",09/22/2025
601,Janelle,Linfield,jlinfieldgo@ycombinator.com,Female,1993,GMC,3500 Club Coupe,Dayton,Ohio,45408,US,39.7395,-84.229,32582,Zieme-Fadel,04/20/2024
602,Mari,Dawkes,mdawkesgp@miibeian.gov.cn,Female,1987,Ford,Mustang,Detroit,Michigan,48224,US,42.4098,-82.9441,57967,Bartoletti LLC,02/28/2024
603,Travers,Scotchmoor,tscotchmoorgq@hatena.ne.jp,Male,1994,Mitsubishi,3000GT,Plano,Texas,75074,US,33.0277,-96.6777,75592,"Wehner, Mertz and Murray",12/28/2022
604,Ange,Pitkin,apitkingr@cloudflare.com,Bigender,2012,Mazda,CX-9,Columbus,Georgia,31904,US,32.5161,-84.9785,60952,Stokes Inc,01/19/2024
605,Waylen,Wallwood,wwallwoodgs@tripadvisor.com,Male,2002,Suzuki,XL-7,Austin,Texas,78715,US,30.4501,-97.4865,84496,Thompson-Hoppe,08/31/2023
606,Ethel,Duinbleton,eduinbletongt@omniture.com,Female,2008,Mazda,Miata MX-5,Memphis,Tennessee,38150,US,35.2017,-89.9715,46887,Gerlach-Dach,08/04/2025
607,Orelee,Ottey,ootteygu@smugmug.com,Female,2009,Ford,E-Series,Pasadena,California,91109,US,33.7866,-118.2987,81422,"Shanahan, Krajcik and Wehner",07/19/2022
608,Leonie,Satford,lsatfordgv@clickbank.net,Female,1995,Oldsmobile,Silhouette,Tampa,Florida,33686,US,27.872,-82.4388,41157,Denesik-Stark,08/21/2024
609,Bernita,Capon,bcapongw@github.io,Female,2010,Saab,9-5,Santa Cruz,California,95064,US,36.9959,-122.0578,59532,Howell-Pacocha,10/01/2024
610,Poppy,Loftus,ploftusgx@hao123.com,Female,2009,Maserati,Quattroporte,Oakland,California,94627,US,37.6802,-121.9215,55387,Kshlerin and Sons,03/11/2022
611,Angel,Vane,avanegy@dailymotion.com,Genderfluid,2008,Volvo,XC90,Phoenix,Arizona,85015,US,33.5082,-112.1011,36424,"Gislason, Fadel and Beahan",09/16/2022
612,Bevan,Vinick,bvinickgz@woothemes.com,Male,2011,GMC,Yukon XL 1500,Sacramento,California,94291,US,38.3774,-121.4444,63821,"Kerluke, Fay and Jenkins",11/26/2025
613,Andrew,Sproule,asprouleh0@phoca.cz,Male,2008,Toyota,Prius,Kansas City,Missouri,64190,US,39.3432,-94.8516,75434,Beahan-Corwin,02/17/2024
614,Birgit,Tyers,btyersh1@dot.gov,Female,1986,Lincoln,Continental Mark VII,Washington,District of Columbia,20078,US,38.8933,-77.0146,68574,"Heller, Gleason and Harris",01/10/2023
615,Constantine,Titcumb,ctitcumbh2@weebly.com,Male,1984,Lincoln,Mark VII,Fredericksburg,Virginia,22405,US,38.3365,-77.4366,71242,Bosco Group,03/29/2024
616,Paule,Gianni,pgiannih3@hc360.com,Female,2005,Volkswagen,Phaeton,Newton,Massachusetts,02162,US,42.3319,-71.254,86763,"Johns, Brekke and Zboncak",04/13/2023
617,Dayna,Kellaway,dkellawayh4@google.co.jp,Female,2009,Volkswagen,Passat,Bronx,New York,10459,US,40.8247,-73.894,98512,"Nolan, Davis and Little",08/28/2023
618,Lucille,Weadick,lweadickh5@dedecms.com,Female,2008,BMW,Z4,Boston,Massachusetts,02216,US,42.3389,-70.9196,64328,Terry LLC,05/11/2023
619,Melanie,Erangey,merangeyh6@google.it,Female,1992,Lexus,LS,Tampa,Florida,33680,US,27.872,-82.4388,62039,Donnelly LLC,12/11/2022
620,Stearne,Fries,sfriesh7@nymag.com,Male,1995,Chrysler,LHS,Cleveland,Ohio,44197,US,41.6857,-81.6728,75692,Mosciski-Fay,06/23/2022
621,Herbie,Deveral,hdeveralh8@sphinn.com,Male,2005,Suzuki,Daewoo Magnus,New Orleans,Louisiana,70124,US,30.0071,-90.1094,76687,Jones LLC,01/10/2026
622,Denni,Cotton,dcottonh9@apache.org,Female,2009,Dodge,Grand Caravan,Silver Spring,Maryland,20910,US,38.9982,-77.0338,87757,"Collins, Beatty and Howell",05/23/2022
623,Sydel,Benallack,sbenallackha@purevolume.com,Female,1989,Buick,Estate,Winter Haven,Florida,33884,US,27.981,-81.6736,40242,Parisian Inc,10/27/2024
624,Costa,Cestard,ccestardhb@earthlink.net,Male,2010,Volvo,C70,Newark,Delaware,19714,US,39.5645,-75.597,87452,Herzog-Conroy,10/04/2024
625,Stace,Goodrich,sgoodrichhc@i2i.jp,Female,1985,Ford,E-Series,Winston Salem,North Carolina,27116,US,36.0275,-80.2073,71438,"Koepp, Schowalter and Murphy",12/02/2022
626,Teddy,Zmitruk,tzmitrukhd@spotify.com,Agender,2008,Isuzu,i-370,Peoria,Illinois,61629,US,40.692,-89.5887,91187,Streich-Hintz,06/17/2022
627,Lesli,Peploe,lpeploehe@icio.us,Female,1991,Ford,Probe,Reno,Nevada,89505,US,39.5224,-119.8353,40366,Brown and Sons,01/02/2023
628,Darn,Voller,dvollerhf@rakuten.co.jp,Male,1998,GMC,3500 Club Coupe,Houston,Texas,77240,US,29.834,-95.4342,85808,Batz-Cormier,07/26/2022
629,Joellyn,Dimsdale,jdimsdalehg@google.nl,Female,2009,Honda,Fit,Boston,Massachusetts,02124,US,42.2868,-71.071,61745,"Glover, Hansen and Pollich",12/11/2023
630,Victoir,Le Marquand,vlemarquandhh@sun.com,Male,2012,MINI,Cooper,Schenectady,New York,12305,US,42.8161,-73.9398,79060,Connelly-Predovic,10/11/2023
631,Thane,Ralston,tralstonhi@gmpg.org,Male,1998,Acura,Integra,Boca Raton,Florida,33499,US,26.6459,-80.4303,59335,Hickle and Sons,07/09/2024
632,Shaylah,Staneland,sstanelandhj@bloomberg.com,Female,1993,Dodge,Ram Van B350,Boston,Massachusetts,02104,US,42.3389,-70.9196,51970,"Hessel, Rutherford and Kohler",04/17/2024
633,Damara,Dewis,ddewishk@ucsd.edu,Female,1997,Pontiac,Grand Am,Van Nuys,California,91406,US,34.2006,-118.4868,86111,Prohaska Group,07/27/2024
634,Craig,Gervaise,cgervaisehl@independent.co.uk,Male,2011,Honda,Fit,Henderson,Nevada,89074,US,36.0384,-115.0857,72564,"Wilderman, Brown and Boyer",04/09/2025
635,Silva,Bouskill,sbouskillhm@europa.eu,Female,1986,Ford,Ranger,Baltimore,Maryland,21282,US,39.439,-76.5921,60554,"Olson, Denesik and Streich",05/11/2022
636,Nil,Morby,nmorbyhn@com.com,Male,2003,Volkswagen,Touareg,Young America,Minnesota,55564,US,44.8055,-93.7665,77199,Heller Group,07/03/2025
637,Amie,McInnerny,amcinnernyho@cbsnews.com,Female,1998,Chevrolet,Express 3500,Huntsville,Texas,77343,US,30.7813,-95.5953,73847,"Hegmann, Grady and Labadie",05/01/2024
638,Herrick,Tollfree,htollfreehp@kickstarter.com,Male,2004,Suzuki,Forenza,Long Beach,California,90840,US,33.7843,-118.1157,56092,Gutkowski LLC,10/24/2023
639,Helen-elizabeth,Damsell,hdamsellhq@blog.com,Polygender,1994,Audi,100,Peoria,Illinois,61635,US,40.7442,-89.7184,64291,Konopelski-Mills,08/14/2025
640,Payton,Erickson,pericksonhr@people.com.cn,Non-binary,1986,Audi,5000S,Riverside,California,92513,US,33.7529,-116.0556,83803,Senger-Trantow,04/02/2022
641,Hadley,Keoghan,hkeoghanhs@chron.com,Male,2004,Lotus,Elise,Midland,Michigan,48670,US,43.6375,-84.2568,78751,Ernser-Kozey,09/21/2024
642,Britt,Synke,bsynkeht@soup.io,Female,1993,Toyota,Camry,Baton Rouge,Louisiana,70883,US,30.5159,-91.0804,84934,"Schoen, Berge and Nikolaus",02/10/2025
643,Curtice,McCurry,cmccurryhu@mayoclinic.com,Male,1987,Mitsubishi,Chariot,Los Angeles,California,90189,US,34.0515,-118.2559,64437,Botsford Group,07/20/2022
644,Jeannine,McMurrugh,jmcmurrughhv@home.pl,Female,2013,Audi,S4,Columbia,South Carolina,29240,US,34.006,-80.9708,95320,"Graham, Morar and Kub",10/18/2022
645,Alex,Royds,aroydshw@topsy.com,Male,2009,Cadillac,STS,Schenectady,New York,12325,US,42.8333,-74.058,71718,Casper Group,11/08/2025
646,Bryn,Chartre,bchartrehx@phoca.cz,Female,2001,Lotus,Esprit,Lubbock,Texas,79415,US,33.6021,-101.876,77394,Kautzer LLC,02/13/2025
647,Vivianna,Blissitt,vblissitthy@php.net,Female,1992,Dodge,D150 Club,Modesto,California,95397,US,37.6566,-121.0191,63551,Predovic Group,05/06/2024
648,Winona,Oluwatoyin,woluwatoyinhz@edublogs.org,Female,2009,Volvo,C30,Saint Paul,Minnesota,55108,US,44.9806,-93.1771,42946,Streich-Predovic,08/29/2024
649,Hannah,Kerss,hkerssi0@wired.com,Female,2006,Buick,LaCrosse,Columbus,Mississippi,39705,US,33.5508,-88.4865,49048,Prohaska-Thiel,09/09/2024
650,Leia,Domek,ldomeki1@pagesperso-orange.fr,Female,1994,Lotus,Elan,Everett,Washington,98206,US,47.8599,-122.2848,92345,"Gibson, Denesik and Prohaska",08/31/2025
651,Cristal,Loiterton,cloitertoni2@wp.com,Genderfluid,2005,Dodge,Ram 1500,Portland,Oregon,97211,US,45.5653,-122.6448,35144,Walter Group,03/09/2023
652,Kippar,Klulisek,kkluliseki3@hugedomains.com,Male,2010,Nissan,Maxima,Gainesville,Florida,32605,US,29.6785,-82.3679,76033,"Reichel, Grant and Will",01/31/2025
653,Elton,Vergine,everginei4@jimdo.com,Male,1999,Volvo,S80,Bakersfield,California,93399,US,35.4369,-119.0679,67943,Beahan-Bernhard,12/24/2024
654,Sammy,Loding,slodingi5@nyu.edu,Male,2005,Suzuki,Forenza,San Francisco,California,94154,US,37.7848,-122.7278,69398,Maggio-Beer,08/05/2024
655,Miriam,Gricewood,mgricewoodi6@blogtalkradio.com,Female,2007,Lamborghini,Murciélago,Palm Bay,Florida,32909,US,27.9694,-80.6473,49002,Spencer-Cormier,03/16/2023
656,Atlante,Tomczykowski,atomczykowskii7@icq.com,Female,2010,Saab,9-3,Dayton,Ohio,45426,US,39.7982,-84.3211,91534,"Spinka, Adams and Lueilwitz",11/18/2023
657,Tabby,Riccioppo,triccioppoi8@amazon.co.uk,Female,2007,GMC,Sierra 2500,Amarillo,Texas,79165,US,35.4015,-101.8951,89297,Heidenreich-Farrell,12/09/2022
658,Ninnette,Hurdle,nhurdlei9@google.com.hk,Agender,2000,Mercury,Cougar,Phoenix,Arizona,85099,US,33.2765,-112.1872,96958,Conn Group,08/26/2022
659,Ethan,Vowden,evowdenia@shutterfly.com,Male,2005,Pontiac,G6,Erie,Pennsylvania,16522,US,42.1827,-80.0649,46237,"Johns, Hamill and Cummerata",02/15/2022
660,Amalia,Vedyasov,avedyasovib@com.com,Female,2004,Volkswagen,GTI,Washington,District of Columbia,20392,US,38.8933,-77.0146,47775,Kunze-Morissette,10/05/2024
661,Terri-jo,Obbard,tobbardic@constantcontact.com,Female,2010,Lexus,IS-F,Austin,Texas,78703,US,30.2907,-97.7648,58620,Hartmann Group,01/12/2024
662,Hayyim,Livett,hlivettid@adobe.com,Male,2009,Acura,RDX,Montgomery,Alabama,36109,US,32.3834,-86.2434,68952,"Boyer, Wiegand and Maggio",11/18/2024
663,Avictor,Laboune,alabouneie@pcworld.com,Male,1993,Isuzu,Rodeo,Sioux City,Iowa,51105,US,42.5032,-96.3829,62778,Toy LLC,02/21/2022
664,Micheal,Ridhole,mridholeif@symantec.com,Male,1996,Chevrolet,S10,Salt Lake City,Utah,84140,US,40.7713,-111.9309,51812,Homenick Group,09/07/2024
665,Barnie,Derham,bderhamig@businessinsider.com,Male,2005,Mazda,Miata MX-5,Little Rock,Arkansas,72215,US,34.7519,-92.3925,43878,Bergstrom-Gutkowski,03/03/2024
666,Ely,Tompkin,etompkinih@fastcompany.com,Male,2010,Jeep,Compass,Corpus Christi,Texas,78415,US,27.7262,-97.4078,87514,"Lakin, Cummerata and Heaney",05/04/2024
667,Kanya,Hanse,khanseii@desdev.cn,Female,1996,Mercury,Villager,Biloxi,Mississippi,39534,US,30.4067,-88.9211,95261,Ratke-Altenwerth,01/23/2023
668,Jessee,Rothon,jrothonij@ibm.com,Male,2011,Lexus,IS,Whittier,California,90605,US,33.9413,-118.0356,54636,Wiza Group,10/29/2023
669,Davide,Andrews,dandrewsik@mashable.com,Male,2001,Pontiac,Montana,Monticello,Minnesota,55565,US,45.2009,-93.8881,74941,Goldner and Sons,06/29/2025
670,Durante,Dood,ddoodil@google.de,Male,1970,Ford,Mustang,Salem,Oregon,97312,US,44.9364,-123.0381,94091,Grady Inc,04/18/2024
671,Margaretta,Vellden,mvelldenim@friendfeed.com,Female,1992,Buick,Roadmaster,Watertown,Massachusetts,02472,US,42.37,-71.1773,44070,Abernathy and Sons,01/10/2025
672,Yulma,California,ycaliforniain@ftc.gov,Male,2004,Cadillac,XLR,Myrtle Beach,South Carolina,29579,US,33.7377,-78.9787,31760,"Gibson, Abernathy and Torphy",05/19/2022
673,Bliss,Millard,bmillardio@chicagotribune.com,Female,1996,Audi,A4,Bonita Springs,Florida,34135,US,26.3771,-81.7334,97783,Nader-Reynolds,12/08/2025
674,Garvin,Standingford,gstandingfordip@nba.com,Male,2011,Audi,TT,Lafayette,Louisiana,70505,US,30.2023,-92.0188,83393,Koepp-Pfannerstill,04/20/2024
675,Cynthea,Prene,cpreneiq@hostgator.com,Female,2002,Volvo,V40,Iowa City,Iowa,52245,US,41.6649,-91.5151,34067,"Brakus, Gottlieb and Tillman",11/27/2024
676,Hoebart,Petran,hpetranir@blogs.com,Male,2006,Aston Martin,DB9,El Paso,Texas,79934,US,31.9386,-106.4073,73397,"Greenfelder, Gibson and Runolfsdottir",10/23/2025
677,Ignazio,Drummer,idrummeris@microsoft.com,Male,2011,Acura,ZDX,Houston,Texas,77228,US,29.834,-95.4342,51086,"Stark, Becker and Heathcote",08/28/2022
678,Barnett,Gorger,bgorgerit@bbc.co.uk,Male,1995,Ford,Windstar,Wichita,Kansas,67210,US,37.6379,-97.2613,59019,"Roberts, Bins and Abbott",05/04/2025
679,Ailsun,Cufflin,acuffliniu@uol.com.br,Female,1993,Mercury,Capri,El Paso,Texas,79934,US,31.9386,-106.4073,62954,White-Boyer,03/04/2023
680,Rena,McCrudden,rmccruddeniv@usda.gov,Female,1996,Jaguar,XJ Series,Bridgeport,Connecticut,06673,US,41.3089,-73.3637,46283,"Doyle, Cormier and Cremin",01/22/2026
681,Thurston,Kennagh,tkennaghiw@sina.com.cn,Male,1990,Mitsubishi,Precis,Corpus Christi,Texas,78415,US,27.7262,-97.4078,62346,"Bahringer, Stokes and Waelchi",04/23/2023
682,Dale,Giblett,dgiblettix@mtv.com,Female,1994,Ford,Mustang,Corona,California,92878,US,33.7529,-116.0556,48749,Nader-Sipes,06/09/2023
683,Harrison,Weatherall,hweatheralliy@amazon.co.jp,Male,2007,Hummer,H2,Sacramento,California,94286,US,38.3774,-121.4444,44580,Hilll LLC,11/03/2024
684,Fleming,Ailsbury,failsburyiz@buzzfeed.com,Male,1997,Toyota,4Runner,Tucson,Arizona,85705,US,32.2691,-110.9845,61612,King-Jacobs,09/22/2024
685,Jacob,Alexandre,jalexandrej0@etsy.com,Male,2005,Mercedes-Benz,CLK-Class,Kansas City,Missouri,64179,US,39.035,-94.3567,74212,Roob Inc,12/16/2025
686,Micaela,Furze,mfurzej1@china.com.cn,Female,1992,Volkswagen,Golf,Clearwater,Florida,34620,US,27.9139,-82.7157,75891,"Hackett, Littel and Sauer",03/06/2024
687,Nollie,Farmer,nfarmerj2@pcworld.com,Male,2010,Mazda,MX-5,Saint Louis,Missouri,63110,US,38.6185,-90.2564,91000,"Connelly, McGlynn and Hagenes",02/21/2023
688,Elisha,Freeborne,efreebornej3@ning.com,Male,2008,GMC,Envoy,Reston,Virginia,22096,US,38.8318,-77.2888,96382,"Fisher, Willms and Jones",04/02/2022
689,Susi,Guymer,sguymerj4@parallels.com,Female,1994,Nissan,Pathfinder,Washington,District of Columbia,20575,US,38.8933,-77.0146,31746,"Nitzsche, Champlin and Hintz",07/18/2022
690,Seward,O'Hagerty,sohagertyj5@state.gov,Male,2011,Ford,Explorer,Little Rock,Arkansas,72215,US,34.7519,-92.3925,79681,Walsh-Gerlach,11/27/2025
691,Natalie,Steffans,nsteffansj6@squidoo.com,Female,1993,Acura,Legend,Phoenix,Arizona,85005,US,33.2765,-112.1872,46391,Christiansen-Bergstrom,09/01/2022
692,Paula,Tees,pteesj7@sina.com.cn,Bigender,2009,Mercedes-Benz,SL-Class,Fargo,North Dakota,58122,US,46.9346,-97.2297,64723,Bashirian-Herman,11/09/2024
693,Elenore,Verrall,everrallj8@ebay.com,Female,2004,Maserati,Spyder,Philadelphia,Pennsylvania,19196,US,40.0018,-75.1179,43360,"Wuckert, Treutel and Sporer",12/19/2025
694,Prissie,Catherick,pcatherickj9@comcast.net,Female,1986,Ford,Laser,Northridge,California,91328,US,33.7866,-118.2987,44205,Kuhn Inc,01/26/2024
695,Ewell,Pilgrim,epilgrimja@globo.com,Male,2011,GMC,Savana 3500,Salt Lake City,Utah,84140,US,40.7713,-111.9309,86246,Aufderhar Group,01/31/2025
696,Claybourne,Eates,ceatesjb@comcast.net,Male,2001,GMC,Savana 3500,Fargo,North Dakota,58106,US,46.9346,-97.2297,47526,Kutch-Boehm,09/06/2022
697,Angelita,Bewlie,abewliejc@forbes.com,Female,2010,Lexus,HS,San Francisco,California,94147,US,37.7848,-122.7278,67084,Mueller-Marks,11/26/2024
698,Malvina,Cussons,mcussonsjd@washington.edu,Female,2000,Ford,Contour,San Diego,California,92176,US,33.0169,-116.846,62399,Ullrich Inc,08/01/2024
699,Herold,McCrow,hmccrowje@reference.com,Male,1974,Citroën,CX,Austin,Texas,78749,US,30.2166,-97.8508,71679,Turcotte Group,12/08/2022
700,Tersina,Kalinke,tkalinkejf@cloudflare.com,Female,2006,Chrysler,Crossfire Roadster,Des Moines,Iowa,50330,US,41.6727,-93.5722,31160,"Lynch, Bosco and Krajcik",07/18/2025
701,Falkner,Bouette,fbouettejg@1und1.de,Male,1983,Honda,Accord,Tucson,Arizona,85725,US,31.9701,-111.8907,85562,Ernser Inc,11/10/2022
702,Everard,Shuxsmith,eshuxsmithjh@meetup.com,Male,2010,Toyota,Camry,Delray Beach,Florida,33448,US,26.6459,-80.4303,82866,Feeney and Sons,01/23/2025
703,Jens,Raden,jradenji@mtv.com,Male,1986,Pontiac,Bonneville,San Antonio,Texas,78265,US,29.4375,-98.4616,32075,"Howe, Osinski and Mills",01/07/2023
704,Wallis,Kabsch,wkabschjj@lycos.com,Female,1987,Audi,5000S,Denver,Colorado,80217,US,39.7388,-104.4083,57841,"Kuhic, Keeling and Stark",12/11/2022
705,Kira,Renfield,krenfieldjk@chron.com,Female,2010,Chevrolet,Cobalt,Augusta,Georgia,30911,US,33.386,-82.091,74857,Hermiston-Feil,02/23/2024
706,Artemus,Niess,aniessjl@feedburner.com,Male,2002,Mazda,Protege5,Mobile,Alabama,36670,US,30.6589,-88.178,43427,Fritsch-Towne,12/15/2023
707,Randie,Weems,rweemsjm@artisteer.com,Female,2008,Mazda,CX-7,Springfield,Illinois,62723,US,39.7495,-89.606,64882,Grimes-Harris,08/14/2025
708,Nikoletta,Meechan,nmeechanjn@nps.gov,Female,1968,Dodge,Charger,Austin,Texas,78732,US,30.3752,-97.9007,66987,O'Conner-Beier,03/20/2024
709,Kris,Braban,kbrabanjo@aboutads.info,Female,1995,Toyota,Tacoma,Salt Lake City,Utah,84199,US,40.7259,-111.9394,47226,Stehr Inc,11/18/2024
710,Cacilia,Mullinger,cmullingerjp@wp.com,Female,1997,Acura,RL,Madison,Wisconsin,53710,US,43.0696,-89.4239,51993,"Heathcote, Hills and Bode",09/06/2022
711,Alfonso,Konrad,akonradjq@typepad.com,Male,1984,Mercedes-Benz,W201,Trenton,New Jersey,08695,US,40.2805,-74.712,93933,Hansen-Murphy,04/09/2023
712,Keefe,Kempe,kkempejr@jugem.jp,Male,2007,Maybach,62,Jackson,Mississippi,39204,US,32.2832,-90.2306,89723,Dare-Ward,04/21/2023
713,Mariann,Lockney,mlockneyjs@photobucket.com,Female,1995,BMW,3 Series,Palatine,Illinois,60078,US,41.8119,-87.6873,45363,Hickle-Yundt,08/19/2023
714,Ber,Stiffell,bstiffelljt@globo.com,Polygender,1995,Pontiac,Bonneville,Lancaster,California,93584,US,33.7866,-118.2987,86904,Rohan LLC,05/05/2025
715,Clare,Deave,cdeaveju@acquirethisname.com,Male,2008,Mitsubishi,Outlander,Fort Worth,Texas,76110,US,32.7065,-97.3375,35817,"Hirthe, Kertzmann and White",04/14/2024
716,Anabella,Slatcher,aslatcherjv@squarespace.com,Female,2013,Lexus,GS,Columbus,Ohio,43210,US,40.0028,-83.0164,83862,"Weissnat, D'Amore and Hickle",11/30/2022
717,Darcey,Kalinke,dkalinkejw@t-online.de,Female,1999,Chevrolet,2500,Pittsburgh,Pennsylvania,15286,US,40.4344,-80.0248,84052,Beier-Carroll,03/14/2022
718,Pearle,Varley,pvarleyjx@bbb.org,Bigender,2010,Ford,E250,Montgomery,Alabama,36109,US,32.3834,-86.2434,83929,Block Group,11/29/2023
719,Binny,Wabersinke,bwabersinkejy@cam.ac.uk,Female,2009,Chrysler,Town & Country,Richmond,Virginia,23293,US,37.5242,-77.4932,60396,Smith Inc,11/03/2025
720,Sydelle,O' Mahony,somahonyjz@engadget.com,Female,1991,Buick,LeSabre,Odessa,Texas,79769,US,31.7466,-102.567,67053,"Abernathy, Kemmer and Ortiz",06/21/2023
721,Meggie,Humble,mhumblek0@de.vu,Female,2008,GMC,Envoy,Oklahoma City,Oklahoma,73167,US,35.5514,-97.4075,43179,Wehner-Deckow,03/05/2023
722,Jobi,Clayworth,jclayworthk1@aol.com,Female,1998,Subaru,Forester,Springfield,Illinois,62794,US,39.7495,-89.606,74283,Wunsch-Mills,01/28/2026
723,Rickey,Sayse,rsaysek2@delicious.com,Male,1996,Mazda,Miata MX-5,Philadelphia,Pennsylvania,19184,US,40.0018,-75.1179,31578,"Schneider, Boyer and Schaefer",04/16/2024
724,Eyde,Stowe,estowek3@upenn.edu,Genderfluid,1993,Dodge,Ram Van B350,Dayton,Ohio,45408,US,39.7395,-84.229,58278,Donnelly-Schulist,11/08/2022
725,Jonah,Follos,jfollosk4@boston.com,Male,2002,Ford,Thunderbird,Grand Rapids,Michigan,49505,US,43.012,-85.6309,95239,"Berge, Skiles and Rath",04/21/2025
726,Guillemette,Ambrosetti,gambrosettik5@home.pl,Female,2010,Jeep,Commander,Clearwater,Florida,33763,US,28.0173,-82.7461,71772,Green LLC,04/18/2025
727,Karel,Champley,kchampleyk6@freewebs.com,Female,1987,Mitsubishi,Excel,Akron,Ohio,44305,US,41.076,-81.4644,76550,Jenkins-Hudson,11/06/2025
728,Ki,Boichat,kboichatk7@t.co,Female,1992,Land Rover,Range Rover,San Francisco,California,94126,US,37.7848,-122.7278,41483,Roberts-Howell,02/07/2025
729,Herb,Sibley,hsibleyk8@github.io,Male,2001,Mitsubishi,Pajero,Las Vegas,Nevada,89145,US,36.1693,-115.2828,62069,"Mann, Lubowitz and Roob",02/18/2022
730,Fanchette,Jarrad,fjarradk9@geocities.com,Female,2009,Lexus,RX,Richmond,Virginia,23228,US,37.625,-77.4959,60962,Anderson Inc,09/21/2024
731,Sander,Farens,sfarenska@theguardian.com,Male,1998,Toyota,4Runner,Atlanta,Georgia,30351,US,33.8444,-84.474,42733,Vandervort-Hamill,12/18/2025
732,Keeley,Willers,kwillerskb@cloudflare.com,Female,2004,Kia,Sedona,Denver,Colorado,80228,US,39.6888,-105.156,78201,Mraz-Harber,11/02/2022
733,Spike,Will,swillkc@slideshare.net,Male,2001,Chrysler,Sebring,Largo,Florida,33777,US,27.8546,-82.7545,89741,"Denesik, Larson and Bartoletti",01/09/2024
734,Garrett,Dane,gdanekd@simplemachines.org,Male,1995,Pontiac,Grand Prix,Louisville,Kentucky,40287,US,38.189,-85.6768,59206,Reynolds LLC,08/16/2024
735,Kathi,Saintpierre,ksaintpierreke@globo.com,Genderfluid,2006,Volkswagen,Jetta,Pittsburgh,Pennsylvania,15215,US,40.5048,-79.9138,49494,Mertz and Sons,08/20/2023
736,Devland,Le Barr,dlebarrkf@unc.edu,Agender,1998,Chevrolet,3500,Oklahoma City,Oklahoma,73129,US,35.4312,-97.4913,99241,"Lynch, Gutmann and King",05/02/2024
737,Flemming,Chismon,fchismonkg@nba.com,Male,2008,Bentley,Continental GTC,Olympia,Washington,98516,US,47.1126,-122.7794,75794,Dietrich and Sons,06/01/2022
738,Berne,Harrad,bharradkh@blogtalkradio.com,Male,2007,Mazda,RX-8,Boston,Massachusetts,02203,US,42.3615,-71.0604,84191,"Balistreri, Predovic and Hegmann",09/05/2025
739,Ugo,Jiles,ujileski@prlog.org,Male,1997,Mercedes-Benz,S-Class,Atlanta,Georgia,30316,US,33.7217,-84.3339,40668,"Ebert, Gerhold and Ritchie",01/25/2026
740,Salaidh,Asmus,sasmuskj@patch.com,Female,1990,Mercedes-Benz,E-Class,Chandler,Arizona,85246,US,33.2765,-112.1872,94101,"Anderson, Bailey and Hodkiewicz",04/06/2024
741,Roxanne,Axcel,raxcelkk@bandcamp.com,Female,1992,Chevrolet,Corvette,Richmond,California,94807,US,37.7772,-121.9554,86891,Champlin Inc,05/20/2024
742,Kris,Boom,kboomkl@gov.uk,Male,2000,Lincoln,Town Car,Los Angeles,California,90040,US,33.9909,-118.1532,54615,Farrell-Hagenes,05/10/2025
743,May,Pellew,mpellewkm@princeton.edu,Female,1997,Ford,Ranger,Hollywood,Florida,33023,US,25.9894,-80.2153,46567,Ritchie Group,02/24/2022
744,Birdie,Pealing,bpealingkn@jigsy.com,Female,2013,Lexus,LX,Milwaukee,Wisconsin,53205,US,43.0528,-87.9353,35610,"Rath, Green and Mohr",04/23/2023
745,Travis,Toogood,ttoogoodko@ucoz.ru,Male,2007,Chevrolet,Express 3500,Gary,Indiana,46406,US,41.5878,-87.4062,82619,Carroll and Sons,09/16/2022
746,Hilda,Dumbleton,hdumbletonkp@aol.com,Female,2006,Mercury,Mariner,Akron,Ohio,44329,US,41.0655,-81.5203,55138,Rippin and Sons,09/01/2022
747,Reta,Riddler,rriddlerkq@nasa.gov,Female,1999,Daewoo,Nubira,Orlando,Florida,32885,US,28.5456,-81.3782,38898,"Corwin, Fritsch and Gerlach",05/27/2022
748,Arnaldo,Epsley,aepsleykr@cbsnews.com,Male,1996,Chrysler,Cirrus,Lake Worth,Florida,33467,US,26.6104,-80.1683,99239,Vandervort Group,03/28/2024
749,Billy,Este,besteks@etsy.com,Female,2006,Toyota,Prius,Saint Louis,Missouri,63167,US,38.6383,-90.4271,86366,"Langworth, Towne and Larkin",02/19/2023
750,Engracia,Ketchell,eketchellkt@blinklist.com,Bigender,2005,Land Rover,Discovery,Tampa,Florida,33615,US,28.0081,-82.5805,99496,Marks-Satterfield,03/02/2024
751,Abel,Slee,asleeku@wikispaces.com,Male,2003,Dodge,Stratus,Boise,Idaho,83705,US,43.5851,-116.2191,82417,Weissnat-Boehm,11/14/2024
752,Shellysheldon,Tryhorn,stryhornkv@4shared.com,Male,1985,Pontiac,Firebird,Buffalo,New York,14215,US,42.9335,-78.8115,48910,"Hills, Bashirian and Schmeler",11/06/2024
753,Candide,Pridie,cpridiekw@ow.ly,Female,1997,Mazda,B-Series,Boston,Massachusetts,02109,US,42.36,-71.0545,78605,McCullough-Becker,11/27/2024
754,Scottie,McCarty,smccartykx@foxnews.com,Male,2008,Volvo,XC90,Warren,Michigan,48092,US,42.5125,-83.0643,35751,"Marquardt, Considine and Turcotte",12/26/2023
755,Renelle,Saiz,rsaizky@arizona.edu,Female,2012,GMC,Sierra 1500,Little Rock,Arkansas,72204,US,34.7269,-92.344,48388,"Larkin, Conroy and McDermott",02/23/2023
756,Loria,Abramamov,labramamovkz@jigsy.com,Female,2011,Kia,Optima,Frederick,Maryland,21705,US,39.47,-77.3921,76376,Ward LLC,04/29/2022
757,Jackie,Claiton,jclaitonl0@hibu.com,Male,1988,Subaru,Leone,Huntington,West Virginia,25770,US,38.4134,-82.2774,39121,Fahey-Shields,06/22/2024
758,Carmencita,Yetton,cyettonl1@columbia.edu,Female,1987,Audi,4000CS Quattro,Corpus Christi,Texas,78426,US,27.777,-97.4632,63560,"Prohaska, Orn and Sipes",11/08/2023
759,Ibrahim,Foulis,ifoulisl2@macromedia.com,Male,1985,Honda,Accord,Miami,Florida,33129,US,25.7559,-80.2013,84109,"Sauer, Schumm and Sawayn",08/29/2023
760,Brenna,St Ledger,bstledgerl3@paginegialle.it,Female,1998,Pontiac,Sunfire,Chicago,Illinois,60641,US,41.9453,-87.7474,49293,Schroeder-Kub,04/12/2023
761,Chickie,Van Velden,cvanveldenl4@geocities.jp,Male,2003,Suzuki,XL-7,Austin,Texas,78778,US,30.3264,-97.7713,47492,"Torphy, Hermiston and Kulas",03/31/2024
762,Danny,Kleinstein,dkleinsteinl5@posterous.com,Male,1993,Cadillac,Sixty Special,Pompano Beach,Florida,33075,US,26.1457,-80.4483,45868,Bode LLC,05/06/2024
763,Heath,Toller,htollerl6@hhs.gov,Female,2001,Plymouth,Neon,Sacramento,California,94263,US,38.3774,-121.4444,97229,Jones Group,10/29/2025
764,Jonell,Smythin,jsmythinl7@theglobeandmail.com,Female,2008,Porsche,Cayenne,Staten Island,New York,10310,US,40.6324,-74.1172,36091,Rosenbaum and Sons,02/19/2023
765,Elspeth,Pelcheur,epelcheurl8@youtu.be,Female,2001,Saab,9-3,Reno,Nevada,89510,US,39.7699,-119.6027,63825,DuBuque-Olson,06/18/2025
766,Graeme,Hugle,ghuglel9@fotki.com,Male,1987,Mercury,Grand Marquis,Gainesville,Florida,32610,US,29.6813,-82.3539,96458,"Kub, McLaughlin and Schinner",04/10/2023
767,Worth,Cicccitti,wcicccittila@reference.com,Male,2010,Dodge,Challenger,Minneapolis,Minnesota,55480,US,45.0159,-93.4719,51925,Quitzon Inc,05/11/2024
768,Killy,Pietrowicz,kpietrowiczlb@prnewswire.com,Male,1996,Dodge,Dakota,Reading,Pennsylvania,19610,US,40.338,-75.978,90085,"Anderson, Moore and Kerluke",12/13/2025
769,Carolus,Archard,carchardlc@dell.com,Male,1992,Chevrolet,Sportvan G10,Charlotte,North Carolina,28284,US,35.26,-80.8042,74091,Connelly-Ebert,10/08/2025
770,Dov,Dowry,ddowryld@fc2.com,Male,1985,Pontiac,6000,Brooklyn,New York,11241,US,40.6451,-73.945,42224,Pfannerstill Inc,11/30/2023
771,Huberto,Thickin,hthickinle@digg.com,Male,2009,Ford,E-Series,Birmingham,Alabama,35244,US,33.3538,-86.8254,34793,Bode and Sons,01/25/2026
772,Obidiah,McGuffog,omcguffoglf@nhs.uk,Male,1995,Buick,Regal,Washington,District of Columbia,20580,US,38.8933,-77.0146,44952,Sipes LLC,11/10/2025
773,Mariquilla,Ilive,milivelg@cyberchimps.com,Female,1994,Suzuki,SJ,Jacksonville,Florida,32230,US,30.3449,-81.6831,60140,Lakin-Leannon,05/26/2022
774,Paule,Sangwine,psangwinelh@loc.gov,Female,1998,Land Rover,Discovery,Roanoke,Virginia,24004,US,37.2742,-79.9579,37765,Dietrich-Purdy,06/21/2025
775,Chevalier,Odde,coddeli@ox.ac.uk,Male,1996,Ford,Econoline E350,Anchorage,Alaska,99512,US,61.204,-149.8084,38249,"Schiller, Kerluke and Shields",01/13/2023
776,Rolando,Portis,rportislj@nifty.com,Male,2011,Chevrolet,Suburban,Albany,New York,12227,US,42.6149,-73.9708,56517,Cremin-McLaughlin,01/20/2024
777,Noelle,Laxon,nlaxonlk@qq.com,Female,1997,Mazda,Protege,Duluth,Georgia,30096,US,33.9845,-84.1529,34508,Schinner LLC,12/06/2022
778,Desiree,Pennino,dpenninoll@netscape.com,Female,2002,Hummer,H1,Columbus,Mississippi,39705,US,33.5508,-88.4865,92430,"Howell, Sporer and Yundt",01/10/2025
779,Robbert,Boundy,rboundylm@altervista.org,Male,2004,BMW,545,Lawrenceville,Georgia,30245,US,33.9464,-83.9912,73898,Fahey and Sons,09/30/2024
780,Gus,Borrel,gborrelln@globo.com,Female,1992,Lexus,LS,El Paso,Texas,79994,US,31.6948,-106.3,40055,"Mraz, Mayer and Yost",08/19/2025
781,Lavinia,Killich,lkillichlo@biglobe.ne.jp,Female,1998,Dodge,Viper,Washington,District of Columbia,20036,US,38.9087,-77.0414,59308,"Konopelski, Cronin and Stark",07/17/2025
782,Laurence,Petrasso,lpetrassolp@abc.net.au,Male,1986,Pontiac,Firefly,Chesapeake,Virginia,23324,US,36.8056,-76.2666,71050,"Collins, Boyle and Trantow",11/06/2023
783,Adore,Pigne,apignelq@yellowpages.com,Female,2002,Jaguar,S-Type,Fort Lauderdale,Florida,33320,US,26.1625,-80.2582,88598,Carter and Sons,02/16/2025
784,Wye,Millier,wmillierlr@nasa.gov,Male,1996,Infiniti,I,New Orleans,Louisiana,70154,US,30.033,-89.8826,70060,Hills Inc,07/22/2023
785,Freedman,Lauchlan,flauchlanls@admin.ch,Male,2006,BMW,7 Series,Glendale,Arizona,85305,US,33.5291,-112.2482,75782,"Wunsch, Herman and Bartell",10/01/2024
786,Mikkel,Dalzell,mdalzelllt@dell.com,Male,2008,Lamborghini,Reventón,Philadelphia,Pennsylvania,19191,US,40.0018,-75.1179,45940,Breitenberg-Kemmer,07/20/2024
787,Pauline,Pettko,ppettkolu@reverbnation.com,Female,2012,Acura,ZDX,Pensacola,Florida,32595,US,30.6143,-87.2758,76295,Hauck Group,08/15/2022
788,Leland,Tuckwood,ltuckwoodlv@slashdot.org,Male,1994,Lincoln,Continental,Fresno,California,93726,US,36.7949,-119.7604,71396,Harber-Luettgen,01/18/2023
789,Ronny,Maitland,rmaitlandlw@discovery.com,Male,1967,Pontiac,Bonneville,Saint Louis,Missouri,63136,US,38.7196,-90.27,65034,Welch-Hudson,04/08/2022
790,Nelle,Tregiddo,ntregiddolx@miibeian.gov.cn,Female,2012,Lexus,LS,Charlottesville,Virginia,22903,US,38.0339,-78.4924,47466,Cummerata LLC,11/17/2025
791,Lexi,Goldston,lgoldstonly@examiner.com,Agender,2010,Mazda,CX-7,Detroit,Michigan,48275,US,42.2399,-83.1508,37248,O'Connell-Mertz,08/01/2022
792,Laurella,Santen,lsantenlz@gov.uk,Agender,1994,Land Rover,Defender,Burbank,California,91520,US,34.1869,-118.348,71877,"Schimmel, Osinski and Kuhlman",03/27/2023
793,Estel,Hydes,ehydesm0@europa.eu,Female,2006,Volkswagen,Touareg,New York City,New York,10160,US,40.7808,-73.9772,47278,Blanda and Sons,05/18/2022
794,Munroe,Stockley,mstockleym1@intel.com,Male,2000,Dodge,Ram Van 1500,Naperville,Illinois,60567,US,41.8397,-88.0887,71095,"Brakus, Haley and Raynor",05/09/2023
795,Pamelina,Proud,pproudm2@admin.ch,Female,1994,Volkswagen,Jetta,Washington,District of Columbia,20566,US,38.8971,-77.0554,81118,Dietrich Inc,03/07/2024
796,Abbe,Paddie,apaddiem3@bravesites.com,Polygender,1997,Ford,Club Wagon,Salinas,California,93907,US,36.7563,-121.6703,89403,Sauer LLC,05/24/2025
797,Alta,Cavolini,acavolinim4@spotify.com,Female,1992,Dodge,Colt,Washington,District of Columbia,20409,US,38.8933,-77.0146,63777,Ferry-Borer,12/07/2024
798,Yurik,Frankcomb,yfrankcombm5@reddit.com,Male,2012,Nissan,Versa,San Diego,California,92110,US,32.7635,-117.2028,32822,Kozey-Grady,07/07/2022
799,Gregorio,Spinage,gspinagem6@infoseek.co.jp,Male,2000,Oldsmobile,Silhouette,Atlanta,Georgia,30392,US,33.8444,-84.474,75287,"Boehm, Littel and Breitenberg",09/28/2025
800,Annabella,Roskrug,aroskrugm7@php.net,Female,1999,Porsche,911,Largo,Florida,34643,US,27.881,-82.7619,67652,Dooley and Sons,10/29/2025
801,Lynn,Rolley,lrolleym8@ovh.net,Female,1986,Ford,EXP,Buffalo,New York,14205,US,42.7684,-78.8871,84536,Rolfson-Rogahn,09/16/2023
802,Katine,Juanico,kjuanicom9@va.gov,Female,1988,Land Rover,Range Rover,Bakersfield,California,93386,US,35.2944,-118.9052,43711,"Schinner, Senger and Bartell",12/19/2025
803,Celle,Ashbrook,cashbrookma@ezinearticles.com,Bigender,2003,GMC,Yukon,Dayton,Ohio,45414,US,39.8285,-84.2024,84989,Swaniawski-Greenfelder,02/06/2023
804,Bianka,Worthy,bworthymb@cdc.gov,Female,1996,Geo,Tracker,Portland,Oregon,97240,US,45.5806,-122.3748,96161,Gleason and Sons,05/20/2022
805,Fredric,Wilbore,fwilboremc@topsy.com,Male,2002,Ford,F150,Greenville,South Carolina,29605,US,34.8001,-82.3932,34453,"Rogahn, McKenzie and Runolfsson",07/25/2022
806,Giorgia,Molder,gmoldermd@amazon.com,Female,1996,Mazda,B-Series Plus,Boston,Massachusetts,02114,US,42.3611,-71.0682,47812,"Berge, Schmidt and Davis",12/10/2024
807,Clementine,Pieracci,cpieraccime@nbcnews.com,Female,1998,Lamborghini,Diablo,Jamaica,New York,11499,US,40.6514,-73.8708,68359,"Rempel, Smith and Barrows",04/22/2025
808,Flemming,McDonagh,fmcdonaghmf@who.int,Male,1990,Volkswagen,Fox,Gilbert,Arizona,85297,US,33.2781,-111.7096,82132,"Bahringer, McKenzie and Effertz",01/04/2025
809,Bartie,Placidi,bplacidimg@biblegateway.com,Male,1989,Pontiac,Firefly,Bakersfield,California,93305,US,35.3855,-118.986,30005,"Donnelly, Harris and Spencer",05/04/2022
810,Gabbi,Marlen,gmarlenmh@mail.ru,Female,2004,Mitsubishi,Montero Sport,Birmingham,Alabama,35205,US,33.4951,-86.8059,59722,"Ziemann, Stehr and Nikolaus",12/10/2023
811,Elka,Vamplers,evamplersmi@netlog.com,Female,1992,Isuzu,Amigo,Philadelphia,Pennsylvania,19136,US,40.0422,-75.0244,77346,Pagac and Sons,05/24/2025
812,Hanna,Hammerson,hhammersonmj@slate.com,Female,2001,Jaguar,XJ Series,Chicago,Illinois,60657,US,41.9399,-87.6528,33713,Johnson and Sons,10/30/2022
813,Giacopo,Covely,gcovelymk@nsw.gov.au,Male,1995,Lexus,SC,Tucson,Arizona,85705,US,32.2691,-110.9845,38567,Denesik LLC,08/03/2025
814,Kennett,Birley,kbirleyml@shop-pro.jp,Male,2012,Lincoln,Navigator,Richmond,California,94807,US,37.7772,-121.9554,71802,Walker-Hickle,02/18/2023
815,Katleen,Roubottom,kroubottommm@cdbaby.com,Polygender,2004,Subaru,Legacy,Savannah,Georgia,31405,US,32.0391,-81.1242,53323,Carter-Smith,07/15/2023
816,Ailbert,Comiam,acomiammn@wikispaces.com,Male,2012,Jeep,Liberty,Dallas,Texas,75246,US,32.7948,-96.7697,89766,Crist-Vandervort,09/17/2024
817,Carleen,Lunge,clungemo@mapy.cz,Female,1994,Isuzu,Trooper,Boston,Massachusetts,02163,US,42.3253,-71.1122,82936,Hettinger Group,04/22/2023
818,Bron,Tyas,btyasmp@meetup.com,Male,1998,Chrysler,Concorde,Springfield,Ohio,45505,US,39.9106,-83.7856,34486,Sanford LLC,12/17/2022
819,Ethe,Bringloe,ebringloemq@cornell.edu,Male,2006,Honda,Odyssey,Toledo,Ohio,43666,US,41.6782,-83.4972,53958,"Haley, Gleason and Abshire",08/31/2024
820,Shanta,Woodhead,swoodheadmr@goo.gl,Female,2001,Nissan,Xterra,Wichita Falls,Texas,76305,US,33.9995,-98.3938,65439,Hane-Yundt,08/18/2024
821,Earlie,Stit,estitms@topsy.com,Male,1996,Acura,NSX,Laredo,Texas,78044,US,27.3637,-99.4819,66224,Daniel Group,04/11/2024
822,Mandie,Goggen,mgoggenmt@infoseek.co.jp,Female,2010,Aston Martin,DBS,Washington,District of Columbia,20226,US,38.8933,-77.0146,33891,Ondricka-O'Connell,05/23/2022
823,Alaster,Curry,acurrymu@vistaprint.com,Male,1993,Eagle,Vision,Battle Creek,Michigan,49018,US,42.2464,-85.0045,88922,"Klocko, Boyle and Thiel",07/28/2025
824,Chaddie,Deery,cdeerymv@state.gov,Male,2012,MINI,Cooper,Memphis,Tennessee,38168,US,35.2017,-89.9715,57964,Spinka and Sons,04/28/2023
825,Cesare,Benaine,cbenainemw@deviantart.com,Male,1995,Mitsubishi,Expo,Pittsburgh,Pennsylvania,15215,US,40.5048,-79.9138,39657,"Zulauf, Rogahn and Nader",02/16/2023
826,Zarla,Goodey,zgoodeymx@amazon.de,Female,1996,Chevrolet,Corvette,Portland,Maine,04109,US,43.6783,-70.1987,55363,Feeney and Sons,02/14/2022
827,Spencer,Spybey,sspybeymy@ameblo.jp,Male,2007,Nissan,Murano,Atlanta,Georgia,30358,US,33.9982,-84.3411,85523,"Bernier, Pouros and Raynor",04/10/2023
828,Euell,Softley,esoftleymz@facebook.com,Male,2002,MINI,MINI,Miami,Florida,33185,US,25.7274,-80.4497,94543,McLaughlin-Armstrong,10/14/2025
829,Harriot,Rideout,hrideoutn0@amazon.de,Agender,2003,Land Rover,Range Rover,Knoxville,Tennessee,37939,US,35.9901,-83.9622,60723,Kozey and Sons,12/15/2025
830,Viola,Brimfield,vbrimfieldn1@360.cn,Female,1993,Audi,100,Evansville,Indiana,47725,US,38.1071,-87.5256,88559,Rohan and Sons,10/13/2022
831,Chevalier,Blumsom,cblumsomn2@histats.com,Male,1992,Subaru,SVX,New York City,New York,10270,US,40.7069,-74.0082,68150,Grady-Hessel,05/12/2022
832,Sianna,McChruiter,smcchruitern3@ucoz.ru,Female,1998,Porsche,911,Amarillo,Texas,79176,US,35.1885,-101.8165,86889,Tromp Group,04/11/2025
833,Tonie,Hayes,thayesn4@cbc.ca,Female,2010,Bentley,Continental,Fort Worth,Texas,76178,US,32.7714,-97.2915,90078,Medhurst-Wiegand,03/31/2024
834,Shandy,Bolwell,sbolwelln5@ucoz.com,Female,1991,Ford,Thunderbird,Pasadena,California,91131,US,33.7866,-118.2987,49389,"MacGyver, Ryan and Corkery",06/20/2025
835,Fredrick,Benoix,fbenoixn6@elpais.com,Male,2008,Mazda,CX-7,Honolulu,Hawaii,96815,US,21.2811,-157.8266,78778,"Wisozk, Stark and Murphy",04/23/2022
836,Harris,Decayette,hdecayetten7@slideshare.net,Male,2004,Volvo,S80,Jacksonville,Florida,32209,US,30.3584,-81.692,68876,Glover LLC,06/11/2022
837,Helene,Forrington,hforringtonn8@purevolume.com,Genderfluid,2007,Porsche,911,Topeka,Kansas,66611,US,39.0142,-95.6982,34678,"Pacocha, Davis and Corwin",04/26/2025
838,Madelyn,Cressingham,mcressinghamn9@aboutads.info,Female,2000,Chrysler,Sebring,Youngstown,Ohio,44505,US,41.1257,-80.6277,56559,"Gutkowski, Connelly and Lynch",11/14/2025
839,Maible,Sheldon,msheldonna@goo.ne.jp,Female,1994,Land Rover,Defender,Fairfax,Virginia,22036,US,38.7351,-77.0796,97713,Rutherford LLC,05/18/2024
840,Sylvan,Gillio,sgillionb@reference.com,Male,2010,Kia,Sedona,Huntsville,Texas,77343,US,30.7813,-95.5953,31531,Windler Group,09/03/2022
841,Haydon,Schlagtmans,hschlagtmansnc@dailymotion.com,Male,1997,Chevrolet,Astro,Los Angeles,California,90189,US,34.0515,-118.2559,58022,Lebsack-Pouros,08/19/2022
842,Leonidas,Muggleston,lmugglestonnd@people.com.cn,Male,2010,Tesla,Roadster,East Saint Louis,Illinois,62205,US,38.6149,-90.1275,36539,Robel-Jacobson,04/11/2022
843,Ema,Gullam,egullamne@jiathis.com,Female,1988,Mercury,Tracer,Hyattsville,Maryland,20784,US,38.9513,-76.8958,38673,"Becker, Kunde and Marquardt",04/12/2022
844,Tobit,MacMorland,tmacmorlandnf@europa.eu,Male,1990,Ford,Escort,Brooklyn,New York,11225,US,40.6628,-73.9546,45049,Schultz-Tromp,12/21/2023
845,Jessalin,Alans,jalansng@twitpic.com,Female,2004,Toyota,RAV4,Houston,Texas,77025,US,29.6889,-95.4341,51533,Williamson-Kozey,01/14/2025
846,Alfons,Aberdalgy,aaberdalgynh@ed.gov,Male,1995,Isuzu,Trooper,Charlottesville,Virginia,22903,US,38.0339,-78.4924,72073,Macejkovic LLC,11/08/2022
847,Lucine,Axup,laxupni@angelfire.com,Female,1990,Lamborghini,Diablo,Lincoln,Nebraska,68510,US,40.8063,-96.6545,77036,"Ankunding, Stehr and Moen",10/31/2023
848,Reed,Goodwyn,rgoodwynnj@kickstarter.com,Male,1964,Ford,Mustang,Van Nuys,California,91499,US,33.7866,-118.2987,62389,"Yost, Gutmann and Abernathy",12/20/2024
849,Lacy,Botha,lbothank@cafepress.com,Female,2012,Nissan,Pathfinder,Omaha,Nebraska,68124,US,41.2338,-96.0495,75245,Bogisich-Schroeder,11/16/2024
850,Mychal,Grassot,mgrassotnl@gmpg.org,Male,2008,Porsche,911,Wilmington,Delaware,19810,US,39.8188,-75.5064,49793,Stanton-Moore,09/11/2022
851,Cynthea,Stanluck,cstanlucknm@hud.gov,Female,2003,Jeep,Wrangler,Silver Spring,Maryland,20910,US,38.9982,-77.0338,48186,Hilll-Smith,06/30/2024
852,Murdock,Atkin,matkinnn@globo.com,Male,1996,Toyota,Avalon,Philadelphia,Pennsylvania,19191,US,40.0018,-75.1179,70940,Satterfield-Predovic,08/26/2022
853,Giustina,Petrou,gpetrouno@slideshare.net,Female,1997,Chrysler,Sebring,Alexandria,Virginia,22313,US,38.8158,-77.09,81637,"McCullough, Runolfsdottir and Walsh",05/21/2024
854,Emlynn,Goede,egoedenp@apache.org,Female,1991,Mercedes-Benz,S-Class,Colorado Springs,Colorado,80945,US,38.8247,-104.562,42184,"Rolfson, Ebert and Ernser",04/26/2023
855,Tera,Dalwood,tdalwoodnq@howstuffworks.com,Female,2001,Acura,CL,Houston,Texas,77025,US,29.6889,-95.4341,41246,Kutch LLC,05/05/2025
856,Hi,De Hoogh,hdehooghnr@g.co,Male,1966,Ford,Galaxie,New Hyde Park,New York,11044,US,40.7548,-73.6018,67050,Stiedemann Inc,04/27/2024
857,Haskell,Yashunin,hyashuninns@yelp.com,Male,2012,Chevrolet,Avalanche,Minneapolis,Minnesota,55423,US,44.8756,-93.2553,43714,Lueilwitz-Hermiston,08/20/2024
858,Cheston,Bront,cbrontnt@youtube.com,Genderfluid,2004,Mitsubishi,Outlander,Raleigh,North Carolina,27626,US,35.7977,-78.6253,70657,Parker-Fritsch,04/03/2022
859,Gunner,Ert,gertnu@amazon.de,Male,2005,Hyundai,Tucson,Albany,New York,12222,US,42.6853,-73.8253,65512,Shanahan LLC,04/13/2022
860,Phil,Fermor,pfermornv@answers.com,Female,2002,Hummer,H1,Milwaukee,Wisconsin,53225,US,43.1154,-88.0346,97631,"Lind, Schultz and Fritsch",04/29/2024
861,Sibilla,Lumsden,slumsdennw@storify.com,Female,1996,Toyota,Paseo,Knoxville,Tennessee,37919,US,35.9244,-84.0015,53624,"Conn, Harris and Lakin",02/22/2024
862,Aylmer,Walmsley,awalmsleynx@blogtalkradio.com,Male,1997,Toyota,Avalon,Kansas City,Missouri,64125,US,39.1042,-94.4923,54787,Powlowski Inc,06/26/2023
863,Aridatha,Ugoni,augoniny@stanford.edu,Female,2002,Volkswagen,Jetta,Amarillo,Texas,79165,US,35.4015,-101.8951,34352,Reichel and Sons,04/13/2023
864,Ange,Gerrit,agerritnz@ted.com,Female,2004,Mazda,Mazda3,Simi Valley,California,93094,US,34.0324,-119.1343,82561,Orn-McCullough,01/08/2023
865,Masha,Weaben,mweabeno0@tmall.com,Female,2000,GMC,Safari,Cincinnati,Ohio,45238,US,39.1092,-84.6108,96993,Larson and Sons,04/19/2022
866,Shea,O'Crowley,socrowleyo1@cbsnews.com,Male,1998,Ford,F150,Fresno,California,93750,US,36.7464,-119.6397,84667,"McClure, Hauck and Von",01/03/2023
867,Sherwin,Duffyn,sduffyno2@vistaprint.com,Male,2009,Chevrolet,Corvette,Detroit,Michigan,48258,US,42.2399,-83.1508,45954,Bernhard-Kling,07/26/2023
868,Marrilee,Robard,mrobardo3@reference.com,Female,2005,Suzuki,Daewoo Lacetti,Waterbury,Connecticut,06705,US,41.5503,-72.9963,69881,Lynch-Runte,03/12/2024
869,Janeen,Bielfeld,jbielfeldo4@oakley.com,Female,1997,Jeep,Wrangler,Washington,District of Columbia,20425,US,38.8933,-77.0146,70708,Schowalter-Vandervort,08/01/2025
870,Benito,Buntain,bbuntaino5@time.com,Male,2003,Nissan,Pathfinder,Jamaica,New York,11480,US,40.6914,-73.8061,66470,"Kautzer, Goyette and Reichert",07/14/2024
871,Vikki,Muat,vmuato6@amazon.co.uk,Female,1998,Toyota,Avalon,Minneapolis,Minnesota,55448,US,45.1907,-93.3021,74592,"Muller, Frami and Jast",06/11/2023
872,Clarisse,Chatin,cchatino7@eventbrite.com,Female,2013,Ford,Transit Connect,El Paso,Texas,88584,US,31.6948,-106.3,36261,"Dietrich, Tromp and Baumbach",04/06/2022
873,Carrie,Bossons,cbossonso8@icio.us,Female,2000,Toyota,MR2,Topeka,Kansas,66667,US,39.0429,-95.7697,73715,Borer-Boyle,04/12/2024
874,Beau,Clarke-Williams,bclarkewilliamso9@cafepress.com,Male,2008,Nissan,Frontier,Stamford,Connecticut,06912,US,41.3089,-73.3637,83276,Lakin and Sons,11/01/2025
875,Barry,Puckham,bpuckhamoa@columbia.edu,Male,1995,Subaru,Impreza,Des Moines,Iowa,50315,US,41.5444,-93.6192,53778,Gusikowski-West,08/21/2023
876,Dotti,Olligan,dolliganob@storify.com,Female,1991,Volkswagen,Fox,Topeka,Kansas,66629,US,39.0429,-95.7697,42312,Daugherty Group,07/07/2024
877,Richardo,Jammet,rjammetoc@bloglovin.com,Male,2006,Ford,E-Series,Aiken,South Carolina,29805,US,33.6993,-81.6465,50967,McLaughlin and Sons,11/02/2023
878,Arlen,Heibl,aheiblod@php.net,Female,1995,Volvo,850,Decatur,Georgia,30033,US,33.8123,-84.2819,82759,"Orn, Jakubowski and Kemmer",07/21/2025
879,Griffin,Rookeby,grookebyoe@globo.com,Bigender,2002,Lincoln,Navigator,Long Beach,California,90805,US,33.8635,-118.1801,61705,Renner Inc,07/12/2022
880,Leilah,Ferrieri,lferrieriof@netlog.com,Female,1966,Pontiac,Tempest,Wichita,Kansas,67205,US,37.7639,-97.4269,38360,Sipes Group,09/03/2022
881,Pip,Mitchenson,pmitchensonog@rakuten.co.jp,Male,1992,Dodge,Viper,Greenville,South Carolina,29610,US,34.8497,-82.4538,42969,Williamson and Sons,11/02/2025
882,Emilio,Goldby,egoldbyoh@pbs.org,Male,2004,Mitsubishi,Pajero,Dallas,Texas,75205,US,32.826,-96.7843,98577,Ward-Sawayn,07/29/2025
883,Chas,Lawden,clawdenoi@gravatar.com,Male,2011,Infiniti,G,Hartford,Connecticut,06140,US,41.7918,-72.7188,61008,Mitchell and Sons,03/20/2022
884,Lindon,Du Hamel,lduhameloj@chicagotribune.com,Male,1998,Suzuki,X-90,Washington,District of Columbia,20575,US,38.8933,-77.0146,93736,Fahey-Hayes,11/19/2024
885,Kurt,Piggford,kpiggfordok@ifeng.com,Male,1963,Studebaker,Avanti,Anderson,South Carolina,29625,US,34.5271,-82.7087,84876,Lebsack-Daniel,05/05/2022
886,Mariquilla,Agdahl,magdahlol@boston.com,Female,1993,Buick,Park Avenue,Orlando,Florida,32813,US,28.5679,-81.3258,84953,Feeney-Daugherty,03/01/2024
887,Kamila,Gingold,kgingoldom@fotki.com,Female,2008,Pontiac,G6,Lynn,Massachusetts,01905,US,42.4694,-70.9728,61332,Simonis-Shields,01/22/2025
888,Nickie,Rumin,nruminon@twitter.com,Female,1990,Buick,Regal,Tallahassee,Florida,32309,US,30.5422,-84.1413,36297,Halvorson LLC,12/19/2025
889,Joleen,Bowles,jbowlesoo@techcrunch.com,Female,2006,Cadillac,Escalade ESV,Phoenix,Arizona,85035,US,33.4724,-112.1832,74425,Corkery-Conroy,07/28/2024
890,Merilyn,Skeldinge,mskeldingeop@sphinn.com,Female,2006,Audi,A6,Austin,Texas,78737,US,30.2107,-97.9427,31488,Zieme LLC,01/19/2023
891,Tonye,Medina,tmedinaoq@comsenz.com,Female,1992,GMC,Vandura 3500,Colorado Springs,Colorado,80940,US,38.8247,-104.562,85957,D'Amore and Sons,01/01/2024
892,Pegeen,Calderon,pcalderonor@i2i.jp,Female,2007,Acura,TL,Baton Rouge,Louisiana,70820,US,30.3795,-91.1671,49990,Kris-Fisher,06/27/2025
893,Karie,Wackley,kwackleyos@blogtalkradio.com,Female,1997,Audi,A6,San Antonio,Texas,78235,US,29.3494,-98.4422,84152,Blick Inc,10/03/2025
894,Cheri,Doornbos,cdoornbosot@drupal.org,Female,2001,BMW,X5,Houston,Texas,77050,US,29.9015,-95.2848,46494,"Heller, Kirlin and Lebsack",08/27/2022
895,Tyson,Domney,tdomneyou@usnews.com,Male,2012,Hyundai,Genesis,Washington,District of Columbia,20566,US,38.8971,-77.0554,84755,Adams-Jaskolski,11/04/2025
896,Carl,Linsey,clinseyov@xrea.com,Male,2000,Mazda,B-Series Plus,Corona,California,92883,US,33.7541,-117.474,91997,"Kirlin, Leuschke and Langosh",09/19/2025
897,Veda,Lesaunier,vlesaunierow@histats.com,Female,2005,Jaguar,X-Type,North Port,Florida,34290,US,27.0459,-82.2491,47607,O'Connell-Ernser,09/28/2024
898,Kenon,Konzel,kkonzelox@loc.gov,Male,2010,Toyota,Sienna,Johnstown,Pennsylvania,15906,US,40.3522,-78.9383,61427,Funk and Sons,01/10/2026
899,Dion,Ladel,dladeloy@youtu.be,Male,2011,Toyota,Tacoma,Washington,District of Columbia,20591,US,38.8933,-77.0146,95145,Berge-Denesik,07/02/2024
900,Kiley,Mace,kmaceoz@ask.com,Genderfluid,1984,Maserati,Quattroporte,Washington,District of Columbia,20540,US,38.8874,-77.0047,99649,"Hettinger, Balistreri and Glover",03/28/2024
901,Micaela,Vickars,mvickarsp0@nydailynews.com,Genderfluid,1989,Buick,LeSabre,Hattiesburg,Mississippi,39404,US,31.1721,-89.2948,79135,Stehr Group,11/01/2022
902,Duane,St Ange,dstangep1@plala.or.jp,Male,2001,BMW,5 Series,Fairfield,Connecticut,06825,US,41.1928,-73.2402,69672,"Hermiston, Swaniawski and King",02/03/2023
903,Jermain,Nellen,jnellenp2@blogs.com,Male,1995,Ford,Thunderbird,Macon,Georgia,31217,US,32.8118,-83.565,87301,Satterfield-McCullough,10/14/2025
904,Suzy,Ruter,sruterp3@t.co,Female,1998,Mercury,Villager,Austin,Texas,78721,US,30.2721,-97.6868,69155,Ankunding-Ratke,12/09/2022
905,Clarence,Aumerle,caumerlep4@admin.ch,Male,1989,Ford,E-Series,Cleveland,Ohio,44197,US,41.6857,-81.6728,30561,Lindgren and Sons,03/27/2024
906,Vinson,Sanpher,vsanpherp5@plala.or.jp,Male,2006,Infiniti,QX,Memphis,Tennessee,38197,US,35.2017,-89.9715,94373,Hilll-Kohler,03/02/2025
907,Tina,Quoit,tquoitp6@netscape.com,Female,1992,GMC,2500,Milwaukee,Wisconsin,53220,US,42.9559,-87.9933,30169,"Turcotte, Hickle and Wolf",01/28/2026
908,Cybil,Ferriby,cferribyp7@amazon.com,Female,1995,Volvo,940,Birmingham,Alabama,35244,US,33.3538,-86.8254,42466,Blanda Group,03/02/2025
909,Ode,Stennard,ostennardp8@imgur.com,Male,1993,Lexus,GS,Washington,District of Columbia,20231,US,38.8933,-77.0146,39863,Jacobi Group,03/10/2024
910,Ivor,Gillinghams,igillinghamsp9@unc.edu,Male,2012,Nissan,GT-R,Detroit,Michigan,48267,US,42.2399,-83.1508,34386,Hamill and Sons,09/29/2025
911,Gracie,Salzburger,gsalzburgerpa@walmart.com,Agender,2010,Maserati,GranTurismo,New Haven,Connecticut,06520,US,41.3657,-72.9275,49167,"Cummings, Champlin and Labadie",05/10/2024
912,Rubia,Lofty,rloftypb@buzzfeed.com,Female,1987,Saab,900,Atlanta,Georgia,31106,US,33.8444,-84.474,40331,"Brekke, Emard and Sauer",10/26/2023
913,Hazlett,Furminger,hfurmingerpc@flickr.com,Male,2012,Chevrolet,Camaro,Torrance,California,90510,US,33.7866,-118.2987,44050,Cormier LLC,11/21/2022
914,Rachael,Poupard,rpoupardpd@eepurl.com,Female,1990,Volkswagen,Golf,Las Vegas,Nevada,89193,US,35.9279,-114.9721,69366,"McGlynn, Turner and Tremblay",11/22/2024
915,Bertrando,Sell,bsellpe@dropbox.com,Male,1996,Geo,Prizm,Norfolk,Virginia,23504,US,36.8586,-76.2686,50494,Baumbach and Sons,09/24/2023
916,Doreen,Lumbley,dlumbleypf@hexun.com,Female,1992,Lincoln,Continental,Miami,Florida,33233,US,25.5584,-80.4582,53359,Ward Inc,05/07/2024
917,Staffard,Ridsdale,sridsdalepg@yale.edu,Male,2010,Honda,Accord,Peoria,Illinois,61651,US,40.7442,-89.7184,61515,Dickinson-Gorczany,12/21/2024
918,Jammie,Langtree,jlangtreeph@archive.org,Female,2004,Mitsubishi,Outlander,Lexington,Kentucky,40515,US,37.9651,-84.4708,41653,"Kihn, O'Connell and Heaney",12/22/2025
919,Eleonora,Kilsby,ekilsbypi@canalblog.com,Female,1989,Ford,Courier,Des Moines,Iowa,50310,US,41.6255,-93.6736,33731,"Lang, Sipes and Corkery",08/26/2024
920,Perry,Wickes,pwickespj@ftc.gov,Male,2007,Toyota,Corolla,San Jose,California,95173,US,37.3352,-121.8938,82509,"Cartwright, Kuvalis and Schaden",10/26/2024
921,Kinna,Pyper,kpyperpk@engadget.com,Female,2000,Chevrolet,Express 1500,Bakersfield,California,93381,US,35.2944,-118.9052,97385,"D'Amore, Kunze and Nikolaus",12/24/2022
922,Reuven,Espinheira,respinheirapl@instagram.com,Male,1991,Pontiac,Firebird,Pittsburgh,Pennsylvania,15235,US,40.4598,-79.8224,47719,Hansen and Sons,07/29/2024
923,Jimmie,Trayhorn,jtrayhornpm@aol.com,Male,2011,Jaguar,XF,Birmingham,Alabama,35210,US,33.5452,-86.6655,33363,Douglas-Kuhlman,05/04/2022
924,Merell,Klaiser,mklaiserpn@blogtalkradio.com,Male,2012,BMW,6 Series,Omaha,Nebraska,68179,US,41.2917,-96.1711,71687,"Hagenes, Gutkowski and Bahringer",11/19/2025
925,Jessie,Dancer,jdancerpo@phpbb.com,Male,2010,Chevrolet,HHR,Rochester,New York,14604,US,43.1577,-77.608,39086,Halvorson and Sons,08/22/2023
926,Trev,Lyddon,tlyddonpp@indiatimes.com,Male,2009,Mercedes-Benz,SL-Class,Buffalo,New York,14263,US,42.7684,-78.8871,84832,Toy and Sons,07/14/2025
927,Dorian,Beacom,dbeacompq@lycos.com,Male,2005,GMC,Envoy XUV,Tulsa,Oklahoma,74184,US,36.1398,-96.0297,42733,"Tromp, Bahringer and Parker",02/27/2023
928,Pepillo,Sich,psichpr@dropbox.com,Male,1993,Ford,Econoline E350,Kalamazoo,Michigan,49048,US,42.3189,-85.5152,58564,Jast-Kris,10/30/2022
929,Egan,Geeve,egeeveps@usnews.com,Male,2008,Cadillac,XLR-V,Tacoma,Washington,98417,US,47.2061,-122.4822,54570,Collins Group,04/25/2023
930,Hal,Hearmon,hhearmonpt@statcounter.com,Male,2001,Mercury,Grand Marquis,New York City,New York,10275,US,40.7808,-73.9772,30011,"Klocko, Erdman and Turner",02/08/2024
931,Pris,McAline,pmcalinepu@icq.com,Female,1999,Dodge,Ram Van 3500,Oakland,California,94622,US,37.799,-122.2337,69723,Veum-Hane,10/28/2022
932,Tybalt,Hugnot,thugnotpv@digg.com,Male,2010,Hyundai,Genesis Coupe,Charlotte,North Carolina,28247,US,35.0656,-80.8511,98966,Christiansen Inc,02/19/2023
933,Christy,Wimlett,cwimlettpw@fotki.com,Bigender,2012,Jaguar,XF,Los Angeles,California,90045,US,33.9631,-118.3941,67357,"Wolf, Pfeffer and Schowalter",07/05/2025
934,Cassie,Sandifer,csandiferpx@businessinsider.com,Female,1993,Chevrolet,G-Series G30,Des Moines,Iowa,50936,US,41.6727,-93.5722,53741,"Stokes, Thompson and Kirlin",05/31/2024
935,Dorene,Fernie,dferniepy@pagesperso-orange.fr,Female,2003,Infiniti,M,New Orleans,Louisiana,70129,US,30.0877,-89.8462,61696,Torp-Marks,10/13/2024
936,Sherill,Simak,ssimakpz@biblegateway.com,Female,2000,Plymouth,Grand Voyager,Tulsa,Oklahoma,74184,US,36.1398,-96.0297,85711,Lubowitz Group,05/17/2022
937,Kasey,Trow,ktrowq0@yolasite.com,Female,1998,Mercedes-Benz,CL-Class,Mc Keesport,Pennsylvania,15134,US,40.4344,-80.0248,97803,"Pouros, Cassin and Hauck",03/20/2025
938,Ernestine,MacNally,emacnallyq1@usatoday.com,Female,2013,Toyota,Venza,Charlotte,North Carolina,28210,US,35.1316,-80.8577,98254,Bruen-Corkery,02/23/2023
939,Nolana,Coatham,ncoathamq2@dagondesign.com,Female,2006,GMC,Yukon XL 1500,Amarillo,Texas,79159,US,35.216,-102.0714,45013,Prosacco LLC,05/30/2022
940,Arluene,Davidsson,adavidssonq3@unblog.fr,Polygender,2007,Ferrari,599 GTB Fiorano,Riverside,California,92513,US,33.7529,-116.0556,82562,"Mann, Christiansen and Schimmel",05/13/2024
941,Shir,Wycherley,swycherleyq4@shinystat.com,Female,1999,Toyota,Tacoma Xtra,Santa Monica,California,90410,US,33.7866,-118.2987,67470,"Berge, Greenfelder and Leuschke",08/28/2022
942,Barty,Flatt,bflattq5@webmd.com,Male,2007,Toyota,Sienna,Norwalk,Connecticut,06859,US,41.3089,-73.3637,82581,Marks and Sons,12/03/2025
943,Kare,Branscombe,kbranscombeq6@smh.com.au,Female,2006,Mazda,Mazda5,Richmond,Virginia,23242,US,37.5313,-77.4161,96242,Streich-Langworth,11/07/2025
944,Tucky,Murrhaupt,tmurrhauptq7@pen.io,Male,2002,Audi,Allroad,Little Rock,Arkansas,72222,US,34.7519,-92.3925,34009,Daniel and Sons,11/03/2022
945,Daisie,Enrietto,denriettoq8@cam.ac.uk,Female,1998,Ford,Crown Victoria,Charleston,West Virginia,25305,US,38.3358,-81.6123,36563,Hauck-Harvey,08/22/2023
946,Reube,Midgely,rmidgelyq9@adobe.com,Male,2000,Lexus,SC,Galveston,Texas,77554,US,29.2243,-94.9637,99360,Koss-Hintz,07/05/2022
947,Nikki,Pickersgill,npickersgillqa@godaddy.com,Female,1999,Ford,F350,Boca Raton,Florida,33432,US,26.3462,-80.0844,90280,Farrell-Ortiz,01/02/2026
948,Yul,MacFayden,ymacfaydenqb@businessinsider.com,Male,2010,BMW,Z4,Seattle,Washington,98195,US,47.6564,-122.3048,51374,"Paucek, Kutch and Hudson",07/19/2023
949,Noni,Oliveto,nolivetoqc@ibm.com,Female,2000,Land Rover,Discovery Series II,Fort Pierce,Florida,34949,US,27.3896,-80.2615,92953,"Lebsack, Gottlieb and Stroman",04/06/2024
950,Adolpho,Petegree,apetegreeqd@exblog.jp,Non-binary,1992,Buick,Riviera,Houston,Texas,77218,US,29.834,-95.4342,52712,Waelchi Group,08/15/2024
951,Rowney,Mobius,rmobiusqe@qq.com,Male,2003,Infiniti,M,Charlotte,North Carolina,28299,US,35.26,-80.8042,31650,"Torp, Vandervort and Blick",01/11/2023
952,Nessie,Upjohn,nupjohnqf@merriam-webster.com,Female,2007,Hyundai,Accent,Champaign,Illinois,61825,US,40.1399,-88.1961,37627,Lind Group,03/17/2024
953,Andres,Chapell,achapellqg@si.edu,Male,2012,Nissan,Altima,Atlanta,Georgia,31136,US,33.7473,-84.3824,45095,Auer-Treutel,04/27/2025
954,Mattias,Billyard,mbillyardqh@admin.ch,Male,1999,Saab,9000,Newport Beach,California,92662,US,33.6062,-117.8931,47910,Rutherford Group,05/25/2023
955,Lindie,Rodge,lrodgeqi@ow.ly,Bigender,1967,Ford,Fairlane,Los Angeles,California,90065,US,34.1073,-118.2266,86952,Schinner and Sons,07/05/2022
956,Elysee,Boram,eboramqj@chronoengine.com,Genderfluid,2012,Volvo,XC70,Washington,District of Columbia,20520,US,38.8932,-77.049,57166,Blick LLC,06/07/2025
957,Frank,Grose,fgroseqk@huffingtonpost.com,Female,2010,Acura,ZDX,Utica,New York,13505,US,43.0872,-75.2603,98469,Medhurst Group,11/21/2022
958,Massimo,Maultby,mmaultbyql@soundcloud.com,Male,2004,Saturn,Ion,Columbus,Georgia,31904,US,32.5161,-84.9785,65014,Lowe-Veum,11/04/2024
959,Hakim,Bishopp,hbishoppqm@google.nl,Male,2007,Chevrolet,Avalanche,Pueblo,Colorado,81005,US,38.2352,-104.66,62876,"Douglas, Quitzon and Walsh",11/08/2022
960,Bank,Ackenson,backensonqn@ehow.com,Male,1998,Nissan,Sentra,El Paso,Texas,88579,US,31.6948,-106.3,54062,"McGlynn, Strosin and Windler",07/05/2023
961,Jourdain,Augar,jaugarqo@canalblog.com,Male,2000,Land Rover,Discovery,Vero Beach,Florida,32964,US,27.709,-80.5726,59238,Friesen Inc,02/01/2025
962,Pablo,Schwanden,pschwandenqp@chicagotribune.com,Male,1998,Suzuki,X-90,Panama City,Florida,32405,US,30.1949,-85.6727,65423,"Krajcik, Mosciski and Schowalter",07/26/2024
963,Tades,Trousdale,ttrousdaleqq@google.ru,Male,1991,Pontiac,Bonneville,Phoenix,Arizona,85072,US,33.2765,-112.1872,73472,Schaden Group,01/12/2024
964,Wendi,O'Cannavan,wocannavanqr@bizjournals.com,Female,2010,Infiniti,FX,San Antonio,Texas,78250,US,29.5054,-98.6688,51087,Gorczany-Marks,11/26/2025
965,Frazier,Caulkett,fcaulkettqs@umn.edu,Male,2008,Audi,RS4,Madison,Wisconsin,53726,US,43.0696,-89.4239,73054,Quigley and Sons,08/11/2024
966,Uri,Wrightam,uwrightamqt@seesaa.net,Male,2006,Rolls-Royce,Phantom,Jackson,Mississippi,39210,US,32.3218,-90.1771,38998,Runolfsdottir and Sons,11/19/2022
967,Dniren,Joannic,djoannicqu@dot.gov,Female,2002,BMW,745,Salem,Oregon,97312,US,44.9364,-123.0381,67771,"Monahan, Haag and Torp",11/13/2022
968,Moses,Siddons,msiddonsqv@taobao.com,Bigender,1961,Chevrolet,Corvette,Chicago,Illinois,60697,US,41.8119,-87.6873,69568,"Reinger, Erdman and Balistreri",03/20/2025
969,Bondy,Barlie,bbarlieqw@fda.gov,Male,1993,GMC,Vandura 3500,Indianapolis,Indiana,46295,US,39.7795,-86.1328,96959,Heller LLC,10/14/2024
970,Bryan,Corcut,bcorcutqx@privacy.gov.au,Male,2003,Mitsubishi,Outlander,Detroit,Michigan,48258,US,42.2399,-83.1508,50694,"Bayer, O'Kon and Vandervort",08/18/2024
971,Ariela,Sambiedge,asambiedgeqy@plala.or.jp,Genderfluid,1998,GMC,1500 Club Coupe,Salt Lake City,Utah,84125,US,40.6681,-111.9083,98295,Schuppe Inc,07/25/2025
972,Marv,Conroy,mconroyqz@europa.eu,Male,2001,GMC,Sonoma,Baton Rouge,Louisiana,70836,US,30.392,-91.0892,66814,Rolfson LLC,03/17/2023
973,Eolande,Patron,epatronr0@unc.edu,Female,2003,Cadillac,Seville,Roanoke,Virginia,24029,US,37.2742,-79.9579,30148,Heathcote-Glover,04/01/2023
974,Quincey,Furby,qfurbyr1@furl.net,Male,1993,Chrysler,Fifth Ave,Richmond,Virginia,23225,US,37.5158,-77.5047,79839,Brown-Sanford,11/29/2025
975,Amanda,Tidcombe,atidcomber2@macromedia.com,Non-binary,1986,Buick,Skylark,Merrifield,Virginia,22119,US,38.8318,-77.2888,51347,Wintheiser-King,06/28/2024
976,Lyssa,Crossland,lcrosslandr3@ft.com,Female,1996,Toyota,Tacoma,Carlsbad,California,92013,US,33.0169,-116.846,62373,"Abbott, Hermann and Weimann",12/21/2023
977,Conrad,Gerrets,cgerretsr4@livejournal.com,Genderfluid,1992,Ford,Crown Victoria,Merrifield,Virginia,22119,US,38.8318,-77.2888,47781,Goldner-Borer,07/05/2025
978,Griz,Zambonini,gzamboninir5@huffingtonpost.com,Male,2001,Isuzu,Rodeo Sport,San Jose,California,95155,US,37.31,-121.9011,47496,"Keeling, Wisoky and Fay",01/20/2023
979,Kevon,Guille,kguiller6@wsj.com,Male,1996,Mercury,Tracer,Kansas City,Kansas,66105,US,39.085,-94.6356,59248,"Gislason, Cremin and Trantow",02/21/2022
980,Filberte,Davidy,fdavidyr7@bloglovin.com,Male,1988,Lincoln,Continental Mark VII,Washington,District of Columbia,20575,US,38.8933,-77.0146,50083,"Schiller, Rowe and Fay",07/30/2025
981,Nonah,Morrissey,nmorrisseyr8@reverbnation.com,Female,2001,Volkswagen,Passat,Lees Summit,Missouri,64082,US,38.8518,-94.3944,36978,Schuster Inc,10/16/2025
982,Willa,Sibbet,wsibbetr9@diigo.com,Female,2001,Chevrolet,Silverado 2500,Gilbert,Arizona,85297,US,33.2781,-111.7096,81061,"Ferry, Orn and Towne",01/25/2024
983,Kacey,Scanlon,kscanlonra@aol.com,Genderfluid,2002,Volkswagen,Jetta,Colorado Springs,Colorado,80915,US,38.8558,-104.7134,79215,Abbott and Sons,07/23/2024
984,Gal,Masse,gmasserb@people.com.cn,Male,2006,Spyker,C8 Double 12 S,Birmingham,Alabama,35220,US,33.5446,-86.9292,34133,"Brakus, Brakus and Beer",07/16/2022
985,Chandal,Purbrick,cpurbrickrc@wordpress.org,Female,1985,Mercedes-Benz,SL-Class,Charleston,South Carolina,29416,US,32.8488,-79.8577,42640,"Nader, Jast and Heller",06/12/2024
986,Jobyna,Cufflin,jcufflinrd@t.co,Female,1995,Mitsubishi,Expo,Washington,District of Columbia,20078,US,38.8933,-77.0146,30431,Dietrich-White,05/27/2024
987,Jewel,Toulch,jtoulchre@salon.com,Female,2003,Mercury,Grand Marquis,San Bernardino,California,92424,US,34.84,-115.9671,62232,Parisian and Sons,08/06/2022
988,Othilia,Philipsson,ophilipssonrf@blogspot.com,Female,2005,Volvo,V50,Fayetteville,North Carolina,28314,US,35.0583,-79.008,98318,"Cassin, Feil and Hayes",04/25/2024
989,Jo,Valentine,jvalentinerg@com.com,Female,2007,Cadillac,CTS-V,Sacramento,California,94297,US,38.3774,-121.4444,99046,Bins-Gusikowski,12/19/2024
990,Dale,Truggian,dtruggianrh@dailymail.co.uk,Female,2012,Ferrari,458 Italia,Madison,Wisconsin,53710,US,43.0696,-89.4239,48951,"Grady, Wolf and Deckow",09/09/2024
991,Lisetta,Fluit,lfluitri@yahoo.co.jp,Female,1992,Dodge,Ram Van B350,Minneapolis,Minnesota,55448,US,45.1907,-93.3021,36972,Howell and Sons,05/15/2023
992,Annmaria,Exon,aexonrj@disqus.com,Female,1994,Subaru,Justy,San Jose,California,95123,US,37.2458,-121.8306,78364,Bartell Inc,04/10/2023
993,Jemima,Albasini,jalbasinirk@bravesites.com,Female,1994,Ford,Econoline E250,New Bedford,Massachusetts,02745,US,41.6913,-70.9355,32328,"Osinski, Rowe and Glover",11/02/2022
994,Georgianne,Probbing,gprobbingrl@amazon.co.jp,Female,2003,Ford,Mustang,Los Angeles,California,90045,US,33.9631,-118.3941,93820,"Schultz, Carter and Steuber",10/18/2025
995,Dallas,Hartnup,dhartnuprm@g.co,Male,2007,Ford,E-Series,Pasadena,California,91103,US,34.1669,-118.1551,41959,Kreiger LLC,11/24/2023
996,Filbert,Prophet,fprophetrn@unc.edu,Male,2009,Kia,Spectra,Tulsa,Oklahoma,74133,US,36.0467,-95.8841,75470,"Leffler, Littel and Lubowitz",03/24/2022
997,Meredith,Mattersey,mmatterseyro@independent.co.uk,Male,1990,Porsche,944,Englewood,Colorado,80150,US,39.7388,-104.4083,74305,"Hand, Spencer and Nienow",09/03/2025
998,Hilario,Brierley,hbrierleyrp@springer.com,Male,1999,Isuzu,Oasis,Anchorage,Alaska,99512,US,61.204,-149.8084,35780,"Balistreri, O'Conner and Sporer",09/20/2023
999,Kerr,Jaze,kjazerq@indiegogo.com,Male,2004,Chrysler,Concorde,Atlanta,Georgia,31190,US,33.7629,-84.4226,87517,Mohr Group,09/22/2023
1000,Eugenius,Collins,ecollinsrr@jugem.jp,Male,1998,BMW,5 Series,San Francisco,California,94121,US,37.7786,-122.4892,96575,"Hills, Sawayn and Rice",11/07/2023
