id,firstName,lastName,email,gender,carYear,automobileMake,automobileModel,customerRegion,customerState,customerPostal,customerCountry_ISO2,customerRegionLatitude,ownerRegionLongitude,automobilePrice,customer,purchaseDate
1,Daven,Ardern,dardern0@drupal.org,Male,2012,Audi,S4,Pittsburgh,Pennsylvania,15261,US,40.4344,-80.0248,93697,Welch LLC,02/19/2024
2,Man,Lory,mlory1@blogger.com,Male,2007,Chevrolet,Suburban,Shreveport,Louisiana,71166,US,32.6076,-93.7526,55375,"Stiedemann, Zboncak and Runte",05/09/2023
3,Delores,Omar,domar2@twitter.com,Female,2008,Honda,Civic,Brooklyn,New York,11210,US,40.6281,-73.9467,30625,Willms-Hamill,11/06/2025
4,Rachael,Russe,rrusse3@scribd.com,Female,1995,Mazda,RX-7,Carol Stream,Illinois,60351,US,41.9166,-88.1208,50734,"Beer, Reichert and Beier",03/03/2024
5,Thedric,Lovelock,tlovelock4@youku.com,Male,2004,Toyota,4Runner,Gadsden,Alabama,35905,US,33.9352,-85.9576,98897,Mosciski-McGlynn,01/15/2023
6,June,Hirjak,jhirjak5@1und1.de,Female,2006,Mercury,Grand Marquis,Albany,New York,12262,US,42.6149,-73.9708,39785,"Pagac, Rolfson and Volkman",04/19/2023
7,Koralle,Matushevitz,kmatushevitz6@sfgate.com,Female,1999,Subaru,Impreza,San Antonio,Texas,78230,US,29.5407,-98.5521,97517,"Walter, Miller and Will",11/11/2023
8,Fran,Temporal,ftemporal7@google.com.au,Genderqueer,2003,Nissan,Xterra,Tulsa,Oklahoma,74133,US,36.0467,-95.8841,68848,"Farrell, Wisozk and Wisozk",07/18/2024
9,Raimundo,Higgen,rhiggen8@altervista.org,Male,2004,Acura,NSX,Birmingham,Alabama,35263,US,33.5225,-86.8094,31350,"Lind, Stroman and Christiansen",03/12/2025
10,Sonnie,Kleeborn,skleeborn9@sohu.com,Female,1992,Mitsubishi,RVR,Springfield,Massachusetts,01105,US,42.0999,-72.5783,68378,Smitham-Herzog,02/25/2023
11,Sky,Eveleigh,seveleigha@theguardian.com,Male,2009,Acura,MDX,Saint Louis,Missouri,63116,US,38.5814,-90.2625,55987,"Fadel, Braun and Harris",12/04/2024
12,Cindi,Shimmings,cshimmingsb@sphinn.com,Non-binary,1998,Chrysler,Concorde,Saginaw,Michigan,48609,US,43.3869,-84.0926,74225,Streich Group,02/06/2025
13,Guglielma,Kelshaw,gkelshawc@scientificamerican.com,Female,2003,Cadillac,Escalade EXT,Athens,Georgia,30610,US,33.9443,-83.3891,40556,"Schamberger, Hirthe and Kerluke",10/14/2025
14,Maire,Conville,mconvilled@forbes.com,Female,1991,Buick,Reatta,Houston,Texas,77266,US,29.834,-95.4342,48179,Kihn Inc,06/09/2023
15,Emery,Claxson,eclaxsone@rakuten.co.jp,Male,2009,Chevrolet,Impala,Spartanburg,South Carolina,29305,US,35.1114,-82.1055,43695,"Bergnaum, Mann and Schmitt",01/23/2023
16,Bea,Summerly,bsummerlyf@hostgator.com,Female,1987,Ford,Taurus,Philadelphia,Pennsylvania,19141,US,40.0365,-75.1451,31583,"Kihn, Lueilwitz and Hauck",05/28/2023
17,Eli,Elvey,eelveyg@wikipedia.org,Male,1995,Chevrolet,Camaro,Evansville,Indiana,47737,US,37.9971,-87.575,34206,Heathcote LLC,01/03/2025
18,Janek,Beer,jbeerh@epa.gov,Male,2012,Lexus,RX Hybrid,Charleston,West Virginia,25389,US,38.354,-81.6394,31931,Abbott-Koch,09/15/2025
19,Brandise,Shevels,bshevelsi@example.com,Female,2002,Volkswagen,New Beetle,Baltimore,Maryland,21275,US,39.2847,-76.6205,31780,"Roob, Sipes and Carter",04/27/2024
20,Yorgos,Melly,ymellyj@oakley.com,Male,2006,Kia,Spectra5,Memphis,Tennessee,38126,US,35.1255,-90.0424,54112,"Schmitt, Hyatt and Hammes",07/21/2025
21,Davina,Sparling,dsparlingk@shareasale.com,Agender,2006,Mitsubishi,Galant,Albany,New York,12210,US,42.6568,-73.7605,43418,Jast-Cruickshank,09/26/2024
22,Elisabeth,Tinniswood,etinniswoodl@163.com,Female,2005,Jeep,Liberty,Brooklyn,New York,11220,US,40.6412,-74.0133,87944,Waelchi LLC,01/07/2026
23,Christina,Bester,cbesterm@ebay.com,Female,2008,Dodge,Grand Caravan,Orange,California,92867,US,33.811,-117.8493,38176,Watsica-Graham,06/17/2024
24,Godart,Hanks,ghanksn@example.com,Male,2007,Chevrolet,Monte Carlo,Milwaukee,Wisconsin,53225,US,43.1154,-88.0346,46583,"Marks, Abbott and Grant",06/05/2022
25,Jeramie,de Chastelain,jdechastelaino@devhub.com,Male,2009,Volkswagen,Passat,Houston,Texas,77025,US,29.6889,-95.4341,94105,Haley-Kohler,06/15/2024
26,Cord,Ledford,cledfordp@whitehouse.gov,Male,2009,Toyota,TundraMax,Bowie,Maryland,20719,US,38.8336,-76.8777,74718,Rau-Casper,06/25/2025
27,Ofella,Worsfold,oworsfoldq@lycos.com,Female,2012,Volkswagen,New Beetle,Hartford,Connecticut,06152,US,41.7918,-72.7188,88512,"Wisoky, Kovacek and Heaney",05/23/2022
28,Davis,Marrows,dmarrowsr@cbsnews.com,Male,1993,Saturn,S-Series,Abilene,Texas,79699,US,32.4665,-99.7117,98880,Pollich-Hermiston,01/07/2024
29,Catharina,Bumpus,cbumpuss@alibaba.com,Female,2006,Subaru,Legacy,Dallas,Texas,75358,US,32.7942,-96.7652,44152,Volkman-Corwin,09/26/2023
30,Filia,Holttom,fholttomt@buzzfeed.com,Female,2011,Honda,CR-Z,Richmond,Virginia,23203,US,37.5593,-77.4471,73847,"Bergnaum, Kuhn and Huels",02/20/2022
31,Jacenta,Grieveson,jgrievesonu@ycombinator.com,Female,1997,Audi,Cabriolet,Flint,Michigan,48505,US,43.0634,-83.7001,31280,Rath-Reichert,10/25/2025
32,Cindelyn,Fidock,cfidockv@princeton.edu,Female,1987,Audi,5000S,Oklahoma City,Oklahoma,73135,US,35.411,-97.4388,56484,"Strosin, Waelchi and Dickens",11/21/2022
33,Verina,Acutt,vacuttw@nih.gov,Female,1991,Volkswagen,Golf,North Hollywood,California,91606,US,34.1872,-118.3865,44445,"Boyer, Ernser and Kulas",03/10/2023
34,Marcelia,Colebrook,mcolebrookx@xrea.com,Female,2007,Toyota,Corolla,Birmingham,Alabama,35244,US,33.3538,-86.8254,53603,Kiehn-Dach,09/18/2023
35,Gwyn,Bellwood,gbellwoody@whitehouse.gov,Female,1988,Audi,80/90,Topeka,Kansas,66667,US,39.0429,-95.7697,59772,"Walter, Schimmel and Fritsch",10/13/2024
36,Nickolai,Wyke,nwykez@yolasite.com,Male,2002,Lincoln,LS,Harrisburg,Pennsylvania,17105,US,40.2785,-76.8752,60955,Bayer-Luettgen,01/23/2024
37,Ardeen,Downie,adownie10@tiny.cc,Female,2006,Chevrolet,Avalanche 1500,Washington,District of Columbia,20205,US,38.905,-77.0162,47291,Dicki and Sons,06/20/2024
38,Bronson,Murrison,bmurrison11@icq.com,Male,2004,Audi,Allroad,San Diego,California,92105,US,32.7423,-117.0947,69039,"Jast, Koepp and Bins",12/01/2022
39,Laney,Denidge,ldenidge12@plala.or.jp,Female,2003,Subaru,Forester,Charleston,West Virginia,25356,US,38.2968,-81.5547,72409,Toy Group,09/03/2023
40,Kermit,Horsted,khorsted13@ezinearticles.com,Male,2000,Mitsubishi,Challenger,Jacksonville,Florida,32255,US,30.287,-81.3893,69314,Stiedemann-McCullough,04/30/2024
41,Foss,Lewens,flewens14@ihg.com,Male,1975,Chevrolet,Camaro,Dallas,Texas,75246,US,32.7948,-96.7697,75055,Toy-Hayes,02/22/2024
42,Larine,Crumbleholme,lcrumbleholme15@smh.com.au,Female,2002,Daewoo,Nubira,Richmond,Virginia,23225,US,37.5158,-77.5047,96042,"Terry, Reinger and Kling",10/09/2024
43,Papagena,Fortun,pfortun16@hp.com,Polygender,2005,Lamborghini,Gallardo,Hartford,Connecticut,06183,US,41.7638,-72.673,48729,Cormier-Daugherty,10/26/2025
44,Ado,Lawie,alawie17@marriott.com,Male,2006,Infiniti,Q,Sacramento,California,95818,US,38.5568,-121.4929,76465,Beer-Koelpin,10/24/2023
45,Kevyn,McMenamin,kmcmenamin18@washingtonpost.com,Female,1989,Mercury,Topaz,Cincinnati,Ohio,45203,US,39.1075,-84.5257,76929,"Koss, Beatty and Beier",05/19/2023
46,Vito,Scorah,vscorah19@free.fr,Male,1991,Volkswagen,Jetta,Conroe,Texas,77305,US,30.2906,-95.3832,86159,Schimmel-Goldner,12/25/2024
47,Bobbee,Chaston,bchaston1a@webmd.com,Bigender,1994,Ford,Probe,Spokane,Washington,99210,US,47.6536,-117.4317,64089,Leannon-Miller,01/29/2024
48,Laure,Titchen,ltitchen1b@cnn.com,Female,2005,Jaguar,X-Type,Newton,Massachusetts,02162,US,42.3319,-71.254,48230,Zieme-Stark,02/03/2025
49,Kippie,Ilive,kilive1c@spotify.com,Male,1996,Nissan,200SX,Knoxville,Tennessee,37931,US,35.9924,-84.1201,90297,Reynolds LLC,01/28/2024
50,Pinchas,Stormont,pstormont1d@toplist.cz,Bigender,2004,Cadillac,Escalade EXT,Atlanta,Georgia,31196,US,33.8444,-84.474,63786,"Ebert, Ferry and Emmerich",03/02/2022
51,Clara,Battey,cbattey1e@naver.com,Female,2009,Volvo,XC90,Saint Petersburg,Florida,33731,US,27.8918,-82.7248,30524,Daniel Group,09/06/2025
52,Louisette,Bull,lbull1f@cnet.com,Female,1993,Toyota,Land Cruiser,San Francisco,California,94105,US,37.7864,-122.3892,57239,"Rempel, Kuhic and Crooks",10/19/2022
53,Tremaine,Whitemarsh,twhitemarsh1g@simplemachines.org,Male,1987,Volkswagen,Golf,Sacramento,California,94250,US,38.3774,-121.4444,97534,Reinger Inc,11/27/2023
54,Hugues,Smiz,hsmiz1h@hostgator.com,Male,1999,Corbin,Sparrow,Saint Paul,Minnesota,55146,US,44.9427,-93.0828,78198,Grant Group,03/29/2025
55,Knox,Fabry,kfabry1i@scientificamerican.com,Male,1995,Ford,Econoline E350,Houston,Texas,77070,US,29.9781,-95.5803,96318,"Streich, Barton and Prosacco",01/04/2024
56,Frederick,Augur,faugur1j@apache.org,Male,2004,Pontiac,Grand Prix,Dallas,Texas,75251,US,32.9189,-96.7751,73891,Hoppe Inc,05/07/2023
57,Val,Leakner,vleakner1k@php.net,Male,2005,Suzuki,Aerio,Peoria,Illinois,61656,US,40.7442,-89.7184,38895,"Moore, Zemlak and Watsica",12/20/2023
58,Josefina,Labon,jlabon1l@twitpic.com,Female,2012,Ford,E250,Colorado Springs,Colorado,80951,US,38.8881,-104.6556,80942,Spencer-Anderson,12/01/2022
59,Davida,Cleeton,dcleeton1m@answers.com,Female,2012,Ford,F250,Spokane,Washington,99205,US,47.6964,-117.4399,37899,Fisher LLC,08/20/2023
60,Minor,Manifold,mmanifold1n@last.fm,Male,2013,Hyundai,Sonata,El Paso,Texas,88579,US,31.6948,-106.3,65233,Hayes Inc,03/06/2023
61,Brian,Cahey,bcahey1o@tumblr.com,Male,1992,Oldsmobile,88,Metairie,Louisiana,70005,US,30.0005,-90.1331,80568,"Dickinson, Becker and Hartmann",06/28/2023
62,Domini,Lelliott,dlelliott1p@acquirethisname.com,Polygender,1996,Buick,Skylark,Pueblo,Colorado,81010,US,38.1286,-104.5523,64919,Parisian-Huels,04/08/2025
63,Lynn,Allmark,lallmark1q@bandcamp.com,Male,1989,Mazda,626,Lexington,Kentucky,40505,US,38.0612,-84.4583,97708,"Gibson, Wolff and Schimmel",11/13/2022
64,Dannye,MacGarrity,dmacgarrity1r@microsoft.com,Polygender,2009,Aston Martin,Vantage,Dallas,Texas,75277,US,32.7673,-96.7776,82830,"Stamm, Wehner and Dibbert",02/22/2023
65,Becca,Wear,bwear1s@phpbb.com,Female,1996,GMC,Vandura G3500,Toledo,Ohio,43615,US,41.6492,-83.6706,83335,Towne Inc,11/09/2024
66,Earl,Audas,eaudas1t@zimbio.com,Male,2000,Mazda,MPV,Norfolk,Virginia,23551,US,36.9312,-76.2397,52669,"Metz, Huel and Cole",08/15/2023
67,Eddy,Towers,etowers1u@ow.ly,Female,2006,Maybach,62,Hollywood,Florida,33023,US,25.9894,-80.2153,76528,"Kling, Senger and Harber",11/29/2023
68,Brad,Bridgman,bbridgman1v@hp.com,Male,1988,Suzuki,SJ,Honolulu,Hawaii,96820,US,21.351,-157.8795,72656,"Corkery, Klocko and Langosh",04/28/2023
69,Petronia,Habbon,phabbon1w@aol.com,Female,2000,Pontiac,Bonneville,Monticello,Minnesota,55565,US,45.2009,-93.8881,62869,Reilly-Batz,09/10/2023
70,Budd,Caverhill,bcaverhill1x@arizona.edu,Male,2007,Kia,Optima,Spokane,Washington,99205,US,47.6964,-117.4399,47036,Stroman-Hayes,06/26/2023
71,Kelley,Lieber,klieber1y@dailymotion.com,Non-binary,2000,Volkswagen,Eurovan,Boulder,Colorado,80310,US,40.0878,-105.3735,54342,Ferry-Daniel,10/09/2022
72,Konstantine,Giabucci,kgiabucci1z@mtv.com,Male,1997,Chevrolet,1500,Tampa,Florida,33673,US,27.872,-82.4388,84673,"Schmitt, Ziemann and Thompson",11/02/2024
73,Debbi,Powley,dpowley20@istockphoto.com,Female,2001,Honda,CR-V,Newark,New Jersey,07188,US,40.7918,-74.2452,76983,"Treutel, Mosciski and Kerluke",07/09/2024
74,Corena,Szymczyk,cszymczyk21@europa.eu,Female,2004,GMC,Savana 1500,Oklahoma City,Oklahoma,73114,US,35.5704,-97.5257,94458,"Lakin, Swaniawski and Shanahan",01/19/2026
75,Kimmie,Amor,kamor22@theatlantic.com,Female,2000,Hummer,H1,New York City,New York,10131,US,40.7808,-73.9772,71602,Jacobs Inc,02/12/2023
76,Jard,Gorling,jgorling23@bbb.org,Male,2006,Ford,F250,San Bernardino,California,92405,US,34.1446,-117.3013,51762,Jenkins and Sons,08/04/2023
77,Harri,Thurlow,hthurlow24@networksolutions.com,Female,2012,Porsche,Boxster,Chicago,Illinois,60619,US,41.7458,-87.6054,96659,"Pacocha, Russel and Braun",01/17/2023
78,Anderea,Urpeth,aurpeth25@edublogs.org,Bigender,2006,Mercedes-Benz,CL-Class,El Paso,Texas,79945,US,31.6948,-106.3,53598,Bergnaum LLC,12/19/2025
79,Frasco,Adnams,fadnams26@hud.gov,Male,1997,Mitsubishi,Eclipse,Lakeland,Florida,33811,US,27.9865,-82.0139,95100,Jerde and Sons,12/06/2025
80,Bank,Degg,bdegg27@adobe.com,Male,1992,Honda,Accord,El Paso,Texas,79911,US,31.8925,-106.5426,45367,Bosco Inc,03/22/2022
81,Christian,Cockayne,ccockayne28@umn.edu,Agender,2009,Buick,LaCrosse,Atlanta,Georgia,30323,US,33.8444,-84.474,67221,Schaden-Rolfson,12/12/2024
82,Jacintha,Springford,jspringford29@quantcast.com,Female,2010,Jaguar,XF,Dayton,Ohio,45440,US,39.6749,-84.1136,55990,"Windler, Herzog and Barrows",04/06/2023
83,Wyatan,Houlston,whoulston2a@zdnet.com,Male,2002,Chrysler,PT Cruiser,Saint Paul,Minnesota,55172,US,45.0059,-93.1059,86438,Stark Group,06/11/2023
84,Ingrim,Stucke,istucke2b@howstuffworks.com,Male,2007,Volkswagen,New Beetle,Alexandria,Louisiana,71307,US,31.2034,-92.5269,55032,"Murray, Doyle and Wehner",04/07/2022
85,Elli,Cubley,ecubley2c@boston.com,Female,2002,Oldsmobile,Silhouette,Colorado Springs,Colorado,80995,US,38.8247,-104.562,76592,Schmidt Inc,11/17/2022
86,Joline,Bessey,jbessey2d@pinterest.com,Female,1994,Eagle,Talon,Saint Cloud,Minnesota,56372,US,45.5289,-94.5933,83663,Bailey-Ward,03/25/2024
87,Ulrich,Hefner,uhefner2e@accuweather.com,Male,1997,GMC,Savana 1500,Scranton,Pennsylvania,18505,US,41.3914,-75.6657,83297,Auer-Schuster,09/20/2024
88,Duffie,Olin,dolin2f@tumblr.com,Male,2003,Isuzu,Rodeo,Modesto,California,95354,US,37.6409,-120.9749,42072,Jacobi and Sons,01/14/2026
89,Ina,Mattea,imattea2g@wordpress.com,Female,2009,Dodge,Viper,Tampa,Florida,33661,US,27.872,-82.4388,89517,Rutherford-Turcotte,05/28/2022
90,Barbee,Board,bboard2h@spotify.com,Agender,2004,Land Rover,Freelander,Syracuse,New York,13224,US,43.0421,-76.1046,99909,Glover LLC,01/05/2023
91,Bond,Oddie,boddie2i@ucoz.ru,Male,1994,Dodge,Ram Van B150,Bradenton,Florida,34210,US,27.4544,-82.6358,53382,Bailey-Hartmann,08/19/2023
92,Jamill,Coney,jconey2j@miitbeian.gov.cn,Male,1975,Chevrolet,Camaro,Denton,Texas,76210,US,33.1428,-97.0727,79740,Dach-Simonis,11/17/2022
93,Agnes,Flindall,aflindall2k@archive.org,Female,2006,Ford,F150,Colorado Springs,Colorado,80930,US,38.8289,-104.5269,63225,Sipes-Carter,07/25/2024
94,Yancey,Yourell,yyourell2l@sogou.com,Male,2003,GMC,Savana 2500,Tulsa,Oklahoma,74108,US,36.1499,-95.7923,68772,Heathcote Inc,10/15/2025
95,Munmro,Trappe,mtrappe2m@moonfruit.com,Genderqueer,2001,Pontiac,Bonneville,Hampton,Virginia,23668,US,37.0206,-76.3377,48924,Hettinger and Sons,08/01/2023
96,Eliot,Collison,ecollison2n@e-recht24.de,Male,1966,Ford,Fairlane,Gainesville,Georgia,30506,US,34.3562,-83.8882,78581,Luettgen-Pollich,01/04/2025
97,Teodorico,Glastonbury,tglastonbury2o@macromedia.com,Male,1996,Oldsmobile,Ciera,Amarillo,Texas,79116,US,35.2454,-101.999,94645,"Kassulke, Yost and Parisian",05/10/2022
98,Cornell,Fripps,cfripps2p@trellian.com,Male,1996,Buick,Regal,Saint Louis,Missouri,63169,US,38.6531,-90.2435,99527,Dickens LLC,12/05/2023
99,Sherrie,Morville,smorville2q@desdev.cn,Female,2007,GMC,Savana 3500,Hialeah,Florida,33018,US,25.9098,-80.3889,36881,"Wunsch, Dickinson and McKenzie",03/15/2025
100,Wain,Brooksby,wbrooksby2r@reddit.com,Male,1988,Mazda,MX-6,Greensboro,North Carolina,27415,US,36.0807,-80.0244,48451,"Hackett, Brakus and Schmeler",12/07/2024
101,Forster,Chucks,fchucks2s@sciencedaily.com,Male,2004,Mitsubishi,Pajero,Fort Worth,Texas,76178,US,32.7714,-97.2915,52318,"Kassulke, Sawayn and Schowalter",05/25/2023
102,Reeta,Erni,rerni2t@seesaa.net,Female,2005,Acura,TSX,New Orleans,Louisiana,70116,US,29.9686,-90.0646,40571,Schultz LLC,11/17/2023
103,Rossy,Corzor,rcorzor2u@canalblog.com,Male,2007,Acura,TSX,Dallas,Texas,75221,US,32.8147,-96.7877,94392,Howell-Mosciski,07/13/2024
104,Jaye,Canete,jcanete2v@youku.com,Male,1988,Ford,Mustang,Peoria,Illinois,61640,US,40.7857,-89.6177,98393,"Wiza, Ondricka and Cronin",10/30/2025
105,Corene,Jaquemar,cjaquemar2w@devhub.com,Female,1998,Toyota,T100 Xtra,Richmond,Virginia,23228,US,37.625,-77.4959,38602,Hyatt-Block,02/20/2023
106,Kristel,Gowans,kgowans2x@soundcloud.com,Non-binary,2006,Acura,TL,Conroe,Texas,77305,US,30.2906,-95.3832,70696,Rippin-Kiehn,01/08/2026
107,Otis,Peirce,opeirce2y@dell.com,Male,2005,Lexus,ES,New Orleans,Louisiana,70154,US,30.033,-89.8826,43947,"Mraz, Jaskolski and Waters",11/01/2024
108,Viki,Bardell,vbardell2z@bloomberg.com,Female,1993,Dodge,Caravan,Huntington Beach,California,92648,US,33.6773,-118.0051,30169,Hermann LLC,03/22/2022
109,Rosene,Schimpke,rschimpke30@blog.com,Female,1998,Isuzu,Oasis,Hampton,Virginia,23663,US,37.0318,-76.3199,56130,O'Connell-Paucek,06/14/2022
110,Mercie,De'Vere - Hunt,mdeverehunt31@github.com,Female,1999,GMC,Jimmy,Manchester,New Hampshire,03105,US,42.9521,-71.6539,35913,Watsica-Wiegand,07/10/2023
111,Romain,Gullen,rgullen32@google.co.jp,Male,1993,Nissan,Pathfinder,Birmingham,Alabama,35225,US,33.5446,-86.9292,37626,Sporer and Sons,04/17/2023
112,Antonella,McLagain,amclagain33@dailymotion.com,Female,2003,BMW,3 Series,Shreveport,Louisiana,71137,US,32.6076,-93.7526,64302,"Koepp, Rodriguez and McDermott",02/06/2023
113,Ephraim,Bridgland,ebridgland34@rediff.com,Male,2009,Jeep,Wrangler,San Francisco,California,94147,US,37.7848,-122.7278,37951,Ebert LLC,06/18/2022
114,Lin,Mytton,lmytton35@jugem.jp,Female,2006,Chrysler,Crossfire,Madison,Wisconsin,53705,US,43.073,-89.4528,31824,Ward and Sons,02/05/2024
115,Allister,Ilewicz,ailewicz36@alibaba.com,Male,1996,Saab,900,Las Vegas,Nevada,89135,US,36.1378,-115.3261,78186,Bruen-Ernser,02/22/2025
116,Daryn,Peace,dpeace37@altervista.org,Female,2009,Morgan,Aero 8,Harrisburg,Pennsylvania,17110,US,40.303,-76.8862,70031,Collins-Howe,07/22/2024
117,Martie,Rayworth,mrayworth38@blinklist.com,Non-binary,1993,Dodge,Caravan,Kansas City,Missouri,64179,US,39.035,-94.3567,89630,"Braun, Altenwerth and Gleichner",10/18/2025
118,Derwin,McAline,dmcaline39@yahoo.com,Male,2005,GMC,Envoy XL,Macon,Georgia,31217,US,32.8118,-83.565,63192,Gerhold-Blanda,04/01/2022
119,Cori,Kimbley,ckimbley3a@chron.com,Male,2002,Ford,ZX2,Evansville,Indiana,47712,US,37.929,-87.6604,82886,Gerlach and Sons,04/13/2024
120,Wynny,Snodin,wsnodin3b@netscape.com,Female,1999,Dodge,Charger,San Diego,California,92191,US,33.0169,-116.846,89860,Senger-McLaughlin,05/14/2025
121,Aurelie,Soldi,asoldi3c@oracle.com,Female,2000,GMC,Sierra 1500,Colorado Springs,Colorado,80951,US,38.8881,-104.6556,67895,Deckow-Mitchell,07/03/2024
122,Nadean,Mowsdell,nmowsdell3d@toplist.cz,Female,1999,Suzuki,Swift,Indianapolis,Indiana,46226,US,39.8326,-86.0836,72543,Jacobi and Sons,02/21/2023
123,Port,Cooke,pcooke3e@mail.ru,Male,2002,Cadillac,Escalade,Portland,Oregon,97232,US,45.5287,-122.6363,98789,"Greenfelder, Farrell and Upton",03/04/2022
124,Dell,McCaughen,dmccaughen3f@cmu.edu,Female,1996,Toyota,Celica,Gaithersburg,Maryland,20883,US,39.0883,-77.1568,51704,Schumm-Braun,06/14/2022
125,Maurise,Alibone,malibone3g@businesswire.com,Female,2005,Volkswagen,Phaeton,Honolulu,Hawaii,96815,US,21.2811,-157.8266,88097,Connelly-Hoeger,09/07/2023
126,Stevie,Stapleton,sstapleton3h@wix.com,Male,1992,Ford,Probe,Naples,Florida,34102,US,26.134,-81.7953,70831,Veum-McCullough,03/09/2025
127,Merwin,Robak,mrobak3i@utexas.edu,Male,1998,Chevrolet,Express 3500,San Diego,California,92176,US,33.0169,-116.846,93928,Quigley LLC,08/18/2025
128,Adam,Dabling,adabling3j@rakuten.co.jp,Male,2004,Mercedes-Benz,SLK-Class,Abilene,Texas,79605,US,32.432,-99.7724,46781,"Volkman, Bashirian and Hand",08/13/2024
129,Irma,Netherwood,inetherwood3k@yellowpages.com,Female,1992,Volkswagen,Jetta,Charlotte,North Carolina,28235,US,35.26,-80.8042,92894,Steuber-Greenfelder,11/27/2022
130,Darren,Shory,dshory3l@cloudflare.com,Male,2006,Suzuki,Daewoo Magnus,San Diego,California,92121,US,32.8919,-117.2035,72656,Haley Inc,08/11/2022
131,Willi,Cassar,wcassar3m@dot.gov,Male,1992,Infiniti,G,Tucson,Arizona,85748,US,32.215,-110.7758,99425,Rempel and Sons,03/19/2023
132,Lorianne,Emig,lemig3n@nature.com,Female,2011,Nissan,Versa,Syracuse,New York,13251,US,43.0214,-76.1977,94417,Kuvalis-Nitzsche,10/12/2024
133,Reiko,Gurge,rgurge3o@arstechnica.com,Female,1994,Subaru,Justy,Lubbock,Texas,79405,US,33.571,-101.8507,91848,"Bernhard, Pouros and Effertz",09/27/2024
134,Dene,Kleinber,dkleinber3p@foxnews.com,Male,1986,Volkswagen,Passat,Boca Raton,Florida,33487,US,26.4116,-80.0928,91882,"Rowe, Swift and Schimmel",08/02/2024
135,Chickie,Upshall,cupshall3q@nhs.uk,Female,1996,Oldsmobile,Silhouette,Hartford,Connecticut,06120,US,41.786,-72.6758,66788,Roob-Feeney,07/04/2025
136,Pip,Steketee,psteketee3r@parallels.com,Male,1995,Mitsubishi,Pajero,Richmond,Virginia,23208,US,37.5593,-77.4471,30693,"Jenkins, Koch and Hodkiewicz",12/15/2022
137,Jordanna,Delacoste,jdelacoste3s@businesswire.com,Female,2006,Cadillac,SRX,Bridgeport,Connecticut,06606,US,41.2091,-73.2086,93873,Greenfelder-Osinski,11/24/2025
138,Silvie,Vigers,svigers3t@timesonline.co.uk,Female,1987,Ford,Ranger,Norcross,Georgia,30092,US,33.9677,-84.2438,68375,"Beier, Abshire and Bahringer",06/19/2023
139,Mandel,Rignoldes,mrignoldes3u@t-online.de,Male,1994,Pontiac,Sunbird,Cincinnati,Ohio,45238,US,39.1092,-84.6108,64707,"MacGyver, Kreiger and Kunde",01/14/2024
140,Gonzales,Wolver,gwolver3v@ucoz.com,Male,2005,Mercedes-Benz,CLK-Class,El Paso,Texas,79940,US,31.6948,-106.3,70263,Dooley LLC,01/08/2025
141,Adi,Kilty,akilty3w@wiley.com,Female,2008,Kia,Optima,Tampa,Florida,33694,US,27.872,-82.4388,55433,"Heaney, O'Hara and Jerde",04/05/2025
142,Cordey,Spinley,cspinley3x@mail.ru,Female,2002,Daewoo,Lanos,Seattle,Washington,98133,US,47.7377,-122.3431,56184,McKenzie-Lowe,08/25/2022
143,Roley,Palphramand,rpalphramand3y@phoca.cz,Male,2000,Plymouth,Breeze,Charlotte,North Carolina,28289,US,35.26,-80.8042,76221,"Kiehn, Douglas and Jerde",09/19/2023
144,Dawn,Eisak,deisak3z@google.pl,Female,2002,Ford,Crown Victoria,Miami,Florida,33283,US,25.5584,-80.4582,58702,Bailey-Klocko,01/28/2025
145,Archer,Shillan,ashillan40@fema.gov,Polygender,1989,Buick,Estate,Phoenix,Arizona,85025,US,33.4226,-111.7236,90332,"Bartell, Beier and Kunze",04/03/2025
146,Susy,Edgehill,sedgehill41@smh.com.au,Female,2002,Ford,Focus,Melbourne,Florida,32941,US,27.9246,-80.5235,36964,"Schulist, Streich and Sauer",04/19/2025
147,Angeli,Grise,agrise42@salon.com,Male,2006,GMC,Sierra 2500,Albuquerque,New Mexico,87121,US,35.0512,-106.7269,90968,Renner-Kunze,05/08/2025
148,Domini,Gornal,dgornal43@cnet.com,Female,2001,BMW,530,Houston,Texas,77065,US,29.9319,-95.6106,84118,Schultz-Davis,08/31/2023
149,Yancey,Beining,ybeining44@ifeng.com,Male,1993,Geo,Prizm,Idaho Falls,Idaho,83405,US,43.3233,-111.7822,85764,"Schamberger, Zulauf and Legros",04/10/2024
150,Eunice,Gianiello,egianiello45@ebay.co.uk,Non-binary,2004,BMW,530,Tulsa,Oklahoma,74103,US,36.1539,-95.9954,98070,Mitchell LLC,06/13/2022
151,Gratiana,Bramwich,gbramwich46@theatlantic.com,Female,2000,GMC,Sierra 3500,Biloxi,Mississippi,39534,US,30.4067,-88.9211,73600,"Harris, Nicolas and Hermann",02/25/2024
152,Thatcher,Sievewright,tsievewright47@sfgate.com,Male,1998,Dodge,Avenger,Sacramento,California,94237,US,38.3774,-121.4444,35789,Stanton-Feil,09/05/2023
153,Merry,Townshend,mtownshend48@webs.com,Female,1996,GMC,Vandura G3500,Anchorage,Alaska,99517,US,61.1901,-149.9361,92026,Romaguera LLC,04/29/2025
154,Joni,Worgen,jworgen49@ifeng.com,Female,2003,Ford,Escort ZX2,Reno,Nevada,89505,US,39.5224,-119.8353,65127,Schmitt Group,02/17/2025
155,Ellery,Boldry,eboldry4a@dailymail.co.uk,Male,1999,BMW,M3,Frankfort,Kentucky,40618,US,38.2341,-84.8748,56899,"Rodriguez, Graham and Breitenberg",10/23/2022
156,Andras,Olfert,aolfert4b@instagram.com,Male,1991,Porsche,911,Little Rock,Arkansas,72204,US,34.7269,-92.344,56105,"Emard, Windler and Bogisich",07/17/2025
157,Kally,Casse,kcasse4c@nsw.gov.au,Female,1996,Oldsmobile,Aurora,Fort Worth,Texas,76129,US,32.7714,-97.2915,83175,Tromp Group,11/17/2024
158,Jeni,Denyagin,jdenyagin4d@kickstarter.com,Female,1999,Acura,SLX,Columbus,Ohio,43268,US,39.969,-83.0114,47661,Kertzmann-Farrell,04/23/2022
159,Baxie,Benkhe,bbenkhe4e@paypal.com,Male,2008,Isuzu,Ascender,Portland,Oregon,97232,US,45.5287,-122.6363,57325,O'Keefe-Bailey,07/10/2024
160,Minette,Turfrey,mturfrey4f@wix.com,Female,2003,Isuzu,Rodeo Sport,Fort Worth,Texas,76105,US,32.7233,-97.269,45396,Macejkovic Group,03/07/2025
161,Kynthia,Crookall,kcrookall4g@multiply.com,Female,2002,GMC,Sonoma,Rochester,New York,14646,US,43.286,-77.6843,91014,Moore-Brown,10/01/2024
162,Benton,Colman,bcolman4h@miibeian.gov.cn,Polygender,1996,Ford,F250,Anchorage,Alaska,99522,US,61.1089,-149.4403,86710,DuBuque-Ledner,01/04/2025
163,Julee,Nelthorpe,jnelthorpe4i@dell.com,Female,2013,Ford,Escape,Phoenix,Arizona,85010,US,33.2765,-112.1872,86045,Jakubowski Group,10/25/2022
164,Mercedes,Broxup,mbroxup4j@sciencedirect.com,Female,2001,BMW,530,White Plains,New York,10633,US,41.119,-73.733,90635,"Shields, Brown and Hermann",10/23/2023
165,Shaylyn,Atmore,satmore4k@virginia.edu,Female,2010,Audi,TT,Charleston,South Carolina,29424,US,32.7831,-79.937,96552,Hessel Group,05/27/2024
166,Marquita,Mara,mmara4l@state.gov,Female,2010,Aston Martin,Rapide,Charleston,South Carolina,29416,US,32.8488,-79.8577,98094,"Runolfsdottir, Fisher and Green",02/18/2025
167,Paten,Ormistone,pormistone4m@un.org,Male,1997,Pontiac,Grand Prix,Amarillo,Texas,79182,US,35.4015,-101.8951,62535,Kuhn-Legros,05/25/2024
168,Curt,Brocklehurst,cbrocklehurst4n@ovh.net,Male,2012,Cadillac,SRX,Boca Raton,Florida,33432,US,26.3462,-80.0844,39481,Wisozk Inc,10/15/2022
169,Billy,Arrigo,barrigo4o@cbsnews.com,Agender,1993,Dodge,D150,New York City,New York,10079,US,40.7808,-73.9772,67975,Bogan Group,04/16/2025
170,Juliette,Hattrick,jhattrick4p@disqus.com,Female,1986,Pontiac,Grand Am,Boca Raton,Florida,33487,US,26.4116,-80.0928,51074,Braun and Sons,08/21/2022
171,Chev,Birt,cbirt4q@twitter.com,Male,2008,Saturn,Sky,Lancaster,Pennsylvania,17605,US,40.0185,-76.2976,96927,Witting-Waters,09/09/2024
172,Margot,Heasman,mheasman4r@cdc.gov,Female,1998,Nissan,Altima,Wilmington,Delaware,19886,US,39.5645,-75.597,69305,"Breitenberg, Mueller and McDermott",07/02/2022
173,Rafael,Trussell,rtrussell4s@hubpages.com,Male,1998,Mazda,Protege,Glendale,Arizona,85305,US,33.5291,-112.2482,72276,Steuber-Kuvalis,08/22/2023
174,Chick,Worthy,cworthy4t@sitemeter.com,Male,2010,Toyota,Venza,Birmingham,Alabama,35210,US,33.5452,-86.6655,97986,Tillman-Wuckert,06/23/2024
175,Quill,Brockman,qbrockman4u@telegraph.co.uk,Male,1987,Ford,Aerostar,Boise,Idaho,83757,US,43.4599,-116.244,44174,Welch-Douglas,07/27/2024
176,Gratiana,Filkov,gfilkov4v@qq.com,Female,2001,BMW,Z8,Houston,Texas,77206,US,29.834,-95.4342,71526,Raynor Inc,05/17/2024
177,Harlene,Fallen,hfallen4w@nhs.uk,Female,2011,Honda,Ridgeline,Oklahoma City,Oklahoma,73197,US,35.5514,-97.4075,99777,"Walsh, Predovic and Will",07/23/2022
178,Jeth,Dufton,jdufton4x@plala.or.jp,Male,2007,Mitsubishi,Galant,Shawnee Mission,Kansas,66286,US,38.8999,-94.832,48878,Romaguera and Sons,04/24/2024
179,Ludwig,Spratt,lspratt4y@mozilla.org,Non-binary,2012,Mazda,MX-5,Las Vegas,Nevada,89130,US,36.2471,-115.221,38141,"Metz, Miller and Mertz",11/11/2022
180,Wernher,Pavolillo,wpavolillo4z@dropbox.com,Male,2010,Cadillac,Escalade,Santa Rosa,California,95405,US,38.4386,-122.6727,62293,"Rodriguez, Homenick and Grant",11/10/2025
181,Webster,Nossent,wnossent50@jugem.jp,Male,2003,Suzuki,XL-7,Memphis,Tennessee,38161,US,35.2017,-89.9715,85235,"Hartmann, Mohr and King",05/13/2025
182,Quent,Heustace,qheustace51@google.nl,Male,2002,Audi,S4,Washington,District of Columbia,20535,US,38.8941,-77.0251,99762,"Stamm, Luettgen and Mraz",06/13/2022
183,Rodrick,Palfreyman,rpalfreyman52@multiply.com,Male,2012,GMC,Sierra 2500,Memphis,Tennessee,38181,US,35.2017,-89.9715,32782,Huels Inc,12/16/2023
184,Nadia,Lakes,nlakes53@huffingtonpost.com,Female,1965,Pontiac,Bonneville,Raleigh,North Carolina,27635,US,35.7977,-78.6253,41561,Crooks-Herman,10/03/2022
185,Jareb,Shilliday,jshilliday54@nps.gov,Male,2011,Hyundai,Genesis Coupe,Clearwater,Florida,33763,US,28.0173,-82.7461,93192,Bartoletti-Heathcote,06/17/2022
186,Alvera,Macken,amacken55@apple.com,Female,1960,Chevrolet,Corvair,Delray Beach,Florida,33448,US,26.6459,-80.4303,39020,"West, Hagenes and Bins",06/14/2023
187,Kiah,Patry,kpatry56@newyorker.com,Female,2008,BMW,3 Series,Paterson,New Jersey,07505,US,40.9166,-74.174,44886,Blick-Grant,03/28/2025
188,Gardy,Jarret,gjarret57@cbc.ca,Male,2012,Honda,Crosstour,Littleton,Colorado,80126,US,39.5437,-104.9691,59356,Klocko Inc,08/15/2022
189,Harman,Neil,hneil58@unblog.fr,Male,1999,Lexus,GS,New York City,New York,10024,US,40.7864,-73.9764,50023,McKenzie-Bins,09/11/2024
190,Alys,Baroc,abaroc59@earthlink.net,Female,2005,Saab,9-7X,Colorado Springs,Colorado,80925,US,38.7378,-104.6459,75590,Senger-Monahan,04/23/2025
191,Hi,Percival,hpercival5a@joomla.org,Male,2007,Mercedes-Benz,CLS-Class,San Francisco,California,94110,US,37.7509,-122.4153,84780,Kulas-Senger,09/02/2024
192,Sapphire,Brudenell,sbrudenell5b@yahoo.co.jp,Female,2006,Porsche,Boxster,San Jose,California,95194,US,37.3894,-121.8868,38752,"Jacobs, Armstrong and Erdman",07/31/2024
193,Diena,Lowery,dlowery5c@patch.com,Female,2000,BMW,3 Series,New York City,New York,10175,US,40.7543,-73.9798,32476,Hegmann-Mills,06/02/2025
194,Aurore,Stackbridge,astackbridge5d@newsvine.com,Female,2011,BMW,7 Series,Richmond,Virginia,23208,US,37.5593,-77.4471,85334,Walker Inc,02/23/2022
195,Arvie,Lister,alister5e@skype.com,Male,2010,Volvo,C70,Austin,Texas,78744,US,30.1876,-97.7472,96812,Lowe and Sons,02/23/2022
196,Noreen,Deboo,ndeboo5f@wikispaces.com,Female,1995,Pontiac,Firebird,Santa Fe,New Mexico,87505,US,35.6219,-105.8688,91099,Brown-Weissnat,12/30/2025
197,Crichton,Charke,ccharke5g@topsy.com,Male,2010,Acura,RDX,El Paso,Texas,88558,US,31.6948,-106.3,71169,Jast Inc,02/26/2024
198,Josefina,Bussey,jbussey5h@wp.com,Female,2007,Subaru,Tribeca,Boston,Massachusetts,02298,US,42.3823,-71.0323,54503,Hilll Group,12/10/2022
199,Darn,Smyth,dsmyth5i@army.mil,Male,2001,Dodge,Ram 2500,Miami,Florida,33153,US,25.8655,-80.1936,78961,Hoppe Inc,08/02/2023
200,Allie,Brantzen,abrantzen5j@cornell.edu,Female,1997,Lincoln,Mark VIII,Henderson,Nevada,89012,US,36.0119,-115.0433,51477,King Group,11/07/2023
201,Flinn,Burr,fburr5k@ucsd.edu,Male,2006,Mazda,Mazda5,Springfield,Massachusetts,01152,US,42.1707,-72.6048,37056,Swift and Sons,01/21/2025
202,Ajay,Ewington,aewington5l@deliciousdays.com,Female,1986,Mazda,RX-7,Lehigh Acres,Florida,33972,US,26.6492,-81.6167,41069,"Marvin, Hermiston and Marvin",08/17/2023
203,Lois,Haysom,lhaysom5m@hexun.com,Female,1998,Chevrolet,Astro,Migrate,Kentucky,41905,US,38.0638,-84.5027,60511,Connelly Inc,02/27/2023
204,Manda,Mayward,mmayward5n@jugem.jp,Female,1993,Suzuki,Swift,Virginia Beach,Virginia,23454,US,36.8282,-76.0237,86759,"Jenkins, Funk and Volkman",04/13/2024
205,Sande,Rafferty,srafferty5o@histats.com,Female,1960,Fillmore,Fillmore,Roanoke,Virginia,24020,US,37.3589,-79.9448,85973,Zboncak-Wuckert,08/06/2025
206,Brocky,Cavanagh,bcavanagh5p@mysql.com,Non-binary,1998,GMC,Savana 3500,Houston,Texas,77065,US,29.9319,-95.6106,90980,Hintz and Sons,05/24/2024
207,Bertie,Budget,bbudget5q@cnn.com,Female,2010,Mercedes-Benz,E-Class,Atlanta,Georgia,30358,US,33.9982,-84.3411,75042,Ortiz-Beer,07/07/2025
208,Garrard,Hellyer,ghellyer5r@weebly.com,Male,2009,GMC,Canyon,Santa Rosa,California,95405,US,38.4386,-122.6727,46387,Nolan-Collier,06/30/2024
209,Kimberli,de Voiels,kdevoiels5s@cbsnews.com,Female,1996,Volkswagen,rio,Houston,Texas,77095,US,29.8941,-95.6481,52582,Will-King,04/20/2023
210,Dominique,Gillbey,dgillbey5t@wired.com,Male,2010,Volkswagen,Touareg,Inglewood,California,90310,US,33.7866,-118.2987,45432,Romaguera Group,04/10/2024
211,Bondy,Gildersleeve,bgildersleeve5u@behance.net,Male,1993,GMC,Jimmy,Oceanside,California,92056,US,33.1968,-117.2831,96014,Jast-Roob,09/14/2022
212,Mufi,Pedroli,mpedroli5v@blogtalkradio.com,Female,1989,Mercury,Tracer,Battle Creek,Michigan,49018,US,42.2464,-85.0045,89629,"Batz, Yost and Homenick",04/26/2022
213,Helyn,Sabates,hsabates5w@wikipedia.org,Female,2000,Ford,Ranger,Albuquerque,New Mexico,87195,US,35.0443,-106.6729,57411,"Turner, Oberbrunner and Beer",01/05/2023
214,Deb,Russan,drussan5x@eventbrite.com,Female,2005,Toyota,RAV4,Roanoke,Virginia,24004,US,37.2742,-79.9579,48566,Mueller LLC,03/09/2023
215,Alessandro,M'Quharg,amquharg5y@newyorker.com,Male,2012,Kia,Sportage,Washington,District of Columbia,20005,US,38.9067,-77.0312,80278,"Wilkinson, Buckridge and Stark",08/21/2023
216,Sherlocke,McKellar,smckellar5z@edublogs.org,Male,2001,Chevrolet,Suburban 1500,Harrisburg,Pennsylvania,17126,US,40.2618,-76.88,71004,Kovacek LLC,08/13/2022
217,Standford,Pendle,spendle60@exblog.jp,Male,1996,Chevrolet,Caprice Classic,Louisville,Kentucky,40233,US,38.189,-85.6768,55280,Conroy LLC,08/15/2024
218,Chadwick,Darinton,cdarinton61@scribd.com,Male,2005,Maserati,Coupe,Norfolk,Virginia,23520,US,36.9312,-76.2397,39252,Fritsch LLC,11/29/2023
219,Darcie,Hulance,dhulance62@ihg.com,Female,1998,Chrysler,Concorde,Springfield,Illinois,62776,US,39.7495,-89.606,34682,Towne Inc,06/20/2025
220,Cordell,Stork,cstork63@live.com,Male,1998,Chevrolet,Lumina,Jacksonville,Florida,32259,US,30.0956,-81.6217,87005,Swift-Lind,07/06/2023
221,Tracey,Bailes,tbailes64@clickbank.net,Male,2013,Ford,Explorer,Pittsburgh,Pennsylvania,15255,US,40.4344,-80.0248,96713,"Macejkovic, Hoeger and Weimann",10/28/2024
222,Beauregard,Giannazzo,bgiannazzo65@ihg.com,Agender,1994,Jeep,Grand Cherokee,Gulfport,Mississippi,39505,US,30.4158,-89.0684,60771,Cummings Inc,01/02/2025
223,Calypso,Hallgarth,challgarth66@npr.org,Agender,1988,Mitsubishi,Mirage,Cleveland,Ohio,44105,US,41.4509,-81.619,72333,Cartwright Group,12/07/2024
224,Sylas,Armatage,sarmatage67@zimbio.com,Male,2001,Toyota,RAV4,Denver,Colorado,80262,US,39.731,-104.9384,40096,"Pollich, Schinner and Klein",12/28/2023
225,Seymour,Hainge,shainge68@mediafire.com,Male,2002,Ford,Explorer Sport Trac,Boston,Massachusetts,02216,US,42.3389,-70.9196,78247,Christiansen-Botsford,02/04/2023
226,Rubina,Huggins,rhuggins69@nature.com,Female,2005,Cadillac,DeVille,Minneapolis,Minnesota,55417,US,44.9054,-93.2361,33639,"Lehner, Stracke and Romaguera",04/16/2023
227,Ronica,Tribe,rtribe6a@cocolog-nifty.com,Genderqueer,1986,Suzuki,SJ 410,El Paso,Texas,79984,US,31.6948,-106.3,35909,"Doyle, Franecki and Kozey",04/10/2024
228,Merissa,Dinnis,mdinnis6b@mediafire.com,Polygender,1998,GMC,1500 Club Coupe,New York City,New York,10270,US,40.7069,-74.0082,53884,Beahan Group,02/08/2025
229,Malachi,Battey,mbattey6c@reddit.com,Male,1993,Volvo,850,Dallas,Texas,75353,US,32.7673,-96.7776,33034,Kovacek Inc,07/24/2023
230,Jessica,Ready,jready6d@hubpages.com,Female,1992,Cadillac,DeVille,Akron,Ohio,44305,US,41.076,-81.4644,61504,"Bergstrom, Gorczany and Pfannerstill",05/12/2025
231,Noll,Gildroy,ngildroy6e@china.com.cn,Male,2011,Kia,Optima,Winter Haven,Florida,33884,US,27.981,-81.6736,41159,Schaefer-Quitzon,09/16/2025
232,Cristian,O'Neary,coneary6f@topsy.com,Male,1997,Hyundai,Elantra,New York City,New York,10099,US,40.7808,-73.9772,42608,Quitzon-Simonis,07/15/2025
233,Inglis,Dybell,idybell6g@nymag.com,Male,2003,Cadillac,Escalade EXT,Chicago,Illinois,60669,US,41.8119,-87.6873,92994,"Hartmann, O'Hara and Bednar",06/19/2023
234,Annecorinne,Schrinel,aschrinel6h@github.com,Female,1996,Isuzu,Hombre,Tulsa,Oklahoma,74108,US,36.1499,-95.7923,55209,Nolan and Sons,08/01/2025
235,Natka,Stellino,nstellino6i@upenn.edu,Female,2003,Hyundai,Santa Fe,Lubbock,Texas,79410,US,33.5693,-101.8904,31869,"Hermiston, Funk and Beahan",12/10/2022
236,Garey,Decayette,gdecayette6j@seesaa.net,Male,2005,Hyundai,Tucson,New Orleans,Louisiana,70129,US,30.0877,-89.8462,96028,Hintz-Dare,09/11/2023
237,Sibylle,Carthew,scarthew6k@stumbleupon.com,Female,1992,Chevrolet,Sportvan G30,Garden Grove,California,92844,US,33.7661,-117.9738,47175,Dickinson-Braun,04/11/2024
238,Raynard,Vivian,rvivian6l@oakley.com,Male,2005,Toyota,Highlander,Sioux Falls,South Dakota,57193,US,43.6746,-96.7913,38167,Paucek-Shanahan,05/12/2022
239,Britta,Rosenthal,brosenthal6m@gizmodo.com,Female,2007,BMW,5 Series,Cincinnati,Ohio,45213,US,39.1802,-84.4204,48203,"Bartell, Koss and McLaughlin",02/01/2022
240,Jehanna,Williamson,jwilliamson6n@histats.com,Polygender,2004,BMW,545,New Orleans,Louisiana,70179,US,30.033,-89.8826,58584,"DuBuque, Schaden and Stehr",05/19/2024
241,Ammamaria,Boraston,aboraston6o@so-net.ne.jp,Female,1996,Honda,Odyssey,Des Moines,Iowa,50310,US,41.6255,-93.6736,60887,Skiles LLC,01/20/2023
242,Parsifal,Hullot,phullot6p@nytimes.com,Male,2002,Toyota,Tundra,Tucson,Arizona,85748,US,32.215,-110.7758,55869,Walsh-Gibson,02/10/2022
243,Godfrey,Tingey,gtingey6q@t-online.de,Male,2009,Hyundai,Entourage,Dallas,Texas,75387,US,32.7673,-96.7776,56349,McKenzie Group,02/11/2022
244,Dom,Jedrzaszkiewicz,djedrzaszkiewicz6r@ycombinator.com,Male,1987,Ford,Aerostar,South Bend,Indiana,46614,US,41.6255,-86.2433,71559,Muller LLC,05/04/2024
245,Hort,Giacomucci,hgiacomucci6s@disqus.com,Male,2008,Mercedes-Benz,CLS-Class,New York City,New York,10039,US,40.8265,-73.9383,48501,Reilly-Stoltenberg,01/02/2024
246,Lawrence,Rheaume,lrheaume6t@theglobeandmail.com,Male,2011,Mitsubishi,Eclipse,Mobile,Alabama,36641,US,30.6589,-88.178,70510,"Johns, Cremin and Mann",02/29/2024
247,Desiree,Richin,drichin6u@clickbank.net,Female,1988,Pontiac,Grand Prix,Tuscaloosa,Alabama,35405,US,33.1617,-87.5144,78359,Schuster-Stiedemann,08/26/2022
248,Geoffrey,Hardwicke,ghardwicke6v@apache.org,Male,2009,Kia,Rio,Oakland,California,94622,US,37.799,-122.2337,53200,Gottlieb and Sons,11/13/2024
249,Lexie,Gammell,lgammell6w@typepad.com,Female,2004,BMW,Z4,Trenton,New Jersey,08603,US,40.2805,-74.712,52557,"Schoen, Cole and Bergnaum",09/17/2023
250,Bren,Simmonite,bsimmonite6x@aboutads.info,Female,2007,Mitsubishi,Galant,San Antonio,Texas,78205,US,29.4237,-98.4925,32764,Orn and Sons,10/11/2025
251,Nonnah,Safe,nsafe6y@paypal.com,Female,1995,Plymouth,Acclaim,Shreveport,Louisiana,71151,US,32.6076,-93.7526,35492,Russel-Shanahan,12/02/2025
252,Kiel,Edmondson,kedmondson6z@pbs.org,Male,2010,Acura,TL,Virginia Beach,Virginia,23454,US,36.8282,-76.0237,71579,Yundt and Sons,03/06/2024
253,Cymbre,O'Noland,conoland70@vkontakte.ru,Female,1991,Buick,Regal,Lancaster,Pennsylvania,17605,US,40.0185,-76.2976,55808,Conn-McClure,01/06/2026
254,Norine,Carlens,ncarlens71@tripod.com,Female,2009,Kia,Mohave/Borrego,Atlanta,Georgia,30392,US,33.8444,-84.474,67937,Cronin-Fahey,11/11/2022
255,Agnella,Malim,amalim72@guardian.co.uk,Non-binary,2000,Isuzu,Hombre Space,Fresno,California,93762,US,36.7464,-119.6397,97990,"Ziemann, Gleason and Langosh",05/31/2022
256,Kirsteni,Leheude,kleheude73@plala.or.jp,Female,1994,Chevrolet,Impala SS,Baltimore,Maryland,21281,US,39.2847,-76.6205,51878,Moen LLC,02/27/2024
257,Erv,Rabier,erabier74@shinystat.com,Male,2010,Dodge,Caliber,Tucson,Arizona,85725,US,31.9701,-111.8907,97077,Beahan-Dach,08/08/2025
258,Margette,Sewell,msewell75@latimes.com,Female,2009,Chevrolet,Express 3500,Sparks,Nevada,89436,US,39.6269,-119.7081,39458,"Bernhard, Haley and Hessel",10/02/2025
259,Stephen,Dugald,sdugald76@desdev.cn,Male,1985,Honda,CR-X,Pueblo,Colorado,81015,US,38.1286,-104.5523,30167,Donnelly-Schaefer,06/30/2024
260,Winna,Gowthorpe,wgowthorpe77@networksolutions.com,Female,1992,Ford,Thunderbird,San Francisco,California,94177,US,37.7848,-122.7278,35859,Gislason Group,10/30/2022
261,Olga,McCullough,omccullough78@phpbb.com,Female,2001,Toyota,Celica,Anchorage,Alaska,99599,US,61.1872,-149.8804,89841,Bosco and Sons,08/11/2025
262,Leona,Easen,leasen79@over-blog.com,Female,2011,Toyota,TundraMax,Seattle,Washington,98109,US,47.6339,-122.3476,50797,Koss LLC,07/14/2025
263,Berk,Beardow,bbeardow7a@squidoo.com,Agender,1997,Honda,Odyssey,Charlottesville,Virginia,22903,US,38.0339,-78.4924,99979,"Nader, Bins and Wisozk",05/28/2024
264,Paige,Clewett,pclewett7b@mit.edu,Male,2004,Mitsubishi,Montero,Atlanta,Georgia,31136,US,33.7473,-84.3824,82000,"Huel, Rosenbaum and Turner",04/26/2023
265,Clayborn,Mordey,cmordey7c@virginia.edu,Genderqueer,1990,Buick,Skylark,Largo,Florida,33777,US,27.8546,-82.7545,95293,Auer Inc,11/14/2024
266,Lydie,Evins,levins7d@smh.com.au,Female,2010,Toyota,Sequoia,Philadelphia,Pennsylvania,19093,US,40.0018,-75.1179,88188,Turcotte Group,08/02/2025
267,Brenna,Oglethorpe,boglethorpe7e@nbcnews.com,Female,2012,Dodge,Avenger,Dayton,Ohio,45440,US,39.6749,-84.1136,41667,"Harris, Mills and Hahn",07/15/2024
268,Linda,Hackworthy,lhackworthy7f@ehow.com,Female,2010,Toyota,RAV4,Houston,Texas,77212,US,29.834,-95.4342,94851,"Pagac, Jacobi and O'Connell",07/28/2022
269,Kata,Livingstone,klivingstone7g@kickstarter.com,Female,1994,Chevrolet,G-Series G20,Santa Monica,California,90405,US,34.01,-118.4717,32756,"Schmidt, Lubowitz and Schaden",01/19/2024
270,Elyse,Rissen,erissen7h@hp.com,Female,2006,Chevrolet,Colorado,Largo,Florida,34643,US,27.881,-82.7619,52261,Bailey-Gusikowski,08/20/2022
271,Doe,Huonic,dhuonic7i@wikimedia.org,Female,1992,Audi,Quattro,Bloomington,Illinois,61709,US,40.4614,-88.953,43350,"Stiedemann, Botsford and Blick",09/01/2022
272,Cristobal,Almeida,calmeida7j@sakura.ne.jp,Male,2006,Mercedes-Benz,G55 AMG,Midland,Michigan,48670,US,43.6375,-84.2568,67590,Nicolas-Lueilwitz,01/31/2022
273,Garald,Olivi,golivi7k@army.mil,Male,2001,Volkswagen,Passat,Terre Haute,Indiana,47812,US,39.4336,-87.4101,65533,Muller-Friesen,12/26/2024
274,Broderick,Yakubovics,byakubovics7l@vk.com,Male,1993,Dodge,D150 Club,Dayton,Ohio,45432,US,39.739,-84.0856,41328,"Casper, Rath and Ferry",01/17/2026
275,Bryant,Embling,bembling7m@google.com.au,Male,1995,Chevrolet,Sportvan G20,Whittier,California,90605,US,33.9413,-118.0356,39212,Kuhic-Morar,07/15/2022
276,Amelita,Kingdon,akingdon7n@bloglines.com,Female,1997,Dodge,Ram 2500,Pensacola,Florida,32595,US,30.6143,-87.2758,35412,Stiedemann Group,11/08/2025
277,Charlena,Dodamead,cdodamead7o@businessinsider.com,Female,2007,Honda,Civic,Mobile,Alabama,36628,US,30.6589,-88.178,99329,Okuneva Group,06/14/2023
278,Milty,Samudio,msamudio7p@storify.com,Male,1994,Volkswagen,Jetta,Spokane,Washington,99260,US,47.6536,-117.4317,66126,Shanahan LLC,12/30/2023
279,Dorine,Isted,disted7q@unicef.org,Female,2011,Infiniti,FX,Baton Rouge,Louisiana,70820,US,30.3795,-91.1671,81805,Treutel-Nolan,01/13/2024
280,Arabel,Spratt,aspratt7r@patch.com,Female,1993,Chrysler,Town & Country,Hartford,Connecticut,06140,US,41.7918,-72.7188,30282,Gorczany-Stoltenberg,04/29/2025
281,Weylin,Haffner,whaffner7s@upenn.edu,Male,1995,Ford,Windstar,Milwaukee,Wisconsin,53225,US,43.1154,-88.0346,77942,Armstrong-Greenfelder,03/19/2022
282,Doug,Micklem,dmicklem7t@macromedia.com,Male,2001,Infiniti,QX,El Paso,Texas,88525,US,31.6948,-106.3,34775,Macejkovic LLC,11/07/2022
283,Caresse,Pantry,cpantry7u@yellowpages.com,Female,2002,Cadillac,Eldorado,Dayton,Ohio,45419,US,39.7155,-84.1637,74534,Zemlak Group,07/08/2024
284,Dominica,Polak,dpolak7v@cbc.ca,Genderqueer,2009,GMC,Yukon XL 1500,Chicago,Illinois,60604,US,41.8784,-87.633,38779,Koelpin and Sons,05/21/2024
285,Suzanna,Rushman,srushman7w@hc360.com,Female,1999,Cadillac,Eldorado,Cedar Rapids,Iowa,52405,US,41.9804,-91.7098,60955,"Hermann, Gusikowski and Predovic",10/24/2025
286,Dugald,Brigham,dbrigham7x@ovh.net,Male,1989,Toyota,Truck Xtracab SR5,New York City,New York,10039,US,40.8265,-73.9383,72697,Kuhlman Group,03/09/2025
287,Keefe,Goodbody,kgoodbody7y@biblegateway.com,Male,1990,Lincoln,Town Car,Nashville,Tennessee,37215,US,36.0986,-86.8219,66405,Weimann Group,07/29/2024
288,Aili,Barrington,abarrington7z@altervista.org,Female,2004,Mitsubishi,Outlander,Houston,Texas,77025,US,29.6889,-95.4341,83457,"Lesch, Sawayn and Casper",08/21/2022
289,Knox,Escot,kescot80@hud.gov,Male,2010,Volkswagen,Rabbit,Pittsburgh,Pennsylvania,15286,US,40.4344,-80.0248,54297,Hermann Inc,07/24/2023
290,Nolan,Vane,nvane81@blogtalkradio.com,Male,2011,Nissan,Murano,Baton Rouge,Louisiana,70826,US,30.5159,-91.0804,89029,Price-Kunze,08/24/2024
291,Claudie,Casperri,ccasperri82@unesco.org,Female,2010,Ford,Ranger,El Paso,Texas,88519,US,31.6948,-106.3,85909,Wyman-Ankunding,03/29/2023
292,Carney,Rollingson,crollingson83@hhs.gov,Male,2010,Infiniti,G,Baton Rouge,Louisiana,70815,US,30.4558,-91.0596,71277,Cummings and Sons,06/27/2023
293,Reynolds,Wrightam,rwrightam84@miibeian.gov.cn,Male,1993,Lincoln,Mark VIII,Biloxi,Mississippi,39534,US,30.4067,-88.9211,73748,"Zieme, Kassulke and Baumbach",12/25/2024
294,Audy,Lickess,alickess85@ed.gov,Female,1994,Ford,Econoline E150,Laurel,Maryland,20709,US,38.8336,-76.8777,66864,Collier-Baumbach,07/02/2022
295,Lyle,Ropartz,lropartz86@irs.gov,Male,2006,Nissan,Frontier,El Paso,Texas,79968,US,31.7705,-106.5048,63538,Goldner Inc,06/15/2024
296,Andie,Barkworth,abarkworth87@paypal.com,Female,2011,Nissan,Murano,Sacramento,California,95894,US,38.5816,-121.4933,36066,"Tromp, Crist and Kilback",10/03/2022
297,Gavrielle,Treadgold,gtreadgold88@bloglines.com,Female,2008,Land Rover,Discovery,Memphis,Tennessee,38136,US,35.2017,-89.9715,98763,Romaguera-Langworth,01/11/2023
298,Nikos,Kelberer,nkelberer89@ted.com,Male,1965,Pontiac,GTO,Moreno Valley,California,92555,US,33.9377,-117.1851,51554,Sanford-Roberts,02/10/2024
299,Lovell,Wooff,lwooff8a@xing.com,Male,1996,Toyota,T100 Xtra,Brockton,Massachusetts,02405,US,41.9705,-70.7014,33009,Marvin Inc,05/26/2023
300,Anneliese,Lutzmann,alutzmann8b@gizmodo.com,Polygender,1971,Ford,Mustang,New Orleans,Louisiana,70142,US,30.033,-89.8826,71218,Bartoletti-Beer,08/12/2025
301,Marybelle,Van der Merwe,mvandermerwe8c@cargocollective.com,Female,2009,Mitsubishi,Endeavor,Sacramento,California,94250,US,38.3774,-121.4444,88474,Schamberger Group,04/19/2023
302,Zea,Ewer,zewer8d@php.net,Female,2002,Ford,F350,Buffalo,New York,14269,US,42.7684,-78.8871,46693,Treutel Group,03/05/2024
303,Adrienne,Lequeux,alequeux8e@stumbleupon.com,Female,2007,Chevrolet,Cobalt SS,Colorado Springs,Colorado,80930,US,38.8289,-104.5269,48609,Willms-Gibson,04/09/2024
304,Margo,Ridler,mridler8f@comsenz.com,Female,1997,Chevrolet,Corvette,Sioux Falls,South Dakota,57110,US,43.5486,-96.6332,49316,Wolff Inc,05/21/2023
305,Megan,Nuccii,mnuccii8g@360.cn,Female,1995,Nissan,240SX,Fresno,California,93762,US,36.7464,-119.6397,94000,Gutmann Inc,02/24/2025
306,Shirley,Lawey,slawey8h@china.com.cn,Female,1997,Oldsmobile,Aurora,Columbia,Missouri,65211,US,38.9033,-92.1022,66642,Kozey LLC,06/26/2022
307,Bart,Brelsford,bbrelsford8i@istockphoto.com,Male,2010,Mazda,Tribute,Washington,District of Columbia,20231,US,38.8933,-77.0146,32855,Heaney-Adams,09/12/2023
308,Denver,Fishley,dfishley8j@fc2.com,Non-binary,1998,Mitsubishi,Mirage,Silver Spring,Maryland,20904,US,39.0668,-76.9969,95992,"Nader, Olson and Johnston",05/25/2023
309,Christean,Stops,cstops8k@nyu.edu,Female,2010,GMC,Savana 1500,Honolulu,Hawaii,96805,US,21.3062,-157.8585,85089,"Crooks, Leuschke and Hettinger",06/25/2024
310,Renato,Lukovic,rlukovic8l@virginia.edu,Non-binary,2001,Honda,Odyssey,Mobile,Alabama,36628,US,30.6589,-88.178,82476,Hermann LLC,03/31/2022
311,Gretna,Danforth,gdanforth8m@usda.gov,Female,1985,Buick,Skylark,New Orleans,Louisiana,70116,US,29.9686,-90.0646,41031,"Barrows, Gleichner and Stoltenberg",04/08/2022
312,Broderick,Oman,boman8n@bloomberg.com,Bigender,2012,Jeep,Compass,Chicago,Illinois,60624,US,41.8804,-87.7223,53836,"Adams, Connelly and Trantow",02/20/2023
313,Ashlin,Izakov,aizakov8o@mit.edu,Male,2012,Ford,E350,Wichita,Kansas,67230,US,37.6808,-97.1558,34007,McCullough-Ondricka,03/23/2024
314,Donia,Blogg,dblogg8p@theatlantic.com,Female,1995,Saturn,S-Series,Wilmington,Delaware,19886,US,39.5645,-75.597,53175,Shanahan-Wisozk,10/24/2025
315,Dru,Sawart,dsawart8q@infoseek.co.jp,Female,1999,Pontiac,Montana,Lehigh Acres,Florida,33972,US,26.6492,-81.6167,36731,Rath LLC,12/08/2024
316,Korella,Caen,kcaen8r@devhub.com,Female,1992,Subaru,Legacy,Madison,Wisconsin,53790,US,43.0696,-89.4239,85588,Ferry Inc,07/17/2024
317,Malvina,Picott,mpicott8s@blogger.com,Female,1994,Mitsubishi,Diamante,Mobile,Alabama,36605,US,30.6341,-88.0846,56699,Cole Group,01/07/2025
318,Sawyer,Napoleon,snapoleon8t@amazon.com,Male,1998,Chevrolet,Blazer,Saint Joseph,Missouri,64504,US,39.7076,-94.8677,79677,Marquardt-Hane,02/20/2023
319,Stafford,Boltwood,sboltwood8u@skyrock.com,Male,1993,Dodge,D150,Houston,Texas,77276,US,29.7575,-95.3668,95772,Frami Group,12/04/2023
320,Trueman,Kennealy,tkennealy8v@tripod.com,Male,1993,Chevrolet,Suburban 1500,New Orleans,Louisiana,70174,US,30.033,-89.8826,50355,Leannon Group,10/30/2025
321,Petra,Dutteridge,pdutteridge8w@mashable.com,Female,1998,Dodge,Durango,Knoxville,Tennessee,37931,US,35.9924,-84.1201,51615,Harvey-Swaniawski,03/25/2022
322,Grange,Breeze,gbreeze8x@discuz.net,Male,1983,Ford,Thunderbird,Dallas,Texas,75358,US,32.7942,-96.7652,77782,Kohler-Maggio,05/30/2024
323,Starla,Stanway,sstanway8y@so-net.ne.jp,Female,2003,Mercedes-Benz,G-Class,Atlanta,Georgia,31106,US,33.8444,-84.474,48393,Johnston-Brakus,02/10/2024
324,Ashlan,Weightman,aweightman8z@disqus.com,Female,1992,Mazda,MX-3,Clearwater,Florida,33758,US,27.8918,-82.7248,62775,Kuhic LLC,11/02/2024
325,Kirsti,Keedy,kkeedy90@de.vu,Female,1996,Isuzu,Oasis,Wichita,Kansas,67236,US,37.5422,-97.2871,88473,"O'Connell, Witting and Tillman",03/26/2025
326,Rem,Jeroch,rjeroch91@weibo.com,Male,2001,GMC,Sonoma,Madison,Wisconsin,53716,US,43.0631,-89.3133,95677,"Willms, Bednar and Shields",05/11/2025
327,Nicole,Lovel,nlovel92@springer.com,Genderqueer,2004,Chrysler,Crossfire,Cape Coral,Florida,33915,US,26.6599,-81.8934,36619,Schultz Inc,08/17/2024
328,Kariotta,Hawkeswood,khawkeswood93@ed.gov,Female,2004,Hyundai,Accent,Cincinnati,Ohio,45238,US,39.1092,-84.6108,32496,McKenzie-Oberbrunner,03/21/2025
329,Natka,Beesey,nbeesey94@tripadvisor.com,Female,2013,Jaguar,XK Series,Miami,Florida,33153,US,25.8655,-80.1936,38531,Wisozk LLC,09/04/2025
330,Phillip,Cowderoy,pcowderoy95@springer.com,Male,1993,Volkswagen,Eurovan,Baltimore,Maryland,21216,US,39.3093,-76.6699,31112,Leffler LLC,07/27/2022
331,Benjamen,Murrish,bmurrish96@guardian.co.uk,Male,1998,Chevrolet,Metro,Modesto,California,95397,US,37.6566,-121.0191,48636,"Crooks, Jenkins and Labadie",07/19/2025
332,Maddy,Dumbellow,mdumbellow97@aboutads.info,Genderfluid,1986,Saab,900,Washington,District of Columbia,20215,US,38.8933,-77.0146,83504,Bradtke-Cassin,12/11/2022
333,Teressa,Kellett,tkellett98@is.gd,Female,2008,Mitsubishi,Eclipse,Houston,Texas,77223,US,29.834,-95.4342,43556,Schmidt-Bailey,02/28/2025
334,Dorolice,Twinborne,dtwinborne99@addtoany.com,Female,1999,Dodge,Stratus,Mansfield,Ohio,44905,US,40.7779,-82.4613,83383,Veum Inc,12/19/2024
335,Maggi,Maxwell,mmaxwell9a@123-reg.co.uk,Bigender,1999,GMC,EV1,Atlanta,Georgia,30328,US,33.9335,-84.3958,49529,"Schimmel, White and Blick",06/17/2024
336,Randy,Leeuwerink,rleeuwerink9b@dion.ne.jp,Male,2006,Suzuki,Daewoo Lacetti,North Las Vegas,Nevada,89087,US,36.2204,-115.1458,90015,Smith LLC,01/28/2026
337,Chaunce,Braiden,cbraiden9c@intel.com,Male,2009,Aston Martin,DBS,Hicksville,New York,11854,US,40.7548,-73.6018,39482,Kovacek LLC,08/11/2022
338,Paulie,Barrott,pbarrott9d@oakley.com,Male,1992,Audi,80,Madison,Wisconsin,53790,US,43.0696,-89.4239,51730,Wuckert-Olson,12/21/2022
339,Sammie,McKinney,smckinney9e@surveymonkey.com,Male,2010,GMC,Yukon XL 1500,Oklahoma City,Oklahoma,73147,US,35.5514,-97.4075,34596,"Mayer, Maggio and Hermiston",08/19/2025
340,Carolyne,Tofano,ctofano9f@jigsy.com,Female,2007,Land Rover,Discovery,El Paso,Texas,88514,US,31.6948,-106.3,31241,Brown Group,08/30/2022
341,Lyell,Knowling,lknowling9g@discuz.net,Male,2010,Volvo,C30,Montgomery,Alabama,36195,US,32.3544,-86.2843,46603,Dietrich Inc,04/08/2025
342,Rycca,Lethieulier,rlethieulier9h@hugedomains.com,Female,1988,Buick,Reatta,Louisville,Kentucky,40256,US,38.189,-85.6768,34273,Hegmann LLC,02/12/2025
343,Beatrisa,Gilcrist,bgilcrist9i@nsw.gov.au,Female,1994,Chevrolet,Lumina,Louisville,Kentucky,40215,US,38.1913,-85.7847,81284,Thiel-Emmerich,02/17/2023
344,Burke,Beveredge,bbeveredge9j@shinystat.com,Male,1999,Mercedes-Benz,E-Class,Hartford,Connecticut,06183,US,41.7638,-72.673,45287,"Zieme, Bins and Gleichner",01/01/2026
345,Natalee,Drexel,ndrexel9k@storify.com,Female,1995,Ford,Crown Victoria,Spartanburg,South Carolina,29319,US,34.8882,-81.969,88750,Luettgen-Brown,07/28/2022
346,Randa,Hrycek,rhrycek9l@i2i.jp,Female,1984,Ford,Laser,Anchorage,Alaska,99522,US,61.1089,-149.4403,96488,Dibbert-Lynch,08/17/2024
347,Elias,Hamor,ehamor9m@ezinearticles.com,Male,2007,Chevrolet,Silverado 3500,Washington,District of Columbia,20067,US,38.8933,-77.0146,67348,Kuhic and Sons,01/11/2023
348,Romain,Beachem,rbeachem9n@ning.com,Male,2000,Mercury,Mystique,Virginia Beach,Virginia,23464,US,36.7978,-76.1759,86968,Daugherty and Sons,04/17/2022
349,Cody,Burchmore,cburchmore9o@usa.gov,Agender,2012,Chevrolet,Colorado,Detroit,Michigan,48242,US,42.2166,-83.3532,88332,Olson LLC,02/27/2022
350,Cammie,Babidge,cbabidge9p@ucsd.edu,Female,1997,Volkswagen,Eurovan,Hollywood,Florida,33023,US,25.9894,-80.2153,41911,Little-Tromp,03/21/2023
351,Aldo,Pendergrast,apendergrast9q@utexas.edu,Male,1999,Lotus,Esprit,Albany,New York,12242,US,42.6149,-73.9708,92527,Hegmann and Sons,08/18/2023
352,Cyrillus,Hulson,chulson9r@weibo.com,Male,1984,Ford,Thunderbird,San Bernardino,California,92415,US,34.84,-115.9671,46057,"Lebsack, Muller and Schmeler",02/23/2024
353,Rayner,Olenin,rolenin9s@t.co,Male,1986,Maserati,Biturbo,Los Angeles,California,90025,US,34.0447,-118.4487,39675,Deckow LLC,02/18/2022
354,Jermain,Kerswell,jkerswell9t@spotify.com,Male,2005,Aston Martin,DB9,Buffalo,New York,14220,US,42.8441,-78.8182,68622,"Wilkinson, Quitzon and Christiansen",09/01/2025
355,Dare,Kunert,dkunert9u@gov.uk,Male,1997,GMC,3500,Fort Wayne,Indiana,46825,US,41.1465,-85.1232,31933,"Ondricka, Hand and Dicki",01/09/2023
356,Daphna,Priestner,dpriestner9v@hostgator.com,Female,1992,Mitsubishi,Pajero,Atlanta,Georgia,31190,US,33.7629,-84.4226,41176,"Wilkinson, Rice and Kuhic",04/30/2022
357,Logan,Mepham,lmepham9w@slate.com,Non-binary,2000,Chevrolet,Silverado 1500,Baltimore,Maryland,21275,US,39.2847,-76.6205,59284,Welch Group,03/27/2025
358,Cristabel,Dossit,cdossit9x@wikispaces.com,Female,1963,Austin,Mini Cooper S,Houston,Texas,77276,US,29.7575,-95.3668,33623,Effertz and Sons,09/13/2023
359,Estrella,O Mullen,eomullen9y@livejournal.com,Female,1957,BMW,600,Omaha,Nebraska,68144,US,41.2335,-96.1188,34307,Kling-Luettgen,04/29/2024
360,Dickie,Aseef,daseef9z@usgs.gov,Male,1988,Chevrolet,Corvette,Washington,District of Columbia,20409,US,38.8933,-77.0146,73427,"Barton, Pfannerstill and Keeling",03/10/2024
361,Case,Heinecke,cheineckea0@hugedomains.com,Male,2009,BMW,5 Series,Waterbury,Connecticut,06705,US,41.5503,-72.9963,30581,Rodriguez-Heller,01/20/2025
362,Fleming,Nicely,fnicelya1@thetimes.co.uk,Male,1993,Lexus,SC,Tulsa,Oklahoma,74126,US,36.2383,-95.9931,30147,Altenwerth-Fisher,01/04/2025
363,Hussein,Papworth,hpapwortha2@arstechnica.com,Male,2007,Volkswagen,Jetta,New Orleans,Louisiana,70183,US,29.6779,-90.0901,40170,Steuber and Sons,05/13/2024
364,Molli,Meak,mmeaka3@bing.com,Female,2003,Dodge,Grand Caravan,Richmond,Virginia,23220,US,37.5498,-77.4588,56356,Baumbach and Sons,02/09/2022
365,Ralph,Gaiford,rgaiforda4@walmart.com,Male,2005,BMW,5 Series,Brockton,Massachusetts,02305,US,41.9705,-70.7014,66438,Gorczany-Grant,01/26/2025
366,Ernestine,Colliford,ecolliforda5@friendfeed.com,Female,1993,Subaru,Justy,Indianapolis,Indiana,46295,US,39.7795,-86.1328,65056,Hauck-Bergnaum,02/12/2022
367,Gavra,Mcettrick,gmcettricka6@guardian.co.uk,Female,2002,Toyota,Land Cruiser,Washington,District of Columbia,20392,US,38.8933,-77.0146,43522,"Schimmel, Johns and Gerlach",05/13/2025
368,Parke,Austick,pausticka7@ibm.com,Male,1996,Nissan,300ZX,Utica,New York,13505,US,43.0872,-75.2603,66260,Crona-Maggio,07/06/2024
369,Ernie,Haigh,ehaigha8@hibu.com,Male,2005,Land Rover,Range Rover,New Orleans,Louisiana,70154,US,30.033,-89.8826,69155,"Bergnaum, Dickens and Koss",08/07/2022
370,Maurie,Vossgen,mvossgena9@123-reg.co.uk,Male,2009,Ford,Edge,Lincoln,Nebraska,68505,US,40.8247,-96.6252,55307,Will-Kunde,03/19/2022
371,Daron,Mundall,dmundallaa@shareasale.com,Male,2000,Mazda,Miata MX-5,Fort Myers,Florida,33994,US,26.5529,-81.9486,54368,Kreiger-Hilpert,12/27/2024
372,Merrili,Sickert,msickertab@seattletimes.com,Female,1996,Mazda,Millenia,East Saint Louis,Illinois,62205,US,38.6149,-90.1275,81947,Rolfson-Pouros,05/14/2022
373,Tye,Betonia,tbetoniaac@rambler.ru,Male,1989,Mercury,Cougar,Panama City,Florida,32405,US,30.1949,-85.6727,86358,Price-Flatley,10/29/2025
374,Drusie,Espadero,despaderoad@twitter.com,Female,2002,Chevrolet,Silverado,Berkeley,California,94705,US,37.8571,-122.25,60862,Schowalter Group,11/27/2022
375,Mina,Yellowley,myellowleyae@histats.com,Female,2007,Mercedes-Benz,E-Class,Miami Beach,Florida,33141,US,25.8486,-80.1446,82993,Williamson Group,05/13/2024
376,Angie,Franceschielli,afranceschielliaf@google.co.uk,Male,2006,Kia,Spectra,Buffalo,New York,14263,US,42.7684,-78.8871,87804,Kovacek Inc,12/12/2024
377,Kennedy,Leggs,kleggsag@yellowpages.com,Male,1995,Mitsubishi,Mighty Max,Glendale,California,91205,US,34.1378,-118.2424,54053,Jacobi-Larkin,07/20/2023
378,Theodor,Emma,temmaah@arstechnica.com,Male,2008,Lexus,IS-F,Jacksonville,Florida,32255,US,30.287,-81.3893,66066,Wiegand LLC,10/24/2023
379,Ardisj,Argrave,aargraveai@auda.org.au,Female,2003,Volkswagen,New Beetle,Midland,Texas,79710,US,31.8693,-102.0317,50987,Bechtelar and Sons,08/29/2022
380,Clementius,Hinder,chinderaj@godaddy.com,Male,1992,Mercedes-Benz,300E,Fort Worth,Texas,76115,US,32.6796,-97.3336,32931,O'Kon-Rice,05/08/2023
381,Christina,Parnham,cparnhamak@unicef.org,Female,2006,Saturn,Relay,Austin,Texas,78737,US,30.2107,-97.9427,67811,Robel and Sons,06/10/2024
382,Alejandrina,Gameson,agamesonal@meetup.com,Female,2008,Ford,F250,Naples,Florida,33963,US,26.2626,-81.8071,52156,Mraz and Sons,07/14/2022
383,Lock,MacLaig,lmaclaigam@usa.gov,Male,2011,Ford,Edge,New York City,New York,10120,US,40.7506,-73.9894,87978,Bauch-Smith,06/06/2023
384,Karia,Dumbleton,kdumbletonan@businesswire.com,Female,2002,Dodge,Durango,Beaufort,South Carolina,29905,US,32.3401,-80.689,96877,"O'Keefe, Haley and Krajcik",02/15/2025
385,Theodosia,Bowkett,tbowkettao@nature.com,Female,1997,Ford,F-Series,Des Moines,Iowa,50310,US,41.6255,-93.6736,92249,Kling-Miller,02/15/2023
386,Durant,Ren,drenap@tinyurl.com,Male,1987,Ford,LTD Crown Victoria,San Francisco,California,94105,US,37.7864,-122.3892,56898,Lindgren-Ryan,06/25/2024
387,Sydney,Hews,shewsaq@1und1.de,Female,2010,Ford,Flex,Houston,Texas,77075,US,29.6223,-95.26,40841,"Homenick, Schultz and Bode",07/22/2024
388,Brooke,Arens,barensar@taobao.com,Female,2003,Chevrolet,SSR,San Antonio,Texas,78205,US,29.4237,-98.4925,35946,Walter and Sons,06/06/2025
389,Adrea,Boldero,abolderoas@indiatimes.com,Female,1999,Chevrolet,Silverado,Fullerton,California,92640,US,33.7862,-117.9309,57450,Kemmer Inc,03/28/2023
390,Kinnie,Scotts,kscottsat@utexas.edu,Male,1987,Porsche,928,San Antonio,Texas,78245,US,29.4189,-98.6895,37482,Gerlach LLC,06/22/2024
391,Matteo,Diboll,mdibollau@sphinn.com,Male,2003,Dodge,Ram Van 3500,Salt Lake City,Utah,84135,US,40.6681,-111.9083,97330,"Hauck, Farrell and Buckridge",02/14/2023
392,Llewellyn,Eakeley,leakeleyav@opensource.org,Male,2010,Jeep,Grand Cherokee,Durham,North Carolina,27710,US,36.0512,-78.8577,45832,Beier Inc,05/03/2023
393,Bridie,Bouchard,bbouchardaw@craigslist.org,Polygender,2006,Cadillac,CTS,Rochester,New York,14609,US,43.174,-77.5637,91331,Hintz-Braun,02/15/2025
394,Joycelin,Becke,jbeckeax@admin.ch,Female,2010,Nissan,Altima,Abilene,Texas,79605,US,32.432,-99.7724,45426,Hills-Considine,03/06/2022
395,Chalmers,Crottagh,ccrottaghay@pbs.org,Male,2006,Hyundai,Azera,New York City,New York,10099,US,40.7808,-73.9772,55641,Ankunding Group,06/22/2025
396,Meredeth,Tufts,mtuftsaz@shop-pro.jp,Genderfluid,2009,Volvo,XC60,Reno,Nevada,89550,US,39.5387,-119.8225,95630,Denesik and Sons,09/17/2024
397,Shem,Speaks,sspeaksb0@live.com,Male,2006,Mercedes-Benz,SL-Class,Sioux Falls,South Dakota,57110,US,43.5486,-96.6332,61213,Cartwright Inc,11/24/2025
398,Sylvia,Lovell,slovellb1@google.nl,Female,1996,Chevrolet,Express 3500,Oklahoma City,Oklahoma,73129,US,35.4312,-97.4913,43537,"Nicolas, Armstrong and Dach",02/16/2023
399,Renado,Ashingden,rashingdenb2@weebly.com,Male,1993,Buick,Riviera,Dayton,Ohio,45419,US,39.7155,-84.1637,84936,"Turcotte, Romaguera and Bahringer",02/06/2023
400,Edvard,Barnwill,ebarnwillb3@irs.gov,Male,2008,Cadillac,STS,Cleveland,Ohio,44185,US,41.6857,-81.6728,65700,"O'Hara, Dickinson and Bashirian",10/20/2025
401,Robinetta,Nyland,rnylandb4@narod.ru,Bigender,2011,Toyota,Prius,Indianapolis,Indiana,46226,US,39.8326,-86.0836,87630,Wuckert-Mitchell,06/30/2025
402,Danika,Dooly,ddoolyb5@constantcontact.com,Female,1998,Isuzu,Amigo,Bowie,Maryland,20719,US,38.8336,-76.8777,47639,"Flatley, Borer and Hahn",08/26/2025
403,Winston,Daughtrey,wdaughtreyb6@mit.edu,Male,2006,Hummer,H2 SUV,Phoenix,Arizona,85072,US,33.2765,-112.1872,63381,Gibson-Gleichner,01/24/2023
404,Stu,Garlick,sgarlickb7@usgs.gov,Male,1999,GMC,Suburban 2500,Los Angeles,California,90030,US,33.7866,-118.2987,68583,Schmidt and Sons,06/13/2023
405,Jillane,Esselin,jesselinb8@quantcast.com,Female,2010,Land Rover,Range Rover Sport,Lakeland,Florida,33805,US,28.072,-81.9609,74493,Conroy-Nader,05/08/2023
406,Fredrick,Bolton,fboltonb9@businesswire.com,Male,2003,Lexus,RX,Seattle,Washington,98133,US,47.7377,-122.3431,86959,Bartoletti-Russel,03/10/2023
407,Abey,Fretwell,afretwellba@twitpic.com,Male,1998,Oldsmobile,Silhouette,Fort Lauderdale,Florida,33310,US,26.1443,-80.2069,93520,Pfannerstill-Kreiger,08/23/2022
408,Randy,Cruttenden,rcruttendenbb@cloudflare.com,Male,2000,Buick,Regal,Washington,District of Columbia,20299,US,38.8933,-77.0146,82132,Streich Inc,10/17/2023
409,Obie,Willbond,owillbondbc@prweb.com,Male,2013,Ford,Taurus,Philadelphia,Pennsylvania,19196,US,40.0018,-75.1179,34888,"Witting, Klocko and Hodkiewicz",01/04/2025
410,Alfreda,Asbury,aasburybd@simplemachines.org,Female,2009,Chevrolet,Avalanche,Tulsa,Oklahoma,74116,US,36.175,-95.8477,41774,"Howe, Kemmer and Batz",10/31/2023
411,Allen,Hanhardt,ahanhardtbe@who.int,Male,2012,Mercedes-Benz,SL-Class,Philadelphia,Pennsylvania,19160,US,40.0018,-75.1179,91631,Bruen-Waters,12/19/2024
412,Poppy,Hollindale,phollindalebf@vimeo.com,Female,2005,GMC,Canyon,Cleveland,Ohio,44111,US,41.4571,-81.7844,92638,Cole LLC,10/02/2024
413,Lenora,Benedit,lbeneditbg@utexas.edu,Female,1994,Lexus,GS,Las Vegas,Nevada,89110,US,36.173,-115.0669,35759,Gutkowski Inc,09/30/2025
414,Lucky,Binham,lbinhambh@ucsd.edu,Female,1990,Mitsubishi,Sigma,Jackson,Tennessee,38308,US,35.6124,-88.8412,80998,"Mosciski, Nicolas and Howell",06/28/2025
415,Lucina,Guerra,lguerrabi@google.com.hk,Female,1995,Mitsubishi,Eclipse,Fort Wayne,Indiana,46867,US,41.0938,-85.0707,74985,Rodriguez-Quigley,05/19/2023
416,Steward,Rouse,srousebj@google.ca,Male,2009,Cadillac,CTS,Winston Salem,North Carolina,27105,US,36.144,-80.2376,97151,Stark Inc,10/10/2023
417,Brok,Brydie,bbrydiebk@engadget.com,Male,2013,Ford,Flex,Houston,Texas,77030,US,29.7041,-95.401,40350,Windler LLC,04/04/2023
418,Michell,Sucre,msucrebl@marketwatch.com,Female,2010,Ford,Transit Connect,Austin,Texas,78759,US,30.4036,-97.7526,58947,"Welch, Rolfson and Medhurst",07/25/2022
419,Edgard,MacAllen,emacallenbm@altervista.org,Male,2001,Mercedes-Benz,SL-Class,Bakersfield,California,93311,US,35.3039,-119.1056,34682,Herzog-Beier,01/20/2024
420,Osbourne,Masurel,omasurelbn@illinois.edu,Male,1996,Dodge,Stratus,Topeka,Kansas,66611,US,39.0142,-95.6982,63757,"Murray, Crooks and Weber",03/23/2025
421,Miller,Tuther,mtutherbo@gov.uk,Non-binary,1996,Jeep,Grand Cherokee,Springfield,Massachusetts,01114,US,42.1707,-72.6048,57717,"Koepp, Yost and Rolfson",08/07/2022
422,Patrice,Alten,paltenbp@altervista.org,Male,1992,Dodge,Colt,Rochester,New York,14683,US,43.286,-77.6843,44821,Cummerata-Towne,01/13/2025
423,Vinni,Harg,vhargbq@wikipedia.org,Female,2005,Pontiac,Aztek,Austin,Texas,78754,US,30.3423,-97.6673,73631,Bartoletti-Haley,01/26/2024
424,Dionysus,Atrill,datrillbr@nytimes.com,Male,2002,Hyundai,Accent,Charlotte,North Carolina,28256,US,35.26,-80.8042,43841,"Terry, Bechtelar and Smitham",04/16/2023
425,Raimund,Domelaw,rdomelawbs@amazon.com,Male,1999,Mercury,Mountaineer,Springfield,Missouri,65898,US,37.1803,-93.2951,93990,VonRueden-Gorczany,01/28/2025
426,Flossie,Le Barr,flebarrbt@marketwatch.com,Bigender,1966,Pontiac,GTO,Orlando,Florida,32808,US,28.5803,-81.4396,84654,"Funk, Roberts and Kuhlman",10/28/2023
427,Eachelle,Fayerman,efayermanbu@google.es,Female,1989,Plymouth,Laser,Milwaukee,Wisconsin,53285,US,43.0174,-87.5697,60437,Skiles-Franecki,01/20/2026
428,Wendi,Loftie,wloftiebv@reuters.com,Female,2004,Nissan,350Z,Pittsburgh,Pennsylvania,15210,US,40.4072,-79.9839,78885,Balistreri and Sons,03/05/2023
429,Sigfried,Beeble,sbeeblebw@domainmarket.com,Male,1994,Dodge,Caravan,Newark,New Jersey,07104,US,40.7664,-74.1695,32016,Abbott Group,05/07/2025
430,Jamie,Isaac,jisaacbx@skype.com,Male,1993,Nissan,240SX,Reno,Nevada,89510,US,39.7699,-119.6027,62432,Zulauf-Ward,11/29/2025
431,Sophie,Camidge,scamidgeby@spotify.com,Female,1999,Lotus,Esprit,Santa Barbara,California,93106,US,34.4329,-119.8371,65206,Larkin-Schultz,09/26/2025
432,Gillian,Roma,gromabz@squidoo.com,Female,2000,Land Rover,Discovery,Alhambra,California,91841,US,33.7866,-118.2987,96508,Hamill-Weber,03/17/2025
433,Nada,Phinn,nphinnc0@tamu.edu,Female,1984,Porsche,944,Tulsa,Oklahoma,74170,US,36.1398,-96.0297,84911,Toy-Haag,08/24/2023
434,Herrick,McEnery,hmceneryc1@twitpic.com,Male,1991,Ford,F-Series,Trenton,New Jersey,08638,US,40.251,-74.7627,37140,Borer Inc,03/20/2023
435,Esra,Van de Castele,evandecastelec2@smh.com.au,Male,1986,Audi,4000s,Chicago,Illinois,60657,US,41.9399,-87.6528,37754,"Hartmann, Buckridge and Quitzon",03/08/2025
436,Rinaldo,Ferrick,rferrickc3@canalblog.com,Male,1997,Chevrolet,Express 2500,Mountain View,California,94042,US,37.1894,-121.7053,97128,Koelpin-Terry,02/06/2025
437,Ki,Zimmermeister,kzimmermeisterc4@marketwatch.com,Female,1994,Suzuki,Samurai,Denton,Texas,76210,US,33.1428,-97.0727,60069,Veum LLC,09/01/2022
438,Nalani,Glader,ngladerc5@prweb.com,Female,2006,Mitsubishi,Endeavor,Jersey City,New Jersey,07310,US,40.7324,-74.0431,54841,"Dietrich, Kemmer and Mann",10/14/2025
439,Seamus,Kibblewhite,skibblewhitec6@harvard.edu,Male,2011,Ford,Expedition EL,Chicago,Illinois,60657,US,41.9399,-87.6528,95109,Dickens Group,10/16/2025
440,Gwendolyn,Austing,gaustingc7@liveinternet.ru,Female,1994,GMC,Sonoma Club Coupe,Tuscaloosa,Alabama,35487,US,33.3072,-87.5859,52543,Padberg Inc,12/10/2024
441,Felipa,McAlindon,fmcalindonc8@blogger.com,Female,2011,Ford,Ranger,Albany,New York,12205,US,42.7198,-73.8207,70971,Crooks Group,12/27/2023
442,Nerta,Pykerman,npykermanc9@fc2.com,Female,1992,Chevrolet,Sportvan G10,Pompano Beach,Florida,33069,US,26.2288,-80.1635,37246,"Moen, Ryan and Douglas",10/26/2025
443,Violet,Maasze,vmaaszeca@usda.gov,Female,1985,Pontiac,Firebird,Washington,District of Columbia,20535,US,38.8941,-77.0251,42818,"Franecki, Jenkins and Harvey",09/17/2022
444,Annemarie,Carine,acarinecb@upenn.edu,Female,2009,Kia,Optima,Birmingham,Alabama,35210,US,33.5452,-86.6655,48654,"Sporer, Hettinger and Hegmann",12/27/2023
445,Gerti,Face,gfacecc@adobe.com,Female,1991,Honda,Accord,Muskegon,Michigan,49444,US,43.1791,-86.1989,73763,Wisozk-Kerluke,01/21/2025
446,Rhys,Thornewell,rthornewellcd@technorati.com,Male,1994,GMC,1500 Club Coupe,Rochester,New York,14609,US,43.174,-77.5637,48335,Cummings-Hahn,07/26/2023
447,Sol,Estick,sestickce@who.int,Male,1993,Chevrolet,S10 Blazer,Philadelphia,Pennsylvania,19146,US,39.9379,-75.1794,53620,White and Sons,11/11/2024
448,Layne,Keavy,lkeavycf@nationalgeographic.com,Female,2002,Mercedes-Benz,S-Class,Sacramento,California,95838,US,38.6406,-121.444,37376,"Bashirian, King and Hettinger",10/22/2025
449,Ives,Caban,icabancg@reddit.com,Male,2011,Maybach,62,Chicago,Illinois,60604,US,41.8784,-87.633,83044,Cummings LLC,05/15/2025
450,Elinore,Gribben,egribbench@biblegateway.com,Female,2004,Suzuki,Aerio,Mobile,Alabama,36628,US,30.6589,-88.178,50495,Trantow-Wunsch,06/16/2023
451,Abbe,Oneal,aonealci@dropbox.com,Female,1994,Dodge,Ram Wagon B150,New Haven,Connecticut,06538,US,41.3657,-72.9275,48144,Wintheiser LLC,02/11/2024
452,Lotte,Ions,lionscj@google.co.jp,Female,1995,GMC,Rally Wagon G2500,Oakland,California,94622,US,37.799,-122.2337,71875,"Roberts, Bogisich and Kuhlman",10/07/2022
453,Gavra,Gajownik,ggajownikck@pbs.org,Female,2009,Dodge,Ram,Portland,Oregon,97216,US,45.5137,-122.5569,36417,Lind-Jerde,03/12/2023
454,Kesley,Lodwig,klodwigcl@yelp.com,Female,2007,Nissan,Quest,Paterson,New Jersey,07544,US,41.0114,-74.3048,53032,Pacocha-Cummerata,08/16/2023
455,Wendy,Rodenborch,wrodenborchcm@bbc.co.uk,Female,1965,Ford,Fairlane,Evansville,Indiana,47747,US,37.9971,-87.575,98911,Schaden-Bergnaum,12/18/2022
456,Bradly,Fist,bfistcn@newyorker.com,Male,2002,Audi,A4,Kansas City,Missouri,64187,US,39.035,-94.3567,96182,"Balistreri, Baumbach and Schowalter",03/15/2022
457,Theresa,Connerry,tconnerryco@geocities.com,Female,1987,Mercury,Lynx,Fort Worth,Texas,76115,US,32.6796,-97.3336,59663,Reichert-O'Keefe,03/29/2025
458,Anny,Flear,aflearcp@jugem.jp,Genderqueer,1991,Buick,Coachbuilder,Evansville,Indiana,47737,US,37.9971,-87.575,56909,Dickinson-Osinski,11/10/2022
459,Jillana,Chaudhry,jchaudhrycq@nyu.edu,Female,2005,Pontiac,GTO,Los Angeles,California,90055,US,33.7866,-118.2987,95128,Botsford and Sons,07/05/2024
460,Cathie,Steed,csteedcr@telegraph.co.uk,Female,2006,Ford,F250,Saint Louis,Missouri,63158,US,38.6531,-90.2435,33871,"Hane, Schowalter and Crooks",08/19/2023
461,Elizabeth,Rosone,erosonecs@privacy.gov.au,Female,2003,Cadillac,Escalade,Washington,District of Columbia,20442,US,38.896,-77.0177,52502,Mann-Stehr,04/21/2025
462,Kit,Woodger,kwoodgerct@discovery.com,Female,1996,Mercury,Cougar,Albuquerque,New Mexico,87180,US,35.0443,-106.6729,35797,Kertzmann and Sons,04/17/2022
463,Federico,Cholonin,fcholonincu@woothemes.com,Male,1986,Mercury,Lynx,South Bend,Indiana,46634,US,41.5968,-86.293,34152,Hyatt-Bernier,06/23/2024
464,Bartholomew,Beurich,bbeurichcv@netscape.com,Male,2010,Honda,Civic,Saint Louis,Missouri,63180,US,38.6531,-90.2435,59766,"Blanda, Gorczany and Wolf",06/21/2024
465,Owen,Fargher,ofarghercw@adobe.com,Male,1988,Saab,9000,Saint Louis,Missouri,63196,US,38.6531,-90.2435,90000,Brekke-Murazik,09/09/2023
466,Shelley,Downse,sdownsecx@i2i.jp,Male,1994,Ford,Lightning,Saint Louis,Missouri,63158,US,38.6531,-90.2435,70340,Steuber-Hane,07/01/2024
467,Babette,Dyke,bdykecy@sbwire.com,Female,1997,Oldsmobile,Achieva,Fort Worth,Texas,76105,US,32.7233,-97.269,75413,Becker-Reichel,02/09/2024
468,Tim,Kinchlea,tkinchleacz@elegantthemes.com,Polygender,1996,Chrysler,Cirrus,Aurora,Colorado,80015,US,39.6255,-104.7874,53792,"Hermiston, Fay and Abernathy",09/10/2022
469,Trescha,Epps,teppsd0@dailymail.co.uk,Polygender,2007,Acura,RL,Tampa,Florida,33625,US,28.0726,-82.559,71137,"Howe, Cartwright and Moen",01/27/2025
470,Merrill,Atack,matackd1@rediff.com,Female,1998,GMC,1500 Club Coupe,Lincoln,Nebraska,68531,US,40.9008,-96.7201,80916,Bailey Inc,04/20/2023
471,Arel,Wallman,awallmand2@europa.eu,Male,2007,Hyundai,Accent,San Bernardino,California,92415,US,34.84,-115.9671,66853,"Hegmann, Skiles and Kemmer",01/31/2022
472,Norene,Jeckell,njeckelld3@posterous.com,Female,2005,GMC,Safari,Scottsdale,Arizona,85260,US,33.6013,-111.8867,46726,"Runolfsdottir, Halvorson and O'Keefe",04/04/2024
473,Genovera,Kitteridge,gkitteridged4@telegraph.co.uk,Female,2000,Chevrolet,Astro,Pueblo,Colorado,81005,US,38.2352,-104.66,70157,Shields Inc,04/30/2022
474,Cindelyn,McCaffery,cmccafferyd5@hc360.com,Female,1999,Mercedes-Benz,E-Class,San Diego,California,92121,US,32.8919,-117.2035,31071,Kautzer and Sons,07/20/2024
475,Arther,King,akingd6@eventbrite.com,Bigender,2000,Mazda,Millenia,Los Angeles,California,90020,US,34.0665,-118.3022,94828,O'Connell-Ondricka,05/08/2025
476,Shelia,Mathias,smathiasd7@cocolog-nifty.com,Female,2008,Chevrolet,Express 3500,Worcester,Massachusetts,01610,US,42.2492,-71.8108,37136,Schuster-Auer,03/07/2023
477,Beilul,Batter,bbatterd8@yellowbook.com,Female,2012,Nissan,370Z,Bozeman,Montana,59771,US,45.7246,-111.1238,39733,"Gutkowski, Doyle and Batz",06/03/2022
478,Ellen,Bremmer,ebremmerd9@netvibes.com,Female,1997,Lexus,GS,Springfield,Illinois,62756,US,39.7495,-89.606,44965,Emard LLC,03/23/2022
479,Kalvin,Makin,kmakinda@hostgator.com,Male,1987,Ford,LTD Crown Victoria,Fort Wayne,Indiana,46825,US,41.1465,-85.1232,94422,"Klocko, Pagac and Gerhold",04/26/2022
480,Devonna,Wilber,dwilberdb@behance.net,Female,1988,Mercedes-Benz,SL-Class,Long Beach,California,90840,US,33.7843,-118.1157,39394,Spencer-Zemlak,11/21/2025
481,Andeee,Brunner,abrunnerdc@google.ru,Non-binary,2001,Saab,9-3,Houston,Texas,77060,US,29.9335,-95.3981,61784,Block-Bayer,12/28/2025
482,Miller,Mair,mmairdd@dion.ne.jp,Male,2000,Plymouth,Grand Voyager,Roanoke,Virginia,24009,US,37.2742,-79.9579,48336,"Connelly, Predovic and Parisian",12/19/2023
483,Brandice,Ballinghall,bballinghallde@reference.com,Female,1998,GMC,3500,Oakland,California,94622,US,37.799,-122.2337,40547,Bogan-Treutel,03/11/2024
484,Judd,Sponton,jspontondf@mozilla.com,Male,2000,Suzuki,Vitara,Flushing,New York,11355,US,40.7536,-73.8226,46780,Abshire-Muller,10/20/2024
485,Frayda,Ledgister,fledgisterdg@bluehost.com,Female,1999,Toyota,Tacoma,Saint Paul,Minnesota,55115,US,45.071,-92.9391,93540,Rau LLC,08/06/2023
486,Lin,Whyke,lwhykedh@home.pl,Male,2010,Ford,Expedition EL,Lakeland,Florida,33805,US,28.072,-81.9609,46919,Kautzer Group,12/24/2024
487,Chip,Eggar,ceggardi@apple.com,Non-binary,1978,Plymouth,Horizon,Kansas City,Missouri,64101,US,39.1024,-94.5986,75828,"Gerhold, Schowalter and Thiel",02/10/2025
488,Kandy,Orrock,korrockdj@xinhuanet.com,Female,2004,Chevrolet,Impala,Buffalo,New York,14225,US,42.9255,-78.7481,99869,"Lind, Purdy and Bailey",07/04/2022
489,Zelda,Bluschke,zbluschkedk@webs.com,Female,2006,Subaru,Legacy,New Haven,Connecticut,06510,US,41.3087,-72.9271,72981,Lakin-Wilderman,06/15/2024
490,Augusto,Grewes,agrewesdl@google.nl,Male,1992,Mitsubishi,Mighty Max,San Diego,California,92105,US,32.7423,-117.0947,33584,Yundt-Borer,05/16/2025
491,Wilmette,Van Der Vlies,wvandervliesdm@themeforest.net,Female,1988,Land Rover,Range Rover,Montgomery,Alabama,36104,US,32.373,-86.3081,45755,Emard-Lemke,10/18/2023
492,Graig,Francais,gfrancaisdn@google.com,Male,2003,Audi,A4,Spring Hill,Florida,34611,US,28.5642,-82.4165,76859,"Carroll, Nicolas and Kulas",11/19/2023
493,Vasilis,Peyntue,vpeyntuedo@bigcartel.com,Genderqueer,2011,Mercury,Grand Marquis,New York City,New York,10184,US,40.7808,-73.9772,34720,Johnson-Hoeger,07/04/2023
494,Gwynne,Choudhury,gchoudhurydp@mapquest.com,Female,2010,Ford,Escape,Dallas,Texas,75387,US,32.7673,-96.7776,92985,Torp-Kunze,07/07/2022
495,Lynette,Comford,lcomforddq@foxnews.com,Female,1998,Ford,Club Wagon,Pompano Beach,Florida,33069,US,26.2288,-80.1635,97728,Bednar and Sons,08/06/2022
496,Lindon,Selley,lselleydr@illinois.edu,Male,2011,Audi,S4,Syracuse,New York,13251,US,43.0214,-76.1977,70750,Cronin-Nienow,06/20/2024
497,Cristian,Haskur,chaskurds@qq.com,Male,2010,Ford,Expedition EL,Melbourne,Florida,32941,US,27.9246,-80.5235,47692,"Von, Dicki and Orn",02/07/2023
498,Emmalynne,Lodwick,elodwickdt@blogger.com,Female,2001,Chevrolet,Metro,Houston,Texas,77055,US,29.7971,-95.4958,70869,Ledner Inc,11/18/2025
499,Benn,Paolazzi,bpaolazzidu@army.mil,Male,1992,Volkswagen,Fox,Olympia,Washington,98506,US,47.1042,-122.87,53489,"Osinski, Roberts and Mann",10/20/2024
500,Katusha,Bree,kbreedv@hud.gov,Female,1994,Nissan,Quest,Huntsville,Texas,77343,US,30.7813,-95.5953,50994,Schoen-Stracke,12/10/2024
501,Mellisa,McCafferky,mmccafferkydw@blogtalkradio.com,Female,1997,Toyota,Tacoma Xtra,Lake Worth,Florida,33462,US,26.5747,-80.0794,34122,Sipes and Sons,08/31/2025
502,Jasmine,Howatt,jhowattdx@storify.com,Female,1999,Dodge,Ram Van 2500,Phoenix,Arizona,85062,US,33.2765,-112.1872,40905,Harris Inc,09/06/2025
503,Lilian,Medeway,lmedewaydy@51.la,Female,2000,Mercedes-Benz,SL-Class,Salt Lake City,Utah,84145,US,40.6681,-111.9083,68816,Lang LLC,10/22/2022
504,Beulah,Crebott,bcrebottdz@myspace.com,Female,1992,BMW,8 Series,New Orleans,Louisiana,70142,US,30.033,-89.8826,94950,"Ebert, Gutmann and Rogahn",03/30/2024
505,Claire,Brobeck,cbrobecke0@stumbleupon.com,Female,2005,Chevrolet,Corvette,Huntsville,Alabama,35815,US,34.734,-86.5229,96517,"Considine, Rodriguez and Murazik",07/04/2025
506,Willy,Langlands,wlanglandse1@angelfire.com,Male,1963,Studebaker,Avanti,Sandy,Utah,84093,US,40.5927,-111.831,72165,Kemmer-Robel,05/15/2022
507,Titos,Onge,tongee2@amazon.de,Male,2008,Honda,Fit,Albany,New York,12227,US,42.6149,-73.9708,58582,"Friesen, Watsica and Terry",06/24/2025
508,Beryle,Chapleo,bchapleoe3@wikimedia.org,Female,2012,Hyundai,Tucson,Wilmington,Delaware,19897,US,39.5645,-75.597,88542,Kub LLC,12/17/2024
509,Lilyan,Gerald,lgeralde4@hc360.com,Female,1991,Mazda,Familia,Philadelphia,Pennsylvania,19109,US,39.9496,-75.1637,96657,Jakubowski LLC,06/04/2025
510,Perry,Breckenridge,pbreckenridgee5@cargocollective.com,Male,1992,Mazda,Protege,Paterson,New Jersey,07522,US,40.9252,-74.1781,36186,Ward LLC,06/24/2025
511,Spenser,Axton,saxtone6@fema.gov,Male,1993,Mercury,Cougar,Naples,Florida,34114,US,26.0143,-81.5856,91785,"Reichert, Terry and Keeling",04/23/2025
512,Klarika,Radcliffe,kradcliffee7@nhs.uk,Female,1993,Ford,F350,Washington,District of Columbia,20016,US,38.9381,-77.086,64635,Hirthe-Schneider,02/27/2022
513,Radcliffe,Giannoni,rgiannonie8@mail.ru,Male,1996,Honda,Prelude,Asheville,North Carolina,28805,US,35.6004,-82.4918,96245,Lebsack-Conroy,07/15/2022
514,Dickie,Culleton,dculletone9@jugem.jp,Polygender,1967,Pontiac,Tempest,Salt Lake City,Utah,84152,US,40.7286,-111.6627,61276,Hirthe and Sons,07/13/2023
515,Maurice,Ludee,mludeeea@bandcamp.com,Non-binary,2011,Nissan,Leaf,Honolulu,Hawaii,96810,US,21.3062,-157.8585,87473,Mann LLC,02/03/2024
516,Scottie,Loffhead,sloffheadeb@patch.com,Male,2005,Mercedes-Benz,SLR McLaren,Denver,Colorado,80279,US,39.7388,-104.4083,72515,Mayert LLC,07/01/2023
517,Tabby,Harford,tharfordec@mit.edu,Female,1989,Lincoln,Town Car,Miami,Florida,33111,US,25.5584,-80.4582,78025,Marvin LLC,09/26/2025
518,Tara,Idel,tideled@hao123.com,Female,2003,Lincoln,Navigator,Salt Lake City,Utah,84199,US,40.7259,-111.9394,50374,Connelly Inc,05/23/2022
519,Austina,McAvey,amcaveyee@bing.com,Female,2007,BMW,530,Jacksonville,Florida,32255,US,30.287,-81.3893,42493,Gottlieb Inc,10/22/2023
520,Morley,Lark,mlarkef@wisc.edu,Male,1990,Mitsubishi,Sigma,New York City,New York,10115,US,40.8111,-73.9642,76929,"Rempel, Hodkiewicz and Ondricka",10/26/2022
521,Gaston,Harsnep,gharsnepeg@bing.com,Genderqueer,2009,Kia,Rio,Waterbury,Connecticut,06726,US,41.3657,-72.9275,64035,Kovacek-Heller,12/29/2023
522,Giovanna,Fadell,gfadelleh@netlog.com,Female,1986,Mercedes-Benz,E-Class,Las Vegas,Nevada,89160,US,35.9279,-114.9721,43084,"Kshlerin, Koelpin and Wyman",01/28/2023
523,Town,Ferraretto,tferrarettoei@amazon.co.uk,Male,2007,Pontiac,Solstice,Washington,District of Columbia,20099,US,38.8933,-77.0146,54293,Adams and Sons,12/29/2024
524,Nikki,Parsley,nparsleyej@miitbeian.gov.cn,Female,1993,Saturn,S-Series,Joliet,Illinois,60435,US,41.5454,-88.1299,96277,"Mraz, Ziemann and Langosh",11/15/2023
525,Natka,Corradi,ncorradiek@jugem.jp,Female,1996,Dodge,Viper,San Antonio,Texas,78225,US,29.3875,-98.5245,80027,"Kunze, Thompson and Gottlieb",05/13/2025
526,Corrine,Loughlin,cloughlinel@sourceforge.net,Female,2007,Honda,CR-V,Portland,Oregon,97206,US,45.484,-122.5973,44336,Gislason-Kunze,05/05/2024
527,Herrick,Gylle,hgylleem@biblegateway.com,Male,1998,Volvo,S90,Colorado Springs,Colorado,80915,US,38.8558,-104.7134,87790,"Mosciski, Corkery and Smith",08/02/2024
528,Melany,Buxsy,mbuxsyen@mlb.com,Female,1999,Toyota,RAV4,Jacksonville,Florida,32236,US,30.3449,-81.6831,49870,Gusikowski-Cruickshank,10/12/2024
529,Carmelina,Robillard,crobillardeo@ucla.edu,Female,1993,Cadillac,Eldorado,Miami Beach,Florida,33141,US,25.8486,-80.1446,62450,Brown LLC,05/11/2024
530,Orran,Peachman,opeachmanep@tumblr.com,Male,2008,Land Rover,LR3,Denver,Colorado,80270,US,39.7388,-104.4083,96335,Robel and Sons,09/03/2025
531,Demetris,Dulling,ddullingeq@google.com.hk,Male,1997,GMC,Sonoma,Denver,Colorado,80217,US,39.7388,-104.4083,86548,Fay Inc,07/17/2024
532,Russell,Thon,rthoner@weibo.com,Male,2006,BMW,330,Charlotte,North Carolina,28256,US,35.26,-80.8042,57706,"Ernser, Tromp and Stroman",08/26/2024
533,Jarrod,Dannett,jdannettes@cnbc.com,Male,2006,Isuzu,i-Series,Beaufort,South Carolina,29905,US,32.3401,-80.689,36650,"Weissnat, Fahey and Macejkovic",10/18/2022
534,Falkner,Seignior,fseignioret@washingtonpost.com,Agender,2011,Volvo,C30,Oklahoma City,Oklahoma,73119,US,35.421,-97.5616,54170,"Gutkowski, Wunsch and Bode",05/13/2022
535,Dode,Dalliwater,ddalliwatereu@histats.com,Female,1993,Mazda,929,Orlando,Florida,32813,US,28.5679,-81.3258,85377,"Farrell, Nitzsche and Franecki",11/29/2023
536,Orbadiah,Dines,odinesev@marketwatch.com,Male,2004,Mazda,Mazda3,Kansas City,Kansas,66105,US,39.085,-94.6356,90718,"Grant, Fay and Altenwerth",03/11/2025
537,Laurette,Chastaing,lchastaingew@fda.gov,Female,2012,Honda,Ridgeline,Chico,California,95973,US,39.8032,-121.8673,41009,Nitzsche-Braun,05/27/2023
538,Stanley,Furmonger,sfurmongerex@upenn.edu,Male,1987,Buick,Skylark,Pittsburgh,Pennsylvania,15225,US,40.5051,-80.1155,89168,Bernhard and Sons,06/20/2023
539,Nial,Kirlin,nkirliney@nhs.uk,Polygender,2004,Mazda,B-Series Plus,Columbia,Missouri,65211,US,38.9033,-92.1022,62334,Kunze LLC,03/07/2024
540,Auroora,Doxsey,adoxseyez@hostgator.com,Female,2004,GMC,Savana 1500,Kansas City,Missouri,64199,US,39.035,-94.3567,83831,Stoltenberg-Runte,02/18/2022
541,Basil,Blankman,bblankmanf0@feedburner.com,Male,2009,Subaru,Impreza,Worcester,Massachusetts,01605,US,42.2894,-71.7888,84004,Wunsch-Nicolas,05/18/2024
542,Massimo,Rowlstone,mrowlstonef1@theatlantic.com,Male,2010,Mercedes-Benz,CL-Class,Evansville,Indiana,47712,US,37.929,-87.6604,79084,Yundt Group,03/17/2022
543,Leigh,Hickford,lhickfordf2@printfriendly.com,Agender,1996,Lincoln,Town Car,Tacoma,Washington,98442,US,47.3081,-122.4185,53149,"Fay, Waelchi and Hand",07/31/2023
544,Nicola,Bonner,nbonnerf3@dailymotion.com,Female,2007,Acura,TSX,Arlington,Texas,76016,US,32.6889,-97.1905,78712,Tillman Inc,08/19/2022
545,Rorie,Arpino,rarpinof4@fc2.com,Non-binary,2009,Ferrari,California,Columbia,Missouri,65218,US,38.9033,-92.1022,60980,Schaden Group,07/05/2023
546,Venus,Matterdace,vmatterdacef5@baidu.com,Female,1984,Ford,Ranger,Mobile,Alabama,36628,US,30.6589,-88.178,93024,Dickinson LLC,11/23/2022
547,Gilles,Cordner,gcordnerf6@vimeo.com,Male,2004,Land Rover,Range Rover,Charleston,West Virginia,25331,US,38.2968,-81.5547,35901,Howe Group,03/15/2022
548,Mano,Rosborough,mrosboroughf7@google.com.hk,Male,1993,Jeep,Cherokee,Charlotte,North Carolina,28235,US,35.26,-80.8042,73323,Dicki-Bode,04/22/2024
549,Marj,Jarred,mjarredf8@rediff.com,Female,2000,Porsche,911,Memphis,Tennessee,38188,US,35.2017,-89.9715,91541,Barton-Kuvalis,06/21/2025
550,Lilly,Horburgh,lhorburghf9@hugedomains.com,Female,2000,BMW,3 Series,Montpelier,Vermont,05609,US,44.2595,-72.585,65327,McCullough Inc,01/02/2026
551,Kelsy,MacGiolla,kmacgiollafa@ovh.net,Female,1989,Porsche,944,Washington,District of Columbia,20414,US,38.884,-77.0221,62694,Blick LLC,08/30/2023
552,Milissent,Vasyanin,mvasyaninfb@bluehost.com,Female,2003,GMC,Yukon,Fort Wayne,Indiana,46896,US,41.0938,-85.0707,56431,"Windler, Haley and Stark",10/04/2023
553,Raffaello,Hussy,rhussyfc@state.tx.us,Male,1997,Ford,Aspire,San Antonio,Texas,78265,US,29.4375,-98.4616,46578,"Wiegand, Johnson and Metz",02/12/2022
554,Lock,Bogie,lbogiefd@oakley.com,Male,1985,Chevrolet,Corvette,Fort Worth,Texas,76115,US,32.6796,-97.3336,97497,"Graham, Corkery and Powlowski",02/18/2022
555,Clemmy,Challoner,cchallonerfe@networksolutions.com,Female,2009,Audi,S4,Charlotte,North Carolina,28220,US,35.26,-80.8042,45473,Rohan-Boyle,01/24/2025
556,Merrick,Bonhan,mbonhanff@artisteer.com,Male,1995,Mercury,Villager,Pompano Beach,Florida,33069,US,26.2288,-80.1635,65701,Rodriguez Group,10/15/2023
557,Livvy,Marven,lmarvenfg@joomla.org,Female,1996,Buick,Hearse,Fayetteville,North Carolina,28314,US,35.0583,-79.008,92505,"Nitzsche, Breitenberg and Bartoletti",04/06/2023
558,Lamont,De Vaux,ldevauxfh@topsy.com,Genderfluid,2011,Bentley,Continental GTC,Los Angeles,California,90035,US,34.0531,-118.3806,67022,Mills-Kuvalis,03/08/2025
559,Koenraad,Tuckerman,ktuckermanfi@rediff.com,Male,2005,Chevrolet,Monte Carlo,Sacramento,California,95852,US,38.6026,-121.4475,77039,Abshire Inc,08/28/2024
560,Adham,Jolliss,ajollissfj@spiegel.de,Male,2010,Hyundai,Azera,San Diego,California,92127,US,33.0279,-117.0856,55885,"Lebsack, Blanda and Farrell",02/27/2022
561,Alysa,Mingo,amingofk@ow.ly,Female,2009,Nissan,Versa,Huntington Beach,California,92648,US,33.6773,-118.0051,85482,"Carter, West and Bahringer",09/18/2025
562,Aaron,Ambrus,aambrusfl@timesonline.co.uk,Male,2002,Lexus,LX,El Paso,Texas,88574,US,31.6948,-106.3,90326,Flatley and Sons,09/04/2025
563,Margy,Larn,mlarnfm@utexas.edu,Non-binary,2008,Volvo,C70,Merrifield,Virginia,22119,US,38.8318,-77.2888,99307,"Friesen, Waters and Cormier",05/25/2024
564,Frank,Cecchi,fcecchifn@engadget.com,Male,1960,Chevrolet,Corvette,Washington,District of Columbia,20099,US,38.8933,-77.0146,30464,"Haag, Schmidt and Thiel",08/09/2025
565,Matteo,Luety,mluetyfo@baidu.com,Male,2011,Cadillac,SRX,New York City,New York,10060,US,40.7808,-73.9772,52578,"Nikolaus, Wuckert and Wiza",04/26/2024
566,Andrei,Sunock,asunockfp@princeton.edu,Female,1999,Volkswagen,rio,Dayton,Ohio,45440,US,39.6749,-84.1136,47039,Dach-Halvorson,01/22/2023
567,Saraann,Glendza,sglendzafq@nymag.com,Female,1992,Isuzu,Impulse,Dayton,Ohio,45440,US,39.6749,-84.1136,45538,Larkin-Leuschke,04/23/2023
568,Sterne,Stoop,sstoopfr@dion.ne.jp,Male,1992,Volvo,740,Jacksonville,Florida,32215,US,30.2407,-81.893,41393,"Jacobson, Walsh and Kuhn",05/05/2025
569,Stavro,Waddington,swaddingtonfs@usda.gov,Male,2007,GMC,Yukon XL 2500,Salt Lake City,Utah,84152,US,40.7286,-111.6627,87733,Okuneva-Daniel,11/10/2025
570,Krystyna,Akker,kakkerft@time.com,Female,1997,GMC,Suburban 1500,Fort Worth,Texas,76115,US,32.6796,-97.3336,53248,"Marquardt, Wunsch and Trantow",05/08/2022
571,Liliane,Nuzzi,lnuzzifu@angelfire.com,Female,2002,Land Rover,Discovery,Reston,Virginia,22096,US,38.8318,-77.2888,85970,Wuckert Group,07/05/2022
572,Ara,Bouda,aboudafv@kickstarter.com,Bigender,1993,Porsche,928,Portsmouth,Virginia,23705,US,36.8686,-76.3552,88124,"Rath, Schimmel and Bode",05/22/2024
573,Kalina,Annetts,kannettsfw@privacy.gov.au,Female,1995,BMW,7 Series,San Bernardino,California,92415,US,34.84,-115.9671,45449,"Sauer, Koch and Sanford",03/01/2025
574,Maggy,Yankishin,myankishinfx@wordpress.org,Female,1999,Volvo,S70,Dayton,Ohio,45432,US,39.739,-84.0856,63948,Block Inc,04/24/2024
575,Henrietta,Ulrik,hulrikfy@bluehost.com,Female,2000,Mazda,B-Series,Colorado Springs,Colorado,80945,US,38.8247,-104.562,38037,"Carroll, Jaskolski and Reichel",02/09/2023
576,Deborah,Joskovitch,djoskovitchfz@globo.com,Female,2005,Mercury,Monterey,Canton,Ohio,44710,US,40.7911,-81.4169,55369,"Schimmel, Anderson and Barrows",09/30/2025
577,Borg,Ragless,braglessg0@weather.com,Male,2005,Maserati,Gran Sport,South Lake Tahoe,California,96154,US,38.8753,-120.0188,70824,Gislason Inc,05/28/2023
578,Imelda,Skurm,iskurmg1@adobe.com,Bigender,1989,Lexus,ES,Kansas City,Missouri,64136,US,39.0187,-94.4008,45592,"Hudson, Rice and Flatley",02/25/2025
579,Mark,Grivori,mgrivorig2@reference.com,Male,1994,Ford,Ranger,Silver Spring,Maryland,20918,US,39.144,-77.2076,34576,Harvey-Rogahn,02/20/2022
580,Merrick,Pearch,mpearchg3@sitemeter.com,Male,1991,Pontiac,Firebird,Las Vegas,Nevada,89178,US,35.9977,-115.2861,82576,Raynor Group,03/17/2023
581,Wade,Dorrance,wdorranceg4@dagondesign.com,Male,1998,Dodge,Ram Van 2500,Meridian,Mississippi,39305,US,32.4401,-88.6783,93815,"O'Hara, Mills and Schowalter",04/16/2022
582,Willa,Aizikowitz,waizikowitzg5@google.com.au,Non-binary,1990,Mitsubishi,Eclipse,Kansas City,Missouri,64101,US,39.1024,-94.5986,79126,"D'Amore, Ward and Hagenes",04/21/2025
583,Gustave,Aikett,gaikettg6@devhub.com,Male,2003,Chevrolet,Suburban 2500,Joliet,Illinois,60435,US,41.5454,-88.1299,75583,Keebler-O'Keefe,06/02/2023
584,Ilario,Breakspear,ibreakspearg7@cpanel.net,Male,2002,Oldsmobile,Aurora,Albuquerque,New Mexico,87110,US,35.1104,-106.5781,47082,Bosco Inc,07/08/2025
585,Ware,Cejka,wcejkag8@oakley.com,Bigender,1994,Subaru,Justy,Atlanta,Georgia,30375,US,33.8444,-84.474,52164,Quitzon LLC,02/26/2022
586,Mamie,Staples,mstaplesg9@wunderground.com,Female,1999,Mercury,Cougar,Buffalo,New York,14276,US,42.7684,-78.8871,40375,"Ziemann, Ernser and Dickinson",08/08/2025
587,Stevana,McLanachan,smclanachanga@uol.com.br,Female,1998,Ford,Econoline E150,Anniston,Alabama,36205,US,33.7358,-85.7933,95251,Funk Group,01/25/2025
588,Tandy,Haggie,thaggiegb@oracle.com,Genderqueer,1984,Saab,900,Springfield,Ohio,45505,US,39.9106,-83.7856,72731,Bartell-Blanda,08/02/2024
589,Farica,Rottcher,frottchergc@google.nl,Female,1989,Mazda,B-Series,Amarillo,Texas,79105,US,35.4015,-101.8951,60642,Jacobs Inc,09/07/2023
590,Rafael,Strong,rstronggd@techcrunch.com,Male,2004,Scion,xA,Pittsburgh,Pennsylvania,15286,US,40.4344,-80.0248,90870,Weber and Sons,05/12/2025
591,Lettie,McCarver,lmccarverge@elpais.com,Female,2009,Dodge,Ram,Youngstown,Ohio,44505,US,41.1257,-80.6277,68609,Watsica-Pagac,08/24/2025
592,Jareb,Asson,jassongf@irs.gov,Male,1999,Ford,Contour,Dallas,Texas,75287,US,33.0005,-96.8314,61346,Donnelly Group,03/29/2022
593,Joshia,Ashforth,jashforthgg@icq.com,Male,1987,Toyota,MR2,Las Vegas,Nevada,89140,US,36.086,-115.1471,71676,McLaughlin-Konopelski,02/25/2022
594,Ira,Prier,ipriergh@symantec.com,Female,1993,Chevrolet,Astro,Richmond,Virginia,23289,US,37.5313,-77.4161,57827,Sanford and Sons,11/16/2023
595,Orton,Pym,opymgi@ox.ac.uk,Male,1997,Chevrolet,Astro,Sandy,Utah,84093,US,40.5927,-111.831,34004,"Barton, McCullough and Reinger",08/13/2025
596,Trueman,Banton,tbantongj@naver.com,Polygender,2003,Lexus,IS,Washington,District of Columbia,20238,US,38.8933,-77.0146,66727,D'Amore-Ernser,02/07/2023
597,Stern,Dakhno,sdakhnogk@example.com,Male,1995,Lexus,LS,Grand Junction,Colorado,81505,US,39.1071,-108.5968,74841,Bogan Group,04/14/2024
598,Henri,Tomaszewicz,htomaszewiczgl@creativecommons.org,Male,1966,Oldsmobile,Toronado,Phoenix,Arizona,85062,US,33.2765,-112.1872,36068,Abbott Group,08/08/2025
599,Hansiain,Nary,hnarygm@hud.gov,Non-binary,1995,Dodge,Avenger,Miami,Florida,33164,US,25.5584,-80.4582,73871,Streich and Sons,12/03/2025
600,Hercule,Meadley,hmeadleygn@ustream.tv,Male,2004,Toyota,4Runner,Brooklyn,New York,11254,US,40.6451,-73.945,46702,"Daugherty, Walsh and Armstrong",08/30/2024
601,Molly,Sictornes,msictornesgo@ucla.edu,Female,2003,Chevrolet,Express 1500,Nashville,Tennessee,37228,US,36.1901,-86.8053,36540,Hessel LLC,11/04/2024
602,Corny,Tremelling,ctremellinggp@tripadvisor.com,Male,2008,BMW,M5,Washington,District of Columbia,20540,US,38.8874,-77.0047,48236,Rau-Quitzon,11/29/2023
603,Rahel,Alyonov,ralyonovgq@angelfire.com,Female,1993,Hyundai,Scoupe,Pasadena,California,91199,US,34.1478,-118.1436,49008,Koss-Halvorson,07/31/2024
604,Jared,Franklen,jfranklengr@xrea.com,Male,1999,Infiniti,I,Memphis,Tennessee,38109,US,35.0425,-90.0732,64084,Kub and Sons,02/15/2022
605,Giselbert,Faircloth,gfairclothgs@salon.com,Male,1999,Chrysler,300M,Chattanooga,Tennessee,37405,US,35.0768,-85.3082,89102,O'Reilly-Schumm,08/23/2024
606,Dore,Garham,dgarhamgt@angelfire.com,Female,2006,Chevrolet,Express 2500,Saint Petersburg,Florida,33731,US,27.8918,-82.7248,85191,Cole-Shanahan,03/25/2024
607,Earlie,Olufsen,eolufsengu@aol.com,Male,2004,Land Rover,Discovery,Detroit,Michigan,48258,US,42.2399,-83.1508,96099,Reilly-Kirlin,07/29/2022
608,Kerby,Cleatherow,kcleatherowgv@cnbc.com,Male,2009,Dodge,Grand Caravan,Garland,Texas,75044,US,32.9522,-96.6654,99128,Lindgren LLC,12/30/2025
609,Kala,Meanwell,kmeanwellgw@de.vu,Female,1992,Ford,Explorer,Mansfield,Ohio,44905,US,40.7779,-82.4613,49540,Hagenes-Balistreri,04/06/2025
610,Jessamine,Stangroom,jstangroomgx@blogspot.com,Female,2007,Chrysler,Sebring,Lansing,Michigan,48912,US,42.7371,-84.5244,86729,Hane and Sons,10/21/2023
611,Cooper,Emlin,cemlingy@prnewswire.com,Male,1963,Chevrolet,Corvette,Cedar Rapids,Iowa,52410,US,42.0794,-91.5992,81882,Kuhn and Sons,07/21/2024
612,Moyra,Bamblett,mbamblettgz@rediff.com,Female,2004,GMC,Savana 3500,Houston,Texas,77276,US,29.7575,-95.3668,88897,"Haley, Altenwerth and Buckridge",05/30/2023
613,Crawford,Keavy,ckeavyh0@prnewswire.com,Male,1995,Honda,Civic,Chicago,Illinois,60674,US,41.8119,-87.6873,34185,"Hyatt, Stoltenberg and Denesik",02/11/2024
614,Maudie,Staves,mstavesh1@telegraph.co.uk,Female,2004,GMC,Sierra 2500,Huntsville,Texas,77343,US,30.7813,-95.5953,34889,Beer LLC,10/03/2024
615,Ilse,Inwood,iinwoodh2@ehow.com,Female,2007,Cadillac,Escalade ESV,Des Moines,Iowa,50981,US,41.6727,-93.5722,68249,Emard Inc,02/20/2025
616,Damita,Pinwill,dpinwillh3@jimdo.com,Female,1999,Cadillac,Seville,Raleigh,North Carolina,27610,US,35.7667,-78.6008,87862,Cole-Kassulke,04/05/2023
617,Jennette,Wysome,jwysomeh4@cyberchimps.com,Bigender,2003,Ford,E-Series,Chicago,Illinois,60641,US,41.9453,-87.7474,36009,Oberbrunner-Cartwright,05/31/2022
618,Skip,Dobie,sdobieh5@slate.com,Male,2011,Lexus,HS,Kansas City,Missouri,64136,US,39.0187,-94.4008,38541,Grant LLC,03/23/2022
619,Suzy,Killeen,skilleenh6@tamu.edu,Female,1998,BMW,5 Series,Pittsburgh,Pennsylvania,15250,US,40.4344,-80.0248,74383,McCullough-Kris,10/04/2024
620,Nessi,Raun,nraunh7@samsung.com,Female,2009,Hyundai,Tucson,Columbus,Ohio,43231,US,40.081,-82.9383,85560,"Hilpert, Walsh and Gottlieb",04/05/2024
621,Mildrid,Vondruska,mvondruskah8@tumblr.com,Female,1996,Acura,Integra,Reno,Nevada,89510,US,39.7699,-119.6027,44565,Kutch Group,09/22/2025
622,Annice,Guiso,aguisoh9@blogs.com,Female,2011,Kia,Sportage,Cape Coral,Florida,33915,US,26.6599,-81.8934,65209,Jacobson Group,03/21/2025
623,Sean,Minichillo,sminichilloha@foxnews.com,Male,2009,Buick,LaCrosse,San Rafael,California,94913,US,38.068,-122.741,83455,Abshire LLC,06/24/2024
624,Rooney,Beamond,rbeamondhb@baidu.com,Male,2004,Volkswagen,Golf,Shreveport,Louisiana,71166,US,32.6076,-93.7526,38003,"Schroeder, Zieme and Mayer",08/01/2022
625,Fons,May,fmayhc@mac.com,Male,2005,Toyota,Celica,Miami,Florida,33147,US,25.8507,-80.2366,98540,Murphy and Sons,01/21/2024
626,Lynne,Jodlowski,ljodlowskihd@slashdot.org,Agender,2004,Hummer,H2,Lake Charles,Louisiana,70616,US,30.2642,-93.3265,42584,Reynolds LLC,01/11/2026
627,Grady,Lethlay,glethlayhe@europa.eu,Male,2002,Pontiac,Grand Prix,Madison,Wisconsin,53710,US,43.0696,-89.4239,34749,Tromp-Nader,03/17/2022
628,Merrily,Lobbe,mlobbehf@t.co,Female,2005,Ford,Focus,Tuscaloosa,Alabama,35405,US,33.1617,-87.5144,72242,"DuBuque, Jerde and Connelly",07/25/2025
629,Fancy,Medcalfe,fmedcalfehg@amazon.de,Female,1999,Chrysler,Sebring,Asheville,North Carolina,28805,US,35.6004,-82.4918,61338,Heller-Herman,05/24/2025
630,Marina,Stampe,mstampehh@sciencedaily.com,Female,2005,Chrysler,Sebring,Columbia,South Carolina,29225,US,34.006,-80.9708,59428,McDermott LLC,03/09/2023
631,Arlena,Sacher,asacherhi@symantec.com,Female,2012,Honda,CR-Z,Washington,District of Columbia,20062,US,38.9,-77.0369,42089,Kuvalis-Barton,09/14/2023
632,Leila,Trime,ltrimehj@hud.gov,Female,2009,Infiniti,G,Albany,New York,12232,US,42.6149,-73.9708,57211,Schumm-Stark,04/25/2024
633,Felipa,Schonfeld,fschonfeldhk@answers.com,Female,1994,Dodge,Ram Wagon B150,Tulsa,Oklahoma,74149,US,36.1398,-96.0297,89270,"Marquardt, Jacobi and Conn",08/30/2022
634,Harwilll,Coldbathe,hcoldbathehl@toplist.cz,Male,1998,Mitsubishi,Eclipse,Pomona,California,91797,US,33.7866,-118.2987,81328,Shanahan-Heathcote,04/09/2024
635,Adamo,Vowells,avowellshm@archive.org,Male,1997,Land Rover,Defender 90,Washington,District of Columbia,20420,US,38.9035,-77.0276,96741,"Cummings, Bogisich and Hills",03/21/2024
636,Ashly,Creavan,acreavanhn@msn.com,Female,1997,Chevrolet,G-Series 1500,Boise,Idaho,83705,US,43.5851,-116.2191,54837,Homenick Group,11/17/2023
637,Kaitlynn,Renachowski,krenachowskiho@va.gov,Female,2007,Volvo,C70,Augusta,Georgia,30905,US,33.413,-82.1337,46223,Fadel Inc,08/23/2022
638,Che,Guerner,cguernerhp@discovery.com,Male,2001,Chevrolet,Monte Carlo,Miami,Florida,33111,US,25.5584,-80.4582,98707,"Muller, Schroeder and Hackett",01/16/2023
639,Rolfe,Dorbon,rdorbonhq@google.fr,Male,2011,Nissan,Murano,Cincinnati,Ohio,45208,US,39.1361,-84.4355,98464,"O'Hara, Kutch and Prohaska",12/07/2022
640,Ludovika,Robertazzi,lrobertazzihr@microsoft.com,Female,1985,Ford,Ranger,White Plains,New York,10633,US,41.119,-73.733,97366,Schumm-Wintheiser,04/15/2025
641,Addy,Roelofs,aroelofshs@cyberchimps.com,Male,2006,Suzuki,Forenza,Brooklyn,New York,11254,US,40.6451,-73.945,86364,Kuhic Group,12/06/2023
642,Ned,Halleday,nhalledayht@wsj.com,Male,2003,Audi,A6,Tampa,Florida,33633,US,27.872,-82.4388,67280,Mosciski Inc,03/04/2022
643,Jakob,GiacobbiniJacob,jgiacobbinijacobhu@nyu.edu,Male,1984,Ford,Tempo,Cleveland,Ohio,44125,US,41.4335,-81.6323,76954,Barton-Prosacco,08/15/2023
644,Land,Porkiss,lporkisshv@a8.net,Male,1993,Honda,del Sol,Washington,District of Columbia,20005,US,38.9067,-77.0312,98969,"Romaguera, Russel and Yost",05/09/2023
645,Mychal,Brinkworth,mbrinkworthhw@noaa.gov,Male,1992,GMC,Suburban 1500,Cleveland,Ohio,44125,US,41.4335,-81.6323,87099,"Streich, Hahn and Barrows",02/17/2024
646,Judd,Siberry,jsiberryhx@samsung.com,Male,1993,Cadillac,DeVille,Long Beach,California,90847,US,33.7866,-118.2987,84815,Stroman LLC,02/07/2025
647,Phoebe,Copeland,pcopelandhy@omniture.com,Female,1998,Subaru,Forester,Tallahassee,Florida,32304,US,30.4478,-84.3211,45886,Beier Group,07/04/2023
648,Hali,Dupoy,hdupoyhz@seattletimes.com,Female,2012,Honda,CR-Z,Minneapolis,Minnesota,55402,US,44.9762,-93.2759,35297,"McClure, Hoeger and Huel",12/17/2024
649,Gillan,Brand,gbrandi0@wunderground.com,Female,2012,Subaru,Forester,Springfield,Missouri,65898,US,37.1803,-93.2951,87711,Hegmann and Sons,07/08/2025
650,Kirsteni,Cawkwell,kcawkwelli1@guardian.co.uk,Female,2011,Chevrolet,HHR,Ogden,Utah,84403,US,41.1894,-111.9489,51365,Crona Group,03/04/2025
651,Cariotta,Boyles,cboylesi2@ed.gov,Female,2002,Land Rover,Range Rover,Minneapolis,Minnesota,55458,US,45.0159,-93.4719,97854,Volkman LLC,12/13/2025
652,Burl,Rumgay,brumgayi3@weibo.com,Male,1990,Pontiac,6000,Houston,Texas,77271,US,29.834,-95.4342,79188,Zemlak-Metz,04/04/2023
653,Kirstyn,Hum,khumi4@list-manage.com,Female,2005,Dodge,Magnum,Lincoln,Nebraska,68505,US,40.8247,-96.6252,43916,"Littel, Treutel and Howell",05/06/2023
654,Edeline,Mockler,emockleri5@jugem.jp,Female,1985,Mercedes-Benz,SL-Class,Merrifield,Virginia,22119,US,38.8318,-77.2888,50008,Wuckert LLC,04/09/2024
655,Tomi,Dowty,tdowtyi6@theguardian.com,Non-binary,2004,Infiniti,G,Laurel,Maryland,20709,US,38.8336,-76.8777,79817,Turcotte Group,02/27/2023
656,Maurits,Munsey,mmunseyi7@parallels.com,Male,1973,Ford,Mustang,Longview,Texas,75605,US,32.5547,-94.7767,77856,Upton and Sons,08/22/2023
657,Zora,Marlen,zmarleni8@t.co,Female,1996,Dodge,Grand Caravan,Canton,Ohio,44705,US,40.8259,-81.3399,90223,Pacocha-Rippin,03/19/2023
658,Nisse,Northway,nnorthwayi9@wikispaces.com,Non-binary,1996,GMC,Safari,Orlando,Florida,32808,US,28.5803,-81.4396,50142,Heller-Hackett,04/16/2025
659,Wildon,Trazzi,wtrazziia@i2i.jp,Male,2006,Toyota,RAV4,Houston,Texas,77060,US,29.9335,-95.3981,82141,Trantow LLC,10/12/2024
660,Ashley,Bertenshaw,abertenshawib@macromedia.com,Male,2004,Spyker,C8 Spyder,Mobile,Alabama,36616,US,30.671,-88.1267,87470,"Smitham, Wunsch and Murphy",11/10/2025
661,Stephan,Loch,slochic@elegantthemes.com,Genderfluid,2003,Suzuki,XL-7,Waltham,Massachusetts,02453,US,42.3654,-71.2316,93250,Runolfsson and Sons,12/10/2024
662,Evan,Dunnett,edunnettid@google.com.hk,Male,2008,Jeep,Wrangler,Monticello,Minnesota,55590,US,45.2009,-93.8881,78126,"Schowalter, Turner and Ryan",02/24/2023
663,Donalt,McSparran,dmcsparranie@jimdo.com,Male,2002,Chrysler,Concorde,Honolulu,Hawaii,96820,US,21.351,-157.8795,67609,McCullough Inc,03/21/2025
664,Thea,Dunstan,tdunstanif@spotify.com,Female,1991,Volkswagen,Golf,Las Vegas,Nevada,89125,US,36.2235,-115.2655,84029,"Bogisich, Hand and Grimes",11/02/2023
665,Lenna,Mugg,lmuggig@phoca.cz,Female,2002,Ford,F350,Littleton,Colorado,80161,US,39.7388,-104.4083,41190,Quigley Group,02/22/2022
666,Fifine,Fey,ffeyih@google.cn,Female,1995,Chevrolet,Monte Carlo,Detroit,Michigan,48232,US,42.2399,-83.1508,90752,Hackett-Fahey,01/20/2026
667,Elayne,Smithson,esmithsonii@indiegogo.com,Female,1990,Volkswagen,Jetta,Erie,Pennsylvania,16522,US,42.1827,-80.0649,38920,Goodwin-Kling,10/28/2025
668,Alexandrina,Eddisford,aeddisfordij@hp.com,Female,2003,Volkswagen,Jetta,Roanoke,Virginia,24020,US,37.3589,-79.9448,56289,Flatley LLC,01/08/2023
669,Susy,Levey,sleveyik@statcounter.com,Female,1988,Buick,Regal,Lincoln,Nebraska,68583,US,40.7845,-96.6888,95275,"Flatley, Balistreri and Steuber",07/07/2025
670,Shandy,Grisewood,sgrisewoodil@ustream.tv,Female,1990,Mercedes-Benz,E-Class,Mobile,Alabama,36670,US,30.6589,-88.178,85538,"Gibson, Turner and Cronin",02/18/2025
671,Derrek,Abramovicz,dabramoviczim@naver.com,Male,2007,BMW,M6,El Paso,Texas,79911,US,31.8925,-106.5426,41466,McGlynn-Kohler,01/11/2023
672,Nell,Childe,nchildein@youtube.com,Female,2010,Porsche,Cayenne,New York City,New York,10131,US,40.7808,-73.9772,62079,"Hills, Goyette and Lind",11/29/2022
673,Audrey,Spearman,aspearmanio@ask.com,Female,2005,Aston Martin,Vanquish S,Baltimore,Maryland,21211,US,39.3316,-76.6336,64245,Satterfield-Stracke,11/29/2024
674,Giuditta,Charke,gcharkeip@smh.com.au,Genderfluid,2003,Chevrolet,Impala,Dallas,Texas,75226,US,32.7887,-96.7676,83442,Hodkiewicz Group,05/26/2025
675,Peyton,Meeson,pmeesoniq@posterous.com,Male,1992,Chevrolet,Blazer,Springfield,Missouri,65810,US,37.1136,-93.2896,55654,Roob-Mitchell,06/05/2025
676,Pris,Spence,pspenceir@shareasale.com,Female,2007,Lotus,Exige,Prescott,Arizona,86305,US,34.8185,-112.9584,84538,"Yost, Ratke and Schuster",08/19/2024
677,Morissa,Dunstall,mdunstallis@twitpic.com,Female,2012,Chevrolet,Sonic,Charleston,West Virginia,25326,US,38.2968,-81.5547,84343,Runolfsson Group,04/17/2023
678,Stanly,Ondrich,sondrichit@pbs.org,Male,1992,Isuzu,Trooper,Peoria,Illinois,61656,US,40.7442,-89.7184,30539,Hodkiewicz-Volkman,07/19/2024
679,Johnathan,Kivelhan,jkivelhaniu@marketwatch.com,Male,1986,Ford,Bronco,Milwaukee,Wisconsin,53277,US,43.0389,-87.9024,40620,O'Kon Inc,04/20/2024
680,Robby,Andrich,randrichiv@hud.gov,Female,1991,Lotus,Elan,Seattle,Washington,98185,US,47.4323,-121.8034,88735,Gutkowski Inc,11/16/2025
681,Shoshana,Clynmans,sclynmansiw@163.com,Female,2007,Chevrolet,Corvette,Milwaukee,Wisconsin,53263,US,43.0746,-88.0604,84692,Bernhard-Turcotte,04/26/2022
682,Towney,Bennell,tbennellix@soup.io,Male,2000,Mercury,Mountaineer,New York City,New York,10184,US,40.7808,-73.9772,73065,"Cremin, Price and Keebler",04/13/2023
683,June,Ricciardi,jricciardiiy@mayoclinic.com,Female,2006,Chevrolet,Monte Carlo,Reno,Nevada,89519,US,39.4814,-119.8591,35813,Kassulke-Gleason,09/10/2025
684,Inessa,Pocke,ipockeiz@theatlantic.com,Female,2007,Volkswagen,GTI,Columbia,South Carolina,29208,US,33.9937,-81.0199,41406,Bogan LLC,01/09/2024
685,Ursuline,Dumingos,udumingosj0@barnesandnoble.com,Female,2012,Hyundai,Equus,Houston,Texas,77206,US,29.834,-95.4342,69809,Oberbrunner-Schmidt,12/01/2025
686,Teodora,Osburn,tosburnj1@tumblr.com,Female,2003,Audi,S8,Memphis,Tennessee,38104,US,35.1334,-90.0046,67965,"Franecki, Stamm and Hintz",02/27/2023
687,Nerissa,O'Day,nodayj2@hao123.com,Female,2012,Buick,Regal,Brockton,Massachusetts,02305,US,41.9705,-70.7014,83115,Bauch LLC,04/01/2025
688,Adlai,Briance,abriancej3@webs.com,Male,2003,Toyota,Avalon,Fort Worth,Texas,76198,US,32.7714,-97.2915,85298,Treutel Group,09/07/2024
689,Lesley,Polkinghorne,lpolkinghornej4@seattletimes.com,Male,1998,Oldsmobile,Cutlass,Rockford,Illinois,61105,US,42.3254,-89.1705,76913,"Hackett, Senger and Deckow",08/31/2023
690,Udale,Cawood,ucawoodj5@dell.com,Male,1996,Land Rover,Discovery,Raleigh,North Carolina,27690,US,35.7977,-78.6253,77336,"Gusikowski, Littel and Botsford",05/01/2022
691,Benni,Knoller,bknollerj6@marketwatch.com,Female,1999,Suzuki,Swift,Tacoma,Washington,98464,US,47.0662,-122.1132,70335,Moen-Stamm,01/03/2023
692,Burtie,Witsey,bwitseyj7@usgs.gov,Male,2010,Buick,Lucerne,Houston,Texas,77223,US,29.834,-95.4342,89257,"Spencer, Pfannerstill and Nienow",06/29/2024
693,Cletus,Kinzett,ckinzettj8@squarespace.com,Genderqueer,1998,Mitsubishi,Montero Sport,Wichita,Kansas,67215,US,37.6333,-97.425,38794,Glover-Ankunding,04/26/2025
694,Ted,Scarasbrick,tscarasbrickj9@simplemachines.org,Genderfluid,2011,MINI,Clubman,Pittsburgh,Pennsylvania,15225,US,40.5051,-80.1155,41776,"Upton, Wilkinson and Larkin",12/04/2024
695,Patty,Ralfe,pralfeja@sohu.com,Female,2010,Bentley,Azure T,Grand Rapids,Michigan,49544,US,43.0073,-85.7255,74319,Morissette-Durgan,08/22/2023
696,Iona,MacCome,imaccomejb@si.edu,Female,1993,Mazda,323,San Francisco,California,94121,US,37.7786,-122.4892,30140,"Johnston, Keebler and Doyle",02/18/2024
697,Candi,Gilcrist,cgilcristjc@barnesandnoble.com,Female,1999,Mercury,Mountaineer,Dayton,Ohio,45426,US,39.7982,-84.3211,58561,Harvey and Sons,03/02/2023
698,Elihu,Townend,etownendjd@about.me,Male,2011,Saab,9-5,Sacramento,California,95833,US,38.6157,-121.5053,48875,Zemlak and Sons,10/23/2024
699,Ephrayim,O'Sheeryne,eosheeryneje@baidu.com,Agender,1992,Mitsubishi,Mighty Max,Washington,District of Columbia,20036,US,38.9087,-77.0414,80833,Witting and Sons,01/12/2023
700,Willamina,Keaton,wkeatonjf@reddit.com,Genderfluid,1994,Oldsmobile,98,Palmdale,California,93591,US,34.6019,-117.8123,34975,"Strosin, Mayert and Feest",03/10/2024
701,Zackariah,Dudny,zdudnyjg@twitpic.com,Male,1985,Saab,900,Charlotte,North Carolina,28256,US,35.26,-80.8042,37119,Kunde Inc,08/06/2023
702,Elianora,Parkhouse,eparkhousejh@dion.ne.jp,Female,1999,Honda,CR-V,Salt Lake City,Utah,84125,US,40.6681,-111.9083,90239,Ziemann-Hudson,08/13/2024
703,Verney,Heugh,vheughji@google.nl,Male,2006,GMC,Sierra 1500,San Francisco,California,94116,US,37.7441,-122.4863,43456,"Nitzsche, Bailey and Blick",06/17/2024
704,Rickert,Casey,rcaseyjj@nationalgeographic.com,Male,1996,Mazda,B-Series Plus,Myrtle Beach,South Carolina,29579,US,33.7377,-78.9787,73840,Conn and Sons,04/30/2022
705,Arther,Twelvetrees,atwelvetreesjk@flickr.com,Male,2010,Ferrari,458 Italia,Miami Beach,Florida,33141,US,25.8486,-80.1446,90851,Cronin Group,07/11/2024
706,Nikola,Rivenzon,nrivenzonjl@goodreads.com,Male,2000,Isuzu,VehiCROSS,Omaha,Nebraska,68105,US,41.2435,-95.9629,58056,Mohr Group,03/29/2022
707,Rosana,Flucker,rfluckerjm@com.com,Female,1999,Lexus,RX,Monticello,Minnesota,55590,US,45.2009,-93.8881,48308,"Conroy, Hahn and Effertz",01/26/2026
708,Justin,Roseman,jrosemanjn@ucoz.com,Male,1997,Hyundai,Elantra,Pensacola,Florida,32505,US,30.4481,-87.2589,65505,Tromp Group,11/06/2022
709,Cole,Worvell,cworvelljo@goo.gl,Male,1990,Lexus,ES,Washington,District of Columbia,20029,US,38.8933,-77.0146,74219,Herman-Cartwright,03/13/2023
710,Christiano,Weatherhill,cweatherhilljp@google.es,Male,2006,Chrysler,300,Worcester,Massachusetts,01654,US,42.3648,-71.8969,75885,"Conroy, Davis and Schmeler",11/29/2023
711,Elvira,Cultcheth,ecultchethjq@nhs.uk,Female,2011,GMC,Terrain,Washington,District of Columbia,20599,US,38.8933,-77.0146,67169,"Lebsack, Carter and Kshlerin",09/19/2023
712,Myrtia,Foulkes,mfoulkesjr@nbcnews.com,Female,2004,Lexus,IS,Valdosta,Georgia,31605,US,30.946,-83.2474,99794,"Kling, Lueilwitz and Pfannerstill",07/19/2023
713,Tam,Poli,tpolijs@multiply.com,Male,1994,Mercedes-Benz,S-Class,Canton,Ohio,44720,US,40.8956,-81.433,49713,Macejkovic Group,08/27/2025
714,Jesse,Balint,jbalintjt@wordpress.com,Male,1985,Porsche,944,Madison,Wisconsin,53710,US,43.0696,-89.4239,73588,Konopelski Inc,04/05/2024
715,Sasha,McDyer,smcdyerju@uiuc.edu,Male,1992,Ford,F250,Crawfordsville,Indiana,47937,US,40.04,-86.8936,71748,Pacocha Inc,01/10/2025
716,Lilah,Craine,lcrainejv@addtoany.com,Female,2005,Saab,9-5,Athens,Georgia,30610,US,33.9443,-83.3891,33233,Kohler-Champlin,04/19/2023
717,Madlin,Dunan,mdunanjw@cafepress.com,Non-binary,1986,Lincoln,Continental Mark VII,Chicago,Illinois,60691,US,41.8119,-87.6873,51311,"Rodriguez, Kozey and McLaughlin",08/05/2025
718,Anetta,Adds,aaddsjx@photobucket.com,Female,1986,Buick,LeSabre,Charlotte,North Carolina,28205,US,35.22,-80.7881,77906,Gleason-Kirlin,11/28/2023
719,Luther,Nemchinov,lnemchinovjy@over-blog.com,Male,2011,Lexus,GX,Rochester,New York,14683,US,43.286,-77.6843,85395,Roberts-Hyatt,10/31/2024
720,Neel,Bawles,nbawlesjz@multiply.com,Bigender,1990,Ford,Taurus,Ashburn,Virginia,22093,US,39.0853,-77.6452,39424,"Becker, Beer and Upton",07/06/2023
721,Smith,Bonnor,sbonnork0@eepurl.com,Male,2010,Cadillac,DTS,Charlotte,North Carolina,28256,US,35.26,-80.8042,89401,Roberts-Dibbert,09/26/2024
722,Jason,Vanns,jvannsk1@ca.gov,Male,1997,Chevrolet,Suburban 2500,Baton Rouge,Louisiana,70883,US,30.5159,-91.0804,63711,Ruecker and Sons,02/12/2022
723,Jemmy,Rhubottom,jrhubottomk2@shop-pro.jp,Female,2011,Chrysler,300,Minneapolis,Minnesota,55417,US,44.9054,-93.2361,46897,West Inc,05/10/2025
724,Rodolph,Rubinivitz,rrubinivitzk3@creativecommons.org,Male,1990,Ford,Ranger,Scranton,Pennsylvania,18514,US,41.4019,-75.6376,53079,Nienow-Ruecker,07/09/2024
725,Marten,Averill,maverillk4@dion.ne.jp,Male,2007,Toyota,Sienna,Valley Forge,Pennsylvania,19495,US,39.9832,-75.7481,61146,"Emmerich, Boyer and D'Amore",07/04/2025
726,Marjy,Soulsby,msoulsbyk5@merriam-webster.com,Female,1996,Porsche,911,Newport News,Virginia,23612,US,37.1959,-76.5248,60088,Swift-Lehner,09/30/2022
727,Klaus,Grogan,kgrogank6@devhub.com,Male,1989,Mercury,Grand Marquis,Phoenix,Arizona,85053,US,33.6299,-112.1316,49898,Dooley Inc,03/23/2022
728,Nathalie,Trythall,ntrythallk7@godaddy.com,Female,2011,Chevrolet,Silverado 1500,Albany,New York,12205,US,42.7198,-73.8207,34584,Ferry-Cummerata,02/20/2022
729,Candida,Boss,cbossk8@home.pl,Female,2004,Chrysler,PT Cruiser,Shreveport,Louisiana,71161,US,32.6076,-93.7526,50687,Waelchi Inc,05/20/2023
730,Reuven,Tomasicchio,rtomasicchiok9@csmonitor.com,Male,1992,Ford,F-Series,Oceanside,California,92056,US,33.1968,-117.2831,72652,"Carter, Altenwerth and Herman",05/04/2023
731,Nathan,Cousin,ncousinka@shinystat.com,Male,2005,Scion,xB,Sacramento,California,94230,US,38.3774,-121.4444,51568,Konopelski-Jacobs,09/23/2024
732,Gertie,Smallacombe,gsmallacombekb@reference.com,Female,2011,Maybach,62,Las Vegas,Nevada,89115,US,36.2158,-115.0671,67776,"Hayes, Koch and Schoen",06/12/2022
733,Marquita,Musto,mmustokc@constantcontact.com,Female,1986,Mercury,Sable,Tuscaloosa,Alabama,35405,US,33.1617,-87.5144,91290,Braun and Sons,09/22/2023
734,Margit,Bamforth,mbamforthkd@hexun.com,Female,2003,Toyota,Corolla,New Orleans,Louisiana,70142,US,30.033,-89.8826,75422,Anderson-Bayer,09/09/2022
735,Jeremias,Fealty,jfealtyke@statcounter.com,Genderqueer,1995,Hyundai,Scoupe,Iowa City,Iowa,52245,US,41.6649,-91.5151,65596,Quigley-Lueilwitz,08/29/2025
736,Sara-ann,Sterling,ssterlingkf@sohu.com,Female,2011,Dodge,Caliber,Cincinnati,Ohio,45254,US,39.1668,-84.5382,71766,Kunde and Sons,12/30/2024
737,Gilda,Aird,gairdkg@cyberchimps.com,Female,1999,Buick,LeSabre,Simi Valley,California,93094,US,34.0324,-119.1343,68079,Corkery and Sons,06/19/2025
738,Faber,Kalinke,fkalinkekh@mashable.com,Male,2006,Kia,Sedona,Tyler,Texas,75705,US,32.3766,-95.1252,97818,"Hintz, Stiedemann and Stracke",08/12/2023
739,Virginie,Harvey,vharveyki@amazon.co.jp,Female,1998,Chevrolet,Camaro,Houston,Texas,77281,US,29.834,-95.4342,30445,Greenfelder-Dietrich,01/06/2025
740,Welby,Lott,wlottkj@irs.gov,Male,1983,Renault,Alliance,Phoenix,Arizona,85020,US,33.5623,-112.0559,71944,Schaden Group,05/18/2022
741,Weber,Endon,wendonkk@geocities.com,Male,1991,Ford,Festiva,Clearwater,Florida,34629,US,27.9654,-82.8001,31152,Williamson-Cole,12/07/2023
742,Lyndell,Hearthfield,lhearthfieldkl@wisc.edu,Female,2007,Pontiac,Solstice,Naples,Florida,33963,US,26.2626,-81.8071,93776,"Collins, Cronin and Heathcote",06/25/2023
743,Nan,Livoir,nlivoirkm@mit.edu,Female,1990,Mazda,MX-6,Silver Spring,Maryland,20918,US,39.144,-77.2076,69982,Johnston and Sons,02/06/2024
744,Nealy,Livock,nlivockkn@ovh.net,Male,2010,Mazda,Mazda5,Tacoma,Washington,98481,US,47.0662,-122.1132,68393,Sporer Group,08/11/2025
745,Hetty,Damiata,hdamiatako@free.fr,Female,1997,Nissan,Pathfinder,San Jose,California,95138,US,37.2602,-121.7709,86370,Aufderhar-Langworth,11/22/2022
746,Rosmunda,Itzchaky,ritzchakykp@pbs.org,Female,2008,Suzuki,Grand Vitara,Arlington,Texas,76016,US,32.6889,-97.1905,83945,Sauer Inc,01/05/2025
747,Whit,Udale,wudalekq@google.it,Male,2006,Cadillac,SRX,Orange,California,92668,US,33.7867,-117.8742,94645,Stokes-Ferry,03/30/2022
748,Ilene,Linny,ilinnykr@hatena.ne.jp,Female,2002,Honda,Insight,Charleston,West Virginia,25331,US,38.2968,-81.5547,73715,Hyatt-Langworth,07/09/2025
749,Vinita,Dabell,vdabellks@mapquest.com,Female,1995,Chrysler,LeBaron,Mobile,Alabama,36616,US,30.671,-88.1267,83897,"Spencer, Goyette and Dibbert",09/12/2024
750,Witty,Rounding,wroundingkt@patch.com,Male,2010,Chevrolet,Avalanche,Brockton,Massachusetts,02305,US,41.9705,-70.7014,95780,Beahan-Ullrich,08/31/2024
751,Armand,Barabich,abarabichku@cloudflare.com,Male,2006,GMC,Envoy,Visalia,California,93291,US,36.3551,-119.301,85782,Willms Group,07/09/2024
752,Duky,Lynde,dlyndekv@sciencedaily.com,Male,2006,Lexus,RX,Louisville,Kentucky,40280,US,38.2467,-85.6853,69267,"Armstrong, Fay and Ward",11/07/2025
753,Aeriel,Thiem,athiemkw@ox.ac.uk,Female,1998,Volkswagen,GTI,Newark,New Jersey,07104,US,40.7664,-74.1695,46594,"Brakus, Purdy and Goldner",10/09/2022
754,Carola,Juden,cjudenkx@irs.gov,Female,1998,Ford,Escort,Philadelphia,Pennsylvania,19184,US,40.0018,-75.1179,61008,"Romaguera, Cormier and Nikolaus",06/14/2024
755,Albertina,Margery,amargeryky@wix.com,Female,1996,Nissan,Altima,Albuquerque,New Mexico,87105,US,35.0448,-106.6893,75287,"Fay, Wyman and Schinner",09/14/2023
756,Roldan,Brok,rbrokkz@jalbum.net,Male,2010,Audi,TT,Chicago,Illinois,60614,US,41.9229,-87.6483,46482,Renner LLC,09/10/2024
757,Hanan,Djurevic,hdjurevicl0@marketwatch.com,Male,1999,Dodge,Ram Van 3500,Pittsburgh,Pennsylvania,15205,US,40.4322,-80.1021,52476,Terry-Kshlerin,01/14/2024
758,Adara,Tack,atackl1@feedburner.com,Female,2005,Mercedes-Benz,SLR McLaren,Los Angeles,California,90025,US,34.0447,-118.4487,59830,"Altenwerth, Zboncak and Daniel",09/04/2022
759,Perla,Keen,pkeenl2@biblegateway.com,Female,1995,Toyota,4Runner,Simi Valley,California,93094,US,34.0324,-119.1343,70887,Weissnat-Stamm,06/20/2025
760,Lorne,Shillingford,lshillingfordl3@t.co,Male,2011,Chevrolet,Express 3500,Savannah,Georgia,31422,US,31.9714,-81.0716,81474,Ernser LLC,11/18/2022
761,Rhett,Chessor,rchessorl4@deviantart.com,Male,2012,Suzuki,SX4,Kansas City,Kansas,66105,US,39.085,-94.6356,74422,Collier Group,01/10/2024
762,Whitby,Sabati,wsabatil5@nature.com,Male,2009,Maserati,Quattroporte,Oklahoma City,Oklahoma,73119,US,35.421,-97.5616,76848,Nicolas-Cummerata,05/31/2023
763,Carlyle,Choudhury,cchoudhuryl6@scientificamerican.com,Male,1993,Volkswagen,Fox,Amarillo,Texas,79105,US,35.4015,-101.8951,62060,"McCullough, Bartoletti and Brown",08/05/2025
764,Evonne,Jaquiss,ejaquissl7@liveinternet.ru,Female,2011,Infiniti,M,Saint Louis,Missouri,63116,US,38.5814,-90.2625,95996,Kub and Sons,03/07/2023
765,Abbie,Henkens,ahenkensl8@msn.com,Male,2009,Saturn,Sky,Birmingham,Alabama,35290,US,33.5446,-86.9292,73562,"Stanton, Medhurst and Lesch",12/09/2023
766,Perren,Inwood,pinwoodl9@harvard.edu,Male,1991,Ford,F-Series,Boston,Massachusetts,02216,US,42.3389,-70.9196,62706,Kautzer LLC,05/12/2023
767,Stanislas,Murrthum,smurrthumla@geocities.com,Polygender,1990,Volkswagen,Golf,San Jose,California,95150,US,37.3866,-121.897,49113,"Emmerich, Wisoky and Runte",09/02/2024
768,Maddy,Blanc,mblanclb@ucla.edu,Female,2009,Dodge,Sprinter,Wichita,Kansas,67260,US,37.7194,-97.2936,62620,Ward Group,02/15/2023
769,Vito,Matschoss,vmatschosslc@jiathis.com,Male,2011,Ford,Taurus,Newark,New Jersey,07188,US,40.7918,-74.2452,90336,"Gibson, Kuhlman and Herman",11/02/2023
770,Buiron,Hassur,bhassurld@is.gd,Male,1977,MG,MGB,Arlington,Virginia,22244,US,38.8545,-77.052,72728,Kozey-Will,12/24/2025
771,Corette,Klimowicz,cklimowiczle@freewebs.com,Female,2004,Pontiac,Sunfire,Mobile,Alabama,36641,US,30.6589,-88.178,65141,"Orn, Kub and Heller",02/15/2023
772,Tomlin,Ellse,tellself@businesswire.com,Male,2012,BMW,X5 M,Carlsbad,California,92013,US,33.0169,-116.846,86494,Howell-Moen,07/15/2025
773,Corny,Ciccarello,cciccarellolg@washingtonpost.com,Female,1961,Studebaker,Avanti,Young America,Minnesota,55551,US,44.8055,-93.7665,83352,Koch-Beer,09/09/2025
774,Wash,Dack,wdacklh@buzzfeed.com,Male,2008,Aston Martin,Vantage,Corpus Christi,Texas,78470,US,27.777,-97.4632,63961,Kautzer-Orn,07/26/2024
775,Hew,Vesco,hvescoli@fotki.com,Male,1997,Geo,Prizm,Washington,District of Columbia,20073,US,38.897,-77.0251,35511,"Schowalter, Bayer and Runolfsson",01/07/2026
776,Chauncey,Jarrold,cjarroldlj@plala.or.jp,Male,2011,Ford,Escape,Philadelphia,Pennsylvania,19120,US,40.0343,-75.1213,48640,"Ward, Kirlin and Goyette",01/20/2024
777,Whitman,Butterfield,wbutterfieldlk@ycombinator.com,Male,2004,Jaguar,XK Series,Everett,Washington,98206,US,47.8599,-122.2848,93900,"Turcotte, Armstrong and Kshlerin",08/03/2024
778,Aldus,Warmington,awarmingtonll@usatoday.com,Male,1972,Pontiac,Grand Prix,Atlanta,Georgia,30311,US,33.723,-84.4702,47049,"Graham, Raynor and Thompson",02/07/2022
779,My,Brumhead,mbrumheadlm@buzzfeed.com,Male,2009,Buick,Enclave,Albuquerque,New Mexico,87115,US,35.0549,-106.5461,80634,Klein-Rolfson,12/03/2023
780,Eugene,Shawl,eshawlln@wsj.com,Male,2000,Lexus,GS,Austin,Texas,78778,US,30.3264,-97.7713,58513,Hills-Bogisich,03/17/2025
781,Rosabel,Inskipp,rinskipplo@goo.gl,Female,1993,Suzuki,SJ,Arlington,Virginia,22212,US,38.8808,-77.113,66180,"Thompson, Maggio and Keebler",04/29/2025
782,Harley,O'Rodane,horodanelp@twitpic.com,Female,1994,Isuzu,Trooper,Phoenix,Arizona,85030,US,33.2765,-112.1872,65177,Kling-Padberg,05/22/2024
783,Shannah,Witherington,switheringtonlq@soup.io,Bigender,1995,Chevrolet,Caprice,Houston,Texas,77255,US,29.834,-95.4342,38291,Jones and Sons,08/12/2022
784,Jim,Ander,janderlr@imdb.com,Male,2010,Ford,E250,Greeley,Colorado,80638,US,40.5009,-104.315,45452,"Fahey, Greenfelder and Mayer",09/06/2022
785,Nevil,Whitten,nwhittenls@marketwatch.com,Male,2003,Hyundai,Elantra,Chicago,Illinois,60624,US,41.8804,-87.7223,62572,Kautzer-Beer,05/16/2022
786,Federica,Thieme,fthiemelt@behance.net,Female,1990,Volkswagen,GTI,Tampa,Florida,33694,US,27.872,-82.4388,74440,Torp-Kuhic,04/30/2022
787,Kilian,McGourty,kmcgourtylu@omniture.com,Male,2004,Mazda,Mazda3,Greenville,South Carolina,29610,US,34.8497,-82.4538,73473,Schimmel Inc,10/22/2025
788,Herbie,Kurtis,hkurtislv@yahoo.com,Male,1993,Mercedes-Benz,300TE,New York City,New York,10024,US,40.7864,-73.9764,62870,"Toy, Hand and Will",02/09/2022
789,Antony,Newberry,anewberrylw@google.co.jp,Male,2004,Holden,Monaro,Baton Rouge,Louisiana,70805,US,30.486,-91.1481,63844,Ruecker LLC,08/19/2024
790,Fremont,Boorer,fboorerlx@ebay.co.uk,Male,1999,Toyota,Camry,Orlando,Florida,32803,US,28.5559,-81.3535,91731,Armstrong and Sons,10/01/2022
791,Andriana,Marchant,amarchantly@ebay.co.uk,Female,1989,Ford,Escort,Bloomington,Illinois,61709,US,40.4614,-88.953,66927,"Goldner, Franecki and Willms",07/31/2023
792,Dorey,Howland,dhowlandlz@lulu.com,Female,1996,Ford,Econoline E350,Jacksonville,Florida,32204,US,30.3189,-81.6854,79742,"Quitzon, Reynolds and Shanahan",06/09/2025
793,Selig,Ellar,sellarm0@joomla.org,Male,2012,Ford,Mustang,Washington,District of Columbia,20299,US,38.8933,-77.0146,85767,Wilderman Inc,07/23/2024
794,Desmund,Belton,dbeltonm1@deviantart.com,Male,1998,Oldsmobile,Achieva,Charleston,West Virginia,25356,US,38.2968,-81.5547,33089,Renner LLC,11/14/2023
795,Terrel,Ickovici,tickovicim2@ow.ly,Male,2002,Lincoln,Continental,Salem,Oregon,97306,US,44.8685,-123.0438,92009,"Lakin, Hartmann and Roob",01/08/2024
796,Sonny,Titheridge,stitheridgem3@friendfeed.com,Male,1994,Plymouth,Colt Vista,Fargo,North Dakota,58122,US,46.9346,-97.2297,55720,Kohler Group,05/04/2024
797,Krisha,Marvell,kmarvellm4@icio.us,Male,2011,GMC,Acadia,Decatur,Illinois,62525,US,39.854,-88.9815,50341,Stamm Inc,09/17/2024
798,Allegra,Yurshev,ayurshevm5@yelp.com,Female,2012,Volkswagen,Golf,Reno,Nevada,89519,US,39.4814,-119.8591,59164,Tremblay-Graham,07/29/2022
799,Allister,Tappin,atappinm6@slashdot.org,Male,1984,Pontiac,Bonneville,Norfolk,Virginia,23504,US,36.8586,-76.2686,33849,Champlin-Padberg,01/26/2025
800,Rivkah,Sutliff,rsutliffm7@shutterfly.com,Female,2010,Cadillac,Escalade ESV,Salt Lake City,Utah,84140,US,40.7713,-111.9309,96506,Rosenbaum-Hamill,03/13/2024
801,Rudolf,Bretherick,rbretherickm8@yale.edu,Male,2007,Chevrolet,Avalanche,Orange,California,92867,US,33.811,-117.8493,90461,Huel-Barton,05/03/2025
802,Anne,Dunston,adunstonm9@slate.com,Agender,2005,Subaru,Impreza,Saint Paul,Minnesota,55108,US,44.9806,-93.1771,74437,"Collins, Purdy and Bartell",04/17/2022
803,Godwin,Illing,gillingma@google.ca,Male,2003,Lincoln,Navigator,Harrisburg,Pennsylvania,17140,US,40.3086,-76.8464,53488,Kris Group,08/12/2022
804,Bart,Duley,bduleymb@addtoany.com,Male,2009,Cadillac,STS-V,Madison,Wisconsin,53790,US,43.0696,-89.4239,31518,Oberbrunner and Sons,04/09/2023
805,Quentin,Goldson,qgoldsonmc@exblog.jp,Non-binary,1999,Pontiac,Montana,Garden Grove,California,92844,US,33.7661,-117.9738,70794,Welch-Pollich,04/10/2023
806,Felicdad,Glandfield,fglandfieldmd@sciencedirect.com,Female,2003,Chevrolet,Avalanche 2500,Portland,Oregon,97296,US,45.5806,-122.3748,30586,Murray Group,06/09/2024
807,Benjie,Kalf,bkalfme@ocn.ne.jp,Male,2008,Jeep,Wrangler,Orange,California,92862,US,33.7915,-117.714,56919,Pollich-Gerlach,03/12/2022
808,Cosimo,Ahearne,cahearnemf@technorati.com,Male,1988,Subaru,XT,Corpus Christi,Texas,78470,US,27.777,-97.4632,72445,Grady LLC,04/14/2023
809,Aldis,Snowden,asnowdenmg@zdnet.com,Male,2000,Mercedes-Benz,SLK-Class,Omaha,Nebraska,68117,US,41.2064,-95.9953,71391,"Parker, Fay and Larson",10/18/2024
810,Evangelin,Jessep,ejessepmh@51.la,Agender,1997,Geo,Prizm,Gilbert,Arizona,85297,US,33.2781,-111.7096,81056,Gulgowski-Rutherford,08/25/2025
811,Horatio,Postle,hpostlemi@ustream.tv,Male,1992,Chevrolet,Blazer,Albany,New York,12227,US,42.6149,-73.9708,89978,"Streich, Dickinson and Kihn",10/23/2025
812,Aubry,Silcox,asilcoxmj@yahoo.com,Female,1994,Dodge,Ram 3500,Boise,Idaho,83757,US,43.4599,-116.244,31844,Dibbert LLC,05/11/2022
813,Dion,Remirez,dremirezmk@ustream.tv,Male,1988,Ford,Ranger,Fort Myers,Florida,33906,US,26.5529,-81.9486,99807,"Metz, Mueller and Bode",02/19/2025
814,Elia,Smowton,esmowtonml@ow.ly,Male,1993,Ford,Mustang,Greensboro,North Carolina,27404,US,36.0807,-80.0244,83725,"Dare, Hansen and Davis",02/27/2023
815,Clayson,Whittock,cwhittockmm@unblog.fr,Male,1992,Mercedes-Benz,E-Class,Hampton,Virginia,23668,US,37.0206,-76.3377,55835,Schimmel Inc,07/24/2024
816,Isidore,Pearson,ipearsonmn@biglobe.ne.jp,Male,2008,Chevrolet,Suburban 1500,Washington,District of Columbia,20409,US,38.8933,-77.0146,33681,Keebler and Sons,01/13/2024
817,Madison,Gouthier,mgouthiermo@fc2.com,Agender,1992,Chevrolet,Camaro,Dallas,Texas,75353,US,32.7673,-96.7776,32637,Shanahan Inc,02/29/2024
818,Leonardo,Barwell,lbarwellmp@ox.ac.uk,Male,1985,Honda,Accord,Albany,New York,12247,US,42.6149,-73.9708,66920,Swaniawski-Glover,04/18/2023
819,Cos,MacAndrew,cmacandrewmq@histats.com,Male,1987,Mazda,B-Series,Wilmington,Delaware,19897,US,39.5645,-75.597,39232,Stroman-Cole,08/21/2022
820,Celinda,Sproul,csproulmr@japanpost.jp,Female,1991,Pontiac,Grand Prix,Dayton,Ohio,45403,US,39.7617,-84.1498,38769,Beier Inc,04/16/2024
821,Yanaton,Carnaman,ycarnamanms@uol.com.br,Male,2005,Pontiac,Daewoo Kalos,Portland,Oregon,97271,US,45.5806,-122.3748,84550,Borer-Aufderhar,03/19/2022
822,Rikki,Takis,rtakismt@printfriendly.com,Female,2002,BMW,M5,Harrisburg,Pennsylvania,17105,US,40.2785,-76.8752,40055,Rath LLC,07/24/2022
823,Glennis,Reiglar,greiglarmu@smugmug.com,Female,2013,Nissan,GT-R,Washington,District of Columbia,20540,US,38.8874,-77.0047,41067,Weber LLC,10/11/2022
824,Kayne,Jachtym,kjachtymmv@posterous.com,Male,1987,Mitsubishi,Cordia,Fresno,California,93726,US,36.7949,-119.7604,61315,Larkin-Waelchi,05/03/2025
825,Dynah,Thor,dthormw@marriott.com,Female,2003,Mercedes-Benz,C-Class,Richmond,Virginia,23285,US,37.5242,-77.4932,55258,Hermann-Ortiz,07/24/2022
826,Taite,Mabbett,tmabbettmx@chicagotribune.com,Male,2007,Chrysler,300,Memphis,Tennessee,38109,US,35.0425,-90.0732,84736,Lind Group,12/26/2024
827,Rodd,Handsheart,rhandsheartmy@scientificamerican.com,Genderfluid,2006,Suzuki,Grand Vitara,Jeffersonville,Indiana,47134,US,38.2868,-85.7321,92845,Crooks and Sons,06/17/2025
828,Viviyan,Smithin,vsmithinmz@blogger.com,Female,2003,Isuzu,Rodeo,East Saint Louis,Illinois,62205,US,38.6149,-90.1275,87188,"Satterfield, Mayer and Batz",11/01/2024
829,Alwyn,Braunfeld,abraunfeldn0@de.vu,Male,2007,Spyker,C8,New York City,New York,10280,US,40.7105,-74.0163,96451,Littel-Hegmann,08/30/2024
830,Rory,Trimmell,rtrimmelln1@ocn.ne.jp,Polygender,2011,Ford,Explorer,Boise,Idaho,83727,US,43.4599,-116.244,83700,Ryan Inc,07/29/2022
831,Gisela,Bigrigg,gbigriggn2@godaddy.com,Female,1986,Mitsubishi,Tredia,Chico,California,95973,US,39.8032,-121.8673,46047,Kohler-Bartoletti,12/27/2025
832,Stephen,Massow,smassown3@hud.gov,Male,1977,MG,MGB,Columbia,South Carolina,29208,US,33.9937,-81.0199,58177,Heidenreich-Leffler,10/19/2023
833,Shaylynn,Langdon,slangdonn4@dmoz.org,Female,2012,Bentley,Continental,Henderson,Nevada,89074,US,36.0384,-115.0857,58363,"O'Hara, Kling and Kozey",10/03/2022
834,Roselia,Gareisr,rgareisrn5@sun.com,Female,2009,Mercury,Mariner,Washington,District of Columbia,20041,US,38.8933,-77.0146,50721,Graham LLC,08/08/2025
835,Teodoor,Mouth,tmouthn6@4shared.com,Male,2005,Cadillac,Escalade EXT,Youngstown,Ohio,44505,US,41.1257,-80.6277,81358,"Tromp, Sanford and Kuphal",02/22/2023
836,Huberto,Dorgon,hdorgonn7@liveinternet.ru,Male,2012,Bentley,Mulsanne,Pocatello,Idaho,83206,US,42.6395,-112.3138,30170,Kerluke-Koss,07/23/2025
837,Norby,Sleightholme,nsleightholmen8@businessinsider.com,Male,2007,Kia,Rio,Des Moines,Iowa,50335,US,41.6727,-93.5722,45249,Deckow Inc,09/18/2024
838,Niall,Worsall,nworsalln9@clickbank.net,Male,1996,Pontiac,Trans Sport,Lexington,Kentucky,40591,US,38.0283,-84.4715,50131,"Schiller, Hagenes and Daniel",10/17/2024
839,David,Pahler,dpahlerna@blogspot.com,Male,2005,Mercury,Grand Marquis,Trenton,New Jersey,08650,US,40.2805,-74.712,72219,Rosenbaum-Hackett,01/21/2025
840,Stephanie,Normand,snormandnb@cornell.edu,Female,1984,Ford,F250,San Diego,California,92145,US,32.8891,-117.1005,49468,"Greenfelder, Bins and Hettinger",06/06/2024
841,Adair,Burcher,aburchernc@uiuc.edu,Male,1998,Hyundai,Elantra,Washington,District of Columbia,20456,US,38.8981,-77.0401,63209,Rowe-Wunsch,03/11/2025
842,Pebrook,Kopecka,pkopeckand@mlb.com,Male,2003,Chevrolet,Silverado,San Francisco,California,94110,US,37.7509,-122.4153,48691,"Bode, Mann and Yost",05/25/2025
843,Fulton,Yakobowitch,fyakobowitchne@unc.edu,Male,1994,Dodge,Ram 1500,New Orleans,Louisiana,70183,US,29.6779,-90.0901,62039,"Von, Jaskolski and Dach",01/23/2026
844,Giffy,Philipps,gphilippsnf@tiny.cc,Male,1992,Ford,Festiva,Chicago,Illinois,60609,US,41.8097,-87.6533,52894,Schuppe-Friesen,06/07/2025
845,Pattie,Scarsbrook,pscarsbrookng@linkedin.com,Female,1993,Chrysler,Concorde,Birmingham,Alabama,35215,US,33.6493,-86.7057,68759,"Ledner, Konopelski and Parker",02/09/2023
846,Doralyn,Canning,dcanningnh@umn.edu,Female,1994,Dodge,Ram Wagon B150,Denver,Colorado,80228,US,39.6888,-105.156,41809,Von LLC,01/13/2026
847,Pierre,Sussans,psussansni@ed.gov,Male,1997,Mercury,Mystique,Macon,Georgia,31210,US,32.8926,-83.7455,82733,Hodkiewicz-Gibson,11/29/2022
848,Ferris,Willatts,fwillattsnj@flavors.me,Male,2000,Subaru,Legacy,Springfield,Massachusetts,01114,US,42.1707,-72.6048,93410,"Dibbert, Hagenes and Langosh",08/10/2022
849,Erena,Salvadore,esalvadorenk@marriott.com,Female,1985,Mitsubishi,Chariot,Las Vegas,Nevada,89193,US,35.9279,-114.9721,61205,"Koelpin, Runolfsdottir and Herman",07/04/2025
850,Pavla,Ibbetson,pibbetsonnl@networksolutions.com,Female,1994,Isuzu,Rodeo,Seattle,Washington,98158,US,47.4497,-122.3076,98815,Ankunding-White,03/04/2023
851,Vincenz,Kenworthey,vkenwortheynm@theatlantic.com,Male,1994,Acura,NSX,Charleston,West Virginia,25305,US,38.3358,-81.6123,49248,Schinner LLC,09/15/2025
852,Emmit,Bolle,ebollenn@oakley.com,Male,2004,Isuzu,Rodeo,Bowie,Maryland,20719,US,38.8336,-76.8777,69032,"Hayes, Farrell and Conroy",06/04/2025
853,Meggi,Figgures,mfigguresno@independent.co.uk,Female,1997,Honda,Passport,Lake Worth,Florida,33462,US,26.5747,-80.0794,97282,Turner Group,05/09/2023
854,Kalil,Blincoe,kblincoenp@tamu.edu,Male,2003,Hummer,H1,Dallas,Texas,75353,US,32.7673,-96.7776,48892,Klocko-Kertzmann,01/25/2024
855,Blair,Escalera,bescaleranq@domainmarket.com,Female,2004,Hummer,H1,Washington,District of Columbia,20205,US,38.905,-77.0162,90047,"Wiegand, Leuschke and Hamill",04/16/2024
856,Borden,Peetermann,bpeetermannnr@omniture.com,Male,2005,Nissan,Titan,Columbus,Georgia,31998,US,32.491,-84.8741,67790,Fadel-Stracke,08/24/2024
857,Yulma,Peaddie,ypeaddiens@photobucket.com,Male,2007,Hyundai,Entourage,Saint Louis,Missouri,63167,US,38.6383,-90.4271,57237,"Hammes, Huel and Toy",02/11/2023
858,Cecilia,Zaniolo,czaniolont@psu.edu,Female,2010,BMW,X6 M,Oakland,California,94611,US,37.8471,-122.2223,72469,Howe LLC,07/17/2024
859,Alyson,Geffcock,ageffcocknu@cargocollective.com,Female,1984,Pontiac,Fiero,Miami,Florida,33153,US,25.8655,-80.1936,70088,"Mitchell, Funk and Mraz",03/02/2022
860,Gunner,Crat,gcratnv@loc.gov,Male,1994,Chevrolet,Impala,Atlanta,Georgia,30343,US,33.8444,-84.474,48141,Parker LLC,03/15/2025
861,Luci,Hartshorne,lhartshornenw@fotki.com,Female,2012,Nissan,Xterra,Shawnee Mission,Kansas,66215,US,38.949,-94.7405,39301,"Mayer, Heidenreich and Reichert",07/25/2024
862,Denver,Roderick,drodericknx@ning.com,Non-binary,2006,Audi,A3,Lafayette,Louisiana,70505,US,30.2023,-92.0188,53273,Heidenreich and Sons,02/17/2022
863,Tildie,Cavanaugh,tcavanaughny@eepurl.com,Female,1999,Dodge,Caravan,Louisville,Kentucky,40293,US,38.189,-85.6768,66527,Rowe-Murphy,05/05/2023
864,Arda,Agg,aaggnz@4shared.com,Female,1996,Lotus,Esprit,Sioux Falls,South Dakota,57105,US,43.524,-96.7341,61590,Boehm Inc,02/06/2024
865,Linnea,Prozescky,lprozesckyo0@chronoengine.com,Female,1991,Suzuki,Sidekick,Toledo,Ohio,43666,US,41.6782,-83.4972,55672,Sawayn-Waelchi,03/08/2023
866,Porty,Arnott,parnotto1@gmpg.org,Male,2003,Toyota,4Runner,Torrance,California,90510,US,33.7866,-118.2987,33280,"Nienow, Bergnaum and Friesen",06/13/2025
867,Lincoln,Phillot,lphilloto2@nsw.gov.au,Male,1999,Pontiac,Firebird Formula,Roanoke,Virginia,24034,US,37.2742,-79.9579,81351,Buckridge LLC,01/15/2025
868,Mitchel,Strettle,mstrettleo3@shop-pro.jp,Male,2011,Mercedes-Benz,SLS AMG,Waco,Texas,76711,US,31.5175,-97.1547,89061,Heller-Johnston,02/17/2023
869,Belle,Von Helmholtz,bvonhelmholtzo4@arstechnica.com,Female,2010,Mercedes-Benz,CLS-Class,Memphis,Tennessee,38168,US,35.2017,-89.9715,80724,Stark-Shanahan,12/28/2025
870,Riley,Manwaring,rmanwaringo5@odnoklassniki.ru,Male,2010,Ford,F-Series,Lexington,Kentucky,40515,US,37.9651,-84.4708,95823,"Rippin, Hyatt and O'Hara",03/21/2025
871,Hagen,Showen,hshoweno6@columbia.edu,Male,1991,Ford,Ranger,Columbus,Georgia,31914,US,32.491,-84.8741,86384,Steuber-Hane,03/22/2022
872,Leeann,Linwood,llinwoodo7@cisco.com,Female,1992,Plymouth,Colt Vista,Birmingham,Alabama,35215,US,33.6493,-86.7057,97279,Hickle Group,09/13/2023
873,Brucie,Ablett,babletto8@csmonitor.com,Male,1995,Cadillac,Fleetwood,Springfield,Illinois,62764,US,39.7495,-89.606,46093,"D'Amore, Leannon and Bode",07/28/2022
874,Kimmy,Doreward,kdorewardo9@xing.com,Female,2010,Nissan,GT-R,New Orleans,Louisiana,70154,US,30.033,-89.8826,40655,"Torphy, Langosh and Runolfsdottir",01/22/2026
875,Davis,Older,dolderoa@sciencedaily.com,Male,2006,Mercedes-Benz,G55 AMG,Anchorage,Alaska,99522,US,61.1089,-149.4403,67385,"Gibson, Bruen and Dicki",05/14/2025
876,Geneva,Teenan,gteenanob@ftc.gov,Female,2008,Kia,Rio,Spring Hill,Florida,34611,US,28.5642,-82.4165,58606,Cormier-Koepp,09/23/2025
877,Gordan,Esposito,gespositooc@biglobe.ne.jp,Male,1998,Lincoln,Navigator,Boston,Massachusetts,02283,US,42.3389,-70.9196,31932,Sporer-Walker,04/14/2022
878,Sayre,Dosdill,sdosdillod@sciencedirect.com,Female,2002,Toyota,Sequoia,Tulsa,Oklahoma,74116,US,36.175,-95.8477,58916,Weimann-Fritsch,12/12/2025
879,Yettie,Arents,yarentsoe@phoca.cz,Female,2007,Mitsubishi,Galant,Houston,Texas,77271,US,29.834,-95.4342,38902,Osinski LLC,07/13/2024
880,Dina,Mullard,dmullardof@pen.io,Female,1993,Plymouth,Sundance,Des Moines,Iowa,50305,US,41.6727,-93.5722,41449,"Thompson, Emmerich and Murphy",07/10/2022
881,Roda,O'Currane,rocurraneog@usda.gov,Female,2006,Nissan,Murano,Cleveland,Ohio,44118,US,41.5008,-81.5516,31381,Cremin-Kris,02/14/2025
882,Gerry,Mundall,gmundalloh@patch.com,Male,1997,Oldsmobile,Bravada,Buffalo,New York,14215,US,42.9335,-78.8115,81079,"Beer, Jacobi and Lakin",04/26/2022
883,Elroy,Maes,emaesoi@prnewswire.com,Polygender,2006,Nissan,Frontier,El Paso,Texas,88535,US,31.6948,-106.3,69741,Grimes Inc,01/20/2024
884,Sue,Roney,sroneyoj@twitter.com,Female,1997,Buick,Riviera,Wilmington,North Carolina,28410,US,34.0881,-77.8526,42414,Gorczany-Kovacek,03/04/2025
885,Alphonso,Dohms,adohmsok@tripod.com,Male,1997,Lincoln,Continental,Midland,Texas,79705,US,32.0295,-102.0915,52626,Yost-Deckow,06/12/2023
886,Jennee,Bourbon,jbourbonol@go.com,Female,2000,Ford,Econoline E350,Detroit,Michigan,48211,US,42.3809,-83.0409,59742,Schuster Inc,02/17/2024
887,Kirstin,Rupert,krupertom@statcounter.com,Female,2012,Chevrolet,Camaro,Denver,Colorado,80249,US,39.7783,-104.7556,54346,Goodwin-Johns,03/24/2024
888,Fonzie,Luca,flucaon@free.fr,Male,2007,Mazda,Miata MX-5,Fort Myers,Florida,33994,US,26.5529,-81.9486,53518,Schamberger-Rowe,05/14/2022
889,Aldrich,Ferschke,aferschkeoo@go.com,Male,2003,BMW,M5,Brea,California,92822,US,33.9187,-117.8892,72679,Pfeffer Group,07/15/2023
890,Tamiko,Sheardown,tsheardownop@redcross.org,Female,1988,Mitsubishi,Cordia,San Francisco,California,94177,US,37.7848,-122.7278,38273,Cummings Group,01/25/2024
891,Luke,Joost,ljoostoq@homestead.com,Male,2003,Volvo,S60,Miami,Florida,33153,US,25.8655,-80.1936,71439,Smith and Sons,01/22/2024
892,Ami,Witchell,awitchellor@edublogs.org,Female,2011,Lexus,LS,Washington,District of Columbia,20220,US,38.8933,-77.0146,31074,Bartoletti-Kshlerin,08/01/2024
893,Edi,Hillett,ehillettos@washington.edu,Female,2006,BMW,M6,Dayton,Ohio,45408,US,39.7395,-84.229,59206,"Robel, Ankunding and Blanda",06/13/2025
894,Herbie,Attride,hattrideot@artisteer.com,Male,1990,Mercury,Cougar,New York City,New York,10014,US,40.7339,-74.0054,43061,"Lueilwitz, Brown and Gusikowski",10/08/2024
895,Diane-marie,Covill,dcovillou@comcast.net,Polygender,2011,Mazda,Tribute,Washington,District of Columbia,20057,US,38.8933,-77.0146,67280,"Jaskolski, Bergstrom and Brown",03/02/2022
896,Nappie,Briat,nbriatov@sciencedaily.com,Genderfluid,1992,Chevrolet,Corsica,San Diego,California,92132,US,32.6437,-117.1384,55612,Ankunding Inc,06/13/2022
897,Emmett,Polhill,epolhillow@ebay.co.uk,Male,1993,Pontiac,Firebird,New York City,New York,10131,US,40.7808,-73.9772,70684,Green Inc,05/05/2022
898,Karen,Halstead,khalsteadox@chronoengine.com,Bigender,2008,Chevrolet,Impala,San Jose,California,95118,US,37.2568,-121.8896,34302,Roberts-Koss,10/10/2023
899,Morganica,Leyton,mleytonoy@flavors.me,Female,2006,Porsche,Boxster,Lakeland,Florida,33805,US,28.072,-81.9609,59443,Ferry and Sons,02/07/2023
900,Abbie,Uvedale,auvedaleoz@flavors.me,Male,2003,Ford,Ranger,Minneapolis,Minnesota,55436,US,44.9034,-93.374,33811,Rath-Johnson,04/20/2025
901,Mayne,d' Eye,mdeyep0@seattletimes.com,Male,1996,Infiniti,I,Tulsa,Oklahoma,74133,US,36.0467,-95.8841,56410,"Cassin, Cole and Bergstrom",03/30/2025
902,Cacilie,Sommerly,csommerlyp1@umn.edu,Female,2010,Toyota,Avalon,Madison,Wisconsin,53705,US,43.073,-89.4528,51890,Schuster and Sons,07/29/2023
903,Reube,Hopfner,rhopfnerp2@nih.gov,Agender,2002,Hummer,H1,New Orleans,Louisiana,70154,US,30.033,-89.8826,64348,"Beier, Gleason and Ziemann",06/10/2024
904,Nichol,Snelgar,nsnelgarp3@sakura.ne.jp,Female,1999,Mitsubishi,Mirage,Bakersfield,California,93381,US,35.2944,-118.9052,35521,"Schneider, Witting and Herzog",07/13/2022
905,Dodi,Raggles,dragglesp4@patch.com,Female,1996,Buick,Hearse,Huntington,West Virginia,25716,US,38.4134,-82.2774,35180,"Gutkowski, Harris and Smitham",12/28/2025
906,Kelsy,Jirieck,kjirieckp5@flavors.me,Female,1992,Honda,Prelude,Washington,District of Columbia,20078,US,38.8933,-77.0146,84788,Grimes Inc,12/24/2023
907,Leshia,Coulling,lcoullingp6@dmoz.org,Female,2008,Cadillac,XLR,Tulsa,Oklahoma,74133,US,36.0467,-95.8841,49318,McDermott-Ratke,11/14/2023
908,Isac,Gresch,igreschp7@newyorker.com,Male,1993,Hyundai,Excel,Springfield,Illinois,62723,US,39.7495,-89.606,56623,Yost Inc,03/04/2023
909,Evelyn,Mc Elory,emceloryp8@nps.gov,Male,2000,Volvo,C70,Salinas,California,93907,US,36.7563,-121.6703,93406,"VonRueden, Olson and Von",02/29/2024
910,Dom,Wakes,dwakesp9@upenn.edu,Male,2000,Ford,F150,Santa Ana,California,92725,US,33.7465,-117.8662,77523,"Walter, Stehr and Donnelly",05/09/2025
911,Tiena,Sawford,tsawfordpa@miitbeian.gov.cn,Female,1997,Infiniti,I,Louisville,Kentucky,40266,US,38.189,-85.6768,97735,"Kshlerin, Okuneva and Hammes",03/03/2025
912,Celinka,Costen,ccostenpb@desdev.cn,Female,1999,Saab,900,Arlington,Virginia,22244,US,38.8545,-77.052,98524,"Tremblay, O'Connell and Schowalter",03/03/2025
913,Frederico,Spybey,fspybeypc@alibaba.com,Male,1999,Mercedes-Benz,CL-Class,Conroe,Texas,77305,US,30.2906,-95.3832,98251,"Conroy, Spinka and Morissette",09/29/2024
914,Duffie,Bartosek,dbartosekpd@kickstarter.com,Male,2012,BMW,X5,Des Moines,Iowa,50320,US,41.5487,-93.5827,66970,Kutch and Sons,09/16/2024
915,Davie,Wearden,dweardenpe@mayoclinic.com,Male,1996,Cadillac,Seville,Washington,District of Columbia,20088,US,38.8933,-77.0146,91218,Kihn Group,02/10/2023
916,Mareah,Sinkins,msinkinspf@dion.ne.jp,Female,2002,Mercedes-Benz,SLK-Class,Miami,Florida,33134,US,25.768,-80.2714,86088,Abshire Inc,03/29/2025
917,Rolf,Malt,rmaltpg@discuz.net,Male,2002,Mercedes-Benz,CL-Class,Fresno,California,93750,US,36.7464,-119.6397,35363,Ryan-Dickens,10/16/2023
918,Roxana,Willingam,rwillingamph@digg.com,Female,1996,GMC,3500 Club Coupe,Fresno,California,93786,US,36.7464,-119.6397,51358,"Bartoletti, Heller and Hahn",11/09/2024
919,Ulick,Kisby,ukisbypi@eepurl.com,Male,2003,Saturn,VUE,Jamaica,New York,11436,US,40.6763,-73.7966,77379,"Fisher, Roob and Hermann",02/13/2025
920,Carny,Poulett,cpoulettpj@unc.edu,Male,2004,Acura,RSX,Salt Lake City,Utah,84105,US,40.7372,-111.8581,96531,Gottlieb Group,04/15/2024
921,Michelina,Souster,msousterpk@sina.com.cn,Female,1993,Chrysler,New Yorker,Birmingham,Alabama,35236,US,33.5446,-86.9292,44795,"Zulauf, Brekke and Abbott",11/26/2023
922,Minetta,Ancketill,mancketillpl@zdnet.com,Female,1950,Hillman,Minx Magnificent,Saginaw,Michigan,48609,US,43.3869,-84.0926,95819,"Ruecker, Gusikowski and Berge",06/27/2023
923,Patten,Naughton,pnaughtonpm@squarespace.com,Male,2007,Ford,F-Series,Topeka,Kansas,66667,US,39.0429,-95.7697,69578,Stroman-McDermott,12/14/2025
924,Tybi,Dickman,tdickmanpn@elpais.com,Female,1997,Plymouth,Breeze,Portland,Oregon,97201,US,45.5078,-122.6897,45444,"Hagenes, Weissnat and Parisian",07/22/2024
925,Debor,Bruckenthal,dbruckenthalpo@aboutads.info,Female,2001,Pontiac,Firebird,Atlanta,Georgia,30380,US,33.8444,-84.474,54439,"Bradtke, Bode and Doyle",10/29/2022
926,Maddie,Tidder,mtidderpp@opensource.org,Male,2010,Infiniti,QX,Midland,Texas,79710,US,31.8693,-102.0317,63784,Thiel Inc,08/04/2025
927,Nikolaus,Carnalan,ncarnalanpq@thetimes.co.uk,Male,1992,Ford,F150,Trenton,New Jersey,08695,US,40.2805,-74.712,52468,Ritchie-Gleichner,03/10/2022
928,Harmonie,Grisley,hgrisleypr@businessinsider.com,Female,1984,Ford,LTD,Fort Wayne,Indiana,46852,US,41.0938,-85.0707,74419,"Stokes, Davis and Gleichner",07/24/2025
929,Shandee,Lysons,slysonsps@booking.com,Female,1998,Mitsubishi,Montero Sport,Hayward,California,94544,US,37.6374,-122.067,38680,"Gislason, Stoltenberg and Hagenes",12/14/2025
930,Zelma,Sabin,zsabinpt@infoseek.co.jp,Genderqueer,1987,Pontiac,Grand Am,Austin,Texas,78754,US,30.3423,-97.6673,83934,Gislason and Sons,08/03/2025
931,Red,Shapcott,rshapcottpu@skyrock.com,Male,1993,Volvo,960,Boise,Idaho,83727,US,43.4599,-116.244,44971,"Stracke, Harvey and Schaefer",12/12/2022
932,Salvatore,Amiable,samiablepv@columbia.edu,Male,2006,Volvo,S40,San Diego,California,92121,US,32.8919,-117.2035,63815,"Halvorson, McCullough and Welch",01/08/2024
933,Vonni,MacMurray,vmacmurraypw@elpais.com,Female,1996,GMC,Yukon,Pasadena,California,91117,US,33.7866,-118.2987,54567,Herzog-Gottlieb,01/22/2024
934,Adrea,Wanell,awanellpx@house.gov,Female,1994,Saturn,S-Series,Duluth,Minnesota,55811,US,46.8147,-92.1998,68309,Bednar-Sipes,12/21/2023
935,Maxy,Martyntsev,mmartyntsevpy@moonfruit.com,Male,2003,Ford,E350,Houston,Texas,77223,US,29.834,-95.4342,93312,Bradtke-Turcotte,03/16/2024
936,Putnem,Prynne,pprynnepz@joomla.org,Male,1985,Pontiac,Firefly,Tulsa,Oklahoma,74108,US,36.1499,-95.7923,94806,"Padberg, Champlin and Block",02/02/2024
937,Kris,Haine,khaineq0@aol.com,Female,2005,Honda,S2000,Roanoke,Virginia,24040,US,37.2742,-79.9579,74597,"Leuschke, Watsica and Bradtke",08/01/2024
938,Dorie,Daldan,ddaldanq1@netscape.com,Female,1986,Mitsubishi,Truck,Washington,District of Columbia,20337,US,38.8933,-77.0146,82829,Schinner LLC,01/11/2023
939,Annie,McRavey,amcraveyq2@pen.io,Female,1992,Nissan,Stanza,Wilkes Barre,Pennsylvania,18763,US,41.2722,-75.8801,62448,Kuhlman LLC,05/15/2024
940,Tersina,Clemmitt,tclemmittq3@cbsnews.com,Female,1999,Saab,9-5,Waltham,Massachusetts,02453,US,42.3654,-71.2316,62035,Abernathy Inc,12/24/2023
941,Carolann,Lackmann,clackmannq4@com.com,Bigender,2003,Audi,S8,Miami,Florida,33169,US,25.9441,-80.2144,32257,Gislason-Fay,09/21/2024
942,Hamlen,Luard,hluardq5@e-recht24.de,Male,1993,Dodge,Viper RT/10,Jacksonville,Florida,32215,US,30.2407,-81.893,88180,Windler-Wilkinson,11/16/2023
943,Britte,McRonald,bmcronaldq6@noaa.gov,Female,2009,Chevrolet,Colorado,Memphis,Tennessee,38119,US,35.0821,-89.8501,76616,"Erdman, Torp and VonRueden",02/27/2025
944,Diarmid,Petruk,dpetrukq7@wikia.com,Male,2012,Ford,F150,Miami,Florida,33185,US,25.7274,-80.4497,82317,Bosco Inc,07/19/2022
945,Pansie,Wakeman,pwakemanq8@si.edu,Female,1992,GMC,Rally Wagon 1500,Cincinnati,Ohio,45264,US,39.1668,-84.5382,91766,Rath-Kuhic,08/18/2024
946,Amil,Whaley,awhaleyq9@example.com,Female,2007,Dodge,Durango,Cincinnati,Ohio,45238,US,39.1092,-84.6108,65841,"Frami, Turner and Ryan",02/25/2025
947,Alfonso,Rieger,ariegerqa@usda.gov,Male,1995,Dodge,Ram 1500 Club,Phoenix,Arizona,85072,US,33.2765,-112.1872,53059,Frami-Lubowitz,05/19/2024
948,Alissa,Whittleton,awhittletonqb@businesswire.com,Female,1995,Lexus,ES,Washington,District of Columbia,20260,US,38.8933,-77.0146,45990,"Hilll, Collier and Welch",04/11/2025
949,Dermot,Witt,dwittqc@dedecms.com,Male,2000,Isuzu,Amigo,Newark,New Jersey,07195,US,40.7918,-74.2452,44629,Ondricka-Greenfelder,07/08/2023
950,Rad,Gullane,rgullaneqd@google.pl,Male,2002,Mazda,Tribute,Tucson,Arizona,85732,US,32.0848,-110.7122,59639,"Thompson, Kshlerin and Brown",06/10/2024
951,Armando,Benedito,abeneditoqe@friendfeed.com,Male,1994,Dodge,Ram 1500,Mountain View,California,94042,US,37.1894,-121.7053,91221,Green Inc,01/16/2025
952,Perren,Thome,pthomeqf@netvibes.com,Male,2003,Ford,F250,Birmingham,Alabama,35295,US,33.5446,-86.9292,63103,"Predovic, Rolfson and Bode",11/28/2023
953,Waverly,Odlin,wodlinqg@ebay.co.uk,Male,2013,Ford,Explorer,Hattiesburg,Mississippi,39404,US,31.1721,-89.2948,42466,Cassin-Douglas,12/17/2023
954,Jorry,Wilcox,jwilcoxqh@networksolutions.com,Female,1989,Pontiac,Firebird,Pensacola,Florida,32575,US,30.6143,-87.2758,88351,"Schmitt, Parker and Sauer",03/07/2023
955,Berton,Dumingo,bdumingoqi@weebly.com,Polygender,1990,Porsche,928,Grand Rapids,Michigan,49510,US,43.0314,-85.5503,31462,"Strosin, Boehm and Wilderman",11/06/2023
956,Rowen,Stern,rsternqj@sciencedaily.com,Male,2004,Mitsubishi,Pajero,Sacramento,California,94280,US,38.3774,-121.4444,83043,Russel-Wehner,12/04/2024
957,Laverna,Haughin,lhaughinqk@elpais.com,Female,1993,Mercury,Cougar,New York City,New York,10175,US,40.7543,-73.9798,43181,Wisozk-Nikolaus,09/02/2023
958,Rosanna,Siegertsz,rsiegertszql@weibo.com,Female,2008,BMW,X5,Hialeah,Florida,33018,US,25.9098,-80.3889,56442,"Hartmann, Marvin and Harber",09/21/2022
959,Haskel,MacTrustam,hmactrustamqm@sciencedirect.com,Male,2009,Ford,Expedition EL,Los Angeles,California,90060,US,33.7866,-118.2987,35081,Wisoky-McKenzie,11/23/2025
960,Godfree,Petti,gpettiqn@themeforest.net,Male,1997,Chrysler,Sebring,Levittown,Pennsylvania,19058,US,40.3286,-75.1028,44101,Ryan-Senger,12/04/2022
961,Gael,Trevarthen,gtrevarthenqo@wsj.com,Male,2008,Dodge,Caravan,Asheville,North Carolina,28805,US,35.6004,-82.4918,50849,Daniel and Sons,02/26/2023
962,Ruthi,Pyott,rpyottqp@gnu.org,Female,1997,Dodge,Ram 2500,Minneapolis,Minnesota,55446,US,45.04,-93.4865,81529,"Dare, Wilderman and Kovacek",03/07/2023
963,Jessee,Kuhl,jkuhlqq@tumblr.com,Agender,1999,Dodge,Stratus,Philadelphia,Pennsylvania,19120,US,40.0343,-75.1213,31187,Larson LLC,02/21/2023
964,Carny,Graith,cgraithqr@weibo.com,Agender,2010,Volkswagen,Rabbit,Houston,Texas,77212,US,29.834,-95.4342,50552,"Schamberger, Prosacco and Keebler",10/28/2025
965,May,Richemont,mrichemontqs@webs.com,Female,1991,Mercury,Capri,Hagerstown,Maryland,21747,US,39.5207,-77.9162,30704,Fisher Group,08/22/2024
966,Rivalee,Vedikhov,rvedikhovqt@sitemeter.com,Female,1987,Volkswagen,Passat,Norfolk,Virginia,23520,US,36.9312,-76.2397,33514,"Bechtelar, Kerluke and Littel",10/13/2025
967,Palm,Pittle,ppittlequ@hubpages.com,Bigender,2001,Volvo,S80,Glendale,California,91210,US,33.7866,-118.2987,61365,O'Reilly and Sons,07/18/2023
968,Leroi,Gomme,lgommeqv@sbwire.com,Male,2008,Dodge,Avenger,Washington,District of Columbia,20540,US,38.8874,-77.0047,88072,"Simonis, Cremin and Douglas",06/24/2022
969,Anna-maria,Heinritz,aheinritzqw@printfriendly.com,Female,1993,Porsche,911,Vancouver,Washington,98682,US,45.6644,-122.5212,88552,Wiza-Mueller,02/20/2022
970,Aldus,Egarr,aegarrqx@diigo.com,Male,1967,Ford,Mustang,Anaheim,California,92825,US,33.8356,-117.9132,44502,Herman Group,03/15/2022
971,Peria,Petrak,ppetrakqy@g.co,Female,1994,Mercury,Sable,Tacoma,Washington,98447,US,47.1441,-122.4434,80838,"Beier, Schulist and Feil",03/05/2022
972,Gordon,MacSkeagan,gmacskeaganqz@oakley.com,Male,2010,Dodge,Avenger,Norwalk,Connecticut,06854,US,41.0957,-73.4285,51004,Bechtelar-O'Conner,08/16/2023
973,Kariotta,Scholey,kscholeyr0@marketwatch.com,Female,1997,Ford,Econoline E250,Anchorage,Alaska,99512,US,61.204,-149.8084,35209,Deckow-McDermott,06/13/2024
974,Jon,Brader,jbraderr1@amazon.co.uk,Male,1989,Buick,Skyhawk,Reston,Virginia,22096,US,38.8318,-77.2888,56507,Carter Group,06/28/2025
975,Armstrong,Canero,acaneror2@princeton.edu,Male,2007,Kia,Rondo,Beaverton,Oregon,97075,US,45.5486,-123.1147,84121,Moen LLC,07/25/2023
976,Stormi,Parvin,sparvinr3@taobao.com,Female,1975,Chevrolet,Monza,Sandy,Utah,84093,US,40.5927,-111.831,79671,White and Sons,06/13/2024
977,Kym,Cubbon,kcubbonr4@ca.gov,Female,1996,Infiniti,J,Largo,Florida,34643,US,27.881,-82.7619,34365,"Kerluke, Little and Goodwin",03/27/2022
978,Shayne,Riha,srihar5@harvard.edu,Male,1995,Volkswagen,rio,Henderson,Nevada,89012,US,36.0119,-115.0433,87615,Rodriguez Inc,10/02/2024
979,Cece,Gatlin,cgatlinr6@nydailynews.com,Male,2006,Suzuki,Aerio,Boise,Idaho,83722,US,43.4599,-116.244,56924,Sawayn-Rutherford,07/16/2022
980,Ikey,Groundwater,igroundwaterr7@dion.ne.jp,Male,2008,Isuzu,Ascender,Saint Cloud,Minnesota,56372,US,45.5289,-94.5933,74868,"Windler, Gibson and Barrows",12/14/2023
981,Toddy,Bryns,tbrynsr8@taobao.com,Male,1993,Mercedes-Benz,400E,Shreveport,Louisiana,71161,US,32.6076,-93.7526,76486,Jacobi LLC,09/06/2022
982,Antoinette,Keningley,akeningleyr9@google.co.uk,Female,2008,Toyota,Prius,Albany,New York,12237,US,42.6149,-73.9708,75506,Krajcik Inc,01/27/2026
983,Ferrel,Nortcliffe,fnortcliffera@nymag.com,Male,1994,Mitsubishi,3000GT,Portland,Oregon,97201,US,45.5078,-122.6897,45276,McCullough LLC,08/28/2022
984,Alejandra,Kitchener,akitchenerrb@is.gd,Female,2007,Bentley,Azure,Sacramento,California,95828,US,38.4826,-121.4006,80743,"Kozey, Kilback and Macejkovic",02/20/2024
985,Jo,DeSousa,jdesousarc@foxnews.com,Genderfluid,2004,Mitsubishi,Montero,Tulsa,Oklahoma,74108,US,36.1499,-95.7923,51043,"Haley, Luettgen and Hermiston",04/08/2024
986,Ransell,Rapier,rrapierrd@tinyurl.com,Male,1994,Mitsubishi,GTO,New Haven,Connecticut,06505,US,41.3057,-72.7799,95553,"Paucek, Frami and Davis",07/02/2023
987,Gavin,Lafaye,glafayere@mlb.com,Male,1989,Ford,F-Series,Norwalk,Connecticut,06859,US,41.3089,-73.3637,36837,Blanda-Hettinger,02/24/2025
988,Justinn,MacGlory,jmacgloryrf@marketwatch.com,Female,1966,Ford,Galaxie,Billings,Montana,59112,US,45.9783,-108.1945,35226,Murray LLC,03/04/2023
989,Cooper,Coles,ccolesrg@flickr.com,Male,2006,Chevrolet,Silverado 3500,Richmond,Virginia,23272,US,37.5242,-77.4932,95645,Raynor-Glover,02/09/2025
990,Jacky,O' Byrne,jobyrnerh@theglobeandmail.com,Male,2001,Toyota,Prius,Madison,Wisconsin,53710,US,43.0696,-89.4239,75100,Volkman Group,06/18/2022
991,Remy,Nelsen,rnelsenri@newsvine.com,Female,2007,Mazda,Mazdaspeed6,New York City,New York,10099,US,40.7808,-73.9772,87455,Carroll LLC,04/26/2025
992,Anny,Janout,ajanoutrj@dailymail.co.uk,Female,1994,BMW,3 Series,Indianapolis,Indiana,46202,US,39.7851,-86.1595,31718,Casper-Hudson,12/03/2023
993,Deck,Peacop,dpeacoprk@usatoday.com,Male,2005,Acura,RL,Washington,District of Columbia,20566,US,38.8971,-77.0554,32105,Jacobi and Sons,08/02/2024
994,Albie,Braven,abravenrl@ebay.com,Male,1997,Ford,Expedition,Charlotte,North Carolina,28247,US,35.0656,-80.8511,83195,Kuhic-Gibson,02/07/2025
995,Corby,Habbes,chabbesrm@about.me,Polygender,1996,Oldsmobile,Aurora,Mobile,Alabama,36610,US,30.7309,-88.0789,66212,Legros-McClure,01/31/2024
996,Marcela,Arsnell,marsnellrn@cdc.gov,Female,2009,Chevrolet,Suburban 1500,Reno,Nevada,89519,US,39.4814,-119.8591,81523,"Mayer, Williamson and Macejkovic",04/24/2022
997,Gussie,Storch,gstorchro@cam.ac.uk,Female,2001,Infiniti,G,Houston,Texas,77015,US,29.7853,-95.1852,57318,"Mraz, Halvorson and Quigley",11/22/2023
998,Lyle,McClenaghan,lmcclenaghanrp@dot.gov,Male,2003,Lexus,LS,Alpharetta,Georgia,30022,US,34.0268,-84.2422,51765,"Stehr, Schmeler and Koelpin",08/02/2024
999,Alasdair,Monkley,amonkleyrq@statcounter.com,Male,2009,Ferrari,F430,Fort Worth,Texas,76162,US,32.7714,-97.2915,89565,Koss-Kiehn,11/21/2024
1000,Errick,Kienzle,ekienzlerr@house.gov,Male,1994,Plymouth,Laser,San Francisco,California,94147,US,37.7848,-122.7278,92592,"Gislason, Johns and Kuhic",11/21/2022
