id,firstName,lastName,email,gender,carYear,automobileMake,automobileModel,customerRegion,customerState,customerPostal,customerCountry_ISO2,customerRegionLatitude,ownerRegionLongitude,automobilePrice,customer,purchaseDate
1,Rafe,Gregg,rgregg0@jugem.jp,Male,2003,Audi,RS6,Paterson,New Jersey,07505,US,40.9166,-74.174,41606,"Nienow, Kris and Wolf",11/03/2022
2,Delano,Baston,dbaston1@google.com.hk,Male,2010,Lincoln,Town Car,Denver,Colorado,80204,US,39.734,-105.0259,60993,Powlowski LLC,09/14/2023
3,Krishna,Ridulfo,kridulfo2@furl.net,Agender,2012,Toyota,Camry Hybrid,Fort Wayne,Indiana,46852,US,41.0938,-85.0707,45970,"Hermann, Dibbert and Mayert",03/22/2025
4,Alanson,McCaighey,amccaighey3@blog.com,Male,2010,Chevrolet,Suburban,Pueblo,Colorado,81015,US,38.1286,-104.5523,35939,"Moore, Berge and Mills",06/21/2022
5,Waite,Andrysiak,wandrysiak4@theguardian.com,Agender,2004,Chrysler,Pacifica,San Angelo,Texas,76905,US,31.4647,-100.39,72168,"Bartell, McKenzie and Bayer",02/01/2022
6,Maurene,Formigli,mformigli5@cdc.gov,Female,1996,GMC,1500 Club Coupe,Gadsden,Alabama,35905,US,33.9352,-85.9576,59596,Mueller-Tillman,05/02/2022
7,Brocky,Bernardet,bbernardet6@discuz.net,Male,2005,Mercedes-Benz,C-Class,El Paso,Texas,88558,US,31.6948,-106.3,71076,McGlynn-Goyette,12/27/2022
8,Garrot,Pummell,gpummell7@themeforest.net,Male,1998,Nissan,Sentra,Los Angeles,California,90035,US,34.0531,-118.3806,39975,"Heathcote, Swift and Mayer",08/16/2022
9,Patsy,Mitchely,pmitchely8@mapy.cz,Female,2008,BMW,X3,Houston,Texas,77015,US,29.7853,-95.1852,32317,"Fadel, Herman and Jenkins",08/09/2025
10,Milly,Caldwell,mcaldwell9@dot.gov,Female,2008,Hyundai,Sonata,Colorado Springs,Colorado,80995,US,38.8247,-104.562,81519,Klein Group,11/14/2025
11,Kassia,Auden,kaudena@furl.net,Female,1999,Chrysler,300M,Laredo,Texas,78044,US,27.3637,-99.4819,41465,"Weimann, Hirthe and Zieme",03/17/2023
12,Bab,Dake,bdakeb@cdbaby.com,Female,1967,Pontiac,Tempest,East Saint Louis,Illinois,62205,US,38.6149,-90.1275,32633,"Mertz, West and Zulauf",04/14/2022
13,Nealy,Gee,ngeec@census.gov,Male,2012,Bentley,Continental GT,Chicago,Illinois,60609,US,41.8097,-87.6533,36655,Herman LLC,01/18/2024
14,Inness,Coverdill,icoverdilld@bluehost.com,Non-binary,1998,Toyota,4Runner,Macon,Georgia,31296,US,32.8067,-83.6913,78927,Gerhold LLC,10/11/2025
15,Jared,Bode,jbodee@jigsy.com,Male,2012,Mazda,Mazda3,Knoxville,Tennessee,37914,US,35.9918,-83.8496,80148,Stark Inc,07/08/2023
16,Sebastien,Castleton,scastletonf@is.gd,Male,1997,Plymouth,Grand Voyager,Irvine,California,92619,US,33.6706,-117.7645,95553,Runolfsson-Gusikowski,07/10/2023
17,Zuzana,Friedenbach,zfriedenbachg@state.gov,Female,2006,Kia,Spectra5,Birmingham,Alabama,35205,US,33.4951,-86.8059,80497,"Feil, Dicki and Deckow",12/17/2025
18,Collie,Goodburn,cgoodburnh@ebay.com,Female,2009,Mercedes-Benz,S-Class,Oakland,California,94616,US,37.8044,-122.2698,95612,Cormier and Sons,12/02/2024
19,Felisha,Nurny,fnurnyi@harvard.edu,Female,2011,Ford,F350,Sioux Falls,South Dakota,57193,US,43.6746,-96.7913,43371,"O'Reilly, Mayert and Rau",06/20/2024
20,Eberto,Le feaver,elefeaverj@discuz.net,Male,1995,Toyota,Tacoma,Dallas,Texas,75379,US,32.7673,-96.7776,86359,"Carroll, Gutmann and Beatty",06/18/2025
21,Catlee,Muglestone,cmuglestonek@infoseek.co.jp,Female,2005,Scion,xB,Detroit,Michigan,48258,US,42.2399,-83.1508,34811,Kreiger LLC,01/26/2025
22,Judith,Abbati,jabbatil@lulu.com,Female,2007,Cadillac,CTS-V,Duluth,Georgia,30195,US,34.0047,-84.1532,32069,Langosh Group,09/23/2025
23,Meg,Schwandermann,mschwandermannm@nature.com,Female,1991,Audi,100,Idaho Falls,Idaho,83405,US,43.3233,-111.7822,91977,Torp-Kshlerin,04/26/2022
24,Tressa,Rosenbush,trosenbushn@jalbum.net,Female,2011,Jeep,Patriot,Charlottesville,Virginia,22903,US,38.0339,-78.4924,36670,Green Group,04/13/2025
25,Durand,Maidment,dmaidmento@flavors.me,Male,1999,Volkswagen,Eurovan,Fresno,California,93773,US,36.7464,-119.6397,88019,"Schowalter, Bauch and Kiehn",08/31/2025
26,Tomasine,Twinbrow,ttwinbrowp@imdb.com,Polygender,2008,Volkswagen,New Beetle,Columbus,Ohio,43210,US,40.0028,-83.0164,82028,"Trantow, Bogan and Cruickshank",04/28/2023
27,Ezekiel,Malek,emalekq@wikia.com,Male,1995,Dodge,Dakota,Los Angeles,California,90094,US,33.9754,-118.417,62695,"Cummerata, Wuckert and Hessel",06/07/2024
28,Hermy,Sandhill,hsandhillr@ameblo.jp,Male,1997,Chrysler,Sebring,Jamaica,New York,11470,US,40.6914,-73.8061,57871,"Schneider, Goyette and Rowe",03/29/2023
29,Ann-marie,Coskerry,acoskerrys@ovh.net,Polygender,2004,GMC,Yukon,Harrisburg,Pennsylvania,17110,US,40.303,-76.8862,61685,Hermiston and Sons,07/12/2025
30,Reynolds,Churchin,rchurchint@weibo.com,Male,2003,Volvo,V40,Lynchburg,Virginia,24515,US,37.4009,-79.1785,71733,Veum LLC,10/27/2022
31,Brew,Neve,bneveu@nbcnews.com,Male,2000,Suzuki,Vitara,Sparks,Nevada,89436,US,39.6269,-119.7081,80817,"Hand, Sauer and Reynolds",07/29/2025
32,Tades,Sonier,tsonierv@bravesites.com,Male,2011,Toyota,Highlander,Charlotte,North Carolina,28242,US,35.26,-80.8042,54084,Wiegand-Emmerich,09/13/2024
33,Roldan,Inchboard,rinchboardw@sina.com.cn,Genderfluid,1961,Austin,Mini Cooper,Atlanta,Georgia,30328,US,33.9335,-84.3958,36145,Schmidt LLC,10/24/2024
34,Brittan,Creasy,bcreasyx@senate.gov,Female,1993,Subaru,Impreza,Milwaukee,Wisconsin,53215,US,43.006,-87.9429,45293,Medhurst-Auer,02/25/2025
35,Mariette,Dellenbrook,mdellenbrooky@weibo.com,Female,2004,Acura,RL,Fort Lauderdale,Florida,33345,US,26.1654,-80.2959,36169,Gleason and Sons,01/02/2023
36,Donavon,Vasyatkin,dvasyatkinz@goo.ne.jp,Male,1968,Shelby,GT500,Peoria,Illinois,61635,US,40.7442,-89.7184,85894,"Price, Abbott and King",01/02/2026
37,Lenard,MacPhaden,lmacphaden10@issuu.com,Male,1990,Buick,Electra,San Diego,California,92176,US,33.0169,-116.846,58030,"Harvey, Walsh and Okuneva",10/10/2023
38,Elliott,Poyzer,epoyzer11@hud.gov,Male,1998,Porsche,911,Ogden,Utah,84409,US,41.2553,-111.9567,33298,Rogahn LLC,02/04/2025
39,Borg,Savidge,bsavidge12@engadget.com,Male,2007,Toyota,Camry Solara,Brockton,Massachusetts,02305,US,41.9705,-70.7014,30571,Gulgowski Group,06/10/2024
40,Elsey,Kluge,ekluge13@salon.com,Bigender,2003,Infiniti,G,Naples,Florida,34102,US,26.134,-81.7953,70233,"Padberg, Ferry and Ledner",03/20/2025
41,Pammy,Hedau,phedau14@cbslocal.com,Non-binary,2007,Hummer,H3,Waterbury,Connecticut,06726,US,41.3657,-72.9275,50641,"Braun, Gislason and Botsford",06/15/2024
42,Guglielmo,Colley,gcolley15@adobe.com,Male,1997,Acura,NSX,Washington,District of Columbia,20310,US,38.8933,-77.0146,53892,Kihn Group,03/02/2024
43,Peggi,Soppitt,psoppitt16@princeton.edu,Female,2008,Porsche,Boxster,Grand Rapids,Michigan,49560,US,43.0314,-85.5503,90634,Wehner-Purdy,11/07/2023
44,Briny,Shorto,bshorto17@twitpic.com,Female,2002,Ford,Explorer Sport Trac,Jamaica,New York,11436,US,40.6763,-73.7966,97353,"Ritchie, Roob and Collier",05/23/2023
45,Cheryl,Ronisch,cronisch18@mozilla.org,Female,1972,Ford,Thunderbird,Oklahoma City,Oklahoma,73114,US,35.5704,-97.5257,72091,Gutkowski Inc,07/13/2022
46,Duffie,Wagge,dwagge19@51.la,Genderfluid,1993,Infiniti,J,Valley Forge,Pennsylvania,19495,US,39.9832,-75.7481,44692,Bergnaum and Sons,05/03/2025
47,Mort,Pollastro,mpollastro1a@netvibes.com,Male,2002,Mitsubishi,Lancer Evolution,Cincinnati,Ohio,45296,US,39.1668,-84.5382,85323,Hansen-Yundt,03/18/2023
48,Huntlee,Haryngton,hharyngton1b@arizona.edu,Male,2012,Chevrolet,Avalanche,Philadelphia,Pennsylvania,19136,US,40.0422,-75.0244,59113,Heidenreich-Doyle,07/02/2022
49,Neely,Weston,nweston1c@spiegel.de,Female,1997,Lotus,Esprit,Washington,District of Columbia,20575,US,38.8933,-77.0146,60377,"Jacobs, Klein and Kris",11/07/2025
50,Mauricio,Brangan,mbrangan1d@imageshack.us,Male,2002,Nissan,Quest,Arlington,Virginia,22212,US,38.8808,-77.113,41878,"Jaskolski, Gutmann and Harvey",04/28/2022
51,Jackelyn,Mattheis,jmattheis1e@ezinearticles.com,Female,2010,Volkswagen,Touareg,Roanoke,Virginia,24048,US,37.2742,-79.9579,57409,Cummings LLC,09/23/2023
52,Fonzie,Raccio,fraccio1f@mapquest.com,Genderqueer,2007,Honda,Fit,Cincinnati,Ohio,45213,US,39.1802,-84.4204,34304,Blanda LLC,01/09/2026
53,Ramsey,Simakov,rsimakov1g@fc2.com,Male,2007,Mercedes-Benz,R-Class,Cincinnati,Ohio,45218,US,39.2663,-84.5221,49523,Rau Group,03/16/2024
54,Kerwinn,Petrazzi,kpetrazzi1h@cmu.edu,Male,1994,Volkswagen,Golf III,Newark,Delaware,19714,US,39.5645,-75.597,58780,Satterfield Group,10/26/2024
55,Valaree,Ion,vion1i@dyndns.org,Female,2010,Dodge,Caravan,Fort Myers,Florida,33913,US,26.5228,-81.7065,56438,"Botsford, Huel and Krajcik",11/30/2023
56,Elia,Ridulfo,eridulfo1j@toplist.cz,Male,2006,Saab,9-2X,Milwaukee,Wisconsin,53210,US,43.0685,-87.9715,87557,Deckow-Johns,08/12/2024
57,Art,Cunrado,acunrado1k@wisc.edu,Male,2002,Toyota,MR2,Hartford,Connecticut,06183,US,41.7638,-72.673,35951,"Hackett, Aufderhar and Gleichner",04/25/2025
58,Sebastiano,Marc,smarc1l@seattletimes.com,Male,1992,Mitsubishi,Galant,Nashville,Tennessee,37240,US,36.1866,-86.7852,87101,"Lebsack, Orn and Romaguera",04/04/2022
59,Esther,Alejandre,ealejandre1m@mlb.com,Female,1991,Nissan,300ZX,Charleston,West Virginia,25331,US,38.2968,-81.5547,88626,Ward Inc,05/23/2023
60,Morris,Connerry,mconnerry1n@cbsnews.com,Male,1996,Acura,Integra,Boise,Idaho,83757,US,43.4599,-116.244,44287,Welch Group,11/07/2023
61,Thatcher,Tows,ttows1o@dmoz.org,Male,1992,BMW,7 Series,Round Rock,Texas,78682,US,30.6568,-97.6026,57628,Brakus Inc,01/06/2025
62,Rollo,Danell,rdanell1p@fda.gov,Male,2008,Mitsubishi,Outlander,Pasadena,California,91131,US,33.7866,-118.2987,99658,"Yost, Gleason and Trantow",01/20/2025
63,Kareem,Baxter,kbaxter1q@cbc.ca,Male,2003,Toyota,Highlander,Austin,Texas,78789,US,30.3264,-97.7713,40309,Stroman LLC,03/21/2025
64,Sarajane,Chartman,schartman1r@webs.com,Female,2007,Acura,RDX,Fresno,California,93704,US,36.7991,-119.8016,34328,Schroeder-Beier,04/28/2023
65,Lurleen,Dohms,ldohms1s@netvibes.com,Female,2011,Dodge,Nitro,Plano,Texas,75074,US,33.0277,-96.6777,69393,Hills-Dietrich,06/18/2025
66,Kirstyn,Hildrew,khildrew1t@china.com.cn,Female,1999,Nissan,Quest,Saint Petersburg,Florida,33710,US,27.7898,-82.7243,76845,Kuhlman-Schmidt,08/02/2025
67,Crystal,Danskine,cdanskine1u@purevolume.com,Female,2009,Mercedes-Benz,CLK-Class,Gatesville,Texas,76598,US,31.3902,-97.7993,54236,Terry Inc,09/11/2024
68,Wyndham,Bascombe,wbascombe1v@rakuten.co.jp,Male,1997,Infiniti,I,Memphis,Tennessee,38136,US,35.2017,-89.9715,96917,Turcotte Group,01/14/2024
69,Wilmette,Sircombe,wsircombe1w@prlog.org,Female,1997,Toyota,Tacoma Xtra,Grand Rapids,Michigan,49560,US,43.0314,-85.5503,95564,"Rau, Morar and Smith",05/27/2022
70,Theodosia,Secrett,tsecrett1x@alibaba.com,Polygender,1998,Jeep,Grand Cherokee,Brockton,Massachusetts,02405,US,41.9705,-70.7014,78954,"Roob, Konopelski and Nienow",04/18/2025
71,Drusi,Wills,dwills1y@ft.com,Polygender,1989,Buick,LeSabre,Terre Haute,Indiana,47812,US,39.4336,-87.4101,86027,Zieme and Sons,01/23/2026
72,Lindy,Hingeley,lhingeley1z@about.me,Female,2004,Volkswagen,New Beetle,Colorado Springs,Colorado,80915,US,38.8558,-104.7134,60692,"Metz, Kautzer and Braun",11/01/2025
73,Allard,Fargher,afargher20@skype.com,Male,2011,Acura,TSX,Jamaica,New York,11447,US,40.6914,-73.8061,81461,Donnelly-Weber,05/14/2023
74,Inesita,Stansall,istansall21@google.co.jp,Female,2010,Audi,Q7,Inglewood,California,90305,US,33.9583,-118.3258,79690,Will-Wuckert,05/18/2024
75,Gerrard,Uppett,guppett22@google.es,Male,1998,Infiniti,QX,Irvine,California,92710,US,33.7074,-117.8403,92746,Labadie Inc,01/20/2025
76,Boycey,Hadden,bhadden23@scientificamerican.com,Genderqueer,2002,Mercedes-Benz,M-Class,Austin,Texas,78769,US,30.3264,-97.7713,41655,Bednar-Bahringer,11/21/2023
77,Kimmie,Itzcovichch,kitzcovichch24@weather.com,Female,2002,Suzuki,Vitara,Pasadena,California,91125,US,33.7866,-118.2987,67701,Huel-Jerde,01/12/2026
78,Nickolas,Palk,npalk25@youku.com,Male,2000,Chevrolet,Suburban 2500,San Antonio,Texas,78296,US,29.4375,-98.4616,59280,"Fritsch, Langosh and Hane",05/06/2022
79,Arnuad,Francois,afrancois26@usda.gov,Genderfluid,2001,Toyota,RAV4,Newport News,Virginia,23605,US,37.0156,-76.4332,92099,Schoen LLC,06/02/2023
80,Corrinne,Keast,ckeast27@blog.com,Female,2006,Chevrolet,HHR Panel,Springfield,Illinois,62711,US,39.7655,-89.7293,71904,Walter and Sons,08/16/2023
81,Kelsey,Cabral,kcabral28@theatlantic.com,Male,2003,Volvo,S40,Aiken,South Carolina,29805,US,33.6993,-81.6465,79726,Zulauf-Schuppe,10/30/2024
82,Kennan,Guild,kguild29@google.it,Male,2000,Daewoo,Lanos,Reno,Nevada,89510,US,39.7699,-119.6027,80832,"Sipes, Kautzer and Hane",07/09/2023
83,Raoul,Service,rservice2a@flavors.me,Male,2007,Infiniti,G,Trenton,New Jersey,08608,US,40.2204,-74.7622,77494,Kling Inc,06/30/2023
84,Siward,Prue,sprue2b@springer.com,Male,2002,Lexus,IS,Huntsville,Alabama,35805,US,34.7059,-86.6165,51001,"Rau, Quigley and Kirlin",04/23/2023
85,Rodi,Deetlof,rdeetlof2c@globo.com,Female,2007,GMC,Savana,Providence,Rhode Island,02905,US,41.7845,-71.3959,57241,Hoeger-Runte,10/03/2022
86,Jacques,Handrok,jhandrok2d@irs.gov,Male,2010,Mitsubishi,Galant,Columbus,Mississippi,39705,US,33.5508,-88.4865,37415,Ryan LLC,02/16/2024
87,Ivory,Bellam,ibellam2e@oracle.com,Genderqueer,1999,Mercury,Mountaineer,Charleston,South Carolina,29424,US,32.7831,-79.937,72117,McDermott-Schmitt,03/06/2023
88,Goddart,Langsdon,glangsdon2f@shareasale.com,Male,1997,Lincoln,Town Car,Tampa,Florida,33633,US,27.872,-82.4388,43229,Ortiz and Sons,03/06/2024
89,Gram,Gosz,ggosz2g@wufoo.com,Male,1991,Volkswagen,Passat,New York City,New York,10099,US,40.7808,-73.9772,80548,"Satterfield, Veum and Lang",12/13/2024
90,Ingrid,Jankovsky,ijankovsky2h@1688.com,Female,2006,Ford,E-350 Super Duty,Davenport,Iowa,52809,US,41.613,-90.6063,34664,Rath-Hudson,03/08/2025
91,Ninetta,Tythacott,ntythacott2i@sitemeter.com,Female,2003,Ford,Focus,San Diego,California,92132,US,32.6437,-117.1384,77381,"Willms, Pollich and Beatty",12/21/2023
92,Staci,Radleigh,sradleigh2j@fda.gov,Female,2011,Bentley,Continental,Houston,Texas,77276,US,29.7575,-95.3668,30941,O'Connell-Schmitt,07/06/2023
93,Bernard,Thrift,bthrift2k@istockphoto.com,Male,2009,Scion,xB,Pasadena,California,91199,US,34.1478,-118.1436,65456,Carroll and Sons,07/01/2024
94,Melisenda,Lempke,mlempke2l@blinklist.com,Female,2012,Nissan,Armada,Honolulu,Hawaii,96820,US,21.351,-157.8795,67712,Turner LLC,06/15/2025
95,Caron,Extence,cextence2m@constantcontact.com,Female,2006,Chevrolet,Suburban,Irvine,California,92612,US,33.6607,-117.8264,67345,Ryan Group,03/10/2023
96,Jacquenetta,Kirkpatrick,jkirkpatrick2n@gov.uk,Female,1997,Nissan,240SX,Tampa,Florida,33625,US,28.0726,-82.559,90710,Orn-Crona,03/17/2022
97,Cecilia,McGeoch,cmcgeoch2o@usnews.com,Female,1986,Mercury,Sable,Arlington,Texas,76011,US,32.7582,-97.1003,42655,"Murray, Crona and Will",08/24/2024
98,Garvin,MacGraith,gmacgraith2p@sourceforge.net,Male,2012,MINI,Countryman,Los Angeles,California,90065,US,34.1073,-118.2266,99942,Hayes-Davis,02/18/2024
99,Eartha,Baistow,ebaistow2q@statcounter.com,Female,2001,Ford,Crown Victoria,Detroit,Michigan,48295,US,42.2399,-83.1508,75888,Rippin-Fay,01/15/2025
100,Nanon,Hazelgreave,nhazelgreave2r@howstuffworks.com,Female,2003,Chevrolet,Astro,Indianapolis,Indiana,46216,US,39.8647,-86.0136,81537,"Leannon, Kuphal and Douglas",06/12/2022
101,Vinnie,Tantrum,vtantrum2s@youtube.com,Polygender,2009,GMC,Savana,North Little Rock,Arkansas,72199,US,34.8272,-92.2847,87872,"Blanda, Hauck and Skiles",11/20/2022
102,Storm,Epine,sepine2t@intel.com,Female,2012,Infiniti,IPL G,Hialeah,Florida,33018,US,25.9098,-80.3889,74449,"Rice, Bashirian and Davis",12/25/2024
103,Herrick,Wrightham,hwrightham2u@wikia.com,Male,1991,Mitsubishi,Eclipse,Los Angeles,California,90087,US,33.7866,-118.2987,84523,Jaskolski LLC,02/21/2025
104,Deonne,Buston,dbuston2v@globo.com,Female,2009,Kia,Mohave/Borrego,Saint Louis,Missouri,63180,US,38.6531,-90.2435,72690,Witting Group,06/18/2025
105,Laverna,McKue,lmckue2w@dmoz.org,Female,2012,Lexus,IS,Daytona Beach,Florida,32118,US,29.2219,-81.0095,64899,"Schumm, Dare and Hartmann",05/12/2022
106,Jacquelin,Longhurst,jlonghurst2x@ft.com,Female,2012,Land Rover,LR4,Lake Charles,Louisiana,70616,US,30.2642,-93.3265,43408,Hammes-Will,06/21/2022
107,Gary,Matthew,gmatthew2y@domainmarket.com,Male,1996,Honda,Prelude,Southfield,Michigan,48076,US,42.4981,-83.2058,32194,"Moore, Mraz and Fisher",11/17/2024
108,Nichol,Dutnall,ndutnall2z@a8.net,Female,1994,Chevrolet,Caprice,Atlanta,Georgia,31106,US,33.8444,-84.474,56819,Willms and Sons,05/25/2024
109,Ulrich,Theriot,utheriot30@quantcast.com,Male,2007,Peugeot,207,Dallas,Texas,75221,US,32.8147,-96.7877,89209,"Cremin, Tillman and Kutch",01/03/2026
110,Malena,Eayrs,meayrs31@dropbox.com,Female,2003,Chevrolet,Tahoe,Memphis,Tennessee,38109,US,35.0425,-90.0732,38890,DuBuque-Altenwerth,03/12/2023
111,Jordon,Reddyhoff,jreddyhoff32@youtube.com,Male,2002,Chevrolet,TrailBlazer,Boise,Idaho,83705,US,43.5851,-116.2191,33034,Lynch-Green,06/06/2023
112,Latrina,Ivashintsov,livashintsov33@opensource.org,Female,1995,Ford,Club Wagon,Memphis,Tennessee,38109,US,35.0425,-90.0732,96329,"Welch, Dickens and Zboncak",11/02/2024
113,Jaye,Housecroft,jhousecroft34@mozilla.org,Genderqueer,1993,Mitsubishi,GTO,Syracuse,New York,13224,US,43.0421,-76.1046,44299,"Langosh, Bednar and Johnston",07/30/2022
114,Bebe,Timbridge,btimbridge35@ox.ac.uk,Female,2009,GMC,Savana 1500,Alpharetta,Georgia,30022,US,34.0268,-84.2422,89812,Brakus-Powlowski,03/20/2022
115,Pavla,Pulham,ppulham36@pbs.org,Female,2002,Mitsubishi,Challenger,Lake Worth,Florida,33462,US,26.5747,-80.0794,71784,Conn-O'Connell,03/27/2024
116,Costa,Aronin,caronin37@wufoo.com,Male,1971,Chevrolet,Camaro,Paterson,New Jersey,07544,US,41.0114,-74.3048,35375,Reichert-Bernier,08/08/2024
117,Cornelius,Dienes,cdienes38@gmpg.org,Male,1997,Infiniti,J,San Diego,California,92176,US,33.0169,-116.846,36362,"Lynch, O'Kon and Zulauf",09/22/2023
118,Lotti,Dewer,ldewer39@pinterest.com,Female,2005,Suzuki,XL-7,Phoenix,Arizona,85077,US,33.2765,-112.1872,54234,Waters-Rowe,08/30/2022
119,Halley,O'Dunniom,hodunniom3a@goo.ne.jp,Female,2004,Jeep,Wrangler,Rochester,New York,14646,US,43.286,-77.6843,89332,Borer Group,01/14/2025
120,Ethe,Ovens,eovens3b@cdbaby.com,Male,2011,Mercedes-Benz,CL-Class,Las Vegas,Nevada,89166,US,36.3265,-115.3398,73006,Armstrong-Robel,05/21/2025
121,Gawen,Powner,gpowner3c@boston.com,Male,2007,Land Rover,Range Rover Sport,Sioux Falls,South Dakota,57110,US,43.5486,-96.6332,52626,Marvin-Skiles,12/11/2022
122,Josias,Lownsbrough,jlownsbrough3d@godaddy.com,Male,1993,Chevrolet,Suburban 2500,Anchorage,Alaska,99522,US,61.1089,-149.4403,39229,Raynor Inc,11/07/2025
123,Harlan,Matteris,hmatteris3e@vimeo.com,Male,2000,Lincoln,Continental,Sacramento,California,95894,US,38.5816,-121.4933,55223,Bruen-Armstrong,11/21/2022
124,Nicolea,Ethelstone,nethelstone3f@dailymotion.com,Female,2010,Mazda,MX-5,Kansas City,Missouri,64149,US,38.8606,-94.4636,49196,Torp-Dicki,11/17/2025
125,Elnora,Hewson,ehewson3g@huffingtonpost.com,Female,2012,Infiniti,G,Evansville,Indiana,47732,US,37.9971,-87.575,73040,Hessel LLC,09/06/2023
126,Marcella,Cheyenne,mcheyenne3h@washington.edu,Female,2012,Buick,Enclave,San Francisco,California,94142,US,37.7848,-122.7278,45260,"Boyer, Orn and Sawayn",06/30/2024
127,Alon,Clemot,aclemot3i@t-online.de,Genderqueer,1986,Pontiac,Parisienne,New York City,New York,10045,US,40.7086,-74.0087,62168,"Mueller, Reichert and Moore",02/05/2022
128,Inigo,Anlay,ianlay3j@squarespace.com,Male,1985,Mercedes-Benz,S-Class,Washington,District of Columbia,20551,US,38.892,-77.0452,31081,Yundt-Johns,08/06/2025
129,Shalom,Phythien,sphythien3k@weibo.com,Male,2000,Toyota,4Runner,Roanoke,Virginia,24004,US,37.2742,-79.9579,91095,Bins and Sons,01/30/2024
130,Carey,Berre,cberre3l@intel.com,Female,1995,Kia,Sephia,Van Nuys,California,91406,US,34.2006,-118.4868,75478,Powlowski Group,04/22/2023
131,Panchito,Yalden,pyalden3m@hexun.com,Male,1990,Plymouth,Laser,El Paso,Texas,79928,US,31.6631,-106.1401,58616,Swaniawski Inc,02/22/2024
132,Kippy,Sadat,ksadat3n@goodreads.com,Non-binary,2000,Volkswagen,Golf,Austin,Texas,78744,US,30.1876,-97.7472,41539,Bartell-Weissnat,02/26/2023
133,Leif,Meacher,lmeacher3o@theguardian.com,Male,2001,Hyundai,Sonata,Tampa,Florida,33680,US,27.872,-82.4388,71560,"Konopelski, Windler and Schultz",02/27/2024
134,Phineas,Balwin,pbalwin3p@blogspot.com,Agender,2010,Bentley,Azure,Lubbock,Texas,79491,US,33.61,-101.8213,68660,Goyette Group,07/24/2025
135,Luella,Clint,lclint3q@facebook.com,Female,1987,Mazda,Familia,Irving,Texas,75037,US,32.7673,-96.7776,34895,"Reinger, Willms and Schoen",07/10/2025
136,Jacinta,Doogue,jdoogue3r@elpais.com,Female,1994,Suzuki,SJ,Dallas,Texas,75216,US,32.7086,-96.7955,98272,Borer Group,06/11/2023
137,Suki,Penbarthy,spenbarthy3s@ovh.net,Female,1998,Dodge,Grand Caravan,Spring Hill,Florida,34611,US,28.5642,-82.4165,41466,Harris-Sipes,02/26/2024
138,Brad,Gusney,bgusney3t@taobao.com,Genderfluid,2002,Chevrolet,Avalanche 1500,Boston,Massachusetts,02124,US,42.2868,-71.071,61013,Bogan-Bode,09/14/2024
139,Corina,ducarme,cducarme3u@amazon.co.uk,Female,1999,Chevrolet,Silverado 2500,Roanoke,Virginia,24040,US,37.2742,-79.9579,50376,Murazik and Sons,08/03/2024
140,Arnuad,Ketteringham,aketteringham3v@rambler.ru,Male,2006,Mercedes-Benz,CLS-Class,Kent,Washington,98042,US,47.368,-122.1206,72351,O'Kon LLC,03/07/2025
141,Trent,Kendrew,tkendrew3w@admin.ch,Male,1999,Mercedes-Benz,CL-Class,Young America,Minnesota,55573,US,45.0159,-93.4719,55042,Thompson-Labadie,05/25/2022
142,Zoe,Hucquart,zhucquart3x@irs.gov,Female,2002,Jeep,Wrangler,Washington,District of Columbia,20436,US,38.8959,-77.0211,71070,Greenholt-Osinski,05/09/2024
143,Brittany,Derisly,bderisly3y@behance.net,Female,2007,Kia,Sportage,Mesa,Arizona,85210,US,33.3887,-111.8428,96506,Marks-Deckow,05/25/2023
144,Tabby,Underwood,tunderwood3z@wikia.com,Male,2007,Lexus,IS,New York City,New York,10034,US,40.8662,-73.9221,50856,Mayert-Quigley,10/11/2024
145,Melisse,Pattemore,mpattemore40@phpbb.com,Bigender,2004,Suzuki,Swift,Raleigh,North Carolina,27610,US,35.7667,-78.6008,46540,Dare Group,10/24/2023
146,Bonnee,Povlsen,bpovlsen41@foxnews.com,Female,2010,Scion,xD,Fayetteville,North Carolina,28314,US,35.0583,-79.008,69226,Witting-Jerde,11/25/2023
147,Isidoro,Unwin,iunwin42@bluehost.com,Male,2005,Lincoln,Town Car,Des Moines,Iowa,50369,US,41.6727,-93.5722,72453,Cremin and Sons,08/13/2023
148,Manny,Twigger,mtwigger43@purevolume.com,Male,1999,Volkswagen,GTI,New Orleans,Louisiana,70129,US,30.0877,-89.8462,44361,Daniel Group,10/30/2024
149,Arlee,Lighterness,alighterness44@miitbeian.gov.cn,Female,1994,Ford,Crown Victoria,Knoxville,Tennessee,37995,US,35.9901,-83.9622,45453,West Inc,06/12/2023
150,Mordecai,Turone,mturone45@baidu.com,Male,1998,Mercedes-Benz,C-Class,San Bernardino,California,92405,US,34.1446,-117.3013,50106,"Robel, Gutkowski and Rath",12/08/2023
151,Evvie,Sartin,esartin46@nps.gov,Female,2006,BMW,550,Richmond,Virginia,23289,US,37.5313,-77.4161,38157,Larkin Inc,11/23/2023
152,Brittany,Minichillo,bminichillo47@hubpages.com,Female,1993,Toyota,MR2,Gainesville,Florida,32627,US,29.6813,-82.3539,55434,Kunde-Macejkovic,09/01/2025
153,Bernhard,Rewcastle,brewcastle48@webs.com,Male,1992,Dodge,D350,Biloxi,Mississippi,39534,US,30.4067,-88.9211,36029,Bode Group,07/19/2022
154,Arman,Blampy,ablampy49@twitter.com,Genderqueer,2005,Mazda,B-Series,Cincinnati,Ohio,45271,US,39.1668,-84.5382,73744,Cormier and Sons,12/18/2023
155,Hilda,Necolds,hnecolds4a@unc.edu,Female,1997,GMC,Sonoma Club Coupe,Milwaukee,Wisconsin,53277,US,43.0389,-87.9024,49920,"McDermott, Frami and Roberts",02/05/2025
156,Dasie,Andreopolos,dandreopolos4b@alexa.com,Female,1995,Buick,LeSabre,Baton Rouge,Louisiana,70836,US,30.392,-91.0892,74938,Hermiston Inc,10/05/2025
157,Wyndham,Pikett,wpikett4c@seesaa.net,Male,2007,Subaru,Legacy,Dayton,Ohio,45432,US,39.739,-84.0856,80044,Schmitt and Sons,10/23/2024
158,Holden,Krishtopaittis,hkrishtopaittis4d@nytimes.com,Male,2008,Nissan,Armada,Albany,New York,12210,US,42.6568,-73.7605,49431,Langosh-Ebert,04/18/2023
159,Kaylyn,Cutcliffe,kcutcliffe4e@wisc.edu,Female,1983,Ford,Mustang,Carson City,Nevada,89714,US,39.1678,-119.7764,83517,Daniel-Howe,06/04/2025
160,Silas,Fidal,sfidal4f@51.la,Male,1986,Ford,Laser,Boise,Idaho,83716,US,43.5345,-115.9711,86354,Sporer and Sons,10/04/2023
161,Jobie,Dutchburn,jdutchburn4g@rediff.com,Female,2012,Aston Martin,DBS,Boston,Massachusetts,02124,US,42.2868,-71.071,56942,Waelchi-Hansen,04/26/2022
162,Chester,Whiteson,cwhiteson4h@vk.com,Male,1998,Hyundai,Elantra,Kansas City,Missouri,64114,US,38.9621,-94.5959,63511,Osinski and Sons,12/06/2025
163,Alonzo,Lebel,alebel4i@cbslocal.com,Male,2006,Subaru,Legacy,Wilkes Barre,Pennsylvania,18706,US,41.2044,-75.9113,97586,Kunze-Ziemann,06/29/2024
164,Hewie,Futcher,hfutcher4j@va.gov,Male,1976,Volkswagen,Golf,Lima,Ohio,45807,US,40.7955,-84.1383,59072,"Nienow, Kreiger and Hessel",10/27/2025
165,Andie,Parramore,aparramore4k@paypal.com,Male,2008,Toyota,Camry,Madison,Wisconsin,53705,US,43.073,-89.4528,86828,Pfeffer-Tillman,03/31/2022
166,Di,Kiessel,dkiessel4l@europa.eu,Female,1997,Ford,Mustang,El Paso,Texas,79934,US,31.9386,-106.4073,86903,"Will, Langworth and Spinka",08/23/2023
167,Norton,Maude,nmaude4m@aol.com,Male,2011,Saab,9-4X,Wilmington,North Carolina,28405,US,34.2651,-77.867,31009,Braun-Macejkovic,02/19/2022
168,Chanda,Mowett,cmowett4n@dot.gov,Genderqueer,2002,Acura,TL,Hicksville,New York,11854,US,40.7548,-73.6018,63949,"Mohr, Cummings and Shanahan",11/18/2023
169,Gilberto,Byne,gbyne4o@mit.edu,Male,2007,Kia,Spectra,Phoenix,Arizona,85083,US,33.7352,-112.1294,81233,Pacocha-Kovacek,02/21/2025
170,Alanson,Benneton,abenneton4p@google.it,Male,1994,Chevrolet,Cavalier,Sacramento,California,94250,US,38.3774,-121.4444,43837,"Crist, Hahn and Hodkiewicz",12/19/2022
171,Pasquale,Reboul,preboul4q@mit.edu,Male,1985,Pontiac,1000,Portsmouth,New Hampshire,03804,US,43.0059,-71.0132,43101,Abernathy-Fay,09/21/2024
172,Timmie,Herrero,therrero4r@ucla.edu,Female,2012,Volkswagen,Eos,Duluth,Georgia,30096,US,33.9845,-84.1529,84351,Kshlerin-Cassin,02/15/2024
173,Chrysler,Agdahl,cagdahl4s@redcross.org,Female,1987,Chevrolet,Corvette,San Francisco,California,94126,US,37.7848,-122.7278,36955,"Turner, Stokes and Farrell",11/13/2024
174,Quincy,Pashley,qpashley4t@google.de,Polygender,1998,Chevrolet,Corvette,Newark,Delaware,19725,US,39.5645,-75.597,94736,Corwin-Borer,05/11/2023
175,Winthrop,Jullian,wjullian4u@cbc.ca,Non-binary,1957,BMW,600,Omaha,Nebraska,68117,US,41.2064,-95.9953,40766,"Flatley, Abbott and Kuvalis",12/18/2022
176,Franni,Barley,fbarley4v@is.gd,Female,1996,GMC,2500 Club Coupe,Atlanta,Georgia,30323,US,33.8444,-84.474,32444,"Hane, Walter and Kemmer",01/18/2023
177,Dulcia,Attiwill,dattiwill4w@kickstarter.com,Female,2003,Audi,S8,Nashville,Tennessee,37210,US,36.1379,-86.741,87076,Mitchell Inc,08/03/2023
178,Cointon,Gunning,cgunning4x@shop-pro.jp,Male,2011,Honda,Ridgeline,Hayward,California,94544,US,37.6374,-122.067,59431,"Kautzer, Parker and Flatley",12/04/2025
179,Gina,Robardey,grobardey4y@barnesandnoble.com,Female,2003,Mercedes-Benz,C-Class,Tucson,Arizona,85737,US,32.4142,-110.9466,73897,McDermott Inc,12/05/2025
180,Sile,Devita,sdevita4z@jiathis.com,Female,2011,Mazda,MX-5,Sacramento,California,94257,US,38.3774,-121.4444,64506,Williamson and Sons,04/12/2022
181,Isidora,Lockier,ilockier50@toplist.cz,Female,2002,Mitsubishi,Montero,Jamaica,New York,11407,US,40.6913,-73.8059,58294,Hintz-Maggio,11/24/2023
182,Alfy,Czaja,aczaja51@cnet.com,Male,2002,Mercedes-Benz,E-Class,El Paso,Texas,79950,US,31.6948,-106.3,57901,"Gutkowski, Hilpert and Jacobi",12/24/2025
183,Calv,Mixture,cmixture52@nytimes.com,Male,2002,Suzuki,Esteem,Lawrenceville,Georgia,30045,US,33.9367,-83.9573,54167,"Nicolas, Zieme and Marquardt",08/21/2023
184,Collen,Tertre,ctertre53@dot.gov,Female,2012,Audi,Q5,El Paso,Texas,79916,US,31.7444,-106.2879,60474,Ebert Group,06/25/2025
185,Jilly,Orbine,jorbine54@disqus.com,Female,2009,Volvo,XC70,Spokane,Washington,99205,US,47.6964,-117.4399,46825,"Hand, Davis and Bode",05/20/2024
186,Letty,Cronin,lcronin55@i2i.jp,Female,2004,Saab,9-3,Birmingham,Alabama,35295,US,33.5446,-86.9292,76426,Anderson-Gorczany,11/13/2024
187,Menard,Kibblewhite,mkibblewhite56@va.gov,Male,1990,Volkswagen,GTI,Albuquerque,New Mexico,87110,US,35.1104,-106.5781,84634,Hegmann-Schuster,07/11/2023
188,Jaimie,Doumerque,jdoumerque57@mashable.com,Male,2010,Nissan,370Z,El Paso,Texas,88579,US,31.6948,-106.3,64844,"Fahey, Harris and Wuckert",11/27/2025
189,Buck,Bussens,bbussens58@bigcartel.com,Male,2003,Chrysler,Sebring,Bradenton,Florida,34210,US,27.4544,-82.6358,72695,"Berge, Boyer and Carroll",04/12/2024
190,Juana,Harce,jharce59@artisteer.com,Female,2012,Ford,F250,Charlotte,North Carolina,28284,US,35.26,-80.8042,88057,Haley Group,12/16/2023
191,Kain,Brookshaw,kbrookshaw5a@barnesandnoble.com,Male,2004,Lincoln,Navigator,Los Angeles,California,90065,US,34.1073,-118.2266,89530,Ernser Inc,05/12/2023
192,Brooks,Heavy,bheavy5b@apache.org,Male,2008,Ford,Escape,Salt Lake City,Utah,84152,US,40.7286,-111.6627,63700,"DuBuque, Wilkinson and Crona",07/01/2024
193,Luisa,McReynolds,lmcreynolds5c@so-net.ne.jp,Genderqueer,2012,Jaguar,XJ,El Paso,Texas,88546,US,31.6948,-106.3,74256,Howell Inc,10/09/2022
194,Hobart,Slowey,hslowey5d@dagondesign.com,Male,1986,Chevrolet,Corvette,Miami,Florida,33180,US,25.9597,-80.1403,58310,Dickens Group,04/06/2023
195,Allayne,McGrowther,amcgrowther5e@youtu.be,Male,2008,Dodge,Sprinter,Tucson,Arizona,85743,US,32.3366,-111.1771,58133,"Jacobson, Willms and Cruickshank",04/17/2024
196,Karlis,Pennetti,kpennetti5f@prweb.com,Male,1988,Audi,90,Corpus Christi,Texas,78426,US,27.777,-97.4632,58667,Gerlach-Dibbert,10/20/2024
197,Janenna,Ifill,jifill5g@sciencedirect.com,Female,1995,Mitsubishi,GTO,San Antonio,Texas,78255,US,29.6701,-98.6873,34203,Jenkins-Bednar,07/22/2022
198,Sabina,Millson,smillson5h@aboutads.info,Female,2003,Dodge,Ram Van 3500,Cumming,Georgia,30130,US,34.2216,-84.1537,88303,Quigley-Daniel,04/26/2025
199,Anselm,Curnow,acurnow5i@nih.gov,Male,1985,Pontiac,Grand Prix,San Antonio,Texas,78296,US,29.4375,-98.4616,52796,Legros-Bartell,11/03/2022
200,Marius,Barnfather,mbarnfather5j@mtv.com,Male,2006,BMW,M Roadster,San Jose,California,95150,US,37.3866,-121.897,87051,MacGyver and Sons,09/26/2025
201,Joeann,Lamplugh,jlamplugh5k@homestead.com,Female,1997,Land Rover,Defender 90,El Paso,Texas,79968,US,31.7705,-106.5048,83394,Armstrong-Legros,11/29/2024
202,Sumner,Haversum,shaversum5l@jalbum.net,Male,2006,Ferrari,F430 Spider,Phoenix,Arizona,85020,US,33.5623,-112.0559,76415,"Bechtelar, Skiles and Bruen",10/14/2022
203,Angele,Hatz,ahatz5m@vkontakte.ru,Female,1992,Mercury,Sable,Las Cruces,New Mexico,88006,US,32.3052,-106.7863,70359,"Price, Von and Gusikowski",09/26/2022
204,Ethelind,Toffolo,etoffolo5n@jimdo.com,Female,2013,BMW,X6,Wilmington,North Carolina,28410,US,34.0881,-77.8526,49891,Hegmann LLC,09/28/2025
205,Kaspar,Magne,kmagne5o@princeton.edu,Male,1991,Ford,Explorer,Boston,Massachusetts,02124,US,42.2868,-71.071,35249,O'Conner Inc,06/05/2023
206,Sherwin,Metschke,smetschke5p@google.ru,Male,2002,Chrysler,Prowler,Columbus,Georgia,31914,US,32.491,-84.8741,66118,Marks LLC,10/01/2024
207,Ricoriki,Burnham,rburnham5q@adobe.com,Male,2011,Ford,F350,New York City,New York,10131,US,40.7808,-73.9772,87574,"Morar, Dickens and Greenholt",10/20/2025
208,Otis,Manville,omanville5r@arizona.edu,Male,2011,Dodge,Avenger,Dallas,Texas,75241,US,32.6722,-96.7774,93928,Reynolds-Ondricka,10/18/2024
209,Bernardo,Oneil,boneil5s@blogs.com,Male,2001,Dodge,Ram Van 2500,Winston Salem,North Carolina,27157,US,36.0275,-80.2073,31991,"Klocko, Rogahn and Towne",06/27/2023
210,Angelico,Ortell,aortell5t@jalbum.net,Male,2012,Nissan,Leaf,Huntington,West Virginia,25711,US,38.4134,-82.2774,51269,Pagac Group,06/21/2023
211,Karyn,Feaviour,kfeaviour5u@odnoklassniki.ru,Female,2004,Pontiac,Montana,Sacramento,California,95865,US,38.596,-121.3978,83558,"Ziemann, Swift and Wolf",10/18/2024
212,Ana,Suckling,asuckling5v@bandcamp.com,Female,2010,Lexus,LX,Kansas City,Missouri,64144,US,39.2829,-94.409,56684,Littel Group,04/23/2022
213,Chevy,Copsey,ccopsey5w@ibm.com,Male,2009,Ford,Explorer,Columbia,South Carolina,29240,US,34.006,-80.9708,34344,"Kunde, Hand and Oberbrunner",12/01/2022
214,Gun,Skillett,gskillett5x@blogger.com,Male,2001,Dodge,Grand Caravan,Chicago,Illinois,60681,US,41.8119,-87.6873,39049,"Hammes, Quitzon and Streich",04/07/2022
215,Daniella,Hopkyns,dhopkyns5y@deviantart.com,Female,1999,Suzuki,Esteem,Dallas,Texas,75397,US,32.7673,-96.7776,77711,Pouros Inc,02/03/2024
216,Raquela,Hairsnape,rhairsnape5z@google.com,Female,2012,Mazda,Mazda3,Tulsa,Oklahoma,74141,US,36.1398,-96.0297,45201,Haley and Sons,09/25/2024
217,Alexandrina,Duncklee,aduncklee60@seattletimes.com,Female,1993,Dodge,Shadow,Minneapolis,Minnesota,55458,US,45.0159,-93.4719,39219,"Hodkiewicz, Dach and Runte",07/12/2024
218,Noelyn,Santen,nsanten61@narod.ru,Female,2007,Chevrolet,Malibu,Mount Vernon,New York,10557,US,41.119,-73.733,31829,Barton-Koepp,03/29/2025
219,Thurstan,Hammond,thammond62@sogou.com,Male,1995,Cadillac,Seville,Hampton,Virginia,23668,US,37.0206,-76.3377,77322,Kub-Donnelly,08/30/2024
220,Arlene,Bowkett,abowkett63@cnet.com,Female,2000,Lexus,LX,Denver,Colorado,80223,US,39.7002,-105.0028,49722,Walsh and Sons,05/31/2023
221,Deborah,Bertome,dbertome64@smh.com.au,Female,2002,Mazda,MPV,Shreveport,Louisiana,71161,US,32.6076,-93.7526,92621,"Douglas, Kris and Dach",10/30/2024
222,Riane,Hanretty,rhanretty65@pen.io,Female,1993,Honda,Accord,Johnstown,Pennsylvania,15906,US,40.3522,-78.9383,36645,Sawayn Group,12/03/2024
223,Korella,Rew,krew66@blogspot.com,Female,1992,Chevrolet,Beretta,Tampa,Florida,33605,US,27.9671,-82.4334,67215,Ziemann-Altenwerth,01/09/2024
224,Alejandra,Willicott,awillicott67@youtu.be,Female,2010,Audi,S5,Houston,Texas,77266,US,29.834,-95.4342,35655,Brekke-Franecki,10/18/2023
225,Catarina,Haggart,chaggart68@dropbox.com,Genderqueer,2003,Suzuki,Vitara,Henderson,Nevada,89012,US,36.0119,-115.0433,30501,"Lind, D'Amore and Cummerata",08/01/2024
226,Dulcy,Hewlings,dhewlings69@umich.edu,Female,2011,Kia,Sedona,Oklahoma City,Oklahoma,73197,US,35.5514,-97.4075,90596,"Flatley, O'Hara and Fadel",12/04/2025
227,Brunhilde,Tulloch,btulloch6a@unblog.fr,Female,1967,Volkswagen,Beetle,Saint Louis,Missouri,63116,US,38.5814,-90.2625,43594,Gleason-Rosenbaum,01/12/2025
228,Ainslie,Suggate,asuggate6b@wordpress.com,Female,2011,Maybach,57,Baltimore,Maryland,21239,US,39.361,-76.5891,97778,Hoeger LLC,08/30/2023
229,Michelina,Wimmer,mwimmer6c@ustream.tv,Female,1997,Volkswagen,rio,Scranton,Pennsylvania,18514,US,41.4019,-75.6376,73268,Robel-Goodwin,02/10/2023
230,Micheline,Dollen,mdollen6d@abc.net.au,Female,1997,GMC,Sonoma,Springfield,Illinois,62794,US,39.7495,-89.606,87454,Hand-Jaskolski,09/05/2025
231,Celesta,Pettican,cpettican6e@mapquest.com,Female,1993,Alfa Romeo,164,Pasadena,California,91131,US,33.7866,-118.2987,59839,Brekke-Hane,10/02/2025
232,Alain,Thormwell,athormwell6f@imageshack.us,Male,1997,Ford,Escort,Vancouver,Washington,98664,US,45.6231,-122.5767,58938,Schmitt-Hagenes,07/22/2025
233,Berkley,Peasegood,bpeasegood6g@zdnet.com,Male,1998,Chevrolet,Venture,Washington,District of Columbia,20051,US,38.8933,-77.0146,63868,"Wisozk, VonRueden and Hills",10/24/2025
234,Angelo,Scurry,ascurry6h@diigo.com,Male,2011,Jeep,Compass,Morgantown,West Virginia,26505,US,39.6505,-79.944,80225,Abshire-Gislason,08/17/2024
235,Rudiger,Placide,rplacide6i@amazon.de,Male,2002,Land Rover,Discovery,Richmond,Virginia,23237,US,37.4011,-77.4615,97159,"Barrows, Kihn and Koch",05/10/2024
236,Richmound,Augustine,raugustine6j@lulu.com,Male,2007,Bentley,Continental GT,Chicago,Illinois,60697,US,41.8119,-87.6873,63033,Cronin Inc,09/08/2023
237,Marilee,Moraleda,mmoraleda6k@pbs.org,Female,1995,Oldsmobile,Aurora,Chicago,Illinois,60630,US,41.9699,-87.7603,45091,Kuhic and Sons,03/08/2022
238,Jorie,Sallinger,jsallinger6l@whitehouse.gov,Female,1996,Cadillac,Fleetwood,Winston Salem,North Carolina,27157,US,36.0275,-80.2073,41382,"Anderson, Braun and O'Kon",10/23/2023
239,Jennie,Michal,jmichal6m@weebly.com,Genderqueer,2012,Audi,A8,Cincinnati,Ohio,45264,US,39.1668,-84.5382,68044,Harris-Tillman,10/26/2025
240,Guillermo,Hyndes,ghyndes6n@nsw.gov.au,Male,2012,Nissan,Maxima,Evansville,Indiana,47747,US,37.9971,-87.575,94804,"Strosin, Ward and Johnson",12/28/2022
241,Persis,MacGowing,pmacgowing6o@people.com.cn,Female,2011,Hyundai,Santa Fe,Los Angeles,California,90030,US,33.7866,-118.2987,83982,Satterfield LLC,04/01/2023
242,Deni,Beldum,dbeldum6p@europa.eu,Female,2003,Dodge,Viper,Pocatello,Idaho,83206,US,42.6395,-112.3138,51352,Beatty-Kihn,04/17/2022
243,Dex,Skein,dskein6q@tinypic.com,Male,2010,Volkswagen,Rabbit,Clearwater,Florida,34620,US,27.9139,-82.7157,37652,Waelchi-Pacocha,05/11/2025
244,Hadria,Haffenden,hhaffenden6r@walmart.com,Female,1986,Honda,Accord,New York City,New York,10090,US,40.7808,-73.9772,77017,Schulist Inc,08/02/2024
245,Evvie,Oxton,eoxton6s@nyu.edu,Female,2005,Subaru,Outback,Boulder,Colorado,80305,US,39.9807,-105.2531,65025,Rolfson LLC,10/13/2022
246,Justina,Filchagin,jfilchagin6t@washingtonpost.com,Polygender,1999,Subaru,Impreza,Milwaukee,Wisconsin,53234,US,43.0174,-87.5697,84092,"Mante, Yundt and Rodriguez",04/26/2023
247,Meyer,Killough,mkillough6u@google.it,Male,2010,Audi,A4,Columbia,South Carolina,29240,US,34.006,-80.9708,52116,Hagenes Inc,08/05/2023
248,Maryrose,Melding,mmelding6v@blogtalkradio.com,Female,2012,Chevrolet,Express 2500,Springfield,Massachusetts,01152,US,42.1707,-72.6048,95310,Herzog-Graham,09/10/2024
249,Adiana,Symonds,asymonds6w@biblegateway.com,Female,2001,Mercedes-Benz,S-Class,Lynchburg,Virginia,24503,US,37.4376,-79.205,56892,Streich-Romaguera,06/21/2024
250,Wilbur,Bartosik,wbartosik6x@eventbrite.com,Male,1999,Toyota,Tacoma Xtra,Austin,Texas,78721,US,30.2721,-97.6868,50199,"Boyle, Roberts and O'Hara",03/12/2023
251,Ephraim,Ridding,eridding6y@cdc.gov,Male,2007,Chevrolet,TrailBlazer,Chicago,Illinois,60669,US,41.8119,-87.6873,96270,Ziemann Inc,10/09/2024
252,Farley,Benbrick,fbenbrick6z@icq.com,Male,1993,Toyota,Previa,Anchorage,Alaska,99522,US,61.1089,-149.4403,47319,"Kub, Cormier and Simonis",04/11/2024
253,Wendeline,Addicote,waddicote70@list-manage.com,Polygender,2005,Ford,F250,Akron,Ohio,44315,US,41.028,-81.4632,30741,Schiller-Ruecker,10/26/2023
254,Jarrad,Luberti,jluberti71@ucoz.com,Male,2005,Honda,Odyssey,Jamaica,New York,11431,US,40.6869,-73.8501,65372,"Cruickshank, Hudson and Abshire",11/02/2025
255,Mylo,Butting,mbutting72@utexas.edu,Male,1999,Chevrolet,Express 3500,Scottsdale,Arizona,85271,US,33.2765,-112.1872,83497,Spinka-Hintz,04/29/2025
256,Venita,Peers,vpeers73@yelp.com,Female,1992,Mercedes-Benz,300SD,Oklahoma City,Oklahoma,73152,US,35.5514,-97.4075,36652,"Flatley, Fadel and Skiles",06/24/2022
257,Ive,MacRirie,imacririe74@google.com.au,Male,1999,Chevrolet,Blazer,Omaha,Nebraska,68117,US,41.2064,-95.9953,78626,Schultz and Sons,08/23/2025
258,Darcey,Feake,dfeake75@alibaba.com,Female,2008,Ford,Focus,Cincinnati,Ohio,45218,US,39.2663,-84.5221,31880,Wisozk Inc,01/11/2025
259,Brocky,Brellin,bbrellin76@sphinn.com,Male,1985,Chevrolet,Camaro,Lexington,Kentucky,40524,US,38.0283,-84.4715,63552,Becker LLC,10/25/2023
260,Ivette,Cahalan,icahalan77@mayoclinic.com,Female,1994,Mercury,Grand Marquis,Amarillo,Texas,79118,US,35.0763,-101.8349,88759,Howell and Sons,01/22/2026
261,Anneliese,Yeowell,ayeowell78@economist.com,Female,2010,Saab,9-5,Boston,Massachusetts,02203,US,42.3615,-71.0604,72650,Crist-Lockman,05/19/2023
262,Scott,Harling,sharling79@friendfeed.com,Male,2012,Land Rover,Range Rover Sport,Charlotte,North Carolina,28220,US,35.26,-80.8042,51776,Kunze-Hickle,02/08/2022
263,L;urette,Bruffell,lbruffell7a@miitbeian.gov.cn,Female,1999,Chevrolet,Malibu,Oklahoma City,Oklahoma,73142,US,35.599,-97.6251,49304,"Prohaska, Fisher and Welch",10/16/2023
264,Magdalene,Ubsdale,mubsdale7b@facebook.com,Female,2005,Lexus,IS,Charlotte,North Carolina,28215,US,35.244,-80.7387,69842,Gislason-Bergnaum,06/25/2025
265,Merilee,Churchouse,mchurchouse7c@homestead.com,Female,2005,Hyundai,Tiburon,Washington,District of Columbia,20535,US,38.8941,-77.0251,86152,Leannon-Stanton,03/15/2024
266,Gardy,Baskett,gbaskett7d@webs.com,Male,2000,BMW,Z8,Richmond,Virginia,23208,US,37.5593,-77.4471,86935,Cassin and Sons,04/14/2022
267,Laurene,Whitehurst,lwhitehurst7e@newsvine.com,Female,1992,Nissan,300ZX,Washington,District of Columbia,20436,US,38.8959,-77.0211,82563,Hickle-Rath,10/14/2024
268,Scotty,Bohman,sbohman7f@istockphoto.com,Male,2010,GMC,Savana,Las Cruces,New Mexico,88006,US,32.3052,-106.7863,98760,Macejkovic-Prohaska,11/19/2023
269,Freemon,Feldfisher,ffeldfisher7g@time.com,Male,1988,Mercedes-Benz,SL-Class,Champaign,Illinois,61825,US,40.1399,-88.1961,51807,Bechtelar and Sons,09/01/2025
270,Javier,Yushkov,jyushkov7h@sohu.com,Male,2008,Lincoln,Navigator,Jacksonville,Florida,32255,US,30.287,-81.3893,97419,Monahan-Koelpin,03/12/2022
271,Blake,Pavlitschek,bpavlitschek7i@sourceforge.net,Male,2007,Honda,Pilot,Lexington,Kentucky,40515,US,37.9651,-84.4708,62558,"Ward, Abshire and Hermann",01/29/2024
272,Waylen,McCaffery,wmccaffery7j@addtoany.com,Male,1986,Audi,Coupe GT,Augusta,Georgia,30919,US,33.386,-82.091,64104,"Predovic, Steuber and Schulist",05/04/2024
273,Jonell,Valentetti,jvalentetti7k@opensource.org,Genderqueer,2004,Volkswagen,Jetta,Lexington,Kentucky,40576,US,38.0283,-84.4715,33488,Considine-Kuvalis,08/26/2022
274,Aluin,Karolewski,akarolewski7l@psu.edu,Male,2000,Audi,A4,Knoxville,Tennessee,37924,US,36.032,-83.8021,51393,Cronin-Daniel,07/27/2023
275,Amabelle,O'Shiels,aoshiels7m@alibaba.com,Female,2007,Mitsubishi,Lancer,Memphis,Tennessee,38131,US,35.0664,-89.9921,52012,Ferry-Bode,01/01/2026
276,Brynn,Rizzello,brizzello7n@earthlink.net,Female,1999,Oldsmobile,Aurora,New York City,New York,10155,US,40.7611,-73.968,98752,Stanton-Fritsch,03/26/2023
277,Virgil,Morfield,vmorfield7o@webnode.com,Male,2002,Chevrolet,Tracker,Sacramento,California,94286,US,38.3774,-121.4444,68689,Schamberger-Wilkinson,08/25/2022
278,Fawn,Rowan,frowan7p@princeton.edu,Female,2002,Lincoln,Town Car,Houston,Texas,77080,US,29.8159,-95.523,82183,Koss-Anderson,03/01/2022
279,Renault,Utting,rutting7q@mediafire.com,Genderqueer,1993,Chevrolet,APV,Canton,Ohio,44710,US,40.7911,-81.4169,56979,"Predovic, Russel and Koss",12/06/2025
280,Kale,Livick,klivick7r@jiathis.com,Male,2002,Lexus,LS,Nashville,Tennessee,37240,US,36.1866,-86.7852,91896,Feeney Group,08/15/2025
281,Flem,McReidy,fmcreidy7s@jigsy.com,Male,2005,Mercedes-Benz,E-Class,Cleveland,Ohio,44125,US,41.4335,-81.6323,30473,"Nienow, Waters and Schiller",03/11/2022
282,Johann,Swindell,jswindell7t@moonfruit.com,Male,2003,Suzuki,XL-7,Baltimore,Maryland,21290,US,39.2933,-76.6238,52017,"Hickle, Douglas and West",09/29/2025
283,Terrie,Lanigan,tlanigan7u@state.gov,Female,2012,Mitsubishi,Lancer,San Jose,California,95128,US,37.3163,-121.9356,82414,"Reilly, Abshire and Orn",10/28/2024
284,Brodie,Oxby,boxby7v@theguardian.com,Polygender,2008,Ford,Ranger,San Antonio,Texas,78245,US,29.4189,-98.6895,63210,Wunsch and Sons,01/21/2025
285,Mort,Molloy,mmolloy7w@shutterfly.com,Male,2004,Acura,NSX,Atlanta,Georgia,30375,US,33.8444,-84.474,33143,Olson Inc,03/19/2023
286,Miran,Dyet,mdyet7x@rambler.ru,Female,1999,Chevrolet,3500,Pittsburgh,Pennsylvania,15205,US,40.4322,-80.1021,86920,Greenholt-Nicolas,08/19/2022
287,Eloisa,Hessentaler,ehessentaler7y@macromedia.com,Female,2013,Porsche,911,Spring,Texas,77386,US,30.1288,-95.4239,50887,Effertz-McCullough,06/03/2025
288,Chase,Douglas,cdouglas7z@moonfruit.com,Male,2009,Kia,Optima,Trenton,New Jersey,08603,US,40.2805,-74.712,39516,Emmerich and Sons,11/16/2025
289,Misty,Videler,mvideler80@smugmug.com,Female,2011,GMC,Savana,White Plains,New York,10606,US,41.0247,-73.7781,44472,Moore and Sons,09/02/2023
290,Morena,MacDearmid,mmacdearmid81@theatlantic.com,Female,1998,Acura,CL,Washington,District of Columbia,20557,US,38.8874,-77.0047,84755,Ebert and Sons,06/25/2024
291,Sergio,Rubury,srubury82@nasa.gov,Male,2010,Hummer,H3T,Denver,Colorado,80299,US,39.7388,-104.4083,51700,Boehm-Kohler,03/21/2024
292,Jasmine,de Quesne,jdequesne83@indiegogo.com,Female,1993,Mercedes-Benz,300SL,Pittsburgh,Pennsylvania,15215,US,40.5048,-79.9138,70177,Moen Group,07/05/2023
293,Hagan,Danilewicz,hdanilewicz84@indiegogo.com,Male,1988,Subaru,Justy,Sioux Falls,South Dakota,57105,US,43.524,-96.7341,95609,"Parisian, Adams and Hirthe",06/16/2023
294,Alberta,Meneux,ameneux85@tripadvisor.com,Female,2011,Buick,Regal,Dulles,Virginia,20189,US,39.009,-77.4422,80052,Towne Inc,10/04/2025
295,Morna,De Meis,mdemeis86@163.com,Female,1992,Acura,Vigor,Minneapolis,Minnesota,55446,US,45.04,-93.4865,53517,Reinger-Bogan,12/22/2023
296,Francklin,Antonik,fantonik87@ibm.com,Male,1984,Subaru,Brat,Denver,Colorado,80270,US,39.7388,-104.4083,90748,Brown LLC,05/30/2025
297,Melonie,Klemensiewicz,mklemensiewicz88@vk.com,Female,2010,Jeep,Patriot,Phoenix,Arizona,85067,US,33.2765,-112.1872,62290,Dooley Inc,03/21/2024
298,Algernon,Silby,asilby89@mac.com,Male,2005,Lexus,GX,Honolulu,Hawaii,96815,US,21.2811,-157.8266,88915,Olson-O'Keefe,01/07/2025
299,Coleman,Tettley,ctettley8a@cdbaby.com,Male,1999,GMC,2500,Fort Wayne,Indiana,46857,US,41.0938,-85.0707,75989,Quigley-Orn,10/17/2025
300,Gaven,Binnion,gbinnion8b@va.gov,Male,1992,Mercedes-Benz,500E,Winston Salem,North Carolina,27150,US,36.0275,-80.2073,63594,"Fadel, Bosco and Quigley",03/18/2022
301,Edy,McMinn,emcminn8c@cisco.com,Female,1989,Volkswagen,Cabriolet,Bronx,New York,10464,US,40.8469,-73.7874,95927,Treutel-Lueilwitz,10/14/2023
302,Hyacinthe,Petrosian,hpetrosian8d@wordpress.com,Female,2000,Infiniti,I,Topeka,Kansas,66622,US,39.0429,-95.7697,33808,"Jakubowski, Harvey and Klein",07/18/2025
303,Carita,Gott,cgott8e@mozilla.com,Female,1997,Toyota,Avalon,Washington,District of Columbia,20205,US,38.905,-77.0162,89996,Hartmann Group,12/24/2024
304,Nestor,Van den Bosch,nvandenbosch8f@adobe.com,Male,1996,Hyundai,Elantra,Baton Rouge,Louisiana,70894,US,30.5159,-91.0804,51983,"MacGyver, Altenwerth and Oberbrunner",09/27/2025
305,Alex,Rosedale,arosedale8g@npr.org,Male,1992,Mercedes-Benz,300E,Detroit,Michigan,48267,US,42.2399,-83.1508,73493,"Koelpin, Doyle and Willms",10/18/2024
306,Malorie,Cakes,mcakes8h@wikipedia.org,Female,2010,Mercedes-Benz,S-Class,New York City,New York,10160,US,40.7808,-73.9772,90464,"Grimes, Kohler and Rohan",09/03/2024
307,Korney,Hinkley,khinkley8i@reuters.com,Female,2011,Dodge,Avenger,Salt Lake City,Utah,84120,US,40.695,-112.0001,97690,"Halvorson, Windler and Turcotte",03/12/2024
308,Randene,Downie,rdownie8j@people.com.cn,Female,2011,Toyota,Matrix,Miami,Florida,33245,US,25.5584,-80.4582,37231,"Kreiger, Halvorson and Wolf",08/31/2024
309,Kelcy,Malim,kmalim8k@google.pl,Female,1990,Lamborghini,Countach,Tucson,Arizona,85737,US,32.4142,-110.9466,63186,Johnson-Larson,11/29/2025
310,Marie-jeanne,Wallentin,mwallentin8l@zdnet.com,Female,2006,Suzuki,Grand Vitara,New Orleans,Louisiana,70116,US,29.9686,-90.0646,94643,"Runolfsdottir, Gulgowski and Abbott",12/18/2023
311,Jany,Arangy,jarangy8m@usda.gov,Female,1994,Dodge,Ram Wagon B250,Bakersfield,California,93399,US,35.4369,-119.0679,95377,Bailey Inc,02/20/2022
312,Silvano,Mendoza,smendoza8n@ft.com,Male,2004,Audi,A8,Houston,Texas,77095,US,29.8941,-95.6481,65137,Turcotte Group,08/19/2025
313,Donaugh,Mackleden,dmackleden8o@slideshare.net,Male,1998,Toyota,Supra,New Brunswick,New Jersey,08922,US,40.43,-74.4173,47310,McGlynn-Bechtelar,05/21/2024
314,Boothe,Janiszewski,bjaniszewski8p@state.gov,Male,2011,Ford,Focus,Baton Rouge,Louisiana,70815,US,30.4558,-91.0596,67313,Gusikowski Group,03/18/2023
315,Hewie,Henstone,hhenstone8q@usda.gov,Male,2004,Mercedes-Benz,CLK-Class,North Hollywood,California,91606,US,34.1872,-118.3865,44489,Reynolds and Sons,05/03/2024
316,Byron,Armatys,barmatys8r@mtv.com,Male,1996,Ford,Taurus,Fresno,California,93721,US,36.7377,-119.7843,39858,Feeney and Sons,07/22/2025
317,Drake,Freckelton,dfreckelton8s@noaa.gov,Male,1998,Nissan,Maxima,Trenton,New Jersey,08603,US,40.2805,-74.712,93325,Vandervort-Hegmann,03/27/2022
318,Ken,Atkinson,katkinson8t@patch.com,Male,2001,Mazda,B-Series Plus,Moreno Valley,California,92555,US,33.9377,-117.1851,93874,Abbott-Morar,10/07/2025
319,Fae,Burgher,fburgher8u@phoca.cz,Female,2001,Buick,LeSabre,New Haven,Connecticut,06533,US,41.3657,-72.9275,88411,Mosciski-Dare,02/10/2022
320,Devonne,Mueller,dmueller8v@devhub.com,Female,2008,Pontiac,G5,Houston,Texas,77206,US,29.834,-95.4342,37457,"Becker, Hintz and Mueller",12/13/2024
321,Diane,Dellatorre,ddellatorre8w@japanpost.jp,Female,2009,Nissan,Murano,Saginaw,Michigan,48604,US,43.4732,-83.9514,95913,"Ledner, O'Kon and Christiansen",07/28/2024
322,Rudd,Colloff,rcolloff8x@mtv.com,Male,1991,Buick,Regal,Winston Salem,North Carolina,27110,US,36.0275,-80.2073,45644,Lang-Daniel,09/21/2025
323,Anthia,Sales,asales8y@symantec.com,Genderqueer,1954,Chevrolet,Corvette,Birmingham,Alabama,35254,US,33.5446,-86.9292,94370,Brakus-Robel,04/21/2023
324,Myca,Harkess,mharkess8z@newsvine.com,Male,1999,GMC,Sonoma,Atlanta,Georgia,31165,US,33.7629,-84.4226,95277,Smitham-Rosenbaum,11/26/2024
325,Leoine,Murrish,lmurrish90@globo.com,Female,2012,Chevrolet,Tahoe,White Plains,New York,10633,US,41.119,-73.733,70253,"Abernathy, Ankunding and Windler",11/30/2023
326,Malynda,Wharby,mwharby91@pagesperso-orange.fr,Female,2009,Ford,E150,Odessa,Texas,79769,US,31.7466,-102.567,61588,Barrows and Sons,08/15/2022
327,Nevile,Gore,ngore92@zdnet.com,Polygender,1984,Mercedes-Benz,E-Class,Washington,District of Columbia,20503,US,38.9007,-77.0431,71751,O'Reilly LLC,08/18/2025
328,Nady,D'Oyley,ndoyley93@joomla.org,Female,2000,Kia,Sportage,Cambridge,Massachusetts,02142,US,42.362,-71.083,39691,Rice Inc,01/07/2025
329,Selia,Ballinger,sballinger94@nature.com,Female,1990,Volkswagen,Passat,Greensboro,North Carolina,27499,US,36.0807,-80.0244,32669,Konopelski-Corwin,01/03/2025
330,Vinnie,McGillivray,vmcgillivray95@ucsd.edu,Male,2010,Saab,9-3,Salt Lake City,Utah,84125,US,40.6681,-111.9083,56691,"Little, O'Hara and Fisher",07/17/2022
331,Latisha,Dagworthy,ldagworthy96@posterous.com,Female,1998,Dodge,Ram Van 1500,Des Moines,Iowa,50330,US,41.6727,-93.5722,50725,"King, Hand and Zemlak",07/13/2024
332,Charmane,Goodswen,cgoodswen97@dell.com,Female,1998,Toyota,Avalon,Ann Arbor,Michigan,48107,US,42.2535,-83.8366,64255,Gleichner LLC,09/26/2025
333,Tyne,Mays,tmays98@i2i.jp,Female,2004,Suzuki,Daewoo Lacetti,Corpus Christi,Texas,78426,US,27.777,-97.4632,78558,"Bradtke, Harber and Bashirian",12/19/2025
334,Aida,Longina,alongina99@paginegialle.it,Female,2010,Lamborghini,Gallardo,Albany,New York,12232,US,42.6149,-73.9708,59428,Rath Inc,04/10/2022
335,Stephan,Kruschov,skruschov9a@ibm.com,Male,1995,Lexus,ES,Atlanta,Georgia,30351,US,33.8444,-84.474,48470,Kovacek and Sons,10/08/2023
336,Yorker,McGavigan,ymcgavigan9b@photobucket.com,Male,2006,Pontiac,Grand Prix,Buffalo,New York,14233,US,42.7684,-78.8871,92553,"Reilly, Ebert and Schroeder",05/23/2023
337,Dana,Ricards,dricards9c@unicef.org,Male,1993,Mazda,Protege,Monticello,Minnesota,55590,US,45.2009,-93.8881,84254,"Weissnat, Langworth and Gulgowski",04/20/2022
338,Odessa,Hustler,ohustler9d@mit.edu,Female,1999,Dodge,Grand Caravan,Pittsburgh,Pennsylvania,15240,US,40.4344,-80.0248,81585,Marvin Group,12/15/2024
339,Boote,Mepsted,bmepsted9e@dedecms.com,Male,2007,Toyota,Camry,Hampton,Virginia,23668,US,37.0206,-76.3377,71190,"Emmerich, Daniel and D'Amore",01/02/2024
340,Noell,Cantua,ncantua9f@usatoday.com,Genderfluid,1999,Mitsubishi,Galant,Prescott,Arizona,86305,US,34.8185,-112.9584,30938,"Labadie, Bogan and Mueller",05/04/2023
341,Lisle,Pennigar,lpennigar9g@about.com,Male,2004,GMC,Savana 2500,Saint Petersburg,Florida,33710,US,27.7898,-82.7243,31684,Macejkovic-Ziemann,04/12/2025
342,Shayna,Rechert,srechert9h@youku.com,Female,2011,Audi,R8,Glendale,Arizona,85311,US,33.2765,-112.1872,82178,Mayer-Nitzsche,04/28/2025
343,Gwen,Hallen,ghallen9i@smugmug.com,Female,1996,Pontiac,Grand Am,Saint Louis,Missouri,63136,US,38.7196,-90.27,42970,Kunze and Sons,11/18/2023
344,Sayers,Winder,swinder9j@elegantthemes.com,Male,1985,Ford,Bronco,Waco,Texas,76796,US,31.5915,-97.0823,65935,Leffler LLC,05/29/2022
345,Agathe,Erickson,aerickson9k@fema.gov,Female,1994,Hyundai,Excel,Las Vegas,Nevada,89115,US,36.2158,-115.0671,78617,Reilly Group,01/14/2023
346,Tadio,Babb,tbabb9l@4shared.com,Male,1998,Chevrolet,Tahoe,Denver,Colorado,80243,US,39.7388,-104.4083,47832,Rohan and Sons,09/12/2023
347,Sammie,Bullingham,sbullingham9m@artisteer.com,Male,2003,Kia,Sedona,Little Rock,Arkansas,72222,US,34.7519,-92.3925,30031,"Walker, Klein and Bradtke",07/14/2025
348,Jervis,Mougin,jmougin9n@ovh.net,Male,2001,Chrysler,LHS,Anchorage,Alaska,99512,US,61.204,-149.8084,73968,Bergstrom-Gerhold,11/26/2024
349,Kass,Ashburne,kashburne9o@tinypic.com,Female,2010,Chevrolet,HHR,Orlando,Florida,32803,US,28.5559,-81.3535,95014,Johnson and Sons,04/19/2024
350,Ezra,Fulton,efulton9p@hugedomains.com,Male,1998,Mazda,B-Series Plus,New Haven,Connecticut,06510,US,41.3087,-72.9271,38300,Dickens-Bashirian,06/15/2023
351,Rourke,Gidney,rgidney9q@amazon.de,Male,1968,Pontiac,Firebird,Utica,New York,13505,US,43.0872,-75.2603,31329,"Zieme, Greenfelder and Adams",09/04/2024
352,Abba,Steynor,asteynor9r@adobe.com,Genderfluid,1998,Mitsubishi,Montero Sport,Washington,District of Columbia,20238,US,38.8933,-77.0146,62941,Koelpin LLC,05/07/2022
353,Tannie,Accombe,taccombe9s@shop-pro.jp,Male,1998,Infiniti,Q,Sparks,Nevada,89436,US,39.6269,-119.7081,63297,Schmeler Inc,10/13/2024
354,Amalle,Yakebowitch,ayakebowitch9t@ucoz.ru,Agender,2008,Jaguar,XJ,New York City,New York,10090,US,40.7808,-73.9772,39589,Abshire-Fisher,11/21/2022
355,Sephira,Merrigans,smerrigans9u@china.com.cn,Female,1991,Lotus,Esprit,Pittsburgh,Pennsylvania,15279,US,40.4344,-80.0248,44187,"Johnson, Watsica and Mueller",09/20/2022
356,Holli,Goldhawk,hgoldhawk9v@domainmarket.com,Bigender,2004,Suzuki,Grand Vitara,Pittsburgh,Pennsylvania,15225,US,40.5051,-80.1155,83887,Turcotte-Mertz,11/12/2024
357,Maddalena,Lemary,mlemary9w@narod.ru,Female,1987,Pontiac,6000,Jacksonville,Florida,32230,US,30.3449,-81.6831,77095,"Schowalter, Smitham and Labadie",07/29/2024
358,Christan,Stripp,cstripp9x@mozilla.org,Female,1998,Mitsubishi,Pajero,Garden Grove,California,92645,US,33.783,-118.0256,89853,Bechtelar Group,06/09/2024
359,Ignacius,Tew,itew9y@forbes.com,Male,1998,Suzuki,Esteem,Salinas,California,93907,US,36.7563,-121.6703,80725,Goodwin LLC,02/02/2023
360,Edna,Richard,erichard9z@amazon.co.jp,Female,2010,Aston Martin,V8 Vantage,Nashville,Tennessee,37228,US,36.1901,-86.8053,83437,"Kerluke, Spencer and Fay",01/17/2026
361,Arlena,Ruscoe,aruscoea0@apple.com,Female,1998,Suzuki,Swift,Omaha,Nebraska,68164,US,41.2955,-96.1008,30042,Little Group,05/24/2023
362,Goldi,Bridgens,gbridgensa1@narod.ru,Female,1989,Ford,Tempo,Champaign,Illinois,61825,US,40.1399,-88.1961,42628,Dicki-Stanton,11/27/2023
363,Garrik,Spaight,gspaighta2@dyndns.org,Male,2000,GMC,Yukon XL 1500,Washington,District of Columbia,20503,US,38.9007,-77.0431,87345,Gusikowski LLC,06/27/2024
364,Vito,Juszczak,vjuszczaka3@harvard.edu,Male,1994,Dodge,Shadow,Toledo,Ohio,43615,US,41.6492,-83.6706,44609,Weimann Group,05/07/2025
365,Letisha,Troak,ltroaka4@va.gov,Female,1992,GMC,Vandura 2500,Louisville,Kentucky,40250,US,38.189,-85.6768,79274,Wolf and Sons,07/08/2025
366,Kelley,Basler,kbaslera5@amazon.co.uk,Male,2005,Chevrolet,Monte Carlo,Fairfield,Connecticut,06825,US,41.1928,-73.2402,91071,"Heidenreich, Hansen and Farrell",04/17/2023
367,Darcie,McPeake,dmcpeakea6@t.co,Female,1986,Lincoln,Continental Mark VII,Washington,District of Columbia,20575,US,38.8933,-77.0146,98622,Baumbach-Wisoky,05/25/2024
368,Phillipe,Loughman,ploughmana7@webeden.co.uk,Male,2011,Toyota,RAV4,Monticello,Minnesota,55585,US,45.2009,-93.8881,43426,Effertz-Stark,12/09/2022
369,Calvin,Autrie,cautriea8@dyndns.org,Male,1965,Pontiac,Bonneville,Staten Island,New York,10305,US,40.5973,-74.0768,49354,"Rodriguez, Feeney and Reichert",01/13/2025
370,Leonidas,Naulty,lnaultya9@wordpress.com,Male,1998,Dodge,Caravan,Gainesville,Georgia,30506,US,34.3562,-83.8882,67241,Friesen-Watsica,10/24/2022
371,Loretta,Tirrell,ltirrellaa@boston.com,Female,2009,Acura,RDX,Jefferson City,Missouri,65105,US,38.5309,-92.2493,70867,Gutmann-Hackett,09/24/2024
372,Reeva,Cantor,rcantorab@stumbleupon.com,Female,2010,Audi,A6,Richmond,Virginia,23285,US,37.5242,-77.4932,55505,"Ritchie, Waelchi and Towne",03/09/2022
373,Anselma,Storm,astormac@theguardian.com,Female,2011,Mercedes-Benz,C-Class,Miami,Florida,33124,US,25.5584,-80.4582,70551,"Homenick, Kertzmann and Sawayn",10/13/2025
374,Gan,Jiracek,gjiracekad@vkontakte.ru,Male,2008,Bentley,Continental Flying Spur,Las Vegas,Nevada,89155,US,35.9279,-114.9721,35166,"Crooks, Wiza and Schuppe",04/29/2024
375,Sarita,Blackaby,sblackabyae@topsy.com,Female,1986,Mitsubishi,Mirage,Des Moines,Iowa,50369,US,41.6727,-93.5722,50324,Fisher-Beatty,03/31/2024
376,Yule,Filipczak,yfilipczakaf@narod.ru,Male,2005,Volkswagen,Golf,Corpus Christi,Texas,78415,US,27.7262,-97.4078,46247,"Prohaska, Wuckert and Durgan",03/16/2023
377,Ellissa,Passfield,epassfieldag@diigo.com,Female,2012,Mazda,MX-5,Austin,Texas,78749,US,30.2166,-97.8508,99687,Yundt-Ondricka,08/15/2023
378,Jilleen,Skough,jskoughah@barnesandnoble.com,Non-binary,2002,Chrysler,PT Cruiser,Elizabeth,New Jersey,07208,US,40.6747,-74.2239,65102,Bashirian Group,10/25/2024
379,Philippe,Isaaksohn,pisaaksohnai@webnode.com,Female,1999,Lexus,ES,Peoria,Arizona,85383,US,33.7169,-112.238,75047,Ferry-Dickens,12/08/2022
380,Allx,Ivie,aivieaj@unicef.org,Female,1996,Mitsubishi,Expo LRV,Seattle,Washington,98175,US,47.7161,-122.3004,89351,Wiegand-Balistreri,08/10/2023
381,Nicole,Brinson,nbrinsonak@spotify.com,Female,2006,Dodge,Ram 2500,Portland,Oregon,97296,US,45.5806,-122.3748,93624,Bailey-Murray,07/03/2025
382,Rakel,Gainseford,rgainsefordal@seattletimes.com,Female,2013,Lexus,RX,Hayward,California,94544,US,37.6374,-122.067,89201,"Ferry, Lueilwitz and Nader",01/06/2026
383,Aleece,Helin,ahelinam@bloomberg.com,Female,2006,Chrysler,Pacifica,Austin,Texas,78744,US,30.1876,-97.7472,81390,Fay-Heller,07/16/2023
384,Abbie,Cowen,acowenan@bloglines.com,Male,2012,Subaru,Forester,Baton Rouge,Louisiana,70894,US,30.5159,-91.0804,61418,Deckow-Corwin,07/12/2024
385,Kimball,Tuer,ktuerao@symantec.com,Male,1993,Mercedes-Benz,400SEL,Phoenix,Arizona,85015,US,33.5082,-112.1011,44902,"Bahringer, Kozey and Spinka",05/17/2025
386,Phillipp,Python,ppythonap@guardian.co.uk,Male,2011,Mazda,Mazda6,Seminole,Florida,34642,US,27.8444,-82.7963,54093,Will and Sons,07/26/2023
387,Simeon,Hegarty,shegartyaq@comsenz.com,Male,2002,Pontiac,Bonneville,Amarillo,Texas,79105,US,35.4015,-101.8951,87572,"Kassulke, Kuvalis and Hagenes",07/26/2025
388,Aili,Chatelain,achatelainar@i2i.jp,Female,1995,Cadillac,Eldorado,Washington,District of Columbia,20005,US,38.9067,-77.0312,91167,"Kautzer, Ledner and D'Amore",08/25/2025
389,Shaun,Darby,sdarbyas@qq.com,Male,2011,Ford,E250,Jacksonville,Florida,32209,US,30.3584,-81.692,50400,Bernier-Hackett,10/10/2024
390,Caprice,Chesman,cchesmanat@wix.com,Female,2008,Lincoln,Navigator,Columbia,Missouri,65211,US,38.9033,-92.1022,50202,Denesik-Kuhic,05/18/2022
391,Kizzie,Klein,kkleinau@pen.io,Female,2000,Lexus,ES,Chicago,Illinois,60636,US,41.776,-87.6674,81717,Thiel Group,02/14/2024
392,Kristyn,Saich,ksaichav@storify.com,Non-binary,2006,Mercury,Milan,Atlanta,Georgia,31119,US,33.8913,-84.0746,97771,Conn and Sons,05/30/2024
393,Selinda,Gracewood,sgracewoodaw@cnn.com,Female,1989,Honda,Civic,Richmond,Virginia,23293,US,37.5242,-77.4932,35987,Champlin-Lubowitz,09/02/2022
394,Curt,Rosenqvist,crosenqvistax@xing.com,Male,1985,Lincoln,Continental Mark VII,San Francisco,California,94105,US,37.7864,-122.3892,54072,"Medhurst, Dare and Willms",12/27/2023
395,Terry,Hartlebury,thartleburyay@scientificamerican.com,Female,2003,Ford,E-Series,Sacramento,California,95818,US,38.5568,-121.4929,52333,"McGlynn, Lockman and Powlowski",07/03/2022
396,Mickey,Brammall,mbrammallaz@senate.gov,Male,1996,Chrysler,New Yorker,Louisville,Kentucky,40256,US,38.189,-85.6768,47176,"Huel, Williamson and Hodkiewicz",09/26/2024
397,Isadora,Murrhardt,imurrhardtb0@cmu.edu,Female,2003,Dodge,Intrepid,Durham,North Carolina,27717,US,36.0512,-78.8577,33501,Hamill-Kozey,12/03/2022
398,Shaylynn,Buney,sbuneyb1@twitter.com,Female,1984,Audi,5000S,Topeka,Kansas,66642,US,39.0429,-95.7697,39720,O'Connell-Kuphal,07/03/2022
399,Immanuel,Kendall,ikendallb2@altervista.org,Male,2008,Isuzu,i-290,Gulfport,Mississippi,39505,US,30.4158,-89.0684,52204,Quitzon-Bosco,09/11/2023
400,Micky,Charsley,mcharsleyb3@sbwire.com,Female,1963,Chevrolet,Corvair 500,Mountain View,California,94042,US,37.1894,-121.7053,69295,"Becker, Kuhn and Howe",11/21/2023
401,Quillan,Ferrario,qferrariob4@mail.ru,Male,2007,Hummer,H3,Brooklyn,New York,11215,US,40.6669,-73.9828,41061,"Dach, Bradtke and Adams",11/22/2023
402,Blinny,Grewcock,bgrewcockb5@state.tx.us,Female,2009,Chevrolet,Suburban,San Antonio,Texas,78225,US,29.3875,-98.5245,88729,Lesch-Blanda,05/12/2023
403,Fee,Shoebrook,fshoebrookb6@stumbleupon.com,Male,2003,GMC,Safari,Roanoke,Virginia,24048,US,37.2742,-79.9579,93652,Gottlieb LLC,08/20/2025
404,Putnem,Savins,psavinsb7@quantcast.com,Male,2009,GMC,Sierra 2500,Boynton Beach,Florida,33436,US,26.5354,-80.1124,85337,Ferry and Sons,01/18/2023
405,Joly,Romain,jromainb8@ibm.com,Female,1992,GMC,Rally Wagon 3500,Honolulu,Hawaii,96840,US,21.3068,-157.8607,53230,Dietrich-Heathcote,06/03/2024
406,Nikoletta,Fiddiman,nfiddimanb9@behance.net,Female,1995,GMC,Sonoma Club Coupe,Fargo,North Dakota,58106,US,46.9346,-97.2297,93621,"Stokes, Kub and Murray",09/01/2024
407,Shanda,Andersch,sanderschba@princeton.edu,Non-binary,2012,GMC,Yukon,Temple,Texas,76505,US,31.0363,-97.492,41019,Gutkowski LLC,09/07/2024
408,Frederica,Merkle,fmerklebb@ucsd.edu,Female,2002,Mitsubishi,Montero,Indianapolis,Indiana,46202,US,39.7851,-86.1595,55645,"Cole, Fritsch and Tremblay",06/02/2022
409,Jany,Beeckx,jbeeckxbc@google.com.br,Genderfluid,2007,Mazda,Mazda6,Brockton,Massachusetts,02305,US,41.9705,-70.7014,47055,Runolfsson-Herzog,01/23/2023
410,Sianna,Crole,scrolebd@github.com,Female,1988,Ford,Bronco,Largo,Florida,34643,US,27.881,-82.7619,56736,"Larkin, Lindgren and Schumm",06/16/2024
411,Sarah,Durrance,sdurrancebe@shareasale.com,Female,1995,Geo,Tracker,North Little Rock,Arkansas,72118,US,34.8337,-92.3289,94940,Schneider-O'Keefe,04/11/2024
412,Chelsea,Wainman,cwainmanbf@phpbb.com,Female,2007,Kia,Sorento,Albany,New York,12227,US,42.6149,-73.9708,50611,"Kling, Zieme and Goyette",08/12/2022
413,Karee,Kliche,kklichebg@creativecommons.org,Female,1993,GMC,Sonoma,Corpus Christi,Texas,78465,US,27.777,-97.4632,45167,Von Group,02/02/2025
414,Mead,Fortnam,mfortnambh@freewebs.com,Male,1997,Chrysler,Cirrus,San Antonio,Texas,78291,US,29.4375,-98.4616,48488,"Treutel, Aufderhar and Balistreri",09/20/2025
415,Otes,Stuttman,ostuttmanbi@xing.com,Male,2002,Pontiac,Sunfire,Punta Gorda,Florida,33982,US,26.9668,-81.9545,62674,Friesen-Windler,05/28/2022
416,Jefferson,Packington,jpackingtonbj@ucsd.edu,Male,2011,Ford,F250,Erie,Pennsylvania,16565,US,42.1827,-80.0649,85230,Bartoletti Inc,10/08/2024
417,Noel,Mahoney,nmahoneybk@etsy.com,Male,2010,BMW,X6,Seattle,Washington,98148,US,47.4441,-122.3249,69004,Fadel and Sons,09/17/2025
418,Dell,Bodham,dbodhambl@friendfeed.com,Male,2008,Mazda,Mazda3,Las Vegas,Nevada,89166,US,36.3265,-115.3398,55834,"Casper, Lemke and Farrell",03/12/2025
419,Baillie,Ruddlesden,bruddlesdenbm@pagesperso-orange.fr,Male,2007,GMC,Savana 1500,Columbia,Missouri,65218,US,38.9033,-92.1022,75897,"Erdman, Borer and Heathcote",10/15/2024
420,Graig,Cumpsty,gcumpstybn@theguardian.com,Male,1980,Chevrolet,Citation,Jacksonville,Florida,32230,US,30.3449,-81.6831,48899,Corwin-Brown,06/18/2022
421,Mehetabel,Lortzing,mlortzingbo@nasa.gov,Female,2008,MINI,Clubman,Bloomington,Illinois,61709,US,40.4614,-88.953,93994,"Johnston, Bechtelar and Schultz",08/02/2022
422,Trace,Tattoo,ttattoobp@liveinternet.ru,Male,2011,Dodge,Durango,Detroit,Michigan,48242,US,42.2166,-83.3532,94589,"Grimes, Murazik and Schneider",06/16/2024
423,Flory,Dunkerly,fdunkerlybq@bloglovin.com,Male,1993,GMC,3500 Club Coupe,Wilkes Barre,Pennsylvania,18768,US,41.2722,-75.8801,83280,Wilkinson-Schinner,04/16/2023
424,Angele,Rodders,aroddersbr@sciencedirect.com,Female,2004,Ford,Freestar,El Paso,Texas,79999,US,31.6948,-106.3,75156,Kling Group,11/16/2023
425,Amerigo,Terrazzo,aterrazzobs@mapquest.com,Male,1994,Nissan,Pathfinder,Newport News,Virginia,23612,US,37.1959,-76.5248,63062,Terry-Bogan,06/22/2023
426,Yankee,Bamb,ybambbt@unesco.org,Male,2004,Lexus,LX,Baton Rouge,Louisiana,70810,US,30.3633,-91.0919,39415,McLaughlin Group,01/19/2025
427,Sherman,Spilling,sspillingbu@ning.com,Male,2007,Toyota,Corolla,Seattle,Washington,98104,US,47.6036,-122.3256,34038,Connelly-Jacobi,06/15/2024
428,Cheslie,Jamary,cjamarybv@msn.com,Female,1986,Volkswagen,Type 2,Pasadena,California,91117,US,33.7866,-118.2987,91776,Fay-Hackett,06/22/2022
429,Consalve,Haselhurst,chaselhurstbw@epa.gov,Male,1992,Ford,E-Series,Miami,Florida,33153,US,25.8655,-80.1936,50179,Heaney-Johnson,11/08/2023
430,Irena,Ridsdale,iridsdalebx@fc2.com,Female,2012,Lotus,Evora,Oklahoma City,Oklahoma,73129,US,35.4312,-97.4913,58739,Heaney-Sporer,02/06/2024
431,Toby,Wiggins,twigginsby@ucla.edu,Female,1996,Mitsubishi,Chariot,Evansville,Indiana,47737,US,37.9971,-87.575,43376,Mills-Murray,08/28/2022
432,Gery,Sudddard,gsudddardbz@foxnews.com,Male,2010,Toyota,Tundra,Fredericksburg,Virginia,22405,US,38.3365,-77.4366,74428,Russel-Kunze,08/21/2025
433,Francisco,Crinkley,fcrinkleyc0@feedburner.com,Male,2005,Lexus,LS,Louisville,Kentucky,40220,US,38.2149,-85.6245,91742,Doyle Group,11/26/2024
434,Jone,Cowup,jcowupc1@chicagotribune.com,Male,2004,Saturn,VUE,Atlanta,Georgia,31119,US,33.8913,-84.0746,48989,"Reinger, Wilderman and Kertzmann",07/31/2024
435,Robert,Gettins,rgettinsc2@about.me,Male,2006,Nissan,Armada,Elizabeth,New Jersey,07208,US,40.6747,-74.2239,96625,Effertz Inc,10/30/2025
436,Javier,Maurice,jmauricec3@businessinsider.com,Male,1993,Porsche,911,Portland,Oregon,97201,US,45.5078,-122.6897,30796,"Cummerata, Donnelly and Kreiger",07/26/2025
437,Antoinette,O'Kuddyhy,aokuddyhyc4@t.co,Female,1997,Volkswagen,Golf,Seattle,Washington,98148,US,47.4441,-122.3249,96945,Conroy LLC,05/31/2025
438,Brunhilda,Arington,baringtonc5@weebly.com,Female,2000,Nissan,Xterra,Louisville,Kentucky,40256,US,38.189,-85.6768,79786,Kuhlman-Glover,06/22/2023
439,Bobette,Wyatt,bwyattc6@geocities.jp,Female,1996,Ford,Thunderbird,Charlotte,North Carolina,28205,US,35.22,-80.7881,89589,Bechtelar-Aufderhar,06/23/2024
440,Felipe,Howells,fhowellsc7@cnet.com,Male,2002,Volkswagen,Passat,Wilmington,Delaware,19892,US,39.5645,-75.597,72930,Ankunding-Leffler,04/08/2022
441,Ashton,Vowles,avowlesc8@sourceforge.net,Male,2007,BMW,M6,Tulsa,Oklahoma,74184,US,36.1398,-96.0297,64105,Bayer-Volkman,10/25/2024
442,Mordy,Crickmer,mcrickmerc9@kickstarter.com,Male,2002,GMC,Savana 2500,Portland,Oregon,97201,US,45.5078,-122.6897,47161,Corwin LLC,11/26/2022
443,Lotty,Dirkin,ldirkinca@berkeley.edu,Female,2008,Ford,Taurus X,Vero Beach,Florida,32964,US,27.709,-80.5726,85857,"Schmitt, Johnston and Schamberger",12/22/2025
444,Susy,De la Perrelle,sdelaperrellecb@economist.com,Female,1997,Ford,Econoline E150,Savannah,Georgia,31416,US,32.0053,-81.0477,64092,Ernser-Dare,01/26/2024
445,Kaja,Rudall,krudallcc@fc2.com,Female,2006,Jaguar,XK,Houston,Texas,77228,US,29.834,-95.4342,98765,Spinka Inc,06/23/2022
446,Tedda,Gerasch,tgeraschcd@redcross.org,Female,2003,Audi,TT,Saint Louis,Missouri,63158,US,38.6531,-90.2435,62279,Mayer-Johns,06/18/2023
447,Teodoro,Pritchett,tpritchettce@nbcnews.com,Male,1979,Chevrolet,Camaro,Buffalo,New York,14220,US,42.8441,-78.8182,62524,"Kiehn, Herman and Koepp",07/17/2022
448,Royal,Wimpenny,rwimpennycf@phpbb.com,Male,1990,Ford,Bronco II,Detroit,Michigan,48267,US,42.2399,-83.1508,97030,Tromp-Rolfson,09/07/2025
449,Tally,Schole,tscholecg@china.com.cn,Male,2006,Mercedes-Benz,C-Class,Lexington,Kentucky,40524,US,38.0283,-84.4715,95820,Durgan-Breitenberg,09/23/2024
450,Heinrick,Costley,hcostleych@go.com,Male,2001,Hyundai,Elantra,Las Vegas,Nevada,89166,US,36.3265,-115.3398,53175,Nader LLC,10/29/2023
451,Christin,Stealy,cstealyci@loc.gov,Female,2001,Nissan,Xterra,Elmira,New York,14905,US,42.0869,-76.8397,64285,Hartmann LLC,11/20/2024
452,Tudor,Baptist,tbaptistcj@google.es,Non-binary,2010,Ford,F450,Tacoma,Washington,98424,US,47.2325,-122.3594,93211,Vandervort Inc,01/24/2026
453,Bryce,Cuddihy,bcuddihyck@sourceforge.net,Male,1995,Ford,Econoline E250,Trenton,New Jersey,08650,US,40.2805,-74.712,87440,Bogisich LLC,11/17/2023
454,Bobbi,Lent,blentcl@blog.com,Genderfluid,2004,Mazda,MX-5,San Jose,California,95128,US,37.3163,-121.9356,48132,Cartwright LLC,05/26/2022
455,Laetitia,Creffeild,lcreffeildcm@youtube.com,Female,1989,Mercury,Topaz,Manassas,Virginia,22111,US,38.7202,-77.4391,86302,O'Reilly-Klocko,05/21/2024
456,Liana,Britcher,lbritchercn@unblog.fr,Female,2002,Hyundai,Sonata,Buffalo,New York,14263,US,42.7684,-78.8871,56907,Nader LLC,04/10/2025
457,Casi,Helliwell,chelliwellco@tamu.edu,Female,1994,Lotus,Esprit,Fullerton,California,92640,US,33.7862,-117.9309,54029,"Hansen, Hyatt and Moore",08/17/2025
458,Valentina,Gleasane,vgleasanecp@ft.com,Female,2002,Mitsubishi,Galant,Washington,District of Columbia,20525,US,38.8933,-77.0146,34178,Kilback LLC,04/05/2023
459,Steffi,Burder,sburdercq@freewebs.com,Female,1993,Oldsmobile,98,Phoenix,Arizona,85077,US,33.2765,-112.1872,57326,Howe-Bednar,04/24/2025
460,Bobinette,Jauncey,bjaunceycr@cloudflare.com,Female,2007,Volvo,S40,Houston,Texas,77035,US,29.6518,-95.4854,80835,"Labadie, Feest and Schumm",03/01/2022
461,Lothaire,Caplen,lcaplencs@privacy.gov.au,Male,2010,Dodge,Journey,Houston,Texas,77040,US,29.8744,-95.5278,75492,Nolan-Lubowitz,05/31/2023
462,Monique,Acors,macorsct@canalblog.com,Female,2003,Oldsmobile,Bravada,Lexington,Kentucky,40515,US,37.9651,-84.4708,69788,Beahan Group,02/04/2023
463,Maje,Ewington,mewingtoncu@ihg.com,Male,2012,GMC,Sierra 1500,Sacramento,California,94257,US,38.3774,-121.4444,71084,"Crist, Gutmann and Flatley",01/15/2024
464,Brianne,Kayes,bkayescv@ted.com,Female,2008,Mercury,Mariner,Anchorage,Alaska,99599,US,61.1872,-149.8804,80375,Hills LLC,11/28/2025
465,Arlan,Flatley,aflatleycw@spiegel.de,Male,2007,Audi,A4,Montpelier,Vermont,05609,US,44.2595,-72.585,78541,"Casper, Barton and Kessler",01/10/2023
466,Kliment,Stormonth,kstormonthcx@jalbum.net,Male,2006,Cadillac,Escalade EXT,Bradenton,Florida,34205,US,27.4841,-82.5834,36678,Jenkins and Sons,08/08/2023
467,Francklin,Horche,fhorchecy@wunderground.com,Male,2011,Honda,Pilot,Jacksonville,Florida,32204,US,30.3189,-81.6854,68059,Crooks and Sons,03/28/2024
468,Jordain,Chantillon,jchantilloncz@hc360.com,Female,2010,GMC,Savana,San Diego,California,92121,US,32.8919,-117.2035,79272,Graham-Robel,07/09/2022
469,Nilson,Popeley,npopeleyd0@facebook.com,Male,1992,Cadillac,DeVille,Columbus,Ohio,43284,US,39.969,-83.0114,40863,Spinka Group,07/09/2023
470,Craig,Vitet,cvitetd1@cbsnews.com,Male,1999,Mazda,Miata MX-5,San Antonio,Texas,78255,US,29.6701,-98.6873,91308,"Baumbach, Thompson and Graham",05/05/2025
471,Wren,Cridlin,wcridlind2@arstechnica.com,Polygender,2010,Dodge,Avenger,Melbourne,Florida,32941,US,27.9246,-80.5235,33416,Jacobson-D'Amore,08/12/2024
472,Ethelred,Briffett,ebriffettd3@netscape.com,Male,1988,Buick,LeSabre,Sacramento,California,94237,US,38.3774,-121.4444,45563,Murray-Auer,03/22/2022
473,Kathryn,Lauritzen,klauritzend4@apple.com,Female,1997,GMC,Jimmy,Atlanta,Georgia,30323,US,33.8444,-84.474,86959,Schowalter-Schumm,11/28/2022
474,Alex,Prophet,aprophetd5@msn.com,Female,1999,Mercury,Grand Marquis,San Jose,California,95133,US,37.3729,-121.856,99604,Bechtelar-Williamson,04/30/2023
475,Bride,Leadbeatter,bleadbeatterd6@canalblog.com,Female,2008,Nissan,Quest,San Antonio,Texas,78215,US,29.4413,-98.4793,71905,Mayer LLC,12/27/2022
476,Mame,Lates,mlatesd7@theglobeandmail.com,Bigender,2012,Volvo,S60,Charlotte,North Carolina,28220,US,35.26,-80.8042,44934,Ziemann and Sons,09/12/2025
477,Roseline,Tregidgo,rtregidgod8@opera.com,Female,1991,Mercury,Sable,Toledo,Ohio,43605,US,41.6525,-83.5085,82227,Moen-Bergstrom,02/25/2022
478,Edwina,Larchiere,elarchiered9@wikia.com,Female,1996,Suzuki,Sidekick,Fort Wayne,Indiana,46814,US,41.0456,-85.3058,72225,"Beatty, Corwin and Sporer",05/26/2022
479,Tadio,Gutierrez,tgutierrezda@ed.gov,Male,1995,Plymouth,Grand Voyager,Charlotte,North Carolina,28289,US,35.26,-80.8042,47316,"Koelpin, Cruickshank and Jacobi",11/20/2022
480,Kasey,Maasze,kmaaszedb@mit.edu,Female,1997,Mercury,Tracer,Pasadena,California,91117,US,33.7866,-118.2987,64681,Leffler Inc,09/19/2022
481,Ash,Sebrens,asebrensdc@ihg.com,Male,1989,Lincoln,Continental Mark VII,Spokane,Washington,99260,US,47.6536,-117.4317,58579,"Hahn, Shanahan and Breitenberg",12/18/2023
482,Anselm,Merida,ameridadd@rambler.ru,Genderfluid,2009,Porsche,Cayenne,Evanston,Illinois,60208,US,42.0586,-87.6845,85012,Crist-Gusikowski,07/26/2022
483,Clarance,Feltoe,cfeltoede@macromedia.com,Male,1998,Mitsubishi,Diamante,Dayton,Ohio,45414,US,39.8285,-84.2024,34126,Hoppe Inc,01/05/2025
484,Lewes,Littledyke,llittledykedf@w3.org,Male,2007,Dodge,Dakota,Saint Paul,Minnesota,55108,US,44.9806,-93.1771,39994,Kessler Inc,02/12/2022
485,Arthur,Mayow,amayowdg@ycombinator.com,Male,2001,Mitsubishi,Eclipse,Fort Lauderdale,Florida,33310,US,26.1443,-80.2069,61381,"Skiles, Kulas and Strosin",07/27/2025
486,Sullivan,Hinckes,shinckesdh@edublogs.org,Male,1996,Ford,F350,Philadelphia,Pennsylvania,19196,US,40.0018,-75.1179,79049,"Hickle, Pollich and Denesik",03/21/2022
487,Nicol,Hadgkiss,nhadgkissdi@bandcamp.com,Male,1990,Mitsubishi,L300,Washington,District of Columbia,20231,US,38.8933,-77.0146,42953,Harvey LLC,09/30/2022
488,Barris,Brunnstein,bbrunnsteindj@ucoz.com,Male,2007,Lotus,Elise,Lubbock,Texas,79415,US,33.6021,-101.876,81784,Dare LLC,10/04/2022
489,Kev,Dimitrescu,kdimitrescudk@ibm.com,Male,2010,Dodge,Ram,Reno,Nevada,89519,US,39.4814,-119.8591,71210,"Gutmann, Raynor and Nader",01/29/2023
490,Dorise,Majury,dmajurydl@columbia.edu,Female,2000,Buick,Century,Norfolk,Virginia,23520,US,36.9312,-76.2397,83711,Wisozk-Lakin,01/20/2025
491,Sheila,Ventura,sventuradm@omniture.com,Female,1992,GMC,Yukon,Norfolk,Virginia,23551,US,36.9312,-76.2397,37918,"Botsford, White and Koch",01/20/2026
492,Kacy,Arnholz,karnholzdn@deviantart.com,Female,2008,Nissan,Versa,Fort Pierce,Florida,34949,US,27.3896,-80.2615,43570,"Gorczany, Zieme and Predovic",01/21/2023
493,Dione,Vatini,dvatinido@merriam-webster.com,Female,2003,Mercedes-Benz,SLK-Class,Chicago,Illinois,60614,US,41.9229,-87.6483,91204,Pollich Inc,07/25/2022
494,Nixie,Loreit,nloreitdp@cbc.ca,Female,1993,Cadillac,Seville,Bradenton,Florida,34282,US,27.4272,-82.4387,66753,"Kuphal, Hilll and Hintz",07/01/2023
495,Mersey,Beckley,mbeckleydq@google.fr,Female,2005,Maybach,57S,Fort Smith,Arkansas,72905,US,35.191,-94.2382,78523,"O'Kon, Green and Mueller",12/07/2024
496,Colby,Slaight,cslaightdr@biglobe.ne.jp,Male,2005,Cadillac,CTS,San Jose,California,95173,US,37.3352,-121.8938,45585,"Runte, Smith and Gerlach",07/10/2022
497,Mill,Kitcatt,mkitcattds@rakuten.co.jp,Male,2002,Ford,Mustang,Fort Worth,Texas,76134,US,32.6469,-97.3325,75930,"Bradtke, Labadie and Kling",04/09/2022
498,Patrizio,Willis,pwillisdt@ftc.gov,Male,1993,Mercury,Capri,Fort Worth,Texas,76110,US,32.7065,-97.3375,75674,Crist-Conroy,06/17/2025
499,Cathryn,Kyngdon,ckyngdondu@dot.gov,Female,2009,Honda,Pilot,Miami,Florida,33111,US,25.5584,-80.4582,49679,"Jerde, Braun and Quigley",11/14/2023
500,Georas,Dutton,gduttondv@abc.net.au,Male,2012,Mitsubishi,Galant,Bakersfield,California,93311,US,35.3039,-119.1056,99375,Medhurst-Graham,09/04/2024
501,Franzen,Taillard,ftaillarddw@utexas.edu,Male,2010,Toyota,Tundra,Salinas,California,93907,US,36.7563,-121.6703,59698,"Zemlak, Blick and Boyle",11/20/2023
502,Blaine,Lies,bliesdx@redcross.org,Bigender,2006,Chevrolet,Impala,Los Angeles,California,90005,US,34.0585,-118.3012,93482,Hilpert Inc,05/21/2023
503,Natalina,Fieldstone,nfieldstonedy@mediafire.com,Female,1999,GMC,Suburban 1500,Chicago,Illinois,60657,US,41.9399,-87.6528,73846,Torphy-Marks,08/16/2023
504,Richy,Crossan,rcrossandz@goodreads.com,Male,2000,Chevrolet,3500,Milwaukee,Wisconsin,53205,US,43.0528,-87.9353,89058,Olson Inc,10/23/2022
505,Rolph,Gurdon,rgurdone0@simplemachines.org,Male,1985,Mitsubishi,Pajero,New Orleans,Louisiana,70149,US,30.033,-89.8826,85485,Rau-Collins,09/18/2025
506,Blythe,Lubbock,blubbocke1@bluehost.com,Female,2001,BMW,Z3,Portland,Oregon,97232,US,45.5287,-122.6363,71516,"Nolan, Langosh and Nikolaus",09/24/2024
507,Barbie,Landeg,blandege2@cbslocal.com,Female,2005,Lincoln,Aviator,Cumming,Georgia,30130,US,34.2216,-84.1537,79115,Oberbrunner Inc,08/31/2022
508,Morgen,Alvarado,malvaradoe3@dion.ne.jp,Male,1990,Suzuki,Sidekick,Austin,Texas,78754,US,30.3423,-97.6673,58751,Hauck-Beier,07/13/2023
509,Kitty,Housden,khousdene4@unc.edu,Female,2007,Mercedes-Benz,E-Class,Albany,New York,12262,US,42.6149,-73.9708,98785,Botsford LLC,03/29/2025
510,Ellary,Kimmins,ekimminse5@live.com,Male,2011,Infiniti,FX,Palm Bay,Florida,32909,US,27.9694,-80.6473,90044,Glover-Paucek,12/03/2024
511,Elsa,Meo,emeoe6@miitbeian.gov.cn,Female,1994,Mazda,Protege,Anaheim,California,92805,US,33.8359,-117.9086,98406,Denesik-Kub,03/08/2024
512,Marlo,Desborough,mdesboroughe7@sfgate.com,Male,1995,GMC,Vandura G3500,Seattle,Washington,98121,US,47.6151,-122.3447,56665,"Johnston, Labadie and Grant",07/05/2024
513,Benedick,Perrie,bperriee8@mit.edu,Male,2012,Infiniti,G25,Lincoln,Nebraska,68524,US,40.8529,-96.7943,46429,"Wyman, Von and Wehner",07/31/2023
514,Nyssa,Adnams,nadnamse9@wikimedia.org,Female,2002,BMW,M,Oklahoma City,Oklahoma,73190,US,35.5514,-97.4075,57327,"Kling, Bayer and Bogan",09/12/2022
515,Farleigh,Royl,froylea@cpanel.net,Bigender,1987,Audi,5000CS,Miami,Florida,33196,US,25.6615,-80.441,58278,Terry-Schoen,06/11/2022
516,Salomi,Smithin,ssmithineb@addtoany.com,Female,2000,Ford,F250,Raleigh,North Carolina,27626,US,35.7977,-78.6253,30115,"Marks, Ziemann and West",04/19/2023
517,Reginauld,Hitter,rhitterec@patch.com,Male,1994,Nissan,240SX,Santa Fe,New Mexico,87592,US,35.5212,-105.9818,65894,Graham-Legros,11/25/2024
518,Paulo,Virgo,pvirgoed@baidu.com,Male,1986,Pontiac,Sunbird,Bronx,New York,10454,US,40.8085,-73.9198,81845,"Jaskolski, Stark and Kihn",03/26/2022
519,Keir,Asken,kaskenee@nbcnews.com,Male,2009,Lexus,GX,Savannah,Georgia,31410,US,32.0175,-80.997,98406,"Steuber, Hansen and Hintz",07/07/2022
520,Eda,Crosen,ecrosenef@archive.org,Female,2000,Suzuki,Esteem,Pittsburgh,Pennsylvania,15210,US,40.4072,-79.9839,53655,Davis-Hagenes,10/14/2025
521,Veriee,Kilius,vkiliuseg@harvard.edu,Female,1999,Chevrolet,Express 2500,San Antonio,Texas,78250,US,29.5054,-98.6688,73570,Smith-Armstrong,01/10/2023
522,Elyn,Grimsditch,egrimsditcheh@123-reg.co.uk,Female,2010,Saab,9-5,Des Moines,Iowa,50347,US,41.6727,-93.5722,82328,Hudson and Sons,05/04/2025
523,Maire,Borrell,mborrellei@sciencedirect.com,Female,1990,Mazda,MX-5,Oklahoma City,Oklahoma,73135,US,35.411,-97.4388,80500,"Olson, Welch and Mueller",08/09/2023
524,Killy,Glowacha,kglowachaej@ask.com,Male,1995,Volkswagen,rio,West Palm Beach,Florida,33416,US,26.6654,-80.0929,53158,Howe-Moen,09/10/2025
525,Fae,Murrell,fmurrellek@dailymotion.com,Female,2004,Toyota,Sequoia,Miami,Florida,33129,US,25.7559,-80.2013,30383,Reichel LLC,03/10/2023
526,Pansy,Lankester,plankesterel@toplist.cz,Female,1988,Mercedes-Benz,SL-Class,Longview,Texas,75605,US,32.5547,-94.7767,60907,Miller LLC,02/25/2024
527,Merrill,Crombleholme,mcrombleholmeem@indiegogo.com,Male,2003,GMC,Yukon XL 1500,Kansas City,Missouri,64160,US,39.2829,-94.409,36053,Koelpin and Sons,11/23/2022
528,Ann-marie,McSkin,amcskinen@youtu.be,Female,2009,Nissan,Xterra,Portland,Oregon,97216,US,45.5137,-122.5569,30372,"Moore, Lehner and Jast",02/18/2024
529,Dwayne,Cridge,dcridgeeo@ucsd.edu,Male,1987,Lotus,Esprit,Glendale,California,91210,US,33.7866,-118.2987,33195,Bailey Inc,04/10/2023
530,Brittney,Paschek,bpaschekep@miitbeian.gov.cn,Female,1991,Mercedes-Benz,E-Class,Columbus,Ohio,43240,US,40.1454,-82.9817,35732,"Gutmann, Cormier and Cruickshank",07/25/2022
531,Aymer,Deviney,adevineyeq@imdb.com,Male,2006,Chevrolet,Express 2500,Cincinnati,Ohio,45218,US,39.2663,-84.5221,34553,Flatley-Kuvalis,11/10/2023
532,Hortensia,Woodthorpe,hwoodthorpeer@nymag.com,Female,1992,Jeep,Comanche,Tampa,Florida,33625,US,28.0726,-82.559,63229,Towne-Rolfson,03/19/2022
533,Jayson,Arne,jarnees@mashable.com,Male,2005,Acura,RL,Corpus Christi,Texas,78475,US,27.777,-97.4632,60999,"Breitenberg, Hand and Mohr",02/06/2022
534,Valeria,Cohani,vcohaniet@sbwire.com,Female,1997,Dodge,Ram Van 3500,Louisville,Kentucky,40233,US,38.189,-85.6768,55079,Rutherford-McClure,12/07/2024
535,Errick,Forst,eforsteu@squidoo.com,Male,2002,Ford,F150,Jamaica,New York,11407,US,40.6913,-73.8059,91633,Schumm and Sons,09/10/2025
536,Mag,Elegood,melegoodev@4shared.com,Female,2000,Saab,9-3,Albuquerque,New Mexico,87195,US,35.0443,-106.6729,68945,Gleichner-Nicolas,04/16/2023
537,Jamie,Norkutt,jnorkuttew@icio.us,Male,2012,Bentley,Continental Flying Spur,Memphis,Tennessee,38143,US,35.2017,-89.9715,49119,Kuhic Inc,05/01/2023
538,Mar,Draisey,mdraiseyex@fema.gov,Male,2008,Lamborghini,Murciélago LP640,Pittsburgh,Pennsylvania,15261,US,40.4344,-80.0248,52528,Price Inc,09/03/2022
539,Lethia,Bernadon,lbernadoney@hugedomains.com,Female,1996,Dodge,Ram 2500 Club,Biloxi,Mississippi,39534,US,30.4067,-88.9211,65689,Cole-Brekke,05/01/2023
540,Elysia,Floris,eflorisez@tmall.com,Female,1994,Infiniti,J,Greensboro,North Carolina,27455,US,36.1824,-79.806,47603,Abbott Inc,05/27/2022
541,Natalya,Hele,nhelef0@acquirethisname.com,Female,1992,Chevrolet,Sportvan G10,Madison,Wisconsin,53716,US,43.0631,-89.3133,96562,Parisian-Wiza,06/10/2023
542,Wye,Regi,wregif1@dion.ne.jp,Male,2005,Honda,Civic,Vancouver,Washington,98664,US,45.6231,-122.5767,60987,Fritsch-Botsford,10/06/2023
543,Weber,Bartell,wbartellf2@businesswire.com,Male,1997,Plymouth,Voyager,Young America,Minnesota,55564,US,44.8055,-93.7665,85486,Huel and Sons,02/17/2025
544,Pauletta,Cassell,pcassellf3@sfgate.com,Female,2012,Hyundai,Accent,Miami,Florida,33283,US,25.5584,-80.4582,66143,Stamm LLC,06/23/2025
545,Zsazsa,Frude,zfrudef4@histats.com,Non-binary,2010,Porsche,Cayenne,Nashville,Tennessee,37210,US,36.1379,-86.741,36930,Lind-Sporer,02/03/2024
546,Sosanna,Gerrett,sgerrettf5@huffingtonpost.com,Female,1983,Mercedes-Benz,W126,Marietta,Georgia,30066,US,34.0378,-84.5038,64164,"Collins, Champlin and Haley",07/26/2025
547,Abbott,Doerffer,adoerfferf6@bing.com,Male,2002,Chevrolet,Cavalier,Tacoma,Washington,98442,US,47.3081,-122.4185,58893,Ondricka Inc,08/14/2025
548,Enos,Linskey,elinskeyf7@cmu.edu,Male,2004,Dodge,Dakota,Santa Monica,California,90405,US,34.01,-118.4717,84110,Morissette and Sons,01/07/2024
549,Joanne,Petett,jpetettf8@cbslocal.com,Female,2005,Honda,Insight,Pittsburgh,Pennsylvania,15205,US,40.4322,-80.1021,57058,Miller Group,06/12/2025
550,Dena,Frisel,dfriself9@hostgator.com,Female,1987,Mitsubishi,Galant,Pasadena,California,91131,US,33.7866,-118.2987,59259,Tromp-Durgan,06/10/2024
551,Fawne,Itscowicz,fitscowiczfa@unc.edu,Female,1995,Dodge,Ram Van 1500,Montgomery,Alabama,36125,US,32.2334,-86.2085,99718,Harvey Inc,06/30/2025
552,Laurella,Tawn,ltawnfb@mozilla.com,Genderfluid,2010,Ford,Flex,Farmington,Michigan,48335,US,42.4617,-83.4053,92335,"Ankunding, Smith and Wuckert",02/28/2025
553,Cele,Blankenship,cblankenshipfc@chron.com,Non-binary,1993,Acura,Vigor,Saint Louis,Missouri,63167,US,38.6383,-90.4271,75429,"Bauch, Aufderhar and Crona",05/31/2022
554,Sullivan,Howchin,showchinfd@newsvine.com,Male,2002,Toyota,Camry,Dallas,Texas,75260,US,32.7673,-96.7776,45402,Fadel-Krajcik,07/04/2024
555,Adriaens,Struijs,astruijsfe@altervista.org,Non-binary,2013,Ford,Transit Connect,Pocatello,Idaho,83206,US,42.6395,-112.3138,77648,Paucek Inc,09/25/2024
556,Shayna,Fosken,sfoskenff@yelp.com,Female,2010,GMC,Savana 1500,Columbus,Ohio,43204,US,39.9523,-83.078,77990,"Fritsch, Reichel and Bergstrom",09/05/2022
557,Ebba,Tames,etamesfg@eventbrite.com,Female,1995,Dodge,Ram 2500 Club,Colorado Springs,Colorado,80945,US,38.8247,-104.562,95478,"Vandervort, West and VonRueden",12/28/2023
558,Adolphus,Bramsen,abramsenfh@trellian.com,Male,2004,Audi,Allroad,San Jose,California,95155,US,37.31,-121.9011,71524,Hauck Inc,08/21/2023
559,Dominga,Martonfi,dmartonfifi@foxnews.com,Female,2003,Ford,F-Series,Jamaica,New York,11499,US,40.6514,-73.8708,34057,Satterfield-VonRueden,02/19/2025
560,Korry,Kagan,kkaganfj@posterous.com,Female,1989,Lincoln,Continental Mark VII,Montgomery,Alabama,36134,US,32.2334,-86.2085,53580,"Stokes, Miller and Hills",01/01/2024
561,Creigh,Olivazzi,colivazzifk@columbia.edu,Agender,1992,Lincoln,Continental,Abilene,Texas,79605,US,32.432,-99.7724,85138,"Barton, Bailey and Bauch",09/29/2025
562,Kaitlyn,Jorat,kjoratfl@purevolume.com,Genderfluid,1999,Lincoln,Navigator,Las Vegas,Nevada,89155,US,35.9279,-114.9721,49035,"Stokes, Beahan and McCullough",01/14/2023
563,Ardine,Blade,abladefm@google.es,Female,2002,Ford,F-Series,Washington,District of Columbia,20380,US,38.8933,-77.0146,35811,"Kuhn, Okuneva and Hickle",11/18/2023
564,Donica,Minett,dminettfn@about.com,Female,1996,Buick,LeSabre,Indianapolis,Indiana,46231,US,39.7038,-86.3029,75549,Baumbach and Sons,03/09/2023
565,Rosmunda,Gepson,rgepsonfo@pen.io,Female,2012,Toyota,Prius Plug-in Hybrid,Erie,Pennsylvania,16534,US,42.1827,-80.0649,75606,Dooley-O'Kon,10/09/2023
566,Sibylle,Callis,scallisfp@posterous.com,Female,2012,Porsche,Boxster,San Francisco,California,94121,US,37.7786,-122.4892,74121,Huel-Feil,05/30/2022
567,Jacquelyn,Reder,jrederfq@apple.com,Female,1996,GMC,1500 Club Coupe,Jacksonville,Florida,32215,US,30.2407,-81.893,56699,Keeling-Spencer,11/28/2024
568,Dionne,Comoletti,dcomolettifr@amazon.co.jp,Female,1989,Ford,Festiva,San Diego,California,92105,US,32.7423,-117.0947,32973,Hermann-DuBuque,04/17/2023
569,Myranda,Moquin,mmoquinfs@soundcloud.com,Female,1996,Chevrolet,Impala,Lehigh Acres,Florida,33972,US,26.6492,-81.6167,66701,"Considine, Okuneva and Thiel",12/15/2023
570,Lillian,Cretney,lcretneyft@canalblog.com,Female,2002,Volvo,S80,Fresno,California,93786,US,36.7464,-119.6397,50253,Klein-Huels,12/21/2024
571,Lambert,Devonish,ldevonishfu@sciencedirect.com,Male,2003,Infiniti,G35,Saint Cloud,Minnesota,56398,US,45.5289,-94.5933,94823,Stanton-Skiles,10/27/2024
572,Cleopatra,Stearns,cstearnsfv@constantcontact.com,Female,2004,BMW,525,El Paso,Texas,79940,US,31.6948,-106.3,37721,"Baumbach, Reilly and McCullough",09/16/2023
573,Simonne,Chapelhow,schapelhowfw@ovh.net,Female,2003,Chrysler,Town & Country,Tallahassee,Florida,32399,US,30.4494,-84.291,55240,Johnston-Heller,07/03/2024
574,Katherine,Kidd,kkiddfx@ed.gov,Female,2012,Ford,Expedition,Oklahoma City,Oklahoma,73157,US,35.5514,-97.4075,63171,Frami LLC,08/26/2024
575,Scarface,Fifield,sfifieldfy@bloglovin.com,Male,1994,Mercury,Villager,Las Vegas,Nevada,89155,US,35.9279,-114.9721,95753,Blanda Inc,01/04/2023
576,Lonny,de Tocqueville,ldetocquevillefz@hugedomains.com,Male,2012,McLaren,MP4-12C,Houston,Texas,77288,US,29.834,-95.4342,64318,"Mayer, Goyette and Keeling",10/28/2025
577,Frederich,Thynne,fthynneg0@fda.gov,Male,2005,Mazda,Mazda6,Tulsa,Oklahoma,74184,US,36.1398,-96.0297,75168,Ernser LLC,02/10/2025
578,Kathye,Kobera,kkoberag1@gravatar.com,Female,2003,Mercedes-Benz,E-Class,Charlotte,North Carolina,28263,US,35.2268,-80.8432,75044,"Konopelski, Brekke and Berge",07/01/2022
579,Jeni,Smails,jsmailsg2@dailymotion.com,Female,1992,Mercedes-Benz,300CE,Knoxville,Tennessee,37919,US,35.9244,-84.0015,62506,Lemke-Dare,07/18/2023
580,Tony,Marien,tmarieng3@taobao.com,Female,1997,Isuzu,Rodeo,Wilkes Barre,Pennsylvania,18768,US,41.2722,-75.8801,47362,Effertz-Raynor,07/08/2022
581,Ellwood,Hasluck,ehasluckg4@w3.org,Male,2010,Audi,S5,Washington,District of Columbia,20442,US,38.896,-77.0177,64503,Kiehn-Kihn,03/10/2024
582,Joana,Chesters,jchestersg5@mashable.com,Female,2000,Lincoln,Town Car,Sacramento,California,95838,US,38.6406,-121.444,68433,"Mayer, Ziemann and Heidenreich",01/09/2024
583,Cassi,Yakovl,cyakovlg6@theglobeandmail.com,Female,2010,Chrysler,Sebring,Washington,District of Columbia,20397,US,38.9164,-76.9948,67306,"Hagenes, Herzog and Schimmel",03/23/2023
584,Emogene,Amdohr,eamdohrg7@mozilla.com,Female,1983,Chevrolet,Caprice,Wichita,Kansas,67220,US,37.7667,-97.2805,56102,"Upton, Turcotte and Hayes",03/28/2022
585,Leanna,Salman,lsalmang8@mlb.com,Female,1961,Chevrolet,Corvette,Bismarck,North Dakota,58505,US,46.8165,-100.7805,70236,Greenholt Group,02/12/2024
586,Alf,Haughan,ahaughang9@bizjournals.com,Male,2004,Audi,A6,Philadelphia,Pennsylvania,19146,US,39.9379,-75.1794,39077,"Koss, Grimes and McKenzie",02/16/2022
587,Sibelle,Reddlesden,sreddlesdenga@eventbrite.com,Female,2001,Dodge,Stratus,Atlanta,Georgia,30351,US,33.8444,-84.474,63075,Hermiston-Hudson,04/19/2025
588,Grady,Copping,gcoppinggb@illinois.edu,Male,1990,Subaru,XT,Roanoke,Virginia,24034,US,37.2742,-79.9579,68539,Jacobs-Rogahn,10/28/2025
589,Stavros,Cesconi,scesconigc@army.mil,Non-binary,2010,Lincoln,MKS,Brooklyn,New York,11236,US,40.6407,-73.9028,91736,Schamberger-Rohan,03/27/2024
590,Elbertina,Connors,econnorsgd@chron.com,Female,2005,Cadillac,Escalade EXT,Toledo,Ohio,43666,US,41.6782,-83.4972,32655,Reinger Group,10/03/2023
591,Rafaela,Swede,rswedege@tripadvisor.com,Female,2009,BMW,3 Series,Scottsdale,Arizona,85255,US,33.6968,-111.8892,46820,"Schimmel, Gutkowski and Gorczany",08/08/2025
592,Myrvyn,Hadeke,mhadekegf@pcworld.com,Male,2006,Chevrolet,Silverado,San Antonio,Texas,78225,US,29.3875,-98.5245,91651,Cremin-DuBuque,03/05/2022
593,Gale,Atkinson,gatkinsongg@chicagotribune.com,Female,2006,Saturn,VUE,Fayetteville,North Carolina,28314,US,35.0583,-79.008,89976,Hilpert Group,11/30/2025
594,Dani,Yendall,dyendallgh@businessweek.com,Female,2012,Subaru,Impreza,Dayton,Ohio,45426,US,39.7982,-84.3211,78998,McClure-Metz,06/13/2022
595,Misty,Blackledge,mblackledgegi@dell.com,Female,2000,Dodge,Dakota Club,Katy,Texas,77493,US,29.8678,-95.8298,35190,Beahan-Lubowitz,08/19/2024
596,Belva,Scrange,bscrangegj@nymag.com,Female,2005,Lotus,Elise,Pittsburgh,Pennsylvania,15215,US,40.5048,-79.9138,67421,D'Amore-Gulgowski,04/28/2025
597,Arney,Highway,ahighwaygk@nydailynews.com,Male,1991,Mercedes-Benz,SL-Class,San Diego,California,92165,US,33.0169,-116.846,82701,Smitham-Schumm,09/30/2025
598,Nichols,Torald,ntoraldgl@webeden.co.uk,Male,2008,Land Rover,Discovery,New York City,New York,10170,US,40.7526,-73.9755,36708,Feil-McGlynn,10/02/2023
599,Kaitlin,Richter,krichtergm@cyberchimps.com,Female,2001,Porsche,911,Saint Petersburg,Florida,33737,US,27.8918,-82.7248,46798,"Hansen, Walter and Leffler",08/11/2025
600,Hilde,Dobson,hdobsongn@example.com,Female,2011,Mitsubishi,Galant,Washington,District of Columbia,20088,US,38.8933,-77.0146,64466,Douglas and Sons,04/29/2022
601,Shelby,Apfel,sapfelgo@acquirethisname.com,Female,2002,Audi,Allroad,New Orleans,Louisiana,70165,US,30.033,-89.8826,60790,"Reilly, Wolff and Jenkins",10/11/2023
602,Delmer,Beresfore,dberesforegp@blogtalkradio.com,Male,2011,Jeep,Liberty,Glendale,California,91210,US,33.7866,-118.2987,54587,"Barton, Ernser and Hermann",01/26/2023
603,Deeanne,Stood,dstoodgq@plala.or.jp,Female,2011,Mitsubishi,Outlander,Detroit,Michigan,48258,US,42.2399,-83.1508,83176,Berge LLC,04/16/2025
604,Fabian,Luby,flubygr@arizona.edu,Male,1991,Mitsubishi,Mirage,Plano,Texas,75074,US,33.0277,-96.6777,53122,Buckridge and Sons,05/01/2024
605,Kaleb,Saturley,ksaturleygs@t.co,Male,1995,Dodge,Ram 2500,Stockton,California,95219,US,38.01,-121.3698,70645,Dare Inc,11/08/2023
606,Merci,Torn,mtorngt@bandcamp.com,Female,1995,Hyundai,Sonata,Atlanta,Georgia,30301,US,33.8444,-84.474,86169,"Lang, Wiza and Mann",12/20/2022
607,Caye,Ebdon,cebdongu@miitbeian.gov.cn,Female,1997,Mitsubishi,Challenger,Los Angeles,California,90020,US,34.0665,-118.3022,60921,Osinski LLC,06/06/2024
608,Albertine,Readwood,areadwoodgv@yahoo.co.jp,Agender,2005,Pontiac,Montana,Alexandria,Virginia,22313,US,38.8158,-77.09,43828,Abbott and Sons,05/14/2024
609,Marta,Simants,msimantsgw@fastcompany.com,Female,2006,Ford,Explorer Sport Trac,Mount Vernon,New York,10557,US,41.119,-73.733,40966,"Lowe, Klein and Jenkins",10/25/2024
610,Addie,Lovewell,alovewellgx@oracle.com,Female,1984,Buick,Century,Corpus Christi,Texas,78410,US,27.8458,-97.596,86481,"Prohaska, Kuhn and Prohaska",01/19/2024
611,Karry,Lurriman,klurrimangy@weather.com,Genderfluid,1988,Porsche,924,Saint Petersburg,Florida,33715,US,27.6705,-82.7119,48216,Herman Group,04/17/2022
612,Coop,Ronchka,cronchkagz@wikimedia.org,Genderqueer,2013,Mazda,Mazda6,Seattle,Washington,98166,US,47.4511,-122.353,62008,Sipes Inc,12/12/2022
613,Grady,Copelli,gcopellih0@networksolutions.com,Male,1991,Volkswagen,GTI,Hialeah,Florida,33018,US,25.9098,-80.3889,46669,Reinger-Keeling,05/13/2023
614,Noland,Ketteman,nkettemanh1@marketwatch.com,Male,2005,Honda,Pilot,Syracuse,New York,13224,US,43.0421,-76.1046,55389,Koepp Group,01/31/2022
615,Osborne,McNeil,omcneilh2@163.com,Male,1999,Infiniti,Q,Austin,Texas,78783,US,30.3264,-97.7713,38880,Swaniawski and Sons,06/10/2024
616,Paulina,Greatex,pgreatexh3@studiopress.com,Female,2008,Porsche,Cayman,San Jose,California,95118,US,37.2568,-121.8896,36608,Cartwright Inc,05/13/2022
617,Joyan,Chrisp,jchrisph4@newsvine.com,Female,1997,Lexus,LS,New Hyde Park,New York,11044,US,40.7548,-73.6018,91735,Welch-Lowe,11/29/2022
618,Debora,Gullane,dgullaneh5@imdb.com,Female,2005,Nissan,350Z,Shreveport,Louisiana,71115,US,32.3401,-93.6092,37070,Pacocha LLC,05/17/2023
619,Weber,Huckleby,whucklebyh6@fda.gov,Male,1953,Chevrolet,Corvette,Galveston,Texas,77554,US,29.2243,-94.9637,90444,Hirthe-Treutel,03/15/2023
620,Dorothee,Doman,ddomanh7@etsy.com,Female,1992,Suzuki,Samurai,Los Angeles,California,90076,US,33.7866,-118.2987,31767,Ruecker and Sons,12/24/2022
621,Tobey,Milne,tmilneh8@com.com,Polygender,2006,Chevrolet,Equinox,Hartford,Connecticut,06105,US,41.7691,-72.701,51676,Murazik-Reichert,10/27/2024
622,Rorie,Tomaszek,rtomaszekh9@smh.com.au,Female,2013,Hyundai,Veloster,Washington,District of Columbia,20397,US,38.9164,-76.9948,71901,Swaniawski-DuBuque,06/13/2023
623,Davin,Radwell,dradwellha@chronoengine.com,Male,2010,Chevrolet,Impala,Fresno,California,93778,US,36.7464,-119.6397,95575,Muller Group,11/09/2025
624,Delbert,Graine,dgrainehb@google.co.jp,Male,2004,Honda,Civic,Portsmouth,New Hampshire,00214,US,43.0059,-71.0132,45534,Wolf-Reilly,06/22/2025
625,Kiley,Burnitt,kburnitthc@alexa.com,Male,2003,Jeep,Wrangler,Salem,Oregon,97306,US,44.8685,-123.0438,72889,"Roob, Schmeler and Schroeder",06/02/2025
626,Desmond,Attreed,dattreedhd@csmonitor.com,Male,2005,BMW,X3,Corpus Christi,Texas,78470,US,27.777,-97.4632,33550,"Heaney, Hagenes and Turner",05/26/2025
627,Nanette,Aiers,naiershe@slideshare.net,Female,2001,Subaru,Forester,Hampton,Virginia,23663,US,37.0318,-76.3199,69530,"Mueller, Buckridge and Kovacek",06/04/2025
628,Ulrica,Varfolomeev,uvarfolomeevhf@home.pl,Female,2005,Kia,Spectra,Dallas,Texas,75323,US,32.7673,-96.7776,42206,Jacobi LLC,07/01/2022
629,Jacinda,Gouldeby,jgouldebyhg@arstechnica.com,Genderfluid,1995,Dodge,Ram Van 1500,Philadelphia,Pennsylvania,19160,US,40.0018,-75.1179,83900,Hintz-Rodriguez,07/11/2023
630,Grant,Loftin,gloftinhh@domainmarket.com,Male,2008,Pontiac,Solstice,Miami,Florida,33164,US,25.5584,-80.4582,49512,"Conn, Lueilwitz and Quigley",03/14/2024
631,Launce,Maren,lmarenhi@blogger.com,Male,2004,Honda,S2000,Dayton,Ohio,45470,US,39.7505,-84.2686,39302,Murphy-Cronin,10/17/2024
632,Rebe,McGriffin,rmcgriffinhj@newyorker.com,Female,1992,Pontiac,Firefly,Winston Salem,North Carolina,27157,US,36.0275,-80.2073,95340,"Ullrich, Wisozk and Schinner",10/25/2022
633,Steward,Lye,slyehk@stumbleupon.com,Male,2003,Jeep,Grand Cherokee,Fresno,California,93786,US,36.7464,-119.6397,91916,"Senger, Aufderhar and Fritsch",02/22/2024
634,Burg,Thackston,bthackstonhl@furl.net,Male,2008,Chevrolet,TrailBlazer,Washington,District of Columbia,20591,US,38.8933,-77.0146,83492,"Kemmer, Marquardt and Bednar",08/24/2025
635,Maressa,Vinick,mvinickhm@sogou.com,Female,1961,Studebaker,Avanti,Denver,Colorado,80235,US,39.6472,-105.0795,79862,"Hirthe, Ernser and Klein",04/01/2022
636,Maudie,Welch,mwelchhn@symantec.com,Female,1999,Acura,CL,Akron,Ohio,44321,US,41.1002,-81.6443,47752,"Smitham, Auer and Osinski",11/15/2022
637,Sonny,Dawidowicz,sdawidowiczho@parallels.com,Female,2009,Volvo,S40,Hartford,Connecticut,06140,US,41.7918,-72.7188,95900,Nikolaus Inc,04/11/2023
638,Tish,Treasaden,ttreasadenhp@yahoo.co.jp,Female,2008,Mazda,Mazda5,Warren,Ohio,44485,US,41.2405,-80.8441,88278,Okuneva-Schamberger,10/08/2025
639,Xylia,Devaney,xdevaneyhq@booking.com,Female,1990,Pontiac,Firebird,Dallas,Texas,75323,US,32.7673,-96.7776,38635,Schmitt-Feest,07/19/2023
640,Zollie,Chapellow,zchapellowhr@wsj.com,Male,2010,Lexus,RX,Los Angeles,California,90035,US,34.0531,-118.3806,87134,Dooley LLC,10/21/2023
641,Gar,Prayer,gprayerhs@princeton.edu,Male,1996,Subaru,SVX,Roanoke,Virginia,24004,US,37.2742,-79.9579,84974,Walsh and Sons,03/10/2024
642,Carolin,Soot,csootht@jigsy.com,Female,2003,Dodge,Durango,Houston,Texas,77005,US,29.7179,-95.4263,59454,Harber LLC,02/26/2025
643,Gherardo,Gunby,ggunbyhu@qq.com,Male,1995,Ford,Windstar,San Diego,California,92196,US,33.0169,-116.846,87725,Heidenreich-Nolan,04/30/2025
644,Clovis,Glowacki,cglowackihv@fastcompany.com,Female,1991,Pontiac,Trans Sport,Charlottesville,Virginia,22903,US,38.0339,-78.4924,34119,"Schneider, Klein and Hessel",05/07/2025
645,Carmel,Rickarsey,crickarseyhw@opera.com,Female,1996,Ford,Crown Victoria,El Paso,Texas,79923,US,31.6948,-106.3,59766,Bahringer-Block,04/26/2024
646,Pauli,Simpole,psimpolehx@cnet.com,Female,2001,GMC,Yukon,Oakland,California,94616,US,37.8044,-122.2698,50402,Blick Group,06/21/2024
647,Llywellyn,Pond-Jones,lpondjoneshy@ustream.tv,Male,2010,Toyota,Camry Hybrid,Cleveland,Ohio,44177,US,41.6857,-81.6728,39999,Lesch Inc,04/10/2024
648,Minna,Athow,mathowhz@bizjournals.com,Female,2008,Isuzu,i-370,New York City,New York,10024,US,40.7864,-73.9764,59359,Kuhlman Inc,08/28/2022
649,Brendon,Pindred,bpindredi0@admin.ch,Male,1999,Dodge,Ram Van 1500,Houston,Texas,77060,US,29.9335,-95.3981,80401,Hahn Group,09/19/2022
650,Field,Krink,fkrinki1@admin.ch,Male,2008,Dodge,Ram 2500,Houston,Texas,77005,US,29.7179,-95.4263,62917,Frami-McCullough,11/14/2022
651,Tabbie,Standish-Brooks,tstandishbrooksi2@hubpages.com,Female,1991,Mercury,Sable,Providence,Rhode Island,02905,US,41.7845,-71.3959,69291,Quitzon LLC,04/08/2025
652,Jeddy,Osbaldeston,josbaldestoni3@mapy.cz,Male,2004,Land Rover,Discovery,Waterbury,Connecticut,06705,US,41.5503,-72.9963,38912,"Braun, Langworth and McGlynn",01/02/2023
653,Rhianna,Markwell,rmarkwelli4@nytimes.com,Genderfluid,2011,Mercedes-Benz,C-Class,Louisville,Kentucky,40215,US,38.1913,-85.7847,43423,Schoen-Ryan,01/03/2025
654,Toiboid,Scruby,tscrubyi5@ovh.net,Agender,2011,Infiniti,G37,Cincinnati,Ohio,45243,US,39.1848,-84.3448,42327,"Jacobi, Willms and McDermott",10/28/2024
655,Vaclav,O'Beirne,vobeirnei6@elpais.com,Male,1995,Dodge,Neon,Birmingham,Alabama,35205,US,33.4951,-86.8059,55062,Welch LLC,04/05/2023
656,Ax,Marsy,amarsyi7@tripadvisor.com,Non-binary,1993,Dodge,D250,Richmond,Virginia,23277,US,37.5535,-77.4604,91795,Klein Inc,09/29/2025
657,Antonella,Crighten,acrighteni8@blogtalkradio.com,Female,2009,Buick,LaCrosse,Detroit,Michigan,48217,US,42.2719,-83.1545,90527,"Rogahn, Casper and Satterfield",09/23/2024
658,Wanids,Pimm,wpimmi9@csmonitor.com,Female,2012,Lincoln,Navigator,Orlando,Florida,32830,US,28.3822,-81.569,82381,Ratke-Braun,10/29/2024
659,Jeffry,Mordue,jmordueia@goo.gl,Male,2000,Mercedes-Benz,CLK-Class,Saint Petersburg,Florida,33710,US,27.7898,-82.7243,84303,"Bernier, Bode and Bauch",07/14/2024
660,Thayne,Girkins,tgirkinsib@stumbleupon.com,Male,2003,Kia,Optima,Charlottesville,Virginia,22903,US,38.0339,-78.4924,92601,Gorczany-O'Connell,09/09/2023
661,Corine,Mabbot,cmabbotic@networkadvertising.org,Female,1994,Acura,Vigor,Santa Ana,California,92725,US,33.7465,-117.8662,65914,Hickle-Carroll,12/18/2022
662,Dorisa,Morrad,dmorradid@squarespace.com,Female,1992,Pontiac,Grand Am,Shawnee Mission,Kansas,66225,US,38.8999,-94.832,81955,"Ritchie, Conn and Schaden",06/09/2022
663,Betsy,Verdey,bverdeyie@nba.com,Female,2003,Dodge,Ram Van 1500,Salt Lake City,Utah,84199,US,40.7259,-111.9394,44833,Leannon-Christiansen,10/22/2024
664,Gilda,Fawcus,gfawcusif@surveymonkey.com,Female,2008,Mercedes-Benz,S-Class,North Little Rock,Arkansas,72199,US,34.8272,-92.2847,33769,"Fisher, Jerde and Shields",10/05/2024
665,Corney,Bernli,cbernliig@macromedia.com,Male,1993,Mitsubishi,Mighty Max,Little Rock,Arkansas,72215,US,34.7519,-92.3925,33257,O'Connell and Sons,04/11/2024
666,Estelle,Lages,elagesih@shop-pro.jp,Female,2011,Nissan,Maxima,San Diego,California,92115,US,32.7607,-117.0721,57059,Shanahan-Quitzon,05/06/2025
667,Onfroi,De Laci,odelaciii@google.nl,Male,2001,Acura,NSX,Santa Rosa,California,95405,US,38.4386,-122.6727,44044,Sporer-Yundt,02/20/2022
668,Hestia,Garwood,hgarwoodij@ebay.co.uk,Female,2010,Kia,Soul,Tulsa,Oklahoma,74103,US,36.1539,-95.9954,38219,Kulas-Mitchell,06/26/2025
669,Vlad,Mabbitt,vmabbittik@ezinearticles.com,Male,2008,Mercedes-Benz,S-Class,Juneau,Alaska,99812,US,58.3271,-134.4742,42186,"Wehner, Hirthe and Murray",05/11/2024
670,Cly,Avrahamy,cavrahamyil@who.int,Male,2003,Ford,E350,Lubbock,Texas,79410,US,33.5693,-101.8904,75359,Bradtke-White,06/07/2025
671,Donna,Heyns,dheynsim@xinhuanet.com,Female,2012,Lamborghini,Aventador,Pittsburgh,Pennsylvania,15205,US,40.4322,-80.1021,67295,Reichel and Sons,04/21/2022
672,Trevor,Ludgrove,tludgrovein@dropbox.com,Male,2008,Jaguar,X-Type,Dayton,Ohio,45414,US,39.8285,-84.2024,91933,Turner LLC,01/06/2025
673,Morse,Kinnin,mkinninio@bloglines.com,Male,1998,Hyundai,Tiburon,Fullerton,California,92640,US,33.7862,-117.9309,62373,McKenzie-Walter,05/24/2023
674,Cosimo,Serotsky,cserotskyip@yolasite.com,Male,2005,Nissan,Quest,Mount Vernon,New York,10557,US,41.119,-73.733,36488,"Bartoletti, Greenholt and Batz",04/18/2025
675,Bernete,Goodin,bgoodiniq@list-manage.com,Female,2007,GMC,Canyon,Flint,Michigan,48505,US,43.0634,-83.7001,40951,"Okuneva, Douglas and Sipes",12/29/2023
676,Alva,Tedman,atedmanir@alexa.com,Male,1995,Audi,riolet,Richmond,Virginia,23293,US,37.5242,-77.4932,48390,VonRueden-Veum,08/06/2023
677,Dareen,Eykelhof,deykelhofis@businessinsider.com,Female,2009,Volkswagen,Jetta,Littleton,Colorado,80126,US,39.5437,-104.9691,41746,Homenick-Durgan,12/26/2024
678,Carlina,Meredyth,cmeredythit@amazon.de,Agender,1989,Mazda,929,Loretto,Minnesota,55598,US,45.0159,-93.4719,66185,"Considine, Raynor and Douglas",11/19/2022
679,Debra,Tilbury,dtilburyiu@naver.com,Female,2010,Chevrolet,Suburban 2500,Wichita Falls,Texas,76310,US,33.8581,-98.5755,79785,"Walter, Torp and Frami",06/30/2022
680,Trudy,Dochon,tdochoniv@imgur.com,Genderfluid,1993,Lincoln,Mark VIII,Gary,Indiana,46406,US,41.5878,-87.4062,76003,Rau-Kuhic,12/11/2023
681,Tripp,Meikle,tmeikleiw@tinypic.com,Male,2004,Pontiac,Grand Am,Sacramento,California,95865,US,38.596,-121.3978,86133,"Casper, Lockman and Waelchi",03/10/2025
682,Karoly,Genders,kgendersix@hhs.gov,Female,1985,Buick,Regal,Richmond,Virginia,23213,US,37.5593,-77.4471,45295,"Heidenreich, Pollich and Hirthe",02/11/2023
683,Wilton,Gresswell,wgresswelliy@businesswire.com,Male,2008,Ford,GT500,Maple Plain,Minnesota,55572,US,45.0159,-93.4719,63661,Wuckert Group,02/08/2022
684,Judith,Inglefield,jinglefieldiz@canalblog.com,Genderqueer,1994,GMC,3500 Club Coupe,Honolulu,Hawaii,96840,US,21.3068,-157.8607,71438,"Nolan, Wilkinson and Effertz",06/04/2025
685,Bobbie,O'Loughlin,boloughlinj0@patch.com,Female,1993,Volkswagen,Fox,Burbank,California,91505,US,34.169,-118.3442,71861,Beahan Inc,11/07/2022
686,Perice,Plowman,pplowmanj1@ca.gov,Male,2006,Hummer,H1,Atlanta,Georgia,30311,US,33.723,-84.4702,94562,Heller-Farrell,06/11/2024
687,Marius,Torpie,mtorpiej2@techcrunch.com,Male,2009,Mazda,B-Series,Billings,Montana,59112,US,45.9783,-108.1945,43779,Kohler-Wehner,07/18/2024
688,Dilly,Pennigar,dpennigarj3@wired.com,Male,2006,Mercedes-Benz,G55 AMG,Fort Myers,Florida,33906,US,26.5529,-81.9486,87358,"Herzog, Roberts and Kreiger",01/11/2025
689,Ralina,Siberry,rsiberryj4@ebay.com,Female,1988,Subaru,Leone,Peoria,Illinois,61614,US,40.7681,-89.6026,47949,Stiedemann-Ziemann,06/07/2024
690,Olivia,Sigfrid,osigfridj5@oracle.com,Female,1993,Suzuki,Sidekick,Battle Creek,Michigan,49018,US,42.2464,-85.0045,40353,Pagac Inc,04/25/2025
691,Portie,Paddeley,ppaddeleyj6@ucsd.edu,Polygender,2003,Chevrolet,Tahoe,Portland,Oregon,97221,US,45.4918,-122.7267,75041,"Purdy, Torphy and Beatty",12/25/2024
692,Ajay,Spreag,aspreagj7@t.co,Female,2001,Mazda,B-Series,Philadelphia,Pennsylvania,19125,US,39.9788,-75.1262,54227,"Crooks, Bosco and Hilll",02/21/2022
693,Barron,Guinness,bguinnessj8@yellowpages.com,Male,2000,Chevrolet,Lumina,Sacramento,California,94245,US,38.3774,-121.4444,55054,"Rohan, Durgan and Konopelski",09/10/2022
694,Ailsun,McElroy,amcelroyj9@ezinearticles.com,Female,2003,Mercedes-Benz,G-Class,Sacramento,California,94237,US,38.3774,-121.4444,33599,"Tillman, Hand and Fritsch",08/03/2025
695,Staffard,Darragh,sdarraghja@constantcontact.com,Male,2009,Suzuki,SX4,Albuquerque,New Mexico,87140,US,35.0443,-106.6729,56591,"Sanford, Kessler and Botsford",09/15/2023
696,Philipa,Elderbrant,pelderbrantjb@nature.com,Female,2003,Pontiac,Sunfire,Denver,Colorado,80262,US,39.731,-104.9384,78796,Streich Inc,04/18/2022
697,Ddene,Eayres,deayresjc@ucla.edu,Female,2011,Mercedes-Benz,SLK-Class,Tulsa,Oklahoma,74149,US,36.1398,-96.0297,30873,Grant Group,02/19/2024
698,Byron,Limb,blimbjd@state.gov,Male,2003,Lexus,GS,Tulsa,Oklahoma,74133,US,36.0467,-95.8841,66504,"Sporer, Wolf and Bailey",05/14/2023
699,Billie,Brunsdon,bbrunsdonje@naver.com,Polygender,1999,Pontiac,Bonneville,Flint,Michigan,48555,US,43.0113,-83.7108,98087,"Crist, VonRueden and Bashirian",07/25/2022
700,Berkie,Goldthorp,bgoldthorpjf@com.com,Male,1993,Mitsubishi,Eclipse,New Haven,Connecticut,06533,US,41.3657,-72.9275,85692,Hilll-Grimes,06/15/2023
701,Page,Dukelow,pdukelowjg@bbb.org,Male,2001,Chrysler,300M,Miami,Florida,33169,US,25.9441,-80.2144,57442,Ratke-Ziemann,11/02/2025
702,Lawry,Hemms,lhemmsjh@sciencedaily.com,Male,1997,Honda,Prelude,Lynchburg,Virginia,24503,US,37.4376,-79.205,71075,Grimes LLC,09/08/2024
703,Holly-anne,Tomasicchio,htomasicchioji@irs.gov,Female,2009,Ferrari,F430,Brockton,Massachusetts,02405,US,41.9705,-70.7014,63055,Cassin-Walter,11/29/2023
704,Westley,Vinter,wvinterjj@jimdo.com,Male,2001,Ford,Econoline E150,Hyattsville,Maryland,20784,US,38.9513,-76.8958,81140,Murray-Reichel,02/21/2024
705,Thoma,Beetham,tbeethamjk@fastcompany.com,Male,2005,Audi,A8,Miami,Florida,33134,US,25.768,-80.2714,70074,"Reilly, Langworth and Littel",10/16/2022
706,Johan,McPhelim,jmcphelimjl@pagesperso-orange.fr,Male,1997,Dodge,Caravan,Richmond,Virginia,23242,US,37.5313,-77.4161,42395,Frami-Heathcote,07/29/2025
707,Tomaso,Dole,tdolejm@tumblr.com,Male,2005,Suzuki,Forenza,Amarillo,Texas,79118,US,35.0763,-101.8349,84443,Towne-Rempel,10/03/2025
708,Norrie,Haldene,nhaldenejn@ftc.gov,Female,2010,Nissan,Altima,Atlanta,Georgia,30306,US,33.786,-84.3514,40621,Berge LLC,09/22/2023
709,Court,Gudgin,cgudginjo@typepad.com,Male,2005,Volvo,V50,Brooklyn,New York,11215,US,40.6669,-73.9828,92236,"Reichert, Barton and Koch",09/10/2025
710,Lavena,Curneen,lcurneenjp@typepad.com,Female,2009,Volvo,XC70,Hampton,Virginia,23663,US,37.0318,-76.3199,42547,D'Amore-Metz,06/02/2022
711,Adara,Doig,adoigjq@amazon.de,Female,2011,Hyundai,Sonata,Stockton,California,95205,US,37.9625,-121.2624,41105,"Wolff, Toy and Bartell",03/20/2024
712,Hedwig,Fouch,hfouchjr@microsoft.com,Female,2002,Pontiac,Aztek,Kent,Washington,98042,US,47.368,-122.1206,94283,Jaskolski Group,09/08/2024
713,Malchy,Menhci,mmenhcijs@ask.com,Male,2010,GMC,Sierra 2500,Des Moines,Iowa,50936,US,41.6727,-93.5722,62822,Block-Kirlin,05/20/2025
714,Nicolis,Bourner,nbournerjt@archive.org,Male,2012,Mercedes-Benz,SL-Class,New Orleans,Louisiana,70160,US,30.033,-89.8826,51990,Senger Inc,10/15/2025
715,Dorothee,Abazi,dabaziju@gizmodo.com,Female,2006,Infiniti,QX,Corona,California,92878,US,33.7529,-116.0556,72439,Haag LLC,03/26/2022
716,Dixie,Storm,dstormjv@flickr.com,Agender,2004,Nissan,Frontier,Canton,Ohio,44710,US,40.7911,-81.4169,52213,Bruen Group,05/24/2022
717,Osmund,Magenny,omagennyjw@google.es,Male,2009,Ferrari,F430,Spokane,Washington,99260,US,47.6536,-117.4317,86354,Koch-Prosacco,03/15/2024
718,Aindrea,Thresh,athreshjx@imdb.com,Female,2008,Honda,CR-V,Glendale,Arizona,85305,US,33.5291,-112.2482,41197,"Carroll, Mueller and Koch",02/17/2023
719,Deloris,Hughlock,dhughlockjy@cisco.com,Female,2008,Porsche,Cayman,New Bedford,Massachusetts,02745,US,41.6913,-70.9355,79219,Reichert-Grimes,11/04/2024
720,Chad,Gemmill,cgemmilljz@constantcontact.com,Male,2000,Chevrolet,Tracker,Chico,California,95973,US,39.8032,-121.8673,70487,"Hayes, Hand and Jast",11/08/2025
721,Oralia,Sacker,osackerk0@xinhuanet.com,Female,2001,Jeep,Cherokee,Hartford,Connecticut,06140,US,41.7918,-72.7188,42767,Pagac-Watsica,08/11/2024
722,Pieter,Harkus,pharkusk1@china.com.cn,Male,1993,Chevrolet,Suburban 2500,Miami,Florida,33196,US,25.6615,-80.441,96812,"Konopelski, Bashirian and Labadie",12/27/2022
723,Rubina,Wollrauch,rwollrauchk2@dailymail.co.uk,Female,1995,Plymouth,Voyager,Green Bay,Wisconsin,54313,US,44.5463,-88.1021,90514,O'Connell LLC,09/19/2025
724,Dave,Maine,dmainek3@zimbio.com,Male,1989,Volkswagen,Type 2,Lansing,Michigan,48930,US,42.7325,-84.5587,59331,"Rath, Gutmann and Wehner",08/08/2022
725,Kile,Mulgrew,kmulgrewk4@epa.gov,Male,1989,Volkswagen,Jetta,Fairfield,Connecticut,06825,US,41.1928,-73.2402,52033,Simonis-Bednar,06/17/2024
726,Thom,Kondratovich,tkondratovichk5@mtv.com,Male,2004,Chevrolet,Express 3500,Brooksville,Florida,34605,US,28.5059,-82.4226,96863,"Bernhard, Thompson and Treutel",10/15/2024
727,Talyah,Gelsthorpe,tgelsthorpek6@loc.gov,Female,1993,Volkswagen,GTI,Dallas,Texas,75310,US,32.7673,-96.7776,60227,Olson Group,12/19/2025
728,Fredrick,McRoberts,fmcrobertsk7@acquirethisname.com,Male,1999,Ford,Ranger,Denver,Colorado,80299,US,39.7388,-104.4083,77215,"Waelchi, Hansen and Abernathy",12/02/2024
729,Becka,Kondratovich,bkondratovichk8@alexa.com,Female,2000,Hyundai,Accent,Fort Pierce,Florida,34981,US,27.4049,-80.3623,42284,Cummerata Inc,11/27/2022
730,Zoe,Lewcock,zlewcockk9@example.com,Female,2001,BMW,5 Series,Washington,District of Columbia,20546,US,38.891,-77.0211,57044,Veum LLC,03/18/2022
731,Igor,Studd,istuddka@technorati.com,Male,2004,Toyota,Echo,Dallas,Texas,75246,US,32.7948,-96.7697,45942,"Kuhlman, Wunsch and Thiel",05/29/2025
732,Cinderella,Mottley,cmottleykb@sitemeter.com,Female,1996,Mercedes-Benz,C-Class,Terre Haute,Indiana,47805,US,39.5327,-87.3255,40570,Mueller-Padberg,12/19/2022
733,Kiele,Lisciandri,klisciandrikc@illinois.edu,Female,1997,Oldsmobile,Cutlass,Oklahoma City,Oklahoma,73157,US,35.5514,-97.4075,30947,"Walsh, Rempel and Abernathy",07/19/2025
734,Micky,Scotford,mscotfordkd@indiegogo.com,Female,1996,Lexus,GS,Wilmington,Delaware,19810,US,39.8188,-75.5064,39907,Abernathy and Sons,08/29/2024
735,Carlie,Tarply,ctarplyke@webnode.com,Male,1997,Toyota,T100 Xtra,San Francisco,California,94147,US,37.7848,-122.7278,97030,"Hegmann, Sipes and Koelpin",03/16/2024
736,Stefan,Manilove,smanilovekf@wunderground.com,Male,2007,Toyota,Avalon,Morgantown,West Virginia,26505,US,39.6505,-79.944,63190,"Wilkinson, Emard and Metz",05/31/2022
737,Jillene,Rennard,jrennardkg@exblog.jp,Female,2007,Audi,A4,Toledo,Ohio,43605,US,41.6525,-83.5085,58450,Lind-Sipes,03/03/2025
738,Blinnie,Prince,bprincekh@mapquest.com,Female,1995,Holden,VS Commodore,Hampton,Virginia,23668,US,37.0206,-76.3377,93579,Bruen-Witting,12/08/2025
739,Carolina,Haselup,chaselupki@nbcnews.com,Female,2008,Scion,tC,Utica,New York,13505,US,43.0872,-75.2603,84997,Reynolds Group,08/21/2025
740,Janette,Sivell,jsivellkj@pcworld.com,Genderqueer,2002,Hyundai,Sonata,Meridian,Mississippi,39305,US,32.4401,-88.6783,74675,Roberts-Gerlach,11/06/2025
741,Austine,Skewes,askeweskk@nih.gov,Female,2011,MINI,Cooper Clubman,Washington,District of Columbia,20215,US,38.8933,-77.0146,54092,"Toy, Marquardt and Goyette",12/17/2022
742,Garv,MacEveley,gmaceveleykl@cmu.edu,Male,1996,Mitsubishi,Expo LRV,Washington,District of Columbia,20057,US,38.8933,-77.0146,92986,Satterfield and Sons,03/02/2024
743,Melisent,Dahmel,mdahmelkm@spiegel.de,Female,1992,Dodge,Ramcharger,Madison,Wisconsin,53790,US,43.0696,-89.4239,58383,"Langworth, Kemmer and Bergstrom",04/13/2024
744,Tirrell,Doll,tdollkn@jimdo.com,Non-binary,2001,BMW,3 Series,Bethesda,Maryland,20816,US,38.9585,-77.1153,94928,Okuneva-Kreiger,05/26/2025
745,Leesa,Lethabridge,llethabridgeko@admin.ch,Bigender,2003,Mercedes-Benz,CL-Class,Canton,Ohio,44710,US,40.7911,-81.4169,55078,"Ryan, Veum and Heathcote",09/30/2025
746,Dodi,Osichev,dosichevkp@pen.io,Female,2011,Dodge,Caliber,Evansville,Indiana,47737,US,37.9971,-87.575,33142,McClure-Kuhic,06/09/2025
747,Adler,Boniface,abonifacekq@yahoo.co.jp,Male,1995,Mazda,MX-3,Sacramento,California,94273,US,38.3774,-121.4444,39316,Wehner-Hammes,02/18/2023
748,Melli,Harbron,mharbronkr@about.com,Female,1997,Saab,9000,Richmond,Virginia,23203,US,37.5593,-77.4471,40240,"Howe, Reichert and Leffler",10/10/2022
749,Charmion,Braid,cbraidks@msn.com,Agender,1990,Maserati,Karif,Washington,District of Columbia,20404,US,38.8992,-77.0089,42287,Kemmer-Hane,04/08/2022
750,Arri,Lapley,alapleykt@unesco.org,Male,2009,Ford,Flex,Garland,Texas,75044,US,32.9522,-96.6654,47671,Torp-Bergstrom,07/26/2022
751,Bronson,Childes,bchildesku@wp.com,Polygender,2009,Lamborghini,Murciélago,Las Vegas,Nevada,89166,US,36.3265,-115.3398,82052,Wuckert-Brown,10/22/2023
752,Loni,Whardley,lwhardleykv@sourceforge.net,Female,2007,Lexus,GS,Pittsburgh,Pennsylvania,15225,US,40.5051,-80.1155,34327,Conroy-Padberg,08/31/2023
753,Dani,Kinnear,dkinnearkw@google.co.uk,Female,2006,Subaru,Outback,Portland,Oregon,97232,US,45.5287,-122.6363,73354,Weimann Inc,06/28/2023
754,Aguie,Lemanu,alemanukx@symantec.com,Male,2000,Pontiac,Firebird,New York City,New York,10125,US,40.7808,-73.9772,96366,Osinski LLC,05/31/2023
755,Cyrillus,Jupe,cjupeky@ehow.com,Male,2008,Nissan,Pathfinder,New Haven,Connecticut,06533,US,41.3657,-72.9275,53003,Raynor-Rogahn,08/21/2025
756,Mendie,Jenicke,mjenickekz@nps.gov,Male,2011,Subaru,Impreza WRX,Moreno Valley,California,92555,US,33.9377,-117.1851,61973,"Barrows, Sawayn and Denesik",07/07/2025
757,Cecilio,Bulman,cbulmanl0@theglobeandmail.com,Male,1998,Pontiac,Sunfire,Albuquerque,New Mexico,87121,US,35.0512,-106.7269,60108,Yundt-Braun,12/04/2022
758,Whittaker,Belone,wbelonel1@unc.edu,Male,2007,Chevrolet,Express 3500,Carson City,Nevada,89706,US,39.2025,-119.7526,76851,O'Keefe and Sons,05/21/2023
759,Rad,Pedrocco,rpedroccol2@shop-pro.jp,Bigender,2012,Toyota,Prius,Abilene,Texas,79605,US,32.432,-99.7724,99262,Gleichner LLC,10/14/2023
760,Bryanty,Gittings,bgittingsl3@scribd.com,Male,1999,Suzuki,Grand Vitara,London,Kentucky,40745,US,37.1376,-84.1156,37909,Labadie Group,06/08/2025
761,Boothe,Penton,bpentonl4@sitemeter.com,Male,2003,Maybach,62,Peoria,Illinois,61629,US,40.692,-89.5887,85743,Wilderman LLC,11/27/2024
762,Bronnie,Keattch,bkeattchl5@wired.com,Male,2013,GMC,Sierra 1500,Trenton,New Jersey,08638,US,40.251,-74.7627,75319,Hoeger-Little,11/04/2023
763,Georgette,Wimsett,gwimsettl6@wikimedia.org,Agender,1998,Lexus,GS,Inglewood,California,90305,US,33.9583,-118.3258,93178,"Stroman, Kiehn and Streich",02/08/2022
764,Roth,Bardsley,rbardsleyl7@scribd.com,Male,2009,Nissan,Versa,Phoenix,Arizona,85020,US,33.5623,-112.0559,62035,"Carroll, Dickens and Hudson",12/15/2024
765,Woodman,Keyser,wkeyserl8@zdnet.com,Male,2012,Kia,Sportage,Scranton,Pennsylvania,18505,US,41.3914,-75.6657,68254,Mueller LLC,08/05/2025
766,Viola,Michel,vmichell9@nytimes.com,Genderfluid,1995,GMC,3500 Club Coupe,Orlando,Florida,32835,US,28.5289,-81.4787,81388,"Gutmann, Schulist and Bins",02/21/2025
767,Benedick,Martyntsev,bmartyntsevla@ucoz.ru,Male,2012,Acura,TL,Peoria,Illinois,61635,US,40.7442,-89.7184,49502,Larson-Fahey,02/24/2023
768,Nadia,Jasiak,njasiaklb@geocities.jp,Female,2003,BMW,525,Aurora,Colorado,80044,US,39.7388,-104.4083,72814,Fay Group,07/10/2024
769,Krishna,Jantzen,kjantzenlc@mashable.com,Male,1998,GMC,Safari,Chicago,Illinois,60657,US,41.9399,-87.6528,48555,Lemke-Herman,02/05/2022
770,Carling,Marjanovic,cmarjanovicld@whitehouse.gov,Male,2005,Chevrolet,Silverado 2500,Panama City,Florida,32412,US,30.2345,-85.692,51612,Feest-Schiller,09/10/2023
771,Emylee,Pruckner,eprucknerle@storify.com,Female,2011,Audi,Q5,Indianapolis,Indiana,46278,US,39.8726,-86.2768,89704,"Moore, Stoltenberg and Kris",10/06/2025
772,Colver,Angove,cangovelf@washington.edu,Male,2005,Honda,Accord,Baltimore,Maryland,21229,US,39.2856,-76.6899,61563,Lehner LLC,06/25/2022
773,Debora,Morrall,dmorralllg@google.de,Female,2011,Mercury,Milan,Fresno,California,93721,US,36.7377,-119.7843,83273,"Toy, Steuber and Runolfsdottir",07/11/2022
774,Yovonnda,Bartoloma,ybartolomalh@yahoo.co.jp,Female,1992,Mercury,Cougar,Chandler,Arizona,85246,US,33.2765,-112.1872,40533,Thompson and Sons,05/11/2025
775,Bartholemy,Sparshatt,bsparshattli@goo.ne.jp,Male,2006,Isuzu,i-350,Santa Barbara,California,93106,US,34.4329,-119.8371,98025,Hagenes-McLaughlin,01/01/2024
776,Dorise,Norvell,dnorvelllj@wunderground.com,Female,1996,Mazda,Miata MX-5,Washington,District of Columbia,20409,US,38.8933,-77.0146,93796,"Goldner, Feeney and Feeney",10/26/2022
777,Florette,Propper,fpropperlk@census.gov,Female,1996,Mazda,MX-5,Louisville,Kentucky,40225,US,38.189,-85.6768,95528,"Bergnaum, Gislason and Bartell",08/08/2022
778,Erda,Dowsing,edowsingll@ftc.gov,Genderfluid,1984,Lincoln,Mark VII,Miami,Florida,33233,US,25.5584,-80.4582,59864,Smith-Schuppe,01/18/2023
779,Charlena,Rimour,crimourlm@tumblr.com,Female,2008,Dodge,Ram,Milwaukee,Wisconsin,53234,US,43.0174,-87.5697,74046,"Steuber, Wisozk and Kshlerin",12/17/2022
780,Coleman,Garroch,cgarrochln@photobucket.com,Male,2011,Volvo,XC60,Lubbock,Texas,79491,US,33.61,-101.8213,92334,Howell-Paucek,09/24/2023
781,Gisele,Strettell,gstrettelllo@gnu.org,Female,2005,BMW,745,New York City,New York,10150,US,40.7808,-73.9772,49589,Hilpert-Rath,08/09/2023
782,Sebastian,Buckie,sbuckielp@sphinn.com,Male,2012,Dodge,Durango,Dallas,Texas,75397,US,32.7673,-96.7776,61025,Ziemann LLC,01/10/2025
783,Donna,Ambrogi,dambrogilq@theglobeandmail.com,Female,2000,Acura,NSX,Virginia Beach,Virginia,23454,US,36.8282,-76.0237,35113,Sawayn-Friesen,01/15/2023
784,Orion,Cayzer,ocayzerlr@cocolog-nifty.com,Male,2008,Mitsubishi,Eclipse,Muskegon,Michigan,49444,US,43.1791,-86.1989,69807,"Schulist, Kuvalis and West",01/15/2024
785,Brady,Iczokvitz,biczokvitzls@theguardian.com,Male,1996,Hyundai,Accent,San Antonio,Texas,78240,US,29.5189,-98.6006,57268,"Rempel, White and Waelchi",03/15/2024
786,Travers,Urrey,turreylt@microsoft.com,Male,2009,Mercedes-Benz,GL-Class,Reno,Nevada,89505,US,39.5224,-119.8353,95357,Durgan-Reichel,06/29/2024
787,Valene,Mackin,vmackinlu@icq.com,Female,2009,Chevrolet,Corvette,Indianapolis,Indiana,46254,US,39.849,-86.272,86518,Bartell-Muller,04/21/2024
788,Agosto,Lilleyman,alilleymanlv@tripadvisor.com,Male,2007,Land Rover,Range Rover,Philadelphia,Pennsylvania,19178,US,40.0018,-75.1179,73726,Pfeffer-Volkman,12/16/2025
789,Lars,Kedward,lkedwardlw@wix.com,Male,1984,Ford,Escort,Independence,Missouri,64054,US,39.11,-94.4401,67536,"Huels, Sporer and Christiansen",05/09/2023
790,Ive,Gregon,igregonlx@unicef.org,Male,1993,Isuzu,Trooper,Fresno,California,93740,US,36.7464,-119.6397,42324,Mills and Sons,12/02/2024
791,Mikey,Felder,mfelderly@behance.net,Bigender,2001,Toyota,Avalon,Miami,Florida,33175,US,25.7341,-80.4068,68239,"Daugherty, Abbott and Johns",08/20/2024
792,Hernando,Bougen,hbougenlz@freewebs.com,Male,2002,Volkswagen,Golf,Colorado Springs,Colorado,80915,US,38.8558,-104.7134,51459,Shanahan LLC,03/02/2023
793,Fidelio,Locks,flocksm0@prweb.com,Male,2004,Ford,Thunderbird,Johnstown,Pennsylvania,15906,US,40.3522,-78.9383,63423,"Friesen, Schroeder and Batz",03/24/2022
794,Kate,Grasha,kgrasham1@alexa.com,Female,2005,Lincoln,LS,Springfield,Illinois,62756,US,39.7495,-89.606,65522,McKenzie Inc,04/10/2023
795,Maitilde,Filippazzo,mfilippazzom2@cnet.com,Female,2005,Chevrolet,Express 2500,San Antonio,Texas,78240,US,29.5189,-98.6006,67676,Rath-Christiansen,03/29/2025
796,Tabbie,Draye,tdrayem3@google.es,Female,1992,Plymouth,Acclaim,Texarkana,Texas,75507,US,33.3934,-94.3404,65915,"Medhurst, Mraz and Kuphal",10/02/2025
797,Arnuad,Heathfield,aheathfieldm4@sfgate.com,Male,2006,Suzuki,Aerio,Des Moines,Iowa,50362,US,41.6727,-93.5722,83534,Maggio-Schowalter,04/28/2024
798,Carline,Karpe,ckarpem5@ebay.com,Female,1976,Pontiac,Grand Prix,Little Rock,Arkansas,72209,US,34.6725,-92.3529,69746,Botsford-Feeney,04/28/2023
799,Agna,Ludford,aludfordm6@berkeley.edu,Female,2006,Cadillac,DTS,Johnstown,Pennsylvania,15906,US,40.3522,-78.9383,48427,Legros Group,01/17/2023
800,Franklin,O'Cahey,focaheym7@msu.edu,Male,2007,Mazda,B-Series,Orlando,Florida,32830,US,28.3822,-81.569,70558,Borer-Dietrich,05/03/2024
801,Hamilton,Prantoni,hprantonim8@freewebs.com,Male,2008,Lincoln,MKX,Arlington,Virginia,22234,US,38.8808,-77.113,84763,Kreiger-Rath,02/27/2024
802,Shel,Van den Dael,svandendaelm9@soup.io,Female,2008,Mercedes-Benz,E-Class,Lancaster,California,93584,US,33.7866,-118.2987,30284,"Vandervort, Goldner and Luettgen",10/03/2023
803,Saba,Rizzelli,srizzellima@blog.com,Polygender,2000,Dodge,Caravan,Seattle,Washington,98175,US,47.7161,-122.3004,73138,Wolff-Cormier,10/22/2023
804,Terrye,Sign,tsignmb@geocities.com,Female,1997,Land Rover,Defender 90,El Paso,Texas,88519,US,31.6948,-106.3,32256,Fisher and Sons,03/11/2023
805,Malorie,Furnell,mfurnellmc@edublogs.org,Female,2013,Lexus,LX,Rochester,New York,14624,US,43.1216,-77.7311,36588,"Klocko, Wilkinson and Considine",04/10/2023
806,Warden,Tearny,wtearnymd@prlog.org,Male,2004,BMW,Z4,New York City,New York,10105,US,40.7628,-73.9785,91715,Mosciski and Sons,06/21/2022
807,Burch,Grimditch,bgrimditchme@etsy.com,Male,1988,Mercury,Grand Marquis,Nashville,Tennessee,37220,US,36.0641,-86.7697,68886,Morar Inc,03/10/2024
808,Avictor,Plank,aplankmf@foxnews.com,Male,1992,Chevrolet,S10 Blazer,Peoria,Illinois,61605,US,40.6775,-89.6263,48652,Kertzmann Inc,03/23/2022
809,Lee,Rickeard,lrickeardmg@berkeley.edu,Female,1989,Mitsubishi,Starion,Orlando,Florida,32868,US,28.5663,-81.2608,55391,Schaden-Dickens,10/05/2024
810,Mayer,Gallgher,mgallghermh@wiley.com,Male,2003,Pontiac,Grand Prix,Detroit,Michigan,48211,US,42.3809,-83.0409,48970,Rippin Group,05/21/2025
811,Yoshi,Longworth,ylongworthmi@msu.edu,Female,1993,Ford,F150,Springfield,Illinois,62764,US,39.7495,-89.606,60238,Parisian-Schroeder,01/26/2025
812,Janina,Boyles,jboylesmj@slashdot.org,Agender,2007,Chevrolet,Cobalt,Huntington,West Virginia,25711,US,38.4134,-82.2774,43600,"Hegmann, Hauck and Hammes",02/04/2024
813,Shurlocke,Bough,sboughmk@angelfire.com,Male,2002,Chevrolet,Cavalier,Columbus,Georgia,31998,US,32.491,-84.8741,38305,"Sawayn, Gleason and Abernathy",02/13/2024
814,Augustin,Hackin,ahackinml@go.com,Male,1994,Subaru,Justy,New York City,New York,10155,US,40.7611,-73.968,63343,Rice Inc,06/17/2024
815,Joby,Mariet,jmarietmm@umn.edu,Female,2013,Ford,Escape,Columbus,Ohio,43231,US,40.081,-82.9383,98451,Ullrich LLC,07/08/2025
816,Amby,Deeman,adeemanmn@usnews.com,Non-binary,1985,Buick,Somerset,Whittier,California,90610,US,33.7866,-118.2987,32832,Graham-Gutkowski,04/02/2024
817,Atlanta,Caton,acatonmo@ihg.com,Female,1985,Mercedes-Benz,SL-Class,Salt Lake City,Utah,84125,US,40.6681,-111.9083,50171,Davis Group,03/23/2025
818,Marcela,Etridge,metridgemp@feedburner.com,Female,2000,Infiniti,G,Buffalo,New York,14210,US,42.8614,-78.8206,71511,"White, Ruecker and Lubowitz",09/23/2023
819,Beulah,Cristoforo,bcristoforomq@google.pl,Female,2004,Hyundai,Sonata,Birmingham,Alabama,35290,US,33.5446,-86.9292,86559,Stiedemann Inc,02/09/2022
820,Hildegarde,Champion,hchampionmr@tamu.edu,Female,2008,Aston Martin,DB9,Los Angeles,California,90050,US,33.7866,-118.2987,98663,Mayert Group,11/05/2024
821,Eli,Blackman,eblackmanms@hud.gov,Male,2004,Ford,E-Series,San Antonio,Texas,78215,US,29.4413,-98.4793,99257,Watsica Inc,05/22/2025
822,Philip,Hedgecock,phedgecockmt@rakuten.co.jp,Male,1993,BMW,7 Series,Houston,Texas,77015,US,29.7853,-95.1852,75067,Koss-Monahan,12/07/2024
823,Virgilio,Paton,vpatonmu@wix.com,Male,1972,Chevrolet,Corvette,Jacksonville,Florida,32259,US,30.0956,-81.6217,77015,"Klocko, Berge and Altenwerth",09/01/2025
824,Bartholomeo,Courson,bcoursonmv@boston.com,Male,2004,Nissan,Titan,San Diego,California,92176,US,33.0169,-116.846,49939,Willms-Grimes,08/07/2023
825,Jayne,Renals,jrenalsmw@miibeian.gov.cn,Female,2004,Toyota,Prius,Portland,Oregon,97221,US,45.4918,-122.7267,38100,Schmeler Inc,11/19/2024
826,Ruggiero,Purcell,rpurcellmx@t-online.de,Male,2007,Hyundai,Elantra,San Jose,California,95173,US,37.3352,-121.8938,32537,"Spencer, Skiles and Fritsch",03/21/2023
827,Xever,Hertwell,xhertwellmy@tripadvisor.com,Genderqueer,2010,Porsche,Panamera,Washington,District of Columbia,20470,US,38.8933,-77.0146,71255,Kohler-Dibbert,11/20/2024
828,Ruthi,Don,rdonmz@google.com.br,Female,2011,Kia,Sedona,Washington,District of Columbia,20099,US,38.8933,-77.0146,31856,Collier-Yost,06/29/2023
829,Nero,Sellick,nsellickn0@sohu.com,Male,1998,Nissan,240SX,Warren,Michigan,48092,US,42.5125,-83.0643,93777,"Schamberger, Rath and Feest",05/28/2025
830,Mikel,Aloshechkin,maloshechkinn1@vimeo.com,Male,1999,Kia,Sephia,Irvine,California,92717,US,33.6462,-117.8398,80907,Beier-Paucek,11/14/2022
831,Craig,Sprigging,cspriggingn2@msu.edu,Male,2002,Lotus,Esprit,Tucson,Arizona,85715,US,32.2519,-110.82,81812,Douglas-Howe,02/01/2023
832,Pearla,Brailsford,pbrailsfordn3@si.edu,Female,1993,Toyota,Corolla,Omaha,Nebraska,68124,US,41.2338,-96.0495,55850,"Gleichner, Turcotte and Beahan",12/31/2025
833,Estele,Newvill,enewvilln4@ed.gov,Female,2009,Nissan,Cube,Boston,Massachusetts,02124,US,42.2868,-71.071,48395,"Harvey, Heidenreich and Pfeffer",12/01/2023
834,Joyous,Hudless,jhudlessn5@craigslist.org,Female,2004,Nissan,Sentra,West Hartford,Connecticut,06127,US,41.7918,-72.7188,73401,Rogahn-Boyer,08/15/2025
835,Rosalind,Goldspink,rgoldspinkn6@prweb.com,Female,2009,Audi,R8,Chandler,Arizona,85246,US,33.2765,-112.1872,79259,"Purdy, Kilback and Denesik",04/14/2024
836,Homerus,Conkling,hconklingn7@i2i.jp,Genderfluid,1985,Ford,Bronco,Indianapolis,Indiana,46266,US,39.7795,-86.1328,62198,"Bernier, Kerluke and Hermann",07/08/2023
837,Coleman,Durrad,cdurradn8@mysql.com,Male,2003,BMW,Z4,Des Moines,Iowa,50320,US,41.5487,-93.5827,90810,Dicki-Mueller,11/18/2023
838,Owen,Jonsson,ojonssonn9@earthlink.net,Male,1998,Ford,Club Wagon,Detroit,Michigan,48267,US,42.2399,-83.1508,94801,Schamberger-Effertz,02/10/2025
839,Darcie,McDougle,dmcdouglena@sina.com.cn,Female,2007,Honda,Ridgeline,Flushing,New York,11355,US,40.7536,-73.8226,96974,Crooks-Crona,01/24/2025
840,Vickie,Spaven,vspavennb@reuters.com,Female,2005,Ford,F350,Spokane,Washington,99210,US,47.6536,-117.4317,76935,Mann-Mitchell,05/12/2024
841,Mayer,Hammand,mhammandnc@guardian.co.uk,Male,2008,Ford,E-Series,Lake Charles,Louisiana,70616,US,30.2642,-93.3265,40739,West-Bayer,07/31/2025
842,Ester,Matejovsky,ematejovskynd@eepurl.com,Female,2008,Mercedes-Benz,CL-Class,Pittsburgh,Pennsylvania,15286,US,40.4344,-80.0248,43718,Romaguera Inc,07/28/2025
843,Amber,Bendin,abendinne@blog.com,Female,1996,Jeep,Grand Cherokee,El Paso,Texas,88574,US,31.6948,-106.3,88406,Will Group,05/03/2024
844,Sebastian,O'Kieran,sokierannf@behance.net,Male,1994,Volkswagen,Corrado,Richmond,Virginia,23228,US,37.625,-77.4959,79391,"Bruen, Waters and Zboncak",01/23/2024
845,Florie,Falshaw,ffalshawng@cmu.edu,Female,2009,Chevrolet,Suburban 1500,Jacksonville,Florida,32230,US,30.3449,-81.6831,31751,"Vandervort, Mraz and Stracke",03/11/2023
846,Elisha,Braley,ebraleynh@edublogs.org,Female,2003,Dodge,Ram 3500,Erie,Pennsylvania,16550,US,42.1827,-80.0649,34284,"Leffler, Bahringer and Braun",11/19/2024
847,Sherill,Manske,smanskeni@csmonitor.com,Female,2009,Ford,Mustang,Fresno,California,93794,US,36.7464,-119.6397,53833,Moen Group,11/18/2023
848,Tanhya,Mattingson,tmattingsonnj@marriott.com,Female,2012,Toyota,Tacoma,Saint Augustine,Florida,32092,US,29.9475,-81.5264,62529,Nicolas and Sons,12/13/2024
849,Annmarie,Cleevely,acleevelynk@boston.com,Female,1994,Volkswagen,Golf,Santa Monica,California,90410,US,33.7866,-118.2987,50968,Zemlak-Lockman,07/14/2024
850,Zenia,Goard,zgoardnl@wikia.com,Female,1996,Lincoln,Mark VIII,Pensacola,Florida,32505,US,30.4481,-87.2589,73346,Shields-Reinger,12/02/2024
851,Durward,Sambidge,dsambidgenm@utexas.edu,Male,2006,Ford,GT,Phoenix,Arizona,85015,US,33.5082,-112.1011,81417,Schroeder-Barrows,05/03/2024
852,Buddy,Stanyan,bstanyannn@sun.com,Male,2010,Hyundai,Genesis,Sioux Falls,South Dakota,57110,US,43.5486,-96.6332,39416,"Bogan, Fay and Towne",02/05/2023
853,Matty,Sneller,msnellerno@imgur.com,Genderfluid,2002,Pontiac,Grand Am,Philadelphia,Pennsylvania,19196,US,40.0018,-75.1179,39043,Heathcote Group,12/22/2025
854,Carroll,Bevens,cbevensnp@aboutads.info,Male,2009,Volvo,S40,Corpus Christi,Texas,78470,US,27.777,-97.4632,63293,Gislason Group,08/02/2024
855,Staffard,Carbin,scarbinnq@elegantthemes.com,Male,1992,Mitsubishi,Precis,Mesquite,Texas,75185,US,32.7403,-96.5618,82112,"Rodriguez, Padberg and Schaefer",02/16/2025
856,Rebeca,Le Pruvost,rlepruvostnr@boston.com,Agender,2005,Cadillac,Escalade EXT,Buffalo,New York,14220,US,42.8441,-78.8182,62401,Dooley and Sons,01/19/2026
857,Edouard,Dallinder,edallinderns@jugem.jp,Male,1998,Chevrolet,3500,Corpus Christi,Texas,78470,US,27.777,-97.4632,32968,Dicki Group,01/31/2025
858,Codee,Peppard,cpeppardnt@mozilla.org,Female,1994,Chevrolet,Camaro,Naples,Florida,34114,US,26.0143,-81.5856,84894,Weissnat-Daugherty,02/18/2025
859,Geralda,Chellenham,gchellenhamnu@tripod.com,Female,2012,Rolls-Royce,Phantom,Columbia,South Carolina,29215,US,34.006,-80.9708,87882,Marquardt-Kihn,06/21/2023
860,Bryna,Smitham,bsmithamnv@si.edu,Polygender,1992,Ford,Econoline E250,Oakland,California,94627,US,37.6802,-121.9215,69449,"Schiller, Davis and Donnelly",02/25/2023
861,Chelsey,McMakin,cmcmakinnw@senate.gov,Female,1995,Toyota,Xtra,Fresno,California,93750,US,36.7464,-119.6397,32618,Streich-Schulist,01/07/2026
862,Brannon,Gracewood,bgracewoodnx@lulu.com,Male,2004,Chevrolet,Silverado 1500,Warren,Michigan,48092,US,42.5125,-83.0643,37483,Dibbert and Sons,07/15/2022
863,Goddart,Bremley,gbremleyny@odnoklassniki.ru,Male,2007,BMW,M5,Lexington,Kentucky,40581,US,38.0283,-84.4715,63696,"Mayer, Ondricka and Hansen",08/26/2024
864,Clem,Grossman,cgrossmannz@histats.com,Female,2009,Aptera,2e,Tacoma,Washington,98417,US,47.2061,-122.4822,63982,Keeling Inc,03/21/2024
865,Winny,Rames,wrameso0@shareasale.com,Female,2001,Acura,CL,Sacramento,California,95818,US,38.5568,-121.4929,98202,Koss-Goodwin,01/21/2026
866,Corbet,Balderstone,cbalderstoneo1@seattletimes.com,Male,2007,Mazda,Mazdaspeed 3,Spartanburg,South Carolina,29305,US,35.1114,-82.1055,40599,"Hackett, Murazik and Wyman",08/17/2024
867,Denyse,Frizell,dfrizello2@census.gov,Female,1995,Land Rover,Range Rover,Virginia Beach,Virginia,23464,US,36.7978,-76.1759,45652,"Rempel, Beahan and Bins",06/01/2023
868,Marne,Denkel,mdenkelo3@slate.com,Female,1965,Ford,Mustang,Hartford,Connecticut,06105,US,41.7691,-72.701,67840,Hettinger-Cremin,11/29/2022
869,Benjamen,Dallewater,bdallewatero4@newyorker.com,Male,2006,Ford,E-350 Super Duty,Columbus,Ohio,43231,US,40.081,-82.9383,49888,"Davis, Watsica and Steuber",10/04/2023
870,Halette,Sidlow,hsidlowo5@pagesperso-orange.fr,Female,1995,Jeep,Grand Cherokee,Philadelphia,Pennsylvania,19120,US,40.0343,-75.1213,73530,Krajcik and Sons,09/02/2023
871,Deeanne,Worg,dworgo6@multiply.com,Female,1997,Porsche,911,Columbus,Georgia,31998,US,32.491,-84.8741,46095,"Bartoletti, Franecki and Trantow",07/26/2023
872,Davin,Vaneschi,dvaneschio7@paypal.com,Male,2005,Jaguar,XK Series,Boise,Idaho,83732,US,43.4599,-116.244,59333,"Larson, Skiles and Spinka",12/06/2023
873,Gianni,Glover,gglovero8@apple.com,Male,1991,Ford,Aerostar,El Paso,Texas,88553,US,31.6948,-106.3,98571,Homenick-Casper,10/01/2023
874,Loralee,Faucett,lfaucetto9@hao123.com,Female,1996,GMC,Sonoma,Roanoke,Virginia,24020,US,37.3589,-79.9448,64206,"Carroll, Nolan and Kling",07/28/2025
875,Lebbie,Bardill,lbardilloa@discuz.net,Female,1987,Pontiac,Grand Am,Norman,Oklahoma,73071,US,35.233,-97.4067,46780,Hagenes-Stark,04/13/2023
876,Wesley,Lill,wlillob@aol.com,Male,2001,Ford,Econoline E350,Camden,New Jersey,08104,US,39.9186,-75.1078,38513,Johnston-Lemke,09/17/2025
877,Abraham,McMarquis,amcmarquisoc@google.co.uk,Male,2003,Hyundai,Sonata,Springfield,Illinois,62776,US,39.7495,-89.606,37632,Satterfield-Hyatt,09/16/2025
878,Lu,Knightsbridge,lknightsbridgeod@reverbnation.com,Female,1993,Cadillac,Allante,Greensboro,North Carolina,27404,US,36.0807,-80.0244,75207,Wilderman Inc,11/13/2023
879,Nichole,Ballston,nballstonoe@toplist.cz,Male,2010,Nissan,Pathfinder,Erie,Pennsylvania,16522,US,42.1827,-80.0649,47522,"Stark, Kris and Crist",06/04/2022
880,Seamus,Danaher,sdanaherof@squarespace.com,Male,2009,Lexus,GS,Memphis,Tennessee,38131,US,35.0664,-89.9921,52917,Corkery-Lockman,12/27/2023
881,Worden,Latek,wlatekog@shop-pro.jp,Male,1992,Mitsubishi,Expo,Champaign,Illinois,61825,US,40.1399,-88.1961,46678,Kozey and Sons,10/09/2023
882,Prue,Stollenberg,pstollenbergoh@list-manage.com,Bigender,1992,Buick,Regal,Long Beach,California,90840,US,33.7843,-118.1157,85154,"Dickinson, Halvorson and Wilderman",09/26/2024
883,Ruthann,Shevlin,rshevlinoi@scribd.com,Female,2009,Bentley,Arnage,Tampa,Florida,33673,US,27.872,-82.4388,75298,"Robel, Connelly and Zemlak",02/05/2025
884,Giorgio,Brimm,gbrimmoj@mapquest.com,Male,1998,Toyota,Corolla,Midland,Michigan,48670,US,43.6375,-84.2568,83717,"Fisher, Erdman and Altenwerth",06/25/2022
885,Carver,Limeburner,climeburnerok@ihg.com,Male,1990,Volkswagen,Golf,Hamilton,Ohio,45020,US,39.441,-84.5757,71634,Hessel-Purdy,05/05/2025
886,Henrik,Picken,hpickenol@bravesites.com,Male,2003,GMC,Sierra 2500,Young America,Minnesota,55573,US,45.0159,-93.4719,64833,Morissette and Sons,05/29/2023
887,Hannie,Jarrett,hjarrettom@webeden.co.uk,Female,2004,Honda,Pilot,Pittsburgh,Pennsylvania,15220,US,40.4181,-80.0526,89533,Veum LLC,04/28/2023
888,Moina,Beggs,mbeggson@japanpost.jp,Female,2002,Subaru,Forester,Pensacola,Florida,32590,US,30.6143,-87.2758,57552,Pagac-Gislason,05/04/2022
889,Ly,McGennis,lmcgennisoo@devhub.com,Male,2010,Nissan,Xterra,Houston,Texas,77288,US,29.834,-95.4342,44722,Senger-Murazik,06/07/2025
890,Levey,Feld,lfeldop@businessinsider.com,Male,1991,Mitsubishi,Chariot,Bridgeport,Connecticut,06673,US,41.3089,-73.3637,48342,"Skiles, Funk and Koch",01/22/2025
891,Alina,Mannagh,amannaghoq@cornell.edu,Female,2005,Chevrolet,Classic,Schaumburg,Illinois,60193,US,42.0144,-88.0935,63532,Veum Inc,04/01/2025
892,Dot,Pantlin,dpantlinor@weibo.com,Female,2009,Lincoln,MKZ,Rochester,New York,14652,US,43.286,-77.6843,39818,Gerhold Inc,11/19/2022
893,Al,Adicot,aadicotos@photobucket.com,Male,2002,Lincoln,Continental,Wichita,Kansas,67220,US,37.7667,-97.2805,93398,"Yost, Goldner and Predovic",02/16/2025
894,Berky,Grinov,bgrinovot@jalbum.net,Male,2010,Bentley,Azure,Omaha,Nebraska,68179,US,41.2917,-96.1711,75512,D'Amore-Corkery,04/08/2022
895,Evangelin,Dannatt,edannattou@google.de,Female,1991,Pontiac,LeMans,Syracuse,New York,13217,US,43.0214,-76.1977,51928,Parker LLC,09/19/2024
896,Beatrisa,Yurikov,byurikovov@people.com.cn,Female,2007,Nissan,Murano,Baton Rouge,Louisiana,70805,US,30.486,-91.1481,67704,"Zieme, Mante and Dickens",08/25/2022
897,Brockie,Doerrling,bdoerrlingow@unc.edu,Male,2003,Ford,Mustang,Huntington,West Virginia,25726,US,38.4134,-82.2774,30159,Walter Group,07/25/2022
898,Parsifal,Clulow,pclulowox@comsenz.com,Male,2011,Toyota,Avalon,Boston,Massachusetts,02208,US,42.3389,-70.9196,36661,"Quitzon, Labadie and Wintheiser",04/01/2025
899,Vivien,Grunwald,vgrunwaldoy@admin.ch,Female,2001,Mazda,B2500,Philadelphia,Pennsylvania,19196,US,40.0018,-75.1179,38110,"Yundt, Crooks and Hammes",07/13/2023
900,Herb,Tarn,htarnoz@ft.com,Male,2002,Volkswagen,GTI,Santa Rosa,California,95405,US,38.4386,-122.6727,51560,Lehner-Lubowitz,02/25/2022
901,Rochester,Simmens,rsimmensp0@opera.com,Polygender,1994,Pontiac,Firefly,Fort Wayne,Indiana,46852,US,41.0938,-85.0707,41377,Abbott-Lemke,10/23/2023
902,Darrell,Disbrow,ddisbrowp1@home.pl,Male,2006,Chevrolet,Silverado Hybrid,Pasadena,California,91109,US,33.7866,-118.2987,99922,Abbott-Kub,12/29/2022
903,Alick,Lasslett,alasslettp2@foxnews.com,Non-binary,2012,Infiniti,FX,Spokane,Washington,99252,US,47.6536,-117.4317,92305,Veum-Larson,08/11/2024
904,Chrotoem,Sinclar,csinclarp3@e-recht24.de,Male,2010,Lexus,GX,Honolulu,Hawaii,96840,US,21.3068,-157.8607,66852,"Morissette, Ryan and Huels",01/20/2026
905,Denny,MacNelly,dmacnellyp4@quantcast.com,Female,2011,Ford,F-Series,Wilkes Barre,Pennsylvania,18763,US,41.2722,-75.8801,70559,Runolfsson Inc,07/14/2023
906,Dukey,Reddoch,dreddochp5@newyorker.com,Male,1995,Cadillac,Seville,El Paso,Texas,79923,US,31.6948,-106.3,85094,Hintz-Dicki,06/14/2024
907,Adi,Soames,asoamesp6@cnn.com,Female,1999,Volvo,V70,Melbourne,Florida,32919,US,28.3067,-80.6862,42331,Grant-Schumm,01/12/2026
908,Amery,Glencorse,aglencorsep7@cornell.edu,Male,2008,MINI,Cooper,Louisville,Kentucky,40215,US,38.1913,-85.7847,62022,Hansen Group,05/18/2022
909,Kean,Scramage,kscramagep8@slideshare.net,Male,2005,Ford,F250,Cincinnati,Ohio,45228,US,39.0706,-84.4179,77453,Feeney-Stanton,05/05/2024
910,Alexine,Horbath,ahorbathp9@csmonitor.com,Female,2002,Cadillac,DeVille,Monticello,Minnesota,55590,US,45.2009,-93.8881,65782,"Kunde, Stoltenberg and Little",02/25/2023
911,Sharia,Bastian,sbastianpa@apple.com,Female,2009,Chevrolet,Avalanche,El Paso,Texas,79916,US,31.7444,-106.2879,69691,Keeling Group,10/24/2023
912,Dorella,Gregson,dgregsonpb@washington.edu,Female,1999,Mercedes-Benz,SL-Class,Buffalo,New York,14205,US,42.7684,-78.8871,77046,Crooks and Sons,04/17/2025
913,Josiah,MacGee,jmacgeepc@xrea.com,Male,1997,Volkswagen,GTI,Alpharetta,Georgia,30022,US,34.0268,-84.2422,55120,Davis and Sons,10/14/2025
914,Reggy,Draisey,rdraiseypd@hao123.com,Male,2006,Toyota,Tacoma,Dayton,Ohio,45490,US,39.7505,-84.2686,95734,"Hahn, Farrell and Wolf",12/11/2022
915,Bernardine,Bauser,bbauserpe@noaa.gov,Female,2009,Pontiac,G5,Houston,Texas,77005,US,29.7179,-95.4263,69340,"Schroeder, Hirthe and Zboncak",10/18/2025
916,Engelbert,Robelow,erobelowpf@cafepress.com,Male,2000,Mazda,Miata MX-5,Columbus,Ohio,43220,US,40.0495,-83.0669,30177,Turcotte-Skiles,10/18/2024
917,Shawna,Coutts,scouttspg@storify.com,Female,2003,Chrysler,Concorde,Chicago,Illinois,60652,US,41.7454,-87.7135,98708,"Conn, Bednar and D'Amore",09/14/2023
918,Calypso,Crookston,ccrookstonph@themeforest.net,Female,2001,Chevrolet,Express 2500,Omaha,Nebraska,68197,US,41.249,-96.0274,43952,"Hudson, Stroman and Howe",06/23/2025
919,Kalila,Ville,kvillepi@nhs.uk,Female,2003,Chevrolet,Avalanche 2500,Las Vegas,Nevada,89115,US,36.2158,-115.0671,50321,Bartoletti and Sons,03/21/2023
920,Kellina,Bristowe,kbristowepj@freewebs.com,Female,2007,Chevrolet,Silverado 1500,Des Moines,Iowa,50981,US,41.6727,-93.5722,99197,Leuschke-Kub,04/26/2023
921,Armstrong,Terbeek,aterbeekpk@reference.com,Male,1961,Studebaker,Avanti,Louisville,Kentucky,40225,US,38.189,-85.6768,51914,Lang LLC,06/13/2024
922,Blanch,Spere,bsperepl@nifty.com,Female,2009,Mazda,B-Series,Saint Paul,Minnesota,55127,US,45.0803,-93.0875,63247,D'Amore-Torphy,05/17/2022
923,Odelia,Nanni,onannipm@ifeng.com,Female,1997,Mercedes-Benz,S-Class,Atlanta,Georgia,30380,US,33.8444,-84.474,31821,"Daugherty, Crist and Runte",11/10/2025
924,Giacobo,Rotter,grotterpn@tinypic.com,Male,1992,Volkswagen,Eurovan,Wilmington,Delaware,19892,US,39.5645,-75.597,54875,"Hagenes, Harvey and Schiller",02/15/2022
925,Hew,Gobbet,hgobbetpo@photobucket.com,Male,1987,Subaru,Leone,Pittsburgh,Pennsylvania,15230,US,40.4344,-80.0248,87892,Hansen Inc,03/30/2025
926,Linc,Culshaw,lculshawpp@exblog.jp,Male,2001,Oldsmobile,Silhouette,Anchorage,Alaska,99512,US,61.204,-149.8084,40502,"Botsford, Daugherty and Hermann",09/30/2022
927,Erich,Stert,estertpq@google.it,Male,1998,GMC,Suburban 1500,Colorado Springs,Colorado,80940,US,38.8247,-104.562,83159,"Rippin, Wisoky and Leuschke",01/15/2024
928,Gray,Deery,gdeerypr@sohu.com,Non-binary,2005,Saturn,VUE,Seattle,Washington,98121,US,47.6151,-122.3447,95422,"Wyman, Bins and Toy",06/11/2025
929,Isabelle,Twigley,itwigleyps@ovh.net,Genderfluid,2001,Suzuki,Vitara,Kansas City,Missouri,64190,US,39.3432,-94.8516,92528,Bailey LLC,05/29/2023
930,Paco,Toppas,ptoppaspt@hp.com,Male,2004,Cadillac,Escalade ESV,Santa Monica,California,90405,US,34.01,-118.4717,59057,Hayes-Pfannerstill,04/24/2024
931,Shelba,Garman,sgarmanpu@netscape.com,Female,2008,Acura,RDX,Charlotte,North Carolina,28235,US,35.26,-80.8042,38005,Swift Group,11/17/2024
932,Renate,Orrey,rorreypv@geocities.jp,Female,2008,Toyota,4Runner,New York City,New York,10029,US,40.7918,-73.9448,41332,"Koch, Beer and Von",12/27/2023
933,Reyna,Zellick,rzellickpw@xinhuanet.com,Female,1996,Buick,Skylark,Indianapolis,Indiana,46254,US,39.849,-86.272,34492,"Treutel, Keebler and Swaniawski",06/05/2022
934,Merralee,Retter,mretterpx@skyrock.com,Female,2002,Hyundai,Sonata,Mobile,Alabama,36610,US,30.7309,-88.0789,71717,Dietrich Inc,04/23/2022
935,Rik,Gasker,rgaskerpy@prweb.com,Agender,2008,Chevrolet,Equinox,Lincoln,Nebraska,68505,US,40.8247,-96.6252,57959,Reynolds Group,08/23/2022
936,Karin,Mount,kmountpz@wunderground.com,Female,1992,GMC,3500 Club Coupe,Birmingham,Alabama,35263,US,33.5225,-86.8094,62298,Keebler-Romaguera,12/06/2025
937,Inger,Dakhov,idakhovq0@over-blog.com,Agender,2005,Mercury,Mountaineer,Savannah,Georgia,31416,US,32.0053,-81.0477,59704,Hirthe Group,03/01/2024
938,Cy,Fairholm,cfairholmq1@auda.org.au,Male,1999,Chevrolet,Corvette,El Paso,Texas,88584,US,31.6948,-106.3,78786,"Runolfsdottir, Quitzon and Harris",10/23/2024
939,Candida,Sarsfield,csarsfieldq2@apple.com,Female,2001,Daewoo,Leganza,Cincinnati,Ohio,45223,US,39.1696,-84.5478,77832,Kerluke-Boyle,12/30/2025
940,Berenice,Bunn,bbunnq3@hud.gov,Female,2011,MINI,Cooper Clubman,Columbus,Ohio,43231,US,40.081,-82.9383,93812,"Brakus, Tillman and Goldner",07/14/2024
941,Brig,Gobell,bgobellq4@feedburner.com,Male,2001,Toyota,Tacoma Xtra,Madison,Wisconsin,53716,US,43.0631,-89.3133,76202,"Senger, Marquardt and Trantow",10/26/2022
942,Nike,Snazel,nsnazelq5@shop-pro.jp,Female,2000,Audi,S4,Toledo,Ohio,43605,US,41.6525,-83.5085,61032,Rutherford-Lueilwitz,08/15/2025
943,Cole,Thames,cthamesq6@last.fm,Male,2011,Hyundai,Tucson,Charlotte,North Carolina,28215,US,35.244,-80.7387,58507,"Thiel, Powlowski and Christiansen",11/28/2025
944,Abey,Mersh,amershq7@1688.com,Male,1998,Honda,Accord,Houston,Texas,77260,US,29.7687,-95.3867,68281,"Swift, Buckridge and Raynor",04/13/2023
945,Grady,Cropp,gcroppq8@unblog.fr,Male,1966,Pontiac,Grand Prix,Portsmouth,Virginia,23705,US,36.8686,-76.3552,68352,"Fadel, Ziemann and Zboncak",07/24/2023
946,Hogan,Goldthorpe,hgoldthorpeq9@qq.com,Male,2010,Buick,Enclave,Youngstown,Ohio,44555,US,41.1039,-80.6436,61157,"Russel, Considine and Schiller",06/27/2023
947,Candy,Lismore,clismoreqa@blog.com,Bigender,1993,Buick,Skylark,Trenton,New Jersey,08650,US,40.2805,-74.712,44515,"Rohan, King and Robel",05/12/2022
948,Michel,Rudderham,mrudderhamqb@umn.edu,Female,2002,Oldsmobile,Alero,Lexington,Kentucky,40524,US,38.0283,-84.4715,53920,Botsford Group,07/11/2025
949,Omar,Caney,ocaneyqc@reverbnation.com,Male,1994,Lexus,ES,Fort Worth,Texas,76105,US,32.7233,-97.269,44612,"Larkin, Hickle and Stamm",04/21/2025
950,Walker,Goublier,wgoublierqd@dailymotion.com,Male,2005,Subaru,Legacy,Lansing,Michigan,48930,US,42.7325,-84.5587,91000,Hansen-Schimmel,06/06/2023
951,Amity,Frake,afrakeqe@prnewswire.com,Female,1999,BMW,M3,Jefferson City,Missouri,65110,US,38.5309,-92.2493,31570,Leffler-Grady,02/06/2025
952,Theo,Aslum,taslumqf@angelfire.com,Female,1993,Land Rover,Range Rover,Gary,Indiana,46406,US,41.5878,-87.4062,77362,"Becker, Gleichner and Bartell",06/20/2023
953,Winifield,Lorenzini,wlorenziniqg@kickstarter.com,Male,1993,Lexus,LS,Allentown,Pennsylvania,18105,US,40.6934,-75.4712,96180,D'Amore Inc,07/12/2023
954,Ogdan,Saterthwait,osaterthwaitqh@squarespace.com,Male,2011,Toyota,Avalon,Dallas,Texas,75246,US,32.7948,-96.7697,65052,"Dickens, Ondricka and Von",07/23/2024
955,Alysia,Lightowler,alightowlerqi@ow.ly,Female,1991,Mercury,Grand Marquis,Huntsville,Texas,77343,US,30.7813,-95.5953,41521,"Mills, Muller and Wiza",09/25/2023
956,Lee,Greetham,lgreethamqj@themeforest.net,Male,2007,Ford,E-Series,Tyler,Texas,75705,US,32.3766,-95.1252,30096,"Franecki, Jerde and Fisher",12/19/2025
957,Schuyler,Bursnall,sbursnallqk@nytimes.com,Male,1963,Austin,Mini Cooper S,Seattle,Washington,98175,US,47.7161,-122.3004,34873,Wunsch Group,04/14/2025
958,Rad,Charrington,rcharringtonql@amazonaws.com,Male,2010,Acura,ZDX,Springfield,Illinois,62723,US,39.7495,-89.606,43792,"Hilll, Waters and Kub",01/25/2023
959,Coretta,Mac,cmacqm@boston.com,Female,2008,Ford,Ranger,Hampton,Virginia,23668,US,37.0206,-76.3377,81722,"Mraz, Kuvalis and Orn",03/13/2025
960,Buck,Osbourn,bosbournqn@psu.edu,Male,2002,Mazda,626,Scottsdale,Arizona,85271,US,33.2765,-112.1872,56011,Robel-Adams,05/14/2024
961,Blane,O'Hoolahan,bohoolahanqo@ft.com,Male,1997,GMC,Suburban 1500,Fresno,California,93704,US,36.7991,-119.8016,85754,Raynor-Vandervort,10/04/2022
962,Ema,Culp,eculpqp@netscape.com,Female,2009,Audi,Q7,Albany,New York,12232,US,42.6149,-73.9708,69559,Cruickshank and Sons,08/10/2024
963,Cris,Kretchmer,ckretchmerqq@wp.com,Female,1999,Volvo,S70,Seattle,Washington,98140,US,47.4323,-121.8034,49209,Fadel-Beahan,07/05/2024
964,Ricard,Dockwray,rdockwrayqr@youtu.be,Genderqueer,2010,Dodge,Ram 1500,Birmingham,Alabama,35279,US,33.5446,-86.9292,59425,"Weber, Senger and Fritsch",06/04/2022
965,Leeland,Fletham,lflethamqs@acquirethisname.com,Male,2005,Jaguar,XK Series,Gatesville,Texas,76598,US,31.3902,-97.7993,82913,Sporer-Hartmann,11/10/2024
966,Terencio,Fairy,tfairyqt@ezinearticles.com,Male,2005,Toyota,Echo,Lancaster,California,93584,US,33.7866,-118.2987,76313,Skiles-Gislason,05/07/2024
967,Annabela,Roughan,aroughanqu@bloomberg.com,Female,1997,Oldsmobile,88,Marietta,Georgia,30066,US,34.0378,-84.5038,67213,O'Kon-Barrows,07/27/2023
968,Ariadne,Swinn,aswinnqv@ow.ly,Female,2009,Chrysler,PT Cruiser,Las Vegas,Nevada,89166,US,36.3265,-115.3398,93150,"Wuckert, Mills and Stamm",06/28/2025
969,Robinson,Mance,rmanceqw@pagesperso-orange.fr,Male,2011,Buick,Lucerne,Pensacola,Florida,32590,US,30.6143,-87.2758,45615,Barrows-Walsh,07/04/2024
970,Whittaker,Jedrychowski,wjedrychowskiqx@vk.com,Male,2011,Ford,Mustang,Tucson,Arizona,85743,US,32.3366,-111.1771,59525,Mosciski-Maggio,10/01/2023
971,Gretal,Lakenden,glakendenqy@istockphoto.com,Female,1992,Mercury,Topaz,Nashville,Tennessee,37228,US,36.1901,-86.8053,72019,Hickle Group,07/27/2025
972,Orlando,Petticrow,opetticrowqz@theatlantic.com,Male,2003,Toyota,RAV4,Tampa,Florida,33680,US,27.872,-82.4388,59358,Hoeger-Kuhlman,08/12/2023
973,Ardath,Easbie,aeasbier0@reddit.com,Female,2006,GMC,Yukon XL 2500,San Francisco,California,94154,US,37.7848,-122.7278,37321,Kilback Group,07/17/2024
974,Mill,Mugg,mmuggr1@clickbank.net,Male,2010,Lexus,IS,Denver,Colorado,80262,US,39.731,-104.9384,73694,Graham LLC,02/16/2022
975,Berne,Skouling,bskoulingr2@booking.com,Male,2007,Honda,Pilot,Rochester,Minnesota,55905,US,44.0225,-92.4668,68303,"Wisoky, Fahey and Bradtke",12/16/2023
976,Farlay,Attwoul,fattwoulr3@mayoclinic.com,Male,1991,Buick,Roadmaster,Los Angeles,California,90055,US,33.7866,-118.2987,39054,O'Connell Group,01/20/2024
977,Richmound,Dalliston,rdallistonr4@altervista.org,Male,2003,Kia,Spectra,Atlanta,Georgia,31119,US,33.8913,-84.0746,57165,Ondricka Inc,01/21/2024
978,Agnella,Ahmed,aahmedr5@purevolume.com,Female,1993,Nissan,300ZX,San Francisco,California,94121,US,37.7786,-122.4892,65945,Gleichner-Hahn,10/24/2025
979,Aldis,Wilkins,awilkinsr6@skyrock.com,Male,2008,Mazda,RX-8,El Paso,Texas,88563,US,31.6948,-106.3,70809,Erdman and Sons,06/11/2025
980,Esther,Haccleton,ehaccletonr7@ted.com,Bigender,2011,Volkswagen,Routan,Charleston,South Carolina,29416,US,32.8488,-79.8577,75824,Anderson and Sons,03/01/2025
981,Keslie,Paz,kpazr8@comsenz.com,Female,2004,Volvo,C70,Columbus,Georgia,31914,US,32.491,-84.8741,85247,"Cremin, Considine and Turcotte",09/06/2023
982,Clim,Doggart,cdoggartr9@cdbaby.com,Male,2000,Chevrolet,Cavalier,Brooklyn,New York,11210,US,40.6281,-73.9467,32960,"Hauck, Pacocha and Nitzsche",05/18/2022
983,Cirilo,Morin,cmorinra@tripod.com,Male,2008,Chevrolet,Silverado 1500,Lansing,Michigan,48930,US,42.7325,-84.5587,41127,"Walker, Monahan and Pagac",07/18/2022
984,Priscella,MacFarland,pmacfarlandrb@trellian.com,Polygender,2004,Mitsubishi,Montero Sport,Charlotte,North Carolina,28247,US,35.0656,-80.8511,98459,Huel-Stamm,04/07/2023
985,Kissee,Seller,ksellerrc@narod.ru,Female,2002,GMC,Yukon XL 2500,Salt Lake City,Utah,84110,US,40.6681,-111.9083,77130,Wuckert Inc,11/09/2022
986,Bron,Kembery,bkemberyrd@skyrock.com,Male,1992,Cadillac,Fleetwood,Akron,Ohio,44315,US,41.028,-81.4632,60167,Anderson-Brekke,12/15/2023
987,Katherina,Lexa,klexare@google.com.au,Female,1986,Pontiac,Grand Prix,Los Angeles,California,90005,US,34.0585,-118.3012,78238,Bayer and Sons,06/06/2023
988,Daveen,Stukings,dstukingsrf@joomla.org,Non-binary,1990,Ford,Bronco,Toledo,Ohio,43605,US,41.6525,-83.5085,84047,Trantow-Nolan,07/21/2025
989,Wilburt,Gorvin,wgorvinrg@miibeian.gov.cn,Male,2006,Chevrolet,TrailBlazer,Saint Petersburg,Florida,33731,US,27.8918,-82.7248,75521,Murazik-Adams,09/04/2025
990,Hildy,Kneel,hkneelrh@cisco.com,Female,2007,Lexus,GS,Pittsburgh,Pennsylvania,15279,US,40.4344,-80.0248,91806,Kuhic Group,06/07/2024
991,Guido,Neumann,gneumannri@chron.com,Male,1994,Dodge,Ram Wagon B150,Baton Rouge,Louisiana,70894,US,30.5159,-91.0804,88852,Trantow-Dach,01/15/2024
992,Thomasine,Nickless,tnicklessrj@angelfire.com,Polygender,1993,Chevrolet,Beretta,Charlotte,North Carolina,28272,US,35.26,-80.8042,91393,"VonRueden, Shanahan and Crist",06/08/2022
993,Perrine,Brade,pbraderk@github.com,Female,2009,Bentley,Continental GT,Provo,Utah,84605,US,40.177,-111.536,57830,Leuschke LLC,11/21/2022
994,Lindsay,Skacel,lskacelrl@blinklist.com,Female,2008,Dodge,Grand Caravan,Cincinnati,Ohio,45228,US,39.0706,-84.4179,70806,"Ratke, Donnelly and Steuber",05/12/2025
995,Marie,Seldon,mseldonrm@state.tx.us,Female,2012,Ford,Focus,El Paso,Texas,79984,US,31.6948,-106.3,47872,Spencer-Satterfield,06/24/2025
996,Tally,Coffin,tcoffinrn@prlog.org,Female,1996,Buick,Riviera,Greenville,South Carolina,29605,US,34.8001,-82.3932,94500,Prohaska-Bednar,01/10/2023
997,Archibaldo,Spadelli,aspadelliro@fema.gov,Male,2003,Cadillac,Escalade EXT,Denver,Colorado,80270,US,39.7388,-104.4083,65569,Cole-Ferry,12/16/2024
998,Mirilla,Doumer,mdoumerrp@booking.com,Female,1998,Mitsubishi,Montero,Jamaica,New York,11436,US,40.6763,-73.7966,38262,Frami-Kilback,10/05/2023
999,Nanni,Swinnard,nswinnardrq@bing.com,Female,2002,Ford,Explorer Sport,Cincinnati,Ohio,45203,US,39.1075,-84.5257,83133,"Berge, Dach and Medhurst",12/17/2025
1000,Dominik,Vice,dvicerr@mashable.com,Male,2004,Mitsubishi,Endeavor,Edmond,Oklahoma,73034,US,35.6665,-97.4798,40493,Anderson and Sons,07/26/2025
