id,firstName,lastName,email,gender,carYear,automobileMake,automobileModel,customerRegion,customerState,customerPostal,customerCountry_ISO2,customerRegionLatitude,ownerRegionLongitude,automobilePrice,customer,purchaseDate
1,Harlin,Mattschas,hmattschas0@paypal.com,Male,2009,Chevrolet,Express,Cincinnati,Ohio,45213,US,39.1802,-84.4204,37794,Zboncak-Dicki,03/22/2025
2,Jonas,Barbera,jbarbera1@google.com,Male,1998,Honda,Civic,Simi Valley,California,93094,US,34.0324,-119.1343,39279,Kulas-Smitham,02/12/2024
3,Artie,ducarme,aducarme2@prnewswire.com,Male,2004,Chevrolet,Venture,Brooklyn,New York,11205,US,40.6924,-73.9666,69335,MacGyver-Schowalter,08/15/2022
4,Haydon,Jellico,hjellico3@umich.edu,Male,2008,Bentley,Arnage,Oklahoma City,Oklahoma,73157,US,35.5514,-97.4075,97235,Senger-Ward,11/22/2023
5,Norrie,McIlvaney,nmcilvaney4@google.cn,Male,2002,Hyundai,Sonata,Cleveland,Ohio,44111,US,41.4571,-81.7844,62416,Tremblay and Sons,05/08/2024
6,Marlene,McColl,mmccoll5@auda.org.au,Female,1986,Mitsubishi,Starion,Mc Keesport,Pennsylvania,15134,US,40.4344,-80.0248,50382,"Dare, Hessel and Greenholt",05/04/2023
7,Yulma,Longden,ylongden6@godaddy.com,Male,2009,Lincoln,Navigator,Cambridge,Massachusetts,02142,US,42.362,-71.083,85449,Ryan Group,08/26/2024
8,Bren,Cornfield,bcornfield7@topsy.com,Female,2009,Volkswagen,R32,Atlanta,Georgia,30375,US,33.8444,-84.474,30909,"Ferry, Walter and Jenkins",01/06/2025
9,Gill,Haberjam,ghaberjam8@vkontakte.ru,Female,2004,Dodge,Grand Caravan,Des Moines,Iowa,50981,US,41.6727,-93.5722,59796,Kozey and Sons,07/31/2023
10,Corrie,Deniske,cdeniske9@google.it,Female,2009,Chevrolet,TrailBlazer,Fort Wayne,Indiana,46814,US,41.0456,-85.3058,42196,Moore-Strosin,12/26/2022
11,Tiffi,Pietranek,tpietraneka@mit.edu,Female,2002,Ford,Escort,San Francisco,California,94132,US,37.7211,-122.4754,39533,"Koss, Wehner and Emmerich",06/23/2022
12,Torie,Cargenven,tcargenvenb@prweb.com,Female,2001,Chevrolet,Silverado 3500,Phoenix,Arizona,85020,US,33.5623,-112.0559,49404,Howell-Marquardt,01/17/2023
13,Harli,Finan,hfinanc@abc.net.au,Non-binary,2010,Nissan,Cube,Minneapolis,Minnesota,55470,US,45.0159,-93.4719,69901,Armstrong Inc,06/23/2022
14,Adan,Gregolin,agregolind@soundcloud.com,Male,2000,Chevrolet,Venture,Jersey City,New Jersey,07305,US,40.702,-74.089,39910,Reilly-Rosenbaum,10/22/2023
15,Nathaniel,Whiting,nwhitinge@npr.org,Male,2004,Ford,E150,Washington,District of Columbia,20099,US,38.8933,-77.0146,92943,Steuber-Murphy,10/09/2022
16,Ole,Dubock,odubockf@networkadvertising.org,Male,1985,Honda,CR-X,Duluth,Minnesota,55811,US,46.8147,-92.1998,84053,Wisozk-Kuhic,02/17/2022
17,Chloris,Weatherill,cweatherillg@booking.com,Female,1998,Chevrolet,Astro,Charleston,West Virginia,25389,US,38.354,-81.6394,80082,Prohaska-Padberg,04/07/2022
18,Berkeley,Keighley,bkeighleyh@nasa.gov,Male,1994,Dodge,Viper RT/10,Battle Creek,Michigan,49018,US,42.2464,-85.0045,47701,Reichel LLC,09/24/2022
19,Sarge,Mallinar,smallinari@mozilla.org,Male,2004,Pontiac,Vibe,Miami,Florida,33124,US,25.5584,-80.4582,80762,Rutherford Inc,04/07/2023
20,Billy,Savidge,bsavidgej@360.cn,Male,1995,Ford,Ranger,Hampton,Virginia,23668,US,37.0206,-76.3377,83706,Heathcote Inc,08/11/2025
21,Kristel,Shenfish,kshenfishk@ft.com,Female,1996,Dodge,Neon,East Saint Louis,Illinois,62205,US,38.6149,-90.1275,46212,"Robel, Greenfelder and Jerde",03/19/2025
22,Ilysa,Scotford,iscotfordl@icq.com,Agender,1998,Mitsubishi,GTO,Las Vegas,Nevada,89160,US,35.9279,-114.9721,94491,Champlin LLC,07/14/2024
23,Sissie,Zimmerman,szimmermanm@ox.ac.uk,Agender,2007,Hyundai,Veracruz,Everett,Washington,98206,US,47.8599,-122.2848,55466,Frami-Olson,03/02/2022
24,Sandye,Dumingos,sdumingosn@ameblo.jp,Female,1993,Chevrolet,Beretta,New York City,New York,10115,US,40.8111,-73.9642,67773,"Will, Rutherford and Ortiz",08/14/2024
25,Arch,Faulkner,afaulknero@constantcontact.com,Male,2001,Saturn,S-Series,Los Angeles,California,90094,US,33.9754,-118.417,82700,Dach-Wolf,07/07/2022
26,Jaime,Parks,jparksp@yahoo.com,Female,2011,Volvo,S80,Chicago,Illinois,60697,US,41.8119,-87.6873,96612,Senger-Klocko,06/21/2024
27,Philippa,Riccione,priccioneq@admin.ch,Female,1992,Toyota,Celica,Round Rock,Texas,78682,US,30.6568,-97.6026,83054,Lang-Koelpin,10/27/2022
28,Devlin,McGilvary,dmcgilvaryr@tamu.edu,Male,1995,Honda,Accord,Dallas,Texas,75221,US,32.8147,-96.7877,78864,Quitzon Inc,12/18/2025
29,Roberta,Scarth,rscarths@hhs.gov,Female,1995,Mitsubishi,Galant,Zephyrhills,Florida,33543,US,28.2059,-82.3063,97031,Gottlieb and Sons,06/13/2023
30,Ronalda,Stoves,rstovest@typepad.com,Female,2010,Lexus,IS,San Francisco,California,94177,US,37.7848,-122.7278,54816,Kohler-King,04/06/2025
31,Josephina,Luby,jlubyu@cargocollective.com,Female,2010,Volvo,S80,Springfield,Missouri,65898,US,37.1803,-93.2951,92790,Spencer LLC,03/02/2025
32,Arnie,Clementel,aclementelv@fastcompany.com,Male,1996,Chrysler,Sebring,Madison,Wisconsin,53716,US,43.0631,-89.3133,95447,Schinner-Romaguera,03/03/2023
33,Libbi,Pree,lpreew@prlog.org,Female,1997,Honda,Odyssey,Buffalo,New York,14263,US,42.7684,-78.8871,42762,Wintheiser-Stoltenberg,01/24/2026
34,Idalia,Mordacai,imordacaix@whitehouse.gov,Female,2010,BMW,5 Series,Detroit,Michigan,48267,US,42.2399,-83.1508,77292,Kiehn-Skiles,04/06/2024
35,Adriena,Widdall,awiddally@toplist.cz,Female,2009,Mercedes-Benz,GL-Class,Trenton,New Jersey,08695,US,40.2805,-74.712,70049,"Jaskolski, Goyette and Crist",09/27/2024
36,Eliza,Phinnessy,ephinnessyz@nydailynews.com,Non-binary,2009,Mercedes-Benz,SLK55 AMG,Cincinnati,Ohio,45203,US,39.1075,-84.5257,74583,Bayer-Kulas,05/19/2023
37,Dru,Tite,dtite10@yandex.ru,Female,1997,Toyota,Land Cruiser,Charlotte,North Carolina,28289,US,35.26,-80.8042,81289,Hermann-Beier,07/14/2023
38,Federico,Hatherley,fhatherley11@cmu.edu,Agender,2011,Audi,S6,Fort Lauderdale,Florida,33345,US,26.1654,-80.2959,66294,"Pfannerstill, Walsh and Champlin",05/20/2022
39,Joice,Olle,jolle12@163.com,Female,2000,Toyota,Tacoma Xtra,Pocatello,Idaho,83206,US,42.6395,-112.3138,45400,"Mayer, Bahringer and Wehner",05/25/2023
40,Ebonee,Loding,eloding13@huffingtonpost.com,Female,2009,Chevrolet,Malibu,El Paso,Texas,79916,US,31.7444,-106.2879,85374,Orn Inc,09/19/2024
41,Elisabetta,Wantling,ewantling14@wisc.edu,Female,1995,Volkswagen,GTI,Montgomery,Alabama,36119,US,32.2334,-86.2085,40251,Moore Group,10/14/2024
42,Foster,Easman,feasman15@ox.ac.uk,Male,2000,Saturn,L-Series,Lincoln,Nebraska,68505,US,40.8247,-96.6252,64028,"Robel, Gusikowski and Halvorson",03/02/2024
43,Tricia,Rosbrough,trosbrough16@addtoany.com,Female,1996,Ford,Thunderbird,Utica,New York,13505,US,43.0872,-75.2603,52094,Pfannerstill-Wehner,06/15/2022
44,Ulrich,Menichino,umenichino17@unc.edu,Male,2011,Mercedes-Benz,C-Class,Atlanta,Georgia,30380,US,33.8444,-84.474,68011,"Kub, Kilback and Dibbert",09/06/2024
45,Menard,Nagle,mnagle18@tmall.com,Male,2007,Subaru,Outback,Kansas City,Missouri,64125,US,39.1042,-94.4923,71716,Marvin-Nader,06/22/2024
46,Artur,Pickless,apickless19@stumbleupon.com,Bigender,1995,Porsche,968,Boynton Beach,Florida,33436,US,26.5354,-80.1124,64022,Lowe-Douglas,07/22/2022
47,Talbot,Flatt,tflatt1a@sciencedaily.com,Genderqueer,1994,Audi,90,Abilene,Texas,79605,US,32.432,-99.7724,62827,Gibson LLC,06/26/2025
48,Nell,Skentelbery,nskentelbery1b@tinyurl.com,Female,1992,Mitsubishi,3000GT,Redwood City,California,94064,US,37.3811,-122.3348,51296,Gulgowski Inc,11/26/2025
49,Farr,Nicolls,fnicolls1c@list-manage.com,Male,1987,Buick,LeSabre,Washington,District of Columbia,20260,US,38.8933,-77.0146,40767,Dooley and Sons,04/17/2024
50,Merwyn,Harken,mharken1d@netlog.com,Male,2011,Mitsubishi,Outlander,Lawrenceville,Georgia,30045,US,33.9367,-83.9573,75756,Kerluke LLC,03/04/2025
51,Griffin,Gilbane,ggilbane1e@hexun.com,Male,1995,Lexus,SC,Manchester,New Hampshire,03105,US,42.9521,-71.6539,37623,Cummerata LLC,11/28/2023
52,Justis,Viste,jviste1f@stanford.edu,Male,1997,Chevrolet,2500,Alexandria,Louisiana,71307,US,31.2034,-92.5269,90837,Hansen-Lemke,08/06/2023
53,Dyana,Killock,dkillock1g@goo.ne.jp,Female,1965,Ford,Thunderbird,Saint Petersburg,Florida,33705,US,27.7391,-82.6435,56484,Rempel LLC,09/29/2023
54,Harrison,Aldham,haldham1h@gmpg.org,Male,1993,Eagle,Talon,Abilene,Texas,79605,US,32.432,-99.7724,44445,"Rice, Fahey and Hahn",02/06/2024
55,Clea,Senter,csenter1i@merriam-webster.com,Bigender,2008,Lexus,LX,Trenton,New Jersey,08695,US,40.2805,-74.712,67127,"Kuhn, Hilll and Hills",06/23/2023
56,Colet,Medcraft,cmedcraft1j@desdev.cn,Male,1987,Volkswagen,GTI,Pittsburgh,Pennsylvania,15205,US,40.4322,-80.1021,49254,"Pacocha, Dickinson and Reilly",01/06/2023
57,Vinny,Dolder,vdolder1k@census.gov,Male,2000,Mitsubishi,Galant,Austin,Texas,78710,US,30.352,-97.7151,32660,"Krajcik, Bernhard and Huel",04/21/2023
58,Karie,Chessel,kchessel1l@prnewswire.com,Female,1995,Nissan,Maxima,Denver,Colorado,80279,US,39.7388,-104.4083,75890,"Mills, Glover and Reilly",03/31/2022
59,Mariya,Siddeley,msiddeley1m@timesonline.co.uk,Female,2012,Porsche,Panamera,Raleigh,North Carolina,27626,US,35.7977,-78.6253,55807,"Gorczany, Jakubowski and Weimann",06/05/2025
60,Kory,Eldritt,keldritt1n@tumblr.com,Male,1962,Chevrolet,Corvette,Rochester,New York,14624,US,43.1216,-77.7311,48618,Ortiz Group,04/15/2024
61,Glennie,Hillen,ghillen1o@dropbox.com,Female,1986,Mazda,B-Series,Cleveland,Ohio,44130,US,41.3826,-81.7964,99827,"Abshire, Lubowitz and Goodwin",01/04/2026
62,Benji,Hawick,bhawick1p@timesonline.co.uk,Male,2008,Suzuki,Grand Vitara,Jackson,Mississippi,39216,US,32.3386,-90.1708,38667,"Pacocha, Keeling and Reilly",01/22/2024
63,Bartram,Hissett,bhissett1q@deviantart.com,Male,2009,Dodge,Ram 2500,Dallas,Texas,75392,US,32.7673,-96.7776,55538,Kirlin-Trantow,01/17/2025
64,Malva,Winsome,mwinsome1r@huffingtonpost.com,Female,1996,Chevrolet,Suburban 2500,Birmingham,Alabama,35220,US,33.5446,-86.9292,96998,Wunsch Group,12/04/2024
65,Anjela,Strike,astrike1s@ustream.tv,Female,2003,Lexus,RX,Washington,District of Columbia,20036,US,38.9087,-77.0414,39394,"Muller, Sanford and Padberg",08/04/2025
66,Jemimah,McCarlie,jmccarlie1t@census.gov,Female,1995,Oldsmobile,88,Tyler,Texas,75710,US,32.3475,-95.3065,58720,Runolfsdottir LLC,08/20/2022
67,Shelia,Hannigane,shannigane1u@globo.com,Female,1993,Honda,Civic,Colorado Springs,Colorado,80951,US,38.8881,-104.6556,37763,Parker Group,11/19/2022
68,Barbabra,Levee,blevee1v@reuters.com,Female,1993,GMC,3500,Saint Louis,Missouri,63143,US,38.6111,-90.3225,81038,"Rath, Hane and Harvey",09/03/2023
69,Hailey,Mobberley,hmobberley1w@si.edu,Male,2010,Mazda,RX-8,Aurora,Illinois,60505,US,41.7582,-88.2971,79386,Sporer and Sons,06/06/2022
70,Cinnamon,Kulic,ckulic1x@netlog.com,Female,1977,Pontiac,Grand Prix,Wilmington,Delaware,19805,US,39.7434,-75.5827,46577,"Schaefer, Kautzer and Abshire",01/30/2023
71,Alexandro,Silwood,asilwood1y@parallels.com,Male,1997,Honda,Odyssey,Sacramento,California,94230,US,38.3774,-121.4444,73594,Smith Inc,06/06/2025
72,Vassily,Arnopp,varnopp1z@mysql.com,Male,1995,Jeep,Cherokee,Evansville,Indiana,47732,US,37.9971,-87.575,67957,"Langworth, Cassin and Bins",10/23/2024
73,Mariette,Pennycock,mpennycock20@google.pl,Female,1995,Volkswagen,GTI,San Antonio,Texas,78210,US,29.3977,-98.4658,94588,Tillman and Sons,01/27/2023
74,Vera,Lusgdin,vlusgdin21@un.org,Female,2008,Pontiac,G8,Ridgely,Maryland,21684,US,38.8893,-75.8612,68631,"Yundt, Keebler and Buckridge",01/30/2024
75,Wallie,Naulty,wnaulty22@icq.com,Bigender,1963,Chevrolet,Corvair 500,New Orleans,Louisiana,70142,US,30.033,-89.8826,56599,Pacocha-Hudson,03/25/2022
76,Axe,Bonsale,abonsale23@economist.com,Male,2007,Hummer,H3,Seattle,Washington,98127,US,47.6063,-122.3308,66257,Fadel-Torp,08/17/2024
77,Lil,Scrane,lscrane24@ebay.com,Female,2001,Acura,MDX,Shawnee Mission,Kansas,66215,US,38.949,-94.7405,31477,Fay Inc,04/30/2025
78,Braden,Corps,bcorps25@cloudflare.com,Genderqueer,1992,Dodge,Grand Caravan,Zephyrhills,Florida,33543,US,28.2059,-82.3063,85165,Watsica-Rosenbaum,03/10/2022
79,Kinny,Tolcharde,ktolcharde26@unicef.org,Male,1987,Mazda,B2600,Seattle,Washington,98104,US,47.6036,-122.3256,44100,Hand LLC,02/24/2022
80,Lari,Purseglove,lpurseglove27@scribd.com,Female,1964,Austin,Mini Cooper,Trenton,New Jersey,08603,US,40.2805,-74.712,87899,"Hills, Rogahn and Lowe",11/16/2023
81,Ingamar,Letson,iletson28@tripod.com,Male,1995,Chevrolet,K5 Blazer,Irving,Texas,75037,US,32.7673,-96.7776,32588,Pollich and Sons,02/10/2023
82,Rodd,Gillino,rgillino29@sogou.com,Male,2008,Toyota,FJ Cruiser,San Diego,California,92191,US,33.0169,-116.846,57881,Pfannerstill-Murphy,02/16/2024
83,Chariot,Fernandes,cfernandes2a@goo.ne.jp,Male,1999,Ford,Explorer,Birmingham,Alabama,35220,US,33.5446,-86.9292,31864,Nitzsche LLC,12/17/2025
84,Lorilee,Tolemache,ltolemache2b@tinyurl.com,Female,1995,Ford,Escort,Oklahoma City,Oklahoma,73197,US,35.5514,-97.4075,93996,Metz Group,11/01/2023
85,Rudyard,Dicky,rdicky2c@gmpg.org,Male,2002,Chrysler,Voyager,Saint Louis,Missouri,63121,US,38.7072,-90.3055,30215,Schmitt LLC,09/05/2023
86,Lilyan,Von Salzberg,lvonsalzberg2d@sogou.com,Female,2000,Volkswagen,rio,Honolulu,Hawaii,96805,US,21.3062,-157.8585,74121,Parker Group,10/13/2024
87,Wit,Reedie,wreedie2e@ted.com,Male,2008,Audi,S6,Homestead,Florida,33034,US,25.2846,-80.6246,48420,Schmeler-Orn,10/10/2025
88,Trever,Darville,tdarville2f@go.com,Polygender,1996,Suzuki,Esteem,Valley Forge,Pennsylvania,19495,US,39.9832,-75.7481,95547,Wisoky-Kiehn,05/17/2024
89,Pearla,Hryskiewicz,phryskiewicz2g@pbs.org,Female,2007,Ford,Focus,Ogden,Utah,84409,US,41.2553,-111.9567,86577,Halvorson Group,04/26/2024
90,Joli,Mansuer,jmansuer2h@godaddy.com,Female,2007,Suzuki,Grand Vitara,Washington,District of Columbia,20599,US,38.8933,-77.0146,70481,Jast Group,10/20/2025
91,Viva,Serotsky,vserotsky2i@360.cn,Female,1990,Lexus,ES,Akron,Ohio,44315,US,41.028,-81.4632,80362,Metz and Sons,05/13/2022
92,Ethe,MacNamara,emacnamara2j@zdnet.com,Male,2003,Infiniti,Q,Metairie,Louisiana,70033,US,29.6779,-90.0901,70399,Fay and Sons,01/05/2024
93,Silvan,Brumhead,sbrumhead2k@smh.com.au,Male,1988,Pontiac,Grand Am,Amarillo,Texas,79188,US,35.1885,-101.8165,43411,Sawayn Inc,06/30/2024
94,Laryssa,MacCarrick,lmaccarrick2l@google.it,Female,1994,Saturn,S-Series,Flushing,New York,11388,US,40.6514,-73.8708,31486,Conn and Sons,12/21/2024
95,Adaline,Galbraeth,agalbraeth2m@flavors.me,Female,2002,Oldsmobile,Alero,Dallas,Texas,75310,US,32.7673,-96.7776,54268,"Runte, Lang and Emmerich",09/23/2022
96,Lorianne,Medlin,lmedlin2n@theglobeandmail.com,Female,1999,Subaru,Impreza,Atlanta,Georgia,30336,US,33.7406,-84.5545,97810,Kuhn-Schimmel,10/29/2024
97,Ralph,Vinden,rvinden2o@geocities.com,Male,1984,Pontiac,Firebird,Indianapolis,Indiana,46216,US,39.8647,-86.0136,48496,"Vandervort, Glover and Powlowski",05/28/2025
98,Hasty,Risebarer,hrisebarer2p@wufoo.com,Male,2006,BMW,Z4 M,Anchorage,Alaska,99522,US,61.1089,-149.4403,67765,"Simonis, Brekke and Cummerata",12/02/2022
99,Bertha,McGlaughn,bmcglaughn2q@ifeng.com,Female,2001,Volvo,S60,Richmond,Virginia,23220,US,37.5498,-77.4588,99491,Shields and Sons,03/29/2022
100,Brynna,Trundler,btrundler2r@example.com,Agender,2006,BMW,3 Series,Gulfport,Mississippi,39505,US,30.4158,-89.0684,62608,Renner-Denesik,07/12/2025
101,Chlo,Faich,cfaich2s@sitemeter.com,Genderqueer,2005,Ford,Mustang,Kalamazoo,Michigan,49048,US,42.3189,-85.5152,86585,Hilll and Sons,05/15/2024
102,Ronny,Cardinale,rcardinale2t@microsoft.com,Male,2003,Cadillac,DeVille,Watertown,Massachusetts,02472,US,42.37,-71.1773,96477,Orn Group,12/04/2025
103,Immanuel,Jandourek,ijandourek2u@delicious.com,Male,1995,Plymouth,Acclaim,Washington,District of Columbia,20414,US,38.884,-77.0221,44176,Spinka LLC,05/12/2024
104,Hayden,Belbin,hbelbin2v@facebook.com,Male,1991,Pontiac,LeMans,Fullerton,California,92835,US,33.8994,-117.9063,91626,Lehner Inc,08/20/2022
105,Julio,Mounsie,jmounsie2w@google.es,Male,2010,Mercury,Mountaineer,San Jose,California,95173,US,37.3352,-121.8938,33969,Glover-Armstrong,04/14/2023
106,Nicko,Aristide,naristide2x@xinhuanet.com,Male,2004,Chevrolet,Classic,Durham,North Carolina,27717,US,36.0512,-78.8577,72053,Kshlerin Group,12/20/2022
107,Jon,Pane,jpane2y@discuz.net,Male,2002,Toyota,Corolla,Dayton,Ohio,45419,US,39.7155,-84.1637,70145,"Towne, Kub and Adams",09/27/2025
108,Rodolph,Camili,rcamili2z@cbc.ca,Male,2011,Porsche,Panamera,Albuquerque,New Mexico,87201,US,35.0443,-106.6729,71695,"Corkery, Harvey and Smitham",08/01/2022
109,Merrilee,Ploughwright,mploughwright30@squarespace.com,Female,1995,Plymouth,Acclaim,Dallas,Texas,75210,US,32.7699,-96.743,30002,"Hettinger, Schmeler and Weber",09/11/2023
110,Felicio,Vivers,fvivers31@sfgate.com,Male,2002,Toyota,Prius,Washington,District of Columbia,20310,US,38.8933,-77.0146,56073,Littel-Legros,12/29/2023
111,Feliza,Bucher,fbucher32@nature.com,Female,2010,Nissan,Titan,Louisville,Kentucky,40266,US,38.189,-85.6768,69303,"Gislason, Wilderman and Wisoky",12/07/2022
112,Wendy,Burry,wburry33@altervista.org,Non-binary,2006,Volvo,XC90,Albuquerque,New Mexico,87201,US,35.0443,-106.6729,75140,"Bergstrom, Jacobs and Collier",03/24/2022
113,Bryna,Eick,beick34@adobe.com,Female,2006,Lexus,IS,San Antonio,Texas,78225,US,29.3875,-98.5245,36831,"Dooley, Shields and Kunde",01/15/2026
114,Lucien,Faragan,lfaragan35@google.com.au,Male,1997,Volvo,850,Galveston,Texas,77554,US,29.2243,-94.9637,38097,DuBuque-Kulas,12/02/2023
115,Jordanna,Dudney,jdudney36@craigslist.org,Female,2000,Audi,S4,New York City,New York,10045,US,40.7086,-74.0087,63052,Schmitt and Sons,04/19/2023
116,Phineas,Fridaye,pfridaye37@over-blog.com,Non-binary,1990,Lincoln,Town Car,Chicago,Illinois,60641,US,41.9453,-87.7474,84224,Hane-Skiles,11/12/2022
117,Stesha,Cogin,scogin38@netvibes.com,Genderqueer,1996,GMC,Suburban 1500,Pasadena,California,91109,US,33.7866,-118.2987,92195,Hermann LLC,11/17/2022
118,Kristian,Meldrum,kmeldrum39@prnewswire.com,Male,1990,Ford,Taurus,Harrisburg,Pennsylvania,17126,US,40.2618,-76.88,71138,Mosciski-Bailey,10/17/2024
119,Doy,Cuzen,dcuzen3a@google.fr,Male,2001,Mitsubishi,Diamante,Fort Wayne,Indiana,46862,US,41.0938,-85.0707,87289,"Rohan, Conroy and Dickinson",05/05/2023
120,Becka,Parrett,bparrett3b@redcross.org,Agender,2012,Chevrolet,Silverado 1500,Dallas,Texas,75231,US,32.8756,-96.7495,60064,Koepp-Weber,03/03/2023
121,Frannie,Treeby,ftreeby3c@usnews.com,Male,2009,Audi,Q7,Portsmouth,Virginia,23705,US,36.8686,-76.3552,68339,Murphy-Mitchell,08/11/2023
122,Delila,Andreas,dandreas3d@abc.net.au,Female,2007,Mercedes-Benz,CL-Class,Oklahoma City,Oklahoma,73135,US,35.411,-97.4388,56774,Dickens Group,11/05/2024
123,Arlette,Breton,abreton3e@t.co,Bigender,2009,Ford,Expedition,New Orleans,Louisiana,70183,US,29.6779,-90.0901,72681,McLaughlin and Sons,12/19/2024
124,Hobie,Tant,htant3f@constantcontact.com,Male,2010,Ford,F-Series Super Duty,Youngstown,Ohio,44555,US,41.1039,-80.6436,42770,"Hoppe, Parker and Ortiz",08/30/2022
125,Uriah,Gunney,ugunney3g@nationalgeographic.com,Male,2006,Porsche,Cayman,Davenport,Iowa,52809,US,41.613,-90.6063,94720,Kemmer Group,12/21/2025
126,Symon,Rounding,srounding3h@topsy.com,Male,1997,Cadillac,Catera,Beaufort,South Carolina,29905,US,32.3401,-80.689,70034,Hackett and Sons,03/18/2025
127,Corrianne,Mensler,cmensler3i@infoseek.co.jp,Female,1998,Cadillac,Catera,Van Nuys,California,91499,US,33.7866,-118.2987,91628,Glover-Bayer,08/22/2023
128,Celinka,Breming,cbreming3j@360.cn,Female,2007,Ford,Edge,New York City,New York,10060,US,40.7808,-73.9772,88940,Ziemann Inc,09/28/2024
129,Honoria,Segar,hsegar3k@washingtonpost.com,Female,2011,Mercedes-Benz,R-Class,Duluth,Minnesota,55811,US,46.8147,-92.1998,89321,Will-Mitchell,10/15/2022
130,Mitchael,Kaasman,mkaasman3l@smugmug.com,Male,2010,Kia,Rio,Lynchburg,Virginia,24503,US,37.4376,-79.205,94920,Williamson-Weissnat,04/07/2024
131,Vittorio,Bohlje,vbohlje3m@github.com,Male,2005,Buick,Century,Peoria,Illinois,61640,US,40.7857,-89.6177,59194,"Koss, Quitzon and Marks",03/05/2022
132,Shawn,Stanning,sstanning3n@amazonaws.com,Male,2012,Aston Martin,V8 Vantage S,Toledo,Ohio,43699,US,41.6538,-83.6589,31448,"Bradtke, Jacobi and Schumm",12/22/2023
133,Ted,Evison,tevison3o@google.com.au,Female,2005,Chevrolet,Suburban 2500,Omaha,Nebraska,68117,US,41.2064,-95.9953,88919,"Ferry, Lubowitz and Kovacek",02/21/2023
134,Fawne,Beckley,fbeckley3p@npr.org,Female,2011,Volvo,XC60,North Little Rock,Arkansas,72118,US,34.8337,-92.3289,31645,Feeney-Krajcik,05/16/2022
135,Annetta,Ashtonhurst,aashtonhurst3q@meetup.com,Female,2011,Mercedes-Benz,G-Class,Rockford,Illinois,61110,US,42.3254,-89.1705,93804,Wunsch-McClure,09/02/2022
136,Hester,Frankowski,hfrankowski3r@creativecommons.org,Female,2000,Lincoln,Continental,Phoenix,Arizona,85072,US,33.2765,-112.1872,44762,"Wilderman, Nader and Orn",03/23/2025
137,Deane,Rousell,drousell3s@networksolutions.com,Female,1993,Hummer,H1,Louisville,Kentucky,40215,US,38.1913,-85.7847,99217,Weissnat-Renner,07/21/2025
138,Carla,Meth,cmeth3t@harvard.edu,Female,2012,Chevrolet,Colorado,Washington,District of Columbia,20010,US,38.9327,-77.0322,66141,"O'Keefe, Gutmann and Boehm",06/03/2024
139,Bryant,Birchenhead,bbirchenhead3u@redcross.org,Male,2005,Chevrolet,Venture,Beaverton,Oregon,97075,US,45.5486,-123.1147,95711,Labadie-Koepp,08/15/2024
140,Eugenie,Curnnokk,ecurnnokk3v@house.gov,Female,2008,BMW,1 Series,Springfield,Illinois,62723,US,39.7495,-89.606,83010,McCullough LLC,11/30/2025
141,Grantley,Stainer,gstainer3w@theatlantic.com,Male,2011,Volkswagen,Jetta,Memphis,Tennessee,38181,US,35.2017,-89.9715,65075,Powlowski and Sons,09/03/2023
142,Michail,Tomasik,mtomasik3x@cam.ac.uk,Male,2008,Dodge,Nitro,Colorado Springs,Colorado,80930,US,38.8289,-104.5269,63977,Littel LLC,09/08/2022
143,Lorne,Sarrell,lsarrell3y@washington.edu,Female,2008,Chevrolet,Express 3500,Chicago,Illinois,60646,US,41.993,-87.7596,57402,Haag-Blick,12/30/2022
144,Junia,Fer,jfer3z@ameblo.jp,Female,2012,BMW,6 Series,Little Rock,Arkansas,72215,US,34.7519,-92.3925,83064,Keeling LLC,08/01/2025
145,Marlie,Guyer,mguyer40@archive.org,Female,2000,Oldsmobile,Intrigue,Amarillo,Texas,79105,US,35.4015,-101.8951,55578,"Dibbert, Osinski and Wintheiser",11/01/2024
146,Antoni,Vevers,avevers41@sina.com.cn,Male,1995,BMW,8 Series,Durham,North Carolina,27717,US,36.0512,-78.8577,35393,"Daugherty, Bashirian and Raynor",03/11/2022
147,Feliks,Holah,fholah42@imageshack.us,Male,1997,Land Rover,Range Rover,Anchorage,Alaska,99522,US,61.1089,-149.4403,41408,Greenfelder LLC,12/10/2024
148,Melba,Creddon,mcreddon43@blinklist.com,Female,2000,Mitsubishi,Montero,Knoxville,Tennessee,37939,US,35.9901,-83.9622,69327,Baumbach LLC,05/26/2025
149,Yehudi,Pyle,ypyle44@hc360.com,Male,2008,BMW,X3,Sarasota,Florida,34238,US,27.2427,-82.4751,30586,"Metz, Cummerata and Mayer",08/13/2024
150,Laraine,Sket,lsket45@redcross.org,Female,2004,Mazda,Tribute,Reno,Nevada,89505,US,39.5224,-119.8353,99380,Flatley Inc,09/13/2022
151,Marchall,Carse,mcarse46@unicef.org,Male,2005,Toyota,Avalon,Denver,Colorado,80299,US,39.7388,-104.4083,95195,Brakus-Watsica,11/15/2024
152,Law,Pavelka,lpavelka47@sfgate.com,Genderqueer,1999,Chevrolet,Malibu,Hollywood,Florida,33028,US,26.0185,-80.3449,80594,Kling and Sons,08/28/2024
153,Janith,Mossbee,jmossbee48@guardian.co.uk,Female,1985,Subaru,XT,Utica,New York,13505,US,43.0872,-75.2603,60894,Hudson-Jacobson,05/30/2022
154,Norbie,Rosenbloom,nrosenbloom49@paginegialle.it,Male,2008,Volkswagen,GLI,Schaumburg,Illinois,60193,US,42.0144,-88.0935,81931,Nitzsche-Sipes,08/18/2024
155,Chrissy,Peirce,cpeirce4a@un.org,Female,2011,Ford,F150,Syracuse,New York,13210,US,43.0354,-76.1282,72607,Carroll Group,02/05/2022
156,Carter,MacArte,cmacarte4b@pbs.org,Male,2009,Jeep,Commander,Huntsville,Alabama,35805,US,34.7059,-86.6165,54226,Emard Group,06/05/2023
157,Selma,MacManus,smacmanus4c@miitbeian.gov.cn,Female,2011,GMC,Acadia,Salt Lake City,Utah,84145,US,40.6681,-111.9083,94964,Hansen-Russel,07/29/2022
158,Jaymie,Perrington,jperrington4d@xing.com,Agender,2003,Infiniti,G,New York City,New York,10009,US,40.7262,-73.9796,84388,"Schmidt, Rohan and Hettinger",12/13/2022
159,Ernie,Filisov,efilisov4e@miibeian.gov.cn,Male,2000,Ford,Ranger,Modesto,California,95397,US,37.6566,-121.0191,32659,Rippin-Johns,04/10/2024
160,Noland,Lenglet,nlenglet4f@hugedomains.com,Male,2001,Chevrolet,Express 2500,Marietta,Georgia,30066,US,34.0378,-84.5038,42221,Lockman-Kemmer,01/23/2026
161,Geneva,Klimentyev,gklimentyev4g@google.ru,Female,2004,Chrysler,PT Cruiser,Riverside,California,92519,US,33.7529,-116.0556,59123,Schroeder-Wolf,04/11/2024
162,Addia,Kimbury,akimbury4h@mozilla.org,Female,2011,Dodge,Durango,Boise,Idaho,83722,US,43.4599,-116.244,76325,Brakus Inc,12/17/2022
163,Raviv,Fosher,rfosher4i@sciencedirect.com,Polygender,2006,MINI,Cooper,Redwood City,California,94064,US,37.3811,-122.3348,31569,"Torp, Douglas and Senger",01/29/2025
164,Juliann,Swatridge,jswatridge4j@smugmug.com,Female,2009,GMC,Canyon,Laredo,Texas,78044,US,27.3637,-99.4819,91917,"Luettgen, Nader and Smith",03/15/2022
165,Rena,Galbraeth,rgalbraeth4k@nytimes.com,Female,2009,Audi,A6,Little Rock,Arkansas,72204,US,34.7269,-92.344,99639,Gusikowski-Jenkins,01/13/2024
166,Shalna,Larn,slarn4l@sitemeter.com,Female,1992,Oldsmobile,Bravada,Midland,Michigan,48670,US,43.6375,-84.2568,96946,"Robel, Cruickshank and Goldner",07/17/2024
167,Dorie,Vedyasov,dvedyasov4m@arstechnica.com,Male,1993,Infiniti,J,Savannah,Georgia,31410,US,32.0175,-80.997,70309,Murphy and Sons,11/27/2022
168,Merrie,Phaup,mphaup4n@sfgate.com,Agender,1992,Buick,LeSabre,Sacramento,California,95865,US,38.596,-121.3978,65466,"Pagac, Kshlerin and Buckridge",04/29/2025
169,Garry,Jewell,gjewell4o@archive.org,Male,2004,Infiniti,QX,Pompano Beach,Florida,33075,US,26.1457,-80.4483,74133,Conroy and Sons,08/02/2022
170,Sile,Sodo,ssodo4p@apache.org,Female,2007,Kia,Rondo,Pensacola,Florida,32511,US,30.4061,-87.2917,53275,Armstrong-Gerhold,08/24/2023
171,Gamaliel,Bravery,gbravery4q@shareasale.com,Male,2012,Ford,Fusion,Houston,Texas,77201,US,29.834,-95.4342,31393,Schultz and Sons,04/04/2023
172,Dasha,Carragher,dcarragher4r@cargocollective.com,Female,2010,Toyota,RAV4,Santa Barbara,California,93106,US,34.4329,-119.8371,73666,Bernhard LLC,01/20/2024
173,Jessi,Olufsen,jolufsen4s@bravesites.com,Female,1999,Ford,Econoline E250,College Station,Texas,77844,US,30.6521,-96.341,76278,Yost Inc,08/15/2022
174,Violetta,Pinor,vpinor4t@reddit.com,Female,2002,Kia,Sedona,Kissimmee,Florida,34745,US,27.9953,-81.2593,98925,"Keeling, Runolfsson and Durgan",04/11/2025
175,Fredrika,Slym,fslym4u@yellowpages.com,Female,2004,BMW,7 Series,Albuquerque,New Mexico,87201,US,35.0443,-106.6729,31233,"Reynolds, Sporer and Cruickshank",11/19/2024
176,Rossy,Klimaszewski,rklimaszewski4v@xinhuanet.com,Male,1987,Ford,Bronco II,Savannah,Georgia,31416,US,32.0053,-81.0477,67146,Jenkins LLC,10/09/2023
177,Dulci,Satterly,dsatterly4w@devhub.com,Female,1994,Mercedes-Benz,C-Class,Philadelphia,Pennsylvania,19146,US,39.9379,-75.1794,75541,"Morissette, Bosco and Adams",10/30/2024
178,Emalee,Lewerenz,elewerenz4x@wisc.edu,Female,2003,Isuzu,Rodeo,Philadelphia,Pennsylvania,19115,US,40.0903,-75.041,73739,McClure-Gottlieb,10/30/2025
179,Forester,Cochet,fcochet4y@ucoz.com,Male,1994,Chevrolet,Sportvan G30,Knoxville,Tennessee,37995,US,35.9901,-83.9622,79070,Frami-Orn,02/17/2022
180,Mahalia,Davy,mdavy4z@slate.com,Non-binary,1993,Mitsubishi,GTO,Houston,Texas,77020,US,29.7758,-95.3121,50666,"Orn, Zulauf and Corwin",12/05/2022
181,Helen-elizabeth,McDonough,hmcdonough50@tinyurl.com,Female,1993,Ford,Tempo,Bryan,Texas,77806,US,30.6521,-96.341,66482,Kuhlman Group,05/07/2024
182,Letitia,MacKilroe,lmackilroe51@nih.gov,Female,2003,Ford,E150,Norman,Oklahoma,73071,US,35.233,-97.4067,98820,Toy-Price,10/03/2025
183,Jackie,Klampt,jklampt52@studiopress.com,Male,2007,Ford,E-Series,Arlington,Virginia,22225,US,38.8808,-77.113,39882,Heathcote Group,05/25/2025
184,Margarita,Hawke,mhawke53@psu.edu,Female,2000,Nissan,Quest,Jacksonville,Florida,32277,US,30.3704,-81.5864,82790,Grant-Sanford,01/22/2024
185,Caralie,Fucher,cfucher54@apple.com,Female,2005,Audi,A4,Metairie,Louisiana,70005,US,30.0005,-90.1331,83804,Collins-Erdman,03/29/2025
186,Cathyleen,Rebbeck,crebbeck55@1688.com,Female,2006,Audi,TT,Kansas City,Missouri,64114,US,38.9621,-94.5959,36018,Roberts-Gislason,06/19/2022
187,Ileana,Melchior,imelchior56@ifeng.com,Female,2001,Mazda,B-Series Plus,Lincoln,Nebraska,68505,US,40.8247,-96.6252,83562,Quigley-Krajcik,10/22/2023
188,Jennine,Camies,jcamies57@tripod.com,Female,1996,Buick,LeSabre,Silver Spring,Maryland,20904,US,39.0668,-76.9969,76757,Mayer Inc,08/17/2024
189,Thatch,Pre,tpre58@lycos.com,Genderqueer,2008,Porsche,Cayenne,Oklahoma City,Oklahoma,73142,US,35.599,-97.6251,34775,Wuckert and Sons,06/25/2024
190,Jennica,Gaskamp,jgaskamp59@howstuffworks.com,Female,2004,Pontiac,Aztek,Cincinnati,Ohio,45208,US,39.1361,-84.4355,93342,Maggio-Shields,10/17/2022
191,Patience,L'oiseau,ploiseau5a@ifeng.com,Female,2005,Hyundai,Sonata,Hagerstown,Maryland,21747,US,39.5207,-77.9162,78830,"Schowalter, Klocko and Jones",02/21/2024
192,Judas,Sherred,jsherred5b@scientificamerican.com,Male,2008,Hyundai,Sonata,Dallas,Texas,75323,US,32.7673,-96.7776,74135,Jast and Sons,02/01/2023
193,Clary,Foot,cfoot5c@ezinearticles.com,Genderfluid,1998,Dodge,Dakota Club,South Lake Tahoe,California,96154,US,38.8753,-120.0188,77860,Swift Inc,06/18/2023
194,Deborah,Primett,dprimett5d@europa.eu,Non-binary,2003,Nissan,Sentra,Dallas,Texas,75323,US,32.7673,-96.7776,62249,Beier-Jacobson,08/02/2024
195,Calv,Roberts,croberts5e@parallels.com,Male,1996,GMC,2500,Dallas,Texas,75260,US,32.7673,-96.7776,69834,"Keeling, Pfannerstill and Bechtelar",02/25/2025
196,Simone,Housego,shousego5f@irs.gov,Female,2005,Acura,MDX,Denver,Colorado,80262,US,39.731,-104.9384,89441,"Boyer, Rohan and Maggio",04/11/2025
197,Gilbertine,Pallin,gpallin5g@addthis.com,Female,2011,Mitsubishi,Lancer Evolution,Seattle,Washington,98195,US,47.6564,-122.3048,87474,Feest LLC,06/20/2023
198,Lucius,Ryley,lryley5h@mit.edu,Male,2011,Ford,E-Series,Pasadena,California,91199,US,34.1478,-118.1436,73884,"Murphy, Kautzer and Flatley",01/01/2026
199,Emlynne,Skydall,eskydall5i@about.me,Female,2001,Volvo,V40,San Antonio,Texas,78296,US,29.4375,-98.4616,55775,Predovic-Powlowski,01/11/2025
200,Kacie,Swayne,kswayne5j@toplist.cz,Female,2010,Maserati,Quattroporte,Orlando,Florida,32830,US,28.3822,-81.569,90078,Homenick-Predovic,05/01/2023
201,Myrta,Litterick,mlitterick5k@cafepress.com,Female,2000,Daewoo,Nubira,Louisville,Kentucky,40280,US,38.2467,-85.6853,52246,Hauck-Abbott,03/23/2022
202,Agata,Alvaro,aalvaro5l@a8.net,Female,1994,Volkswagen,Eurovan,Alexandria,Virginia,22301,US,38.82,-77.0589,53942,Hansen-Erdman,02/01/2022
203,Karole,Kain,kkain5m@surveymonkey.com,Female,1987,Land Rover,Range Rover,Los Angeles,California,90076,US,33.7866,-118.2987,65034,Schultz LLC,08/05/2023
204,Jesse,Carlson,jcarlson5n@dmoz.org,Female,1997,Chrysler,Cirrus,Dallas,Texas,75372,US,32.7673,-96.7776,70885,"Frami, Kuhn and Orn",02/23/2025
205,Dottie,Densie,ddensie5o@bloomberg.com,Female,2006,Spyker,C8,Lubbock,Texas,79452,US,33.61,-101.8213,92570,Rolfson-Lakin,06/20/2022
206,Giusto,Blodgett,gblodgett5p@about.com,Male,2003,Lincoln,Aviator,Sacramento,California,95818,US,38.5568,-121.4929,98544,Leuschke-Bosco,07/29/2022
207,Deck,Harrismith,dharrismith5q@bloomberg.com,Male,1962,Chevrolet,Corvette,Boise,Idaho,83722,US,43.4599,-116.244,47430,Mante and Sons,11/27/2024
208,Pandora,Jeffcoate,pjeffcoate5r@imgur.com,Female,2006,Aston Martin,DB9 Volante,Pompano Beach,Florida,33064,US,26.2785,-80.1157,64759,Krajcik and Sons,08/30/2024
209,Lonni,Rawsthorne,lrawsthorne5s@oracle.com,Female,1994,Toyota,Supra,Newton,Massachusetts,02162,US,42.3319,-71.254,80192,"Hyatt, Nicolas and O'Hara",07/29/2025
210,Carrissa,Priddie,cpriddie5t@noaa.gov,Female,2012,Bentley,Continental GTC,Las Vegas,Nevada,89110,US,36.173,-115.0669,93002,Abbott-Champlin,05/23/2024
211,Beale,Attrill,battrill5u@timesonline.co.uk,Male,2006,Lexus,LS,Albany,New York,12210,US,42.6568,-73.7605,53339,"Schroeder, Rohan and Torp",01/04/2025
212,Samara,Brewster,sbrewster5v@over-blog.com,Female,1998,Chevrolet,Lumina,Waterbury,Connecticut,06726,US,41.3657,-72.9275,41002,Reinger and Sons,06/11/2024
213,Bruis,McAughtry,bmcaughtry5w@nih.gov,Male,2001,Volkswagen,Jetta,Omaha,Nebraska,68144,US,41.2335,-96.1188,71890,Sanford-Durgan,10/30/2025
214,Angele,Rohlf,arohlf5x@prweb.com,Female,2005,Chevrolet,Avalanche 1500,Houston,Texas,77020,US,29.7758,-95.3121,91979,Jerde-Murray,01/25/2023
215,Lynnell,Chaucer,lchaucer5y@eventbrite.com,Female,2012,Fiat,500,Spartanburg,South Carolina,29319,US,34.8882,-81.969,69837,Streich LLC,12/28/2023
216,Wat,Snooks,wsnooks5z@google.de,Male,2009,Cadillac,SRX,Phoenix,Arizona,85045,US,33.3022,-112.1226,34929,Luettgen Group,11/20/2022
217,Bernarr,Trinder,btrinder60@webmd.com,Male,1998,BMW,5 Series,Springfield,Illinois,62711,US,39.7655,-89.7293,58686,Bartell-Hauck,07/18/2024
218,Duane,Huntly,dhuntly61@businessweek.com,Male,1985,Pontiac,Sunbird,Green Bay,Wisconsin,54305,US,44.4601,-88.0074,31877,Smith-Brown,10/02/2022
219,Arlie,Sollars,asollars62@twitter.com,Female,2006,Mazda,MPV,Biloxi,Mississippi,39534,US,30.4067,-88.9211,38638,"Schulist, Nicolas and Adams",09/26/2024
220,Grayce,Gadney,ggadney63@wired.com,Female,2010,Mercedes-Benz,M-Class,Phoenix,Arizona,85099,US,33.2765,-112.1872,39526,Barrows and Sons,07/11/2023
221,Leyla,Demsey,ldemsey64@wordpress.com,Female,2000,Ford,Excursion,El Paso,Texas,88514,US,31.6948,-106.3,53086,Satterfield-Wolf,04/25/2023
222,Brigham,Kumaar,bkumaar65@google.es,Male,2001,GMC,Jimmy,Garden Grove,California,92844,US,33.7661,-117.9738,38367,Reinger-Senger,12/12/2023
223,Harriet,Wandrich,hwandrich66@freewebs.com,Female,1960,Chevrolet,Corvette,Washington,District of Columbia,20067,US,38.8933,-77.0146,55130,Grant Inc,09/24/2024
224,Garrott,Hearse,ghearse67@opera.com,Male,2010,Acura,RDX,Long Beach,California,90840,US,33.7843,-118.1157,35885,Jerde-Schroeder,03/12/2023
225,Even,Nias,enias68@businessweek.com,Male,1998,Nissan,Pathfinder,Miami,Florida,33180,US,25.9597,-80.1403,80062,"Kirlin, Spencer and Bradtke",06/23/2025
226,Sofia,Bilt,sbilt69@intel.com,Polygender,2008,Lexus,IS,Memphis,Tennessee,38188,US,35.2017,-89.9715,50081,Altenwerth-Crooks,09/24/2022
227,Florette,Rudinger,frudinger6a@usa.gov,Female,2010,Audi,Q7,Fort Smith,Arkansas,72916,US,35.2502,-94.3703,82488,Kub-Kub,05/13/2024
228,Angel,Stubbings,astubbings6b@whitehouse.gov,Male,2009,Saturn,Outlook,Houston,Texas,77040,US,29.8744,-95.5278,44921,Upton Inc,09/08/2025
229,Earvin,Poppleton,epoppleton6c@dailymail.co.uk,Male,2011,Ram,2500,Kent,Washington,98042,US,47.368,-122.1206,63134,Rippin-Kirlin,12/03/2024
230,Codie,Iffland,ciffland6d@parallels.com,Female,1993,Mercedes-Benz,600SEL,San Diego,California,92115,US,32.7607,-117.0721,72728,"Block, Quigley and Green",05/26/2025
231,West,Stickens,wstickens6e@netvibes.com,Male,1987,Ford,EXP,Humble,Texas,77346,US,30.0042,-95.1728,31785,"Osinski, Pfannerstill and Huels",01/10/2026
232,Lola,Meakin,lmeakin6f@java.com,Female,2009,Mazda,Tribute,Raleigh,North Carolina,27626,US,35.7977,-78.6253,50058,"Davis, Lubowitz and Wilderman",10/29/2024
233,Damita,Adamov,dadamov6g@plala.or.jp,Female,1998,Land Rover,Range Rover,Madison,Wisconsin,53726,US,43.0696,-89.4239,77360,Legros and Sons,02/06/2022
234,Zaria,Cozby,zcozby6h@huffingtonpost.com,Female,1991,Ford,Probe,Lake Charles,Louisiana,70616,US,30.2642,-93.3265,84280,"Schneider, Orn and Lehner",04/23/2024
235,Rosamond,Hare,rhare6i@bing.com,Bigender,1985,Mercury,Marquis,Albany,New York,12205,US,42.7198,-73.8207,94579,Zemlak LLC,02/12/2024
236,Ezri,Bails,ebails6j@oakley.com,Male,2006,Dodge,Stratus,New Orleans,Louisiana,70129,US,30.0877,-89.8462,64753,O'Keefe-Ritchie,06/29/2022
237,Evonne,Eddington,eeddington6k@shop-pro.jp,Female,2011,Infiniti,QX56,Dallas,Texas,75367,US,32.7673,-96.7776,86524,"Parisian, Herman and Mann",05/31/2023
238,Mort,Bloys,mbloys6l@hatena.ne.jp,Agender,2008,Cadillac,STS-V,Madison,Wisconsin,53726,US,43.0696,-89.4239,93596,Muller-O'Kon,09/15/2022
239,Joellyn,Loughhead,jloughhead6m@businessweek.com,Female,1993,Isuzu,Space,Portland,Oregon,97211,US,45.5653,-122.6448,65460,Fritsch Group,03/17/2025
240,Arabel,Alans,aalans6n@tripadvisor.com,Female,1993,Dodge,Viper,Baton Rouge,Louisiana,70883,US,30.5159,-91.0804,53671,Kozey-Terry,05/26/2022
241,Mitchel,Kiddle,mkiddle6o@example.com,Male,2004,Chevrolet,Silverado 1500,Bradenton,Florida,34210,US,27.4544,-82.6358,86622,Welch Inc,07/19/2024
242,Lynette,Marrian,lmarrian6p@skype.com,Female,1985,Buick,Skylark,Dallas,Texas,75241,US,32.6722,-96.7774,99454,West LLC,03/17/2022
243,Herc,Corrigan,hcorrigan6q@usatoday.com,Male,1991,Land Rover,Sterling,Anderson,Indiana,46015,US,40.0938,-85.6578,51418,Rice LLC,07/09/2025
244,Colet,Topliss,ctopliss6r@reference.com,Male,2002,Cadillac,Escalade EXT,Cincinnati,Ohio,45243,US,39.1848,-84.3448,99721,Schowalter-Bode,09/07/2023
245,Selia,Bodechon,sbodechon6s@yelp.com,Female,2011,Ford,Transit Connect,Milwaukee,Wisconsin,53234,US,43.0174,-87.5697,48721,Veum Group,08/18/2023
246,Enrico,Comazzo,ecomazzo6t@dailymotion.com,Non-binary,2009,Honda,Pilot,Raleigh,North Carolina,27615,US,35.8887,-78.6393,46823,Kunze and Sons,10/24/2023
247,Rhianon,Hornung,rhornung6u@de.vu,Female,1994,Suzuki,SJ,Miami,Florida,33185,US,25.7274,-80.4497,55949,Schamberger-Rau,11/27/2022
248,Ginni,Brannon,gbrannon6v@home.pl,Female,2010,GMC,Sierra,El Paso,Texas,88579,US,31.6948,-106.3,62810,Doyle Inc,08/05/2024
249,Berte,Loins,bloins6w@europa.eu,Female,2007,Ford,F-Series Super Duty,Fort Lauderdale,Florida,33336,US,26.1219,-80.1436,48667,"Lang, Wolff and Anderson",11/24/2024
250,Ardelle,Teape,ateape6x@odnoklassniki.ru,Female,1984,Volkswagen,Golf,San Jose,California,95138,US,37.2602,-121.7709,35672,Schmitt-Feeney,11/21/2023
251,Innis,Greenrde,igreenrde6y@google.es,Polygender,1995,Ford,Econoline E150,Hartford,Connecticut,06183,US,41.7638,-72.673,89413,Schmidt-Ortiz,05/12/2023
252,Darsey,Dregan,ddregan6z@last.fm,Female,1994,Acura,Vigor,Vienna,Virginia,22184,US,38.8318,-77.2888,96123,Ernser-Lockman,11/01/2024
253,Florentia,Erat,ferat70@cargocollective.com,Female,2013,Ford,Transit Connect,Pasadena,California,91125,US,33.7866,-118.2987,91695,"Stamm, Nikolaus and Stiedemann",10/07/2022
254,Prisca,Kernocke,pkernocke71@un.org,Polygender,1996,GMC,Yukon,San Diego,California,92110,US,32.7635,-117.2028,54323,"Marks, Hodkiewicz and Ryan",11/18/2024
255,Hetty,Barlie,hbarlie72@bbb.org,Female,2010,Audi,A3,Tulsa,Oklahoma,74193,US,36.1398,-96.0297,63087,Muller-Keebler,12/21/2023
256,Antonino,Triplow,atriplow73@odnoklassniki.ru,Male,1995,Land Rover,Defender 90,Reading,Pennsylvania,19605,US,40.3886,-75.9328,31633,"Pagac, Feeney and Cummerata",11/16/2022
257,Allix,Goaley,agoaley74@who.int,Female,2002,Ford,Windstar,Anaheim,California,92812,US,33.817,-117.9286,42286,Frami-Langosh,09/23/2022
258,Ches,Ashton,cashton75@google.pl,Male,1998,Oldsmobile,LSS,Spokane,Washington,99205,US,47.6964,-117.4399,95812,MacGyver-Keebler,09/30/2025
259,Perren,Blakeway,pblakeway76@princeton.edu,Male,1986,Ford,Aerostar,Houston,Texas,77218,US,29.834,-95.4342,54056,Glover-Wisozk,09/20/2024
260,Tuesday,Wrout,twrout77@businessweek.com,Female,1987,Buick,Skyhawk,Corpus Christi,Texas,78410,US,27.8458,-97.596,56938,Mraz Inc,06/21/2022
261,Mommy,Adrian,madrian78@ebay.co.uk,Female,2011,Bugatti,Veyron,Jamaica,New York,11499,US,40.6514,-73.8708,98061,Wolff Inc,10/25/2023
262,Aksel,Oag,aoag79@yellowbook.com,Male,2011,Volvo,XC90,Tampa,Florida,33686,US,27.872,-82.4388,34275,Schultz Group,11/07/2024
263,Nannie,Flewitt,nflewitt7a@naver.com,Agender,1995,Dodge,Dakota Club,Albany,New York,12247,US,42.6149,-73.9708,35916,Kuvalis and Sons,07/02/2024
264,Ase,Caillou,acaillou7b@shutterfly.com,Male,2004,Lexus,LS,Sacramento,California,95852,US,38.6026,-121.4475,83433,Fahey and Sons,10/09/2022
265,Ash,Antrack,aantrack7c@upenn.edu,Male,2006,Ford,F-250 Super Duty,Springfield,Ohio,45505,US,39.9106,-83.7856,52024,Runolfsson Inc,07/13/2022
266,Bobbe,Bartelet,bbartelet7d@google.de,Female,1991,Ford,Ranger,Fargo,North Dakota,58106,US,46.9346,-97.2297,92809,Effertz-Prohaska,11/14/2024
267,Webster,Tedstone,wtedstone7e@wix.com,Male,1994,Porsche,968,Athens,Georgia,30610,US,33.9443,-83.3891,48431,"Mosciski, Funk and Cremin",12/08/2023
268,Arty,Snoxill,asnoxill7f@washingtonpost.com,Male,2011,Toyota,Corolla,Saint Louis,Missouri,63167,US,38.6383,-90.4271,38918,Kohler-Wunsch,06/30/2022
269,Irena,Haburne,ihaburne7g@forbes.com,Agender,2010,Audi,S5,Washington,District of Columbia,20575,US,38.8933,-77.0146,86873,"Cassin, Monahan and Sanford",08/21/2022
270,Bobbie,Faughnan,bfaughnan7h@un.org,Male,2010,Nissan,Altima,Murfreesboro,Tennessee,37131,US,35.8596,-86.421,96517,Pollich-Rempel,07/26/2023
271,Neale,Kohrsen,nkohrsen7i@auda.org.au,Male,1995,Chevrolet,Tahoe,Bowie,Maryland,20719,US,38.8336,-76.8777,66340,"Wolff, Altenwerth and Langworth",06/29/2022
272,Wittie,Sparry,wsparry7j@netlog.com,Male,2012,GMC,Sierra 3500,Green Bay,Wisconsin,54305,US,44.4601,-88.0074,65372,Zboncak-Rosenbaum,09/28/2025
273,Hilario,Stead,hstead7k@unesco.org,Male,2011,Scion,xB,Roanoke,Virginia,24048,US,37.2742,-79.9579,80084,Gislason-Marks,08/24/2023
274,Theodosia,Sabathe,tsabathe7l@webmd.com,Female,2000,Mercedes-Benz,SLK-Class,Sacramento,California,94280,US,38.3774,-121.4444,68110,Cruickshank Group,02/29/2024
275,Stephie,Birchall,sbirchall7m@dailymotion.com,Female,2001,Hummer,H1,Boynton Beach,Florida,33436,US,26.5354,-80.1124,33109,"Olson, Cruickshank and Littel",03/06/2025
276,Maje,Willgoss,mwillgoss7n@howstuffworks.com,Male,2010,Buick,Enclave,Atlanta,Georgia,31132,US,33.7488,-84.3883,36179,Leannon-Ortiz,02/10/2022
277,Salome,Bromwich,sbromwich7o@whitehouse.gov,Female,1994,Chrysler,New Yorker,Greensboro,North Carolina,27425,US,36.0807,-80.0244,40477,Nolan Inc,11/09/2025
278,Norman,Blazy,nblazy7p@domainmarket.com,Male,2000,Plymouth,Neon,Garden Grove,California,92645,US,33.783,-118.0256,35177,Willms and Sons,04/13/2024
279,Gamaliel,Northeast,gnortheast7q@slate.com,Agender,1986,Pontiac,Firefly,Atlanta,Georgia,31165,US,33.7629,-84.4226,34986,Fritsch Inc,05/19/2023
280,Yancy,Jerrems,yjerrems7r@icio.us,Non-binary,2009,MINI,Clubman,Houston,Texas,77055,US,29.7971,-95.4958,92245,Rice-Bailey,05/15/2025
281,Kristal,Kienlein,kkienlein7s@chicagotribune.com,Female,2007,Hyundai,Santa Fe,Washington,District of Columbia,20337,US,38.8933,-77.0146,56113,Dietrich-Quigley,06/11/2023
282,Emmott,Wretham,ewretham7t@etsy.com,Male,2005,Rolls-Royce,Phantom,Washington,District of Columbia,20503,US,38.9007,-77.0431,61221,Conn Group,07/22/2023
283,Kata,Ebbotts,kebbotts7u@illinois.edu,Female,1996,Lincoln,Mark VIII,Englewood,Colorado,80150,US,39.7388,-104.4083,70784,"Kassulke, Gislason and Cruickshank",07/07/2024
284,Mattias,Kinge,mkinge7v@e-recht24.de,Genderqueer,1993,Volvo,940,Denver,Colorado,80279,US,39.7388,-104.4083,99954,"Carroll, Thompson and Yost",01/24/2023
285,Timmie,Valentinuzzi,tvalentinuzzi7w@meetup.com,Male,2010,Ford,F-Series Super Duty,Houston,Texas,77234,US,29.834,-95.4342,72501,Upton-Williamson,12/26/2025
286,Pooh,Fidelli,pfidelli7x@psu.edu,Male,2009,Ford,Escape,Des Moines,Iowa,50305,US,41.6727,-93.5722,47894,Howell and Sons,09/11/2025
287,Dacie,De Cruz,ddecruz7y@kickstarter.com,Female,2003,Ford,Crown Victoria,Lancaster,Pennsylvania,17622,US,40.0418,-76.3012,81957,Gislason Inc,10/07/2022
288,Westleigh,Sabberton,wsabberton7z@intel.com,Male,2012,Mercedes-Benz,S-Class,Oklahoma City,Oklahoma,73173,US,35.3425,-97.6317,95246,Schinner-Balistreri,01/25/2025
289,Perceval,Le Cornu,plecornu80@walmart.com,Male,1996,Chevrolet,Suburban 1500,Marietta,Georgia,30066,US,34.0378,-84.5038,70497,O'Kon-Hane,12/25/2022
290,Kaleb,Brolechan,kbrolechan81@princeton.edu,Male,2010,Chevrolet,Tahoe,Bowie,Maryland,20719,US,38.8336,-76.8777,86588,Turner-Dooley,09/28/2024
291,Brendon,Laurentino,blaurentino82@mapy.cz,Male,2008,Maybach,57,Washington,District of Columbia,20099,US,38.8933,-77.0146,91085,Durgan Inc,10/24/2025
292,Antone,Clemmitt,aclemmitt83@devhub.com,Male,1995,Mitsubishi,Montero,Stockton,California,95219,US,38.01,-121.3698,94990,Keebler-Hauck,12/23/2025
293,Brig,Sinkin,bsinkin84@pinterest.com,Male,1999,BMW,5 Series,Mountain View,California,94042,US,37.1894,-121.7053,50898,Stroman Group,10/25/2022
294,Rhetta,Spinney,rspinney85@t.co,Female,2002,Chrysler,300M,San Diego,California,92160,US,33.0169,-116.846,69680,Pagac-Wintheiser,01/28/2026
295,Devina,Storer,dstorer86@miibeian.gov.cn,Female,1991,Mitsubishi,Mirage,Seattle,Washington,98133,US,47.7377,-122.3431,41711,"Hermann, Wisoky and Russel",11/15/2025
296,Valdemar,Lanfear,vlanfear87@flavors.me,Agender,2004,Toyota,Camry,Boulder,Colorado,80328,US,40.0878,-105.3735,67576,"Anderson, Kreiger and Farrell",08/08/2023
297,Twila,Colvine,tcolvine88@gravatar.com,Female,2010,GMC,Sierra 3500,Cedar Rapids,Iowa,52410,US,42.0794,-91.5992,70696,Rutherford Inc,01/24/2025
298,Gerik,Manders,gmanders89@go.com,Male,1994,Buick,Regal,South Bend,Indiana,46620,US,41.5968,-86.293,90175,Kutch Inc,03/18/2022
299,Alvina,Towse,atowse8a@xinhuanet.com,Non-binary,1969,Pontiac,Grand Prix,Melbourne,Florida,32919,US,28.3067,-80.6862,88698,Schowalter Inc,10/27/2022
300,Conrad,Hasnney,chasnney8b@sohu.com,Male,2003,Buick,Park Avenue,Corpus Christi,Texas,78475,US,27.777,-97.4632,71395,"Heller, Heidenreich and Schneider",07/08/2024
301,Stephine,Broadbridge,sbroadbridge8c@friendfeed.com,Female,2003,Dodge,Ram,Lexington,Kentucky,40596,US,38.0283,-84.4715,70332,Lehner-Schaefer,04/13/2025
302,Steven,Shailer,sshailer8d@nifty.com,Male,1998,Cadillac,Seville,Philadelphia,Pennsylvania,19136,US,40.0422,-75.0244,30200,McDermott-Kling,01/31/2022
303,Eleen,Fulbrook,efulbrook8e@barnesandnoble.com,Female,1987,Buick,Skylark,Des Moines,Iowa,50347,US,41.6727,-93.5722,78882,Kris LLC,01/30/2025
304,Marylou,Mutch,mmutch8f@phpbb.com,Female,1990,Audi,V8,Saint Cloud,Minnesota,56372,US,45.5289,-94.5933,36303,Hegmann-Strosin,05/04/2024
305,Jase,Tosdevin,jtosdevin8g@psu.edu,Non-binary,1996,Mitsubishi,Galant,Milwaukee,Wisconsin,53215,US,43.006,-87.9429,72753,Boyer-Veum,08/18/2025
306,Byran,Duckham,bduckham8h@telegraph.co.uk,Male,2009,Ford,Edge,Johnson City,Tennessee,37605,US,36.3158,-82.3838,45125,Herman-Stamm,10/26/2023
307,Beale,Peasegod,bpeasegod8i@themeforest.net,Polygender,1996,Dodge,Dakota Club,Lafayette,Louisiana,70505,US,30.2023,-92.0188,71283,Kiehn-Kautzer,12/30/2025
308,Elia,Collis,ecollis8j@newyorker.com,Bigender,2003,Toyota,Tacoma Xtra,Garland,Texas,75044,US,32.9522,-96.6654,79575,"Durgan, Sauer and Rogahn",06/11/2025
309,Karola,Vasile,kvasile8k@opensource.org,Female,1998,Buick,LeSabre,Fort Worth,Texas,76105,US,32.7233,-97.269,50986,"Reynolds, Veum and Ebert",05/05/2025
310,Robbie,Awton,rawton8l@flickr.com,Male,2003,Hyundai,Elantra,Orlando,Florida,32813,US,28.5679,-81.3258,95934,Reynolds-Kling,12/28/2025
311,Reggy,Crummie,rcrummie8m@virginia.edu,Male,2011,Ford,Explorer,Las Vegas,Nevada,89135,US,36.1378,-115.3261,68705,Stamm-Shields,08/19/2024
312,Vallie,Escofier,vescofier8n@cafepress.com,Female,1994,Hummer,H1,Charleston,West Virginia,25313,US,38.4142,-81.7582,47335,Steuber Group,03/08/2023
313,Antons,Bruckshaw,abruckshaw8o@whitehouse.gov,Male,1995,Subaru,SVX,Chandler,Arizona,85246,US,33.2765,-112.1872,52163,"Kutch, Mueller and Beer",12/10/2022
314,Valle,Stennet,vstennet8p@t.co,Non-binary,2000,Dodge,Viper,Lincoln,Nebraska,68531,US,40.9008,-96.7201,65879,Will LLC,07/16/2024
315,Nickolas,Martensen,nmartensen8q@webmd.com,Non-binary,2002,BMW,Z8,Tyler,Texas,75710,US,32.3475,-95.3065,80547,"Padberg, Emard and Sawayn",09/21/2024
316,Marne,Constantine,mconstantine8r@oakley.com,Female,1999,Chevrolet,1500,Herndon,Virginia,22070,US,38.9776,-77.386,49506,Swift-Bashirian,08/27/2023
317,Buddy,Hubbuck,bhubbuck8s@hp.com,Male,2011,Mercedes-Benz,Sprinter,Glendale,California,91210,US,33.7866,-118.2987,32567,Mueller Inc,01/04/2023
318,Ranice,Balasini,rbalasini8t@bbc.co.uk,Female,2010,Hyundai,Genesis Coupe,Houston,Texas,77288,US,29.834,-95.4342,91263,Schroeder-Nolan,11/27/2025
319,Harlin,Leat,hleat8u@chron.com,Male,2004,Oldsmobile,Alero,Albuquerque,New Mexico,87121,US,35.0512,-106.7269,83268,Hagenes-Hamill,10/29/2022
320,Elladine,Briand,ebriand8v@mail.ru,Female,1996,Chevrolet,2500,Buffalo,New York,14220,US,42.8441,-78.8182,63644,Bailey LLC,05/22/2023
321,Terrel,Roddan,troddan8w@si.edu,Male,2012,BMW,M3,Washington,District of Columbia,20210,US,38.8933,-77.0146,65464,Pfeffer Inc,08/05/2023
322,Madalyn,Raulstone,mraulstone8x@ox.ac.uk,Female,2000,Volvo,S70,Littleton,Colorado,80126,US,39.5437,-104.9691,60381,"Moore, Daugherty and Rath",01/18/2024
323,Camile,Linneman,clinneman8y@cbslocal.com,Female,1999,Chrysler,Concorde,Spring,Texas,77386,US,30.1288,-95.4239,33785,Ruecker LLC,05/12/2022
324,Vail,Storer,vstorer8z@artisteer.com,Male,1997,Dodge,Ram 2500 Club,Metairie,Louisiana,70005,US,30.0005,-90.1331,76980,"McKenzie, Corwin and Wintheiser",02/05/2022
325,Jaime,Agate,jagate90@paypal.com,Male,2001,Kia,Spectra,Sacramento,California,94263,US,38.3774,-121.4444,64539,Kuhic-Gutkowski,09/26/2023
326,Johnathan,Tomek,jtomek91@economist.com,Male,1985,Chevrolet,Corvette,Oklahoma City,Oklahoma,73119,US,35.421,-97.5616,37029,Stokes and Sons,09/13/2024
327,Chicky,Ghiraldi,cghiraldi92@mac.com,Female,2002,BMW,5 Series,Joliet,Illinois,60435,US,41.5454,-88.1299,33848,Bailey Inc,11/23/2022
328,Aretha,Deathridge,adeathridge93@amazonaws.com,Agender,1998,GMC,2500 Club Coupe,Boca Raton,Florida,33432,US,26.3462,-80.0844,42879,Renner Inc,01/22/2023
329,Dylan,Otteridge,dotteridge94@surveymonkey.com,Male,1996,Toyota,Avalon,Wilkes Barre,Pennsylvania,18706,US,41.2044,-75.9113,60168,Sauer Group,06/29/2023
330,Araldo,Clayson,aclayson95@vkontakte.ru,Male,2013,Ford,Focus ST,Orlando,Florida,32830,US,28.3822,-81.569,46276,Klein-Prosacco,02/06/2022
331,Carolin,Bax,cbax96@biglobe.ne.jp,Female,1991,Volkswagen,Fox,San Antonio,Texas,78260,US,29.7026,-98.4759,33817,"Weber, White and Beatty",11/03/2025
332,Meris,Sarch,msarch97@whitehouse.gov,Female,1995,Pontiac,Bonneville,Reno,Nevada,89550,US,39.5387,-119.8225,39799,Dibbert and Sons,06/27/2025
333,Elie,Wallhead,ewallhead98@dyndns.org,Female,2003,Honda,S2000,Birmingham,Alabama,35231,US,33.5446,-86.9292,70023,Fisher-Bailey,09/08/2024
334,Elden,Ourry,eourry99@furl.net,Male,2008,BMW,M3,Laredo,Texas,78044,US,27.3637,-99.4819,68876,Rolfson-Moen,06/23/2024
335,Darnell,Buckland,dbuckland9a@ucla.edu,Male,2006,Ford,F250,Apache Junction,Arizona,85219,US,33.3616,-111.2795,69264,Kassulke-Swift,10/03/2022
336,Alessandro,Housden,ahousden9b@independent.co.uk,Male,2005,Ford,Five Hundred,Springfield,Illinois,62776,US,39.7495,-89.606,36849,Walker Inc,05/07/2024
337,Isidoro,Reolfi,ireolfi9c@home.pl,Male,1986,Volkswagen,Passat,Atlanta,Georgia,31132,US,33.7488,-84.3883,94026,Daniel-Olson,09/11/2025
338,Lewiss,Seathwright,lseathwright9d@unblog.fr,Male,2010,Land Rover,Range Rover,Lincoln,Nebraska,68531,US,40.9008,-96.7201,78051,Brekke-Lesch,09/28/2025
339,Dacey,Snodden,dsnodden9e@independent.co.uk,Female,2002,Mercedes-Benz,E-Class,Peoria,Illinois,61635,US,40.7442,-89.7184,81511,"Lubowitz, Schuppe and D'Amore",01/27/2025
340,Humberto,Goodley,hgoodley9f@google.com.hk,Male,1997,Honda,Prelude,Pasadena,Texas,77505,US,29.6518,-95.1464,84723,"Bednar, Lang and Trantow",07/17/2024
341,Mitzi,Sineath,msineath9g@ca.gov,Female,1992,Mercedes-Benz,400SE,San Francisco,California,94164,US,37.7848,-122.7278,36807,Satterfield LLC,09/19/2025
342,Frannie,Fulton,ffulton9h@webs.com,Male,2006,Acura,RL,Norfolk,Virginia,23520,US,36.9312,-76.2397,81538,"Hoeger, Frami and Bernhard",01/24/2026
343,Morris,Ashbee,mashbee9i@eepurl.com,Male,2010,Audi,TT,El Paso,Texas,88535,US,31.6948,-106.3,36688,Strosin Group,11/04/2024
344,Alicia,Clemmens,aclemmens9j@amazon.co.uk,Female,1998,Mercedes-Benz,SLK-Class,Gastonia,North Carolina,28055,US,35.284,-81.1897,70581,"Hilll, Gottlieb and Goyette",04/01/2024
345,Allys,Seacroft,aseacroft9k@google.co.uk,Female,2010,Lincoln,MKS,Killeen,Texas,76544,US,31.1282,-97.7469,59574,"Ruecker, Zboncak and Rutherford",10/02/2025
346,Benetta,Chrstine,bchrstine9l@posterous.com,Female,1996,Chevrolet,3500,Salem,Oregon,97312,US,44.9364,-123.0381,88797,Brakus-Cruickshank,01/04/2024
347,Trumaine,Cardiff,tcardiff9m@histats.com,Male,2000,Chevrolet,Cavalier,Kansas City,Kansas,66160,US,39.0966,-94.7495,63097,Kihn LLC,11/16/2023
348,Raina,Limbrick,rlimbrick9n@umich.edu,Genderqueer,1960,Chevrolet,Corvette,Youngstown,Ohio,44505,US,41.1257,-80.6277,32518,Emard-Bednar,09/02/2022
349,Townie,Lusk,tlusk9o@mediafire.com,Male,1990,Lincoln,Continental Mark VII,Philadelphia,Pennsylvania,19109,US,39.9496,-75.1637,57690,Welch and Sons,07/29/2025
350,Derick,Kristiansen,dkristiansen9p@technorati.com,Male,1999,Chevrolet,Express 2500,Valdosta,Georgia,31605,US,30.946,-83.2474,85349,"Cassin, Carter and O'Keefe",07/11/2022
351,Tammy,Gotcliffe,tgotcliffe9q@mit.edu,Male,2005,Pontiac,Sunfire,Alexandria,Virginia,22301,US,38.82,-77.0589,88553,"Goyette, Dietrich and Mertz",01/28/2026
352,Waiter,Cocks,wcocks9r@123-reg.co.uk,Male,2001,Lamborghini,Diablo,Toledo,Ohio,43615,US,41.6492,-83.6706,68361,Jacobi Group,07/05/2022
353,Carmon,Gearing,cgearing9s@bluehost.com,Female,2004,Dodge,Ram 2500,Birmingham,Alabama,35242,US,33.3813,-86.7046,83561,"Reichel, Lind and Harber",02/09/2023
354,Fin,Strippel,fstrippel9t@live.com,Male,2009,Jaguar,XK,Norfolk,Virginia,23520,US,36.9312,-76.2397,51454,Marks-Maggio,07/25/2023
355,Daniella,Robbings,drobbings9u@scientificamerican.com,Female,2011,Dodge,Caravan,Terre Haute,Indiana,47805,US,39.5327,-87.3255,36681,Abernathy and Sons,05/04/2024
356,Iona,Bote,ibote9v@gizmodo.com,Female,1998,Chevrolet,Blazer,Austin,Texas,78737,US,30.2107,-97.9427,43822,Senger-Jacobs,07/26/2024
357,Menard,Crichten,mcrichten9w@jalbum.net,Male,2000,Pontiac,Sunfire,Washington,District of Columbia,20575,US,38.8933,-77.0146,38365,"Beier, Bartell and Weimann",01/31/2024
358,Edy,Pennuzzi,epennuzzi9x@wiley.com,Female,1990,Buick,Century,Wichita,Kansas,67215,US,37.6333,-97.425,96011,"Bartoletti, McCullough and Gibson",07/23/2023
359,Ulysses,Wasling,uwasling9y@xinhuanet.com,Genderfluid,2005,Spyker,C8,Louisville,Kentucky,40256,US,38.189,-85.6768,70275,Boyle and Sons,01/15/2025
360,Levin,Pendleberry,lpendleberry9z@goodreads.com,Male,2005,Nissan,Titan,Seattle,Washington,98133,US,47.7377,-122.3431,76645,"Kerluke, Terry and Dickinson",06/18/2022
361,Bruis,Livard,blivarda0@storify.com,Male,2001,Chrysler,PT Cruiser,Seattle,Washington,98133,US,47.7377,-122.3431,82254,"Abernathy, Heathcote and Hintz",12/01/2024
362,Bellina,Gregolin,bgregolina1@hugedomains.com,Female,1998,Dodge,Caravan,Mount Vernon,New York,10557,US,41.119,-73.733,80558,Koelpin-Lakin,04/07/2023
363,Tabbie,Rowson,trowsona2@networksolutions.com,Male,1997,Mitsubishi,Pajero,Corpus Christi,Texas,78470,US,27.777,-97.4632,57652,Stroman-Farrell,03/27/2025
364,Norbie,Hallibone,nhallibonea3@go.com,Male,2006,Chevrolet,Suburban 2500,Hampton,Virginia,23668,US,37.0206,-76.3377,66021,Casper and Sons,03/19/2025
365,Leonard,Calvie,lcalviea4@opensource.org,Male,1987,Audi,4000CS Quattro,Burbank,California,91520,US,34.1869,-118.348,34027,Moen Inc,06/19/2022
366,Marjory,Plester,mplestera5@eventbrite.com,Female,1987,Mitsubishi,L300,Lubbock,Texas,79452,US,33.61,-101.8213,96686,Gleichner Group,11/23/2023
367,Melvin,Kitcherside,mkitchersidea6@irs.gov,Male,2005,BMW,M3,San Antonio,Texas,78291,US,29.4375,-98.4616,71940,Hudson Group,06/07/2024
368,Sigismund,Wantling,swantlinga7@paginegialle.it,Male,2001,Land Rover,Discovery,Lancaster,California,93584,US,33.7866,-118.2987,59220,"Stamm, Reichel and Leffler",01/12/2024
369,Janeva,Davioud,jdaviouda8@etsy.com,Agender,2006,BMW,M5,Henderson,Nevada,89012,US,36.0119,-115.0433,87047,Bartell-Bartoletti,02/04/2023
370,Tammie,Tilburn,ttilburna9@walmart.com,Female,1997,Mercedes-Benz,SL-Class,Sacramento,California,95894,US,38.5816,-121.4933,51923,"Kohler, Zieme and Abernathy",09/08/2022
371,Daffi,Spurway,dspurwayaa@engadget.com,Genderfluid,1993,GMC,Suburban 2500,Cincinnati,Ohio,45213,US,39.1802,-84.4204,39693,Roob-Douglas,03/01/2025
372,Hildy,Sharkey,hsharkeyab@nbcnews.com,Female,2011,Porsche,911,Norfolk,Virginia,23514,US,36.9312,-76.2397,83692,Gutkowski-Anderson,04/26/2022
373,Frederick,Bonallack,fbonallackac@skype.com,Agender,1988,Buick,Skylark,Fort Worth,Texas,76162,US,32.7714,-97.2915,71676,"Kassulke, Ernser and Orn",01/19/2026
374,Roslyn,O'Loughane,roloughanead@delicious.com,Genderqueer,2005,Saturn,VUE,Columbia,Missouri,65218,US,38.9033,-92.1022,79402,Corkery-Beer,09/21/2025
375,Giff,Giveen,ggiveenae@blogs.com,Male,2007,Audi,Q7,Falls Church,Virginia,22047,US,38.8318,-77.2888,48476,"Murphy, Pagac and Baumbach",10/15/2023
376,Cassandry,Bradman,cbradmanaf@google.ca,Female,2011,Infiniti,EX,Bradenton,Florida,34282,US,27.4272,-82.4387,42070,"Upton, Effertz and Abbott",07/07/2024
377,Rickie,Riba,rribaag@printfriendly.com,Female,1995,Toyota,Land Cruiser,New Orleans,Louisiana,70129,US,30.0877,-89.8462,38828,"Quitzon, Berge and Towne",06/04/2025
378,Milton,Wareing,mwareingah@odnoklassniki.ru,Male,1994,Oldsmobile,Achieva,Denton,Texas,76205,US,33.1903,-97.1282,95778,White-Corwin,12/18/2023
379,Gwyneth,Blindmann,gblindmannai@mayoclinic.com,Female,1996,GMC,Sonoma Club Coupe,Cheyenne,Wyoming,82007,US,41.1084,-104.8107,31124,"Schuster, Kutch and Bosco",03/14/2023
380,Coleen,Pollack,cpollackaj@google.ca,Female,2002,Mazda,626,Washington,District of Columbia,20088,US,38.8933,-77.0146,86160,"Kutch, Kshlerin and Dare",11/04/2023
381,Fanechka,Fergusson,ffergussonak@hibu.com,Agender,1996,Dodge,Ram 1500,Palm Bay,Florida,32909,US,27.9694,-80.6473,34606,Skiles LLC,08/16/2023
382,Griffie,Nerney,gnerneyal@walmart.com,Male,2000,Toyota,Camry,Atlanta,Georgia,30392,US,33.8444,-84.474,75077,Conn Inc,02/02/2025
383,Berta,Ingrem,bingremam@joomla.org,Female,2006,Mercedes-Benz,E-Class,Denver,Colorado,80279,US,39.7388,-104.4083,59636,"Considine, Ritchie and Weimann",06/18/2022
384,Addi,McGlew,amcglewan@shop-pro.jp,Female,2006,Mercury,Mariner,Knoxville,Tennessee,37939,US,35.9901,-83.9622,45705,Tromp and Sons,11/09/2025
385,Aldridge,Sinkings,asinkingsao@aol.com,Male,2003,Ford,Taurus,Louisville,Kentucky,40210,US,38.2306,-85.7905,44636,Kunde Inc,09/03/2024
386,Justine,Naldrett,jnaldrettap@wordpress.com,Female,1995,Ford,Probe,Washington,District of Columbia,20397,US,38.9164,-76.9948,41519,"Robel, Ondricka and Hahn",01/24/2024
387,Cyrill,Huyge,chuygeaq@typepad.com,Male,2004,Nissan,Altima,Evansville,Indiana,47732,US,37.9971,-87.575,68218,Hermiston LLC,12/15/2022
388,Ellery,Vaudin,evaudinar@hexun.com,Male,1996,Oldsmobile,Bravada,Fargo,North Dakota,58106,US,46.9346,-97.2297,48887,Kautzer Inc,05/16/2024
389,Odelinda,Noton,onotonas@rakuten.co.jp,Female,2002,Acura,NSX,Dallas,Texas,75372,US,32.7673,-96.7776,63914,Champlin-Larson,10/12/2023
390,Eldon,Purrier,epurrierat@over-blog.com,Male,2002,Mitsubishi,Montero Sport,Trenton,New Jersey,08608,US,40.2204,-74.7622,69516,Leannon-Beatty,08/12/2023
391,Aurie,Derle,aderleau@twitter.com,Female,1992,Mercury,Capri,Missoula,Montana,59806,US,47.116,-114.0498,78988,"Carter, Hansen and Armstrong",06/04/2022
392,Gennie,Gurdon,ggurdonav@ustream.tv,Female,2012,Hyundai,Veloster,Colorado Springs,Colorado,80945,US,38.8247,-104.562,59983,Cronin-Kerluke,01/02/2026
393,Maximilianus,Fayre,mfayreaw@google.nl,Male,1997,Honda,Civic,Seattle,Washington,98195,US,47.6564,-122.3048,84133,"Miller, Romaguera and Pfannerstill",01/02/2025
394,Leonanie,Passler,lpasslerax@bbc.co.uk,Female,2006,Toyota,4Runner,San Antonio,Texas,78245,US,29.4189,-98.6895,59531,Armstrong-Gibson,04/21/2023
395,Jennee,Shevlane,jshevlaneay@themeforest.net,Female,1996,Pontiac,Bonneville,Chicago,Illinois,60686,US,41.8756,-87.6378,84313,"Gorczany, Hoppe and Kub",10/03/2023
396,Carly,Dumbare,cdumbareaz@cyberchimps.com,Bigender,1992,Porsche,968,Kalamazoo,Michigan,49048,US,42.3189,-85.5152,49563,Barton LLC,12/09/2022
397,Bobbie,Whiley,bwhileyb0@discuz.net,Male,1998,Volkswagen,Passat,El Paso,Texas,79911,US,31.8925,-106.5426,48705,"Sawayn, O'Kon and Ullrich",05/11/2023
398,Jourdan,Waddicor,jwaddicorb1@nationalgeographic.com,Female,1999,Mercedes-Benz,S-Class,Dallas,Texas,75372,US,32.7673,-96.7776,96762,"Moore, O'Reilly and Buckridge",09/18/2025
399,Tommie,Culy,tculyb2@webmd.com,Non-binary,1999,Pontiac,Montana,Tampa,Florida,33620,US,28.06,-82.4079,62906,Greenfelder-Parisian,01/26/2025
400,Elvera,Husby,ehusbyb3@npr.org,Female,1996,Chrysler,Concorde,New Haven,Connecticut,06538,US,41.3657,-72.9275,50804,Gislason-Kuhn,02/10/2022
401,Catie,Farleigh,cfarleighb4@newsvine.com,Female,2009,Isuzu,Ascender,Columbia,South Carolina,29220,US,34.006,-80.9708,83581,Rodriguez-Mertz,12/31/2022
402,Dodi,Sondon,dsondonb5@wunderground.com,Female,2008,Nissan,Titan,Myrtle Beach,South Carolina,29579,US,33.7377,-78.9787,86484,Littel-Luettgen,11/14/2023
403,Marcille,Dukesbury,mdukesburyb6@ihg.com,Female,1971,Ford,Mustang,Washington,District of Columbia,20503,US,38.9007,-77.0431,59998,"Torphy, Dibbert and Reichel",01/01/2024
404,Harper,Petkens,hpetkensb7@indiegogo.com,Agender,1999,Kia,Sportage,San Francisco,California,94169,US,37.7848,-122.7278,91932,Cremin-Altenwerth,11/26/2023
405,Myranda,Fahy,mfahyb8@businessweek.com,Female,2004,Suzuki,Vitara,Portland,Oregon,97286,US,45.5806,-122.3748,47467,Hettinger-Roob,10/10/2024
406,Raddy,Lethem,rlethemb9@google.ca,Male,2001,Isuzu,VehiCROSS,Idaho Falls,Idaho,83405,US,43.3233,-111.7822,77883,"Weimann, Rogahn and Walker",12/03/2023
407,Tobye,Laweles,tlawelesba@com.com,Female,2007,Ford,F250,Hartford,Connecticut,06160,US,41.7665,-72.6933,69678,Bogisich-Mann,05/18/2024
408,Davon,Corson,dcorsonbb@china.com.cn,Male,2007,Lincoln,Town Car,Hot Springs National Park,Arkansas,71914,US,34.5137,-92.9685,75078,Erdman-Gusikowski,07/08/2025
409,Bank,Kadd,bkaddbc@ebay.com,Male,2008,Hyundai,Azera,Los Angeles,California,90076,US,33.7866,-118.2987,41724,"Hoeger, McCullough and Vandervort",07/20/2024
410,Vonnie,Woodington,vwoodingtonbd@com.com,Female,1998,Pontiac,Bonneville,Lake Charles,Louisiana,70607,US,30.1244,-93.1835,37759,Hegmann and Sons,07/18/2024
411,Cecilio,Kave,ckavebe@elegantthemes.com,Male,2008,Chrysler,PT Cruiser,Jackson,Mississippi,39282,US,32.3113,-90.3972,86978,"Walsh, Ernser and Durgan",02/14/2023
412,Fin,Costy,fcostybf@uiuc.edu,Male,2011,Hyundai,Elantra,Omaha,Nebraska,68179,US,41.2917,-96.1711,84315,"Howell, Windler and Heller",09/20/2023
413,Guendolen,Brinklow,gbrinklowbg@over-blog.com,Female,1998,Mercury,Villager,San Bernardino,California,92424,US,34.84,-115.9671,98387,Ullrich-Lemke,05/14/2023
414,Orlan,Skrines,oskrinesbh@over-blog.com,Polygender,2007,Nissan,Sentra,El Paso,Texas,88563,US,31.6948,-106.3,54846,Bogisich and Sons,05/04/2025
415,Goraud,Veltmann,gveltmannbi@skyrock.com,Male,1995,Hyundai,Accent,Columbus,Ohio,43226,US,39.969,-83.0114,39971,Gleichner-Wuckert,04/14/2022
416,Frankie,Nulty,fnultybj@etsy.com,Male,2009,Mazda,Mazda5,Raleigh,North Carolina,27610,US,35.7667,-78.6008,50432,Grimes LLC,08/01/2025
417,Briny,Sinden,bsindenbk@photobucket.com,Female,2003,GMC,Savana 1500,El Paso,Texas,79999,US,31.6948,-106.3,94051,Huels Group,03/27/2022
418,Sosanna,Wilkinson,swilkinsonbl@meetup.com,Female,1996,Ford,Ranger,Brockton,Massachusetts,02405,US,41.9705,-70.7014,95581,"Wolff, Ullrich and Batz",01/16/2024
419,Kathlin,Houson,khousonbm@nbcnews.com,Female,2006,Hyundai,Santa Fe,Albany,New York,12255,US,42.6149,-73.9708,64185,"Nicolas, Adams and Dooley",04/13/2022
420,Barnard,Leatherbarrow,bleatherbarrowbn@weather.com,Male,1991,Pontiac,Firefly,Arlington,Virginia,22217,US,38.8808,-77.113,50526,Balistreri-Quigley,12/27/2022
421,Creighton,Chilcotte,cchilcottebo@patch.com,Male,2011,Honda,Accord,Trenton,New Jersey,08603,US,40.2805,-74.712,93309,"Marquardt, Shanahan and Hilpert",01/17/2026
422,Carny,Shepcutt,cshepcuttbp@mashable.com,Male,2003,Honda,Insight,Manchester,New Hampshire,03105,US,42.9521,-71.6539,34260,"Zulauf, White and Bergstrom",10/20/2023
423,Fonzie,Starton,fstartonbq@yellowpages.com,Male,2002,BMW,M,Peoria,Illinois,61614,US,40.7681,-89.6026,42970,"Gleichner, Weimann and Connelly",07/02/2022
424,Yorgo,Clemenson,yclemensonbr@discovery.com,Male,1967,Ford,Mustang,Nashville,Tennessee,37220,US,36.0641,-86.7697,69073,"Greenfelder, Hahn and Cartwright",05/27/2024
425,Jordon,Waterhous,jwaterhousbs@networksolutions.com,Male,2006,GMC,Savana 3500,Washington,District of Columbia,20067,US,38.8933,-77.0146,73765,Borer and Sons,05/15/2024
426,Leslie,Dalwood,ldalwoodbt@ycombinator.com,Female,2001,Land Rover,Freelander,Louisville,Kentucky,40215,US,38.1913,-85.7847,49139,Stanton-Haley,03/02/2022
427,Filip,Broddle,fbroddlebu@zimbio.com,Agender,1987,Ford,Escort,Memphis,Tennessee,38126,US,35.1255,-90.0424,54608,Spinka LLC,01/04/2023
428,Ashleigh,Barton,abartonbv@clickbank.net,Female,2005,Lexus,RX,Annapolis,Maryland,21405,US,39.0305,-76.5515,43075,"Fay, Heathcote and Pouros",07/01/2025
429,Markus,Carcas,mcarcasbw@ebay.co.uk,Male,1992,Infiniti,M,Fredericksburg,Virginia,22405,US,38.3365,-77.4366,50521,"Wyman, Wyman and Corwin",08/11/2023
430,Hyacinth,Boundley,hboundleybx@oracle.com,Female,1987,Suzuki,Swift,Boston,Massachusetts,02119,US,42.3231,-71.0846,43142,Deckow Inc,12/26/2023
431,Irving,McKinna,imckinnaby@dell.com,Male,2005,Suzuki,Daewoo Magnus,Charlotte,North Carolina,28289,US,35.26,-80.8042,74252,Barrows LLC,08/22/2024
432,Boote,Sailer,bsailerbz@joomla.org,Male,2010,Aston Martin,V8 Vantage,Worcester,Massachusetts,01654,US,42.3648,-71.8969,47498,"Hane, Kutch and King",09/23/2025
433,Blakeley,Creber,bcreberc0@merriam-webster.com,Female,1995,Land Rover,Discovery,Irvine,California,92710,US,33.7074,-117.8403,53504,Wiza Inc,10/13/2022
434,Maitilde,Boissieux,mboissieuxc1@google.com,Female,1972,Pontiac,GTO,Lafayette,Indiana,47905,US,40.4001,-86.8602,74578,Bergnaum-Carroll,05/11/2025
435,Papageno,Purdie,ppurdiec2@msn.com,Male,1992,Mazda,MX-6,Helena,Montana,59623,US,46.5901,-112.0402,49137,Senger Inc,12/04/2022
436,Nissy,Pinn,npinnc3@fda.gov,Non-binary,1992,Chevrolet,Lumina APV,Baltimore,Maryland,21275,US,39.2847,-76.6205,51276,Hills and Sons,01/06/2025
437,Liva,Storres,lstorresc4@mysql.com,Female,1988,Pontiac,Sunbird,Santa Fe,New Mexico,87505,US,35.6219,-105.8688,68393,"Fritsch, Herzog and Rutherford",07/29/2022
438,Effie,Towse,etowsec5@so-net.ne.jp,Female,2004,Jaguar,XK Series,Richmond,Virginia,23260,US,37.5242,-77.4932,43482,Kling-Dicki,02/07/2022
439,Emily,Dot,edotc6@tamu.edu,Female,1996,Nissan,Altima,Memphis,Tennessee,38168,US,35.2017,-89.9715,94137,"Feest, Reinger and Gorczany",07/15/2022
440,Carly,Cave,ccavec7@sourceforge.net,Female,2008,Kia,Amanti,Raleigh,North Carolina,27605,US,35.7908,-78.653,67233,Schaefer and Sons,11/10/2022
441,Sibley,Raiker,sraikerc8@vinaora.com,Female,2009,Kia,Carens,Waco,Texas,76796,US,31.5915,-97.0823,48773,Hodkiewicz Inc,09/11/2024
442,Arielle,Fabri,afabric9@cocolog-nifty.com,Female,2010,Saab,9-5,Fort Lauderdale,Florida,33315,US,26.0989,-80.1541,32803,Lehner LLC,11/19/2023
443,Pierson,Fermoy,pfermoyca@pagesperso-orange.fr,Male,2002,Dodge,Caravan,Fort Lauderdale,Florida,33325,US,26.1097,-80.3215,79042,Cormier-Christiansen,10/14/2024
444,Elmore,Bolt,eboltcb@flickr.com,Male,2000,Chrysler,Sebring,Atlanta,Georgia,31132,US,33.7488,-84.3883,76141,Gleason Group,08/06/2025
445,Leonora,Hoys,lhoyscc@jiathis.com,Female,2001,Land Rover,Discovery,Portland,Oregon,97206,US,45.484,-122.5973,65578,Kunde-Halvorson,12/05/2023
446,Veronike,Cruwys,vcruwyscd@chicagotribune.com,Female,2001,Chevrolet,Monte Carlo,Dallas,Texas,75251,US,32.9189,-96.7751,46727,Davis-Blanda,02/22/2024
447,Twila,Coates,tcoatesce@hexun.com,Female,2009,Subaru,Tribeca,Des Moines,Iowa,50393,US,41.6727,-93.5722,74070,Ullrich and Sons,07/15/2025
448,Lexine,Courtenay,lcourtenaycf@house.gov,Female,2006,Hummer,H3,Washington,District of Columbia,20051,US,38.8933,-77.0146,62975,Lowe Group,10/13/2024
449,Torey,Chesson,tchessoncg@va.gov,Agender,2012,Ford,Expedition,Fresno,California,93794,US,36.7464,-119.6397,42145,Weissnat Inc,05/29/2022
450,Luelle,Meiklem,lmeiklemch@networkadvertising.org,Female,2008,Infiniti,M,Fresno,California,93721,US,36.7377,-119.7843,36046,Legros and Sons,04/01/2025
451,Abba,Costa,acostaci@blog.com,Male,2003,Chrysler,Concorde,Santa Cruz,California,95064,US,36.9959,-122.0578,67053,Rohan-Batz,09/18/2025
452,Kippie,Hutchence,khutchencecj@yale.edu,Male,1991,Mercury,Grand Marquis,Oklahoma City,Oklahoma,73142,US,35.599,-97.6251,68296,Bradtke-Zboncak,02/07/2024
453,Aubrey,Elden,aeldenck@google.com.hk,Female,2008,Dodge,Avenger,Philadelphia,Pennsylvania,19125,US,39.9788,-75.1262,74906,Boehm-Morissette,04/30/2022
454,Sula,Pippin,spippincl@theguardian.com,Female,1995,Volkswagen,rio,Las Vegas,Nevada,89110,US,36.173,-115.0669,48290,Cartwright and Sons,06/17/2023
455,Corby,Pead,cpeadcm@tmall.com,Male,1992,Ford,Bronco,Colorado Springs,Colorado,80951,US,38.8881,-104.6556,89823,Kertzmann LLC,04/06/2025
456,Nikki,Strathern,nstratherncn@1688.com,Female,2012,BMW,X6,New York City,New York,10120,US,40.7506,-73.9894,82077,Daugherty-Reinger,11/08/2022
457,Nadia,Dyott,ndyottco@vkontakte.ru,Female,1994,Hummer,H1,Columbia,South Carolina,29215,US,34.006,-80.9708,41857,Kunze-Torphy,02/04/2025
458,Cullin,Lumbly,clumblycp@php.net,Male,2000,Kia,Sephia,Gainesville,Florida,32605,US,29.6785,-82.3679,69606,"Windler, Streich and McCullough",07/12/2022
459,Gusti,Cameron,gcameroncq@lulu.com,Female,1992,Plymouth,Colt Vista,Chicago,Illinois,60646,US,41.993,-87.7596,71099,Jenkins Group,05/13/2023
460,Aila,Beatty,abeattycr@moonfruit.com,Female,2002,Suzuki,Grand Vitara,Virginia Beach,Virginia,23459,US,36.9216,-76.0171,70484,"Parker, Jacobson and MacGyver",05/24/2025
461,Orton,Rathjen,orathjencs@eventbrite.com,Male,2002,Dodge,Ram 1500,Colorado Springs,Colorado,80995,US,38.8247,-104.562,32589,Torphy-Cruickshank,09/08/2024
462,Marie,Pretorius,mpretoriusct@amazon.de,Female,2011,Infiniti,IPL G,Durham,North Carolina,27710,US,36.0512,-78.8577,38398,"Moore, Wolff and Dare",10/12/2024
463,Nevins,Bier,nbiercu@ca.gov,Male,2001,Volkswagen,Passat,Des Moines,Iowa,50315,US,41.5444,-93.6192,60371,"Jakubowski, Kuhlman and Corwin",07/05/2023
464,Cecil,Head,cheadcv@1und1.de,Male,1988,Ford,Taurus,Farmington,Michigan,48335,US,42.4617,-83.4053,95673,"Watsica, Aufderhar and Torp",01/14/2024
465,Nixie,Langsdon,nlangsdoncw@umn.edu,Female,2006,GMC,Yukon XL 2500,Brooklyn,New York,11254,US,40.6451,-73.945,49140,McKenzie-Turcotte,12/26/2023
466,Cecelia,Drinkhall,cdrinkhallcx@vimeo.com,Female,2002,Volkswagen,Cabriolet,Denver,Colorado,80255,US,39.7388,-104.4083,74157,"Barrows, Heidenreich and Anderson",08/11/2023
467,Essy,Janoschek,ejanoschekcy@spiegel.de,Female,2011,Mercury,Milan,Los Angeles,California,90060,US,33.7866,-118.2987,92532,Lynch-Johns,04/23/2022
468,Keri,Brearty,kbreartycz@youtube.com,Genderqueer,2001,Isuzu,Rodeo Sport,San Antonio,Texas,78265,US,29.4375,-98.4616,35820,"Hills, Fay and Bauch",09/29/2023
469,Charlie,Yewdell,cyewdelld0@cbslocal.com,Male,2000,GMC,Sierra 3500,Chesapeake,Virginia,23324,US,36.8056,-76.2666,68668,Quigley-Bergstrom,11/06/2024
470,Jory,Birrel,jbirreld1@gnu.org,Male,2008,Nissan,Maxima,Los Angeles,California,90087,US,33.7866,-118.2987,55282,Rutherford-Fisher,10/23/2025
471,Ruttger,O'Garmen,rogarmend2@alibaba.com,Male,2009,Ford,Escape,Charlotte,North Carolina,28242,US,35.26,-80.8042,72180,Ondricka Group,12/11/2023
472,Henri,Comerford,hcomerfordd3@wsj.com,Male,2001,Hyundai,Tiburon,Tampa,Florida,33673,US,27.872,-82.4388,69574,Douglas Group,02/20/2024
473,Edith,Flux,efluxd4@aboutads.info,Female,1997,GMC,Suburban 1500,Pittsburgh,Pennsylvania,15215,US,40.5048,-79.9138,78629,Rohan Group,11/25/2024
474,Pauly,Rout,proutd5@discuz.net,Male,2007,GMC,Envoy,Richmond,California,94807,US,37.7772,-121.9554,59954,Howe-McDermott,07/13/2024
475,Andrea,Fritzer,afritzerd6@lulu.com,Female,1998,Mercedes-Benz,SL-Class,Los Angeles,California,90189,US,34.0515,-118.2559,97267,Larson and Sons,01/07/2025
476,Cobbie,Calloway,ccallowayd7@jimdo.com,Male,2002,Infiniti,QX,Tampa,Florida,33661,US,27.872,-82.4388,61770,Roberts Inc,07/31/2023
477,Wat,Senior,wseniord8@ezinearticles.com,Male,1987,Audi,4000CS Quattro,Racine,Wisconsin,53405,US,42.7161,-87.8233,73989,"Doyle, Weissnat and Boyer",11/24/2023
478,Carlin,Benford,cbenfordd9@themeforest.net,Male,2008,Lexus,IS-F,Charleston,West Virginia,25313,US,38.4142,-81.7582,87373,Nienow LLC,07/31/2025
479,Loralie,Le feaver,llefeaverda@dropbox.com,Bigender,2007,Lamborghini,Murciélago,Kansas City,Missouri,64193,US,39.035,-94.3567,44699,Zieme LLC,07/04/2022
480,Ahmad,Healeas,ahealeasdb@slideshare.net,Male,1999,Dodge,Ram 1500 Club,Las Vegas,Nevada,89135,US,36.1378,-115.3261,59574,Mante-Green,03/22/2022
481,Fabiano,Vearncombe,fvearncombedc@4shared.com,Male,1997,Chevrolet,Express 3500,Richmond,Virginia,23293,US,37.5242,-77.4932,64558,Walker and Sons,04/06/2023
482,Simonette,Matteacci,smatteaccidd@samsung.com,Female,2010,Honda,Pilot,Oklahoma City,Oklahoma,73173,US,35.3425,-97.6317,30384,"Johns, Parisian and Daugherty",03/03/2024
483,Tanya,Landeg,tlandegde@bizjournals.com,Female,1996,Chevrolet,Tahoe,Hartford,Connecticut,06152,US,41.7918,-72.7188,72732,Wolf and Sons,04/02/2025
484,Gayel,Peers,gpeersdf@buzzfeed.com,Female,2012,Lexus,RX,Atlanta,Georgia,30343,US,33.8444,-84.474,66131,"Spencer, Waters and Hartmann",05/14/2023
485,Dorris,Dongate,ddongatedg@phoca.cz,Genderqueer,2005,BMW,325,Dallas,Texas,75231,US,32.8756,-96.7495,95607,"Waters, Volkman and Okuneva",04/01/2022
486,Hunter,Cheers,hcheersdh@newsvine.com,Male,2002,GMC,Envoy,Charleston,West Virginia,25362,US,38.2968,-81.5547,45803,Ankunding-Bashirian,09/11/2025
487,Gauthier,Batman,gbatmandi@taobao.com,Male,2012,Land Rover,Range Rover,Tallahassee,Florida,32314,US,30.4793,-84.3462,48546,"Morar, Turner and Welch",08/19/2022
488,Georgeanne,Marie,gmariedj@dropbox.com,Female,1986,Lincoln,Continental,Staten Island,New York,10310,US,40.6324,-74.1172,33137,Treutel-Carroll,02/22/2025
489,Caleb,Purselowe,cpurselowedk@furl.net,Male,2002,Toyota,Highlander,Dallas,Texas,75277,US,32.7673,-96.7776,50912,Hammes-Robel,05/31/2023
490,Valery,Hathaway,vhathawaydl@foxnews.com,Female,1988,Honda,CR-X,Washington,District of Columbia,20010,US,38.9327,-77.0322,53434,Kunde-Hessel,07/27/2023
491,Lacy,Olerenshaw,lolerenshawdm@earthlink.net,Female,2007,Nissan,Quest,Saint Paul,Minnesota,55115,US,45.071,-92.9391,89479,Koch-Beatty,05/03/2023
492,Amara,Hailes,ahailesdn@nature.com,Female,2011,Mercury,Mariner,Austin,Texas,78759,US,30.4036,-97.7526,36018,Olson and Sons,06/09/2024
493,Reinold,Oxford,roxforddo@arizona.edu,Male,2004,Chrysler,Town & Country,Indianapolis,Indiana,46295,US,39.7795,-86.1328,85485,Kuhlman LLC,08/02/2022
494,Derby,Lardez,dlardezdp@a8.net,Male,2010,Dodge,Dakota,Cincinnati,Ohio,45264,US,39.1668,-84.5382,69794,Hoeger-Veum,12/13/2022
495,Rolland,Simm,rsimmdq@tumblr.com,Male,2003,Jeep,Wrangler,Miami Beach,Florida,33141,US,25.8486,-80.1446,36065,Pfeffer-Langosh,09/12/2022
496,Jan,Alywen,jalywendr@1und1.de,Male,1990,Ford,Festiva,Chico,California,95973,US,39.8032,-121.8673,39910,"Goodwin, Armstrong and Price",01/14/2025
497,Bridie,O'Coskerry,bocoskerryds@squidoo.com,Non-binary,1997,Oldsmobile,Silhouette,Hartford,Connecticut,06152,US,41.7918,-72.7188,44170,"Pfannerstill, Dach and Marks",04/27/2022
498,Janette,Leguey,jlegueydt@mozilla.org,Genderfluid,2002,Maserati,Spyder,Newark,New Jersey,07188,US,40.7918,-74.2452,78536,Collier-Hagenes,11/24/2023
499,Reg,Turford,rturforddu@mac.com,Male,2005,Ford,Taurus,Indianapolis,Indiana,46278,US,39.8726,-86.2768,76419,"Considine, Hills and Boyer",08/09/2022
500,Tyne,Burril,tburrildv@home.pl,Female,2009,Subaru,Tribeca,Lubbock,Texas,79405,US,33.571,-101.8507,57303,Reilly-Sanford,07/29/2022
501,Rosmunda,de Keyser,rdekeyserdw@cbslocal.com,Female,2009,Dodge,Ram,Boise,Idaho,83757,US,43.4599,-116.244,43423,Howell-Dietrich,12/31/2023
502,Ivette,Marchant,imarchantdx@mail.ru,Bigender,1993,Plymouth,Voyager,Waco,Texas,76705,US,31.6403,-97.0963,94462,Wyman-Rempel,10/22/2023
503,Amalee,Zold,azolddy@tiny.cc,Female,2012,Acura,TSX,Galveston,Texas,77554,US,29.2243,-94.9637,59934,"Fahey, Raynor and Klein",12/27/2023
504,Gordy,Gildea,ggildeadz@yellowbook.com,Male,2001,Chevrolet,Venture,New York City,New York,10280,US,40.7105,-74.0163,92048,Keeling and Sons,07/18/2025
505,Nikolaos,Simonutti,nsimonuttie0@storify.com,Male,2012,Bentley,Continental Super,Columbia,South Carolina,29208,US,33.9937,-81.0199,68630,"Pagac, Runolfsson and Feil",12/05/2022
506,Carleen,Robjant,crobjante1@360.cn,Female,1993,Mercedes-Benz,S-Class,Roanoke,Virginia,24020,US,37.3589,-79.9448,90501,Cole-Murray,04/18/2022
507,Fairfax,Lorraway,florrawaye2@quantcast.com,Male,2002,Mitsubishi,Galant,Hampton,Virginia,23668,US,37.0206,-76.3377,82925,"DuBuque, Kessler and Lesch",12/17/2023
508,Alasdair,Hubbuck,ahubbucke3@blogtalkradio.com,Male,2007,Chevrolet,Suburban 1500,Oakland,California,94627,US,37.6802,-121.9215,94615,"Sipes, McClure and Bauch",01/23/2026
509,Inness,Housin,ihousine4@mapquest.com,Male,2009,Volvo,C30,Stockton,California,95210,US,38.025,-121.2972,65637,Senger-Thompson,02/26/2022
510,Etan,Ellams,eellamse5@amazonaws.com,Male,1966,Ford,Galaxie,Clearwater,Florida,33763,US,28.0173,-82.7461,77106,Jones LLC,05/04/2024
511,Hettie,Adamovitz,hadamovitze6@zimbio.com,Female,1998,Audi,Cabriolet,Saginaw,Michigan,48609,US,43.3869,-84.0926,56927,Welch Inc,03/07/2023
512,Stephie,Seymer,sseymere7@macromedia.com,Female,2011,Bentley,Continental Super,Flint,Michigan,48550,US,43.0349,-83.6887,96812,Beier Group,04/29/2025
513,Dieter,Symington,dsymingtone8@wix.com,Male,2004,Corbin,Sparrow,Boulder,Colorado,80305,US,39.9807,-105.2531,83550,"Fadel, Schamberger and Parker",03/17/2025
514,Corabella,Francois,cfrancoise9@go.com,Female,1986,Mazda,626,Reno,Nevada,89505,US,39.5224,-119.8353,54969,Schultz LLC,06/19/2025
515,Barclay,Martlew,bmartlewea@liveinternet.ru,Male,2011,Mercury,Grand Marquis,Hattiesburg,Mississippi,39404,US,31.1721,-89.2948,52119,Kunde Group,10/24/2025
516,Daile,Probets,dprobetseb@issuu.com,Female,1989,Dodge,Colt,Hartford,Connecticut,06105,US,41.7691,-72.701,60438,Lakin-Lubowitz,12/26/2022
517,Siouxie,Inman,sinmanec@usa.gov,Female,2002,GMC,Yukon XL 2500,New Haven,Connecticut,06520,US,41.3657,-72.9275,98996,"Kemmer, Ziemann and Sipes",04/18/2022
518,Shellie,Van Der Vlies,svandervliesed@google.de,Female,1987,Chevrolet,Corvette,Billings,Montana,59112,US,45.9783,-108.1945,43520,Davis-Fritsch,08/17/2023
519,Dore,Andriulis,dandriulisee@amazonaws.com,Male,2012,Cadillac,Escalade ESV,Houston,Texas,77025,US,29.6889,-95.4341,31665,"Dibbert, Schneider and Lind",07/28/2023
520,Dmitri,Houten,dhoutenef@theguardian.com,Male,1998,Isuzu,Hombre Space,Charleston,South Carolina,29424,US,32.7831,-79.937,81097,Emmerich-Padberg,02/01/2025
521,Mariette,Aguirrezabala,maguirrezabalaeg@spiegel.de,Female,1997,GMC,1500,Seattle,Washington,98121,US,47.6151,-122.3447,74842,"Harber, Harber and Bednar",08/23/2023
522,Lanni,Gascoine,lgascoineeh@xing.com,Female,2003,Toyota,Avalon,Lakeland,Florida,33811,US,27.9865,-82.0139,43569,Nikolaus-Welch,10/11/2022
523,Lazaro,Tolotti,ltolottiei@joomla.org,Male,1997,Hyundai,Sonata,Mount Vernon,New York,10557,US,41.119,-73.733,73950,"Waters, Heathcote and Nitzsche",07/02/2023
524,Celestyna,Urridge,curridgeej@mapquest.com,Female,1986,Ford,LTD,Wichita,Kansas,67230,US,37.6808,-97.1558,68759,Armstrong-Ernser,05/11/2024
525,Cass,Lovelace,clovelaceek@newsvine.com,Male,1998,Buick,Park Avenue,Shawnee Mission,Kansas,66286,US,38.8999,-94.832,64996,"Botsford, Schulist and Bins",11/26/2025
526,Allister,Benedito,abeneditoel@boston.com,Polygender,2006,Audi,S8,Dallas,Texas,75310,US,32.7673,-96.7776,74670,Ankunding LLC,08/26/2022
527,Samara,Coopey,scoopeyem@linkedin.com,Female,1991,Mitsubishi,Pajero,El Paso,Texas,88546,US,31.6948,-106.3,31495,Lowe-Ankunding,10/30/2024
528,Lauraine,Lawlie,llawlieen@blog.com,Female,1988,Lincoln,Continental Mark VII,Nashville,Tennessee,37228,US,36.1901,-86.8053,88266,"Schroeder, O'Connell and Sporer",05/07/2025
529,Carlotta,Cregeen,ccregeeneo@drupal.org,Female,2010,Acura,ZDX,Stockton,California,95298,US,37.9577,-121.2897,34946,"Cruickshank, Cassin and Dach",04/21/2023
530,Edwin,Gooderidge,egooderidgeep@earthlink.net,Male,1985,Buick,Century,Atlanta,Georgia,30340,US,33.8932,-84.2539,57047,"Mills, Torphy and Dickinson",08/12/2025
531,Berkeley,Tschiersch,btschierscheq@imdb.com,Male,2004,Lexus,GS,Peoria,Illinois,61651,US,40.7442,-89.7184,57310,Schmitt-Ankunding,04/20/2023
532,Rogers,Dyerson,rdyersoner@nba.com,Male,2009,Aptera,2e,Lincoln,Nebraska,68517,US,40.9317,-96.6045,70986,"Abernathy, Nicolas and Kuvalis",07/23/2024
533,Guglielma,Giordano,ggiordanoes@g.co,Female,1985,Ford,EXP,Detroit,Michigan,48295,US,42.2399,-83.1508,66652,Collier-Sporer,08/01/2022
534,Aurie,Boynton,aboyntonet@ft.com,Bigender,1988,Volkswagen,Cabriolet,Trenton,New Jersey,08695,US,40.2805,-74.712,68149,Gutmann and Sons,10/16/2023
535,Vevay,Glanester,vglanestereu@list-manage.com,Female,1989,Lexus,LS,Los Angeles,California,90020,US,34.0665,-118.3022,31330,"Stark, Barton and Schuster",10/17/2025
536,Candi,Nizet,cnizetev@pbs.org,Female,1984,Mercury,Marquis,Houston,Texas,77020,US,29.7758,-95.3121,34910,"Krajcik, Reynolds and Erdman",12/16/2024
537,Bartholomeo,Lorincz,blorinczew@ifeng.com,Male,1999,Nissan,Frontier,Louisville,Kentucky,40205,US,38.2222,-85.6885,61562,Kilback-Bradtke,06/05/2023
538,Andie,Covet,acovetex@umn.edu,Male,2007,Mazda,RX-8,Portsmouth,Virginia,23705,US,36.8686,-76.3552,64217,"Barton, Muller and Lebsack",01/29/2025
539,Jermain,Arro,jarroey@narod.ru,Male,1993,Jaguar,XJ Series,Fresno,California,93715,US,36.7464,-119.6397,42488,Rutherford and Sons,04/12/2022
540,Lane,Scading,lscadingez@plala.or.jp,Female,1995,Honda,Accord,Gainesville,Florida,32605,US,29.6785,-82.3679,83977,"Howell, McClure and Bednar",07/25/2023
541,Patrizio,Kohnen,pkohnenf0@wired.com,Non-binary,1992,GMC,1500,Los Angeles,California,90071,US,34.0529,-118.2549,46932,Klein-Jacobs,08/11/2024
542,Ambrose,Dumelow,adumelowf1@barnesandnoble.com,Male,2013,GMC,Yukon XL 1500,Palmdale,California,93591,US,34.6019,-117.8123,51304,Pagac LLC,11/12/2022
543,Tamqrah,Lowin,tlowinf2@smugmug.com,Genderqueer,1996,Subaru,SVX,Norfolk,Virginia,23509,US,36.8787,-76.2604,30544,"Conroy, Wiza and Larkin",03/12/2025
544,Ludwig,McGuiness,lmcguinessf3@gravatar.com,Male,1994,Mitsubishi,Diamante,Las Vegas,Nevada,89115,US,36.2158,-115.0671,64238,Morar and Sons,01/13/2023
545,Crissie,Vasilik,cvasilikf4@statcounter.com,Female,1992,Nissan,240SX,Washington,District of Columbia,20299,US,38.8933,-77.0146,55721,Gutmann-McCullough,12/28/2022
546,Royal,Hollyer,rhollyerf5@jiathis.com,Male,2005,Volkswagen,Golf,Idaho Falls,Idaho,83405,US,43.3233,-111.7822,56968,Douglas-McLaughlin,11/14/2023
547,Cora,Joncic,cjoncicf6@dailymail.co.uk,Female,1967,Pontiac,GTO,Philadelphia,Pennsylvania,19141,US,40.0365,-75.1451,80145,Goldner Inc,11/17/2025
548,Reuven,Talmadge,rtalmadgef7@ning.com,Genderqueer,2011,Maserati,GranTurismo,Fort Lauderdale,Florida,33336,US,26.1219,-80.1436,31874,"Hessel, Beahan and Von",08/21/2022
549,Norah,Abrahm,nabrahmf8@arstechnica.com,Female,1992,Mercury,Grand Marquis,Boston,Massachusetts,02163,US,42.3253,-71.1122,49115,Crooks and Sons,12/27/2024
550,Teirtza,O'Hanlon,tohanlonf9@stumbleupon.com,Female,2011,Acura,ZDX,Lincoln,Nebraska,68531,US,40.9008,-96.7201,49029,Lebsack Group,11/11/2022
551,Mireielle,Dmisek,mdmisekfa@auda.org.au,Female,1984,Mercedes-Benz,S-Class,Detroit,Michigan,48232,US,42.2399,-83.1508,50403,Grimes-Bins,12/09/2025
552,Ginevra,Byrch,gbyrchfb@mashable.com,Female,2008,Toyota,Camry,Burbank,California,91505,US,34.169,-118.3442,54890,Cummings Inc,06/06/2023
553,Reyna,O'Dunneen,rodunneenfc@cbslocal.com,Female,2008,Toyota,Land Cruiser,El Paso,Texas,88553,US,31.6948,-106.3,69800,Schaden Inc,12/05/2022
554,Caty,Broadey,cbroadeyfd@sbwire.com,Female,2002,Daewoo,Lanos,Austin,Texas,78749,US,30.2166,-97.8508,44162,Gorczany-Fisher,08/07/2025
555,Danny,Belvin,dbelvinfe@tripadvisor.com,Male,2003,Oldsmobile,Bravada,Boston,Massachusetts,02216,US,42.3389,-70.9196,55843,Towne LLC,12/03/2024
556,Jaclyn,Novelli,jnovelliff@indiegogo.com,Female,1992,Audi,100,Indianapolis,Indiana,46266,US,39.7795,-86.1328,97087,Kassulke-Ratke,04/30/2025
557,Gypsy,Sitwell,gsitwellfg@alibaba.com,Bigender,2001,Ford,Taurus,Ogden,Utah,84409,US,41.2553,-111.9567,77445,"Torphy, Marvin and Steuber",07/14/2022
558,Sam,Chelam,schelamfh@bloglovin.com,Male,2011,Mercedes-Benz,Sprinter 2500,Killeen,Texas,76544,US,31.1282,-97.7469,39106,"Morar, Nicolas and Dietrich",03/14/2022
559,Verna,Pine,vpinefi@google.com.br,Female,2002,Dodge,Stratus,Rochester,New York,14609,US,43.174,-77.5637,32386,Bayer LLC,06/09/2025
560,Alyda,Dunsmuir,adunsmuirfj@ezinearticles.com,Female,1998,Jaguar,XK Series,Saint Cloud,Minnesota,56398,US,45.5289,-94.5933,48644,D'Amore and Sons,10/08/2025
561,Salvador,Sarah,ssarahfk@arstechnica.com,Male,2008,Ford,Expedition,Detroit,Michigan,48217,US,42.2719,-83.1545,89657,"Bailey, Nitzsche and Abernathy",10/21/2025
562,Avrom,Dalzell,adalzellfl@blogspot.com,Male,1994,Oldsmobile,Silhouette,Augusta,Georgia,30905,US,33.413,-82.1337,43144,"Rempel, Homenick and Wolf",12/18/2024
563,Barbabas,Gouldstone,bgouldstonefm@tripadvisor.com,Male,2012,Volkswagen,Jetta,Richmond,Virginia,23237,US,37.4011,-77.4615,55011,"Crona, Boyle and West",04/16/2023
564,Dalli,Reskelly,dreskellyfn@de.vu,Male,1993,Dodge,Ram Wagon B350,New York City,New York,10105,US,40.7628,-73.9785,65221,Christiansen-Predovic,08/01/2022
565,Itch,Gerish,igerishfo@artisteer.com,Male,1994,Mazda,Miata MX-5,Clearwater,Florida,34629,US,27.9654,-82.8001,62840,"Stiedemann, Prohaska and Volkman",03/03/2022
566,Donny,Gagen,dgagenfp@over-blog.com,Male,2009,Bentley,Continental Flying Spur,El Paso,Texas,88525,US,31.6948,-106.3,87409,Ondricka-Adams,03/21/2025
567,Barnard,Cottingham,bcottinghamfq@weebly.com,Male,2008,Toyota,TundraMax,Tacoma,Washington,98411,US,47.0662,-122.1132,38088,"Zboncak, Bartoletti and Feeney",08/17/2023
568,Rebeka,Kennermann,rkennermannfr@themeforest.net,Female,2002,Audi,S8,Lawrenceville,Georgia,30045,US,33.9367,-83.9573,36634,McDermott-Emmerich,03/30/2025
569,Mark,Strachan,mstrachanfs@mayoclinic.com,Male,1967,Pontiac,Grand Prix,Washington,District of Columbia,20370,US,38.8933,-77.0146,95072,"Emard, Lind and MacGyver",12/16/2024
570,Townsend,Standish-Brooks,tstandishbrooksft@taobao.com,Male,2000,GMC,Yukon,New Orleans,Louisiana,70160,US,30.033,-89.8826,94271,Emard LLC,02/06/2023
571,Ashia,Totton,atottonfu@constantcontact.com,Female,1989,Citroën,CX,Toledo,Ohio,43699,US,41.6538,-83.6589,73192,Collier and Sons,01/21/2024
572,Gerry,Chasteney,gchasteneyfv@cbslocal.com,Male,1997,Dodge,Ram 3500 Club,Houston,Texas,77260,US,29.7687,-95.3867,98724,Aufderhar and Sons,05/27/2025
573,Ezechiel,Loude,eloudefw@yandex.ru,Male,1999,BMW,3 Series,North Las Vegas,Nevada,89087,US,36.2204,-115.1458,98915,Kihn Inc,09/14/2024
574,Marwin,Melbourne,mmelbournefx@bloglovin.com,Male,2007,Lincoln,MKZ,Miami Beach,Florida,33141,US,25.8486,-80.1446,58680,Hilll Group,07/15/2025
575,Cull,Roze,crozefy@posterous.com,Male,2001,Volvo,S80,Homestead,Florida,33034,US,25.2846,-80.6246,39941,"Rippin, Rogahn and Langworth",12/14/2025
576,Stu,Rablan,srablanfz@icq.com,Male,1994,Nissan,Pathfinder,Portland,Oregon,97271,US,45.5806,-122.3748,76808,"Crooks, Reinger and Halvorson",04/24/2025
577,Izabel,Dacombe,idacombeg0@t.co,Polygender,2000,Lincoln,LS,South Bend,Indiana,46699,US,41.5968,-86.293,82789,"McKenzie, Gutkowski and Bogisich",12/04/2022
578,Pete,Lambeth,plambethg1@abc.net.au,Male,2010,Smart,Fortwo,Oklahoma City,Oklahoma,73190,US,35.5514,-97.4075,94621,Schinner-Bergnaum,03/27/2024
579,Olin,Follacaro,ofollacarog2@macromedia.com,Polygender,2005,Nissan,Frontier,Macon,Georgia,31210,US,32.8926,-83.7455,87292,Leuschke-Adams,10/06/2023
580,Andi,D'Emanuele,ademanueleg3@utexas.edu,Female,2000,Porsche,Boxster,Ann Arbor,Michigan,48107,US,42.2535,-83.8366,66843,Raynor and Sons,04/09/2025
581,Guendolen,Mulloch,gmullochg4@51.la,Female,1997,Honda,Civic,Stockton,California,95210,US,38.025,-121.2972,42986,Stroman-O'Hara,04/21/2023
582,Stoddard,Fairnington,sfairningtong5@tripadvisor.com,Female,2003,Buick,LeSabre,Topeka,Kansas,66642,US,39.0429,-95.7697,93560,Mertz and Sons,07/24/2025
583,Veronika,Wayt,vwaytg6@prlog.org,Female,1993,Mazda,Protege,New Orleans,Louisiana,70142,US,30.033,-89.8826,59909,Shields-Metz,02/06/2022
584,Syman,Mallender,smallenderg7@dedecms.com,Male,2005,Saab,9-7X,Berkeley,California,94712,US,37.6802,-121.9215,65464,"Greenholt, Wisoky and Deckow",11/11/2023
585,Toby,Sandever,tsandeverg8@gnu.org,Male,2004,Mazda,B-Series,Atlanta,Georgia,30323,US,33.8444,-84.474,75129,Mante-Hoeger,04/26/2024
586,Dari,Cromett,dcromettg9@jugem.jp,Female,2010,Mitsubishi,Eclipse,Des Moines,Iowa,50330,US,41.6727,-93.5722,33458,Schaden-Homenick,01/10/2025
587,Corney,Langrish,clangrishga@photobucket.com,Male,1968,Pontiac,LeMans,San Antonio,Texas,78296,US,29.4375,-98.4616,82717,"Mueller, Kuhic and Watsica",02/20/2022
588,Skipp,Norris,snorrisgb@archive.org,Male,2008,MINI,Clubman,Seattle,Washington,98166,US,47.4511,-122.353,34422,Friesen-Jacobs,01/10/2024
589,Jeremy,Basil,jbasilgc@boston.com,Male,2012,Fiat,500,Pensacola,Florida,32595,US,30.6143,-87.2758,57468,Krajcik Group,04/08/2025
590,Izabel,Fulk,ifulkgd@freewebs.com,Female,2009,GMC,Savana 2500,Gastonia,North Carolina,28055,US,35.284,-81.1897,81944,Grant-Dach,02/20/2024
591,Neilla,Thiolier,nthiolierge@archive.org,Non-binary,1986,Buick,Skyhawk,Washington,District of Columbia,20268,US,38.8933,-77.0146,30270,Kuphal LLC,02/25/2022
592,Kip,Quest,kquestgf@goodreads.com,Female,2011,Cadillac,Escalade ESV,Kansas City,Missouri,64187,US,39.035,-94.3567,94084,Stroman Inc,06/14/2024
593,Buck,Bruhnicke,bbruhnickegg@lycos.com,Male,2012,Lamborghini,Gallardo,San Antonio,Texas,78245,US,29.4189,-98.6895,54817,Lind Inc,12/22/2024
594,Kenneth,Carpe,kcarpegh@dell.com,Male,2006,Chevrolet,Corvette,Houston,Texas,77055,US,29.7971,-95.4958,84858,Ryan Inc,09/20/2024
595,Hansiain,Hrus,hhrusgi@shinystat.com,Male,1992,Mitsubishi,Mighty Max Macro,Minneapolis,Minnesota,55428,US,45.0632,-93.3811,68982,"Mayer, Wisoky and Kihn",05/07/2025
596,Bran,McGarrie,bmcgarriegj@apple.com,Male,2005,Chevrolet,Avalanche 2500,Saint Cloud,Minnesota,56372,US,45.5289,-94.5933,86519,Grimes Inc,01/13/2026
597,Christian,Mingardo,cmingardogk@vistaprint.com,Male,2013,BMW,X6,Rochester,New York,14604,US,43.1577,-77.608,86165,"Weber, Pfeffer and Reichert",07/04/2024
598,Sherrie,Morton,smortongl@wordpress.org,Female,1989,Audi,80,Norfolk,Virginia,23504,US,36.8586,-76.2686,42603,"Jenkins, Moore and Gulgowski",06/26/2022
599,Nannie,Brussell,nbrussellgm@hp.com,Female,1996,Mitsubishi,GTO,Austin,Texas,78737,US,30.2107,-97.9427,36432,Dach LLC,05/26/2024
600,Denis,Durram,ddurramgn@desdev.cn,Male,2004,Jaguar,XJ Series,Virginia Beach,Virginia,23459,US,36.9216,-76.0171,97041,Muller Inc,02/27/2024
601,Lu,Humby,lhumbygo@sohu.com,Female,1990,Suzuki,Sidekick,Pensacola,Florida,32526,US,30.4756,-87.3179,63184,Cartwright-Gislason,06/12/2024
602,Tailor,Catford,tcatfordgp@linkedin.com,Male,1994,Nissan,Maxima,Tucson,Arizona,85732,US,32.0848,-110.7122,39590,"McDermott, Spinka and Kiehn",11/15/2022
603,Bernette,MacAllaster,bmacallastergq@nifty.com,Female,2011,Chevrolet,Malibu,Honolulu,Hawaii,96810,US,21.3062,-157.8585,52671,Wolff-Carter,06/16/2025
604,Pearl,Tippetts,ptippettsgr@joomla.org,Female,1997,Chevrolet,1500,Waterbury,Connecticut,06721,US,41.3657,-72.9275,57010,Ortiz Group,02/18/2022
605,Brander,Bellows,bbellowsgs@yelp.com,Male,2010,Infiniti,EX,Bakersfield,California,93305,US,35.3855,-118.986,44977,Grimes Inc,10/22/2022
606,Enrique,Jahndel,ejahndelgt@intel.com,Male,2000,Jaguar,XJ Series,Duluth,Minnesota,55805,US,46.7987,-92.0946,34417,Kertzmann and Sons,09/11/2022
607,Daisi,Putnam,dputnamgu@oracle.com,Non-binary,1990,Pontiac,6000,Honolulu,Hawaii,96835,US,21.3278,-157.8294,62595,"Block, Hessel and Spinka",11/09/2025
608,Emmery,Grimm,egrimmgv@flickr.com,Male,1996,Ford,Probe,Alexandria,Virginia,22313,US,38.8158,-77.09,46708,"Wolf, Heaney and Little",09/30/2022
609,Harri,Rogeron,hrogerongw@example.com,Female,1995,Cadillac,Seville,Washington,District of Columbia,20046,US,38.8933,-77.0146,98987,Strosin and Sons,10/11/2022
610,Grannie,Adicot,gadicotgx@utexas.edu,Male,1972,Pontiac,Grand Prix,Iowa City,Iowa,52245,US,41.6649,-91.5151,45426,Kertzmann Inc,10/21/2022
611,Sutherland,Wastall,swastallgy@wikia.com,Male,1995,Ford,F-Series,Philadelphia,Pennsylvania,19125,US,39.9788,-75.1262,62517,"Haag, Luettgen and Johns",02/18/2025
612,Silvie,Lorman,slormangz@geocities.jp,Female,1992,Volkswagen,riolet,Sioux City,Iowa,51110,US,42.4011,-96.372,45119,Homenick-Jaskolski,02/09/2022
613,Waylon,Guppy,wguppyh0@shinystat.com,Male,2006,Chevrolet,Express 2500,Sacramento,California,94286,US,38.3774,-121.4444,93548,Jenkins-McCullough,02/18/2024
614,Alair,Godber,agodberh1@dagondesign.com,Male,2001,Lexus,RX,Mesa,Arizona,85205,US,33.4368,-111.7129,82316,Turner-Hand,04/04/2025
615,Rochell,Burnyate,rburnyateh2@discovery.com,Female,1996,Volkswagen,Golf,Raleigh,North Carolina,27626,US,35.7977,-78.6253,48463,Hauck and Sons,06/14/2024
616,Regan,Rosle,rrosleh3@blogger.com,Female,1992,Mitsubishi,Precis,Oxnard,California,93034,US,34.0324,-119.1343,43472,"Davis, Krajcik and Homenick",08/23/2025
617,Antoine,Castelin,acastelinh4@shareasale.com,Male,2002,Audi,TT,Dallas,Texas,75241,US,32.6722,-96.7774,82162,Weimann Inc,04/16/2025
618,Simone,Decker,sdeckerh5@twitter.com,Male,2005,GMC,Yukon XL 1500,Huntsville,Alabama,35895,US,34.734,-86.5229,91172,Casper-Terry,12/05/2025
619,George,Bushby,gbushbyh6@scientificamerican.com,Male,2001,Infiniti,Q,Bronx,New York,10474,US,40.8139,-73.8841,35676,Grant-Kuvalis,11/02/2025
620,Krysta,Coonan,kcoonanh7@icio.us,Female,2002,Cadillac,DeVille,Roanoke,Virginia,24040,US,37.2742,-79.9579,57550,Skiles and Sons,07/12/2023
621,Yasmeen,Ferrero,yferreroh8@feedburner.com,Female,2005,Nissan,Armada,Saint Paul,Minnesota,55103,US,44.9608,-93.1216,88535,Braun Group,02/09/2024
622,Hayley,Grzelak,hgrzelakh9@state.gov,Female,2009,Lotus,Exige,Atlanta,Georgia,31196,US,33.8444,-84.474,62202,Luettgen and Sons,08/04/2023
623,Guinevere,Absalom,gabsalomha@unblog.fr,Female,2007,Dodge,Ram,Trenton,New Jersey,08638,US,40.251,-74.7627,46385,Klein LLC,10/18/2023
624,Emmerich,Canas,ecanashb@nsw.gov.au,Male,1998,Mercedes-Benz,SLK-Class,Youngstown,Ohio,44511,US,41.0704,-80.6931,67003,Sauer-Towne,10/23/2022
625,Archibold,Stratley,astratleyhc@shutterfly.com,Male,2008,Ferrari,599 GTB Fiorano,Texarkana,Texas,75507,US,33.3934,-94.3404,73615,"Strosin, Douglas and Wilkinson",12/20/2023
626,Charmine,McEntegart,cmcentegarthd@stumbleupon.com,Female,2011,Chevrolet,Equinox,Silver Spring,Maryland,20910,US,38.9982,-77.0338,54821,O'Conner Group,06/12/2022
627,Odell,Riche,orichehe@nationalgeographic.com,Male,2008,Lincoln,MKX,Newark,New Jersey,07188,US,40.7918,-74.2452,92577,"O'Reilly, Yundt and Ledner",07/02/2023
628,Nelia,Capitano,ncapitanohf@mac.com,Female,2005,Cadillac,XLR,Montgomery,Alabama,36114,US,32.404,-86.2539,88122,Schneider-Rath,06/17/2023
629,Constance,Kamen,ckamenhg@whitehouse.gov,Female,2012,Toyota,Avalon,Cleveland,Ohio,44118,US,41.5008,-81.5516,38927,Schmeler Group,01/19/2026
630,Lonee,Dudenie,ldudeniehh@umich.edu,Female,1996,Ford,E-Series,Portsmouth,New Hampshire,00214,US,43.0059,-71.0132,77146,Kovacek Group,05/24/2022
631,Jarrett,Ohrtmann,johrtmannhi@canalblog.com,Male,1997,Suzuki,Esteem,Huntington,West Virginia,25775,US,38.4134,-82.2774,69289,Homenick-Torphy,04/23/2025
632,Delphine,Coneron,dconeronhj@webeden.co.uk,Female,2009,Volkswagen,Routan,Chicago,Illinois,60681,US,41.8119,-87.6873,73401,Ortiz-Stokes,05/12/2024
633,Kingston,Lake,klakehk@prweb.com,Male,2002,Toyota,Solara,Fresno,California,93773,US,36.7464,-119.6397,76328,"Veum, Kunde and Marvin",01/06/2026
634,Ludwig,Oller,lollerhl@prweb.com,Male,1969,Pontiac,GTO,Fresno,California,93715,US,36.7464,-119.6397,67864,"Oberbrunner, Vandervort and Hessel",04/03/2022
635,Ailey,Hedin,ahedinhm@mashable.com,Female,1999,Volkswagen,Cabriolet,Columbia,South Carolina,29225,US,34.006,-80.9708,37810,Gleichner LLC,11/22/2025
636,Darsey,Stearn,dstearnhn@mlb.com,Female,1987,Porsche,944,Baton Rouge,Louisiana,70826,US,30.5159,-91.0804,87727,O'Connell Inc,01/07/2026
637,Parsifal,Leese,pleeseho@webmd.com,Male,2005,Maybach,57S,Miami,Florida,33124,US,25.5584,-80.4582,38267,Deckow and Sons,01/07/2023
638,Christiana,Reucastle,creucastlehp@ezinearticles.com,Female,1995,Buick,Coachbuilder,San Antonio,Texas,78220,US,29.4106,-98.4128,58014,Abernathy-Dach,03/12/2023
639,Nye,Crystal,ncrystalhq@cbslocal.com,Male,2011,Buick,Lucerne,Lafayette,Indiana,47905,US,40.4001,-86.8602,65244,Jenkins-Johns,02/18/2023
640,Frasco,Ivison,fivisonhr@netvibes.com,Male,1995,Hyundai,Elantra,Washington,District of Columbia,20010,US,38.9327,-77.0322,46850,Padberg Inc,09/19/2025
641,Wynnie,Banes,wbaneshs@163.com,Female,2009,Lincoln,Navigator,Austin,Texas,78759,US,30.4036,-97.7526,77647,Walter and Sons,10/22/2024
642,Daffi,Sibley,dsibleyht@reverbnation.com,Female,2000,Mercury,Villager,Johnstown,Pennsylvania,15906,US,40.3522,-78.9383,47387,Heathcote-Mohr,11/22/2025
643,Arlana,Jewell,ajewellhu@unicef.org,Female,2009,Chevrolet,Colorado,Waterbury,Connecticut,06721,US,41.3657,-72.9275,38654,Turcotte-Rice,11/22/2022
644,Whittaker,Vaar,wvaarhv@amazon.co.jp,Male,1985,Porsche,911,Santa Monica,California,90405,US,34.01,-118.4717,75831,Luettgen LLC,04/03/2023
645,Mark,Greenland,mgreenlandhw@uiuc.edu,Male,2001,Chrysler,Town & Country,Philadelphia,Pennsylvania,19172,US,39.9473,-75.15,82078,Schultz Inc,08/28/2024
646,Claudine,Jeske,cjeskehx@spiegel.de,Female,1999,Mercury,Cougar,Saint Louis,Missouri,63150,US,38.6531,-90.2435,81275,"VonRueden, Schneider and Bernier",01/15/2026
647,Davide,Hynson,dhynsonhy@amazon.co.uk,Male,2006,Toyota,Sienna,Washington,District of Columbia,20231,US,38.8933,-77.0146,34961,Pollich-Howe,11/21/2024
648,Trudy,Willock,twillockhz@hugedomains.com,Female,2009,Volkswagen,R32,Washington,District of Columbia,20436,US,38.8959,-77.0211,99678,"Donnelly, Price and Toy",11/02/2024
649,Merissa,Kernan,mkernani0@uiuc.edu,Polygender,2003,Ford,F150,Norfolk,Virginia,23520,US,36.9312,-76.2397,50491,Bauch-Streich,09/27/2023
650,Crissy,Salmond,csalmondi1@github.io,Female,2005,Lexus,RX,Salt Lake City,Utah,84140,US,40.7713,-111.9309,58203,"Medhurst, Mayer and Klocko",01/05/2023
651,Desiri,Tillman,dtillmani2@ebay.co.uk,Female,2011,Toyota,Corolla,Jamaica,New York,11447,US,40.6914,-73.8061,36002,Moore Inc,08/06/2023
652,Dulcy,Lancastle,dlancastlei3@ftc.gov,Female,2008,Toyota,Sienna,Sparks,Nevada,89436,US,39.6269,-119.7081,86121,"Tremblay, Reichert and Feil",01/09/2024
653,Sumner,Marsden,smarsdeni4@ucsd.edu,Male,2004,Maybach,62,El Paso,Texas,79945,US,31.6948,-106.3,99709,Shanahan-Zieme,03/14/2024
654,Tasia,Beatey,tbeateyi5@craigslist.org,Female,1991,Suzuki,Swift,New Orleans,Louisiana,70149,US,30.033,-89.8826,90295,Cronin LLC,09/02/2024
655,Midge,Pottery,mpotteryi6@creativecommons.org,Female,2011,Dodge,Grand Caravan,Lubbock,Texas,79415,US,33.6021,-101.876,33351,Renner and Sons,04/11/2024
656,Verla,Venard,vvenardi7@japanpost.jp,Female,1996,Plymouth,Neon,Las Vegas,Nevada,89135,US,36.1378,-115.3261,83915,Runolfsdottir and Sons,05/18/2025
657,Freemon,Eldridge,feldridgei8@wordpress.org,Male,2000,Mercedes-Benz,C-Class,Washington,District of Columbia,20088,US,38.8933,-77.0146,86347,"Lowe, Gislason and Terry",08/31/2024
658,Nye,Mielnik,nmielniki9@bbb.org,Bigender,2003,Pontiac,Montana,Madison,Wisconsin,53705,US,43.073,-89.4528,45716,Ebert-Doyle,01/08/2025
659,Marje,Peregrine,mperegrineia@whitehouse.gov,Female,2006,Morgan,Aero 8,Orlando,Florida,32830,US,28.3822,-81.569,67526,Larson Inc,11/22/2022
660,Anitra,Mordin,amordinib@tumblr.com,Female,2006,Cadillac,STS,Rochester,Minnesota,55905,US,44.0225,-92.4668,79006,Miller-Swift,02/09/2022
661,Bryon,Jerzycowski,bjerzycowskiic@nsw.gov.au,Male,2007,Volvo,V70,Huntsville,Alabama,35815,US,34.734,-86.5229,96999,Collins and Sons,08/02/2022
662,Emmit,Graith,egraithid@vinaora.com,Male,1992,Infiniti,Q,Austin,Texas,78721,US,30.2721,-97.6868,46752,Fisher-West,04/28/2023
663,Michel,Winsbury,mwinsburyie@godaddy.com,Male,2009,Ford,Escape,Boise,Idaho,83757,US,43.4599,-116.244,64677,Tromp-D'Amore,09/10/2023
664,Hewitt,Astie,hastieif@posterous.com,Genderqueer,2008,Mercedes-Benz,CLK-Class,Omaha,Nebraska,68110,US,41.2933,-95.9361,62437,"Okuneva, Bode and Davis",04/30/2024
665,Alfie,Gibben,agibbenig@usnews.com,Male,1993,GMC,Safari,San Jose,California,95113,US,37.3329,-121.8916,94905,Jones Group,03/31/2024
666,Nerte,Larret,nlarretih@abc.net.au,Female,1996,BMW,3 Series,Denver,Colorado,80262,US,39.731,-104.9384,40791,Kutch and Sons,01/10/2023
667,Maegan,Ballantyne,mballantyneii@theatlantic.com,Female,2011,Mercedes-Benz,R-Class,Salt Lake City,Utah,84125,US,40.6681,-111.9083,40292,"Larkin, Hartmann and Turcotte",04/23/2025
668,Demetris,Cade,dcadeij@telegraph.co.uk,Male,2008,Pontiac,G6,Dallas,Texas,75342,US,32.7673,-96.7776,98721,Jacobi LLC,11/06/2023
669,Denys,Ickov,dickovik@wikia.com,Male,2003,Isuzu,Rodeo Sport,Dallas,Texas,75205,US,32.826,-96.7843,55665,Ullrich-Schulist,10/09/2024
670,Cherilyn,Skitt,cskittil@sun.com,Female,2012,Lexus,LS,Visalia,California,93291,US,36.3551,-119.301,80280,Roob-Hartmann,07/28/2024
671,Kerry,Bownd,kbowndim@drupal.org,Bigender,1995,Ford,Taurus,Carol Stream,Illinois,60158,US,41.9166,-88.1208,94341,Kemmer-Hagenes,03/27/2022
672,Brigham,Van der Brugge,bvanderbruggein@cdc.gov,Male,1998,Chevrolet,2500,Springfield,Massachusetts,01105,US,42.0999,-72.5783,51180,"Reynolds, Kessler and Lehner",12/07/2023
673,Willa,Clemencet,wclemencetio@ted.com,Female,1996,Land Rover,Range Rover,Springfield,Illinois,62711,US,39.7655,-89.7293,36399,"Swaniawski, Sporer and Wiza",10/24/2025
674,Jules,Besque,jbesqueip@mysql.com,Male,2012,GMC,Terrain,New Hyde Park,New York,11044,US,40.7548,-73.6018,57978,Padberg-Wisoky,01/14/2025
675,Marcella,Everingham,meveringhamiq@answers.com,Female,2002,Lexus,RX,Mesquite,Texas,75185,US,32.7403,-96.5618,96070,Streich and Sons,12/26/2023
676,Gamaliel,Krabbe,gkrabbeir@imageshack.us,Male,1986,Mitsubishi,Galant,Tulsa,Oklahoma,74149,US,36.1398,-96.0297,43903,Zulauf-Ritchie,02/22/2023
677,Kathe,Flaunier,kflaunieris@spiegel.de,Female,1987,Pontiac,6000,Jackson,Mississippi,39204,US,32.2832,-90.2306,71285,"Gerhold, Sawayn and Emmerich",01/12/2026
678,Zsazsa,Yerill,zyerillit@cornell.edu,Polygender,1993,Chevrolet,1500,Wilmington,North Carolina,28410,US,34.0881,-77.8526,63071,"Larson, Abbott and Murphy",09/24/2025
679,Leanna,Blesdill,lblesdilliu@arizona.edu,Female,1992,Lincoln,Continental,Toledo,Ohio,43656,US,41.6782,-83.4972,41484,"Okuneva, Donnelly and Quigley",09/09/2022
680,Hendrika,Graeser,hgraeseriv@pinterest.com,Female,2011,Lincoln,MKT,Wichita,Kansas,67210,US,37.6379,-97.2613,70653,Kuhlman Inc,10/15/2022
681,Albert,Wyse,awyseiw@home.pl,Non-binary,2003,Volkswagen,Touareg,Roanoke,Virginia,24014,US,37.2327,-79.9463,83742,Dicki-Dibbert,02/16/2024
682,Pennie,Chatan,pchatanix@nsw.gov.au,Female,2009,Chevrolet,Express 2500,San Bernardino,California,92415,US,34.84,-115.9671,81939,"Price, Bruen and Bradtke",07/26/2022
683,Merci,Fryman,mfrymaniy@weibo.com,Agender,1988,Mercury,Grand Marquis,San Mateo,California,94405,US,37.3811,-122.3348,77779,Ratke-Batz,06/12/2022
684,Abbie,Kingh,akinghiz@drupal.org,Male,2003,Toyota,MR2,Newport News,Virginia,23612,US,37.1959,-76.5248,87087,"Bailey, Grady and Lesch",02/08/2024
685,Bondie,Rodmell,brodmellj0@godaddy.com,Male,2012,Audi,A6,Memphis,Tennessee,38197,US,35.2017,-89.9715,84793,"Hoeger, Olson and Reinger",02/02/2025
686,Jacqui,Lammin,jlamminj1@mtv.com,Polygender,1997,Land Rover,Range Rover,Pittsburgh,Pennsylvania,15261,US,40.4344,-80.0248,56454,"Heaney, Hermann and Tremblay",10/30/2025
687,Lothaire,Arnaez,larnaezj2@theguardian.com,Male,1992,Nissan,Stanza,Watertown,Massachusetts,02472,US,42.37,-71.1773,95823,"Brown, Zulauf and Fritsch",07/09/2024
688,Duke,Mac Geaney,dmacgeaneyj3@nbcnews.com,Male,2010,Acura,TSX,Spokane,Washington,99210,US,47.6536,-117.4317,85616,"Pollich, Bednar and Lehner",02/16/2022
689,Bell,McGragh,bmcgraghj4@virginia.edu,Agender,2007,Porsche,Cayman,Chattanooga,Tennessee,37405,US,35.0768,-85.3082,80146,Kemmer-Orn,10/03/2024
690,Stephana,Bartels,sbartelsj5@google.com.hk,Female,1999,Mazda,B-Series Plus,Cleveland,Ohio,44105,US,41.4509,-81.619,74267,"Durgan, Murazik and Raynor",01/13/2024
691,Boony,Jellett,bjellettj6@trellian.com,Male,2000,GMC,Jimmy,San Antonio,Texas,78230,US,29.5407,-98.5521,37313,"Hills, Roob and Zemlak",01/25/2023
692,Clarine,Martinek,cmartinekj7@washingtonpost.com,Agender,2007,Volvo,XC70,New York City,New York,10120,US,40.7506,-73.9894,46474,Little Group,07/26/2023
693,Irv,Haxley,ihaxleyj8@sun.com,Male,1998,Pontiac,Firebird,Ocala,Florida,34474,US,29.1565,-82.2095,60724,"Keebler, Smith and Ritchie",06/10/2024
694,Katusha,Jacobssen,kjacobssenj9@blogtalkradio.com,Female,1989,Ford,Escort,Honolulu,Hawaii,96835,US,21.3278,-157.8294,66785,"O'Reilly, Zboncak and Watsica",12/31/2024
695,Bret,Salatino,bsalatinoja@amazon.co.jp,Male,2006,Hyundai,Accent,Portland,Oregon,97271,US,45.5806,-122.3748,61962,"Huels, Orn and MacGyver",12/12/2025
696,Ava,Izod,aizodjb@dell.com,Female,1993,Mitsubishi,Pajero,Silver Spring,Maryland,20918,US,39.144,-77.2076,39909,"Labadie, Gutkowski and Cruickshank",10/29/2022
697,Gayle,Bremond,gbremondjc@theatlantic.com,Male,1967,Ford,Country,Houston,Texas,77035,US,29.6518,-95.4854,81087,Hirthe-Wisoky,06/26/2025
698,Katina,McParlin,kmcparlinjd@google.com.br,Female,1995,Oldsmobile,98,Muskegon,Michigan,49444,US,43.1791,-86.1989,98250,Smitham-Stamm,12/05/2025
699,Sloan,Sharplin,ssharplinje@parallels.com,Male,1999,Oldsmobile,Bravada,Washington,District of Columbia,20566,US,38.8971,-77.0554,80498,Ullrich-Ullrich,04/05/2022
700,Virginie,Michell,vmichelljf@github.com,Female,1997,Ford,F350,Pocatello,Idaho,83206,US,42.6395,-112.3138,97060,Sporer and Sons,03/20/2022
701,Cassie,Wogden,cwogdenjg@hibu.com,Male,2012,Ford,Fusion,Gastonia,North Carolina,28055,US,35.284,-81.1897,98355,Witting-Gleason,12/27/2024
702,Thaine,Brisco,tbriscojh@xrea.com,Male,2005,Suzuki,Daewoo Magnus,San Francisco,California,94159,US,37.7848,-122.7278,65891,"Hartmann, Hauck and Cruickshank",04/08/2025
703,Ardis,Tiebe,atiebeji@epa.gov,Female,2006,Dodge,Ram 2500,Erie,Pennsylvania,16565,US,42.1827,-80.0649,50624,Howe-Tillman,06/23/2022
704,Thane,Dunlop,tdunlopjj@rakuten.co.jp,Male,1998,Saab,9000,Akron,Ohio,44315,US,41.028,-81.4632,56452,Leannon LLC,08/28/2025
705,Luce,Clunan,lclunanjk@google.nl,Female,2000,GMC,Envoy,Memphis,Tennessee,38136,US,35.2017,-89.9715,72507,Little-Ferry,08/28/2023
706,Antons,Abrahams,aabrahamsjl@shop-pro.jp,Male,1999,Mercury,Mountaineer,Los Angeles,California,90025,US,34.0447,-118.4487,43015,"Upton, Kuphal and Klein",02/08/2023
707,Teodora,Mullis,tmullisjm@dagondesign.com,Female,2009,BMW,1 Series,Denver,Colorado,80279,US,39.7388,-104.4083,98244,"Nitzsche, Murray and Monahan",01/07/2026
708,Chick,Taunton.,ctauntonjn@accuweather.com,Genderfluid,2001,Mazda,Tribute,Boca Raton,Florida,33432,US,26.3462,-80.0844,59034,Lemke LLC,04/26/2022
709,Caralie,Don,cdonjo@merriam-webster.com,Female,2002,Jeep,Grand Cherokee,Pensacola,Florida,32595,US,30.6143,-87.2758,72209,"Gottlieb, Reynolds and Vandervort",09/18/2025
710,Jany,Commuzzo,jcommuzzojp@prnewswire.com,Female,1991,Honda,Civic,Atlanta,Georgia,31119,US,33.8913,-84.0746,66246,"Leannon, Mertz and Kuvalis",07/17/2025
711,Lucienne,Luis,lluisjq@cloudflare.com,Female,2006,Hyundai,Tiburon,Austin,Texas,78769,US,30.3264,-97.7713,55829,"Jerde, Gutmann and Bechtelar",12/16/2022
712,Shelly,Gammell,sgammelljr@hp.com,Female,1992,Infiniti,M,Washington,District of Columbia,20319,US,38.8667,-77.0166,85064,Lakin Inc,06/12/2022
713,Hildegaard,Biskupski,hbiskupskijs@printfriendly.com,Female,2000,Chevrolet,Suburban 2500,Glendale,Arizona,85305,US,33.5291,-112.2482,55591,Dicki Group,01/29/2024
714,Kim,Ricioppo,kricioppojt@live.com,Female,2002,Audi,S6,Lansing,Michigan,48901,US,42.5992,-84.372,33041,Rempel-Schiller,05/31/2025
715,Zola,Deamer,zdeamerju@myspace.com,Agender,1986,Mercedes-Benz,W201,Jacksonville,Florida,32220,US,30.329,-81.8176,97126,Altenwerth-Lubowitz,06/06/2025
716,Ravid,Summerlie,rsummerliejv@instagram.com,Bigender,2008,Mitsubishi,Raider,Wichita,Kansas,67230,US,37.6808,-97.1558,82243,"Kunde, Kunze and Nikolaus",06/01/2025
717,Leonora,McCrone,lmccronejw@topsy.com,Female,1991,Subaru,Loyale,San Diego,California,92110,US,32.7635,-117.2028,71743,Barrows-Paucek,09/30/2025
718,Genvieve,Mattock,gmattockjx@altervista.org,Female,2001,Subaru,Impreza,Colorado Springs,Colorado,80951,US,38.8881,-104.6556,44348,"Marquardt, Kilback and Hirthe",04/17/2025
719,Chrissie,Baxandall,cbaxandalljy@goo.ne.jp,Polygender,2003,Infiniti,Q,Cincinnati,Ohio,45249,US,39.2692,-84.3307,87252,"Cremin, Jones and Smith",08/05/2023
720,Rafferty,Benezeit,rbenezeitjz@mapquest.com,Male,2006,Ford,E250,San Antonio,Texas,78296,US,29.4375,-98.4616,36299,"Bartell, Conn and Gulgowski",02/12/2024
721,Vinita,Doorey,vdooreyk0@washington.edu,Bigender,1993,Mercedes-Benz,600SEC,San Diego,California,92110,US,32.7635,-117.2028,39246,"Murray, Johnston and Douglas",12/16/2023
722,Clemence,Pietrowski,cpietrowskik1@usgs.gov,Female,2006,Ford,Crown Victoria,Milwaukee,Wisconsin,53263,US,43.0746,-88.0604,80435,Oberbrunner-Considine,02/21/2023
723,Thekla,Mathys,tmathysk2@photobucket.com,Female,1997,Cadillac,Eldorado,Decatur,Georgia,30033,US,33.8123,-84.2819,69338,Reilly LLC,12/14/2024
724,Matthew,Carbin,mcarbink3@xinhuanet.com,Male,1993,Mitsubishi,Galant,Kansas City,Missouri,64125,US,39.1042,-94.4923,86194,Crist-Wyman,04/29/2024
725,Elise,Spillett,espillettk4@bing.com,Female,1994,Hummer,H1,Huntington,West Virginia,25711,US,38.4134,-82.2774,98017,"Kirlin, Lesch and O'Kon",08/27/2024
726,Marrilee,Kembrey,mkembreyk5@livejournal.com,Female,2001,Cadillac,Eldorado,Stockton,California,95205,US,37.9625,-121.2624,74195,"Kassulke, Oberbrunner and Sawayn",07/14/2025
727,Leland,Koppen,lkoppenk6@webeden.co.uk,Female,2007,Hyundai,Veracruz,Durham,North Carolina,27717,US,36.0512,-78.8577,47697,"Goyette, Collins and Ebert",02/07/2025
728,Kermy,Mutter,kmutterk7@t.co,Male,2005,Toyota,Sequoia,Lansing,Michigan,48956,US,42.7325,-84.5587,34086,O'Reilly-Homenick,12/13/2023
729,Guinevere,Brotherton,gbrothertonk8@paypal.com,Female,2002,Suzuki,Aerio,Worcester,Massachusetts,01605,US,42.2894,-71.7888,84896,"Ledner, Bogisich and Armstrong",08/15/2023
730,Idell,Danielian,idanieliank9@163.com,Female,1998,Chrysler,Cirrus,Las Vegas,Nevada,89155,US,35.9279,-114.9721,32729,Spencer-O'Conner,08/25/2023
731,Darda,Stucke,dstuckeka@amazon.co.uk,Female,2001,Kia,Spectra,Honolulu,Hawaii,96815,US,21.2811,-157.8266,45789,Pfannerstill Inc,02/20/2022
732,Agustin,Amberger,aambergerkb@fotki.com,Male,1992,GMC,Suburban 1500,Glendale,California,91205,US,34.1378,-118.2424,62979,Waters-Schmidt,02/09/2023
733,Symon,Chatenet,schatenetkc@scientificamerican.com,Male,2001,Lexus,ES,Moreno Valley,California,92555,US,33.9377,-117.1851,99931,"Sauer, Tremblay and Hoppe",03/27/2024
734,Debor,Lambden,dlambdenkd@columbia.edu,Female,2001,Saab,9-3,Bakersfield,California,93311,US,35.3039,-119.1056,79189,"Monahan, Hartmann and Borer",08/21/2024
735,Kirby,Howland,khowlandke@ted.com,Non-binary,2011,GMC,Sierra,Miami,Florida,33185,US,25.7274,-80.4497,95979,"Kulas, Hauck and Donnelly",11/30/2023
736,Danyette,Breyt,dbreytkf@sciencedirect.com,Female,2004,Cadillac,Seville,Valley Forge,Pennsylvania,19495,US,39.9832,-75.7481,69581,Robel-Brakus,12/02/2024
737,Adrien,Filipowicz,afilipowiczkg@cdc.gov,Male,1965,Chevrolet,Corvette,Shawnee Mission,Kansas,66225,US,38.8999,-94.832,67380,Ledner-Pagac,02/09/2024
738,Gerick,de Chastelain,gdechastelainkh@nymag.com,Male,2000,Toyota,Camry,San Bernardino,California,92405,US,34.1446,-117.3013,54178,Kling and Sons,10/08/2023
739,Ritchie,Henniger,rhennigerki@netlog.com,Male,1969,Chevrolet,Corvette,Albuquerque,New Mexico,87190,US,35.0443,-106.6729,53451,"Streich, Osinski and Lesch",03/29/2022
740,Bertie,Biggins,bbigginskj@rambler.ru,Genderfluid,1993,Oldsmobile,Ciera,Arlington,Virginia,22234,US,38.8808,-77.113,38733,"Moore, Tremblay and Kihn",01/03/2026
741,Renault,Keeley,rkeeleykk@storify.com,Male,2013,Ford,Focus ST,Abilene,Texas,79699,US,32.4665,-99.7117,88126,"Gusikowski, Kunze and Jacobi",01/10/2024
742,Ben,Giercke,bgierckekl@geocities.jp,Male,2001,GMC,Yukon XL 1500,Corpus Christi,Texas,78465,US,27.777,-97.4632,87000,Funk LLC,01/25/2024
743,Harriet,Flacke,hflackekm@dion.ne.jp,Female,2006,Mercedes-Benz,M-Class,Pensacola,Florida,32590,US,30.6143,-87.2758,57875,Torp Group,11/22/2024
744,Benyamin,Wrathmell,bwrathmellkn@cbc.ca,Male,1999,Kia,Sportage,Richmond,Virginia,23237,US,37.4011,-77.4615,88205,"Stokes, Kirlin and Altenwerth",05/12/2025
745,Marlyn,McGorley,mmcgorleyko@networkadvertising.org,Bigender,2011,Toyota,Sequoia,San Jose,California,95155,US,37.31,-121.9011,90322,Kuhlman-Leannon,09/28/2024
746,Ginger,Englishby,genglishbykp@squidoo.com,Agender,1997,Buick,Century,Kansas City,Missouri,64130,US,39.0351,-94.5467,54485,Wiza Inc,04/09/2025
747,Willow,Linebarger,wlinebargerkq@123-reg.co.uk,Female,2003,Mercury,Marauder,Oxnard,California,93034,US,34.0324,-119.1343,48729,"Hagenes, Kshlerin and Dickens",09/19/2025
748,Nerti,Allsebrook,nallsebrookkr@networkadvertising.org,Female,2004,Chevrolet,Venture,Cleveland,Ohio,44177,US,41.6857,-81.6728,81549,Pacocha-Hirthe,07/07/2023
749,Brad,Rubinovici,brubinoviciks@multiply.com,Bigender,1957,Chevrolet,Corvette,Virginia Beach,Virginia,23459,US,36.9216,-76.0171,32905,Bednar Inc,11/19/2022
750,Didi,Lumbers,dlumberskt@home.pl,Female,1997,Chevrolet,2500,Davenport,Iowa,52809,US,41.613,-90.6063,52834,Mante-Strosin,06/22/2025
751,Tedman,Leask,tleaskku@sun.com,Male,2008,Ford,E-Series,Marietta,Georgia,30066,US,34.0378,-84.5038,98086,"Gerhold, Wiza and Reilly",01/12/2026
752,Glen,Schuricke,gschurickekv@wikispaces.com,Male,1996,Volkswagen,Passat,El Paso,Texas,79999,US,31.6948,-106.3,36268,Wehner Group,02/23/2023
753,Ashia,Blakes,ablakeskw@independent.co.uk,Female,2001,Jeep,Grand Cherokee,Spring,Texas,77388,US,30.0505,-95.4695,87597,Bins Inc,09/30/2024
754,Harbert,O'Leary,holearykx@epa.gov,Male,2004,Buick,Park Avenue,Harrisburg,Pennsylvania,17110,US,40.303,-76.8862,57428,Walker-Heaney,06/16/2022
755,Taffy,Tierney,ttierneyky@tripod.com,Bigender,1998,Dodge,Ram 1500 Club,Washington,District of Columbia,20520,US,38.8932,-77.049,31289,Lang LLC,08/24/2022
756,Panchito,Ellacombe,pellacombekz@archive.org,Male,1995,Audi,A6,Mount Vernon,New York,10557,US,41.119,-73.733,77392,"Jerde, Rutherford and Kilback",10/22/2025
757,Kahaleel,Besque,kbesquel0@amazon.co.jp,Male,2006,Mercedes-Benz,SLR McLaren,Chicago,Illinois,60663,US,41.8119,-87.6873,64341,"Rogahn, Douglas and Rodriguez",06/15/2022
758,Lennie,Petrillo,lpetrillol1@marketwatch.com,Male,2012,Ford,Expedition,San Antonio,Texas,78285,US,29.4375,-98.4616,91739,Nicolas-Conroy,05/16/2025
759,Clareta,McGrann,cmcgrannl2@plala.or.jp,Female,2000,Nissan,Maxima,Baltimore,Maryland,21265,US,39.2847,-76.6205,77631,Douglas-Kreiger,05/24/2023
760,Helga,Catterell,hcatterelll3@usnews.com,Female,2010,Toyota,Yaris,Huntington,West Virginia,25716,US,38.4134,-82.2774,31955,Gulgowski Group,05/13/2022
761,Margarethe,Buffery,mbufferyl4@cdbaby.com,Female,2005,Audi,A4,Muncie,Indiana,47306,US,40.2023,-85.4082,56456,Walsh and Sons,09/01/2024
762,Joellyn,McFadden,jmcfaddenl5@cornell.edu,Female,1985,Porsche,944,Flushing,New York,11355,US,40.7536,-73.8226,38809,Denesik-Leuschke,02/22/2022
763,Rochette,Salkild,rsalkildl6@ocn.ne.jp,Female,1993,Cadillac,Fleetwood,Colorado Springs,Colorado,80940,US,38.8247,-104.562,71015,Osinski Inc,01/12/2026
764,Magda,Crepin,mcrepinl7@hostgator.com,Female,1998,Oldsmobile,LSS,Atlanta,Georgia,30323,US,33.8444,-84.474,76938,Gerlach-Daniel,08/01/2025
765,Pammi,Calken,pcalkenl8@mozilla.org,Female,2002,Mitsubishi,Pajero,Florence,South Carolina,29505,US,34.1231,-79.6893,89579,"Borer, Lindgren and Leuschke",03/22/2025
766,Tucker,Arnason,tarnasonl9@usgs.gov,Male,1963,Chevrolet,Corvette,Lansing,Michigan,48901,US,42.5992,-84.372,83055,"Dooley, Kuvalis and Collier",10/02/2024
767,Shae,McKean,smckeanla@alexa.com,Female,2004,Dodge,Intrepid,Fort Pierce,Florida,34981,US,27.4049,-80.3623,42384,Ledner Inc,05/24/2025
768,Hilliary,Proschke,hproschkelb@weebly.com,Female,1992,Dodge,Shadow,Houston,Texas,77260,US,29.7687,-95.3867,48914,Smitham-Daniel,12/23/2024
769,Juliet,Fleckney,jfleckneylc@google.co.jp,Female,1985,Mitsubishi,Truck,Albany,New York,12205,US,42.7198,-73.8207,33625,Beier-Kub,01/03/2023
770,Sonya,Desforges,sdesforgesld@yale.edu,Non-binary,1996,Toyota,Celica,Boston,Massachusetts,02104,US,42.3389,-70.9196,47778,"Cormier, Brekke and Gislason",08/09/2022
771,Evey,Bolf,ebolfle@mayoclinic.com,Female,2010,Toyota,Sequoia,Columbia,South Carolina,29225,US,34.006,-80.9708,85709,Metz-Gutmann,12/07/2024
772,Kori,Rosberg,krosberglf@bluehost.com,Female,2007,Mercedes-Benz,GL-Class,Waco,Texas,76711,US,31.5175,-97.1547,98835,Christiansen Group,11/27/2023
773,Alexina,Euels,aeuelslg@acquirethisname.com,Female,1999,Lincoln,Continental,Alexandria,Virginia,22333,US,38.8158,-77.09,73460,Fritsch-Greenholt,06/25/2023
774,Aldrich,Slimming,aslimminglh@theglobeandmail.com,Male,2006,GMC,Sierra 2500,Rochester,New York,14604,US,43.1577,-77.608,80317,Reynolds LLC,03/25/2024
775,Alyce,McNulty,amcnultyli@geocities.jp,Female,2004,Chrysler,300M,Savannah,Georgia,31405,US,32.0391,-81.1242,83792,Adams Inc,06/17/2025
776,Koralle,Longfield,klongfieldlj@disqus.com,Female,1995,Subaru,Alcyone SVX,San Francisco,California,94154,US,37.7848,-122.7278,83871,Schulist-Schultz,06/03/2025
777,Omero,Clinton,oclintonlk@google.co.jp,Polygender,1999,Toyota,Sienna,Portland,Oregon,97286,US,45.5806,-122.3748,87405,Johnston and Sons,07/04/2024
778,Philbert,Ungerechts,pungerechtsll@t.co,Male,1992,Oldsmobile,88,Decatur,Illinois,62525,US,39.854,-88.9815,77152,Nikolaus-Effertz,09/15/2022
779,Wilmer,Schumacher,wschumacherlm@vistaprint.com,Male,1992,Nissan,Sentra,Omaha,Nebraska,68164,US,41.2955,-96.1008,99233,Medhurst and Sons,06/09/2022
780,Ezechiel,Cregeen,ecregeenln@amazon.de,Male,1993,Dodge,D150,Oklahoma City,Oklahoma,73152,US,35.5514,-97.4075,98614,"Deckow, Boyle and Marquardt",05/25/2025
781,Leo,Leggatt,lleggattlo@jimdo.com,Male,2005,Maserati,Coupe,Des Moines,Iowa,50362,US,41.6727,-93.5722,99167,Blick LLC,11/10/2023
782,Rosemary,Schermick,rschermicklp@imageshack.us,Female,2006,Bentley,Azure,Washington,District of Columbia,20046,US,38.8933,-77.0146,40928,"Kshlerin, Corkery and Rosenbaum",08/13/2023
783,Kinna,Wilkerson,kwilkersonlq@freewebs.com,Female,1994,Dodge,Stealth,Baton Rouge,Louisiana,70805,US,30.486,-91.1481,58758,Hills-Witting,11/07/2022
784,Horatius,Haddock,hhaddocklr@technorati.com,Male,1993,Dodge,D150 Club,Newton,Massachusetts,02162,US,42.3319,-71.254,70476,"Marvin, Tromp and Mosciski",11/29/2025
785,Armando,Placide,aplacidels@e-recht24.de,Male,1984,Honda,Accord,Greensboro,North Carolina,27404,US,36.0807,-80.0244,66504,Koelpin Inc,07/30/2025
786,Patric,Mancell,pmancelllt@example.com,Male,2012,Ferrari,FF,Valdosta,Georgia,31605,US,30.946,-83.2474,86638,Jast-Huel,10/29/2025
787,Dicky,Pheasey,dpheaseylu@si.edu,Male,1998,Audi,A8,Des Moines,Iowa,50347,US,41.6727,-93.5722,67024,Windler-Nolan,04/16/2022
788,Iolanthe,Bruyntjes,ibruyntjeslv@mashable.com,Female,1983,Pontiac,Sunbird,Cincinnati,Ohio,45213,US,39.1802,-84.4204,83625,Ebert-Gislason,11/04/2023
789,Melisa,Burchett,mburchettlw@chicagotribune.com,Female,2005,Toyota,Highlander,Chicago,Illinois,60669,US,41.8119,-87.6873,79184,Brekke-Dicki,06/05/2025
790,Bone,Sings,bsingslx@yelp.com,Male,1986,Volkswagen,Jetta,Phoenix,Arizona,85045,US,33.3022,-112.1226,90076,Schowalter and Sons,04/09/2023
791,Brodie,Dugald,bdugaldly@nifty.com,Male,1992,Subaru,Legacy,Pensacola,Florida,32505,US,30.4481,-87.2589,54219,Jakubowski-Powlowski,07/13/2024
792,Con,Scathard,cscathardlz@discovery.com,Polygender,1998,Nissan,240SX,Fort Worth,Texas,76134,US,32.6469,-97.3325,69322,Welch LLC,12/30/2022
793,Heath,Dossett,hdossettm0@soundcloud.com,Agender,2012,Ford,E150,Fayetteville,North Carolina,28314,US,35.0583,-79.008,37808,Jacobi-Daniel,06/26/2024
794,Bailie,Edger,bedgerm1@upenn.edu,Male,2004,Infiniti,FX,Harrisburg,Pennsylvania,17140,US,40.3086,-76.8464,44379,"Gusikowski, Beier and Heaney",01/25/2025
795,Eugenie,Brabban,ebrabbanm2@nytimes.com,Female,1995,GMC,2500 Club Coupe,Lafayette,Louisiana,70593,US,30.2081,-92.0951,84162,"Kessler, Lakin and O'Reilly",12/06/2023
796,Vanessa,McCorkindale,vmccorkindalem3@purevolume.com,Female,2003,Honda,Civic,San Francisco,California,94164,US,37.7848,-122.7278,30899,Mitchell Group,04/01/2023
797,Elisha,Preddle,epreddlem4@rakuten.co.jp,Female,1992,Ford,F-Series,Wichita,Kansas,67230,US,37.6808,-97.1558,97983,Kuhlman Group,05/20/2025
798,Artair,Eakley,aeakleym5@ox.ac.uk,Genderfluid,2008,Toyota,Sequoia,El Paso,Texas,88558,US,31.6948,-106.3,83840,Veum Inc,12/23/2025
799,Ilise,Gaynsford,igaynsfordm6@examiner.com,Non-binary,1999,Jeep,Grand Cherokee,Salt Lake City,Utah,84125,US,40.6681,-111.9083,81573,Gutkowski-Rice,05/18/2025
800,Dan,Cokely,dcokelym7@msn.com,Male,2007,Audi,A4,Corpus Christi,Texas,78415,US,27.7262,-97.4078,86912,Lemke Inc,04/28/2024
801,Eleen,Gurwood,egurwoodm8@ibm.com,Female,2004,Honda,Pilot,Charleston,West Virginia,25336,US,38.2968,-81.5547,60595,Koepp-Howell,08/21/2024
802,Cob,Lening,cleningm9@geocities.jp,Male,2012,Cadillac,CTS-V,Birmingham,Alabama,35295,US,33.5446,-86.9292,56414,"Fahey, Lind and Prohaska",07/23/2025
803,Clemmie,Barnwall,cbarnwallma@webnode.com,Genderfluid,1992,Audi,Quattro,Van Nuys,California,91411,US,34.1781,-118.4574,55656,Treutel and Sons,05/06/2023
804,Odelia,Deverick,odeverickmb@chicagotribune.com,Female,1998,Ford,Mustang,Colorado Springs,Colorado,80935,US,38.8247,-104.562,33515,Vandervort Group,01/01/2025
805,Buckie,Peeke,bpeekemc@goo.ne.jp,Male,2010,Bentley,Azure,Tulsa,Oklahoma,74184,US,36.1398,-96.0297,86359,Johnston-Pfeffer,01/21/2025
806,Luke,Gregoretti,lgregorettimd@apple.com,Male,2010,Volkswagen,Rabbit,Lincoln,Nebraska,68510,US,40.8063,-96.6545,62095,Carroll-Treutel,02/27/2022
807,Thomasina,Beine,tbeineme@moonfruit.com,Female,2008,Dodge,Grand Caravan,Tallahassee,Florida,32399,US,30.4494,-84.291,57888,Wolff-McLaughlin,01/30/2025
808,Gregor,Da Costa,gdacostamf@plala.or.jp,Male,2008,Saab,9-7X,Vancouver,Washington,98664,US,45.6231,-122.5767,83517,"Satterfield, Kuhn and Wiza",12/17/2022
809,Gray,Scala,gscalamg@economist.com,Male,1993,Plymouth,Grand Voyager,Arlington,Texas,76096,US,32.7714,-97.2915,30964,Prohaska-Kiehn,06/05/2025
810,Andriette,Pashba,apashbamh@tumblr.com,Female,2004,Mitsubishi,Challenger,Chandler,Arizona,85246,US,33.2765,-112.1872,82810,"Rolfson, Heidenreich and Keeling",12/20/2024
811,Alexandro,Pitherick,apitherickmi@cargocollective.com,Male,2000,Mitsubishi,Montero,El Paso,Texas,88579,US,31.6948,-106.3,95557,Goodwin Inc,07/17/2023
812,Romy,Mariotte,rmariottemj@angelfire.com,Female,2000,Nissan,Maxima,Wilmington,Delaware,19897,US,39.5645,-75.597,34532,"Gulgowski, Ankunding and Schroeder",08/10/2023
813,Albertine,Evert,aevertmk@google.fr,Female,2001,Mazda,B2500,Amarillo,Texas,79165,US,35.4015,-101.8951,54490,"Ratke, Hilpert and Mueller",06/29/2024
814,Catlaina,Melrose,cmelroseml@whitehouse.gov,Female,2000,Volvo,C70,Saginaw,Michigan,48609,US,43.3869,-84.0926,53995,"Medhurst, Jaskolski and Kshlerin",05/14/2025
815,Stanislaw,Holwell,sholwellmm@shop-pro.jp,Male,2008,Kia,Sedona,Beaverton,Oregon,97075,US,45.5486,-123.1147,72302,"Dach, Schuppe and Breitenberg",02/19/2025
816,Thane,Borges,tborgesmn@sun.com,Polygender,1997,Ford,Ranger,Abilene,Texas,79699,US,32.4665,-99.7117,64451,Kilback-Blanda,08/11/2024
817,Ara,Rosendall,arosendallmo@jalbum.net,Non-binary,1999,Ford,Escort,Seattle,Washington,98127,US,47.6063,-122.3308,42079,Wunsch-Jast,08/28/2024
818,Sileas,Hanhart,shanhartmp@skype.com,Female,2006,Lexus,GX,Chicago,Illinois,60674,US,41.8119,-87.6873,84214,Schimmel-Bahringer,09/03/2023
819,Brose,Crews,bcrewsmq@netvibes.com,Male,2000,Buick,Park Avenue,Oklahoma City,Oklahoma,73147,US,35.5514,-97.4075,58379,Lang-Harris,10/13/2022
820,Barnie,Pellamont,bpellamontmr@latimes.com,Male,1969,Plymouth,Roadrunner,Great Neck,New York,11024,US,40.8171,-73.7416,38265,Lockman-Keeling,09/26/2022
821,Lucienne,Marle,lmarlems@gnu.org,Female,2002,Audi,S6,Miami Beach,Florida,33141,US,25.8486,-80.1446,77165,Green Group,09/07/2023
822,Nixie,Cecil,ncecilmt@ted.com,Female,1996,Ford,Aerostar,Fort Wayne,Indiana,46857,US,41.0938,-85.0707,67674,Koch LLC,08/20/2024
823,Danyelle,Uphill,duphillmu@cocolog-nifty.com,Female,2005,Acura,TSX,Oakland,California,94627,US,37.6802,-121.9215,75813,Keebler-Lubowitz,08/22/2025
824,Westbrooke,Wythe,wwythemv@hexun.com,Male,1964,Plymouth,Fury,Minneapolis,Minnesota,55407,US,44.9378,-93.2545,43399,Nikolaus Inc,01/25/2026
825,Nerita,Feldstein,nfeldsteinmw@blogs.com,Female,1998,GMC,Sonoma,Portsmouth,New Hampshire,03804,US,43.0059,-71.0132,73650,Davis-Considine,11/05/2022
826,Hadria,Elen,helenmx@about.com,Female,2011,Chrysler,300,Kansas City,Missouri,64114,US,38.9621,-94.5959,98136,Lind LLC,04/01/2025
827,Chan,Jeens,cjeensmy@bbb.org,Male,1993,Volkswagen,Jetta,Brooklyn,New York,11215,US,40.6669,-73.9828,33988,Stiedemann-White,09/29/2025
828,Kissiah,Aris,karismz@amazon.co.jp,Female,2001,Chevrolet,Suburban 2500,Arlington,Virginia,22212,US,38.8808,-77.113,82348,"Bruen, Shanahan and Schumm",12/06/2025
829,Annabelle,Vasilyev,avasilyevn0@skyrock.com,Genderqueer,2001,Mercedes-Benz,S-Class,Chicago,Illinois,60674,US,41.8119,-87.6873,53500,Anderson and Sons,05/07/2022
830,Konstanze,Cobon,kcobonn1@technorati.com,Female,2006,Maserati,Coupe,Milwaukee,Wisconsin,53285,US,43.0174,-87.5697,47874,Sawayn-Nitzsche,09/05/2025
831,Harriot,Mease,hmeasen2@ftc.gov,Female,2010,Lexus,IS-F,Dallas,Texas,75379,US,32.7673,-96.7776,56064,Gutkowski-Stokes,05/13/2024
832,Quentin,Batstone,qbatstonen3@gmpg.org,Male,2007,Chevrolet,Avalanche,Fairfield,Connecticut,06825,US,41.1928,-73.2402,51800,Ortiz-Bailey,10/10/2022
833,Ashlen,Forster,aforstern4@pen.io,Female,1984,Lincoln,Town Car,Jamaica,New York,11499,US,40.6514,-73.8708,85015,Ortiz Group,04/03/2022
834,Molly,Georger,mgeorgern5@globo.com,Female,1998,Dodge,Durango,San Jose,California,95123,US,37.2458,-121.8306,88586,Satterfield and Sons,01/17/2026
835,Ariadne,Dowty,adowtyn6@printfriendly.com,Female,1988,Buick,Regal,Saint Paul,Minnesota,55188,US,45.0059,-93.1059,52188,Moore-Maggio,10/03/2025
836,Gertrudis,Stowgill,gstowgilln7@hexun.com,Female,2009,GMC,Yukon,Chicago,Illinois,60697,US,41.8119,-87.6873,58232,"Legros, Trantow and Beer",10/04/2023
837,Edie,Adshead,eadsheadn8@prlog.org,Female,1985,Merkur,XR4Ti,Gilbert,Arizona,85297,US,33.2781,-111.7096,33247,Altenwerth-Haley,02/13/2024
838,Lonnard,Lomansey,llomanseyn9@360.cn,Male,1984,Maserati,Biturbo,Kalamazoo,Michigan,49048,US,42.3189,-85.5152,77204,Gislason-Harris,11/05/2022
839,Pat,Shower,pshowerna@addtoany.com,Male,1999,Toyota,Camry,San Francisco,California,94147,US,37.7848,-122.7278,79405,McGlynn-Conroy,05/24/2022
840,Shelly,Morecomb,smorecombnb@sohu.com,Female,2009,Dodge,Challenger,Charleston,West Virginia,25336,US,38.2968,-81.5547,65406,"Predovic, Christiansen and Brakus",03/30/2023
841,Tricia,Rojas,trojasnc@diigo.com,Female,1993,Hyundai,Sonata,Milwaukee,Wisconsin,53285,US,43.0174,-87.5697,53455,Rowe Group,12/28/2023
842,Jonah,Kubera,jkuberand@1und1.de,Male,2007,Infiniti,G,Levittown,Pennsylvania,19058,US,40.3286,-75.1028,49573,Orn-Gusikowski,05/11/2025
843,Hyatt,Janda,hjandane@businessinsider.com,Male,2007,Pontiac,G6,San Francisco,California,94154,US,37.7848,-122.7278,81916,"Dicki, Harber and Brown",12/02/2025
844,Leia,Simmonett,lsimmonettnf@wix.com,Female,1994,Suzuki,Sidekick,Denver,Colorado,80262,US,39.731,-104.9384,40649,VonRueden-Walsh,07/16/2025
845,Dannie,Gillbey,dgillbeyng@google.com.hk,Female,2004,Kia,Sorento,Dayton,Ohio,45414,US,39.8285,-84.2024,31006,Walker Inc,05/18/2022
846,Sada,California,scalifornianh@disqus.com,Female,2012,Chevrolet,Malibu,El Paso,Texas,88535,US,31.6948,-106.3,39744,Labadie-Stracke,06/22/2024
847,Ekaterina,Tunmore,etunmoreni@tumblr.com,Female,1996,Chrysler,Concorde,Dayton,Ohio,45426,US,39.7982,-84.3211,78140,Bergnaum-Smitham,06/14/2023
848,Gwenore,Miko,gmikonj@tmall.com,Female,2009,Porsche,911,Washington,District of Columbia,20436,US,38.8959,-77.0211,79308,Stracke-Hackett,03/04/2025
849,Lynde,Viall,lviallnk@sun.com,Female,2008,Lamborghini,Reventón,Fresno,California,93794,US,36.7464,-119.6397,58706,Bashirian-Hansen,09/19/2024
850,Alfie,Biglin,abiglinnl@paginegialle.it,Male,1993,Chevrolet,G-Series G30,Alexandria,Virginia,22309,US,38.7192,-77.1073,92587,"Rice, Rempel and Littel",12/23/2024
851,Fancie,Bassano,fbassanonm@multiply.com,Genderqueer,1993,Dodge,D150 Club,Honolulu,Hawaii,96845,US,21.3278,-157.8294,74194,Walker and Sons,10/28/2025
852,Denny,Loutheane,dloutheanenn@weather.com,Male,2003,Ford,E250,Morgantown,West Virginia,26505,US,39.6505,-79.944,70999,Kirlin and Sons,12/02/2022
853,Carmine,July,cjulyno@amazon.de,Male,2006,Ford,Explorer Sport Trac,Springfield,Massachusetts,01105,US,42.0999,-72.5783,45076,Bednar Inc,11/12/2024
854,Rabi,Bucky,rbuckynp@vk.com,Bigender,1993,GMC,3500 Club Coupe,Baltimore,Maryland,21203,US,39.2847,-76.6205,75942,Leannon Inc,08/22/2022
855,Angie,Tiffin,atiffinnq@oracle.com,Female,2002,Dodge,Ram Van 2500,Waterbury,Connecticut,06726,US,41.3657,-72.9275,75422,Shanahan-Kuphal,10/21/2022
856,Kylen,Drewitt,kdrewittnr@omniture.com,Female,1999,Jaguar,XJ Series,Minneapolis,Minnesota,55402,US,44.9762,-93.2759,67770,"Macejkovic, Lemke and Stamm",05/02/2022
857,Cristabel,Hirche,chirchens@sogou.com,Female,1975,Chevrolet,Camaro,Charlottesville,Virginia,22903,US,38.0339,-78.4924,85513,Johnston-Torphy,11/05/2025
858,Galvan,Wither,gwithernt@lycos.com,Male,2000,Chrysler,Concorde,Mobile,Alabama,36641,US,30.6589,-88.178,54581,"Bogan, Kiehn and Leuschke",11/08/2024
859,Rafaellle,Limerick,rlimericknu@plala.or.jp,Male,2008,Mazda,B-Series,Melbourne,Florida,32941,US,27.9246,-80.5235,95746,"Larkin, Walter and Hirthe",04/24/2025
860,Hamid,MacTrusty,hmactrustynv@addthis.com,Male,1985,Mazda,RX-7,Salt Lake City,Utah,84189,US,40.6681,-111.9083,93779,Harris Inc,05/25/2024
861,Ermengarde,Caesman,ecaesmannw@go.com,Non-binary,1986,Pontiac,1000,Milwaukee,Wisconsin,53210,US,43.0685,-87.9715,93695,Gibson-Hauck,04/19/2024
862,Moreen,Windram,mwindramnx@webnode.com,Female,1993,Chevrolet,Blazer,Los Angeles,California,90045,US,33.9631,-118.3941,75900,Smitham-Kunde,08/03/2024
863,Ive,Thieme,ithiemeny@gov.uk,Male,2009,Chevrolet,Express 1500,Kansas City,Missouri,64160,US,39.2829,-94.409,53361,"Gibson, Franecki and Bradtke",07/19/2022
864,Domenic,Sefton,dseftonnz@nbcnews.com,Male,1994,Ford,F150,Tampa,Florida,33620,US,28.06,-82.4079,78291,Hahn Inc,08/26/2022
865,Pru,Mecozzi,pmecozzio0@privacy.gov.au,Bigender,2011,Mercury,Mariner,Duluth,Georgia,30096,US,33.9845,-84.1529,86918,McKenzie-Hagenes,10/10/2022
866,Ximenez,Standen,xstandeno1@epa.gov,Male,1999,GMC,Savana 2500,Brooklyn,New York,11254,US,40.6451,-73.945,57642,"Strosin, Simonis and Barrows",12/06/2024
867,Alane,Lepper,aleppero2@ask.com,Female,1995,Chrysler,Sebring,Baltimore,Maryland,21275,US,39.2847,-76.6205,77432,McLaughlin-Farrell,12/02/2022
868,Wait,Cordelet,wcordeleto3@epa.gov,Male,2008,Chrysler,PT Cruiser,Durham,North Carolina,27710,US,36.0512,-78.8577,44708,"Wunsch, Kassulke and Schaefer",06/15/2023
869,Boone,Fries,bfrieso4@cam.ac.uk,Male,2009,Hummer,H3,Wilmington,Delaware,19810,US,39.8188,-75.5064,42890,"Homenick, Yost and Swift",09/17/2025
870,Valentin,Roseveare,vroseveareo5@goo.gl,Male,1975,Chevrolet,Camaro,Beaumont,Texas,77713,US,30.085,-94.2607,30624,Wintheiser Group,01/14/2025
871,Tori,Josey,tjoseyo6@prweb.com,Female,2009,BMW,Z4,Colorado Springs,Colorado,80940,US,38.8247,-104.562,30542,"Parisian, Spencer and Conn",09/04/2023
872,Maddy,Pahl,mpahlo7@si.edu,Male,1997,Dodge,Caravan,Huntsville,Alabama,35895,US,34.734,-86.5229,33804,Armstrong-Hand,04/24/2023
873,Obediah,Van der Hoeven,ovanderhoeveno8@facebook.com,Male,2001,BMW,7 Series,Baton Rouge,Louisiana,70820,US,30.3795,-91.1671,34090,Mann-Wunsch,10/09/2022
874,Vanya,O'Brogan,vobrogano9@weibo.com,Male,2009,Pontiac,G6,Houston,Texas,77095,US,29.8941,-95.6481,43196,Konopelski-Hauck,03/26/2022
875,Clarette,Liversedge,cliversedgeoa@prlog.org,Female,2006,Chevrolet,Cobalt,Scottsdale,Arizona,85255,US,33.6968,-111.8892,58425,"Emmerich, Bruen and Turner",02/20/2022
876,Loren,Cordelette,lcordeletteob@1688.com,Female,2007,Suzuki,XL-7,San Jose,California,95133,US,37.3729,-121.856,75245,Lebsack-Bogisich,04/23/2025
877,Violet,Avieson,vaviesonoc@oakley.com,Female,2008,Kia,Spectra,Arlington,Virginia,22205,US,38.8836,-77.1395,48315,"Keeling, Boyle and McKenzie",02/04/2023
878,Benton,Forstall,bforstallod@cdc.gov,Male,2009,Infiniti,G,Topeka,Kansas,66667,US,39.0429,-95.7697,59274,Mitchell Group,02/14/2024
879,Ferdy,Neeves,fneevesoe@state.gov,Male,2006,Jaguar,XJ,Richmond,Virginia,23260,US,37.5242,-77.4932,32105,Senger Group,11/04/2024
880,Scarlet,Kleinhausen,skleinhausenof@shutterfly.com,Female,1998,Honda,Passport,Salt Lake City,Utah,84152,US,40.7286,-111.6627,30177,Jones Group,10/07/2025
881,Sapphira,Gilhouley,sgilhouleyog@miitbeian.gov.cn,Female,2012,Ford,Expedition,Kansas City,Missouri,64125,US,39.1042,-94.4923,54410,Schamberger-Langworth,09/03/2023
882,Georg,Jimson,gjimsonoh@state.tx.us,Male,1994,Mercury,Cougar,Fort Lauderdale,Florida,33336,US,26.1219,-80.1436,99695,Quitzon LLC,01/06/2025
883,Tucker,Armit,tarmitoi@etsy.com,Male,2001,Jaguar,XJ Series,Fort Worth,Texas,76121,US,32.7714,-97.2915,39913,Thompson-Bosco,02/28/2022
884,Si,Ingarfill,singarfilloj@un.org,Male,1995,Chrysler,New Yorker,Tacoma,Washington,98481,US,47.0662,-122.1132,78462,Thompson Inc,06/07/2024
885,Chick,Jovovic,cjovovicok@answers.com,Polygender,1999,Audi,A4,Bowie,Maryland,20719,US,38.8336,-76.8777,58058,"Leffler, Bernhard and Fay",03/05/2024
886,Shandee,Teeney,steeneyol@netvibes.com,Polygender,2012,Chevrolet,Suburban 2500,Largo,Florida,33777,US,27.8546,-82.7545,59374,"Zulauf, Barrows and Wolff",12/06/2022
887,Erwin,Brunotti,ebrunottiom@businessweek.com,Male,1992,Mercedes-Benz,300SL,Chattanooga,Tennessee,37450,US,35.2211,-85.2091,71159,"Gulgowski, O'Conner and Oberbrunner",04/12/2025
888,Konstantine,Casaroli,kcasarolion@newsvine.com,Male,2008,Cadillac,STS-V,Atlanta,Georgia,30375,US,33.8444,-84.474,49556,Pagac-Schroeder,06/05/2025
889,Malinda,Spicer,mspiceroo@newyorker.com,Female,1990,Buick,Riviera,Dallas,Texas,75205,US,32.826,-96.7843,93990,Breitenberg-Ankunding,03/21/2023
890,Hervey,Wetheril,hwetherilop@craigslist.org,Male,2000,Ford,Econoline E250,Denver,Colorado,80299,US,39.7388,-104.4083,88975,Swaniawski Group,02/09/2022
891,Yasmin,Jerams,yjeramsoq@irs.gov,Female,1998,Chevrolet,Tahoe,College Station,Texas,77844,US,30.6521,-96.341,98090,Mante Inc,11/07/2025
892,Tracey,Rollason,trollasonor@posterous.com,Male,2003,Oldsmobile,Bravada,Austin,Texas,78703,US,30.2907,-97.7648,36655,Leannon-Skiles,03/08/2024
893,Vlad,Anan,vananos@goo.ne.jp,Male,2007,Kia,Sorento,Atlanta,Georgia,30375,US,33.8444,-84.474,67164,Buckridge and Sons,08/12/2024
894,Rhett,Roll,rrollot@meetup.com,Male,1998,Audi,riolet,Spokane,Washington,99205,US,47.6964,-117.4399,95297,Hoppe-Murray,12/07/2024
895,Jinny,Mechem,jmechemou@cnbc.com,Female,2009,Dodge,Charger,Bloomington,Illinois,61709,US,40.4614,-88.953,63394,"Waters, Pacocha and Ebert",02/14/2022
896,Barbey,Heakey,bheakeyov@unicef.org,Female,2003,Chevrolet,Corvette,El Paso,Texas,88579,US,31.6948,-106.3,63628,Pfannerstill Inc,01/19/2024
897,Dionysus,McKay,dmckayow@earthlink.net,Male,2002,Chevrolet,Tracker,Madison,Wisconsin,53779,US,43.0982,-89.3242,51607,"Marquardt, Dietrich and Reilly",10/19/2022
898,Ginni,Needs,gneedsox@apache.org,Female,2000,Cadillac,DeVille,El Paso,Texas,88563,US,31.6948,-106.3,83847,Runolfsson LLC,03/25/2023
899,Bil,Yukhnevich,byukhnevichoy@desdev.cn,Male,2010,Toyota,Tundra,Madison,Wisconsin,53716,US,43.0631,-89.3133,57106,Bartell Inc,07/10/2023
900,Michel,Proudman,mproudmanoz@nationalgeographic.com,Male,2001,Mercedes-Benz,E-Class,Dallas,Texas,75372,US,32.7673,-96.7776,99122,"Wisoky, Ortiz and Bartoletti",03/06/2024
901,Aldo,Stolberg,astolbergp0@engadget.com,Male,2000,BMW,5 Series,Pasadena,California,91109,US,33.7866,-118.2987,68474,"Macejkovic, Turcotte and Witting",08/30/2025
902,Abelard,Paul,apaulp1@wunderground.com,Male,2004,Mazda,Tribute,Washington,District of Columbia,20062,US,38.9,-77.0369,41457,Buckridge-Zieme,02/26/2024
903,Missy,Velde,mveldep2@weibo.com,Female,2003,Hummer,H2,Fairbanks,Alaska,99709,US,64.8544,-147.8469,84329,Lindgren-Schneider,10/02/2025
904,Ros,Kemster,rkemsterp3@bing.com,Female,2007,Mercury,Mountaineer,Columbia,South Carolina,29240,US,34.006,-80.9708,62319,O'Keefe LLC,06/24/2023
905,Darryl,Hyde-Chambers,dhydechambersp4@psu.edu,Female,2003,Cadillac,Seville,Salt Lake City,Utah,84130,US,40.6681,-111.9083,78006,"Abernathy, Zboncak and Goldner",05/03/2025
906,Mischa,Babon,mbabonp5@patch.com,Male,2005,Lexus,GX,Richmond,Virginia,23260,US,37.5242,-77.4932,98417,Blanda-Bailey,08/18/2023
907,Regan,Perrie,rperriep6@technorati.com,Male,2002,Isuzu,Axiom,Durham,North Carolina,27705,US,36.0218,-78.9478,34743,Denesik LLC,05/26/2024
908,Frazier,Dykins,fdykinsp7@dion.ne.jp,Genderqueer,1997,Dodge,Ram 1500 Club,Cedar Rapids,Iowa,52405,US,41.9804,-91.7098,79711,"Ondricka, Schumm and Romaguera",10/10/2023
909,Sandie,Pottage,spottagep8@vkontakte.ru,Female,2001,Volkswagen,Jetta,Washington,District of Columbia,20268,US,38.8933,-77.0146,80079,"Jaskolski, Brekke and Moore",10/09/2024
910,Diena,Sheed,dsheedp9@hexun.com,Female,1997,Ford,Taurus,Greensboro,North Carolina,27404,US,36.0807,-80.0244,68818,Gislason Group,12/01/2023
911,Matthiew,Leed,mleedpa@edublogs.org,Male,2012,Cadillac,CTS-V,Houston,Texas,77095,US,29.8941,-95.6481,82334,Emmerich-Bergnaum,04/24/2025
912,Aldric,Feare,afearepb@sitemeter.com,Male,2008,Mercury,Mountaineer,Miami,Florida,33147,US,25.8507,-80.2366,36309,Ward LLC,01/15/2024
913,Matthieu,Tongue,mtonguepc@51.la,Male,2001,Buick,Park Avenue,Green Bay,Wisconsin,54313,US,44.5463,-88.1021,72901,"Botsford, Berge and Kuhlman",06/02/2024
914,Gina,Rumke,grumkepd@hostgator.com,Female,2011,Suzuki,Grand Vitara,Milwaukee,Wisconsin,53234,US,43.0174,-87.5697,42340,"Becker, Nicolas and Gottlieb",03/29/2025
915,Marcie,Haistwell,mhaistwellpe@chron.com,Female,1993,Lexus,ES,Spokane,Washington,99260,US,47.6536,-117.4317,85373,Considine-Howe,01/17/2026
916,Ive,Bettlestone,ibettlestonepf@sourceforge.net,Male,2008,BMW,Z4,Boston,Massachusetts,02114,US,42.3611,-71.0682,96927,Fay-Erdman,04/08/2025
917,Duky,Dunthorn,ddunthornpg@mediafire.com,Male,2002,Mazda,Millenia,Omaha,Nebraska,68110,US,41.2933,-95.9361,58474,Weimann-DuBuque,03/16/2024
918,Amery,Dunn,adunnph@joomla.org,Male,2006,Porsche,Cayman,Erie,Pennsylvania,16510,US,42.1087,-79.9535,71104,Harris Group,10/06/2022
919,Ulrika,Loadwick,uloadwickpi@4shared.com,Female,2012,Audi,R8,Boulder,Colorado,80310,US,40.0878,-105.3735,84026,Gibson-Heller,09/27/2022
920,Claudette,Josse,cjossepj@theglobeandmail.com,Female,2000,Chevrolet,Metro,Stamford,Connecticut,06905,US,41.0888,-73.5435,92622,Ritchie-Connelly,11/28/2022
921,Gray,Rosevear,grosevearpk@creativecommons.org,Male,2010,Audi,A5,Stamford,Connecticut,06912,US,41.3089,-73.3637,62360,Koepp-Streich,01/23/2026
922,Henryetta,Krolak,hkrolakpl@mit.edu,Agender,1995,Pontiac,Firebird,San Luis Obispo,California,93407,US,35.3471,-120.4553,51916,Hegmann LLC,06/05/2022
923,Anabal,Bamlett,abamlettpm@mit.edu,Female,2004,Chevrolet,Colorado,Memphis,Tennessee,38109,US,35.0425,-90.0732,75424,Morissette and Sons,06/30/2023
924,Howard,Maylam,hmaylampn@slate.com,Male,1988,Ford,Bronco II,Grand Rapids,Michigan,49510,US,43.0314,-85.5503,51514,Jacobs LLC,09/27/2023
925,Sandor,Hebborn,shebbornpo@uol.com.br,Male,2002,Ford,ZX2,San Francisco,California,94110,US,37.7509,-122.4153,80538,Christiansen-Romaguera,10/14/2024
926,Frannie,Grint,fgrintpp@jiathis.com,Female,2004,Hyundai,Sonata,Montpelier,Vermont,05609,US,44.2595,-72.585,98632,Pfannerstill-Beatty,04/04/2025
927,Gloriane,Sedgeman,gsedgemanpq@google.ca,Female,1993,Acura,NSX,Austin,Texas,78754,US,30.3423,-97.6673,82888,Mosciski-Dach,02/22/2024
928,Teodoro,Juszczak,tjuszczakpr@boston.com,Male,1992,Dodge,Ram Wagon B150,Colorado Springs,Colorado,80915,US,38.8558,-104.7134,40928,Grant LLC,01/25/2025
929,Channa,Awde,cawdeps@cloudflare.com,Genderfluid,1997,GMC,Jimmy,Omaha,Nebraska,68110,US,41.2933,-95.9361,74459,Kulas-Gutmann,01/13/2023
930,Sigmund,Rodrigo,srodrigopt@barnesandnoble.com,Male,2000,Toyota,Sienna,El Paso,Texas,88574,US,31.6948,-106.3,44346,"Johnson, Paucek and Howell",04/17/2024
931,Ofella,Hintze,ohintzepu@amazon.co.jp,Genderqueer,2010,Toyota,Venza,Richmond,Virginia,23203,US,37.5593,-77.4471,36589,Padberg LLC,02/08/2022
932,Giustino,Flippelli,gflippellipv@unesco.org,Agender,2012,Volvo,XC90,Miami,Florida,33175,US,25.7341,-80.4068,39880,Hauck-Cummings,04/21/2024
933,Siegfried,Gurrado,sgurradopw@addthis.com,Male,1997,Mitsubishi,Galant,Springfield,Missouri,65805,US,37.2581,-93.3437,88519,Fritsch-Effertz,11/27/2023
934,Markos,Knevit,mknevitpx@dailymotion.com,Male,2001,GMC,Sierra 2500,Pasadena,California,91117,US,33.7866,-118.2987,61614,Stokes-Mitchell,01/25/2024
935,Abby,Tapsell,atapsellpy@dagondesign.com,Male,1991,Volkswagen,Golf,Richmond,Virginia,23220,US,37.5498,-77.4588,40550,Toy Group,11/05/2024
936,Steven,Docwra,sdocwrapz@ovh.net,Male,1989,Lincoln,Continental Mark VII,Portland,Oregon,97229,US,45.5483,-122.8276,57070,"Walter, Harber and McDermott",08/04/2022
937,Onida,Silvester,osilvesterq0@skyrock.com,Female,2007,Dodge,Ram 3500,Philadelphia,Pennsylvania,19160,US,40.0018,-75.1179,54246,Schroeder-Bernhard,07/13/2024
938,Hubey,Rawlingson,hrawlingsonq1@google.co.jp,Male,2000,Lexus,GS,Los Angeles,California,90040,US,33.9909,-118.1532,72606,Bartell Inc,03/25/2023
939,Christos,Mackneis,cmackneisq2@blogger.com,Male,2004,Pontiac,Grand Am,San Jose,California,95194,US,37.3894,-121.8868,93069,Kuvalis-Dickinson,04/01/2024
940,Linc,Roote,lrooteq3@cornell.edu,Male,2005,Mazda,MPV,Fresno,California,93773,US,36.7464,-119.6397,76614,"Hansen, Heathcote and Runte",01/30/2024
941,Brook,Rosin,brosinq4@godaddy.com,Male,2003,BMW,X5,Pinellas Park,Florida,34665,US,27.8402,-82.7125,64231,Schulist LLC,09/30/2024
942,Sibylla,Billo,sbilloq5@google.co.jp,Female,1967,Ford,Falcon,Beaufort,South Carolina,29905,US,32.3401,-80.689,43555,"Howe, Walter and Lueilwitz",11/04/2022
943,Corrinne,Strafen,cstrafenq6@reference.com,Female,1995,Buick,Skylark,Brockton,Massachusetts,02305,US,41.9705,-70.7014,99709,Goldner and Sons,03/25/2024
944,Baxy,Gatesman,bgatesmanq7@istockphoto.com,Genderfluid,1996,Oldsmobile,88,San Diego,California,92110,US,32.7635,-117.2028,90442,Stroman-Gerhold,12/10/2022
945,Mufi,Dogerty,mdogertyq8@twitpic.com,Polygender,2011,Volkswagen,GTI,Omaha,Nebraska,68110,US,41.2933,-95.9361,35977,Kilback-Gleichner,03/29/2025
946,Jock,Bartelli,jbartelliq9@posterous.com,Male,2004,Dodge,Durango,Peoria,Illinois,61629,US,40.692,-89.5887,38324,"Hessel, Dicki and Gerlach",11/12/2022
947,Elliott,Laherty,elahertyqa@xinhuanet.com,Male,1985,Honda,Civic,Sarasota,Florida,34276,US,27.1675,-82.381,81931,"Bernhard, Crooks and Hauck",05/17/2023
948,Karly,Sprade,kspradeqb@si.edu,Female,2003,Ford,Escape,Memphis,Tennessee,38136,US,35.2017,-89.9715,50990,Walsh-O'Hara,11/14/2024
949,Katherina,Rozenzweig,krozenzweigqc@eepurl.com,Female,1994,Dodge,Caravan,Madison,Wisconsin,53779,US,43.0982,-89.3242,48157,Wuckert LLC,06/02/2022
950,Mozes,Hounson,mhounsonqd@fda.gov,Male,2010,Jeep,Liberty,Washington,District of Columbia,20392,US,38.8933,-77.0146,71612,Schinner Group,09/29/2024
951,Gerik,Gilluley,ggilluleyqe@cbc.ca,Male,1997,Ford,Contour,Sacramento,California,95828,US,38.4826,-121.4006,51449,Paucek-Hamill,09/05/2023
952,Rhody,Belmont,rbelmontqf@ycombinator.com,Female,1996,Toyota,Land Cruiser,Houston,Texas,77080,US,29.8159,-95.523,94102,Thiel-Gerhold,10/27/2024
953,Bald,Guisler,bguislerqg@huffingtonpost.com,Male,2006,Kia,Spectra5,Minneapolis,Minnesota,55407,US,44.9378,-93.2545,98761,Tremblay and Sons,07/12/2024
954,Valentijn,Lebbon,vlebbonqh@google.com,Male,2004,Nissan,Quest,Houston,Texas,77045,US,29.6297,-95.4382,51068,Hane and Sons,12/18/2025
955,Hyacintha,Mushrow,hmushrowqi@ameblo.jp,Female,2001,Chevrolet,Silverado 2500,Levittown,Pennsylvania,19058,US,40.3286,-75.1028,64121,McClure-Hilll,10/16/2022
956,Marni,Takos,mtakosqj@shareasale.com,Female,1998,Toyota,Avalon,Washington,District of Columbia,20591,US,38.8933,-77.0146,98726,Kemmer Group,10/24/2025
957,Agretha,Abbate,aabbateqk@columbia.edu,Female,1990,Ford,Thunderbird,North Las Vegas,Nevada,89036,US,35.9279,-114.9721,84594,Douglas Group,01/23/2023
958,Raddie,Eagger,reaggerql@friendfeed.com,Male,2001,Volkswagen,New Beetle,Colorado Springs,Colorado,80940,US,38.8247,-104.562,95080,Larkin LLC,01/25/2023
959,Michelle,Brosi,mbrosiqm@squidoo.com,Female,1987,Pontiac,Firebird,Honolulu,Hawaii,96820,US,21.351,-157.8795,31575,Kuvalis Inc,08/07/2024
960,Stearne,Harlick,sharlickqn@patch.com,Male,2002,Isuzu,Trooper,Carol Stream,Illinois,60158,US,41.9166,-88.1208,60105,"Rosenbaum, Green and Mertz",01/04/2024
961,Elvyn,Waylett,ewaylettqo@scientificamerican.com,Male,2005,Volvo,V70,Portland,Oregon,97271,US,45.5806,-122.3748,54771,Walsh Inc,10/19/2024
962,Lanni,Greiswood,lgreiswoodqp@loc.gov,Female,2006,GMC,Sierra 1500,Atlanta,Georgia,31165,US,33.7629,-84.4226,63820,Deckow-Marvin,06/15/2025
963,Conn,Bridat,cbridatqq@abc.net.au,Male,1985,Audi,4000s,Harrisburg,Pennsylvania,17105,US,40.2785,-76.8752,43304,Ortiz-Hirthe,12/19/2025
964,Fraze,Tingcomb,ftingcombqr@infoseek.co.jp,Male,2012,Acura,MDX,Mountain View,California,94042,US,37.1894,-121.7053,96103,"Dicki, Stiedemann and Jerde",01/07/2023
965,Susette,Inseal,sinsealqs@mit.edu,Genderfluid,2007,Kia,Rondo,Detroit,Michigan,48242,US,42.2166,-83.3532,61572,"Auer, Stamm and Fadel",02/29/2024
966,Sanders,Reder,srederqt@nymag.com,Male,2008,GMC,Sierra,Toledo,Ohio,43699,US,41.6538,-83.6589,65405,Nicolas-Ritchie,12/30/2022
967,Milzie,Jewes,mjewesqu@va.gov,Female,2005,Toyota,Sequoia,Portland,Oregon,97232,US,45.5287,-122.6363,92122,King-Marvin,02/04/2023
968,Octavia,Gemlett,ogemlettqv@cocolog-nifty.com,Female,1996,Cadillac,Seville,Miami,Florida,33158,US,25.6364,-80.3187,45275,Prohaska Inc,07/08/2023
969,Edy,Caroll,ecarollqw@abc.net.au,Female,1988,Mitsubishi,Truck,Tampa,Florida,33647,US,28.1147,-82.3678,36099,Lynch Inc,01/09/2023
970,Tammie,Pavy,tpavyqx@mozilla.com,Male,1987,Subaru,XT,Johnson City,Tennessee,37605,US,36.3158,-82.3838,36114,Roberts LLC,01/24/2023
971,Timmy,Dugget,tduggetqy@about.com,Male,1993,Isuzu,Amigo,Corpus Christi,Texas,78470,US,27.777,-97.4632,41893,"Rau, Wolff and Kub",03/27/2024
972,Micheal,Laimable,mlaimableqz@kickstarter.com,Male,2007,Pontiac,Grand Prix,Clearwater,Florida,34620,US,27.9139,-82.7157,61114,"Lindgren, Johnson and Harris",01/24/2026
973,Wendeline,Carah,wcarahr0@dailymail.co.uk,Genderqueer,2008,Ford,Explorer,Rockford,Illinois,61110,US,42.3254,-89.1705,82906,Corkery Inc,05/01/2022
974,Ogdon,Clampe,oclamper1@youku.com,Male,1994,Chevrolet,Suburban 2500,Bradenton,Florida,34282,US,27.4272,-82.4387,74012,Dare Inc,03/13/2025
975,Rurik,Bools,rboolsr2@t.co,Male,2000,Volkswagen,Golf,Jackson,Mississippi,39216,US,32.3386,-90.1708,59139,Metz-Christiansen,03/24/2023
976,Vick,Edmondson,vedmondsonr3@youtu.be,Male,2009,BMW,6 Series,Evansville,Indiana,47725,US,38.1071,-87.5256,84173,Jacobs-Wisozk,11/20/2025
977,Drake,Mc Trusty,dmctrustyr4@deliciousdays.com,Genderfluid,1988,Honda,Accord,Pittsburgh,Pennsylvania,15205,US,40.4322,-80.1021,40001,"Ullrich, Howe and Padberg",10/01/2023
978,Craggy,Vedntyev,cvedntyevr5@utexas.edu,Male,2012,Honda,Odyssey,Saint Petersburg,Florida,33715,US,27.6705,-82.7119,69991,Schuppe and Sons,03/05/2024
979,Alanson,Shearn,ashearnr6@parallels.com,Male,1998,Nissan,Sentra,Troy,Michigan,48098,US,42.5991,-83.1789,49938,"Schroeder, Muller and Harris",10/21/2025
980,Karyn,Shooter,kshooterr7@pcworld.com,Female,2011,GMC,Sierra 3500,Norfolk,Virginia,23514,US,36.9312,-76.2397,47940,Bayer-Cronin,07/01/2025
981,Duncan,Songust,dsongustr8@jugem.jp,Male,1984,Mitsubishi,Tredia,Inglewood,California,90310,US,33.7866,-118.2987,90540,Wunsch and Sons,06/27/2024
982,Paloma,Wolstenholme,pwolstenholmer9@symantec.com,Female,2003,Mazda,MPV,Rockford,Illinois,61105,US,42.3254,-89.1705,61724,Homenick-Hintz,03/09/2022
983,Constantia,Scothern,cscothernra@prnewswire.com,Female,2004,Hummer,H1,Saginaw,Michigan,48604,US,43.4732,-83.9514,98555,Wisozk Group,03/14/2025
984,Kellen,Sandercroft,ksandercroftrb@linkedin.com,Male,2012,Tesla,Roadster,Spokane,Washington,99220,US,47.6536,-117.4317,90163,Tremblay-Jakubowski,11/24/2023
985,Binky,Ramalhete,bramalheterc@cafepress.com,Male,1998,GMC,Safari,Phoenix,Arizona,85072,US,33.2765,-112.1872,76652,"Upton, Morissette and Rice",12/01/2022
986,Amabel,Sayle,asaylerd@lycos.com,Female,2007,Honda,S2000,Charlottesville,Virginia,22908,US,38.0401,-78.4851,38673,"Effertz, Hamill and Wisozk",07/13/2025
987,Don,Spaxman,dspaxmanre@state.tx.us,Male,1996,Infiniti,J,Flint,Michigan,48505,US,43.0634,-83.7001,91156,Koss Group,01/19/2024
988,Addy,Revening,areveningrf@marriott.com,Female,1993,Chevrolet,APV,Las Vegas,Nevada,89145,US,36.1693,-115.2828,67975,Block-Kuhic,09/20/2025
989,Layney,Sinnatt,lsinnattrg@over-blog.com,Female,2013,BMW,X6 M,El Paso,Texas,79950,US,31.6948,-106.3,39713,Quigley Group,12/02/2025
990,Fern,Lindenboim,flindenboimrh@webeden.co.uk,Female,2013,Hyundai,Sonata,Sioux Falls,South Dakota,57105,US,43.524,-96.7341,44656,Sanford LLC,01/18/2026
991,Jareb,Yearne,jyearneri@mozilla.org,Male,1992,Mercury,Sable,San Antonio,Texas,78255,US,29.6701,-98.6873,60906,Kilback-Nicolas,04/17/2022
992,Winston,Goomes,wgoomesrj@buzzfeed.com,Male,2010,Ferrari,599 GTB Fiorano,Inglewood,California,90305,US,33.9583,-118.3258,35099,Hills-Stracke,12/05/2024
993,Des,Souttar,dsouttarrk@constantcontact.com,Male,2005,Chrysler,Town & Country,Long Beach,California,90805,US,33.8635,-118.1801,64757,Crooks-Beahan,03/13/2025
994,Angelita,Sumnall,asumnallrl@psu.edu,Female,1998,Mercedes-Benz,E-Class,San Diego,California,92165,US,33.0169,-116.846,87466,"Greenfelder, Toy and Stark",06/21/2023
995,Stevena,Begwell,sbegwellrm@yelp.com,Female,1995,BMW,3 Series,Mobile,Alabama,36628,US,30.6589,-88.178,53133,Berge-Kassulke,02/05/2023
996,Henri,Moreton,hmoretonrn@example.com,Male,1999,Volkswagen,New Beetle,Muskegon,Michigan,49444,US,43.1791,-86.1989,67536,Pouros LLC,06/27/2022
997,Johnna,Gandy,jgandyro@irs.gov,Female,1986,Land Rover,Range Rover,Jackson,Mississippi,39296,US,32.3113,-90.3972,59612,Harvey-Smith,09/01/2024
998,Ezequiel,Hethron,ehethronrp@cornell.edu,Genderqueer,2001,Suzuki,Grand Vitara,Aurora,Illinois,60505,US,41.7582,-88.2971,62760,"Nicolas, Dach and Veum",01/17/2023
999,Giffer,Thynn,gthynnrq@discovery.com,Male,2006,Mazda,B-Series,Las Vegas,Nevada,89105,US,36.086,-115.1471,54197,"Barrows, Dietrich and Walker",03/27/2023
1000,Armand,Minor,aminorrr@elegantthemes.com,Male,2008,Lincoln,Mark LT,Portsmouth,Virginia,23705,US,36.8686,-76.3552,65381,"Conroy, Beahan and Lynch",09/09/2022
