id,firstName,lastName,email,gender,carYear,automobileMake,automobileModel,customerRegion,customerState,customerPostal,customerCountry_ISO2,customerRegionLatitude,ownerRegionLongitude,automobilePrice,customer,purchaseDate
1,Alva,Birtle,abirtle0@arstechnica.com,Male,2003,Chrysler,300M,Des Moines,Iowa,50320,US,41.5487,-93.5827,96517,Beahan and Sons,01/26/2026
2,Gordie,Burkinshaw,gburkinshaw1@posterous.com,Polygender,1996,Mitsubishi,GTO,Philadelphia,Pennsylvania,19196,US,40.0018,-75.1179,65402,Herman Group,04/27/2024
3,Karim,Yedy,kyedy2@sogou.com,Male,1998,Toyota,Tercel,Fairbanks,Alaska,99709,US,64.8544,-147.8469,71645,Frami Group,09/22/2022
4,Ashli,Stollberg,astollberg3@rambler.ru,Female,2002,Toyota,Camry,Mobile,Alabama,36622,US,30.6589,-88.178,95520,Daniel-Kutch,05/21/2022
5,Eugenio,Elizabeth,eelizabeth4@ameblo.jp,Male,2003,Honda,Civic GX,Baton Rouge,Louisiana,70883,US,30.5159,-91.0804,53712,Deckow-Kilback,03/16/2025
6,Marci,Rockey,mrockey5@ovh.net,Female,2008,Mercedes-Benz,S-Class,Fargo,North Dakota,58122,US,46.9346,-97.2297,45601,"MacGyver, Lemke and Harris",05/07/2023
7,Ruthe,Forseith,rforseith6@dropbox.com,Non-binary,1984,Chevrolet,Corvette,Dallas,Texas,75323,US,32.7673,-96.7776,40503,"Swift, Shanahan and McGlynn",02/10/2025
8,Kipper,Basili,kbasili7@patch.com,Male,2012,Chevrolet,Express,Aurora,Colorado,80015,US,39.6255,-104.7874,75229,"Donnelly, Effertz and Beier",11/19/2022
9,Josephina,Bradnum,jbradnum8@si.edu,Female,1987,Ford,Bronco II,New York City,New York,10045,US,40.7086,-74.0087,51168,"Kunde, Koelpin and Anderson",11/12/2024
10,Felisha,Noen,fnoen9@ebay.com,Female,2012,Mazda,CX-9,Terre Haute,Indiana,47812,US,39.4336,-87.4101,59046,Hamill-Jenkins,07/28/2023
11,Norri,Waison,nwaisona@ask.com,Female,2009,Mercury,Mariner,Des Moines,Iowa,50305,US,41.6727,-93.5722,55844,"Satterfield, Robel and Spinka",04/08/2023
12,Anica,Fullom,afullomb@jalbum.net,Female,2012,BMW,3 Series,Duluth,Georgia,30195,US,34.0047,-84.1532,62872,Daniel LLC,09/11/2023
13,Wilmer,Reyne,wreynec@opensource.org,Male,2008,Chevrolet,Impala,Las Vegas,Nevada,89160,US,35.9279,-114.9721,72777,Prosacco-Kuhic,03/08/2025
14,Indira,Geerling,igeerlingd@comcast.net,Female,1989,Saab,9000,Bradenton,Florida,34205,US,27.4841,-82.5834,57163,Kuhn-Marquardt,11/26/2023
15,Inness,Maudlin,imaudline@forbes.com,Agender,2007,Ford,E150,Harrisburg,Pennsylvania,17140,US,40.3086,-76.8464,48292,Heidenreich-Padberg,06/19/2023
16,Marlee,Cullrford,mcullrfordf@github.io,Bigender,2008,Lincoln,Navigator,Prescott,Arizona,86305,US,34.8185,-112.9584,62659,"Wiegand, Davis and Brekke",04/20/2022
17,Nedda,Braybrooks,nbraybrooksg@moonfruit.com,Female,2005,Maserati,GranSport,Washington,District of Columbia,20210,US,38.8933,-77.0146,95623,Hegmann Group,11/04/2023
18,Selene,Chicchelli,schicchellih@xinhuanet.com,Female,1995,Acura,TL,Jacksonville,Florida,32209,US,30.3584,-81.692,51233,Abshire Group,07/31/2025
19,Moishe,Antoniutti,mantoniuttii@digg.com,Non-binary,2007,Ford,F-Series,Tampa,Florida,33610,US,27.9951,-82.4046,71047,"Senger, Fritsch and McGlynn",11/17/2025
20,Mariya,MacPaden,mmacpadenj@parallels.com,Female,2002,Isuzu,Axiom,Houston,Texas,77025,US,29.6889,-95.4341,45598,Boyer-Simonis,11/08/2025
21,Brod,Galloway,bgallowayk@nbcnews.com,Male,2006,BMW,750,Cleveland,Ohio,44118,US,41.5008,-81.5516,30363,"Mante, Bruen and O'Hara",12/13/2023
22,Beverlie,McCluin,bmccluinl@google.com.hk,Female,2009,Pontiac,G3,Moreno Valley,California,92555,US,33.9377,-117.1851,42105,"Kuvalis, Kunde and McCullough",07/27/2022
23,Darcy,Whild,dwhildm@dedecms.com,Female,1998,Hyundai,Sonata,Bonita Springs,Florida,34135,US,26.3771,-81.7334,52483,"Beatty, Becker and Crooks",02/05/2025
24,Killy,Deetlof,kdeetlofn@hhs.gov,Male,2002,Nissan,Pathfinder,Grand Rapids,Michigan,49518,US,43.0314,-85.5503,79749,"Glover, Dare and Torp",05/21/2024
25,Meredith,Karlolczak,mkarlolczako@imdb.com,Female,1992,Isuzu,Impulse,Ridgely,Maryland,21684,US,38.8893,-75.8612,48036,Green Inc,01/21/2024
26,Marlene,Pantry,mpantryp@discuz.net,Female,1998,Dodge,Grand Caravan,Pittsburgh,Pennsylvania,15279,US,40.4344,-80.0248,33094,Little Inc,09/16/2024
27,Michail,Balasin,mbalasinq@ebay.co.uk,Male,1995,Eagle,Summit,Pomona,California,91797,US,33.7866,-118.2987,60733,Jakubowski-Rippin,12/17/2024
28,Patrizio,Saket,psaketr@adobe.com,Male,2010,Dodge,Challenger,Shawnee Mission,Kansas,66205,US,39.0312,-94.6308,95830,"Tillman, Medhurst and Nicolas",08/11/2022
29,Maxine,Brecken,mbreckens@nydailynews.com,Female,2011,Honda,Element,Nashville,Tennessee,37250,US,36.1866,-86.7852,44236,Hoppe LLC,04/09/2023
30,Mord,Lobe,mlobet@sciencedirect.com,Male,1997,Chevrolet,1500,Charleston,South Carolina,29424,US,32.7831,-79.937,94341,Moen LLC,07/31/2024
31,Seana,Weatherell,sweatherellu@phpbb.com,Female,1994,Mazda,MX-3,Kansas City,Missouri,64114,US,38.9621,-94.5959,52514,"O'Reilly, Macejkovic and Metz",12/06/2022
32,Karney,Verlinden,kverlindenv@house.gov,Genderfluid,2010,Ford,Focus,Salt Lake City,Utah,84170,US,40.6681,-111.9083,47012,Emmerich LLC,01/21/2025
33,Kristo,Antonikov,kantonikovw@cornell.edu,Male,2003,BMW,7 Series,Richmond,Virginia,23203,US,37.5593,-77.4471,58780,Swaniawski Group,06/29/2025
34,Dayle,Eddisford,deddisfordx@walmart.com,Female,1991,Mazda,929,Saint Petersburg,Florida,33742,US,27.8918,-82.7248,66434,Hauck Group,11/19/2025
35,Leone,Beese,lbeesey@infoseek.co.jp,Female,2002,Chevrolet,Avalanche,Philadelphia,Pennsylvania,19184,US,40.0018,-75.1179,56160,"Pouros, Ritchie and Bradtke",06/29/2025
36,Silvain,Chastand,schastandz@mapquest.com,Polygender,1993,Hummer,H1,Warren,Ohio,44485,US,41.2405,-80.8441,63225,Tremblay-Cummings,08/12/2024
37,Nicki,Benns,nbenns10@ox.ac.uk,Female,2000,Toyota,4Runner,Johnson City,Tennessee,37605,US,36.3158,-82.3838,52847,Littel Inc,10/20/2022
38,Carlee,Ochterlonie,cochterlonie11@so-net.ne.jp,Female,1997,GMC,3500 Club Coupe,Waco,Texas,76711,US,31.5175,-97.1547,70979,"O'Reilly, Herman and Murazik",10/02/2025
39,Lyndsey,Lerohan,llerohan12@businesswire.com,Female,2007,Volkswagen,GTI,Raleigh,North Carolina,27621,US,35.7977,-78.6253,55846,Jacobs and Sons,11/25/2024
40,Cathrin,Eble,ceble13@ca.gov,Female,2009,Porsche,Boxster,Newark,Delaware,19714,US,39.5645,-75.597,76029,"D'Amore, Herman and Ruecker",07/28/2023
41,Brig,Dagwell,bdagwell14@icio.us,Male,1994,Porsche,968,Redwood City,California,94064,US,37.3811,-122.3348,74044,Pfannerstill Group,08/09/2023
42,Margaret,Wilstead,mwilstead15@huffingtonpost.com,Female,2005,Mercedes-Benz,SL-Class,Washington,District of Columbia,20231,US,38.8933,-77.0146,39208,Leuschke and Sons,10/05/2024
43,Jeramie,Colliver,jcolliver16@unc.edu,Male,2010,Hyundai,Elantra,Pittsburgh,Pennsylvania,15235,US,40.4598,-79.8224,73852,"McGlynn, Jaskolski and Ward",11/21/2022
44,Dorene,Slocket,dslocket17@posterous.com,Female,1989,Buick,Reatta,Atlanta,Georgia,31190,US,33.7629,-84.4226,77260,Kuvalis and Sons,08/18/2023
45,Mirabella,Rubinowitz,mrubinowitz18@discovery.com,Female,1996,Ford,F250,Oklahoma City,Oklahoma,73119,US,35.421,-97.5616,65873,"Dach, Mante and McKenzie",07/02/2025
46,Mame,Spaunton,mspaunton19@japanpost.jp,Female,1990,Buick,LeSabre,San Jose,California,95150,US,37.3866,-121.897,84271,Schiller-Leffler,03/27/2023
47,Edita,Swinbourne,eswinbourne1a@gnu.org,Female,2004,Mercedes-Benz,G-Class,Miami Beach,Florida,33141,US,25.8486,-80.1446,52082,"Mertz, Dare and Koch",10/06/2023
48,Roselia,Chiommienti,rchiommienti1b@foxnews.com,Female,1992,Buick,Riviera,Colorado Springs,Colorado,80920,US,38.9497,-104.767,39409,"Howell, Lowe and Hodkiewicz",06/20/2024
49,Heinrick,Ridel,hridel1c@canalblog.com,Male,1989,Ford,Mustang,Springfield,Massachusetts,01105,US,42.0999,-72.5783,77472,"Pouros, Walker and Beahan",03/09/2025
50,Philipa,Matasov,pmatasov1d@diigo.com,Female,2000,Jeep,Grand Cherokee,Austin,Texas,78749,US,30.2166,-97.8508,87401,"Carroll, Senger and Weber",01/20/2024
51,Idell,Venard,ivenard1e@cisco.com,Non-binary,2006,Jeep,Liberty,Beaverton,Oregon,97075,US,45.5486,-123.1147,43948,Feil Inc,11/02/2024
52,Yolane,Casaroli,ycasaroli1f@springer.com,Female,2012,Infiniti,G25,Cleveland,Ohio,44191,US,41.6857,-81.6728,94114,Gutmann-Daniel,04/26/2024
53,Abbie,MacCurlye,amaccurlye1g@nps.gov,Male,2004,Buick,Rainier,Charlotte,North Carolina,28225,US,35.26,-80.8042,98568,"Hessel, Lind and Fay",09/26/2025
54,Nathanial,Gorling,ngorling1h@sohu.com,Male,2008,Ford,E150,Tampa,Florida,33694,US,27.872,-82.4388,73831,Russel-Jerde,10/13/2022
55,Ailey,Perago,aperago1i@theglobeandmail.com,Female,2002,Buick,Park Avenue,Norfolk,Virginia,23509,US,36.8787,-76.2604,80966,Simonis Inc,05/22/2025
56,Cherida,Fidelus,cfidelus1j@gravatar.com,Female,2006,Chevrolet,Tahoe,Fresno,California,93721,US,36.7377,-119.7843,87517,Olson Inc,03/07/2024
57,Magdalen,Staunton,mstaunton1k@multiply.com,Female,1994,Suzuki,Samurai,Charlotte,North Carolina,28215,US,35.244,-80.7387,38493,"Yundt, Anderson and Schultz",07/03/2025
58,Kathye,Littrell,klittrell1l@marketwatch.com,Female,2000,GMC,Savana 1500,Seattle,Washington,98175,US,47.7161,-122.3004,36230,"Lindgren, Lehner and Crist",03/15/2025
59,Denis,Probin,dprobin1m@sogou.com,Male,1995,Dodge,Viper,Mobile,Alabama,36670,US,30.6589,-88.178,70520,Waelchi and Sons,10/15/2025
60,Cherie,Lathaye,clathaye1n@sciencedaily.com,Genderqueer,2003,Audi,RS6,Fort Wayne,Indiana,46857,US,41.0938,-85.0707,67889,"Will, Jakubowski and Crist",12/11/2022
61,Wyndham,Hancock,whancock1o@webnode.com,Male,2008,Volkswagen,Jetta,Trenton,New Jersey,08695,US,40.2805,-74.712,90151,Von-Yundt,11/02/2022
62,Erica,Calfe,ecalfe1p@wufoo.com,Female,1986,Mercury,Capri,Pueblo,Colorado,81005,US,38.2352,-104.66,50831,Kautzer Group,01/14/2024
63,Bryant,Fourcade,bfourcade1q@senate.gov,Male,1997,Chevrolet,2500,Orange,California,92862,US,33.7915,-117.714,77156,Turner-Brakus,07/18/2022
64,Any,Menghi,amenghi1r@wunderground.com,Genderqueer,1984,Pontiac,Firefly,Indianapolis,Indiana,46221,US,39.7509,-86.1924,32191,Parker and Sons,04/05/2024
65,Devondra,Jarlmann,djarlmann1s@japanpost.jp,Female,2009,Mercedes-Benz,SLR McLaren,Danbury,Connecticut,06816,US,41.3089,-73.3637,39151,Johns and Sons,08/02/2022
66,Oralla,Cristofanini,ocristofanini1t@umn.edu,Female,1996,BMW,3 Series,Sacramento,California,94237,US,38.3774,-121.4444,38202,"Lowe, Rodriguez and Ritchie",12/12/2023
67,Giuditta,Gudahy,ggudahy1u@ed.gov,Female,2009,Lexus,GS,Simi Valley,California,93094,US,34.0324,-119.1343,35446,"Dickens, Little and Blick",10/17/2024
68,Erina,Wheatley,ewheatley1v@hc360.com,Female,2009,Land Rover,Range Rover,Birmingham,Alabama,35295,US,33.5446,-86.9292,53392,Lubowitz-Schiller,03/12/2024
69,Lawrence,Kermannes,lkermannes1w@usgs.gov,Male,1993,Chevrolet,2500,Pittsburgh,Pennsylvania,15210,US,40.4072,-79.9839,55468,Batz-Ruecker,06/22/2025
70,Moria,Kingzet,mkingzet1x@mysql.com,Female,2005,Ford,Five Hundred,Lubbock,Texas,79415,US,33.6021,-101.876,92934,Davis LLC,07/20/2024
71,Andrea,Vaggers,avaggers1y@accuweather.com,Female,2002,Dodge,Ram Van 2500,Palmdale,California,93591,US,34.6019,-117.8123,80927,"Corwin, Schmeler and Schoen",06/24/2025
72,Fairfax,Begent,fbegent1z@youtube.com,Male,2001,Toyota,Tundra,Olympia,Washington,98516,US,47.1126,-122.7794,87746,Spencer LLC,12/24/2023
73,Kerry,Rubinov,krubinov20@hhs.gov,Male,1997,Mazda,B-Series Plus,Boynton Beach,Florida,33436,US,26.5354,-80.1124,58650,"Hermiston, Aufderhar and Emmerich",03/15/2023
74,Forrest,Mulhall,fmulhall21@dropbox.com,Male,1995,Jeep,Grand Cherokee,Boise,Idaho,83732,US,43.4599,-116.244,32130,Bergstrom-Rau,09/21/2023
75,Garrott,Napthine,gnapthine22@pagesperso-orange.fr,Male,2009,Cadillac,DTS,Minneapolis,Minnesota,55470,US,45.0159,-93.4719,32341,"Watsica, Goodwin and Durgan",04/06/2025
76,Hermie,Eyckelberg,heyckelberg23@wisc.edu,Agender,2002,Jaguar,XJ Series,Vancouver,Washington,98687,US,45.8016,-122.5203,30553,Mitchell and Sons,12/10/2023
77,Emmye,Willingham,ewillingham24@studiopress.com,Female,2011,GMC,Savana 2500,Seattle,Washington,98140,US,47.4323,-121.8034,80914,Gusikowski-Bergstrom,10/23/2022
78,Kienan,Stanbrooke,kstanbrooke25@virginia.edu,Non-binary,2011,Toyota,FJ Cruiser,Warren,Ohio,44485,US,41.2405,-80.8441,68398,Robel-Mosciski,10/16/2024
79,Willy,Morphet,wmorphet26@dailymotion.com,Male,2011,Ford,Taurus,Erie,Pennsylvania,16534,US,42.1827,-80.0649,80162,"Schroeder, Gerhold and Schmitt",10/13/2022
80,Morry,Christofe,mchristofe27@discuz.net,Male,1998,Pontiac,Firebird,Shreveport,Louisiana,71130,US,32.6076,-93.7526,56898,Zboncak Group,02/17/2023
81,Even,Geake,egeake28@sfgate.com,Male,2007,Chevrolet,Express 1500,Shreveport,Louisiana,71137,US,32.6076,-93.7526,81126,"Gutmann, Rolfson and Pfeffer",07/31/2023
82,Ludovika,Besse,lbesse29@google.pl,Genderqueer,2011,Volvo,XC60,Denver,Colorado,80299,US,39.7388,-104.4083,91798,Glover LLC,01/07/2024
83,Amii,July,ajuly2a@economist.com,Female,2005,Audi,Allroad,Omaha,Nebraska,68110,US,41.2933,-95.9361,34276,Harris and Sons,06/20/2022
84,Jenelle,Spedding,jspedding2b@comsenz.com,Female,1997,Buick,Skylark,Montgomery,Alabama,36119,US,32.2334,-86.2085,97541,Howell LLC,12/03/2025
85,Glory,Benn,gbenn2c@ezinearticles.com,Female,2004,Hyundai,Elantra,Homestead,Florida,33034,US,25.2846,-80.6246,47496,Luettgen and Sons,12/06/2022
86,Harbert,Mulcahy,hmulcahy2d@xing.com,Male,2008,Lotus,Elise,Charlottesville,Virginia,22903,US,38.0339,-78.4924,36799,"Cronin, Sipes and Kshlerin",12/06/2022
87,Ronnie,Malim,rmalim2e@tuttocitta.it,Genderqueer,1998,Chevrolet,Cavalier,Philadelphia,Pennsylvania,19104,US,39.9597,-75.2024,97895,Ebert Inc,06/15/2025
88,Wenda,Speedy,wspeedy2f@oaic.gov.au,Female,2009,Cadillac,STS-V,Chicago,Illinois,60652,US,41.7454,-87.7135,75211,Frami-Glover,01/11/2024
89,Mathew,Vlasyev,mvlasyev2g@foxnews.com,Male,1995,Chevrolet,Corsica,Albuquerque,New Mexico,87190,US,35.0443,-106.6729,43999,Stracke and Sons,12/25/2022
90,Oralle,Wipper,owipper2h@opera.com,Female,2004,Land Rover,Range Rover,Atlanta,Georgia,30301,US,33.8444,-84.474,51581,Marks-Runte,03/18/2022
91,Garrek,Van Hault,gvanhault2i@ning.com,Male,2008,Maybach,57,Washington,District of Columbia,20520,US,38.8932,-77.049,98248,"Cole, Langworth and Goldner",03/16/2024
92,Carleen,Garlicke,cgarlicke2j@miitbeian.gov.cn,Female,2010,Lexus,RX,Louisville,Kentucky,40220,US,38.2149,-85.6245,30302,"Aufderhar, Jast and Pfeffer",09/19/2023
93,Valentin,Weinham,vweinham2k@vk.com,Male,2007,Kia,Sportage,Chicago,Illinois,60624,US,41.8804,-87.7223,52210,Schmidt-Daniel,01/07/2024
94,Tomkin,Gittis,tgittis2l@godaddy.com,Male,1994,Nissan,Sentra,New York City,New York,10115,US,40.8111,-73.9642,44221,Padberg and Sons,05/25/2025
95,Dacy,Domerc,ddomerc2m@list-manage.com,Female,2008,Infiniti,G35,New Orleans,Louisiana,70160,US,30.033,-89.8826,37966,"Satterfield, Ryan and Marvin",11/13/2024
96,Cedric,Howsam,chowsam2n@booking.com,Male,2002,Lexus,RX,Omaha,Nebraska,68197,US,41.249,-96.0274,51431,Kling-Torp,04/04/2025
97,Leanora,Dugdale,ldugdale2o@pinterest.com,Female,1994,Dodge,Dakota Club,Atlanta,Georgia,30316,US,33.7217,-84.3339,54106,Rohan-Goodwin,06/17/2025
98,Boothe,Pigram,bpigram2p@netvibes.com,Polygender,1994,GMC,Suburban 2500,Savannah,Georgia,31410,US,32.0175,-80.997,51129,McCullough and Sons,10/27/2024
99,Blakeley,McInnerny,bmcinnerny2q@yellowpages.com,Female,1993,Dodge,Intrepid,Santa Ana,California,92725,US,33.7465,-117.8662,90316,Maggio Inc,06/22/2024
100,Giustino,Clell,gclell2r@umn.edu,Male,2001,Mazda,Millenia,Denver,Colorado,80291,US,39.7439,-104.9876,53363,Feeney Group,04/26/2023
101,Margaretha,Pudge,mpudge2s@comsenz.com,Female,2004,Land Rover,Range Rover,Jacksonville,Florida,32244,US,30.2231,-81.7556,60155,"Heller, Rosenbaum and Beier",04/02/2022
102,Gabi,Slator,gslator2t@craigslist.org,Agender,2010,Ford,Focus,Oklahoma City,Oklahoma,73104,US,35.4794,-97.5017,65901,Franecki-O'Conner,01/09/2024
103,Thebault,Burfield,tburfield2u@hud.gov,Male,1992,Dodge,Ram Van B350,Los Angeles,California,90094,US,33.9754,-118.417,81608,Gislason Inc,04/06/2023
104,Nancie,Assaf,nassaf2v@psu.edu,Female,2006,Maserati,Quattroporte,Philadelphia,Pennsylvania,19093,US,40.0018,-75.1179,41079,"Glover, Fritsch and Schuppe",12/18/2024
105,Brynne,Lemmon,blemmon2w@earthlink.net,Female,1998,Hummer,H1,Charlotte,North Carolina,28284,US,35.26,-80.8042,32320,Schuppe-Quitzon,06/09/2023
106,Brien,Corbin,bcorbin2x@goodreads.com,Male,1992,Lexus,ES,Pasadena,California,91125,US,33.7866,-118.2987,80731,"Hagenes, Bergstrom and D'Amore",07/03/2022
107,Penny,Timmis,ptimmis2y@smugmug.com,Female,2005,Ford,E150,Dallas,Texas,75226,US,32.7887,-96.7676,72088,Kohler-McLaughlin,10/08/2024
108,Guss,Weyland,gweyland2z@spotify.com,Bigender,2003,Hyundai,Elantra,Rockville,Maryland,20851,US,39.0763,-77.1234,44590,"Greenfelder, O'Conner and Crooks",08/28/2024
109,Mace,Coniam,mconiam30@vkontakte.ru,Male,2001,BMW,M5,El Paso,Texas,79934,US,31.9386,-106.4073,77801,Turcotte Inc,02/22/2025
110,Lucinda,Mullaly,lmullaly31@bing.com,Female,1995,Mazda,B-Series Plus,Brooksville,Florida,34605,US,28.5059,-82.4226,40979,"Schiller, Collins and Pollich",06/05/2025
111,Gothart,Chainey,gchainey32@pagesperso-orange.fr,Male,2010,Volkswagen,Golf,Chicago,Illinois,60604,US,41.8784,-87.633,93744,Wolff-Anderson,03/30/2023
112,Rubi,Farrent,rfarrent33@forbes.com,Female,1993,Mercedes-Benz,S-Class,Greeley,Colorado,80638,US,40.5009,-104.315,80487,"Schulist, Cummings and Lehner",05/21/2024
113,Matilda,Blayd,mblayd34@imageshack.us,Female,1995,Kia,Sportage,Saint Paul,Minnesota,55103,US,44.9608,-93.1216,53591,Rutherford-Metz,02/18/2023
114,Aime,Edelmann,aedelmann35@youtube.com,Female,2009,Honda,Accord,New York City,New York,10034,US,40.8662,-73.9221,75096,"Schiller, Daniel and Raynor",10/06/2022
115,Ester,Storton,estorton36@toplist.cz,Female,1994,Chevrolet,3500,Buffalo,New York,14210,US,42.8614,-78.8206,81958,"Witting, Abernathy and Mitchell",12/08/2023
116,Sammie,Grieveson,sgrieveson37@zdnet.com,Male,1996,Ford,Probe,Richmond,California,94807,US,37.7772,-121.9554,55401,"Johns, Runolfsson and Krajcik",08/09/2023
117,Tristan,O'Tierney,totierney38@g.co,Male,2008,Lamborghini,Reventón,Seattle,Washington,98158,US,47.4497,-122.3076,83895,Schuppe Group,03/09/2022
118,Grantham,Matthewson,gmatthewson39@webmd.com,Male,2004,Mazda,B-Series,Evansville,Indiana,47719,US,37.9971,-87.575,78383,Graham-Streich,07/11/2024
119,Allen,Frow,afrow3a@phoca.cz,Male,1979,Nissan,280ZX,Kansas City,Missouri,64142,US,39.035,-94.3567,54747,"Turner, Wiza and Torphy",05/17/2025
120,Benedetta,Moggie,bmoggie3b@ox.ac.uk,Female,1998,Chevrolet,1500,Canton,Ohio,44705,US,40.8259,-81.3399,96136,Larson-Hagenes,07/22/2024
121,Vidovik,Campion,vcampion3c@livejournal.com,Male,2001,Nissan,Xterra,Louisville,Kentucky,40287,US,38.189,-85.6768,51757,"Kuhic, Vandervort and Lang",06/21/2024
122,Ilyssa,Callis,icallis3d@comsenz.com,Female,1985,Ford,Mustang,Jackson,Mississippi,39204,US,32.2832,-90.2306,38273,Stark-Windler,07/20/2022
123,Guenna,Colgan,gcolgan3e@angelfire.com,Female,2009,Dodge,Caliber,Peoria,Illinois,61656,US,40.7442,-89.7184,59439,Lind Inc,08/23/2025
124,Talbert,Caldaro,tcaldaro3f@goo.ne.jp,Male,2012,BMW,5 Series,Buffalo,New York,14276,US,42.7684,-78.8871,80418,Yost Inc,01/06/2026
125,Sargent,McCreagh,smccreagh3g@rakuten.co.jp,Male,2006,Chrysler,Crossfire Roadster,Saint Louis,Missouri,63169,US,38.6531,-90.2435,51871,"Abernathy, Strosin and Carroll",10/10/2024
126,Corilla,Caldairou,ccaldairou3h@eventbrite.com,Female,2007,Panoz,Esperante,Savannah,Georgia,31416,US,32.0053,-81.0477,31193,Corkery Group,09/13/2024
127,Lillian,Northam,lnortham3i@1und1.de,Female,2002,BMW,M3,Scranton,Pennsylvania,18505,US,41.3914,-75.6657,37325,Marvin Group,02/25/2023
128,Katina,Jent,kjent3j@taobao.com,Female,2001,Chevrolet,Silverado 2500,San Bernardino,California,92415,US,34.84,-115.9671,68262,"King, McLaughlin and Morissette",06/07/2024
129,Demetra,Concannon,dconcannon3k@howstuffworks.com,Female,1998,Jaguar,XK Series,South Lake Tahoe,California,96154,US,38.8753,-120.0188,64373,"Kutch, Davis and O'Keefe",01/31/2025
130,Abigail,Ellershaw,aellershaw3l@wufoo.com,Female,2010,Honda,Civic,Wilmington,North Carolina,28410,US,34.0881,-77.8526,63149,"Buckridge, Miller and McCullough",12/10/2025
131,Shanta,Filinkov,sfilinkov3m@gravatar.com,Female,2003,Infiniti,FX,Oakland,California,94627,US,37.6802,-121.9215,94948,Toy-Stiedemann,08/22/2024
132,Etta,Choak,echoak3n@businesswire.com,Female,2009,Dodge,Ram 2500,Tucson,Arizona,85715,US,32.2519,-110.82,69261,Rempel LLC,10/18/2023
133,Dario,Busfield,dbusfield3o@disqus.com,Male,2008,Audi,S5,Toledo,Ohio,43635,US,41.6868,-83.4394,91680,"Douglas, Vandervort and Dach",10/29/2025
134,Hymie,Braunlein,hbraunlein3p@bravesites.com,Male,1977,Chevrolet,Camaro,Detroit,Michigan,48211,US,42.3809,-83.0409,53347,"Rippin, Reichert and Kutch",11/17/2023
135,Micky,Mattityahou,mmattityahou3q@tumblr.com,Female,1996,Cadillac,Fleetwood,Iowa City,Iowa,52245,US,41.6649,-91.5151,36833,Wiegand Inc,10/29/2023
136,Henry,Pughsley,hpughsley3r@amazon.de,Male,1998,Lincoln,Navigator,Panama City,Florida,32405,US,30.1949,-85.6727,99056,Auer-Greenfelder,04/30/2023
137,April,Ever,aever3s@live.com,Female,2009,Volkswagen,Touareg 2,Honolulu,Hawaii,96820,US,21.351,-157.8795,89266,"Sawayn, Schaden and Conn",05/01/2024
138,Godfry,Stribbling,gstribbling3t@godaddy.com,Genderfluid,1999,Subaru,Impreza,Evansville,Indiana,47705,US,37.9971,-87.575,79209,"Friesen, Hilll and West",08/05/2022
139,Fonz,Klink,fklink3u@census.gov,Male,2009,Lincoln,MKS,Richmond,Virginia,23213,US,37.5593,-77.4471,62575,"Lebsack, Purdy and Conn",07/02/2025
140,Spenser,Rotherforth,srotherforth3v@bbb.org,Non-binary,2004,Kia,Rio,San Francisco,California,94121,US,37.7786,-122.4892,93534,Gerlach-Tromp,01/22/2026
141,Boniface,MacDunlevy,bmacdunlevy3w@sogou.com,Male,1998,Toyota,Land Cruiser,Miami,Florida,33153,US,25.8655,-80.1936,79078,"Batz, Hackett and Spinka",01/27/2023
142,Fidole,Huortic,fhuortic3x@adobe.com,Male,1998,GMC,2500 Club Coupe,Charlotte,North Carolina,28256,US,35.26,-80.8042,35498,"Price, Kutch and Bahringer",07/31/2023
143,Carena,How,chow3y@360.cn,Bigender,2011,Scion,xB,Shawnee Mission,Kansas,66276,US,38.8999,-94.832,79391,Braun-Lebsack,07/02/2025
144,Malynda,Keppin,mkeppin3z@yellowbook.com,Female,2002,Volvo,S80,Raleigh,North Carolina,27658,US,35.7977,-78.6253,92558,Emard-Lang,08/26/2025
145,Padget,Baber,pbaber40@vistaprint.com,Male,2010,Porsche,Cayman,Las Vegas,Nevada,89160,US,35.9279,-114.9721,53146,Gleason-Christiansen,02/15/2025
146,Claudian,Tettersell,ctettersell41@house.gov,Male,1997,Saab,9000,Orlando,Florida,32859,US,28.4429,-81.4026,32703,Nader-Leuschke,09/28/2022
147,Andree,Buse,abuse42@github.io,Female,2012,Ford,Fusion,Macon,Georgia,31217,US,32.8118,-83.565,34909,Hoeger-Brekke,01/13/2024
148,Jemie,Rubke,jrubke43@accuweather.com,Female,2008,Chevrolet,Colorado,Panama City,Florida,32405,US,30.1949,-85.6727,81835,Beatty-Goyette,01/25/2023
149,Vanessa,Gasken,vgasken44@illinois.edu,Female,2007,Chrysler,Sebring,Alexandria,Louisiana,71307,US,31.2034,-92.5269,91308,"Johnston, Lowe and Sanford",01/02/2025
150,Catie,Dufty,cdufty45@freewebs.com,Female,1996,Mitsubishi,Expo LRV,Charleston,South Carolina,29416,US,32.8488,-79.8577,69271,Becker-Osinski,01/10/2023
151,Kerwin,Jordin,kjordin46@squarespace.com,Genderqueer,2008,Lexus,RX,Greensboro,North Carolina,27409,US,36.0777,-79.9086,89892,Wisoky and Sons,07/18/2022
152,Bennie,Thaxton,bthaxton47@ameblo.jp,Male,1995,Mercedes-Benz,S-Class,Salem,Oregon,97312,US,44.9364,-123.0381,86475,Stroman-Rodriguez,04/11/2024
153,Rowland,Cawthron,rcawthron48@deliciousdays.com,Male,2001,Chrysler,Prowler,Las Vegas,Nevada,89125,US,36.2235,-115.2655,47355,Runolfsson-Sanford,04/02/2025
154,Kinnie,Larkby,klarkby49@nasa.gov,Genderqueer,1991,Maserati,430,Frederick,Maryland,21705,US,39.47,-77.3921,65661,Prohaska-Rodriguez,11/12/2024
155,Karyl,Corn,kcorn4a@hubpages.com,Female,1961,Pontiac,Tempest,Daytona Beach,Florida,32118,US,29.2219,-81.0095,65777,Gerlach-Steuber,06/19/2022
156,Torie,Kier,tkier4b@usatoday.com,Non-binary,2001,Mitsubishi,Montero Sport,Cincinnati,Ohio,45249,US,39.2692,-84.3307,35771,"Monahan, Bechtelar and Friesen",06/28/2025
157,Fannie,Halliberton,fhalliberton4c@mozilla.org,Female,1990,Audi,100,Austin,Texas,78721,US,30.2721,-97.6868,82980,"Tremblay, Crooks and Blick",06/04/2025
158,Zachery,Bamlet,zbamlet4d@wikipedia.org,Male,2011,Jeep,Grand Cherokee,Boston,Massachusetts,02104,US,42.3389,-70.9196,73815,Rodriguez Group,04/02/2024
159,Obidiah,Gawkes,ogawkes4e@netlog.com,Male,1997,Land Rover,Defender 90,Memphis,Tennessee,38197,US,35.2017,-89.9715,83185,"Murray, O'Conner and Jaskolski",03/17/2022
160,Rubi,Treadgall,rtreadgall4f@uiuc.edu,Female,1996,Lexus,ES,Springfield,Illinois,62794,US,39.7495,-89.606,91762,"Pouros, Nikolaus and Kirlin",10/10/2022
161,Lucias,Tinker,ltinker4g@wiley.com,Male,2004,Toyota,Sequoia,Cincinnati,Ohio,45249,US,39.2692,-84.3307,40506,"Casper, Zemlak and Kulas",06/24/2025
162,Farica,Diggins,fdiggins4h@oaic.gov.au,Bigender,1992,Plymouth,Acclaim,Mobile,Alabama,36670,US,30.6589,-88.178,50121,Ankunding-Rice,11/30/2022
163,Meryl,Matussov,mmatussov4i@ft.com,Male,2002,Audi,Allroad,Manchester,New Hampshire,03105,US,42.9521,-71.6539,71452,Reynolds and Sons,07/11/2025
164,Newton,Beefon,nbeefon4j@skyrock.com,Non-binary,2013,BMW,X6,Fresno,California,93721,US,36.7377,-119.7843,98567,Bogisich Inc,09/29/2024
165,Jose,Klehn,jklehn4k@fc2.com,Male,2008,Ferrari,F430,Gainesville,Florida,32627,US,29.6813,-82.3539,93624,"Wintheiser, Batz and Kozey",01/06/2025
166,Mavra,Gioan,mgioan4l@geocities.jp,Female,1995,Mazda,Millenia,Nashville,Tennessee,37250,US,36.1866,-86.7852,67950,Little-Hagenes,01/15/2025
167,Lezley,McFarland,lmcfarland4m@opera.com,Male,1984,Mercedes-Benz,W201,Baltimore,Maryland,21216,US,39.3093,-76.6699,71747,"Moen, Hilpert and Douglas",04/05/2025
168,Guillaume,Huffa,ghuffa4n@cnet.com,Male,2011,Lotus,Evora,San Diego,California,92127,US,33.0279,-117.0856,72177,Marquardt and Sons,07/28/2022
169,Antonie,Bauduccio,abauduccio4o@g.co,Female,1984,Ford,Escort,Pensacola,Florida,32575,US,30.6143,-87.2758,43032,"Hammes, Macejkovic and Considine",09/19/2022
170,Lorry,Rodda,lrodda4p@marriott.com,Genderqueer,1998,Mercedes-Benz,C-Class,West Palm Beach,Florida,33405,US,26.67,-80.0582,54257,Ziemann Group,07/02/2022
171,Jamie,Bartlomiej,jbartlomiej4q@ow.ly,Female,1999,Honda,Civic,Honolulu,Hawaii,96810,US,21.3062,-157.8585,34871,Smitham LLC,06/24/2025
172,Hyacintha,Thresher,hthresher4r@jigsy.com,Bigender,1987,Mitsubishi,Cordia,Greensboro,North Carolina,27404,US,36.0807,-80.0244,96455,O'Conner Group,02/14/2023
173,Harley,Spleving,hspleving4s@stumbleupon.com,Male,2011,Rolls-Royce,Phantom,Annapolis,Maryland,21405,US,39.0305,-76.5515,36372,Graham and Sons,10/28/2024
174,Dell,Dalyiel,ddalyiel4t@digg.com,Female,1986,Mazda,626,Katy,Texas,77493,US,29.8678,-95.8298,40437,Schuster LLC,05/14/2024
175,Vina,Whitsey,vwhitsey4u@adobe.com,Female,1990,Buick,Estate,Pasadena,California,91186,US,33.7866,-118.2987,79760,"Gottlieb, Boehm and Hirthe",03/24/2022
176,Guthry,Van,gvan4v@quantcast.com,Male,2000,Isuzu,Hombre,Albany,New York,12210,US,42.6568,-73.7605,68853,Rohan LLC,01/02/2026
177,Frederigo,Kemery,fkemery4w@youtu.be,Male,2004,Audi,A8,San Diego,California,92115,US,32.7607,-117.0721,62426,Schaden-Renner,03/16/2022
178,Angy,Barham,abarham4x@amazonaws.com,Female,2010,BMW,3 Series,Jacksonville,Florida,32225,US,30.351,-81.5061,42476,Pouros and Sons,05/22/2023
179,Sibelle,Begin,sbegin4y@cmu.edu,Female,1985,Buick,Skylark,New York City,New York,10039,US,40.8265,-73.9383,54203,"Hermann, Boyle and Padberg",11/06/2022
180,Loralyn,Gascard,lgascard4z@mail.ru,Female,2002,Kia,Sportage,Lansing,Michigan,48930,US,42.7325,-84.5587,59138,"Bechtelar, Murazik and Watsica",04/27/2023
181,Emmalynne,Jennison,ejennison50@wikimedia.org,Female,2009,Toyota,Camry,Houston,Texas,77234,US,29.834,-95.4342,68472,Pfannerstill-Heller,12/21/2024
182,Janna,Josling,jjosling51@craigslist.org,Genderqueer,2010,Land Rover,Range Rover Sport,Washington,District of Columbia,20051,US,38.8933,-77.0146,78401,Yundt Group,05/28/2024
183,Alex,Sings,asings52@springer.com,Female,2002,Oldsmobile,Silhouette,Waltham,Massachusetts,02453,US,42.3654,-71.2316,98442,Reichel and Sons,01/30/2022
184,Quinton,McCuish,qmccuish53@geocities.jp,Male,2005,Kia,Sorento,Baltimore,Maryland,21275,US,39.2847,-76.6205,58634,Metz Inc,06/30/2025
185,Daniele,Cowderay,dcowderay54@amazon.co.uk,Female,2002,Volvo,V70,Laurel,Maryland,20709,US,38.8336,-76.8777,81485,Beier Group,02/04/2022
186,Tammie,Browett,tbrowett55@weather.com,Male,1996,Lexus,GS,San Diego,California,92165,US,33.0169,-116.846,47695,Zulauf LLC,03/14/2025
187,Forbes,Eitter,feitter56@usgs.gov,Male,2003,Infiniti,Q,Colorado Springs,Colorado,80945,US,38.8247,-104.562,56878,Hirthe and Sons,02/27/2023
188,Cleveland,Troak,ctroak57@ycombinator.com,Male,1998,Dodge,Neon,Birmingham,Alabama,35244,US,33.3538,-86.8254,99788,Hegmann Inc,12/05/2022
189,Ashbey,Lewer,alewer58@sourceforge.net,Male,2008,Suzuki,XL7,Sacramento,California,94291,US,38.3774,-121.4444,66601,"Hudson, Leannon and Connelly",05/02/2023
190,Jena,Wetton,jwetton59@paginegialle.it,Female,2012,Buick,LaCrosse,Charleston,South Carolina,29424,US,32.7831,-79.937,45084,Hauck-Cruickshank,07/12/2023
191,Tadeas,Watmore,twatmore5a@google.com,Male,1996,Chrysler,Sebring,Southfield,Michigan,48076,US,42.4981,-83.2058,66421,Kub Group,01/19/2023
192,Saunders,Muselli,smuselli5b@xinhuanet.com,Male,1987,Ford,Thunderbird,Youngstown,Ohio,44511,US,41.0704,-80.6931,96230,Nitzsche Inc,03/29/2025
193,Cyrill,Medgewick,cmedgewick5c@paginegialle.it,Male,2001,Isuzu,Rodeo Sport,San Jose,California,95173,US,37.3352,-121.8938,72833,"Gorczany, Roob and Blick",07/05/2022
194,Stacia,Dewett,sdewett5d@imgur.com,Female,2002,Dodge,Ram 2500,Montgomery,Alabama,36195,US,32.3544,-86.2843,55554,Reynolds and Sons,07/08/2023
195,Myriam,Cuckson,mcuckson5e@yolasite.com,Female,2011,Lotus,Elise,Sacramento,California,94237,US,38.3774,-121.4444,41065,Buckridge LLC,07/06/2022
196,Pincas,Gurys,pgurys5f@springer.com,Male,1993,Nissan,Quest,Savannah,Georgia,31410,US,32.0175,-80.997,92147,Satterfield-Wolff,11/02/2025
197,Sammie,Dent,sdent5g@patch.com,Male,2001,BMW,Z3,Saint Louis,Missouri,63136,US,38.7196,-90.27,82254,"Schaden, D'Amore and Rodriguez",02/03/2022
198,Deirdre,Lucas,dlucas5h@mozilla.com,Female,2009,Volkswagen,New Beetle,Bronx,New York,10454,US,40.8085,-73.9198,56689,Cruickshank LLC,11/06/2024
199,Karena,Kruszelnicki,kkruszelnicki5i@columbia.edu,Female,1995,Chrysler,New Yorker,Des Moines,Iowa,50936,US,41.6727,-93.5722,72549,Romaguera-Greenfelder,01/12/2025
200,Guillaume,McOrkil,gmcorkil5j@springer.com,Male,2006,GMC,Savana 3500,New Brunswick,New Jersey,08922,US,40.43,-74.4173,96611,Reynolds LLC,09/08/2024
201,Fredek,Wassung,fwassung5k@hud.gov,Genderfluid,2007,Nissan,Titan,Waco,Texas,76711,US,31.5175,-97.1547,70984,Denesik Group,05/11/2022
202,Hendrick,Woofendell,hwoofendell5l@hud.gov,Agender,1992,Mazda,B-Series Plus,Pasadena,California,91199,US,34.1478,-118.1436,78158,"O'Keefe, Abbott and Price",08/20/2023
203,Burton,Parnby,bparnby5m@ibm.com,Male,2003,Honda,Accord,Topeka,Kansas,66642,US,39.0429,-95.7697,46668,Heidenreich and Sons,07/03/2023
204,Jennette,Coldridge,jcoldridge5n@yelp.com,Female,1993,Chevrolet,S10 Blazer,Tacoma,Washington,98424,US,47.2325,-122.3594,87742,Friesen-Kuhlman,10/20/2024
205,Gisela,Schiesterl,gschiesterl5o@merriam-webster.com,Female,2011,Mazda,Miata MX-5,Schenectady,New York,12305,US,42.8161,-73.9398,49423,Schoen-Marquardt,12/06/2025
206,Baxy,Squeers,bsqueers5p@parallels.com,Male,2006,Suzuki,Daewoo Magnus,Oklahoma City,Oklahoma,73135,US,35.411,-97.4388,82822,"Hauck, Runolfsson and Okuneva",10/14/2022
207,Lucina,Drinan,ldrinan5q@taobao.com,Female,2007,Kia,Amanti,Atlanta,Georgia,31132,US,33.7488,-84.3883,77533,Turcotte-Heidenreich,11/02/2024
208,Loy,Willshire,lwillshire5r@people.com.cn,Male,1998,Chevrolet,Malibu,New York City,New York,10165,US,40.7524,-73.9791,94530,Hermann-Collins,06/18/2025
209,Gwenneth,Russell,grussell5s@thetimes.co.uk,Genderqueer,1966,Jensen,Interceptor,Cleveland,Ohio,44130,US,41.3826,-81.7964,63722,Bernier-Hodkiewicz,02/14/2025
210,Letti,Blucher,lblucher5t@yellowbook.com,Female,2007,GMC,Envoy,Rochester,Minnesota,55905,US,44.0225,-92.4668,67820,White and Sons,01/08/2025
211,Alistair,Birchenough,abirchenough5u@ed.gov,Male,1994,GMC,Sonoma Club Coupe,Arlington,Virginia,22225,US,38.8808,-77.113,70708,"Bosco, Robel and Gleason",02/10/2024
212,Evangelia,Locker,elocker5v@utexas.edu,Female,2002,Chevrolet,Silverado,Fresno,California,93778,US,36.7464,-119.6397,32458,Wolff Group,02/09/2025
213,August,Jonke,ajonke5w@blinklist.com,Male,2006,Cadillac,Escalade ESV,Birmingham,Alabama,35205,US,33.4951,-86.8059,47256,"Maggio, Barrows and Franecki",06/22/2023
214,Neely,Tullis,ntullis5x@dropbox.com,Non-binary,2009,Hyundai,Elantra,Silver Spring,Maryland,20904,US,39.0668,-76.9969,57541,"Dach, Marks and Marvin",07/19/2025
215,Urban,Nunns,ununns5y@ezinearticles.com,Non-binary,1989,Ford,Escort,Chicago,Illinois,60652,US,41.7454,-87.7135,36237,"Macejkovic, Beahan and Bahringer",08/10/2022
216,Juditha,Fidal,jfidal5z@hibu.com,Female,2009,GMC,Savana 1500,Los Angeles,California,90010,US,34.0606,-118.3027,58337,"Lindgren, Goodwin and Watsica",03/12/2022
217,Wenda,Franzini,wfranzini60@kickstarter.com,Female,1994,Alfa Romeo,Spider,Carson City,Nevada,89706,US,39.2025,-119.7526,67345,Sawayn Group,03/23/2023
218,Tatum,Hadlington,thadlington61@gmpg.org,Female,2010,GMC,Savana 2500,Eugene,Oregon,97405,US,44.0185,-123.0998,44208,"Herzog, O'Reilly and Jast",06/22/2025
219,Chelsae,Melior,cmelior62@nifty.com,Female,2012,Mazda,CX-7,Columbus,Georgia,31914,US,32.491,-84.8741,38145,Tromp LLC,01/06/2023
220,Cello,Goschalk,cgoschalk63@imgur.com,Male,2008,Chrysler,Pacifica,Washington,District of Columbia,20244,US,38.8933,-77.0146,62952,Johns-Aufderhar,12/18/2023
221,Corby,Vassman,cvassman64@topsy.com,Male,2011,Mercedes-Benz,GLK-Class,Pasadena,California,91117,US,33.7866,-118.2987,53125,"Daugherty, Price and Beer",01/04/2026
222,Elijah,Pawlick,epawlick65@arizona.edu,Male,1999,GMC,Savana 2500,Orlando,Florida,32854,US,28.5663,-81.2608,88598,"Veum, Maggio and Hegmann",08/29/2022
223,Winne,Teager,wteager66@1und1.de,Female,1990,Pontiac,Bonneville,Corpus Christi,Texas,78410,US,27.8458,-97.596,88576,"Adams, Rempel and Goldner",12/15/2022
224,Kippie,Roocroft,kroocroft67@springer.com,Female,2006,Subaru,Legacy,Lexington,Kentucky,40591,US,38.0283,-84.4715,49560,Kassulke-Gulgowski,04/12/2023
225,Florry,Smithson,fsmithson68@google.com,Female,2004,Suzuki,Verona,Charleston,West Virginia,25326,US,38.2968,-81.5547,77212,Frami-Murazik,04/12/2025
226,Man,Casson,mcasson69@sun.com,Male,2010,Acura,TSX,Oakland,California,94611,US,37.8471,-122.2223,90531,Weber LLC,12/19/2025
227,Westbrooke,Ballinghall,wballinghall6a@latimes.com,Male,2002,Honda,Passport,Greensboro,North Carolina,27404,US,36.0807,-80.0244,94799,Harvey Group,09/21/2025
228,Tadio,Kitcatt,tkitcatt6b@rakuten.co.jp,Male,1996,GMC,Safari,Grand Rapids,Michigan,49510,US,43.0314,-85.5503,83413,"Casper, Ziemann and Will",08/09/2022
229,Giana,Kiehne,gkiehne6c@soundcloud.com,Female,1967,Chevrolet,Corvette,Long Beach,California,90810,US,33.8193,-118.2325,93012,"Kunze, Nitzsche and Pfeffer",11/07/2025
230,Kristan,Kersey,kkersey6d@shutterfly.com,Female,1982,Chevrolet,Camaro,Sioux City,Iowa,51105,US,42.5032,-96.3829,62419,Kassulke-Heller,03/30/2024
231,Arney,Dellar,adellar6e@bbc.co.uk,Male,2002,Mercedes-Benz,C-Class,Kansas City,Missouri,64130,US,39.0351,-94.5467,36981,Bogisich LLC,11/05/2023
232,Sheffy,Oleszcuk,soleszcuk6f@netscape.com,Male,1993,Buick,Regal,Tulsa,Oklahoma,74193,US,36.1398,-96.0297,32224,"Labadie, Schroeder and Bailey",08/01/2024
233,Myrtie,Magwood,mmagwood6g@mediafire.com,Female,1990,Lincoln,Continental Mark VII,Arlington,Virginia,22244,US,38.8545,-77.052,63501,"Davis, Willms and Harber",05/10/2022
234,Trevor,Matysiak,tmatysiak6h@blogtalkradio.com,Male,2007,Scion,tC,Trenton,New Jersey,08650,US,40.2805,-74.712,32240,"Kihn, Kutch and Kuhic",08/23/2022
235,Ches,Haddrell,chaddrell6i@moonfruit.com,Male,2004,Saturn,Ion,Durham,North Carolina,27705,US,36.0218,-78.9478,51409,"Friesen, Robel and Farrell",02/11/2023
236,Nissie,Arnaudi,narnaudi6j@pen.io,Female,2000,Land Rover,Discovery Series II,Palm Bay,Florida,32909,US,27.9694,-80.6473,87910,Bode-Stoltenberg,01/27/2026
237,Lynnell,Aust,laust6k@youtu.be,Polygender,1999,Acura,SLX,Aurora,Colorado,80044,US,39.7388,-104.4083,80056,O'Kon and Sons,01/28/2026
238,Link,Durrance,ldurrance6l@admin.ch,Genderfluid,1965,Ford,Mustang,Fort Worth,Texas,76162,US,32.7714,-97.2915,68422,"Simonis, Bernier and Rempel",09/29/2025
239,Colver,Ruben,cruben6m@cyberchimps.com,Male,1992,Mitsubishi,Precis,Mobile,Alabama,36670,US,30.6589,-88.178,68560,Kohler-Kozey,11/27/2023
240,Lilyan,Hanhardt,lhanhardt6n@ebay.com,Female,2006,Chevrolet,Suburban 1500,Des Moines,Iowa,50315,US,41.5444,-93.6192,39167,"Langosh, Schuster and Torphy",12/05/2024
241,Luz,Pickwell,lpickwell6o@apache.org,Female,2012,Cadillac,Escalade,Newport News,Virginia,23605,US,37.0156,-76.4332,63910,Auer-Hirthe,12/06/2023
242,Curcio,De Lorenzo,cdelorenzo6p@salon.com,Genderqueer,1993,Nissan,300ZX,White Plains,New York,10606,US,41.0247,-73.7781,69344,Greenholt Inc,11/27/2025
243,Selia,Palfrie,spalfrie6q@shinystat.com,Female,2002,Infiniti,Q,Saint Paul,Minnesota,55103,US,44.9608,-93.1216,94027,Rice Inc,10/15/2023
244,Johannah,Cicchinelli,jcicchinelli6r@360.cn,Female,1990,Porsche,928,Honolulu,Hawaii,96825,US,21.2987,-157.6985,85285,"Bashirian, Vandervort and Romaguera",01/13/2023
245,Matty,Blincko,mblincko6s@arizona.edu,Female,2010,Lincoln,Town Car,Springfield,Missouri,65898,US,37.1803,-93.2951,57586,Keeling LLC,01/07/2026
246,Michele,O'Hingerty,mohingerty6t@mtv.com,Genderfluid,2003,GMC,Yukon XL 1500,Baltimore,Maryland,21275,US,39.2847,-76.6205,44541,VonRueden-Barrows,12/01/2023
247,Rosy,McMurray,rmcmurray6u@washingtonpost.com,Female,1995,BMW,7 Series,Jackson,Mississippi,39210,US,32.3218,-90.1771,86198,Hintz Group,04/03/2022
248,Stearne,Schoales,sschoales6v@tumblr.com,Male,2008,Panoz,Esperante,Scranton,Pennsylvania,18505,US,41.3914,-75.6657,99159,"Denesik, Gutmann and Ullrich",06/11/2023
249,Valma,Geratasch,vgeratasch6w@storify.com,Female,2004,Chevrolet,Silverado 1500,Baltimore,Maryland,21211,US,39.3316,-76.6336,84468,"Parisian, Bailey and Prohaska",06/01/2023
250,Addie,Clout,aclout6x@mapquest.com,Male,1994,Mitsubishi,Expo,Clearwater,Florida,33763,US,28.0173,-82.7461,87234,Cremin-Schumm,07/11/2022
251,Alikee,Hacon,ahacon6y@blogtalkradio.com,Female,1992,GMC,2500,Des Moines,Iowa,50393,US,41.6727,-93.5722,59642,"Schumm, Bins and Predovic",01/09/2024
252,Waverley,Sherwill,wsherwill6z@go.com,Male,1995,Ford,F-Series,Newark,New Jersey,07104,US,40.7664,-74.1695,99780,Morissette Inc,07/24/2022
253,Atlante,Crim,acrim70@com.com,Female,2000,Daewoo,Lanos,Carol Stream,Illinois,60158,US,41.9166,-88.1208,87679,Farrell Group,08/07/2024
254,Mathias,Gimlet,mgimlet71@msu.edu,Male,1998,Acura,TL,Atlanta,Georgia,31119,US,33.8913,-84.0746,87123,Prosacco-Abernathy,09/13/2023
255,Ravid,Wevell,rwevell72@phpbb.com,Male,2001,Chrysler,Sebring,Washington,District of Columbia,20029,US,38.8933,-77.0146,61135,Sauer-Balistreri,07/30/2025
256,Bogart,Bausor,bbausor73@clickbank.net,Male,1992,Audi,S4,Reno,Nevada,89550,US,39.5387,-119.8225,45536,Boyer LLC,08/31/2023
257,Melisse,St. Clair,mstclair74@nytimes.com,Female,1996,Plymouth,Voyager,Reno,Nevada,89505,US,39.5224,-119.8353,36922,"Cummings, Dicki and Mann",02/14/2024
258,Estrellita,Stockport,estockport75@marriott.com,Female,1998,GMC,Savana 2500,Greensboro,North Carolina,27499,US,36.0807,-80.0244,77593,Lindgren-Purdy,01/26/2026
259,Aindrea,Esselen,aesselen76@mediafire.com,Female,2007,GMC,Savana 2500,Kansas City,Kansas,66160,US,39.0966,-94.7495,66397,Senger-Goyette,10/21/2023
260,Hillyer,Krates,hkrates77@tiny.cc,Male,2009,Volvo,V50,Fort Worth,Texas,76115,US,32.6796,-97.3336,77468,Bernhard Group,12/14/2022
261,Blondelle,Sandham,bsandham78@cnbc.com,Female,1993,Mercedes-Benz,300TE,Syracuse,New York,13224,US,43.0421,-76.1046,88662,"Jast, Ledner and Oberbrunner",02/10/2023
262,Gilbertine,Morgans,gmorgans79@house.gov,Female,2011,Aston Martin,Vantage,Denver,Colorado,80209,US,39.7074,-104.9686,36128,Satterfield-Crist,07/21/2023
263,Allix,Skeete,askeete7a@businessinsider.com,Female,2012,Volvo,XC90,Jamaica,New York,11436,US,40.6763,-73.7966,69027,Green-Murazik,04/15/2024
264,Renee,Blannin,rblannin7b@nyu.edu,Female,2002,Hyundai,Sonata,Carlsbad,California,92013,US,33.0169,-116.846,54373,Bayer Group,10/01/2022
265,Jo-anne,Benner,jbenner7c@tripadvisor.com,Genderfluid,1985,Buick,Electra,Shawnee Mission,Kansas,66205,US,39.0312,-94.6308,63935,Sauer-Hilpert,06/08/2023
266,Tierney,Huttley,thuttley7d@sun.com,Female,2012,Audi,A7,Houston,Texas,77010,US,29.7543,-95.3609,45815,Bergnaum and Sons,12/22/2022
267,Gan,Milksop,gmilksop7e@usnews.com,Male,1985,Pontiac,Sunbird,Bethesda,Maryland,20816,US,38.9585,-77.1153,33009,Lehner LLC,04/30/2025
268,Faye,Kemwal,fkemwal7f@tinyurl.com,Female,2001,GMC,Sonoma,Las Cruces,New Mexico,88006,US,32.3052,-106.7863,47863,"Feeney, Roberts and Jones",01/02/2023
269,Gardiner,Genike,ggenike7g@yellowbook.com,Male,2008,Chevrolet,Suburban 1500,Charleston,South Carolina,29416,US,32.8488,-79.8577,49266,O'Kon-Connelly,02/26/2025
270,Esme,Riche,eriche7h@addtoany.com,Male,1986,Suzuki,SJ 410,San Antonio,Texas,78285,US,29.4375,-98.4616,54674,O'Keefe Group,05/30/2025
271,Athena,Celle,acelle7i@gov.uk,Female,2005,Nissan,Quest,Sacramento,California,95828,US,38.4826,-121.4006,93938,"Larkin, Heidenreich and Swift",02/27/2025
272,Aldus,MacNeice,amacneice7j@theglobeandmail.com,Male,2009,Mercedes-Benz,CL-Class,Milwaukee,Wisconsin,53205,US,43.0528,-87.9353,83864,"Schultz, Auer and Bosco",12/20/2024
273,Alix,Freear,afreear7k@loc.gov,Male,1998,Hummer,H1,Monroe,Louisiana,71213,US,32.4908,-92.1594,80773,"Hammes, Barrows and Effertz",08/11/2022
274,Brent,Bardwall,bbardwall7l@gov.uk,Male,2010,Ford,F-Series,Houston,Texas,77010,US,29.7543,-95.3609,41555,Olson-Purdy,06/25/2022
275,Abbey,Dufty,adufty7m@furl.net,Male,2004,Chevrolet,Avalanche 2500,Dallas,Texas,75358,US,32.7942,-96.7652,71461,Lockman-Conroy,05/06/2025
276,Abran,Conduit,aconduit7n@soundcloud.com,Male,2002,Ford,Th!nk,Tucson,Arizona,85710,US,32.2138,-110.824,85314,Bayer-Fisher,12/07/2023
277,Shannah,Simnel,ssimnel7o@acquirethisname.com,Female,2003,Kia,Spectra,San Antonio,Texas,78296,US,29.4375,-98.4616,62749,"Monahan, Rath and Borer",12/24/2024
278,Murdock,Aleksashin,maleksashin7p@wufoo.com,Non-binary,2003,Dodge,Viper,Seattle,Washington,98104,US,47.6036,-122.3256,52558,"Willms, Pouros and O'Connell",09/17/2023
279,Nikolaos,Topham,ntopham7q@loc.gov,Male,2012,Hyundai,Accent,Tallahassee,Florida,32399,US,30.4494,-84.291,76653,Abernathy Group,10/14/2022
280,Penn,Narraway,pnarraway7r@squarespace.com,Male,2011,Suzuki,Equator,Kansas City,Missouri,64130,US,39.0351,-94.5467,31073,"Rempel, Becker and O'Kon",07/12/2023
281,Byrann,Babbage,bbabbage7s@deliciousdays.com,Male,2011,Honda,Pilot,Reston,Virginia,20195,US,38.8318,-77.2888,88369,Schultz Inc,12/06/2023
282,Carrissa,Caws,ccaws7t@multiply.com,Female,2006,GMC,Savana Cargo Van,Santa Barbara,California,93111,US,34.4453,-119.8025,61270,Lynch-Kuphal,04/18/2025
283,Consolata,Leverton,cleverton7u@ucoz.com,Female,2002,Subaru,Impreza,Des Moines,Iowa,50393,US,41.6727,-93.5722,99030,"Jenkins, Hane and Kemmer",12/17/2023
284,Sonnnie,Gorger,sgorger7v@phpbb.com,Female,1985,Volkswagen,Cabriolet,Richmond,Virginia,23285,US,37.5242,-77.4932,55734,Nikolaus-Pollich,09/08/2024
285,Denise,Hammerstone,dhammerstone7w@taobao.com,Female,2011,Infiniti,G37,Ocala,Florida,34479,US,29.2541,-82.1095,36185,"Parker, Luettgen and Senger",10/10/2024
286,Baxter,Meatyard,bmeatyard7x@nydailynews.com,Male,2008,Hyundai,Sonata,Sacramento,California,94230,US,38.3774,-121.4444,66076,McCullough-Langosh,06/03/2022
287,Amandie,Cribbott,acribbott7y@edublogs.org,Female,2006,Volvo,S60,Phoenix,Arizona,85025,US,33.4226,-111.7236,87655,Langworth LLC,06/18/2025
288,Justinn,Reaper,jreaper7z@hubpages.com,Female,2004,Spyker,C8 Laviolette,Toledo,Ohio,43666,US,41.6782,-83.4972,97927,Weimann-Kilback,05/04/2025
289,Grannie,Culleford,gculleford80@discuz.net,Male,2010,Honda,Pilot,Greeley,Colorado,80638,US,40.5009,-104.315,96565,"Windler, Haag and Hirthe",06/09/2023
290,Lorens,Peters,lpeters81@squarespace.com,Male,2008,Chevrolet,Silverado,Kansas City,Missouri,64142,US,39.035,-94.3567,89208,Ernser-Cormier,02/26/2022
291,Tiff,Michal,tmichal82@oakley.com,Female,2009,Ford,F450,Detroit,Michigan,48295,US,42.2399,-83.1508,88212,Tremblay LLC,04/25/2024
292,Roslyn,Dixie,rdixie83@who.int,Polygender,2010,Cadillac,Escalade,Santa Barbara,California,93106,US,34.4329,-119.8371,31638,"Tremblay, Predovic and Witting",12/19/2022
293,Jessika,Creek,jcreek84@xrea.com,Female,1991,Pontiac,LeMans,Fort Smith,Arkansas,72916,US,35.2502,-94.3703,32994,"Schoen, Sauer and Lockman",11/06/2025
294,Drusi,Haslewood,dhaslewood85@php.net,Female,1999,Daewoo,Leganza,Atlanta,Georgia,30311,US,33.723,-84.4702,41427,Zboncak Group,10/18/2025
295,Roseanna,Giraudeau,rgiraudeau86@sciencedaily.com,Female,2006,Cadillac,STS-V,Brooklyn,New York,11231,US,40.6794,-74.0014,75908,O'Reilly-Quigley,10/23/2022
296,Onfroi,Huddle,ohuddle87@omniture.com,Male,2002,Ford,Econoline E250,Baltimore,Maryland,21203,US,39.2847,-76.6205,67983,McClure LLC,11/17/2022
297,Ray,Cavie,rcavie88@elpais.com,Female,1985,Mitsubishi,Pajero,Virginia Beach,Virginia,23464,US,36.7978,-76.1759,73191,Wunsch LLC,05/20/2022
298,Modesty,Yandell,myandell89@twitpic.com,Female,2011,BMW,Z4,Fayetteville,North Carolina,28314,US,35.0583,-79.008,98414,"O'Hara, Buckridge and Miller",06/09/2025
299,Heath,Moger,hmoger8a@apache.org,Male,2006,Buick,Rendezvous,Lima,Ohio,45807,US,40.7955,-84.1383,33612,Walker Group,04/13/2022
300,Philip,Conklin,pconklin8b@msu.edu,Male,2010,Audi,S4,Syracuse,New York,13205,US,43.0123,-76.1452,67025,Legros-Boehm,01/15/2024
301,Josselyn,Davydzenko,jdavydzenko8c@xinhuanet.com,Female,2002,Infiniti,Q,Dallas,Texas,75397,US,32.7673,-96.7776,43329,"Hintz, Thiel and Hammes",02/17/2023
302,Abby,Matthis,amatthis8d@usnews.com,Female,1992,Dodge,Ram Van B350,Santa Rosa,California,95405,US,38.4386,-122.6727,62111,Gutkowski Inc,04/15/2024
303,Berne,Ankers,bankers8e@surveymonkey.com,Male,2009,Mercedes-Benz,CLS-Class,Portland,Oregon,97232,US,45.5287,-122.6363,48941,"Gutkowski, Heidenreich and Stracke",06/24/2023
304,Ivette,Mattson,imattson8f@wix.com,Genderqueer,2008,Maserati,GranTurismo,Phoenix,Arizona,85020,US,33.5623,-112.0559,40713,Bechtelar-Klein,05/21/2024
305,Jean,Lambin,jlambin8g@taobao.com,Male,1964,Pontiac,Bonneville,Clearwater,Florida,34620,US,27.9139,-82.7157,98614,Howe-MacGyver,12/23/2025
306,Bartholemy,Chawkley,bchawkley8h@tumblr.com,Male,2012,Hyundai,Veloster,Houston,Texas,77293,US,29.834,-95.4342,80505,Nienow-Fritsch,10/08/2025
307,Brewster,Shute,bshute8i@economist.com,Male,2009,Volkswagen,Passat,Rochester,New York,14614,US,43.1558,-77.6142,34267,Hickle-Nader,04/01/2024
308,Nichole,Coopper,ncoopper8j@msn.com,Male,2002,Ford,Econoline E150,Seattle,Washington,98158,US,47.4497,-122.3076,75507,"Mann, Sawayn and Sawayn",08/24/2023
309,Ephrayim,Habbert,ehabbert8k@elpais.com,Male,2004,Toyota,MR2,Tucson,Arizona,85732,US,32.0848,-110.7122,32978,Nolan-Upton,06/26/2022
310,Brose,Greg,bgreg8l@microsoft.com,Male,2012,Lexus,IS-F,Fresno,California,93715,US,36.7464,-119.6397,99341,Breitenberg Group,04/14/2023
311,Venita,Brauner,vbrauner8m@webnode.com,Female,1999,Toyota,Sienna,Woburn,Massachusetts,01813,US,42.4464,-71.4594,93373,Harvey-Kiehn,08/28/2025
312,Cortney,Woolland,cwoolland8n@issuu.com,Female,1997,Ford,Ranger,Waterloo,Iowa,50706,US,42.4156,-92.2703,93711,"Wiegand, Schmitt and Wolf",12/02/2024
313,Atlante,Edgcumbe,aedgcumbe8o@yellowpages.com,Female,1996,Isuzu,Rodeo,Mesquite,Texas,75185,US,32.7403,-96.5618,88106,Gulgowski Inc,05/18/2025
314,Emilio,Sivyer,esivyer8p@pen.io,Male,2012,Nissan,Pathfinder,Washington,District of Columbia,20425,US,38.8933,-77.0146,44108,"Dach, Durgan and Fadel",02/10/2024
315,Tamarra,Baldi,tbaldi8q@amazonaws.com,Female,1994,Plymouth,Colt,Sioux Falls,South Dakota,57198,US,43.6746,-96.7913,91011,Kris-Haley,09/19/2024
316,Ring,Dregan,rdregan8r@google.com.hk,Male,2008,Isuzu,i-Series,Little Rock,Arkansas,72231,US,34.8019,-92.1894,92379,Reynolds Inc,04/04/2023
317,Del,Pawel,dpawel8s@google.nl,Female,2012,Ford,Mustang,Hartford,Connecticut,06160,US,41.7665,-72.6933,79496,Dooley LLC,12/31/2024
318,Chandler,Toler,ctoler8t@joomla.org,Male,2009,Lexus,LX,Sioux Falls,South Dakota,57110,US,43.5486,-96.6332,45145,Gottlieb-Oberbrunner,06/27/2025
319,Allin,Mealing,amealing8u@usatoday.com,Male,1993,Dodge,D150 Club,Las Vegas,Nevada,89178,US,35.9977,-115.2861,80644,Gutmann Group,09/28/2025
320,Jody,Fearenside,jfearenside8v@reference.com,Male,2009,Subaru,Legacy,Shreveport,Louisiana,71161,US,32.6076,-93.7526,55286,Keeling-Jacobs,07/19/2024
321,Trumaine,Oles,toles8w@census.gov,Male,2010,Lotus,Elise,Spokane,Washington,99252,US,47.6536,-117.4317,97017,O'Keefe Inc,05/14/2025
322,Regen,Cecil,rcecil8x@vkontakte.ru,Male,1996,Volkswagen,rio,Miami,Florida,33142,US,25.813,-80.232,97690,"Auer, McClure and Boehm",12/13/2024
323,Pepita,Wheway,pwheway8y@discuz.net,Female,2003,Subaru,Legacy,College Station,Texas,77844,US,30.6521,-96.341,40372,Lindgren LLC,08/21/2025
324,Nicola,Martinet,nmartinet8z@wikispaces.com,Male,1996,Pontiac,Trans Sport,Lexington,Kentucky,40591,US,38.0283,-84.4715,64940,"Corkery, Keeling and Pacocha",09/04/2022
325,Filide,Advani,fadvani90@google.com.hk,Non-binary,1987,Volkswagen,Type 2,Dallas,Texas,75387,US,32.7673,-96.7776,32095,Hoeger and Sons,04/18/2025
326,Gunter,McCreary,gmccreary91@dion.ne.jp,Male,1998,Saturn,S-Series,Buffalo,New York,14269,US,42.7684,-78.8871,93406,"Rau, Hauck and Macejkovic",06/19/2022
327,Nerti,Wigg,nwigg92@altervista.org,Female,1987,Pontiac,Firebird,San Francisco,California,94164,US,37.7848,-122.7278,31476,Goodwin-O'Conner,11/14/2022
328,Walsh,Gregon,wgregon93@fda.gov,Non-binary,1988,Subaru,Justy,San Antonio,Texas,78255,US,29.6701,-98.6873,34498,Reichel LLC,03/03/2022
329,Bevan,Keatch,bkeatch94@netscape.com,Male,2000,Dodge,Viper,Atlanta,Georgia,31106,US,33.8444,-84.474,73824,Kutch Inc,02/21/2022
330,Franky,Braine,fbraine95@nymag.com,Female,1989,Honda,Civic,New Castle,Pennsylvania,16107,US,40.9897,-80.3084,41183,"Wehner, Lemke and Corkery",12/22/2024
331,Heinrick,MacPaden,hmacpaden96@mozilla.com,Male,2007,Buick,Rainier,Billings,Montana,59105,US,45.9497,-108.599,33873,Trantow Group,09/05/2022
332,Quintina,Sings,qsings97@weather.com,Female,2007,Volvo,XC70,Orlando,Florida,32891,US,28.5663,-81.2608,38698,Kirlin-Schmeler,06/28/2022
333,West,Conley,wconley98@hibu.com,Male,1985,Buick,Regal,Portland,Oregon,97296,US,45.5806,-122.3748,89049,"Beer, Grant and Johnston",11/23/2024
334,Garek,Gillimgham,ggillimgham99@archive.org,Male,1999,Oldsmobile,Aurora,Colorado Springs,Colorado,80935,US,38.8247,-104.562,94691,"Littel, Wiegand and Boehm",01/06/2026
335,Geralda,Shinfield,gshinfield9a@bizjournals.com,Female,1998,Acura,Integra,Seattle,Washington,98115,US,47.6849,-122.2968,73474,"Dooley, Murray and Schimmel",04/04/2024
336,Donnie,Trighton,dtrighton9b@macromedia.com,Male,2008,Acura,MDX,Roanoke,Virginia,24009,US,37.2742,-79.9579,44496,Halvorson-Bogisich,09/19/2023
337,Chen,Tite,ctite9c@webeden.co.uk,Male,2008,Maserati,GranTurismo,Washington,District of Columbia,20268,US,38.8933,-77.0146,96566,Douglas Inc,12/08/2025
338,Ellyn,Stithe,estithe9d@jimdo.com,Female,2009,Lexus,IS,San Diego,California,92186,US,33.0169,-116.846,84934,"Botsford, Konopelski and Hermann",01/15/2024
339,Sara,Rubinfajn,srubinfajn9e@gov.uk,Female,1986,Saab,900,Port Saint Lucie,Florida,34985,US,27.3822,-80.409,99294,Kautzer-Lebsack,09/26/2024
340,Jobye,Seaborne,jseaborne9f@acquirethisname.com,Female,2002,Mitsubishi,Eclipse,Ashburn,Virginia,22093,US,39.0853,-77.6452,78516,"Mertz, Schumm and Stark",10/20/2025
341,Hannis,Dytham,hdytham9g@surveymonkey.com,Female,1986,Pontiac,Firebird,Oklahoma City,Oklahoma,73109,US,35.4259,-97.5261,36229,"Konopelski, McGlynn and Herzog",01/17/2025
342,Dasya,Pallant,dpallant9h@squidoo.com,Female,2002,Ford,Focus,San Francisco,California,94105,US,37.7864,-122.3892,54797,"Mante, Volkman and Hilll",01/10/2023
343,Ansley,McGrudder,amcgrudder9i@wp.com,Female,2012,Mercedes-Benz,GLK-Class,Jamaica,New York,11436,US,40.6763,-73.7966,36305,"Wintheiser, Trantow and Keebler",02/07/2022
344,Loralee,Nyland,lnyland9j@elegantthemes.com,Female,2007,Panoz,Esperante,Boulder,Colorado,80305,US,39.9807,-105.2531,63138,"Hamill, Becker and Leannon",06/10/2025
345,Jannel,Layus,jlayus9k@narod.ru,Female,2010,Hyundai,Accent,Orlando,Florida,32854,US,28.5663,-81.2608,47860,"Koss, Bashirian and Balistreri",01/01/2024
346,Verne,Syers,vsyers9l@newsvine.com,Male,2008,Volvo,V70,Oklahoma City,Oklahoma,73114,US,35.5704,-97.5257,93803,"Kreiger, Jakubowski and Mayer",04/08/2024
347,Lancelot,Arent,larent9m@desdev.cn,Male,2004,Mercury,Monterey,Sacramento,California,95818,US,38.5568,-121.4929,69631,Reichert Inc,02/04/2023
348,Anny,Maven,amaven9n@dropbox.com,Female,2003,Saab,9-5,Dallas,Texas,75241,US,32.6722,-96.7774,91287,Leannon-Friesen,08/14/2024
349,Keely,Orridge,korridge9o@earthlink.net,Female,2006,Porsche,Boxster,Clearwater,Florida,34620,US,27.9139,-82.7157,56806,Bednar and Sons,12/18/2023
350,Monte,Moralis,mmoralis9p@fda.gov,Non-binary,1992,Chevrolet,S10 Blazer,Washington,District of Columbia,20062,US,38.9,-77.0369,63519,Torphy Group,12/09/2025
351,Barclay,Bernardeschi,bbernardeschi9q@nytimes.com,Male,2008,Mazda,Mazda3,New York City,New York,10270,US,40.7069,-74.0082,83405,Runte-Kessler,03/26/2025
352,Perrine,Georgiades,pgeorgiades9r@twitter.com,Female,1995,Ford,Thunderbird,Newark,Delaware,19714,US,39.5645,-75.597,72516,Bahringer-Glover,03/07/2025
353,Louisette,Killeley,lkilleley9s@mapy.cz,Female,2010,Honda,Element,San Antonio,Texas,78291,US,29.4375,-98.4616,68361,Lind-Hahn,05/27/2024
354,Arlena,Lambourn,alambourn9t@a8.net,Female,2005,Dodge,Neon,Wilkes Barre,Pennsylvania,18768,US,41.2722,-75.8801,77887,"Stracke, Smitham and Kris",08/16/2024
355,Michaela,Casier,mcasier9u@eventbrite.com,Genderfluid,2007,Volkswagen,Eos,Arlington,Virginia,22217,US,38.8808,-77.113,85938,Kuvalis-Olson,06/05/2022
356,Arvie,Carryer,acarryer9v@liveinternet.ru,Male,1992,Hyundai,Elantra,San Antonio,Texas,78250,US,29.5054,-98.6688,96619,Block-Bahringer,01/01/2025
357,Will,Simmons,wsimmons9w@bloglovin.com,Male,1994,Cadillac,Eldorado,Atlanta,Georgia,30392,US,33.8444,-84.474,88907,Kuhn-Cremin,04/04/2023
358,Care,Oldroyde,coldroyde9x@disqus.com,Male,2013,Ford,Flex,Oakland,California,94622,US,37.799,-122.2337,86506,"Predovic, Rath and Homenick",01/26/2025
359,Pia,Moehle,pmoehle9y@mozilla.org,Female,1993,Lamborghini,Diablo,El Paso,Texas,88589,US,31.6948,-106.3,95604,McCullough Group,07/13/2022
360,Kent,Harle,kharle9z@furl.net,Male,2005,Chevrolet,Colorado,Rochester,Minnesota,55905,US,44.0225,-92.4668,39698,Kuhn Inc,07/27/2024
361,Xaviera,Parmer,xparmera0@cornell.edu,Female,1987,Mercury,Topaz,Charlotte,North Carolina,28299,US,35.26,-80.8042,43319,"Kihn, Gleason and Schmeler",04/30/2024
362,Terence,Pitway,tpitwaya1@msu.edu,Male,1997,Infiniti,QX,San Antonio,Texas,78291,US,29.4375,-98.4616,34173,Erdman-McCullough,02/10/2024
363,Natassia,Bleddon,nbleddona2@dropbox.com,Female,1987,Pontiac,Safari,Tucson,Arizona,85715,US,32.2519,-110.82,37064,Williamson-Lesch,10/03/2024
364,Bettye,Corradi,bcorradia3@hibu.com,Female,2001,Volkswagen,Cabriolet,Irvine,California,92612,US,33.6607,-117.8264,70571,Aufderhar-Homenick,05/13/2025
365,Hewet,Rounds,hroundsa4@ameblo.jp,Male,2012,Lexus,HS,Brockton,Massachusetts,02405,US,41.9705,-70.7014,68090,Considine Group,03/30/2024
366,Noelyn,Schimon,nschimona5@addthis.com,Female,2000,Acura,RL,Fort Myers,Florida,33906,US,26.5529,-81.9486,31952,Predovic-Leannon,11/23/2025
367,Pete,O'Lochan,polochana6@hostgator.com,Male,2009,Mazda,MX-5,Albany,New York,12262,US,42.6149,-73.9708,36325,Powlowski Group,12/07/2023
368,Fraser,Andor,fandora7@google.co.uk,Male,2007,Dodge,Charger,Springfield,Massachusetts,01152,US,42.1707,-72.6048,92563,Ortiz-Adams,08/31/2022
369,Jasmine,McCaughey,jmccaugheya8@multiply.com,Female,2003,Acura,RL,Macon,Georgia,31205,US,32.8067,-83.6913,86105,Kreiger Inc,10/08/2022
370,Colver,Gillani,cgillania9@disqus.com,Male,1997,Infiniti,I,Denver,Colorado,80217,US,39.7388,-104.4083,97242,Hintz Group,03/15/2025
371,Dulcinea,Blaasch,dblaaschaa@howstuffworks.com,Female,2009,Kia,Mohave/Borrego,Chicago,Illinois,60657,US,41.9399,-87.6528,48841,Harber-Goyette,12/17/2024
372,Linette,Beveredge,lbeveredgeab@google.co.jp,Female,1984,Chevrolet,Corvette,Washington,District of Columbia,20591,US,38.8933,-77.0146,69677,Carter LLC,04/08/2023
373,Leodora,Laxon,llaxonac@istockphoto.com,Female,2004,Mercedes-Benz,E-Class,Harrisburg,Pennsylvania,17121,US,40.2944,-76.8938,89859,"Effertz, Jaskolski and Schroeder",12/07/2022
374,Dalila,Rainy,drainyad@acquirethisname.com,Female,1993,Plymouth,Sundance,Washington,District of Columbia,20557,US,38.8874,-77.0047,75725,Konopelski LLC,08/31/2025
375,Wendeline,McTurley,wmcturleyae@privacy.gov.au,Female,1990,Subaru,Justy,Louisville,Kentucky,40225,US,38.189,-85.6768,81354,Volkman-Feeney,01/05/2023
376,Wynny,Schultz,wschultzaf@admin.ch,Female,2008,Scion,xB,Worcester,Massachusetts,01654,US,42.3648,-71.8969,91240,Bartell-Skiles,07/15/2024
377,Olag,Bleakman,obleakmanag@bloomberg.com,Male,2009,Chevrolet,Silverado,Lansing,Michigan,48901,US,42.5992,-84.372,56951,"Kunde, Kutch and Waters",05/22/2025
378,Pebrook,Mullins,pmullinsah@mac.com,Male,1992,Volkswagen,Fox,Sacramento,California,94297,US,38.3774,-121.4444,65029,Bosco-Kerluke,09/23/2024
379,Marrissa,Clare,mclareai@webmd.com,Female,2009,Volvo,XC70,Carson City,Nevada,89714,US,39.1678,-119.7764,73578,"Harris, Kunze and Bednar",06/21/2025
380,Claretta,Gyles,cgylesaj@goodreads.com,Female,2000,Mazda,B-Series,San Diego,California,92165,US,33.0169,-116.846,93750,Kihn Group,12/10/2025
381,Lida,Gligoraci,lgligoraciak@miitbeian.gov.cn,Female,2006,BMW,M6,Pueblo,Colorado,81015,US,38.1286,-104.5523,32370,Armstrong LLC,12/03/2025
382,Iggy,Sircomb,isircombal@vkontakte.ru,Male,2011,Mercedes-Benz,S-Class,Muncie,Indiana,47306,US,40.2023,-85.4082,78935,Wiegand-Wuckert,09/08/2025
383,Emmit,Yateman,eyatemanam@skype.com,Male,1984,Mercedes-Benz,SL-Class,Knoxville,Tennessee,37931,US,35.9924,-84.1201,54025,Friesen LLC,01/08/2026
384,Inga,Farnaby,ifarnabyan@arizona.edu,Female,2007,Jeep,Grand Cherokee,Charlotte,North Carolina,28263,US,35.2268,-80.8432,99879,Hirthe Inc,01/22/2025
385,Albert,Keogh,akeoghao@free.fr,Male,2008,Dodge,Durango,Phoenix,Arizona,85077,US,33.2765,-112.1872,91367,MacGyver-Gerlach,11/14/2022
386,Shandee,Ralfe,sralfeap@amazonaws.com,Female,2008,Audi,A4,Cleveland,Ohio,44191,US,41.6857,-81.6728,86891,Spinka LLC,01/28/2024
387,Jerrilyn,Dunkerton,jdunkertonaq@stumbleupon.com,Female,2009,Chevrolet,Suburban,Phoenix,Arizona,85099,US,33.2765,-112.1872,55461,Anderson-Frami,12/05/2023
388,Nanni,Alaway,nalawayar@free.fr,Female,1997,Volkswagen,Passat,Dallas,Texas,75358,US,32.7942,-96.7652,69605,Armstrong and Sons,04/23/2023
389,Joanne,Menhenitt,jmenhenittas@oakley.com,Female,2010,Mercedes-Benz,GL-Class,Sacramento,California,94273,US,38.3774,-121.4444,65407,Feil and Sons,02/21/2025
390,Skyler,Delcastel,sdelcastelat@tuttocitta.it,Bigender,1993,Geo,Metro,Washington,District of Columbia,20016,US,38.9381,-77.086,54506,Padberg and Sons,03/24/2025
391,Emanuele,Yurkevich,eyurkevichau@meetup.com,Male,1984,Buick,Skyhawk,Newton,Massachusetts,02458,US,42.3528,-71.1875,34372,Ankunding Group,02/19/2023
392,Reinald,Alltimes,ralltimesav@spiegel.de,Male,1991,Lamborghini,Diablo,Cincinnati,Ohio,45213,US,39.1802,-84.4204,37418,Hintz-Stokes,04/06/2022
393,Rodolph,Rennock,rrennockaw@buzzfeed.com,Male,1999,Hyundai,Accent,Los Angeles,California,90050,US,33.7866,-118.2987,58021,Bartell-Blick,02/06/2025
394,Romeo,Meharg,rmehargax@nymag.com,Male,1992,Mitsubishi,RVR,Chicago,Illinois,60619,US,41.7458,-87.6054,31951,"Smitham, Stehr and Rolfson",01/17/2024
395,Erhart,Matthewman,ematthewmanay@deviantart.com,Male,2004,Mercedes-Benz,E-Class,Dearborn,Michigan,48126,US,42.3349,-83.1801,41790,Schuppe-Weimann,09/25/2024
396,Arline,Kynston,akynstonaz@hubpages.com,Female,2009,Acura,RL,Providence,Rhode Island,02912,US,41.8267,-71.3977,32815,Sauer and Sons,11/25/2022
397,Rozele,Alenichicov,ralenichicovb0@hc360.com,Female,2012,Mazda,Mazdaspeed 3,Los Angeles,California,90060,US,33.7866,-118.2987,42583,Lakin-Rempel,12/24/2024
398,Lauren,Labbet,llabbetb1@usgs.gov,Non-binary,2003,Pontiac,Aztek,Montgomery,Alabama,36119,US,32.2334,-86.2085,32337,Mayert Group,04/21/2023
399,Tessy,Dorney,tdorneyb2@infoseek.co.jp,Female,1988,Ford,F-Series,Nashville,Tennessee,37245,US,36.1866,-86.7852,68274,Mosciski-Schumm,08/03/2024
400,Davita,Coleford,dcolefordb3@elpais.com,Female,2009,BMW,1 Series,Colorado Springs,Colorado,80905,US,38.8377,-104.837,59869,Kautzer-Renner,04/14/2024
401,Rebecka,Eggleson,regglesonb4@shutterfly.com,Female,2005,Chevrolet,Venture,Chicago,Illinois,60681,US,41.8119,-87.6873,87381,Littel LLC,10/27/2022
402,Lay,Budd,lbuddb5@rakuten.co.jp,Bigender,2003,Lamborghini,Murciélago,Washington,District of Columbia,20299,US,38.8933,-77.0146,58884,Zulauf and Sons,07/15/2023
403,Kynthia,Pilcher,kpilcherb6@ehow.com,Female,2009,Porsche,Boxster,Denver,Colorado,80262,US,39.731,-104.9384,87441,"Schneider, Torp and Stracke",12/17/2024
404,Bunny,Gaine of England,bgaineofenglandb7@mit.edu,Female,2012,Infiniti,QX56,Clearwater,Florida,33763,US,28.0173,-82.7461,73672,Hettinger-Kunde,09/09/2022
405,Roxie,Clowley,rclowleyb8@cpanel.net,Female,1998,Audi,Cabriolet,Tacoma,Washington,98442,US,47.3081,-122.4185,97599,"Rath, Okuneva and Kozey",11/10/2024
406,Tiebold,Ridett,tridettb9@nytimes.com,Male,1992,Chevrolet,Suburban 2500,Harrisburg,Pennsylvania,17110,US,40.303,-76.8862,84840,"Bayer, Wolf and Nolan",10/22/2025
407,Agnella,Macallam,amacallamba@squarespace.com,Genderfluid,1980,Chevrolet,Citation,Saint Petersburg,Florida,33737,US,27.8918,-82.7248,39355,"Morar, Herzog and Price",12/18/2025
408,Robenia,Platts,rplattsbb@twitter.com,Female,2006,Honda,Ridgeline,Austin,Texas,78703,US,30.2907,-97.7648,81871,Dibbert Group,07/27/2022
409,Glyn,Obern,gobernbc@mapquest.com,Male,2011,Ford,E-Series,Tampa,Florida,33661,US,27.872,-82.4388,35308,Batz Inc,05/17/2023
410,Reidar,Woodcock,rwoodcockbd@github.io,Male,1996,Cadillac,Eldorado,Portland,Oregon,97201,US,45.5078,-122.6897,71208,Spencer LLC,08/25/2023
411,Mason,Doak,mdoakbe@businessweek.com,Male,2001,Cadillac,Catera,Shreveport,Louisiana,71137,US,32.6076,-93.7526,83794,"VonRueden, D'Amore and Emard",06/05/2023
412,Lionel,Nuton,lnutonbf@free.fr,Male,1999,BMW,3 Series,Huntington,West Virginia,25709,US,38.1321,-82.4183,57798,Wunsch LLC,11/23/2023
413,Carly,Slingsby,cslingsbybg@canalblog.com,Female,2009,Ford,F-Series,Austin,Texas,78749,US,30.2166,-97.8508,34604,Ritchie and Sons,10/17/2022
414,Analise,Nehl,anehlbh@msn.com,Female,1998,Audi,A4,Schenectady,New York,12305,US,42.8161,-73.9398,57030,Satterfield Group,06/19/2023
415,Neile,Lindenboim,nlindenboimbi@bbb.org,Female,2003,Mitsubishi,Challenger,Kansas City,Missouri,64179,US,39.035,-94.3567,69116,Murazik-Dietrich,10/08/2023
416,Benedikt,Mourant,bmourantbj@who.int,Male,2004,Honda,S2000,Colorado Springs,Colorado,80935,US,38.8247,-104.562,81969,Wolf and Sons,09/18/2023
417,Averil,Deschelle,adeschellebk@jiathis.com,Male,2011,Subaru,Legacy,Reno,Nevada,89595,US,40.5412,-119.5869,68760,Huels Inc,09/18/2023
418,Patricia,Kurtis,pkurtisbl@123-reg.co.uk,Female,2009,Porsche,Boxster,Roanoke,Virginia,24048,US,37.2742,-79.9579,85750,Hodkiewicz-Walter,07/07/2023
419,Mona,Hollibone,mhollibonebm@geocities.jp,Female,1990,Lotus,Elan,Saint Paul,Minnesota,55127,US,45.0803,-93.0875,95200,Stokes-Ernser,10/10/2022
420,Emeline,Fantonetti,efantonettibn@netvibes.com,Female,1997,BMW,7 Series,Reading,Pennsylvania,19610,US,40.338,-75.978,65992,Kunde-Cruickshank,07/02/2022
421,Creight,Strute,cstrutebo@columbia.edu,Male,1985,Mitsubishi,Mirage,Saint Paul,Minnesota,55188,US,45.0059,-93.1059,77191,Cartwright Group,01/06/2024
422,Con,Kellet,ckelletbp@drupal.org,Female,1992,Dodge,D250 Club,Fresno,California,93704,US,36.7991,-119.8016,48904,Wisoky and Sons,08/03/2023
423,Garland,Origin,goriginbq@delicious.com,Female,1993,Mercedes-Benz,300SE,Minneapolis,Minnesota,55470,US,45.0159,-93.4719,72887,Williamson-Grady,04/18/2022
424,Dru,Riggoll,driggollbr@wisc.edu,Male,1994,GMC,Vandura 1500,Ocala,Florida,34479,US,29.2541,-82.1095,44398,"Klocko, Block and Champlin",03/31/2025
425,Gerrard,Deakins,gdeakinsbs@google.ru,Male,1997,Land Rover,Discovery,Omaha,Nebraska,68124,US,41.2338,-96.0495,44533,Cremin LLC,11/08/2023
426,Collie,Gammell,cgammellbt@nasa.gov,Female,1989,Mazda,MPV,Tampa,Florida,33633,US,27.872,-82.4388,53481,Lemke-Ward,09/19/2022
427,Daryl,Krysiak,dkrysiakbu@moonfruit.com,Male,1965,Pontiac,Bonneville,Jacksonville,Florida,32244,US,30.2231,-81.7556,38799,Abernathy Inc,08/02/2022
428,Lari,McCritichie,lmccritichiebv@harvard.edu,Female,1988,Volkswagen,GTI,Garden Grove,California,92844,US,33.7661,-117.9738,38639,"Thiel, Nicolas and Christiansen",12/13/2024
429,Kingsly,Finlay,kfinlaybw@ca.gov,Male,2005,Isuzu,Ascender,Washington,District of Columbia,20392,US,38.8933,-77.0146,85306,Jones-Conn,10/29/2024
430,Leanor,Catteroll,lcatterollbx@hexun.com,Female,2007,Ford,E150,Salinas,California,93907,US,36.7563,-121.6703,62405,Miller Inc,04/18/2023
431,Zechariah,Kitcatt,zkitcattby@gnu.org,Male,2003,Mazda,B-Series,Farmington,Michigan,48335,US,42.4617,-83.4053,60328,Hand Inc,05/05/2023
432,Nolana,MacGowan,nmacgowanbz@discuz.net,Female,1999,BMW,5 Series,Saint Paul,Minnesota,55146,US,44.9427,-93.0828,30736,"Nikolaus, Hudson and Torphy",01/22/2026
433,Jaquenetta,Speakman,jspeakmanc0@soup.io,Polygender,2011,Honda,Ridgeline,Florence,South Carolina,29505,US,34.1231,-79.6893,32667,Block-Rodriguez,12/10/2025
434,Orv,Iacovaccio,oiacovaccioc1@uiuc.edu,Male,1999,Chevrolet,Malibu,Omaha,Nebraska,68197,US,41.249,-96.0274,96893,Hoppe and Sons,06/04/2023
435,Violet,Kassidy,vkassidyc2@businessweek.com,Female,2003,Mercedes-Benz,E-Class,Springfield,Missouri,65810,US,37.1136,-93.2896,57352,Barrows-Adams,01/26/2024
436,Demott,Wisson,dwissonc3@guardian.co.uk,Male,2009,Maybach,62,Erie,Pennsylvania,16522,US,42.1827,-80.0649,99109,Runte and Sons,08/28/2023
437,Gaylor,Haldin,ghaldinc4@imgur.com,Male,2002,BMW,M,Fort Lauderdale,Florida,33305,US,26.1497,-80.1229,77208,"Reichel, Collins and Dietrich",12/24/2022
438,Dru,Hyne,dhynec5@devhub.com,Female,2007,Audi,S4,Fort Myers,Florida,33906,US,26.5529,-81.9486,44434,Franecki Group,04/19/2025
439,Cletus,Lackinton,clackintonc6@51.la,Male,2008,Chrysler,Aspen,Minneapolis,Minnesota,55470,US,45.0159,-93.4719,90755,"Wiza, Durgan and Konopelski",07/27/2025
440,Meris,Everill,meverillc7@wordpress.org,Female,2008,BMW,Z4,Richmond,California,94807,US,37.7772,-121.9554,42116,"Heller, Dicki and Lindgren",08/05/2022
441,Buffy,Burtonwood,bburtonwoodc8@cbsnews.com,Bigender,2008,Audi,A8,Naples,Florida,34102,US,26.134,-81.7953,92789,"Witting, Swift and Murray",03/14/2023
442,Shawna,Keasey,skeaseyc9@yellowbook.com,Female,2002,Infiniti,QX,Corpus Christi,Texas,78415,US,27.7262,-97.4078,88468,Hodkiewicz-Mayert,12/31/2022
443,Cornall,Munks,cmunksca@narod.ru,Male,2009,Ford,F-Series Super Duty,Lafayette,Louisiana,70593,US,30.2081,-92.0951,33015,Lindgren-Swift,11/16/2025
444,Nevins,Acutt,nacuttcb@howstuffworks.com,Male,1998,Mazda,MX-5,Nashville,Tennessee,37250,US,36.1866,-86.7852,80117,Cassin and Sons,05/04/2025
445,Hayley,Michelotti,hmichelotticc@princeton.edu,Female,2008,Chevrolet,Aveo,Tuscaloosa,Alabama,35487,US,33.3072,-87.5859,36711,"Bradtke, Parker and Durgan",08/01/2022
446,Gusella,Rodmell,grodmellcd@jalbum.net,Female,2011,Bentley,Mulsanne,Springfield,Massachusetts,01105,US,42.0999,-72.5783,92993,Dietrich Group,10/30/2025
447,Raquel,Robilart,rrobilartce@ebay.com,Female,2000,BMW,M5,Miami,Florida,33261,US,25.5584,-80.4582,57543,Bartell Group,03/24/2025
448,Kipp,Trevallion,ktrevallioncf@discovery.com,Female,2000,Chevrolet,Silverado 1500,Fargo,North Dakota,58122,US,46.9346,-97.2297,45967,Schmidt Inc,03/12/2022
449,Marius,Charpin,mcharpincg@paypal.com,Male,2003,Hummer,H1,Cleveland,Ohio,44125,US,41.4335,-81.6323,52502,Huels LLC,07/21/2025
450,Angy,Gabbidon,agabbidonch@1688.com,Female,2008,Volvo,C30,Fort Wayne,Indiana,46852,US,41.0938,-85.0707,99040,"Dach, Fisher and Bergstrom",08/26/2022
451,Virgie,Halton,vhaltonci@adobe.com,Female,2000,Ford,Escape,Fort Wayne,Indiana,46814,US,41.0456,-85.3058,74174,Abernathy Inc,04/08/2022
452,Wolfy,Bohin,wbohincj@fastcompany.com,Male,2007,Toyota,RAV4,Lansing,Michigan,48930,US,42.7325,-84.5587,90882,Hilpert Inc,03/10/2025
453,Adda,Yanshinov,ayanshinovck@behance.net,Female,2006,Ford,E150,Yonkers,New York,10705,US,40.9177,-73.895,81812,"Hahn, Welch and Kautzer",06/05/2023
454,Marylynne,Edmand,medmandcl@xing.com,Female,1995,Toyota,Tacoma Xtra,Bakersfield,California,93311,US,35.3039,-119.1056,97182,Macejkovic-Sporer,03/26/2023
455,Moise,Dacres,mdacrescm@tamu.edu,Male,1987,Mazda,B-Series,Amarillo,Texas,79165,US,35.4015,-101.8951,86031,Mraz Inc,06/03/2025
456,Roselin,Tayler,rtaylercn@topsy.com,Female,2012,BMW,6 Series,Houston,Texas,77234,US,29.834,-95.4342,67941,"Ondricka, Turcotte and Kirlin",06/29/2025
457,Verney,Dockery,vdockeryco@dailymail.co.uk,Male,2010,Bentley,Brooklands,Albuquerque,New Mexico,87190,US,35.0443,-106.6729,77857,"Stoltenberg, Hilll and Hoeger",10/05/2023
458,Eddy,Skelly,eskellycp@drupal.org,Male,1987,Subaru,Leone,Roanoke,Virginia,24034,US,37.2742,-79.9579,85421,Schinner and Sons,01/05/2024
459,Ulla,Lunn,ulunncq@ftc.gov,Female,2010,Dodge,Charger,Kansas City,Missouri,64125,US,39.1042,-94.4923,33403,Kuhlman Group,11/26/2024
460,Dorris,Tiernan,dtiernancr@xinhuanet.com,Female,2001,Lexus,RX,Los Angeles,California,90005,US,34.0585,-118.3012,82331,White Inc,07/11/2022
461,Loretta,Droghan,ldroghancs@delicious.com,Female,1993,Ford,Festiva,Warren,Ohio,44485,US,41.2405,-80.8441,67948,"Dibbert, Nader and Halvorson",01/07/2023
462,Elias,Volette,evolettect@acquirethisname.com,Male,2002,Kia,Rio,Newport News,Virginia,23612,US,37.1959,-76.5248,72996,Marquardt and Sons,02/24/2023
463,Lisa,Torre,ltorrecu@bloglines.com,Female,2011,Mitsubishi,Lancer,Topeka,Kansas,66611,US,39.0142,-95.6982,68151,Wunsch and Sons,10/03/2024
464,Evan,Lippini,elippinicv@cnet.com,Male,2004,Suzuki,Daewoo Lacetti,Knoxville,Tennessee,37924,US,36.032,-83.8021,44894,Batz-Haag,11/13/2024
465,Bendicty,Senecaux,bsenecauxcw@alexa.com,Male,2010,Kia,Soul,Houston,Texas,77075,US,29.6223,-95.26,86552,Padberg LLC,10/03/2024
466,Babbie,Shannahan,bshannahancx@mlb.com,Polygender,1999,Pontiac,Grand Am,New York City,New York,10045,US,40.7086,-74.0087,48779,"Mayert, Stroman and Konopelski",07/30/2025
467,Claudius,Dalinder,cdalindercy@cisco.com,Male,1987,Volkswagen,Cabriolet,Reading,Pennsylvania,19605,US,40.3886,-75.9328,60390,Spencer Group,12/25/2022
468,Rosalia,De Mattei,rdematteicz@elegantthemes.com,Female,2008,Volkswagen,GTI,El Paso,Texas,79994,US,31.6948,-106.3,55850,Johnston Group,05/15/2022
469,Yance,Stemson,ystemsond0@reddit.com,Male,2010,Subaru,Outback,Visalia,California,93291,US,36.3551,-119.301,35181,Kerluke-Walker,10/30/2025
470,Chad,Freiburger,cfreiburgerd1@sohu.com,Female,2005,GMC,Sierra 2500,Harrisburg,Pennsylvania,17110,US,40.303,-76.8862,50607,McKenzie LLC,12/10/2023
471,Vally,Risbrough,vrisbroughd2@toplist.cz,Female,2008,BMW,5 Series,Philadelphia,Pennsylvania,19146,US,39.9379,-75.1794,66628,Wisoky and Sons,02/11/2024
472,Gifford,Vice,gviced3@google.com.br,Male,2012,Hyundai,Accent,Fresno,California,93778,US,36.7464,-119.6397,51614,Beier and Sons,02/05/2025
473,Mina,Tigwell,mtigwelld4@cam.ac.uk,Bigender,2003,Saab,9-3,Washington,District of Columbia,20220,US,38.8933,-77.0146,44305,Schamberger-Rowe,10/20/2022
474,Janifer,Scarsbrick,jscarsbrickd5@printfriendly.com,Female,2005,Buick,Century,El Paso,Texas,88541,US,31.6948,-106.3,67323,"Lang, Mills and Smith",02/07/2023
475,Danella,Loveguard,dloveguardd6@github.io,Female,2000,Volvo,S80,Trenton,New Jersey,08650,US,40.2805,-74.712,52585,Herzog-Gusikowski,06/24/2023
476,Dominga,De Andreis,ddeandreisd7@skyrock.com,Female,1988,Mazda,929,Alexandria,Louisiana,71307,US,31.2034,-92.5269,79650,Weissnat-Jaskolski,05/16/2023
477,Sax,MacQuaker,smacquakerd8@wix.com,Male,2008,Bentley,Continental GT,West Palm Beach,Florida,33411,US,26.6644,-80.1741,80487,"Grimes, Vandervort and Upton",05/29/2023
478,Angy,Christophers,achristophersd9@google.co.jp,Female,1996,Saturn,S-Series,Huntington,West Virginia,25705,US,38.4096,-82.369,96382,"Jenkins, Zulauf and Maggio",04/05/2024
479,Carlie,Elflain,celflainda@yelp.com,Agender,2013,Volvo,S60,Des Moines,Iowa,50369,US,41.6727,-93.5722,95053,Moen-Crona,03/18/2022
480,Horatio,Accum,haccumdb@youku.com,Male,1993,Subaru,Impreza,Lexington,Kentucky,40576,US,38.0283,-84.4715,40006,Krajcik LLC,04/27/2023
481,Carr,Benediktsson,cbenediktssondc@admin.ch,Male,1995,Mazda,MPV,Monroe,Louisiana,71213,US,32.4908,-92.1594,74467,Conn-Monahan,10/17/2025
482,Theodor,Boase,tboasedd@oracle.com,Male,1992,Ford,Taurus,Philadelphia,Pennsylvania,19160,US,40.0018,-75.1179,68572,Bauch Group,07/21/2023
483,Thaddus,Antonsson,tantonssonde@ted.com,Non-binary,2006,Bentley,Azure,Los Angeles,California,90030,US,33.7866,-118.2987,78229,Torp-Fadel,06/28/2024
484,Rainer,Liepina,rliepinadf@reddit.com,Male,1984,Mercedes-Benz,SL-Class,Zephyrhills,Florida,33543,US,28.2059,-82.3063,32329,"Abshire, Grant and Emard",11/28/2024
485,Lita,Jebb,ljebbdg@mediafire.com,Female,1994,Acura,Vigor,Kissimmee,Florida,34745,US,27.9953,-81.2593,69361,"Rice, Smith and Russel",01/04/2026
486,Gareth,McTrustram,gmctrustramdh@fc2.com,Male,1979,Ford,Mustang,Berkeley,California,94705,US,37.8571,-122.25,96266,Ondricka Inc,04/14/2022
487,Timmy,Ledstone,tledstonedi@un.org,Bigender,1999,Chevrolet,Camaro,Columbus,Ohio,43226,US,39.969,-83.0114,46605,"Gerhold, Balistreri and Cole",05/01/2022
488,Lazaro,Tankus,ltankusdj@guardian.co.uk,Agender,1994,Mercury,Capri,Richmond,Virginia,23242,US,37.5313,-77.4161,33139,Fahey LLC,05/04/2025
489,Merissa,Redman,mredmandk@cdbaby.com,Female,2010,Nissan,Armada,Utica,New York,13505,US,43.0872,-75.2603,47034,"Shanahan, Waelchi and Lakin",07/04/2024
490,Isahella,Bugge,ibuggedl@google.it,Female,2003,Mitsubishi,Galant,New York City,New York,10029,US,40.7918,-73.9448,62421,"Hagenes, Labadie and Bailey",04/12/2022
491,Emelda,Hamblin,ehamblindm@lulu.com,Agender,2009,Porsche,Cayman,Baton Rouge,Louisiana,70894,US,30.5159,-91.0804,58993,Tremblay-Huel,04/26/2022
492,Gilbertina,Aymerich,gaymerichdn@clickbank.net,Female,2011,Chevrolet,Aveo,Washington,District of Columbia,20370,US,38.8933,-77.0146,59740,"O'Kon, Yundt and Muller",05/20/2025
493,Aridatha,Goalby,agoalbydo@fda.gov,Female,1989,Volkswagen,Cabriolet,New Haven,Connecticut,06505,US,41.3057,-72.7799,78995,"Williamson, Bayer and Bins",09/29/2022
494,Alvin,Tort,atortdp@va.gov,Male,2002,Mazda,Miata MX-5,El Paso,Texas,79916,US,31.7444,-106.2879,62665,"Dibbert, Klein and Harvey",12/01/2022
495,Ruttger,Turtle,rturtledq@51.la,Male,1994,Volkswagen,Passat,San Jose,California,95155,US,37.31,-121.9011,38836,Wilderman Inc,04/17/2025
496,Bar,Algore,balgoredr@newyorker.com,Male,1995,Nissan,240SX,Newark,New Jersey,07195,US,40.7918,-74.2452,57203,Cassin Group,02/19/2025
497,Jonah,Roj,jrojds@myspace.com,Male,2000,Pontiac,Grand Prix,Charleston,West Virginia,25321,US,38.2968,-81.5547,39040,Hintz-Schiller,12/12/2022
498,Jordanna,Lesslie,jlessliedt@imageshack.us,Female,1992,Mitsubishi,Mighty Max Macro,Louisville,Kentucky,40266,US,38.189,-85.6768,51167,Feest-Barrows,04/06/2022
499,Lonny,Dulinty,ldulintydu@newyorker.com,Male,2003,Honda,Pilot,Jamaica,New York,11447,US,40.6914,-73.8061,69497,Kub Inc,12/14/2024
500,Jerri,Langfat,jlangfatdv@phoca.cz,Male,2004,Chevrolet,Aveo,Mobile,Alabama,36689,US,30.6589,-88.178,81726,Green LLC,02/14/2024
501,Maryanna,Blakes,mblakesdw@parallels.com,Female,2004,Toyota,Camry,Fort Worth,Texas,76178,US,32.7714,-97.2915,31741,Barton Inc,11/17/2025
502,Joceline,Matousek,jmatousekdx@live.com,Female,1986,Porsche,911,Melbourne,Florida,32919,US,28.3067,-80.6862,88387,Mertz Group,08/24/2025
503,Paulita,Hainsworth,phainsworthdy@etsy.com,Female,2007,Volkswagen,Touareg,Jamaica,New York,11407,US,40.6913,-73.8059,99343,Upton Group,04/15/2024
504,Wat,Gurner,wgurnerdz@wired.com,Male,1997,Chevrolet,Astro,Charleston,West Virginia,25389,US,38.354,-81.6394,48561,Rippin-Witting,09/25/2022
505,Aurelie,Moffet,amoffete0@discuz.net,Female,2007,Chrysler,Town & Country,Tucson,Arizona,85737,US,32.4142,-110.9466,76256,Langosh and Sons,10/18/2024
506,Theodor,Debling,tdeblinge1@gnu.org,Male,2009,Mitsubishi,Endeavor,Duluth,Georgia,30096,US,33.9845,-84.1529,31134,Marquardt and Sons,05/14/2025
507,Rod,Hutchings,rhutchingse2@istockphoto.com,Bigender,2003,Mitsubishi,Montero,Chicago,Illinois,60669,US,41.8119,-87.6873,59979,Monahan-Towne,08/01/2024
508,Randie,O'Fihily,rofihilye3@timesonline.co.uk,Genderqueer,2002,Jeep,Liberty,Houston,Texas,77095,US,29.8941,-95.6481,85156,"Von, Gleason and Ferry",10/23/2022
509,Tallie,Ashurst,tashurste4@ft.com,Female,1991,Mercedes-Benz,S-Class,Montgomery,Alabama,36114,US,32.404,-86.2539,87125,Dickens-Rodriguez,12/28/2023
510,Fonsie,Wesson,fwessone5@google.nl,Male,2007,Volkswagen,Eos,Des Moines,Iowa,50393,US,41.6727,-93.5722,36972,Hamill LLC,12/09/2024
511,Gare,Have,ghavee6@mail.ru,Male,2005,Jeep,Wrangler,New York City,New York,10019,US,40.7651,-73.9858,32739,Kuhlman-Brekke,07/01/2025
512,Stern,Lamperd,slamperde7@weibo.com,Male,2006,Subaru,Legacy,Los Angeles,California,90040,US,33.9909,-118.1532,45941,"Heaney, Ferry and Raynor",07/23/2023
513,Meryl,Tabram,mtabrame8@usatoday.com,Male,1984,Mazda,GLC,Jamaica,New York,11436,US,40.6763,-73.7966,52900,"Robel, Jaskolski and Halvorson",03/15/2022
514,Othilia,Dict,odicte9@homestead.com,Female,1994,Mercedes-Benz,E-Class,Sacramento,California,95865,US,38.596,-121.3978,79417,Keebler-Labadie,12/16/2023
515,Hilarius,Youde,hyoudeea@wired.com,Male,1995,Mitsubishi,Expo,Portland,Oregon,97232,US,45.5287,-122.6363,79892,Rippin Group,04/13/2024
516,Colman,Trewett,ctrewetteb@fda.gov,Bigender,2003,Chevrolet,Venture,Phoenix,Arizona,85005,US,33.2765,-112.1872,63109,"Stracke, Marvin and Von",04/23/2022
517,Krispin,Huleatt,khuleattec@adobe.com,Male,2002,Audi,S6,San Jose,California,95128,US,37.3163,-121.9356,76306,Hackett-Funk,12/13/2023
518,Gwenette,Snelling,gsnellinged@bloomberg.com,Female,1999,Nissan,Pathfinder,New York City,New York,10115,US,40.8111,-73.9642,48463,Halvorson-Corwin,04/27/2022
519,Hamil,Reyes,hreyesee@godaddy.com,Male,1999,Pontiac,Grand Prix,Phoenix,Arizona,85045,US,33.3022,-112.1226,59852,Leffler LLC,04/08/2023
520,Alexine,Joisce,ajoisceef@photobucket.com,Female,2011,Subaru,Outback,Worcester,Massachusetts,01654,US,42.3648,-71.8969,94058,"Stracke, Tillman and Beier",06/24/2023
521,Ase,Hughlin,ahughlineg@gravatar.com,Male,2001,Toyota,MR2,Cleveland,Ohio,44125,US,41.4335,-81.6323,51768,Cremin-Torp,08/06/2022
522,Dodie,Tofanini,dtofaninieh@washington.edu,Female,1989,Mazda,MX-6,Fort Worth,Texas,76115,US,32.6796,-97.3336,98861,"Donnelly, Hoppe and Hahn",06/12/2023
523,Erasmus,Philott,ephilottei@fastcompany.com,Male,2008,Toyota,Tacoma,Kansas City,Missouri,64142,US,39.035,-94.3567,59725,"Gulgowski, Grant and Rogahn",07/05/2025
524,Dillon,Robertacci,drobertacciej@dell.com,Genderfluid,1986,Mazda,RX-7,Houston,Texas,77266,US,29.834,-95.4342,61246,Miller-Ritchie,06/29/2023
525,Jasen,Milillo,jmililloek@php.net,Male,2002,Ford,Econoline E350,Palmdale,California,93591,US,34.6019,-117.8123,64125,Stehr-O'Hara,03/19/2022
526,Val,Mahaddie,vmahaddieel@columbia.edu,Male,2001,Kia,Sportage,Houston,Texas,77065,US,29.9319,-95.6106,41493,Breitenberg-Huel,10/01/2024
527,Julio,Ellacombe,jellacombeem@mapquest.com,Male,1987,Lincoln,Town Car,Ann Arbor,Michigan,48107,US,42.2535,-83.8366,64567,"Spencer, Romaguera and Lynch",05/23/2023
528,Noel,Boughen,nboughenen@businesswire.com,Female,2002,Mercedes-Benz,SL-Class,Salt Lake City,Utah,84135,US,40.6681,-111.9083,75192,Miller and Sons,03/25/2025
529,Jamima,Matskiv,jmatskiveo@upenn.edu,Female,1994,Saab,9000,Van Nuys,California,91499,US,33.7866,-118.2987,34327,"Keebler, Yost and Hackett",09/11/2025
530,Isidro,Ferraron,iferraronep@cam.ac.uk,Male,2000,Plymouth,Voyager,Los Angeles,California,90071,US,34.0529,-118.2549,84255,Kertzmann and Sons,03/27/2022
531,Philippe,Mochan,pmochaneq@webmd.com,Female,2005,Chevrolet,Aveo,Monticello,Minnesota,55565,US,45.2009,-93.8881,94971,"Conn, Dickinson and O'Keefe",02/20/2024
532,Lelia,Pedroni,lpedronier@ask.com,Female,2012,Nissan,Maxima,San Luis Obispo,California,93407,US,35.3471,-120.4553,37404,Romaguera-Cronin,03/04/2024
533,Lennard,Conichie,lconichiees@weather.com,Male,2012,Mercedes-Benz,S-Class,Seattle,Washington,98195,US,47.6564,-122.3048,62739,"Lebsack, Corkery and Treutel",01/03/2023
534,Sibel,Degoy,sdegoyet@flickr.com,Female,2001,Volkswagen,GTI,Rochester,New York,14604,US,43.1577,-77.608,81147,Purdy Group,07/26/2025
535,Serene,Bussell,sbusselleu@about.me,Female,1995,Honda,del Sol,Charlotte,North Carolina,28225,US,35.26,-80.8042,96265,Mohr and Sons,09/16/2022
536,Niel,Bolgar,nbolgarev@hostgator.com,Male,1974,Chevrolet,Camaro,Las Vegas,Nevada,89135,US,36.1378,-115.3261,91505,Kub-Prohaska,01/01/2023
537,Terrel,Gleaves,tgleavesew@si.edu,Male,2003,Ford,E350,Bakersfield,California,93305,US,35.3855,-118.986,95310,Corwin and Sons,10/12/2024
538,Meridith,Pumphrey,mpumphreyex@sourceforge.net,Female,1994,Buick,Skylark,Gainesville,Florida,32627,US,29.6813,-82.3539,66559,"Bogan, Denesik and Prosacco",02/23/2024
539,Marilyn,Sehorsch,msehorschey@dedecms.com,Female,1990,Porsche,928,Saint Louis,Missouri,63136,US,38.7196,-90.27,78944,"Ziemann, Sporer and Larson",09/23/2024
540,Bertram,Thowes,bthowesez@un.org,Male,1993,Mercedes-Benz,400E,Memphis,Tennessee,38126,US,35.1255,-90.0424,38819,Wilkinson-Terry,10/31/2023
541,Charmane,Kibbee,ckibbeef0@nbcnews.com,Female,1985,Mercedes-Benz,SL-Class,Washington,District of Columbia,20260,US,38.8933,-77.0146,55941,Bauch-Friesen,12/19/2024
542,Jeffry,McTear,jmctearf1@pbs.org,Male,2007,Dodge,Caravan,Bradenton,Florida,34282,US,27.4272,-82.4387,35842,"Price, Jerde and Bins",02/21/2025
543,Duff,Seeks,dseeksf2@diigo.com,Male,1994,Chevrolet,1500,Bakersfield,California,93399,US,35.4369,-119.0679,55059,Douglas-Turcotte,09/20/2023
544,Birgitta,Grishukov,bgrishukovf3@pagesperso-orange.fr,Female,2004,Mazda,B-Series,Fort Pierce,Florida,34981,US,27.4049,-80.3623,95571,"Daniel, Kozey and Terry",11/03/2023
545,Roderic,Ivanikov,rivanikovf4@forbes.com,Male,1998,Toyota,T100 Xtra,Portland,Maine,04109,US,43.6783,-70.1987,34202,"Windler, Cummerata and Blick",10/22/2023
546,Perice,Branthwaite,pbranthwaitef5@last.fm,Male,2001,Saab,9-5,Portland,Oregon,97271,US,45.5806,-122.3748,63228,Bosco-Wolf,02/01/2023
547,Alisander,Swanson,aswansonf6@fc2.com,Male,2010,Aptera,Type-1h,Saint Petersburg,Florida,33705,US,27.7391,-82.6435,59088,Franecki-Skiles,10/20/2025
548,Burch,Corris,bcorrisf7@google.com.br,Agender,2004,Pontiac,Aztek,Anchorage,Alaska,99522,US,61.1089,-149.4403,99984,"Green, Walsh and Moore",07/08/2023
549,Oralie,Bourton,obourtonf8@princeton.edu,Female,2008,Saab,9-5,Santa Rosa,California,95405,US,38.4386,-122.6727,67670,"Boyer, Schamberger and Price",06/13/2023
550,Sergent,Dunbabin,sdunbabinf9@psu.edu,Male,1957,BMW,600,Greensboro,North Carolina,27499,US,36.0807,-80.0244,61310,Dooley-Harber,07/02/2023
551,Yetty,Haggleton,yhaggletonfa@newyorker.com,Female,2006,Suzuki,Aerio,Falls Church,Virginia,22047,US,38.8318,-77.2888,68543,"Lehner, Heathcote and McGlynn",11/23/2022
552,Valencia,Vigrass,vvigrassfb@eventbrite.com,Female,2004,Saturn,Ion,Atlanta,Georgia,30392,US,33.8444,-84.474,75105,Conn Inc,08/12/2024
553,Ethelda,Dennitts,edennittsfc@wix.com,Female,2006,Hummer,H2 SUV,Charleston,South Carolina,29416,US,32.8488,-79.8577,86733,"Erdman, Price and McClure",02/09/2023
554,Filippo,Urling,furlingfd@opera.com,Male,2009,Audi,S8,Springfield,Illinois,62776,US,39.7495,-89.606,92389,Bauch-Cruickshank,08/20/2024
555,Cammi,Pluthero,cplutherofe@google.com,Female,1999,Hyundai,Sonata,Augusta,Georgia,30911,US,33.386,-82.091,48767,Metz Group,02/24/2022
556,Lothario,Totterdill,ltotterdillff@un.org,Male,2009,Chrysler,PT Cruiser,Peoria,Illinois,61605,US,40.6775,-89.6263,33457,Hermiston Group,12/26/2023
557,Kyle,Bramwich,kbramwichfg@blog.com,Polygender,1996,Toyota,Corolla,Corpus Christi,Texas,78405,US,27.7762,-97.4271,45399,Johns-Kreiger,01/03/2023
558,Paxon,Whiskerd,pwhiskerdfh@yandex.ru,Male,2000,Mercury,Mountaineer,Honolulu,Hawaii,96850,US,21.3095,-157.863,71608,Kohler-Abbott,04/17/2023
559,Gunter,Sperski,gsperskifi@msn.com,Male,1997,Dodge,Grand Caravan,Fresno,California,93726,US,36.7949,-119.7604,49973,McLaughlin-Ernser,05/19/2025
560,Ronnie,Colleymore,rcolleymorefj@webnode.com,Female,1998,Mitsubishi,Challenger,Topeka,Kansas,66642,US,39.0429,-95.7697,51453,Waelchi LLC,09/20/2025
561,Joann,Yeudall,jyeudallfk@vistaprint.com,Female,1994,Toyota,Celica,Clearwater,Florida,34620,US,27.9139,-82.7157,50665,Zboncak Group,09/21/2024
562,Randene,O'Day,rodayfl@dion.ne.jp,Female,1993,Mitsubishi,Montero,Amarillo,Texas,79118,US,35.0763,-101.8349,76975,O'Keefe-Beier,07/20/2023
563,Millicent,Dome,mdomefm@ihg.com,Female,2003,GMC,Savana 3500,Minneapolis,Minnesota,55428,US,45.0632,-93.3811,43675,Lubowitz-Waters,02/03/2024
564,Ruthie,Cheevers,rcheeversfn@infoseek.co.jp,Female,2001,Volvo,V70,Helena,Montana,59623,US,46.5901,-112.0402,80082,Haley and Sons,08/11/2024
565,Nappy,Elmhirst,nelmhirstfo@sakura.ne.jp,Male,2010,Hyundai,Azera,Brooksville,Florida,34605,US,28.5059,-82.4226,77762,"Spencer, Hoeger and Schowalter",03/23/2024
566,Krystal,Pell,kpellfp@yellowpages.com,Female,2000,Chevrolet,Impala,Houston,Texas,77075,US,29.6223,-95.26,83881,"Wilkinson, Wolff and Emard",06/05/2025
567,Modesta,Bailes,mbailesfq@blinklist.com,Female,2011,GMC,Sierra 1500,Ogden,Utah,84403,US,41.1894,-111.9489,59467,Stiedemann-West,01/01/2025
568,Allys,Oswell,aoswellfr@ask.com,Non-binary,2010,Lexus,IS F,Washington,District of Columbia,20392,US,38.8933,-77.0146,84369,King and Sons,01/21/2025
569,Kurtis,Maidment,kmaidmentfs@seesaa.net,Male,1991,Ford,Bronco,Oklahoma City,Oklahoma,73147,US,35.5514,-97.4075,33581,Dach and Sons,09/21/2024
570,Silvia,Duffit,sduffitft@gnu.org,Female,2005,Rolls-Royce,Phantom,Saint Petersburg,Florida,33715,US,27.6705,-82.7119,39284,Heller-Hammes,02/22/2025
571,Pam,Dunckley,pdunckleyfu@imageshack.us,Female,2005,Acura,TL,Sacramento,California,95852,US,38.6026,-121.4475,79857,Lesch-Swift,10/06/2023
572,Curtis,Insoll,cinsollfv@ca.gov,Male,2007,Dodge,Caravan,Mobile,Alabama,36628,US,30.6589,-88.178,91055,"Ruecker, Murphy and Smith",07/24/2025
573,Nye,Stoak,nstoakfw@miibeian.gov.cn,Male,2004,Pontiac,Aztek,Lubbock,Texas,79405,US,33.571,-101.8507,37608,"Kulas, Marquardt and MacGyver",03/16/2025
574,Gena,Elsworth,gelsworthfx@lulu.com,Female,1998,Nissan,240SX,Los Angeles,California,90094,US,33.9754,-118.417,90311,Koss-Crooks,07/16/2024
575,Maria,Goulborn,mgoulbornfy@yahoo.co.jp,Female,2008,Chevrolet,Express 3500,Newton,Massachusetts,02458,US,42.3528,-71.1875,76835,"Bechtelar, Mann and Brown",03/26/2025
576,Nicol,Gouch,ngouchfz@deliciousdays.com,Female,2001,Volvo,S80,Wilmington,Delaware,19805,US,39.7434,-75.5827,86105,Koch Inc,06/22/2025
577,Roberta,Blasetti,rblasettig0@geocities.com,Genderfluid,2003,Isuzu,Ascender,Chattanooga,Tennessee,37405,US,35.0768,-85.3082,35772,"Hammes, Kutch and Pfannerstill",05/12/2024
578,Mela,Poulett,mpoulettg1@google.com.au,Female,2005,Honda,S2000,San Diego,California,92137,US,32.8538,-117.1197,41636,"Dooley, Collier and Hoeger",07/27/2023
579,Katrine,Brodie,kbrodieg2@apple.com,Female,2006,Mercedes-Benz,SLK-Class,San Jose,California,95150,US,37.3866,-121.897,36880,"O'Reilly, Bogan and Lang",11/26/2024
580,Geoffry,Albone,galboneg3@123-reg.co.uk,Male,2011,Toyota,Venza,Tampa,Florida,33605,US,27.9671,-82.4334,38184,Lesch Group,04/17/2024
581,Kilian,Edworthy,kedworthyg4@hubpages.com,Male,2008,Audi,A4,Miami,Florida,33129,US,25.7559,-80.2013,66850,Williamson-Crona,09/10/2024
582,Arly,Croyser,acroyserg5@photobucket.com,Female,1990,Mitsubishi,Galant,Amarillo,Texas,79188,US,35.1885,-101.8165,57674,Huel-Crist,07/09/2022
583,Harman,Heeran,hheerang6@naver.com,Male,2001,Nissan,Maxima,Norcross,Georgia,30092,US,33.9677,-84.2438,56906,Williamson-Champlin,07/26/2023
584,Liam,Hodcroft,lhodcroftg7@networkadvertising.org,Male,1971,Pontiac,Grand Prix,Arlington,Virginia,22217,US,38.8808,-77.113,43181,"Kiehn, Sawayn and Olson",11/14/2025
585,Kaela,Howley,khowleyg8@army.mil,Female,2000,Dodge,Dakota,Alpharetta,Georgia,30022,US,34.0268,-84.2422,89681,"Nienow, Dickinson and Abshire",07/14/2023
586,Giraldo,Gavigan,ggavigang9@mysql.com,Male,1994,Jaguar,XJ Series,Wichita,Kansas,67230,US,37.6808,-97.1558,98575,"Legros, Lebsack and Weber",11/21/2023
587,Cal,Prosh,cproshga@ebay.com,Male,2010,Lexus,HS,Harrisburg,Pennsylvania,17140,US,40.3086,-76.8464,59740,Ledner Group,08/22/2024
588,Cly,Cheasman,ccheasmangb@wordpress.org,Male,1993,Buick,Coachbuilder,Richmond,Virginia,23289,US,37.5313,-77.4161,68752,"Smitham, Von and Windler",10/30/2024
589,Delano,Hardacre,dhardacregc@globo.com,Male,2011,Dodge,Ram,Lexington,Kentucky,40515,US,37.9651,-84.4708,92527,Torphy-Paucek,10/06/2025
590,Miran,MacDunleavy,mmacdunleavygd@bloomberg.com,Female,2010,GMC,Sierra 2500,Chicago,Illinois,60636,US,41.776,-87.6674,53150,"Konopelski, Torp and Casper",03/16/2023
591,Dredi,Torregiani,dtorregianige@photobucket.com,Female,1996,Mazda,Millenia,Indianapolis,Indiana,46207,US,39.7673,-86.1606,54148,"Huels, Kunze and Stamm",05/03/2022
592,Reiko,Acklands,racklandsgf@freewebs.com,Female,2005,Chevrolet,Blazer,Cincinnati,Ohio,45208,US,39.1361,-84.4355,32095,"Rosenbaum, Parker and Turner",04/27/2025
593,Joseph,Beirne,jbeirnegg@sohu.com,Male,2006,Kia,Amanti,Los Angeles,California,90094,US,33.9754,-118.417,32523,Jaskolski-Corkery,12/03/2022
594,Lin,Willmore,lwillmoregh@yahoo.co.jp,Female,1996,Land Rover,Range Rover,Pittsburgh,Pennsylvania,15250,US,40.4344,-80.0248,83027,Hackett and Sons,04/10/2022
595,Dallas,McArthur,dmcarthurgi@hibu.com,Male,2011,Ford,Ranger,Los Angeles,California,90101,US,33.7866,-118.2987,52173,Daugherty and Sons,01/03/2024
596,Zacharia,Geroldi,zgeroldigj@whitehouse.gov,Male,2010,Suzuki,SX4,Escondido,California,92030,US,33.0169,-116.846,61505,"Huel, Greenholt and Spencer",08/30/2023
597,Lyell,Downs,ldownsgk@wisc.edu,Bigender,2001,Hyundai,XG300,Columbus,Ohio,43240,US,40.1454,-82.9817,51690,Lemke LLC,08/21/2022
598,Nicola,Bedrosian,nbedrosiangl@google.com.br,Male,2000,Lincoln,Continental,Phoenix,Arizona,85045,US,33.3022,-112.1226,88225,Wilkinson LLC,01/12/2023
599,Early,Whitticks,ewhitticksgm@prnewswire.com,Male,2007,Ford,Taurus,San Jose,California,95160,US,37.2187,-121.8601,95279,"Schmitt, Schinner and Bayer",12/27/2025
600,Cacilie,Hinnerk,chinnerkgn@tamu.edu,Female,1997,Chevrolet,Lumina,Sparks,Nevada,89436,US,39.6269,-119.7081,60512,"Williamson, Hoeger and Hills",06/10/2022
601,Barbie,Negus,bnegusgo@indiegogo.com,Female,2006,Hyundai,Santa Fe,Las Vegas,Nevada,89105,US,36.086,-115.1471,36975,Dickens Group,12/18/2024
602,Orson,Lonnon,olonnongp@wordpress.org,Male,1998,Mitsubishi,Challenger,Bronx,New York,10464,US,40.8469,-73.7874,72298,Koch Inc,06/04/2022
603,Diannne,Solon,dsolongq@reuters.com,Polygender,2012,Volvo,S80,Cincinnati,Ohio,45271,US,39.1668,-84.5382,61460,"Terry, Waelchi and Mitchell",12/22/2025
604,Windham,Saggs,wsaggsgr@domainmarket.com,Male,1991,Mitsubishi,GTO,Chula Vista,California,91913,US,32.6513,-116.9852,86026,"Howell, Lueilwitz and Grady",11/14/2025
605,Pauletta,Emberson,pembersongs@engadget.com,Female,1992,GMC,Jimmy,Saint Louis,Missouri,63169,US,38.6531,-90.2435,44375,McDermott-Beier,11/11/2022
606,Elsbeth,Hudghton,ehudghtongt@delicious.com,Female,2012,Lexus,RX,Houston,Texas,77065,US,29.9319,-95.6106,68071,Osinski-Auer,05/28/2022
607,Celinka,Mosley,cmosleygu@bandcamp.com,Female,2010,Acura,RL,Fort Lauderdale,Florida,33310,US,26.1443,-80.2069,77603,Cummings Inc,10/07/2023
608,Mayor,Sumption,msumptiongv@sina.com.cn,Male,1994,Dodge,Ram Van B150,Austin,Texas,78726,US,30.43,-97.8326,34018,Huel Group,05/07/2024
609,Merrilee,Carthy,mcarthygw@w3.org,Female,1991,Porsche,928,Oceanside,California,92056,US,33.1968,-117.2831,67489,Huel and Sons,05/18/2025
610,Randolf,Lehon,rlehongx@parallels.com,Male,2002,GMC,Savana 3500,New Bedford,Massachusetts,02745,US,41.6913,-70.9355,88730,Hudson-Toy,10/20/2025
611,Tatiania,Summerlee,tsummerleegy@nasa.gov,Polygender,2009,Honda,Odyssey,Louisville,Kentucky,40210,US,38.2306,-85.7905,34740,Emard and Sons,12/05/2024
612,Phillip,Simoni,psimonigz@google.com,Male,1989,Mercury,Sable,Huntington,West Virginia,25705,US,38.4096,-82.369,39409,"Jones, Beer and Brakus",07/20/2022
613,Irwinn,Kitchaside,ikitchasideh0@sina.com.cn,Male,1996,BMW,3 Series,Gadsden,Alabama,35905,US,33.9352,-85.9576,54109,Sporer-Fahey,08/12/2022
614,Cheri,De Freyne,cdefreyneh1@bloomberg.com,Female,2006,Nissan,Quest,Saint Paul,Minnesota,55103,US,44.9608,-93.1216,85436,Hayes LLC,06/20/2022
615,Artemas,Rickford,arickfordh2@home.pl,Male,2004,GMC,Envoy XL,Houston,Texas,77212,US,29.834,-95.4342,86830,"Abshire, Hamill and Oberbrunner",02/25/2023
616,Berenice,Tavner,btavnerh3@bravesites.com,Female,2011,GMC,Terrain,Davenport,Iowa,52804,US,41.5386,-90.6115,58645,Metz-Rath,01/09/2026
617,Abrahan,Riddell,ariddellh4@oracle.com,Male,2008,Suzuki,Daewoo Lacetti,Washington,District of Columbia,20046,US,38.8933,-77.0146,82196,"Cormier, Lang and Gleichner",02/22/2022
618,Jarad,Zanetello,jzanetelloh5@com.com,Male,2010,GMC,Savana 2500,Huntsville,Alabama,35895,US,34.734,-86.5229,96391,"Murazik, Dietrich and Wiegand",08/13/2023
619,Jamaal,Renish,jrenishh6@skyrock.com,Male,1994,Chevrolet,Sportvan G20,Cape Coral,Florida,33915,US,26.6599,-81.8934,61488,Bruen Inc,07/31/2022
620,Lori,Gallear,lgallearh7@auda.org.au,Female,2011,Lexus,GX,Knoxville,Tennessee,37914,US,35.9918,-83.8496,53034,Hegmann-Harber,03/01/2025
621,Roberta,Cariss,rcarissh8@japanpost.jp,Female,2009,Honda,Ridgeline,Kansas City,Missouri,64149,US,38.8606,-94.4636,55273,Hartmann-Sanford,03/22/2024
622,Ray,Burkwood,rburkwoodh9@studiopress.com,Female,1992,Cadillac,Brougham,Baton Rouge,Louisiana,70883,US,30.5159,-91.0804,70659,Kihn LLC,01/03/2025
623,Elfrida,Bruniges,ebrunigesha@sourceforge.net,Female,1987,Buick,Electra,Petaluma,California,94975,US,38.4631,-122.99,86755,Carroll-Heaney,07/27/2022
624,Rasla,Keaveny,rkeavenyhb@booking.com,Female,2002,GMC,Sonoma,Los Angeles,California,90071,US,34.0529,-118.2549,80759,Larson-West,07/02/2022
625,Juliann,Chevers,jchevershc@privacy.gov.au,Female,2011,Chrysler,Town & Country,Fayetteville,North Carolina,28314,US,35.0583,-79.008,73530,"Baumbach, McKenzie and Abernathy",01/18/2023
626,Marybelle,Colgrave,mcolgravehd@last.fm,Female,2005,Chevrolet,Corvette,Scottsdale,Arizona,85255,US,33.6968,-111.8892,32697,Schulist and Sons,07/08/2022
627,Heida,Markie,hmarkiehe@lycos.com,Female,1998,Nissan,Frontier,Topeka,Kansas,66611,US,39.0142,-95.6982,81711,Russel Group,03/11/2025
628,June,Roget,jrogethf@archive.org,Female,2010,Volvo,S60,Albany,New York,12237,US,42.6149,-73.9708,96282,Wisoky-Strosin,01/19/2026
629,Keven,Macklam,kmacklamhg@paypal.com,Male,1997,Chrysler,Sebring,Seattle,Washington,98195,US,47.6564,-122.3048,63589,Parker Group,08/12/2024
630,Jacki,Blakey,jblakeyhh@un.org,Female,2005,Mitsubishi,Diamante,Miami,Florida,33164,US,25.5584,-80.4582,56532,Mitchell LLC,12/21/2024
631,Thomasa,Kitcatt,tkitcatthi@redcross.org,Female,2001,Cadillac,Eldorado,Amarillo,Texas,79105,US,35.4015,-101.8951,94639,"Nolan, Kerluke and Blick",05/06/2023
632,Claudius,Esposita,cespositahj@macromedia.com,Male,1992,Mazda,Navajo,Jacksonville,Florida,32277,US,30.3704,-81.5864,62548,"Marvin, Crooks and Corkery",07/23/2024
633,Samantha,Millichip,smillichiphk@ehow.com,Female,2011,Chrysler,300,New Haven,Connecticut,06505,US,41.3057,-72.7799,32753,Denesik-Bode,10/07/2025
634,Roxana,Murley,rmurleyhl@joomla.org,Female,1989,Audi,100,Colorado Springs,Colorado,80995,US,38.8247,-104.562,98654,Dickinson-Klocko,08/11/2025
635,Ossie,Sander,osanderhm@wikia.com,Male,1994,Toyota,Paseo,Erie,Pennsylvania,16565,US,42.1827,-80.0649,37432,Prosacco-Upton,04/21/2025
636,Hyacinthe,Gummow,hgummowhn@php.net,Female,1989,Mitsubishi,L300,Cumming,Georgia,30130,US,34.2216,-84.1537,88270,Feeney Group,02/05/2022
637,Marlena,Cawood,mcawoodho@state.tx.us,Female,1995,Dodge,Neon,Boston,Massachusetts,02114,US,42.3611,-71.0682,88785,"Ward, Block and Gulgowski",03/04/2022
638,Lenna,Attew,lattewhp@goo.ne.jp,Female,1999,Chevrolet,Monte Carlo,Milwaukee,Wisconsin,53205,US,43.0528,-87.9353,50625,Rutherford Group,08/16/2024
639,Olivia,Tripney,otripneyhq@purevolume.com,Female,2000,Ford,Explorer Sport,Dallas,Texas,75387,US,32.7673,-96.7776,56427,"Waters, Towne and Hahn",06/20/2024
640,Diane,Ephgrave,dephgravehr@yelp.com,Female,1985,Mitsubishi,Pajero,Fort Wayne,Indiana,46805,US,41.0977,-85.1189,92129,Emmerich LLC,01/12/2024
641,Marybelle,Standish-Brooks,mstandishbrookshs@timesonline.co.uk,Female,1997,Chrysler,Town & Country,Santa Ana,California,92725,US,33.7465,-117.8662,87273,Legros and Sons,04/24/2022
642,Tristan,Probart,tprobartht@yolasite.com,Male,2008,Mercedes-Benz,CLK-Class,Bloomington,Indiana,47405,US,39.1682,-86.5186,89686,Bahringer LLC,11/16/2025
643,Georgi,Baguley,gbaguleyhu@oakley.com,Male,1988,Mazda,RX-7,Greenville,South Carolina,29610,US,34.8497,-82.4538,70941,Miller-McGlynn,11/23/2025
644,Ogdon,Basham,obashamhv@parallels.com,Male,1994,Dodge,Ram 3500,Rochester,New York,14609,US,43.174,-77.5637,67126,Lindgren and Sons,12/20/2022
645,Teodora,Beadell,tbeadellhw@cocolog-nifty.com,Female,1977,Chevrolet,Caprice,South Bend,Indiana,46634,US,41.5968,-86.293,55301,Deckow Inc,04/12/2023
646,Hannie,Attfield,hattfieldhx@addthis.com,Female,2002,MINI,Cooper,Lexington,Kentucky,40591,US,38.0283,-84.4715,42057,Stamm Inc,07/15/2023
647,Brigham,Van Oord,bvanoordhy@theguardian.com,Male,1995,GMC,Sonoma,Montgomery,Alabama,36119,US,32.2334,-86.2085,84994,"Harber, Koss and Nikolaus",05/30/2023
648,Inna,Mattock,imattockhz@blogspot.com,Female,2003,Subaru,Legacy,Athens,Georgia,30605,US,33.9321,-83.3525,38899,Gusikowski Inc,09/29/2024
649,Christal,Lilywhite,clilywhitei0@virginia.edu,Female,2010,Ford,Explorer,Saint Louis,Missouri,63121,US,38.7072,-90.3055,97632,Witting Inc,08/30/2025
650,Averyl,Bandiera,abandierai1@about.me,Female,1991,Volkswagen,Cabriolet,Dallas,Texas,75379,US,32.7673,-96.7776,69589,Koepp and Sons,12/27/2025
651,Daphne,Chominski,dchominskii2@liveinternet.ru,Female,2012,Lexus,RX,Salt Lake City,Utah,84135,US,40.6681,-111.9083,38912,Powlowski Inc,04/02/2025
652,Obie,Drewery,odreweryi3@omniture.com,Male,2008,Mazda,B-Series,Buffalo,New York,14269,US,42.7684,-78.8871,70653,Prohaska LLC,09/11/2024
653,Liam,Nisbet,lnisbeti4@liveinternet.ru,Male,1995,Suzuki,Sidekick,New York City,New York,10060,US,40.7808,-73.9772,46004,Willms Inc,09/16/2024
654,Foss,Rabjohn,frabjohni5@wikia.com,Male,2000,Isuzu,Hombre Space,Roanoke,Virginia,24034,US,37.2742,-79.9579,40066,Mann Inc,08/08/2025
655,Titus,Kenryd,tkenrydi6@livejournal.com,Male,1999,Mazda,B-Series Plus,Sacramento,California,95818,US,38.5568,-121.4929,98922,"Blick, Marquardt and Abbott",08/07/2022
656,Bink,Bosket,bbosketi7@kickstarter.com,Male,1992,Volkswagen,Passat,Brooklyn,New York,11247,US,40.6451,-73.945,94815,Pfannerstill-O'Kon,04/28/2025
657,Mirna,Bryson,mbrysoni8@dropbox.com,Female,2000,Chevrolet,Blazer,Phoenix,Arizona,85005,US,33.2765,-112.1872,39016,Schmidt-Howe,11/15/2024
658,Iggy,Vedenyapin,ivedenyapini9@hatena.ne.jp,Male,2004,Chevrolet,Impala,Texarkana,Texas,75507,US,33.3934,-94.3404,65710,Stoltenberg-Ferry,11/20/2023
659,Frederigo,Birkenhead,fbirkenheadia@cocolog-nifty.com,Male,2001,GMC,Savana 2500,South Bend,Indiana,46634,US,41.5968,-86.293,76282,Brown Inc,03/19/2024
660,Ram,Longcake,rlongcakeib@discovery.com,Male,2008,Chevrolet,Corvette,Fort Lauderdale,Florida,33355,US,26.1457,-80.4483,47742,Price LLC,08/09/2023
661,Immanuel,Elijahu,ielijahuic@ehow.com,Bigender,1994,Land Rover,Discovery,Greensboro,North Carolina,27499,US,36.0807,-80.0244,42369,Wuckert Group,12/30/2024
662,Queenie,Losbie,qlosbieid@drupal.org,Female,2006,Ford,E350,South Bend,Indiana,46614,US,41.6255,-86.2433,78415,Bosco-Cummerata,05/09/2025
663,Fanni,Downie,fdownieie@tumblr.com,Female,1998,Ford,Windstar,Mesa,Arizona,85210,US,33.3887,-111.8428,31679,Russel-Tromp,04/29/2025
664,Berte,Phateplace,bphateplaceif@berkeley.edu,Female,1997,Ford,Contour,Houston,Texas,77040,US,29.8744,-95.5278,92848,Harris-Trantow,10/16/2024
665,Tully,Berkley,tberkleyig@ucoz.com,Male,2007,Infiniti,QX56,Spartanburg,South Carolina,29305,US,35.1114,-82.1055,71821,"Marvin, Schimmel and Kautzer",11/27/2023
666,Griffin,Ickov,gickovih@wired.com,Male,2012,Toyota,Yaris,Santa Barbara,California,93150,US,34.2628,-119.8486,78223,Lebsack-Haag,02/25/2022
667,Cathi,Gauler,cgaulerii@oracle.com,Female,2003,Jeep,Grand Cherokee,Detroit,Michigan,48295,US,42.2399,-83.1508,32374,Kihn-Wilkinson,09/18/2025
668,Bald,Lebang,blebangij@amazon.co.jp,Male,2005,Dodge,Ram 3500,Springfield,Illinois,62723,US,39.7495,-89.606,75154,Pollich and Sons,01/12/2024
669,Barnabas,Drakeford,bdrakefordik@auda.org.au,Male,2003,Mercedes-Benz,CL-Class,Washington,District of Columbia,56944,US,38.8952,-77.0365,49306,Bruen Inc,07/16/2022
670,Lorna,Squires,lsquiresil@unc.edu,Female,2003,Chevrolet,Avalanche 1500,Tallahassee,Florida,32399,US,30.4494,-84.291,87182,Kling LLC,10/19/2022
671,Kalvin,Bedlington,kbedlingtonim@businesswire.com,Male,1998,Lamborghini,Diablo,Topeka,Kansas,66606,US,39.0583,-95.7095,73890,Fisher-VonRueden,09/22/2024
672,Emlen,Dakin,edakinin@fda.gov,Male,2001,Honda,CR-V,Des Moines,Iowa,50335,US,41.6727,-93.5722,50278,Schmeler Inc,12/30/2024
673,Faber,Blundel,fblundelio@1und1.de,Non-binary,1989,Ford,Aerostar,Des Moines,Iowa,50347,US,41.6727,-93.5722,48472,"Schaden, Hickle and Oberbrunner",09/25/2022
674,Bernete,Feare,bfeareip@amazon.co.uk,Female,2012,Ford,F150,Houston,Texas,77234,US,29.834,-95.4342,48562,McLaughlin and Sons,12/05/2025
675,Irwinn,Katz,ikatziq@boston.com,Male,1989,Ford,Bronco II,Myrtle Beach,South Carolina,29579,US,33.7377,-78.9787,38440,Wiegand Group,04/10/2024
676,Ingar,Tozer,itozerir@chron.com,Male,2009,Jeep,Commander,Cincinnati,Ohio,45208,US,39.1361,-84.4355,91127,"Marvin, Carter and Okuneva",10/21/2022
677,Ephraim,Trippitt,etrippittis@is.gd,Polygender,1996,Plymouth,Breeze,Lehigh Acres,Florida,33972,US,26.6492,-81.6167,58020,Mann LLC,09/21/2023
678,Georgie,Krysztofiak,gkrysztofiakit@amazonaws.com,Female,2012,GMC,Sierra 2500,Jackson,Mississippi,39236,US,32.3113,-90.3972,35583,"McDermott, Schmitt and Zemlak",12/06/2024
679,Effie,Du Plantier,eduplantieriu@angelfire.com,Female,2001,Land Rover,Discovery,Miami,Florida,33261,US,25.5584,-80.4582,52428,Donnelly LLC,11/04/2025
680,Friederike,Delaprelle,fdelaprelleiv@fastcompany.com,Female,2002,Pontiac,Aztek,Columbus,Georgia,31998,US,32.491,-84.8741,41404,Harber Inc,04/06/2023
681,Derry,Duchan,dduchaniw@webmd.com,Male,2002,Acura,NSX,Virginia Beach,Virginia,23459,US,36.9216,-76.0171,74387,Barton-Turner,03/28/2023
682,Lorrie,Kobieriecki,lkobierieckiix@rambler.ru,Male,2006,Audi,A6,Colorado Springs,Colorado,80940,US,38.8247,-104.562,92563,Goldner-Berge,03/27/2022
683,Stevena,Noen,snoeniy@bizjournals.com,Genderfluid,2006,Chevrolet,Malibu Maxx,Seattle,Washington,98140,US,47.4323,-121.8034,88838,"Cremin, Rogahn and Miller",06/08/2023
684,Red,Fishley,rfishleyiz@dot.gov,Non-binary,1993,Toyota,4Runner,Peoria,Illinois,61629,US,40.692,-89.5887,39943,Bogan-Zemlak,01/28/2025
685,Arnoldo,Kensitt,akensittj0@aboutads.info,Male,1995,Volkswagen,Jetta III,Arlington,Virginia,22205,US,38.8836,-77.1395,83461,Sawayn-Dicki,11/02/2024
686,Ragnar,Ivanenko,rivanenkoj1@imgur.com,Male,1987,Ford,Bronco,Durham,North Carolina,27717,US,36.0512,-78.8577,70741,Hintz and Sons,07/21/2025
687,Barnie,Bradshaw,bbradshawj2@domainmarket.com,Male,2010,GMC,Sierra 3500,New Orleans,Louisiana,70154,US,30.033,-89.8826,33600,Reichel Group,04/01/2025
688,Adelheid,Prettyjohn,aprettyjohnj3@google.com.au,Female,2004,Suzuki,Aerio,Los Angeles,California,90071,US,34.0529,-118.2549,68005,Carroll Group,11/23/2024
689,Adham,Duck,aduckj4@yellowbook.com,Male,1973,Pontiac,GTO,San Diego,California,92105,US,32.7423,-117.0947,76556,O'Conner Group,12/17/2024
690,Nan,Fenney,nfenneyj5@hatena.ne.jp,Female,2011,Lotus,Exige,Lexington,Kentucky,40515,US,37.9651,-84.4708,56460,"Jacobi, Little and Schmeler",07/09/2024
691,Uriel,Brimmacombe,ubrimmacombej6@jugem.jp,Male,1987,Mazda,626,Phoenix,Arizona,85025,US,33.4226,-111.7236,81033,"Parisian, Langosh and Yundt",08/09/2025
692,Gabriel,Balthasar,gbalthasarj7@army.mil,Male,2001,Chrysler,PT Cruiser,Fort Smith,Arkansas,72916,US,35.2502,-94.3703,44072,Bogisich-Keeling,02/20/2023
693,Vaughn,Basham,vbashamj8@state.gov,Male,2009,Ford,F-Series Super Duty,Alpharetta,Georgia,30022,US,34.0268,-84.2422,65399,Renner LLC,08/06/2024
694,Dian,Hiland,dhilandj9@ca.gov,Female,2013,Chevrolet,Malibu,Peoria,Illinois,61605,US,40.6775,-89.6263,74558,Wilkinson LLC,03/23/2025
695,Korie,Bernadot,kbernadotja@edublogs.org,Female,2002,GMC,Sierra 1500,Tulsa,Oklahoma,74133,US,36.0467,-95.8841,56758,"Kertzmann, Labadie and Hackett",03/03/2023
696,Heddie,Blakeman,hblakemanjb@tuttocitta.it,Female,2008,Suzuki,SX4,Miami,Florida,33153,US,25.8655,-80.1936,83154,"Schoen, Kohler and Kautzer",12/15/2023
697,Gelya,Orris,gorrisjc@hhs.gov,Female,2009,Chevrolet,Colorado,Rochester,New York,14646,US,43.286,-77.6843,78018,Gottlieb and Sons,02/27/2022
698,Thomasina,Rawcliffe,trawcliffejd@wired.com,Female,2004,GMC,Sierra 2500,Springfield,Ohio,45505,US,39.9106,-83.7856,72424,Schneider and Sons,04/18/2022
699,Serene,Dome,sdomeje@adobe.com,Female,2010,Mazda,CX-9,Houston,Texas,77250,US,29.7629,-95.3629,77988,Langosh-Johnson,08/11/2023
700,Reggy,Speddin,rspeddinjf@unblog.fr,Non-binary,1986,Buick,LeSabre,Pittsburgh,Pennsylvania,15220,US,40.4181,-80.0526,48665,Nader-Lebsack,09/25/2023
701,Udale,Maden,umadenjg@va.gov,Male,1993,Mercedes-Benz,400E,Richmond,Virginia,23242,US,37.5313,-77.4161,31718,Hilll-Welch,07/22/2024
702,Linnea,Soreau,lsoreaujh@freewebs.com,Female,2012,Volkswagen,Tiguan,Charleston,West Virginia,25305,US,38.3358,-81.6123,99269,Schneider-Ward,11/22/2025
703,Nerissa,Di Bartolommeo,ndibartolommeoji@dropbox.com,Female,2013,Lincoln,MKT,Salt Lake City,Utah,84152,US,40.7286,-111.6627,62664,"Weber, Mueller and Pollich",03/04/2023
704,Wheeler,Troughton,wtroughtonjj@seattletimes.com,Male,2004,Nissan,Pathfinder Armada,Savannah,Georgia,31422,US,31.9714,-81.0716,88623,Harris Inc,11/03/2023
705,Farand,Juzek,fjuzekjk@psu.edu,Female,1995,Nissan,300ZX,Santa Fe,New Mexico,87592,US,35.5212,-105.9818,48522,Kuhlman-Prosacco,07/05/2025
706,Ogden,Lapthorne,olapthornejl@eepurl.com,Male,2004,Volvo,V40,Omaha,Nebraska,68197,US,41.249,-96.0274,85886,Goodwin Group,06/25/2022
707,Ami,Leathwood,aleathwoodjm@phpbb.com,Female,1998,Dodge,Dakota Club,Indianapolis,Indiana,46254,US,39.849,-86.272,55522,Hyatt-Kertzmann,05/23/2025
708,Tomkin,Bennett,tbennettjn@lulu.com,Male,1997,Nissan,Pathfinder,Washington,District of Columbia,20575,US,38.8933,-77.0146,73862,Oberbrunner-Turner,03/16/2022
709,Gard,Fiorentino,gfiorentinojo@twitpic.com,Male,2007,Ford,Expedition EL,Fort Wayne,Indiana,46814,US,41.0456,-85.3058,88105,Zemlak Inc,12/27/2022
710,Karolina,McCory,kmccoryjp@alexa.com,Female,1994,Ford,Ranger,Cincinnati,Ohio,45203,US,39.1075,-84.5257,86940,"Jacobson, Kuvalis and Parker",03/27/2024
711,Sophronia,Dottridge,sdottridgejq@ocn.ne.jp,Female,2012,Tesla,Roadster,Oklahoma City,Oklahoma,73104,US,35.4794,-97.5017,73506,Halvorson Inc,10/08/2025
712,Farlay,Deftie,fdeftiejr@lulu.com,Male,2008,Lexus,IS F,New York City,New York,10170,US,40.7526,-73.9755,64838,Harvey-Huels,07/17/2023
713,Doll,Spiller,dspillerjs@prweb.com,Female,2008,Nissan,Maxima,Rochester,Minnesota,55905,US,44.0225,-92.4668,58136,Brekke Inc,06/13/2024
714,Any,Fantonetti,afantonettijt@narod.ru,Male,2002,Jaguar,S-Type,Saint Louis,Missouri,63196,US,38.6531,-90.2435,58035,"Kovacek, Pouros and Oberbrunner",08/18/2023
715,Bridget,Lombardo,blombardoju@reverbnation.com,Female,2011,Ford,Fusion,Houston,Texas,77260,US,29.7687,-95.3867,54292,Beahan-Harvey,02/20/2025
716,Asa,Daltrey,adaltreyjv@weather.com,Male,2006,Lexus,LX,Charlottesville,Virginia,22903,US,38.0339,-78.4924,31595,Conn Inc,05/23/2023
717,Piggy,Hatton,phattonjw@slideshare.net,Male,2006,Chevrolet,Aveo,Myrtle Beach,South Carolina,29579,US,33.7377,-78.9787,45315,Zieme LLC,03/09/2022
718,Nadia,Claesens,nclaesensjx@google.cn,Female,1994,Subaru,SVX,Wilmington,Delaware,19886,US,39.5645,-75.597,47935,Bailey and Sons,07/16/2024
719,Cherice,Doyle,cdoylejy@geocities.com,Female,2012,Cadillac,Escalade EXT,Pompano Beach,Florida,33069,US,26.2288,-80.1635,56835,Haley-Dare,04/22/2022
720,Calvin,Meakes,cmeakesjz@sitemeter.com,Male,1996,Mercedes-Benz,S-Class,New Orleans,Louisiana,70116,US,29.9686,-90.0646,37147,"Kunze, Bosco and Keeling",06/15/2023
721,Lory,Marquet,lmarquetk0@about.me,Female,1988,Ford,LTD Crown Victoria,Cumming,Georgia,30130,US,34.2216,-84.1537,76912,Fisher-Fritsch,09/09/2023
722,Ganny,Rentz,grentzk1@bluehost.com,Male,2003,Hyundai,XG350,Brooklyn,New York,11231,US,40.6794,-74.0014,68218,Schumm-Keeling,06/21/2023
723,Christoph,Fittis,cfittisk2@tamu.edu,Male,1992,Volkswagen,Cabriolet,Saint Paul,Minnesota,55127,US,45.0803,-93.0875,80505,"Pouros, Becker and Cassin",03/13/2025
724,Esteban,Symcoxe,esymcoxek3@disqus.com,Male,2000,Toyota,Camry,Lincoln,Nebraska,68531,US,40.9008,-96.7201,34160,"Balistreri, Kutch and Yost",01/03/2024
725,Ty,Wallice,twallicek4@zimbio.com,Male,1994,Audi,Cabriolet,Phoenix,Arizona,85015,US,33.5082,-112.1011,94356,"Hackett, Kutch and Quigley",02/13/2025
726,Janot,Spering,jsperingk5@chicagotribune.com,Genderqueer,2009,Lincoln,MKS,Hartford,Connecticut,06120,US,41.786,-72.6758,32473,Bergstrom Group,01/27/2023
727,Galven,Keynes,gkeynesk6@icio.us,Male,2006,Lincoln,LS,Cincinnati,Ohio,45208,US,39.1361,-84.4355,68230,Pfeffer-Waters,11/23/2022
728,Elsi,Spaxman,espaxmank7@yellowbook.com,Female,2007,Toyota,TundraMax,Grand Forks,North Dakota,58207,US,47.9335,-97.3944,97866,Hilll-Walsh,02/23/2025
729,Hugo,Bailiss,hbailissk8@linkedin.com,Male,1996,Honda,Odyssey,Sioux City,Iowa,51105,US,42.5032,-96.3829,76635,"Thompson, King and Feeney",08/31/2025
730,Land,Harg,lhargk9@dailymail.co.uk,Male,1993,Dodge,Colt,San Antonio,Texas,78230,US,29.5407,-98.5521,48857,Witting-Hilpert,06/10/2025
731,Sollie,Girogetti,sgirogettika@state.tx.us,Male,2007,Volvo,S60,Olympia,Washington,98506,US,47.1042,-122.87,90743,Prosacco-Feil,09/23/2024
732,Delbert,Askwith,daskwithkb@about.me,Male,1988,Lotus,Esprit,Erie,Pennsylvania,16510,US,42.1087,-79.9535,80524,Cassin and Sons,02/18/2024
733,Brynna,Drinkwater,bdrinkwaterkc@nyu.edu,Female,2002,Toyota,Sienna,Pueblo,Colorado,81010,US,38.1286,-104.5523,47470,Blanda Group,03/09/2025
734,Katya,Ferrelli,kferrellikd@hexun.com,Female,1992,Audi,V8,Gilbert,Arizona,85297,US,33.2781,-111.7096,65352,"Conroy, Lindgren and Kris",04/25/2023
735,Delmer,Mordin,dmordinke@xrea.com,Male,1999,Buick,Regal,Worcester,Massachusetts,01610,US,42.2492,-71.8108,44290,Will LLC,10/02/2023
736,Clarisse,Dobby,cdobbykf@cbc.ca,Female,1990,Mitsubishi,Truck,Mobile,Alabama,36605,US,30.6341,-88.0846,37106,"Bartoletti, Nienow and Wiza",09/09/2023
737,Dotty,Keyzman,dkeyzmankg@webs.com,Female,2000,Toyota,4Runner,Saint Louis,Missouri,63116,US,38.5814,-90.2625,33000,Gislason LLC,09/14/2022
738,Marta,Sandey,msandeykh@odnoklassniki.ru,Polygender,1996,Ford,Ranger,El Paso,Texas,88563,US,31.6948,-106.3,58628,"Krajcik, Wisozk and Ward",09/04/2022
739,Chucho,Twigger,ctwiggerki@economist.com,Male,2006,Lexus,SC,Cleveland,Ohio,44177,US,41.6857,-81.6728,94090,"Grady, Vandervort and Connelly",01/30/2025
740,Darb,Divina,ddivinakj@craigslist.org,Female,2000,Chrysler,Sebring,Jackson,Mississippi,39236,US,32.3113,-90.3972,30242,Purdy LLC,01/28/2025
741,Holly,Wisdom,hwisdomkk@ca.gov,Female,2002,Toyota,Land Cruiser,Austin,Texas,78783,US,30.3264,-97.7713,44675,"Stroman, Harvey and Stanton",03/24/2023
742,Mara,Osler,moslerkl@gravatar.com,Polygender,2009,Mitsubishi,Tundra,New York City,New York,10060,US,40.7808,-73.9772,82417,Lynch Inc,03/04/2024
743,Kenneth,Lamey,klameykm@woothemes.com,Male,1958,Ford,Thunderbird,Longview,Texas,75605,US,32.5547,-94.7767,59699,Abernathy-Kovacek,04/02/2022
744,Tatiana,Jarnell,tjarnellkn@altervista.org,Female,2006,Ford,F-350 Super Duty,Washington,District of Columbia,20404,US,38.8992,-77.0089,77958,"Effertz, Harvey and Koss",10/21/2023
745,Tarah,Lindholm,tlindholmko@about.com,Female,1996,Chevrolet,G-Series 2500,Denver,Colorado,80217,US,39.7388,-104.4083,49710,Ferry LLC,12/25/2023
746,Wylie,Primarolo,wprimarolokp@facebook.com,Male,2012,Mitsubishi,Eclipse,Houston,Texas,77065,US,29.9319,-95.6106,63836,Orn-McCullough,09/30/2022
747,Theo,Kiln,tkilnkq@opera.com,Female,2007,Honda,Pilot,Fresno,California,93762,US,36.7464,-119.6397,80832,"Bradtke, Bode and Roob",05/13/2022
748,Patsy,Sainsberry,psainsberrykr@webeden.co.uk,Male,1995,Ford,Explorer,Asheville,North Carolina,28815,US,35.6203,-82.5286,58520,Stracke-O'Conner,09/20/2025
749,Lalo,Ahearne,lahearneks@scribd.com,Male,1985,Plymouth,Voyager,Portland,Oregon,97255,US,45.5806,-122.3748,86171,"Altenwerth, Wiegand and Murphy",10/20/2023
750,Dilan,Klehyn,dklehynkt@bloglovin.com,Male,2011,Chevrolet,Silverado,Des Moines,Iowa,50320,US,41.5487,-93.5827,41868,Pollich-Schmeler,06/06/2024
751,Lonee,Waterworth,lwaterworthku@skype.com,Female,1997,Oldsmobile,Cutlass,Lancaster,California,93584,US,33.7866,-118.2987,78939,Bruen-Erdman,02/05/2025
752,Lavinie,Jeppe,ljeppekv@newyorker.com,Female,2008,MINI,Cooper,Iowa City,Iowa,52245,US,41.6649,-91.5151,64397,Jakubowski-Mertz,01/26/2025
753,Reube,Beckles,rbeckleskw@1688.com,Male,1994,Dodge,Dakota,Meridian,Mississippi,39305,US,32.4401,-88.6783,52006,McClure-Green,07/05/2023
754,Earvin,Segge,eseggekx@amazon.co.jp,Male,1992,Dodge,Shadow,Indianapolis,Indiana,46247,US,39.7795,-86.1328,42084,Gorczany-Kessler,09/14/2024
755,Elsi,Du Fray,edufrayky@mac.com,Female,1989,Lincoln,Town Car,Los Angeles,California,90050,US,33.7866,-118.2987,88456,Braun Inc,10/05/2022
756,Adelice,Serginson,aserginsonkz@w3.org,Female,2011,Dodge,Challenger,Minneapolis,Minnesota,55428,US,45.0632,-93.3811,66978,"Kohler, Collier and Blick",01/04/2026
757,Jess,Brazer,jbrazerl0@amazon.co.uk,Male,1992,Hyundai,Elantra,Boca Raton,Florida,33499,US,26.6459,-80.4303,59025,Spinka Inc,07/16/2023
758,Eustace,Dumingo,edumingol1@usgs.gov,Male,1978,Pontiac,Grand Prix,San Bernardino,California,92415,US,34.84,-115.9671,56955,Mann-Pfeffer,05/22/2023
759,Paddy,Leal,pleall2@rambler.ru,Male,1985,Ford,Escort,Fort Worth,Texas,76129,US,32.7714,-97.2915,41422,Marvin and Sons,02/04/2022
760,Dierdre,Stitch,dstitchl3@comsenz.com,Female,1996,Dodge,Ram 3500,Laurel,Maryland,20709,US,38.8336,-76.8777,77682,Schroeder-Armstrong,01/06/2026
761,Brnaba,Jerisch,bjerischl4@studiopress.com,Male,2000,Land Rover,Discovery Series II,Young America,Minnesota,55557,US,44.8055,-93.7665,86491,Conn and Sons,05/09/2024
762,Alexandro,Donson,adonsonl5@friendfeed.com,Male,2007,Mercedes-Benz,S-Class,Charlotte,North Carolina,28230,US,35.26,-80.8042,49031,Dicki LLC,02/08/2022
763,Vitia,Beddon,vbeddonl6@unesco.org,Female,2010,Bentley,Brooklands,Nashville,Tennessee,37210,US,36.1379,-86.741,30677,"Sporer, Rolfson and Pagac",09/29/2024
764,Collette,Iacovo,ciacovol7@youtube.com,Female,1993,Subaru,Legacy,Indianapolis,Indiana,46226,US,39.8326,-86.0836,64349,Weber LLC,06/01/2023
765,Corissa,McPeice,cmcpeicel8@google.com.au,Genderfluid,1994,Buick,Century,Chattanooga,Tennessee,37450,US,35.2211,-85.2091,94037,Friesen-Quigley,03/29/2022
766,Pip,Della Scala,pdellascalal9@themeforest.net,Male,2008,Toyota,Camry,Delray Beach,Florida,33448,US,26.6459,-80.4303,62771,Kuhlman-Hirthe,09/08/2024
767,Seamus,Vanyashkin,svanyashkinla@naver.com,Male,1997,Ford,Econoline E150,Bronx,New York,10464,US,40.8469,-73.7874,82079,Daniel-Schoen,08/09/2024
768,Kellsie,Luby,klubylb@over-blog.com,Female,1986,Mazda,B-Series,Fort Lauderdale,Florida,33320,US,26.1625,-80.2582,92349,"Rosenbaum, Hyatt and Marvin",05/06/2022
769,Arin,MacKean,amackeanlc@va.gov,Male,2001,Dodge,Dakota Club,Cleveland,Ohio,44111,US,41.4571,-81.7844,51027,"Carter, Fritsch and Auer",12/26/2023
770,Kingsly,Gleasane,kgleasaneld@ucoz.com,Male,2005,Chrysler,Town & Country,New Orleans,Louisiana,70183,US,29.6779,-90.0901,43435,Boyle-Funk,05/20/2023
771,Twyla,Welsby,twelsbyle@acquirethisname.com,Female,2000,BMW,Z3,Tampa,Florida,33661,US,27.872,-82.4388,95115,McClure Group,12/14/2024
772,Wilt,Towne,wtownelf@stumbleupon.com,Male,2009,Ford,Expedition EL,Lancaster,Pennsylvania,17622,US,40.0418,-76.3012,55808,"Ruecker, Boyle and Boyer",10/20/2025
773,Wayne,Tebbe,wtebbelg@comsenz.com,Male,1989,Ford,F-Series,Seattle,Washington,98148,US,47.4441,-122.3249,91271,"Swift, Parker and Cassin",07/02/2023
774,Shelton,Catto,scattolh@surveymonkey.com,Male,2004,Cadillac,CTS,Washington,District of Columbia,20078,US,38.8933,-77.0146,84390,"Bruen, Crooks and Padberg",10/23/2024
775,Andrej,Toby,atobyli@sohu.com,Male,1985,Volkswagen,Scirocco,Charleston,West Virginia,25331,US,38.2968,-81.5547,46046,"Hessel, Tromp and Green",07/18/2023
776,Kalvin,Fickling,kficklinglj@jugem.jp,Male,1997,Mazda,626,San Jose,California,95128,US,37.3163,-121.9356,42062,White Inc,01/13/2026
777,Thomas,Scarff,tscarfflk@cbc.ca,Male,1998,Isuzu,Oasis,Longview,Texas,75605,US,32.5547,-94.7767,88452,"Streich, Aufderhar and Schumm",04/20/2024
778,Ajay,Worviell,aworviellll@aboutads.info,Female,2012,McLaren,MP4-12C,Richmond,Virginia,23203,US,37.5593,-77.4471,30710,Collins and Sons,07/12/2025
779,Nataline,Quixley,nquixleylm@sogou.com,Female,2007,Honda,CR-V,Inglewood,California,90398,US,33.7866,-118.2987,39311,"Weissnat, Durgan and Corkery",09/16/2025
780,Udall,Rentalll,urentalllln@netscape.com,Male,1999,Pontiac,Grand Prix,Lansing,Michigan,48919,US,42.7286,-84.5517,64216,Denesik-Spencer,10/10/2023
781,Dayle,Burnitt,dburnittlo@scribd.com,Female,1966,Oldsmobile,Toronado,Memphis,Tennessee,38126,US,35.1255,-90.0424,63461,"O'Keefe, Haley and Dickinson",03/27/2022
782,Robenia,Cockerton,rcockertonlp@naver.com,Female,1999,Cadillac,Seville,Santa Barbara,California,93111,US,34.4453,-119.8025,59361,"Anderson, Predovic and Baumbach",08/22/2023
783,Claudelle,Stoaks,cstoakslq@multiply.com,Female,2008,Nissan,Versa,Houston,Texas,77060,US,29.9335,-95.3981,48532,Bednar Group,11/09/2025
784,Fredrick,Dacke,fdackelr@umich.edu,Male,2009,BMW,6 Series,Lakeland,Florida,33811,US,27.9865,-82.0139,76730,Wunsch Group,08/20/2025
785,Franny,Barette,fbarettels@washingtonpost.com,Female,2007,Honda,Element,Tallahassee,Florida,32304,US,30.4478,-84.3211,46231,O'Hara-Goyette,01/22/2026
786,Billy,Mascall,bmascalllt@bandcamp.com,Female,2006,Ford,Escape,Saint Paul,Minnesota,55115,US,45.071,-92.9391,70763,"Hoeger, Huel and Luettgen",11/16/2024
787,Clerkclaude,Worden,cwordenlu@histats.com,Male,1970,Chevrolet,Camaro,Florence,South Carolina,29505,US,34.1231,-79.6893,57789,Heller Group,09/18/2024
788,Morty,Mattschas,mmattschaslv@wired.com,Male,2006,Bentley,Arnage,Naples,Florida,33963,US,26.2626,-81.8071,43670,"Ziemann, Bashirian and Block",10/02/2024
789,Brana,Smullin,bsmullinlw@dedecms.com,Bigender,1998,Chevrolet,Tracker,San Diego,California,92132,US,32.6437,-117.1384,53140,Trantow Group,08/22/2024
790,Werner,Barnewell,wbarnewelllx@bravesites.com,Male,2012,Nissan,NV1500,South Lake Tahoe,California,96154,US,38.8753,-120.0188,49556,Schmeler Inc,01/31/2024
791,Dominick,Matteoli,dmatteolily@youtube.com,Male,2012,Audi,A6,South Lake Tahoe,California,96154,US,38.8753,-120.0188,68234,Dach-Quitzon,09/15/2024
792,Kennie,Zapatero,kzapaterolz@home.pl,Male,2000,Buick,Century,Vero Beach,Florida,32964,US,27.709,-80.5726,38631,Fay and Sons,12/08/2023
793,Maris,Mac Giolla Pheadair,mmacgiollapheadairm0@jiathis.com,Female,2011,Chevrolet,Express 1500,Juneau,Alaska,99812,US,58.3271,-134.4742,52378,Satterfield Group,06/28/2025
794,Warde,MacSporran,wmacsporranm1@prlog.org,Male,1988,Chevrolet,Corvette,Los Angeles,California,90076,US,33.7866,-118.2987,33175,Gerhold-Rippin,09/04/2024
795,Krystyna,Garshore,kgarshorem2@jigsy.com,Female,1989,Pontiac,Firebird,Norfolk,Virginia,23520,US,36.9312,-76.2397,45033,"Mitchell, Howell and Vandervort",01/16/2026
796,Dulce,Callway,dcallwaym3@jigsy.com,Female,1999,Buick,Riviera,Augusta,Georgia,30905,US,33.413,-82.1337,66961,Runolfsdottir Inc,06/01/2024
797,Dermot,Bensusan,dbensusanm4@virginia.edu,Male,1991,Buick,Park Avenue,Toledo,Ohio,43610,US,41.6767,-83.5573,97473,"Muller, Kihn and Nicolas",04/17/2025
798,Seward,Cossington,scossingtonm5@parallels.com,Male,1994,Dodge,Grand Caravan,Portsmouth,New Hampshire,00214,US,43.0059,-71.0132,33444,Zulauf and Sons,09/24/2024
799,Guenevere,Borthe,gborthem6@ehow.com,Female,1998,Acura,RL,Denton,Texas,76205,US,33.1903,-97.1282,88719,"Von, Flatley and Rowe",12/13/2023
800,Rodrick,McKinstry,rmckinstrym7@github.io,Male,1999,Dodge,Dakota Club,Sarasota,Florida,34233,US,27.2866,-82.477,44689,D'Amore LLC,05/14/2022
801,Clayborn,Hassent,chassentm8@answers.com,Male,2010,Acura,RDX,Duluth,Minnesota,55811,US,46.8147,-92.1998,58657,O'Connell LLC,09/13/2022
802,Blinni,Jeppe,bjeppem9@imgur.com,Female,2000,Dodge,Ram Van 2500,Indianapolis,Indiana,46254,US,39.849,-86.272,69508,Koch Inc,01/01/2023
803,Haroun,Merigon,hmerigonma@w3.org,Male,1996,Dodge,Ram 1500 Club,El Paso,Texas,79916,US,31.7444,-106.2879,41769,Pfeffer-Kiehn,05/21/2022
804,Esmaria,Haye,ehayemb@weather.com,Female,2010,Chrysler,300,Oxnard,California,93034,US,34.0324,-119.1343,40156,Wyman Group,06/09/2025
805,Shel,Milier,smiliermc@businesswire.com,Agender,2000,Chevrolet,Cavalier,Knoxville,Tennessee,37995,US,35.9901,-83.9622,85088,Dicki LLC,05/02/2025
806,Carlen,Denniston,cdennistonmd@youtu.be,Female,2012,Acura,TSX,Silver Spring,Maryland,20918,US,39.144,-77.2076,95010,Cremin and Sons,04/08/2025
807,Lona,Shreenan,lshreenanme@va.gov,Female,2009,Dodge,Caliber,San Jose,California,95155,US,37.31,-121.9011,90394,Beahan-Hansen,12/12/2025
808,Barn,Crosoer,bcrosoermf@xing.com,Male,1997,Ford,Crown Victoria,Philadelphia,Pennsylvania,19131,US,39.9845,-75.2282,79135,Quitzon Inc,10/15/2025
809,Kelby,McCabe,kmccabemg@live.com,Male,2001,Mitsubishi,Montero Sport,Juneau,Alaska,99812,US,58.3271,-134.4742,55136,Kshlerin-Medhurst,01/11/2024
810,Brenda,Dulake,bdulakemh@hibu.com,Female,2002,Honda,Accord,Worcester,Massachusetts,01605,US,42.2894,-71.7888,50305,"Johnston, Parisian and Kshlerin",04/06/2024
811,Levy,Doveston,ldovestonmi@sun.com,Male,2007,Suzuki,XL-7,Austin,Texas,78759,US,30.4036,-97.7526,78236,"Metz, Frami and Ernser",08/10/2023
812,Giacobo,Paye,gpayemj@icio.us,Male,1993,Jaguar,XJ Series,Bakersfield,California,93399,US,35.4369,-119.0679,31349,"Miller, Thompson and Bailey",08/31/2025
813,Ambrosio,Gunson,agunsonmk@ca.gov,Male,1984,Ford,E250,Tampa,Florida,33694,US,27.872,-82.4388,72307,Hartmann Inc,06/05/2022
814,Zach,Lickess,zlickessml@blog.com,Male,1996,Ford,Econoline E150,Austin,Texas,78703,US,30.2907,-97.7648,51632,Lowe LLC,02/14/2025
815,Pate,Coull,pcoullmm@scribd.com,Male,1999,Kia,Sportage,Melbourne,Florida,32919,US,28.3067,-80.6862,68714,Johnson-Kohler,12/24/2025
816,Huntlee,Sterman,hstermanmn@paginegialle.it,Male,1986,Buick,Regal,Jackson,Mississippi,39216,US,32.3386,-90.1708,35970,Weimann and Sons,12/05/2022
817,Yorker,Blakesley,yblakesleymo@ca.gov,Male,1991,Mazda,B-Series,Milwaukee,Wisconsin,53220,US,42.9559,-87.9933,79944,Lehner and Sons,10/05/2025
818,Isaac,Weblin,iweblinmp@etsy.com,Genderqueer,2008,BMW,M Roadster,Houston,Texas,77271,US,29.834,-95.4342,87518,"Kassulke, Lang and Wintheiser",01/30/2025
819,Justina,Martynka,jmartynkamq@reverbnation.com,Female,1993,Chevrolet,Blazer,Washington,District of Columbia,20580,US,38.8933,-77.0146,34080,McClure Inc,01/10/2024
820,Aretha,McGerr,amcgerrmr@simplemachines.org,Female,2012,Jeep,Grand Cherokee,Albany,New York,12232,US,42.6149,-73.9708,89501,Tremblay-Reichel,11/06/2025
821,Heinrick,Sandercroft,hsandercroftms@berkeley.edu,Genderqueer,1998,Ford,Contour,Albuquerque,New Mexico,87105,US,35.0448,-106.6893,95845,"Wilkinson, Armstrong and Larson",12/12/2023
822,Sandro,Kytter,skyttermt@reddit.com,Male,1961,Austin,Mini Cooper,Austin,Texas,78754,US,30.3423,-97.6673,49740,"Murray, Conn and Aufderhar",06/18/2023
823,Erroll,Coggin,ecogginmu@xrea.com,Male,1997,Chevrolet,Venture,Washington,District of Columbia,20546,US,38.891,-77.0211,90153,Pacocha Group,08/26/2025
824,Noach,Flageul,nflageulmv@ca.gov,Male,2011,Bentley,Continental Super,Arlington,Texas,76096,US,32.7714,-97.2915,47016,Adams-McDermott,02/18/2025
825,Tab,Pawling,tpawlingmw@odnoklassniki.ru,Male,2001,Volvo,C70,Baltimore,Maryland,21211,US,39.3316,-76.6336,48331,Glover LLC,05/19/2023
826,Gae,Boule,gboulemx@mozilla.org,Female,1988,Mercury,Grand Marquis,Birmingham,Alabama,35220,US,33.5446,-86.9292,73213,"Considine, Ritchie and Beahan",10/18/2024
827,Peyter,Janoschek,pjanoschekmy@yellowpages.com,Male,2002,Saab,9-5,Fort Wayne,Indiana,46814,US,41.0456,-85.3058,67100,Barton Group,11/13/2022
828,Elwood,Sabine,esabinemz@nationalgeographic.com,Male,1995,Ford,F-Series,Scranton,Pennsylvania,18514,US,41.4019,-75.6376,83882,O'Keefe Inc,02/13/2022
829,Luise,Croy,lcroyn0@devhub.com,Bigender,1992,Mazda,B-Series Plus,Madison,Wisconsin,53779,US,43.0982,-89.3242,38106,Flatley-Jacobson,08/14/2025
830,Gale,Rollason,grollasonn1@intel.com,Female,1996,Chevrolet,Express 1500,Colorado Springs,Colorado,80915,US,38.8558,-104.7134,87197,Konopelski Inc,12/13/2022
831,Nickie,Ausello,nausellon2@google.com,Female,2009,Rolls-Royce,Phantom,Springfield,Illinois,62723,US,39.7495,-89.606,50476,Fadel Inc,07/07/2024
832,Averyl,Toll,atolln3@nationalgeographic.com,Female,2008,Ford,Focus,Flushing,New York,11355,US,40.7536,-73.8226,82075,"Leannon, Rogahn and Jakubowski",08/17/2025
833,Aleda,Ioan,aioann4@istockphoto.com,Female,2002,Ford,Escort,Columbus,Ohio,43240,US,40.1454,-82.9817,44679,Batz-Kulas,03/28/2025
834,Lyndsey,Moreside,lmoresiden5@jigsy.com,Female,2011,Lexus,LS,Atlanta,Georgia,31132,US,33.7488,-84.3883,62195,"Bode, White and Jones",02/17/2025
835,Otes,Stratford,ostratfordn6@weebly.com,Male,2004,Lincoln,Navigator,Jamaica,New York,11407,US,40.6913,-73.8059,71478,Hansen LLC,07/05/2024
836,Lotte,Senter,lsentern7@intel.com,Female,1990,Audi,100,Fresno,California,93709,US,36.7464,-119.6397,42737,Dickinson Group,10/01/2024
837,Gaylene,Whitnall,gwhitnalln8@ycombinator.com,Female,2002,Mercedes-Benz,E-Class,Jeffersonville,Indiana,47134,US,38.2868,-85.7321,79395,Zieme LLC,05/10/2022
838,Bastian,Gobel,bgobeln9@spiegel.de,Male,1993,Geo,Storm,San Antonio,Texas,78291,US,29.4375,-98.4616,90252,Blanda Group,09/09/2025
839,Reece,Brimilcome,rbrimilcomena@nytimes.com,Male,1995,Lexus,GS,Louisville,Kentucky,40280,US,38.2467,-85.6853,58776,Metz-Turcotte,11/07/2025
840,Iorgo,Sturton,isturtonnb@artisteer.com,Male,1999,BMW,Z3,Cedar Rapids,Iowa,52405,US,41.9804,-91.7098,41455,Gleason-Little,08/03/2025
841,Sioux,Gueny,sguenync@berkeley.edu,Bigender,2010,Volvo,S40,Raleigh,North Carolina,27615,US,35.8887,-78.6393,56943,"Hirthe, Yundt and Dietrich",04/14/2025
842,Jessalyn,Bound,jboundnd@bloomberg.com,Female,2000,Mercedes-Benz,CLK-Class,Spokane,Washington,99210,US,47.6536,-117.4317,39624,Klein-Berge,03/15/2024
843,Darnell,Pawley,dpawleyne@usatoday.com,Male,1997,Mercury,Cougar,Cleveland,Ohio,44177,US,41.6857,-81.6728,60144,O'Hara-Anderson,09/04/2023
844,Annabel,Hembry,ahembrynf@usnews.com,Female,2000,Suzuki,Grand Vitara,Sacramento,California,94273,US,38.3774,-121.4444,88653,Flatley-Barrows,12/11/2025
845,Cherice,Romei,cromeing@dailymail.co.uk,Female,1999,Subaru,Forester,Tampa,Florida,33605,US,27.9671,-82.4334,52442,"Connelly, Johnson and Rolfson",08/05/2023
846,Garnet,Chimes,gchimesnh@soup.io,Female,2008,Kia,Sedona,Washington,District of Columbia,20260,US,38.8933,-77.0146,96785,O'Kon-Treutel,09/20/2023
847,Hersch,Rushford,hrushfordni@is.gd,Male,1989,Lamborghini,Countach,Madison,Wisconsin,53790,US,43.0696,-89.4239,51830,Schaden-Abshire,05/03/2023
848,Cammie,O'Rafferty,coraffertynj@woothemes.com,Female,1966,Ford,Falcon,Atlanta,Georgia,30328,US,33.9335,-84.3958,73400,Adams-Lueilwitz,05/12/2025
849,Derril,Olenchenko,dolenchenkonk@themeforest.net,Male,1994,Lotus,Elan,San Francisco,California,94110,US,37.7509,-122.4153,76884,Halvorson and Sons,04/18/2024
850,Berty,Curtin,bcurtinnl@ovh.net,Female,1992,Audi,80,Bakersfield,California,93399,US,35.4369,-119.0679,84924,Ankunding and Sons,08/30/2025
851,Alyda,Sidey,asideynm@vk.com,Female,1995,Chevrolet,Tahoe,Springfield,Illinois,62723,US,39.7495,-89.606,40868,Runte-Wilkinson,09/27/2023
852,Marjie,Greenhough,mgreenhoughnn@cornell.edu,Female,2010,Lincoln,MKX,Clearwater,Florida,34629,US,27.9654,-82.8001,58475,Blanda Group,02/05/2022
853,Myranda,Legate,mlegateno@soup.io,Female,2005,Land Rover,Freelander,Fort Wayne,Indiana,46805,US,41.0977,-85.1189,43676,Klocko LLC,04/24/2022
854,Melodie,McElwee,mmcelweenp@typepad.com,Genderqueer,1995,Dodge,Spirit,New Orleans,Louisiana,70179,US,30.033,-89.8826,71261,Borer-Langosh,04/22/2022
855,Philippa,Noel,pnoelnq@indiegogo.com,Female,1999,Cadillac,Seville,Las Vegas,Nevada,89193,US,35.9279,-114.9721,44769,"Hermann, Carroll and Hoppe",12/03/2024
856,Myrilla,Clubb,mclubbnr@kickstarter.com,Female,1997,Saab,9000,Everett,Washington,98206,US,47.8599,-122.2848,33942,Funk-Schimmel,02/06/2025
857,Brodie,Winger,bwingerns@scientificamerican.com,Male,1996,Dodge,Dakota,Kansas City,Missouri,64142,US,39.035,-94.3567,57194,"Gottlieb, Witting and Raynor",02/06/2022
858,Theodoric,Montague,tmontaguent@utexas.edu,Male,1992,Chevrolet,3500,Los Angeles,California,90045,US,33.9631,-118.3941,86628,Parker-Krajcik,10/06/2022
859,Katina,MacMeeking,kmacmeekingnu@cnn.com,Female,2012,Ford,E150,San Bernardino,California,92405,US,34.1446,-117.3013,57206,Luettgen-Kessler,07/26/2022
860,Gian,Cromly,gcromlynv@ft.com,Male,2006,Nissan,Frontier,New York City,New York,10150,US,40.7808,-73.9772,93588,Okuneva and Sons,04/26/2022
861,Aurilia,Baribal,abaribalnw@woothemes.com,Female,1994,Dodge,Caravan,Birmingham,Alabama,35242,US,33.3813,-86.7046,40352,McGlynn and Sons,03/01/2023
862,Gaspard,Crace,gcracenx@cocolog-nifty.com,Male,1977,Pontiac,Grand Prix,Saint Petersburg,Florida,33731,US,27.8918,-82.7248,86790,Adams Inc,10/02/2023
863,Brana,Redgrove,bredgroveny@spotify.com,Female,2012,Dodge,Challenger,Las Vegas,Nevada,89155,US,35.9279,-114.9721,80611,"Mills, Hintz and Emmerich",10/05/2025
864,Steven,Peeke,speekenz@ask.com,Male,2004,GMC,Sierra 1500,Aurora,Illinois,60505,US,41.7582,-88.2971,38101,Walsh Inc,03/18/2022
865,Clareta,Brogan,cbrogano0@springer.com,Female,1995,GMC,Rally Wagon G3500,Grand Forks,North Dakota,58207,US,47.9335,-97.3944,70069,Predovic-Murray,03/08/2025
866,Reinold,Sunley,rsunleyo1@sitemeter.com,Male,1989,Mercury,Tracer,Madison,Wisconsin,53710,US,43.0696,-89.4239,56767,Gerlach Group,03/20/2024
867,Tris,Beckerleg,tbeckerlego2@whitehouse.gov,Male,2006,Buick,Terraza,Bronx,New York,10469,US,40.8702,-73.8495,69687,Kuphal-Beahan,10/01/2023
868,Aubrette,Argo,aargoo3@ucoz.ru,Female,1984,Buick,Century,Tulsa,Oklahoma,74116,US,36.175,-95.8477,67015,Sauer-Lebsack,07/21/2022
869,Winifield,Kienlein,wkienleino4@howstuffworks.com,Male,2001,Mitsubishi,Eclipse,Syracuse,New York,13224,US,43.0421,-76.1046,73533,Schuster and Sons,09/03/2024
870,Valdemar,Bau,vbauo5@google.com.br,Male,2011,Chevrolet,Aveo,Hyattsville,Maryland,20784,US,38.9513,-76.8958,73417,"Corkery, Nitzsche and Jaskolski",05/28/2022
871,Melania,Cotes,mcoteso6@linkedin.com,Female,1993,Toyota,Corolla,Richmond,Virginia,23293,US,37.5242,-77.4932,69124,Hane Inc,09/30/2025
872,Moss,Penright,mpenrighto7@51.la,Male,2003,BMW,X5,Charleston,South Carolina,29411,US,32.8715,-79.9947,83598,Lang-Kessler,04/10/2025
873,Penni,Giorgioni,pgiorgionio8@creativecommons.org,Female,1995,Oldsmobile,98,Sioux City,Iowa,51110,US,42.4011,-96.372,53510,Ortiz Inc,09/19/2022
874,Ashlin,Botger,abotgero9@ft.com,Male,2010,Cadillac,Escalade EXT,New York City,New York,10034,US,40.8662,-73.9221,81067,"Walter, Reichel and Quigley",09/20/2025
875,Rabi,Jozsika,rjozsikaoa@bloglines.com,Male,1986,Buick,Century,Arlington,Virginia,22244,US,38.8545,-77.052,88613,Cronin-Koch,12/16/2022
876,Raye,Cogle,rcogleob@last.fm,Female,1976,Plymouth,Volare,Fullerton,California,92640,US,33.7862,-117.9309,84284,Sauer Inc,02/12/2022
877,Simona,Bril,sbriloc@plala.or.jp,Female,2006,Lexus,RX Hybrid,Atlanta,Georgia,30392,US,33.8444,-84.474,87860,Bauch Inc,02/15/2025
878,Quinn,Furley,qfurleyod@examiner.com,Male,2007,Audi,S4,Carol Stream,Illinois,60158,US,41.9166,-88.1208,46977,"Reichert, Ankunding and Shanahan",03/06/2025
879,Any,Whoston,awhostonoe@accuweather.com,Male,2009,Honda,Civic,Anaheim,California,92805,US,33.8359,-117.9086,65804,Greenholt LLC,07/01/2024
880,Ashleigh,Parysowna,aparysownaof@zdnet.com,Genderqueer,1998,Mazda,626,Kansas City,Missouri,64190,US,39.3432,-94.8516,88210,"Jacobson, Corkery and Steuber",09/20/2025
881,Octavia,Ryall,oryallog@shop-pro.jp,Female,1996,Honda,Civic,Vancouver,Washington,98687,US,45.8016,-122.5203,99296,Muller-Howe,01/23/2023
882,Louisa,Cusack,lcusackoh@ox.ac.uk,Female,2010,BMW,M5,Washington,District of Columbia,20503,US,38.9007,-77.0431,35626,Upton-Hartmann,09/26/2022
883,Kristan,Vannar,kvannaroi@technorati.com,Female,1996,Oldsmobile,Silhouette,Lubbock,Texas,79410,US,33.5693,-101.8904,66518,"Thiel, Johnston and Cronin",07/27/2023
884,Blondy,Attridge,battridgeoj@bing.com,Female,2010,Kia,Soul,Dallas,Texas,75392,US,32.7673,-96.7776,74290,"Abshire, Swaniawski and Walker",02/22/2023
885,Nanette,Geharke,ngeharkeok@moonfruit.com,Female,2003,GMC,Sonoma,Albany,New York,12222,US,42.6853,-73.8253,73511,Kohler LLC,05/12/2025
886,Tommie,McGeffen,tmcgeffenol@vinaora.com,Male,1996,Mazda,MX-6,San Francisco,California,94159,US,37.7848,-122.7278,73496,Luettgen-Morar,08/29/2025
887,Robbert,Taree,rtareeom@rediff.com,Male,2003,Acura,NSX,Tallahassee,Florida,32399,US,30.4494,-84.291,43321,"Deckow, MacGyver and Gusikowski",10/10/2022
888,Danell,Tilte,dtilteon@webeden.co.uk,Genderfluid,1995,Buick,LeSabre,Rochester,New York,14652,US,43.286,-77.6843,88819,Spinka-Heidenreich,07/12/2022
889,Dick,Whisson,dwhissonoo@g.co,Genderfluid,2005,Honda,Civic Si,Washington,District of Columbia,20370,US,38.8933,-77.0146,95752,"Blanda, Grady and Stoltenberg",11/20/2025
890,Addie,Houson,ahousonop@godaddy.com,Male,2008,Mitsubishi,Eclipse,Fort Worth,Texas,76105,US,32.7233,-97.269,41488,Jakubowski Group,09/04/2024
891,Lorne,Nangle,lnangleoq@yale.edu,Non-binary,2010,Volvo,XC70,Stockton,California,95210,US,38.025,-121.2972,76645,Doyle-O'Conner,05/19/2025
892,Ottilie,Lube,olubeor@businessweek.com,Female,2008,Chrysler,300,Oklahoma City,Oklahoma,73173,US,35.3425,-97.6317,52945,Hansen-Spinka,04/19/2024
893,Lesya,Terris,lterrisos@loc.gov,Bigender,2009,Kia,Mohave/Borrego,Ocala,Florida,34474,US,29.1565,-82.2095,80596,"Runolfsdottir, Huel and Senger",01/03/2026
894,Georg,Jakoviljevic,gjakoviljevicot@kickstarter.com,Genderqueer,2011,Ram,Dakota,Fresno,California,93704,US,36.7991,-119.8016,31131,"Weissnat, Rice and Lakin",08/28/2022
895,Janis,Duran,jduranou@com.com,Female,2003,Honda,Civic GX,Anniston,Alabama,36205,US,33.7358,-85.7933,62366,Keebler-Koepp,01/03/2023
896,Kathrine,Dayes,kdayesov@google.nl,Female,2001,Ford,Explorer,Lubbock,Texas,79452,US,33.61,-101.8213,35823,Torphy and Sons,02/13/2022
897,Vinnie,Heimann,vheimannow@theguardian.com,Female,2012,Suzuki,Equator,Charlotte,North Carolina,28230,US,35.26,-80.8042,80341,Stiedemann-Paucek,04/25/2025
898,Darby,Wincer,dwincerox@meetup.com,Male,1999,Dodge,Dakota,Topeka,Kansas,66629,US,39.0429,-95.7697,50450,Runolfsson-Larkin,10/16/2023
899,Sullivan,Caney,scaneyoy@ask.com,Male,1993,Toyota,4Runner,Columbia,South Carolina,29220,US,34.006,-80.9708,41548,Swaniawski-Smitham,12/21/2023
900,Dorothea,Hubbis,dhubbisoz@theguardian.com,Agender,2007,Volkswagen,Passat,Philadelphia,Pennsylvania,19146,US,39.9379,-75.1794,31519,"Labadie, Frami and Wiegand",08/18/2022
901,Granthem,Baldin,gbaldinp0@nasa.gov,Non-binary,1996,Mazda,Miata MX-5,Richmond,Virginia,23203,US,37.5593,-77.4471,37027,"Jerde, Ernser and Dach",04/11/2025
902,Nickey,Rundall,nrundallp1@apache.org,Male,2000,Dodge,Stratus,Jacksonville,Florida,32255,US,30.287,-81.3893,61162,"Barton, Ryan and Collins",05/06/2025
903,See,Titmarsh,stitmarshp2@noaa.gov,Male,2008,Aston Martin,DBS,Orlando,Florida,32825,US,28.5469,-81.2571,35980,Ritchie-Reynolds,10/02/2024
904,Tonnie,Ortes,tortesp3@typepad.com,Male,1985,Mazda,B2000,Raleigh,North Carolina,27626,US,35.7977,-78.6253,92780,"Smith, Champlin and Cormier",03/28/2024
905,Darcy,Simmonett,dsimmonettp4@naver.com,Male,1995,Chevrolet,Cavalier,Miami,Florida,33124,US,25.5584,-80.4582,45493,"Gleichner, Sipes and Pouros",10/31/2024
906,Brig,Capineer,bcapineerp5@goo.gl,Male,2010,Honda,Accord,Buffalo,New York,14220,US,42.8441,-78.8182,44739,"Franecki, Hahn and Lind",08/05/2025
907,Carrol,Widdall,cwiddallp6@sogou.com,Male,1993,GMC,3500,Akron,Ohio,44310,US,41.1075,-81.5006,51719,Bednar-Langosh,07/05/2025
908,Boony,Hatliffe,bhatliffep7@ca.gov,Male,1987,Mitsubishi,Cordia,San Antonio,Texas,78220,US,29.4106,-98.4128,62159,Klocko-Smitham,04/07/2022
909,Clo,Denacamp,cdenacampp8@japanpost.jp,Agender,1992,GMC,Vandura 2500,Baton Rouge,Louisiana,70836,US,30.392,-91.0892,85300,Schoen-Bogisich,10/31/2024
910,Halette,Tapsfield,htapsfieldp9@typepad.com,Female,2004,Mazda,B-Series Plus,Sioux City,Iowa,51105,US,42.5032,-96.3829,39086,"Orn, Abbott and Stracke",04/16/2025
911,Justen,Manoelli,jmanoellipa@cbslocal.com,Male,2008,Lotus,Elise,Rochester,New York,14619,US,43.1367,-77.6481,51403,Hansen-Langosh,05/12/2022
912,Athena,Bartosik,abartosikpb@soup.io,Female,2012,Subaru,Outback,Manchester,New Hampshire,03105,US,42.9521,-71.6539,86244,"Mayer, Nikolaus and Grant",05/18/2024
913,Grenville,Siaskowski,gsiaskowskipc@cpanel.net,Male,1994,Eagle,Summit,Alexandria,Virginia,22333,US,38.8158,-77.09,90721,Schamberger LLC,08/03/2023
914,Nerita,Bleyman,nbleymanpd@mac.com,Female,2007,Mercedes-Benz,R-Class,Houston,Texas,77201,US,29.834,-95.4342,91208,Barton-Schroeder,10/21/2023
915,Una,Thyer,uthyerpe@cyberchimps.com,Female,2002,Daewoo,Nubira,Aurora,Colorado,80045,US,39.7467,-104.8384,92745,Turcotte-Jones,07/12/2024
916,Margarete,Rickett,mrickettpf@fda.gov,Female,2010,Volkswagen,Routan,Lees Summit,Missouri,64082,US,38.8518,-94.3944,54742,Kshlerin Group,01/26/2026
917,Simona,Soper,ssoperpg@mozilla.org,Female,2007,Suzuki,Daewoo Lacetti,Shreveport,Louisiana,71137,US,32.6076,-93.7526,49020,Swift-Cole,01/14/2023
918,Patsy,Polly,ppollyph@wikispaces.com,Male,2009,Chevrolet,TrailBlazer,Glendale,California,91210,US,33.7866,-118.2987,45037,"Wehner, Buckridge and McDermott",07/24/2022
919,Sidonia,Kos,skospi@sitemeter.com,Female,2009,Porsche,Boxster,Tampa,Florida,33615,US,28.0081,-82.5805,84246,Cummings Group,12/18/2025
920,Byrle,McFater,bmcfaterpj@jimdo.com,Polygender,1990,Lincoln,Continental,Bethesda,Maryland,20892,US,39.0024,-77.1034,93546,Gerhold Inc,06/06/2022
921,Robbin,Hrinchenko,rhrinchenkopk@purevolume.com,Female,2008,Dodge,Challenger,Madison,Wisconsin,53785,US,43.0696,-89.4239,50341,"Torphy, Veum and Ebert",11/18/2022
922,Brittani,Southerns,bsouthernspl@army.mil,Female,2000,Lexus,SC,Columbus,Ohio,43220,US,40.0495,-83.0669,79609,Bayer Group,06/06/2023
923,Stearne,Cockayme,scockaymepm@foxnews.com,Male,2005,Kia,Rio,Oakland,California,94616,US,37.8044,-122.2698,47033,Bauch and Sons,11/21/2023
924,Carling,Ormrod,cormrodpn@deviantart.com,Male,1997,Mitsubishi,Galant,Erie,Pennsylvania,16565,US,42.1827,-80.0649,30426,"Hermiston, Kunze and Berge",11/29/2023
925,Serene,Silburn,ssilburnpo@feedburner.com,Female,2010,Buick,Enclave,Des Moines,Iowa,50369,US,41.6727,-93.5722,35734,Kuhic LLC,12/15/2024
926,Davey,Losselyong,dlosselyongpp@jigsy.com,Male,2009,Kia,Sportage,Fargo,North Dakota,58106,US,46.9346,-97.2297,95937,Balistreri Inc,01/07/2024
927,Constantin,Zolini,czolinipq@blogspot.com,Genderfluid,2004,Chevrolet,Suburban 2500,Chicago,Illinois,60630,US,41.9699,-87.7603,78136,Nienow-Jakubowski,08/20/2023
928,Johnnie,Siseland,jsiselandpr@irs.gov,Polygender,1993,GMC,2500 Club Coupe,Minneapolis,Minnesota,55428,US,45.0632,-93.3811,68464,"Schuster, Bode and Kuvalis",11/20/2024
929,Gertie,Liddy,gliddyps@ifeng.com,Female,2007,Volkswagen,New Beetle,Washington,District of Columbia,20220,US,38.8933,-77.0146,39490,Wyman Group,12/31/2025
930,Phaedra,Kelston,pkelstonpt@dion.ne.jp,Female,2006,Ford,E-350 Super Duty,New York City,New York,10019,US,40.7651,-73.9858,61384,Littel Group,05/23/2024
931,Thorstein,Capron,tcapronpu@webs.com,Male,2000,Porsche,911,Melbourne,Florida,32919,US,28.3067,-80.6862,71980,Schimmel LLC,05/03/2022
932,Willdon,Handaside,whandasidepv@istockphoto.com,Male,2012,Mazda,Mazdaspeed 3,Louisville,Kentucky,40287,US,38.189,-85.6768,95001,"Reilly, Klein and Mills",01/16/2024
933,Nick,Alldre,nalldrepw@npr.org,Male,1991,Suzuki,SJ,Washington,District of Columbia,20016,US,38.9381,-77.086,46423,"Torphy, Ledner and Moore",11/14/2022
934,Theresina,Fedoronko,tfedoronkopx@nyu.edu,Female,1994,Mazda,B-Series Plus,Buffalo,New York,14220,US,42.8441,-78.8182,87931,Harvey-Johnson,03/06/2023
935,Penny,Finn,pfinnpy@hatena.ne.jp,Genderfluid,2004,GMC,Sonoma,Pittsburgh,Pennsylvania,15235,US,40.4598,-79.8224,47894,Walker-Witting,04/10/2024
936,Haslett,Terbrugge,hterbruggepz@ox.ac.uk,Male,2007,Chevrolet,Uplander,Daytona Beach,Florida,32123,US,29.0227,-81.1722,98928,"Donnelly, Ebert and Jones",11/04/2025
937,Sheryl,Paske,spaskeq0@linkedin.com,Female,1989,Mercedes-Benz,SL-Class,Saginaw,Michigan,48609,US,43.3869,-84.0926,54060,Leffler-Gislason,02/03/2024
938,Reube,Zebedee,rzebedeeq1@indiatimes.com,Male,2011,Ford,F150,Cincinnati,Ohio,45271,US,39.1668,-84.5382,60823,Ullrich Group,05/12/2023
939,Aluino,Carlson,acarlsonq2@newsvine.com,Male,1986,Maserati,Quattroporte,Denton,Texas,76205,US,33.1903,-97.1282,70894,Raynor-Jakubowski,05/19/2023
940,Jeffie,Eayrs,jeayrsq3@constantcontact.com,Male,2011,Dodge,Caravan,Canton,Ohio,44705,US,40.8259,-81.3399,93106,Wilkinson LLC,01/01/2025
941,Godfrey,Hudd,ghuddq4@ucla.edu,Male,2009,Chevrolet,Avalanche,New Orleans,Louisiana,70154,US,30.033,-89.8826,31064,"Koch, Rau and Pagac",02/09/2025
942,Zak,Sandham,zsandhamq5@amazon.co.jp,Male,2005,Saab,9-2X,Annapolis,Maryland,21405,US,39.0305,-76.5515,33028,Marquardt-Green,04/27/2024
943,Caroline,Chezier,cchezierq6@un.org,Female,2013,BMW,X6,Jackson,Mississippi,39210,US,32.3218,-90.1771,72944,"Kohler, Swift and Block",10/11/2022
944,Vanny,Sheron,vsheronq7@wufoo.com,Female,1991,Mazda,B-Series,Miami,Florida,33129,US,25.7559,-80.2013,37641,Schumm-Hettinger,02/28/2023
945,Codi,Kirk,ckirkq8@discuz.net,Male,1998,Mercedes-Benz,SL-Class,Norfolk,Virginia,23504,US,36.8586,-76.2686,89328,Turner Inc,09/24/2023
946,Jeri,Maulin,jmaulinq9@patch.com,Female,2002,Volvo,C70,Watertown,Massachusetts,02472,US,42.37,-71.1773,75395,Turner LLC,07/31/2023
947,Monroe,Reardon,mreardonqa@japanpost.jp,Male,2010,Hummer,H3,Boston,Massachusetts,02124,US,42.2868,-71.071,75296,Spencer and Sons,08/30/2025
948,Karina,Lawry,klawryqb@imageshack.us,Female,1999,Hyundai,Tiburon,Sioux Falls,South Dakota,57188,US,43.6746,-96.7913,88443,"Gleichner, Hegmann and Muller",03/09/2022
949,Dannie,Hansill,dhansillqc@webs.com,Female,1993,Mazda,B-Series,Arvada,Colorado,80005,US,39.8422,-105.1097,97012,Kovacek Inc,04/08/2023
950,Madeline,Creak,mcreakqd@list-manage.com,Female,1986,Ford,Courier,Memphis,Tennessee,38143,US,35.2017,-89.9715,59817,Rippin-Abernathy,01/30/2022
951,Gregoire,Twelftree,gtwelftreeqe@about.com,Male,2010,BMW,M6,Roanoke,Virginia,24029,US,37.2742,-79.9579,91816,"Wisoky, Baumbach and Purdy",03/08/2024
952,Neila,Newby,nnewbyqf@patch.com,Female,2008,Saturn,Astra,Dayton,Ohio,45403,US,39.7617,-84.1498,96096,Moore and Sons,03/23/2025
953,Waldon,Chasney,wchasneyqg@google.es,Male,2008,Chrysler,PT Cruiser,New York City,New York,10270,US,40.7069,-74.0082,88020,Davis-Schroeder,06/04/2022
954,Cesya,Gogan,cgoganqh@csmonitor.com,Female,2002,Honda,Civic,Santa Cruz,California,95064,US,36.9959,-122.0578,93997,Schroeder Inc,12/25/2023
955,Elyn,Denecamp,edenecampqi@earthlink.net,Female,1967,Pontiac,Bonneville,Anderson,Indiana,46015,US,40.0938,-85.6578,95366,Denesik-Gibson,07/16/2023
956,Winn,Blevin,wblevinqj@cdc.gov,Male,2001,Infiniti,Q,Amarillo,Texas,79188,US,35.1885,-101.8165,95839,"Wolf, Marquardt and Ernser",08/06/2023
957,Erick,Rignoldes,erignoldesqk@istockphoto.com,Male,2008,Hyundai,Elantra,Amarillo,Texas,79165,US,35.4015,-101.8951,38335,Kunze-Rodriguez,01/30/2023
958,Fred,Eustanch,feustanchql@kickstarter.com,Male,2009,BMW,X6,Tucson,Arizona,85743,US,32.3366,-111.1771,78905,Wisoky-Jacobi,06/15/2023
959,Krystalle,Larvor,klarvorqm@ovh.net,Genderqueer,2012,Suzuki,Equator,Brooklyn,New York,11247,US,40.6451,-73.945,98967,Kub-Daugherty,12/25/2025
960,Petronilla,Stanes,pstanesqn@moonfruit.com,Female,1994,Jeep,Grand Cherokee,Washington,District of Columbia,20016,US,38.9381,-77.086,50636,Goldner-Franecki,04/18/2023
961,Tymothy,Dumphy,tdumphyqo@amazonaws.com,Male,1993,Mercedes-Benz,300SD,Rockford,Illinois,61110,US,42.3254,-89.1705,71937,Grady and Sons,08/07/2025
962,Shelia,Cowerd,scowerdqp@state.tx.us,Female,2011,Toyota,FJ Cruiser,Salt Lake City,Utah,84189,US,40.6681,-111.9083,31185,Hilll-Prohaska,12/01/2024
963,Smitty,Mufford,smuffordqq@imgur.com,Male,2012,Lexus,IS,Buffalo,New York,14210,US,42.8614,-78.8206,70207,Mueller and Sons,07/04/2022
964,Hermon,Bygraves,hbygravesqr@github.com,Male,2012,GMC,Savana 2500,Brea,California,92822,US,33.9187,-117.8892,95556,Wisoky Inc,04/10/2024
965,Sophronia,Marcombe,smarcombeqs@hud.gov,Bigender,1998,Toyota,Sienna,El Paso,Texas,79940,US,31.6948,-106.3,76485,Greenfelder-Lesch,07/03/2025
966,Joe,Harbert,jharbertqt@livejournal.com,Male,2000,Oldsmobile,Bravada,Battle Creek,Michigan,49018,US,42.2464,-85.0045,39121,Conn-Abbott,06/06/2022
967,Abey,Parfett,aparfettqu@acquirethisname.com,Male,2009,Hyundai,Azera,Youngstown,Ohio,44555,US,41.1039,-80.6436,43147,"Bauch, Daugherty and Witting",10/24/2024
968,Evan,Kyston,ekystonqv@meetup.com,Male,1986,Subaru,Leone,Corpus Christi,Texas,78465,US,27.777,-97.4632,36744,"McCullough, Reinger and Toy",04/12/2022
969,Karola,Mandrake,kmandrakeqw@devhub.com,Female,2003,Ford,Mustang,Ventura,California,93005,US,34.0324,-119.1343,67323,Braun and Sons,01/14/2024
970,Robby,Crosher,rcrosherqx@mapy.cz,Female,2003,Chevrolet,Impala,Albuquerque,New Mexico,87115,US,35.0549,-106.5461,50243,Borer LLC,01/16/2023
971,Talyah,Streader,tstreaderqy@google.co.uk,Female,1989,Mitsubishi,Pajero,New York City,New York,10120,US,40.7506,-73.9894,75200,Ziemann LLC,06/18/2023
972,Orly,Dainton,odaintonqz@ucoz.ru,Female,1986,Ford,Aerostar,Fort Collins,Colorado,80525,US,40.5384,-105.0547,84005,"Baumbach, Morar and Willms",08/08/2023
973,Gottfried,Rawcliff,grawcliffr0@edublogs.org,Male,1996,Mercedes-Benz,S-Class,Detroit,Michigan,48267,US,42.2399,-83.1508,70650,Kohler Inc,11/26/2022
974,Carlo,Stonehouse,cstonehouser1@phpbb.com,Male,2007,Volvo,V50,Annapolis,Maryland,21405,US,39.0305,-76.5515,40478,Bashirian-Schoen,07/06/2022
975,Corabelle,Balazs,cbalazsr2@nasa.gov,Female,1996,Buick,Regal,Washington,District of Columbia,20530,US,38.8976,-77.027,34356,Pacocha LLC,11/20/2024
976,Taddeusz,Harrema,tharremar3@barnesandnoble.com,Male,1993,Geo,Tracker,Tulsa,Oklahoma,74170,US,36.1398,-96.0297,81721,"Kunze, Hamill and Gorczany",04/01/2025
977,Seka,Napolitano,snapolitanor4@time.com,Female,2002,Chevrolet,Avalanche 1500,Washington,District of Columbia,20580,US,38.8933,-77.0146,75853,"Quitzon, Toy and Wilkinson",10/19/2025
978,Daisey,Brizland,dbrizlandr5@salon.com,Female,2008,Chrysler,Town & Country,Tampa,Florida,33605,US,27.9671,-82.4334,85040,Beahan-Monahan,09/05/2023
979,Brendon,Blasdale,bblasdaler6@bandcamp.com,Male,1994,Dodge,Caravan,Bethlehem,Pennsylvania,18018,US,40.6278,-75.3928,39247,Denesik Group,08/18/2022
980,Pamelina,Leeke,pleeker7@dell.com,Female,1992,Alfa Romeo,164,New York City,New York,10045,US,40.7086,-74.0087,53501,"Davis, Will and Quigley",06/08/2025
981,Jonas,Tysall,jtysallr8@squarespace.com,Male,1993,Plymouth,Laser,Jersey City,New Jersey,07310,US,40.7324,-74.0431,71979,Ziemann-Renner,02/08/2022
982,Karen,Dyshart,kdyshartr9@domainmarket.com,Female,2001,Lexus,LX,Boise,Idaho,83757,US,43.4599,-116.244,59289,Boehm Inc,02/26/2022
983,Brad,Isherwood,bisherwoodra@symantec.com,Male,2008,Mazda,Tribute,Charlotte,North Carolina,28215,US,35.244,-80.7387,75717,"Quitzon, Volkman and Cronin",03/04/2025
984,Shay,Talman,stalmanrb@gov.uk,Female,1989,Suzuki,Sidekick,San Antonio,Texas,78240,US,29.5189,-98.6006,90948,"Cummerata, Krajcik and Nader",10/13/2023
985,Almeria,McLanachan,amclanachanrc@themeforest.net,Female,2005,Audi,A8,El Paso,Texas,79950,US,31.6948,-106.3,37559,Balistreri-Hegmann,05/30/2025
986,Frazer,Scarrott,fscarrottrd@ask.com,Male,2000,Infiniti,I,New York City,New York,10099,US,40.7808,-73.9772,81969,"Roob, Homenick and Leffler",03/28/2023
987,Guthrey,Hambers,ghambersre@ca.gov,Male,2007,Ford,Ranger,Madison,Wisconsin,53779,US,43.0982,-89.3242,52323,Mitchell Group,08/08/2024
988,Vicki,Ficken,vfickenrf@time.com,Female,2009,Lincoln,MKS,Saint Paul,Minnesota,55123,US,44.806,-93.1409,35124,Nikolaus-Kuphal,11/24/2022
989,Joanna,Seivwright,jseivwrightrg@gizmodo.com,Female,2003,Dodge,Ram Van 3500,Madison,Wisconsin,53716,US,43.0631,-89.3133,86875,Reinger-Ratke,10/31/2022
990,Bamby,Swayte,bswayterh@bluehost.com,Female,2005,Toyota,Highlander,Birmingham,Alabama,35205,US,33.4951,-86.8059,71277,"Nicolas, Wiegand and Herman",07/12/2025
991,Erena,Wassell,ewassellri@artisteer.com,Female,1995,Chevrolet,Corsica,Columbia,Missouri,65218,US,38.9033,-92.1022,96098,"Stehr, Jacobi and Baumbach",04/07/2025
992,Stafford,Janos,sjanosrj@vistaprint.com,Male,2007,Chevrolet,TrailBlazer,Pasadena,Texas,77505,US,29.6518,-95.1464,98136,Bogan-Huel,04/23/2023
993,Eydie,Jillins,ejillinsrk@devhub.com,Female,2009,Acura,TSX,Lynchburg,Virginia,24503,US,37.4376,-79.205,76507,Herzog-Jacobi,05/19/2022
994,Atalanta,Brewood,abrewoodrl@desdev.cn,Female,1988,Mazda,626,Louisville,Kentucky,40266,US,38.189,-85.6768,77657,"Swaniawski, Gislason and Leuschke",02/05/2023
995,Hagen,Creamen,hcreamenrm@vimeo.com,Male,1986,Suzuki,SJ,Hot Springs National Park,Arkansas,71914,US,34.5137,-92.9685,99012,Collier Inc,09/14/2023
996,Ailey,Keetley,akeetleyrn@indiegogo.com,Female,2007,Lexus,GX,Denver,Colorado,80270,US,39.7388,-104.4083,98096,Baumbach and Sons,02/01/2024
997,Moina,Sevitt,msevittro@odnoklassniki.ru,Female,2003,Chevrolet,Astro,Tyler,Texas,75799,US,32.4112,-95.2899,80314,Lockman Group,09/22/2025
998,Elfreda,Defty,edeftyrp@ow.ly,Female,1993,Mazda,MX-5,Alexandria,Virginia,22309,US,38.7192,-77.1073,76064,Grady-Dicki,07/24/2022
999,Karl,Stile,kstilerq@zimbio.com,Male,2009,Acura,TSX,Everett,Washington,98206,US,47.8599,-122.2848,97562,"Jacobi, Mueller and Keeling",06/14/2024
1000,Bryna,McClymond,bmcclymondrr@posterous.com,Female,2009,Scion,tC,Killeen,Texas,76544,US,31.1282,-97.7469,48005,Douglas-Nolan,11/27/2024
