id,firstName,lastName,email,gender,carYear,automobileMake,automobileModel,customerRegion,customerState,customerPostal,customerCountry_ISO2,customerRegionLatitude,ownerRegionLongitude,automobilePrice,customer,purchaseDate
1,Elaine,Yurasov,eyurasov0@engadget.com,Female,2005,Toyota,Avalon,Muskegon,Michigan,49444,US,43.1791,-86.1989,93016,"Collins, Mayert and Orn",05/04/2025
2,Nanette,Von Brook,nvonbrook1@bizjournals.com,Female,2006,Maserati,Gran Sport,Louisville,Kentucky,40287,US,38.189,-85.6768,84094,Oberbrunner Group,01/05/2025
3,Emmie,Charlotte,echarlotte2@smh.com.au,Female,2006,Saturn,VUE,Tacoma,Washington,98442,US,47.3081,-122.4185,35393,"Wyman, Effertz and Gerhold",10/24/2023
4,Catherine,Gehrels,cgehrels3@typepad.com,Non-binary,1999,Cadillac,Eldorado,Minneapolis,Minnesota,55448,US,45.1907,-93.3021,61082,Satterfield LLC,05/29/2023
5,Nan,Diable,ndiable4@last.fm,Female,1991,Ford,Mustang,Salt Lake City,Utah,84145,US,40.6681,-111.9083,87162,"Mosciski, Klocko and Boyer",01/31/2024
6,Morgun,Salmon,msalmon5@oaic.gov.au,Male,2009,Ford,Fusion,Atlanta,Georgia,31136,US,33.7473,-84.3824,84695,Hickle-Balistreri,04/08/2024
7,Rebbecca,McReynold,rmcreynold6@npr.org,Female,1987,Mitsubishi,Mirage,Indianapolis,Indiana,46247,US,39.7795,-86.1328,79040,Rogahn-Reinger,05/02/2022
8,Hurlee,Chartman,hchartman7@yahoo.co.jp,Male,2003,GMC,Yukon,Sioux City,Iowa,51105,US,42.5032,-96.3829,44526,Lehner-Grant,06/20/2023
9,Derrek,Minchindon,dminchindon8@over-blog.com,Male,2004,Spyker,C8 Spyder Wide Body,Anchorage,Alaska,99599,US,61.1872,-149.8804,87414,"Cruickshank, Rippin and Schultz",10/14/2022
10,Borden,Philippsohn,bphilippsohn9@salon.com,Male,2006,Chevrolet,Malibu Maxx,Flint,Michigan,48505,US,43.0634,-83.7001,32653,"Kuphal, Bauch and Smitham",07/19/2024
11,Lisbeth,Finby,lfinbya@seattletimes.com,Female,1989,Citroën,CX,Amarillo,Texas,79188,US,35.1885,-101.8165,35650,Bernhard-Schuster,11/28/2025
12,Halsey,Lenaghen,hlenaghenb@oracle.com,Male,2011,Mercedes-Benz,Sprinter 2500,Richmond,Virginia,23208,US,37.5593,-77.4471,79196,Goyette-Barton,04/12/2023
13,Alvan,Welham,awelhamc@altervista.org,Male,2005,Subaru,Legacy,Saint Paul,Minnesota,55146,US,44.9427,-93.0828,36724,Rath-Tillman,10/31/2024
14,Aurora,Kitchinham,akitchinhamd@delicious.com,Female,2008,Acura,TSX,Sacramento,California,94257,US,38.3774,-121.4444,96207,"Dare, Berge and Beer",12/30/2025
15,Saidee,Querrard,squerrarde@webeden.co.uk,Female,2011,Ram,2500,Abilene,Texas,79699,US,32.4665,-99.7117,98487,Okuneva-Hagenes,04/09/2023
16,Seward,Carlisle,scarlislef@usatoday.com,Male,2009,Mazda,Tribute,Missoula,Montana,59806,US,47.116,-114.0498,88998,"Kerluke, Champlin and Kub",01/30/2022
17,Yale,Grog,ygrogg@soundcloud.com,Male,1994,Honda,Prelude,Minneapolis,Minnesota,55470,US,45.0159,-93.4719,48860,Maggio-Kuhic,08/02/2022
18,Marlow,Nobles,mnoblesh@abc.net.au,Male,2008,BMW,M6,San Diego,California,92153,US,33.0169,-116.846,37072,Okuneva-Ritchie,05/20/2022
19,Fionnula,Fackrell,ffackrelli@uol.com.br,Female,1998,Toyota,Tacoma,Oklahoma City,Oklahoma,73109,US,35.4259,-97.5261,62572,Zboncak-Barton,08/13/2025
20,Gun,Gribbell,ggribbellj@elegantthemes.com,Polygender,1993,Porsche,928,Boca Raton,Florida,33487,US,26.4116,-80.0928,45227,"Stiedemann, Raynor and Spencer",04/20/2022
21,Aviva,Wordington,awordingtonk@census.gov,Female,2002,Land Rover,Discovery,Bloomington,Indiana,47405,US,39.1682,-86.5186,57309,Russel-Stroman,04/24/2023
22,Tab,Coggles,tcogglesl@businesswire.com,Male,1990,Ford,F-Series,Saint Louis,Missouri,63126,US,38.5495,-90.3811,61032,"Douglas, Kihn and Ziemann",07/31/2023
23,Allie,Gloy,agloym@google.com.hk,Female,1984,Mitsubishi,Cordia,Wilmington,Delaware,19897,US,39.5645,-75.597,63148,Wunsch-Howell,06/23/2023
24,Kerwinn,Morgen,kmorgenn@state.gov,Male,2006,Toyota,Tundra,Pittsburgh,Pennsylvania,15250,US,40.4344,-80.0248,59517,"Anderson, Ziemann and Waters",07/07/2023
25,Antonio,Bugg,abuggo@wunderground.com,Non-binary,2004,Suzuki,Vitara,Dallas,Texas,75221,US,32.8147,-96.7877,56153,"Cruickshank, Miller and Ondricka",02/22/2025
26,Erskine,Bartrop,ebartropp@slideshare.net,Genderfluid,2012,Buick,Regal,Amarillo,Texas,79116,US,35.2454,-101.999,71839,"Kulas, Murazik and Schaefer",07/28/2024
27,Karol,Philipeau,kphilipeauq@yahoo.co.jp,Female,2006,Audi,A8,Glendale,California,91210,US,33.7866,-118.2987,37115,"Klocko, Schaefer and Kovacek",04/11/2023
28,Natassia,Ryall,nryallr@independent.co.uk,Female,2005,Toyota,Corolla,New Orleans,Louisiana,70142,US,30.033,-89.8826,78372,Moore Inc,03/05/2023
29,Jakie,Sorbey,jsorbeys@webmd.com,Agender,1993,Chevrolet,Suburban 1500,Nashville,Tennessee,37220,US,36.0641,-86.7697,44089,"Leffler, Sanford and Maggio",10/25/2022
30,Ruttger,Hanwright,rhanwrightt@friendfeed.com,Male,2002,Mitsubishi,Lancer,Tacoma,Washington,98424,US,47.2325,-122.3594,91959,"Olson, Glover and Yost",12/19/2022
31,Andi,LAbbet,alabbetu@sakura.ne.jp,Female,1967,Pontiac,Firebird,Los Angeles,California,90071,US,34.0529,-118.2549,67264,Borer Inc,10/02/2025
32,Ferdinand,Narducci,fnarducciv@cnbc.com,Male,1995,Mazda,Miata MX-5,San Jose,California,95128,US,37.3163,-121.9356,40075,"Baumbach, Lakin and Schinner",04/12/2024
33,Benita,Cary,bcaryw@prweb.com,Female,2002,Chevrolet,Venture,Memphis,Tennessee,38181,US,35.2017,-89.9715,97775,Skiles-Lesch,09/04/2022
34,Rozalie,Minger,rmingerx@imgur.com,Female,2008,Maserati,GranTurismo,New York City,New York,10175,US,40.7543,-73.9798,81003,"Terry, Torphy and Welch",11/08/2024
35,Pembroke,Acuna,pacunay@netvibes.com,Male,2010,Audi,S5,Fresno,California,93709,US,36.7464,-119.6397,43693,Hintz-Lind,02/02/2024
36,Brock,Greetland,bgreetlandz@washington.edu,Male,2008,Acura,TSX,Louisville,Kentucky,40215,US,38.1913,-85.7847,93205,"Goyette, Dare and Kuphal",01/28/2026
37,Linda,Balogun,lbalogun10@admin.ch,Female,1998,Dodge,Ram 2500 Club,Baltimore,Maryland,21229,US,39.2856,-76.6899,55135,Hauck Inc,03/07/2023
38,Lissa,Pember,lpember11@xing.com,Female,1990,Pontiac,Trans Sport,Seattle,Washington,98166,US,47.4511,-122.353,86709,"Johns, Conn and Bauch",11/16/2025
39,Eberhard,Wynch,ewynch12@chron.com,Male,1998,Toyota,Tercel,Houston,Texas,77070,US,29.9781,-95.5803,61126,Rutherford Inc,12/14/2022
40,Eadie,Moncrieffe,emoncrieffe13@bbb.org,Female,1994,Nissan,300ZX,Newark,New Jersey,07188,US,40.7918,-74.2452,51433,Konopelski-Kreiger,08/29/2024
41,Renard,Peasee,rpeasee14@creativecommons.org,Male,2006,Maserati,GranSport,New York City,New York,10090,US,40.7808,-73.9772,81802,Ruecker-Rohan,11/29/2022
42,Clerissa,Crole,ccrole15@eventbrite.com,Female,1999,Chevrolet,Suburban 2500,Shreveport,Louisiana,71115,US,32.3401,-93.6092,42546,Hartmann-Yost,01/24/2023
43,Jorgan,Grundle,jgrundle16@nasa.gov,Male,1992,Cadillac,Eldorado,Midland,Texas,79705,US,32.0295,-102.0915,73075,Lang-Langworth,01/01/2023
44,Tonnie,Hardwin,thardwin17@cdbaby.com,Male,1988,Mercury,Topaz,Raleigh,North Carolina,27635,US,35.7977,-78.6253,47931,Stoltenberg LLC,03/22/2023
45,Margaux,Argente,margente18@posterous.com,Female,2002,Mercedes-Benz,CL-Class,Portland,Maine,04109,US,43.6783,-70.1987,52157,Runolfsdottir and Sons,01/11/2026
46,Jo,McIlenna,jmcilenna19@friendfeed.com,Male,2008,MINI,Cooper,Fresno,California,93750,US,36.7464,-119.6397,48045,"Daugherty, Gottlieb and Mohr",01/02/2024
47,Elizabeth,Brumen,ebrumen1a@google.de,Female,1999,Chrysler,Town & Country,Tulsa,Oklahoma,74126,US,36.2383,-95.9931,60028,"Waters, McKenzie and Fay",10/03/2024
48,Lanie,Joreau,ljoreau1b@miitbeian.gov.cn,Bigender,2003,Chevrolet,Astro,Sacramento,California,95838,US,38.6406,-121.444,43305,"Deckow, Stracke and Kutch",03/08/2022
49,Coral,Bermingham,cbermingham1c@slashdot.org,Female,2012,Mitsubishi,Outlander Sport,Saint Petersburg,Florida,33737,US,27.8918,-82.7248,46099,Hessel-Dietrich,12/06/2022
50,Paola,Szubert,pszubert1d@i2i.jp,Female,1998,Volvo,S70,Tampa,Florida,33633,US,27.872,-82.4388,69422,Ullrich Inc,07/15/2024
51,Loralyn,Salvador,lsalvador1e@msn.com,Female,2006,Toyota,Sienna,Oklahoma City,Oklahoma,73104,US,35.4794,-97.5017,52654,McLaughlin-Goodwin,03/12/2024
52,Simone,Lindup,slindup1f@whitehouse.gov,Male,1980,Chevrolet,Camaro,Milwaukee,Wisconsin,53277,US,43.0389,-87.9024,77064,Hayes-Bashirian,06/13/2024
53,Archy,Carling,acarling1g@fastcompany.com,Male,1996,Suzuki,Sidekick,Vero Beach,Florida,32964,US,27.709,-80.5726,43419,Howe-Beer,06/18/2023
54,Raquel,Parminter,rparminter1h@unicef.org,Genderfluid,1996,Chevrolet,Sportvan G30,Schenectady,New York,12305,US,42.8161,-73.9398,56294,Wolf Inc,06/20/2022
55,Dela,Celler,dceller1i@cbslocal.com,Female,2008,Nissan,350Z,Grand Junction,Colorado,81505,US,39.1071,-108.5968,70863,"Stracke, Nader and Torphy",05/09/2022
56,Janifer,Guppey,jguppey1j@google.nl,Female,2000,Lexus,ES,Boston,Massachusetts,02298,US,42.3823,-71.0323,50698,"Schulist, Rogahn and Kunde",08/16/2023
57,Tobye,Linney,tlinney1k@telegraph.co.uk,Female,2004,Nissan,Sentra,Pasadena,California,91109,US,33.7866,-118.2987,81287,McDermott-Leuschke,10/10/2024
58,Kala,Traut,ktraut1l@timesonline.co.uk,Female,2007,Toyota,FJ Cruiser,Santa Clara,California,95054,US,37.3924,-121.9623,79677,"Kreiger, Durgan and Gerlach",01/01/2023
59,Urban,Sedgmond,usedgmond1m@woothemes.com,Male,1989,Lincoln,Town Car,Albuquerque,New Mexico,87190,US,35.0443,-106.6729,47721,Cruickshank-Robel,07/28/2023
60,Abbe,Stetlye,astetlye1n@goo.ne.jp,Genderfluid,1998,Chevrolet,Express 2500,Newton,Massachusetts,02458,US,42.3528,-71.1875,65326,Ratke LLC,08/08/2024
61,Hortensia,Collingworth,hcollingworth1o@t.co,Female,2006,Lexus,GX,Largo,Florida,33777,US,27.8546,-82.7545,45379,Spencer-Mohr,08/03/2023
62,Neda,Hannah,nhannah1p@independent.co.uk,Female,2006,Mazda,Tribute,Greensboro,North Carolina,27409,US,36.0777,-79.9086,72621,Weimann Inc,09/20/2024
63,Alanah,MacTrustram,amactrustram1q@amazonaws.com,Female,2000,Dodge,Ram Van 1500,Carson City,Nevada,89714,US,39.1678,-119.7764,59907,"Kessler, Schiller and Moore",11/24/2023
64,Kurtis,Wisedale,kwisedale1r@1688.com,Male,2006,GMC,Yukon XL 1500,Honolulu,Hawaii,96845,US,21.3278,-157.8294,51395,Bergstrom-Stiedemann,09/18/2024
65,Derron,MacVay,dmacvay1s@hexun.com,Male,2005,Chevrolet,Cavalier,Stamford,Connecticut,06905,US,41.0888,-73.5435,33411,Davis LLC,12/30/2025
66,Hall,Karmel,hkarmel1t@goodreads.com,Male,2007,Acura,TL,Grand Rapids,Michigan,49510,US,43.0314,-85.5503,43552,"Grant, Crona and Skiles",02/26/2024
67,Manon,Yonge,myonge1u@yale.edu,Female,1996,Ford,Escort,Philadelphia,Pennsylvania,19136,US,40.0422,-75.0244,79838,Erdman Inc,05/01/2023
68,Lanny,Morrel,lmorrel1v@networksolutions.com,Female,2005,Lexus,RX,El Paso,Texas,79999,US,31.6948,-106.3,72991,"Johns, Dickens and Schultz",04/28/2025
69,Jordana,Archer,jarcher1w@lulu.com,Female,1992,Volvo,740,Bridgeport,Connecticut,06673,US,41.3089,-73.3637,52653,"Bogisich, Goodwin and Streich",08/09/2022
70,Orella,Bullus,obullus1x@comcast.net,Female,2000,Audi,A6,Sacramento,California,95838,US,38.6406,-121.444,78142,Greenfelder-Jerde,06/07/2023
71,Ody,Oldridge,ooldridge1y@bigcartel.com,Male,1993,Toyota,Land Cruiser,Washington,District of Columbia,20370,US,38.8933,-77.0146,41644,Muller Inc,09/29/2022
72,Quintina,Brierly,qbrierly1z@g.co,Female,2010,Ford,F450,Fresno,California,93709,US,36.7464,-119.6397,67534,Kuvalis and Sons,05/30/2024
73,Shae,Dinjes,sdinjes20@goo.gl,Male,1993,Audi,90,Toledo,Ohio,43656,US,41.6782,-83.4972,63504,McGlynn-Casper,10/24/2024
74,Harald,Deyes,hdeyes21@topsy.com,Male,2002,Mercedes-Benz,SLK-Class,Naples,Florida,34108,US,26.2416,-81.8071,82220,Kovacek-Dibbert,01/15/2023
75,Yulma,Kennealy,ykennealy22@deliciousdays.com,Male,1991,Mazda,B-Series,Macon,Georgia,31210,US,32.8926,-83.7455,40224,Carter-Heidenreich,12/27/2022
76,Bella,Spinola,bspinola23@vimeo.com,Female,2004,Pontiac,Vibe,Philadelphia,Pennsylvania,19160,US,40.0018,-75.1179,37160,Christiansen LLC,02/12/2023
77,Fionna,Michelmore,fmichelmore24@vinaora.com,Female,1997,Chevrolet,1500,Florence,South Carolina,29505,US,34.1231,-79.6893,55170,Feil Inc,08/02/2023
78,Haroun,deKnevet,hdeknevet25@google.es,Male,2005,Ford,Five Hundred,Saint Louis,Missouri,63136,US,38.7196,-90.27,95496,Schiller-Okuneva,04/16/2024
79,Abrahan,Di Franceschi,adifranceschi26@ebay.com,Male,1998,Buick,Century,Des Moines,Iowa,50362,US,41.6727,-93.5722,96445,McDermott and Sons,03/10/2023
80,Fredric,Harmson,fharmson27@yellowpages.com,Male,1995,Ford,Probe,Washington,District of Columbia,20036,US,38.9087,-77.0414,43152,"Christiansen, Hayes and Keebler",02/16/2023
81,Henderson,Penk,hpenk28@usda.gov,Male,2004,Lincoln,LS,Albany,New York,12255,US,42.6149,-73.9708,47946,Koch Group,09/25/2024
82,Dionne,Thaxton,dthaxton29@miitbeian.gov.cn,Female,2000,Lexus,GS,Battle Creek,Michigan,49018,US,42.2464,-85.0045,77820,"Russel, Wisoky and Hayes",04/10/2025
83,Scott,Chainey,schainey2a@msn.com,Male,2003,Volvo,S60,Manchester,New Hampshire,03105,US,42.9521,-71.6539,54814,"Swaniawski, Hintz and Lind",07/21/2024
84,Gardiner,Cuttin,gcuttin2b@nasa.gov,Male,2011,Suzuki,Grand Vitara,Boynton Beach,Florida,33436,US,26.5354,-80.1124,98340,Luettgen and Sons,04/03/2024
85,Tracey,Kermitt,tkermitt2c@360.cn,Female,2009,Toyota,Sequoia,Cincinnati,Ohio,45271,US,39.1668,-84.5382,36810,Buckridge-Cormier,12/28/2025
86,Cassandry,Caldes,ccaldes2d@google.com.au,Female,2011,Cadillac,Escalade ESV,Tucson,Arizona,85743,US,32.3366,-111.1771,65829,Rogahn-Boyer,11/12/2022
87,Issie,Dufton,idufton2e@ucoz.com,Female,2010,Ford,E-Series,Detroit,Michigan,48211,US,42.3809,-83.0409,71681,Bogan-Hettinger,05/03/2024
88,Hildegaard,Elham,helham2f@dell.com,Female,2009,Audi,Q7,Charlotte,North Carolina,28289,US,35.26,-80.8042,30490,Runte and Sons,03/06/2022
89,Ardine,Craigs,acraigs2g@discuz.net,Female,2004,Audi,Allroad,Young America,Minnesota,55573,US,45.0159,-93.4719,45350,Pfeffer-Stiedemann,07/14/2025
90,Etheline,Landon,elandon2h@t-online.de,Female,2011,Lamborghini,Gallardo,Evansville,Indiana,47732,US,37.9971,-87.575,49850,Carter Group,09/14/2024
91,Towny,Batterton,tbatterton2i@nbcnews.com,Male,2010,Hyundai,Elantra,Birmingham,Alabama,35225,US,33.5446,-86.9292,67822,Parker Group,01/13/2026
92,Benoite,Plaster,bplaster2j@blog.com,Polygender,2009,Cadillac,Escalade EXT,Columbia,South Carolina,29215,US,34.006,-80.9708,75969,Kertzmann-Hintz,06/27/2023
93,Estel,Gheorghe,egheorghe2k@google.co.jp,Female,2010,Toyota,TundraMax,Mobile,Alabama,36622,US,30.6589,-88.178,77007,Predovic Inc,09/18/2023
94,Darleen,Rubery,drubery2l@webeden.co.uk,Female,2002,Ford,Th!nk,Paterson,New Jersey,07522,US,40.9252,-74.1781,92888,Walsh-Hahn,05/21/2024
95,Werner,Pickance,wpickance2m@ftc.gov,Male,2011,Audi,Q5,Charleston,West Virginia,25336,US,38.2968,-81.5547,39418,Schmidt and Sons,04/28/2024
96,Sonia,Jina,sjina2n@51.la,Agender,1992,Mazda,B-Series Plus,Denver,Colorado,80299,US,39.7388,-104.4083,41233,"Pouros, Kemmer and Kiehn",04/08/2024
97,Lorrie,Casperri,lcasperri2o@ustream.tv,Male,1984,Ford,F150,San Antonio,Texas,78215,US,29.4413,-98.4793,65799,Veum-Kunde,03/11/2022
98,Curcio,Moreinu,cmoreinu2p@china.com.cn,Genderfluid,1993,Dodge,Ram 50,Apache Junction,Arizona,85219,US,33.3616,-111.2795,67261,King-Mayert,07/08/2023
99,Fayina,Pomfrey,fpomfrey2q@ucoz.ru,Female,2005,Mercedes-Benz,S-Class,South Bend,Indiana,46634,US,41.5968,-86.293,45743,"Carroll, Marvin and Cormier",10/13/2022
100,Eva,Colbrun,ecolbrun2r@icq.com,Female,2010,Lexus,LS Hybrid,Portland,Maine,04109,US,43.6783,-70.1987,55241,"Conn, Hintz and Huels",04/07/2024
101,Elora,Errol,eerrol2s@jigsy.com,Female,2002,BMW,Z8,Wilmington,Delaware,19805,US,39.7434,-75.5827,49979,Kunde-Larson,07/26/2024
102,Porty,Bosman,pbosman2t@cyberchimps.com,Male,2006,Infiniti,M,Englewood,Colorado,80150,US,39.7388,-104.4083,40405,Schneider-Langosh,11/24/2023
103,Brewer,Dargue,bdargue2u@webeden.co.uk,Male,2012,Aston Martin,DBS,Norfolk,Virginia,23551,US,36.9312,-76.2397,97559,Hackett-Goldner,06/14/2023
104,Clayson,Hardes,chardes2v@craigslist.org,Male,1990,Mazda,RX-7,Springfield,Massachusetts,01152,US,42.1707,-72.6048,51932,Halvorson LLC,04/25/2025
105,Henrieta,Shailer,hshailer2w@issuu.com,Non-binary,2011,Cadillac,Escalade ESV,Saint Louis,Missouri,63110,US,38.6185,-90.2564,60009,Steuber Inc,10/04/2024
106,Purcell,Philippon,pphilippon2x@bloomberg.com,Genderfluid,2008,Land Rover,Discovery,Las Vegas,Nevada,89105,US,36.086,-115.1471,40179,Cassin Inc,02/03/2022
107,Faunie,Seyler,fseyler2y@deviantart.com,Female,2003,GMC,Sierra 1500,Birmingham,Alabama,35236,US,33.5446,-86.9292,57774,"Weber, Smith and Mante",03/08/2024
108,Dex,Bromhead,dbromhead2z@prweb.com,Male,1994,Dodge,Shadow,Portland,Oregon,97211,US,45.5653,-122.6448,96042,Davis-Mosciski,07/24/2024
109,Jackquelin,McAuslene,jmcauslene30@reference.com,Bigender,2010,BMW,M6,Houston,Texas,77293,US,29.834,-95.4342,73571,Carroll-Kessler,12/23/2025
110,Sheff,Burkill,sburkill31@tripod.com,Male,2006,Toyota,Sequoia,Mobile,Alabama,36689,US,30.6589,-88.178,66876,Farrell Inc,09/29/2023
111,Ruddy,Endricci,rendricci32@pinterest.com,Male,1992,Chevrolet,G-Series G20,Indianapolis,Indiana,46278,US,39.8726,-86.2768,40639,Stiedemann-Dare,11/27/2023
112,Marley,Achrameev,machrameev33@merriam-webster.com,Female,2010,Lincoln,Navigator L,Los Angeles,California,90189,US,34.0515,-118.2559,73699,Fahey-Ratke,03/06/2023
113,Margaux,D'Ambrosio,mdambrosio34@cmu.edu,Female,2005,Chevrolet,Malibu,Atlanta,Georgia,30351,US,33.8444,-84.474,70625,Koepp Inc,09/30/2023
114,Heinrick,Hobell,hhobell35@cafepress.com,Male,1998,Cadillac,DeVille,Phoenix,Arizona,85045,US,33.3022,-112.1226,32493,"Wunsch, Connelly and Abernathy",11/14/2023
115,Lynna,Penberthy,lpenberthy36@bluehost.com,Female,2006,Dodge,Ram 2500,Wichita,Kansas,67260,US,37.7194,-97.2936,69239,Considine and Sons,10/20/2023
116,Kliment,Kryska,kkryska37@constantcontact.com,Male,1999,Lincoln,Town Car,Denver,Colorado,80223,US,39.7002,-105.0028,83415,Kohler Inc,06/06/2022
117,Pippo,Grinyakin,pgrinyakin38@booking.com,Male,1975,Pontiac,Grand Prix,Wichita,Kansas,67220,US,37.7667,-97.2805,55198,"Tremblay, Botsford and Collins",07/03/2023
118,Michael,Pawle,mpawle39@bravesites.com,Male,2004,Mercury,Mountaineer,Pittsburgh,Pennsylvania,15205,US,40.4322,-80.1021,99031,Osinski-Schimmel,09/17/2022
119,Saxe,Berrygun,sberrygun3a@go.com,Male,2008,Chevrolet,Equinox,Spokane,Washington,99260,US,47.6536,-117.4317,83821,Raynor Group,07/05/2022
120,Leanna,Palle,lpalle3b@exblog.jp,Female,2002,Daewoo,Nubira,Little Rock,Arkansas,72209,US,34.6725,-92.3529,95214,Muller and Sons,05/29/2024
121,Worthington,Stabler,wstabler3c@pen.io,Male,2003,Mazda,Miata MX-5,New York City,New York,10079,US,40.7808,-73.9772,32410,Vandervort LLC,04/17/2023
122,Ban,Dumberrill,bdumberrill3d@wiley.com,Genderqueer,1986,Lincoln,Town Car,Boston,Massachusetts,02114,US,42.3611,-71.0682,90747,Johnson-Lakin,06/03/2024
123,Jesselyn,Clulow,jclulow3e@mail.ru,Female,2002,Mercedes-Benz,C-Class,Kansas City,Kansas,66105,US,39.085,-94.6356,40550,Johnson and Sons,11/08/2024
124,Georgy,Tellenbach,gtellenbach3f@oracle.com,Male,1954,Cadillac,Fleetwood,Salt Lake City,Utah,84105,US,40.7372,-111.8581,74676,Lueilwitz-Stamm,08/17/2025
125,Shelton,Myrtle,smyrtle3g@google.co.jp,Genderfluid,2006,Ford,Ranger,Berkeley,California,94712,US,37.6802,-121.9215,74731,Reichel Group,11/21/2025
126,Sella,Lissimore,slissimore3h@telegraph.co.uk,Female,2012,Lotus,Evora,Peoria,Illinois,61651,US,40.7442,-89.7184,87849,Metz Group,12/10/2025
127,Kristien,Kelledy,kkelledy3i@fotki.com,Female,2004,Volvo,V40,Tucson,Arizona,85720,US,31.9701,-111.8907,78661,"Cremin, Denesik and Stamm",01/09/2026
128,Ernestine,Fenelow,efenelow3j@economist.com,Female,1966,Oldsmobile,Toronado,Littleton,Colorado,80127,US,39.592,-105.1328,30942,Feest and Sons,10/18/2022
129,Darrelle,Campbell-Dunlop,dcampbelldunlop3k@youku.com,Genderqueer,1991,Mercury,Grand Marquis,Sioux Falls,South Dakota,57188,US,43.6746,-96.7913,48725,Jenkins-Heaney,06/26/2025
130,Stevie,Thickett,sthickett3l@va.gov,Male,2011,Lexus,LX,Birmingham,Alabama,35242,US,33.3813,-86.7046,45395,Legros-Boyle,02/19/2023
131,Larry,Steggals,lsteggals3m@usa.gov,Male,2000,Ford,Explorer Sport Trac,Albuquerque,New Mexico,87105,US,35.0448,-106.6893,41219,Jakubowski-Johns,12/12/2022
132,Wernher,Terzi,wterzi3n@webeden.co.uk,Male,1993,Dodge,D350 Club,Newark,New Jersey,07104,US,40.7664,-74.1695,38616,"Tremblay, Mayert and Skiles",09/16/2022
133,Emelda,Hargraves,ehargraves3o@virginia.edu,Female,2000,Dodge,Caravan,Toledo,Ohio,43605,US,41.6525,-83.5085,92051,Mayert-Legros,11/21/2023
134,Violetta,Spavon,vspavon3p@deviantart.com,Female,2002,BMW,Z3,Arlington,Texas,76096,US,32.7714,-97.2915,84456,Homenick-Hirthe,07/07/2023
135,Viva,Beaufoy,vbeaufoy3q@about.com,Female,2006,BMW,325,Los Angeles,California,90101,US,33.7866,-118.2987,73854,Gusikowski Group,06/12/2025
136,Ebeneser,O'Cuddie,eocuddie3r@de.vu,Male,1986,Mitsubishi,Precis,Sioux Falls,South Dakota,57188,US,43.6746,-96.7913,67562,Beer-Schowalter,09/07/2025
137,Bari,Corneille,bcorneille3s@rambler.ru,Female,2004,Jaguar,XJ Series,San Bernardino,California,92415,US,34.84,-115.9671,32939,"Brekke, Hartmann and Howe",11/13/2024
138,Janet,Boutton,jboutton3t@instagram.com,Female,2004,Chevrolet,SSR,Richmond,Virginia,23203,US,37.5593,-77.4471,52982,Heaney Inc,03/11/2024
139,Delphine,Enterle,denterle3u@dropbox.com,Female,1998,Mitsubishi,Montero Sport,Baltimore,Maryland,21239,US,39.361,-76.5891,97735,Schuppe Group,03/06/2024
140,Alethea,Rohan,arohan3v@google.es,Female,2013,BMW,X6,Boise,Idaho,83722,US,43.4599,-116.244,89867,Bergnaum Inc,04/06/2023
141,Tyson,Caverhill,tcaverhill3w@etsy.com,Male,1986,Mitsubishi,Starion,Fort Wayne,Indiana,46825,US,41.1465,-85.1232,84659,Waelchi-Hintz,08/02/2023
142,Cassius,Sutcliffe,csutcliffe3x@shutterfly.com,Male,1994,Cadillac,Fleetwood,Jeffersonville,Indiana,47134,US,38.2868,-85.7321,37846,Mosciski LLC,09/08/2023
143,Maddalena,Kobpac,mkobpac3y@microsoft.com,Female,1993,Ford,Tempo,Tucson,Arizona,85720,US,31.9701,-111.8907,38290,Lebsack-Hettinger,05/24/2025
144,Tori,Krysztofowicz,tkrysztofowicz3z@issuu.com,Female,2003,Pontiac,Grand Am,Elmira,New York,14905,US,42.0869,-76.8397,86831,Feeney-McCullough,11/05/2025
145,Demetrius,Skelhorn,dskelhorn40@nytimes.com,Male,1997,Mazda,MX-6,Kansas City,Missouri,64190,US,39.3432,-94.8516,37887,Rutherford Inc,10/06/2025
146,Maryann,Persicke,mpersicke41@bbb.org,Female,2007,Mazda,Mazda5,Saint Paul,Minnesota,55114,US,44.968,-93.1981,65987,Miller and Sons,01/29/2025
147,Nefen,Fownes,nfownes42@goo.gl,Male,2009,Audi,A6,Lafayette,Louisiana,70593,US,30.2081,-92.0951,90934,Schimmel Group,03/03/2025
148,Fania,Daulby,fdaulby43@hp.com,Female,1994,Nissan,300ZX,Atlanta,Georgia,30306,US,33.786,-84.3514,58761,Ernser-Steuber,12/21/2025
149,Kris,Habbes,khabbes44@macromedia.com,Bigender,2008,Lincoln,MKZ,Huntington Beach,California,92648,US,33.6773,-118.0051,60718,Mosciski LLC,05/07/2025
150,Leah,Kubicki,lkubicki45@utexas.edu,Female,2010,Ford,F150,Tacoma,Washington,98405,US,47.2484,-122.4644,75506,Boyle Inc,04/15/2025
151,Jocelyn,Bavister,jbavister46@wikia.com,Female,2011,GMC,Sierra 2500,Memphis,Tennessee,38119,US,35.0821,-89.8501,89199,"Lind, Hettinger and Hessel",12/13/2024
152,Brenn,Mennithorp,bmennithorp47@zdnet.com,Female,1998,Ford,F150,Pensacola,Florida,32520,US,30.4124,-87.2035,62368,"Block, Brown and Balistreri",10/25/2025
153,Moore,Piesold,mpiesold48@tiny.cc,Polygender,1990,Honda,Civic,Dallas,Texas,75372,US,32.7673,-96.7776,84859,Williamson LLC,04/15/2024
154,Loretta,Harflete,lharflete49@woothemes.com,Female,2005,Kia,Optima,Pasadena,California,91186,US,33.7866,-118.2987,76146,"Koepp, Grant and Fadel",01/28/2023
155,Ilsa,Bayldon,ibayldon4a@w3.org,Genderfluid,1992,Mazda,626,Saint Paul,Minnesota,55127,US,45.0803,-93.0875,72971,"Roob, Breitenberg and Kuhlman",08/01/2025
156,Xever,Marchelli,xmarchelli4b@geocities.jp,Genderqueer,2011,Volkswagen,Eos,Grand Rapids,Michigan,49505,US,43.012,-85.6309,79181,Nienow-Hane,06/20/2022
157,Pansie,Reilingen,preilingen4c@discovery.com,Female,2005,Saturn,Relay,Richmond,Virginia,23213,US,37.5593,-77.4471,36468,Murazik-Fay,10/07/2025
158,Silva,Rundle,srundle4d@soup.io,Non-binary,1999,Cadillac,Seville,Maple Plain,Minnesota,55579,US,45.0159,-93.4719,59000,"Koelpin, Cartwright and Cartwright",12/27/2022
159,Vonny,Giovani,vgiovani4e@desdev.cn,Female,1995,Suzuki,SJ,Winston Salem,North Carolina,27110,US,36.0275,-80.2073,91712,Friesen-Hermiston,06/09/2025
160,Alessandra,Innman,ainnman4f@mtv.com,Female,2010,Bentley,Azure,Washington,District of Columbia,20268,US,38.8933,-77.0146,47349,Gerhold-Johns,05/29/2023
161,Lev,Isson,lisson4g@opensource.org,Male,1996,Mazda,MX-3,West Palm Beach,Florida,33421,US,26.6459,-80.4303,53019,Torphy-Hettinger,08/20/2025
162,Tammi,Zanetello,tzanetello4h@webnode.com,Female,1994,Toyota,Tercel,Topeka,Kansas,66642,US,39.0429,-95.7697,86660,"Ullrich, Spinka and Thiel",08/30/2025
163,Harrietta,Lambdin,hlambdin4i@ox.ac.uk,Female,1992,GMC,Yukon,Charleston,South Carolina,29411,US,32.8715,-79.9947,72940,Crona-Gutmann,11/22/2023
164,Corella,Saunder,csaunder4j@google.de,Female,1996,Chrysler,Cirrus,Sacramento,California,95828,US,38.4826,-121.4006,85451,"O'Kon, Morissette and Jerde",03/24/2024
165,Salome,Payler,spayler4k@examiner.com,Female,2004,Toyota,Avalon,Miami,Florida,33124,US,25.5584,-80.4582,73131,Emard-Sipes,04/06/2022
166,Katerine,Ehrat,kehrat4l@free.fr,Bigender,2005,Saturn,L-Series,Columbus,Ohio,43240,US,40.1454,-82.9817,30131,Witting Group,03/22/2022
167,Horst,Lilian,hlilian4m@1688.com,Male,1989,Ford,Courier,Henderson,Nevada,89074,US,36.0384,-115.0857,33490,Johns-Bechtelar,07/28/2022
168,Flynn,Crowche,fcrowche4n@nydailynews.com,Male,1995,Dodge,Ram 3500 Club,Springfield,Massachusetts,01114,US,42.1707,-72.6048,85230,Fritsch-Dach,12/21/2025
169,Rees,Maddison,rmaddison4o@trellian.com,Male,2012,Kia,Rio,Dayton,Ohio,45408,US,39.7395,-84.229,90355,Hayes LLC,07/31/2022
170,Ajay,Tuckwell,atuckwell4p@icq.com,Female,2001,Mazda,Millenia,Fort Worth,Texas,76105,US,32.7233,-97.269,35305,"Kub, Gutmann and Tillman",05/16/2025
171,Gale,Lytlle,glytlle4q@vkontakte.ru,Male,2010,Ferrari,California,Bonita Springs,Florida,34135,US,26.3771,-81.7334,65135,"Waters, Greenholt and Conn",03/07/2023
172,Carie,Feldhorn,cfeldhorn4r@wiley.com,Female,2004,Chrysler,PT Cruiser,Miami,Florida,33153,US,25.8655,-80.1936,84708,Graham-Satterfield,11/24/2023
173,Minny,Barrow,mbarrow4s@tiny.cc,Bigender,2008,Suzuki,Daewoo Lacetti,Miami,Florida,33180,US,25.9597,-80.1403,50466,Mayer Group,11/14/2022
174,Jenelle,Raggett,jraggett4t@merriam-webster.com,Female,2009,Acura,TSX,Columbia,Missouri,65211,US,38.9033,-92.1022,65978,"Beatty, Jakubowski and McKenzie",05/14/2023
175,Cheston,Karp,ckarp4u@columbia.edu,Male,2012,Lamborghini,Aventador,Fort Worth,Texas,76134,US,32.6469,-97.3325,65003,"Green, Herman and Douglas",05/10/2025
176,Dorthy,Suttie,dsuttie4v@csmonitor.com,Female,1998,Chevrolet,Malibu,Los Angeles,California,90015,US,34.0434,-118.2716,35524,Mueller Inc,07/15/2023
177,Robina,Badby,rbadby4w@friendfeed.com,Female,2013,Ford,Transit Connect,Chicago,Illinois,60657,US,41.9399,-87.6528,91478,Bahringer-Waelchi,07/10/2022
178,Caz,Miller,cmiller4x@163.com,Male,2009,Nissan,Murano,Houston,Texas,77288,US,29.834,-95.4342,87291,"Mohr, Crist and Spinka",12/15/2025
179,Isabel,Kulas,ikulas4y@yelp.com,Female,1997,Lexus,ES,Toledo,Ohio,43699,US,41.6538,-83.6589,55029,Hickle-Berge,06/26/2025
180,Tamas,Kivelhan,tkivelhan4z@cyberchimps.com,Male,2002,GMC,Savana 1500,Nashville,Tennessee,37245,US,36.1866,-86.7852,98081,Kris-Donnelly,12/16/2024
181,Northrop,Eastway,neastway50@usa.gov,Male,2008,Jeep,Wrangler,Miami,Florida,33196,US,25.6615,-80.441,95635,"O'Connell, D'Amore and Wunsch",04/22/2022
182,Creighton,Puleque,cpuleque51@narod.ru,Male,1999,Dodge,Avenger,New York City,New York,10170,US,40.7526,-73.9755,85620,"Beatty, Kutch and Turcotte",03/05/2023
183,Beulah,Pere,bpere52@dion.ne.jp,Female,2008,Audi,S8,Philadelphia,Pennsylvania,19131,US,39.9845,-75.2282,86890,Torphy-Crona,09/13/2025
184,Fayre,Stiling,fstiling53@xinhuanet.com,Female,2002,Nissan,Altima,Spokane,Washington,99252,US,47.6536,-117.4317,61738,Tromp-Legros,04/15/2023
185,Daryl,Emblin,demblin54@salon.com,Male,1986,Buick,Regal,Memphis,Tennessee,38150,US,35.2017,-89.9715,78482,Wiegand Inc,03/31/2024
186,Vickie,Pennycock,vpennycock55@youtu.be,Female,2003,BMW,5 Series,Young America,Minnesota,55564,US,44.8055,-93.7665,86114,Spencer Group,04/07/2024
187,Jeniffer,Jouannot,jjouannot56@webeden.co.uk,Female,1993,Volkswagen,riolet,Houston,Texas,77090,US,30.0167,-95.447,91727,Lynch Inc,07/18/2023
188,Ede,Flay,eflay57@pinterest.com,Female,2011,Chevrolet,Silverado 3500,Houston,Texas,77276,US,29.7575,-95.3668,83211,Goyette-Schuster,05/21/2022
189,Norrie,Longhirst,nlonghirst58@samsung.com,Male,1997,Lexus,LX,Arlington,Texas,76004,US,32.7714,-97.2915,85269,Lesch Group,09/21/2025
190,Tore,Longfellow,tlongfellow59@addtoany.com,Male,2002,Honda,Accord,Omaha,Nebraska,68144,US,41.2335,-96.1188,57162,Tromp-Purdy,04/23/2022
191,Billy,Porson,bporson5a@unblog.fr,Female,1992,Dodge,Ramcharger,Houston,Texas,77065,US,29.9319,-95.6106,93833,"Daugherty, Schroeder and Heidenreich",01/20/2024
192,Vida,Aspray,vaspray5b@timesonline.co.uk,Female,2012,Lamborghini,Aventador,Norcross,Georgia,30092,US,33.9677,-84.2438,44244,Gerlach Inc,01/04/2025
193,Sherri,Fateley,sfateley5c@mozilla.org,Female,2007,Hyundai,Santa Fe,Mobile,Alabama,36641,US,30.6589,-88.178,85281,West and Sons,02/06/2025
194,Tally,Bate,tbate5d@mysql.com,Male,1986,Lamborghini,Countach,New Orleans,Louisiana,70149,US,30.033,-89.8826,76561,Durgan LLC,08/02/2024
195,Amerigo,Mennear,amennear5e@de.vu,Male,1999,Honda,Passport,Buffalo,New York,14233,US,42.7684,-78.8871,75970,Fay-Upton,09/24/2023
196,Marcello,Quarrell,mquarrell5f@umich.edu,Male,2002,Subaru,Outback Sport,San Francisco,California,94121,US,37.7786,-122.4892,80649,McLaughlin LLC,07/03/2023
197,Jannel,Bischof,jbischof5g@phoca.cz,Female,1992,Eagle,Talon,Modesto,California,95397,US,37.6566,-121.0191,77301,"Lowe, Waelchi and Auer",08/17/2023
198,Tammie,Rebert,trebert5h@google.es,Female,2008,Maserati,Quattroporte,New York City,New York,10029,US,40.7918,-73.9448,95432,Smith Inc,08/11/2022
199,Cobby,Zanuciolii,czanuciolii5i@sun.com,Non-binary,2003,Volvo,S80,Birmingham,Alabama,35220,US,33.5446,-86.9292,77252,"Aufderhar, Ebert and Dooley",03/19/2023
200,Giulietta,Prugel,gprugel5j@tamu.edu,Female,2003,Mitsubishi,Eclipse,Washington,District of Columbia,20051,US,38.8933,-77.0146,73499,Jacobson-Murphy,11/03/2025
201,Dev,Menchenton,dmenchenton5k@youku.com,Male,2012,BMW,M3,Austin,Texas,78703,US,30.2907,-97.7648,63300,"Kirlin, Ferry and Baumbach",02/20/2025
202,Candida,Hirjak,chirjak5l@digg.com,Female,2009,Lamborghini,Gallardo,New York City,New York,10014,US,40.7339,-74.0054,30553,Weber Inc,06/12/2023
203,Northrop,Abadam,nabadam5m@sfgate.com,Male,2010,Rolls-Royce,Phantom,San Antonio,Texas,78245,US,29.4189,-98.6895,49254,Romaguera Group,05/30/2023
204,Ernest,Becom,ebecom5n@geocities.com,Male,1990,Mazda,Familia,Washington,District of Columbia,20010,US,38.9327,-77.0322,71773,Denesik and Sons,02/23/2025
205,Edmund,Ivashov,eivashov5o@accuweather.com,Male,1989,Subaru,XT,Irvine,California,92619,US,33.6706,-117.7645,63283,Collier-Schimmel,01/19/2024
206,Sasha,Paskin,spaskin5p@japanpost.jp,Male,2011,Honda,Accord,Tyler,Texas,75799,US,32.4112,-95.2899,35807,Murray and Sons,04/26/2022
207,Hardy,Scheffel,hscheffel5q@livejournal.com,Male,1993,GMC,Yukon,Corona,California,92878,US,33.7529,-116.0556,96191,Weber Inc,07/17/2023
208,Dalenna,Cavan,dcavan5r@infoseek.co.jp,Agender,1998,Buick,Century,Corpus Christi,Texas,78470,US,27.777,-97.4632,48748,"Swift, Bayer and Johnston",10/04/2025
209,Colette,Colliver,ccolliver5s@zdnet.com,Female,2003,Mercedes-Benz,CL-Class,Crawfordsville,Indiana,47937,US,40.04,-86.8936,69794,Kerluke-Jacobi,03/05/2022
210,Amitie,Bennie,abennie5t@dell.com,Female,2011,Audi,Q5,Albuquerque,New Mexico,87110,US,35.1104,-106.5781,94313,Vandervort-Monahan,08/27/2024
211,Shaun,Cohane,scohane5u@washington.edu,Male,2012,Jeep,Wrangler,Houston,Texas,77266,US,29.834,-95.4342,84490,Moore-Johnston,04/17/2023
212,Ode,Downes,odownes5v@cbslocal.com,Male,2009,Subaru,Outback,Boston,Massachusetts,02104,US,42.3389,-70.9196,31392,Johnson and Sons,03/13/2022
213,Nerte,Dalyiel,ndalyiel5w@fema.gov,Female,2010,Hyundai,Genesis,Pasadena,California,91125,US,33.7866,-118.2987,53726,Harris LLC,04/21/2025
214,Romy,Petow,rpetow5x@arstechnica.com,Female,1998,Pontiac,Firebird,Kansas City,Missouri,64142,US,39.035,-94.3567,43571,Towne-Doyle,05/08/2022
215,Brett,Shard,bshard5y@vk.com,Male,1996,Ford,Probe,Temple,Texas,76505,US,31.0363,-97.492,48428,Stehr LLC,03/28/2022
216,Patricia,Freiberg,pfreiberg5z@hhs.gov,Female,1996,GMC,Rally Wagon G3500,Indianapolis,Indiana,46239,US,39.7265,-86.0005,36583,Bahringer-Beier,11/29/2022
217,Clark,Enstone,censtone60@weather.com,Male,2003,Toyota,Sequoia,Anderson,South Carolina,29625,US,34.5271,-82.7087,83388,Nader and Sons,10/24/2024
218,Cleve,Gaddes,cgaddes61@networksolutions.com,Male,1996,Chevrolet,Caprice,Elmira,New York,14905,US,42.0869,-76.8397,30674,Ryan-Spinka,06/29/2025
219,Sisile,Scatchard,sscatchard62@issuu.com,Female,1996,Dodge,Ram Van 3500,Lake Charles,Louisiana,70607,US,30.1244,-93.1835,56090,Dicki LLC,05/06/2024
220,Ardra,Godley,agodley63@instagram.com,Female,2000,Mitsubishi,Galant,Boulder,Colorado,80310,US,40.0878,-105.3735,50502,Jakubowski and Sons,07/28/2024
221,Betty,Hurlestone,bhurlestone64@uiuc.edu,Female,2011,Toyota,Corolla,Ann Arbor,Michigan,48107,US,42.2535,-83.8366,90271,"Bartoletti, Jacobson and Hammes",10/21/2022
222,Jolee,Callis,jcallis65@whitehouse.gov,Female,1995,Dodge,Dakota Club,Louisville,Kentucky,40298,US,38.189,-85.6768,77214,"Bayer, Lind and Hagenes",09/19/2025
223,Roderic,Leuty,rleuty66@stanford.edu,Male,1998,Cadillac,DeVille,Ventura,California,93005,US,34.0324,-119.1343,53428,Cronin LLC,01/06/2025
224,Humbert,Drews,hdrews67@sogou.com,Male,2010,Toyota,Highlander,New Orleans,Louisiana,70179,US,30.033,-89.8826,39334,Smitham-Leffler,11/25/2024
225,Yuri,Ruusa,yruusa68@si.edu,Male,2003,Nissan,Altima,Houston,Texas,77234,US,29.834,-95.4342,83954,Sauer Inc,09/05/2022
226,Katha,Matuszewski,kmatuszewski69@naver.com,Female,2006,Acura,RSX,Washington,District of Columbia,20397,US,38.9164,-76.9948,48075,Kilback Group,05/07/2022
227,Elsy,Bruggeman,ebruggeman6a@amazon.co.jp,Female,2006,Volkswagen,Jetta,Kingsport,Tennessee,37665,US,36.5799,-82.5733,87279,Orn Group,11/05/2023
228,Twila,Lanchberry,tlanchberry6b@salon.com,Female,2011,Chevrolet,Silverado 1500,Washington,District of Columbia,20409,US,38.8933,-77.0146,31187,"O'Conner, Medhurst and Heaney",05/29/2022
229,Kerwinn,Cadamy,kcadamy6c@hugedomains.com,Male,2006,Suzuki,Swift,Des Moines,Iowa,50320,US,41.5487,-93.5827,33837,Jaskolski-Howe,11/06/2024
230,Christian,Axelbee,caxelbee6d@digg.com,Female,1998,Audi,riolet,Murfreesboro,Tennessee,37131,US,35.8596,-86.421,70448,"Howe, Yost and Flatley",12/27/2024
231,Monro,Wallwork,mwallwork6e@nsw.gov.au,Male,1999,Chevrolet,Tahoe,Berkeley,California,94705,US,37.8571,-122.25,77463,Wuckert Group,02/28/2022
232,Adelina,Mechem,amechem6f@hostgator.com,Female,2012,Subaru,Impreza,Tacoma,Washington,98417,US,47.2061,-122.4822,46309,"Grimes, Mitchell and Little",11/25/2023
233,Gabbie,Gilchriest,ggilchriest6g@cam.ac.uk,Female,2012,Mitsubishi,i-MiEV,El Paso,Texas,79977,US,31.6948,-106.3,47761,Swaniawski-Stark,12/05/2022
234,Porty,Mendes,pmendes6h@nasa.gov,Male,2007,Kia,Sorento,Cleveland,Ohio,44197,US,41.6857,-81.6728,30979,"White, O'Keefe and Von",07/15/2025
235,Madelle,Izzatt,mizzatt6i@naver.com,Non-binary,1995,Chrysler,LeBaron,Grand Rapids,Michigan,49505,US,43.012,-85.6309,65352,Durgan LLC,03/08/2024
236,Prinz,Skures,pskures6j@sakura.ne.jp,Male,2008,Audi,S6,Marietta,Georgia,30061,US,33.9328,-84.556,81205,"Hartmann, Reilly and Little",12/06/2025
237,Warner,Gaiger,wgaiger6k@columbia.edu,Male,2007,Rolls-Royce,Phantom,Jamaica,New York,11480,US,40.6914,-73.8061,65395,"Denesik, Wintheiser and Gottlieb",03/04/2025
238,Daveta,Freiberg,dfreiberg6l@bluehost.com,Female,1966,Pontiac,LeMans,Springfield,Missouri,65805,US,37.2581,-93.3437,94866,Rice Group,11/03/2024
239,Shauna,McKelvey,smckelvey6m@google.de,Female,1957,Chevrolet,Corvette,Mountain View,California,94042,US,37.1894,-121.7053,86708,Erdman-Abernathy,07/01/2023
240,Boycie,Abisetti,babisetti6n@altervista.org,Male,2002,Dodge,Durango,Trenton,New Jersey,08638,US,40.251,-74.7627,85373,"Abernathy, O'Hara and Beatty",06/19/2025
241,Jard,Fernan,jfernan6o@deviantart.com,Male,2009,Toyota,Camry,New York City,New York,10039,US,40.8265,-73.9383,42600,Green Group,10/28/2025
242,Jorrie,Loughton,jloughton6p@domainmarket.com,Female,2011,Subaru,Impreza,Tucson,Arizona,85705,US,32.2691,-110.9845,77913,Huels-Nikolaus,03/05/2022
243,Tiffie,Roath,troath6q@issuu.com,Female,1986,Pontiac,Bonneville,Miami,Florida,33169,US,25.9441,-80.2144,50077,"Casper, West and Hand",08/27/2023
244,Willy,Potebury,wpotebury6r@yolasite.com,Male,2011,Mercedes-Benz,SL-Class,Buffalo,New York,14210,US,42.8614,-78.8206,78196,Macejkovic-O'Kon,10/26/2024
245,Lemuel,Goodwyn,lgoodwyn6s@yahoo.com,Male,1985,Audi,Quattro,Evansville,Indiana,47725,US,38.1071,-87.5256,56272,"Vandervort, Schulist and Erdman",03/30/2022
246,Clifford,Barme,cbarme6t@istockphoto.com,Male,2013,GMC,Sierra 1500,Kansas City,Missouri,64130,US,39.0351,-94.5467,80599,"Haag, Medhurst and Schuster",11/08/2025
247,Joshuah,Cabera,jcabera6u@people.com.cn,Male,2001,Dodge,Ram 3500,Tampa,Florida,33686,US,27.872,-82.4388,92823,Corkery-Kuvalis,04/16/2024
248,Roxie,Enterle,renterle6v@desdev.cn,Female,2002,Saturn,L-Series,Miami,Florida,33190,US,25.5593,-80.3483,30982,"Veum, Goyette and McDermott",07/30/2025
249,Cassie,Darwood,cdarwood6w@1und1.de,Male,2009,Mercedes-Benz,R-Class,Houston,Texas,77035,US,29.6518,-95.4854,70780,"Haley, Leffler and Volkman",12/22/2025
250,Ailina,Sandbatch,asandbatch6x@bizjournals.com,Female,1993,GMC,Vandura 3500,Albany,New York,12237,US,42.6149,-73.9708,96514,"Ryan, Wolf and Bartoletti",05/23/2025
251,Ethel,Domange,edomange6y@nifty.com,Female,1997,Pontiac,Sunfire,Orlando,Florida,32825,US,28.5469,-81.2571,85146,Kozey LLC,01/19/2023
252,Saundra,Ellwand,sellwand6z@arstechnica.com,Male,2008,Nissan,Frontier,Katy,Texas,77493,US,29.8678,-95.8298,32713,"Schuppe, Upton and Dibbert",03/08/2025
253,Danit,Breheny,dbreheny70@washington.edu,Female,1993,Cadillac,Sixty Special,Albany,New York,12210,US,42.6568,-73.7605,95020,"Boyle, Moore and Predovic",06/08/2025
254,Meghan,Tippett,mtippett71@lycos.com,Female,1994,Mazda,B-Series,Miami,Florida,33283,US,25.5584,-80.4582,55710,Hand-Schneider,09/02/2025
255,Ardine,Moreno,amoreno72@ucoz.ru,Female,2004,Chrysler,Crossfire,Birmingham,Alabama,35244,US,33.3538,-86.8254,61478,"Walker, Hirthe and Rohan",07/01/2025
256,Mellisa,Giddins,mgiddins73@shop-pro.jp,Female,2000,Lincoln,LS,Atlanta,Georgia,31106,US,33.8444,-84.474,59015,"Bruen, Reichel and Kling",04/29/2023
257,Elvin,Cortin,ecortin74@mediafire.com,Male,2009,Pontiac,Torrent,Winston Salem,North Carolina,27157,US,36.0275,-80.2073,39853,"Boehm, Douglas and Casper",09/22/2022
258,Shana,Keilloh,skeilloh75@jalbum.net,Female,1974,Chevrolet,Camaro,Albany,New York,12262,US,42.6149,-73.9708,38977,Kihn-Dare,01/06/2026
259,Bobina,Speddin,bspeddin76@tiny.cc,Non-binary,2001,Toyota,Sienna,Lafayette,Louisiana,70593,US,30.2081,-92.0951,86545,"Torp, Cronin and Hudson",01/08/2024
260,Kara,Greedy,kgreedy77@cisco.com,Female,1992,Chevrolet,Lumina,Lakewood,Washington,98498,US,47.1591,-122.5485,48554,"Swaniawski, Kris and Roberts",12/23/2023
261,Bliss,Tong,btong78@mysql.com,Agender,2010,Mazda,Mazda6,Lexington,Kentucky,40591,US,38.0283,-84.4715,84515,Cummerata Group,01/25/2024
262,Corey,Sudy,csudy79@shop-pro.jp,Male,2000,Oldsmobile,Silhouette,White Plains,New York,10633,US,41.119,-73.733,58639,Gulgowski Group,01/03/2025
263,Jeramie,Burd,jburd7a@cnbc.com,Male,1997,Toyota,Camry,Roanoke,Virginia,24024,US,37.2742,-79.9579,49074,Green-Raynor,09/10/2022
264,Lin,Johananov,ljohananov7b@gmpg.org,Female,2006,Ford,Five Hundred,Washington,District of Columbia,20016,US,38.9381,-77.086,96367,"Douglas, Schamberger and Cormier",02/20/2024
265,Rosalynd,Leverett,rleverett7c@kickstarter.com,Bigender,2000,Isuzu,Rodeo,Sacramento,California,95833,US,38.6157,-121.5053,44700,Carter Group,05/04/2025
266,Orran,Hourigan,ohourigan7d@time.com,Male,2008,Dodge,Sprinter,Cincinnati,Ohio,45213,US,39.1802,-84.4204,89743,Senger-Padberg,12/15/2024
267,Crawford,Calbert,ccalbert7e@ifeng.com,Male,1999,Daewoo,Nubira,Alpharetta,Georgia,30022,US,34.0268,-84.2422,37581,Durgan Inc,02/14/2022
268,Smitty,Booy,sbooy7f@scientificamerican.com,Male,1991,Buick,Regal,Greenville,South Carolina,29615,US,34.8661,-82.3198,96229,"Steuber, Harber and Heller",11/07/2025
269,Jenifer,Menezes,jmenezes7g@eventbrite.com,Female,2009,Ford,Escape,Fresno,California,93762,US,36.7464,-119.6397,73409,Prosacco LLC,10/27/2023
270,Binky,MacGinney,bmacginney7h@ocn.ne.jp,Male,2001,Infiniti,G,Lake Charles,Louisiana,70607,US,30.1244,-93.1835,91429,Crist-Will,09/12/2023
271,Nicolai,Dimanche,ndimanche7i@slashdot.org,Male,2009,Ford,Edge,Denver,Colorado,80299,US,39.7388,-104.4083,98758,Beier-Conn,06/10/2025
272,Janina,O'Carran,jocarran7j@amazon.de,Female,2000,Volvo,S80,Dallas,Texas,75251,US,32.9189,-96.7751,65401,Shields-Jacobson,06/23/2022
273,Keely,Orneles,korneles7k@t-online.de,Female,1992,Mitsubishi,Chariot,Atlanta,Georgia,31119,US,33.8913,-84.0746,52196,"Cartwright, Feeney and Mueller",11/27/2023
274,Carey,Ferenc,cferenc7l@arizona.edu,Female,2009,Dodge,Durango,Miami,Florida,33196,US,25.6615,-80.441,71642,Bayer Group,09/22/2023
275,Boyd,Osman,bosman7m@boston.com,Male,2007,Infiniti,QX56,Des Moines,Iowa,50936,US,41.6727,-93.5722,54426,Legros Group,01/25/2024
276,Caresa,Fairbrace,cfairbrace7n@bloglovin.com,Female,2004,Chrysler,Crossfire,Huntsville,Alabama,35815,US,34.734,-86.5229,77252,Hackett-Hettinger,09/16/2025
277,Luigi,Ivanshintsev,livanshintsev7o@xinhuanet.com,Male,2007,Lincoln,MKZ,Charlotte,North Carolina,28242,US,35.26,-80.8042,72280,DuBuque-Sauer,10/18/2022
278,Ashby,Whelan,awhelan7p@stumbleupon.com,Male,2009,Subaru,Impreza,Oakland,California,94627,US,37.6802,-121.9215,90021,"Medhurst, Pouros and Anderson",11/11/2022
279,Case,Keneleyside,ckeneleyside7q@mysql.com,Male,2009,Ferrari,612 Scaglietti,Oakland,California,94605,US,37.7641,-122.1633,93576,Walter-Mann,09/09/2023
280,Seana,Walworche,swalworche7r@opera.com,Female,2002,Volvo,S40,Little Rock,Arkansas,72231,US,34.8019,-92.1894,79541,Wilderman and Sons,10/16/2022
281,Tobin,Bearcroft,tbearcroft7s@whitehouse.gov,Male,1985,Ford,Thunderbird,Wilmington,North Carolina,28405,US,34.2651,-77.867,86796,Schoen-Orn,10/21/2024
282,Penny,Heaslip,pheaslip7t@nyu.edu,Female,1980,Pontiac,Grand Prix,Miami,Florida,33169,US,25.9441,-80.2144,33276,"Casper, Bergnaum and Leffler",10/22/2023
283,Harland,Dummer,hdummer7u@usda.gov,Non-binary,1994,Nissan,Sentra,Albany,New York,12210,US,42.6568,-73.7605,41057,Hand and Sons,01/04/2024
284,Harold,Kinson,hkinson7v@ox.ac.uk,Polygender,2000,Ford,Explorer Sport Trac,Murfreesboro,Tennessee,37131,US,35.8596,-86.421,68756,Morissette and Sons,12/21/2024
285,Dredi,Frearson,dfrearson7w@craigslist.org,Female,1995,Plymouth,Acclaim,Spokane,Washington,99252,US,47.6536,-117.4317,46417,Muller LLC,09/29/2025
286,Minni,Dilliway,mdilliway7x@blogspot.com,Female,2002,Chevrolet,Express 3500,Lake Worth,Florida,33462,US,26.5747,-80.0794,82234,"Koepp, Schultz and Hermann",08/02/2023
287,Giles,Jakucewicz,gjakucewicz7y@vk.com,Male,1985,Dodge,Caravan,Washington,District of Columbia,20591,US,38.8933,-77.0146,53188,Kunde-Bartell,01/21/2024
288,Bunni,Orae,borae7z@bing.com,Female,2001,Hyundai,XG300,Columbus,Ohio,43215,US,39.9671,-83.0044,47605,Bayer-Nienow,11/24/2023
289,Lari,McCarlich,lmccarlich80@canalblog.com,Female,1996,Chevrolet,Suburban 2500,Whittier,California,90610,US,33.7866,-118.2987,35831,Towne-Fisher,08/30/2023
290,Colby,Howison,chowison81@tripod.com,Male,2008,MINI,Cooper,Washington,District of Columbia,20551,US,38.892,-77.0452,64821,Sipes-Zboncak,08/02/2023
291,Beck,McCosker,bmccosker82@marriott.com,Male,1995,Honda,Civic,New York City,New York,10131,US,40.7808,-73.9772,79227,Lesch LLC,03/20/2023
292,Randall,Kehir,rkehir83@nsw.gov.au,Male,2010,Hyundai,Tucson,San Francisco,California,94142,US,37.7848,-122.7278,45730,Pouros-Rippin,12/16/2022
293,Gorden,Mayhou,gmayhou84@flickr.com,Male,1996,Audi,Cabriolet,Columbia,South Carolina,29208,US,33.9937,-81.0199,45531,Kerluke-Cartwright,11/07/2025
294,Isa,Tungate,itungate85@hud.gov,Male,2008,Kia,Amanti,Lubbock,Texas,79452,US,33.61,-101.8213,42665,Jaskolski LLC,03/21/2023
295,Kippie,Dumbar,kdumbar86@1688.com,Male,1985,Mercedes-Benz,SL-Class,Long Beach,California,90805,US,33.8635,-118.1801,54907,Johns-Smitham,12/12/2023
296,Lissi,Lamplugh,llamplugh87@rakuten.co.jp,Female,2011,BMW,X3,Grand Junction,Colorado,81505,US,39.1071,-108.5968,61073,Rau-Vandervort,03/26/2025
297,Salvidor,Martensen,smartensen88@imageshack.us,Male,2008,Chevrolet,Suburban 1500,El Paso,Texas,88579,US,31.6948,-106.3,33477,Kuhlman-Zemlak,02/15/2024
298,Chadwick,Fowley,cfowley89@chicagotribune.com,Male,1995,Dodge,Viper RT/10,Asheville,North Carolina,28805,US,35.6004,-82.4918,41365,Jaskolski and Sons,10/01/2025
299,Elden,Wohler,ewohler8a@sitemeter.com,Male,2001,BMW,Z8,Amarillo,Texas,79171,US,35.4015,-101.8951,93532,"Waelchi, Pouros and Ziemann",05/08/2024
300,Almeda,Stoney,astoney8b@reverbnation.com,Female,2005,GMC,Yukon XL 2500,Philadelphia,Pennsylvania,19125,US,39.9788,-75.1262,63420,Lind Group,02/02/2023
301,Karole,Harrowsmith,kharrowsmith8c@vk.com,Female,1995,Mazda,Millenia,Pittsburgh,Pennsylvania,15266,US,40.4344,-80.0248,74144,Thiel Inc,09/03/2024
302,Kane,Murty,kmurty8d@canalblog.com,Non-binary,2002,Chrysler,Prowler,Minneapolis,Minnesota,55446,US,45.04,-93.4865,42935,Farrell-O'Connell,05/11/2023
303,Hayes,Stiddard,hstiddard8e@tuttocitta.it,Agender,2012,Ford,Fiesta,Roanoke,Virginia,24034,US,37.2742,-79.9579,48138,Lueilwitz and Sons,06/18/2025
304,Ethelred,Bert,ebert8f@huffingtonpost.com,Genderfluid,2008,Chevrolet,Tahoe,Carlsbad,California,92013,US,33.0169,-116.846,53148,Hodkiewicz-Jacobson,10/23/2023
305,Phineas,Petre,ppetre8g@deviantart.com,Male,1996,Acura,Integra,Washington,District of Columbia,20546,US,38.891,-77.0211,84607,"Schowalter, Shanahan and Kohler",06/21/2024
306,Uta,Izard,uizard8h@redcross.org,Female,2004,Mercedes-Benz,SLK-Class,Baton Rouge,Louisiana,70805,US,30.486,-91.1481,73629,"Lesch, Ankunding and Lynch",07/16/2022
307,Liliane,Di Biasi,ldibiasi8i@qq.com,Female,2000,Dodge,Ram 2500,Odessa,Texas,79764,US,31.8767,-102.4375,79802,Quigley-Schaefer,04/21/2023
308,Brose,Ornils,bornils8j@tamu.edu,Male,2002,Lexus,IS,Reno,Nevada,89505,US,39.5224,-119.8353,32681,"Ondricka, Graham and Will",05/10/2022
309,Avram,Garnsworth,agarnsworth8k@china.com.cn,Male,2001,Audi,Allroad,Milwaukee,Wisconsin,53225,US,43.1154,-88.0346,38524,Prohaska and Sons,04/04/2025
310,Herrick,Iskow,hiskow8l@epa.gov,Male,2001,Dodge,Ram 1500,Pasadena,California,91103,US,34.1669,-118.1551,55726,"Beer, Wyman and Denesik",10/05/2023
311,Riane,O'Shirine,roshirine8m@senate.gov,Female,2000,Subaru,Outback,Denton,Texas,76205,US,33.1903,-97.1282,69127,"Leuschke, Connelly and Kozey",05/28/2023
312,Cortney,Fried,cfried8n@slideshare.net,Female,1985,Volkswagen,Cabriolet,Atlanta,Georgia,30380,US,33.8444,-84.474,43582,Reilly-Swaniawski,07/31/2025
313,Klement,Benoix,kbenoix8o@nih.gov,Non-binary,2000,Jaguar,XJ Series,Phoenix,Arizona,85099,US,33.2765,-112.1872,71833,Lehner-Rodriguez,01/05/2023
314,Obed,Piecha,opiecha8p@quantcast.com,Male,1996,Honda,del Sol,Charleston,West Virginia,25389,US,38.354,-81.6394,97737,Schaefer and Sons,01/19/2026
315,Cristiano,Heliet,cheliet8q@google.co.uk,Genderqueer,2000,Ford,Econoline E350,Colorado Springs,Colorado,80905,US,38.8377,-104.837,94776,"Hahn, Heller and Strosin",01/06/2025
316,Archie,Taile,ataile8r@vkontakte.ru,Male,1989,Volkswagen,Jetta,Detroit,Michigan,48267,US,42.2399,-83.1508,64179,"Zemlak, Hartmann and Bayer",09/08/2023
317,Eugenie,Sullivan,esullivan8s@aol.com,Agender,1993,BMW,3 Series,Washington,District of Columbia,20540,US,38.8874,-77.0047,78621,Ullrich-Prohaska,06/30/2022
318,Alessandro,De Pero,adepero8t@geocities.jp,Male,2010,BMW,M3,Wichita,Kansas,67260,US,37.7194,-97.2936,82479,"Lind, Gorczany and Hickle",06/22/2025
319,Katha,Khotler,kkhotler8u@nytimes.com,Female,1995,Ford,Thunderbird,Alpharetta,Georgia,30022,US,34.0268,-84.2422,95749,Kling LLC,09/16/2024
320,Shep,Copeman,scopeman8v@tinypic.com,Male,2011,Bentley,Continental GTC,Colorado Springs,Colorado,80910,US,38.8152,-104.7703,82751,Rau-Huels,01/30/2024
321,Yasmin,Greste,ygreste8w@ocn.ne.jp,Female,1999,Chevrolet,Express 3500,Colorado Springs,Colorado,80930,US,38.8289,-104.5269,82498,"Connelly, Bradtke and Treutel",07/29/2025
322,Barton,Sowter,bsowter8x@simplemachines.org,Male,1996,Chevrolet,Express 2500,Sacramento,California,95865,US,38.596,-121.3978,75087,"Grant, Simonis and Schmitt",08/03/2024
323,Selestina,Beckett,sbeckett8y@senate.gov,Female,1986,Maserati,Quattroporte,Fort Worth,Texas,76147,US,32.7714,-97.2915,48217,Zemlak Group,10/14/2022
324,Andra,Aspell,aaspell8z@pen.io,Female,2003,Honda,Civic GX,San Jose,California,95194,US,37.3894,-121.8868,61980,Osinski and Sons,11/28/2024
325,Silvanus,Bernardon,sbernardon90@telegraph.co.uk,Agender,1999,Buick,Park Avenue,Madison,Wisconsin,53716,US,43.0631,-89.3133,39870,Conn-Zboncak,04/17/2022
326,Laverne,Oehme,loehme91@mozilla.com,Non-binary,1992,Mercury,Cougar,Baltimore,Maryland,21211,US,39.3316,-76.6336,65571,Jakubowski-Schulist,10/21/2024
327,Krishna,Colecrough,kcolecrough92@typepad.com,Male,1999,Saab,900,Los Angeles,California,90071,US,34.0529,-118.2549,45196,"Johnston, Collins and Franecki",07/17/2025
328,Nessy,Bedome,nbedome93@toplist.cz,Female,2003,Mercury,Mountaineer,Washington,District of Columbia,20210,US,38.8933,-77.0146,53061,Zemlak Inc,07/08/2023
329,Jobye,Allain,jallain94@uol.com.br,Female,1992,Mercedes-Benz,400E,Santa Ana,California,92725,US,33.7465,-117.8662,45266,"Stehr, Klein and Hauck",11/10/2024
330,Belia,Castilla,bcastilla95@moonfruit.com,Female,2013,Kia,Sorento,Honolulu,Hawaii,96815,US,21.2811,-157.8266,43663,Legros Group,01/26/2025
331,Ewen,McSorley,emcsorley96@google.it,Male,1992,Isuzu,Trooper,Spring,Texas,77386,US,30.1288,-95.4239,61647,Leannon and Sons,06/12/2023
332,Gillan,Bowmen,gbowmen97@gmpg.org,Female,2004,Volvo,S80,Minneapolis,Minnesota,55436,US,44.9034,-93.374,88571,Kling-Cruickshank,04/30/2022
333,Lisabeth,Bellenger,lbellenger98@mac.com,Female,2011,Audi,S4,Austin,Texas,78764,US,30.4455,-97.6595,87612,Hodkiewicz-Durgan,03/19/2025
334,Frances,Dussy,fdussy99@prweb.com,Female,2010,Kia,Optima,Washington,District of Columbia,20205,US,38.905,-77.0162,46810,White Inc,08/09/2022
335,Norby,Hayfield,nhayfield9a@pinterest.com,Male,1998,Isuzu,Rodeo,Virginia Beach,Virginia,23459,US,36.9216,-76.0171,66427,O'Reilly and Sons,04/13/2025
336,Baxter,Labdon,blabdon9b@aboutads.info,Male,1993,Dodge,D250 Club,Washington,District of Columbia,20029,US,38.8933,-77.0146,64161,"Leffler, Cummerata and Rolfson",05/23/2025
337,Merell,O'Dennehy,modennehy9c@elpais.com,Bigender,2001,Jeep,Grand Cherokee,Fort Worth,Texas,76178,US,32.7714,-97.2915,86605,"Berge, Hodkiewicz and Considine",12/06/2022
338,Pauline,Eakle,peakle9d@amazon.de,Female,2011,Toyota,Camry Hybrid,Huntington,West Virginia,25726,US,38.4134,-82.2774,71010,"Kutch, Grimes and Reinger",09/07/2022
339,Pattie,Louca,plouca9e@cocolog-nifty.com,Female,1986,Ford,Escort,Newark,New Jersey,07112,US,40.7107,-74.2131,57910,Satterfield Group,03/11/2024
340,Jerrold,Clemmens,jclemmens9f@rambler.ru,Male,2003,Volvo,V40,Colorado Springs,Colorado,80905,US,38.8377,-104.837,33060,Ortiz-Fisher,07/29/2022
341,Connor,Queripel,cqueripel9g@reddit.com,Male,2010,Volkswagen,Routan,Memphis,Tennessee,38168,US,35.2017,-89.9715,76299,Schultz-Roberts,08/14/2022
342,Sol,Tewnion,stewnion9h@google.com.br,Male,2005,Toyota,Land Cruiser,Lakeland,Florida,33805,US,28.072,-81.9609,80493,VonRueden Group,05/04/2022
343,Humfried,Popley,hpopley9i@nps.gov,Male,2009,Isuzu,Ascender,Lubbock,Texas,79415,US,33.6021,-101.876,50436,"Torphy, Sawayn and D'Amore",05/25/2022
344,Maurie,Espinola,mespinola9j@cornell.edu,Male,2008,Lexus,RX Hybrid,Brooklyn,New York,11215,US,40.6669,-73.9828,99235,Stark-Steuber,07/07/2023
345,Ronnie,Fountaine,rfountaine9k@imgur.com,Male,1999,Mercury,Sable,Washington,District of Columbia,20557,US,38.8874,-77.0047,95377,Kunze and Sons,08/15/2025
346,Cord,Isaksson,cisaksson9l@clickbank.net,Male,1998,Dodge,Durango,New York City,New York,10115,US,40.8111,-73.9642,56450,"Grimes, Bartoletti and Zboncak",03/29/2022
347,Mead,Readshall,mreadshall9m@state.tx.us,Male,2007,Porsche,911,Spokane,Washington,99252,US,47.6536,-117.4317,55551,Lynch-Toy,11/17/2022
348,Lanna,Pautard,lpautard9n@washington.edu,Female,1986,Mercury,Lynx,Lakewood,Washington,98498,US,47.1591,-122.5485,82438,Boyer-Hoeger,03/26/2023
349,Orland,Armin,oarmin9o@berkeley.edu,Genderfluid,2001,Mazda,Millenia,Carol Stream,Illinois,60351,US,41.9166,-88.1208,73253,Renner-Lowe,06/29/2024
350,Reece,Lysaght,rlysaght9p@linkedin.com,Male,2012,Infiniti,G25,London,Kentucky,40745,US,37.1376,-84.1156,84221,Parker-Luettgen,08/20/2023
351,Lennie,Mackerness,lmackerness9q@zimbio.com,Male,2011,BMW,Z4,Racine,Wisconsin,53405,US,42.7161,-87.8233,35764,"Kutch, King and Rau",10/20/2023
352,Montgomery,Kitt,mkitt9r@twitter.com,Male,2013,Ford,Explorer,Phoenix,Arizona,85045,US,33.3022,-112.1226,92795,Friesen-Crist,09/10/2022
353,Carleen,Croley,ccroley9s@fc2.com,Genderfluid,1975,Chevrolet,Monza,San Diego,California,92110,US,32.7635,-117.2028,95426,"Abshire, Price and Price",08/25/2024
354,Hanni,Brabyn,hbrabyn9t@de.vu,Female,1991,Chevrolet,Caprice,Saint Louis,Missouri,63131,US,38.6171,-90.4504,86509,Wolff-Koch,10/27/2022
355,Prudy,Vanyakin,pvanyakin9u@umn.edu,Non-binary,2013,Porsche,911,Birmingham,Alabama,35231,US,33.5446,-86.9292,52720,MacGyver LLC,03/10/2025
356,Lyndell,Lang,llang9v@edublogs.org,Female,1993,Chevrolet,Sportvan G30,Los Angeles,California,90020,US,34.0665,-118.3022,95805,Sanford Group,01/11/2023
357,Ginger,Richmond,grichmond9w@marriott.com,Male,2003,Chevrolet,Tahoe,Birmingham,Alabama,35290,US,33.5446,-86.9292,92884,Leannon-Gislason,09/14/2025
358,Harry,Randals,hrandals9x@mysql.com,Male,2007,GMC,Envoy,Springfield,Massachusetts,01152,US,42.1707,-72.6048,51407,Gottlieb-Ankunding,11/03/2022
359,Irene,Allatt,iallatt9y@reverbnation.com,Female,1984,Pontiac,1000,Fort Lauderdale,Florida,33325,US,26.1097,-80.3215,92208,Dicki Inc,05/09/2025
360,Jarred,Steels,jsteels9z@nature.com,Male,1993,Mercedes-Benz,C-Class,Lynn,Massachusetts,01905,US,42.4694,-70.9728,89738,Reichert and Sons,07/02/2025
361,Delinda,Grimstead,dgrimsteada0@lycos.com,Female,2001,Nissan,Frontier,Santa Ana,California,92705,US,33.754,-117.7919,53565,Borer-Bartell,10/02/2022
362,Ailene,Newhouse,anewhousea1@list-manage.com,Female,1999,Mercury,Cougar,Seattle,Washington,98195,US,47.6564,-122.3048,87278,Rau LLC,01/15/2023
363,Bastian,Feedham,bfeedhama2@google.com,Male,1992,Pontiac,Grand Am,Houston,Texas,77223,US,29.834,-95.4342,62248,Bogisich-Bartoletti,05/31/2025
364,Christian,Collman,ccollmana3@tuttocitta.it,Male,1997,Mitsubishi,Mirage,Salt Lake City,Utah,84110,US,40.6681,-111.9083,60450,Predovic Inc,08/18/2023
365,Aldon,Swafield,aswafielda4@multiply.com,Male,1993,Subaru,Loyale,Dayton,Ohio,45470,US,39.7505,-84.2686,54569,Zulauf and Sons,04/26/2025
366,Harper,Charopen,hcharopena5@phoca.cz,Male,2006,Toyota,Corolla,Inglewood,California,90305,US,33.9583,-118.3258,53030,Satterfield Inc,09/07/2022
367,Gilberte,Tunnah,gtunnaha6@nhs.uk,Female,1995,GMC,Rally Wagon G3500,Salt Lake City,Utah,84120,US,40.695,-112.0001,74941,Johnston-Thiel,01/25/2026
368,Harriet,Webster,hwebstera7@topsy.com,Female,1998,Infiniti,Q,Juneau,Alaska,99812,US,58.3271,-134.4742,58410,O'Connell LLC,01/15/2026
369,Shawnee,Gillinghams,sgillinghamsa8@globo.com,Female,2009,Audi,A8,Jacksonville,Florida,32220,US,30.329,-81.8176,56281,"Pagac, Stamm and Ward",08/18/2024
370,Ardelia,Boys,aboysa9@csmonitor.com,Female,2003,Audi,RS6,Miami Beach,Florida,33141,US,25.8486,-80.1446,74924,Wisoky-Ruecker,03/23/2025
371,Jamesy,Carff,jcarffaa@dyndns.org,Male,1999,Lexus,LS,Oklahoma City,Oklahoma,73142,US,35.599,-97.6251,39908,Ebert LLC,01/06/2023
372,Erhart,Flieg,efliegab@mac.com,Male,2004,Mitsubishi,Challenger,Charleston,South Carolina,29416,US,32.8488,-79.8577,45479,Beahan-Dare,08/14/2022
373,Ron,Poulney,rpoulneyac@auda.org.au,Bigender,2012,Lexus,CT,Seattle,Washington,98121,US,47.6151,-122.3447,43765,Wuckert Inc,02/25/2024
374,Cullie,O Mullen,comullenad@blogger.com,Male,2006,Dodge,Viper,Fort Worth,Texas,76147,US,32.7714,-97.2915,86664,"Howell, Donnelly and Hilpert",05/14/2023
375,Ashlin,Peealess,apeealessae@surveymonkey.com,Male,2012,Dodge,Challenger,Little Rock,Arkansas,72215,US,34.7519,-92.3925,84826,Marquardt LLC,06/21/2024
376,Tybi,Stranger,tstrangeraf@sciencedaily.com,Female,2012,Cadillac,CTS-V,Fort Lauderdale,Florida,33305,US,26.1497,-80.1229,85524,Nicolas Group,08/31/2024
377,Lurette,Tolman,ltolmanag@wiley.com,Female,1986,Mercury,Capri,Columbia,Missouri,65211,US,38.9033,-92.1022,81721,Champlin Inc,06/17/2023
378,Rad,Vermer,rvermerah@marriott.com,Male,1993,Mazda,B-Series,Albany,Georgia,31704,US,31.55,-84.0612,35943,Hansen Inc,03/23/2023
379,Cammy,Ondracek,condracekai@smh.com.au,Female,1992,Mazda,Miata MX-5,San Antonio,Texas,78235,US,29.3494,-98.4422,74814,Zulauf Inc,12/05/2023
380,Joane,Humerstone,jhumerstoneaj@4shared.com,Female,2011,Dodge,Avenger,Omaha,Nebraska,68124,US,41.2338,-96.0495,67007,"Schaefer, Macejkovic and Kassulke",10/09/2022
381,Fredi,Hintzer,fhintzerak@yahoo.com,Female,2010,Land Rover,Range Rover Sport,Louisville,Kentucky,40293,US,38.189,-85.6768,50413,"Lynch, Boehm and Jast",02/23/2024
382,Emmalee,Wilcocks,ewilcocksal@sfgate.com,Female,1994,Mazda,MX-6,Sioux City,Iowa,51105,US,42.5032,-96.3829,77592,"Beer, Heidenreich and Macejkovic",02/20/2025
383,Angie,Wolver,awolveram@redcross.org,Male,1997,Ford,Aerostar,Wilmington,North Carolina,28405,US,34.2651,-77.867,76809,Hessel-Frami,07/03/2025
384,Daphna,MacIlraith,dmacilraithan@marriott.com,Female,1996,Suzuki,Swift,North Little Rock,Arkansas,72199,US,34.8272,-92.2847,31407,Price LLC,06/18/2024
385,Correy,Dymocke,cdymockeao@comsenz.com,Male,1993,Mercedes-Benz,400SEL,Fort Pierce,Florida,34981,US,27.4049,-80.3623,84332,Daniel LLC,08/01/2025
386,Guilbert,von Hagt,gvonhagtap@w3.org,Male,2012,GMC,Yukon XL 1500,Monticello,Minnesota,55585,US,45.2009,-93.8881,90820,"Hammes, Mueller and Sawayn",11/07/2022
387,Gorden,Borkin,gborkinaq@adobe.com,Male,2010,Audi,A5,Hayward,California,94544,US,37.6374,-122.067,61705,Brekke-Kuhlman,07/29/2025
388,Ashby,Kegley,akegleyar@princeton.edu,Male,2007,Volvo,S60,Mobile,Alabama,36605,US,30.6341,-88.0846,35590,Will Inc,06/14/2022
389,Jethro,Scatchar,jscatcharas@who.int,Male,2008,Bentley,Arnage,Biloxi,Mississippi,39534,US,30.4067,-88.9211,80363,"Bogisich, Schmeler and Herman",09/04/2022
390,Buddy,Giordano,bgiordanoat@washington.edu,Male,1998,Jeep,Cherokee,Rockford,Illinois,61110,US,42.3254,-89.1705,73175,Huel-Russel,10/25/2023
391,Evangelina,Hearfield,ehearfieldau@1688.com,Female,1998,Land Rover,Discovery,Reston,Virginia,22096,US,38.8318,-77.2888,90343,Becker-West,11/03/2022
392,Josy,Bysh,jbyshav@eepurl.com,Female,1990,Mitsubishi,Sigma,Kansas City,Missouri,64149,US,38.8606,-94.4636,80421,"Grady, Rolfson and Daugherty",08/28/2023
393,Sergent,Bispham,sbisphamaw@tripadvisor.com,Male,1995,Audi,A6,Fort Wayne,Indiana,46852,US,41.0938,-85.0707,88938,Frami-Koepp,05/13/2024
394,Winthrop,Bruyett,wbruyettax@zimbio.com,Male,1993,Geo,Metro,Houston,Texas,77025,US,29.6889,-95.4341,76321,"Mayert, Klocko and Heathcote",07/12/2022
395,Doralin,Portigall,dportigallay@sun.com,Female,2012,Acura,MDX,Kingsport,Tennessee,37665,US,36.5799,-82.5733,32318,"McClure, Daugherty and Purdy",07/30/2022
396,Lexi,Malinowski,lmalinowskiaz@fda.gov,Female,1998,Jaguar,XK Series,Rockville,Maryland,20851,US,39.0763,-77.1234,44435,Buckridge LLC,09/16/2022
397,Hobard,Wileman,hwilemanb0@marketwatch.com,Male,2005,Infiniti,G,Boston,Massachusetts,02163,US,42.3253,-71.1122,33030,"Doyle, Osinski and Cassin",03/15/2023
398,Jae,Skehan,jskehanb1@slate.com,Male,2011,Land Rover,Range Rover,Santa Cruz,California,95064,US,36.9959,-122.0578,43225,"Becker, Rice and Koss",07/11/2023
399,Beitris,Wholesworth,bwholesworthb2@irs.gov,Female,2001,Toyota,Solara,Wichita,Kansas,67210,US,37.6379,-97.2613,33612,"Beatty, Harvey and Swaniawski",02/22/2023
400,Vale,Wessell,vwessellb3@ted.com,Female,2009,Suzuki,Grand Vitara,Sacramento,California,94263,US,38.3774,-121.4444,31481,Larson and Sons,01/20/2024
401,Ernestus,Cadell,ecadellb4@live.com,Male,2006,Nissan,Murano,Oakland,California,94611,US,37.8471,-122.2223,34935,"Haag, Bashirian and Towne",11/25/2025
402,Nell,Manns,nmannsb5@salon.com,Female,2004,Mitsubishi,Pajero,El Paso,Texas,79923,US,31.6948,-106.3,58478,"Larson, Reichel and Harris",10/12/2023
403,Keelia,Garratty,kgarrattyb6@elpais.com,Female,2007,Lincoln,Town Car,Redwood City,California,94064,US,37.3811,-122.3348,85143,Simonis-Keebler,09/05/2023
404,Ariel,Stebbing,astebbingb7@netvibes.com,Female,2009,BMW,X3,Oklahoma City,Oklahoma,73135,US,35.411,-97.4388,89615,Boyer-Gislason,10/18/2022
405,Minta,Upham,muphamb8@freewebs.com,Female,1998,Chevrolet,Metro,Portland,Oregon,97229,US,45.5483,-122.8276,75328,O'Kon Inc,02/28/2022
406,Latashia,Derr,lderrb9@blogs.com,Female,2001,Dodge,Durango,Tacoma,Washington,98464,US,47.0662,-122.1132,44447,"Kub, Kertzmann and Stamm",10/01/2024
407,Goddart,O'Halligan,gohalliganba@seesaa.net,Male,1993,Chrysler,Concorde,New Orleans,Louisiana,70179,US,30.033,-89.8826,58844,Heidenreich-Braun,02/11/2025
408,Virgil,Gotthard,vgotthardbb@bigcartel.com,Male,2011,Ford,Taurus,Peoria,Illinois,61629,US,40.692,-89.5887,38902,Jacobi-Jacobs,09/28/2023
409,Jone,Witham,jwithambc@seattletimes.com,Male,1994,Dodge,Stealth,Brockton,Massachusetts,02305,US,41.9705,-70.7014,55504,"Price, Medhurst and DuBuque",01/26/2026
410,Redd,Emloch,remlochbd@is.gd,Male,2010,Volkswagen,Touareg,Saint Paul,Minnesota,55115,US,45.071,-92.9391,61429,"Greenholt, Hansen and Will",04/13/2025
411,Nerte,Roney,nroneybe@phoca.cz,Female,2013,Volvo,C30,Spartanburg,South Carolina,29305,US,35.1114,-82.1055,95214,"Harvey, Cummings and Kertzmann",10/18/2022
412,Brander,Steptowe,bsteptowebf@issuu.com,Male,2009,Acura,MDX,Louisville,Kentucky,40256,US,38.189,-85.6768,86944,"Shields, Kuvalis and Crona",03/13/2022
413,Ricki,Phetteplace,rphetteplacebg@alibaba.com,Male,1989,Mitsubishi,L300,Atlanta,Georgia,31136,US,33.7473,-84.3824,45293,Cremin-Feest,09/13/2024
414,Dale,Porritt,dporrittbh@jalbum.net,Female,1995,Mazda,MPV,Little Rock,Arkansas,72209,US,34.6725,-92.3529,86310,Robel-Ryan,09/29/2024
415,Aubry,Crevy,acrevybi@example.com,Female,2003,Ford,E150,Colorado Springs,Colorado,80915,US,38.8558,-104.7134,77243,Ebert and Sons,03/02/2024
416,Salmon,Starling,sstarlingbj@webs.com,Male,2004,GMC,Savana 3500,Chicago,Illinois,60614,US,41.9229,-87.6483,30727,Dach-Feil,05/20/2024
417,Demetria,Goodspeed,dgoodspeedbk@techcrunch.com,Female,1997,Nissan,Quest,Norfolk,Virginia,23509,US,36.8787,-76.2604,75716,"Macejkovic, Boyle and Tillman",10/30/2024
418,Cayla,Sellen,csellenbl@fc2.com,Female,1994,GMC,2500 Club Coupe,Jackson,Tennessee,38308,US,35.6124,-88.8412,83533,"Macejkovic, Doyle and Bernhard",03/28/2024
419,Bibbye,Pleaden,bpleadenbm@jiathis.com,Genderqueer,1996,Honda,del Sol,Wichita,Kansas,67205,US,37.7639,-97.4269,89439,Wuckert Inc,07/30/2024
420,Joachim,Dreus,jdreusbn@nsw.gov.au,Male,2007,Dodge,Magnum,Trenton,New Jersey,08650,US,40.2805,-74.712,57402,Schmidt-Treutel,01/26/2023
421,Maudie,Bromby,mbrombybo@bizjournals.com,Non-binary,2005,Toyota,Highlander,Oakland,California,94605,US,37.7641,-122.1633,85084,Cremin Inc,05/12/2024
422,Lennard,Twizell,ltwizellbp@dyndns.org,Male,2002,Audi,S8,Brea,California,92822,US,33.9187,-117.8892,74388,"Runolfsson, Langworth and Dietrich",03/13/2025
423,Chlo,Nottingham,cnottinghambq@newsvine.com,Polygender,1998,Nissan,200SX,Indianapolis,Indiana,46207,US,39.7673,-86.1606,64974,"O'Reilly, Wolf and Reinger",07/04/2022
424,Bari,Lindholm,blindholmbr@netvibes.com,Female,1987,Ford,E-Series,San Diego,California,92176,US,33.0169,-116.846,86242,Thiel-Rice,11/19/2022
425,Hilde,Grolmann,hgrolmannbs@forbes.com,Female,1985,Ford,Mustang,Brockton,Massachusetts,02405,US,41.9705,-70.7014,64528,Wintheiser-Donnelly,09/11/2022
426,Ainsley,Kinnin,akinninbt@npr.org,Female,1990,Mitsubishi,GTO,Cleveland,Ohio,44185,US,41.6857,-81.6728,41705,Rau-Pfannerstill,02/22/2022
427,Mada,Beardmore,mbeardmorebu@free.fr,Female,1997,Mercury,Grand Marquis,Springfield,Illinois,62794,US,39.7495,-89.606,61552,Stiedemann Inc,03/16/2024
428,Burk,Iannitti,biannittibv@storify.com,Male,1996,Dodge,Ram 1500 Club,Wilmington,Delaware,19805,US,39.7434,-75.5827,50212,"Labadie, Homenick and Ruecker",02/18/2023
429,Dorothy,Gamlin,dgamlinbw@who.int,Female,2010,Toyota,Tacoma,Winston Salem,North Carolina,27150,US,36.0275,-80.2073,46529,Crist-Cronin,10/22/2025
430,Mano,Blowers,mblowersbx@freewebs.com,Male,2008,Jeep,Liberty,Austin,Texas,78732,US,30.3752,-97.9007,40032,Schulist-Kozey,02/27/2022
431,Valerie,Dearsley,vdearsleyby@dailymail.co.uk,Female,1998,Plymouth,Neon,Fort Wayne,Indiana,46852,US,41.0938,-85.0707,64260,Weimann-Johns,03/31/2022
432,Gibb,Peregrine,gperegrinebz@csmonitor.com,Male,2012,GMC,Sierra 3500,Southfield,Michigan,48076,US,42.4981,-83.2058,36842,Kiehn Group,04/28/2024
433,Rozanna,Pesak,rpesakc0@tripod.com,Female,2003,Volkswagen,Golf,New York City,New York,10009,US,40.7262,-73.9796,86618,Larkin LLC,02/22/2024
434,Meridith,Fludgate,mfludgatec1@yahoo.co.jp,Female,1995,GMC,1500 Club Coupe,Birmingham,Alabama,35295,US,33.5446,-86.9292,31704,"Kuhic, Keebler and Bashirian",06/13/2025
435,Edvard,Pepperrall,epepperrallc2@kickstarter.com,Male,2011,Cadillac,CTS-V,Denver,Colorado,80262,US,39.731,-104.9384,31287,Dibbert-Gleason,09/04/2024
436,Goldarina,Sappson,gsappsonc3@canalblog.com,Female,1994,Dodge,Caravan,San Bernardino,California,92405,US,34.1446,-117.3013,83754,Botsford Inc,07/31/2024
437,Erina,Warlawe,ewarlawec4@bing.com,Female,1994,Mitsubishi,Pajero,Midland,Texas,79705,US,32.0295,-102.0915,81320,Kohler LLC,11/30/2023
438,Shanta,Goublier,sgoublierc5@theguardian.com,Female,2005,Maserati,Coupe,Spokane,Washington,99210,US,47.6536,-117.4317,59806,Armstrong Group,09/28/2023
439,Elsie,Anthoney,eanthoneyc6@yellowpages.com,Female,2010,Volkswagen,Passat,Fort Lauderdale,Florida,33355,US,26.1457,-80.4483,80344,Bergnaum-Jerde,03/11/2022
440,Maurita,Degli Antoni,mdegliantonic7@xrea.com,Female,2001,BMW,7 Series,Portland,Oregon,97206,US,45.484,-122.5973,50956,Hagenes-Leuschke,09/27/2025
441,Jaquelyn,Mortimer,jmortimerc8@e-recht24.de,Non-binary,2007,Suzuki,XL7,Carson City,Nevada,89714,US,39.1678,-119.7764,34315,"Carter, Cronin and Muller",06/05/2023
442,Felicdad,Braben,fbrabenc9@51.la,Female,1997,Buick,Riviera,Boston,Massachusetts,02104,US,42.3389,-70.9196,57631,Leannon Inc,12/14/2025
443,Dalston,Jeannot,djeannotca@wufoo.com,Male,2008,Lincoln,Mark LT,Tampa,Florida,33694,US,27.872,-82.4388,66867,Gerlach Group,10/25/2024
444,Kristopher,Kleinmintz,kkleinmintzcb@dagondesign.com,Polygender,2010,Mazda,Mazda5,Oakland,California,94616,US,37.8044,-122.2698,65912,"Schaefer, Upton and Lemke",06/30/2024
445,Tamqrah,Footitt,tfootittcc@latimes.com,Female,2008,Volvo,XC90,Albany,New York,12237,US,42.6149,-73.9708,53135,McDermott and Sons,01/29/2025
446,Pyotr,Paolini,ppaolinicd@ning.com,Male,2009,Kia,Mohave/Borrego,Champaign,Illinois,61825,US,40.1399,-88.1961,94779,Bashirian-O'Kon,09/04/2025
447,Winston,Stife,wstifece@patch.com,Male,2010,Subaru,Outback,Grand Rapids,Michigan,49510,US,43.0314,-85.5503,47681,Daniel-Sanford,12/10/2023
448,Elena,Nobles,enoblescf@techcrunch.com,Female,2011,Toyota,Matrix,South Bend,Indiana,46620,US,41.5968,-86.293,83026,"Klocko, Gorczany and Schaefer",01/16/2026
449,Gayel,Lethebridge,glethebridgecg@geocities.jp,Female,1998,Ford,F250,San Francisco,California,94159,US,37.7848,-122.7278,84643,Bosco-Witting,09/06/2025
450,Lucine,Gaffney,lgaffneych@phoca.cz,Female,2006,Maserati,Gran Sport,Richmond,Virginia,23213,US,37.5593,-77.4471,79710,"Gislason, Lind and Senger",03/06/2025
451,Hank,Dryden,hdrydenci@msn.com,Male,2005,Nissan,Armada,Phoenix,Arizona,85099,US,33.2765,-112.1872,33225,Schaden LLC,12/21/2025
452,Court,Shacklady,cshackladycj@utexas.edu,Male,1972,Pontiac,GTO,San Angelo,Texas,76905,US,31.4647,-100.39,91131,"Koepp, Nienow and Bradtke",09/20/2023
453,Barthel,Allington,ballingtonck@gravatar.com,Male,2008,Infiniti,M,Indianapolis,Indiana,46278,US,39.8726,-86.2768,37945,Dare-Emmerich,04/28/2024
454,Phip,Dundin,pdundincl@globo.com,Male,1995,Volvo,940,Fort Pierce,Florida,34949,US,27.3896,-80.2615,55430,Rohan LLC,02/18/2025
455,Valeria,Jerok,vjerokcm@blogtalkradio.com,Female,1994,Toyota,Celica,Arlington,Virginia,22234,US,38.8808,-77.113,84426,Hartmann-O'Kon,02/16/2022
456,Gearard,Axton,gaxtoncn@list-manage.com,Male,2003,Chevrolet,Tahoe,El Paso,Texas,88558,US,31.6948,-106.3,79884,Kemmer and Sons,09/27/2022
457,Trumaine,Attride,tattrideco@technorati.com,Male,1997,GMC,Sonoma Club Coupe,Knoxville,Tennessee,37995,US,35.9901,-83.9622,61251,Huel-Bode,02/26/2024
458,Norry,Tippin,ntippincp@elpais.com,Female,2007,Hyundai,Tiburon,Newark,Delaware,19725,US,39.5645,-75.597,41013,O'Kon-Tremblay,12/20/2023
459,Bron,Vossgen,bvossgencq@loc.gov,Agender,2005,Lexus,LX,Arlington,Virginia,22217,US,38.8808,-77.113,69421,Berge-Murray,09/24/2025
460,Catlee,Chatres,cchatrescr@arizona.edu,Female,1992,Mercedes-Benz,500SL,Sacramento,California,94291,US,38.3774,-121.4444,68239,Davis-Vandervort,02/11/2022
461,Rorke,Rolley,rrolleycs@alibaba.com,Genderqueer,2006,Ferrari,F430 Spider,Little Rock,Arkansas,72209,US,34.6725,-92.3529,38943,Bayer and Sons,05/04/2022
462,Del,Marcu,dmarcuct@webmd.com,Male,2005,Honda,Civic Si,Albany,Georgia,31704,US,31.55,-84.0612,48449,Macejkovic-Schaefer,03/29/2024
463,Nanci,Rostern,nrosterncu@blog.com,Female,2009,Mitsubishi,Raider,Sarasota,Florida,34238,US,27.2427,-82.4751,49671,Dickinson-Sauer,12/01/2024
464,Vania,Gordon,vgordoncv@ed.gov,Female,2008,Jaguar,S-Type,Oklahoma City,Oklahoma,73104,US,35.4794,-97.5017,49094,"Rice, Hilll and Nader",11/05/2025
465,Leta,Blench,lblenchcw@house.gov,Female,2007,Ford,E-Series,Washington,District of Columbia,20442,US,38.896,-77.0177,46405,Walker-Borer,10/11/2025
466,Haslett,Orto,hortocx@ameblo.jp,Polygender,2008,Mitsubishi,Lancer,Honolulu,Hawaii,96840,US,21.3068,-157.8607,90693,Hintz-Emmerich,12/26/2022
467,Terrence,Nottram,tnottramcy@omniture.com,Male,1993,Dodge,Ram Wagon B250,Kansas City,Missouri,64114,US,38.9621,-94.5959,72599,Jacobs and Sons,09/01/2022
468,Andre,Coggill,acoggillcz@t.co,Male,1993,GMC,2500 Club Coupe,Shreveport,Louisiana,71105,US,32.4589,-93.7143,83218,Hilpert-Dach,01/14/2024
469,Nikolia,Smitten,nsmittend0@yellowpages.com,Female,1999,Acura,RL,New Orleans,Louisiana,70165,US,30.033,-89.8826,67424,Cassin-Ullrich,10/06/2024
470,Amanda,Sturrock,asturrockd1@redcross.org,Female,2001,Jaguar,S-Type,Savannah,Georgia,31416,US,32.0053,-81.0477,94385,"Sporer, Moen and Fritsch",03/19/2022
471,Silvia,Atmore,satmored2@vkontakte.ru,Female,2006,BMW,M3,Columbus,Ohio,43231,US,40.081,-82.9383,69283,Wuckert Group,04/18/2023
472,Gifford,McKag,gmckagd3@cbc.ca,Male,1997,Mazda,Miata MX-5,Providence,Rhode Island,02912,US,41.8267,-71.3977,43589,D'Amore Inc,03/30/2024
473,Noelyn,Friedenbach,nfriedenbachd4@t-online.de,Female,2009,BMW,Z4 M Roadster,Saint Louis,Missouri,63126,US,38.5495,-90.3811,82995,"Marquardt, O'Connell and Feeney",12/14/2023
474,Evyn,Matyatin,ematyatind5@google.ru,Male,1990,Lamborghini,Countach,Ann Arbor,Michigan,48107,US,42.2535,-83.8366,93102,Miller-Lang,06/01/2023
475,Ezra,McGlaughn,emcglaughnd6@patch.com,Male,2009,Chevrolet,Aveo,Duluth,Georgia,30195,US,34.0047,-84.1532,31341,"DuBuque, Hegmann and Lind",12/19/2023
476,Alexia,Sheardown,asheardownd7@tinyurl.com,Female,1995,Dodge,Ram 3500 Club,Houston,Texas,77045,US,29.6297,-95.4382,48313,"Cartwright, Boyer and Lesch",03/27/2024
477,Michelina,Jewster,mjewsterd8@apache.org,Female,2002,Dodge,Caravan,Brooklyn,New York,11241,US,40.6451,-73.945,93751,Blick-Cummerata,01/04/2025
478,Evania,Bamb,ebambd9@flavors.me,Female,2002,Mercedes-Benz,S-Class,Tampa,Florida,33620,US,28.06,-82.4079,64665,Koss and Sons,05/09/2025
479,Blythe,Kennelly,bkennellyda@wikipedia.org,Female,1995,Ford,Bronco,San Luis Obispo,California,93407,US,35.3471,-120.4553,50027,Adams LLC,12/10/2024
480,Fee,Digby,fdigbydb@yellowbook.com,Male,2011,Acura,ZDX,Minneapolis,Minnesota,55428,US,45.0632,-93.3811,87522,"Fahey, Witting and Lockman",01/28/2023
481,Lee,Sapsed,lsapseddc@simplemachines.org,Female,2000,Suzuki,Swift,Washington,District of Columbia,20599,US,38.8933,-77.0146,31272,Botsford Inc,01/12/2026
482,Marlowe,Lackmann,mlackmanndd@google.com.au,Male,2000,Ford,Th!nk,Lansing,Michigan,48930,US,42.7325,-84.5587,55380,Fahey LLC,07/17/2024
483,Richard,Brisker,rbriskerde@loc.gov,Male,2002,Kia,Optima,Washington,District of Columbia,20442,US,38.896,-77.0177,30350,Hegmann-Predovic,12/27/2025
484,Lauren,Tolmie,ltolmiedf@fc2.com,Genderqueer,2009,Saturn,Aura,Huntington,West Virginia,25705,US,38.4096,-82.369,74866,Stark and Sons,02/15/2025
485,Theo,Chitham,tchithamdg@altervista.org,Male,2006,Ford,Mustang,Austin,Texas,78754,US,30.3423,-97.6673,35294,"Schamberger, Bailey and Stanton",12/04/2022
486,Wade,Feaver,wfeaverdh@canalblog.com,Male,2005,Volvo,S80,Stamford,Connecticut,06912,US,41.3089,-73.3637,94467,"Schowalter, McClure and Hauck",04/25/2022
487,Abeu,Cane,acanedi@businessinsider.com,Male,1998,Oldsmobile,Silhouette,Baltimore,Maryland,21275,US,39.2847,-76.6205,87351,Schmeler-Crooks,07/02/2024
488,Chaim,Greave,cgreavedj@home.pl,Genderfluid,2006,Honda,Accord,Boise,Idaho,83722,US,43.4599,-116.244,47567,Weimann LLC,08/03/2022
489,Margaret,Dowley,mdowleydk@photobucket.com,Female,2007,Toyota,4Runner,Lima,Ohio,45807,US,40.7955,-84.1383,66060,"Hartmann, Watsica and Berge",09/05/2024
490,Kristine,Peaddie,kpeaddiedl@github.com,Female,1992,Ford,Probe,Pittsburgh,Pennsylvania,15210,US,40.4072,-79.9839,30146,"Swift, Batz and Armstrong",05/14/2022
491,Marchall,Emanulsson,memanulssondm@yahoo.co.jp,Male,2006,Jaguar,XJ,Reston,Virginia,20195,US,38.8318,-77.2888,99603,Schamberger and Sons,07/27/2025
492,Iormina,Gianninotti,igianninottidn@tamu.edu,Female,2002,Volvo,S40,Corpus Christi,Texas,78475,US,27.777,-97.4632,92702,"Stark, O'Kon and Gleason",07/16/2023
493,Farra,Batalle,fbatalledo@pen.io,Agender,2009,Volvo,C70,Memphis,Tennessee,38109,US,35.0425,-90.0732,35889,King Inc,04/15/2022
494,Minna,Gasnoll,mgasnolldp@paginegialle.it,Female,2011,Audi,TT,Fayetteville,North Carolina,28305,US,35.056,-78.9047,87192,McDermott Group,10/21/2025
495,Ken,Feasey,kfeaseydq@ucla.edu,Polygender,1984,Volkswagen,Vanagon,Huntington,West Virginia,25770,US,38.4134,-82.2774,37959,Watsica and Sons,06/07/2023
496,Thorny,Broggini,tbrogginidr@dyndns.org,Male,2008,Chevrolet,Silverado,Arlington,Texas,76004,US,32.7714,-97.2915,96911,Hudson Inc,11/07/2024
497,Martino,Eccersley,meccersleyds@state.gov,Male,2001,Dodge,Viper,Riverside,California,92513,US,33.7529,-116.0556,98791,Heller Inc,12/10/2024
498,Karlens,Kliment,kklimentdt@theglobeandmail.com,Male,1999,Pontiac,Trans Sport,Houston,Texas,77228,US,29.834,-95.4342,35718,"O'Hara, Cremin and Hegmann",03/30/2025
499,Clayton,Coomes,ccoomesdu@rediff.com,Male,1999,Plymouth,Neon,Long Beach,California,90805,US,33.8635,-118.1801,49348,"Abshire, Brekke and Littel",01/05/2024
500,Doralynn,Blunsom,dblunsomdv@ehow.com,Female,2009,Nissan,Maxima,Pensacola,Florida,32511,US,30.4061,-87.2917,62879,Murazik-Ebert,01/23/2023
501,Galvin,Faragan,gfaragandw@dell.com,Male,1988,Pontiac,Firebird,Washington,District of Columbia,20551,US,38.892,-77.0452,47017,"Bartell, Ryan and Zemlak",06/22/2022
502,Felita,Metschke,fmetschkedx@state.tx.us,Female,2008,Lamborghini,Reventón,Saint Cloud,Minnesota,56398,US,45.5289,-94.5933,74662,"Jerde, Armstrong and Jerde",12/21/2024
503,Cherise,Mullane,cmullanedy@hatena.ne.jp,Female,2006,Mercury,Montego,Memphis,Tennessee,38136,US,35.2017,-89.9715,91895,"O'Connell, Jenkins and Fay",02/07/2024
504,Scarlett,Garlett,sgarlettdz@guardian.co.uk,Female,2012,Kia,Forte,Tampa,Florida,33633,US,27.872,-82.4388,71292,Smitham-Morar,05/29/2023
505,Aubree,Chesley,achesleye0@wikispaces.com,Female,1998,Chevrolet,Express 3500,Schaumburg,Illinois,60193,US,42.0144,-88.0935,77143,Gutkowski LLC,02/27/2022
506,Domenic,Leavold,dleavolde1@china.com.cn,Male,2004,Ford,Thunderbird,Naples,Florida,33963,US,26.2626,-81.8071,54499,Haag LLC,09/30/2022
507,Dora,Mattessen,dmattessene2@nhs.uk,Female,1995,Cadillac,Fleetwood,Lees Summit,Missouri,64082,US,38.8518,-94.3944,44826,"Mayer, Murazik and Rath",03/24/2024
508,Monti,Wibrow,mwibrowe3@wp.com,Male,1997,Mercedes-Benz,C-Class,Crawfordsville,Indiana,47937,US,40.04,-86.8936,34256,Graham Group,06/07/2023
509,Kerk,Zanettini,kzanettinie4@china.com.cn,Male,2003,Kia,Optima,Portland,Oregon,97232,US,45.5287,-122.6363,41965,"Schmeler, Hermann and Langworth",12/06/2022
510,Koenraad,Vern,kverne5@biglobe.ne.jp,Male,2012,GMC,Sierra,Philadelphia,Pennsylvania,19178,US,40.0018,-75.1179,30805,Hauck-Hirthe,05/22/2024
511,Hadlee,Twydell,htwydelle6@dell.com,Male,1989,Lincoln,Continental,Birmingham,Alabama,35263,US,33.5225,-86.8094,88963,Grimes and Sons,05/10/2022
512,Hobie,MacParlan,hmacparlane7@craigslist.org,Male,1996,Ford,Econoline E350,Pomona,California,91797,US,33.7866,-118.2987,54430,O'Reilly LLC,09/17/2025
513,Netti,Wallman,nwallmane8@loc.gov,Female,1993,Mercedes-Benz,SL-Class,Daytona Beach,Florida,32123,US,29.0227,-81.1722,98263,"Goodwin, Turcotte and Spinka",10/06/2022
514,Howie,Scorah,hscorahe9@techcrunch.com,Male,1999,Ford,Windstar,Young America,Minnesota,55557,US,44.8055,-93.7665,63062,Veum-Zboncak,06/06/2024
515,Ginnifer,Kniveton,gknivetonea@disqus.com,Female,1987,Mercedes-Benz,W201,Sacramento,California,94297,US,38.3774,-121.4444,30887,Welch and Sons,01/26/2023
516,Rubia,Mabe,rmabeeb@istockphoto.com,Female,1987,Ford,Bronco,Houston,Texas,77010,US,29.7543,-95.3609,62559,Schiller Inc,09/23/2025
517,Paco,Pitkethly,ppitkethlyec@rakuten.co.jp,Male,2006,Mercedes-Benz,E-Class,Young America,Minnesota,55557,US,44.8055,-93.7665,64243,Roberts and Sons,04/24/2022
518,Carol-jean,Down,cdowned@icq.com,Female,2010,Hyundai,Azera,Miami,Florida,33283,US,25.5584,-80.4582,71223,"Gottlieb, Kunze and Koelpin",01/02/2024
519,Damara,Paszek,dpaszekee@eventbrite.com,Female,2003,Chevrolet,Silverado 3500,Lynchburg,Virginia,24515,US,37.4009,-79.1785,91640,Erdman and Sons,07/28/2023
520,Ado,Packwood,apackwoodef@blogger.com,Male,2006,Cadillac,CTS-V,El Paso,Texas,79905,US,31.7674,-106.4304,57998,McLaughlin-Ledner,06/02/2024
521,Timofei,Rivel,triveleg@clickbank.net,Male,2007,Lexus,ES,Indianapolis,Indiana,46216,US,39.8647,-86.0136,84116,Leuschke Group,04/09/2024
522,Ludovico,Mival,lmivaleh@tripadvisor.com,Male,2008,Nissan,Quest,Richmond,Virginia,23289,US,37.5313,-77.4161,47052,McDermott Inc,07/28/2025
523,Elise,Darbyshire,edarbyshireei@spotify.com,Female,2009,Volvo,V50,Wichita,Kansas,67210,US,37.6379,-97.2613,73873,"Lubowitz, Legros and Stroman",06/27/2024
524,Penny,Dyter,pdyterej@eepurl.com,Female,2011,Chevrolet,Express,Colorado Springs,Colorado,80905,US,38.8377,-104.837,92962,Rempel Inc,12/26/2022
525,Timotheus,Patroni,tpatroniek@prlog.org,Male,2004,Mazda,Tribute,Green Bay,Wisconsin,54313,US,44.5463,-88.1021,83782,"Spencer, Cummings and Spencer",05/28/2023
526,Marja,Zecchini,mzecchiniel@freewebs.com,Female,2006,Chevrolet,Silverado 3500,Indianapolis,Indiana,46247,US,39.7795,-86.1328,90232,Williamson LLC,06/21/2023
527,Cliff,Elwood,celwoodem@feedburner.com,Male,2010,Chevrolet,Express 3500,Saint Petersburg,Florida,33737,US,27.8918,-82.7248,39299,Brakus-Smith,12/24/2022
528,Andie,MacCallam,amaccallamen@de.vu,Female,2007,Mitsubishi,Endeavor,Tampa,Florida,33680,US,27.872,-82.4388,38350,Senger Group,12/29/2023
529,Tate,Terbeck,tterbeckeo@de.vu,Male,2012,Kia,Sportage,Palo Alto,California,94302,US,37.1894,-121.7053,90297,Medhurst-Walter,10/19/2025
530,Loni,Woodworth,lwoodworthep@domainmarket.com,Female,1987,Saab,900,Arlington,Texas,76016,US,32.6889,-97.1905,93667,"Kuvalis, Moore and Rath",05/15/2025
531,Bartolomeo,Tosdevin,btosdevineq@youku.com,Male,1998,Dodge,Ram 1500 Club,Irving,Texas,75062,US,32.8479,-96.974,74357,King-Prohaska,03/13/2023
532,Cairistiona,Valenti,cvalentier@studiopress.com,Female,2000,Ford,F350,Atlanta,Georgia,31196,US,33.8444,-84.474,68146,"Rippin, Schmeler and Little",01/26/2025
533,Guthrey,Cisar,gcisares@economist.com,Male,1987,Ford,Bronco,Milwaukee,Wisconsin,53225,US,43.1154,-88.0346,56164,Crona Group,10/03/2024
534,Thoma,Ewin,tewinet@t-online.de,Male,1986,Honda,Prelude,Arlington,Virginia,22205,US,38.8836,-77.1395,66286,Baumbach-Rutherford,01/10/2024
535,John,McFarland,jmcfarlandeu@vimeo.com,Male,1998,Dodge,Dakota,Omaha,Nebraska,68144,US,41.2335,-96.1188,80977,Reichert-Friesen,07/19/2023
536,Monti,Sandyfirth,msandyfirthev@unc.edu,Male,1992,Pontiac,Firebird Formula,Des Moines,Iowa,50305,US,41.6727,-93.5722,48181,Kassulke-Koch,05/12/2022
537,Elke,Clopton,ecloptonew@shareasale.com,Female,1999,Volvo,V70,Orlando,Florida,32808,US,28.5803,-81.4396,74615,"O'Reilly, McDermott and Stamm",03/02/2022
538,Riordan,Arkil,rarkilex@printfriendly.com,Male,2001,Toyota,Corolla,New York City,New York,10150,US,40.7808,-73.9772,55525,Hackett Inc,12/27/2022
539,Kit,Castelot,kcastelotey@wsj.com,Female,2003,Dodge,Neon,Lubbock,Texas,79410,US,33.5693,-101.8904,44961,Lubowitz-Becker,01/14/2024
540,Mabel,McNiven,mmcnivenez@google.ru,Female,2012,Subaru,Outback,Seattle,Washington,98133,US,47.7377,-122.3431,31640,Huels Inc,04/30/2022
541,Katinka,Volonte,kvolontef0@toplist.cz,Female,1992,Pontiac,Trans Sport,Albany,Georgia,31704,US,31.55,-84.0612,70462,Kassulke-Gusikowski,12/26/2022
542,Klara,Tancock,ktancockf1@imdb.com,Female,1997,Dodge,Grand Caravan,Wilkes Barre,Pennsylvania,18768,US,41.2722,-75.8801,96771,"Pfeffer, Hodkiewicz and Hyatt",03/22/2025
543,Antin,Axelbee,aaxelbeef2@storify.com,Male,2012,Bentley,Continental,Redwood City,California,94064,US,37.3811,-122.3348,68838,Shields-Beatty,04/09/2024
544,Melisse,Scolli,mscollif3@dyndns.org,Female,2007,Mazda,MX-5,Gadsden,Alabama,35905,US,33.9352,-85.9576,89803,"Howell, McLaughlin and Price",02/01/2025
545,Oralie,Cookes,ocookesf4@japanpost.jp,Female,1997,Acura,RL,Corpus Christi,Texas,78470,US,27.777,-97.4632,43882,Kshlerin and Sons,07/21/2023
546,Beryl,Crepin,bcrepinf5@wired.com,Female,2012,Toyota,Highlander,Sacramento,California,94297,US,38.3774,-121.4444,61959,"Kunze, Champlin and Batz",07/09/2023
547,Shanie,Minett,sminettf6@twitter.com,Female,1983,Renault,Alliance,El Paso,Texas,79928,US,31.6631,-106.1401,36354,"Jacobi, Emard and Gislason",03/24/2022
548,Clementius,Speddin,cspeddinf7@homestead.com,Male,2010,Land Rover,Range Rover Sport,Maple Plain,Minnesota,55572,US,45.0159,-93.4719,53227,Kertzmann LLC,01/22/2026
549,Ardath,Brittian,abrittianf8@businesswire.com,Female,2003,Ford,E250,El Paso,Texas,79955,US,31.6948,-106.3,44864,Wyman Inc,10/26/2024
550,Jacquenette,Isgate,jisgatef9@google.pl,Female,2011,Suzuki,Kizashi,Savannah,Georgia,31422,US,31.9714,-81.0716,52025,Ullrich and Sons,09/25/2024
551,Bab,Durak,bdurakfa@blogspot.com,Non-binary,2000,Lincoln,Town Car,Albuquerque,New Mexico,87110,US,35.1104,-106.5781,68752,Weber LLC,08/04/2022
552,Renata,Saxelby,rsaxelbyfb@wix.com,Female,1997,Pontiac,Grand Prix,Baton Rouge,Louisiana,70883,US,30.5159,-91.0804,60967,Wisozk and Sons,12/08/2025
553,Elwood,Dillet,edilletfc@prlog.org,Male,1998,Kia,Sephia,Suffolk,Virginia,23436,US,36.8926,-76.5142,75277,Mante-Mayer,10/13/2025
554,Alisun,Arghent,aarghentfd@stumbleupon.com,Female,1989,Volkswagen,Type 2,Houston,Texas,77070,US,29.9781,-95.5803,94085,Leffler Inc,09/16/2022
555,Dionis,Devanney,ddevanneyfe@time.com,Female,2007,Isuzu,i-290,Detroit,Michigan,48275,US,42.2399,-83.1508,89050,Turner-Rowe,10/09/2025
556,Roxie,Gelly,rgellyff@opera.com,Female,1994,Buick,Park Avenue,Saint Paul,Minnesota,55188,US,45.0059,-93.1059,59945,Mills-Bogisich,02/03/2024
557,Gonzalo,Sirey,gsireyfg@ameblo.jp,Male,2008,Honda,Element,New Orleans,Louisiana,70149,US,30.033,-89.8826,42602,Reynolds-Shields,10/25/2025
558,Kari,Sloss,kslossfh@mac.com,Female,2001,Suzuki,Swift,South Bend,Indiana,46699,US,41.5968,-86.293,32523,"Lebsack, Tromp and O'Connell",04/10/2023
559,Johny,Marklow,jmarklowfi@salon.com,Genderqueer,2011,Ford,F-Series,Kansas City,Missouri,64160,US,39.2829,-94.409,42109,Lindgren LLC,04/11/2022
560,Cristen,Fuente,cfuentefj@163.com,Female,1994,Jeep,Cherokee,Fort Myers,Florida,33994,US,26.5529,-81.9486,70424,"Hayes, Borer and Mohr",07/04/2022
561,Row,Bestiman,rbestimanfk@ycombinator.com,Female,1987,Honda,Accord,Shawnee Mission,Kansas,66276,US,38.8999,-94.832,81424,Boyle-Lesch,06/03/2022
562,Rudyard,Notton,rnottonfl@mayoclinic.com,Male,2008,Ford,Ranger,Phoenix,Arizona,85053,US,33.6299,-112.1316,55599,Reynolds and Sons,12/05/2023
563,Rufus,Covington,rcovingtonfm@cnet.com,Male,2008,Pontiac,Solstice,Tampa,Florida,33605,US,27.9671,-82.4334,77042,"Trantow, Orn and Macejkovic",08/15/2025
564,Dewie,Huish,dhuishfn@vk.com,Male,2008,Ford,GT500,Hagerstown,Maryland,21747,US,39.5207,-77.9162,41901,Pacocha-Rippin,04/17/2024
565,Jenica,Blaxton,jblaxtonfo@4shared.com,Female,2001,Infiniti,I,Portsmouth,New Hampshire,03804,US,43.0059,-71.0132,93272,Durgan and Sons,09/10/2024
566,Kimberli,Weems,kweemsfp@admin.ch,Female,1997,Plymouth,Voyager,Asheville,North Carolina,28815,US,35.6203,-82.5286,86214,"Langosh, Windler and Beatty",09/19/2022
567,Iorgo,Gurge,igurgefq@list-manage.com,Male,1998,Mercedes-Benz,S-Class,Washington,District of Columbia,20238,US,38.8933,-77.0146,71175,"Gleichner, Grimes and Beahan",10/12/2024
568,Norrie,Reiners,nreinersfr@accuweather.com,Female,2007,Chrysler,Aspen,Peoria,Illinois,61605,US,40.6775,-89.6263,60295,Swaniawski-Dach,08/27/2023
569,Kipper,Antognetti,kantognettifs@wikipedia.org,Male,1964,Pontiac,GTO,Battle Creek,Michigan,49018,US,42.2464,-85.0045,60573,"Beahan, Rolfson and Mosciski",05/11/2025
570,Benyamin,Beggi,bbeggift@seesaa.net,Male,1977,Mercedes-Benz,W123,Colorado Springs,Colorado,80930,US,38.8289,-104.5269,87021,O'Hara LLC,07/06/2024
571,Kiah,McKelloch,kmckellochfu@apple.com,Female,1992,Hyundai,Excel,Shawnee Mission,Kansas,66286,US,38.8999,-94.832,40001,Mertz-Fritsch,04/09/2024
572,Gael,Frankling,gfranklingfv@pagesperso-orange.fr,Male,1999,Mercedes-Benz,CLK-Class,Fairbanks,Alaska,99790,US,64.8561,-146.276,60235,Glover LLC,03/27/2022
573,Sadye,Birchwood,sbirchwoodfw@amazon.de,Female,1991,Ford,Probe,Santa Barbara,California,93106,US,34.4329,-119.8371,54873,Waters-Hauck,09/09/2025
574,Mel,Heinzler,mheinzlerfx@prlog.org,Male,2004,Audi,A8,Philadelphia,Pennsylvania,19131,US,39.9845,-75.2282,45230,Casper Inc,11/29/2022
575,Alanson,Schechter,aschechterfy@e-recht24.de,Male,2009,Mitsubishi,Raider,Columbia,South Carolina,29203,US,34.0635,-81.0265,94890,Konopelski and Sons,04/08/2025
576,Torrence,Cosby,tcosbyfz@kickstarter.com,Male,2012,Kia,Rio,Greenville,South Carolina,29610,US,34.8497,-82.4538,53899,"Sanford, Miller and Daugherty",01/14/2025
577,Skipper,Marre,smarreg0@mac.com,Male,2001,Pontiac,Firebird,El Paso,Texas,79968,US,31.7705,-106.5048,37443,Krajcik-Stokes,07/31/2023
578,Krista,Willgoose,kwillgooseg1@alibaba.com,Female,1999,Lamborghini,Diablo,Saint Augustine,Florida,32092,US,29.9475,-81.5264,49819,"Cole, Langworth and Jaskolski",11/24/2024
579,Brandtr,Legging,bleggingg2@desdev.cn,Genderqueer,1986,Pontiac,Firebird,Austin,Texas,78703,US,30.2907,-97.7648,80004,Waelchi-Schaefer,10/03/2023
580,Lucian,Ewert,lewertg3@toplist.cz,Male,1993,BMW,M5,Washington,District of Columbia,20436,US,38.8959,-77.0211,43534,"Lesch, Rau and Connelly",01/05/2023
581,Isak,Gillbey,igillbeyg4@yelp.com,Male,1993,Lotus,Esprit,Norcross,Georgia,30092,US,33.9677,-84.2438,99790,Wolf-Veum,05/15/2025
582,Inger,Matijasevic,imatijasevicg5@google.de,Non-binary,1992,Mitsubishi,GTO,Baltimore,Maryland,21275,US,39.2847,-76.6205,38421,Abshire-Rodriguez,03/12/2024
583,Lilah,Ducarne,lducarneg6@a8.net,Female,2011,Ford,Ranger,Bronx,New York,10474,US,40.8139,-73.8841,62229,Lindgren Group,06/24/2023
584,Arvin,Chant,achantg7@auda.org.au,Male,1993,Isuzu,Trooper,Memphis,Tennessee,38168,US,35.2017,-89.9715,99184,Kshlerin-Swift,02/25/2024
585,Frederic,Davenell,fdavenellg8@about.me,Male,1993,Pontiac,Sunbird,New York City,New York,10170,US,40.7526,-73.9755,59302,"Wolf, Sawayn and Dickens",08/03/2025
586,Dori,Brychan,dbrychang9@example.com,Female,1989,Suzuki,Swift,Lake Charles,Louisiana,70616,US,30.2642,-93.3265,74836,"Dach, Prosacco and Bauch",12/15/2025
587,Korey,Dennerley,kdennerleyga@netscape.com,Male,2010,Aston Martin,Rapide,Minneapolis,Minnesota,55423,US,44.8756,-93.2553,81336,Vandervort-Crona,06/10/2023
588,Sidonia,Laminman,slaminmangb@vk.com,Female,1989,Ford,Taurus,Erie,Pennsylvania,16505,US,42.1109,-80.1534,99440,"Walter, Douglas and Bergstrom",04/11/2025
589,Algernon,Brookfield,abrookfieldgc@delicious.com,Male,1992,Daihatsu,Charade,Rochester,New York,14624,US,43.1216,-77.7311,93783,Hickle-Fritsch,12/22/2024
590,North,Canape,ncanapegd@usnews.com,Male,2007,Dodge,Caliber,Jefferson City,Missouri,65105,US,38.5309,-92.2493,73530,Collins and Sons,07/05/2025
591,Herrick,Claringbold,hclaringboldge@gnu.org,Male,1962,Pontiac,Grand Prix,Houston,Texas,77234,US,29.834,-95.4342,62366,Swaniawski LLC,05/09/2024
592,Judy,Olivello,jolivellogf@cnbc.com,Female,1993,GMC,Vandura 3500,Raleigh,North Carolina,27605,US,35.7908,-78.653,75099,Steuber LLC,07/13/2022
593,Tim,Cookes,tcookesgg@biglobe.ne.jp,Non-binary,1996,Dodge,Ram 1500 Club,Kansas City,Missouri,64160,US,39.2829,-94.409,61947,"Kreiger, Stoltenberg and Koss",12/02/2023
594,Korney,Hurworth,khurworthgh@github.io,Female,2008,Acura,RL,Saint Petersburg,Florida,33731,US,27.8918,-82.7248,30635,Doyle Inc,02/09/2022
595,Giselbert,Glave,gglavegi@infoseek.co.jp,Agender,2000,Chevrolet,Suburban 1500,Hyattsville,Maryland,20784,US,38.9513,-76.8958,75209,Glover-Russel,08/02/2022
596,Man,Hamby,mhambygj@xing.com,Male,1996,Buick,LeSabre,Milwaukee,Wisconsin,53215,US,43.006,-87.9429,84235,Schuster-Schultz,06/20/2024
597,Westley,Mora,wmoragk@deliciousdays.com,Male,2005,BMW,330,Trenton,New Jersey,08650,US,40.2805,-74.712,39085,"Hackett, Kirlin and Kuhn",12/28/2023
598,Melinda,Watsham,mwatshamgl@xrea.com,Female,2003,Lexus,SC,Santa Fe,New Mexico,87592,US,35.5212,-105.9818,61608,Dare-Lebsack,08/28/2025
599,Pavla,Murrish,pmurrishgm@51.la,Agender,2010,Kia,Rio,Hollywood,Florida,33028,US,26.0185,-80.3449,98696,Kemmer LLC,09/28/2025
600,Layton,Jorg,ljorggn@ow.ly,Male,1994,Mitsubishi,GTO,Charlotte,North Carolina,28242,US,35.26,-80.8042,68698,Reichel and Sons,07/11/2025
601,Blake,Slowan,bslowango@adobe.com,Female,2012,Chevrolet,Malibu,Washington,District of Columbia,20591,US,38.8933,-77.0146,86731,"Littel, Grant and Weissnat",08/06/2023
602,Astrix,MacNish,amacnishgp@chron.com,Female,1999,Volkswagen,Cabriolet,Baltimore,Maryland,21281,US,39.2847,-76.6205,51246,"Barrows, Turcotte and Terry",03/24/2023
603,Woodman,Gitsham,wgitshamgq@usgs.gov,Male,2000,Land Rover,Range Rover,Lincoln,Nebraska,68583,US,40.7845,-96.6888,41887,"Satterfield, Ondricka and O'Reilly",01/28/2024
604,Shirleen,McKinstry,smckinstrygr@barnesandnoble.com,Female,2007,Mercedes-Benz,SLK-Class,Chicago,Illinois,60652,US,41.7454,-87.7135,64026,Cremin Inc,08/07/2022
605,Nicolle,Polleye,npolleyegs@bloomberg.com,Female,1999,Chevrolet,Express 1500,Saint Louis,Missouri,63158,US,38.6531,-90.2435,45540,Cormier-Orn,11/16/2025
606,Ilse,Itzchaki,iitzchakigt@bloglines.com,Female,1967,Pontiac,GTO,San Jose,California,95108,US,37.3378,-121.8908,33261,Friesen Group,08/11/2023
607,Heidie,Lilford,hlilfordgu@sohu.com,Female,2003,Chevrolet,Corvette,Nashville,Tennessee,37220,US,36.0641,-86.7697,38815,Schinner and Sons,08/11/2024
608,Finley,Staniland,fstanilandgv@pbs.org,Male,1999,Pontiac,Trans Sport,Henderson,Nevada,89012,US,36.0119,-115.0433,53869,Schinner Group,03/09/2023
609,Mathe,Durston,mdurstongw@ning.com,Male,2012,Toyota,Yaris,Greensboro,North Carolina,27404,US,36.0807,-80.0244,87100,Beer and Sons,09/13/2025
610,Aubine,Dhennin,adhenningx@auda.org.au,Genderqueer,2012,Acura,TSX,Peoria,Illinois,61656,US,40.7442,-89.7184,63378,Romaguera-Luettgen,11/21/2022
611,Rita,Bowditch,rbowditchgy@nasa.gov,Female,2000,Mitsubishi,Montero Sport,Newport News,Virginia,23612,US,37.1959,-76.5248,56942,Pagac-Kiehn,07/01/2023
612,Jordan,Rue,jruegz@shareasale.com,Bigender,1991,Audi,Coupe Quattro,Saint Augustine,Florida,32092,US,29.9475,-81.5264,93411,Doyle-Yundt,05/17/2024
613,Raddie,Chatin,rchatinh0@com.com,Male,1992,Chevrolet,APV,Phoenix,Arizona,85067,US,33.2765,-112.1872,94593,Turcotte-Pfeffer,09/06/2024
614,Paolo,Binstead,pbinsteadh1@hao123.com,Male,1993,Pontiac,Trans Sport,Oakland,California,94605,US,37.7641,-122.1633,55233,Dietrich LLC,01/06/2024
615,Cam,Hanmer,chanmerh2@youtu.be,Male,1992,Dodge,Caravan,New York City,New York,10120,US,40.7506,-73.9894,88633,"Lubowitz, Cronin and Schaden",10/22/2022
616,Nerti,Stollard,nstollardh3@craigslist.org,Female,1988,Ford,Taurus,Waterbury,Connecticut,06726,US,41.3657,-72.9275,72815,Russel Group,07/02/2023
617,Redford,Knowler,rknowlerh4@mapy.cz,Male,2008,Hummer,H3,Dayton,Ohio,45454,US,39.7505,-84.2686,70134,Beier Inc,10/13/2023
618,Carmita,Finlow,cfinlowh5@godaddy.com,Female,2005,Suzuki,Daewoo Magnus,Winston Salem,North Carolina,27116,US,36.0275,-80.2073,84171,"Huels, West and Streich",03/09/2023
619,Willyt,Andri,wandrih6@oakley.com,Female,1998,Volkswagen,GTI,San Jose,California,95118,US,37.2568,-121.8896,62663,Mosciski and Sons,05/27/2022
620,Lesley,Copp,lcopph7@chicagotribune.com,Female,2010,Lincoln,MKX,Saint Cloud,Minnesota,56398,US,45.5289,-94.5933,93259,Walker and Sons,02/22/2023
621,Henrietta,Riley,hrileyh8@sun.com,Non-binary,1986,Land Rover,Range Rover,Sarasota,Florida,34238,US,27.2427,-82.4751,91005,"Sipes, Schmitt and Collier",02/14/2025
622,Orelia,Norquoy,onorquoyh9@wix.com,Female,2008,Toyota,TundraMax,Kansas City,Missouri,64101,US,39.1024,-94.5986,55372,"Runolfsson, Thompson and Schneider",03/31/2024
623,Lora,Whewill,lwhewillha@tuttocitta.it,Genderfluid,1994,Porsche,968,Bradenton,Florida,34282,US,27.4272,-82.4387,83586,Schinner and Sons,10/31/2023
624,Clementia,Cyseley,ccyseleyhb@ibm.com,Female,2011,Mercedes-Benz,SL-Class,Houston,Texas,77293,US,29.834,-95.4342,89261,Purdy and Sons,08/23/2022
625,Langston,Bilfoot,lbilfoothc@ebay.co.uk,Male,2005,Maserati,GranSport,Charleston,West Virginia,25336,US,38.2968,-81.5547,63324,Schneider and Sons,07/30/2023
626,Ethelind,Olohan,eolohanhd@mtv.com,Female,2000,Porsche,911,Fort Smith,Arkansas,72916,US,35.2502,-94.3703,73420,Dare Inc,05/27/2025
627,Jackson,Lavell,jlavellhe@qq.com,Male,2000,BMW,M,Philadelphia,Pennsylvania,19196,US,40.0018,-75.1179,81535,"Sawayn, Schmidt and Harvey",06/30/2023
628,Abner,Harefoot,aharefoothf@seesaa.net,Male,1984,Ford,Bronco II,Fresno,California,93721,US,36.7377,-119.7843,70227,Dooley Inc,11/12/2024
629,Bjorn,Thripp,bthripphg@goodreads.com,Male,2011,Rolls-Royce,Phantom,Lexington,Kentucky,40591,US,38.0283,-84.4715,41745,"Mosciski, Kutch and Bode",09/09/2022
630,Alaster,Zienkiewicz,azienkiewiczhh@pinterest.com,Male,2011,Subaru,Legacy,Omaha,Nebraska,68124,US,41.2338,-96.0495,55644,Corkery-Rolfson,04/06/2024
631,Leonore,Wantling,lwantlinghi@webnode.com,Female,2001,Mazda,B2500,Tampa,Florida,33625,US,28.0726,-82.559,34873,"Breitenberg, Mitchell and Balistreri",01/21/2026
632,Miof mela,Yarrington,myarringtonhj@skype.com,Female,1989,Ford,Ranger,Las Vegas,Nevada,89160,US,35.9279,-114.9721,32532,Dietrich-Heller,05/15/2025
633,Sibilla,Kenewell,skenewellhk@statcounter.com,Female,2006,Cadillac,Escalade EXT,Fort Smith,Arkansas,72916,US,35.2502,-94.3703,98662,Cronin LLC,03/12/2023
634,Jacobo,Conochie,jconochiehl@blogtalkradio.com,Male,2008,Ferrari,612 Scaglietti,Colorado Springs,Colorado,80995,US,38.8247,-104.562,79150,"Grimes, Boyer and Pouros",03/10/2024
635,Mignonne,Forestel,mforestelhm@addthis.com,Female,2011,Hyundai,Accent,Minneapolis,Minnesota,55412,US,45.0242,-93.302,45317,Ziemann-Beahan,01/26/2025
636,Garrott,Dukelow,gdukelowhn@ox.ac.uk,Male,2005,Mitsubishi,Galant,Fresno,California,93786,US,36.7464,-119.6397,77518,Rohan-Deckow,10/05/2022
637,Regan,Blackburn,rblackburnho@nih.gov,Male,1966,Oldsmobile,Toronado,New York City,New York,10175,US,40.7543,-73.9798,63172,"Glover, Osinski and Monahan",11/21/2023
638,Max,Imlin,mimlinhp@time.com,Female,2011,Honda,CR-V,Pittsburgh,Pennsylvania,15225,US,40.5051,-80.1155,37319,"Wilkinson, Aufderhar and Hilll",04/13/2025
639,Quent,Letham,qlethamhq@cdc.gov,Male,2002,Ford,F-Series,Jamaica,New York,11407,US,40.6913,-73.8059,95215,Welch LLC,04/12/2023
640,Linette,Jacson,ljacsonhr@epa.gov,Female,2006,Volvo,XC70,San Diego,California,92191,US,33.0169,-116.846,55338,"Howe, Gutmann and Nitzsche",08/13/2025
641,Geraldine,Lait,glaiths@netscape.com,Female,1984,Pontiac,Fiero,Worcester,Massachusetts,01605,US,42.2894,-71.7888,47254,Senger-Frami,10/29/2024
642,Chevy,Capitano,ccapitanoht@nhs.uk,Male,2000,Ford,Focus,Kansas City,Missouri,64144,US,39.2829,-94.409,37650,Nicolas LLC,02/04/2025
643,Thornton,Beadon,tbeadonhu@walmart.com,Male,2003,Porsche,911,Atlanta,Georgia,31119,US,33.8913,-84.0746,51813,"Effertz, Kautzer and Corkery",09/09/2024
644,Joela,Redon,jredonhv@yahoo.co.jp,Female,1990,Ford,Probe,Boca Raton,Florida,33487,US,26.4116,-80.0928,46528,"Tromp, Shields and Kilback",09/08/2024
645,Tressa,Leynagh,tleynaghhw@taobao.com,Agender,2012,Tesla,Model S,Washington,District of Columbia,20220,US,38.8933,-77.0146,55040,Marquardt-Cronin,05/20/2022
646,Flor,Bevington,fbevingtonhx@wisc.edu,Female,2005,Scion,xB,Montgomery,Alabama,36177,US,32.2334,-86.2085,59701,Hand-Franecki,01/25/2023
647,Ebonee,Jaeggi,ejaeggihy@bizjournals.com,Female,1995,Saturn,S-Series,Kansas City,Missouri,64160,US,39.2829,-94.409,67876,Daugherty-Effertz,02/08/2023
648,Stephan,Bothwell,sbothwellhz@uiuc.edu,Male,2005,Ford,E350,Fort Worth,Texas,76162,US,32.7714,-97.2915,86646,"Koch, Larson and Fisher",04/02/2024
649,Aidan,Lichtfoth,alichtfothi0@tinyurl.com,Female,1971,Chevrolet,Camaro,Albany,New York,12237,US,42.6149,-73.9708,43039,Tromp-Brown,10/31/2024
650,May,Argabrite,margabritei1@spiegel.de,Agender,1992,Subaru,Loyale,Aurora,Colorado,80044,US,39.7388,-104.4083,84357,Dickens-Keebler,09/13/2022
651,Emlen,Ellor,eellori2@admin.ch,Male,1992,Audi,100,Homestead,Florida,33034,US,25.2846,-80.6246,46239,"Ullrich, Kulas and Rice",06/10/2025
652,Filberto,Abramowitch,fabramowitchi3@webnode.com,Male,2003,Chevrolet,Monte Carlo,Erie,Pennsylvania,16522,US,42.1827,-80.0649,30198,Moore-Kshlerin,05/04/2022
653,Lin,Pullan,lpullani4@bravesites.com,Female,2012,Volkswagen,Routan,Houston,Texas,77255,US,29.834,-95.4342,65152,Nikolaus LLC,01/23/2026
654,Raynor,O'Cuddie,rocuddiei5@china.com.cn,Male,2011,Chevrolet,Suburban 1500,Danbury,Connecticut,06816,US,41.3089,-73.3637,99323,"Langosh, Kuhlman and Mohr",08/24/2022
655,Malina,Sherrin,msherrini6@chron.com,Female,1996,Mitsubishi,Chariot,Philadelphia,Pennsylvania,19141,US,40.0365,-75.1451,30437,Kovacek LLC,05/29/2025
656,Egan,Cauderlie,ecauderliei7@webs.com,Male,1993,Ford,Aerostar,Memphis,Tennessee,38131,US,35.0664,-89.9921,87561,Stamm Inc,03/05/2025
657,Katina,Poletto,kpolettoi8@huffingtonpost.com,Female,2006,GMC,Savana 2500,Jacksonville,Florida,32204,US,30.3189,-81.6854,31699,"Kunze, Feest and Walter",01/05/2023
658,Gabriel,Trevna,gtrevnai9@arizona.edu,Female,2004,GMC,Sonoma,Oklahoma City,Oklahoma,73135,US,35.411,-97.4388,89149,Prosacco Inc,06/22/2025
659,Mireielle,McGillecole,mmcgillecoleia@blogger.com,Female,1993,Nissan,300ZX,Dayton,Ohio,45470,US,39.7505,-84.2686,71234,"Borer, Klocko and Swaniawski",11/01/2023
660,Moise,Ramsay,mramsayib@marketwatch.com,Male,1992,Subaru,Justy,San Francisco,California,94147,US,37.7848,-122.7278,40099,Feest LLC,10/04/2025
661,Gerta,Trigg,gtriggic@last.fm,Female,2007,Chevrolet,Tahoe,Charlotte,North Carolina,28235,US,35.26,-80.8042,77260,Wiza LLC,04/27/2025
662,Burty,Pedron,bpedronid@joomla.org,Male,1998,GMC,Safari,Fresno,California,93773,US,36.7464,-119.6397,95857,"Graham, Halvorson and Corwin",06/15/2025
663,Trever,Alflatt,talflattie@csmonitor.com,Agender,2002,Subaru,Forester,San Diego,California,92132,US,32.6437,-117.1384,69094,Kuhlman and Sons,12/22/2025
664,Helge,Caulfield,hcaulfieldif@prlog.org,Female,2004,Acura,MDX,Toledo,Ohio,43666,US,41.6782,-83.4972,69190,Witting LLC,08/29/2025
665,Cyrill,Budnik,cbudnikig@fastcompany.com,Male,1986,Mitsubishi,Starion,Sacramento,California,94280,US,38.3774,-121.4444,35466,Hilll Group,11/24/2024
666,Jacklyn,Whordley,jwhordleyih@purevolume.com,Female,2000,Mitsubishi,Diamante,Springfield,Massachusetts,01114,US,42.1707,-72.6048,51216,Treutel-Satterfield,03/19/2023
667,Delcine,Sowray,dsowrayii@drupal.org,Female,2008,Nissan,Altima,Cleveland,Ohio,44191,US,41.6857,-81.6728,61972,"McDermott, Kub and Rempel",01/27/2025
668,Quintus,Rawlyns,qrawlynsij@github.io,Male,1993,Mazda,626,Wilmington,Delaware,19886,US,39.5645,-75.597,53870,Stark-Harber,09/01/2025
669,Cord,Villiers,cvilliersik@businessinsider.com,Male,1997,Volkswagen,rio,Birmingham,Alabama,35242,US,33.3813,-86.7046,54200,Wehner-Hudson,01/02/2023
670,Pippy,Yeardsley,pyeardsleyil@t.co,Polygender,2005,Audi,S4,San Francisco,California,94110,US,37.7509,-122.4153,69312,"Shanahan, Mohr and Wolf",07/07/2025
671,Fionna,Pechan,fpechanim@earthlink.net,Female,2003,Volkswagen,Golf,Akron,Ohio,44310,US,41.1075,-81.5006,48943,"Collier, Boehm and Rippin",08/28/2023
672,Bathsheba,Logsdale,blogsdalein@smugmug.com,Female,1995,Jeep,Grand Cherokee,El Paso,Texas,88514,US,31.6948,-106.3,90970,"Tillman, Fadel and Bartell",03/31/2025
673,Dietrich,Merigon,dmerigonio@hugedomains.com,Male,2002,Subaru,Legacy,North Hollywood,California,91616,US,33.7866,-118.2987,59568,Douglas and Sons,09/28/2025
674,Margi,Celiz,mcelizip@mit.edu,Female,2006,Hummer,H2 SUV,Charlotte,North Carolina,28242,US,35.26,-80.8042,82668,Turcotte Group,02/28/2023
675,Suellen,Olwen,solweniq@discuz.net,Female,2002,Chevrolet,Venture,Cincinnati,Ohio,45254,US,39.1668,-84.5382,93225,Wisoky and Sons,07/14/2024
676,Salomi,Klimke,sklimkeir@cyberchimps.com,Female,1986,Mitsubishi,Precis,Littleton,Colorado,80127,US,39.592,-105.1328,98166,Mueller and Sons,06/11/2024
677,Matthieu,Denidge,mdenidgeis@bbb.org,Male,1995,Buick,Century,Austin,Texas,78710,US,30.352,-97.7151,65964,"O'Reilly, Breitenberg and Carroll",09/14/2023
678,Lilly,Loffel,lloffelit@howstuffworks.com,Female,1991,Subaru,Justy,Fayetteville,North Carolina,28314,US,35.0583,-79.008,96483,Aufderhar-Abernathy,06/17/2024
679,Vitoria,Nellis,vnellisiu@craigslist.org,Female,1968,Pontiac,Firebird,Panama City,Florida,32412,US,30.2345,-85.692,91491,Parisian and Sons,12/28/2025
680,Davey,Saxon,dsaxoniv@pagesperso-orange.fr,Male,1985,Buick,Somerset,Las Vegas,Nevada,89120,US,36.0914,-115.0885,63117,Okuneva Inc,03/20/2025
681,Noel,Kiossel,nkiosseliw@scientificamerican.com,Male,2012,Volvo,XC70,Aiken,South Carolina,29805,US,33.6993,-81.6465,87422,"Walsh, Wisoky and Lockman",10/31/2025
682,Faunie,Hinrich,fhinrichix@discovery.com,Female,2008,BMW,M6,Dallas,Texas,75231,US,32.8756,-96.7495,78075,"Medhurst, Ryan and Goldner",06/24/2023
683,Hartley,Holyard,hholyardiy@hud.gov,Male,1991,Mazda,Navajo,Virginia Beach,Virginia,23471,US,36.7957,-76.0126,33974,Heathcote-Fadel,05/04/2022
684,Bondie,Mitchely,bmitchelyiz@i2i.jp,Male,2000,Mazda,Miata MX-5,Austin,Texas,78721,US,30.2721,-97.6868,53860,Rogahn Group,12/07/2023
685,Joete,Folan,jfolanj0@illinois.edu,Female,1984,Mercury,Lynx,Merrifield,Virginia,22119,US,38.8318,-77.2888,46967,Waters-Hane,06/05/2023
686,Calla,Ferrers,cferrersj1@spotify.com,Female,2010,Lexus,LX,Prescott,Arizona,86305,US,34.8185,-112.9584,33967,Maggio-Daugherty,01/20/2026
687,Augusto,Grosvenor,agrosvenorj2@woothemes.com,Male,2005,Buick,LeSabre,San Diego,California,92153,US,33.0169,-116.846,80690,"Ortiz, Zemlak and Zulauf",03/16/2025
688,Phyllys,Lapidus,plapidusj3@google.nl,Bigender,2005,Pontiac,Sunfire,Miami,Florida,33153,US,25.8655,-80.1936,43765,Kirlin-Friesen,12/13/2023
689,Gav,Kintzel,gkintzelj4@google.ru,Male,1992,Mercedes-Benz,500SEL,Pompano Beach,Florida,33069,US,26.2288,-80.1635,81027,Blick-Jast,11/13/2024
690,Dewain,Behrens,dbehrensj5@google.ru,Male,2003,Chevrolet,Astro,Macon,Georgia,31210,US,32.8926,-83.7455,53825,Hackett-McCullough,03/26/2024
691,Jabez,McAllan,jmcallanj6@fastcompany.com,Male,2006,Cadillac,STS-V,Fairbanks,Alaska,99790,US,64.8561,-146.276,53461,Bauch LLC,03/20/2024
692,Jarad,Fitzroy,jfitzroyj7@thetimes.co.uk,Male,2011,Kia,Forte,Midland,Michigan,48670,US,43.6375,-84.2568,52564,Shanahan-Sanford,11/29/2023
693,Colan,Fairbairn,cfairbairnj8@archive.org,Male,1994,Honda,Civic,Rochester,New York,14624,US,43.1216,-77.7311,35484,Jerde Inc,07/09/2024
694,Katrinka,Hens,khensj9@nyu.edu,Female,1993,Hyundai,Scoupe,Las Vegas,Nevada,89125,US,36.2235,-115.2655,31954,Stoltenberg-Schmitt,07/16/2024
695,Elmo,Emer,eemerja@is.gd,Male,2012,Toyota,Matrix,Midland,Texas,79710,US,31.8693,-102.0317,37188,"Kihn, Altenwerth and Walter",06/18/2023
696,Ericka,Elmes,eelmesjb@livejournal.com,Polygender,2010,Mercedes-Benz,M-Class,Moreno Valley,California,92555,US,33.9377,-117.1851,89005,"Auer, Hills and Gusikowski",12/18/2022
697,Lorry,Margery,lmargeryjc@reference.com,Female,2008,BMW,1 Series,San Francisco,California,94177,US,37.7848,-122.7278,92557,Bernhard LLC,01/22/2023
698,Friedrick,Jarlmann,fjarlmannjd@google.com.hk,Bigender,1989,Maserati,Karif,Chicago,Illinois,60674,US,41.8119,-87.6873,41478,Bins-Robel,05/15/2023
699,Prisca,Wenderoth,pwenderothje@typepad.com,Female,1988,Mazda,B-Series,Vero Beach,Florida,32964,US,27.709,-80.5726,36788,Wunsch-Schimmel,04/06/2025
700,Tilly,Birtley,tbirtleyjf@facebook.com,Non-binary,1983,Pontiac,Grand Prix,Mobile,Alabama,36670,US,30.6589,-88.178,41165,Streich-Sipes,03/26/2023
701,Audy,O'Hederscoll,aohederscolljg@webnode.com,Female,2001,Ford,F150,El Paso,Texas,79994,US,31.6948,-106.3,65973,"Mitchell, Emard and Koss",04/14/2025
702,Haskell,Vogele,hvogelejh@disqus.com,Male,1986,Ford,Aerostar,Philadelphia,Pennsylvania,19146,US,39.9379,-75.1794,86722,Streich and Sons,03/23/2023
703,Hagen,Bridgland,hbridglandji@mashable.com,Male,2003,Mercedes-Benz,E-Class,Young America,Minnesota,55573,US,45.0159,-93.4719,64903,"Aufderhar, Hagenes and Parker",12/06/2022
704,Margy,Sonier,msonierjj@un.org,Female,2002,BMW,7 Series,Canton,Ohio,44705,US,40.8259,-81.3399,60938,Murray Group,07/08/2023
705,Zebedee,Marsh,zmarshjk@wunderground.com,Male,2007,Nissan,Armada,Memphis,Tennessee,38131,US,35.0664,-89.9921,72869,"Lueilwitz, Johnson and Powlowski",10/07/2023
706,Sibbie,Simonazzi,ssimonazzijl@msu.edu,Female,1990,Ford,LTD Crown Victoria,Spring Hill,Florida,34611,US,28.5642,-82.4165,82769,"Hermiston, Ernser and Paucek",08/08/2023
707,Maxwell,Munns,mmunnsjm@1688.com,Male,1992,Mazda,Familia,Norwalk,Connecticut,06859,US,41.3089,-73.3637,36386,Bode-Grimes,09/20/2025
708,Dewain,Asher,dasherjn@purevolume.com,Bigender,2004,Kia,Sorento,Fresno,California,93726,US,36.7949,-119.7604,36777,"Gulgowski, Toy and Harvey",12/01/2023
709,Trudi,Pretsell,tpretselljo@gnu.org,Female,2003,Dodge,Ram Van 3500,Fullerton,California,92835,US,33.8994,-117.9063,52708,"Wyman, Emmerich and Swift",03/23/2023
710,Chev,Cherry,ccherryjp@about.com,Agender,2010,Honda,Insight,San Diego,California,92196,US,33.0169,-116.846,57403,Smith LLC,02/14/2025
711,Petunia,Brake,pbrakejq@wufoo.com,Female,2007,GMC,Sierra 2500,Lafayette,Louisiana,70593,US,30.2081,-92.0951,51690,Simonis and Sons,08/19/2024
712,Pip,Antoniat,pantoniatjr@nasa.gov,Male,2006,Mercedes-Benz,SL-Class,Huntsville,Alabama,35810,US,34.7784,-86.6091,61852,Ullrich Inc,03/05/2023
713,Devlin,Morffew,dmorffewjs@hhs.gov,Male,2000,Kia,Spectra,Nashville,Tennessee,37205,US,36.1114,-86.869,35091,Batz Inc,07/27/2022
714,Lorri,Angel,langeljt@ow.ly,Female,2002,Mitsubishi,Montero,San Angelo,Texas,76905,US,31.4647,-100.39,69176,Bayer Group,08/23/2024
715,Nesta,Ebunoluwa,nebunoluwaju@intel.com,Female,2002,Ford,Escort,Grand Junction,Colorado,81505,US,39.1071,-108.5968,81453,"Littel, Kihn and Hane",04/19/2025
716,Jesse,Holdron,jholdronjv@naver.com,Bigender,2012,Ferrari,FF,Evansville,Indiana,47732,US,37.9971,-87.575,79076,Medhurst and Sons,06/19/2024
717,Marvin,Venney,mvenneyjw@state.tx.us,Male,1985,Ford,LTD,Oklahoma City,Oklahoma,73129,US,35.4312,-97.4913,95751,"Koch, Thompson and Walter",07/31/2022
718,Gustaf,Laws,glawsjx@phoca.cz,Male,1990,Porsche,911,Madison,Wisconsin,53785,US,43.0696,-89.4239,81743,Feeney and Sons,12/29/2023
719,August,Noblett,anoblettjy@umn.edu,Male,1992,Ford,Escort,Springfield,Ohio,45505,US,39.9106,-83.7856,55837,Ritchie and Sons,04/16/2023
720,Anne-corinne,Denge,adengejz@digg.com,Female,1984,Volkswagen,Jetta,Sparks,Nevada,89436,US,39.6269,-119.7081,67193,"Tromp, Will and Bogisich",07/22/2022
721,Lissie,Monkeman,lmonkemank0@netscape.com,Female,1997,Chevrolet,G-Series 1500,Baton Rouge,Louisiana,70883,US,30.5159,-91.0804,67364,Friesen-Johnson,09/06/2023
722,Ruy,Andreacci,randreaccik1@icq.com,Male,2005,Jeep,Grand Cherokee,San Diego,California,92196,US,33.0169,-116.846,65680,Satterfield Inc,07/19/2025
723,Rebekkah,Scogings,rscogingsk2@exblog.jp,Genderqueer,1995,Porsche,968,Hyattsville,Maryland,20784,US,38.9513,-76.8958,45360,Dietrich-Gutmann,11/03/2025
724,Norry,Gethins,ngethinsk3@edublogs.org,Male,2008,Mitsubishi,Lancer Evolution,San Bernardino,California,92410,US,34.1069,-117.2975,91446,Dare-Cruickshank,06/08/2022
725,Isaak,Lapping,ilappingk4@lulu.com,Male,1996,Toyota,Land Cruiser,Waco,Texas,76711,US,31.5175,-97.1547,75403,Swaniawski Inc,03/13/2025
726,Ly,Stemson,lstemsonk5@mlb.com,Male,2002,Volkswagen,Jetta,Wilmington,Delaware,19886,US,39.5645,-75.597,35706,"Ratke, Barrows and Krajcik",05/10/2023
727,Gabe,Waddingham,gwaddinghamk6@zimbio.com,Male,2007,Cadillac,CTS-V,New Orleans,Louisiana,70149,US,30.033,-89.8826,46948,Koss-Marvin,05/27/2023
728,Sargent,Bielfelt,sbielfeltk7@spiegel.de,Male,1988,Mercedes-Benz,SL-Class,Kansas City,Missouri,64125,US,39.1042,-94.4923,35240,"Koss, Lang and Rodriguez",01/12/2025
729,Dre,Eamer,deamerk8@virginia.edu,Female,2009,Suzuki,SX4,Houston,Texas,77293,US,29.834,-95.4342,85095,"Treutel, Witting and Heathcote",06/14/2022
730,North,Hayler,nhaylerk9@earthlink.net,Male,1998,Plymouth,Breeze,Lexington,Kentucky,40505,US,38.0612,-84.4583,45891,"Cummings, Gulgowski and Cormier",12/06/2024
731,Nikos,Guillot,nguillotka@t-online.de,Male,2000,Ford,Explorer Sport Trac,Oklahoma City,Oklahoma,73129,US,35.4312,-97.4913,99857,Bashirian and Sons,04/30/2024
732,Grace,Corneck,gcorneckkb@hostgator.com,Female,2008,Dodge,Ram 2500,Washington,District of Columbia,20380,US,38.8933,-77.0146,41511,Olson and Sons,08/26/2024
733,Jedd,Tennant,jtennantkc@cbc.ca,Male,1998,Dodge,Intrepid,Madison,Wisconsin,53716,US,43.0631,-89.3133,98578,"Moen, Runolfsson and Anderson",03/04/2022
734,Theobald,Androsik,tandrosikkd@flavors.me,Male,2009,Honda,Civic,Louisville,Kentucky,40287,US,38.189,-85.6768,69071,"Hoppe, Smith and McClure",09/26/2024
735,Kordula,Furmonger,kfurmongerke@bing.com,Female,1994,Chevrolet,G-Series G30,Washington,District of Columbia,20392,US,38.8933,-77.0146,76358,Reynolds and Sons,09/06/2022
736,Karoline,Vallentin,kvallentinkf@canalblog.com,Female,2011,GMC,Yukon XL 1500,San Diego,California,92165,US,33.0169,-116.846,72812,"Ortiz, Rice and Mitchell",09/27/2025
737,Caryl,Giffon,cgiffonkg@comsenz.com,Female,1988,Lincoln,Continental,Knoxville,Tennessee,37995,US,35.9901,-83.9622,86637,Walter-Balistreri,05/22/2024
738,Hester,Shmyr,hshmyrkh@imgur.com,Genderqueer,1999,Isuzu,Oasis,Irving,Texas,75062,US,32.8479,-96.974,64961,Beatty-Kulas,03/04/2022
739,Faye,Paybody,fpaybodyki@imageshack.us,Female,2005,Mercedes-Benz,CLK-Class,Tucson,Arizona,85732,US,32.0848,-110.7122,35677,"Bauch, Rau and Wintheiser",04/13/2022
740,Valera,Peverell,vpeverellkj@163.com,Bigender,1957,Chevrolet,Corvette,Saint Paul,Minnesota,55146,US,44.9427,-93.0828,48212,Hane-Marks,05/21/2023
741,Audry,Ruddiforth,aruddiforthkk@wordpress.com,Non-binary,2005,Mercury,Mariner,Richmond,Virginia,23260,US,37.5242,-77.4932,49646,"Kiehn, Borer and Johnston",11/27/2025
742,Nerte,Balthasar,nbalthasarkl@wiley.com,Female,2011,Aston Martin,V8 Vantage,Stamford,Connecticut,06905,US,41.0888,-73.5435,70825,Hammes LLC,11/18/2024
743,Lisette,Durman,ldurmankm@storify.com,Female,2009,Mercedes-Benz,SLK55 AMG,Kansas City,Missouri,64153,US,39.2627,-94.697,96841,"Jerde, Hintz and Wiza",10/22/2022
744,Pat,Gori,pgorikn@homestead.com,Male,1989,Mitsubishi,Excel,Memphis,Tennessee,38136,US,35.2017,-89.9715,58434,Macejkovic-Rohan,12/23/2023
745,Issi,Been,ibeenko@redcross.org,Female,1999,Volkswagen,Passat,Los Angeles,California,90076,US,33.7866,-118.2987,96291,Feeney Group,12/13/2022
746,Derwin,Shillitoe,dshillitoekp@de.vu,Male,2007,Infiniti,G35,Birmingham,Alabama,35236,US,33.5446,-86.9292,92273,Marks and Sons,08/30/2025
747,Trevar,Le Surf,tlesurfkq@sitemeter.com,Male,1988,Pontiac,Sunbird,Tacoma,Washington,98411,US,47.0662,-122.1132,97052,"Kutch, Donnelly and Barrows",05/24/2022
748,Eugenie,Chopping,echoppingkr@skype.com,Female,2003,GMC,Sonoma,Huntington,West Virginia,25716,US,38.4134,-82.2774,59254,"Gutmann, Raynor and Bosco",03/12/2022
749,Stacie,Jedraszek,sjedraszekks@smh.com.au,Female,2004,Chevrolet,S10,Baton Rouge,Louisiana,70836,US,30.392,-91.0892,67911,Gutmann-Orn,06/16/2023
750,Mohandis,Pickin,mpickinkt@quantcast.com,Male,1997,Mitsubishi,Galant,San Francisco,California,94147,US,37.7848,-122.7278,88824,O'Kon-Wisozk,06/13/2023
751,Floyd,Macci,fmacciku@canalblog.com,Male,2003,Chevrolet,SSR,Nashville,Tennessee,37245,US,36.1866,-86.7852,66394,Hackett-Okuneva,10/03/2023
752,Stanleigh,Wigin,swiginkv@networksolutions.com,Male,2006,BMW,7 Series,Cincinnati,Ohio,45218,US,39.2663,-84.5221,32577,Beatty LLC,07/21/2022
753,Rosaline,Whithorn,rwhithornkw@nps.gov,Female,2001,GMC,Yukon XL 2500,Beaumont,Texas,77705,US,30.0211,-94.1157,46500,Swift Inc,09/21/2022
754,Dyan,Shiril,dshirilkx@weather.com,Female,2005,Toyota,Solara,Madison,Wisconsin,53785,US,43.0696,-89.4239,83963,Effertz Inc,02/19/2025
755,Jule,Warbey,jwarbeyky@bloglines.com,Male,2003,Lexus,SC,Jacksonville,Florida,32244,US,30.2231,-81.7556,51936,"Mertz, Runolfsdottir and Abshire",05/04/2023
756,Mikael,Caven,mcavenkz@intel.com,Male,2004,BMW,545,Tallahassee,Florida,32399,US,30.4494,-84.291,71000,Lockman-Harris,01/24/2025
757,Billye,Morbey,bmorbeyl0@shutterfly.com,Female,1996,Nissan,Quest,Brockton,Massachusetts,02305,US,41.9705,-70.7014,72014,Lemke Group,05/24/2023
758,Rodie,Wythill,rwythilll1@ning.com,Female,2009,Audi,A3,Colorado Springs,Colorado,80930,US,38.8289,-104.5269,74984,"Breitenberg, Gerlach and Bergstrom",08/29/2025
759,Pete,Unthank,punthankl2@sina.com.cn,Male,2011,Toyota,4Runner,Charlotte,North Carolina,28247,US,35.0656,-80.8511,42302,Thompson Group,04/03/2024
760,Kessia,Grayston,kgraystonl3@wikia.com,Female,2002,Nissan,Frontier,Oklahoma City,Oklahoma,73104,US,35.4794,-97.5017,92298,Murphy Group,10/07/2024
761,Normy,Mantle,nmantlel4@oracle.com,Male,2003,Chevrolet,Suburban 1500,Buffalo,New York,14263,US,42.7684,-78.8871,89135,Kuphal-Bode,01/29/2025
762,Fleming,Brixey,fbrixeyl5@army.mil,Male,2004,Ford,Thunderbird,Springfield,Missouri,65810,US,37.1136,-93.2896,78243,Dietrich-Kutch,01/08/2024
763,Kendal,Keynd,kkeyndl6@amazon.co.uk,Male,2004,Pontiac,Grand Prix,Fort Lauderdale,Florida,33320,US,26.1625,-80.2582,87488,"McLaughlin, Cole and Welch",07/22/2025
764,Lanie,Gionettitti,lgionettittil7@addtoany.com,Male,2011,Bentley,Continental Flying Spur,Peoria,Illinois,61651,US,40.7442,-89.7184,66679,"Stokes, Dietrich and Ankunding",09/24/2022
765,Field,Tatlowe,ftatlowel8@ovh.net,Male,2006,GMC,Sierra Hybrid,Detroit,Michigan,48267,US,42.2399,-83.1508,49910,Larson-White,10/23/2022
766,Fanchette,Adamowitz,fadamowitzl9@yellowpages.com,Bigender,1999,Lexus,SC,Springfield,Illinois,62794,US,39.7495,-89.606,35542,Hammes-Rohan,10/10/2023
767,Giffard,Coggles,gcogglesla@istockphoto.com,Male,1994,Mitsubishi,Galant,Pueblo,Colorado,81010,US,38.1286,-104.5523,82868,Gorczany-Hauck,02/01/2023
768,Elsy,Whitwam,ewhitwamlb@chicagotribune.com,Female,1992,Mitsubishi,Mighty Max,Evansville,Indiana,47712,US,37.929,-87.6604,95293,Denesik Inc,04/30/2025
769,Richart,Carillo,rcarillolc@studiopress.com,Male,1999,Lexus,RX,Gary,Indiana,46406,US,41.5878,-87.4062,45857,"Leuschke, White and Conn",03/24/2022
770,Sabine,Eisikowitch,seisikowitchld@latimes.com,Female,2005,MINI,Cooper,Longview,Texas,75605,US,32.5547,-94.7767,88688,Dach LLC,10/17/2025
771,Aurelea,Jedrzej,ajedrzejle@arstechnica.com,Female,2008,Kia,Sportage,Phoenix,Arizona,85040,US,33.4061,-112.0265,39089,"Rutherford, Kris and Cormier",02/28/2025
772,Kahaleel,Vickerman,kvickermanlf@yelp.com,Male,1998,Oldsmobile,Silhouette,San Diego,California,92186,US,33.0169,-116.846,69841,"Jones, Macejkovic and Renner",07/14/2022
773,Lyssa,Green,lgreenlg@domainmarket.com,Female,2009,Bentley,Continental GT,Springfield,Missouri,65898,US,37.1803,-93.2951,66132,"Hermiston, Gerlach and Casper",02/13/2024
774,Reggie,Berlin,rberlinlh@globo.com,Male,2008,Saturn,Sky,Toledo,Ohio,43635,US,41.6868,-83.4394,91881,Koepp-Stamm,03/05/2025
775,Reginald,Eliyahu,reliyahuli@netscape.com,Genderqueer,2001,Lexus,LX,Albany,New York,12247,US,42.6149,-73.9708,88335,Vandervort-Haag,06/10/2024
776,Palmer,Worshall,pworshalllj@go.com,Male,1991,Ford,Probe,Pittsburgh,Pennsylvania,15210,US,40.4072,-79.9839,92382,Berge Inc,07/01/2022
777,Vito,Dackombe,vdackombelk@bloglines.com,Male,2003,Mercedes-Benz,CLK-Class,Huntington,West Virginia,25726,US,38.4134,-82.2774,45476,"Gottlieb, Ankunding and Weimann",10/29/2024
778,Kincaid,Chicchetto,kchicchettoll@google.com,Male,1993,Land Rover,Defender,Naples,Florida,33961,US,26.045,-81.6669,57131,Herzog-Casper,11/19/2025
779,Veradis,Van den Velde,vvandenveldelm@yellowbook.com,Female,2011,Volkswagen,GTI,Tacoma,Washington,98424,US,47.2325,-122.3594,49544,O'Reilly-Mitchell,11/02/2024
780,Nonie,McPheat,nmcpheatln@nifty.com,Female,2011,Toyota,Tacoma,Huntington,West Virginia,25721,US,38.4134,-82.2774,88625,Skiles Group,12/19/2025
781,Hammad,Calver,hcalverlo@google.nl,Male,1998,Mercedes-Benz,CLK-Class,New York City,New York,10175,US,40.7543,-73.9798,41958,"Batz, Quigley and Watsica",02/22/2025
782,Ailene,Severn,asevernlp@addthis.com,Female,2006,Mercury,Milan,Hartford,Connecticut,06160,US,41.7665,-72.6933,49129,Thiel LLC,08/31/2024
783,Alanna,Olyff,aolyfflq@discovery.com,Genderfluid,2012,Cadillac,CTS-V,Reno,Nevada,89505,US,39.5224,-119.8353,75037,Zboncak-Metz,09/14/2024
784,Obed,Bundock,obundocklr@elpais.com,Male,2000,Plymouth,Neon,Springfield,Illinois,62794,US,39.7495,-89.606,35900,Kuphal-Kihn,04/28/2022
785,Sidoney,Kingescot,skingescotls@booking.com,Female,1997,Oldsmobile,88,Kansas City,Kansas,66112,US,39.116,-94.764,87879,"Kreiger, Bernier and Lowe",11/08/2024
786,Taylor,Lambol,tlambollt@nydailynews.com,Male,2009,Mercedes-Benz,CLS-Class,Colorado Springs,Colorado,80905,US,38.8377,-104.837,65659,Homenick-Bergstrom,06/05/2024
787,Mike,Hadeke,mhadekelu@shareasale.com,Male,2006,GMC,Savana 2500,Stockton,California,95298,US,37.9577,-121.2897,78779,"Schulist, Ferry and Towne",06/13/2025
788,Moise,Findley,mfindleylv@de.vu,Male,2000,Dodge,Ram 1500 Club,Roanoke,Virginia,24034,US,37.2742,-79.9579,83846,"Heathcote, Feeney and Torphy",07/13/2025
789,Hoebart,Dunks,hdunkslw@google.ca,Male,2011,Cadillac,DTS,Washington,District of Columbia,20299,US,38.8933,-77.0146,37422,Batz Group,12/29/2022
790,Bogey,Tummond,btummondlx@phoca.cz,Male,1999,Acura,TL,Fullerton,California,92640,US,33.7862,-117.9309,69726,Lind and Sons,08/24/2022
791,Hunfredo,Gibbetts,hgibbettsly@spiegel.de,Male,1971,Ford,Mustang,Austin,Texas,78703,US,30.2907,-97.7648,93499,Homenick and Sons,05/12/2023
792,Sidonnie,Locks,slockslz@theguardian.com,Female,2005,Chevrolet,Express 1500,Wilmington,Delaware,19810,US,39.8188,-75.5064,53513,Bailey-Lang,05/13/2023
793,Jeniece,Goldhill,jgoldhillm0@uiuc.edu,Female,2006,Toyota,Matrix,Edmond,Oklahoma,73034,US,35.6665,-97.4798,64311,Hane-Yundt,03/22/2024
794,Samara,Roussell,sroussellm1@bbc.co.uk,Female,1989,Audi,200,Richmond,Virginia,23260,US,37.5242,-77.4932,62212,"Kassulke, Considine and Olson",08/17/2025
795,Starr,Markos,smarkosm2@bigcartel.com,Bigender,2009,Mercedes-Benz,SLK55 AMG,Newark,Delaware,19714,US,39.5645,-75.597,85948,"Conn, Cronin and Pfannerstill",07/09/2022
796,Ania,Gogarty,agogartym3@ft.com,Female,2001,Mazda,Millenia,Colorado Springs,Colorado,80940,US,38.8247,-104.562,82515,"Breitenberg, Gerlach and Braun",08/22/2025
797,Niki,Brettoner,nbrettonerm4@freewebs.com,Female,2008,Mercedes-Benz,CLS-Class,Los Angeles,California,90040,US,33.9909,-118.1532,85853,"Pacocha, Hane and Doyle",08/09/2023
798,Latisha,Portwaine,lportwainem5@parallels.com,Female,2010,Ferrari,612 Scaglietti,Olympia,Washington,98506,US,47.1042,-122.87,87660,Armstrong-Hessel,06/13/2024
799,Hildy,Omond,homondm6@princeton.edu,Female,1992,Mazda,RX-7,Tulsa,Oklahoma,74133,US,36.0467,-95.8841,48227,"Fay, Nikolaus and Mayert",12/20/2024
800,Templeton,Behneke,tbehnekem7@salon.com,Male,2000,Ford,F250,San Antonio,Texas,78245,US,29.4189,-98.6895,88796,"Steuber, Thiel and Kiehn",08/29/2022
801,Dorothea,Wardley,dwardleym8@accuweather.com,Female,2005,Cadillac,Escalade,Kansas City,Missouri,64142,US,39.035,-94.3567,46134,Donnelly Inc,11/30/2022
802,Brien,Sigart,bsigartm9@mediafire.com,Genderqueer,2011,Aston Martin,V8 Vantage,Rochester,New York,14614,US,43.1558,-77.6142,31535,Green Group,04/11/2025
803,Ginny,Silversmid,gsilversmidma@sphinn.com,Female,1991,Ford,Mustang,Brea,California,92822,US,33.9187,-117.8892,62254,"Hagenes, Runolfsdottir and Collins",08/24/2023
804,Rickie,Ginn,rginnmb@csmonitor.com,Genderfluid,1994,Audi,riolet,Port Charlotte,Florida,33954,US,27.0228,-82.1108,94450,Hoeger Inc,05/30/2022
805,Mattie,Tilbury,mtilburymc@mediafire.com,Male,2004,Volkswagen,New Beetle,Florence,South Carolina,29505,US,34.1231,-79.6893,61752,Runolfsson-Klocko,01/05/2026
806,Kessia,Handlin,khandlinmd@t.co,Female,1966,Chevrolet,Corvette,Amarillo,Texas,79159,US,35.216,-102.0714,62746,"Boyle, Gutmann and Emmerich",01/23/2025
807,Nickey,Holah,nholahme@wordpress.org,Male,1990,Land Rover,Range Rover,Houston,Texas,77228,US,29.834,-95.4342,46326,O'Connell LLC,01/31/2025
808,Arlyne,Mapledoore,amapledooremf@usgs.gov,Female,1990,Volkswagen,Fox,Milwaukee,Wisconsin,53225,US,43.1154,-88.0346,86552,"Abernathy, Marquardt and Olson",01/15/2024
809,Kayle,Marden,kmardenmg@networksolutions.com,Polygender,2010,Chevrolet,Camaro,Charleston,West Virginia,25313,US,38.4142,-81.7582,48088,Terry-Pollich,12/21/2024
810,Mei,Burren,mburrenmh@ed.gov,Female,2006,Chevrolet,Corvette,Bellevue,Washington,98008,US,47.6115,-122.1162,67549,Lynch-Heller,09/22/2025
811,Gwendolen,Willbourne,gwillbournemi@thetimes.co.uk,Female,2009,Kia,Rondo,San Diego,California,92160,US,33.0169,-116.846,69462,Batz and Sons,12/31/2023
812,Andy,Garaghan,agaraghanmj@chronoengine.com,Bigender,1999,Volkswagen,Golf,New Orleans,Louisiana,70187,US,30.033,-89.8826,83938,Zemlak LLC,06/15/2023
813,Alene,Drewry,adrewrymk@mapquest.com,Female,2003,Chevrolet,Impala,El Paso,Texas,79994,US,31.6948,-106.3,75785,Jaskolski-Bashirian,10/24/2022
814,Cori,Babbidge,cbabbidgeml@moonfruit.com,Female,2000,Toyota,Camry,Jacksonville,Florida,32209,US,30.3584,-81.692,93652,Ryan-Murphy,03/16/2023
815,Maxy,Pinar,mpinarmm@g.co,Polygender,1999,Lexus,ES,New Orleans,Louisiana,70165,US,30.033,-89.8826,83788,Mann Group,04/24/2022
816,Imogene,Martinson,imartinsonmn@msn.com,Agender,2012,Toyota,Venza,Seattle,Washington,98166,US,47.4511,-122.353,73761,Moore and Sons,11/10/2023
817,Charmane,Stern,csternmo@admin.ch,Female,2000,Dodge,Ram 2500,Panama City,Florida,32412,US,30.2345,-85.692,66133,"Renner, Dooley and Kshlerin",11/20/2023
818,Ramsay,Frizzell,rfrizzellmp@marriott.com,Male,2010,Audi,A8,Colorado Springs,Colorado,80951,US,38.8881,-104.6556,60514,Schneider-Weimann,03/15/2025
819,Arin,Pavett,apavettmq@booking.com,Male,2010,BMW,5 Series,Indianapolis,Indiana,46278,US,39.8726,-86.2768,32028,Feil Inc,09/09/2024
820,Valry,Huzzay,vhuzzaymr@xrea.com,Female,1993,Mercedes-Benz,300SL,Charleston,West Virginia,25321,US,38.2968,-81.5547,88191,Kilback LLC,12/21/2025
821,Emerson,Hartzog,ehartzogms@people.com.cn,Male,1995,Mazda,Millenia,Arlington,Virginia,22212,US,38.8808,-77.113,91500,"O'Conner, Mosciski and Pollich",05/13/2022
822,Gonzales,MacCleod,gmaccleodmt@ycombinator.com,Male,1994,Lexus,GS,Hagerstown,Maryland,21747,US,39.5207,-77.9162,66857,"Graham, Haag and Lemke",09/24/2023
823,Port,Woodthorpe,pwoodthorpemu@bluehost.com,Male,1997,Toyota,4Runner,Des Moines,Iowa,50330,US,41.6727,-93.5722,59542,Zemlak and Sons,12/17/2023
824,Seymour,Biernat,sbiernatmv@lulu.com,Male,1994,Alfa Romeo,164,Washington,District of Columbia,20062,US,38.9,-77.0369,72029,"Paucek, Lehner and Metz",12/27/2025
825,Son,Freen,sfreenmw@feedburner.com,Male,2005,Nissan,Murano,Dallas,Texas,75277,US,32.7673,-96.7776,35692,"Rutherford, Monahan and Walter",07/14/2023
826,Kenyon,Pask,kpaskmx@youku.com,Male,2006,Volvo,S60,Jacksonville,Florida,32215,US,30.2407,-81.893,32636,Bradtke-Heller,04/27/2024
827,Sophia,Ailsbury,sailsburymy@walmart.com,Genderqueer,2005,Lincoln,LS,Houston,Texas,77271,US,29.834,-95.4342,64187,Stiedemann and Sons,07/27/2022
828,Kayle,Fotherby,kfotherbymz@shutterfly.com,Female,1998,Acura,TL,Madison,Wisconsin,53726,US,43.0696,-89.4239,36034,Larkin LLC,02/15/2023
829,Pascale,Clinnick,pclinnickn0@bandcamp.com,Male,2003,Mercedes-Benz,G-Class,Orlando,Florida,32813,US,28.5679,-81.3258,42195,Weber-McDermott,12/20/2024
830,Emmott,Frango,efrangon1@myspace.com,Male,2006,Maserati,Coupe,San Diego,California,92165,US,33.0169,-116.846,64860,Oberbrunner-Morar,07/24/2022
831,Estelle,Hauger,ehaugern2@pen.io,Female,1987,Mercury,Topaz,Erie,Pennsylvania,16522,US,42.1827,-80.0649,44979,Nienow and Sons,06/25/2023
832,Amble,Hembry,ahembryn3@taobao.com,Male,2010,Cadillac,CTS,Philadelphia,Pennsylvania,19115,US,40.0903,-75.041,48193,Becker Inc,03/20/2023
833,Cherlyn,Brettel,cbretteln4@delicious.com,Female,2011,Ford,Transit Connect,Portsmouth,New Hampshire,03804,US,43.0059,-71.0132,70781,Konopelski-Jerde,03/31/2024
834,Huey,Duckett,hduckettn5@smh.com.au,Male,2001,Toyota,4Runner,Fort Myers,Florida,33906,US,26.5529,-81.9486,45659,"Pouros, Padberg and Goldner",02/27/2024
835,Elmira,Spragge,espraggen6@bloomberg.com,Female,1995,Chevrolet,Blazer,New York City,New York,10270,US,40.7069,-74.0082,92420,Russel Group,02/28/2022
836,Hubert,Kibbye,hkibbyen7@guardian.co.uk,Male,1996,Jaguar,XJ Series,Roanoke,Virginia,24009,US,37.2742,-79.9579,61287,Kub-Ankunding,09/23/2023
837,Rosella,Klimentov,rklimentovn8@exblog.jp,Female,2001,Subaru,Legacy,Kansas City,Missouri,64136,US,39.0187,-94.4008,49350,Torphy-Hodkiewicz,03/14/2025
838,Paxon,Dunklee,pdunkleen9@marriott.com,Male,1994,Honda,Prelude,Saint Paul,Minnesota,55127,US,45.0803,-93.0875,74229,"Hudson, Harris and Torphy",12/17/2022
839,Angie,Ivory,aivoryna@prnewswire.com,Female,1998,Nissan,240SX,Oakland,California,94627,US,37.6802,-121.9215,49808,Fay-Jerde,12/11/2024
840,Araldo,Tolhurst,atolhurstnb@cbslocal.com,Male,2002,Buick,Rendezvous,Dallas,Texas,75353,US,32.7673,-96.7776,97200,Beatty Inc,12/24/2025
841,Kirbie,Tynan,ktynannc@princeton.edu,Female,1998,Pontiac,Firebird,New Orleans,Louisiana,70149,US,30.033,-89.8826,81490,Botsford Inc,01/17/2023
842,Lionello,Russ,lrussnd@sina.com.cn,Male,2002,Jaguar,XK Series,San Bernardino,California,92410,US,34.1069,-117.2975,52557,"Lockman, Veum and Jacobi",03/07/2022
843,Zebedee,DelaField,zdelafieldne@illinois.edu,Male,2008,MINI,Cooper Clubman,Minneapolis,Minnesota,55412,US,45.0242,-93.302,35787,McKenzie-O'Reilly,06/25/2023
844,Lena,Caudelier,lcaudeliernf@goodreads.com,Female,2000,Dodge,Ram Van 1500,Marietta,Georgia,30066,US,34.0378,-84.5038,42654,Hegmann-Huel,03/08/2022
845,Sarena,Handscombe,shandscombeng@rambler.ru,Female,1996,Mitsubishi,Mighty Max,Gadsden,Alabama,35905,US,33.9352,-85.9576,65849,Trantow-Witting,01/02/2025
846,Ronalda,Rosario,rrosarionh@earthlink.net,Female,1992,GMC,Rally Wagon 1500,Springfield,Missouri,65810,US,37.1136,-93.2896,38727,Moore and Sons,04/17/2023
847,Hanson,Syson,hsysonni@yelp.com,Male,2005,Saab,9-3,Los Angeles,California,90076,US,33.7866,-118.2987,71111,Crona Inc,12/25/2023
848,Trude,Launchbury,tlaunchburynj@google.ru,Female,2008,Ford,Expedition EL,Bronx,New York,10474,US,40.8139,-73.8841,60071,"Wisozk, Cassin and Shanahan",09/08/2022
849,Sander,Doerling,sdoerlingnk@vistaprint.com,Male,1988,Ford,Tempo,Aurora,Colorado,80015,US,39.6255,-104.7874,74354,Feest-Schumm,06/05/2025
850,Riordan,Le Lievre,rlelievrenl@wikia.com,Non-binary,2007,Bentley,Continental GTC,Phoenix,Arizona,85053,US,33.6299,-112.1316,77873,Wintheiser LLC,12/01/2024
851,Angelica,Dempsey,adempseynm@europa.eu,Female,1993,Volkswagen,Jetta,Northridge,California,91328,US,33.7866,-118.2987,96538,Hintz-Pfannerstill,05/09/2022
852,Mohammed,Flitcroft,mflitcroftnn@miibeian.gov.cn,Male,2008,Mercury,Sable,Lancaster,Pennsylvania,17622,US,40.0418,-76.3012,71427,Mitchell and Sons,03/05/2025
853,Dorette,Wike,dwikeno@wsj.com,Polygender,1985,Pontiac,1000,Orange,California,92862,US,33.7915,-117.714,50259,Mante-Leffler,09/21/2022
854,Laney,Gloucester,lgloucesternp@blog.com,Male,1994,Pontiac,Sunbird,Topeka,Kansas,66629,US,39.0429,-95.7697,72505,"Tromp, Batz and Dicki",10/05/2024
855,Des,Stean,dsteannq@eepurl.com,Male,2003,Acura,RL,Topeka,Kansas,66642,US,39.0429,-95.7697,94568,Carroll-Mueller,04/06/2024
856,Brocky,Grzegorczyk,bgrzegorczyknr@theatlantic.com,Bigender,1999,Cadillac,Escalade,Saint Paul,Minnesota,55123,US,44.806,-93.1409,91672,Koepp-Crooks,08/24/2025
857,Abe,Dominichelli,adominichellins@squarespace.com,Male,2008,Chevrolet,Cobalt SS,San Francisco,California,94164,US,37.7848,-122.7278,80300,Flatley-Blick,01/07/2023
858,Dorise,Jarret,djarretnt@ed.gov,Female,1998,Volvo,S70,Charleston,West Virginia,25336,US,38.2968,-81.5547,86197,Gibson-MacGyver,08/31/2022
859,Catlee,Gwilliam,cgwilliamnu@tinyurl.com,Female,2007,Mercedes-Benz,CL-Class,Jackson,Mississippi,39204,US,32.2832,-90.2306,54577,Beatty-Spencer,10/16/2023
860,Tadio,Fortin,tfortinnv@gravatar.com,Male,2000,Ford,Explorer Sport,Fort Wayne,Indiana,46857,US,41.0938,-85.0707,72366,Leffler LLC,05/21/2022
861,Katherine,Bassick,kbassicknw@virginia.edu,Female,1981,Chevrolet,Camaro,Melbourne,Florida,32941,US,27.9246,-80.5235,37513,Anderson-Dickens,10/24/2023
862,Toddy,Garroch,tgarrochnx@oaic.gov.au,Male,2006,Mercedes-Benz,CLK-Class,Miami,Florida,33233,US,25.5584,-80.4582,93075,Macejkovic-Kuhlman,10/30/2023
863,Emilee,Marrington,emarringtonny@geocities.com,Female,1964,Pontiac,LeMans,New Orleans,Louisiana,70179,US,30.033,-89.8826,73176,Goyette-Pouros,07/25/2023
864,Julius,Glavis,jglavisnz@bigcartel.com,Male,1993,Volkswagen,Eurovan,New York City,New York,10292,US,40.7808,-73.9772,75417,Rohan-Dooley,08/26/2022
865,Anatol,Townes,atowneso0@netlog.com,Male,1990,Pontiac,Firebird,Salt Lake City,Utah,84140,US,40.7713,-111.9309,94605,Gorczany-Wolff,07/02/2024
866,Benedetta,Espadero,bespaderoo1@edublogs.org,Female,1994,Dodge,Ram 3500,Lexington,Kentucky,40505,US,38.0612,-84.4583,94356,"Feest, Zieme and Corkery",03/28/2023
867,Charley,Gent,cgento2@live.com,Male,2005,Ford,Focus,Seattle,Washington,98195,US,47.6564,-122.3048,90879,"White, Kshlerin and Lakin",12/16/2023
868,Linnie,Hamsson,lhamssono3@archive.org,Female,1987,Porsche,944,Fort Lauderdale,Florida,33330,US,26.0663,-80.3339,30251,"Ruecker, Kovacek and Friesen",04/13/2024
869,Kristan,Suckling,ksucklingo4@google.com,Bigender,2005,Subaru,Impreza,Hartford,Connecticut,06105,US,41.7691,-72.701,67717,"Ferry, Homenick and Stoltenberg",07/21/2024
870,Michail,Dreher,mdrehero5@gov.uk,Male,2006,Infiniti,FX,Colorado Springs,Colorado,80920,US,38.9497,-104.767,72052,Kertzmann Inc,06/05/2023
871,Kirby,Tremayne,ktremayneo6@mac.com,Male,2009,BMW,Z4 M Roadster,Pompano Beach,Florida,33069,US,26.2288,-80.1635,39463,Smith-Swift,09/29/2023
872,Herby,Brolan,hbrolano7@earthlink.net,Male,2009,Subaru,Forester,San Angelo,Texas,76905,US,31.4647,-100.39,98011,Johns Group,07/27/2025
873,Yurik,Trew,ytrewo8@un.org,Male,1994,Toyota,Previa,Roanoke,Virginia,24048,US,37.2742,-79.9579,74916,Haley-Pfeffer,03/04/2024
874,Mervin,Hanscome,mhanscomeo9@topsy.com,Male,2009,Hyundai,Santa Fe,Pittsburgh,Pennsylvania,15210,US,40.4072,-79.9839,99401,Gorczany-Brakus,06/05/2025
875,Clarance,Dominguez,cdominguezoa@epa.gov,Male,2001,Suzuki,XL-7,Denver,Colorado,80255,US,39.7388,-104.4083,35451,"Daugherty, Nitzsche and Kshlerin",03/31/2022
876,Kaitlin,Sherrott,ksherrottob@reference.com,Female,1998,GMC,2500 Club Coupe,Vancouver,Washington,98682,US,45.6644,-122.5212,55596,Kuhic Inc,05/23/2025
877,Kelly,Biesty,kbiestyoc@ed.gov,Male,2007,Jeep,Commander,North Hollywood,California,91616,US,33.7866,-118.2987,99411,Pouros and Sons,01/22/2025
878,Lyn,Joseland,ljoselandod@cargocollective.com,Male,2003,Dodge,Viper,San Diego,California,92160,US,33.0169,-116.846,77930,"Harber, Schuster and Koss",08/23/2022
879,Angel,Jellman,ajellmanoe@amazon.de,Female,2005,Mitsubishi,Endeavor,Orlando,Florida,32891,US,28.5663,-81.2608,56144,"Kunze, Williamson and Dietrich",09/09/2024
880,Harwilll,Knatt,hknattof@va.gov,Male,2004,Nissan,Altima,Sacramento,California,95852,US,38.6026,-121.4475,51198,Leannon Inc,02/27/2024
881,Berget,Riby,bribyog@scientificamerican.com,Female,2005,Acura,RSX,Houston,Texas,77228,US,29.834,-95.4342,32498,"Thiel, Little and Bailey",10/12/2025
882,Umberto,Wilsone,uwilsoneoh@oakley.com,Male,1995,Buick,Century,Bakersfield,California,93381,US,35.2944,-118.9052,60954,Kiehn-Bergstrom,05/30/2022
883,George,Karczinski,gkarczinskioi@ca.gov,Female,2010,Ford,Mustang,Anchorage,Alaska,99507,US,61.1535,-149.8289,52471,Lemke Inc,02/26/2023
884,Drusie,Kann,dkannoj@google.ca,Female,1992,Mercedes-Benz,600SEL,Lancaster,Pennsylvania,17605,US,40.0185,-76.2976,39863,Koelpin LLC,06/01/2023
885,Daryl,Tidcombe,dtidcombeok@phoca.cz,Male,2001,Honda,Civic,Houston,Texas,77255,US,29.834,-95.4342,79505,"Feil, Schroeder and Lind",09/20/2022
886,Kirstyn,Eyles,keylesol@yellowbook.com,Female,2008,GMC,Savana 2500,Watertown,Massachusetts,02472,US,42.37,-71.1773,49717,"Veum, Ferry and Marvin",01/12/2024
887,Ambrosio,Skain,askainom@weebly.com,Genderqueer,2002,Audi,Allroad,El Paso,Texas,88558,US,31.6948,-106.3,74801,"Frami, Halvorson and Beer",03/07/2022
888,Joya,Yerrington,jyerringtonon@rakuten.co.jp,Female,2004,Lincoln,Aviator,London,Kentucky,40745,US,37.1376,-84.1156,32042,Langworth-Kuvalis,06/10/2024
889,Bernie,Randalson,brandalsonoo@sina.com.cn,Male,1992,Dodge,Ram Van B350,Saint Louis,Missouri,63158,US,38.6531,-90.2435,72922,Zulauf-Schoen,08/04/2024
890,Candide,Queyos,cqueyosop@adobe.com,Agender,1997,Ford,F250,Miami,Florida,33111,US,25.5584,-80.4582,59331,Wuckert Group,05/03/2025
891,Josselyn,Glasson,jglassonoq@github.com,Female,1991,Mazda,Familia,Decatur,Georgia,30089,US,33.7749,-84.3046,70583,Bosco and Sons,09/03/2024
892,Jewelle,Sapauton,jsapautonor@1688.com,Female,2002,Infiniti,Q,Port Washington,New York,11054,US,40.7548,-73.6018,44963,Leuschke LLC,04/26/2022
893,Ashleigh,Coronas,acoronasos@ucla.edu,Female,2002,Subaru,Outback Sport,Houston,Texas,77255,US,29.834,-95.4342,91712,"Marquardt, Schoen and Koelpin",07/04/2023
894,Verge,Whifen,vwhifenot@deliciousdays.com,Male,2008,Chevrolet,Aveo,Shreveport,Louisiana,71105,US,32.4589,-93.7143,44296,Gutmann-Spencer,07/08/2024
895,Rica,Cutchie,rcutchieou@ucsd.edu,Female,1988,Audi,80/90,Boston,Massachusetts,02163,US,42.3253,-71.1122,69406,"Rolfson, Kshlerin and Doyle",10/01/2024
896,Alikee,Skivington,askivingtonov@virginia.edu,Female,1992,Oldsmobile,Ciera,San Jose,California,95128,US,37.3163,-121.9356,72152,Jacobs-Powlowski,05/13/2024
897,Lynette,Karus,lkarusow@fastcompany.com,Female,2012,GMC,Savana 1500,Kansas City,Missouri,64125,US,39.1042,-94.4923,60153,Wilderman-Collier,04/08/2022
898,Nickolas,Rapley,nrapleyox@t.co,Male,2005,GMC,Sierra 1500,Houston,Texas,77050,US,29.9015,-95.2848,93599,Ratke Group,12/07/2025
899,Dorian,Petty,dpettyoy@youtu.be,Female,2000,Acura,TL,El Paso,Texas,88579,US,31.6948,-106.3,98615,"Pouros, Lang and Considine",11/13/2025
900,Torrie,Artois,tartoisoz@surveymonkey.com,Agender,1999,GMC,EV1,Baltimore,Maryland,21203,US,39.2847,-76.6205,61505,Connelly and Sons,03/04/2024
901,Neel,Misk,nmiskp0@rambler.ru,Male,2004,Cadillac,CTS,Saint Paul,Minnesota,55127,US,45.0803,-93.0875,48315,"Stamm, Bednar and Medhurst",11/07/2025
902,Babs,Tuftin,btuftinp1@princeton.edu,Female,2012,Nissan,NV2500,Salem,Oregon,97306,US,44.8685,-123.0438,50509,Lemke and Sons,10/02/2025
903,Rebbecca,Strudwick,rstrudwickp2@auda.org.au,Female,2001,Ford,Taurus,Orlando,Florida,32808,US,28.5803,-81.4396,48186,Ruecker-Carter,08/22/2023
904,Caressa,Arnold,carnoldp3@fc2.com,Female,2000,Isuzu,Rodeo,Wichita,Kansas,67236,US,37.5422,-97.2871,67403,"Borer, Bergstrom and Reichert",10/24/2025
905,Stefania,Crutchfield,scrutchfieldp4@nyu.edu,Female,1988,Lincoln,Town Car,San Antonio,Texas,78296,US,29.4375,-98.4616,62365,"Bradtke, Cronin and Stiedemann",07/20/2022
906,Tadd,Deesly,tdeeslyp5@google.com.br,Male,2007,Acura,TL,Oakland,California,94605,US,37.7641,-122.1633,94363,Feest-Osinski,10/02/2025
907,Jayme,Gillbanks,jgillbanksp6@furl.net,Male,2003,Maserati,Spyder,Saint Paul,Minnesota,55108,US,44.9806,-93.1771,67262,Lynch-Corwin,05/28/2022
908,Kattie,Stoddard,kstoddardp7@mozilla.org,Female,2008,Cadillac,STS,Huntsville,Texas,77343,US,30.7813,-95.5953,76342,Witting-Shanahan,09/04/2024
909,Kelsi,Monsey,kmonseyp8@prlog.org,Female,2006,Isuzu,i-350,Topeka,Kansas,66611,US,39.0142,-95.6982,40049,"Wintheiser, Collins and Schuppe",03/12/2022
910,Morlee,Insko,minskop9@bluehost.com,Male,2002,Pontiac,Montana,Port Saint Lucie,Florida,34985,US,27.3822,-80.409,94354,Upton and Sons,05/01/2025
911,Ganny,Eskell,geskellpa@washington.edu,Male,2001,Lexus,IS,Washington,District of Columbia,20062,US,38.9,-77.0369,78467,"Flatley, Lemke and Conn",10/30/2024
912,Ursala,Wellstood,uwellstoodpb@arstechnica.com,Female,1995,Ford,Aspire,Jacksonville,Florida,32225,US,30.351,-81.5061,37644,"Schulist, Ondricka and Beatty",08/02/2022
913,Kathryn,Todd,ktoddpc@eepurl.com,Female,2004,Pontiac,Grand Am,Minneapolis,Minnesota,55470,US,45.0159,-93.4719,89005,Lynch-Romaguera,12/30/2024
914,Tades,Bonanno,tbonannopd@vistaprint.com,Male,2000,Volvo,S40,Montgomery,Alabama,36119,US,32.2334,-86.2085,66837,Lesch-Russel,08/09/2023
915,Trefor,MacKibbon,tmackibbonpe@bravesites.com,Male,2004,Mazda,B-Series,Topeka,Kansas,66629,US,39.0429,-95.7697,82100,Ankunding Group,12/10/2023
916,Traver,Nineham,tninehampf@privacy.gov.au,Male,1995,Ford,Escort,Louisville,Kentucky,40298,US,38.189,-85.6768,94038,Kautzer LLC,10/10/2022
917,Clementina,Darnell,cdarnellpg@merriam-webster.com,Female,1990,Ford,Probe,Washington,District of Columbia,20397,US,38.9164,-76.9948,61614,West Inc,05/07/2022
918,Elana,Huxter,ehuxterph@t-online.de,Female,1994,Oldsmobile,Cutlass Cruiser,Orlando,Florida,32803,US,28.5559,-81.3535,92245,Hahn-Roberts,12/03/2022
919,Etienne,Crackel,ecrackelpi@blog.com,Male,2012,Hyundai,Genesis,Galveston,Texas,77554,US,29.2243,-94.9637,49580,Runte-Feest,05/25/2025
920,Frederique,Lande,flandepj@smugmug.com,Female,1987,Mazda,B-Series,Memphis,Tennessee,38119,US,35.0821,-89.8501,82396,Beahan-Wiegand,05/27/2023
921,Reggy,Mingus,rminguspk@opera.com,Male,1997,Subaru,Alcyone SVX,Evansville,Indiana,47719,US,37.9971,-87.575,61583,Lang Inc,09/10/2024
922,Susana,Lefeuvre,slefeuvrepl@bizjournals.com,Female,2003,Mercedes-Benz,CLK-Class,Los Angeles,California,90081,US,33.7866,-118.2987,93210,Fahey Inc,07/17/2023
923,Lucina,Bartlomiej,lbartlomiejpm@craigslist.org,Female,2011,Volvo,C30,Fresno,California,93773,US,36.7464,-119.6397,82885,Bechtelar-Smith,07/27/2022
924,Izzy,Shynn,ishynnpn@sohu.com,Male,2012,Ford,Taurus,Spokane,Washington,99252,US,47.6536,-117.4317,90094,Bartoletti-Prohaska,12/20/2024
925,Shani,Lush,slushpo@vkontakte.ru,Female,2012,Aston Martin,V8 Vantage,San Antonio,Texas,78285,US,29.4375,-98.4616,60748,"Bradtke, Romaguera and Corkery",05/09/2025
926,Rafael,Celier,rcelierpp@dion.ne.jp,Male,1999,GMC,Savana 3500,Loretto,Minnesota,55598,US,45.0159,-93.4719,77376,Marvin Inc,07/29/2025
927,Vincent,Martinec,vmartinecpq@google.com,Male,2001,Mazda,B2500,Youngstown,Ohio,44511,US,41.0704,-80.6931,83346,Marvin-Greenfelder,12/22/2023
928,Eyde,Loosely,elooselypr@virginia.edu,Female,2010,Porsche,Cayenne,Topeka,Kansas,66617,US,39.1271,-95.6384,98470,Harvey LLC,07/16/2023
929,Lydia,Heyball,lheyballps@virginia.edu,Female,2001,Jaguar,XJ Series,Paterson,New Jersey,07544,US,41.0114,-74.3048,39101,Powlowski LLC,10/05/2023
930,Hamlin,Shortland,hshortlandpt@jalbum.net,Male,1992,Ford,Econoline E250,Clearwater,Florida,34615,US,27.9843,-82.7813,96000,"Hyatt, Swaniawski and Adams",06/03/2024
931,Wynn,Gathercoal,wgathercoalpu@amazon.co.uk,Genderqueer,1988,Ford,Tempo,Fargo,North Dakota,58106,US,46.9346,-97.2297,97809,Boyer-Grant,12/02/2023
932,Yance,Shrimptone,yshrimptonepv@adobe.com,Male,1996,Nissan,240SX,Omaha,Nebraska,68117,US,41.2064,-95.9953,79962,Pouros LLC,09/24/2023
933,Carlotta,Cavil,ccavilpw@bloglovin.com,Female,1996,Honda,del Sol,New Orleans,Louisiana,70165,US,30.033,-89.8826,81058,Kuhn Group,09/15/2025
934,Annalise,Meneely,ameneelypx@gnu.org,Female,1999,Chevrolet,Express 2500,Honolulu,Hawaii,96815,US,21.2811,-157.8266,80159,"Swaniawski, Kunze and Purdy",02/09/2025
935,Dorotea,Tuckley,dtuckleypy@answers.com,Female,2011,Volkswagen,Jetta,Montgomery,Alabama,36109,US,32.3834,-86.2434,42583,Collins-Orn,06/02/2023
936,Abe,Hamill,ahamillpz@bbc.co.uk,Male,1986,Pontiac,Grand Am,Pinellas Park,Florida,34665,US,27.8402,-82.7125,80163,"Emmerich, Harris and Hayes",04/17/2025
937,Gertie,Navarre,gnavarreq0@merriam-webster.com,Female,2006,Ferrari,612 Scaglietti,Albuquerque,New Mexico,87140,US,35.0443,-106.6729,40483,"Lebsack, Anderson and Streich",08/20/2023
938,Marlowe,Roney,mroneyq1@sitemeter.com,Male,1992,Plymouth,Voyager,Houston,Texas,77050,US,29.9015,-95.2848,39406,Johns-Kuvalis,12/16/2025
939,Mozelle,Rizzotto,mrizzottoq2@shareasale.com,Female,1992,Mitsubishi,Precis,Brooklyn,New York,11247,US,40.6451,-73.945,60107,"Reinger, Yost and Stark",01/12/2025
940,Lynn,de Pinna,ldepinnaq3@theguardian.com,Male,2008,GMC,Savana 3500,Springfield,Illinois,62718,US,39.778,-89.6466,39924,"Quigley, Kuhic and Abbott",01/16/2023
941,Idalia,McClements,imcclementsq4@princeton.edu,Female,1990,Porsche,928,Monroe,Louisiana,71213,US,32.4908,-92.1594,97010,"Hickle, Pouros and Haley",02/20/2025
942,Beniamino,Cake,bcakeq5@hhs.gov,Male,2003,Buick,Regal,Salinas,California,93907,US,36.7563,-121.6703,32780,Aufderhar LLC,03/13/2023
943,Worth,Cresar,wcresarq6@51.la,Bigender,2013,Nissan,Altima,Arlington,Virginia,22212,US,38.8808,-77.113,49365,Goodwin and Sons,08/05/2022
944,Seward,Burtwhistle,sburtwhistleq7@nba.com,Male,1999,Daewoo,Leganza,Warren,Michigan,48092,US,42.5125,-83.0643,75862,Legros Inc,08/25/2022
945,Bevvy,Pitcock,bpitcockq8@youku.com,Female,1987,Buick,Skylark,Chicago,Illinois,60614,US,41.9229,-87.6483,46856,Rutherford-Jenkins,04/25/2023
946,Leanora,Burnyeat,lburnyeatq9@cocolog-nifty.com,Female,1996,Suzuki,X-90,Minneapolis,Minnesota,55407,US,44.9378,-93.2545,47149,Gottlieb LLC,06/13/2022
947,Thorndike,Conti,tcontiqa@weibo.com,Male,2002,Buick,Park Avenue,Atlanta,Georgia,30323,US,33.8444,-84.474,78835,Doyle-Will,08/03/2022
948,Maxwell,Harling,mharlingqb@arizona.edu,Male,2011,Suzuki,Kizashi,Cincinnati,Ohio,45208,US,39.1361,-84.4355,75411,"Fisher, Dare and Breitenberg",05/15/2022
949,Dorice,Nagle,dnagleqc@zimbio.com,Female,2010,Scion,tC,Topeka,Kansas,66617,US,39.1271,-95.6384,55338,Wyman-Considine,04/26/2022
950,Inga,Farrants,ifarrantsqd@wikimedia.org,Female,2005,Volvo,XC90,Huntington,West Virginia,25770,US,38.4134,-82.2774,67339,"Muller, Baumbach and Kutch",11/04/2025
951,Jeannie,Petrovykh,jpetrovykhqe@npr.org,Female,1995,GMC,Sonoma Club Coupe,Alexandria,Virginia,22301,US,38.82,-77.0589,79274,"Daniel, Kreiger and Labadie",10/04/2024
952,Robin,Warrick,rwarrickqf@princeton.edu,Male,1986,Mitsubishi,Tredia,Houston,Texas,77206,US,29.834,-95.4342,79462,Mosciski-Reilly,09/30/2023
953,Amabel,Masserel,amasserelqg@bigcartel.com,Female,2011,Acura,MDX,Chattanooga,Tennessee,37410,US,35.0018,-85.3138,68029,"Nolan, Wilderman and Herzog",06/01/2022
954,Haskel,Oury,houryqh@usnews.com,Male,2000,Chevrolet,Venture,Petaluma,California,94975,US,38.4631,-122.99,56690,"Mayert, Hand and Runolfsson",03/27/2023
955,Virgina,Whitloe,vwhitloeqi@exblog.jp,Female,1993,GMC,Safari,Mobile,Alabama,36670,US,30.6589,-88.178,44957,Schmitt LLC,01/20/2025
956,Gabey,Bletcher,gbletcherqj@tinyurl.com,Female,2004,Buick,Park Avenue,Southfield,Michigan,48076,US,42.4981,-83.2058,41981,Deckow LLC,12/17/2023
957,Andre,Marzellano,amarzellanoqk@nasa.gov,Male,1996,Mercury,Villager,Santa Fe,New Mexico,87592,US,35.5212,-105.9818,59603,"Williamson, Roberts and Barrows",03/15/2022
958,Cristiano,Dilland,cdillandql@smh.com.au,Male,1988,Ford,Bronco II,Hartford,Connecticut,06160,US,41.7665,-72.6933,79038,"O'Hara, Beer and Lindgren",04/13/2022
959,Melita,Tett,mtettqm@psu.edu,Female,2010,Hyundai,Veracruz,Phoenix,Arizona,85020,US,33.5623,-112.0559,34009,Williamson Group,03/13/2025
960,Willis,Blader,wbladerqn@cafepress.com,Male,2006,Buick,Rendezvous,El Paso,Texas,88530,US,31.6948,-106.3,75814,"Heidenreich, Predovic and Feest",12/24/2023
961,Theo,Onge,tongeqo@moonfruit.com,Male,2005,GMC,Sierra 3500,Buffalo,New York,14263,US,42.7684,-78.8871,47655,Yundt Group,12/28/2024
962,Malynda,Matts,mmattsqp@ca.gov,Female,1987,Volkswagen,GTI,Birmingham,Alabama,35215,US,33.6493,-86.7057,84476,"Ferry, Bartoletti and Daugherty",08/09/2023
963,Georgine,Bradberry,gbradberryqq@aol.com,Female,1992,Plymouth,Grand Voyager,Wilmington,Delaware,19892,US,39.5645,-75.597,76642,"Brakus, Krajcik and Schultz",10/05/2025
964,Harley,Tunnick,htunnickqr@google.fr,Female,1994,Ford,F-Series,Atlanta,Georgia,30386,US,33.8444,-84.474,80618,Blick and Sons,07/21/2025
965,Ivory,Farden,ifardenqs@istockphoto.com,Female,2004,Ford,Windstar,Columbia,Missouri,65211,US,38.9033,-92.1022,70553,Lueilwitz-Hayes,08/27/2022
966,Mellisa,Ecclestone,mecclestoneqt@qq.com,Female,1997,Chevrolet,Camaro,San Jose,California,95133,US,37.3729,-121.856,81102,Kertzmann Group,08/01/2025
967,Ferdinanda,Jachimczak,fjachimczakqu@shareasale.com,Female,2009,Toyota,Avalon,Simi Valley,California,93094,US,34.0324,-119.1343,38397,Hackett-Wilkinson,11/09/2024
968,Alix,Mccaull,amccaullqv@whitehouse.gov,Female,1996,Acura,RL,Cincinnati,Ohio,45228,US,39.0706,-84.4179,59043,Gulgowski Inc,09/14/2022
969,Tristam,Kroch,tkrochqw@tripod.com,Male,2013,Ford,Transit Connect,Fort Wayne,Indiana,46805,US,41.0977,-85.1189,54078,"Bogisich, Wilderman and Heaney",03/23/2022
970,Roshelle,de Courcey,rdecourceyqx@nyu.edu,Female,2012,Mercedes-Benz,Sprinter 2500,Huntington,West Virginia,25726,US,38.4134,-82.2774,31992,Dach and Sons,11/22/2025
971,Merrie,Danis,mdanisqy@hud.gov,Female,1993,Geo,Metro,El Paso,Texas,88530,US,31.6948,-106.3,74775,"Kub, Zieme and Fritsch",02/14/2022
972,Andrea,Blundon,ablundonqz@oakley.com,Female,1993,Land Rover,Defender,South Bend,Indiana,46614,US,41.6255,-86.2433,48422,Hudson-Gibson,04/16/2024
973,Brit,Gerding,bgerdingr0@dmoz.org,Male,2000,Volkswagen,Cabriolet,San Diego,California,92176,US,33.0169,-116.846,64295,Jerde-Kunde,09/02/2024
974,Innis,Wolfendale,iwolfendaler1@prweb.com,Agender,2000,Daewoo,Leganza,Pueblo,Colorado,81010,US,38.1286,-104.5523,84878,Stiedemann LLC,12/13/2025
975,Craggy,Szymanzyk,cszymanzykr2@wikia.com,Male,2002,Mercedes-Benz,CL-Class,Lawrenceville,Georgia,30245,US,33.9464,-83.9912,33253,Schumm Inc,05/10/2024
976,Pammie,Kermath,pkermathr3@wired.com,Female,1994,Toyota,Corolla,Rochester,New York,14646,US,43.286,-77.6843,61524,Veum and Sons,09/02/2024
977,Elyn,Terram,eterramr4@geocities.com,Female,2013,GMC,Sierra 1500,Syracuse,New York,13210,US,43.0354,-76.1282,79379,Jones-Goyette,05/10/2023
978,Wynny,Thirst,wthirstr5@prweb.com,Non-binary,1998,Cadillac,DeVille,San Diego,California,92186,US,33.0169,-116.846,83339,Welch-Rodriguez,10/18/2025
979,Orsa,Burge,oburger6@imgur.com,Female,2010,GMC,Yukon XL 2500,Baltimore,Maryland,21281,US,39.2847,-76.6205,51475,Emard-O'Keefe,10/26/2025
980,Lucius,Giacobelli,lgiacobellir7@craigslist.org,Male,2005,Toyota,Matrix,North Las Vegas,Nevada,89036,US,35.9279,-114.9721,44623,"Gorczany, Parisian and Bahringer",03/05/2023
981,Marlowe,Drover,mdroverr8@purevolume.com,Male,1968,Pontiac,GTO,Galveston,Texas,77554,US,29.2243,-94.9637,87519,"Smith, Kunde and McDermott",09/23/2024
982,Juliane,Saint,jsaintr9@ow.ly,Female,1985,Mercury,Grand Marquis,Reading,Pennsylvania,19605,US,40.3886,-75.9328,89941,Pouros-Hilpert,07/05/2023
983,Jilleen,Locks,jlocksra@g.co,Female,2003,BMW,M3,Birmingham,Alabama,35290,US,33.5446,-86.9292,99907,Hilll and Sons,03/27/2024
984,Cordula,Isaacs,cisaacsrb@ftc.gov,Female,2002,Toyota,Avalon,Evansville,Indiana,47725,US,38.1071,-87.5256,99172,Kemmer Group,07/04/2023
985,Germaine,Trotter,gtrotterrc@imdb.com,Female,2010,Saturn,VUE,Grand Rapids,Michigan,49510,US,43.0314,-85.5503,53424,"Treutel, Hodkiewicz and Aufderhar",10/18/2024
986,Georgianna,Afonso,gafonsord@baidu.com,Female,1996,Dodge,Grand Caravan,Texarkana,Texas,75507,US,33.3934,-94.3404,80793,Friesen-Jones,08/07/2022
987,Pyotr,Cattrell,pcattrellre@ycombinator.com,Male,2007,Lexus,RX Hybrid,Brooklyn,New York,11210,US,40.6281,-73.9467,42029,Haley-Beier,03/09/2023
988,Kathryn,Woodhall,kwoodhallrf@amazon.co.jp,Female,2002,Mercury,Villager,Jacksonville,Florida,32209,US,30.3584,-81.692,92614,"Hoeger, Huels and Koss",03/01/2024
989,Johnna,Dinzey,jdinzeyrg@goo.gl,Female,2006,Toyota,Camry Solara,Norwalk,Connecticut,06859,US,41.3089,-73.3637,57342,Cummerata-Harris,01/30/2022
990,Norrie,Halle,nhallerh@europa.eu,Female,2005,GMC,Yukon,San Francisco,California,94116,US,37.7441,-122.4863,35347,"Kshlerin, Stroman and Marks",01/19/2025
991,Marlee,Hidderley,mhidderleyri@chicagotribune.com,Female,1994,Dodge,Ram Van B350,New Haven,Connecticut,06533,US,41.3657,-72.9275,47967,"Barton, Hintz and Thompson",09/15/2022
992,Rowland,Goodier,rgoodierrj@reuters.com,Male,2004,Subaru,Forester,Erie,Pennsylvania,16565,US,42.1827,-80.0649,57143,Sauer-Frami,12/17/2024
993,Brena,Kent,bkentrk@purevolume.com,Female,1999,Plymouth,Prowler,Columbia,South Carolina,29220,US,34.006,-80.9708,95779,Shields Inc,11/15/2022
994,Nevsa,Bogaert,nbogaertrl@godaddy.com,Female,2003,Honda,CR-V,Tucson,Arizona,85754,US,31.9701,-111.8907,40568,Rolfson LLC,08/05/2022
995,Annalise,Abramsky,aabramskyrm@cisco.com,Agender,2013,BMW,X5,Fresno,California,93750,US,36.7464,-119.6397,59947,Torp Inc,08/28/2024
996,Cassandre,Giovani,cgiovanirn@google.co.uk,Female,1992,Suzuki,SJ,Los Angeles,California,90076,US,33.7866,-118.2987,39309,Deckow Inc,03/10/2022
997,Chryste,Flockhart,cflockhartro@google.cn,Genderfluid,1996,Volkswagen,Jetta,Atlanta,Georgia,30316,US,33.7217,-84.3339,35877,"Volkman, Gusikowski and Abshire",03/09/2022
998,Jack,Toogood,jtoogoodrp@elegantthemes.com,Male,2002,Cadillac,Escalade,Stockton,California,95205,US,37.9625,-121.2624,55073,Moen-Williamson,01/23/2024
999,Nikolos,Banister,nbanisterrq@tinyurl.com,Male,2008,Suzuki,Daewoo Lacetti,Charlotte,North Carolina,28299,US,35.26,-80.8042,79498,Kreiger Group,05/24/2022
1000,Derrick,Cordeau,dcordeaurr@mashable.com,Male,2002,Hyundai,XG350,Carson City,Nevada,89714,US,39.1678,-119.7764,89726,"Muller, Bergstrom and Stehr",12/12/2025
