id,firstName,lastName,email,gender,carYear,automobileMake,automobileModel,customerRegion,customerState,customerPostal,customerCountry_ISO2,customerRegionLatitude,ownerRegionLongitude,automobilePrice,customer,purchaseDate
1,Floyd,Dowrey,fdowrey0@oakley.com,Male,1998,Chevrolet,Monte Carlo,Denver,Colorado,80204,US,39.734,-105.0259,60105,Schamberger and Sons,12/20/2024
2,Lottie,McQuorkel,lmcquorkel1@tripod.com,Female,1997,Chevrolet,Camaro,Conroe,Texas,77305,US,30.2906,-95.3832,86566,Cummings and Sons,07/04/2023
3,Obediah,Mulqueen,omulqueen2@examiner.com,Male,2000,Isuzu,Amigo,Dallas,Texas,75358,US,32.7942,-96.7652,78823,Batz-Conn,10/04/2025
4,Kenneth,Pentelow,kpentelow3@hugedomains.com,Male,2008,Mitsubishi,Lancer,North Little Rock,Arkansas,72118,US,34.8337,-92.3289,68226,Batz-Schmitt,01/14/2023
5,Julio,Christon,jchriston4@wikimedia.org,Male,1990,Maserati,Spyder,Hartford,Connecticut,06120,US,41.786,-72.6758,49977,Prosacco-Schimmel,05/17/2023
6,Elbertina,Dunnion,edunnion5@netvibes.com,Female,1994,GMC,Suburban 2500,Chicago,Illinois,60614,US,41.9229,-87.6483,68774,Zulauf-Mante,03/12/2023
7,Rockey,Bernath,rbernath6@usda.gov,Male,1993,Ford,Club Wagon,Pasadena,California,91117,US,33.7866,-118.2987,88976,Simonis-Thiel,11/10/2025
8,Say,Routham,sroutham7@nasa.gov,Male,2010,Porsche,Boxster,Garden Grove,California,92645,US,33.783,-118.0256,38805,Boyer and Sons,05/04/2022
9,Kyrstin,Quoit,kquoit8@i2i.jp,Agender,2012,BMW,6 Series,Nashville,Tennessee,37228,US,36.1901,-86.8053,99053,"Sauer, Pacocha and Jacobson",10/31/2023
10,Annie,Juppe,ajuppe9@ca.gov,Female,1984,Saab,900,Madison,Wisconsin,53716,US,43.0631,-89.3133,61510,"Ziemann, Cormier and Walker",09/17/2025
11,Zsazsa,Daniel,zdaniela@issuu.com,Female,2005,Chrysler,Pacifica,Lubbock,Texas,79410,US,33.5693,-101.8904,61208,"Connelly, Metz and Emmerich",06/18/2023
12,Laura,Regitz,lregitzb@paginegialle.it,Female,1986,Maserati,Biturbo,Independence,Missouri,64054,US,39.11,-94.4401,70817,Ratke-Cassin,02/28/2022
13,Domenic,Habin,dhabinc@msu.edu,Male,1997,Suzuki,Esteem,Denver,Colorado,80299,US,39.7388,-104.4083,83781,Lemke Inc,06/13/2022
14,Amble,O'Codihie,aocodihied@list-manage.com,Male,2007,Pontiac,Grand Prix,Fort Worth,Texas,76115,US,32.6796,-97.3336,91878,Little-Turcotte,08/15/2024
15,Emalia,Mcettrick,emcettricke@nydailynews.com,Female,1988,Lamborghini,Countach,Buffalo,New York,14205,US,42.7684,-78.8871,79631,Jones-Schuppe,01/09/2023
16,Diarmid,Paddock,dpaddockf@nbcnews.com,Male,1984,Buick,Skyhawk,Bethlehem,Pennsylvania,18018,US,40.6278,-75.3928,74744,"Vandervort, Goyette and Block",01/26/2023
17,Ibbie,Olman,iolmang@blogspot.com,Female,2008,Saab,9-5,Dallas,Texas,75323,US,32.7673,-96.7776,81432,Wehner-Zboncak,09/04/2025
18,Alexis,Gooda,agoodah@goo.gl,Female,1997,Toyota,4Runner,Arlington,Virginia,22217,US,38.8808,-77.113,58779,Collins LLC,06/09/2024
19,Grange,Hindmoor,ghindmoori@weibo.com,Male,2009,Lexus,IS,Warren,Michigan,48092,US,42.5125,-83.0643,83298,Boyle-Morar,05/23/2022
20,Maureen,Matus,mmatusj@list-manage.com,Female,1986,Buick,Century,Chicago,Illinois,60681,US,41.8119,-87.6873,64037,Bergnaum-Koepp,09/16/2024
21,Vincenty,Viel,vvielk@jugem.jp,Male,2010,Honda,Element,Wichita,Kansas,67220,US,37.7667,-97.2805,53587,"Schaefer, Zemlak and Wisoky",05/22/2024
22,Courtenay,Condit,cconditl@china.com.cn,Female,1993,Lincoln,Town Car,Newark,New Jersey,07195,US,40.7918,-74.2452,49773,"Bauch, Bosco and Labadie",02/07/2022
23,Rad,Worham,rworhamm@nymag.com,Male,1999,Pontiac,Bonneville,Lexington,Kentucky,40524,US,38.0283,-84.4715,46580,West-Mertz,05/09/2024
24,Gerek,Winship,gwinshipn@auda.org.au,Male,2012,Mitsubishi,i-MiEV,Oklahoma City,Oklahoma,73190,US,35.5514,-97.4075,79575,"Gottlieb, Abbott and Ruecker",04/06/2025
25,Andrej,Phelip,aphelipo@apple.com,Male,2009,Chevrolet,Silverado 2500,Charlotte,North Carolina,28235,US,35.26,-80.8042,77569,Monahan-Morissette,07/02/2025
26,Vyky,Bediss,vbedissp@yellowbook.com,Female,2006,Infiniti,G,Gary,Indiana,46406,US,41.5878,-87.4062,36214,Stiedemann-McGlynn,09/02/2024
27,Barbaraanne,De Ambrosi,bdeambrosiq@plala.or.jp,Female,2007,Audi,RS 4,Norwalk,Connecticut,06859,US,41.3089,-73.3637,62227,Shields and Sons,05/01/2025
28,Gustavo,Shout,gshoutr@squarespace.com,Male,1993,Mercury,Grand Marquis,Phoenix,Arizona,85053,US,33.6299,-112.1316,48193,Bosco-Pacocha,01/07/2025
29,Conrade,Adamczewski,cadamczewskis@plala.or.jp,Male,2007,Chevrolet,Avalanche,Springfield,Illinois,62764,US,39.7495,-89.606,45960,Metz Inc,02/14/2023
30,Randal,Godby,rgodbyt@mapy.cz,Male,2006,Mercedes-Benz,G55 AMG,San Antonio,Texas,78210,US,29.3977,-98.4658,82682,Johns LLC,07/20/2022
31,Shurwood,Ibbett,sibbettu@cbc.ca,Male,2012,Mazda,Mazda6,Brooklyn,New York,11236,US,40.6407,-73.9028,36730,"Altenwerth, Kunze and Howell",03/17/2022
32,Ray,Canavan,rcanavanv@google.com.br,Male,2006,Volvo,XC90,Lexington,Kentucky,40515,US,37.9651,-84.4708,97197,Stracke-Jacobson,05/30/2025
33,Easter,Tottle,etottlew@netscape.com,Female,2006,GMC,Canyon,Crawfordsville,Indiana,47937,US,40.04,-86.8936,84780,"Smith, Deckow and Hauck",12/17/2025
34,Rayna,Rooke,rrookex@geocities.com,Female,1990,Ford,Thunderbird,Zephyrhills,Florida,33543,US,28.2059,-82.3063,57504,"King, Sipes and Hagenes",10/24/2025
35,Shalne,Rizzini,srizziniy@yahoo.co.jp,Female,2008,Cadillac,Escalade,Gainesville,Florida,32610,US,29.6813,-82.3539,34591,"Casper, Durgan and Steuber",10/09/2025
36,Kat,Slarke,kslarkez@goodreads.com,Female,1996,GMC,Sonoma Club Coupe,Petaluma,California,94975,US,38.4631,-122.99,76652,Zieme-Toy,08/21/2023
37,Barnaby,Bette,bbette10@tumblr.com,Male,1992,Isuzu,Rodeo,Knoxville,Tennessee,37919,US,35.9244,-84.0015,37102,Murphy Group,08/21/2025
38,Christos,Sellen,csellen11@elegantthemes.com,Male,2003,Chevrolet,Malibu,Augusta,Georgia,30905,US,33.413,-82.1337,55670,"Kulas, Thiel and Roberts",07/23/2025
39,Benson,Lyst,blyst12@usnews.com,Male,2008,Toyota,TundraMax,Gadsden,Alabama,35905,US,33.9352,-85.9576,54548,Dietrich Inc,06/22/2025
40,Roby,Colquete,rcolquete13@reuters.com,Female,1986,Volkswagen,Type 2,Monroe,Louisiana,71213,US,32.4908,-92.1594,49742,"Murphy, Donnelly and Rau",03/06/2022
41,Erwin,Cuttle,ecuttle14@technorati.com,Male,1999,Porsche,911,Scottsdale,Arizona,85260,US,33.6013,-111.8867,60647,Carter LLC,04/20/2023
42,Pinchas,Harrald,pharrald15@foxnews.com,Male,1989,Mitsubishi,Sigma,San Diego,California,92127,US,33.0279,-117.0856,84218,Veum Inc,03/04/2023
43,Vernen,Kasparski,vkasparski16@economist.com,Male,2007,Infiniti,M,Atlanta,Georgia,31136,US,33.7473,-84.3824,53984,Welch-Hagenes,07/04/2023
44,Tomi,Budibent,tbudibent17@si.edu,Bigender,2012,Land Rover,Range Rover,Sacramento,California,95813,US,38.6026,-121.4475,41448,"Metz, Lueilwitz and Legros",03/03/2022
45,Sloan,Yarnton,syarnton18@icio.us,Male,1996,Isuzu,Hombre,Long Beach,California,90810,US,33.8193,-118.2325,67817,Mosciski-Wilderman,01/30/2024
46,Zara,Buckwell,zbuckwell19@google.cn,Female,1985,Mazda,RX-7,Worcester,Massachusetts,01654,US,42.3648,-71.8969,94254,Parker-Metz,12/12/2022
47,Maxine,Birkmyre,mbirkmyre1a@theglobeandmail.com,Female,1996,Chrysler,Sebring,Phoenix,Arizona,85015,US,33.5082,-112.1011,34279,Langworth-Schoen,07/06/2023
48,Eugenie,Hardiman,ehardiman1b@prlog.org,Female,2000,Dodge,Caravan,El Paso,Texas,79950,US,31.6948,-106.3,69217,Macejkovic LLC,08/29/2022
49,Annemarie,Symmers,asymmers1c@myspace.com,Female,2006,Ford,Taurus,Monroe,Louisiana,71213,US,32.4908,-92.1594,62141,"Reichel, Borer and Williamson",11/07/2022
50,Portie,France,pfrance1d@sina.com.cn,Bigender,1994,Dodge,Viper,Lancaster,Pennsylvania,17622,US,40.0418,-76.3012,84844,"Johnson, Homenick and Schroeder",01/15/2024
51,Rayshell,Hakey,rhakey1e@alexa.com,Female,2011,Kia,Forte,El Paso,Texas,79955,US,31.6948,-106.3,93095,"Beatty, Kulas and Bins",07/25/2025
52,Meier,Keable,mkeable1f@mtv.com,Male,1990,Mercury,Cougar,Canton,Ohio,44710,US,40.7911,-81.4169,96202,Dare-Hirthe,06/22/2022
53,Nat,MacGruer,nmacgruer1g@diigo.com,Male,2011,Audi,A6,Albuquerque,New Mexico,87115,US,35.0549,-106.5461,86630,"Kassulke, Aufderhar and Bradtke",10/04/2025
54,Larry,Weare,lweare1h@arizona.edu,Male,2007,Suzuki,Daewoo Lacetti,Schenectady,New York,12305,US,42.8161,-73.9398,71001,"Bogisich, Steuber and Durgan",07/01/2024
55,Bran,Hargate,bhargate1i@businessinsider.com,Male,1995,Ford,Econoline E250,Detroit,Michigan,48224,US,42.4098,-82.9441,91827,Pfeffer-Reynolds,02/26/2023
56,Myrwyn,Graber,mgraber1j@mlb.com,Male,1996,Cadillac,Fleetwood,Reno,Nevada,89510,US,39.7699,-119.6027,55786,Morissette and Sons,11/04/2023
57,Keefe,Quinnell,kquinnell1k@dell.com,Male,2004,Honda,Accord,El Paso,Texas,88535,US,31.6948,-106.3,86164,Weissnat Inc,03/12/2022
58,Ardyth,Das,adas1l@github.com,Female,2002,Volkswagen,New Beetle,Toledo,Ohio,43615,US,41.6492,-83.6706,64624,"Graham, Glover and Towne",05/08/2023
59,Angelle,Hails,ahails1m@flavors.me,Female,1988,Volkswagen,Golf,Fort Worth,Texas,76134,US,32.6469,-97.3325,41573,Zulauf Group,02/17/2023
60,Mychal,Padly,mpadly1n@cdc.gov,Male,2006,Toyota,Prius,Palatine,Illinois,60078,US,41.8119,-87.6873,36140,"Ruecker, Shanahan and Altenwerth",01/10/2024
61,Quintina,Button,qbutton1o@soup.io,Female,1986,Porsche,911,Lubbock,Texas,79491,US,33.61,-101.8213,56627,Blanda-Schimmel,02/10/2022
62,Wernher,Mullaly,wmullaly1p@sbwire.com,Male,2005,GMC,Sierra 1500,New Orleans,Louisiana,70142,US,30.033,-89.8826,42153,Johns-Reilly,07/14/2024
63,Ashil,Crosser,acrosser1q@homestead.com,Female,1994,Volvo,960,Boise,Idaho,83711,US,43.4599,-116.244,51741,Fay Inc,11/10/2025
64,Rebecka,Fludgate,rfludgate1r@cbc.ca,Female,1998,Dodge,Stratus,Madison,Wisconsin,53726,US,43.0696,-89.4239,31961,Stiedemann and Sons,06/12/2022
65,Tory,Rawson,trawson1s@usda.gov,Female,1992,Nissan,300ZX,Philadelphia,Pennsylvania,19093,US,40.0018,-75.1179,91053,Schiller LLC,09/21/2024
66,Rhett,Gallaher,rgallaher1t@soundcloud.com,Male,2002,Ford,Excursion,Salt Lake City,Utah,84110,US,40.6681,-111.9083,64599,Feeney-Schmitt,12/22/2024
67,Alisander,Whitehair,awhitehair1u@indiegogo.com,Male,1993,Volkswagen,Passat,Chula Vista,California,91913,US,32.6513,-116.9852,83043,Fay LLC,07/18/2025
68,Hermia,Kristoffersen,hkristoffersen1v@blog.com,Female,2002,Hyundai,Elantra,Milwaukee,Wisconsin,53215,US,43.006,-87.9429,93824,Ziemann-Anderson,09/22/2025
69,Son,Egel,segel1w@google.fr,Male,1995,Chrysler,LeBaron,Denver,Colorado,80291,US,39.7439,-104.9876,52727,Williamson Group,04/21/2023
70,Georgette,Cosgry,gcosgry1x@ameblo.jp,Female,2008,Infiniti,FX,Indianapolis,Indiana,46226,US,39.8326,-86.0836,42975,Jacobs LLC,10/11/2023
71,Lottie,Lebbon,llebbon1y@usatoday.com,Female,2009,GMC,Savana 3500,Honolulu,Hawaii,96805,US,21.3062,-157.8585,86819,Rice Inc,10/30/2022
72,Alasteir,Pollie,apollie1z@stanford.edu,Genderqueer,2009,Saab,9-7X,New Haven,Connecticut,06505,US,41.3057,-72.7799,99734,Powlowski and Sons,05/19/2022
73,Leia,Speedy,lspeedy20@scientificamerican.com,Female,2011,Chevrolet,Tahoe,Springfield,Massachusetts,01105,US,42.0999,-72.5783,35112,"Flatley, Kuvalis and Stracke",06/26/2023
74,Cristina,Espinay,cespinay21@t-online.de,Female,1995,Chevrolet,Suburban 1500,Bradenton,Florida,34210,US,27.4544,-82.6358,45873,Glover-Renner,11/21/2023
75,Annabela,Verna,averna22@cnbc.com,Female,2008,Jeep,Compass,Houston,Texas,77271,US,29.834,-95.4342,58461,"Hamill, Morissette and O'Conner",03/16/2023
76,Kiele,Elliman,kelliman23@yahoo.co.jp,Female,2001,Ford,Explorer Sport Trac,Oklahoma City,Oklahoma,73190,US,35.5514,-97.4075,48005,"Stroman, Conn and Lehner",09/21/2024
77,Angelika,Nalder,analder24@umn.edu,Female,1988,Mitsubishi,Chariot,Houston,Texas,77075,US,29.6223,-95.26,85859,"Welch, Powlowski and Schultz",05/13/2023
78,Renee,Smiz,rsmiz25@g.co,Female,2005,Jeep,Liberty,Minneapolis,Minnesota,55407,US,44.9378,-93.2545,80634,"Kihn, Gulgowski and Robel",11/24/2023
79,Virgil,Ruusa,vruusa26@salon.com,Male,1998,Toyota,Tacoma Xtra,Austin,Texas,78754,US,30.3423,-97.6673,43811,Rempel-Hills,04/16/2025
80,Gregorius,Matveyev,gmatveyev27@msu.edu,Male,2003,Ford,Thunderbird,Jeffersonville,Indiana,47134,US,38.2868,-85.7321,95830,Nicolas Inc,07/20/2025
81,Ardith,Squeers,asqueers28@squarespace.com,Genderfluid,2010,Chrysler,300,Orlando,Florida,32825,US,28.5469,-81.2571,60664,"Swaniawski, Schmitt and Renner",11/30/2023
82,Burl,Boothman,bboothman29@de.vu,Male,1964,Austin,Mini Cooper,Detroit,Michigan,48258,US,42.2399,-83.1508,94965,"Crist, Kunde and Jast",09/17/2022
83,Harlin,Hearne,hhearne2a@noaa.gov,Male,1996,Saturn,S-Series,Columbus,Georgia,31914,US,32.491,-84.8741,34461,Fadel Group,04/07/2025
84,Bartholomew,Knudsen,bknudsen2b@apple.com,Male,2001,Hyundai,Elantra,Trenton,New Jersey,08638,US,40.251,-74.7627,50211,Green-Considine,05/14/2024
85,Gabie,Claydon,gclaydon2c@omniture.com,Male,2010,Chevrolet,Traverse,Winston Salem,North Carolina,27157,US,36.0275,-80.2073,96999,Johnson Group,08/06/2025
86,Myrle,Newbegin,mnewbegin2d@51.la,Female,2012,Toyota,TundraMax,Mesa,Arizona,85210,US,33.3887,-111.8428,81061,McGlynn Group,06/02/2022
87,Amara,Imorts,aimorts2e@phoca.cz,Female,2006,Chevrolet,Silverado 1500,Rochester,New York,14683,US,43.286,-77.6843,36456,Schumm Group,10/24/2023
88,Kerk,Halmkin,khalmkin2f@answers.com,Male,2003,Pontiac,Sunfire,New Orleans,Louisiana,70187,US,30.033,-89.8826,90852,Conroy-Gottlieb,08/20/2023
89,Jany,Spendlove,jspendlove2g@princeton.edu,Female,2010,Mazda,MX-5,Minneapolis,Minnesota,55412,US,45.0242,-93.302,92674,Kutch and Sons,03/29/2022
90,Anica,Blase,ablase2h@merriam-webster.com,Bigender,2004,Lincoln,LS,Denver,Colorado,80255,US,39.7388,-104.4083,41046,Rowe-Kertzmann,07/26/2025
91,Idalina,Littlekit,ilittlekit2i@slashdot.org,Genderqueer,1996,Ford,Club Wagon,Arlington,Virginia,22244,US,38.8545,-77.052,34452,Hoppe Group,06/08/2024
92,Abel,Smithin,asmithin2j@virginia.edu,Male,1997,Ford,Explorer,Rochester,New York,14646,US,43.286,-77.6843,95404,Conn-Gislason,03/18/2025
93,Nada,Tomaszynski,ntomaszynski2k@github.io,Female,2007,Volvo,S40,Lake Charles,Louisiana,70616,US,30.2642,-93.3265,66368,Wunsch Group,03/29/2024
94,Remus,Clyde,rclyde2l@unc.edu,Male,2013,Hyundai,Sonata,New Brunswick,New Jersey,08922,US,40.43,-74.4173,94661,Krajcik-Hand,01/26/2025
95,Mick,Harriot,mharriot2m@state.gov,Male,2000,Kia,Sportage,Louisville,Kentucky,40250,US,38.189,-85.6768,30290,Lubowitz LLC,04/11/2024
96,Leandra,Horbart,lhorbart2n@ocn.ne.jp,Female,1994,Subaru,Legacy,Evansville,Indiana,47719,US,37.9971,-87.575,84602,"Effertz, Rohan and Heidenreich",12/21/2022
97,Korie,Meffan,kmeffan2o@qq.com,Female,2002,Ford,F250,Herndon,Virginia,22070,US,38.9776,-77.386,63976,"Beer, Orn and Rau",08/15/2023
98,Michele,Ruperti,mruperti2p@ezinearticles.com,Female,2007,Ferrari,F430,Cincinnati,Ohio,45238,US,39.1092,-84.6108,84145,McKenzie-Rodriguez,05/31/2025
99,Eleen,Brill,ebrill2q@rambler.ru,Female,1999,Mitsubishi,3000GT,Tacoma,Washington,98417,US,47.2061,-122.4822,54917,Blick-Bogan,11/06/2025
100,Woodie,Pedrocchi,wpedrocchi2r@netvibes.com,Male,2003,Toyota,Highlander,Houston,Texas,77040,US,29.8744,-95.5278,64892,Welch Group,10/11/2022
101,Tremayne,Gadault,tgadault2s@dot.gov,Male,2010,Audi,A3,Denver,Colorado,80243,US,39.7388,-104.4083,89148,Carroll Inc,04/06/2024
102,Barnie,Kibbee,bkibbee2t@list-manage.com,Male,2009,Bugatti,Veyron,Tacoma,Washington,98417,US,47.2061,-122.4822,41180,"Will, Balistreri and Lebsack",04/09/2022
103,Marshall,Garrad,mgarrad2u@accuweather.com,Male,2003,Mazda,MPV,Oklahoma City,Oklahoma,73157,US,35.5514,-97.4075,41691,"Kulas, Jast and Senger",04/13/2022
104,Mariam,Whitechurch,mwhitechurch2v@senate.gov,Female,1997,Ford,Mustang,Akron,Ohio,44321,US,41.1002,-81.6443,51222,Hyatt-Harber,10/30/2023
105,Gisele,McKelvey,gmckelvey2w@marketwatch.com,Female,1993,Isuzu,Amigo,Roanoke,Virginia,24029,US,37.2742,-79.9579,72921,Dickinson-Weimann,03/26/2023
106,Corine,Danilowicz,cdanilowicz2x@jugem.jp,Polygender,2004,Chevrolet,Silverado 2500,New York City,New York,10184,US,40.7808,-73.9772,69402,"Jacobs, Jacobs and Conn",10/24/2024
107,Mike,Baird,mbaird2y@umich.edu,Male,2012,Suzuki,Kizashi,Carol Stream,Illinois,60158,US,41.9166,-88.1208,87010,Howell LLC,01/19/2025
108,Becky,Eberdt,beberdt2z@printfriendly.com,Female,2012,GMC,Yukon XL 1500,Decatur,Georgia,30033,US,33.8123,-84.2819,33887,Kerluke-Hahn,12/08/2025
109,Amelita,Jurkiewicz,ajurkiewicz30@unblog.fr,Female,1996,Saab,900,Pueblo,Colorado,81015,US,38.1286,-104.5523,92775,Blanda-Rempel,06/27/2025
110,Donavon,Perview,dperview31@about.me,Male,1995,Honda,Civic,Trenton,New Jersey,08650,US,40.2805,-74.712,78643,"McClure, Shanahan and Gutkowski",01/21/2026
111,Nicolina,Virgo,nvirgo32@mit.edu,Female,2009,Ford,Expedition EL,Grand Rapids,Michigan,49560,US,43.0314,-85.5503,99769,Borer Inc,08/05/2023
112,Robinetta,O'Doran,rodoran33@miitbeian.gov.cn,Female,1998,Chevrolet,Suburban 1500,Topeka,Kansas,66611,US,39.0142,-95.6982,72884,Wolf Inc,09/11/2022
113,Roddy,Dixey,rdixey34@mediafire.com,Male,2009,Volvo,XC60,Milwaukee,Wisconsin,53234,US,43.0174,-87.5697,59477,Hickle Inc,09/04/2022
114,Kata,Quenby,kquenby35@multiply.com,Female,1998,Volkswagen,rio,Albuquerque,New Mexico,87110,US,35.1104,-106.5781,49223,"Schumm, Parisian and Fritsch",08/19/2023
115,Garvy,Bransom,gbransom36@reference.com,Male,2009,Bugatti,Veyron,Cedar Rapids,Iowa,52410,US,42.0794,-91.5992,88339,Graham-Walsh,03/25/2022
116,Becky,Hentze,bhentze37@shinystat.com,Genderfluid,1966,Chevrolet,Corvette,Waco,Texas,76796,US,31.5915,-97.0823,66673,Schmeler and Sons,08/30/2023
117,Theodosia,Belone,tbelone38@ca.gov,Female,2006,Kia,Rio,Bloomington,Illinois,61709,US,40.4614,-88.953,37169,Heaney-Ankunding,11/10/2024
118,Ame,O'Donnell,aodonnell39@sphinn.com,Female,1997,Mercury,Grand Marquis,Lansing,Michigan,48956,US,42.7325,-84.5587,66382,"Koss, Borer and Ebert",10/12/2022
119,Adair,Coling,acoling3a@example.com,Male,2007,Ford,Fusion,Arlington,Texas,76096,US,32.7714,-97.2915,80213,"Goyette, Little and Stroman",02/09/2024
120,Meredeth,Gebby,mgebby3b@baidu.com,Male,2005,Honda,CR-V,Chattanooga,Tennessee,37410,US,35.0018,-85.3138,87443,"Bergstrom, Prohaska and Stracke",04/27/2024
121,Susannah,Mocker,smocker3c@vimeo.com,Female,2001,Honda,Accord,Washington,District of Columbia,20380,US,38.8933,-77.0146,77752,Hermann-Bechtelar,06/02/2022
122,Patience,Vial,pvial3d@shop-pro.jp,Genderfluid,2006,Bentley,Continental,Indianapolis,Indiana,46221,US,39.7509,-86.1924,41857,Wisoky and Sons,06/29/2025
123,Siana,Gillbe,sgillbe3e@com.com,Female,1998,Pontiac,Trans Sport,Fargo,North Dakota,58106,US,46.9346,-97.2297,90474,Blanda and Sons,12/23/2025
124,Andra,Matley,amatley3f@zdnet.com,Female,2006,Mercedes-Benz,CLK-Class,Tucson,Arizona,85748,US,32.215,-110.7758,54043,Kreiger-Wisoky,03/15/2023
125,Shelby,Aicken,saicken3g@soundcloud.com,Non-binary,2001,Hyundai,Accent,Miami,Florida,33147,US,25.8507,-80.2366,74835,Hilll LLC,09/22/2023
126,Veronika,Polhill,vpolhill3h@epa.gov,Female,1987,Mitsubishi,Chariot,Phoenix,Arizona,85053,US,33.6299,-112.1316,86712,Dare Group,04/10/2024
127,Rahel,Risely,rrisely3i@deliciousdays.com,Female,2006,Spyker,C8 Double 12 S,Savannah,Georgia,31422,US,31.9714,-81.0716,44823,Gislason-Jakubowski,01/25/2026
128,Hurleigh,Healeas,hhealeas3j@wikipedia.org,Male,1985,Toyota,MR2,Colorado Springs,Colorado,80925,US,38.7378,-104.6459,95578,Watsica and Sons,12/04/2023
129,Erek,Cossington,ecossington3k@zdnet.com,Male,1999,Ford,F250,Houston,Texas,77212,US,29.834,-95.4342,88049,"Kunze, Pouros and Hegmann",10/02/2025
130,Charlene,Bantock,cbantock3l@reuters.com,Female,1998,Pontiac,Trans Sport,Sioux Falls,South Dakota,57110,US,43.5486,-96.6332,53974,Deckow Group,06/20/2022
131,Cristine,Maffia,cmaffia3m@boston.com,Female,1969,Chevrolet,Camaro,Boynton Beach,Florida,33436,US,26.5354,-80.1124,69012,Heller-Powlowski,06/30/2023
132,Gilligan,Merrien,gmerrien3n@salon.com,Female,2008,Mercedes-Benz,M-Class,Independence,Missouri,64054,US,39.11,-94.4401,54638,Roob LLC,01/10/2025
133,Luz,Kett,lkett3o@opera.com,Female,1994,Land Rover,Range Rover,Omaha,Nebraska,68117,US,41.2064,-95.9953,55274,Wisoky Inc,08/26/2023
134,Rooney,Kinloch,rkinloch3p@ebay.com,Male,2006,Ford,Escape,El Paso,Texas,79928,US,31.6631,-106.1401,70405,Schamberger Inc,04/23/2025
135,Debee,Coulthard,dcoulthard3q@foxnews.com,Polygender,2007,GMC,Savana 3500,Shreveport,Louisiana,71115,US,32.3401,-93.6092,40265,"Kuhlman, Watsica and Langosh",06/08/2022
136,Fairlie,Branca,fbranca3r@goo.gl,Male,1997,Ford,Ranger,Little Rock,Arkansas,72215,US,34.7519,-92.3925,51924,Padberg-Bednar,05/06/2024
137,Curr,Dilworth,cdilworth3s@pen.io,Male,2006,BMW,330,Concord,California,94522,US,37.7772,-121.9554,85449,"Conn, Blick and Welch",03/01/2023
138,Kathe,McCulley,kmcculley3t@latimes.com,Female,2005,Jaguar,XJ Series,Peoria,Illinois,61635,US,40.7442,-89.7184,56168,Brakus and Sons,01/16/2024
139,Lenci,McDonell,lmcdonell3u@creativecommons.org,Male,2006,Kia,Rio,Seattle,Washington,98148,US,47.4441,-122.3249,62428,Nitzsche Inc,07/09/2024
140,Nahum,Van Arsdale,nvanarsdale3v@prlog.org,Bigender,2009,Mercedes-Benz,CLK-Class,Lincoln,Nebraska,68524,US,40.8529,-96.7943,68671,"Kilback, Jacobi and Zemlak",12/28/2024
141,Basil,Oswick,boswick3w@networksolutions.com,Male,1991,Mitsubishi,Truck,Chicago,Illinois,60636,US,41.776,-87.6674,99589,Reinger-Hirthe,07/13/2024
142,Renault,Shilstone,rshilstone3x@archive.org,Male,1987,Mercedes-Benz,SL-Class,Memphis,Tennessee,38181,US,35.2017,-89.9715,66451,Erdman Inc,04/24/2022
143,Janel,Preene,jpreene3y@cargocollective.com,Female,2000,Acura,Integra,El Paso,Texas,88535,US,31.6948,-106.3,96592,"Weimann, Heaney and Ratke",10/10/2024
144,Adah,Shelbourne,ashelbourne3z@va.gov,Female,1989,Mazda,Familia,Saint Paul,Minnesota,55123,US,44.806,-93.1409,83586,"Howell, Cartwright and Ward",04/05/2025
145,Bill,Josephi,bjosephi40@wordpress.org,Female,2009,Chevrolet,Corvette,Washington,District of Columbia,20078,US,38.8933,-77.0146,33787,"Langworth, Harvey and Gerlach",03/11/2025
146,Rochelle,Ephgrave,rephgrave41@buzzfeed.com,Female,2001,Jeep,Wrangler,Pensacola,Florida,32520,US,30.4124,-87.2035,71266,Wiza Group,11/30/2024
147,Peg,Scrogges,pscrogges42@xinhuanet.com,Female,1994,BMW,7 Series,Saint Paul,Minnesota,55103,US,44.9608,-93.1216,88155,"Franecki, Hauck and Weber",04/16/2023
148,Leontyne,Hooks,lhooks43@sciencedaily.com,Female,2011,Mercedes-Benz,Sprinter 2500,Hattiesburg,Mississippi,39404,US,31.1721,-89.2948,78509,"Runolfsdottir, Keeling and Walker",04/30/2025
149,Morgen,Formby,mformby44@reference.com,Male,1996,Subaru,Alcyone SVX,Phoenix,Arizona,85030,US,33.2765,-112.1872,76556,"Braun, Feeney and Abbott",10/20/2023
150,Wilmar,Fruish,wfruish45@desdev.cn,Male,2001,Mercury,Mountaineer,Hartford,Connecticut,06140,US,41.7918,-72.7188,80880,Hane and Sons,12/28/2023
151,Loralyn,Rosewall,lrosewall46@webeden.co.uk,Female,2010,Dodge,Dakota,Orlando,Florida,32808,US,28.5803,-81.4396,37856,Morissette and Sons,11/08/2023
152,Adan,Pridham,apridham47@nationalgeographic.com,Male,1998,Pontiac,Bonneville,Jamaica,New York,11436,US,40.6763,-73.7966,70224,Beahan Inc,08/29/2023
153,Ainsley,Menci,amenci48@quantcast.com,Female,1998,Nissan,Frontier,Roanoke,Virginia,24040,US,37.2742,-79.9579,87332,Rodriguez-Marks,12/23/2025
154,Darn,Woodwind,dwoodwind49@nih.gov,Male,2003,Hummer,H1,Washington,District of Columbia,20238,US,38.8933,-77.0146,98900,"Borer, Harber and Macejkovic",12/10/2024
155,Lindsay,Haldene,lhaldene4a@hexun.com,Female,2004,Pontiac,Sunfire,Atlanta,Georgia,30311,US,33.723,-84.4702,97985,"Gleason, Stracke and Maggio",10/07/2025
156,Oralie,Greatrakes,ogreatrakes4b@taobao.com,Agender,1986,Ford,Laser,Tacoma,Washington,98442,US,47.3081,-122.4185,62973,Spencer LLC,06/23/2025
157,Thom,Yarnell,tyarnell4c@nydailynews.com,Male,1992,Ford,Probe,Fresno,California,93750,US,36.7464,-119.6397,51055,Connelly Inc,08/15/2024
158,Koren,Kordovani,kkordovani4d@indiatimes.com,Female,1987,Mitsubishi,Tredia,Bethesda,Maryland,20816,US,38.9585,-77.1153,51781,Abbott-MacGyver,04/19/2025
159,Guinevere,Applewhaite,gapplewhaite4e@wikia.com,Female,2008,Lexus,RX Hybrid,Chicago,Illinois,60619,US,41.7458,-87.6054,90313,Moore-Monahan,07/19/2024
160,Hanson,Dumpleton,hdumpleton4f@psu.edu,Male,2005,Saab,9-5,Palmdale,California,93591,US,34.6019,-117.8123,99385,Gutmann and Sons,03/22/2024
161,Steffen,Beazey,sbeazey4g@addthis.com,Male,1997,Isuzu,Oasis,Columbia,South Carolina,29240,US,34.006,-80.9708,78317,Goldner and Sons,04/10/2023
162,Gal,Riby,griby4h@unblog.fr,Male,2010,Chevrolet,Express 3500,Kansas City,Missouri,64149,US,38.8606,-94.4636,90120,Legros-Gutkowski,04/29/2024
163,Alissa,Grahl,agrahl4i@moonfruit.com,Agender,1994,Chevrolet,Impala SS,Ocala,Florida,34474,US,29.1565,-82.2095,69720,Kessler-Raynor,10/18/2022
164,Gabie,Woodwind,gwoodwind4j@wsj.com,Male,1995,Dodge,Spirit,Boston,Massachusetts,02124,US,42.2868,-71.071,99610,McLaughlin Group,02/20/2024
165,Lethia,Boas,lboas4k@diigo.com,Female,2003,Lexus,GX,Saint Louis,Missouri,63196,US,38.6531,-90.2435,62245,"Gottlieb, Beer and Swaniawski",08/01/2022
166,Beatriz,Jewkes,bjewkes4l@craigslist.org,Female,1988,Mitsubishi,Chariot,Birmingham,Alabama,35242,US,33.3813,-86.7046,42131,"Conn, Wintheiser and Pfeffer",12/19/2025
167,Gualterio,Farmery,gfarmery4m@flickr.com,Male,1992,Mercedes-Benz,300E,Dallas,Texas,75226,US,32.7887,-96.7676,31669,Hintz LLC,09/06/2023
168,Bealle,Newlove,bnewlove4n@sourceforge.net,Male,1997,Dodge,Viper,Frankfort,Kentucky,40618,US,38.2341,-84.8748,89880,Effertz LLC,05/28/2024
169,Gratiana,Clerc,gclerc4o@prnewswire.com,Female,2003,Mitsubishi,Challenger,San Jose,California,95194,US,37.3894,-121.8868,88872,Mraz Group,07/12/2025
170,Jacquelyn,Janew,jjanew4p@apple.com,Female,2006,Mitsubishi,Montero,Omaha,Nebraska,68134,US,41.2949,-96.0546,57360,Wunsch-Fisher,07/31/2022
171,Kellby,Jouhning,kjouhning4q@aboutads.info,Male,2004,Volkswagen,Passat,Warren,Michigan,48092,US,42.5125,-83.0643,73477,Mayer-Cole,08/26/2024
172,Blondell,Caseley,bcaseley4r@plala.or.jp,Female,2002,Infiniti,Q,Long Beach,California,90847,US,33.7866,-118.2987,41059,Lowe LLC,07/31/2025
173,Kelly,Salzburg,ksalzburg4s@gravatar.com,Male,1995,Mazda,626,Omaha,Nebraska,68164,US,41.2955,-96.1008,79411,Schneider-Grady,01/26/2024
174,Gae,Martinolli,gmartinolli4t@google.pl,Female,2005,Mazda,Tribute,San Francisco,California,94110,US,37.7509,-122.4153,38593,McKenzie Inc,09/12/2022
175,Frankie,Ebsworth,febsworth4u@constantcontact.com,Polygender,1999,Chrysler,Town & Country,Amarillo,Texas,79116,US,35.2454,-101.999,64730,Effertz Inc,09/11/2024
176,Kerrill,Duesbury,kduesbury4v@irs.gov,Female,1990,Porsche,911,Boise,Idaho,83711,US,43.4599,-116.244,50221,Howell LLC,06/22/2022
177,Elysha,Garnall,egarnall4w@army.mil,Female,2003,Pontiac,Grand Prix,Buffalo,New York,14210,US,42.8614,-78.8206,30682,"Haag, Ferry and Osinski",07/05/2025
178,Uriah,Duxbarry,uduxbarry4x@ovh.net,Male,2005,Toyota,MR2,Richmond,Virginia,23260,US,37.5242,-77.4932,72711,"Thiel, Bruen and Ledner",05/24/2024
179,Stesha,Peele,speele4y@odnoklassniki.ru,Female,2009,Ford,E250,Helena,Montana,59623,US,46.5901,-112.0402,79776,Rowe Inc,08/04/2022
180,Ursola,Sokale,usokale4z@senate.gov,Female,2012,Nissan,Murano,Honolulu,Hawaii,96835,US,21.3278,-157.8294,39722,Osinski Inc,05/29/2023
181,Darb,Morman,dmorman50@oracle.com,Male,2001,Mitsubishi,Montero,Santa Fe,New Mexico,87592,US,35.5212,-105.9818,50699,Rolfson-Batz,11/22/2025
182,Hercule,McQuilkin,hmcquilkin51@sciencedirect.com,Male,1997,Cadillac,Catera,Dallas,Texas,75231,US,32.8756,-96.7495,97738,O'Connell-Tromp,07/07/2023
183,Courtney,McDonnell,cmcdonnell52@hp.com,Male,2013,Ford,C-MAX Hybrid,Baltimore,Maryland,21275,US,39.2847,-76.6205,70391,Lebsack-Weimann,03/24/2025
184,Brooke,Cribbins,bcribbins53@smugmug.com,Male,1993,Nissan,NX,Monticello,Minnesota,55590,US,45.2009,-93.8881,73030,"Stoltenberg, Fay and Mraz",04/21/2024
185,Annabela,Razoux,arazoux54@sakura.ne.jp,Female,1993,Oldsmobile,Cutlass Supreme,Charleston,South Carolina,29411,US,32.8715,-79.9947,56236,"Oberbrunner, Labadie and Harber",06/27/2024
186,Gloriana,Copozio,gcopozio55@japanpost.jp,Female,1964,Pontiac,Grand Prix,Miami,Florida,33129,US,25.7559,-80.2013,74096,"Sauer, Abbott and Runolfsson",10/31/2022
187,Ibby,Clubb,iclubb56@symantec.com,Female,2011,Chrysler,200,Visalia,California,93291,US,36.3551,-119.301,83968,Mann-Lockman,05/07/2023
188,Winslow,Toghill,wtoghill57@woothemes.com,Genderqueer,1985,Subaru,XT,Charleston,South Carolina,29416,US,32.8488,-79.8577,55253,Rolfson-Jacobson,09/09/2022
189,Lancelot,Pounder,lpounder58@constantcontact.com,Male,2012,Toyota,Tacoma,Atlanta,Georgia,30340,US,33.8932,-84.2539,62873,Rempel-Bogisich,06/05/2023
190,Estelle,Dresche,edresche59@bloglovin.com,Bigender,2006,Mazda,Miata MX-5,Oklahoma City,Oklahoma,73167,US,35.5514,-97.4075,54522,Jacobi Group,03/01/2022
191,Melisa,Dalla,mdalla5a@csmonitor.com,Female,1992,Dodge,Dakota Club,Bakersfield,California,93381,US,35.2944,-118.9052,35796,Kunde Group,08/27/2025
192,Irene,Folkes,ifolkes5b@hubpages.com,Genderfluid,2005,BMW,645,Boston,Massachusetts,02109,US,42.36,-71.0545,48743,Kuvalis-Conroy,12/22/2024
193,Lanette,Jagiela,ljagiela5c@pbs.org,Female,2012,Mitsubishi,Lancer,Glendale,Arizona,85311,US,33.2765,-112.1872,48445,Gusikowski-Waters,05/14/2022
194,Harlie,Eastmead,heastmead5d@networkadvertising.org,Female,2002,Dodge,Ram Van 2500,Mobile,Alabama,36670,US,30.6589,-88.178,96340,"Rogahn, Sporer and Fay",02/15/2023
195,Pietrek,Chantrell,pchantrell5e@over-blog.com,Male,1993,Volkswagen,Passat,Charleston,West Virginia,25313,US,38.4142,-81.7582,67851,"Shanahan, Powlowski and Boyle",12/31/2024
196,Micheline,Broadway,mbroadway5f@economist.com,Female,1995,Geo,Prizm,Baltimore,Maryland,21216,US,39.3093,-76.6699,87632,Pfeffer and Sons,05/28/2022
197,Brnaba,Finlan,bfinlan5g@cyberchimps.com,Male,1999,Saturn,S-Series,Santa Monica,California,90410,US,33.7866,-118.2987,93969,Renner Inc,01/30/2024
198,Tine,Duligal,tduligal5h@newyorker.com,Female,1993,Honda,del Sol,Indianapolis,Indiana,46202,US,39.7851,-86.1595,96954,Funk Group,06/03/2023
199,Fulvia,Whiteford,fwhiteford5i@google.nl,Female,2012,Bentley,Continental GT,Akron,Ohio,44329,US,41.0655,-81.5203,55162,Roberts Inc,04/29/2024
200,Kate,Beven,kbeven5j@zimbio.com,Female,1998,Dodge,Ram 3500,Albuquerque,New Mexico,87195,US,35.0443,-106.6729,37058,Runolfsdottir-Grimes,11/11/2023
201,Marin,Lowndsbrough,mlowndsbrough5k@webmd.com,Female,2011,Porsche,Cayenne,Houston,Texas,77040,US,29.8744,-95.5278,54677,Kutch LLC,07/22/2022
202,Laird,Douberday,ldouberday5l@zdnet.com,Male,2005,Land Rover,Range Rover,Baltimore,Maryland,21290,US,39.2933,-76.6238,86829,"Gottlieb, Fritsch and Johnston",05/14/2024
203,Hester,Dimitriev,hdimitriev5m@topsy.com,Female,2007,GMC,Acadia,Louisville,Kentucky,40210,US,38.2306,-85.7905,53322,"Konopelski, Auer and Blanda",01/12/2026
204,Lutero,Helversen,lhelversen5n@1688.com,Male,2010,Cadillac,STS,Houston,Texas,77085,US,29.6218,-95.4819,89043,O'Kon-Hudson,12/30/2024
205,Harcourt,Tarbath,htarbath5o@bandcamp.com,Male,2005,Volkswagen,Touareg,Saint Louis,Missouri,63158,US,38.6531,-90.2435,98238,Breitenberg-Krajcik,02/01/2025
206,Georgi,Draxford,gdraxford5p@digg.com,Male,2012,Aston Martin,DB9,Bradenton,Florida,34210,US,27.4544,-82.6358,49388,"Hilll, Lebsack and Gottlieb",11/08/2022
207,Dunn,Drayson,ddrayson5q@shutterfly.com,Male,1999,Chevrolet,Astro,Birmingham,Alabama,35285,US,33.5446,-86.9292,63983,Kuhn-Grant,05/26/2024
208,Jerri,Ellissen,jellissen5r@canalblog.com,Male,2004,BMW,X3,Saint Louis,Missouri,63136,US,38.7196,-90.27,99960,Parisian LLC,03/11/2022
209,Vera,Viner,vviner5s@google.com.hk,Female,2008,Toyota,RAV4,Pueblo,Colorado,81010,US,38.1286,-104.5523,39928,Mayert-Hahn,08/04/2024
210,Marius,Hawney,mhawney5t@goo.gl,Male,2012,Tesla,Roadster,Denver,Colorado,80204,US,39.734,-105.0259,93062,Jones-Schuster,03/13/2022
211,Salvador,Strowger,sstrowger5u@forbes.com,Male,1997,Ford,Escort,Las Vegas,Nevada,89193,US,35.9279,-114.9721,53810,"Stanton, Hintz and Gutmann",05/13/2022
212,Dulcea,Bisgrove,dbisgrove5v@rambler.ru,Female,2006,Ford,F150,Toledo,Ohio,43610,US,41.6767,-83.5573,38636,Crona LLC,06/10/2022
213,Yehudi,Bartels-Ellis,ybartelsellis5w@i2i.jp,Male,1993,Nissan,NX,Clearwater,Florida,33763,US,28.0173,-82.7461,92155,Lindgren-McCullough,04/05/2023
214,Sigismund,Ryall,sryall5x@latimes.com,Male,2008,Nissan,Quest,Philadelphia,Pennsylvania,19151,US,39.9772,-75.2545,44946,Hessel-Hermiston,08/27/2024
215,Binny,Metrick,bmetrick5y@homestead.com,Female,1987,Volkswagen,Cabriolet,Oklahoma City,Oklahoma,73197,US,35.5514,-97.4075,53411,"Dickinson, Schoen and Nicolas",10/31/2022
216,Felipe,Everson,feverson5z@nydailynews.com,Male,1994,Infiniti,Q,Toledo,Ohio,43635,US,41.6868,-83.4394,93984,"Koch, Ward and Towne",01/19/2023
217,Zaneta,Pallesen,zpallesen60@list-manage.com,Agender,2002,BMW,Z3,Phoenix,Arizona,85020,US,33.5623,-112.0559,77856,"Ullrich, Schuppe and Berge",06/11/2024
218,Beverley,Skarman,bskarman61@va.gov,Female,1994,Ford,F350,Tampa,Florida,33680,US,27.872,-82.4388,74693,"Dickinson, Crona and Schowalter",04/17/2024
219,Hermine,McCulloch,hmcculloch62@java.com,Female,2005,Kia,Spectra,Kansas City,Missouri,64153,US,39.2627,-94.697,88399,"Little, Konopelski and Fisher",12/18/2024
220,Blaine,Brislan,bbrislan63@ucsd.edu,Male,2011,GMC,Sierra 2500,Atlanta,Georgia,30301,US,33.8444,-84.474,74306,Moore-Botsford,11/17/2022
221,Eachelle,Sartin,esartin64@histats.com,Female,2009,Mazda,CX-9,Birmingham,Alabama,35231,US,33.5446,-86.9292,32188,"Hand, Reinger and Toy",09/26/2023
222,Judas,Basire,jbasire65@miitbeian.gov.cn,Male,1987,Mercury,Topaz,Lincoln,Nebraska,68517,US,40.9317,-96.6045,78017,"Pfannerstill, Wehner and Kovacek",12/09/2024
223,Kristine,Sibylla,ksibylla66@imgur.com,Female,1998,Mercury,Sable,Garden Grove,California,92844,US,33.7661,-117.9738,91284,Kerluke-Hudson,05/24/2023
224,Anette,Matthiae,amatthiae67@npr.org,Female,1991,Mazda,626,Waco,Texas,76705,US,31.6403,-97.0963,50050,Feest and Sons,10/21/2022
225,Timothee,Hastin,thastin68@irs.gov,Male,2009,MINI,Cooper Clubman,Henderson,Nevada,89074,US,36.0384,-115.0857,40577,Schoen-Brekke,04/22/2023
226,Carmel,Menhenitt,cmenhenitt69@cmu.edu,Female,1990,Lexus,LS,Jackson,Mississippi,39210,US,32.3218,-90.1771,70052,"Brekke, Beer and Ebert",12/13/2025
227,Zea,Corteis,zcorteis6a@abc.net.au,Non-binary,2000,Chevrolet,Metro,Denver,Colorado,80270,US,39.7388,-104.4083,48560,Bogan-Mayert,06/20/2025
228,Lizzie,Ros,lros6b@sitemeter.com,Female,1992,Chevrolet,Corsica,Minneapolis,Minnesota,55446,US,45.04,-93.4865,81435,Cassin Inc,03/25/2025
229,Else,Hatliff,ehatliff6c@ask.com,Female,1996,Dodge,Dakota,San Jose,California,95150,US,37.3866,-121.897,43809,"Kassulke, Spinka and Oberbrunner",11/24/2025
230,Arliene,Shrubshall,ashrubshall6d@amazon.co.jp,Female,2011,Chevrolet,Express 3500,Brooklyn,New York,11247,US,40.6451,-73.945,34361,Hilll and Sons,09/04/2024
231,Carlene,Fennessy,cfennessy6e@networksolutions.com,Female,1996,Nissan,Pathfinder,Baltimore,Maryland,21281,US,39.2847,-76.6205,41531,Graham-Lebsack,12/10/2024
232,Davine,Vanyarkin,dvanyarkin6f@furl.net,Female,1995,Nissan,240SX,Atlanta,Georgia,31196,US,33.8444,-84.474,49984,Murphy-Mertz,11/16/2025
233,Berke,Leander,bleander6g@bing.com,Male,2000,GMC,Sierra 3500,Gainesville,Florida,32627,US,29.6813,-82.3539,40406,Raynor-Christiansen,12/16/2022
234,Alfonse,Welberry,awelberry6h@gmpg.org,Male,2002,Infiniti,QX,Norfolk,Virginia,23551,US,36.9312,-76.2397,90518,Hahn Group,12/08/2025
235,Elvina,Wickins,ewickins6i@youtu.be,Female,2009,Nissan,Frontier,Washington,District of Columbia,20319,US,38.8667,-77.0166,45191,Bode LLC,01/03/2025
236,Judye,Bonehill,jbonehill6j@blog.com,Female,1996,Chevrolet,Cavalier,Anderson,Indiana,46015,US,40.0938,-85.6578,74684,Johnston-Mante,06/25/2023
237,Jolee,Corteney,jcorteney6k@moonfruit.com,Female,2006,Ford,GT,Lees Summit,Missouri,64082,US,38.8518,-94.3944,32180,Hettinger Inc,11/14/2022
238,Ketti,Goldingay,kgoldingay6l@sphinn.com,Female,1996,Buick,Park Avenue,Los Angeles,California,90071,US,34.0529,-118.2549,53038,Daugherty-Raynor,06/03/2023
239,Bartel,Folomkin,bfolomkin6m@hubpages.com,Male,1998,Lotus,Esprit,Charleston,West Virginia,25356,US,38.2968,-81.5547,46159,Russel-West,10/25/2025
240,Romain,Scrimshaw,rscrimshaw6n@cbc.ca,Male,2008,Buick,LaCrosse,Anchorage,Alaska,99599,US,61.1872,-149.8804,48073,Wiegand LLC,04/19/2022
241,Sandy,Baake,sbaake6o@slate.com,Male,2010,Nissan,Maxima,El Paso,Texas,79934,US,31.9386,-106.4073,50574,"Jacobi, Hackett and Streich",05/15/2022
242,Steffie,Pietzner,spietzner6p@theatlantic.com,Female,1993,Mazda,B-Series Plus,Los Angeles,California,90035,US,34.0531,-118.3806,55769,Osinski-Larson,11/13/2023
243,Neville,Marde,nmarde6q@japanpost.jp,Male,2010,Subaru,Impreza WRX,Tallahassee,Florida,32304,US,30.4478,-84.3211,70402,Farrell LLC,11/16/2023
244,Berti,Grimsdale,bgrimsdale6r@slate.com,Male,1991,Ford,LTD Crown Victoria,Washington,District of Columbia,20062,US,38.9,-77.0369,77215,"Glover, Jacobs and Grimes",03/06/2023
245,Chandra,Weben,cweben6s@ucsd.edu,Female,2001,GMC,Safari,Yakima,Washington,98907,US,46.6288,-120.574,59971,"Ryan, Ward and DuBuque",06/04/2022
246,Deborah,Arch,darch6t@sphinn.com,Non-binary,1985,Mitsubishi,Truck,Philadelphia,Pennsylvania,19131,US,39.9845,-75.2282,37155,Kihn-Ruecker,01/22/2025
247,Sherie,Hurch,shurch6u@oakley.com,Female,2007,Kia,Amanti,Houston,Texas,77206,US,29.834,-95.4342,98999,Connelly LLC,10/15/2024
248,Lauritz,Withnall,lwithnall6v@nymag.com,Male,1984,Lincoln,Mark VII,Salt Lake City,Utah,84125,US,40.6681,-111.9083,95688,Paucek-Buckridge,08/20/2024
249,Delmer,Pinckard,dpinckard6w@fotki.com,Non-binary,2000,Infiniti,Q,Houston,Texas,77030,US,29.7041,-95.401,89557,O'Kon-Rice,12/15/2025
250,Sandro,Tinn,stinn6x@comsenz.com,Male,1994,Ford,Club Wagon,Fort Pierce,Florida,34949,US,27.3896,-80.2615,81392,Casper-Erdman,06/07/2024
251,Curt,Phaup,cphaup6y@ameblo.jp,Male,2010,Bentley,Continental GT,Amarillo,Texas,79182,US,35.4015,-101.8951,79079,"Zieme, Willms and Armstrong",09/01/2024
252,Derward,Radolf,dradolf6z@seesaa.net,Male,2000,Hyundai,Sonata,Camden,New Jersey,08104,US,39.9186,-75.1078,37580,Grant-Ritchie,07/06/2025
253,Skipp,Pawling,spawling70@fda.gov,Male,2004,Mazda,B-Series Plus,Katy,Texas,77493,US,29.8678,-95.8298,82373,"Pollich, Rodriguez and Thompson",04/21/2022
254,Griselda,Sturgis,gsturgis71@4shared.com,Female,2012,Subaru,Tribeca,Tampa,Florida,33686,US,27.872,-82.4388,56361,Runte-Becker,11/19/2024
255,Papageno,Arunowicz,parunowicz72@reddit.com,Male,2006,Infiniti,QX,Santa Monica,California,90405,US,34.01,-118.4717,89063,"Bashirian, Kreiger and Pacocha",10/28/2025
256,Page,Towll,ptowll73@liveinternet.ru,Male,2001,Ford,Escort,New Haven,Connecticut,06538,US,41.3657,-72.9275,57706,VonRueden-Ryan,05/20/2025
257,Tymothy,Peattie,tpeattie74@mapy.cz,Male,2000,BMW,5 Series,Tucson,Arizona,85715,US,32.2519,-110.82,73802,Jaskolski LLC,08/13/2023
258,Lisha,Rawood,lrawood75@google.pl,Genderfluid,2008,Lexus,ES,Milwaukee,Wisconsin,53263,US,43.0746,-88.0604,87146,Luettgen-Prosacco,04/09/2025
259,Waylin,Kacheller,wkacheller76@sphinn.com,Male,2006,Honda,S2000,Dayton,Ohio,45414,US,39.8285,-84.2024,88552,"Simonis, Swaniawski and Johnston",07/18/2023
260,Meghann,Sterricker,msterricker77@networksolutions.com,Non-binary,1999,Lincoln,Navigator,Kent,Washington,98042,US,47.368,-122.1206,31951,Powlowski-Ferry,06/02/2023
261,Myrvyn,Niblock,mniblock78@mail.ru,Male,2004,Volkswagen,Golf,San Francisco,California,94177,US,37.7848,-122.7278,88345,Lynch-Lesch,05/24/2024
262,Kendal,Chillingworth,kchillingworth79@japanpost.jp,Male,1994,Chevrolet,Sportvan G30,Scranton,Pennsylvania,18505,US,41.3914,-75.6657,86372,Bauch-Stamm,08/10/2022
263,Byrom,Knatt,bknatt7a@abc.net.au,Male,1991,Honda,Accord,New York City,New York,10203,US,40.7808,-73.9772,53987,"Emard, Kub and Collins",10/26/2023
264,Filide,Rapp,frapp7b@netlog.com,Female,2007,Lamborghini,Murciélago,Jamaica,New York,11470,US,40.6914,-73.8061,54579,Powlowski Inc,10/10/2025
265,Brittany,Gateley,bgateley7c@sogou.com,Female,2006,Ford,E250,Seattle,Washington,98148,US,47.4441,-122.3249,57581,Mitchell Inc,10/21/2024
266,Gwenore,Bettles,gbettles7d@msu.edu,Female,1996,Volkswagen,Golf,Albany,New York,12210,US,42.6568,-73.7605,73652,Hegmann-Runolfsdottir,09/03/2023
267,Mira,Antognoni,mantognoni7e@examiner.com,Non-binary,2012,Mercedes-Benz,SL-Class,Springfield,Illinois,62711,US,39.7655,-89.7293,82084,Kuhn-Gerlach,11/09/2025
268,Dino,Riolfi,driolfi7f@stanford.edu,Male,2005,Ford,Crown Victoria,Jacksonville,Florida,32209,US,30.3584,-81.692,31503,Rolfson-Howe,09/15/2022
269,Augustin,Merali,amerali7g@newsvine.com,Male,1997,Porsche,911,Phoenix,Arizona,85077,US,33.2765,-112.1872,60285,"Schmidt, Klein and Reinger",04/21/2022
270,Constantine,Hardacre,chardacre7h@irs.gov,Male,1996,Dodge,Intrepid,Virginia Beach,Virginia,23454,US,36.8282,-76.0237,79504,Stark-Huel,12/02/2024
271,Garwin,Woolforde,gwoolforde7i@nytimes.com,Male,1998,Volkswagen,GTI,Spokane,Washington,99220,US,47.6536,-117.4317,51052,Parisian Inc,11/18/2022
272,Suellen,Partleton,spartleton7j@quantcast.com,Agender,1992,Chevrolet,G-Series G30,Los Angeles,California,90050,US,33.7866,-118.2987,60955,"Luettgen, Veum and Price",05/28/2024
273,Darius,McSwan,dmcswan7k@usgs.gov,Male,2011,Volkswagen,CC,Murfreesboro,Tennessee,37131,US,35.8596,-86.421,85194,Leannon-Kuvalis,10/18/2025
274,Lorrie,Trewinnard,ltrewinnard7l@ezinearticles.com,Male,1994,Ford,Econoline E150,Savannah,Georgia,31405,US,32.0391,-81.1242,93382,O'Hara Inc,01/30/2025
275,Lucille,Punchard,lpunchard7m@about.com,Female,1998,Mitsubishi,Montero Sport,Peoria,Illinois,61651,US,40.7442,-89.7184,95704,"Smitham, O'Reilly and Hane",09/17/2023
276,Dom,St. John,dstjohn7n@myspace.com,Male,1993,Mercedes-Benz,190E,Macon,Georgia,31296,US,32.8067,-83.6913,47758,Grant-Kautzer,05/26/2024
277,Reina,Cord,rcord7o@whitehouse.gov,Female,2011,Lotus,Elise,Anchorage,Alaska,99512,US,61.204,-149.8084,53686,Volkman-Hoeger,01/03/2024
278,Correy,Lapre,clapre7p@deviantart.com,Female,1996,Infiniti,Q,San Diego,California,92127,US,33.0279,-117.0856,42381,Ankunding LLC,09/04/2023
279,Wernher,Gyenes,wgyenes7q@skyrock.com,Male,2007,Saab,9-5,Johnson City,Tennessee,37605,US,36.3158,-82.3838,41543,Durgan-Kassulke,01/24/2024
280,Maggy,Gameson,mgameson7r@storify.com,Female,2007,Porsche,Cayman,Sparks,Nevada,89436,US,39.6269,-119.7081,80387,Sawayn-Stamm,10/12/2022
281,Bonni,Glasscoe,bglasscoe7s@nature.com,Female,2002,Daewoo,Leganza,New Orleans,Louisiana,70187,US,30.033,-89.8826,80824,"Herzog, Gorczany and Anderson",03/08/2024
282,Guy,Whiskin,gwhiskin7t@cafepress.com,Male,2009,Morgan,Aero 8,Winter Haven,Florida,33884,US,27.981,-81.6736,34437,Thiel Inc,07/14/2022
283,Caroljean,Banford,cbanford7u@google.it,Non-binary,2006,Aston Martin,V8 Vantage,Dallas,Texas,75387,US,32.7673,-96.7776,76513,Braun Group,07/29/2022
284,Elaine,Lear,elear7v@disqus.com,Female,1992,Ford,F350,Long Beach,California,90847,US,33.7866,-118.2987,71232,"O'Kon, Crooks and Nikolaus",07/10/2024
285,Bert,Eustes,beustes7w@google.pl,Male,2011,Aston Martin,DBS,Colorado Springs,Colorado,80920,US,38.9497,-104.767,30181,"Legros, Ortiz and Schuster",01/22/2024
286,Evangelia,Fairfull,efairfull7x@wikia.com,Female,2002,Mazda,B-Series,Chicago,Illinois,60652,US,41.7454,-87.7135,62491,Kassulke LLC,02/02/2025
287,Orran,Tansill,otansill7y@nbcnews.com,Male,1993,Mercedes-Benz,300SE,Shawnee Mission,Kansas,66215,US,38.949,-94.7405,87199,Osinski Inc,12/12/2025
288,Eadmund,Cowderay,ecowderay7z@360.cn,Male,1998,Isuzu,Amigo,Anchorage,Alaska,99599,US,61.1872,-149.8804,75385,"Schaden, Lubowitz and Schultz",02/26/2023
289,Carny,Sydenham,csydenham80@adobe.com,Male,2009,Dodge,Charger,Jackson,Mississippi,39204,US,32.2832,-90.2306,71928,Barrows-Ruecker,08/06/2022
290,Gerrilee,Pahlsson,gpahlsson81@blogs.com,Female,2011,Nissan,Armada,Washington,District of Columbia,20540,US,38.8874,-77.0047,37118,Sanford Group,07/05/2025
291,Gunilla,Tewkesbury.,gtewkesbury82@myspace.com,Female,1994,Chevrolet,Corsica,San Antonio,Texas,78296,US,29.4375,-98.4616,38126,"Kilback, MacGyver and Ullrich",03/16/2025
292,Lauren,Undy,lundy83@cloudflare.com,Male,2006,Chevrolet,Express 1500,Dallas,Texas,75353,US,32.7673,-96.7776,50846,Batz LLC,05/10/2024
293,Davey,Pllu,dpllu84@oaic.gov.au,Male,1998,Honda,Civic,Springfield,Massachusetts,01129,US,42.1223,-72.4876,57010,Kessler Inc,01/25/2025
294,Molli,Kohler,mkohler85@nps.gov,Female,1997,Chevrolet,Suburban 1500,Salinas,California,93907,US,36.7563,-121.6703,58790,Terry LLC,05/31/2024
295,Launce,Beenham,lbeenham86@cyberchimps.com,Male,1993,BMW,M5,Washington,District of Columbia,20210,US,38.8933,-77.0146,45939,Skiles-Lubowitz,10/04/2023
296,Yehudi,Gilpin,ygilpin87@aol.com,Male,2005,Nissan,Titan,Reno,Nevada,89595,US,40.5412,-119.5869,59391,Hane-Kovacek,04/10/2024
297,Melodie,Lucey,mlucey88@springer.com,Female,1983,Ford,Thunderbird,San Jose,California,95123,US,37.2458,-121.8306,95024,"Glover, Fritsch and Runolfsdottir",02/16/2024
298,Melisent,Keedy,mkeedy89@goodreads.com,Female,1998,Ford,Taurus,Newton,Massachusetts,02458,US,42.3528,-71.1875,52534,Crooks-King,03/02/2025
299,Kale,Kennealy,kkennealy8a@nba.com,Male,1991,Ford,F-Series,Lynchburg,Virginia,24503,US,37.4376,-79.205,63838,Bayer-Renner,01/23/2025
300,Karisa,MacPaden,kmacpaden8b@state.gov,Female,2011,Volvo,XC70,South Bend,Indiana,46699,US,41.5968,-86.293,41873,"Kutch, Runte and Harvey",04/29/2023
301,Lorianne,Steer,lsteer8c@is.gd,Non-binary,1994,Chrysler,LeBaron,Roanoke,Virginia,24004,US,37.2742,-79.9579,97387,"Abernathy, Schumm and Farrell",11/26/2023
302,Deana,Sprake,dsprake8d@google.de,Female,1996,Dodge,Grand Caravan,Atlanta,Georgia,30351,US,33.8444,-84.474,58098,Kessler-Koss,09/25/2022
303,Myrlene,Sibbering,msibbering8e@yahoo.co.jp,Female,2003,Mazda,Miata MX-5,Baltimore,Maryland,21290,US,39.2933,-76.6238,69390,"Flatley, Brakus and Borer",04/30/2025
304,Dru,O'Conor,doconor8f@etsy.com,Male,2010,Dodge,Caravan,Columbia,South Carolina,29225,US,34.006,-80.9708,63528,Schowalter LLC,07/15/2025
305,Dyana,Bartolomieu,dbartolomieu8g@comcast.net,Female,1988,Ford,E-Series,Inglewood,California,90310,US,33.7866,-118.2987,57301,"Spinka, Howe and Ferry",08/07/2024
306,Francoise,Gaitskell,fgaitskell8h@ovh.net,Female,2009,Nissan,370Z,Tulsa,Oklahoma,74170,US,36.1398,-96.0297,65117,"Berge, Greenholt and Block",09/29/2024
307,Cal,Letrange,cletrange8i@51.la,Female,1986,Pontiac,6000,Toledo,Ohio,43666,US,41.6782,-83.4972,38143,O'Kon Inc,06/01/2024
308,Piggy,Eringey,peringey8j@globo.com,Male,1993,Dodge,Ram Van B350,Newark,Delaware,19714,US,39.5645,-75.597,94669,Altenwerth and Sons,06/18/2025
309,Nahum,Yeandel,nyeandel8k@qq.com,Male,1992,Mercedes-Benz,400E,Memphis,Tennessee,38197,US,35.2017,-89.9715,31777,"Schoen, Reichel and Ratke",09/30/2025
310,Raoul,Saynor,rsaynor8l@wunderground.com,Male,2005,BMW,M3,Dallas,Texas,75358,US,32.7942,-96.7652,80369,Johnston and Sons,06/19/2024
311,Nahum,Bulloch,nbulloch8m@purevolume.com,Male,1994,Mercury,Capri,Oklahoma City,Oklahoma,73157,US,35.5514,-97.4075,69227,Pollich and Sons,12/15/2024
312,Edythe,Boodle,eboodle8n@w3.org,Female,2006,Mazda,Mazda5,London,Kentucky,40745,US,37.1376,-84.1156,46117,"Price, Thiel and O'Keefe",10/14/2023
313,Rodolfo,Dyster,rdyster8o@vinaora.com,Male,2012,BMW,X6 M,Mansfield,Ohio,44905,US,40.7779,-82.4613,70557,King-Terry,08/13/2024
314,King,Savege,ksavege8p@unesco.org,Male,1996,Dodge,Ram Van 2500,Columbus,Mississippi,39705,US,33.5508,-88.4865,89689,Bruen LLC,01/07/2026
315,Olwen,Vaudrey,ovaudrey8q@hostgator.com,Genderfluid,2001,Oldsmobile,Intrigue,Cleveland,Ohio,44105,US,41.4509,-81.619,33237,Jacobson and Sons,08/25/2024
316,Thoma,Moseby,tmoseby8r@mayoclinic.com,Male,1994,Isuzu,Rodeo,Minneapolis,Minnesota,55428,US,45.0632,-93.3811,68218,Kuhlman LLC,10/02/2023
317,Burlie,Heathcoat,bheathcoat8s@xing.com,Male,2002,Chevrolet,Express 1500,Norfolk,Virginia,23504,US,36.8586,-76.2686,74660,Brakus-Dicki,01/25/2024
318,Rebeka,End,rend8t@cafepress.com,Female,2010,Chevrolet,Express 2500,Providence,Rhode Island,02905,US,41.7845,-71.3959,70704,"Hammes, Runte and Bruen",10/10/2022
319,Jodi,Lampet,jlampet8u@oaic.gov.au,Female,2010,Ford,Transit Connect,Philadelphia,Pennsylvania,19120,US,40.0343,-75.1213,49403,Schowalter LLC,11/28/2024
320,Johannes,Castro,jcastro8v@delicious.com,Male,2001,Volkswagen,rio,Sacramento,California,94297,US,38.3774,-121.4444,45727,Rath-Olson,11/18/2024
321,Kiel,Connock,kconnock8w@illinois.edu,Male,2006,Lincoln,Mark LT,Raleigh,North Carolina,27621,US,35.7977,-78.6253,99958,Turcotte-Kemmer,09/03/2022
322,Jorry,McSparran,jmcsparran8x@time.com,Female,1986,Audi,Coupe GT,Jacksonville,Florida,32277,US,30.3704,-81.5864,99450,Braun-Koss,08/25/2025
323,Marthena,Yushmanov,myushmanov8y@about.com,Female,1994,Plymouth,Colt,Rochester,New York,14639,US,43.286,-77.6843,79890,"Buckridge, Ortiz and Mosciski",04/06/2023
324,Edouard,Molfino,emolfino8z@webmd.com,Male,2004,Subaru,Baja,Philadelphia,Pennsylvania,19120,US,40.0343,-75.1213,91566,Collier-Flatley,08/13/2024
325,Gerrie,Bridgstock,gbridgstock90@sina.com.cn,Female,2008,Dodge,Challenger,Port Charlotte,Florida,33954,US,27.0228,-82.1108,62801,Muller Group,04/23/2025
326,Danika,Skaif,dskaif91@amazonaws.com,Female,2012,BMW,X5,Cincinnati,Ohio,45233,US,39.111,-84.6594,39330,Luettgen LLC,08/05/2024
327,Agna,Conigsby,aconigsby92@marriott.com,Female,1997,Saab,900,Miami,Florida,33142,US,25.813,-80.232,50777,Graham-Kozey,10/21/2025
328,Cassandra,Do,cdo93@google.com.hk,Female,2004,Hyundai,Sonata,Waterbury,Connecticut,06726,US,41.3657,-72.9275,68426,"Moore, Jast and Reynolds",06/30/2025
329,Dylan,Griss,dgriss94@fda.gov,Male,1993,Mitsubishi,Montero,Carson City,Nevada,89714,US,39.1678,-119.7764,93898,Braun-VonRueden,10/17/2025
330,Jillana,Bulstrode,jbulstrode95@gizmodo.com,Female,2007,Buick,Terraza,Newark,Delaware,19714,US,39.5645,-75.597,79581,"Kub, Morissette and Roob",05/11/2023
331,Dasi,Dekeyser,ddekeyser96@google.co.jp,Bigender,2009,Scion,xD,Topeka,Kansas,66611,US,39.0142,-95.6982,74134,Witting LLC,03/31/2023
332,Larina,Feldmark,lfeldmark97@omniture.com,Female,2006,Subaru,Legacy,New York City,New York,10060,US,40.7808,-73.9772,95231,Trantow-Schuster,01/27/2024
333,Fenelia,Drohane,fdrohane98@mashable.com,Female,1966,Chevrolet,Corvette,Fresno,California,93740,US,36.7464,-119.6397,62125,Will-Romaguera,06/13/2022
334,Brendon,Smullin,bsmullin99@example.com,Male,1995,Toyota,Previa,New Orleans,Louisiana,70183,US,29.6779,-90.0901,44594,Pagac Inc,08/20/2022
335,Philipa,Hymas,phymas9a@google.cn,Female,1994,Nissan,Quest,Bethlehem,Pennsylvania,18018,US,40.6278,-75.3928,40003,Grant Group,12/04/2022
336,Bartlet,Allcott,ballcott9b@drupal.org,Male,1992,Hyundai,Sonata,San Francisco,California,94121,US,37.7786,-122.4892,95685,Dibbert-Kohler,10/24/2024
337,Yettie,Hawthorne,yhawthorne9c@miibeian.gov.cn,Female,1958,Chevrolet,Corvette,Las Vegas,Nevada,89130,US,36.2471,-115.221,86264,Smith and Sons,01/27/2024
338,Gretta,Twells,gtwells9d@foxnews.com,Female,1996,Toyota,Celica,Bloomington,Illinois,61709,US,40.4614,-88.953,76850,"Mills, Grimes and Reynolds",08/03/2022
339,Olva,Fairy,ofairy9e@upenn.edu,Female,1998,Chevrolet,Cavalier,Memphis,Tennessee,38131,US,35.0664,-89.9921,47517,Krajcik Inc,08/21/2024
340,Lily,Mapledorum,lmapledorum9f@squidoo.com,Female,2004,GMC,Savana 2500,Richmond,Virginia,23203,US,37.5593,-77.4471,87874,Thiel LLC,02/04/2022
341,Brodie,Tudge,btudge9g@eepurl.com,Male,1999,Ford,Explorer,Waterloo,Iowa,50706,US,42.4156,-92.2703,84076,Marks-Klocko,12/19/2022
342,Leesa,Stitwell,lstitwell9h@dailymail.co.uk,Female,2004,Subaru,Legacy,Hialeah,Florida,33018,US,25.9098,-80.3889,82792,Lubowitz-Schiller,05/29/2023
343,Chryste,Massei,cmassei9i@360.cn,Female,2005,Nissan,Quest,Detroit,Michigan,48295,US,42.2399,-83.1508,68170,VonRueden-Nicolas,10/10/2025
344,Sigrid,Jotcham,sjotcham9j@virginia.edu,Female,2011,Infiniti,IPL G,El Paso,Texas,79950,US,31.6948,-106.3,60884,Bartoletti-Gutmann,07/31/2022
345,Floris,Bracher,fbracher9k@amazon.com,Female,1993,Dodge,D350,Santa Fe,New Mexico,87505,US,35.6219,-105.8688,52083,Pagac-Moen,06/21/2022
346,Natka,Harcus,nharcus9l@gnu.org,Female,1989,Mercury,Topaz,New York City,New York,10155,US,40.7611,-73.968,47022,"White, Hintz and Hodkiewicz",02/06/2025
347,Lida,Puddifer,lpuddifer9m@samsung.com,Female,2001,Ford,Explorer Sport Trac,Minneapolis,Minnesota,55446,US,45.04,-93.4865,79917,Hilll-Homenick,07/30/2022
348,Kayle,Kiff,kkiff9n@utexas.edu,Female,2007,Lincoln,Navigator,Charleston,South Carolina,29416,US,32.8488,-79.8577,63317,O'Connell Group,03/18/2023
349,Merrie,Vince,mvince9o@google.com.hk,Female,1998,Oldsmobile,Intrigue,Phoenix,Arizona,85010,US,33.2765,-112.1872,86575,Effertz-Hane,04/15/2022
350,Jaymie,Zoppo,jzoppo9p@mozilla.com,Male,2007,Jaguar,X-Type,Houston,Texas,77065,US,29.9319,-95.6106,59794,Connelly Group,11/06/2025
351,Pall,Hensmans,phensmans9q@goodreads.com,Male,2005,Ford,Five Hundred,Van Nuys,California,91499,US,33.7866,-118.2987,52672,Christiansen Group,07/22/2025
352,Alexandros,Brashaw,abrashaw9r@hibu.com,Male,1994,Chrysler,Town & Country,Pittsburgh,Pennsylvania,15255,US,40.4344,-80.0248,36060,Wisoky-Harvey,04/21/2024
353,Lee,Mandry,lmandry9s@bravesites.com,Female,2010,Land Rover,Freelander,Ocala,Florida,34474,US,29.1565,-82.2095,30996,Lakin-Bosco,12/08/2023
354,Corrie,Greeson,cgreeson9t@chronoengine.com,Male,2005,Pontiac,Aztek,Washington,District of Columbia,20535,US,38.8941,-77.0251,99229,"Hilll, Lockman and Hahn",04/27/2023
355,Brant,Shadfourth,bshadfourth9u@jalbum.net,Agender,1986,Honda,Accord,Washington,District of Columbia,20535,US,38.8941,-77.0251,87085,Jast-Green,01/16/2025
356,Estel,Stobbs,estobbs9v@wiley.com,Female,2002,Lincoln,LS,Sacramento,California,95894,US,38.5816,-121.4933,75093,Smitham-Cormier,09/18/2022
357,Tannie,Looney,tlooney9w@bbc.co.uk,Male,2001,Infiniti,I,New York City,New York,10039,US,40.8265,-73.9383,66487,"McCullough, Schinner and Rice",03/18/2025
358,Fredric,Nunan,fnunan9x@yale.edu,Male,2012,Ford,Transit Connect,Houston,Texas,77266,US,29.834,-95.4342,56363,Hartmann Inc,12/12/2024
359,Allys,Chaim,achaim9y@bigcartel.com,Female,2006,Honda,Odyssey,Oklahoma City,Oklahoma,73152,US,35.5514,-97.4075,63309,"Ebert, Maggio and Gulgowski",09/30/2023
360,Palm,Rodger,prodger9z@guardian.co.uk,Male,2002,Porsche,911,Minneapolis,Minnesota,55428,US,45.0632,-93.3811,50911,Bergstrom and Sons,08/04/2022
361,Torey,Huskisson,thuskissona0@wunderground.com,Male,2002,Toyota,Tundra,Las Vegas,Nevada,89135,US,36.1378,-115.3261,87077,Nader-Ernser,08/04/2024
362,Kaiser,Drakeford,kdrakeforda1@scientificamerican.com,Male,2008,Chrysler,Aspen,Indianapolis,Indiana,46207,US,39.7673,-86.1606,83982,"Weimann, Brekke and Walker",11/10/2022
363,Ambrosio,Rowat,arowata2@theatlantic.com,Male,1998,Dodge,Grand Caravan,Des Moines,Iowa,50362,US,41.6727,-93.5722,46118,Parker-Murazik,08/02/2024
364,Wildon,Pfeffel,wpfeffela3@shareasale.com,Male,2000,Chevrolet,Malibu,Racine,Wisconsin,53405,US,42.7161,-87.8233,87436,Osinski-Wintheiser,04/27/2025
365,Enos,Delamar,edelamara4@w3.org,Male,1992,Isuzu,Amigo,Hartford,Connecticut,06140,US,41.7918,-72.7188,82064,"Cartwright, Runolfsdottir and Keebler",10/28/2022
366,Tades,Eilles,teillesa5@omniture.com,Male,1988,Mitsubishi,Excel,Charlotte,North Carolina,28289,US,35.26,-80.8042,45990,Cremin LLC,03/11/2023
367,Ives,Hannibal,ihannibala6@paypal.com,Male,2011,Toyota,FJ Cruiser,Indianapolis,Indiana,46266,US,39.7795,-86.1328,94519,"Nicolas, Wuckert and Boyle",01/28/2025
368,Karl,Stuck,kstucka7@psu.edu,Male,2008,BMW,7 Series,Greenville,South Carolina,29605,US,34.8001,-82.3932,47951,Spinka and Sons,03/11/2023
369,Gennie,Hutson,ghutsona8@issuu.com,Female,2003,Chevrolet,Monte Carlo,Long Beach,California,90831,US,33.7678,-118.1994,36457,Conroy Inc,11/07/2024
370,Karl,Glavis,kglavisa9@purevolume.com,Male,1961,Chevrolet,Corvette,Jamaica,New York,11447,US,40.6914,-73.8061,87011,"Braun, Beatty and Moore",10/26/2024
371,Barthel,Ludmann,bludmannaa@gnu.org,Male,2009,Honda,Fit,Saint Louis,Missouri,63126,US,38.5495,-90.3811,80758,Rowe and Sons,02/25/2023
372,Nico,Tuckey,ntuckeyab@intel.com,Genderqueer,2005,Maybach,57S,Elmira,New York,14905,US,42.0869,-76.8397,88748,West LLC,08/08/2023
373,Merrie,Gerrad,mgerradac@forbes.com,Female,2000,Chevrolet,Lumina,Memphis,Tennessee,38150,US,35.2017,-89.9715,74308,"Hayes, Schroeder and Hudson",09/09/2024
374,Benedikt,Parlott,bparlottad@people.com.cn,Male,2000,Chevrolet,Suburban 2500,Glendale,California,91210,US,33.7866,-118.2987,37343,Collier-Haag,05/20/2024
375,Raina,Noseworthy,rnoseworthyae@jimdo.com,Female,2004,Honda,Element,Arlington,Texas,76004,US,32.7714,-97.2915,85733,"Kub, Nader and Gorczany",11/14/2023
376,Dusty,O'Gormally,dogormallyaf@businessweek.com,Female,2008,Hummer,H2,Kansas City,Missouri,64153,US,39.2627,-94.697,52955,"Hahn, Johnston and Stiedemann",08/27/2023
377,Matteo,Tinn,mtinnag@ucsd.edu,Male,2005,Hyundai,Accent,Cincinnati,Ohio,45218,US,39.2663,-84.5221,56280,Graham LLC,05/02/2023
378,Cordula,Safont,csafontah@cam.ac.uk,Female,1983,Ford,Mustang,Punta Gorda,Florida,33982,US,26.9668,-81.9545,59342,"Konopelski, Erdman and Abernathy",10/05/2025
379,Cathee,Tolerton,ctolertonai@shinystat.com,Female,2006,GMC,Canyon,Baltimore,Maryland,21211,US,39.3316,-76.6336,67723,Larson and Sons,02/26/2022
380,Hayden,Ardley,hardleyaj@shinystat.com,Male,2012,GMC,Yukon XL 2500,Trenton,New Jersey,08619,US,40.2418,-74.6962,65998,Kirlin and Sons,05/10/2024
381,Hardy,Raden,hradenak@newyorker.com,Male,2006,Mitsubishi,Raider,Houston,Texas,77266,US,29.834,-95.4342,49979,"Blanda, Schimmel and Bergstrom",11/13/2023
382,Maryanne,Coenraets,mcoenraetsal@guardian.co.uk,Female,1999,Mitsubishi,GTO,Winter Haven,Florida,33884,US,27.981,-81.6736,38658,Shields-Satterfield,12/13/2023
383,Erinn,Chilver,echilveram@angelfire.com,Female,2007,Mercedes-Benz,CL-Class,Denver,Colorado,80299,US,39.7388,-104.4083,35758,Schmidt-Turner,08/15/2022
384,Milka,Iczokvitz,miczokvitzan@timesonline.co.uk,Female,1998,Porsche,Boxster,Lynn,Massachusetts,01905,US,42.4694,-70.9728,32334,Nikolaus-Hamill,08/21/2024
385,Ruperto,Kleynen,rkleynenao@hatena.ne.jp,Male,2007,Volkswagen,Passat,Irvine,California,92710,US,33.7074,-117.8403,75379,Stiedemann LLC,10/28/2025
386,Joel,Mudie,jmudieap@yolasite.com,Male,2005,Kia,Optima,Naples,Florida,33963,US,26.2626,-81.8071,41026,Cronin LLC,05/29/2022
387,Dedra,Harwick,dharwickaq@un.org,Female,2000,Ford,F150,Lexington,Kentucky,40596,US,38.0283,-84.4715,37565,"Marquardt, Price and Hyatt",02/05/2025
388,Tomasine,Rekes,trekesar@sogou.com,Female,1984,Buick,Electra,Phoenix,Arizona,85045,US,33.3022,-112.1226,58261,Stiedemann Inc,05/22/2024
389,Duff,Comer,dcomeras@imgur.com,Male,1995,Porsche,911,Longview,Texas,75605,US,32.5547,-94.7767,73740,Beahan and Sons,01/04/2023
390,Jefferey,Petrulis,jpetrulisat@amazonaws.com,Male,2003,Infiniti,Q,New York City,New York,10184,US,40.7808,-73.9772,52097,"Lemke, O'Connell and Hilll",06/15/2022
391,Nadean,Gwillyam,ngwillyamau@archive.org,Female,2010,Dodge,Dakota,Littleton,Colorado,80161,US,39.7388,-104.4083,76738,Gislason LLC,06/09/2022
392,Billie,Farnie,bfarnieav@ca.gov,Male,2013,BMW,X5,Phoenix,Arizona,85040,US,33.4061,-112.0265,67614,"Klein, Schmeler and Reichert",03/12/2023
393,Ora,Crutchley,ocrutchleyaw@booking.com,Female,2005,Audi,Allroad,Glendale,Arizona,85311,US,33.2765,-112.1872,35368,Kautzer-Maggio,03/26/2023
394,Othilie,McCrachen,omccrachenax@live.com,Female,2000,GMC,Yukon,Philadelphia,Pennsylvania,19172,US,39.9473,-75.15,55558,Glover-Connelly,08/19/2023
395,Richmound,Thorburn,rthorburnay@friendfeed.com,Male,2000,Plymouth,Voyager,West Hartford,Connecticut,06127,US,41.7918,-72.7188,35287,Ankunding Group,02/20/2024
396,Lindon,Dibner,ldibneraz@trellian.com,Male,2010,Suzuki,SX4,Lake Charles,Louisiana,70616,US,30.2642,-93.3265,97740,Stark-Gerlach,07/20/2022
397,Jayson,Donnachie,jdonnachieb0@opensource.org,Male,1994,Volkswagen,Jetta III,Lexington,Kentucky,40510,US,38.0702,-84.591,59110,Dooley LLC,04/18/2024
398,Hilliary,Verrillo,hverrillob1@fda.gov,Female,1994,Pontiac,Grand Prix,Louisville,Kentucky,40250,US,38.189,-85.6768,43599,"Kemmer, Hayes and Runolfsson",07/21/2023
399,Kissiah,Rubinowitz,krubinowitzb2@1und1.de,Female,1993,Eagle,Summit,Kansas City,Missouri,64109,US,39.0663,-94.5674,92747,Raynor and Sons,11/26/2023
400,Veronique,Kester,vkesterb3@ehow.com,Female,1995,GMC,3500,Washington,District of Columbia,20337,US,38.8933,-77.0146,97741,Hayes LLC,01/12/2026
401,Phip,Fidilis,pfidilisb4@altervista.org,Male,1994,Subaru,Legacy,Stamford,Connecticut,06905,US,41.0888,-73.5435,69622,Hodkiewicz-Wyman,06/12/2023
402,Benedetto,Camlin,bcamlinb5@noaa.gov,Male,1998,Plymouth,Voyager,Toledo,Ohio,43666,US,41.6782,-83.4972,76316,Wehner Inc,05/16/2025
403,Nani,Fairclough,nfaircloughb6@dmoz.org,Female,1994,GMC,Sonoma,Beaumont,Texas,77713,US,30.085,-94.2607,72029,Hegmann Group,05/10/2022
404,Conney,Alderson,caldersonb7@yahoo.com,Male,1999,Chevrolet,Camaro,Seattle,Washington,98195,US,47.6564,-122.3048,42736,Beatty Inc,04/07/2025
405,Westleigh,Nendick,wnendickb8@google.ca,Male,2010,Ford,Ranger,Springfield,Illinois,62794,US,39.7495,-89.606,53636,"Ebert, Stark and Murphy",03/15/2022
406,Tyrone,Darby,tdarbyb9@nba.com,Male,2000,Volkswagen,Eurovan,Tallahassee,Florida,32399,US,30.4494,-84.291,66320,Schneider Group,05/14/2024
407,Tremayne,Allcroft,tallcroftba@rambler.ru,Male,2004,Volvo,S60,Tacoma,Washington,98464,US,47.0662,-122.1132,65279,Kuvalis Inc,08/25/2022
408,Filberto,Pretswell,fpretswellbb@salon.com,Male,1997,Pontiac,Grand Prix,Saint Louis,Missouri,63143,US,38.6111,-90.3225,67470,Feeney-Luettgen,09/18/2025
409,Marjie,Thorns,mthornsbc@eventbrite.com,Female,2005,Mitsubishi,Pajero,Memphis,Tennessee,38131,US,35.0664,-89.9921,83281,Feeney-Thompson,09/15/2023
410,Samantha,Deering,sdeeringbd@networksolutions.com,Female,2010,Toyota,Venza,Los Angeles,California,90030,US,33.7866,-118.2987,79001,"Effertz, Brekke and Wehner",02/05/2024
411,Ange,Morley,amorleybe@nyu.edu,Male,1993,Alfa Romeo,164,Midland,Texas,79705,US,32.0295,-102.0915,95967,"Muller, Bashirian and Treutel",03/12/2022
412,Rozanna,Field,rfieldbf@marketwatch.com,Female,2005,Cadillac,STS,New York City,New York,10165,US,40.7524,-73.9791,67646,Schulist Group,09/24/2024
413,Valeria,Vaskov,vvaskovbg@goo.gl,Female,1999,Acura,Integra,Waltham,Massachusetts,02453,US,42.3654,-71.2316,67954,"Gulgowski, Blick and Labadie",03/17/2023
414,Roshelle,Waddy,rwaddybh@naver.com,Female,1999,Subaru,Forester,Denver,Colorado,80235,US,39.6472,-105.0795,44691,Kautzer-Hilpert,12/23/2023
415,Burch,Showen,bshowenbi@slideshare.net,Male,1989,Lincoln,Continental Mark VII,Las Vegas,Nevada,89178,US,35.9977,-115.2861,61974,"Tromp, Oberbrunner and Heller",05/01/2025
416,Chrystel,Shilliday,cshillidaybj@simplemachines.org,Genderqueer,1991,Buick,Roadmaster,San Francisco,California,94105,US,37.7864,-122.3892,75170,"Braun, Schowalter and DuBuque",04/15/2022
417,Colline,Barritt,cbarrittbk@clickbank.net,Female,2005,Toyota,Land Cruiser,Wichita,Kansas,67220,US,37.7667,-97.2805,56615,Jakubowski Inc,11/01/2022
418,Claudetta,Castiblanco,ccastiblancobl@who.int,Female,1997,Nissan,Altima,Monticello,Minnesota,55585,US,45.2009,-93.8881,47900,"Koelpin, Conn and O'Hara",04/22/2025
419,Lanae,Waadenburg,lwaadenburgbm@ow.ly,Female,1999,GMC,Savana 1500,Oxnard,California,93034,US,34.0324,-119.1343,57331,Mann LLC,10/20/2025
420,Romy,Melton,rmeltonbn@surveymonkey.com,Female,2004,Hyundai,Santa Fe,Worcester,Massachusetts,01605,US,42.2894,-71.7888,76296,Lind Inc,11/15/2025
421,Andreas,Bury,aburybo@netvibes.com,Male,1998,Isuzu,Trooper,Los Angeles,California,90010,US,34.0606,-118.3027,40995,"Keebler, Wisozk and Deckow",10/31/2024
422,Vergil,Cicchillo,vcicchillobp@scientificamerican.com,Male,1993,Chrysler,Concorde,Fairfield,Connecticut,06825,US,41.1928,-73.2402,50724,"Hansen, Bogisich and Schmeler",05/28/2024
423,Lynne,Riepel,lriepelbq@cnbc.com,Female,2004,Mazda,B-Series,New York City,New York,10175,US,40.7543,-73.9798,69400,"Kessler, Klein and Schamberger",10/04/2024
424,Twyla,Keddle,tkeddlebr@zdnet.com,Female,1997,Mercury,Villager,Tucson,Arizona,85748,US,32.215,-110.7758,82930,Becker-Aufderhar,05/14/2022
425,Flem,Cufley,fcufleybs@geocities.jp,Male,1999,Audi,A4,Englewood,Colorado,80150,US,39.7388,-104.4083,96355,"Berge, Waelchi and Kertzmann",02/14/2022
426,Alfred,Feathersby,afeathersbybt@tripod.com,Male,1985,Buick,Somerset,Macon,Georgia,31296,US,32.8067,-83.6913,62140,Greenholt-Pouros,11/08/2024
427,Oran,Morecombe,omorecombebu@weather.com,Male,2000,Daewoo,Leganza,New Haven,Connecticut,06533,US,41.3657,-72.9275,54254,"Medhurst, Nitzsche and Hand",07/17/2023
428,Idalia,Keith,ikeithbv@amazon.de,Female,2007,Lexus,RX,Dallas,Texas,75387,US,32.7673,-96.7776,66187,Brown-Romaguera,11/04/2024
429,Olympie,Ughini,oughinibw@usgs.gov,Female,1992,Mitsubishi,Chariot,Baltimore,Maryland,21239,US,39.361,-76.5891,64577,Champlin LLC,11/28/2025
430,Martica,Jannasch,mjannaschbx@aboutads.info,Bigender,1987,Volkswagen,Cabriolet,New York City,New York,10150,US,40.7808,-73.9772,93203,Parker and Sons,06/23/2023
431,Stacy,Scarsbrooke,sscarsbrookeby@google.com.hk,Female,1985,Mercedes-Benz,W201,Baton Rouge,Louisiana,70883,US,30.5159,-91.0804,71949,Hamill-Towne,08/23/2025
432,Barbara-anne,Avramovitz,bavramovitzbz@twitpic.com,Female,1993,GMC,Rally Wagon 2500,Beaufort,South Carolina,29905,US,32.3401,-80.689,63236,Labadie-Greenfelder,12/03/2023
433,Dene,Gookey,dgookeyc0@blogger.com,Male,2009,Cadillac,CTS-V,Grand Rapids,Michigan,49560,US,43.0314,-85.5503,97501,Kuhlman and Sons,02/01/2025
434,Otho,Skaif,oskaifc1@indiatimes.com,Agender,2003,Suzuki,XL-7,Pompano Beach,Florida,33064,US,26.2785,-80.1157,52508,Rogahn-Runolfsdottir,12/11/2025
435,Ira,Crooke,icrookec2@cnn.com,Male,1968,Pontiac,Firebird,Salt Lake City,Utah,84130,US,40.6681,-111.9083,88676,Christiansen LLC,12/05/2025
436,Ettore,Blais,eblaisc3@mac.com,Non-binary,2009,Mercedes-Benz,M-Class,Phoenix,Arizona,85067,US,33.2765,-112.1872,39243,"Harris, Fahey and Barrows",07/10/2024
437,Marla,Iglesiaz,miglesiazc4@addthis.com,Female,2011,Audi,A4,Memphis,Tennessee,38131,US,35.0664,-89.9921,35953,Schulist-Spencer,02/01/2025
438,Gareth,Coggings,gcoggingsc5@upenn.edu,Male,1990,Audi,90,Richmond,Virginia,23203,US,37.5593,-77.4471,65181,Stehr Inc,01/06/2024
439,Ginger,Jurgensen,gjurgensenc6@apple.com,Female,2008,Honda,Ridgeline,Lynchburg,Virginia,24515,US,37.4009,-79.1785,40596,Kuhic LLC,01/15/2023
440,Uriah,D'Avaux,udavauxc7@mlb.com,Male,1995,Ford,Econoline E350,Abilene,Texas,79605,US,32.432,-99.7724,46163,"Nader, Ryan and Kub",04/16/2022
441,Dorothee,Lazenby,dlazenbyc8@time.com,Female,2007,Ford,F-Series Super Duty,Los Angeles,California,90010,US,34.0606,-118.3027,33961,"Crona, Batz and Stark",01/10/2024
442,Virge,Pavolillo,vpavolilloc9@google.com.hk,Male,2012,Volkswagen,GTI,Tulsa,Oklahoma,74156,US,36.3024,-95.9605,54241,Lesch Group,04/22/2022
443,Almira,Ogelsby,aogelsbyca@narod.ru,Female,1992,Toyota,Supra,San Jose,California,95118,US,37.2568,-121.8896,98464,"Feil, Satterfield and Bernier",06/25/2022
444,Erma,Childerhouse,echilderhousecb@marketwatch.com,Female,1986,Volkswagen,Golf,Midland,Michigan,48670,US,43.6375,-84.2568,43868,O'Reilly-Batz,10/23/2022
445,Sile,Dunniom,sdunniomcc@google.it,Female,2004,Lotus,Esprit,Scottsdale,Arizona,85260,US,33.6013,-111.8867,89766,"Kunde, Brekke and Monahan",10/24/2022
446,James,Snaith,jsnaithcd@dot.gov,Male,1986,Mitsubishi,Truck,Wichita,Kansas,67215,US,37.6333,-97.425,89529,Funk-Cronin,11/21/2024
447,Jehanna,Crates,jcratesce@hexun.com,Female,1998,GMC,Savana 3500,Dallas,Texas,75277,US,32.7673,-96.7776,42469,"Altenwerth, Hessel and Mayer",07/01/2025
448,Olivier,Lytell,olytellcf@hibu.com,Male,2006,Aston Martin,Vanquish S,Saint Petersburg,Florida,33731,US,27.8918,-82.7248,56160,"O'Hara, Trantow and Bode",06/24/2024
449,Brien,Hebbron,bhebbroncg@springer.com,Male,1993,Plymouth,Grand Voyager,Seattle,Washington,98175,US,47.7161,-122.3004,66309,"McGlynn, Farrell and Hirthe",07/17/2022
450,Arlen,McCorkell,amccorkellch@scientificamerican.com,Male,1991,Mitsubishi,Chariot,Houston,Texas,77060,US,29.9335,-95.3981,67015,Wilderman and Sons,04/09/2025
451,Viviana,Demsey,vdemseyci@fc2.com,Female,2012,Toyota,Prius Plug-in,Schenectady,New York,12305,US,42.8161,-73.9398,62312,Smith and Sons,06/02/2023
452,Ardath,Gisburne,agisburnecj@51.la,Female,1995,Pontiac,Bonneville,Glendale,Arizona,85305,US,33.5291,-112.2482,47934,Bauch Group,04/21/2023
453,Noami,Westoff,nwestoffck@usa.gov,Female,1972,Chevrolet,Camaro,Miami,Florida,33190,US,25.5593,-80.3483,44122,Mertz Inc,07/01/2023
454,Charin,Kissock,ckissockcl@csmonitor.com,Female,1987,Volkswagen,Fox,El Paso,Texas,79984,US,31.6948,-106.3,81276,Cronin Group,01/22/2024
455,Kerwinn,Baldung,kbaldungcm@tumblr.com,Male,2009,Maserati,Quattroporte,Albuquerque,New Mexico,87140,US,35.0443,-106.6729,94025,Huel-Senger,12/10/2025
456,Angeli,Gillogley,agillogleycn@indiegogo.com,Male,1973,Chevrolet,Camaro,Philadelphia,Pennsylvania,19196,US,40.0018,-75.1179,72579,Goodwin and Sons,11/22/2023
457,Susy,Stienton,sstientonco@myspace.com,Female,2003,BMW,M3,Arlington,Texas,76016,US,32.6889,-97.1905,52631,Kertzmann and Sons,02/11/2022
458,Feodora,Redgrave,fredgravecp@bing.com,Female,1996,Oldsmobile,Achieva,Seattle,Washington,98158,US,47.4497,-122.3076,67791,Auer Group,06/01/2023
459,Clemmy,O' Cuolahan,cocuolahancq@squidoo.com,Female,1985,Plymouth,Voyager,Oklahoma City,Oklahoma,73157,US,35.5514,-97.4075,77192,Mayer and Sons,09/16/2024
460,Livvie,Hinksen,lhinksencr@ebay.co.uk,Female,1994,Eagle,Talon,Fredericksburg,Virginia,22405,US,38.3365,-77.4366,92063,Feil-Flatley,12/05/2023
461,Liana,Rimell,lrimellcs@multiply.com,Female,1992,Isuzu,Space,Pittsburgh,Pennsylvania,15230,US,40.4344,-80.0248,58755,Koepp LLC,02/23/2023
462,Lucretia,Korfmann,lkorfmannct@seattletimes.com,Female,2013,Volvo,C30,Shawnee Mission,Kansas,66205,US,39.0312,-94.6308,52484,Gerlach-Mayert,05/15/2024
463,Jennilee,Glabach,jglabachcu@uol.com.br,Female,1998,Isuzu,Hombre Space,Denton,Texas,76210,US,33.1428,-97.0727,32464,Brekke LLC,04/25/2022
464,Arni,Rackam,arackamcv@privacy.gov.au,Male,1992,Acura,Legend,Dayton,Ohio,45408,US,39.7395,-84.229,71816,Satterfield-Stark,01/08/2023
465,Roland,Hartigan,rhartigancw@japanpost.jp,Male,1994,Volkswagen,Jetta III,Raleigh,North Carolina,27605,US,35.7908,-78.653,66323,Kertzmann-Boyle,04/20/2025
466,Karine,Scherme,kschermecx@ebay.com,Polygender,1994,Toyota,Previa,Glendale,California,91210,US,33.7866,-118.2987,37228,Beatty-Kohler,02/29/2024
467,Donall,Henner,dhennercy@bbc.co.uk,Male,1991,Ford,Bronco,Tucson,Arizona,85705,US,32.2691,-110.9845,55582,Skiles Group,04/22/2022
468,Ainsley,Wallsam,awallsamcz@utexas.edu,Female,1999,Ford,Escort,Newport News,Virginia,23605,US,37.0156,-76.4332,36859,Okuneva-Kilback,01/30/2025
469,Doris,Kahn,dkahnd0@ebay.com,Female,2006,Chevrolet,Monte Carlo,Syracuse,New York,13251,US,43.0214,-76.1977,98727,"Auer, Shanahan and Balistreri",11/04/2022
470,Tanitansy,Doey,tdoeyd1@ebay.com,Female,1994,Eagle,Talon,North Las Vegas,Nevada,89087,US,36.2204,-115.1458,70277,Rosenbaum Inc,01/21/2025
471,Jarrad,Mutlow,jmutlowd2@chicagotribune.com,Male,1990,Buick,Skylark,Aurora,Colorado,80044,US,39.7388,-104.4083,90595,Trantow LLC,04/30/2025
472,Earle,Sherebrook,esherebrookd3@dot.gov,Genderfluid,2009,GMC,Acadia,Des Moines,Iowa,50347,US,41.6727,-93.5722,86050,Stokes and Sons,06/02/2025
473,Chadwick,Ceccoli,cceccolid4@ihg.com,Male,2010,Toyota,Venza,Worcester,Massachusetts,01605,US,42.2894,-71.7888,38718,Beer-Ruecker,03/24/2023
474,Heather,Jonah,hjonahd5@blogger.com,Female,2006,Mercedes-Benz,CLK-Class,Houston,Texas,77065,US,29.9319,-95.6106,78397,Kub-Miller,05/21/2024
475,Loella,St. Queintain,lstqueintaind6@tinypic.com,Female,2011,Toyota,Sequoia,Bowie,Maryland,20719,US,38.8336,-76.8777,89436,Gutkowski-Tremblay,08/12/2025
476,Elane,Sowood,esowoodd7@issuu.com,Female,1986,Mazda,Familia,Fresno,California,93726,US,36.7949,-119.7604,77091,Kunze Inc,09/23/2023
477,Adolpho,Prott,aprottd8@icq.com,Male,2000,Subaru,Legacy,Jefferson City,Missouri,65110,US,38.5309,-92.2493,71521,Barrows Group,08/26/2023
478,Adorne,Mather,amatherd9@latimes.com,Female,2009,Acura,RDX,Cincinnati,Ohio,45213,US,39.1802,-84.4204,58424,Koch Group,04/12/2025
479,Ingmar,MacCurtain,imaccurtainda@canalblog.com,Male,1957,Chevrolet,Corvette,Buffalo,New York,14233,US,42.7684,-78.8871,44837,Bernhard-Mosciski,06/15/2024
480,Clotilda,Celloni,ccellonidb@theatlantic.com,Female,1991,Mazda,MX-6,Roanoke,Virginia,24048,US,37.2742,-79.9579,84166,"Nader, Weimann and Kerluke",08/26/2025
481,Petey,Blackie,pblackiedc@mapy.cz,Male,1999,Chrysler,Concorde,Baton Rouge,Louisiana,70894,US,30.5159,-91.0804,47541,Jast Group,07/09/2024
482,Costa,Ritmeyer,critmeyerdd@independent.co.uk,Male,1996,Ford,Econoline E250,Washington,District of Columbia,20409,US,38.8933,-77.0146,63331,"Jast, Wilkinson and Prohaska",02/02/2024
483,Faunie,Tutchings,ftutchingsde@oakley.com,Female,2012,BMW,3 Series,Sioux City,Iowa,51110,US,42.4011,-96.372,82923,Williamson Inc,01/13/2023
484,Shandeigh,Reek,sreekdf@smugmug.com,Female,2009,Nissan,350Z,Missoula,Montana,59806,US,47.116,-114.0498,76758,Ferry-Fahey,05/13/2023
485,Sonnie,Boulde,sbouldedg@sphinn.com,Male,1987,Pontiac,Firefly,Lincoln,Nebraska,68524,US,40.8529,-96.7943,85666,"Hilll, Frami and Romaguera",09/27/2025
486,Fremont,L' Anglois,flangloisdh@ucoz.ru,Male,2011,Mazda,Mazda6,East Saint Louis,Illinois,62205,US,38.6149,-90.1275,78723,Hyatt-Hirthe,03/27/2023
487,Arie,Grigoliis,agrigoliisdi@mashable.com,Male,2003,GMC,Sierra 1500,Greenville,South Carolina,29605,US,34.8001,-82.3932,67272,Lind-Mueller,03/06/2025
488,Win,Mesant,wmesantdj@redcross.org,Male,2004,Volvo,S80,New York City,New York,10004,US,40.6964,-74.0253,75365,"Dicki, Wuckert and Harris",08/11/2024
489,Aurlie,Fer,aferdk@va.gov,Female,1999,Volvo,S70,Long Beach,California,90840,US,33.7843,-118.1157,91492,"Murazik, O'Connell and Schmidt",08/12/2023
490,Kalindi,Macguire,kmacguiredl@themeforest.net,Female,1989,Audi,200,Saint Petersburg,Florida,33705,US,27.7391,-82.6435,74739,Hermiston and Sons,02/06/2025
491,Meredithe,Seeking,mseekingdm@ca.gov,Female,1999,Nissan,Maxima,Santa Rosa,California,95405,US,38.4386,-122.6727,80341,Wiza and Sons,12/17/2025
492,Joelie,Erlam,jerlamdn@usda.gov,Female,1991,Volkswagen,Corrado,Durham,North Carolina,27717,US,36.0512,-78.8577,73902,Abernathy and Sons,12/25/2025
493,Jobie,Stourton,jstourtondo@usnews.com,Bigender,2001,Chevrolet,Corvette,New York City,New York,10203,US,40.7808,-73.9772,40584,Stroman-Botsford,10/22/2023
494,Giraldo,Wilber,gwilberdp@typepad.com,Male,1990,Volkswagen,Jetta,Lake Charles,Louisiana,70607,US,30.1244,-93.1835,37126,Bogisich and Sons,04/01/2025
495,Domeniga,Grigoroni,dgrigoronidq@tmall.com,Female,2011,Jaguar,XF,Charleston,South Carolina,29424,US,32.7831,-79.937,79361,Witting and Sons,11/13/2023
496,Obed,Spurdon,ospurdondr@themeforest.net,Male,1998,Mitsubishi,3000GT,North Las Vegas,Nevada,89036,US,35.9279,-114.9721,64002,Zieme-Kunze,03/14/2022
497,Bald,McMearty,bmcmeartyds@google.com.br,Male,1992,Land Rover,Defender,Washington,District of Columbia,20226,US,38.8933,-77.0146,31443,Weimann-Herzog,03/06/2025
498,Corrie,Swyer,cswyerdt@java.com,Male,2008,Mercedes-Benz,CLS-Class,Philadelphia,Pennsylvania,19141,US,40.0365,-75.1451,38388,Grimes-Wuckert,10/26/2024
499,Cosme,Chaunce,cchauncedu@nymag.com,Male,2010,Chevrolet,Silverado 3500,Buffalo,New York,14215,US,42.9335,-78.8115,82944,"Funk, Glover and McClure",04/12/2025
500,Willem,Antognazzi,wantognazzidv@illinois.edu,Male,2012,Ford,E-Series,Washington,District of Columbia,20508,US,38.8933,-77.0146,59709,"Jacobi, Hane and Pagac",04/09/2024
501,Dal,Proom,dproomdw@goo.ne.jp,Male,2011,Chrysler,Town & Country,El Paso,Texas,88530,US,31.6948,-106.3,41619,Kerluke and Sons,05/07/2025
502,Bogart,Muxworthy,bmuxworthydx@sbwire.com,Male,2000,Pontiac,Grand Prix,Pittsburgh,Pennsylvania,15286,US,40.4344,-80.0248,57715,Larson and Sons,05/01/2025
503,Godfree,Axe,gaxedy@acquirethisname.com,Male,2008,Volkswagen,Passat,Anchorage,Alaska,99599,US,61.1872,-149.8804,86865,Terry-Grady,07/19/2025
504,Sara-ann,Rottgers,srottgersdz@globo.com,Female,1993,Porsche,968,South Lake Tahoe,California,96154,US,38.8753,-120.0188,44855,Rolfson-Raynor,11/18/2025
505,Oswald,Torns,otornse0@parallels.com,Male,2008,Lexus,IS F,Lakeland,Florida,33805,US,28.072,-81.9609,91239,Nikolaus Group,11/06/2024
506,Marya,Abrahams,mabrahamse1@epa.gov,Female,1984,Mitsubishi,Starion,Merrifield,Virginia,22119,US,38.8318,-77.2888,77494,Farrell Inc,01/25/2026
507,Jo-ann,Magrannell,jmagrannelle2@fastcompany.com,Female,1984,Pontiac,Bonneville,Abilene,Texas,79699,US,32.4665,-99.7117,85207,"Gorczany, Brown and Ziemann",07/19/2023
508,Nessa,Ornillos,nornillose3@blogs.com,Female,2003,BMW,Z4,Houston,Texas,77240,US,29.834,-95.4342,54777,Casper LLC,01/16/2026
509,Giovanna,Bosward,gboswarde4@gnu.org,Bigender,2011,Dodge,Journey,Fort Wayne,Indiana,46862,US,41.0938,-85.0707,73721,"Corwin, Nolan and Erdman",02/13/2024
510,Vincenty,Kondratyuk,vkondratyuke5@timesonline.co.uk,Male,2008,Honda,Element,New Orleans,Louisiana,70129,US,30.0877,-89.8462,68848,"Schaden, Glover and Russel",05/04/2024
511,Gibb,Celloni,gcellonie6@live.com,Male,2010,GMC,Terrain,Cleveland,Ohio,44125,US,41.4335,-81.6323,78104,"Kulas, Toy and Ward",12/28/2023
512,Loise,Dransfield,ldransfielde7@cnet.com,Female,2005,Cadillac,Escalade ESV,New Orleans,Louisiana,70187,US,30.033,-89.8826,71164,Luettgen-Pfannerstill,10/14/2022
513,Zebadiah,Juschke,zjuschkee8@spiegel.de,Male,1990,Buick,Estate,New Orleans,Louisiana,70174,US,30.033,-89.8826,93136,"Feeney, Kilback and Lueilwitz",10/05/2024
514,Trixi,Retallick,tretallicke9@etsy.com,Female,1998,Dodge,Intrepid,Las Vegas,Nevada,89110,US,36.173,-115.0669,99569,McClure LLC,03/29/2023
515,Alvie,Brainsby,abrainsbyea@123-reg.co.uk,Bigender,2009,Mercedes-Benz,S-Class,Springfield,Illinois,62718,US,39.778,-89.6466,77671,Breitenberg LLC,09/20/2022
516,Cecilius,Massingham,cmassinghameb@list-manage.com,Male,2003,Pontiac,Vibe,Washington,District of Columbia,20503,US,38.9007,-77.0431,89647,Mante-Mraz,08/10/2025
517,Hew,Iacovacci,hiacovacciec@quantcast.com,Male,2002,Toyota,Prius,Madison,Wisconsin,53705,US,43.073,-89.4528,33251,"Johns, Morissette and Hahn",05/21/2025
518,Stacee,Spadeck,sspadecked@hhs.gov,Male,1994,Pontiac,Bonneville,Atlanta,Georgia,31196,US,33.8444,-84.474,89685,"Heaney, Abernathy and Christiansen",03/25/2023
519,Rhett,Waples,rwaplesee@sfgate.com,Male,2007,Toyota,Camry Solara,Sterling,Virginia,20167,US,39.0853,-77.6452,69279,Thiel-Goyette,02/28/2024
520,Emmit,Cornes,ecornesef@themeforest.net,Male,2004,Chevrolet,Suburban 2500,Tacoma,Washington,98464,US,47.0662,-122.1132,47776,Walsh and Sons,03/04/2023
521,Hoyt,Izkovici,hizkovicieg@dmoz.org,Male,1997,BMW,Z3,Washington,District of Columbia,20310,US,38.8933,-77.0146,76328,Lemke LLC,03/31/2025
522,Josias,Crudge,jcrudgeeh@github.com,Genderqueer,1993,Plymouth,Grand Voyager,Savannah,Georgia,31422,US,31.9714,-81.0716,95392,"Frami, Volkman and Bosco",11/21/2022
523,Arabela,Heller,ahellerei@ft.com,Female,2002,Mitsubishi,Pajero,New York City,New York,10203,US,40.7808,-73.9772,78395,"Walsh, Treutel and Crooks",03/02/2022
524,Kristos,Jamme,kjammeej@kickstarter.com,Bigender,2001,Dodge,Caravan,San Antonio,Texas,78235,US,29.3494,-98.4422,32871,Zboncak Group,04/20/2024
525,Tedra,Frentz,tfrentzek@biglobe.ne.jp,Female,2005,Volkswagen,Golf,Portland,Oregon,97232,US,45.5287,-122.6363,99417,Moen-Conn,10/09/2022
526,Rowland,McFfaden,rmcffadenel@mediafire.com,Male,1997,Land Rover,Discovery,Austin,Texas,78769,US,30.3264,-97.7713,86728,Hills-Wehner,06/21/2022
527,Thia,Sudy,tsudyem@seattletimes.com,Female,2008,Mercury,Mountaineer,Kansas City,Missouri,64149,US,38.8606,-94.4636,94729,"Breitenberg, Runte and Goodwin",12/06/2025
528,Olvan,Nelm,onelmen@unblog.fr,Male,1996,Dodge,Dakota,Maple Plain,Minnesota,55579,US,45.0159,-93.4719,92877,Willms-Rippin,09/19/2025
529,Charis,Bruna,cbrunaeo@walmart.com,Female,2006,Volvo,V70,Houston,Texas,77005,US,29.7179,-95.4263,64090,King LLC,07/03/2023
530,Erhard,Vinter,evinterep@marketwatch.com,Male,1996,Volkswagen,Passat,Roanoke,Virginia,24040,US,37.2742,-79.9579,49275,Renner LLC,08/17/2022
531,Arty,Surtees,asurteeseq@gmpg.org,Male,1992,GMC,2500,Grand Junction,Colorado,81505,US,39.1071,-108.5968,89594,Swaniawski LLC,10/22/2023
532,Benn,Agget,baggeter@miibeian.gov.cn,Male,2006,Ford,F350,Topeka,Kansas,66667,US,39.0429,-95.7697,80900,Hammes-Feest,01/05/2023
533,Cory,Spoerl,cspoerles@uiuc.edu,Male,2009,Cadillac,XLR-V,Trenton,New Jersey,08650,US,40.2805,-74.712,75724,"Harvey, Feest and Koelpin",09/08/2024
534,Hilda,Pickard,hpickardet@pcworld.com,Female,2010,Lexus,IS F,Chicago,Illinois,60609,US,41.8097,-87.6533,75166,Kling-Nienow,03/25/2022
535,Puff,Sarll,psarlleu@cdbaby.com,Male,2000,Mitsubishi,Eclipse,Oklahoma City,Oklahoma,73173,US,35.3425,-97.6317,74419,Braun-Sawayn,09/04/2023
536,Mortie,Gammill,mgammillev@wufoo.com,Male,2001,Lexus,GS,Peoria,Illinois,61629,US,40.692,-89.5887,89823,"Wolff, Olson and Leuschke",01/13/2026
537,Maud,Keyser,mkeyserew@upenn.edu,Female,2009,Mercedes-Benz,G-Class,Atlanta,Georgia,30301,US,33.8444,-84.474,76213,"Smitham, Kuhic and Johnston",07/22/2024
538,Freda,Durrington,fdurringtonex@theatlantic.com,Female,2006,Pontiac,Montana SV6,Phoenix,Arizona,85072,US,33.2765,-112.1872,69050,Schmidt-Will,09/18/2025
539,Toby,Pulham,tpulhamey@yolasite.com,Female,2010,Aston Martin,DBS,Wilmington,Delaware,19897,US,39.5645,-75.597,60223,Hodkiewicz-Quitzon,07/10/2022
540,Lorianna,Stritton,lstrittonez@webeden.co.uk,Female,1986,Buick,LeSabre,Daytona Beach,Florida,32123,US,29.0227,-81.1722,30341,Kuhn Group,12/03/2024
541,Ezechiel,Gook,egookf0@bbb.org,Male,2005,Toyota,Highlander,Fort Worth,Texas,76178,US,32.7714,-97.2915,55202,"Labadie, Borer and Gleason",10/02/2023
542,Rowan,Ajsik,rajsikf1@diigo.com,Male,2012,Subaru,Legacy,Oklahoma City,Oklahoma,73119,US,35.421,-97.5616,44764,Graham Group,09/16/2022
543,Juliann,Irving,jirvingf2@taobao.com,Polygender,1986,Ford,Courier,Honolulu,Hawaii,96815,US,21.2811,-157.8266,86083,"Olson, Luettgen and Heller",12/18/2024
544,Latrena,Checchetelli,lchecchetellif3@blogtalkradio.com,Female,1997,Dodge,Intrepid,Santa Rosa,California,95405,US,38.4386,-122.6727,69128,Herzog-Boyle,07/26/2022
545,Mason,Dionisetto,mdionisettof4@cafepress.com,Male,2000,Audi,A6,Detroit,Michigan,48217,US,42.2719,-83.1545,77621,Jacobs-Welch,06/20/2023
546,Reggie,McDowell,rmcdowellf5@seattletimes.com,Male,1986,Lotus,Esprit,El Paso,Texas,88535,US,31.6948,-106.3,95848,"Schinner, Haley and Breitenberg",08/23/2023
547,William,De Francesco,wdefrancescof6@walmart.com,Male,2003,Chevrolet,Express 1500,Denver,Colorado,80279,US,39.7388,-104.4083,44767,"Gottlieb, Jenkins and Hayes",08/31/2023
548,Hercule,Davio,hdaviof7@theglobeandmail.com,Male,1997,Toyota,Corolla,Phoenix,Arizona,85072,US,33.2765,-112.1872,60890,"Satterfield, Cartwright and Collins",07/29/2025
549,Giff,Baudts,gbaudtsf8@nbcnews.com,Male,1988,Mitsubishi,Mirage,Naples,Florida,33961,US,26.045,-81.6669,86794,"Cummerata, Paucek and Padberg",04/03/2025
550,Gail,McGillicuddy,gmcgillicuddyf9@theatlantic.com,Female,1997,Chevrolet,Malibu,Wilmington,Delaware,19805,US,39.7434,-75.5827,91394,Rolfson-Labadie,01/14/2024
551,Ambrosi,Cassidy,acassidyfa@gravatar.com,Male,2009,Volvo,C70,Tampa,Florida,33680,US,27.872,-82.4388,80758,Witting Group,05/17/2025
552,Riley,Peer,rpeerfb@google.nl,Male,1997,Dodge,Intrepid,Scottsdale,Arizona,85255,US,33.6968,-111.8892,60767,Beier-Stark,09/14/2023
553,Robinson,Levine,rlevinefc@last.fm,Male,1992,Chevrolet,Blazer,Jefferson City,Missouri,65105,US,38.5309,-92.2493,37279,Upton LLC,10/22/2024
554,Sonnie,Pollastrone,spollastronefd@xing.com,Female,2002,Saturn,L-Series,Washington,District of Columbia,20337,US,38.8933,-77.0146,76788,Terry-Swift,10/10/2025
555,Alexia,Varian,avarianfe@sun.com,Female,1987,Pontiac,Grand Am,Houston,Texas,77250,US,29.7629,-95.3629,81502,"Feest, Schinner and Kirlin",06/07/2025
556,Obadiah,Remon,oremonff@imageshack.us,Male,1988,Buick,Regal,Orlando,Florida,32868,US,28.5663,-81.2608,63791,Rau Group,03/23/2023
557,Sarita,Andriesse,sandriessefg@gnu.org,Female,1985,Lincoln,Continental,Miami,Florida,33147,US,25.8507,-80.2366,37160,Kreiger Group,07/25/2023
558,Aldon,D'Ambrogi,adambrogifh@gravatar.com,Male,1995,Pontiac,Sunfire,Las Vegas,Nevada,89155,US,35.9279,-114.9721,33742,"Witting, Hodkiewicz and Keebler",05/29/2022
559,Arabel,Brogden,abrogdenfi@wikispaces.com,Female,1999,Chrysler,LHS,Phoenix,Arizona,85045,US,33.3022,-112.1226,50689,"Greenfelder, Gutkowski and Murazik",04/23/2025
560,Jena,Lorand,jlorandfj@nasa.gov,Polygender,1997,Dodge,Ram 2500 Club,Little Rock,Arkansas,72209,US,34.6725,-92.3529,68044,"Littel, Erdman and Lueilwitz",01/08/2024
561,Winne,Foster-Smith,wfostersmithfk@psu.edu,Female,2008,Dodge,Caravan,Van Nuys,California,91499,US,33.7866,-118.2987,94048,Mayert-Kilback,07/21/2023
562,August,Gullyes,agullyesfl@list-manage.com,Male,1997,GMC,Safari,Chicago,Illinois,60669,US,41.8119,-87.6873,93293,Herzog Group,01/13/2024
563,Grant,Auguste,gaugustefm@seattletimes.com,Male,2004,Volvo,XC70,Reston,Virginia,22096,US,38.8318,-77.2888,41017,Schneider-Lockman,02/24/2022
564,Dominica,Adran,dadranfn@msu.edu,Female,2007,Ford,Five Hundred,Jacksonville,Florida,32230,US,30.3449,-81.6831,37705,Bartell-Gorczany,08/16/2025
565,Ellyn,Carnock,ecarnockfo@posterous.com,Female,2009,Mazda,MX-5,Columbia,South Carolina,29225,US,34.006,-80.9708,86126,Sipes LLC,10/29/2022
566,Noel,todor,ntodorfp@indiegogo.com,Male,1994,Oldsmobile,Ciera,Grand Rapids,Michigan,49505,US,43.012,-85.6309,38937,Jacobs-Hansen,12/06/2025
567,Zerk,Berthot,zberthotfq@boston.com,Male,1997,Dodge,Neon,Ocala,Florida,34479,US,29.2541,-82.1095,90134,"Wunsch, Herman and Stark",03/27/2023
568,Bart,Harcarse,bharcarsefr@loc.gov,Male,2006,Mazda,B-Series,Long Beach,California,90831,US,33.7678,-118.1994,53595,"Greenfelder, Swift and Stiedemann",08/20/2025
569,Ted,Oyley,toyleyfs@ovh.net,Male,2013,Kia,Rio,Roanoke,Virginia,24004,US,37.2742,-79.9579,76786,Gorczany-Wisozk,12/31/2025
570,Veronique,Girardini,vgirardinift@nhs.uk,Female,1992,Pontiac,Bonneville,Springfield,Missouri,65810,US,37.1136,-93.2896,91226,"Fadel, Dicki and Mraz",03/29/2022
571,Lindie,Yoslowitz,lyoslowitzfu@naver.com,Female,2007,BMW,X5,Bethlehem,Pennsylvania,18018,US,40.6278,-75.3928,40540,"O'Conner, Weissnat and Gusikowski",10/22/2022
572,Brinna,Dyas,bdyasfv@ustream.tv,Female,1984,Mercury,Topaz,Lincoln,Nebraska,68505,US,40.8247,-96.6252,56222,Bahringer-Bode,01/15/2023
573,Bridie,Tommen,btommenfw@theatlantic.com,Female,2002,Jeep,Liberty,Greenville,South Carolina,29615,US,34.8661,-82.3198,63284,"Bashirian, Schultz and Mitchell",06/01/2024
574,Sax,Baldam,sbaldamfx@dell.com,Male,1990,Lincoln,Town Car,Cincinnati,Ohio,45218,US,39.2663,-84.5221,86363,"Jacobson, Romaguera and Reichel",04/18/2023
575,Frederik,Gremain,fgremainfy@arstechnica.com,Bigender,2007,Dodge,Caravan,Salt Lake City,Utah,84135,US,40.6681,-111.9083,49957,"Mueller, Nikolaus and Erdman",07/16/2022
576,Abagail,Samarth,asamarthfz@github.io,Female,2012,Lotus,Evora,Chico,California,95973,US,39.8032,-121.8673,93144,Schamberger Group,06/07/2024
577,Hillier,Ragsdall,hragsdallg0@statcounter.com,Male,1984,Ford,Laser,Detroit,Michigan,48206,US,42.3749,-83.1087,71785,Streich Group,09/24/2022
578,Celinda,Dayley,cdayleyg1@plala.or.jp,Female,2000,Porsche,911,Albuquerque,New Mexico,87110,US,35.1104,-106.5781,34617,Welch-Reichert,02/15/2024
579,Park,Waber,pwaberg2@ox.ac.uk,Male,1992,GMC,Sonoma,Atlanta,Georgia,30392,US,33.8444,-84.474,50315,"Johnston, Bergnaum and Heller",05/26/2023
580,Raymund,Hunnam,rhunnamg3@biblegateway.com,Male,2011,Infiniti,IPL G,Salt Lake City,Utah,84145,US,40.6681,-111.9083,32613,"Blick, Mayer and Abbott",10/25/2024
581,Torrance,Podmore,tpodmoreg4@nyu.edu,Male,2005,Nissan,Pathfinder,Springfield,Missouri,65810,US,37.1136,-93.2896,69019,"Bayer, Ebert and White",06/14/2025
582,Korey,Eaton,keatong5@netlog.com,Male,2002,Cadillac,Eldorado,Stockton,California,95219,US,38.01,-121.3698,36335,Ernser LLC,10/05/2024
583,Kathleen,Ryrie,kryrieg6@is.gd,Female,1985,Honda,CR-X,Hartford,Connecticut,06152,US,41.7918,-72.7188,43638,Ward-McKenzie,01/29/2025
584,Kingsley,Thebeaud,kthebeaudg7@mozilla.org,Polygender,2005,Honda,Insight,Saint Paul,Minnesota,55127,US,45.0803,-93.0875,87842,Grant and Sons,04/02/2024
585,Huntley,Boydon,hboydong8@gnu.org,Male,2002,Jeep,Wrangler,Dallas,Texas,75205,US,32.826,-96.7843,82753,Bayer-DuBuque,09/30/2025
586,Shandee,Flavelle,sflavelleg9@huffingtonpost.com,Female,1997,Land Rover,Defender 90,Erie,Pennsylvania,16505,US,42.1109,-80.1534,81989,Morissette LLC,03/28/2022
587,Tyne,Baldrey,tbaldreyga@state.gov,Female,1991,Suzuki,Swift,Warren,Ohio,44485,US,41.2405,-80.8441,86105,"Lowe, Hoppe and Bednar",10/07/2025
588,Arielle,Dearden,adeardengb@simplemachines.org,Female,2001,GMC,Savana 1500,Washington,District of Columbia,20414,US,38.884,-77.0221,87372,Haag and Sons,07/14/2023
589,Amandie,Honniebal,ahonniebalgc@nyu.edu,Female,1989,Ford,Courier,Atlanta,Georgia,31136,US,33.7473,-84.3824,96848,Walker LLC,06/24/2025
590,Algernon,Pickston,apickstongd@vk.com,Male,1987,Volkswagen,Jetta,Washington,District of Columbia,20425,US,38.8933,-77.0146,92657,Johnston-Hamill,07/14/2022
591,Yolande,Need,yneedge@wikipedia.org,Female,1984,Pontiac,Fiero,Washington,District of Columbia,20244,US,38.8933,-77.0146,32249,Turner-Hansen,11/02/2025
592,Angelina,Roller,arollergf@mashable.com,Female,2005,Lamborghini,Gallardo,Fort Lauderdale,Florida,33325,US,26.1097,-80.3215,86073,Schaefer-Gutkowski,04/26/2022
593,Brantley,Burth,bburthgg@cafepress.com,Male,2012,Mazda,Mazda2,Milwaukee,Wisconsin,53210,US,43.0685,-87.9715,50021,Fadel Inc,02/01/2023
594,Amalia,Clausen,aclausengh@baidu.com,Female,2010,Bentley,Continental GTC,El Paso,Texas,79916,US,31.7444,-106.2879,37259,Jakubowski-Mann,12/28/2024
595,Pammi,Eldred,peldredgi@oaic.gov.au,Female,2003,Dodge,Ram,Mobile,Alabama,36689,US,30.6589,-88.178,67442,Baumbach LLC,01/09/2024
596,Madalyn,Gorner,mgornergj@bluehost.com,Female,2002,Buick,Rendezvous,Lexington,Kentucky,40581,US,38.0283,-84.4715,83653,Monahan-Muller,11/10/2024
597,Jemie,Marrington,jmarringtongk@archive.org,Female,2012,Scion,tC,Columbus,Ohio,43226,US,39.969,-83.0114,92631,Price-Dach,09/14/2022
598,Thornie,Bilovus,tbilovusgl@webmd.com,Male,1982,Chevrolet,Camaro,Abilene,Texas,79699,US,32.4665,-99.7117,39094,"Auer, Mills and Weissnat",08/19/2024
599,Allegra,Allmann,aallmanngm@sogou.com,Female,1996,Toyota,4Runner,El Paso,Texas,79977,US,31.6948,-106.3,56536,"Kunze, Feest and Gutkowski",06/26/2025
600,Hiram,O'Brien,hobriengn@ask.com,Male,2010,Suzuki,Kizashi,Shreveport,Louisiana,71115,US,32.3401,-93.6092,91519,"Hilll, Hauck and Deckow",10/08/2025
601,Duff,Falconar,dfalconargo@soup.io,Male,1989,Ford,Festiva,Arlington,Virginia,22244,US,38.8545,-77.052,74776,Langworth-Connelly,04/23/2022
602,Jacki,Jimeno,jjimenogp@baidu.com,Female,1998,Plymouth,Neon,Mesa,Arizona,85210,US,33.3887,-111.8428,73961,Welch LLC,12/25/2023
603,Marybeth,Chadburn,mchadburngq@de.vu,Agender,2002,Hyundai,Sonata,Honolulu,Hawaii,96825,US,21.2987,-157.6985,62623,"Brown, Kiehn and Schamberger",06/11/2024
604,Zaccaria,Fullerton,zfullertongr@storify.com,Male,1997,Mercury,Grand Marquis,Charleston,West Virginia,25326,US,38.2968,-81.5547,35023,"O'Keefe, Zboncak and Steuber",09/21/2022
605,Phaedra,Letchmore,pletchmoregs@sun.com,Female,2004,BMW,M3,Richmond,Virginia,23293,US,37.5242,-77.4932,52680,"Harber, Gerlach and Hills",05/13/2023
606,Godart,Eastbury,geastburygt@google.com.au,Male,2011,Chevrolet,Suburban 1500,Monroe,Louisiana,71208,US,32.4968,-92.0756,96742,Carroll LLC,09/14/2022
607,Powell,Waby,pwabygu@bluehost.com,Male,1990,Pontiac,Grand Prix Turbo,New Haven,Connecticut,06538,US,41.3657,-72.9275,54869,Aufderhar-Kshlerin,11/18/2025
608,Bentlee,Butchers,bbutchersgv@indiatimes.com,Male,1994,Subaru,Legacy,Schaumburg,Illinois,60193,US,42.0144,-88.0935,94485,Abbott-Nitzsche,10/06/2025
609,Terrence,De Mars,tdemarsgw@deliciousdays.com,Male,1999,Nissan,Pathfinder,Tacoma,Washington,98447,US,47.1441,-122.4434,63685,"Hessel, Morissette and Anderson",01/12/2026
610,Smitty,Spowage,sspowagegx@noaa.gov,Male,1988,Saab,900,Greeley,Colorado,80638,US,40.5009,-104.315,91888,Cassin LLC,04/21/2023
611,Jon,Tooting,jtootinggy@ted.com,Male,2010,Mitsubishi,Outlander,Philadelphia,Pennsylvania,19093,US,40.0018,-75.1179,47636,"Prohaska, McGlynn and Schmitt",01/17/2024
612,Amaleta,Piff,apiffgz@archive.org,Female,2012,Infiniti,QX56,Bloomington,Illinois,61709,US,40.4614,-88.953,51260,Kautzer Inc,06/01/2024
613,Eddie,Gracewood,egracewoodh0@pinterest.com,Male,1990,Buick,Skylark,Naperville,Illinois,60567,US,41.8397,-88.0887,44812,Mosciski and Sons,05/13/2022
614,Brigham,Buckhurst,bbuckhursth1@is.gd,Male,1995,Ford,Thunderbird,Wilkes Barre,Pennsylvania,18706,US,41.2044,-75.9113,67097,Fritsch-Mraz,09/15/2025
615,Dyane,Coverley,dcoverleyh2@123-reg.co.uk,Polygender,1999,Nissan,Maxima,Norfolk,Virginia,23504,US,36.8586,-76.2686,71314,Marvin and Sons,12/04/2025
616,Etty,Khotler,ekhotlerh3@symantec.com,Female,2000,Ford,Excursion,Houston,Texas,77080,US,29.8159,-95.523,77207,Torphy-Runte,11/17/2023
617,Wye,Iacovini,wiacovinih4@princeton.edu,Male,2009,BMW,X6,Miami,Florida,33261,US,25.5584,-80.4582,77386,"O'Kon, Moen and Schuster",10/30/2023
618,Brock,O'Shields,boshieldsh5@wordpress.com,Male,2011,Toyota,Prius,Winston Salem,North Carolina,27157,US,36.0275,-80.2073,87496,"MacGyver, King and Stroman",04/06/2025
619,Milka,Hindenburg,mhindenburgh6@auda.org.au,Female,1992,Dodge,Ramcharger,Fort Worth,Texas,76121,US,32.7714,-97.2915,99204,Klocko and Sons,10/18/2023
620,Codie,Menghi,cmenghih7@google.nl,Female,1996,Ford,Crown Victoria,New York City,New York,10120,US,40.7506,-73.9894,90617,Grimes-Gusikowski,08/05/2022
621,Torrence,Eglise,tegliseh8@youku.com,Male,1998,GMC,Savana 2500,Daytona Beach,Florida,32118,US,29.2219,-81.0095,86201,Bernier-Koepp,04/05/2022
622,Saundra,Camidge,scamidgeh9@telegraph.co.uk,Male,2010,Ford,Escape,Portland,Oregon,97296,US,45.5806,-122.3748,41357,"Barrows, Schroeder and Champlin",06/24/2025
623,Grantley,Hedylstone,ghedylstoneha@t-online.de,Male,2011,Toyota,Venza,Albuquerque,New Mexico,87110,US,35.1104,-106.5781,91668,Tromp LLC,04/08/2025
624,Chic,Cosford,ccosfordhb@nifty.com,Male,1995,Nissan,Sentra,Pittsburgh,Pennsylvania,15210,US,40.4072,-79.9839,98712,Rau and Sons,11/02/2023
625,Meade,Brou,mbrouhc@google.it,Agender,2004,Chevrolet,Avalanche 2500,Boston,Massachusetts,02203,US,42.3615,-71.0604,66675,Muller and Sons,04/27/2022
626,Brandise,Fairebrother,bfairebrotherhd@go.com,Female,2007,Lexus,RX Hybrid,Lake Worth,Florida,33467,US,26.6104,-80.1683,84641,Turcotte Group,06/21/2023
627,Ricky,Lowbridge,rlowbridgehe@cnn.com,Male,1991,Subaru,XT,Huntington,West Virginia,25721,US,38.4134,-82.2774,79746,Abbott Group,05/04/2023
628,Marney,Gumn,mgumnhf@netvibes.com,Agender,1989,Pontiac,Gemini,Melbourne,Florida,32941,US,27.9246,-80.5235,52002,"Connelly, Goldner and Barrows",02/27/2022
629,Burch,Melendez,bmelendezhg@bizjournals.com,Male,1994,Mazda,Protege,San Diego,California,92105,US,32.7423,-117.0947,90713,Mertz Group,02/21/2024
630,Dennison,McCarter,dmccarterhh@ibm.com,Male,2004,Dodge,Stratus,Washington,District of Columbia,20525,US,38.8933,-77.0146,67972,Toy-Gutmann,08/09/2024
631,Ashton,Ivakhnov,aivakhnovhi@1und1.de,Male,2005,Mazda,Mazda6,Austin,Texas,78703,US,30.2907,-97.7648,86928,Erdman-Koepp,08/25/2025
632,Addy,Shotboulte,ashotboultehj@ifeng.com,Female,1991,Buick,Coachbuilder,San Francisco,California,94137,US,37.7848,-122.7278,62428,"Muller, Lehner and Stiedemann",03/18/2024
633,Parke,Garrique,pgarriquehk@t-online.de,Male,1985,Ford,Escort,Bronx,New York,10469,US,40.8702,-73.8495,62995,"Herzog, Gleichner and McGlynn",02/16/2025
634,Maggie,Gadsdon,mgadsdonhl@yahoo.com,Female,2005,Honda,Insight,Hattiesburg,Mississippi,39404,US,31.1721,-89.2948,37650,Wyman Group,11/13/2023
635,Berni,Dillingston,bdillingstonhm@apache.org,Female,2005,Volvo,V50,Davenport,Iowa,52809,US,41.613,-90.6063,61098,"Parisian, Schuster and Hickle",05/04/2024
636,Jyoti,Yeaman,jyeamanhn@cocolog-nifty.com,Female,1994,Ford,Tempo,Washington,District of Columbia,20508,US,38.8933,-77.0146,95191,"Rempel, Bernhard and Purdy",04/04/2024
637,Giavani,Chansonnau,gchansonnauho@nba.com,Male,1961,Austin,Mini Cooper,Asheville,North Carolina,28815,US,35.6203,-82.5286,64221,Bode Group,05/18/2023
638,Tatiana,Van der Veldt,tvanderveldthp@goo.ne.jp,Female,2011,Saab,9-5,Carlsbad,California,92013,US,33.0169,-116.846,78930,"Collins, Lakin and Stehr",01/31/2024
639,Layney,Schultze,lschultzehq@independent.co.uk,Female,2010,Nissan,Cube,Trenton,New Jersey,08619,US,40.2418,-74.6962,85466,Zemlak Inc,07/09/2023
640,Marketa,Cordsen,mcordsenhr@pbs.org,Female,2003,Acura,CL,Houston,Texas,77060,US,29.9335,-95.3981,74692,Miller-Ruecker,08/21/2022
641,Catlaina,Dossett,cdossetths@alexa.com,Female,1995,Chevrolet,2500,Chicago,Illinois,60697,US,41.8119,-87.6873,45579,"Kessler, O'Conner and Kuvalis",11/16/2025
642,Jdavie,Donald,jdonaldht@cbslocal.com,Male,2005,Chevrolet,Corvette,Lehigh Acres,Florida,33972,US,26.6492,-81.6167,32083,Watsica LLC,07/01/2025
643,Jasmine,Geer,jgeerhu@wsj.com,Female,1997,Kia,Sephia,Columbia,South Carolina,29208,US,33.9937,-81.0199,30897,Schmitt Group,06/14/2023
644,Becka,Paling,bpalinghv@youtu.be,Female,1996,Eagle,Summit,Saint Louis,Missouri,63150,US,38.6531,-90.2435,44215,Rogahn and Sons,10/13/2022
645,Traci,Brownsword,tbrownswordhw@meetup.com,Female,2010,Mercedes-Benz,SLK-Class,Duluth,Minnesota,55811,US,46.8147,-92.1998,30364,"Larkin, Dibbert and Howe",02/27/2022
646,Alida,Fantin,afantinhx@slideshare.net,Female,2009,Nissan,Xterra,Madison,Wisconsin,53779,US,43.0982,-89.3242,37127,"Conroy, Smith and Parisian",01/29/2023
647,Major,Adamovsky,madamovskyhy@fotki.com,Male,1997,Chevrolet,Camaro,Denton,Texas,76210,US,33.1428,-97.0727,87033,"Nienow, Howe and Rippin",10/06/2023
648,Margareta,Carlos,mcarloshz@arstechnica.com,Female,2000,Mercury,Grand Marquis,San Francisco,California,94116,US,37.7441,-122.4863,42721,Koelpin Inc,11/24/2024
649,Reinwald,Temlett,rtemletti0@e-recht24.de,Male,1993,Volvo,850,Richmond,Virginia,23237,US,37.4011,-77.4615,43837,"Lehner, Jones and O'Connell",10/08/2024
650,Mariquilla,Zuppa,mzuppai1@businessweek.com,Bigender,1986,Pontiac,Grand Prix,Birmingham,Alabama,35231,US,33.5446,-86.9292,34868,Stiedemann and Sons,07/22/2024
651,Pedro,Keay,pkeayi2@mtv.com,Male,2006,Buick,Lucerne,Salinas,California,93907,US,36.7563,-121.6703,64582,Kling-Kozey,05/17/2022
652,Wylie,Jowitt,wjowitti3@xing.com,Male,2009,Ford,F350,Amarillo,Texas,79182,US,35.4015,-101.8951,99378,"Lockman, Herman and Stark",10/14/2023
653,Noemi,Racine,nracinei4@apple.com,Female,1992,Oldsmobile,88,Englewood,Colorado,80150,US,39.7388,-104.4083,58842,Stiedemann-Kessler,03/23/2025
654,Morrie,Diamond,mdiamondi5@squidoo.com,Male,2009,Kia,Mohave/Borrego,Madison,Wisconsin,53790,US,43.0696,-89.4239,36642,"Dibbert, Kihn and Davis",12/19/2023
655,Sigismondo,O'Driscole,sodriscolei6@de.vu,Non-binary,1996,Infiniti,J,Portland,Oregon,97286,US,45.5806,-122.3748,52638,"Strosin, Watsica and Jast",06/22/2023
656,Wallis,Burnet,wburneti7@myspace.com,Genderfluid,2005,Mercedes-Benz,SLK-Class,Hartford,Connecticut,06152,US,41.7918,-72.7188,75271,"Goodwin, McCullough and Beer",11/01/2024
657,Bone,Clow,bclowi8@usnews.com,Male,2007,Cadillac,STS,Albany,New York,12222,US,42.6853,-73.8253,91363,"Moen, Bogisich and Koch",06/11/2023
658,Marv,Sage,msagei9@nih.gov,Male,2007,Nissan,Altima,Valley Forge,Pennsylvania,19495,US,39.9832,-75.7481,52324,"O'Hara, Grimes and Bins",04/28/2023
659,Dora,Startin,dstartinia@dell.com,Female,2002,Chevrolet,Venture,Fresno,California,93721,US,36.7377,-119.7843,46744,Koepp-Heller,09/11/2022
660,Brenden,Shildrick,bshildrickib@blinklist.com,Genderqueer,1995,Chevrolet,Suburban 1500,Youngstown,Ohio,44505,US,41.1257,-80.6277,75740,Hoppe Group,04/20/2022
661,Nanine,Fidgeon,nfidgeonic@baidu.com,Female,2012,Scion,iQ,Sacramento,California,94273,US,38.3774,-121.4444,98369,Stehr-Koss,03/26/2025
662,Kimberly,Blissitt,kblissittid@boston.com,Female,2008,Chevrolet,Express,Savannah,Georgia,31405,US,32.0391,-81.1242,87419,Stanton-Walker,06/20/2025
663,Jennie,Schorah,jschorahie@washington.edu,Female,1986,Pontiac,Fiero,Inglewood,California,90310,US,33.7866,-118.2987,54005,Renner-Murazik,07/15/2024
664,Thorpe,Gudgen,tgudgenif@mit.edu,Male,1994,Land Rover,Range Rover,Madison,Wisconsin,53710,US,43.0696,-89.4239,99421,Boehm LLC,11/03/2022
665,Katleen,Van Eeden,kvaneedenig@yahoo.co.jp,Female,1990,Ford,Ranger,Waco,Texas,76705,US,31.6403,-97.0963,79004,Schmitt-Armstrong,01/25/2025
666,Mike,Yandle,myandleih@toplist.cz,Genderqueer,2012,Ford,E-Series,San Diego,California,92105,US,32.7423,-117.0947,55233,Lueilwitz LLC,02/11/2025
667,Feodora,Furby,ffurbyii@youtu.be,Female,2001,BMW,5 Series,San Antonio,Texas,78278,US,29.4375,-98.4616,91222,Raynor Inc,05/29/2025
668,Wernher,Swansborough,wswansboroughij@ft.com,Agender,2013,Volvo,C70,Lynchburg,Virginia,24515,US,37.4009,-79.1785,71341,Ebert-Kulas,07/01/2023
669,Elmira,Brailey,ebraileyik@rediff.com,Female,1997,Mazda,Millenia,Nashville,Tennessee,37205,US,36.1114,-86.869,55757,Kohler LLC,08/01/2022
670,Kenton,Arrigo,karrigoil@cnn.com,Male,1998,Lexus,GS,Jeffersonville,Indiana,47134,US,38.2868,-85.7321,55137,Johnston-Mueller,02/28/2022
671,Emilio,Lanchbery,elanchberyim@walmart.com,Male,1997,Mercedes-Benz,SL-Class,Edmond,Oklahoma,73034,US,35.6665,-97.4798,90179,Sauer Inc,08/15/2024
672,Tallie,De Giorgis,tdegiorgisin@barnesandnoble.com,Male,2011,Dodge,Durango,Oakland,California,94611,US,37.8471,-122.2223,63883,Pfannerstill-Ankunding,12/16/2024
673,Tod,Nibley,tnibleyio@zdnet.com,Male,2001,Mercury,Grand Marquis,Garden Grove,California,92844,US,33.7661,-117.9738,32855,"Lowe, Wintheiser and Harber",01/23/2026
674,See,Fintoph,sfintophip@ovh.net,Male,2004,Suzuki,Vitara,New York City,New York,10170,US,40.7526,-73.9755,69215,Lowe-White,04/02/2025
675,Celesta,Vaudre,cvaudreiq@issuu.com,Female,2006,Toyota,Matrix,Topeka,Kansas,66642,US,39.0429,-95.7697,83319,"Raynor, Lesch and Kilback",06/19/2023
676,Conant,Trusslove,ctrussloveir@slideshare.net,Male,1994,Buick,Park Avenue,Albany,New York,12242,US,42.6149,-73.9708,55674,Donnelly and Sons,04/02/2022
677,Meta,Eagger,meaggeris@amazon.co.uk,Female,1997,Hyundai,Elantra,Huntsville,Alabama,35895,US,34.734,-86.5229,85855,Nitzsche and Sons,01/08/2026
678,Lesli,Maystone,lmaystoneit@theguardian.com,Female,2001,Honda,S2000,Lansing,Michigan,48956,US,42.7325,-84.5587,57295,"Dickens, Quitzon and Mosciski",02/14/2022
679,Donnie,Sharrocks,dsharrocksiu@utexas.edu,Male,2008,Volvo,XC70,Little Rock,Arkansas,72231,US,34.8019,-92.1894,71123,Nienow LLC,10/19/2024
680,Kimble,Kitney,kkitneyiv@theatlantic.com,Male,1958,BMW,600,Lansing,Michigan,48912,US,42.7371,-84.5244,57401,"Walsh, Zieme and Moen",04/01/2022
681,Patricia,Mozzi,pmozziiw@indiatimes.com,Female,2009,Subaru,Impreza,Des Moines,Iowa,50369,US,41.6727,-93.5722,51286,"Hickle, Parisian and Ruecker",08/06/2022
682,Monty,Shilladay,mshilladayix@dmoz.org,Male,2001,Ford,F150,White Plains,New York,10606,US,41.0247,-73.7781,72433,Swift Inc,01/25/2025
683,Normie,Sapsford,nsapsfordiy@pbs.org,Male,1997,Subaru,Alcyone SVX,Stockton,California,95205,US,37.9625,-121.2624,52479,Wunsch-Rice,08/31/2023
684,Jack,Horlock,jhorlockiz@ucoz.com,Male,2012,GMC,Acadia,Ocala,Florida,34474,US,29.1565,-82.2095,60231,Gleason Group,12/19/2025
685,Kyle,Eagers,keagersj0@nymag.com,Agender,1998,Toyota,Tacoma,Las Vegas,Nevada,89160,US,35.9279,-114.9721,51911,Cruickshank and Sons,01/03/2025
686,Lari,Bricklebank,lbricklebankj1@toplist.cz,Female,1990,Mitsubishi,Mirage,Washington,District of Columbia,20546,US,38.891,-77.0211,37085,Pfeffer Inc,04/17/2025
687,Merci,Wildman,mwildmanj2@bandcamp.com,Female,1985,Lincoln,Town Car,Memphis,Tennessee,38114,US,35.0981,-89.9825,45268,"Lowe, Cummerata and Maggio",11/12/2022
688,Edlin,Dummer,edummerj3@devhub.com,Male,2005,Land Rover,Freelander,Washington,District of Columbia,20380,US,38.8933,-77.0146,85555,Hackett LLC,03/01/2025
689,Cathleen,Joscelin,cjoscelinj4@freewebs.com,Female,2005,Audi,TT,Trenton,New Jersey,08695,US,40.2805,-74.712,51896,"Fritsch, Bogisich and Johns",09/13/2023
690,Kania,Gauden,kgaudenj5@usgs.gov,Female,2005,Hyundai,Tucson,Seattle,Washington,98166,US,47.4511,-122.353,48477,"Breitenberg, Rolfson and Boyer",01/29/2025
691,Maribel,Crossfeld,mcrossfeldj6@state.tx.us,Polygender,2010,Hyundai,Veracruz,Houston,Texas,77075,US,29.6223,-95.26,96437,Nikolaus Group,11/25/2023
692,Ange,Bunney,abunneyj7@ocn.ne.jp,Female,1996,Oldsmobile,Ciera,Honolulu,Hawaii,96815,US,21.2811,-157.8266,75467,Effertz LLC,12/29/2024
693,Dulci,Rulten,drultenj8@ebay.com,Female,2003,Ford,Excursion,San Diego,California,92145,US,32.8891,-117.1005,47046,Considine-Steuber,12/06/2022
694,Corry,Frowen,cfrowenj9@house.gov,Female,2003,Mitsubishi,Lancer,Atlanta,Georgia,31136,US,33.7473,-84.3824,47364,Green-Johnson,11/27/2024
695,Silas,Stiggles,sstigglesja@printfriendly.com,Male,1991,Audi,100,Glendale,California,91210,US,33.7866,-118.2987,76889,Schulist and Sons,06/23/2025
696,Perri,Selly,psellyjb@stanford.edu,Female,1990,Mazda,MX-5,Rochester,New York,14639,US,43.286,-77.6843,41827,Terry-Wunsch,07/07/2022
697,Leese,Harnwell,lharnwelljc@linkedin.com,Female,2002,BMW,M3,Sacramento,California,94245,US,38.3774,-121.4444,48637,Langworth-Beatty,10/13/2022
698,Selig,Gask,sgaskjd@google.com,Male,1996,Dodge,Dakota,New York City,New York,10029,US,40.7918,-73.9448,39633,Brakus-Oberbrunner,03/05/2023
699,Cazzie,Errichiello,cerrichielloje@nhs.uk,Male,1985,Mitsubishi,Galant,Anchorage,Alaska,99507,US,61.1535,-149.8289,97780,Christiansen-Wilkinson,02/27/2022
700,Logan,Salliere,lsallierejf@bloomberg.com,Male,2004,Chrysler,Sebring,Ocala,Florida,34479,US,29.2541,-82.1095,57772,Schulist Group,01/31/2023
701,Vicki,Berre,vberrejg@businesswire.com,Genderfluid,2005,Cadillac,Escalade EXT,Rockford,Illinois,61105,US,42.3254,-89.1705,42521,Volkman Inc,05/31/2024
702,Micheal,Lelliott,mlelliottjh@imgur.com,Male,2000,Ford,Escort,Knoxville,Tennessee,37995,US,35.9901,-83.9622,95848,"Block, Kerluke and Ullrich",03/16/2022
703,Dyann,Causton,dcaustonji@google.com,Female,2006,Volkswagen,Rabbit,Harrisburg,Pennsylvania,17126,US,40.2618,-76.88,95257,Schumm Inc,11/12/2025
704,Bel,Boynton,bboyntonjj@ezinearticles.com,Female,1970,Ford,Torino,Omaha,Nebraska,68124,US,41.2338,-96.0495,48187,Cole Inc,11/26/2022
705,Nye,Longo,nlongojk@alexa.com,Male,2007,Pontiac,Grand Prix,North Hollywood,California,91606,US,34.1872,-118.3865,77925,"Hilll, Casper and Wolff",09/08/2023
706,Caro,Glawsop,cglawsopjl@nytimes.com,Female,1996,Cadillac,Seville,Lafayette,Indiana,47905,US,40.4001,-86.8602,66521,Heaney-Shanahan,05/03/2025
707,Roby,Thomassin,rthomassinjm@ihg.com,Female,2011,Chevrolet,Express,Tucson,Arizona,85732,US,32.0848,-110.7122,37527,O'Hara-Rau,07/06/2023
708,Nonie,Booley,nbooleyjn@ed.gov,Female,1996,Dodge,Ram 2500 Club,Columbus,Georgia,31998,US,32.491,-84.8741,94564,Goldner-Lang,10/12/2024
709,Nichol,Louis,nlouisjo@cisco.com,Female,2002,Audi,S6,Trenton,New Jersey,08619,US,40.2418,-74.6962,51919,"Medhurst, Pfeffer and O'Hara",10/10/2022
710,Alana,McQuarrie,amcquarriejp@forbes.com,Agender,1967,Pontiac,GTO,Atlanta,Georgia,30311,US,33.723,-84.4702,96664,Hessel Inc,01/11/2025
711,Florri,Joney,fjoneyjq@typepad.com,Non-binary,1992,Geo,Metro,Springfield,Virginia,22156,US,38.8318,-77.2888,92304,"Waters, Harvey and Labadie",10/12/2022
712,Gabie,Kiltie,gkiltiejr@csmonitor.com,Polygender,1989,Audi,80,Topeka,Kansas,66617,US,39.1271,-95.6384,77395,VonRueden and Sons,11/19/2022
713,Udell,Jacob,ujacobjs@yandex.ru,Male,1995,Mazda,323,Charleston,West Virginia,25313,US,38.4142,-81.7582,68819,Keebler-Graham,06/11/2025
714,Stevie,Buckthought,sbuckthoughtjt@businessinsider.com,Male,1995,Toyota,Tacoma,San Antonio,Texas,78260,US,29.7026,-98.4759,95778,Nienow-Wintheiser,09/24/2022
715,Hart,Jervoise,hjervoiseju@patch.com,Male,2006,Saturn,Ion,San Diego,California,92153,US,33.0169,-116.846,54771,"Torp, Rutherford and Mayert",12/24/2022
716,Tore,Letts,tlettsjv@hao123.com,Male,1999,Chrysler,Sebring,Houston,Texas,77005,US,29.7179,-95.4263,97827,"Tillman, Sauer and Herman",11/17/2025
717,Nelle,Stodhart,nstodhartjw@techcrunch.com,Female,1995,Chevrolet,Tahoe,Fort Myers,Florida,33913,US,26.5228,-81.7065,80944,"Bartoletti, Fahey and Kshlerin",03/21/2023
718,Evania,Allderidge,eallderidgejx@amazon.co.jp,Female,1987,Lincoln,Continental,Henderson,Nevada,89012,US,36.0119,-115.0433,53057,"Ledner, Rutherford and Heller",01/18/2023
719,Brigida,De Lasci,bdelascijy@ebay.co.uk,Female,2006,Jeep,Wrangler,San Diego,California,92132,US,32.6437,-117.1384,95179,Turner-Kilback,10/05/2024
720,Luisa,Spinas,lspinasjz@time.com,Female,1996,Lexus,SC,Saint Paul,Minnesota,55108,US,44.9806,-93.1771,98476,Weber-Schowalter,11/25/2022
721,Selia,Beswetherick,sbeswetherickk0@paypal.com,Female,2005,Audi,A6,Waco,Texas,76711,US,31.5175,-97.1547,72691,Wolf-Becker,04/07/2023
722,Ramona,Cheyne,rcheynek1@hhs.gov,Female,2009,Lexus,SC,Knoxville,Tennessee,37939,US,35.9901,-83.9622,34420,Weber LLC,09/20/2024
723,Magdaia,Parcells,mparcellsk2@adobe.com,Female,2010,Chevrolet,Silverado 3500,Washington,District of Columbia,20540,US,38.8874,-77.0047,91036,"Bode, Hartmann and King",11/30/2024
724,Noni,Grinyov,ngrinyovk3@networkadvertising.org,Genderfluid,2006,Hummer,H2 SUV,Houston,Texas,77045,US,29.6297,-95.4382,30112,"Blanda, Oberbrunner and Zulauf",03/10/2023
725,Leonardo,Doree,ldoreek4@cbsnews.com,Male,1998,Plymouth,Neon,New York City,New York,10203,US,40.7808,-73.9772,47760,Grimes LLC,03/30/2025
726,Glori,Faro,gfarok5@wunderground.com,Female,2005,GMC,Envoy XUV,Atlanta,Georgia,31165,US,33.7629,-84.4226,61941,Predovic Group,06/25/2024
727,Perle,Jouannot,pjouannotk6@ca.gov,Female,2003,Lexus,GX,Richmond,Virginia,23260,US,37.5242,-77.4932,56115,"Leffler, Towne and Abernathy",05/15/2023
728,Dillon,Miko,dmikok7@boston.com,Male,2012,Suzuki,SX4,Phoenix,Arizona,85030,US,33.2765,-112.1872,50203,Hamill-Conn,06/26/2025
729,Enrika,Norcutt,enorcuttk8@cafepress.com,Female,2001,Mercedes-Benz,SLK-Class,Savannah,Georgia,31422,US,31.9714,-81.0716,87250,Schumm LLC,06/29/2022
730,Myrtie,Suttell,msuttellk9@vinaora.com,Female,2003,Nissan,Murano,Huntington,West Virginia,25726,US,38.4134,-82.2774,39784,Stiedemann Group,10/13/2025
731,Padgett,Paulmann,ppaulmannka@java.com,Male,2000,Honda,S2000,Fayetteville,North Carolina,28314,US,35.0583,-79.008,40365,"Koepp, Luettgen and Pollich",07/26/2025
732,Ezechiel,Srawley,esrawleykb@ask.com,Male,1985,Volkswagen,Golf,Santa Clara,California,95054,US,37.3924,-121.9623,54896,"Wiegand, Wyman and Paucek",01/08/2024
733,Georgina,Lefley,glefleykc@apache.org,Female,1994,Porsche,911,Topeka,Kansas,66699,US,39.0429,-95.7697,54161,Dickens LLC,06/16/2025
734,Anselma,McSporon,amcsporonkd@craigslist.org,Female,1998,Dodge,Ram 2500 Club,New York City,New York,10090,US,40.7808,-73.9772,48014,Conn LLC,06/12/2022
735,Alla,Jobe,ajobeke@youtu.be,Female,2007,Ford,Five Hundred,New York City,New York,10125,US,40.7808,-73.9772,96348,Considine Group,07/02/2023
736,Bea,Flacknell,bflacknellkf@hhs.gov,Female,2000,Honda,Prelude,Austin,Texas,78710,US,30.352,-97.7151,88465,Renner-Barton,08/28/2025
737,Goldarina,Gogie,ggogiekg@e-recht24.de,Female,2011,Porsche,Boxster,Portsmouth,New Hampshire,00214,US,43.0059,-71.0132,51917,"Williamson, Russel and Parker",04/07/2025
738,Jobyna,Stoad,jstoadkh@spotify.com,Female,2001,Pontiac,Firebird,Albany,New York,12262,US,42.6149,-73.9708,69543,"Ledner, Lehner and Graham",10/26/2024
739,Kelcey,Leyshon,kleyshonki@github.io,Female,1993,Plymouth,Laser,Indianapolis,Indiana,46216,US,39.8647,-86.0136,63157,Satterfield LLC,05/24/2022
740,Etheline,Jiggle,ejigglekj@slashdot.org,Female,2007,Hyundai,Santa Fe,Arlington,Virginia,22217,US,38.8808,-77.113,46381,Ritchie-Lynch,06/11/2024
741,Shelby,Hearons,shearonskk@rakuten.co.jp,Male,2006,Mercedes-Benz,M-Class,Philadelphia,Pennsylvania,19104,US,39.9597,-75.2024,99548,Hauck Group,03/20/2023
742,Cointon,Goodburn,cgoodburnkl@ucoz.ru,Male,2004,Volkswagen,Touareg,Moreno Valley,California,92555,US,33.9377,-117.1851,44522,"Jakubowski, Champlin and DuBuque",03/18/2025
743,Linette,Trebbett,ltrebbettkm@purevolume.com,Female,2002,GMC,Savana 1500,Washington,District of Columbia,20036,US,38.9087,-77.0414,37114,"Schaden, Marvin and Raynor",10/19/2025
744,Zia,Saltrese,zsaltresekn@hubpages.com,Female,2012,Dodge,Caravan,Memphis,Tennessee,38181,US,35.2017,-89.9715,62383,Abbott Inc,10/30/2023
745,Charmane,Simeon,csimeonko@yale.edu,Female,1993,Oldsmobile,Cutlass Cruiser,Schaumburg,Illinois,60193,US,42.0144,-88.0935,67302,Kirlin and Sons,05/08/2023
746,Alisander,Le Hucquet,alehucquetkp@goo.ne.jp,Male,2011,Volkswagen,GTI,Sioux Falls,South Dakota,57110,US,43.5486,-96.6332,44204,"White, Brown and Greenholt",08/26/2025
747,Tiphani,Cubbit,tcubbitkq@bandcamp.com,Female,2006,Volkswagen,Golf,Fort Worth,Texas,76192,US,32.7714,-97.2915,53681,Emmerich LLC,12/03/2023
748,Solomon,Duetsche,sduetschekr@harvard.edu,Male,1995,Dodge,Dakota Club,Dayton,Ohio,45490,US,39.7505,-84.2686,99858,Denesik-Schiller,10/10/2024
749,Wayland,Grisdale,wgrisdaleks@umn.edu,Male,1996,Lexus,SC,Austin,Texas,78715,US,30.4501,-97.4865,32817,Marquardt-Kreiger,03/11/2025
750,Mandel,Backes,mbackeskt@tripadvisor.com,Male,1980,Chevrolet,Citation,Las Vegas,Nevada,89125,US,36.2235,-115.2655,45130,"Larson, Harris and Little",08/25/2024
751,Odey,Berisford,oberisfordku@t-online.de,Male,2002,Subaru,Outback,Seattle,Washington,98148,US,47.4441,-122.3249,60664,Schinner Inc,05/19/2024
752,Onfroi,Bothie,obothiekv@studiopress.com,Agender,1993,Jaguar,XJ Series,New Orleans,Louisiana,70142,US,30.033,-89.8826,83064,Leannon-Fadel,02/25/2023
753,Gunter,Tayler,gtaylerkw@uol.com.br,Male,1994,Volkswagen,Golf III,San Francisco,California,94164,US,37.7848,-122.7278,62100,King-Jast,09/23/2022
754,Ignacio,Pargiter,ipargiterkx@lycos.com,Male,2006,GMC,Envoy,Chicago,Illinois,60674,US,41.8119,-87.6873,69044,Block and Sons,08/14/2025
755,Horatius,Humpherson,hhumphersonky@thetimes.co.uk,Male,1995,GMC,3500 Club Coupe,Akron,Ohio,44305,US,41.076,-81.4644,77726,Parisian Group,08/28/2025
756,Tris,Hallwood,thallwoodkz@ucoz.com,Male,2011,Nissan,Altima,Charlotte,North Carolina,28242,US,35.26,-80.8042,58773,"Wuckert, Runolfsson and O'Connell",05/28/2022
757,Loni,Pitcock,lpitcockl0@123-reg.co.uk,Female,2003,Dodge,Ram Van 3500,Arlington,Virginia,22205,US,38.8836,-77.1395,77608,"Shanahan, Terry and Emmerich",02/20/2024
758,Ulrich,Cowitz,ucowitzl1@tiny.cc,Male,2004,Cadillac,Escalade ESV,Vancouver,Washington,98687,US,45.8016,-122.5203,71140,"Fisher, Huel and Stark",12/03/2023
759,Darlene,Alleway,dallewayl2@prweb.com,Genderfluid,2005,Hyundai,Accent,Silver Spring,Maryland,20918,US,39.144,-77.2076,85330,Bednar Group,01/31/2025
760,Anthony,Piddick,apiddickl3@fastcompany.com,Male,2009,Kia,Rondo,Waterbury,Connecticut,06705,US,41.5503,-72.9963,66807,"Champlin, Leuschke and Hane",10/24/2023
761,Nealson,Boase,nboasel4@gizmodo.com,Male,2003,Dodge,Neon,Houston,Texas,77223,US,29.834,-95.4342,93931,O'Reilly-Lubowitz,02/21/2025
762,Hale,Silly,hsillyl5@soundcloud.com,Male,2009,Pontiac,G6,Dayton,Ohio,45426,US,39.7982,-84.3211,65910,Bashirian-Von,05/27/2022
763,Jacob,Charlin,jcharlinl6@infoseek.co.jp,Male,2008,Audi,S5,Portland,Oregon,97216,US,45.5137,-122.5569,66093,Lind-Crooks,11/17/2024
764,Dorolisa,Hillan,dhillanl7@nature.com,Female,2008,Audi,A5,Des Moines,Iowa,50936,US,41.6727,-93.5722,37016,Crooks-Thiel,02/20/2025
765,Tristam,Lenglet,tlengletl8@abc.net.au,Male,2007,Mercedes-Benz,M-Class,Honolulu,Hawaii,96840,US,21.3068,-157.8607,61969,Purdy-Gerlach,05/19/2025
766,Desdemona,Vanelli,dvanellil9@ox.ac.uk,Female,2001,Honda,Civic,Fort Lauderdale,Florida,33355,US,26.1457,-80.4483,57142,Ebert-Schimmel,04/25/2022
767,Jeff,Howselee,jhowseleela@nifty.com,Male,1997,Oldsmobile,Cutlass,Saint Louis,Missouri,63116,US,38.5814,-90.2625,58683,Little-Skiles,08/12/2024
768,Bayard,Drinkeld,bdrinkeldlb@arizona.edu,Male,2011,Chevrolet,Suburban 1500,Aurora,Colorado,80045,US,39.7467,-104.8384,46302,"Anderson, Runte and Deckow",07/24/2023
769,Burtie,Jerdein,bjerdeinlc@netscape.com,Male,1996,Buick,Riviera,Evansville,Indiana,47747,US,37.9971,-87.575,77529,"Cartwright, Prohaska and Bradtke",10/12/2024
770,Dareen,Rickerby,drickerbyld@addthis.com,Female,2000,Pontiac,Sunfire,Worcester,Massachusetts,01605,US,42.2894,-71.7888,86633,"Heller, Cole and Stokes",05/11/2024
771,Reginald,Kondratyuk,rkondratyukle@dedecms.com,Male,2005,Nissan,Quest,Atlanta,Georgia,30351,US,33.8444,-84.474,91964,Larkin-Hartmann,04/06/2022
772,Woodie,Burgott,wburgottlf@washington.edu,Male,2012,Suzuki,Grand Vitara,Lake Charles,Louisiana,70616,US,30.2642,-93.3265,88789,Pollich-Kshlerin,09/13/2023
773,Arluene,Fernley,afernleylg@miibeian.gov.cn,Female,1986,Mercury,Grand Marquis,Savannah,Georgia,31410,US,32.0175,-80.997,89322,Schimmel-Johnston,01/09/2026
774,Ellerey,Farloe,efarloelh@hp.com,Male,2004,Subaru,Forester,San Antonio,Texas,78225,US,29.3875,-98.5245,39255,Gerlach-Mann,03/28/2024
775,Tim,Roe,troeli@usgs.gov,Male,2009,Chevrolet,Silverado 2500,Jackson,Mississippi,39296,US,32.3113,-90.3972,40401,Champlin-Miller,08/17/2025
776,Dave,Nickoll,dnickolllj@fda.gov,Agender,2006,Lincoln,Town Car,Pensacola,Florida,32590,US,30.6143,-87.2758,72042,Miller-Funk,02/15/2025
777,Celesta,Moyers,cmoyerslk@chronoengine.com,Female,2010,Lexus,LS Hybrid,Dayton,Ohio,45403,US,39.7617,-84.1498,50014,"Dare, Robel and Rosenbaum",05/23/2022
778,Ellie,Plomer,eplomerll@cnet.com,Female,1986,Pontiac,Fiero,Sacramento,California,95813,US,38.6026,-121.4475,87035,Murazik-Pacocha,12/24/2024
779,Gayelord,Braunds,gbraundslm@ebay.com,Male,1964,Pontiac,Grand Prix,Duluth,Georgia,30096,US,33.9845,-84.1529,86663,"Bailey, Hilll and Hintz",12/14/2022
780,Giusto,Howes,ghowesln@ucsd.edu,Male,2011,Chevrolet,Cruze,Portsmouth,New Hampshire,00214,US,43.0059,-71.0132,54152,Wyman and Sons,01/13/2024
781,Ethelyn,Kumaar,ekumaarlo@cargocollective.com,Female,1992,Mitsubishi,Pajero,Daytona Beach,Florida,32123,US,29.0227,-81.1722,51320,Pacocha-Nicolas,09/29/2025
782,Amelie,Clemson,aclemsonlp@360.cn,Female,2007,Bentley,Continental,Buffalo,New York,14269,US,42.7684,-78.8871,70182,Corwin-Pfeffer,10/19/2025
783,Dennis,Lafuente,dlafuentelq@webeden.co.uk,Genderfluid,1992,BMW,M5,Anaheim,California,92812,US,33.817,-117.9286,57907,Braun Group,02/25/2024
784,Chantalle,Shird,cshirdlr@i2i.jp,Female,2007,Mazda,Mazda5,Appleton,Wisconsin,54915,US,44.2425,-88.3564,56936,Schamberger-Lehner,08/20/2023
785,Vidovic,Checchetelli,vchecchetellils@dedecms.com,Male,2004,Infiniti,M,Pasadena,California,91186,US,33.7866,-118.2987,49862,Walsh-Ward,11/25/2024
786,Carlene,Nuccii,cnucciilt@home.pl,Female,1997,Saab,9000,Reno,Nevada,89550,US,39.5387,-119.8225,49871,Boyer-Kshlerin,12/20/2024
787,Valaree,Mardy,vmardylu@opera.com,Female,2001,Chrysler,Town & Country,Orange,California,92862,US,33.7915,-117.714,32325,"Blanda, Larkin and Mante",08/19/2025
788,Jayne,Seeler,jseelerlv@de.vu,Female,2011,Nissan,Quest,San Francisco,California,94110,US,37.7509,-122.4153,69247,Reilly-Ebert,09/11/2024
789,Gayle,Bennetto,gbennettolw@ox.ac.uk,Male,2006,Volvo,S80,Bethesda,Maryland,20892,US,39.0024,-77.1034,89525,"Koelpin, Hickle and Gerhold",05/20/2025
790,Nate,Leathlay,nleathlaylx@aol.com,Male,2008,Nissan,Maxima,Salt Lake City,Utah,84170,US,40.6681,-111.9083,55771,"Stokes, Welch and Blick",04/30/2024
791,Lynnell,Hawksby,lhawksbyly@weibo.com,Female,1996,Chevrolet,S10,San Angelo,Texas,76905,US,31.4647,-100.39,78560,Hirthe Inc,08/17/2022
792,Hilarius,Galley,hgalleylz@senate.gov,Male,1994,Chrysler,Concorde,San Jose,California,95123,US,37.2458,-121.8306,44335,Glover-Schmitt,06/12/2022
793,Tremaine,Cammish,tcammishm0@flavors.me,Male,2004,Pontiac,Montana,Charleston,South Carolina,29411,US,32.8715,-79.9947,58008,Walker LLC,09/20/2025
794,Fedora,Kleinert,fkleinertm1@latimes.com,Female,1987,Acura,Legend,Anchorage,Alaska,99599,US,61.1872,-149.8804,52130,Turcotte-Fadel,04/21/2024
795,Anastasia,Noweak,anoweakm2@google.com.br,Female,2009,GMC,Envoy,Indianapolis,Indiana,46239,US,39.7265,-86.0005,62098,Mayer-Kassulke,04/05/2022
796,Gabriella,De Mitri,gdemitrim3@prlog.org,Female,1998,GMC,2500 Club Coupe,Louisville,Kentucky,40298,US,38.189,-85.6768,78957,O'Connell-Torphy,07/25/2023
797,Kati,Smithers,ksmithersm4@booking.com,Bigender,1995,Nissan,Pathfinder,Oklahoma City,Oklahoma,73167,US,35.5514,-97.4075,71109,Dach and Sons,03/18/2022
798,Gleda,Matteacci,gmatteaccim5@wp.com,Female,1986,Pontiac,Firefly,Dallas,Texas,75260,US,32.7673,-96.7776,64173,Hudson and Sons,12/29/2023
799,Wren,Towlson,wtowlsonm6@angelfire.com,Female,1992,Mercedes-Benz,W201,Garden Grove,California,92645,US,33.783,-118.0256,37838,Quigley and Sons,08/25/2024
800,Lovell,Scullion,lscullionm7@examiner.com,Male,1987,Buick,Skylark,Detroit,Michigan,48232,US,42.2399,-83.1508,78116,Goldner-Medhurst,01/27/2026
801,Bibbie,Rivitt,brivittm8@wiley.com,Female,1998,Nissan,Quest,Baltimore,Maryland,21211,US,39.3316,-76.6336,65415,"Volkman, Schneider and Miller",11/05/2023
802,Vassili,Bilborough,vbilboroughm9@creativecommons.org,Male,2009,Audi,S8,Charleston,South Carolina,29411,US,32.8715,-79.9947,81900,"Mueller, Sporer and Huel",03/26/2023
803,Silvie,Harget,shargetma@nasa.gov,Female,1993,Land Rover,Range Rover,Charleston,West Virginia,25336,US,38.2968,-81.5547,68349,Berge LLC,09/05/2022
804,Claudelle,Leader,cleadermb@china.com.cn,Female,1992,Acura,NSX,Fort Myers,Florida,33994,US,26.5529,-81.9486,92353,Goyette Inc,09/17/2025
805,Halsey,Douse,hdousemc@mozilla.com,Male,2004,Chevrolet,Impala,Troy,Michigan,48098,US,42.5991,-83.1789,76750,"Denesik, Johnson and Huel",05/10/2024
806,Kort,Endean,kendeanmd@nydailynews.com,Male,2004,Infiniti,M,Washington,District of Columbia,20535,US,38.8941,-77.0251,93461,Schowalter LLC,06/05/2023
807,Shawn,Gohn,sgohnme@columbia.edu,Male,2012,Nissan,Quest,Vienna,Virginia,22184,US,38.8318,-77.2888,56445,Harber and Sons,09/04/2025
808,Rog,Lepick,rlepickmf@reddit.com,Male,2010,Audi,A4,Houston,Texas,77276,US,29.7575,-95.3668,33361,Gusikowski-West,11/17/2025
809,Andree,Crowcum,acrowcummg@yellowpages.com,Polygender,2009,BMW,7 Series,Bethesda,Maryland,20816,US,38.9585,-77.1153,83811,Effertz Inc,02/23/2025
810,Valentino,Skittrall,vskittrallmh@youku.com,Male,2003,Lincoln,LS,Tulsa,Oklahoma,74193,US,36.1398,-96.0297,99861,Connelly LLC,06/01/2022
811,Quinta,Baldock,qbaldockmi@google.com,Female,2001,Lincoln,Town Car,Murfreesboro,Tennessee,37131,US,35.8596,-86.421,73026,Wunsch LLC,08/23/2023
812,Osbourne,Meaden,omeadenmj@g.co,Male,2006,Chevrolet,SSR,Huntsville,Alabama,35895,US,34.734,-86.5229,54625,Balistreri-Tromp,09/30/2023
813,Thibaut,Demke,tdemkemk@themeforest.net,Male,2009,Mercedes-Benz,M-Class,Youngstown,Ohio,44555,US,41.1039,-80.6436,90990,Willms-Cummings,05/07/2025
814,Rachael,Costar,rcostarml@privacy.gov.au,Female,2005,Subaru,Outback,Sarasota,Florida,34233,US,27.2866,-82.477,63666,Cole-Flatley,06/11/2024
815,Meier,Spore,msporemm@wiley.com,Male,1992,Cadillac,Fleetwood,Fort Worth,Texas,76134,US,32.6469,-97.3325,84667,Cummings-Flatley,01/03/2024
816,Anatol,Karel,akarelmn@about.me,Male,1993,Chrysler,LeBaron,West Palm Beach,Florida,33405,US,26.67,-80.0582,78605,"Gerhold, Robel and Bogan",01/17/2025
817,Judd,Shovell,jshovellmo@jigsy.com,Male,1999,Pontiac,Bonneville,Newark,Delaware,19725,US,39.5645,-75.597,46713,Orn and Sons,08/10/2024
818,Reece,Caldaro,rcaldaromp@e-recht24.de,Male,2005,Buick,LeSabre,Oklahoma City,Oklahoma,73124,US,35.5514,-97.4075,76730,"Kuhic, Fay and Yost",10/20/2024
819,Nessie,Alexandrou,nalexandroumq@tmall.com,Genderfluid,2012,Kia,Forte,El Paso,Texas,88574,US,31.6948,-106.3,44947,Wiegand-Koepp,09/12/2024
820,Samantha,Koubu,skoubumr@wordpress.org,Female,2009,Jeep,Commander,Brooklyn,New York,11215,US,40.6669,-73.9828,86980,Mohr-Lemke,02/12/2025
821,Aubrie,Darnbrough,adarnbroughms@creativecommons.org,Female,1993,Nissan,240SX,Kansas City,Kansas,66160,US,39.0966,-94.7495,88619,Bradtke-Sporer,11/21/2022
822,Filide,Scurrey,fscurreymt@over-blog.com,Female,2000,Plymouth,Prowler,Boise,Idaho,83732,US,43.4599,-116.244,57433,Frami-McCullough,12/14/2023
823,Standford,Remmer,sremmermu@elpais.com,Male,1984,Mitsubishi,Tredia,Austin,Texas,78721,US,30.2721,-97.6868,34084,Aufderhar-Stokes,03/26/2025
824,Lanita,Slaymaker,lslaymakermv@spiegel.de,Female,1998,Lotus,Esprit,Fairfield,Connecticut,06825,US,41.1928,-73.2402,92001,Mosciski-White,07/01/2022
825,Bobby,Philippard,bphilippardmw@wired.com,Bigender,2002,Chevrolet,Venture,Trenton,New Jersey,08695,US,40.2805,-74.712,77242,Daniel and Sons,05/11/2025
826,Guglielma,Kenna,gkennamx@google.com.au,Female,2011,Chevrolet,Silverado 1500,Roanoke,Virginia,24029,US,37.2742,-79.9579,88176,Emard-O'Keefe,09/10/2025
827,Rowe,Plume,rplumemy@slashdot.org,Female,1996,GMC,Savana 1500,New York City,New York,10099,US,40.7808,-73.9772,49280,"Schowalter, Veum and DuBuque",11/28/2022
828,Ester,Sandilands,esandilandsmz@craigslist.org,Female,2008,Toyota,Sienna,Columbia,South Carolina,29215,US,34.006,-80.9708,62500,O'Reilly-Walter,08/06/2024
829,Harrietta,Mulcock,hmulcockn0@chronoengine.com,Female,2004,Chevrolet,Impala,Dallas,Texas,75231,US,32.8756,-96.7495,71772,Hettinger and Sons,02/22/2025
830,Prue,Grigsby,pgrigsbyn1@auda.org.au,Female,1990,Saab,900,Evanston,Illinois,60208,US,42.0586,-87.6845,62084,Koch-Lynch,02/25/2023
831,Fionna,Rudgerd,frudgerdn2@fastcompany.com,Female,1995,Dodge,Stratus,Portland,Oregon,97286,US,45.5806,-122.3748,81132,Brown Inc,09/28/2022
832,Janene,Causton,jcaustonn3@irs.gov,Female,1999,Oldsmobile,Alero,Austin,Texas,78759,US,30.4036,-97.7526,48570,"Bartoletti, Mante and Muller",09/03/2023
833,Steffie,Oldridge,soldridgen4@vkontakte.ru,Female,1997,Mazda,MX-6,Birmingham,Alabama,35225,US,33.5446,-86.9292,84581,Treutel and Sons,02/08/2022
834,Sylvan,Marvin,smarvinn5@behance.net,Male,1992,Infiniti,Q,Kansas City,Missouri,64101,US,39.1024,-94.5986,60469,"Quitzon, Schmidt and Lueilwitz",06/14/2023
835,Nikolos,Dawby,ndawbyn6@harvard.edu,Agender,2006,Lincoln,Zephyr,Irvine,California,92717,US,33.6462,-117.8398,77034,"Stamm, Nitzsche and Berge",11/26/2025
836,Sheela,Dufton,sduftonn7@instagram.com,Female,1999,Land Rover,Discovery,Torrance,California,90505,US,33.8106,-118.3507,33540,Hegmann Group,09/27/2022
837,Tait,Hendricks,thendricksn8@mlb.com,Male,2008,Dodge,Nitro,Lawrenceville,Georgia,30045,US,33.9367,-83.9573,67475,"Beahan, White and Mayert",01/26/2024
838,Maridel,Durtnal,mdurtnaln9@prlog.org,Female,2009,Ford,Focus,Huntington,West Virginia,25770,US,38.4134,-82.2774,72320,"Kutch, Borer and Bins",12/21/2023
839,Marcella,Eborall,meborallna@nyu.edu,Female,1999,GMC,1500 Club Coupe,New Orleans,Louisiana,70116,US,29.9686,-90.0646,76678,Ankunding-Senger,08/22/2023
840,Juliane,Josefs,jjosefsnb@vimeo.com,Female,1996,Mercedes-Benz,C-Class,Corpus Christi,Texas,78465,US,27.777,-97.4632,36427,"Blanda, Schneider and Funk",04/22/2023
841,Guinna,Itzkin,gitzkinnc@ucoz.ru,Female,1996,Toyota,RAV4,Baton Rouge,Louisiana,70883,US,30.5159,-91.0804,56570,"Langosh, Kassulke and Kihn",12/15/2024
842,Elbertine,Shilling,eshillingnd@nature.com,Female,2006,Toyota,Camry,Charlotte,North Carolina,28256,US,35.26,-80.8042,70693,Konopelski Inc,12/21/2025
843,Ciro,Theakston,ctheakstonne@chron.com,Male,2011,Audi,A8,Huntsville,Alabama,35805,US,34.7059,-86.6165,45117,Dach-Kling,05/12/2025
844,Halley,Blose,hblosenf@businessweek.com,Female,1988,Pontiac,LeMans,Hialeah,Florida,33013,US,25.8594,-80.2725,57014,Russel-Stanton,05/11/2022
845,Cece,Brugsma,cbrugsmang@chronoengine.com,Male,2011,Kia,Soul,Torrance,California,90510,US,33.7866,-118.2987,35741,Hermann-Johnson,03/12/2024
846,Myrwyn,Phipp,mphippnh@google.cn,Male,2004,Kia,Rio,Portland,Oregon,97211,US,45.5653,-122.6448,58811,Corwin Inc,01/23/2023
847,Dex,Knoton,dknotonni@vkontakte.ru,Male,2003,Ford,ZX2,Chicago,Illinois,60641,US,41.9453,-87.7474,35794,"Bailey, Ledner and Pouros",03/24/2022
848,Antonia,Cremer,acremernj@soundcloud.com,Female,2006,Toyota,Solara,El Paso,Texas,88558,US,31.6948,-106.3,66318,Satterfield Inc,08/31/2024
849,Virgie,Brereton,vbreretonnk@amazon.co.jp,Male,2003,Honda,Civic Si,College Station,Texas,77844,US,30.6521,-96.341,63792,"Johnson, Osinski and Lockman",04/02/2022
850,Maura,Ibel,mibelnl@examiner.com,Polygender,1992,Chevrolet,Corvette,Denton,Texas,76205,US,33.1903,-97.1282,50369,Spinka Group,05/05/2022
851,Evangelina,Knivett,eknivettnm@constantcontact.com,Female,2011,Mazda,Mazda6,Asheville,North Carolina,28815,US,35.6203,-82.5286,82938,Reichert Group,02/03/2023
852,Starr,Snasel,ssnaselnn@europa.eu,Female,1997,Dodge,Dakota Club,Denver,Colorado,80291,US,39.7439,-104.9876,92976,"Runolfsson, Roberts and Kub",08/24/2023
853,Leilah,Slevin,lslevinno@smugmug.com,Female,2002,BMW,745,Springfield,Illinois,62794,US,39.7495,-89.606,78510,"Leannon, Torp and Kuphal",04/17/2023
854,Eli,Queree,equereenp@delicious.com,Male,1990,Mazda,MX-6,Indianapolis,Indiana,46295,US,39.7795,-86.1328,37317,Kuphal-Jacobson,01/15/2024
855,Rodger,Simonaitis,rsimonaitisnq@mtv.com,Male,2006,Toyota,Sequoia,Norfolk,Virginia,23504,US,36.8586,-76.2686,48283,"Schowalter, Lindgren and Bosco",12/24/2025
856,Hubert,Stolberger,hstolbergernr@clickbank.net,Male,1999,GMC,Suburban 2500,Oakland,California,94616,US,37.8044,-122.2698,32176,"Mohr, Graham and Heathcote",02/26/2024
857,Michaelina,Harnott,mharnottns@nasa.gov,Female,1997,Subaru,Impreza,Baton Rouge,Louisiana,70894,US,30.5159,-91.0804,82726,"Wilkinson, Daugherty and Barton",04/27/2022
858,Sophia,Stuckow,sstuckownt@pbs.org,Female,2002,Isuzu,Rodeo Sport,Columbus,Ohio,43215,US,39.9671,-83.0044,80361,Bruen-Pagac,04/17/2025
859,Kathy,Duddy,kduddynu@themeforest.net,Female,2009,Ford,F350,White Plains,New York,10633,US,41.119,-73.733,67578,"Cummings, Jones and Pollich",10/05/2022
860,Murial,Servante,mservantenv@list-manage.com,Female,2004,Isuzu,Axiom,Inglewood,California,90305,US,33.9583,-118.3258,43987,"Ziemann, Hagenes and Hudson",11/23/2023
861,Lida,Ladlow,lladlownw@bloglines.com,Agender,2012,Jaguar,XJ,Rochester,New York,14604,US,43.1577,-77.608,81451,Ruecker-Luettgen,11/06/2024
862,Bernice,Joint,bjointnx@state.tx.us,Female,2009,Cadillac,DTS,Melbourne,Florida,32941,US,27.9246,-80.5235,60720,"Terry, Bauch and Quitzon",04/16/2024
863,Marcile,Kermannes,mkermannesny@joomla.org,Female,1997,Ford,Crown Victoria,Honolulu,Hawaii,96835,US,21.3278,-157.8294,36100,"Kertzmann, Altenwerth and Runolfsson",01/08/2026
864,Vinni,Bulmer,vbulmernz@mac.com,Non-binary,1985,Suzuki,Cultus,Colorado Springs,Colorado,80930,US,38.8289,-104.5269,65380,Robel Inc,02/02/2023
865,Edmund,Sleaford,esleafordo0@forbes.com,Male,1993,Dodge,Ram Wagon B150,Miami,Florida,33164,US,25.5584,-80.4582,64382,"Wiegand, Lang and Smith",03/09/2024
866,Jock,Gounot,jgounoto1@gizmodo.com,Genderfluid,2009,Mazda,CX-7,Fort Worth,Texas,76147,US,32.7714,-97.2915,97312,Dooley Group,07/01/2022
867,Romola,Pundy,rpundyo2@twitter.com,Female,1993,Dodge,Shadow,Des Moines,Iowa,50315,US,41.5444,-93.6192,77731,"Feeney, Feest and Emard",12/30/2022
868,Sarita,Wisam,swisamo3@chronoengine.com,Female,2010,Dodge,Ram,Greenville,South Carolina,29615,US,34.8661,-82.3198,77408,"Kiehn, Dickens and Johns",12/23/2025
869,Allissa,Ahlin,aahlino4@amazon.de,Female,2000,Mitsubishi,Diamante,Fort Worth,Texas,76178,US,32.7714,-97.2915,58136,Swift-Hudson,10/02/2025
870,Leontine,Croal,lcroalo5@ning.com,Female,2012,GMC,Terrain,Dallas,Texas,75397,US,32.7673,-96.7776,96576,Abernathy-Hammes,05/01/2025
871,Connor,Gallaway,cgallawayo6@wsj.com,Male,1987,Buick,Century,Columbus,Mississippi,39705,US,33.5508,-88.4865,80086,Boyer Inc,03/26/2025
872,Vale,Gossage,vgossageo7@360.cn,Female,2008,Saturn,Astra,Tucson,Arizona,85710,US,32.2138,-110.824,82118,Mills-Leannon,05/26/2022
873,Philis,Hourahan,phourahano8@tuttocitta.it,Female,1994,Dodge,Ram Wagon B250,Jackson,Mississippi,39236,US,32.3113,-90.3972,47912,Lang-Lind,10/04/2022
874,Celesta,Gosnold,cgosnoldo9@google.es,Female,2005,Dodge,Ram 1500,Lancaster,Pennsylvania,17622,US,40.0418,-76.3012,68150,"Konopelski, Ebert and Haley",09/27/2024
875,Lew,Betteson,lbettesonoa@yelp.com,Male,1983,Ford,Thunderbird,Fresno,California,93704,US,36.7991,-119.8016,60973,Jaskolski and Sons,02/16/2025
876,Jennifer,Muffin,jmuffinob@chronoengine.com,Female,2010,Chevrolet,Silverado 2500,Homestead,Florida,33034,US,25.2846,-80.6246,65423,Von LLC,06/10/2025
877,Elbertina,Hobgen,ehobgenoc@ox.ac.uk,Female,2007,GMC,Sierra,Orlando,Florida,32819,US,28.4522,-81.4678,36942,"Sporer, Hodkiewicz and Sawayn",07/28/2025
878,Lothario,Redhole,lredholeod@mlb.com,Non-binary,2004,Chevrolet,Silverado 1500,Largo,Florida,34643,US,27.881,-82.7619,96979,Mitchell Inc,02/01/2024
879,Kale,Sedgefield,ksedgefieldoe@theatlantic.com,Male,2005,BMW,760,San Francisco,California,94169,US,37.7848,-122.7278,97933,Moore-Vandervort,11/03/2023
880,Kally,Durward,kdurwardof@scientificamerican.com,Female,2010,Rolls-Royce,Ghost,Naples,Florida,34114,US,26.0143,-81.5856,68224,Quitzon LLC,11/25/2025
881,Patin,Hadcock,phadcockog@e-recht24.de,Male,2000,Hummer,H1,Lake Worth,Florida,33467,US,26.6104,-80.1683,73309,Bogan LLC,10/01/2025
882,Travus,Mizzen,tmizzenoh@topsy.com,Male,2002,Ford,ZX2,Helena,Montana,59623,US,46.5901,-112.0402,71362,"Schuppe, Beatty and Langosh",03/14/2023
883,Meggie,Swale,mswaleoi@examiner.com,Female,2006,Porsche,Cayenne,Omaha,Nebraska,68105,US,41.2435,-95.9629,85435,Dickens and Sons,11/24/2023
884,Rodolph,Kenwright,rkenwrightoj@artisteer.com,Male,2002,Mercury,Villager,San Jose,California,95194,US,37.3894,-121.8868,46314,Roberts-Leannon,01/06/2023
885,Mathilda,Mangeney,mmangeneyok@newyorker.com,Non-binary,1996,Mitsubishi,Pajero,High Point,North Carolina,27264,US,36.0807,-80.0244,54758,"Miller, Miller and O'Kon",01/17/2025
886,Buffy,Keal,bkealol@bloomberg.com,Female,2010,Volkswagen,Passat,Duluth,Minnesota,55811,US,46.8147,-92.1998,47333,Hackett and Sons,08/18/2023
887,Una,Kenchington,ukenchingtonom@mapy.cz,Female,1995,GMC,2500 Club Coupe,Erie,Pennsylvania,16565,US,42.1827,-80.0649,71794,Graham LLC,06/18/2022
888,Yorke,Hagston,yhagstonon@xinhuanet.com,Male,1991,Ford,Aerostar,Miami,Florida,33124,US,25.5584,-80.4582,80490,Roberts Inc,03/12/2025
889,Erv,Pray,eprayoo@ucoz.com,Male,1997,Lexus,ES,Baton Rouge,Louisiana,70883,US,30.5159,-91.0804,32228,Emmerich Group,08/30/2022
890,Anna-maria,Sier,asierop@go.com,Female,1992,Ford,Aerostar,Tacoma,Washington,98405,US,47.2484,-122.4644,95606,"Thompson, Quitzon and Bernhard",11/29/2022
891,Ryley,Simmers,rsimmersoq@cam.ac.uk,Male,2007,Chevrolet,Colorado,Phoenix,Arizona,85035,US,33.4724,-112.1832,34214,"Wehner, Bechtelar and Hilll",04/24/2023
892,Elset,Smewings,esmewingsor@furl.net,Female,2007,Cadillac,XLR-V,Toledo,Ohio,43666,US,41.6782,-83.4972,33779,Kuhlman-MacGyver,09/24/2025
893,Crista,Hurrion,churrionos@mtv.com,Female,2006,Hummer,H1,Dallas,Texas,75221,US,32.8147,-96.7877,44111,Spinka-Padberg,08/23/2024
894,Gardie,Rahill,grahillot@yandex.ru,Male,2003,Toyota,Camry,Denver,Colorado,80299,US,39.7388,-104.4083,74283,Schaden-Thompson,05/05/2023
895,Christin,Binne,cbinneou@businesswire.com,Female,1999,Mercedes-Benz,SLK-Class,Las Vegas,Nevada,89150,US,35.9279,-114.9721,72739,McDermott-Hudson,07/11/2025
896,Clayborne,Campbell,ccampbellov@wikipedia.org,Male,1987,Pontiac,Chevette,Wilmington,North Carolina,28410,US,34.0881,-77.8526,58702,Farrell Inc,10/29/2024
897,Charmian,Overstreet,coverstreetow@wp.com,Female,2005,Aston Martin,Vanquish S,Chula Vista,California,91913,US,32.6513,-116.9852,45376,"Koch, Gleason and Romaguera",07/17/2023
898,Banky,Matuskiewicz,bmatuskiewiczox@chron.com,Male,2000,Dodge,Ram 3500,Nashville,Tennessee,37220,US,36.0641,-86.7697,89039,"Ondricka, Graham and Kertzmann",01/14/2024
899,Mathias,Hatch,mhatchoy@macromedia.com,Male,1987,Buick,Somerset,Baltimore,Maryland,21281,US,39.2847,-76.6205,71823,Lebsack Inc,09/22/2025
900,Findley,Giorgeschi,fgiorgeschioz@free.fr,Male,1994,Mazda,Navajo,Racine,Wisconsin,53405,US,42.7161,-87.8233,81378,"Schmidt, Grady and Kertzmann",09/25/2022
901,Corty,Mompesson,cmompessonp0@oracle.com,Male,2009,Honda,Fit,Richmond,Virginia,23289,US,37.5313,-77.4161,81857,"Wiegand, West and Kreiger",01/12/2024
902,Stacy,Stennes,sstennesp1@shareasale.com,Male,1988,Pontiac,Turbo Firefly,Tampa,Florida,33686,US,27.872,-82.4388,83585,Huel-Gusikowski,10/05/2022
903,Ignace,Tulley,itulleyp2@constantcontact.com,Male,2011,Maybach,62,Gainesville,Florida,32610,US,29.6813,-82.3539,34959,"Kunze, Leuschke and Gerlach",02/20/2024
904,Kary,Luther,klutherp3@elegantthemes.com,Female,2008,Volkswagen,Rabbit,Palm Bay,Florida,32909,US,27.9694,-80.6473,93580,"Hauck, Batz and Stark",11/04/2022
905,Elysia,Bothbie,ebothbiep4@w3.org,Polygender,2008,Mazda,Tribute,Sacramento,California,94297,US,38.3774,-121.4444,36235,"Reinger, Hyatt and Osinski",07/04/2025
906,Bill,Minchenton,bminchentonp5@ehow.com,Male,2007,Volvo,C70,Mobile,Alabama,36689,US,30.6589,-88.178,48039,"Borer, Berge and Schinner",01/31/2023
907,Shannan,Bason,sbasonp6@theglobeandmail.com,Male,2005,Hyundai,Elantra,Detroit,Michigan,48295,US,42.2399,-83.1508,85223,Kohler Inc,12/02/2023
908,Ester,Dairton,edairtonp7@reuters.com,Female,2011,Rolls-Royce,Phantom,Scottsdale,Arizona,85260,US,33.6013,-111.8867,46511,Medhurst LLC,06/14/2023
909,Becki,Estabrook,bestabrookp8@topsy.com,Female,1986,Pontiac,Firebird,Omaha,Nebraska,68164,US,41.2955,-96.1008,97814,Leuschke-Buckridge,06/08/2025
910,Devin,Deetlof,ddeetlofp9@ezinearticles.com,Polygender,1991,Pontiac,Firebird,Huntington Beach,California,92648,US,33.6773,-118.0051,65941,Koelpin Group,06/28/2024
911,Ronalda,Sibley,rsibleypa@time.com,Female,1996,Holden,VS Commodore,Winston Salem,North Carolina,27157,US,36.0275,-80.2073,75545,Wiegand-Bergstrom,11/02/2024
912,Sheryl,Hanselmann,shanselmannpb@webnode.com,Bigender,2006,GMC,Sierra Hybrid,Richmond,Virginia,23277,US,37.5535,-77.4604,91726,"Considine, Hammes and Stehr",05/28/2023
913,Kippy,Rossi,krossipc@51.la,Male,1966,Oldsmobile,Toronado,Saint Cloud,Minnesota,56398,US,45.5289,-94.5933,78972,Konopelski Group,01/19/2023
914,Bucky,Granger,bgrangerpd@naver.com,Polygender,2009,Cadillac,DTS,Saint Paul,Minnesota,55188,US,45.0059,-93.1059,65267,Hettinger and Sons,03/11/2022
915,Bo,Torricina,btorricinape@ovh.net,Male,1995,Chrysler,Concorde,Hartford,Connecticut,06152,US,41.7918,-72.7188,64407,"Emard, Cronin and Sipes",01/28/2025
916,Hana,Wragge,hwraggepf@foxnews.com,Female,2006,Saab,9-7X,Dayton,Ohio,45426,US,39.7982,-84.3211,92176,"Gusikowski, Schuppe and Leuschke",01/16/2025
917,Jonie,Montel,jmontelpg@joomla.org,Female,2006,Infiniti,G35,Odessa,Texas,79769,US,31.7466,-102.567,65131,Mertz Inc,11/12/2023
918,Felipe,Hammant,fhammantph@ucsd.edu,Male,2005,Mitsubishi,Eclipse,Greensboro,North Carolina,27455,US,36.1824,-79.806,32629,Blanda-Lubowitz,06/24/2022
919,Juli,Mayoral,jmayoralpi@washington.edu,Genderqueer,2006,Saturn,Relay,Los Angeles,California,90081,US,33.7866,-118.2987,74448,Maggio LLC,08/21/2022
920,Yorker,Ferry,yferrypj@hibu.com,Male,1986,Maserati,Quattroporte,Montgomery,Alabama,36125,US,32.2334,-86.2085,44859,"Murazik, Windler and Green",01/29/2025
921,Benny,Davidde,bdaviddepk@barnesandnoble.com,Male,1998,Oldsmobile,Bravada,New Orleans,Louisiana,70124,US,30.0071,-90.1094,63853,"Stark, Hessel and Keeling",11/08/2025
922,Nevile,Ramet,nrametpl@blinklist.com,Male,1997,Dodge,Dakota,Garland,Texas,75049,US,32.7673,-96.7776,66141,"Wisoky, Hilll and Gulgowski",05/07/2024
923,Rex,Marsay,rmarsaypm@reverbnation.com,Male,2007,Dodge,Magnum,Yonkers,New York,10705,US,40.9177,-73.895,45356,"Wiza, Tremblay and Howell",03/19/2022
924,Witty,Larwood,wlarwoodpn@tripod.com,Male,1996,Chevrolet,Corsica,El Paso,Texas,88546,US,31.6948,-106.3,77372,"Hessel, Fadel and Hilll",03/25/2022
925,Jerad,Petheridge,jpetheridgepo@typepad.com,Male,2009,Dodge,Viper,Flint,Michigan,48555,US,43.0113,-83.7108,92348,Jacobs Group,08/15/2022
926,Raimund,Gristwood,rgristwoodpp@chronoengine.com,Male,2002,Pontiac,Bonneville,Tacoma,Washington,98442,US,47.3081,-122.4185,71679,Price LLC,08/28/2023
927,Vince,Reisk,vreiskpq@house.gov,Non-binary,1999,BMW,Z3,Jacksonville,Florida,32244,US,30.2231,-81.7556,94894,"Boehm, Kihn and Walter",01/04/2024
928,Shandee,Sparling,ssparlingpr@un.org,Genderqueer,1999,Acura,CL,San Antonio,Texas,78245,US,29.4189,-98.6895,87731,Paucek-Jaskolski,11/02/2025
929,Vinnie,Chesworth,vchesworthps@samsung.com,Male,1993,Ford,Explorer,Nashville,Tennessee,37235,US,36.1866,-86.7852,90879,Waters LLC,05/24/2022
930,Lou,Bottom,lbottompt@instagram.com,Male,1992,Porsche,911,San Diego,California,92191,US,33.0169,-116.846,93642,Feil-Stanton,01/15/2025
931,Percy,Tilliards,ptilliardspu@hostgator.com,Male,1992,Buick,LeSabre,Richmond,Virginia,23220,US,37.5498,-77.4588,33655,O'Hara Inc,07/04/2022
932,Granville,Shury,gshurypv@oaic.gov.au,Genderqueer,2001,Honda,Prelude,Sterling,Virginia,20167,US,39.0853,-77.6452,31244,Parisian LLC,10/15/2025
933,Virgie,Trobridge,vtrobridgepw@fda.gov,Bigender,2011,Bentley,Continental,Decatur,Georgia,30033,US,33.8123,-84.2819,32996,Douglas-Harris,08/09/2025
934,Lonna,Taree,ltareepx@odnoklassniki.ru,Female,2005,Acura,RL,Salt Lake City,Utah,84199,US,40.7259,-111.9394,52149,Hoeger-Lowe,11/27/2022
935,Herb,Traice,htraicepy@seattletimes.com,Male,2007,Ferrari,F430,New York City,New York,10160,US,40.7808,-73.9772,64367,Kessler LLC,03/13/2025
936,Etan,Di Boldi,ediboldipz@toplist.cz,Male,2011,Mercedes-Benz,Sprinter,Pasadena,Texas,77505,US,29.6518,-95.1464,60592,Graham Group,12/04/2025
937,Osbourn,Narducci,onarducciq0@google.nl,Male,2002,Ford,Mustang,Atlanta,Georgia,30392,US,33.8444,-84.474,98800,"Boyle, Schoen and Berge",05/11/2022
938,Gael,McGinnis,gmcginnisq1@acquirethisname.com,Female,2012,Cadillac,CTS-V,Saint Louis,Missouri,63126,US,38.5495,-90.3811,70200,"Moore, Dare and Fisher",09/22/2022
939,Eduardo,Cutajar,ecutajarq2@infoseek.co.jp,Male,1995,Dodge,Ram 3500 Club,New Haven,Connecticut,06510,US,41.3087,-72.9271,96476,"Abbott, Hudson and Schmidt",11/15/2023
940,Horten,Lackner,hlacknerq3@uol.com.br,Male,2009,Volkswagen,Passat,Anaheim,California,92825,US,33.8356,-117.9132,50441,Abernathy Inc,10/24/2022
941,Perkin,Fibbitts,pfibbittsq4@infoseek.co.jp,Male,1998,Chevrolet,Malibu,New Haven,Connecticut,06505,US,41.3057,-72.7799,34745,Shields and Sons,09/17/2022
942,Janos,Colten,jcoltenq5@issuu.com,Male,2009,Mazda,Mazda3,Detroit,Michigan,48224,US,42.4098,-82.9441,73847,"O'Keefe, Gislason and Little",03/14/2022
943,Law,Fellini,lfelliniq6@posterous.com,Male,1972,Pontiac,GTO,Milwaukee,Wisconsin,53205,US,43.0528,-87.9353,31103,"Muller, Leuschke and Carter",02/18/2025
944,Pearline,Cadle,pcadleq7@de.vu,Female,1989,Porsche,928,Boston,Massachusetts,02109,US,42.36,-71.0545,67485,"Cremin, McDermott and Jacobs",11/12/2024
945,Harmony,Bengefield,hbengefieldq8@nsw.gov.au,Female,1989,Mitsubishi,L300,Davenport,Iowa,52804,US,41.5386,-90.6115,59693,Medhurst-Turcotte,11/08/2022
946,Lief,Shapira,lshapiraq9@ibm.com,Male,2009,Lexus,IS-F,Inglewood,California,90305,US,33.9583,-118.3258,48419,Borer Group,01/09/2025
947,Granville,Cockton,gcocktonqa@springer.com,Male,1986,Lincoln,Continental Mark VII,Washington,District of Columbia,20503,US,38.9007,-77.0431,98245,"Hyatt, Herman and Jakubowski",02/23/2025
948,Redd,Salters,rsaltersqb@creativecommons.org,Male,2001,Jeep,Cherokee,San Diego,California,92186,US,33.0169,-116.846,68014,"Yundt, Zboncak and Rodriguez",04/01/2022
949,Florry,Meeke,fmeekeqc@squidoo.com,Female,2011,Lexus,GS,Ann Arbor,Michigan,48107,US,42.2535,-83.8366,46271,"Kassulke, Crist and Hegmann",01/04/2026
950,Reinwald,Dunstan,rdunstanqd@icq.com,Male,2012,Mazda,Miata MX-5,Jamaica,New York,11480,US,40.6914,-73.8061,75051,"Ziemann, Kub and Hamill",08/24/2024
951,Dania,Halpeine,dhalpeineqe@ameblo.jp,Female,2005,GMC,Sierra 2500,Bethlehem,Pennsylvania,18018,US,40.6278,-75.3928,44060,Beatty Inc,04/11/2024
952,Saundra,Mumbey,smumbeyqf@sitemeter.com,Male,1996,Cadillac,Eldorado,Seattle,Washington,98140,US,47.4323,-121.8034,53094,Bergnaum and Sons,03/03/2024
953,Randy,Domerc,rdomercqg@prlog.org,Male,1992,Chevrolet,Blazer,Detroit,Michigan,48275,US,42.2399,-83.1508,95875,Roob and Sons,04/25/2022
954,Sybille,Scotland,sscotlandqh@apple.com,Female,2000,Dodge,Ram Van 3500,Madison,Wisconsin,53705,US,43.073,-89.4528,57682,"Stehr, Nikolaus and Hodkiewicz",02/09/2023
955,Hilliary,Fifoot,hfifootqi@twitter.com,Female,2011,Infiniti,FX,Shreveport,Louisiana,71115,US,32.3401,-93.6092,33656,Daugherty-Luettgen,08/31/2022
956,Walther,Saunton,wsauntonqj@nba.com,Male,2011,Mercedes-Benz,GL-Class,Minneapolis,Minnesota,55423,US,44.8756,-93.2553,56126,Reichel and Sons,01/22/2023
957,Tomkin,McConnachie,tmcconnachieqk@bluehost.com,Male,2010,Chevrolet,Silverado,San Francisco,California,94137,US,37.7848,-122.7278,77216,"Kihn, Rau and Cassin",12/28/2025
958,Johna,Ivanov,jivanovql@fc2.com,Female,2004,Chevrolet,Impala,Fort Smith,Arkansas,72916,US,35.2502,-94.3703,87623,Watsica-Herzog,06/30/2023
959,Lindy,Chettle,lchettleqm@narod.ru,Male,1994,GMC,3500,Philadelphia,Pennsylvania,19172,US,39.9473,-75.15,38078,"Ullrich, Bosco and Konopelski",03/09/2024
960,Spense,Brigstock,sbrigstockqn@t-online.de,Male,1995,Geo,Metro,Louisville,Kentucky,40266,US,38.189,-85.6768,96657,"Strosin, Weber and Funk",03/11/2024
961,Dwayne,Lyttle,dlyttleqo@hc360.com,Male,2002,Toyota,Sequoia,Detroit,Michigan,48217,US,42.2719,-83.1545,95991,Lueilwitz-Luettgen,04/21/2022
962,Juditha,Barnett,jbarnettqp@netlog.com,Female,2001,Lamborghini,Diablo,Pittsburgh,Pennsylvania,15225,US,40.5051,-80.1155,33959,"Carroll, Kling and Bartoletti",12/30/2025
963,Jocelyne,De Few,jdefewqq@wikia.com,Female,2000,Dodge,Neon,Wichita,Kansas,67230,US,37.6808,-97.1558,63881,Leuschke Group,02/01/2025
964,Herold,Quittonden,hquittondenqr@edublogs.org,Male,1990,Porsche,928,San Jose,California,95128,US,37.3163,-121.9356,79765,"Aufderhar, McGlynn and Gusikowski",02/16/2022
965,Sholom,Stroobant,sstroobantqs@howstuffworks.com,Male,2006,Chevrolet,Express,Houston,Texas,77005,US,29.7179,-95.4263,43015,Kunde-Parisian,02/06/2022
966,Oneida,Donald,odonaldqt@irs.gov,Female,2009,Buick,LaCrosse,Clearwater,Florida,34615,US,27.9843,-82.7813,62302,"Effertz, Brakus and Mohr",06/20/2023
967,Patric,Kubiak,pkubiakqu@uiuc.edu,Male,2003,GMC,Sonoma,Bryan,Texas,77806,US,30.6521,-96.341,67654,Beer Inc,11/23/2025
968,Jules,Rings,jringsqv@baidu.com,Male,1988,Subaru,XT,Miami,Florida,33153,US,25.8655,-80.1936,41692,Hahn LLC,11/21/2024
969,Carey,Saenz,csaenzqw@freewebs.com,Male,1972,Ford,Mustang,Sioux Falls,South Dakota,57188,US,43.6746,-96.7913,51855,Wolf LLC,09/26/2024
970,Weider,Accombe,waccombeqx@hc360.com,Male,1992,Chevrolet,Corvette,Miami,Florida,33124,US,25.5584,-80.4582,96645,Daugherty and Sons,01/16/2023
971,Farah,Dowall,fdowallqy@wikispaces.com,Female,2002,Hyundai,Santa Fe,Washington,District of Columbia,20425,US,38.8933,-77.0146,32498,Fahey-Pollich,08/16/2024
972,Kasey,Kingswood,kkingswoodqz@home.pl,Female,2011,Acura,TL,Pensacola,Florida,32575,US,30.6143,-87.2758,34490,Sporer LLC,04/11/2022
973,Chrissie,MacGilpatrick,cmacgilpatrickr0@google.pl,Female,1992,Lotus,Elan,Saint Petersburg,Florida,33742,US,27.8918,-82.7248,68087,"Jones, Halvorson and Ernser",01/05/2023
974,Klement,Betje,kbetjer1@ucoz.ru,Male,2007,Subaru,Tribeca,Houston,Texas,77223,US,29.834,-95.4342,81355,Emmerich-Altenwerth,12/04/2025
975,Dalli,Magarrell,dmagarrellr2@prnewswire.com,Male,1993,GMC,Yukon,Columbus,Georgia,31904,US,32.5161,-84.9785,57373,Waters and Sons,08/01/2023
976,Dal,Wybern,dwybernr3@ucoz.com,Male,1987,Land Rover,Range Rover,Birmingham,Alabama,35225,US,33.5446,-86.9292,53427,"Kuhic, Johns and Legros",11/21/2024
977,Aylmar,Chesswas,achesswasr4@usnews.com,Male,2001,Toyota,Land Cruiser,Tallahassee,Florida,32314,US,30.4793,-84.3462,47916,"Balistreri, Reinger and Metz",01/25/2024
978,Rhodia,Kingescot,rkingescotr5@hhs.gov,Female,2011,Chrysler,Town & Country,Brooksville,Florida,34605,US,28.5059,-82.4226,68961,Beatty-Altenwerth,04/17/2022
979,Ingmar,Ekless,ieklessr6@google.com.au,Genderqueer,2006,Kia,Amanti,Las Vegas,Nevada,89105,US,36.086,-115.1471,80483,Senger Group,02/17/2023
980,Gibby,Geram,ggeramr7@hud.gov,Agender,2004,Cadillac,CTS,Duluth,Georgia,30195,US,34.0047,-84.1532,87544,Moen-Howell,08/16/2022
981,Tonye,Rutty,truttyr8@amazon.co.jp,Female,2000,Honda,S2000,Tacoma,Washington,98405,US,47.2484,-122.4644,74621,Klein-Bogan,10/14/2023
982,Annie,Hearley,ahearleyr9@pinterest.com,Female,2009,Ford,E350,El Paso,Texas,88589,US,31.6948,-106.3,52355,Beatty Group,02/20/2025
983,Rora,Pocknoll,rpocknollra@samsung.com,Female,2006,Aston Martin,V8 Vantage,Pompano Beach,Florida,33075,US,26.1457,-80.4483,74168,"Reichel, Hansen and Abbott",11/13/2022
984,Kassi,Malthus,kmalthusrb@loc.gov,Female,1963,Ford,E-Series,Peoria,Illinois,61656,US,40.7442,-89.7184,63407,Schumm LLC,09/09/2024
985,Wes,Palay,wpalayrc@pinterest.com,Male,1986,Pontiac,1000,Charleston,South Carolina,29411,US,32.8715,-79.9947,53807,Torp Group,11/18/2022
986,Demetria,Jakab,djakabrd@stumbleupon.com,Female,2006,Subaru,Legacy,Waterbury,Connecticut,06726,US,41.3657,-72.9275,71847,Gottlieb-Purdy,11/07/2023
987,Joane,Spary,jsparyre@unicef.org,Female,2007,Cadillac,DTS,Oxnard,California,93034,US,34.0324,-119.1343,61202,Keebler and Sons,03/05/2024
988,Garrard,Vaudrey,gvaudreyrf@umich.edu,Male,2004,Ford,Explorer Sport Trac,Seattle,Washington,98121,US,47.6151,-122.3447,93216,McClure Inc,07/23/2024
989,Bjorn,Kettlesing,bkettlesingrg@nationalgeographic.com,Male,2009,Ford,E-Series,Memphis,Tennessee,38131,US,35.0664,-89.9921,35631,Marquardt and Sons,01/15/2026
990,Jacki,Comar,jcomarrh@diigo.com,Female,1989,Subaru,Justy,Lakewood,Washington,98498,US,47.1591,-122.5485,44203,Ritchie-Olson,09/30/2025
991,Ignatius,Balmforth,ibalmforthri@ucoz.ru,Male,2013,Ford,Edge,Washington,District of Columbia,20503,US,38.9007,-77.0431,94359,"Jenkins, Wintheiser and Hyatt",12/25/2023
992,Valli,Marchment,vmarchmentrj@ft.com,Female,2009,Lexus,GX,Jacksonville,Florida,32204,US,30.3189,-81.6854,35316,"Wilkinson, Borer and Hoppe",09/10/2023
993,Clemens,Hurndall,churndallrk@google.com.br,Male,1997,Mazda,Miata MX-5,Newport News,Virginia,23605,US,37.0156,-76.4332,90484,Wilkinson LLC,08/12/2022
994,Veriee,Fellona,vfellonarl@yale.edu,Female,1994,GMC,Vandura 1500,Berkeley,California,94712,US,37.6802,-121.9215,30802,"Wisoky, Friesen and Turner",05/31/2025
995,Freedman,Durand,fdurandrm@go.com,Male,1993,Chevrolet,Sportvan G10,Beaumont,Texas,77713,US,30.085,-94.2607,64004,Howell LLC,09/15/2024
996,Pierson,Scowen,pscowenrn@bandcamp.com,Male,1998,BMW,7 Series,Homestead,Florida,33034,US,25.2846,-80.6246,47501,Waelchi Inc,04/22/2025
997,Erina,Klesel,ekleselro@ucla.edu,Female,2007,Mercury,Grand Marquis,Oklahoma City,Oklahoma,73173,US,35.3425,-97.6317,81803,"Larson, Becker and Bashirian",02/20/2023
998,Jelene,Caban,jcabanrp@bbc.co.uk,Female,1989,Volkswagen,Cabriolet,Abilene,Texas,79605,US,32.432,-99.7724,87316,Kunde Inc,11/03/2023
999,Eldon,Betke,ebetkerq@vinaora.com,Polygender,2007,Nissan,Frontier,Dallas,Texas,75226,US,32.7887,-96.7676,52434,Gerhold-Beier,03/30/2024
1000,Pieter,Hegges,pheggesrr@tamu.edu,Male,1985,Mercedes-Benz,W201,Chattanooga,Tennessee,37405,US,35.0768,-85.3082,83952,Kerluke-Heaney,03/28/2024
