id,firstName,lastName,email,gender,carYear,automobileMake,automobileModel,customerRegion,customerState,customerPostal,customerCountry_ISO2,customerRegionLatitude,ownerRegionLongitude,automobilePrice,customer,purchaseDate
1,Tamra,Weekland,tweekland0@yahoo.com,Female,2000,Ford,Ranger,Laurel,Maryland,20709,US,38.8336,-76.8777,61404,Ebert Group,07/17/2024
2,Jane,Tysack,jtysack1@oakley.com,Female,2000,Chrysler,Sebring,North Las Vegas,Nevada,89036,US,35.9279,-114.9721,60669,Leffler LLC,03/15/2023
3,Ike,Leeming,ileeming2@ning.com,Male,2005,Mitsubishi,Lancer,Reston,Virginia,20195,US,38.8318,-77.2888,52386,Fadel Inc,05/08/2025
4,Emelia,Langworthy,elangworthy3@sina.com.cn,Female,2010,Smart,Fortwo,Colorado Springs,Colorado,80930,US,38.8289,-104.5269,53504,Jast-Mante,08/22/2022
5,Tanitansy,Jordan,tjordan4@is.gd,Female,2009,Saturn,Aura,Birmingham,Alabama,35231,US,33.5446,-86.9292,53850,Kling-Stroman,07/31/2023
6,Jessalyn,Meaden,jmeaden5@cbc.ca,Female,2002,Acura,MDX,San Diego,California,92121,US,32.8919,-117.2035,85014,"Walsh, Ankunding and Hauck",07/19/2024
7,Berkie,Cliss,bcliss6@shinystat.com,Male,2006,Volvo,S80,Knoxville,Tennessee,37995,US,35.9901,-83.9622,87677,Swaniawski and Sons,02/17/2022
8,Whit,Melbert,wmelbert7@cafepress.com,Male,2001,Subaru,Legacy,Chicago,Illinois,60686,US,41.8756,-87.6378,74854,Hills-Hayes,11/20/2024
9,Chris,Snellman,csnellman8@storify.com,Female,1987,Mazda,RX-7,Las Vegas,Nevada,89166,US,36.3265,-115.3398,39618,Prohaska-Gleichner,09/07/2025
10,Nathaniel,Petroselli,npetroselli9@census.gov,Male,1991,Porsche,911,Sterling,Virginia,20167,US,39.0853,-77.6452,37136,"Dickinson, Bruen and Kulas",10/14/2022
11,Walker,Gummery,wgummerya@unblog.fr,Genderfluid,1992,GMC,Vandura 1500,Midland,Texas,79705,US,32.0295,-102.0915,53422,Grant-Monahan,11/06/2025
12,Xylina,Drust,xdrustb@omniture.com,Female,2012,Mitsubishi,Lancer,Tulsa,Oklahoma,74184,US,36.1398,-96.0297,57770,Koss-Streich,02/12/2025
13,Jarad,Swayne,jswaynec@drupal.org,Male,2002,Hummer,H1,Newport Beach,California,92662,US,33.6062,-117.8931,47516,Reynolds LLC,04/01/2025
14,Yvette,Toovey,ytooveyd@pen.io,Female,1997,Chevrolet,Astro,Kalamazoo,Michigan,49048,US,42.3189,-85.5152,93122,"Altenwerth, Harvey and Weimann",04/19/2022
15,Bill,Hearne,bhearnee@vimeo.com,Male,2001,Dodge,Ram 1500,Montgomery,Alabama,36125,US,32.2334,-86.2085,88697,Conroy-O'Keefe,11/04/2024
16,Maye,Marmion,mmarmionf@indiatimes.com,Female,2008,Lincoln,Navigator L,Jamaica,New York,11431,US,40.6869,-73.8501,83260,Fritsch-Hills,11/20/2024
17,Ingra,Bruntje,ibruntjeg@chronoengine.com,Male,1988,Ford,E-Series,Shreveport,Louisiana,71115,US,32.3401,-93.6092,85974,"Conn, Dach and Pouros",05/09/2023
18,Debbie,Devers,ddeversh@canalblog.com,Female,2001,Porsche,911,Lexington,Kentucky,40581,US,38.0283,-84.4715,48432,Hyatt Inc,05/10/2024
19,Rodney,Helstrip,rhelstripi@domainmarket.com,Male,1963,Chevrolet,Corvette,Cleveland,Ohio,44118,US,41.5008,-81.5516,52672,Leffler and Sons,11/28/2025
20,Lane,Chorley,lchorleyj@purevolume.com,Genderqueer,1992,Chrysler,Imperial,San Antonio,Texas,78278,US,29.4375,-98.4616,49913,Cormier and Sons,03/09/2023
21,Jocelyn,Bernth,jbernthk@prlog.org,Female,2010,Suzuki,Grand Vitara,Chicago,Illinois,60669,US,41.8119,-87.6873,87539,"Dietrich, Schuppe and Schuppe",08/19/2024
22,Imelda,Bigadike,ibigadikel@census.gov,Female,2012,BMW,X3,Washington,District of Columbia,20088,US,38.8933,-77.0146,87930,Lemke-Jast,08/25/2025
23,Gabriellia,Keen,gkeenm@eepurl.com,Non-binary,2008,Lincoln,Navigator L,Beaumont,Texas,77705,US,30.0211,-94.1157,46550,"Wyman, Runte and Brekke",01/12/2024
24,Jenilee,Petrasso,jpetrasson@123-reg.co.uk,Female,2009,Toyota,Avalon,Carol Stream,Illinois,60351,US,41.9166,-88.1208,58507,Von LLC,03/12/2023
25,Tabby,Callacher,tcallachero@mysql.com,Male,1995,Mercury,Cougar,Lincoln,Nebraska,68510,US,40.8063,-96.6545,87704,Gutmann Inc,10/02/2025
26,Gorden,Taleworth,gtaleworthp@cloudflare.com,Male,1973,Chevrolet,Camaro,El Paso,Texas,79905,US,31.7674,-106.4304,73460,"Huel, Schumm and Koch",03/12/2024
27,Nilson,Tomasini,ntomasiniq@mozilla.org,Agender,2006,Chevrolet,Silverado 1500,Tampa,Florida,33694,US,27.872,-82.4388,81872,Gutkowski Group,07/02/2023
28,Ivory,Rolfo,irolfor@myspace.com,Female,2002,Acura,TL,Fargo,North Dakota,58106,US,46.9346,-97.2297,30875,Mills and Sons,10/25/2025
29,Hobard,Hardey,hhardeys@devhub.com,Male,1993,Mazda,MX-6,Irvine,California,92612,US,33.6607,-117.8264,60595,"Hyatt, Mayert and Anderson",07/07/2022
30,Vikky,Penkman,vpenkmant@imageshack.us,Female,1996,Plymouth,Grand Voyager,Albany,New York,12222,US,42.6853,-73.8253,44663,Bartoletti-Ziemann,12/28/2025
31,Den,Ondra,dondrau@wufoo.com,Male,2005,Toyota,Camry,Inglewood,California,90398,US,33.7866,-118.2987,42114,Heaney LLC,10/04/2024
32,Christiana,Cotte,ccottev@umich.edu,Female,2006,Subaru,Legacy,Corpus Christi,Texas,78475,US,27.777,-97.4632,38603,Reichert Inc,10/05/2023
33,Curcio,Emanuele,cemanuelew@indiegogo.com,Male,2010,Suzuki,Kizashi,Tacoma,Washington,98424,US,47.2325,-122.3594,71691,"Torphy, Mante and Hilpert",09/07/2023
34,Leontine,Burling,lburlingx@answers.com,Female,2003,Toyota,Highlander,Albany,New York,12205,US,42.7198,-73.8207,98231,Schiller-Beatty,10/10/2024
35,Carling,Staniforth,cstaniforthy@mayoclinic.com,Male,1999,Infiniti,QX,Kansas City,Kansas,66112,US,39.116,-94.764,35982,"Rodriguez, Mohr and Kemmer",10/06/2022
36,Julienne,Gumby,jgumbyz@delicious.com,Female,2005,Ford,E-Series,North Las Vegas,Nevada,89087,US,36.2204,-115.1458,76290,"Okuneva, O'Connell and Effertz",02/29/2024
37,Florentia,Laite,flaite10@ezinearticles.com,Female,2008,GMC,Savana,Toledo,Ohio,43656,US,41.6782,-83.4972,36974,Fritsch-Morissette,10/23/2023
38,Edmund,Jeanet,ejeanet11@flavors.me,Male,1996,Dodge,Ram 3500 Club,Richmond,Virginia,23242,US,37.5313,-77.4161,40102,Yundt-Reilly,10/22/2022
39,Sarge,Olijve,solijve12@bizjournals.com,Male,2002,Toyota,Camry,Durham,North Carolina,27710,US,36.0512,-78.8577,77646,"Powlowski, Bosco and Von",01/15/2025
40,Brade,Cicchinelli,bcicchinelli13@merriam-webster.com,Male,2008,Dodge,Caravan,Carlsbad,California,92013,US,33.0169,-116.846,59317,Stehr and Sons,12/09/2023
41,Yoshiko,McLane,ymclane14@alibaba.com,Female,2012,Cadillac,SRX,Milwaukee,Wisconsin,53215,US,43.006,-87.9429,85926,Prosacco-Bailey,01/10/2025
42,Sigismond,Gosnall,sgosnall15@myspace.com,Male,2004,Mazda,B-Series,Columbia,South Carolina,29208,US,33.9937,-81.0199,38340,"Kuphal, Kerluke and Harber",06/27/2022
43,Mahmoud,Gouch,mgouch16@wikimedia.org,Polygender,2012,Tesla,Model S,Omaha,Nebraska,68144,US,41.2335,-96.1188,83896,Jakubowski Group,01/02/2026
44,Tabina,Normadell,tnormadell17@alibaba.com,Female,2009,Bentley,Continental Flying Spur,Lehigh Acres,Florida,33972,US,26.6492,-81.6167,85542,"Wintheiser, Fritsch and Rempel",06/29/2023
45,Camila,Vant,cvant18@si.edu,Female,2007,GMC,Sierra 1500,Des Moines,Iowa,50320,US,41.5487,-93.5827,79982,Crist-Conn,09/03/2024
46,Cam,Creboe,ccreboe19@oaic.gov.au,Genderqueer,2003,GMC,Sierra 1500,Tulsa,Oklahoma,74193,US,36.1398,-96.0297,45300,"Bradtke, Walker and Collins",11/18/2023
47,Hedda,Raselles,hraselles1a@liveinternet.ru,Female,2007,Jeep,Liberty,Decatur,Illinois,62525,US,39.854,-88.9815,32422,"Dach, Howe and Aufderhar",04/08/2024
48,Barclay,Roby,broby1b@ow.ly,Agender,1986,Ford,LTD,Peoria,Illinois,61640,US,40.7857,-89.6177,75249,"Daniel, Balistreri and Bailey",05/22/2025
49,Adela,Dukelow,adukelow1c@privacy.gov.au,Female,1998,Mercury,Sable,Lake Charles,Louisiana,70607,US,30.1244,-93.1835,34114,Lebsack-Mueller,11/17/2023
50,Noel,Gorges,ngorges1d@zimbio.com,Male,1990,Pontiac,Firebird,San Francisco,California,94116,US,37.7441,-122.4863,89491,"O'Keefe, Walker and O'Keefe",08/17/2025
51,Reeta,Mepsted,rmepsted1e@dell.com,Female,2008,Dodge,Avenger,Springfield,Massachusetts,01105,US,42.0999,-72.5783,96363,Hackett Inc,12/04/2022
52,Kaylee,Ibbetson,kibbetson1f@de.vu,Female,1999,Chevrolet,Cavalier,Charlotte,North Carolina,28299,US,35.26,-80.8042,55925,"Moore, Fisher and Altenwerth",03/25/2024
53,Ashlee,Gareisr,agareisr1g@umn.edu,Agender,1995,Nissan,Quest,Spokane,Washington,99260,US,47.6536,-117.4317,55084,Witting Inc,03/05/2025
54,Adena,Petrashkov,apetrashkov1h@sun.com,Female,2012,Honda,CR-V,Saint Petersburg,Florida,33710,US,27.7898,-82.7243,89458,"Frami, Powlowski and Stiedemann",09/15/2022
55,Findley,Clewlowe,fclewlowe1i@china.com.cn,Male,2006,Ford,E150,Phoenix,Arizona,85040,US,33.4061,-112.0265,45027,"Witting, Murphy and Olson",12/27/2024
56,Pietra,Simnett,psimnett1j@icq.com,Female,1999,Ford,F350,Pasadena,California,91109,US,33.7866,-118.2987,44974,"Hagenes, Towne and Brekke",10/19/2022
57,Catha,Coghlan,ccoghlan1k@ca.gov,Female,2008,Cadillac,Escalade ESV,Tucson,Arizona,85748,US,32.215,-110.7758,57924,Huel and Sons,07/04/2025
58,Tabatha,Clemas,tclemas1l@oaic.gov.au,Female,1999,Toyota,RAV4,Omaha,Nebraska,68117,US,41.2064,-95.9953,53416,Gerlach Group,02/20/2022
59,Alva,Sirl,asirl1m@comsenz.com,Male,2003,Volvo,C70,Minneapolis,Minnesota,55407,US,44.9378,-93.2545,92320,Rogahn-Grant,08/10/2023
60,Nevil,Millett,nmillett1n@1und1.de,Male,1988,Pontiac,LeMans,Tampa,Florida,33680,US,27.872,-82.4388,48488,Predovic-Wolf,09/15/2025
61,Pren,Grimsdyke,pgrimsdyke1o@blogtalkradio.com,Male,1992,Ford,Crown Victoria,Paterson,New Jersey,07522,US,40.9252,-74.1781,47155,"Heathcote, Hansen and Cruickshank",10/25/2025
62,Leupold,Jacox,ljacox1p@diigo.com,Male,1979,Pontiac,Grand Prix,Bronx,New York,10459,US,40.8247,-73.894,58840,Blick LLC,10/02/2023
63,Channa,Trace,ctrace1q@netvibes.com,Female,2004,Lotus,Elise,Tulsa,Oklahoma,74149,US,36.1398,-96.0297,74727,"Emard, Pfeffer and Mueller",06/29/2023
64,Olivie,Addams,oaddams1r@dot.gov,Female,2011,Dodge,Ram,Ocala,Florida,34474,US,29.1565,-82.2095,90769,Powlowski-Auer,10/07/2022
65,Wandis,Volant,wvolant1s@t.co,Female,1996,GMC,3500,Lubbock,Texas,79452,US,33.61,-101.8213,55071,Sanford-Carter,08/26/2023
66,Bar,Georges,bgeorges1t@foxnews.com,Male,2010,BMW,M5,Baltimore,Maryland,21281,US,39.2847,-76.6205,70281,Borer Inc,04/29/2022
67,Drucie,Arnholdt,darnholdt1u@archive.org,Female,1996,Infiniti,I,Tucson,Arizona,85732,US,32.0848,-110.7122,89275,Dooley LLC,06/22/2023
68,Doreen,Strathe,dstrathe1v@umich.edu,Female,2007,Kia,Sedona,Indianapolis,Indiana,46278,US,39.8726,-86.2768,35346,"McKenzie, Swaniawski and Borer",03/13/2024
69,Matt,Shreeves,mshreeves1w@blinklist.com,Male,2006,Honda,Accord,Lincoln,Nebraska,68510,US,40.8063,-96.6545,79820,Hessel and Sons,07/24/2022
70,Aeriela,Mein,amein1x@usa.gov,Non-binary,2012,Volvo,C30,Reno,Nevada,89510,US,39.7699,-119.6027,50161,Tillman-Stamm,06/03/2024
71,Sayres,Deely,sdeely1y@ca.gov,Male,1965,Chevrolet,Corvette,Fresno,California,93794,US,36.7464,-119.6397,51022,Boehm-McKenzie,09/11/2025
72,Yale,Depper,ydepper1z@abc.net.au,Polygender,2010,Lexus,LS Hybrid,Sacramento,California,94280,US,38.3774,-121.4444,60116,"Gleichner, Berge and Windler",01/16/2026
73,Darcee,Burdett,dburdett20@pcworld.com,Female,2002,Ford,Explorer Sport Trac,Paterson,New Jersey,07544,US,41.0114,-74.3048,48024,Hackett and Sons,06/25/2022
74,Normand,O'Geneay,nogeneay21@blogtalkradio.com,Genderfluid,2006,Subaru,Tribeca,Detroit,Michigan,48224,US,42.4098,-82.9441,52480,Mraz Group,05/21/2023
75,Raimondo,Christie,rchristie22@squarespace.com,Male,2005,Suzuki,XL-7,Baltimore,Maryland,21239,US,39.361,-76.5891,52900,"Fahey, Bernier and Steuber",03/06/2022
76,Israel,Juarez,ijuarez23@phoca.cz,Male,1999,Ford,Windstar,Denton,Texas,76210,US,33.1428,-97.0727,95302,"Crooks, Oberbrunner and Emmerich",09/19/2024
77,Orson,Sirkett,osirkett24@sakura.ne.jp,Male,2012,Chevrolet,Colorado,Phoenix,Arizona,85015,US,33.5082,-112.1011,44301,"Veum, Rath and Farrell",01/10/2026
78,Amil,Tremble,atremble25@marriott.com,Female,1998,Jaguar,XK Series,Jamaica,New York,11470,US,40.6914,-73.8061,31263,Rice Group,01/22/2024
79,Merci,Iiannoni,miiannoni26@dailymail.co.uk,Female,1984,Ford,E150,Baltimore,Maryland,21203,US,39.2847,-76.6205,93798,"Smitham, Morissette and Roberts",04/17/2023
80,Abel,Maurice,amaurice27@chicagotribune.com,Male,1985,Mercedes-Benz,SL-Class,Washington,District of Columbia,20420,US,38.9035,-77.0276,77629,Bednar-Leuschke,02/19/2023
81,Vanessa,Lindwasser,vlindwasser28@mysql.com,Female,2007,Saturn,VUE,Brooklyn,New York,11205,US,40.6924,-73.9666,48914,Kozey-Doyle,12/19/2024
82,Flo,Cochern,fcochern29@reverbnation.com,Female,1992,Land Rover,Range Rover,Evansville,Indiana,47732,US,37.9971,-87.575,80847,Huel-Berge,06/07/2024
83,Reiko,Paniman,rpaniman2a@bandcamp.com,Agender,2000,Dodge,Caravan,Tacoma,Washington,98481,US,47.0662,-122.1132,91911,Kertzmann-Nitzsche,09/27/2022
84,Gena,Begg,gbegg2b@columbia.edu,Female,2008,Ford,F250,Grand Rapids,Michigan,49560,US,43.0314,-85.5503,72941,Willms LLC,04/20/2024
85,Trudy,Baxster,tbaxster2c@typepad.com,Genderfluid,1996,Volkswagen,Passat,Peoria,Illinois,61635,US,40.7442,-89.7184,99517,"Thompson, Lockman and Weber",09/30/2022
86,Benn,Waterdrinker,bwaterdrinker2d@addtoany.com,Male,2008,Audi,A3,Houston,Texas,77085,US,29.6218,-95.4819,40346,Powlowski and Sons,03/19/2023
87,Miner,Freebury,mfreebury2e@state.gov,Genderfluid,1993,Honda,Accord,Suffolk,Virginia,23436,US,36.8926,-76.5142,56833,Fadel-Stoltenberg,05/01/2022
88,Marquita,Gamlen,mgamlen2f@techcrunch.com,Female,2002,Dodge,Ram Van 2500,Toledo,Ohio,43610,US,41.6767,-83.5573,73965,"Fisher, Davis and Will",11/18/2025
89,Hasheem,Crutchley,hcrutchley2g@tuttocitta.it,Male,2003,Toyota,Sienna,Atlanta,Georgia,30340,US,33.8932,-84.2539,47597,Prohaska-Volkman,08/07/2022
90,Maurizio,Dumpleton,mdumpleton2h@gnu.org,Agender,2009,Volkswagen,GLI,Cleveland,Ohio,44185,US,41.6857,-81.6728,54207,Smith and Sons,05/28/2022
91,Kingsley,Beausang,kbeausang2i@sourceforge.net,Male,1995,Geo,Prizm,Oklahoma City,Oklahoma,73129,US,35.4312,-97.4913,33339,Hane Group,08/03/2022
92,Corabella,Gapper,cgapper2j@symantec.com,Female,2004,Jeep,Liberty,El Paso,Texas,79950,US,31.6948,-106.3,65218,King and Sons,08/02/2023
93,Veradis,Gothrup,vgothrup2k@sina.com.cn,Genderfluid,2008,Suzuki,XL-7,Albany,New York,12227,US,42.6149,-73.9708,91828,"Bednar, Rempel and Witting",08/09/2022
94,Lise,Tweddell,ltweddell2l@yellowpages.com,Female,2009,Chevrolet,Corvette,Shreveport,Louisiana,71130,US,32.6076,-93.7526,92227,Brakus-Terry,04/11/2023
95,Reinaldo,Tabart,rtabart2m@theguardian.com,Male,1984,Porsche,944,Philadelphia,Pennsylvania,19160,US,40.0018,-75.1179,83056,Bernhard Group,08/12/2024
96,Toby,Melody,tmelody2n@omniture.com,Male,2003,Infiniti,G35,Lynchburg,Virginia,24515,US,37.4009,-79.1785,37789,"Wiza, Heathcote and Raynor",10/15/2025
97,Raye,Woltering,rwoltering2o@ask.com,Female,2009,Mercedes-Benz,CLK-Class,Philadelphia,Pennsylvania,19109,US,39.9496,-75.1637,43485,"Wunsch, Huel and Tromp",08/31/2024
98,Decca,Elrick,delrick2p@sina.com.cn,Non-binary,2011,Mazda,Mazda2,Dallas,Texas,75241,US,32.6722,-96.7774,99591,"Pfeffer, Hickle and Murazik",05/06/2023
99,Carlin,Saywell,csaywell2q@ox.ac.uk,Male,1995,Volkswagen,Jetta III,Austin,Texas,78744,US,30.1876,-97.7472,64939,"Daugherty, Auer and Will",03/26/2022
100,Reagan,Phillis,rphillis2r@com.com,Polygender,1997,Ford,Contour,Philadelphia,Pennsylvania,19136,US,40.0422,-75.0244,50279,"Fisher, Kuhic and Kuvalis",06/26/2025
101,Bastian,Capstake,bcapstake2s@cdbaby.com,Male,2006,Isuzu,i-Series,Harrisburg,Pennsylvania,17105,US,40.2785,-76.8752,85133,Moore Group,06/08/2025
102,Ali,Germann,agermann2t@friendfeed.com,Female,2002,BMW,5 Series,Tacoma,Washington,98447,US,47.1441,-122.4434,65280,Toy Group,09/21/2023
103,Kesley,Thackeray,kthackeray2u@google.cn,Female,1968,Mercury,Cougar,San Francisco,California,94137,US,37.7848,-122.7278,35257,Kub Group,12/02/2025
104,Morgan,Argontt,margontt2v@cnn.com,Female,2012,Volkswagen,New Beetle,Chicago,Illinois,60691,US,41.8119,-87.6873,67366,"Runolfsdottir, Bauch and Streich",12/15/2024
105,Luciana,Derye-Barrett,lderyebarrett2w@skyrock.com,Female,1966,Ford,Mustang,Hyattsville,Maryland,20784,US,38.9513,-76.8958,93440,"Schimmel, Kunze and Lowe",05/31/2025
106,Gun,Enga,genga2x@irs.gov,Male,2004,BMW,645,Lexington,Kentucky,40591,US,38.0283,-84.4715,90542,"Bailey, Fahey and Schultz",02/04/2024
107,Germaine,Kytter,gkytter2y@usgs.gov,Female,1996,Holden,VS Commodore,Savannah,Georgia,31416,US,32.0053,-81.0477,74276,"Buckridge, Wilderman and Armstrong",02/05/2022
108,Christian,Parzizek,cparzizek2z@paypal.com,Male,1992,Lincoln,Continental,Sacramento,California,94280,US,38.3774,-121.4444,62014,Hand LLC,09/16/2025
109,Melonie,Luparti,mluparti30@theglobeandmail.com,Female,2004,Kia,Spectra,Corpus Christi,Texas,78465,US,27.777,-97.4632,32582,Ziemann-Hilpert,07/22/2022
110,Brod,Cornewall,bcornewall31@businessinsider.com,Male,2008,Volvo,C70,Maple Plain,Minnesota,55572,US,45.0159,-93.4719,99855,Baumbach Inc,01/15/2025
111,Charil,de Courcey,cdecourcey32@dagondesign.com,Female,2011,Cadillac,STS,Mountain View,California,94042,US,37.1894,-121.7053,88606,Wisozk-Jenkins,06/26/2024
112,Leigh,Govier,lgovier33@cafepress.com,Genderfluid,2007,Chevrolet,Monte Carlo,Houston,Texas,77060,US,29.9335,-95.3981,75150,"Witting, Hansen and Hickle",10/29/2022
113,Crista,Hillett,chillett34@sciencedirect.com,Female,2005,Mercury,Montego,Columbus,Ohio,43204,US,39.9523,-83.078,85002,Becker-Rutherford,07/13/2023
114,Dahlia,Burberry,dburberry35@uiuc.edu,Female,2012,Mercedes-Benz,SL-Class,Huntington,West Virginia,25726,US,38.4134,-82.2774,87832,Hyatt and Sons,02/21/2023
115,Aguie,Housley,ahousley36@altervista.org,Male,2012,Chevrolet,Colorado,Austin,Texas,78769,US,30.3264,-97.7713,68145,Lind-Goldner,09/07/2023
116,Mollie,Domican,mdomican37@dion.ne.jp,Female,1998,Jaguar,XJ Series,San Francisco,California,94169,US,37.7848,-122.7278,84491,"Ebert, Robel and Kris",05/14/2023
117,Ignaz,Bignall,ibignall38@discovery.com,Male,1997,Dodge,Grand Caravan,Newport Beach,California,92662,US,33.6062,-117.8931,51495,Parisian LLC,01/24/2025
118,Nevsa,Harmond,nharmond39@census.gov,Female,2001,Hyundai,Tiburon,Houston,Texas,77271,US,29.834,-95.4342,68978,Johns Group,01/29/2024
119,Dill,Jellico,djellico3a@google.es,Male,2009,Dodge,Nitro,Southfield,Michigan,48076,US,42.4981,-83.2058,43633,Zboncak Group,01/18/2025
120,Mattie,Bogey,mbogey3b@acquirethisname.com,Female,2007,Toyota,Matrix,Rockville,Maryland,20851,US,39.0763,-77.1234,35401,Fisher and Sons,04/09/2022
121,Taddeo,Ballchin,tballchin3c@craigslist.org,Agender,2011,Land Rover,Freelander,Sunnyvale,California,94089,US,37.3983,-122.0006,68724,"Collier, Hermann and Wyman",02/16/2023
122,Vittorio,Olech,volech3d@topsy.com,Male,2005,Lamborghini,Murciélago,Saint Petersburg,Florida,33731,US,27.8918,-82.7248,44782,Wunsch and Sons,02/28/2024
123,Mindy,Lummus,mlummus3e@goodreads.com,Female,2012,Lincoln,MKT,Clearwater,Florida,33763,US,28.0173,-82.7461,46342,Terry Inc,07/08/2023
124,Dallis,Dragoe,ddragoe3f@netlog.com,Male,2002,Mitsubishi,Diamante,Brooksville,Florida,34605,US,28.5059,-82.4226,90070,Hilpert-Kunde,05/29/2023
125,Fields,Dalrymple,fdalrymple3g@usgs.gov,Male,2006,Mercedes-Benz,G-Class,Miami,Florida,33124,US,25.5584,-80.4582,76796,"Gislason, Bashirian and Kohler",09/22/2023
126,Jessalin,Studde,jstudde3h@tiny.cc,Female,2004,Ford,Windstar,Charlotte,North Carolina,28263,US,35.2268,-80.8432,36652,"McGlynn, Miller and Schoen",10/18/2025
127,Buck,Baythorp,bbaythorp3i@youtu.be,Male,1989,Volkswagen,GTI,Bowie,Maryland,20719,US,38.8336,-76.8777,65533,"Stokes, McClure and Terry",11/23/2023
128,Tasia,Doerling,tdoerling3j@dailymail.co.uk,Female,1996,Nissan,300ZX,Phoenix,Arizona,85020,US,33.5623,-112.0559,94260,"Runolfsdottir, Douglas and Keeling",02/17/2023
129,Germayne,Pencot,gpencot3k@bbb.org,Male,1987,Mazda,RX-7,Sacramento,California,95865,US,38.596,-121.3978,31508,Wiza-McClure,10/15/2022
130,Roanne,Trillo,rtrillo3l@bing.com,Female,1987,Mercury,Cougar,Spokane,Washington,99210,US,47.6536,-117.4317,88718,Denesik LLC,07/25/2023
131,Paula,Coddrington,pcoddrington3m@myspace.com,Female,2009,Suzuki,Grand Vitara,Arlington,Texas,76016,US,32.6889,-97.1905,99866,Adams Inc,05/29/2024
132,Germain,Towe,gtowe3n@diigo.com,Female,2011,Ford,E150,Bozeman,Montana,59771,US,45.7246,-111.1238,32863,Ondricka-Larson,11/26/2023
133,Tome,Leveritt,tleveritt3o@wikia.com,Male,1995,Dodge,Stratus,Pittsburgh,Pennsylvania,15235,US,40.4598,-79.8224,64492,"Pollich, Sawayn and Streich",01/23/2025
134,Del,Krout,dkrout3p@dmoz.org,Male,2004,Toyota,Sequoia,Seattle,Washington,98166,US,47.4511,-122.353,82838,Kris-Rippin,06/08/2022
135,Douglass,Josephs,djosephs3q@marriott.com,Male,2010,Toyota,Highlander,New Orleans,Louisiana,70154,US,30.033,-89.8826,49615,Ondricka and Sons,02/07/2025
136,Harlene,Manktelow,hmanktelow3r@ameblo.jp,Female,2000,Acura,NSX,Anchorage,Alaska,99522,US,61.1089,-149.4403,53565,Von Inc,05/22/2022
137,Bertrando,Reynold,breynold3s@pagesperso-orange.fr,Male,1969,Dodge,Charger,Washington,District of Columbia,20503,US,38.9007,-77.0431,82575,Hammes and Sons,03/03/2022
138,Niel,Muckart,nmuckart3t@dailymail.co.uk,Male,1990,Pontiac,LeMans,New Orleans,Louisiana,70160,US,30.033,-89.8826,85006,"Frami, Maggio and Prohaska",04/01/2025
139,Boycey,Dransfield,bdransfield3u@unicef.org,Male,2002,Chevrolet,Blazer,Kansas City,Missouri,64125,US,39.1042,-94.4923,45857,Schmeler-Hammes,04/12/2023
140,Marjory,Callis,mcallis3v@unesco.org,Female,2011,Nissan,370Z,Ocala,Florida,34479,US,29.2541,-82.1095,91906,O'Conner-Gibson,04/19/2023
141,Ina,Garnham,igarnham3w@uiuc.edu,Female,1999,Toyota,Land Cruiser,Glendale,California,91205,US,34.1378,-118.2424,81798,"Murazik, Kertzmann and Waelchi",01/07/2026
142,Bryce,Mainwaring,bmainwaring3x@friendfeed.com,Male,2003,Chevrolet,Silverado 1500,Delray Beach,Florida,33448,US,26.6459,-80.4303,71560,"Goldner, Hettinger and Gottlieb",08/01/2025
143,Bevvy,Leonida,bleonida3y@answers.com,Female,2008,Cadillac,DTS,Silver Spring,Maryland,20904,US,39.0668,-76.9969,57935,"Kling, Gusikowski and Breitenberg",12/06/2024
144,Lothaire,Hundal,lhundal3z@parallels.com,Male,2003,Oldsmobile,Aurora,New Orleans,Louisiana,70165,US,30.033,-89.8826,74432,"Green, Klocko and Feeney",09/10/2024
145,Jess,Sealy,jsealy40@google.co.uk,Male,2002,Nissan,Maxima,Port Saint Lucie,Florida,34985,US,27.3822,-80.409,58489,Klein-Weissnat,06/14/2024
146,Deanne,Gonnelly,dgonnelly41@blogger.com,Female,2012,Porsche,911,New York City,New York,10060,US,40.7808,-73.9772,36831,"Reinger, Bayer and Waters",08/02/2023
147,Bradney,Nation,bnation42@upenn.edu,Male,1992,Infiniti,M,Washington,District of Columbia,20470,US,38.8933,-77.0146,88987,"Schoen, Schmitt and Weissnat",01/06/2024
148,Holli,Waith,hwaith43@java.com,Female,2011,Hyundai,Accent,Kansas City,Missouri,64149,US,38.8606,-94.4636,51162,Kessler LLC,07/18/2023
149,Hershel,Tennet,htennet44@mapquest.com,Male,2008,Jeep,Commander,Lincoln,Nebraska,68510,US,40.8063,-96.6545,50019,Keeling-Armstrong,12/27/2024
150,Dietrich,Applin,dapplin45@hhs.gov,Male,1998,GMC,Yukon,Bowie,Maryland,20719,US,38.8336,-76.8777,48113,Schiller-Schumm,05/09/2025
151,Willi,Vaune,wvaune46@bloomberg.com,Male,2008,Chevrolet,TrailBlazer,Saint Paul,Minnesota,55166,US,45.0059,-93.1059,31408,Connelly-Jones,07/08/2025
152,Silas,Hamflett,shamflett47@uiuc.edu,Male,2000,Jaguar,S-Type,Rockford,Illinois,61110,US,42.3254,-89.1705,57623,"Lakin, Stehr and Lubowitz",06/27/2024
153,Kerr,Comben,kcomben48@mac.com,Male,1997,Porsche,911,Minneapolis,Minnesota,55412,US,45.0242,-93.302,43499,Waters-Raynor,10/12/2025
154,Toinette,Brickhill,tbrickhill49@posterous.com,Female,2010,GMC,Terrain,Syracuse,New York,13251,US,43.0214,-76.1977,50881,Gottlieb-Windler,02/16/2023
155,Nert,Bamb,nbamb4a@smugmug.com,Female,2003,Mercedes-Benz,G-Class,Memphis,Tennessee,38114,US,35.0981,-89.9825,36229,Bogan-Wolf,03/06/2023
156,Boyd,Saulter,bsaulter4b@xing.com,Male,2007,Toyota,Corolla,Kansas City,Missouri,64153,US,39.2627,-94.697,81226,Renner-Crooks,07/11/2024
157,Elroy,Crockett,ecrockett4c@umich.edu,Male,2013,Porsche,Boxster,Minneapolis,Minnesota,55436,US,44.9034,-93.374,37614,Tromp Group,04/20/2024
158,Pippy,Antyukhin,pantyukhin4d@canalblog.com,Female,2012,Bentley,Continental GT,Lubbock,Texas,79452,US,33.61,-101.8213,94589,"Kling, Hane and O'Kon",04/06/2022
159,Edith,Newdick,enewdick4e@fastcompany.com,Female,2010,Buick,Enclave,Springfield,Missouri,65898,US,37.1803,-93.2951,59868,Klocko-Bergnaum,01/16/2025
160,Dolli,Beekman,dbeekman4f@live.com,Female,1993,Dodge,Dakota,Fresno,California,93704,US,36.7991,-119.8016,75236,"Lynch, Gerhold and Farrell",10/13/2025
161,Jennee,Iban,jiban4g@prnewswire.com,Female,2008,Bentley,Continental,San Antonio,Texas,78245,US,29.4189,-98.6895,57887,"Koepp, Kunze and Wilkinson",06/29/2025
162,Alfreda,Kensley,akensley4h@bloomberg.com,Female,1999,Mazda,MX-5,Philadelphia,Pennsylvania,19109,US,39.9496,-75.1637,44289,Beer-Jakubowski,12/10/2022
163,Zechariah,Straughan,zstraughan4i@facebook.com,Male,2010,Volkswagen,GTI,Austin,Texas,78715,US,30.4501,-97.4865,39148,"Christiansen, Dach and Huels",04/19/2023
164,Laural,Gillino,lgillino4j@plala.or.jp,Genderfluid,2002,Dodge,Ram Van 3500,Memphis,Tennessee,38168,US,35.2017,-89.9715,82852,Torp-Hagenes,11/05/2023
165,Stewart,Garred,sgarred4k@dailymotion.com,Male,2001,Mercedes-Benz,CL-Class,Lake Charles,Louisiana,70607,US,30.1244,-93.1835,80979,Bailey-Leannon,06/30/2025
166,Tana,Aldin,taldin4l@nps.gov,Female,2009,Hyundai,Accent,Dallas,Texas,75323,US,32.7673,-96.7776,61168,Von-Waters,09/21/2024
167,Cherilynn,Heake,cheake4m@wix.com,Female,2006,Land Rover,LR3,Bakersfield,California,93386,US,35.2944,-118.9052,66341,Fahey Inc,05/16/2024
168,Cullie,Rentoll,crentoll4n@icq.com,Bigender,1997,Chevrolet,Express 2500,Sacramento,California,94230,US,38.3774,-121.4444,90034,Ortiz-Brekke,07/04/2024
169,Carolin,Canto,ccanto4o@sogou.com,Female,1989,Mercury,Sable,Green Bay,Wisconsin,54313,US,44.5463,-88.1021,32426,VonRueden-Ebert,10/18/2024
170,Linnea,Pfiffer,lpfiffer4p@tiny.cc,Non-binary,1998,Volvo,S90,Las Vegas,Nevada,89140,US,36.086,-115.1471,70588,Reichel Inc,10/02/2024
171,Marlo,Mortell,mmortell4q@state.gov,Female,2011,Cadillac,Escalade EXT,Houston,Texas,77266,US,29.834,-95.4342,89543,"Kassulke, Wisozk and Toy",04/10/2024
172,Loralyn,Necolds,lnecolds4r@wunderground.com,Female,2006,BMW,M5,Springfield,Illinois,62756,US,39.7495,-89.606,51606,Schamberger Group,05/29/2024
173,Franky,Ponde,fponde4s@google.es,Female,2006,Cadillac,SRX,Green Bay,Wisconsin,54305,US,44.4601,-88.0074,67156,Bechtelar Group,08/25/2024
174,Lexy,Gauler,lgauler4t@php.net,Non-binary,2012,Ford,E250,Columbia,South Carolina,29220,US,34.006,-80.9708,84682,Schmitt LLC,11/23/2023
175,Lin,Branscombe,lbranscombe4u@theguardian.com,Male,2011,Ford,Explorer,San Bernardino,California,92405,US,34.1446,-117.3013,73465,"Rempel, Muller and Nicolas",11/03/2024
176,Hurlee,Betancourt,hbetancourt4v@bloglovin.com,Male,2006,Ford,E-350 Super Duty,Anniston,Alabama,36205,US,33.7358,-85.7933,95195,Johnston LLC,12/07/2024
177,Allene,Rosa,arosa4w@aol.com,Female,2007,Hyundai,Entourage,Houston,Texas,77276,US,29.7575,-95.3668,80205,Gulgowski-Koss,09/19/2022
178,Errol,Bisseker,ebisseker4x@blogtalkradio.com,Male,1999,Land Rover,Discovery Series II,White Plains,New York,10633,US,41.119,-73.733,84330,Yost and Sons,03/25/2022
179,Nicolai,Amorts,namorts4y@lulu.com,Male,1991,Pontiac,Grand Am,Miami Beach,Florida,33141,US,25.8486,-80.1446,56973,Gislason Inc,09/16/2022
180,Jess,Boyne,jboyne4z@amazon.de,Female,2007,Bentley,Continental GTC,Asheville,North Carolina,28815,US,35.6203,-82.5286,86250,O'Reilly LLC,05/04/2022
181,Mario,Joesbury,mjoesbury50@istockphoto.com,Male,2011,Hyundai,Genesis Coupe,Pittsburgh,Pennsylvania,15274,US,40.4344,-80.0248,38711,Schiller-Koss,02/20/2024
182,Marlon,Stanners,mstanners51@gizmodo.com,Non-binary,1989,Saab,9000,Ridgely,Maryland,21684,US,38.8893,-75.8612,69003,Stoltenberg and Sons,10/08/2023
183,Grethel,Whiston,gwhiston52@nbcnews.com,Female,2003,Dodge,Dakota,Charlotte,North Carolina,28230,US,35.26,-80.8042,96940,Kemmer LLC,05/12/2024
184,Brade,Crewes,bcrewes53@quantcast.com,Male,2013,Lincoln,MKT,Philadelphia,Pennsylvania,19141,US,40.0365,-75.1451,50876,Lynch-Schaefer,10/03/2022
185,Cicily,Sawart,csawart54@dailymotion.com,Female,2003,Dodge,Dakota Club,El Paso,Texas,79955,US,31.6948,-106.3,41205,Altenwerth and Sons,10/10/2025
186,Katharina,Rosendorf,krosendorf55@jigsy.com,Female,1997,Holden,VS Commodore,Louisville,Kentucky,40205,US,38.2222,-85.6885,80947,"Cruickshank, Mante and Reichel",06/25/2022
187,Valentine,Sanbrooke,vsanbrooke56@army.mil,Female,2007,Infiniti,M,New Haven,Connecticut,06505,US,41.3057,-72.7799,69453,Murray Inc,01/05/2024
188,Beverie,Slee,bslee57@hatena.ne.jp,Female,2010,Mazda,Miata MX-5,Detroit,Michigan,48242,US,42.2166,-83.3532,78590,"Gusikowski, Lemke and Von",05/17/2024
189,Del,Garrattley,dgarrattley58@ameblo.jp,Male,1993,Honda,del Sol,Lakeland,Florida,33805,US,28.072,-81.9609,53788,DuBuque LLC,01/03/2026
190,Hilary,Brosh,hbrosh59@scientificamerican.com,Male,1993,Chrysler,New Yorker,Springfield,Ohio,45505,US,39.9106,-83.7856,37981,Herman LLC,09/16/2025
191,Mei,Truggian,mtruggian5a@behance.net,Female,1965,Pontiac,GTO,Baltimore,Maryland,21229,US,39.2856,-76.6899,83598,Keebler-Monahan,01/09/2025
192,Ermina,Brunelli,ebrunelli5b@weebly.com,Female,2002,Toyota,Land Cruiser,Lexington,Kentucky,40591,US,38.0283,-84.4715,57163,Littel Inc,10/13/2024
193,Tanney,Dumsday,tdumsday5c@mapquest.com,Male,2012,Acura,TSX,Sacramento,California,94280,US,38.3774,-121.4444,49273,Hills Group,05/19/2024
194,Taylor,Larcier,tlarcier5d@elegantthemes.com,Male,1994,Plymouth,Acclaim,El Paso,Texas,79968,US,31.7705,-106.5048,47526,"Mueller, Langosh and Gorczany",11/06/2022
195,Issiah,Piddington,ipiddington5e@booking.com,Male,1997,Subaru,Alcyone SVX,Milwaukee,Wisconsin,53225,US,43.1154,-88.0346,39219,"Russel, Miller and Kub",04/07/2022
196,Blondy,Walstow,bwalstow5f@chronoengine.com,Female,1988,Audi,5000CS,Flushing,New York,11355,US,40.7536,-73.8226,77250,"Harber, Feil and Franecki",10/20/2022
197,Nathalie,Mayo,nmayo5g@kickstarter.com,Female,2010,Mercury,Mountaineer,Laurel,Maryland,20709,US,38.8336,-76.8777,92683,Stoltenberg-Kiehn,02/06/2025
198,Brynna,Bendik,bbendik5h@instagram.com,Female,2005,Hummer,H2,Springfield,Illinois,62794,US,39.7495,-89.606,36875,"Nienow, Veum and Kuvalis",06/14/2024
199,Chauncey,Sammons,csammons5i@woothemes.com,Agender,2000,Ford,Explorer Sport Trac,Richmond,Virginia,23260,US,37.5242,-77.4932,76078,Dietrich LLC,05/19/2022
200,Shelbi,Denizet,sdenizet5j@china.com.cn,Female,1994,Mitsubishi,Montero,Orlando,Florida,32835,US,28.5289,-81.4787,73790,Nader-Roberts,04/25/2024
201,Sari,Showers,sshowers5k@independent.co.uk,Female,2006,Toyota,Prius,Brooklyn,New York,11236,US,40.6407,-73.9028,42114,Smith-Stoltenberg,05/13/2023
202,Paten,Breinl,pbreinl5l@mapquest.com,Male,2011,Acura,TL,Minneapolis,Minnesota,55412,US,45.0242,-93.302,63381,Brown-Kohler,08/13/2024
203,Carlina,Halesworth,chalesworth5m@sina.com.cn,Female,2005,Lamborghini,Murciélago,New York City,New York,10014,US,40.7339,-74.0054,93098,"Gulgowski, McLaughlin and Cronin",12/03/2024
204,Burton,Shillingford,bshillingford5n@nature.com,Male,2006,Kia,Amanti,El Paso,Texas,88563,US,31.6948,-106.3,81694,"Kertzmann, Brown and Littel",05/07/2022
205,Oran,Penvarne,openvarne5o@dailymotion.com,Male,2009,Chevrolet,Colorado,Topeka,Kansas,66629,US,39.0429,-95.7697,45796,Walker and Sons,03/25/2023
206,Angelo,Blakeney,ablakeney5p@myspace.com,Male,1993,Ford,Club Wagon,Raleigh,North Carolina,27635,US,35.7977,-78.6253,70093,Brakus-Fahey,09/02/2025
207,Alfi,Dover,adover5q@google.com.br,Female,1992,Hyundai,Scoupe,Albany,New York,12242,US,42.6149,-73.9708,74269,Gutmann-Lakin,01/19/2025
208,Oralie,Scedall,oscedall5r@opera.com,Female,1962,Chevrolet,Corvette,Toledo,Ohio,43656,US,41.6782,-83.4972,57776,Dach-Harris,01/25/2025
209,Michelle,Hedney,mhedney5s@last.fm,Female,1989,Mercury,Sable,Salt Lake City,Utah,84115,US,40.7145,-111.8931,68148,Marks Group,03/29/2024
210,Oliy,Frediani,ofrediani5t@boston.com,Female,2011,Kia,Sportage,Evansville,Indiana,47747,US,37.9971,-87.575,41754,Nicolas and Sons,02/13/2024
211,Rog,Fudger,rfudger5u@marketwatch.com,Genderqueer,2004,BMW,325,Richmond,Virginia,23277,US,37.5535,-77.4604,68987,Schuppe Inc,05/23/2023
212,Skippie,Moulden,smoulden5v@e-recht24.de,Male,1985,Pontiac,6000,Cleveland,Ohio,44105,US,41.4509,-81.619,90564,Schmitt and Sons,12/15/2022
213,Olag,Fridaye,ofridaye5w@trellian.com,Male,1997,Ford,Contour,Bronx,New York,10464,US,40.8469,-73.7874,57126,"Hilpert, Halvorson and Funk",05/26/2024
214,Tarrance,Betham,tbetham5x@mtv.com,Male,2004,Toyota,RAV4,Milwaukee,Wisconsin,53285,US,43.0174,-87.5697,67485,O'Conner LLC,12/30/2022
215,Sharlene,Bradwell,sbradwell5y@state.gov,Female,1997,GMC,3500,New York City,New York,10150,US,40.7808,-73.9772,35719,Jacobi LLC,12/16/2025
216,Brady,Skule,bskule5z@bandcamp.com,Male,2012,GMC,Yukon,Oakland,California,94627,US,37.6802,-121.9215,38642,"Crooks, Willms and Kassulke",01/21/2024
217,Zaccaria,Winfred,zwinfred60@amazon.de,Male,1999,Toyota,Tacoma Xtra,Chattanooga,Tennessee,37416,US,35.0942,-85.1757,50656,Schowalter-Kuhic,09/28/2024
218,Diena,Stopher,dstopher61@fema.gov,Female,1988,Saab,900,San Jose,California,95173,US,37.3352,-121.8938,39894,"Monahan, Champlin and Howe",05/07/2025
219,Hans,Wrixon,hwrixon62@nbcnews.com,Male,1986,Subaru,XT,Springfield,Illinois,62756,US,39.7495,-89.606,34332,"Rowe, Kub and Lueilwitz",10/09/2024
220,Biron,Klebes,bklebes63@berkeley.edu,Male,1994,Toyota,Tercel,Anchorage,Alaska,99512,US,61.204,-149.8084,53550,Green-Larson,11/01/2025
221,Federico,Sackett,fsackett64@washingtonpost.com,Male,1995,Oldsmobile,Cutlass Supreme,Bakersfield,California,93381,US,35.2944,-118.9052,36770,"Jacobs, Luettgen and Kreiger",12/17/2025
222,Allyn,Thalmann,athalmann65@mac.com,Male,1996,Chevrolet,G-Series 1500,Tulsa,Oklahoma,74141,US,36.1398,-96.0297,70629,Watsica and Sons,06/08/2022
223,Rodolphe,Lamble,rlamble66@constantcontact.com,Male,1989,Mazda,B-Series,Springfield,Massachusetts,01152,US,42.1707,-72.6048,63243,Reynolds-Bartell,03/05/2022
224,Valida,Oxteby,voxteby67@themeforest.net,Female,2000,Chevrolet,Tahoe,Odessa,Texas,79769,US,31.7466,-102.567,95580,Kub LLC,10/01/2022
225,Dorie,Dadson,ddadson68@constantcontact.com,Male,1997,Lincoln,Continental,Denver,Colorado,80217,US,39.7388,-104.4083,90505,Hickle-Franecki,04/08/2023
226,Nadiya,Swalwel,nswalwel69@unblog.fr,Female,1995,Mitsubishi,GTO,Miami,Florida,33153,US,25.8655,-80.1936,40924,Streich and Sons,07/10/2024
227,Elianora,Werner,ewerner6a@infoseek.co.jp,Female,1992,GMC,Vandura 2500,Young America,Minnesota,55564,US,44.8055,-93.7665,53368,Quigley LLC,08/10/2022
228,Davie,Habbergham,dhabbergham6b@umich.edu,Male,2005,Aston Martin,DB9,Largo,Florida,33777,US,27.8546,-82.7545,46141,Kozey-Kerluke,06/01/2023
229,Guglielmo,Grimwade,ggrimwade6c@soundcloud.com,Genderfluid,2013,Kia,Rio,Washington,District of Columbia,20575,US,38.8933,-77.0146,83669,Turcotte-Dicki,08/17/2022
230,Mackenzie,Jollie,mjollie6d@1und1.de,Male,2012,Acura,ZDX,Trenton,New Jersey,08608,US,40.2204,-74.7622,61069,Casper LLC,11/06/2025
231,Oralie,Gregr,ogregr6e@hud.gov,Female,2009,Toyota,Yaris,Washington,District of Columbia,20244,US,38.8933,-77.0146,58766,Quigley Group,07/25/2023
232,Marigold,Aubury,maubury6f@i2i.jp,Female,1992,Honda,Civic,Dallas,Texas,75231,US,32.8756,-96.7495,44382,Harris and Sons,05/15/2025
233,Deny,Plumer,dplumer6g@opera.com,Female,1998,Dodge,Ram Van 3500,Toledo,Ohio,43666,US,41.6782,-83.4972,63402,Roberts Group,11/07/2025
234,Brigitta,Josefowicz,bjosefowicz6h@patch.com,Female,2008,Pontiac,Vibe,Silver Spring,Maryland,20910,US,38.9982,-77.0338,87691,Walker-Kassulke,04/17/2022
235,Scottie,Duetsche,sduetsche6i@posterous.com,Male,1988,Pontiac,Turbo Firefly,Montgomery,Alabama,36114,US,32.404,-86.2539,65328,Rolfson Inc,02/11/2023
236,Shaina,Waistall,swaistall6j@bigcartel.com,Female,2004,Ford,E250,Saint Cloud,Minnesota,56372,US,45.5289,-94.5933,79081,Mante-Lemke,01/08/2023
237,Joela,Bartoletti,jbartoletti6k@theglobeandmail.com,Female,2011,Volkswagen,Eos,Greensboro,North Carolina,27415,US,36.0807,-80.0244,36475,"Hudson, Kling and Crooks",12/25/2025
238,Farlee,Whittam,fwhittam6l@npr.org,Male,2002,Chevrolet,Malibu,Mobile,Alabama,36670,US,30.6589,-88.178,60679,Larkin-Daniel,06/21/2022
239,Ninnetta,Seer,nseer6m@posterous.com,Female,1993,Mazda,B-Series Plus,New Haven,Connecticut,06533,US,41.3657,-72.9275,46905,Predovic and Sons,03/03/2023
240,Pace,Carradice,pcarradice6n@cpanel.net,Male,1989,Mitsubishi,Mirage,Dallas,Texas,75246,US,32.7948,-96.7697,62944,Kohler Group,08/22/2025
241,Clemmie,Lazar,clazar6o@hud.gov,Male,2007,Kia,Amanti,Colorado Springs,Colorado,80920,US,38.9497,-104.767,78670,"Schoen, Williamson and Roberts",02/01/2023
242,Alexis,Godball,agodball6p@upenn.edu,Female,2006,Chevrolet,Colorado,Seattle,Washington,98104,US,47.6036,-122.3256,55571,Kshlerin-Little,11/20/2024
243,Faulkner,Petche,fpetche6q@cafepress.com,Male,2006,Lamborghini,Gallardo,Inglewood,California,90310,US,33.7866,-118.2987,82964,Hamill Group,02/13/2023
244,Brod,Powling,bpowling6r@bbc.co.uk,Male,2003,Chrysler,PT Cruiser,Newark,New Jersey,07188,US,40.7918,-74.2452,46765,Jenkins-Reichert,08/09/2022
245,Trula,Draude,tdraude6s@icio.us,Female,2007,Subaru,Forester,Mobile,Alabama,36605,US,30.6341,-88.0846,67740,Fisher-Heidenreich,10/20/2025
246,Hunt,Banaszewski,hbanaszewski6t@cloudflare.com,Male,1992,Mitsubishi,Diamante,Baton Rouge,Louisiana,70883,US,30.5159,-91.0804,32512,"Mraz, Flatley and Swift",06/07/2024
247,Gerhard,Mandel,gmandel6u@economist.com,Male,1993,Volkswagen,GTI,Huntington,West Virginia,25711,US,38.4134,-82.2774,67273,Hammes LLC,02/03/2024
248,Wendye,Wark,wwark6v@buzzfeed.com,Female,2001,Dodge,Dakota Club,Portland,Oregon,97271,US,45.5806,-122.3748,74284,McCullough Inc,06/21/2023
249,Eugenius,Connah,econnah6w@bloglines.com,Male,2006,Dodge,Stratus,Miami Beach,Florida,33141,US,25.8486,-80.1446,48764,Swift-Erdman,02/15/2022
250,Ariel,Redparth,aredparth6x@csmonitor.com,Agender,1997,Plymouth,Prowler,New York City,New York,10004,US,40.6964,-74.0253,85649,Conroy and Sons,11/06/2022
251,Natal,Rebanks,nrebanks6y@google.com.au,Male,1993,Mitsubishi,Mighty Max Macro,Hollywood,Florida,33023,US,25.9894,-80.2153,86899,Pollich-Luettgen,04/15/2022
252,Raquela,Berth,rberth6z@redcross.org,Female,2011,BMW,7 Series,Zephyrhills,Florida,33543,US,28.2059,-82.3063,82755,"Lemke, Goodwin and Franecki",05/29/2023
253,Michelle,Longhi,mlonghi70@etsy.com,Female,2004,Nissan,Maxima,Colorado Springs,Colorado,80915,US,38.8558,-104.7134,33549,Mayer Group,07/09/2022
254,Reinwald,Lorne,rlorne71@who.int,Male,1999,Lexus,ES,Charleston,South Carolina,29416,US,32.8488,-79.8577,92460,Lang-Hansen,07/07/2024
255,Conant,Harriman,charriman72@freewebs.com,Male,2011,GMC,Yukon XL 1500,Colorado Springs,Colorado,80925,US,38.7378,-104.6459,72405,"Emmerich, Mante and Carter",03/18/2025
256,Silvester,McNirlan,smcnirlan73@de.vu,Male,2011,Chrysler,300,Dayton,Ohio,45408,US,39.7395,-84.229,88397,Schumm and Sons,02/28/2023
257,Adamo,Wherton,awherton74@samsung.com,Male,2007,Bentley,Azure,New York City,New York,10110,US,40.754,-73.9808,57385,"Brekke, DuBuque and Feil",09/17/2023
258,Wilt,Cinnamond,wcinnamond75@tinypic.com,Male,2006,Acura,RL,New York City,New York,10115,US,40.8111,-73.9642,88867,"Brown, Littel and Bartoletti",05/17/2022
259,Wesley,Avrahamy,wavrahamy76@amazon.co.jp,Male,1996,Ford,Ranger,Arlington,Virginia,22217,US,38.8808,-77.113,46689,"Feeney, Tromp and Hamill",09/25/2024
260,Jamie,Redemile,jredemile77@un.org,Male,2008,Mercedes-Benz,SL-Class,Portland,Oregon,97201,US,45.5078,-122.6897,56167,Schuster-Bergstrom,08/31/2022
261,Nedi,Normanell,nnormanell78@biglobe.ne.jp,Female,2011,MINI,Countryman,San Jose,California,95150,US,37.3866,-121.897,92924,Hyatt Group,02/07/2024
262,Rogers,Tweede,rtweede79@weather.com,Male,2007,Subaru,Legacy,Birmingham,Alabama,35225,US,33.5446,-86.9292,61690,Hyatt-Littel,01/08/2026
263,Land,Espinoy,lespinoy7a@istockphoto.com,Male,2011,Cadillac,CTS,Mountain View,California,94042,US,37.1894,-121.7053,42253,Bednar Inc,04/25/2022
264,Gustavus,Airy,gairy7b@parallels.com,Polygender,2003,Dodge,Dakota,Duluth,Minnesota,55805,US,46.7987,-92.0946,95855,Zemlak Group,10/28/2024
265,Shepherd,Di Ruggero,sdiruggero7c@wordpress.org,Male,2010,Mitsubishi,Endeavor,Seattle,Washington,98115,US,47.6849,-122.2968,47424,Schuppe and Sons,11/29/2023
266,Nobie,Eakeley,neakeley7d@msu.edu,Male,1997,Kia,Sephia,San Antonio,Texas,78285,US,29.4375,-98.4616,99880,McKenzie-Baumbach,04/03/2022
267,Nevin,Jerisch,njerisch7e@apache.org,Male,2007,Lexus,LX,Racine,Wisconsin,53405,US,42.7161,-87.8233,44078,Baumbach-Schinner,08/02/2022
268,Myrtie,Cornuau,mcornuau7f@go.com,Bigender,1998,Saab,900,Columbus,Ohio,43231,US,40.081,-82.9383,33077,"Metz, Lueilwitz and Kunde",03/06/2022
269,Abbott,Parkhouse,aparkhouse7g@zdnet.com,Male,2008,Subaru,Legacy,Boynton Beach,Florida,33436,US,26.5354,-80.1124,70397,O'Kon-Nitzsche,12/26/2022
270,Valery,Byrne,vbyrne7h@etsy.com,Female,2008,Jeep,Compass,Milwaukee,Wisconsin,53285,US,43.0174,-87.5697,60758,Heaney Inc,05/25/2023
271,Domingo,McKennan,dmckennan7i@homestead.com,Male,2009,Chevrolet,Tahoe,Charlotte,North Carolina,28215,US,35.244,-80.7387,30374,Beier-Hirthe,05/29/2024
272,Salvador,McNuff,smcnuff7j@icq.com,Male,2002,Nissan,Pathfinder,Toledo,Ohio,43610,US,41.6767,-83.5573,54148,Shanahan Group,07/03/2023
273,Clementine,Bromfield,cbromfield7k@oakley.com,Bigender,1972,Pontiac,GTO,South Bend,Indiana,46614,US,41.6255,-86.2433,42083,"Hauck, Ortiz and Beahan",12/17/2023
274,Marian,Asker,masker7l@addthis.com,Female,1990,Mitsubishi,Precis,Mobile,Alabama,36628,US,30.6589,-88.178,72356,"Cassin, Wiegand and MacGyver",08/17/2023
275,Devlen,Dalliwatr,ddalliwatr7m@skyrock.com,Male,1996,Mazda,B-Series Plus,Naples,Florida,34102,US,26.134,-81.7953,56615,MacGyver and Sons,09/01/2025
276,Tate,Soper,tsoper7n@smugmug.com,Male,2004,Mercury,Marauder,Albany,New York,12242,US,42.6149,-73.9708,46861,"Kunde, Bogisich and Schneider",12/15/2024
277,Shane,Dachey,sdachey7o@lycos.com,Male,2000,Dodge,Ram 2500,Fargo,North Dakota,58122,US,46.9346,-97.2297,48934,"Lindgren, Waelchi and Mohr",09/21/2023
278,Natty,Stannas,nstannas7p@imageshack.us,Genderqueer,1999,GMC,2500,Santa Monica,California,90405,US,34.01,-118.4717,82749,Grimes Inc,09/02/2024
279,Amalie,Northgraves,anorthgraves7q@globo.com,Female,2012,Bentley,Continental Flying Spur,El Paso,Texas,79911,US,31.8925,-106.5426,36534,Batz-Glover,08/03/2022
280,Merna,MacMychem,mmacmychem7r@engadget.com,Female,1996,Honda,Passport,Daytona Beach,Florida,32123,US,29.0227,-81.1722,50376,"Kassulke, O'Connell and Hagenes",04/02/2024
281,Rhianon,Rennels,rrennels7s@twitter.com,Female,2005,Mazda,Mazda3,Albany,Georgia,31704,US,31.55,-84.0612,76962,O'Kon-Baumbach,09/21/2024
282,Sidnee,Weiss,sweiss7t@psu.edu,Male,1985,Subaru,Brat,Oklahoma City,Oklahoma,73114,US,35.5704,-97.5257,87467,McCullough Group,05/02/2024
283,Muriel,Gregore,mgregore7u@storify.com,Bigender,2009,Saab,9-7X,Ventura,California,93005,US,34.0324,-119.1343,97281,Wolff-Borer,04/19/2022
284,Trula,Fletcher,tfletcher7v@abc.net.au,Genderqueer,1998,Toyota,Corolla,Lakewood,Washington,98498,US,47.1591,-122.5485,47768,"Turner, Moore and Gusikowski",01/21/2026
285,Gerrie,Jayume,gjayume7w@omniture.com,Female,1998,GMC,Savana 3500,San Bernardino,California,92405,US,34.1446,-117.3013,41812,"Jaskolski, Hackett and Marks",12/24/2023
286,Patsy,Blueman,pblueman7x@nsw.gov.au,Female,2005,Mitsubishi,Eclipse,Terre Haute,Indiana,47805,US,39.5327,-87.3255,40760,Kassulke Inc,03/15/2025
287,Dilan,Forton,dforton7y@latimes.com,Male,2005,Mitsubishi,Eclipse,Tyler,Texas,75710,US,32.3475,-95.3065,56642,Reichert-Shanahan,05/16/2022
288,Rubina,Boatswain,rboatswain7z@so-net.ne.jp,Female,2010,Volvo,C70,Pasadena,California,91125,US,33.7866,-118.2987,83674,Ziemann-Beier,09/27/2024
289,Liza,Kydd,lkydd80@wikipedia.org,Female,1995,Mercury,Grand Marquis,Salt Lake City,Utah,84152,US,40.7286,-111.6627,74752,Beer and Sons,09/12/2025
290,Townsend,Churly,tchurly81@aboutads.info,Male,2002,Toyota,Sienna,Norcross,Georgia,30092,US,33.9677,-84.2438,46403,"Reinger, Denesik and Fritsch",01/31/2022
291,Raynard,Yerbury,ryerbury82@theguardian.com,Male,1990,Buick,Estate,Pomona,California,91797,US,33.7866,-118.2987,38426,Cummings-Kiehn,05/21/2025
292,Archibaldo,Herety,aherety83@liveinternet.ru,Male,2010,Rolls-Royce,Ghost,Newport Beach,California,92662,US,33.6062,-117.8931,83605,"Halvorson, Tremblay and Senger",09/17/2024
293,Von,Lezemere,vlezemere84@auda.org.au,Male,2005,Jaguar,X-Type,Palm Bay,Florida,32909,US,27.9694,-80.6473,73381,"Senger, Harber and Reynolds",04/12/2022
294,Belinda,Verrick,bverrick85@acquirethisname.com,Female,1990,Ford,Festiva,Las Vegas,Nevada,89115,US,36.2158,-115.0671,58451,Koepp-Pollich,06/19/2023
295,Corabella,Whilde,cwhilde86@answers.com,Female,2004,Dodge,Ram 1500,Portland,Oregon,97271,US,45.5806,-122.3748,74255,Hahn-Ruecker,03/01/2022
296,Shanan,Sture,ssture87@omniture.com,Male,2007,Kia,Spectra,Peoria,Illinois,61651,US,40.7442,-89.7184,90147,Mertz-Goodwin,10/10/2025
297,Frederic,Stebles,fstebles88@imdb.com,Male,2005,Toyota,Sienna,Rochester,New York,14652,US,43.286,-77.6843,56391,Gusikowski Group,12/21/2024
298,Lutero,Berardt,lberardt89@posterous.com,Male,1996,Toyota,Land Cruiser,Scottsdale,Arizona,85255,US,33.6968,-111.8892,80936,Murray-Conroy,11/14/2022
299,Darnall,Dreghorn,ddreghorn8a@creativecommons.org,Male,1991,Buick,Roadmaster,Saginaw,Michigan,48604,US,43.4732,-83.9514,72941,"Osinski, Braun and Olson",01/31/2024
300,Querida,Mallows,qmallows8b@spotify.com,Female,2004,Isuzu,Ascender,Jersey City,New Jersey,07305,US,40.702,-74.089,46792,Wiegand-Gulgowski,02/03/2024
301,Dedra,Edgin,dedgin8c@imageshack.us,Female,2005,Volkswagen,Touareg,Miami,Florida,33175,US,25.7341,-80.4068,40810,"Bergstrom, Conn and Kuvalis",03/20/2022
302,Byran,Snookes,bsnookes8d@sitemeter.com,Male,2012,Nissan,JUKE,Atlanta,Georgia,31136,US,33.7473,-84.3824,90663,"O'Kon, Pouros and Dibbert",12/11/2025
303,Edin,Gadsby,egadsby8e@prnewswire.com,Female,2008,Mazda,Mazda3,Fort Worth,Texas,76129,US,32.7714,-97.2915,71653,"Hoppe, Stokes and Zemlak",07/03/2023
304,Perrine,Alekseev,palekseev8f@pcworld.com,Female,1999,Mercedes-Benz,C-Class,Fort Myers,Florida,33994,US,26.5529,-81.9486,42287,"Smith, Abshire and Smith",01/04/2024
305,Cyrille,Montier,cmontier8g@joomla.org,Male,2010,Audi,S4,Grand Forks,North Dakota,58207,US,47.9335,-97.3944,38380,Kshlerin LLC,07/15/2022
306,Germaine,Bradnock,gbradnock8h@tripadvisor.com,Female,2007,Ford,GT500,Washington,District of Columbia,20370,US,38.8933,-77.0146,60347,Jacobs-Heathcote,11/17/2024
307,Bartel,Giorgiutti,bgiorgiutti8i@tiny.cc,Male,2008,Ford,Taurus,Saint Louis,Missouri,63158,US,38.6531,-90.2435,74020,Ledner-Feeney,02/27/2024
308,Robyn,Clemot,rclemot8j@cnet.com,Female,2002,Kia,Sedona,Denver,Colorado,80241,US,39.9274,-104.9548,40565,"Green, Harvey and Christiansen",05/08/2023
309,Elonore,Elmes,eelmes8k@uol.com.br,Female,1999,Oldsmobile,Silhouette,Dayton,Ohio,45408,US,39.7395,-84.229,87309,"Will, Lakin and Donnelly",05/14/2022
310,Wakefield,Thoresby,wthoresby8l@techcrunch.com,Male,2005,Mercedes-Benz,SLR McLaren,El Paso,Texas,79955,US,31.6948,-106.3,36314,Kling and Sons,06/07/2022
311,Kaitlyn,De Matteis,kdematteis8m@chron.com,Non-binary,1986,Volkswagen,Golf,Madison,Wisconsin,53726,US,43.0696,-89.4239,40435,"Little, Bayer and Beahan",01/21/2024
312,Spike,Landal,slandal8n@privacy.gov.au,Male,2003,Buick,Rendezvous,Milwaukee,Wisconsin,53215,US,43.006,-87.9429,45856,Sipes-Kertzmann,07/24/2025
313,Dayna,Bryde,dbryde8o@nba.com,Female,1987,Buick,Regal,Washington,District of Columbia,20566,US,38.8971,-77.0554,95119,Labadie-Sawayn,07/09/2024
314,Moishe,Lavalde,mlavalde8p@europa.eu,Male,2010,Nissan,Xterra,Raleigh,North Carolina,27635,US,35.7977,-78.6253,61991,"D'Amore, Kutch and Donnelly",03/27/2024
315,Hube,Swadlen,hswadlen8q@sohu.com,Male,1995,Jeep,Cherokee,San Diego,California,92165,US,33.0169,-116.846,62523,Abshire Group,09/04/2023
316,Gilberte,Ledbetter,gledbetter8r@istockphoto.com,Agender,1995,Geo,Tracker,Austin,Texas,78703,US,30.2907,-97.7648,62242,Funk-Hessel,03/26/2025
317,Hill,Mattersley,hmattersley8s@weather.com,Male,1998,Ford,Contour,Decatur,Georgia,30089,US,33.7749,-84.3046,37496,"Rowe, Collier and Paucek",08/02/2024
318,Lolita,Glaserman,lglaserman8t@prnewswire.com,Agender,1978,Plymouth,Horizon,Dallas,Texas,75231,US,32.8756,-96.7495,71167,Medhurst and Sons,02/21/2025
319,Lora,Di Biagi,ldibiagi8u@amazon.de,Female,2001,Toyota,Sienna,Seattle,Washington,98158,US,47.4497,-122.3076,84075,Marks-Larkin,03/28/2025
320,Garik,Franzini,gfranzini8v@hao123.com,Male,2008,Nissan,Quest,Kansas City,Missouri,64190,US,39.3432,-94.8516,95046,"Johns, Christiansen and Fadel",05/21/2022
321,Park,Hallex,phallex8w@reference.com,Male,2009,Jeep,Patriot,Scottsdale,Arizona,85271,US,33.2765,-112.1872,66599,Harber Inc,05/16/2024
322,Ricky,McGrale,rmcgrale8x@apple.com,Female,2001,Land Rover,Discovery,Springfield,Massachusetts,01152,US,42.1707,-72.6048,94995,Rutherford-Botsford,11/16/2025
323,Xerxes,Clulow,xclulow8y@ocn.ne.jp,Male,2001,Ford,E-Series,Clearwater,Florida,34629,US,27.9654,-82.8001,45858,Kuhlman Inc,02/01/2023
324,Cory,Aslen,caslen8z@elpais.com,Agender,1999,Plymouth,Breeze,Lansing,Michigan,48919,US,42.7286,-84.5517,46654,Kuhlman-Ward,02/02/2025
325,Norri,Gravenell,ngravenell90@hhs.gov,Female,2000,Saab,9-3,Tyler,Texas,75710,US,32.3475,-95.3065,42456,Ernser LLC,11/22/2024
326,Fancy,Sisneros,fsisneros91@edublogs.org,Female,2001,Kia,Optima,Amarillo,Texas,79116,US,35.2454,-101.999,59253,McLaughlin LLC,12/31/2022
327,Loria,Portress,lportress92@hugedomains.com,Female,2012,Nissan,Frontier,Columbia,South Carolina,29215,US,34.006,-80.9708,46172,"Windler, Lemke and Bartell",12/04/2022
328,Cathie,Redihalgh,credihalgh93@harvard.edu,Female,2004,Jaguar,XJ Series,Reno,Nevada,89550,US,39.5387,-119.8225,48101,"Kuvalis, Will and Dach",05/29/2023
329,Morganica,Cruse,mcruse94@is.gd,Female,2010,Chevrolet,Tahoe,Farmington,Michigan,48335,US,42.4617,-83.4053,86501,Kohler LLC,02/14/2023
330,Rosy,Feore,rfeore95@lycos.com,Female,1995,Mazda,Millenia,Duluth,Georgia,30096,US,33.9845,-84.1529,60459,"Bruen, Dooley and Kuphal",08/25/2024
331,Clayson,Beazey,cbeazey96@google.fr,Male,1990,Mercedes-Benz,E-Class,Lake Worth,Florida,33467,US,26.6104,-80.1683,58429,Corkery-Reinger,11/28/2022
332,Daron,Jaycox,djaycox97@foxnews.com,Female,1997,GMC,Jimmy,Huntsville,Alabama,35805,US,34.7059,-86.6165,87338,"Walter, Witting and Roberts",08/05/2024
333,Morten,Blackadder,mblackadder98@jimdo.com,Male,2004,Jeep,Grand Cherokee,Los Angeles,California,90065,US,34.1073,-118.2266,53441,"Spencer, Stoltenberg and White",12/05/2022
334,Wilfrid,Stoodley,wstoodley99@yellowpages.com,Male,2002,Ford,Explorer Sport Trac,Austin,Texas,78744,US,30.1876,-97.7472,33142,Kirlin Inc,02/23/2022
335,Adolph,Borer,aborer9a@symantec.com,Male,2007,Saab,9-7X,Santa Barbara,California,93111,US,34.4453,-119.8025,73229,Jones and Sons,10/11/2022
336,Keir,Rizzetti,krizzetti9b@is.gd,Male,1999,Pontiac,Bonneville,Fort Lauderdale,Florida,33320,US,26.1625,-80.2582,81198,Kub-Dickens,07/22/2025
337,Nicko,Daspar,ndaspar9c@privacy.gov.au,Male,2007,Chevrolet,Silverado 2500,Raleigh,North Carolina,27635,US,35.7977,-78.6253,54269,Hartmann-Stroman,01/31/2022
338,Rodi,Wimpenny,rwimpenny9d@hubpages.com,Female,2006,Maserati,Quattroporte,Scottsdale,Arizona,85271,US,33.2765,-112.1872,38920,Stamm-Wolf,04/06/2023
339,Evangeline,Kinleyside,ekinleyside9e@army.mil,Female,1987,Mitsubishi,Galant,Salt Lake City,Utah,84140,US,40.7713,-111.9309,38862,"Hahn, Witting and Fritsch",11/11/2025
340,Kali,Arnaud,karnaud9f@yellowbook.com,Female,2003,Nissan,Murano,Bridgeport,Connecticut,06606,US,41.2091,-73.2086,80980,Altenwerth and Sons,11/23/2025
341,Noelyn,Khrishtafovich,nkhrishtafovich9g@symantec.com,Female,1991,Land Rover,Range Rover,Topeka,Kansas,66611,US,39.0142,-95.6982,93342,Streich-Green,02/06/2024
342,Jessamine,Bernolet,jbernolet9h@free.fr,Female,2012,Cadillac,CTS-V,Gadsden,Alabama,35905,US,33.9352,-85.9576,39148,McDermott-Schinner,12/08/2023
343,Zacharie,Rosenvasser,zrosenvasser9i@apple.com,Male,2001,Chrysler,Concorde,Topeka,Kansas,66617,US,39.1271,-95.6384,61649,Grady LLC,07/30/2025
344,Ardine,Nosworthy,anosworthy9j@seattletimes.com,Female,1994,Volkswagen,Corrado,San Antonio,Texas,78255,US,29.6701,-98.6873,33329,Breitenberg LLC,01/19/2024
345,Elfrieda,Purseglove,epurseglove9k@plala.or.jp,Female,2006,GMC,Yukon XL,Miami,Florida,33124,US,25.5584,-80.4582,83261,Pagac and Sons,07/21/2023
346,Cristal,Turney,cturney9l@ameblo.jp,Female,1993,Mercedes-Benz,C-Class,Fort Worth,Texas,76147,US,32.7714,-97.2915,37448,Rodriguez-Miller,11/11/2022
347,Belicia,Pieter,bpieter9m@linkedin.com,Female,1994,Lamborghini,Diablo,Lakewood,Washington,98498,US,47.1591,-122.5485,31011,"Hermiston, Crooks and Hirthe",07/27/2024
348,Neron,Paradis,nparadis9n@ustream.tv,Male,2009,Mercedes-Benz,CL65 AMG,Austin,Texas,78783,US,30.3264,-97.7713,32681,"Franecki, Veum and Breitenberg",02/05/2022
349,Gussy,Saurat,gsaurat9o@dell.com,Female,2011,Chevrolet,Silverado 3500,Charleston,West Virginia,25331,US,38.2968,-81.5547,73761,Bednar-Altenwerth,01/16/2025
350,Camilla,Orknay,corknay9p@wikispaces.com,Female,1998,Dodge,Ram Van 1500,White Plains,New York,10606,US,41.0247,-73.7781,46974,Dach LLC,11/26/2022
351,Carlo,Chellam,cchellam9q@mysql.com,Male,1993,Dodge,Ram 50,West Palm Beach,Florida,33411,US,26.6644,-80.1741,79904,Bauch-Schmeler,07/09/2023
352,Agnese,Tatnell,atatnell9r@creativecommons.org,Female,1992,Suzuki,SJ,Kansas City,Missouri,64187,US,39.035,-94.3567,37849,Orn-Shields,05/12/2024
353,Durant,Dakin,ddakin9s@adobe.com,Male,2000,Ford,F250,Cincinnati,Ohio,45254,US,39.1668,-84.5382,95392,"Kuphal, Deckow and Nienow",05/20/2025
354,Leigh,Mordanti,lmordanti9t@tiny.cc,Female,1995,Chevrolet,Sportvan G20,Flint,Michigan,48555,US,43.0113,-83.7108,56954,"Bradtke, Quigley and Purdy",09/02/2025
355,Chadd,Molines,cmolines9u@vistaprint.com,Male,2004,Infiniti,M,Las Cruces,New Mexico,88006,US,32.3052,-106.7863,50192,"Stanton, Zulauf and Dare",07/19/2024
356,Bernetta,Hadgraft,bhadgraft9v@goo.gl,Female,2011,Audi,TT,Washington,District of Columbia,20022,US,38.945,-77.0364,74867,Frami-Pfeffer,02/09/2025
357,Marlie,Claye,mclaye9w@google.com.br,Female,1992,Mercedes-Benz,500SL,San Jose,California,95108,US,37.3378,-121.8908,94756,Welch Group,08/31/2022
358,Jeddy,Goldthorpe,jgoldthorpe9x@mtv.com,Male,2005,Mazda,Mazda6,Montgomery,Alabama,36109,US,32.3834,-86.2434,89588,"Crist, Grimes and Leuschke",10/22/2025
359,Glyn,Sanson,gsanson9y@bigcartel.com,Male,1991,Audi,V8,Shreveport,Louisiana,71166,US,32.6076,-93.7526,80357,"Torp, Padberg and Schmeler",10/16/2022
360,Urbano,Kleinbaum,ukleinbaum9z@cnn.com,Male,2002,Dodge,Ram 1500,Migrate,Kentucky,41905,US,38.0638,-84.5027,97089,Dare-Abbott,07/26/2024
361,Ari,Deards,adeardsa0@seesaa.net,Genderfluid,2005,Chevrolet,Venture,San Francisco,California,94105,US,37.7864,-122.3892,49976,Frami Group,09/19/2022
362,Sydelle,Hame,shamea1@dion.ne.jp,Female,2012,GMC,Yukon XL 1500,Stockton,California,95298,US,37.9577,-121.2897,46588,Schaefer Group,06/10/2024
363,Toiboid,Dykas,tdykasa2@netvibes.com,Male,1999,Mercedes-Benz,C-Class,Roanoke,Virginia,24020,US,37.3589,-79.9448,49290,"Block, Lehner and Harvey",02/29/2024
364,Glynis,Pownall,gpownalla3@is.gd,Female,2011,Audi,S6,Phoenix,Arizona,85083,US,33.7352,-112.1294,62779,"Gerlach, Hartmann and Ward",09/15/2022
365,Saloma,Filtness,sfiltnessa4@google.com.br,Female,1993,Mercedes-Benz,300E,New York City,New York,10155,US,40.7611,-73.968,46231,Daugherty-Leffler,04/03/2023
366,Nolie,Kiddell,nkiddella5@pinterest.com,Female,1995,Dodge,Intrepid,Lexington,Kentucky,40596,US,38.0283,-84.4715,51619,"Orn, Jast and Grant",01/14/2025
367,Mort,Mirfield,mmirfielda6@cornell.edu,Male,1994,Saab,900,Houston,Texas,77281,US,29.834,-95.4342,40583,"Rowe, Ortiz and Crona",11/20/2024
368,Sebastian,Grace,sgracea7@imgur.com,Male,1966,Pontiac,Grand Prix,Los Angeles,California,90065,US,34.1073,-118.2266,89029,Ledner LLC,07/19/2024
369,Andy,Wivell,awivella8@shutterfly.com,Male,2012,Audi,S5,Stockton,California,95298,US,37.9577,-121.2897,46048,"Bogisich, Collins and Hartmann",01/24/2024
370,Lenee,Hatchell,lhatchella9@sphinn.com,Female,2004,Hummer,H1,New Orleans,Louisiana,70142,US,30.033,-89.8826,81204,Schamberger Group,03/04/2024
371,Hollie,Alleyn,halleynaa@google.ru,Female,2004,Volkswagen,Golf,York,Pennsylvania,17405,US,40.0086,-76.5972,97647,Considine-Rogahn,01/01/2026
372,Selle,Altimas,saltimasab@networksolutions.com,Female,2010,Mazda,CX-9,Dayton,Ohio,45403,US,39.7617,-84.1498,47319,Langosh and Sons,06/19/2023
373,Hamel,Giacovetti,hgiacovettiac@angelfire.com,Male,1985,Mercury,Capri,Roanoke,Virginia,24024,US,37.2742,-79.9579,77192,Shields LLC,11/03/2025
374,Blancha,Astin,bastinad@huffingtonpost.com,Female,2013,Porsche,911,Boston,Massachusetts,02203,US,42.3615,-71.0604,46829,"Yundt, Wiza and Hills",11/10/2025
375,Adelina,Goodram,agoodramae@nasa.gov,Female,1995,Toyota,Paseo,Huntington,West Virginia,25716,US,38.4134,-82.2774,35624,"Leannon, Haley and Quitzon",02/29/2024
376,Kameko,Crook,kcrookaf@diigo.com,Female,1995,Audi,riolet,Jackson,Mississippi,39216,US,32.3386,-90.1708,31350,"Blanda, Pouros and Cummings",11/24/2022
377,Shaine,Pudge,spudgeag@boston.com,Female,2008,Bentley,Continental GT,Inglewood,California,90310,US,33.7866,-118.2987,53628,McCullough-Stracke,07/08/2024
378,Frazier,Suart,fsuartah@sina.com.cn,Male,2012,Mercedes-Benz,R-Class,Erie,Pennsylvania,16505,US,42.1109,-80.1534,87399,"Rowe, Kessler and Cremin",02/08/2025
379,Kathy,Rylstone,krylstoneai@joomla.org,Female,2009,Dodge,Ram 3500,Indianapolis,Indiana,46226,US,39.8326,-86.0836,97724,Jaskolski-Schinner,08/15/2022
380,Fulton,Diviny,fdivinyaj@rambler.ru,Male,2010,Infiniti,G37,San Antonio,Texas,78240,US,29.5189,-98.6006,95972,Ward and Sons,01/26/2026
381,Jeanelle,Philippson,jphilippsonak@usnews.com,Female,2013,Volkswagen,CC,Peoria,Illinois,61629,US,40.692,-89.5887,63275,Cartwright LLC,04/11/2025
382,Free,Maleham,fmalehamal@weibo.com,Male,2012,Toyota,Sienna,Baltimore,Maryland,21229,US,39.2856,-76.6899,31034,Legros-Goyette,01/20/2025
383,Kesley,Grafton-Herbert,kgraftonherbertam@diigo.com,Female,2005,Nissan,Quest,Henderson,Nevada,89012,US,36.0119,-115.0433,42304,Stokes Group,04/02/2023
384,Pren,Crat,pcratan@ow.ly,Male,2002,Audi,A4,Akron,Ohio,44393,US,41.1287,-81.54,41892,Quitzon-Hoppe,01/17/2025
385,Kelsey,Artois,kartoisao@phoca.cz,Female,1998,Dodge,Ram 1500 Club,Saint Louis,Missouri,63169,US,38.6531,-90.2435,95383,Leannon Inc,11/08/2024
386,Filberte,Al Hirsi,falhirsiap@google.cn,Male,1984,Ford,Tempo,Vero Beach,Florida,32969,US,27.709,-80.5726,41258,"Gleichner, Wintheiser and Parisian",12/02/2024
387,Murdoch,Dunton,mduntonaq@scientificamerican.com,Male,2002,Ford,Econoline E350,Saint Paul,Minnesota,55166,US,45.0059,-93.1059,73781,Cruickshank-Kautzer,11/30/2024
388,Creigh,Hobbing,chobbingar@4shared.com,Male,1999,Oldsmobile,Silhouette,Young America,Minnesota,55551,US,44.8055,-93.7665,69723,"Kuhn, Pouros and Conn",02/27/2022
389,Nessie,Winterson,nwintersonas@youku.com,Female,1996,Holden,VS Commodore,Gainesville,Florida,32605,US,29.6785,-82.3679,55503,"Monahan, Bergnaum and Graham",02/18/2023
390,Celestina,Akenhead,cakenheadat@miitbeian.gov.cn,Female,1998,Nissan,240SX,Carson City,Nevada,89714,US,39.1678,-119.7764,30506,Ward-Olson,03/13/2024
391,Guthry,Snelson,gsnelsonau@mozilla.org,Male,2003,Chevrolet,Monte Carlo,Rochester,New York,14614,US,43.1558,-77.6142,70172,"Moen, Reinger and Brekke",03/12/2024
392,Pancho,MacPaike,pmacpaikeav@hexun.com,Male,1994,Alfa Romeo,Spider,Buffalo,New York,14205,US,42.7684,-78.8871,70248,"Fahey, Lockman and Rowe",09/05/2022
393,Rosella,Fendley,rfendleyaw@washington.edu,Female,2000,Cadillac,Seville,Washington,District of Columbia,20397,US,38.9164,-76.9948,72941,Rodriguez-Buckridge,05/22/2025
394,Barbabra,Brewitt,bbrewittax@etsy.com,Female,1997,Chrysler,Sebring,Dallas,Texas,75392,US,32.7673,-96.7776,81280,Kunze LLC,07/05/2024
395,Agnes,Reith,areithay@psu.edu,Female,1988,Volkswagen,GTI,Washington,District of Columbia,20591,US,38.8933,-77.0146,33567,Romaguera and Sons,05/18/2025
396,Salvatore,Ianni,sianniaz@cargocollective.com,Male,2000,Cadillac,Catera,Boise,Idaho,83727,US,43.4599,-116.244,90389,Wintheiser-Bradtke,10/10/2022
397,Hollie,Yeabsley,hyeabsleyb0@soundcloud.com,Female,1996,Kia,Sportage,Schaumburg,Illinois,60193,US,42.0144,-88.0935,59058,Bins Inc,12/20/2024
398,Erroll,St. Hill,esthillb1@csmonitor.com,Male,1995,Toyota,Tacoma,Chicago,Illinois,60609,US,41.8097,-87.6533,34308,"Kovacek, Jaskolski and Wilkinson",07/20/2024
399,Field,Yeskov,fyeskovb2@google.es,Male,1992,Dodge,Ram Van B250,Portsmouth,New Hampshire,03804,US,43.0059,-71.0132,94306,"Purdy, Jones and Bruen",08/15/2022
400,Faustina,Rochester,frochesterb3@sphinn.com,Female,2012,Chevrolet,Equinox,Washington,District of Columbia,20016,US,38.9381,-77.086,32779,Borer LLC,02/20/2024
401,Gene,Liccardo,gliccardob4@com.com,Male,2012,Ford,F450,Los Angeles,California,90081,US,33.7866,-118.2987,91905,Gottlieb-Kub,07/08/2022
402,Elia,Izhaky,eizhakyb5@economist.com,Male,2003,Jaguar,XK Series,Denver,Colorado,80235,US,39.6472,-105.0795,98633,"Littel, Braun and Nienow",02/11/2022
403,Lorrie,Oda,lodab6@aol.com,Male,1984,Toyota,Celica,Decatur,Illinois,62525,US,39.854,-88.9815,47360,"Schimmel, Conroy and Goodwin",09/23/2023
404,Ruddie,Drayn,rdraynb7@technorati.com,Male,2006,Toyota,Solara,Richmond,Virginia,23228,US,37.625,-77.4959,65925,"Miller, Walsh and Vandervort",03/17/2024
405,Wallache,Peaple,wpeapleb8@techcrunch.com,Male,1985,Suzuki,Cultus,Springfield,Massachusetts,01152,US,42.1707,-72.6048,85524,Dare-Wiza,04/29/2025
406,Mischa,Moncur,mmoncurb9@va.gov,Male,2000,Mazda,Millenia,Harrisburg,Pennsylvania,17110,US,40.303,-76.8862,67524,Murray and Sons,10/06/2024
407,Evangelin,Frary,efraryba@cargocollective.com,Female,2006,Mercedes-Benz,E-Class,Longview,Texas,75605,US,32.5547,-94.7767,54294,Haag-Watsica,02/06/2025
408,Kenyon,McElmurray,kmcelmurraybb@independent.co.uk,Male,1993,Ford,Festiva,Brooklyn,New York,11225,US,40.6628,-73.9546,61886,McClure Group,08/30/2024
409,Kelila,Keaveney,kkeaveneybc@china.com.cn,Female,2000,Pontiac,Grand Am,Aurora,Colorado,80045,US,39.7467,-104.8384,38576,Kautzer-Hahn,09/21/2022
410,Nata,Storey,nstoreybd@oakley.com,Female,2006,Cadillac,STS-V,Honolulu,Hawaii,96805,US,21.3062,-157.8585,63376,"Goldner, O'Reilly and Connelly",08/06/2023
411,Coral,Ricoald,cricoaldbe@tiny.cc,Female,2012,GMC,Savana 2500,Pompano Beach,Florida,33075,US,26.1457,-80.4483,51624,"Cormier, Towne and Hackett",11/27/2025
412,Tracie,McMillian,tmcmillianbf@amazon.de,Male,2012,Toyota,Sequoia,Atlanta,Georgia,30392,US,33.8444,-84.474,88908,Streich and Sons,02/13/2024
413,Otto,Purser,opurserbg@ameblo.jp,Male,1998,Dodge,Caravan,Lawrenceville,Georgia,30045,US,33.9367,-83.9573,42063,Cremin-Kuhn,01/16/2024
414,Stanislaus,Nock,snockbh@washington.edu,Male,1998,Buick,Regal,Albuquerque,New Mexico,87140,US,35.0443,-106.6729,70201,"Gusikowski, Bartell and Dach",02/13/2024
415,Sandy,Pauncefort,spauncefortbi@shutterfly.com,Male,2000,Suzuki,Swift,Wichita,Kansas,67220,US,37.7667,-97.2805,97228,Nicolas Inc,04/25/2024
416,Evy,Kernar,ekernarbj@naver.com,Female,2006,Ferrari,F430,Philadelphia,Pennsylvania,19196,US,40.0018,-75.1179,70268,Heidenreich Inc,06/15/2024
417,Cathlene,Illingsworth,cillingsworthbk@princeton.edu,Female,1998,Toyota,T100,Beaumont,Texas,77713,US,30.085,-94.2607,53621,Lemke LLC,06/06/2022
418,Karel,Coucha,kcouchabl@skyrock.com,Male,1998,Volkswagen,Cabriolet,Santa Barbara,California,93106,US,34.4329,-119.8371,65296,Beahan-Dickinson,09/25/2023
419,Darb,Stangroom,dstangroombm@vkontakte.ru,Female,1986,Porsche,944,Richmond,Virginia,23272,US,37.5242,-77.4932,30728,Macejkovic-Wuckert,12/18/2024
420,Stesha,Bletsor,sbletsorbn@stumbleupon.com,Female,1993,Mitsubishi,RVR,Sacramento,California,95894,US,38.5816,-121.4933,45553,Jacobs-O'Reilly,02/04/2023
421,Otho,Prahm,oprahmbo@time.com,Male,2010,Mercedes-Benz,E-Class,Miami,Florida,33180,US,25.9597,-80.1403,59098,Kuphal-Jones,08/12/2023
422,Iona,Sirkett,isirkettbp@furl.net,Female,1998,Chevrolet,Blazer,Washington,District of Columbia,20420,US,38.9035,-77.0276,94539,Beer Group,08/06/2022
423,Milton,Oaten,moatenbq@home.pl,Male,1994,Subaru,SVX,Decatur,Illinois,62525,US,39.854,-88.9815,70376,Barrows Inc,10/17/2025
424,Aubrette,Gossart,agossartbr@sphinn.com,Female,2012,GMC,Savana 1500,Silver Spring,Maryland,20918,US,39.144,-77.2076,37453,Quitzon-Russel,06/27/2024
425,Brina,Thurbon,bthurbonbs@networkadvertising.org,Female,2012,Mercedes-Benz,SLS-Class,Hicksville,New York,11854,US,40.7548,-73.6018,41912,Metz-Schowalter,07/27/2025
426,Zebulon,Sheather,zsheatherbt@cocolog-nifty.com,Male,2000,Mazda,B-Series Plus,Evansville,Indiana,47725,US,38.1071,-87.5256,91664,"Nolan, Kling and Rolfson",08/06/2023
427,Lissy,Mattin,lmattinbu@businessweek.com,Female,1981,Chevrolet,Camaro,Herndon,Virginia,22070,US,38.9776,-77.386,49278,"Mraz, Ryan and Smith",09/20/2025
428,Powell,Readshall,preadshallbv@elpais.com,Male,1997,Oldsmobile,Aurora,Miami,Florida,33180,US,25.9597,-80.1403,47715,"Sawayn, Blick and Watsica",06/24/2022
429,Xaviera,Tuting,xtutingbw@naver.com,Female,2007,Nissan,Quest,Minneapolis,Minnesota,55446,US,45.04,-93.4865,30005,Corkery Inc,06/09/2023
430,Edita,Hammerman,ehammermanbx@npr.org,Female,1997,Mitsubishi,GTO,Pensacola,Florida,32526,US,30.4756,-87.3179,84790,McGlynn and Sons,08/28/2024
431,Ravid,Dudill,rdudillby@naver.com,Male,1994,Alfa Romeo,Spider,Portland,Oregon,97206,US,45.484,-122.5973,68671,Koelpin-Rogahn,09/23/2023
432,Rosco,Blumire,rblumirebz@blogtalkradio.com,Male,2012,Scion,tC,Waltham,Massachusetts,02453,US,42.3654,-71.2316,48656,"Ullrich, Waters and Goodwin",07/25/2022
433,Kele,Nicklin,knicklinc0@nhs.uk,Male,2002,Ford,ZX2,Huntington,West Virginia,25705,US,38.4096,-82.369,70200,Durgan-Gibson,02/03/2022
434,Abba,Hanhardt,ahanhardtc1@reference.com,Male,2007,Hyundai,Accent,Danbury,Connecticut,06816,US,41.3089,-73.3637,41141,Steuber-McLaughlin,06/12/2025
435,Stephenie,Gulliman,sgullimanc2@berkeley.edu,Female,1987,Pontiac,Firebird,Peoria,Illinois,61635,US,40.7442,-89.7184,86301,Bernier LLC,06/30/2024
436,Sisely,Cundey,scundeyc3@chronoengine.com,Female,2007,Cadillac,XLR-V,Minneapolis,Minnesota,55417,US,44.9054,-93.2361,85210,Mann LLC,09/13/2022
437,Mikael,Tofano,mtofanoc4@alibaba.com,Male,1992,Volvo,240,Austin,Texas,78769,US,30.3264,-97.7713,45154,Muller-Emmerich,02/08/2025
438,Heidi,McGrah,hmcgrahc5@eventbrite.com,Female,1989,Volkswagen,Cabriolet,Houston,Texas,77080,US,29.8159,-95.523,55296,"D'Amore, Crist and Pfeffer",08/25/2025
439,Avictor,Wehnerr,awehnerrc6@w3.org,Male,2009,Lexus,SC,Charleston,West Virginia,25326,US,38.2968,-81.5547,95348,Runolfsdottir Group,04/11/2024
440,Madella,Keating,mkeatingc7@house.gov,Female,1998,Dodge,Ram 2500,Washington,District of Columbia,20566,US,38.8971,-77.0554,54152,"Effertz, Runolfsson and Ondricka",10/28/2025
441,Nickie,Attwooll,nattwoollc8@netscape.com,Male,1990,Buick,Century,Arlington,Virginia,22217,US,38.8808,-77.113,33144,"Hackett, Boehm and Will",10/19/2024
442,Elston,Asman,easmanc9@barnesandnoble.com,Male,2011,Chevrolet,Express 2500,Carson City,Nevada,89714,US,39.1678,-119.7764,84921,Bauch-Lubowitz,04/04/2023
443,Roxane,Drejer,rdrejerca@weather.com,Female,1995,Chevrolet,Astro,Dallas,Texas,75367,US,32.7673,-96.7776,34505,Hamill-Macejkovic,04/11/2025
444,Samuele,Pinchbeck,spinchbeckcb@cloudflare.com,Male,1985,Ford,E-Series,Madison,Wisconsin,53785,US,43.0696,-89.4239,69268,Hermann-Barrows,03/19/2023
445,Jen,Lansdowne,jlansdownecc@berkeley.edu,Female,2005,Jaguar,S-Type,Dearborn,Michigan,48126,US,42.3349,-83.1801,76383,McClure LLC,04/24/2024
446,Gert,Covotto,gcovottocd@fda.gov,Female,1995,Toyota,MR2,Orlando,Florida,32825,US,28.5469,-81.2571,56365,"Runolfsdottir, Schowalter and Kautzer",03/18/2022
447,Kandy,Fuidge,kfuidgece@bloomberg.com,Female,1997,Buick,Regal,Sacramento,California,95838,US,38.6406,-121.444,54282,McDermott LLC,02/23/2023
448,Mycah,Ellerman,mellermancf@weebly.com,Male,2006,Toyota,Camry,Atlanta,Georgia,31136,US,33.7473,-84.3824,74895,"Hansen, McLaughlin and Mohr",07/12/2025
449,Sarita,Milksop,smilksopcg@paypal.com,Non-binary,1992,Buick,Regal,Inglewood,California,90310,US,33.7866,-118.2987,41601,"Zulauf, Ritchie and Schmidt",04/12/2023
450,Paten,Rentoll,prentollch@shareasale.com,Male,2010,Lincoln,Navigator L,Fresno,California,93740,US,36.7464,-119.6397,36386,"Schaefer, Greenholt and Hayes",02/12/2024
451,Pavla,Hegg,pheggci@live.com,Female,2006,Mercedes-Benz,E-Class,Albany,New York,12237,US,42.6149,-73.9708,85779,Lynch-D'Amore,01/19/2024
452,Harlene,Procter,hproctercj@cyberchimps.com,Female,2003,Acura,NSX,Kansas City,Kansas,66160,US,39.0966,-94.7495,57984,Weissnat Group,11/09/2023
453,Gerick,Upjohn,gupjohnck@123-reg.co.uk,Bigender,2003,BMW,525,Houston,Texas,77085,US,29.6218,-95.4819,38001,Prosacco-Tillman,06/25/2022
454,Padraig,McHale,pmchalecl@xinhuanet.com,Male,2001,Isuzu,Rodeo Sport,Las Vegas,Nevada,89145,US,36.1693,-115.2828,59863,Hyatt Group,01/18/2025
455,Daphna,Dessent,ddessentcm@github.com,Female,2007,Cadillac,Escalade ESV,Santa Fe,New Mexico,87505,US,35.6219,-105.8688,41490,Kerluke Group,06/02/2024
456,Jenica,Scoggans,jscogganscn@desdev.cn,Female,1996,Ford,Thunderbird,Charleston,South Carolina,29424,US,32.7831,-79.937,87606,Kilback-Schmidt,03/12/2022
457,Bernetta,Heersma,bheersmaco@admin.ch,Non-binary,1993,Acura,Vigor,Oklahoma City,Oklahoma,73119,US,35.421,-97.5616,34237,"Dare, Nader and Frami",05/08/2022
458,Austin,Tidcombe,atidcombecp@thetimes.co.uk,Genderfluid,1997,Oldsmobile,Cutlass,Salinas,California,93907,US,36.7563,-121.6703,50045,"Gusikowski, Kreiger and Schumm",07/24/2023
459,Sayre,Denisyev,sdenisyevcq@shareasale.com,Male,1996,Oldsmobile,Achieva,Sacramento,California,94257,US,38.3774,-121.4444,42026,Denesik LLC,04/13/2024
460,Brannon,Philipard,bphilipardcr@xing.com,Male,2011,Bugatti,Veyron,Columbus,Georgia,31904,US,32.5161,-84.9785,50570,Donnelly Inc,10/08/2025
461,Livvie,Huthart,lhuthartcs@51.la,Female,2006,Ford,Focus,Omaha,Nebraska,68110,US,41.2933,-95.9361,71861,Kessler LLC,06/07/2023
462,Ernestus,Copnell,ecopnellct@livejournal.com,Male,2009,Nissan,Altima,Arlington,Texas,76096,US,32.7714,-97.2915,99625,"Wilderman, Schamberger and Reynolds",07/21/2025
463,Gavan,Maciaszek,gmaciaszekcu@amazon.de,Male,1994,Honda,Civic,El Paso,Texas,79916,US,31.7444,-106.2879,64168,Braun-Ritchie,08/02/2023
464,Bunni,Ridhole,bridholecv@skyrock.com,Female,2002,Mercury,Mountaineer,Panama City,Florida,32405,US,30.1949,-85.6727,88700,"Zulauf, Fadel and Dare",08/11/2025
465,Hasheem,Giraudou,hgiraudoucw@sina.com.cn,Male,1985,Audi,Coupe GT,Phoenix,Arizona,85067,US,33.2765,-112.1872,94174,"Kuvalis, Weimann and Corwin",01/13/2025
466,Hartley,Kapelhoff,hkapelhoffcx@opera.com,Male,2007,Cadillac,SRX,Charleston,West Virginia,25331,US,38.2968,-81.5547,58226,"Morissette, Hansen and Hodkiewicz",06/05/2023
467,Timotheus,Jorez,tjorezcy@arizona.edu,Agender,2011,Toyota,RAV4,Nashville,Tennessee,37220,US,36.0641,-86.7697,50479,Predovic-Beahan,11/01/2023
468,Aveline,Fassbender,afassbendercz@businessinsider.com,Female,2009,Ferrari,612 Scaglietti,Atlanta,Georgia,30375,US,33.8444,-84.474,78571,Hammes Group,06/21/2022
469,Halli,Naper,hnaperd0@unicef.org,Female,2004,Toyota,Land Cruiser,Washington,District of Columbia,20010,US,38.9327,-77.0322,31856,"Weber, West and Hodkiewicz",05/09/2023
470,York,Hendriksen,yhendriksend1@rakuten.co.jp,Male,1993,Dodge,Ram Van B250,Orlando,Florida,32808,US,28.5803,-81.4396,99808,"Mann, Lehner and Rodriguez",09/01/2022
471,Fawne,Keeltagh,fkeeltaghd2@posterous.com,Female,2000,Lincoln,Navigator,South Bend,Indiana,46620,US,41.5968,-86.293,38217,"Schowalter, Donnelly and Leffler",08/21/2025
472,Abagael,Sheran,asherand3@unesco.org,Female,2009,Saturn,Astra,Oceanside,California,92056,US,33.1968,-117.2831,35999,"Rohan, Jacobson and Kris",02/19/2024
473,Syd,Prettjohn,sprettjohnd4@gravatar.com,Male,2006,Chevrolet,Malibu,Fort Wayne,Indiana,46896,US,41.0938,-85.0707,53701,"Kris, Spencer and Jacobi",07/20/2024
474,Huey,Wilshin,hwilshind5@woothemes.com,Male,2009,Nissan,Murano,Louisville,Kentucky,40266,US,38.189,-85.6768,55890,Schowalter-Vandervort,10/20/2025
475,Ad,Brownstein,abrownsteind6@cdbaby.com,Agender,2006,BMW,650,Richmond,California,94807,US,37.7772,-121.9554,82555,Schulist Group,07/22/2023
476,Shurlocke,Drewry,sdrewryd7@narod.ru,Male,2005,Land Rover,Freelander,Jamaica,New York,11470,US,40.6914,-73.8061,66236,Lockman-Muller,04/26/2024
477,Ansel,Thairs,athairsd8@hubpages.com,Male,2010,Jaguar,XK,Houston,Texas,77065,US,29.9319,-95.6106,69778,"Kessler, Weissnat and Muller",12/16/2022
478,Vance,Hurlston,vhurlstond9@wiley.com,Male,2011,Tesla,Roadster,Long Beach,California,90847,US,33.7866,-118.2987,41606,"Hahn, Cremin and Heidenreich",07/31/2024
479,Silvio,Kalinsky,skalinskyda@github.com,Male,2002,Ford,Ranger,North Hollywood,California,91606,US,34.1872,-118.3865,81476,Baumbach Group,09/30/2022
480,Gery,Stidston,gstidstondb@bloglovin.com,Male,1985,Audi,5000S,Houston,Texas,77010,US,29.7543,-95.3609,63319,Okuneva and Sons,10/08/2025
481,Annecorinne,Paddington,apaddingtondc@usda.gov,Polygender,2006,Buick,LaCrosse,Albany,New York,12262,US,42.6149,-73.9708,71664,Quigley and Sons,01/02/2025
482,Osborn,Jenking,ojenkingdd@omniture.com,Male,2011,Lexus,GX,El Paso,Texas,88541,US,31.6948,-106.3,39883,Medhurst Inc,05/03/2025
483,Yance,Chatten,ychattende@ox.ac.uk,Male,1992,Ford,Probe,Salem,Oregon,97312,US,44.9364,-123.0381,72261,Harvey-Weimann,04/04/2024
484,Shellie,Crosseland,scrosselanddf@themeforest.net,Female,2007,Toyota,Highlander,Burbank,California,91520,US,34.1869,-118.348,50720,Dare-Klocko,08/25/2023
485,Tobie,Scneider,tscneiderdg@go.com,Male,2003,Lincoln,Blackwood,Palm Bay,Florida,32909,US,27.9694,-80.6473,85428,Brown Inc,10/11/2023
486,Viviene,Harriday,vharridaydh@chicagotribune.com,Female,1997,GMC,Savana 2500,San Antonio,Texas,78220,US,29.4106,-98.4128,44833,Macejkovic-Nienow,02/02/2025
487,Rasia,Rihosek,rrihosekdi@artisteer.com,Female,1993,Porsche,968,Erie,Pennsylvania,16565,US,42.1827,-80.0649,68106,Harvey-Barton,09/04/2024
488,Hastings,Nashe,hnashedj@zimbio.com,Male,1991,Subaru,Justy,Mobile,Alabama,36605,US,30.6341,-88.0846,78706,Shanahan Inc,12/17/2023
489,Sidonia,Heskey,sheskeydk@ox.ac.uk,Female,2009,Scion,xD,Colorado Springs,Colorado,80905,US,38.8377,-104.837,85777,"Heidenreich, Crist and Schmeler",08/14/2023
490,Oneida,Nutley,onutleydl@bandcamp.com,Female,2010,Toyota,Sequoia,Detroit,Michigan,48295,US,42.2399,-83.1508,70082,Klocko-Brown,04/16/2024
491,Deena,Hackey,dhackeydm@nyu.edu,Female,2012,Chevrolet,Silverado 2500,Pasadena,California,91199,US,34.1478,-118.1436,83702,"Armstrong, Monahan and Schinner",07/25/2023
492,Shannan,Draper,sdraperdn@shinystat.com,Male,2001,Nissan,Sentra,San Antonio,Texas,78230,US,29.5407,-98.5521,88643,"Braun, Altenwerth and Heidenreich",12/13/2025
493,Adriaens,Hinkley,ahinkleydo@vimeo.com,Female,2008,Lexus,LS,Oklahoma City,Oklahoma,73124,US,35.5514,-97.4075,73082,Aufderhar-Waters,04/15/2024
494,Kent,Degli Antoni,kdegliantonidp@webs.com,Male,1988,Ford,Festiva,Dayton,Ohio,45408,US,39.7395,-84.229,44653,Osinski-Walter,03/27/2024
495,Jere,Stops,jstopsdq@imgur.com,Female,2011,Bentley,Continental GTC,Topeka,Kansas,66617,US,39.1271,-95.6384,30262,"Boyle, Hills and Nader",10/07/2025
496,Ellwood,Dubbin,edubbindr@creativecommons.org,Male,2007,Chrysler,300,Seattle,Washington,98158,US,47.4497,-122.3076,39284,Frami-Schneider,01/27/2024
497,Berty,Isoldi,bisoldids@nydailynews.com,Male,2008,Dodge,Sprinter,New York City,New York,10039,US,40.8265,-73.9383,62513,Nicolas Inc,04/13/2025
498,Arron,Gatlin,agatlindt@mac.com,Male,1991,Mercedes-Benz,S-Class,Orange,California,92668,US,33.7867,-117.8742,47333,"Watsica, Hessel and Hettinger",04/30/2023
499,Esmeralda,Benley,ebenleydu@paypal.com,Female,2012,Volvo,XC60,Denton,Texas,76205,US,33.1903,-97.1282,95996,Reichel Inc,10/02/2024
500,Alicia,Randal,arandaldv@youtube.com,Female,2009,Mercedes-Benz,R-Class,Kansas City,Missouri,64179,US,39.035,-94.3567,66517,Schaefer-Wisozk,10/12/2023
501,Darcee,Randalson,drandalsondw@google.fr,Female,2003,Lamborghini,Gallardo,Fargo,North Dakota,58122,US,46.9346,-97.2297,87444,"O'Kon, Kling and Hansen",04/19/2024
502,Hermie,Linkie,hlinkiedx@yelp.com,Male,2010,Hyundai,Santa Fe,Houston,Texas,77040,US,29.8744,-95.5278,30551,"Hilpert, Koepp and Stokes",01/07/2024
503,Farrel,Skottle,fskottledy@alexa.com,Male,1991,Lotus,Esprit,Missoula,Montana,59806,US,47.116,-114.0498,71865,Swaniawski-Koepp,01/10/2024
504,Elfreda,Jobbins,ejobbinsdz@oakley.com,Female,1996,Jaguar,XJ Series,Tuscaloosa,Alabama,35405,US,33.1617,-87.5144,51658,"Rutherford, Altenwerth and Keeling",06/20/2024
505,Germayne,Longshaw,glongshawe0@ftc.gov,Agender,1997,Nissan,Sentra,Louisville,Kentucky,40293,US,38.189,-85.6768,70974,"Smitham, Hartmann and Homenick",04/03/2024
506,Debera,Gimbrett,dgimbrette1@google.pl,Polygender,1997,Lexus,SC,Yakima,Washington,98907,US,46.6288,-120.574,51013,"Bernhard, Hansen and Cronin",03/16/2023
507,Alessandro,Withers,awitherse2@sfgate.com,Male,2010,Dodge,Dakota,Tucson,Arizona,85705,US,32.2691,-110.9845,97647,"Stiedemann, Collier and Larkin",11/10/2025
508,Philipa,Wasmer,pwasmere3@bloglovin.com,Female,1999,Ford,F150,Las Vegas,Nevada,89150,US,35.9279,-114.9721,92448,Hayes and Sons,09/06/2025
509,Price,Piotrowski,ppiotrowskie4@reddit.com,Male,2004,Mitsubishi,Lancer Evolution,Washington,District of Columbia,20404,US,38.8992,-77.0089,65869,"Labadie, Krajcik and Jacobi",12/23/2023
510,Jerri,Avrahamof,javrahamofe5@cisco.com,Male,1999,Dodge,Ram 3500,Bridgeport,Connecticut,06673,US,41.3089,-73.3637,82045,"Murazik, Bradtke and Rosenbaum",11/02/2022
511,Odell,Lyenyng,olyenynge6@epa.gov,Non-binary,1999,Ford,Mustang,Alexandria,Louisiana,71307,US,31.2034,-92.5269,82629,Willms-Harber,08/24/2025
512,Dianna,Obeney,dobeneye7@gizmodo.com,Female,2009,Ford,Expedition,Washington,District of Columbia,20319,US,38.8667,-77.0166,34305,Lindgren-Ortiz,10/13/2023
513,Cross,Whyler,cwhylere8@ehow.com,Male,1965,Pontiac,LeMans,Anchorage,Alaska,99512,US,61.204,-149.8084,73586,"Barton, Pouros and Oberbrunner",02/21/2024
514,Mickie,Kahan,mkahane9@ucsd.edu,Male,2008,Lincoln,MKZ,San Antonio,Texas,78225,US,29.3875,-98.5245,51148,Torphy-Cummerata,11/05/2022
515,Tye,Vaisey,tvaiseyea@smugmug.com,Agender,2005,Ford,F-Series,Athens,Georgia,30610,US,33.9443,-83.3891,54367,Mayert-Hirthe,05/23/2024
516,Tanney,Cadle,tcadleeb@godaddy.com,Male,2005,Maserati,GranSport,San Bernardino,California,92410,US,34.1069,-117.2975,75526,Breitenberg LLC,08/07/2023
517,Olin,Farrant,ofarrantec@bravesites.com,Male,1986,Volkswagen,Golf,Youngstown,Ohio,44505,US,41.1257,-80.6277,35602,"Beier, Bashirian and Runolfsdottir",04/03/2025
518,Hedda,Willimont,hwillimonted@github.io,Female,1988,Ford,Ranger,New York City,New York,10039,US,40.8265,-73.9383,59381,"Fahey, Terry and Wiegand",01/10/2023
519,Stesha,Piatti,spiattiee@4shared.com,Polygender,2004,Nissan,Titan,Port Saint Lucie,Florida,34985,US,27.3822,-80.409,86794,Koss-Kris,10/28/2022
520,Moises,Mowsley,mmowsleyef@wisc.edu,Male,2009,Volvo,XC90,Washington,District of Columbia,20540,US,38.8874,-77.0047,82932,Champlin Group,03/01/2023
521,Zelig,Oswal,zoswaleg@discovery.com,Male,2005,Land Rover,Discovery,San Antonio,Texas,78205,US,29.4237,-98.4925,52528,"Bode, Farrell and Ebert",11/12/2022
522,Frederique,Bethell,fbethelleh@ucoz.ru,Female,2003,Hyundai,XG350,New Haven,Connecticut,06520,US,41.3657,-72.9275,77673,Boyer-Donnelly,03/09/2025
523,Jacob,Spargo,jspargoei@gmpg.org,Male,2005,Chevrolet,Avalanche 2500,Daytona Beach,Florida,32128,US,29.0838,-81.0336,75210,Von Inc,10/29/2024
524,Fanni,Evelyn,fevelynej@fda.gov,Female,1983,Toyota,Celica,Charleston,West Virginia,25336,US,38.2968,-81.5547,66492,Auer-Emmerich,05/24/2023
525,Sharai,Mellenby,smellenbyek@reuters.com,Female,2006,Volvo,S40,Seattle,Washington,98148,US,47.4441,-122.3249,53590,"Stracke, Strosin and Adams",11/16/2025
526,Padraig,Grealy,pgrealyel@upenn.edu,Male,2001,Mercedes-Benz,C-Class,Charleston,South Carolina,29416,US,32.8488,-79.8577,97095,Pouros-O'Reilly,01/23/2026
527,Hulda,Toor,htoorem@pagesperso-orange.fr,Female,1999,Ford,Taurus,Cleveland,Ohio,44130,US,41.3826,-81.7964,94109,Greenholt and Sons,12/30/2025
528,Rhett,Penchen,rpenchenen@godaddy.com,Male,2010,MINI,Cooper Clubman,Des Moines,Iowa,50393,US,41.6727,-93.5722,95535,Carroll-Zboncak,04/10/2023
529,Marcellus,Bompass,mbompasseo@foxnews.com,Male,1993,Chevrolet,Sportvan G10,Corona,California,92883,US,33.7541,-117.474,78606,Nolan and Sons,09/05/2023
530,Jo,Broe,jbroeep@ft.com,Genderqueer,2009,BMW,X3,Mount Vernon,New York,10557,US,41.119,-73.733,60045,"Cummerata, Stoltenberg and Grimes",08/29/2022
531,Nicoli,Kenningley,nkenningleyeq@nhs.uk,Female,1998,Hyundai,Accent,Saint Louis,Missouri,63110,US,38.6185,-90.2564,72509,"Halvorson, Feil and Romaguera",05/01/2024
532,Ceil,Emmins,cemminser@jimdo.com,Agender,2003,Land Rover,Range Rover,Chattanooga,Tennessee,37450,US,35.2211,-85.2091,60115,Wolff-Lynch,02/15/2023
533,Sib,Schooley,sschooleyes@mit.edu,Female,2007,Spyker,C8,Albuquerque,New Mexico,87115,US,35.0549,-106.5461,69559,Rogahn-Bernhard,07/08/2022
534,Farr,Sandwith,fsandwithet@tinyurl.com,Non-binary,2011,Cadillac,SRX,Anniston,Alabama,36205,US,33.7358,-85.7933,32102,"Rolfson, Jast and Dach",12/21/2023
535,Eldin,Eidler,eeidlereu@webs.com,Male,1997,Oldsmobile,Silhouette,Johnstown,Pennsylvania,15906,US,40.3522,-78.9383,84535,Howe and Sons,01/25/2024
536,Clark,Peddel,cpeddelev@lycos.com,Male,2002,Mitsubishi,Pajero,Portland,Oregon,97296,US,45.5806,-122.3748,71187,Gibson and Sons,11/03/2025
537,Dona,Skoggings,dskoggingsew@is.gd,Female,2002,GMC,Sierra 3500,San Bernardino,California,92410,US,34.1069,-117.2975,32212,Waters Group,01/04/2023
538,Fanchette,Eard,feardex@yahoo.co.jp,Female,1997,Chrysler,Sebring,Houston,Texas,77299,US,29.834,-95.4342,43862,"Maggio, Moen and Leannon",02/23/2023
539,Chadwick,Gorsse,cgorsseey@amazon.co.jp,Male,2004,Toyota,MR2,Tampa,Florida,33680,US,27.872,-82.4388,41561,Robel-Hayes,11/22/2024
540,Howie,Fairbourn,hfairbournez@apple.com,Male,1988,Lincoln,Continental,Homestead,Florida,33034,US,25.2846,-80.6246,51532,Stoltenberg Inc,11/10/2025
541,Devi,Skahill,dskahillf0@youtube.com,Female,1986,Volkswagen,Scirocco,Spring,Texas,77386,US,30.1288,-95.4239,36204,Renner-Bergnaum,09/18/2025
542,Jacques,Farnfield,jfarnfieldf1@hp.com,Male,2006,Kia,Sedona,Henderson,Nevada,89074,US,36.0384,-115.0857,95962,Hilll and Sons,05/08/2023
543,Cindee,Layland,claylandf2@webeden.co.uk,Genderqueer,1998,Honda,CR-V,Roanoke,Virginia,24004,US,37.2742,-79.9579,61596,Jenkins-Kozey,11/24/2024
544,Kelli,Chapman,kchapmanf3@oakley.com,Agender,2009,Honda,Element,Las Vegas,Nevada,89166,US,36.3265,-115.3398,88218,Koelpin-Hahn,09/27/2022
545,Gauthier,Whickman,gwhickmanf4@smugmug.com,Male,2011,Chevrolet,Suburban 1500,Tampa,Florida,33615,US,28.0081,-82.5805,31672,Champlin Group,07/24/2022
546,Ginnifer,Pallaske,gpallaskef5@japanpost.jp,Female,2006,Cadillac,CTS-V,Washington,District of Columbia,20508,US,38.8933,-77.0146,68431,Watsica-Kuhic,11/22/2024
547,Moss,Edmonston,medmonstonf6@aboutads.info,Bigender,2001,Land Rover,Freelander,New York City,New York,10184,US,40.7808,-73.9772,43407,Lowe-Hammes,09/04/2023
548,Ezequiel,Kleinsmuntz,ekleinsmuntzf7@ihg.com,Male,2007,Mazda,MX-5,Oakland,California,94611,US,37.8471,-122.2223,32230,Swaniawski Group,09/17/2022
549,Vincents,Thomtson,vthomtsonf8@eventbrite.com,Male,1995,Buick,Century,Hattiesburg,Mississippi,39404,US,31.1721,-89.2948,86202,Sanford-Berge,04/25/2023
550,Rory,Scantlebury,rscantleburyf9@washingtonpost.com,Female,2012,Acura,MDX,Metairie,Louisiana,70033,US,29.6779,-90.0901,73604,Luettgen Group,05/04/2023
551,Don,Arthan,darthanfa@bloglovin.com,Male,1993,Mazda,323,Newark,Delaware,19714,US,39.5645,-75.597,63576,Kovacek-Ullrich,05/14/2025
552,Roanna,Burnet,rburnetfb@gravatar.com,Female,1998,Plymouth,Voyager,Gilbert,Arizona,85297,US,33.2781,-111.7096,35747,"Maggio, Oberbrunner and Feest",06/10/2022
553,Geri,Burdess,gburdessfc@umich.edu,Female,2011,Ford,Taurus,Duluth,Minnesota,55811,US,46.8147,-92.1998,82043,Dare and Sons,03/23/2025
554,Shannon,Roddy,sroddyfd@phoca.cz,Female,1998,Pontiac,Bonneville,Richmond,Virginia,23277,US,37.5535,-77.4604,65142,Grimes-Kutch,08/28/2025
555,Katha,Sircomb,ksircombfe@altervista.org,Female,2007,Mazda,RX-8,Philadelphia,Pennsylvania,19125,US,39.9788,-75.1262,65960,Nicolas Inc,01/06/2023
556,Amandie,Cutajar,acutajarff@ca.gov,Female,1995,Mazda,929,Port Saint Lucie,Florida,34985,US,27.3822,-80.409,72098,Lynch LLC,03/27/2022
557,Filberto,McNeachtain,fmcneachtainfg@wikimedia.org,Male,1990,Mercedes-Benz,W201,San Luis Obispo,California,93407,US,35.3471,-120.4553,96845,Cartwright and Sons,11/08/2025
558,Becka,Delucia,bdeluciafh@abc.net.au,Female,1996,Toyota,Previa,Tampa,Florida,33620,US,28.06,-82.4079,87273,"Tromp, Wisozk and Murazik",03/11/2024
559,Karlotte,Vannucci,kvannuccifi@sfgate.com,Female,1992,Chevrolet,Lumina,Los Angeles,California,90040,US,33.9909,-118.1532,37240,"Kris, Orn and Gutkowski",06/27/2025
560,Hyacinthia,Iveson,hivesonfj@tripod.com,Female,2004,Chevrolet,Tracker,Durham,North Carolina,27717,US,36.0512,-78.8577,89670,"Runolfsdottir, Hilll and Wintheiser",05/01/2025
561,Thalia,Tweedell,ttweedellfk@amazon.com,Female,1992,Mazda,MX-5,Fort Lauderdale,Florida,33310,US,26.1443,-80.2069,84354,Schinner and Sons,01/11/2024
562,Mab,Kenshole,mkensholefl@ask.com,Female,2008,Porsche,911,Dallas,Texas,75372,US,32.7673,-96.7776,73894,Ryan-Weissnat,07/12/2023
563,Susie,O'Neil,soneilfm@wunderground.com,Female,2000,Honda,Odyssey,Philadelphia,Pennsylvania,19151,US,39.9772,-75.2545,39823,Kunde-Muller,01/21/2024
564,Alissa,MacTrustrie,amactrustriefn@google.co.uk,Female,2006,Mercedes-Benz,R-Class,Hartford,Connecticut,06183,US,41.7638,-72.673,86170,"Corkery, Reichel and Mohr",08/17/2024
565,Town,Capstaff,tcapstafffo@facebook.com,Male,1994,Toyota,Supra,Miami,Florida,33283,US,25.5584,-80.4582,64642,"Thiel, Hilll and Kautzer",08/03/2023
566,Kingsly,Ewbach,kewbachfp@intel.com,Male,1993,Mercury,Cougar,Worcester,Massachusetts,01605,US,42.2894,-71.7888,44880,"Mraz, Schuster and Beatty",08/18/2022
567,Gael,De Morena,gdemorenafq@liveinternet.ru,Male,1992,Ford,Aerostar,Pittsburgh,Pennsylvania,15225,US,40.5051,-80.1155,97605,Bailey-Little,06/16/2024
568,Ambrose,Lucio,aluciofr@1688.com,Male,2009,Bugatti,Veyron,Macon,Georgia,31205,US,32.8067,-83.6913,85226,McKenzie LLC,02/27/2022
569,Marijo,Raimbauld,mraimbauldfs@sphinn.com,Genderqueer,2012,Mitsubishi,Eclipse,Young America,Minnesota,55557,US,44.8055,-93.7665,34008,"Schaefer, Bartoletti and Shields",06/03/2024
570,Hildagard,Hallgalley,hhallgalleyft@answers.com,Female,2007,Chevrolet,Aveo,Brooklyn,New York,11254,US,40.6451,-73.945,41716,Cassin Group,04/13/2025
571,Onida,Crumly,ocrumlyfu@ox.ac.uk,Female,1989,Saab,9000,Tulsa,Oklahoma,74156,US,36.3024,-95.9605,72995,"Mraz, Morar and Grady",05/01/2025
572,Donnie,Renoden,drenodenfv@columbia.edu,Male,2002,Dodge,Ram Van 1500,Melbourne,Florida,32941,US,27.9246,-80.5235,99698,Muller Group,11/30/2023
573,Berna,Whitchurch,bwhitchurchfw@sfgate.com,Female,1998,GMC,Savana 2500,Denver,Colorado,80235,US,39.6472,-105.0795,41068,"Brown, Adams and Jenkins",10/20/2023
574,Flora,Meneur,fmeneurfx@flickr.com,Female,2009,Bentley,Brooklands,Wichita,Kansas,67215,US,37.6333,-97.425,91919,"Von, Wintheiser and Littel",02/20/2023
575,Chrissie,Barhems,cbarhemsfy@msu.edu,Male,2001,Porsche,Boxster,Houston,Texas,77201,US,29.834,-95.4342,54861,Ankunding-Connelly,09/21/2022
576,Ninon,Alabaster,nalabasterfz@facebook.com,Female,2005,Chevrolet,Express 3500,Little Rock,Arkansas,72222,US,34.7519,-92.3925,54893,Nicolas-Larkin,02/21/2025
577,Vlad,Longbottom,vlongbottomg0@printfriendly.com,Male,2010,Saturn,Outlook,Paterson,New Jersey,07505,US,40.9166,-74.174,85318,Marquardt-Wunsch,11/19/2025
578,Annis,Cawse,acawseg1@over-blog.com,Female,2004,Toyota,RAV4,Clearwater,Florida,33758,US,27.8918,-82.7248,85150,Parisian-Emard,08/16/2022
579,Lolita,Jorgensen,ljorgenseng2@printfriendly.com,Female,2007,Ford,Freestar,Alexandria,Louisiana,71307,US,31.2034,-92.5269,68485,Moen-Wintheiser,09/07/2023
580,Tirrell,Ciric,tciricg3@reverbnation.com,Male,1983,Renault,Alliance,Charlotte,North Carolina,28289,US,35.26,-80.8042,46414,Sporer Group,05/06/2023
581,Dicky,Cuddihy,dcuddihyg4@artisteer.com,Non-binary,1995,Lexus,LS,Colorado Springs,Colorado,80925,US,38.7378,-104.6459,41030,"Kohler, Walker and Nikolaus",09/08/2022
582,Marge,Rutty,mruttyg5@de.vu,Female,2005,Ford,F250,Salinas,California,93907,US,36.7563,-121.6703,93498,Kub and Sons,05/02/2022
583,Taylor,Cardinal,tcardinalg6@senate.gov,Male,1993,Geo,Tracker,Vero Beach,Florida,32964,US,27.709,-80.5726,92714,Renner Inc,12/17/2023
584,Terrill,Jeppe,tjeppeg7@accuweather.com,Male,2003,Hyundai,Sonata,North Las Vegas,Nevada,89036,US,35.9279,-114.9721,33548,Kuhlman Inc,05/02/2023
585,Aime,Stokoe,astokoeg8@cdc.gov,Female,2006,Honda,Civic Si,El Paso,Texas,88584,US,31.6948,-106.3,98289,Pollich-Lebsack,03/25/2025
586,Gamaliel,Ranscomb,granscombg9@angelfire.com,Bigender,1988,Honda,Accord,Providence,Rhode Island,02905,US,41.7845,-71.3959,39217,"Krajcik, Langworth and Wilkinson",01/25/2025
587,Kendall,Kiddye,kkiddyega@cloudflare.com,Male,1996,Chevrolet,1500,Spring,Texas,77388,US,30.0505,-95.4695,42197,Wolf Group,04/05/2022
588,Lammond,Mattielli,lmattielligb@ibm.com,Male,2000,Honda,Passport,San Francisco,California,94105,US,37.7864,-122.3892,49586,Hilpert Inc,04/23/2022
589,Cecilio,Ferrillo,cferrillogc@cnbc.com,Male,2007,Acura,RL,Jackson,Mississippi,39282,US,32.3113,-90.3972,39021,"Haley, Reilly and Terry",06/14/2022
590,Yorker,Turgoose,yturgoosegd@shinystat.com,Bigender,1992,Chevrolet,Caprice,Cedar Rapids,Iowa,52410,US,42.0794,-91.5992,72479,Satterfield Inc,05/31/2023
591,Christiane,Walthall,cwalthallge@columbia.edu,Female,2005,Mazda,Miata MX-5,Jacksonville,Florida,32215,US,30.2407,-81.893,40413,"Kreiger, Crist and Denesik",04/21/2025
592,Amanda,Meachan,ameachangf@csmonitor.com,Female,2010,Ford,F250,Lakeland,Florida,33805,US,28.072,-81.9609,53822,Ruecker-Armstrong,08/30/2023
593,Jule,Reuter,jreutergg@feedburner.com,Male,2000,Mercury,Grand Marquis,Tacoma,Washington,98447,US,47.1441,-122.4434,33937,Aufderhar-Reichel,10/12/2024
594,Jakie,Lomath,jlomathgh@gov.uk,Male,2002,Kia,Sedona,Raleigh,North Carolina,27621,US,35.7977,-78.6253,34287,Daniel LLC,11/30/2022
595,Ilse,Spivie,ispiviegi@issuu.com,Female,1987,Lamborghini,Countach,El Paso,Texas,79950,US,31.6948,-106.3,53926,Strosin-Stamm,09/17/2023
596,Kevyn,Lintott,klintottgj@jimdo.com,Genderqueer,2009,Volkswagen,Touareg 2,Greensboro,North Carolina,27409,US,36.0777,-79.9086,78908,Quigley-Brekke,10/27/2022
597,Wallis,Dominico,wdominicogk@odnoklassniki.ru,Female,2006,Hyundai,Azera,Atlanta,Georgia,31136,US,33.7473,-84.3824,82504,Toy-Rempel,08/19/2024
598,Salem,Appleby,sapplebygl@ucoz.ru,Male,2009,Mazda,RX-8,El Paso,Texas,88535,US,31.6948,-106.3,51166,"Nader, Hettinger and Streich",12/15/2025
599,Giselle,Ianniello,gianniellogm@wp.com,Female,2009,Chevrolet,Suburban 2500,Jacksonville,Florida,32244,US,30.2231,-81.7556,45526,Lubowitz LLC,03/22/2025
600,Ellynn,Slowgrove,eslowgrovegn@posterous.com,Female,2010,Bentley,Azure,Austin,Texas,78737,US,30.2107,-97.9427,64005,Sporer-Stoltenberg,01/01/2024
601,Diego,Jobling,djoblinggo@oakley.com,Male,2011,Mazda,RX-8,Nashville,Tennessee,37215,US,36.0986,-86.8219,78835,"Larkin, Zulauf and Denesik",04/26/2025
602,Ignatius,Masdin,imasdingp@businessinsider.com,Male,2007,Honda,Civic,Youngstown,Ohio,44505,US,41.1257,-80.6277,71711,"Kulas, Crooks and Nitzsche",09/17/2023
603,Kelwin,Megainey,kmegaineygq@cam.ac.uk,Genderqueer,2000,Volkswagen,GTI,Orange,California,92668,US,33.7867,-117.8742,61042,Prohaska-Douglas,08/23/2025
604,Gizela,Springthorpe,gspringthorpegr@nationalgeographic.com,Female,2006,Nissan,Maxima,Saint Paul,Minnesota,55103,US,44.9608,-93.1216,51044,"Donnelly, Kovacek and Boyer",05/21/2022
605,Ronny,Groombridge,rgroombridgegs@list-manage.com,Male,2004,Volvo,XC90,Albuquerque,New Mexico,87105,US,35.0448,-106.6893,71212,"Collier, Douglas and Mraz",06/22/2023
606,Rory,Dunphie,rdunphiegt@posterous.com,Male,1999,Buick,Regal,Edmond,Oklahoma,73034,US,35.6665,-97.4798,34328,"Lemke, Sawayn and Smitham",02/26/2024
607,Margit,McMurray,mmcmurraygu@angelfire.com,Female,1995,Oldsmobile,Ciera,Hialeah,Florida,33018,US,25.9098,-80.3889,74790,"Stanton, Dickinson and Hammes",03/25/2025
608,Coleman,Cuxon,ccuxongv@usa.gov,Male,2006,Volvo,S80,Bronx,New York,10469,US,40.8702,-73.8495,68741,Glover-Effertz,10/02/2022
609,Nahum,Marnes,nmarnesgw@google.pl,Non-binary,2006,Lincoln,Town Car,Van Nuys,California,91411,US,34.1781,-118.4574,46570,Marvin LLC,08/11/2022
610,Trixi,Clappson,tclappsongx@free.fr,Female,1994,Infiniti,G,Levittown,Pennsylvania,19058,US,40.3286,-75.1028,87031,Howell-Stoltenberg,05/16/2022
611,Kalinda,Illston,killstongy@hc360.com,Agender,1990,Volkswagen,GTI,Richmond,Virginia,23242,US,37.5313,-77.4161,36789,Grady Group,08/29/2025
612,Tait,Cropp,tcroppgz@prnewswire.com,Male,2011,Audi,Q7,New York City,New York,10175,US,40.7543,-73.9798,40138,Beatty Group,07/08/2022
613,Tad,Doodney,tdoodneyh0@mtv.com,Male,1991,Maserati,430,Albany,New York,12222,US,42.6853,-73.8253,81608,Rau-Upton,02/13/2024
614,Hynda,Dinsmore,hdinsmoreh1@360.cn,Female,2010,GMC,Terrain,Philadelphia,Pennsylvania,19184,US,40.0018,-75.1179,78997,Blanda-Wintheiser,08/10/2024
615,Stanislas,Goodbarne,sgoodbarneh2@youtube.com,Genderfluid,2007,Ford,E350,Austin,Texas,78759,US,30.4036,-97.7526,63103,Rodriguez-Schultz,12/07/2023
616,Skipton,Steinor,ssteinorh3@goo.ne.jp,Male,2007,Bentley,Continental,Des Moines,Iowa,50936,US,41.6727,-93.5722,54985,"Hegmann, Leannon and McDermott",06/13/2023
617,Fred,Luna,flunah4@unblog.fr,Male,2003,Lexus,GS,Washington,District of Columbia,20436,US,38.8959,-77.0211,72086,Lang LLC,04/21/2025
618,Margareta,Hindes,mhindesh5@sohu.com,Female,2000,Chrysler,Cirrus,Las Vegas,Nevada,89125,US,36.2235,-115.2655,61812,Denesik-Walsh,11/11/2025
619,Oralie,Byk,obykh6@netvibes.com,Female,1997,Ford,Aspire,Evansville,Indiana,47712,US,37.929,-87.6604,98655,"Gerlach, Schmeler and Prosacco",05/20/2022
620,Barton,Weyman,bweymanh7@gnu.org,Male,1994,Subaru,Loyale,Valley Forge,Pennsylvania,19495,US,39.9832,-75.7481,68332,Schulist Group,04/04/2022
621,Lothaire,Messom,lmessomh8@chron.com,Genderqueer,1996,Mercedes-Benz,C-Class,Miami,Florida,33153,US,25.8655,-80.1936,58240,"Lesch, Kuhlman and Cremin",04/01/2025
622,Eduard,Hansbury,ehansburyh9@scribd.com,Male,2012,Mazda,Miata MX-5,Gaithersburg,Maryland,20883,US,39.0883,-77.1568,64820,"Cremin, Gulgowski and Effertz",06/04/2024
623,Josee,Smead,jsmeadha@arstechnica.com,Female,2003,Ford,Escape,Stockton,California,95298,US,37.9577,-121.2897,44418,"Lakin, Goodwin and Medhurst",11/28/2025
624,Vic,Dallan,vdallanhb@123-reg.co.uk,Male,2009,Audi,R8,Kansas City,Missouri,64114,US,38.9621,-94.5959,93218,Smith-Dare,10/18/2024
625,Kalindi,Wasylkiewicz,kwasylkiewiczhc@answers.com,Female,2010,Toyota,Sienna,Oklahoma City,Oklahoma,73167,US,35.5514,-97.4075,56368,Kertzmann-O'Reilly,05/23/2023
626,Rodie,Fulstow,rfulstowhd@storify.com,Female,1998,Chevrolet,G-Series 1500,Garland,Texas,75049,US,32.7673,-96.7776,50651,"Jerde, Borer and Hudson",08/02/2025
627,Boothe,Cabrales,bcabraleshe@sakura.ne.jp,Male,1992,Mitsubishi,Expo,Odessa,Texas,79764,US,31.8767,-102.4375,75465,"Schoen, Baumbach and Bradtke",10/29/2024
628,Hugues,Bentham,hbenthamhf@flickr.com,Male,2012,Mazda,Mazda6,Rochester,New York,14624,US,43.1216,-77.7311,69362,"Langworth, Skiles and Blanda",09/27/2025
629,Torey,Trow,ttrowhg@pen.io,Male,1993,Infiniti,G,Oklahoma City,Oklahoma,73147,US,35.5514,-97.4075,39934,"Weber, Herman and Hegmann",08/08/2024
630,Umberto,Anthoin,uanthoinhh@tmall.com,Male,1984,Honda,Accord,Springfield,Missouri,65810,US,37.1136,-93.2896,64641,Hilll Inc,05/11/2024
631,Kurt,Daines,kdaineshi@prweb.com,Male,1995,Toyota,Xtra,Buffalo,New York,14210,US,42.8614,-78.8206,88776,"Stroman, Padberg and Ritchie",06/18/2022
632,Reyna,Impy,rimpyhj@kickstarter.com,Female,2008,Pontiac,G5,Sandy,Utah,84093,US,40.5927,-111.831,65183,"Sipes, Medhurst and Weissnat",05/24/2023
633,Mikey,Hazeldine,mhazeldinehk@flavors.me,Male,2010,Scion,xB,Whittier,California,90605,US,33.9413,-118.0356,60167,"Trantow, Will and Quitzon",03/27/2023
634,Tedie,Siehard,tsiehardhl@wix.com,Male,1991,Volkswagen,Golf,Katy,Texas,77493,US,29.8678,-95.8298,38532,Smith LLC,09/30/2023
635,Kriste,Mordie,kmordiehm@artisteer.com,Female,2005,Volvo,XC70,Oakland,California,94622,US,37.799,-122.2337,44337,Strosin Inc,05/13/2022
636,Chip,Airy,cairyhn@ox.ac.uk,Male,2002,GMC,Savana 3500,Jacksonville,Florida,32236,US,30.3449,-81.6831,69851,Keeling and Sons,09/19/2022
637,Moore,Surguine,msurguineho@scribd.com,Male,2004,BMW,X5,New Orleans,Louisiana,70160,US,30.033,-89.8826,69638,"Kuhn, Berge and Kunze",07/20/2023
638,Zilvia,Backs,zbackshp@liveinternet.ru,Female,2002,Toyota,Sienna,San Francisco,California,94105,US,37.7864,-122.3892,57235,Hagenes-Russel,05/26/2025
639,Wilt,Barts,wbartshq@mac.com,Male,1998,Mazda,MPV,York,Pennsylvania,17405,US,40.0086,-76.5972,53486,"Rohan, Lindgren and Bednar",11/05/2022
640,Atlanta,Fernihough,afernihoughhr@cmu.edu,Female,2004,Mazda,Mazda6,Des Moines,Iowa,50330,US,41.6727,-93.5722,33338,Moore-Flatley,03/02/2024
641,Minda,Awton,mawtonhs@microsoft.com,Female,2007,Infiniti,G,Henderson,Nevada,89012,US,36.0119,-115.0433,72287,Balistreri Group,10/28/2025
642,Winni,Fountian,wfountianht@google.de,Female,1997,Chevrolet,Suburban 2500,Sandy,Utah,84093,US,40.5927,-111.831,99419,Legros-Dibbert,02/13/2023
643,Franky,Tunnicliff,ftunnicliffhu@rambler.ru,Male,2010,Hummer,H3T,Terre Haute,Indiana,47805,US,39.5327,-87.3255,78216,"Shields, Greenholt and Sporer",12/07/2024
644,Elspeth,Karp,ekarphv@who.int,Female,1999,Mazda,626,Las Cruces,New Mexico,88006,US,32.3052,-106.7863,88859,Baumbach-Jaskolski,06/01/2023
645,Lyndsay,Gianotti,lgianottihw@nasa.gov,Female,1986,Mitsubishi,Starion,Hattiesburg,Mississippi,39404,US,31.1721,-89.2948,32357,"Kris, Stiedemann and Nienow",05/10/2022
646,Daryl,Dabner,ddabnerhx@archive.org,Female,2005,Nissan,Sentra,Houston,Texas,77035,US,29.6518,-95.4854,57940,"Lockman, Tremblay and Cole",07/30/2025
647,Karlik,Scuffham,kscuffhamhy@google.com.br,Genderfluid,1995,Suzuki,Esteem,Saint Petersburg,Florida,33715,US,27.6705,-82.7119,49975,"Cassin, Corwin and Witting",04/26/2025
648,Alair,Beyer,abeyerhz@t-online.de,Male,2000,Acura,NSX,Omaha,Nebraska,68134,US,41.2949,-96.0546,67876,Koch-Hamill,03/14/2024
649,Pepe,Cristoforo,pcristoforoi0@hao123.com,Male,1997,Nissan,Pathfinder,Charleston,West Virginia,25321,US,38.2968,-81.5547,68414,Buckridge-Steuber,08/24/2024
650,Brennen,Ollie,bolliei1@digg.com,Bigender,1999,GMC,3500,Lancaster,California,93584,US,33.7866,-118.2987,55674,Windler and Sons,05/28/2024
651,Myrvyn,Risely,mriselyi2@wordpress.org,Male,1993,Mercedes-Benz,500SEC,Columbus,Ohio,43226,US,39.969,-83.0114,70221,Kiehn and Sons,03/20/2025
652,Vincents,Packington,vpackingtoni3@hibu.com,Male,1995,GMC,3500 Club Coupe,Corona,California,92883,US,33.7541,-117.474,54684,Borer-Maggio,12/29/2022
653,Madelyn,Cardenosa,mcardenosai4@skype.com,Female,2003,Hyundai,Tiburon,Cincinnati,Ohio,45271,US,39.1668,-84.5382,96156,Ritchie Inc,05/18/2023
654,Rocky,Moukes,rmoukesi5@themeforest.net,Male,2006,Land Rover,Discovery,Dallas,Texas,75231,US,32.8756,-96.7495,43358,"Prohaska, Lubowitz and Trantow",08/22/2022
655,Ainslie,Brooksbank,abrooksbanki6@nba.com,Female,1994,Toyota,MR2,Louisville,Kentucky,40280,US,38.2467,-85.6853,45367,"Beier, Lockman and Roob",10/15/2024
656,Marcello,Manhare,mmanharei7@ibm.com,Male,2012,Cadillac,SRX,Greensboro,North Carolina,27404,US,36.0807,-80.0244,69314,"Crona, O'Reilly and Green",07/25/2022
657,Joscelin,McCotter,jmccotteri8@wufoo.com,Female,1993,Lexus,GS,Boston,Massachusetts,02163,US,42.3253,-71.1122,33286,"Towne, Ledner and Ledner",08/25/2023
658,Nikola,Jouen,njoueni9@hao123.com,Male,1999,Nissan,Quest,Baton Rouge,Louisiana,70810,US,30.3633,-91.0919,58069,Medhurst and Sons,06/26/2023
659,Lotta,Axston,laxstonia@csmonitor.com,Genderqueer,2005,Pontiac,GTO,Riverside,California,92519,US,33.7529,-116.0556,75567,"Reichel, Kerluke and Boehm",05/22/2025
660,Rahal,Piggens,rpiggensib@economist.com,Female,2004,BMW,5 Series,Houston,Texas,77255,US,29.834,-95.4342,98080,"Lakin, Hettinger and Kertzmann",01/02/2026
661,Nani,Skelington,nskelingtonic@prnewswire.com,Polygender,2002,Volkswagen,rio,Phoenix,Arizona,85045,US,33.3022,-112.1226,31753,Mueller-Kovacek,12/26/2022
662,Chalmers,Fleming,cflemingid@house.gov,Polygender,1993,Ford,E-Series,Houston,Texas,77080,US,29.8159,-95.523,77434,Smith-Kreiger,12/28/2024
663,Patricia,Rickerd,prickerdie@diigo.com,Female,1984,Mercedes-Benz,S-Class,Allentown,Pennsylvania,18105,US,40.6934,-75.4712,91511,"Ondricka, McLaughlin and Kovacek",03/14/2024
664,Virgie,Wolland,vwollandif@goodreads.com,Male,2001,Porsche,911,Garden Grove,California,92645,US,33.783,-118.0256,72535,"Schoen, Raynor and Wehner",11/11/2024
665,Gilberto,Vanni,gvanniig@nasa.gov,Male,1997,Isuzu,Trooper,Billings,Montana,59112,US,45.9783,-108.1945,47168,O'Hara Group,05/19/2023
666,Riki,O'Hingerty,rohingertyih@bizjournals.com,Female,2007,Dodge,Dakota,San Mateo,California,94405,US,37.3811,-122.3348,74843,Collins-Casper,10/11/2023
667,Brennan,Hallin,bhallinii@booking.com,Male,1987,Mitsubishi,Starion,Henderson,Nevada,89012,US,36.0119,-115.0433,31862,"O'Hara, Luettgen and Durgan",02/19/2023
668,Gregoor,Beavington,gbeavingtonij@artisteer.com,Male,1992,GMC,2500,Salt Lake City,Utah,84135,US,40.6681,-111.9083,55637,Kemmer Inc,06/15/2025
669,Neddie,Askem,naskemik@reverbnation.com,Male,2010,Aston Martin,Rapide,Atlanta,Georgia,30336,US,33.7406,-84.5545,45182,Mueller-Veum,09/08/2025
670,Claudianus,Rawnsley,crawnsleyil@oracle.com,Male,2010,Aston Martin,V8 Vantage,New Haven,Connecticut,06505,US,41.3057,-72.7799,67052,Abshire and Sons,10/31/2024
671,Charla,Carine,ccarineim@linkedin.com,Female,1986,Ford,Bronco II,Silver Spring,Maryland,20910,US,38.9982,-77.0338,32019,"Wolf, Wunsch and Kris",04/27/2025
672,Rica,McNeachtain,rmcneachtainin@w3.org,Female,2010,Dodge,Ram 2500,Houston,Texas,77223,US,29.834,-95.4342,99349,"Kassulke, Powlowski and Batz",01/31/2025
673,Isidora,Cutcliffe,icutcliffeio@vinaora.com,Female,1989,Volkswagen,GTI,Amarillo,Texas,79116,US,35.2454,-101.999,49598,Ullrich Inc,05/14/2022
674,Dukey,Castanone,dcastanoneip@exblog.jp,Male,2010,Pontiac,G3,Anaheim,California,92812,US,33.817,-117.9286,87862,"Tremblay, Weber and Koelpin",05/04/2023
675,Caesar,Blanshard,cblanshardiq@nhs.uk,Male,1992,Audi,100,Los Angeles,California,90005,US,34.0585,-118.3012,85323,"Lind, White and Wyman",06/19/2022
676,Phyllys,Cufley,pcufleyir@ustream.tv,Female,1994,Mazda,MX-5,Minneapolis,Minnesota,55417,US,44.9054,-93.2361,52185,Hudson-Abbott,08/07/2023
677,Rodolfo,McAreavey,rmcareaveyis@bbc.co.uk,Male,1994,GMC,Yukon,Austin,Texas,78737,US,30.2107,-97.9427,79007,Baumbach Inc,10/28/2025
678,Hugues,Pennings,hpenningsit@squidoo.com,Male,2000,Pontiac,Grand Prix,Kansas City,Missouri,64193,US,39.035,-94.3567,92567,"Feest, Jenkins and Beier",03/25/2022
679,Crystie,Kroll,ckrolliu@nhs.uk,Agender,2009,Infiniti,FX,Jacksonville,Florida,32277,US,30.3704,-81.5864,39679,Lynch Group,07/15/2025
680,Trula,Liddington,tliddingtoniv@cnet.com,Genderfluid,2006,Nissan,Xterra,South Bend,Indiana,46634,US,41.5968,-86.293,77290,Turner Inc,03/29/2025
681,Emmalee,Nesfield,enesfieldiw@washingtonpost.com,Female,1999,Lincoln,Town Car,Washington,District of Columbia,20599,US,38.8933,-77.0146,97235,"McDermott, Deckow and Okuneva",10/10/2022
682,Tasha,Stringer,tstringerix@weebly.com,Female,1994,Toyota,Celica,Huntington,West Virginia,25709,US,38.1321,-82.4183,30766,Cruickshank LLC,10/21/2022
683,Devland,Ellcome,dellcomeiy@irs.gov,Male,2000,Chevrolet,Silverado 1500,San Jose,California,95160,US,37.2187,-121.8601,44302,"Strosin, Johnson and Kirlin",04/05/2024
684,Del,Jowle,djowleiz@hc360.com,Male,1998,Isuzu,Amigo,Sioux Falls,South Dakota,57198,US,43.6746,-96.7913,35724,Hamill-Krajcik,08/18/2025
685,Kippar,Defau,kdefauj0@auda.org.au,Male,2001,Land Rover,Discovery,New York City,New York,10203,US,40.7808,-73.9772,58670,Fadel-Corwin,11/25/2022
686,Dorolisa,McLafferty,dmclaffertyj1@tripadvisor.com,Female,1993,Ford,Econoline E250,Vancouver,Washington,98687,US,45.8016,-122.5203,45819,Kuhic-Kemmer,05/15/2024
687,Daryn,Crepel,dcrepelj2@ucsd.edu,Female,2002,GMC,Sierra 1500,Columbus,Ohio,43210,US,40.0028,-83.0164,88581,"Batz, Parker and Sauer",01/13/2024
688,Gloriane,Durand,gdurandj3@sphinn.com,Female,1960,Chevrolet,Corvair,Palmdale,California,93591,US,34.6019,-117.8123,41245,Watsica-Nienow,02/10/2025
689,Jeralee,Corradino,jcorradinoj4@zdnet.com,Female,2008,Nissan,Pathfinder,Miami,Florida,33147,US,25.8507,-80.2366,90175,Bartell-Hackett,05/18/2024
690,Gayle,Gribbin,ggribbinj5@cam.ac.uk,Polygender,2006,Ford,E350,Dallas,Texas,75216,US,32.7086,-96.7955,48777,"Mante, Cassin and Batz",01/16/2023
691,Meris,Reese,mreesej6@eepurl.com,Female,1993,Saab,9000,Naperville,Illinois,60567,US,41.8397,-88.0887,54454,"Schaden, Steuber and Kozey",08/18/2025
692,Truman,Lindeman,tlindemanj7@about.com,Genderqueer,1994,Mitsubishi,Truck,Fort Lauderdale,Florida,33310,US,26.1443,-80.2069,89398,Bernhard-Klein,05/16/2023
693,Dael,Sturgess,dsturgessj8@chron.com,Female,2010,Cadillac,SRX,San Francisco,California,94105,US,37.7864,-122.3892,84475,Cronin-Powlowski,01/29/2025
694,Ardyth,Sunderland,asunderlandj9@vkontakte.ru,Female,1986,Ford,Ranger,Joliet,Illinois,60435,US,41.5454,-88.1299,46163,"Hermiston, Goldner and Runte",04/17/2023
695,Erin,Foddy,efoddyja@purevolume.com,Male,1986,Ford,LTD Crown Victoria,Atlanta,Georgia,30358,US,33.9982,-84.3411,92700,Feeney LLC,02/26/2024
696,Ursulina,Maddick,umaddickjb@example.com,Female,1997,Ford,F150,Fort Worth,Texas,76129,US,32.7714,-97.2915,91025,Schamberger Inc,09/16/2025
697,Mallory,Newlands,mnewlandsjc@mozilla.org,Male,1984,Buick,Skyhawk,Waterbury,Connecticut,06726,US,41.3657,-72.9275,33189,Mills Inc,02/17/2023
698,Trey,Dmytryk,tdmytrykjd@shop-pro.jp,Male,1993,Chrysler,New Yorker,Charleston,South Carolina,29416,US,32.8488,-79.8577,42386,Towne Group,03/14/2022
699,Marlie,Walkden,mwalkdenje@over-blog.com,Female,1997,Land Rover,Discovery,Maple Plain,Minnesota,55572,US,45.0159,-93.4719,96270,"Heller, Volkman and Skiles",11/15/2023
700,Trace,Golagley,tgolagleyjf@ibm.com,Male,2005,Cadillac,Escalade ESV,Lafayette,Louisiana,70593,US,30.2081,-92.0951,68412,"Cronin, Koelpin and Little",12/13/2025
701,Gay,Shitliffe,gshitliffejg@google.es,Male,1996,Chevrolet,Lumina,Elmira,New York,14905,US,42.0869,-76.8397,48945,Funk-Gorczany,01/16/2024
702,Daffie,Toffano,dtoffanojh@apple.com,Female,1987,Pontiac,Chevette,Orlando,Florida,32859,US,28.4429,-81.4026,48333,Prohaska-Lakin,01/26/2023
703,Geoff,Feldbaum,gfeldbaumji@1688.com,Male,2004,Chevrolet,Avalanche 1500,Montgomery,Alabama,36119,US,32.2334,-86.2085,64418,Ward Inc,02/16/2025
704,Bobbi,Smallacombe,bsmallacombejj@kickstarter.com,Female,2009,GMC,Yukon,Virginia Beach,Virginia,23459,US,36.9216,-76.0171,59056,Kuvalis-Windler,07/24/2022
705,Ric,Bugdale,rbugdalejk@ovh.net,Male,2008,Honda,Civic,Cincinnati,Ohio,45999,US,39.1668,-84.5382,66209,Hansen-Mante,02/08/2025
706,Juieta,Porcher,jporcherjl@github.com,Female,1994,Pontiac,Grand Am,El Paso,Texas,79994,US,31.6948,-106.3,69125,"Sauer, Nolan and Spencer",09/25/2024
707,Worthington,Hylands,whylandsjm@independent.co.uk,Male,1992,Dodge,D150 Club,Cincinnati,Ohio,45233,US,39.111,-84.6594,94017,Parker-Gutmann,06/29/2024
708,Mayne,Ferebee,mferebeejn@spotify.com,Male,1990,Buick,Electra,Cincinnati,Ohio,45228,US,39.0706,-84.4179,64115,Beahan-Stiedemann,08/08/2024
709,Pattin,Bjerkan,pbjerkanjo@upenn.edu,Male,2008,Chevrolet,TrailBlazer,New Orleans,Louisiana,70179,US,30.033,-89.8826,67992,"Turcotte, Klocko and Jacobi",12/04/2022
710,Claudina,Drugan,cdruganjp@printfriendly.com,Female,2005,Audi,A8,Hyattsville,Maryland,20784,US,38.9513,-76.8958,70876,Jones Group,06/10/2022
711,Melessa,Woodroffe,mwoodroffejq@altervista.org,Female,2010,Chevrolet,Express 3500,Hampton,Virginia,23663,US,37.0318,-76.3199,60478,White Group,03/06/2022
712,Yule,Glisenan,yglisenanjr@washington.edu,Bigender,1997,Mercedes-Benz,S-Class,Fargo,North Dakota,58122,US,46.9346,-97.2297,30658,Kihn-Brown,11/14/2023
713,Johnnie,Adamovich,jadamovichjs@kickstarter.com,Male,1992,GMC,Suburban 2500,Durham,North Carolina,27710,US,36.0512,-78.8577,43919,Langworth Group,01/02/2024
714,Buckie,Meo,bmeojt@earthlink.net,Male,2006,Nissan,Frontier,Port Charlotte,Florida,33954,US,27.0228,-82.1108,83303,"Bartell, Homenick and Reilly",02/26/2024
715,Henrik,Rolfe,hrolfeju@artisteer.com,Male,1997,Chevrolet,2500,Pittsburgh,Pennsylvania,15220,US,40.4181,-80.0526,57691,"Ernser, Von and Ziemann",12/14/2022
716,Fraze,Gilmour,fgilmourjv@cbslocal.com,Non-binary,1999,GMC,Safari,Colorado Springs,Colorado,80930,US,38.8289,-104.5269,44101,Kuhic and Sons,11/02/2025
717,Asher,Bretherick,abretherickjw@stanford.edu,Male,2008,Audi,TT,Miami,Florida,33111,US,25.5584,-80.4582,63980,Wisoky-Ruecker,07/11/2024
718,Dulsea,De Few,ddefewjx@google.ca,Female,1998,Dodge,Durango,Bloomington,Illinois,61709,US,40.4614,-88.953,64277,Murazik-Murphy,08/24/2025
719,Jaimie,Assur,jassurjy@goodreads.com,Female,2004,Dodge,Stratus,Arvada,Colorado,80005,US,39.8422,-105.1097,32253,"Botsford, Kohler and Wyman",03/27/2023
720,Andy,McManamen,amcmanamenjz@npr.org,Female,1998,Dodge,Dakota,Tulsa,Oklahoma,74193,US,36.1398,-96.0297,81289,Emard Inc,10/02/2025
721,Effie,Mushett,emushettk0@slashdot.org,Female,2005,Toyota,Corolla,Stamford,Connecticut,06905,US,41.0888,-73.5435,49424,"Rodriguez, Tillman and Olson",11/15/2024
722,Devon,Fahey,dfaheyk1@nhs.uk,Female,2006,Toyota,Solara,Marietta,Georgia,30066,US,34.0378,-84.5038,69533,"Bergnaum, Brekke and Smith",05/22/2025
723,Lola,McBay,lmcbayk2@de.vu,Female,2004,Mercedes-Benz,G-Class,El Paso,Texas,88525,US,31.6948,-106.3,45386,Gislason-VonRueden,09/19/2024
724,Katie,Klimkin,kklimkink3@japanpost.jp,Female,1994,Mercedes-Benz,C-Class,Sacramento,California,95828,US,38.4826,-121.4006,69122,Dare Inc,05/01/2023
725,Lotta,Burn,lburnk4@mysql.com,Female,1986,Mitsubishi,Chariot,Daytona Beach,Florida,32118,US,29.2219,-81.0095,65030,"Krajcik, Douglas and Beatty",06/03/2023
726,Ruddy,Cleen,rcleenk5@baidu.com,Male,1992,Toyota,MR2,Silver Spring,Maryland,20904,US,39.0668,-76.9969,97013,Morar-Bartell,05/12/2025
727,Rozalin,Littler,rlittlerk6@chicagotribune.com,Agender,1992,Isuzu,Trooper,Amarillo,Texas,79171,US,35.4015,-101.8951,53195,Schinner-Mayert,05/02/2024
728,Isador,Handrahan,ihandrahank7@ocn.ne.jp,Male,1995,Chevrolet,Beretta,Memphis,Tennessee,38150,US,35.2017,-89.9715,86503,Borer-Bartoletti,06/22/2022
729,Milty,MacRierie,mmacrieriek8@dagondesign.com,Male,1997,Toyota,Avalon,Las Vegas,Nevada,89193,US,35.9279,-114.9721,95435,Luettgen and Sons,01/17/2026
730,Shelia,Deeman,sdeemank9@bloglovin.com,Genderfluid,2001,Toyota,Camry,Philadelphia,Pennsylvania,19141,US,40.0365,-75.1451,46440,Wisozk-Deckow,12/30/2025
731,Zeke,Goly,zgolyka@usda.gov,Male,2005,Maserati,Quattroporte,Marietta,Georgia,30066,US,34.0378,-84.5038,91356,Jakubowski and Sons,04/12/2024
732,Vivianna,Killock,vkillockkb@guardian.co.uk,Female,2004,Saturn,L-Series,Houston,Texas,77070,US,29.9781,-95.5803,39876,"Wuckert, Robel and Schuppe",05/26/2025
733,Leonardo,Rumbold,lrumboldkc@go.com,Male,2011,Kia,Soul,Saint Paul,Minnesota,55108,US,44.9806,-93.1771,99967,"Champlin, Kihn and Beier",10/15/2023
734,Pooh,Merrell,pmerrellkd@smh.com.au,Female,2004,Toyota,Land Cruiser,Brooklyn,New York,11254,US,40.6451,-73.945,90184,Grady Inc,08/05/2023
735,Mar,Stidever,mstideverke@rakuten.co.jp,Male,2003,Dodge,Dakota,Miami,Florida,33283,US,25.5584,-80.4582,74817,"Gleason, Quigley and Stiedemann",08/17/2025
736,Lanae,Ludvigsen,lludvigsenkf@sohu.com,Female,2011,Chevrolet,Malibu,Las Vegas,Nevada,89150,US,35.9279,-114.9721,41295,Bogisich-Lebsack,05/02/2022
737,Marga,Merryweather,mmerryweatherkg@weibo.com,Female,2012,GMC,Terrain,Birmingham,Alabama,35290,US,33.5446,-86.9292,35187,Satterfield-Nicolas,03/16/2022
738,Franklin,Dymick,fdymickkh@blogger.com,Male,2003,Oldsmobile,Silhouette,Charleston,West Virginia,25305,US,38.3358,-81.6123,59806,O'Keefe Group,11/19/2022
739,Nestor,Deeth,ndeethki@phpbb.com,Male,2009,Bentley,Continental Flying Spur,Evansville,Indiana,47725,US,38.1071,-87.5256,36558,Konopelski and Sons,07/30/2023
740,Herminia,Freeburn,hfreeburnkj@eepurl.com,Female,2011,Dodge,Dakota,Mobile,Alabama,36641,US,30.6589,-88.178,97790,"Hayes, Anderson and Runolfsdottir",12/22/2023
741,Balduin,Ludlow,bludlowkk@prweb.com,Male,2009,MINI,Cooper,Chicago,Illinois,60674,US,41.8119,-87.6873,46938,Krajcik-Bergnaum,04/15/2023
742,Jerrylee,Hawe,jhawekl@posterous.com,Female,1993,Mazda,MX-6,Merrifield,Virginia,22119,US,38.8318,-77.2888,60737,"Roob, Brown and Rempel",07/02/2023
743,Egbert,Wandrack,ewandrackkm@amazon.co.jp,Agender,1998,Ford,Mustang,Mobile,Alabama,36610,US,30.7309,-88.0789,90148,Jones and Sons,10/04/2022
744,Norbie,Jahncke,njahnckekn@techcrunch.com,Male,2003,Suzuki,Aerio,Lubbock,Texas,79410,US,33.5693,-101.8904,66345,"Hauck, Corkery and Dietrich",02/05/2023
745,Genna,Postins,gpostinsko@archive.org,Female,1998,Jeep,Wrangler,San Antonio,Texas,78291,US,29.4375,-98.4616,33555,McDermott and Sons,11/06/2022
746,Freeman,Mackriell,fmackriellkp@1688.com,Non-binary,2007,Toyota,Highlander Hybrid,Port Saint Lucie,Florida,34985,US,27.3822,-80.409,45082,"Leuschke, Beatty and Kunze",05/26/2024
747,Rich,Rameau,rrameaukq@salon.com,Male,1999,Chevrolet,Express 3500,Clearwater,Florida,34620,US,27.9139,-82.7157,63663,Brekke-Simonis,10/03/2024
748,Benson,Chanson,bchansonkr@alibaba.com,Male,2001,Toyota,Sequoia,Knoxville,Tennessee,37939,US,35.9901,-83.9622,88189,Dare-Streich,06/27/2024
749,Gerhardt,Dozdill,gdozdillks@shop-pro.jp,Male,1999,Plymouth,Breeze,El Paso,Texas,79905,US,31.7674,-106.4304,31424,Oberbrunner LLC,05/14/2023
750,Phillis,Findlater,pfindlaterkt@mac.com,Female,1998,Lexus,SC,San Francisco,California,94142,US,37.7848,-122.7278,30426,Runte LLC,10/16/2024
751,Babara,Culshaw,bculshawku@ebay.com,Female,2011,Ram,1500,Phoenix,Arizona,85072,US,33.2765,-112.1872,75476,"Ledner, Hauck and Kub",05/06/2024
752,Archibaldo,Amey,aameykv@yandex.ru,Male,2002,Chrysler,Town & Country,Arlington,Texas,76011,US,32.7582,-97.1003,45044,"Purdy, Conroy and Parisian",10/26/2024
753,Herold,Semerad,hsemeradkw@networkadvertising.org,Male,2006,Mercedes-Benz,C-Class,Tulsa,Oklahoma,74170,US,36.1398,-96.0297,71021,"Grady, Lakin and Thiel",08/15/2025
754,Jules,Bruineman,jbruinemankx@nydailynews.com,Male,2002,Hyundai,Elantra,Greensboro,North Carolina,27415,US,36.0807,-80.0244,49192,"Shields, Dickinson and Gleason",05/09/2024
755,Drusilla,Maddin,dmaddinky@themeforest.net,Female,1991,Audi,V8,Sacramento,California,94286,US,38.3774,-121.4444,77560,Kerluke and Sons,04/26/2025
756,Sibyl,MacKean,smackeankz@cbc.ca,Female,2007,Saturn,VUE,Cumming,Georgia,30130,US,34.2216,-84.1537,31303,Cormier Inc,06/29/2023
757,Nefen,Vince,nvincel0@forbes.com,Male,1994,Mitsubishi,Mighty Max Macro,Jackson,Mississippi,39282,US,32.3113,-90.3972,54438,Reilly-Goldner,09/12/2022
758,Adamo,Callander,acallanderl1@marketwatch.com,Male,1988,Volkswagen,Fox,Houston,Texas,77075,US,29.6223,-95.26,60366,Flatley and Sons,01/10/2023
759,Sim,Ritmeyer,sritmeyerl2@meetup.com,Male,2000,Suzuki,Swift,Huntington,West Virginia,25705,US,38.4096,-82.369,32045,Littel and Sons,05/16/2023
760,Tabina,Goble,tgoblel3@dmoz.org,Female,2007,Lexus,GS,Buffalo,New York,14215,US,42.9335,-78.8115,63973,Heaney-Krajcik,07/26/2022
761,Joyan,Kiernan,jkiernanl4@mysql.com,Female,2001,Hummer,H1,Florence,South Carolina,29505,US,34.1231,-79.6893,74760,Lebsack-Altenwerth,07/16/2022
762,Kendricks,Beggs,kbeggsl5@sun.com,Male,1995,Subaru,Impreza,Albuquerque,New Mexico,87140,US,35.0443,-106.6729,32032,Jaskolski Group,10/22/2022
763,Timmie,Bohea,tboheal6@imgur.com,Male,2006,Chevrolet,TrailBlazer,El Paso,Texas,79999,US,31.6948,-106.3,98524,Ondricka-Price,05/15/2023
764,Bartlet,Udden,buddenl7@blog.com,Male,1997,BMW,5 Series,Louisville,Kentucky,40205,US,38.2222,-85.6885,49217,"Durgan, McCullough and Borer",10/28/2024
765,Valina,Meiningen,vmeiningenl8@guardian.co.uk,Female,2003,Volkswagen,New Beetle,Long Beach,California,90847,US,33.7866,-118.2987,56941,Goldner Inc,11/07/2024
766,Shel,des Remedios,sdesremediosl9@alexa.com,Genderfluid,2000,Chevrolet,Metro,Springfield,Illinois,62711,US,39.7655,-89.7293,78430,Schuster-Batz,08/05/2022
767,Eugen,Vaen,evaenla@oaic.gov.au,Polygender,1990,Mitsubishi,GTO,Frederick,Maryland,21705,US,39.47,-77.3921,79571,Purdy Inc,05/08/2023
768,Guglielmo,Cullon,gcullonlb@amazon.co.jp,Male,1997,Pontiac,Grand Am,Crawfordsville,Indiana,47937,US,40.04,-86.8936,40535,Hintz-Fadel,02/21/2022
769,Genevra,Gittis,ggittislc@earthlink.net,Bigender,2004,Kia,Sedona,Corona,California,92878,US,33.7529,-116.0556,92702,"Hessel, Abshire and Maggio",02/12/2022
770,Blanche,Gashion,bgashionld@zdnet.com,Female,2010,Lexus,IS,Columbus,Ohio,43226,US,39.969,-83.0114,72891,Bauch-Gottlieb,07/07/2022
771,Laurent,Jeayes,ljeayesle@hhs.gov,Male,1995,Land Rover,Defender,South Bend,Indiana,46614,US,41.6255,-86.2433,89629,Lynch-Marks,02/23/2024
772,Winny,Blondell,wblondelllf@ameblo.jp,Female,2004,Jeep,Grand Cherokee,Shreveport,Louisiana,71137,US,32.6076,-93.7526,85585,Bayer-Armstrong,07/15/2024
773,Mariska,Tuffs,mtuffslg@rakuten.co.jp,Female,1994,Mazda,Navajo,Los Angeles,California,90101,US,33.7866,-118.2987,35712,"VonRueden, Schuppe and Welch",09/16/2023
774,Gertruda,Williscroft,gwilliscroftlh@mtv.com,Female,2004,Audi,S4,Dallas,Texas,75379,US,32.7673,-96.7776,59225,"Berge, O'Hara and Casper",07/28/2023
775,Pascal,Houdhury,phoudhuryli@prlog.org,Male,2005,Mazda,MX-5,Bethlehem,Pennsylvania,18018,US,40.6278,-75.3928,67568,"Sporer, Hackett and Wintheiser",11/15/2022
776,Cristiano,Rembaud,crembaudlj@digg.com,Male,2010,Porsche,Cayenne,Louisville,Kentucky,40298,US,38.189,-85.6768,52602,Jacobi-Beer,02/03/2023
777,Cassandry,Browett,cbrowettlk@ucla.edu,Female,2006,Land Rover,Range Rover,San Diego,California,92110,US,32.7635,-117.2028,48406,Jaskolski and Sons,05/24/2024
778,Claudetta,Annott,cannottll@amazon.de,Female,2002,Toyota,Corolla,Indianapolis,Indiana,46202,US,39.7851,-86.1595,39200,"Leffler, Jerde and Blanda",05/25/2024
779,Christoph,Lorroway,clorrowaylm@lycos.com,Male,1994,Suzuki,Swift,Minneapolis,Minnesota,55448,US,45.1907,-93.3021,46763,"Lakin, Medhurst and Rosenbaum",09/22/2025
780,Syd,Wigmore,swigmoreln@skype.com,Male,2001,Mercedes-Benz,CL-Class,Des Moines,Iowa,50981,US,41.6727,-93.5722,76086,Cremin-Gutkowski,12/23/2024
781,Jean,Garwill,jgarwilllo@omniture.com,Female,2011,GMC,Acadia,Atlanta,Georgia,31106,US,33.8444,-84.474,73515,"Trantow, Blick and Batz",11/19/2022
782,Hildegaard,Fallis,hfallislp@joomla.org,Female,1994,Ford,F-Series,Stamford,Connecticut,06905,US,41.0888,-73.5435,61344,Swift Group,09/22/2022
783,Husain,McCulloch,hmccullochlq@washington.edu,Male,1996,Volkswagen,Golf,Dayton,Ohio,45440,US,39.6749,-84.1136,45013,"Trantow, O'Reilly and Reinger",08/04/2022
784,Tristam,Lago,tlagolr@drupal.org,Male,2006,Jeep,Wrangler,San Mateo,California,94405,US,37.3811,-122.3348,62328,"Kutch, Boyle and Funk",08/20/2024
785,Dmitri,Tickle,dticklels@furl.net,Male,2003,Ford,E250,Independence,Missouri,64054,US,39.11,-94.4401,54961,"Fisher, Cronin and Cremin",08/12/2022
786,Alicea,Hannigane,ahanniganelt@blogs.com,Female,1988,Mitsubishi,Mirage,Sacramento,California,94257,US,38.3774,-121.4444,38872,"Paucek, Kihn and Skiles",12/21/2023
787,Danna,Crumb,dcrumblu@usa.gov,Female,2010,Mercedes-Benz,E-Class,Gadsden,Alabama,35905,US,33.9352,-85.9576,71754,Rau-Rosenbaum,09/29/2023
788,Etta,Hugnot,ehugnotlv@delicious.com,Female,2011,Dodge,Durango,Virginia Beach,Virginia,23464,US,36.7978,-76.1759,52855,"Heller, Jacobson and Simonis",05/11/2024
789,Ewen,Gradley,egradleylw@google.ca,Male,2008,Lamborghini,Murciélago LP640,Sacramento,California,94273,US,38.3774,-121.4444,84711,Kuhic-Dietrich,12/12/2023
790,Adriena,Saltmarshe,asaltmarshelx@jigsy.com,Genderqueer,2008,Jeep,Compass,Boston,Massachusetts,02114,US,42.3611,-71.0682,63007,O'Connell-Rice,03/25/2024
791,Marketa,Windmill,mwindmillly@tumblr.com,Female,1995,Plymouth,Acclaim,Toledo,Ohio,43699,US,41.6538,-83.6589,60700,Nader-Beier,05/02/2022
792,Claribel,Cunde,ccundelz@mapy.cz,Female,2004,Kia,Rio,Kansas City,Missouri,64144,US,39.2829,-94.409,43302,"Mohr, Bednar and Morar",06/28/2025
793,Lani,Symms,lsymmsm0@feedburner.com,Female,2011,Mercury,Mariner,Tampa,Florida,33680,US,27.872,-82.4388,57026,Ratke LLC,07/01/2023
794,Adrianna,MacGiolla Pheadair,amacgiollapheadairm1@elegantthemes.com,Female,2012,Honda,Crosstour,Lancaster,California,93584,US,33.7866,-118.2987,93928,Wintheiser-Schmidt,02/21/2023
795,Janith,Grisley,jgrisleym2@accuweather.com,Female,2006,Bentley,Azure,Baltimore,Maryland,21265,US,39.2847,-76.6205,46081,"Feil, Stamm and Marvin",07/14/2022
796,Lemmy,Turone,lturonem3@nytimes.com,Male,2012,Chevrolet,Tahoe,Columbia,Missouri,65211,US,38.9033,-92.1022,68949,"Medhurst, Harber and Bradtke",01/15/2026
797,Waylen,Morphew,wmorphewm4@weather.com,Male,1995,Buick,Roadmaster,Davenport,Iowa,52809,US,41.613,-90.6063,36368,"Gutkowski, Koelpin and Braun",07/02/2025
798,Alix,Reichelt,areicheltm5@china.com.cn,Female,2001,Chrysler,300M,Austin,Texas,78721,US,30.2721,-97.6868,47056,"Windler, Huel and Torphy",12/10/2025
799,Retha,Corey,rcoreym6@nationalgeographic.com,Female,2005,Chevrolet,Blazer,Shawnee Mission,Kansas,66210,US,38.9273,-94.7143,54433,"Harber, Ritchie and Douglas",04/28/2022
800,Orv,Duckit,oduckitm7@bandcamp.com,Male,2011,Buick,Enclave,Alexandria,Virginia,22313,US,38.8158,-77.09,47216,Mayer-Conroy,11/24/2022
801,Marvin,Elsie,melsiem8@ucoz.com,Male,2003,Maybach,57,Long Beach,California,90805,US,33.8635,-118.1801,63392,Maggio-Schultz,01/16/2025
802,Carroll,Doody,cdoodym9@toplist.cz,Female,1993,Mazda,Navajo,Toledo,Ohio,43605,US,41.6525,-83.5085,43785,Huel Group,06/11/2023
803,Raffaello,Wooff,rwooffma@usatoday.com,Male,2011,Audi,Q5,Denver,Colorado,80249,US,39.7783,-104.7556,73086,Auer-Romaguera,10/09/2023
804,Siffre,Fatharly,sfatharlymb@bbc.co.uk,Male,2005,Toyota,Tacoma,Ventura,California,93005,US,34.0324,-119.1343,63358,"Harris, Schaden and Lueilwitz",05/03/2022
805,Westbrooke,Bau,wbaumc@constantcontact.com,Male,1993,Suzuki,Samurai,Montgomery,Alabama,36125,US,32.2334,-86.2085,52689,Carroll-Purdy,08/03/2022
806,Colver,Lovick,clovickmd@google.co.jp,Male,2003,Mercury,Sable,Loretto,Minnesota,55598,US,45.0159,-93.4719,98956,Carter-West,05/06/2024
807,Rebe,MacGibbon,rmacgibbonme@dion.ne.jp,Female,1992,Chevrolet,Cavalier,Louisville,Kentucky,40233,US,38.189,-85.6768,65808,Braun LLC,08/05/2025
808,Annabal,Burnand,aburnandmf@ovh.net,Female,1992,Cadillac,Seville,Shreveport,Louisiana,71137,US,32.6076,-93.7526,72144,"Haag, Ritchie and Wisozk",10/18/2023
809,Karina,Turle,kturlemg@hc360.com,Female,2006,Pontiac,Daewoo Kalos,Macon,Georgia,31296,US,32.8067,-83.6913,86819,Hickle Group,08/02/2025
810,Valaria,Mayfield,vmayfieldmh@un.org,Genderqueer,2010,BMW,X6,Spring Hill,Florida,34611,US,28.5642,-82.4165,59830,Altenwerth-Kovacek,02/09/2023
811,Lyda,Harp,lharpmi@bloomberg.com,Female,2013,Toyota,Land Cruiser,Raleigh,North Carolina,27605,US,35.7908,-78.653,64626,Stracke Group,09/25/2025
812,Nicoli,Cousin,ncousinmj@feedburner.com,Female,2005,Pontiac,Vibe,Miami,Florida,33142,US,25.813,-80.232,53168,"Hahn, Rath and Mueller",12/17/2024
813,Gussie,Pendergast,gpendergastmk@surveymonkey.com,Female,2002,Ford,F350,Mount Vernon,New York,10557,US,41.119,-73.733,56282,Rosenbaum Inc,05/03/2024
814,Gard,Ramshaw,gramshawml@hatena.ne.jp,Male,1999,GMC,Safari,New Haven,Connecticut,06538,US,41.3657,-72.9275,32453,West Group,03/06/2023
815,Savina,Snowman,ssnowmanmm@sun.com,Female,1993,Ford,Taurus,Chattanooga,Tennessee,37405,US,35.0768,-85.3082,37911,Veum-Haley,10/30/2023
816,Babara,McIlwrath,bmcilwrathmn@geocities.jp,Female,1993,Toyota,Paseo,Houston,Texas,77065,US,29.9319,-95.6106,80747,Schulist Inc,12/03/2023
817,Terrance,Rowena,trowenamo@ebay.co.uk,Male,1993,Mazda,B-Series,Dallas,Texas,75260,US,32.7673,-96.7776,81202,"Strosin, Nolan and Dooley",04/07/2022
818,Beverlee,Pohls,bpohlsmp@epa.gov,Female,2012,Hyundai,Genesis,Mobile,Alabama,36670,US,30.6589,-88.178,33006,Stroman-Reinger,06/25/2023
819,Sonja,Gainor,sgainormq@ezinearticles.com,Female,2006,BMW,325,Billings,Montana,59112,US,45.9783,-108.1945,48265,Balistreri-Kohler,12/27/2023
820,Rodger,Eva,revamr@163.com,Male,1992,Chevrolet,G-Series G20,Canton,Ohio,44705,US,40.8259,-81.3399,61247,Hand-Rogahn,07/08/2025
821,Morrie,Ellingham,mellinghamms@examiner.com,Male,2004,Mercedes-Benz,G-Class,Wichita,Kansas,67230,US,37.6808,-97.1558,58297,Nikolaus-Simonis,08/27/2025
822,Donny,McKenny,dmckennymt@reference.com,Female,2009,GMC,Savana,New York City,New York,10090,US,40.7808,-73.9772,81923,Osinski-Schamberger,01/05/2023
823,Raymond,Allderidge,rallderidgemu@comcast.net,Male,1987,Subaru,Justy,Cincinnati,Ohio,45254,US,39.1668,-84.5382,31358,"Bogisich, Schoen and Murazik",06/20/2023
824,Hadlee,Pretsel,hpretselmv@eventbrite.com,Male,1996,Lexus,ES,Chattanooga,Tennessee,37410,US,35.0018,-85.3138,43407,Cassin Inc,03/01/2025
825,Vernor,Picard,vpicardmw@pinterest.com,Genderqueer,1994,GMC,Yukon,Naples,Florida,33963,US,26.2626,-81.8071,44138,"Bradtke, McCullough and Effertz",03/25/2024
826,Cherise,Swinford,cswinfordmx@auda.org.au,Female,1991,Volkswagen,Cabriolet,Huntsville,Alabama,35895,US,34.734,-86.5229,49399,"Littel, Quitzon and Vandervort",09/27/2024
827,Hedi,Schenfisch,hschenfischmy@drupal.org,Female,1993,Dodge,D150,Mountain View,California,94042,US,37.1894,-121.7053,48833,Metz LLC,12/22/2025
828,Gabbi,Shawcroft,gshawcroftmz@e-recht24.de,Female,2001,Dodge,Stratus,San Diego,California,92170,US,33.0169,-116.846,35412,Kemmer-Cormier,07/21/2025
829,Lyndy,Abramson,labramsonn0@dot.gov,Female,2001,Mazda,Millenia,New York City,New York,10270,US,40.7069,-74.0082,97460,"Deckow, Gulgowski and Effertz",12/19/2023
830,Marchall,Chipps,mchippsn1@biglobe.ne.jp,Male,2004,Hyundai,Elantra,Boston,Massachusetts,02283,US,42.3389,-70.9196,70820,Luettgen-Auer,06/04/2025
831,Lianne,Radki,lradkin2@homestead.com,Female,1996,Chevrolet,Corsica,Charlotte,North Carolina,28263,US,35.2268,-80.8432,75473,Hickle-Effertz,03/16/2022
832,Felicio,Mateev,fmateevn3@go.com,Male,2000,Mazda,MX-5,Minneapolis,Minnesota,55402,US,44.9762,-93.2759,84711,"Shanahan, Kovacek and Frami",03/06/2023
833,Rollins,Pickle,rpicklen4@typepad.com,Male,1996,Acura,Integra,Charlotte,North Carolina,28263,US,35.2268,-80.8432,30304,Rice Group,07/25/2025
834,Darya,Whatman,dwhatmann5@icio.us,Female,1992,Mitsubishi,RVR,Lafayette,Indiana,47905,US,40.4001,-86.8602,61345,Kautzer Inc,05/01/2024
835,Quinn,Attenborrow,qattenborrown6@washingtonpost.com,Non-binary,1994,Mitsubishi,Mighty Max Macro,Tulsa,Oklahoma,74116,US,36.175,-95.8477,71588,"Spinka, Walter and Kuphal",07/17/2024
836,Marsha,Liell,mlielln7@timesonline.co.uk,Female,2008,Infiniti,QX,Erie,Pennsylvania,16505,US,42.1109,-80.1534,74032,"Leannon, Bednar and Ullrich",03/06/2024
837,Shani,Naughton,snaughtonn8@example.com,Female,2006,Isuzu,i-280,Santa Fe,New Mexico,87505,US,35.6219,-105.8688,46847,"Wyman, Lemke and Bogan",11/13/2022
838,Rabi,Holborn,rholbornn9@twitter.com,Male,1985,Ford,Thunderbird,Fort Smith,Arkansas,72905,US,35.191,-94.2382,86895,"Okuneva, Lebsack and Beier",05/31/2023
839,Dorothea,Byllam,dbyllamna@sbwire.com,Female,1993,GMC,Vandura 3500,Washington,District of Columbia,20051,US,38.8933,-77.0146,84259,"Grimes, Corwin and Ebert",05/21/2022
840,Luella,Van den Broek,lvandenbroeknb@utexas.edu,Female,2011,Dodge,Durango,Salt Lake City,Utah,84189,US,40.6681,-111.9083,63011,Schoen LLC,05/26/2023
841,Cobby,Goomes,cgoomesnc@who.int,Male,1993,Land Rover,Defender 110,Houston,Texas,77030,US,29.7041,-95.401,56712,"Pacocha, Jakubowski and Goyette",03/11/2023
842,Korey,Reeman,kreemannd@purevolume.com,Male,2003,Chrysler,300M,Charleston,West Virginia,25331,US,38.2968,-81.5547,50570,"Konopelski, Swaniawski and Tromp",12/04/2024
843,Melli,Skyme,mskymene@comcast.net,Female,2006,Mercedes-Benz,M-Class,Washington,District of Columbia,20456,US,38.8981,-77.0401,80719,"Paucek, Herzog and Mayer",04/15/2023
844,Zorina,Gawler,zgawlernf@addthis.com,Female,2006,Acura,MDX,Kalamazoo,Michigan,49006,US,42.2922,-85.633,66584,"Huels, Hayes and Cummerata",11/16/2024
845,Galvan,OIlier,goilierng@cbsnews.com,Male,2005,Infiniti,FX,Cincinnati,Ohio,45271,US,39.1668,-84.5382,81255,"Rohan, Gulgowski and Glover",06/10/2025
846,Arturo,Andover,aandovernh@usnews.com,Male,2000,Land Rover,Discovery Series II,Pueblo,Colorado,81015,US,38.1286,-104.5523,35225,Abernathy-Russel,08/24/2025
847,Thea,Kyneton,tkynetonni@bbc.co.uk,Female,2000,Chevrolet,Express 3500,Oklahoma City,Oklahoma,73179,US,35.4242,-97.6547,61336,"Hahn, Conroy and Schultz",12/09/2025
848,Jessalyn,Gobel,jgobelnj@ehow.com,Female,2010,Jaguar,XJ,Des Moines,Iowa,50936,US,41.6727,-93.5722,33839,"Dach, Osinski and Lubowitz",03/13/2025
849,Alec,Han,ahannk@wikispaces.com,Male,2006,GMC,Sierra Denali,El Paso,Texas,88589,US,31.6948,-106.3,59412,"Gusikowski, Morissette and Effertz",10/06/2025
850,Franciskus,Goane,fgoanenl@google.pl,Male,1999,Volvo,S80,Houston,Texas,77090,US,30.0167,-95.447,47993,Cruickshank and Sons,08/08/2023
851,Hakeem,Pally,hpallynm@simplemachines.org,Male,2012,Aston Martin,DB9,New York City,New York,10004,US,40.6964,-74.0253,86962,Boyer-Weissnat,06/03/2025
852,Cindee,Wermerling,cwermerlingnn@wired.com,Female,2007,Cadillac,Escalade EXT,New Orleans,Louisiana,70129,US,30.0877,-89.8462,70047,"Lakin, West and Lindgren",11/27/2025
853,Adlai,Sheehy,asheehyno@scribd.com,Male,2006,Jaguar,XK,Stockton,California,95205,US,37.9625,-121.2624,31773,"Von, Grimes and Runte",09/04/2025
854,Kalila,Kubek,kkubeknp@blinklist.com,Bigender,1984,Mazda,GLC,Bradenton,Florida,34210,US,27.4544,-82.6358,45910,"Grady, Huels and Schimmel",08/04/2025
855,Lezley,Burg,lburgnq@google.de,Male,1997,Ford,Probe,Milwaukee,Wisconsin,53210,US,43.0685,-87.9715,34148,Dare-Glover,08/21/2023
856,Laurence,Massen,lmassennr@goo.gl,Agender,1971,Ford,Mustang,Washington,District of Columbia,20575,US,38.8933,-77.0146,47173,"Wolf, Jast and Lynch",03/13/2025
857,Kilian,Jacobowits,kjacobowitsns@npr.org,Male,2009,Volvo,S40,Fort Myers,Florida,33994,US,26.5529,-81.9486,98169,Boyle-Pacocha,03/29/2024
858,Trudy,Skippon,tskipponnt@mit.edu,Female,2001,Chevrolet,Monte Carlo,Wilmington,Delaware,19886,US,39.5645,-75.597,58751,Walter Group,12/01/2025
859,Camile,Yoseloff,cyoseloffnu@prnewswire.com,Female,2011,Mercedes-Benz,SL-Class,Los Angeles,California,90065,US,34.1073,-118.2266,97448,Kassulke Inc,06/16/2024
860,Kamillah,O' Dornan,kodornannv@icq.com,Female,1993,Plymouth,Laser,Mobile,Alabama,36628,US,30.6589,-88.178,61041,Kreiger-Sawayn,03/31/2022
861,Olly,Grishenkov,ogrishenkovnw@zdnet.com,Male,1987,Saab,900,Long Beach,California,90810,US,33.8193,-118.2325,34282,Schinner Group,11/07/2025
862,May,McBean,mmcbeannx@desdev.cn,Female,1987,Mercedes-Benz,E-Class,Anchorage,Alaska,99517,US,61.1901,-149.9361,75061,"Ritchie, Macejkovic and Baumbach",11/07/2022
863,Hillery,Richardt,hrichardtny@vk.com,Male,1990,Buick,Riviera,Austin,Texas,78715,US,30.4501,-97.4865,89929,"Heidenreich, Hane and Friesen",09/08/2023
864,Willy,Crilley,wcrilleynz@xing.com,Male,2010,Volkswagen,Routan,North Port,Florida,34290,US,27.0459,-82.2491,45683,"Cassin, Bergstrom and Wehner",04/07/2023
865,Zach,Blakeway,zblakewayo0@sogou.com,Male,2006,Toyota,Sienna,San Francisco,California,94126,US,37.7848,-122.7278,39355,Blick-Padberg,04/16/2023
866,Randi,Lambregts,rlambregtso1@hexun.com,Female,2000,Mitsubishi,Montero,Houston,Texas,77201,US,29.834,-95.4342,52012,Emard Inc,03/17/2024
867,Ernest,Fencott,efencotto2@instagram.com,Agender,1987,Audi,5000S,Saint Louis,Missouri,63150,US,38.6531,-90.2435,84779,Carter Inc,03/17/2024
868,Barde,Cannell,bcannello3@bbc.co.uk,Male,2010,Aptera,Type-1h,Glendale,Arizona,85311,US,33.2765,-112.1872,45758,Jaskolski Group,08/19/2023
869,Edgard,Alexis,ealexiso4@sphinn.com,Male,2006,Toyota,Prius,North Port,Florida,34290,US,27.0459,-82.2491,36904,Crist LLC,08/27/2022
870,Rod,Semper,rsempero5@dmoz.org,Male,1996,Ford,Contour,Louisville,Kentucky,40287,US,38.189,-85.6768,82503,Lueilwitz-Wehner,01/12/2025
871,Calhoun,Belderson,cbeldersono6@homestead.com,Non-binary,1999,Isuzu,Trooper,Kalamazoo,Michigan,49006,US,42.2922,-85.633,34904,Baumbach Group,11/13/2022
872,Kelsi,Clappison,kclappisono7@sina.com.cn,Female,2007,Lexus,IS,Memphis,Tennessee,38168,US,35.2017,-89.9715,65715,Pouros Group,04/07/2023
873,Averyl,Hosburn,ahosburno8@tamu.edu,Female,1996,Nissan,Maxima,Columbus,Ohio,43220,US,40.0495,-83.0669,73732,"Stracke, Mills and Hilpert",02/07/2025
874,Wells,Farncombe,wfarncombeo9@yellowbook.com,Male,2003,Ford,E-Series,Frankfort,Kentucky,40618,US,38.2341,-84.8748,55301,"Wolf, O'Hara and Koelpin",04/30/2023
875,Margaret,Grisdale,mgrisdaleoa@mozilla.org,Female,2002,Nissan,Sentra,Hicksville,New York,11854,US,40.7548,-73.6018,82178,Monahan Group,02/03/2022
876,Olivie,Gauden,ogaudenob@macromedia.com,Female,1996,Mazda,Millenia,Garden Grove,California,92645,US,33.783,-118.0256,85392,"Macejkovic, Jakubowski and Schimmel",05/31/2023
877,Athene,Duce,aduceoc@creativecommons.org,Female,2007,Jeep,Compass,Mountain View,California,94042,US,37.1894,-121.7053,80457,"Schiller, Murphy and Heathcote",05/23/2023
878,Gabriello,Sabbins,gsabbinsod@cnet.com,Male,2005,Dodge,Stratus,San Jose,California,95118,US,37.2568,-121.8896,46611,Emard-Thompson,06/15/2025
879,Valaria,Cuberley,vcuberleyoe@privacy.gov.au,Female,2003,Jeep,Grand Cherokee,Anaheim,California,92825,US,33.8356,-117.9132,34493,"Barrows, Stamm and Kuvalis",02/15/2025
880,Lorry,Rounds,lroundsof@dion.ne.jp,Male,2012,Ram,2500,Lynn,Massachusetts,01905,US,42.4694,-70.9728,89575,"Donnelly, Champlin and Schulist",03/24/2025
881,Kermie,Quinton,kquintonog@exblog.jp,Male,1992,Dodge,Shadow,Tampa,Florida,33615,US,28.0081,-82.5805,51173,Lynch-Kshlerin,12/29/2022
882,Lawry,Sloan,lsloanoh@moonfruit.com,Male,1999,Toyota,Camry,Anchorage,Alaska,99507,US,61.1535,-149.8289,86007,Stamm-Schamberger,06/24/2023
883,Keen,Beddo,kbeddooi@symantec.com,Male,2001,GMC,Sierra 1500,Washington,District of Columbia,20392,US,38.8933,-77.0146,47201,"Sporer, Grady and Heidenreich",11/09/2023
884,Sosanna,Thredder,sthredderoj@mit.edu,Female,2005,Lexus,IS,New York City,New York,10120,US,40.7506,-73.9894,93711,Hand-Beer,08/15/2025
885,Walton,Coley,wcoleyok@photobucket.com,Male,1992,Chevrolet,S10,El Paso,Texas,79916,US,31.7444,-106.2879,47039,Stiedemann-Volkman,05/20/2022
886,Cart,Heskey,cheskeyol@howstuffworks.com,Male,1998,Lincoln,Town Car,Pensacola,Florida,32526,US,30.4756,-87.3179,67970,Beatty and Sons,05/24/2025
887,Thatch,Philpotts,tphilpottsom@home.pl,Male,2010,Infiniti,G37,Scranton,Pennsylvania,18505,US,41.3914,-75.6657,42247,Koch and Sons,01/01/2024
888,Mohandas,Ladbrooke,mladbrookeon@adobe.com,Non-binary,1993,Dodge,Stealth,Brooklyn,New York,11231,US,40.6794,-74.0014,56834,"Lindgren, Trantow and Crooks",08/26/2024
889,Shanon,Durkin,sdurkinoo@stumbleupon.com,Female,1998,Volkswagen,Passat,Albuquerque,New Mexico,87140,US,35.0443,-106.6729,34682,Rau Group,11/05/2025
890,Georgianne,Kennford,gkennfordop@google.fr,Female,2007,Suzuki,Daewoo Lacetti,Pompano Beach,Florida,33064,US,26.2785,-80.1157,79725,Funk Inc,10/11/2022
891,Juliane,Boxhall,jboxhalloq@about.me,Female,2009,Chevrolet,Express 3500,Chattanooga,Tennessee,37450,US,35.2211,-85.2091,98876,Sporer Group,02/19/2022
892,Garek,Gallimore,ggallimoreor@pagesperso-orange.fr,Male,1994,Mazda,Protege,Corpus Christi,Texas,78465,US,27.777,-97.4632,56727,Fritsch-Barrows,12/14/2023
893,Nita,Troni,ntronios@51.la,Female,2010,Volkswagen,GTI,London,Kentucky,40745,US,37.1376,-84.1156,34495,"Moore, Goodwin and Mraz",08/19/2025
894,Darcy,Petraitis,dpetraitisot@java.com,Male,1987,Subaru,Justy,Oklahoma City,Oklahoma,73142,US,35.599,-97.6251,55853,Marvin and Sons,09/07/2024
895,Pavla,Crapper,pcrapperou@msn.com,Female,1996,Mercury,Cougar,Atlanta,Georgia,30316,US,33.7217,-84.3339,82932,Jacobs-Schmeler,05/12/2025
896,Rowe,Drohun,rdrohunov@microsoft.com,Female,1959,Austin,Mini,Sandy,Utah,84093,US,40.5927,-111.831,55701,"Trantow, Schaefer and Cronin",09/16/2024
897,Kiel,Frances,kfrancesow@sun.com,Male,2007,Mitsubishi,Lancer,New York City,New York,10120,US,40.7506,-73.9894,43152,"Raynor, Hodkiewicz and Monahan",02/15/2022
898,Thoma,Senner,tsennerox@tuttocitta.it,Male,2007,Kia,Rondo,Lincoln,Nebraska,68583,US,40.7845,-96.6888,68400,Doyle Group,04/05/2023
899,Morris,Russen,mrussenoy@feedburner.com,Male,2009,GMC,Yukon XL 1500,Houston,Texas,77206,US,29.834,-95.4342,42381,Ritchie and Sons,05/15/2024
900,Clemmie,Alabaster,calabasteroz@dmoz.org,Bigender,2007,Audi,A4,Dayton,Ohio,45408,US,39.7395,-84.229,77652,Pollich-Little,05/19/2024
901,Dallas,Davitashvili,ddavitashvilip0@opera.com,Female,1995,Hyundai,Scoupe,Des Moines,Iowa,50310,US,41.6255,-93.6736,86022,"Mitchell, Volkman and Tromp",01/09/2023
902,Noach,Tucknutt,ntucknuttp1@drupal.org,Male,2005,BMW,645,Wilkes Barre,Pennsylvania,18763,US,41.2722,-75.8801,94736,"Boyer, Stracke and D'Amore",08/28/2025
903,Adam,Staniland,astanilandp2@google.com.au,Male,1988,Mazda,929,Charleston,South Carolina,29424,US,32.7831,-79.937,79414,Schuster and Sons,12/28/2023
904,Kristo,Brash,kbrashp3@smh.com.au,Male,1997,Ford,Club Wagon,Brooklyn,New York,11236,US,40.6407,-73.9028,49067,"Connelly, Orn and Harris",10/22/2022
905,Vasili,Fullegar,vfullegarp4@illinois.edu,Male,2001,Cadillac,Seville,Corpus Christi,Texas,78410,US,27.8458,-97.596,41852,Schmeler-Schultz,05/09/2023
906,Vince,Baptie,vbaptiep5@icio.us,Agender,2002,BMW,M3,Harrisburg,Pennsylvania,17121,US,40.2944,-76.8938,66898,Bauch-Schaefer,12/31/2023
907,Shaun,Stannis,sstannisp6@so-net.ne.jp,Female,2007,Land Rover,Discovery,Tyler,Texas,75710,US,32.3475,-95.3065,60235,"Satterfield, Rau and Dare",04/01/2024
908,Mil,Elsworth,melsworthp7@ovh.net,Female,2003,Ford,ZX2,Texarkana,Texas,75507,US,33.3934,-94.3404,86760,Franecki and Sons,12/09/2022
909,Tulley,Jeans,tjeansp8@tuttocitta.it,Male,1996,Jeep,Cherokee,Corpus Christi,Texas,78405,US,27.7762,-97.4271,38575,"Rolfson, Feeney and Medhurst",06/02/2023
910,Sharia,Leaver,sleaverp9@amazon.co.jp,Female,2005,Dodge,Viper,Augusta,Georgia,30919,US,33.386,-82.091,65222,VonRueden-Dietrich,05/15/2024
911,Robenia,Mathissen,rmathissenpa@telegraph.co.uk,Female,1999,Dodge,Charger,Englewood,Colorado,80150,US,39.7388,-104.4083,94664,"Baumbach, Kozey and Predovic",03/11/2023
912,Earlie,Shory,eshorypb@aboutads.info,Male,1995,Suzuki,SJ,Hampton,Virginia,23668,US,37.0206,-76.3377,91252,"Tremblay, Funk and Schamberger",12/28/2025
913,Nappy,Skelly,nskellypc@webnode.com,Male,2009,Ford,Explorer,Long Beach,California,90805,US,33.8635,-118.1801,56147,"Emmerich, Gleichner and Bayer",03/22/2023
914,Franny,Lampbrecht,flampbrechtpd@blogtalkradio.com,Agender,2007,Chevrolet,Malibu,Tulsa,Oklahoma,74126,US,36.2383,-95.9931,61457,Pollich Group,01/30/2023
915,Levey,Benedite,lbeneditepe@zdnet.com,Male,2000,Dodge,Grand Caravan,Birmingham,Alabama,35244,US,33.3538,-86.8254,59208,Dickinson Group,08/14/2023
916,Cindra,Clemenzo,cclemenzopf@latimes.com,Female,2008,Ford,E350,Sacramento,California,95823,US,38.4797,-121.4438,96743,"Pfannerstill, Thompson and Blanda",08/20/2024
917,Louella,Concklin,lconcklinpg@nba.com,Female,2006,Dodge,Sprinter,Atlanta,Georgia,30336,US,33.7406,-84.5545,52045,"Treutel, Strosin and Quitzon",10/29/2025
918,Suzanna,Camous,scamousph@paginegialle.it,Female,2003,Volkswagen,Eurovan,Houston,Texas,77276,US,29.7575,-95.3668,77311,Donnelly-Fadel,11/16/2022
919,Doll,Kinneir,dkinneirpi@people.com.cn,Female,2010,Mercedes-Benz,S-Class,Riverside,California,92505,US,33.9228,-117.4867,34000,"MacGyver, Heller and Sipes",02/17/2025
920,Janot,Dahler,jdahlerpj@bloglines.com,Female,2009,Saturn,Astra,Bozeman,Montana,59771,US,45.7246,-111.1238,50104,Wolf-Torp,08/06/2024
921,Miner,Padbery,mpadberypk@cyberchimps.com,Male,2010,Cadillac,Escalade,Irvine,California,92619,US,33.6706,-117.7645,71207,Bins-Goodwin,05/22/2025
922,Packston,Skene,pskenepl@geocities.jp,Male,2009,Mitsubishi,Endeavor,Washington,District of Columbia,20370,US,38.8933,-77.0146,57904,Langosh-Shields,06/13/2025
923,Cos,Parkin,cparkinpm@canalblog.com,Male,2011,Porsche,Panamera,Charlotte,North Carolina,28299,US,35.26,-80.8042,84804,Jast Inc,04/16/2023
924,Ky,Redington,kredingtonpn@moonfruit.com,Male,2010,Land Rover,Freelander,Albany,Georgia,31704,US,31.55,-84.0612,93185,Carroll-Leannon,12/11/2023
925,Kendal,Alentyev,kalentyevpo@chronoengine.com,Male,2006,Ford,Thunderbird,Spartanburg,South Carolina,29305,US,35.1114,-82.1055,98801,Purdy-White,11/18/2024
926,Welsh,Durrans,wdurranspp@washington.edu,Male,2012,Mercedes-Benz,S-Class,Newark,New Jersey,07195,US,40.7918,-74.2452,80902,"Reinger, Lueilwitz and McKenzie",09/12/2025
927,Tadeo,Templman,ttemplmanpq@devhub.com,Male,1987,Lotus,Esprit,Sacramento,California,94286,US,38.3774,-121.4444,31213,"Bogisich, Gerlach and Wisozk",05/23/2023
928,Vaughn,Gurry,vgurrypr@booking.com,Male,2009,Maybach,57,Atlanta,Georgia,30336,US,33.7406,-84.5545,41803,Hettinger Group,07/30/2022
929,Adrian,Pesek,apesekps@usa.gov,Male,2000,Chevrolet,Metro,Odessa,Texas,79769,US,31.7466,-102.567,82821,"Lueilwitz, Johns and Lakin",06/16/2025
930,Tait,Sorensen,tsorensenpt@lulu.com,Male,1988,Honda,Civic,Carlsbad,California,92013,US,33.0169,-116.846,43154,"Kuhn, Kemmer and Tremblay",09/20/2025
931,Neil,Quinn,nquinnpu@economist.com,Male,1988,Mercedes-Benz,E-Class,Washington,District of Columbia,20036,US,38.9087,-77.0414,75968,Zemlak-Watsica,12/15/2022
932,Vasilis,Heffron,vheffronpv@utexas.edu,Male,1999,Oldsmobile,Alero,Houston,Texas,77212,US,29.834,-95.4342,89000,"Ratke, Kemmer and Mills",12/29/2025
933,Lockwood,Wallen,lwallenpw@ovh.net,Male,1995,Mercury,Sable,Indianapolis,Indiana,46266,US,39.7795,-86.1328,64713,Harvey-Beier,10/07/2024
934,Honey,Hawkshaw,hhawkshawpx@mediafire.com,Female,1992,Hyundai,Excel,Mobile,Alabama,36616,US,30.671,-88.1267,56866,Goodwin and Sons,07/22/2025
935,Kit,Jurisch,kjurischpy@theguardian.com,Male,2000,Land Rover,Discovery,Lynchburg,Virginia,24515,US,37.4009,-79.1785,97178,Tromp Inc,05/16/2024
936,Abey,Leward,alewardpz@artisteer.com,Male,2005,BMW,M3,Las Vegas,Nevada,89178,US,35.9977,-115.2861,59169,Rohan-Green,11/28/2025
937,Sigismond,Pendlebury,spendleburyq0@meetup.com,Male,1995,Hummer,H1,Minneapolis,Minnesota,55407,US,44.9378,-93.2545,40018,"Rippin, Miller and Howell",04/20/2024
938,Lily,Stilldale,lstilldaleq1@clickbank.net,Bigender,1996,Kia,Sportage,Las Vegas,Nevada,89145,US,36.1693,-115.2828,79459,Becker-Berge,06/07/2025
939,Fidole,Bladesmith,fbladesmithq2@sohu.com,Male,2012,Chevrolet,Cruze,Bakersfield,California,93399,US,35.4369,-119.0679,49742,"Jones, Glover and Ruecker",09/15/2024
940,Arny,Berkowitz,aberkowitzq3@deviantart.com,Male,1996,Toyota,Tacoma Xtra,Saint Petersburg,Florida,33710,US,27.7898,-82.7243,33087,"Fisher, Pouros and Legros",06/28/2022
941,Morse,Axtonne,maxtonneq4@timesonline.co.uk,Male,1998,Isuzu,Oasis,Bellevue,Washington,98008,US,47.6115,-122.1162,35818,Jast Inc,03/15/2025
942,Lind,Crippill,lcrippillq5@php.net,Female,2001,Mazda,Protege,Long Beach,California,90847,US,33.7866,-118.2987,74861,Ebert Inc,09/08/2025
943,Diena,Nan Carrow,dnancarrowq6@army.mil,Non-binary,2005,Subaru,Legacy,Lincoln,Nebraska,68531,US,40.9008,-96.7201,94786,"Welch, Collier and Jones",03/09/2022
944,Iorgo,Sate,isateq7@blog.com,Male,2007,Mercedes-Benz,CLS-Class,Evansville,Indiana,47747,US,37.9971,-87.575,79252,"Williamson, Graham and Lockman",10/24/2025
945,Aguistin,Duran,aduranq8@jiathis.com,Male,2003,Dodge,Ram 1500,Montgomery,Alabama,36177,US,32.2334,-86.2085,71255,Price-Skiles,09/08/2024
946,Scotty,Patemore,spatemoreq9@jugem.jp,Male,2010,Mercedes-Benz,GL-Class,Houston,Texas,77281,US,29.834,-95.4342,44805,"Lemke, Hermann and Prohaska",02/07/2022
947,Ryan,Moine,rmoineqa@google.nl,Male,1998,Toyota,4Runner,Norfolk,Virginia,23504,US,36.8586,-76.2686,48812,Kshlerin-Ritchie,09/11/2022
948,Amargo,Weatherley,aweatherleyqb@friendfeed.com,Genderfluid,2011,Ram,1500,Independence,Missouri,64054,US,39.11,-94.4401,36875,Shields-Bashirian,05/03/2022
949,Dorolice,Hilbourne,dhilbourneqc@apple.com,Female,2010,Chevrolet,Silverado 1500,Fort Worth,Texas,76147,US,32.7714,-97.2915,75739,Schowalter LLC,05/19/2022
950,Nevsa,McGreay,nmcgreayqd@nature.com,Female,2003,Jaguar,X-Type,Richmond,Virginia,23242,US,37.5313,-77.4161,62614,Hammes and Sons,08/02/2025
951,Dickie,Granger,dgrangerqe@msn.com,Male,1987,Audi,5000S,Arlington,Virginia,22225,US,38.8808,-77.113,41507,Kshlerin Group,11/25/2023
952,Selestina,Drinan,sdrinanqf@netscape.com,Genderfluid,1985,Ford,LTD Crown Victoria,Beaumont,Texas,77713,US,30.085,-94.2607,55879,Becker-Senger,11/14/2025
953,Thom,Jakubovics,tjakubovicsqg@answers.com,Male,2006,Hummer,H2 SUV,Huntington Beach,California,92648,US,33.6773,-118.0051,37332,Haag Group,01/09/2023
954,Jayme,Clayworth,jclayworthqh@topsy.com,Male,1998,Infiniti,I,Paterson,New Jersey,07544,US,41.0114,-74.3048,91542,Abernathy-Hahn,01/04/2023
955,Vinnie,Greenhalf,vgreenhalfqi@bing.com,Female,2008,Bentley,Continental Flying Spur,Denver,Colorado,80209,US,39.7074,-104.9686,71164,Roberts and Sons,02/06/2025
956,Averil,Corns,acornsqj@loc.gov,Male,2007,Dodge,Grand Caravan,Arlington,Texas,76004,US,32.7714,-97.2915,53207,"Von, Farrell and Lind",02/08/2023
957,Linn,Lind,llindqk@nifty.com,Male,2006,Ferrari,F430 Spider,Tulsa,Oklahoma,74184,US,36.1398,-96.0297,67132,Feest-Braun,04/22/2025
958,Jeromy,Stickney,jstickneyql@si.edu,Male,1990,Ford,Bronco II,Jackson,Mississippi,39204,US,32.2832,-90.2306,78335,"Kling, Conroy and Lemke",09/24/2025
959,Antoine,Cowden,acowdenqm@lulu.com,Male,2005,Chevrolet,Equinox,Saint Louis,Missouri,63136,US,38.7196,-90.27,89210,Lesch-Cummerata,06/30/2024
960,Windham,Nutting,wnuttingqn@privacy.gov.au,Male,2007,Mercury,Monterey,Charleston,West Virginia,25326,US,38.2968,-81.5547,87796,Altenwerth-Rath,04/29/2023
961,Dorise,Stiffell,dstiffellqo@gizmodo.com,Female,1994,Dodge,Ram 3500,Lexington,Kentucky,40586,US,38.0283,-84.4715,87247,Ankunding-Robel,10/30/2024
962,Michele,Harlick,mharlickqp@cisco.com,Male,2006,Volvo,S80,Columbus,Ohio,43210,US,40.0028,-83.0164,86231,Christiansen-Rempel,06/30/2023
963,Dall,Newsham,dnewshamqq@fastcompany.com,Male,2004,Volvo,V70,Sacramento,California,94297,US,38.3774,-121.4444,37024,Stehr-Haag,12/15/2025
964,Mikkel,Handrik,mhandrikqr@patch.com,Male,1994,Chevrolet,Corvette,Duluth,Georgia,30096,US,33.9845,-84.1529,30095,Botsford-Keebler,02/28/2022
965,Paulie,Roggeman,proggemanqs@hc360.com,Male,1987,Lincoln,Continental,Oakland,California,94622,US,37.799,-122.2337,72546,"Walsh, DuBuque and Lynch",01/01/2023
966,Rochester,Stanistrete,rstanistreteqt@dell.com,Male,2012,Fiat,500,White Plains,New York,10606,US,41.0247,-73.7781,70421,"Bruen, Abbott and Witting",04/26/2022
967,Garvy,Meak,gmeakqu@studiopress.com,Male,2008,Chevrolet,Colorado,Milwaukee,Wisconsin,53220,US,42.9559,-87.9933,56791,"Hirthe, Waters and Grimes",12/19/2023
968,Ameline,Deare,adeareqv@digg.com,Female,1995,Pontiac,Grand Am,Norfolk,Virginia,23551,US,36.9312,-76.2397,48834,Johnson-Crist,05/28/2025
969,Ardelis,Backson,abacksonqw@opensource.org,Non-binary,2011,Maserati,GranTurismo,Portland,Oregon,97255,US,45.5806,-122.3748,64014,Ferry and Sons,05/30/2023
970,Ernesta,Saxby,esaxbyqx@vinaora.com,Female,2005,Maybach,57S,Fredericksburg,Virginia,22405,US,38.3365,-77.4366,90915,"Kihn, Bergnaum and Wolf",10/14/2024
971,Ahmed,Vevers,aveversqy@accuweather.com,Male,1995,Lexus,SC,Charlotte,North Carolina,28210,US,35.1316,-80.8577,48340,Reilly-Dare,02/09/2023
972,Jacinthe,Davey,jdaveyqz@csmonitor.com,Female,1991,Lotus,Esprit,Richmond,California,94807,US,37.7772,-121.9554,34255,Bernier-Gleichner,08/29/2024
973,Bamby,Breeze,bbreezer0@imgur.com,Female,2004,Chevrolet,Malibu,Crawfordsville,Indiana,47937,US,40.04,-86.8936,97055,Gleichner and Sons,04/11/2024
974,Cull,Brelsford,cbrelsfordr1@un.org,Male,1993,Subaru,Alcyone SVX,Columbus,Ohio,43268,US,39.969,-83.0114,48585,Sipes-Morissette,10/18/2025
975,Henderson,Pierri,hpierrir2@surveymonkey.com,Male,1998,GMC,Suburban 1500,Houston,Texas,77035,US,29.6518,-95.4854,44587,Koepp-Stehr,10/08/2022
976,Ailyn,Gilogly,agiloglyr3@home.pl,Female,2006,Mazda,RX-8,Atlanta,Georgia,30316,US,33.7217,-84.3339,83887,Bauch-Ryan,02/17/2025
977,Kinny,Pinder,kpinderr4@bigcartel.com,Male,1995,Dodge,Intrepid,Sacramento,California,94250,US,38.3774,-121.4444,72866,"Sipes, Upton and Price",02/11/2023
978,Hadrian,Synnot,hsynnotr5@buzzfeed.com,Male,1994,Volvo,960,Saint Paul,Minnesota,55108,US,44.9806,-93.1771,30915,"Murphy, McKenzie and Champlin",12/14/2022
979,Aindrea,O'Grogane,aogroganer6@prlog.org,Female,2011,Ram,1500,New Brunswick,New Jersey,08922,US,40.43,-74.4173,58980,"O'Reilly, Nienow and Conroy",01/30/2023
980,Danica,Newcome,dnewcomer7@123-reg.co.uk,Female,1987,Volkswagen,Passat,Anchorage,Alaska,99507,US,61.1535,-149.8289,64149,"Nienow, Torp and Skiles",03/07/2022
981,Rodge,Sides,rsidesr8@goodreads.com,Male,2002,Ford,Econoline E250,Knoxville,Tennessee,37919,US,35.9244,-84.0015,35867,Haley-Leuschke,09/17/2024
982,Lev,Pinching,lpinchingr9@indiatimes.com,Male,1991,Lexus,LS,Columbia,Missouri,65218,US,38.9033,-92.1022,84945,"Morissette, Cassin and Abshire",09/25/2024
983,Melli,Tollerfield,mtollerfieldra@nymag.com,Female,2001,Lincoln,LS,Dallas,Texas,75387,US,32.7673,-96.7776,68787,Rodriguez-Smitham,02/05/2024
984,Luciano,Cartmael,lcartmaelrb@nature.com,Male,2001,Volvo,V40,Boca Raton,Florida,33432,US,26.3462,-80.0844,63130,"Davis, Boyer and Lowe",04/15/2023
985,Francklin,Straniero,fstranierorc@yolasite.com,Male,1955,Chevrolet,Corvette,Louisville,Kentucky,40220,US,38.2149,-85.6245,53705,Stiedemann and Sons,08/10/2024
986,Fae,Glaserman,fglasermanrd@histats.com,Female,2002,Maserati,Spyder,Gainesville,Florida,32605,US,29.6785,-82.3679,78027,Runolfsson-Jacobs,09/27/2025
987,Kimberlyn,Setter,ksetterre@yandex.ru,Female,2011,Chevrolet,Malibu,Augusta,Georgia,30905,US,33.413,-82.1337,51852,"Beatty, Kuphal and Pfannerstill",05/16/2024
988,Marcellina,Pinnock,mpinnockrf@cloudflare.com,Female,1992,Cadillac,DeVille,Irvine,California,92619,US,33.6706,-117.7645,96655,Swaniawski Group,05/18/2022
989,Lucas,Wagnerin,lwagnerinrg@com.com,Male,2003,Kia,Spectra,Biloxi,Mississippi,39534,US,30.4067,-88.9211,88294,"Hegmann, Cole and Schoen",09/08/2025
990,Elysia,Ateggart,eateggartrh@washingtonpost.com,Female,1990,Ford,Mustang,Pittsburgh,Pennsylvania,15274,US,40.4344,-80.0248,43269,Schimmel-Kemmer,12/18/2025
991,Kaitlynn,Camell,kcamellri@youtube.com,Female,2005,Ford,F150,Greeley,Colorado,80638,US,40.5009,-104.315,45935,Harber-Leannon,05/16/2024
992,Delilah,Gisborne,dgisbornerj@vk.com,Female,2010,Cadillac,Escalade ESV,Mc Keesport,Pennsylvania,15134,US,40.4344,-80.0248,32098,Anderson-Will,09/29/2022
993,Coral,Coggeshall,ccoggeshallrk@cpanel.net,Female,1967,Pontiac,Grand Prix,Little Rock,Arkansas,72231,US,34.8019,-92.1894,90764,Tillman-Fritsch,09/27/2023
994,Claybourne,Letten,clettenrl@ezinearticles.com,Male,2004,Mercedes-Benz,C-Class,Baltimore,Maryland,21275,US,39.2847,-76.6205,35998,Nicolas-Metz,03/09/2024
995,Ella,Joist,ejoistrm@twitter.com,Female,2005,Pontiac,Sunfire,Phoenix,Arizona,85072,US,33.2765,-112.1872,47505,"Parker, Abshire and Hilll",05/23/2023
996,Mabelle,Charters,mchartersrn@harvard.edu,Female,1997,Volkswagen,Eurovan,Colorado Springs,Colorado,80925,US,38.7378,-104.6459,74175,Wisoky LLC,03/07/2024
997,Hadley,Astill,hastillro@bbc.co.uk,Male,1997,Toyota,Land Cruiser,Grand Rapids,Michigan,49560,US,43.0314,-85.5503,75797,"Cruickshank, Gerlach and Keeling",03/10/2022
998,Clark,Basire,cbasirerp@elegantthemes.com,Male,1992,Geo,Prizm,Nashville,Tennessee,37240,US,36.1866,-86.7852,30872,Boyer Inc,11/09/2025
999,Lorettalorna,Jacqueme,ljacquemerq@unesco.org,Female,2004,GMC,Sierra 2500,Wichita,Kansas,67230,US,37.6808,-97.1558,49980,"Kuvalis, Batz and Veum",08/08/2024
1000,Brook,Hutson,bhutsonrr@mediafire.com,Male,1994,BMW,3 Series,Kansas City,Missouri,64179,US,39.035,-94.3567,91661,"Pfannerstill, Stamm and Macejkovic",05/23/2025
