id,firstName,lastName,email,gender,carYear,automobileMake,automobileModel,customerRegion,customerState,customerPostal,customerCountry_ISO2,customerRegionLatitude,ownerRegionLongitude,automobilePrice,customer,purchaseDate
1,Byrle,Kynaston,bkynaston0@google.nl,Male,2008,Honda,Civic,Columbus,Ohio,43226,US,39.969,-83.0114,57540,Hane and Sons,05/05/2022
2,Doro,Berresford,dberresford1@over-blog.com,Female,1998,Nissan,240SX,Sioux Falls,South Dakota,57110,US,43.5486,-96.6332,98336,Lakin Group,06/20/2023
3,Vevay,Beards,vbeards2@live.com,Female,2003,Hyundai,Sonata,Greensboro,North Carolina,27455,US,36.1824,-79.806,87883,Hirthe LLC,06/28/2023
4,Aguie,Pady,apady3@soup.io,Male,2012,Volkswagen,New Beetle,Athens,Georgia,30610,US,33.9443,-83.3891,39872,McKenzie Group,05/17/2025
5,Frayda,Coghlan,fcoghlan4@weebly.com,Female,1983,Honda,Accord,Shreveport,Louisiana,71130,US,32.6076,-93.7526,95779,Hills-Dietrich,06/15/2024
6,Wake,Bridgman,wbridgman5@va.gov,Male,2005,Mazda,MPV,Maple Plain,Minnesota,55572,US,45.0159,-93.4719,43765,"Jerde, Lebsack and Gislason",05/04/2024
7,Garnet,Ladley,gladley6@princeton.edu,Female,1998,Hyundai,Tiburon,Oklahoma City,Oklahoma,73147,US,35.5514,-97.4075,39932,Will Inc,06/24/2022
8,Tull,Franzettoini,tfranzettoini7@cnbc.com,Male,1994,Mazda,Protege,Dallas,Texas,75387,US,32.7673,-96.7776,38580,Turner Group,01/01/2023
9,Any,Triplett,atriplett8@t.co,Male,1990,Buick,Coachbuilder,Davenport,Iowa,52804,US,41.5386,-90.6115,49826,Hansen Group,12/09/2023
10,Brody,Abade,babade9@vistaprint.com,Male,1988,Volkswagen,Cabriolet,Waco,Texas,76796,US,31.5915,-97.0823,44952,Dare-Lang,12/17/2024
11,Akim,Bartol,abartola@macromedia.com,Male,2008,Chevrolet,Tahoe,Silver Spring,Maryland,20918,US,39.144,-77.2076,39162,Rippin Group,07/10/2022
12,Giles,Casacchia,gcasacchiab@china.com.cn,Male,1974,Chevrolet,Camaro,Huntington,West Virginia,25716,US,38.4134,-82.2774,35214,Wilkinson LLC,05/19/2024
13,Kyle,Mence,kmencec@imgur.com,Non-binary,2012,Chevrolet,Express 3500,New Orleans,Louisiana,70160,US,30.033,-89.8826,98245,"Walsh, Schmitt and Johnston",04/17/2023
14,Blanch,Perigeaux,bperigeauxd@geocities.com,Female,2012,Acura,ZDX,Boise,Idaho,83757,US,43.4599,-116.244,46988,"Blanda, Hirthe and Osinski",12/30/2025
15,Mauricio,Sopper,msoppere@odnoklassniki.ru,Male,2004,Mazda,MPV,Glendale,California,91205,US,34.1378,-118.2424,64162,Towne LLC,08/01/2025
16,Juana,Kiledal,jkiledalf@instagram.com,Female,1976,Plymouth,Volare,Las Vegas,Nevada,89115,US,36.2158,-115.0671,64155,"Weissnat, Krajcik and Boehm",12/16/2022
17,Meryl,Barkly,mbarklyg@usda.gov,Male,2002,Nissan,Frontier,Anchorage,Alaska,99507,US,61.1535,-149.8289,79515,Braun-Kerluke,09/24/2022
18,Clarisse,Girk,cgirkh@so-net.ne.jp,Female,2001,Volkswagen,Passat,Milwaukee,Wisconsin,53277,US,43.0389,-87.9024,48972,Keebler Inc,02/19/2024
19,Christian,De Francisci,cdefranciscii@theglobeandmail.com,Male,1992,Mitsubishi,Pajero,Dallas,Texas,75251,US,32.9189,-96.7751,80972,"Gutmann, Renner and Konopelski",03/11/2023
20,Corabel,Janoch,cjanochj@woothemes.com,Female,2004,Mercedes-Benz,M-Class,Minneapolis,Minnesota,55441,US,45.0058,-93.4193,40965,Quitzon-Homenick,09/16/2025
21,Cash,Fairchild,cfairchildk@msu.edu,Male,2010,Volkswagen,New Beetle,Monroe,Louisiana,71213,US,32.4908,-92.1594,66676,O'Keefe Inc,12/07/2024
22,Angel,Rossoni,arossonil@usnews.com,Female,2011,MINI,Cooper,Columbus,Ohio,43204,US,39.9523,-83.078,79287,Schuppe Group,10/18/2022
23,Kort,Senton,ksentonm@usa.gov,Male,2012,Fiat,500,New York City,New York,10079,US,40.7808,-73.9772,90247,Stehr Group,10/31/2025
24,Caesar,London,clondonn@flickr.com,Male,1996,Oldsmobile,Bravada,Pasadena,California,91117,US,33.7866,-118.2987,99162,Carroll-Blanda,02/13/2024
25,Russell,Tomblin,rtomblino@theglobeandmail.com,Male,2004,Toyota,Prius,Montgomery,Alabama,36177,US,32.2334,-86.2085,85552,"Dare, Corwin and O'Conner",07/04/2023
26,Frederich,Compston,fcompstonp@tinypic.com,Male,1993,GMC,Vandura 3500,Washington,District of Columbia,20599,US,38.8933,-77.0146,51648,Thiel Group,03/04/2022
27,Wendell,Collabine,wcollabineq@cisco.com,Male,1992,Mercury,Topaz,Saint Augustine,Florida,32092,US,29.9475,-81.5264,97802,Greenfelder LLC,08/24/2025
28,Thedric,Sowman,tsowmanr@elegantthemes.com,Male,2013,BMW,X6 M,Anderson,South Carolina,29625,US,34.5271,-82.7087,92787,Feeney-Moore,03/24/2022
29,Zacharia,Jerzyk,zjerzyks@cmu.edu,Male,2012,Nissan,Cube,Fresno,California,93721,US,36.7377,-119.7843,50273,Hayes Inc,09/02/2023
30,Rosalind,Chattoe,rchattoet@plala.or.jp,Female,2013,Toyota,Venza,Nashville,Tennessee,37250,US,36.1866,-86.7852,92335,"McGlynn, Grimes and Stracke",08/29/2025
31,Aline,Guerri,aguerriu@moonfruit.com,Female,1996,Mercury,Villager,Lincoln,Nebraska,68510,US,40.8063,-96.6545,91472,Cormier and Sons,01/27/2025
32,Pauline,Laneham,planehamv@mysql.com,Bigender,1998,Mercury,Tracer,Kansas City,Missouri,64160,US,39.2829,-94.409,64842,Carter Group,05/26/2024
33,Gratiana,Lydiatt,glydiattw@livejournal.com,Female,2009,Maybach,Landaulet,Olympia,Washington,98516,US,47.1126,-122.7794,95382,"Bergstrom, Pollich and Botsford",11/06/2022
34,Jeanna,Golda,jgoldax@wp.com,Female,2000,Kia,Spectra,Sioux City,Iowa,51110,US,42.4011,-96.372,87077,"Hills, Mertz and Gutmann",01/18/2024
35,Izabel,Moncey,imonceyy@ifeng.com,Female,1993,Ford,Club Wagon,Lake Charles,Louisiana,70616,US,30.2642,-93.3265,75206,"Rosenbaum, Schuster and Braun",08/05/2022
36,Sim,Goldby,sgoldbyz@craigslist.org,Male,2006,Ford,F250,Bethesda,Maryland,20892,US,39.0024,-77.1034,99563,Rogahn-Hudson,02/20/2023
37,Kiri,Doret,kdoret10@wix.com,Female,2010,Ford,E350,Cincinnati,Ohio,45249,US,39.2692,-84.3307,67130,Rippin Inc,03/01/2022
38,Helyn,Francesco,hfrancesco11@latimes.com,Female,1995,Subaru,Alcyone SVX,New York City,New York,10131,US,40.7808,-73.9772,41636,"Kozey, Gerlach and Senger",02/11/2025
39,Clem,Allpress,callpress12@pcworld.com,Male,2009,Toyota,Matrix,Sacramento,California,94273,US,38.3774,-121.4444,76624,Kautzer-Kuhlman,12/24/2022
40,Wiley,Witter,wwitter13@accuweather.com,Male,2000,Audi,A8,Richmond,Virginia,23225,US,37.5158,-77.5047,33886,McDermott-Hahn,09/09/2024
41,Odella,Iashvili,oiashvili14@hostgator.com,Female,1995,Mazda,323,South Lake Tahoe,California,96154,US,38.8753,-120.0188,41340,Rosenbaum LLC,12/15/2024
42,Arny,Tregenna,atregenna15@google.com.br,Male,1988,Pontiac,Fiero,Dallas,Texas,75342,US,32.7673,-96.7776,77820,"Lesch, O'Kon and O'Conner",05/07/2022
43,Aguie,Hendrickson,ahendrickson16@so-net.ne.jp,Male,1992,Oldsmobile,Custom Cruiser,San Jose,California,95138,US,37.2602,-121.7709,77620,Luettgen Group,01/04/2026
44,Sara-ann,Edgar,sedgar17@skyrock.com,Female,2001,Dodge,Stratus,Stockton,California,95210,US,38.025,-121.2972,57792,"Franecki, Okuneva and Hand",12/22/2023
45,Gill,Nelles,gnelles18@theatlantic.com,Female,1989,Suzuki,Sidekick,Winston Salem,North Carolina,27105,US,36.144,-80.2376,34153,"Mosciski, Dare and Leannon",07/09/2023
46,Sheffie,Arthey,sarthey19@altervista.org,Male,2004,Ford,Crown Victoria,Rochester,New York,14619,US,43.1367,-77.6481,35205,Jakubowski Group,07/10/2023
47,Randi,Dogerty,rdogerty1a@intel.com,Male,2003,Ford,E250,New Haven,Connecticut,06505,US,41.3057,-72.7799,35655,Borer and Sons,12/01/2022
48,Emmaline,Beadell,ebeadell1b@dell.com,Female,2011,Honda,Element,San Mateo,California,94405,US,37.3811,-122.3348,86677,Metz-Prosacco,08/21/2025
49,Felizio,Andrzejczak,fandrzejczak1c@hibu.com,Male,1997,Acura,Integra,Las Vegas,Nevada,89178,US,35.9977,-115.2861,66247,Beier-Dicki,10/09/2025
50,Gina,Gooke,ggooke1d@mapy.cz,Non-binary,1993,Mercury,Sable,Phoenix,Arizona,85072,US,33.2765,-112.1872,68586,Stokes-Jacobi,06/04/2022
51,Ollie,Veryard,overyard1e@newyorker.com,Genderfluid,2008,Infiniti,EX,Minneapolis,Minnesota,55448,US,45.1907,-93.3021,92171,"Pouros, Wehner and Turcotte",12/10/2024
52,Frazier,Garbott,fgarbott1f@last.fm,Male,2011,Lexus,LS Hybrid,Brooklyn,New York,11210,US,40.6281,-73.9467,64077,Wolff and Sons,12/21/2025
53,Estevan,Kimbly,ekimbly1g@telegraph.co.uk,Genderfluid,2005,GMC,Sierra 2500,Ocala,Florida,34479,US,29.2541,-82.1095,75429,Bradtke Inc,04/08/2023
54,Marv,Gummow,mgummow1h@yelp.com,Male,1996,GMC,Jimmy,Knoxville,Tennessee,37931,US,35.9924,-84.1201,36547,"Effertz, Wolff and Bashirian",06/27/2022
55,Kamilah,Bendix,kbendix1i@dedecms.com,Female,2006,Chevrolet,Silverado,Washington,District of Columbia,20220,US,38.8933,-77.0146,80244,"Carroll, Abbott and Yundt",11/02/2022
56,Priscilla,Mallalieu,pmallalieu1j@simplemachines.org,Female,2005,Nissan,Maxima,Charleston,West Virginia,25362,US,38.2968,-81.5547,41053,Green Inc,06/04/2023
57,Eldin,Baldrey,ebaldrey1k@histats.com,Male,2004,GMC,Savana 1500,Marietta,Georgia,30061,US,33.9328,-84.556,32996,Schoen-Hermann,06/15/2024
58,Bordie,Mellonby,bmellonby1l@cargocollective.com,Male,2008,Subaru,Tribeca,Naples,Florida,34114,US,26.0143,-81.5856,95459,"O'Connell, Jerde and Prohaska",12/14/2022
59,Merrel,Bocke,mbocke1m@amazon.co.uk,Male,1996,Volkswagen,Jetta,New Haven,Connecticut,06520,US,41.3657,-72.9275,78186,McGlynn LLC,07/31/2022
60,Adan,Mickan,amickan1n@clickbank.net,Male,1993,Mazda,MX-5,Eugene,Oregon,97405,US,44.0185,-123.0998,98224,Runolfsdottir Group,01/05/2023
61,Galvan,Middiff,gmiddiff1o@nsw.gov.au,Male,2003,Volvo,S40,Syracuse,New York,13205,US,43.0123,-76.1452,42641,Jakubowski-Altenwerth,11/05/2022
62,Cammi,McGerr,cmcgerr1p@freewebs.com,Female,1992,Chevrolet,Blazer,Brooklyn,New York,11241,US,40.6451,-73.945,79229,Osinski Inc,05/25/2025
63,Vivian,Gladdish,vgladdish1q@edublogs.org,Female,2004,BMW,545,Chicago,Illinois,60681,US,41.8119,-87.6873,45435,Gusikowski Inc,10/28/2025
64,Xaviera,Crust,xcrust1r@java.com,Female,2010,Mazda,Mazda6,Englewood,Colorado,80150,US,39.7388,-104.4083,60203,Kreiger LLC,04/24/2023
65,Hestia,Gibbieson,hgibbieson1s@twitpic.com,Female,2012,Lotus,Evora,Detroit,Michigan,48211,US,42.3809,-83.0409,61934,"Medhurst, Kulas and Heathcote",01/03/2026
66,Avram,Mumbey,amumbey1t@addthis.com,Male,1996,Nissan,Maxima,Clearwater,Florida,34615,US,27.9843,-82.7813,82416,"Conroy, Fay and Koepp",09/20/2025
67,Roda,Dawidowitsch,rdawidowitsch1u@bluehost.com,Female,1970,Porsche,914,Phoenix,Arizona,85020,US,33.5623,-112.0559,34416,Schowalter and Sons,07/01/2025
68,Elberta,McCallum,emccallum1v@netvibes.com,Female,2005,Ford,E-Series,West Palm Beach,Florida,33416,US,26.6654,-80.0929,65684,Emard Inc,07/14/2023
69,Petronella,Bensusan,pbensusan1w@google.fr,Female,1987,Subaru,Brat,Roanoke,Virginia,24024,US,37.2742,-79.9579,46460,"Daugherty, Wilderman and Ankunding",10/31/2023
70,Jasmin,Sellars,jsellars1x@myspace.com,Polygender,2004,Ford,Excursion,Miami,Florida,33164,US,25.5584,-80.4582,87298,Kulas-Goodwin,12/16/2023
71,Henry,Attew,hattew1y@merriam-webster.com,Male,2007,Ford,E350,Pensacola,Florida,32511,US,30.4061,-87.2917,74718,Gleason and Sons,11/27/2024
72,Miranda,Hawksworth,mhawksworth1z@ted.com,Female,2000,Toyota,Camry,Los Angeles,California,90094,US,33.9754,-118.417,51847,Pagac Inc,07/25/2023
73,Lorry,Jira,ljira20@ning.com,Female,1994,Mazda,MX-6,Arlington,Virginia,22234,US,38.8808,-77.113,61290,"Graham, Dooley and Bogan",03/12/2023
74,Roobbie,Mugford,rmugford21@earthlink.net,Female,1989,Volkswagen,Golf,Youngstown,Ohio,44511,US,41.0704,-80.6931,96237,"Grimes, Raynor and Ullrich",04/26/2022
75,Ailsun,Peploe,apeploe22@netscape.com,Female,2001,Jaguar,XJ Series,Miami,Florida,33261,US,25.5584,-80.4582,53298,Olson-Pacocha,07/20/2024
76,Whitman,Brocklehurst,wbrocklehurst23@mlb.com,Male,2005,Lamborghini,Gallardo,Watertown,Massachusetts,02472,US,42.37,-71.1773,43417,Reichel Group,06/13/2022
77,Hortensia,Zannutti,hzannutti24@boston.com,Female,1965,Ford,Fairlane,Nashville,Tennessee,37245,US,36.1866,-86.7852,40458,"Ullrich, Jones and Bartoletti",07/13/2024
78,Philipa,Fullalove,pfullalove25@blog.com,Female,1997,Volvo,850,Cincinnati,Ohio,45271,US,39.1668,-84.5382,46074,Wisozk-Murazik,12/11/2022
79,Elbert,Bearfoot,ebearfoot26@uiuc.edu,Genderfluid,2012,Maybach,57,Atlanta,Georgia,31196,US,33.8444,-84.474,33371,Jaskolski-Wilderman,07/06/2022
80,Giustina,Marsh,gmarsh27@prnewswire.com,Female,1992,Dodge,Ramcharger,Washington,District of Columbia,20299,US,38.8933,-77.0146,79138,Mertz Group,02/14/2022
81,Sloan,Cuel,scuel28@noaa.gov,Male,1997,Mitsubishi,Montero,Laredo,Texas,78044,US,27.3637,-99.4819,47515,Mayert Group,12/11/2025
82,Ardelle,Fraschetti,afraschetti29@ca.gov,Female,2012,Dodge,Grand Caravan,Atlanta,Georgia,30316,US,33.7217,-84.3339,32521,Cassin Group,06/05/2025
83,Aleece,Oloshkin,aoloshkin2a@issuu.com,Female,2004,Porsche,Cayenne,El Paso,Texas,79923,US,31.6948,-106.3,35527,"Gusikowski, Glover and Mayer",09/20/2022
84,Maxi,Halesworth,mhalesworth2b@mtv.com,Female,1996,Honda,Civic,Pittsburgh,Pennsylvania,15240,US,40.4344,-80.0248,96416,Hilll LLC,03/19/2022
85,Moshe,Amorine,mamorine2c@a8.net,Non-binary,1992,Mazda,323,Newark,New Jersey,07188,US,40.7918,-74.2452,36262,Schmeler-Wiegand,06/03/2025
86,Bob,Kittiman,bkittiman2d@about.me,Male,2005,Nissan,Pathfinder,Phoenix,Arizona,85035,US,33.4724,-112.1832,74051,"Jacobi, Goyette and Romaguera",11/08/2022
87,Maddie,Dufaur,mdufaur2e@wsj.com,Female,1986,Mitsubishi,Tredia,Charlotte,North Carolina,28278,US,35.2072,-80.9568,51926,Dooley Group,02/18/2025
88,Delbert,Stenton,dstenton2f@prnewswire.com,Male,2000,Volvo,V70,Columbia,South Carolina,29225,US,34.006,-80.9708,35129,Rowe Inc,03/29/2022
89,Lemmie,Stoter,lstoter2g@wordpress.com,Male,1999,GMC,Savana 2500,Tucson,Arizona,85754,US,31.9701,-111.8907,32777,"Kautzer, Yundt and Tremblay",01/22/2023
90,Tuck,Patridge,tpatridge2h@shutterfly.com,Male,2004,Saturn,L-Series,Norwalk,Connecticut,06854,US,41.0957,-73.4285,96471,"Reichel, McLaughlin and Hyatt",01/27/2026
91,Broderic,Lawrey,blawrey2i@blogs.com,Male,2002,Toyota,Celica,Jackson,Mississippi,39216,US,32.3386,-90.1708,64778,"Steuber, Hayes and Sipes",05/14/2024
92,Kit,Gebb,kgebb2j@washington.edu,Female,1992,Dodge,Spirit,San Bernardino,California,92405,US,34.1446,-117.3013,46077,Hessel-Kris,03/29/2022
93,Aguistin,Aujouanet,aaujouanet2k@weather.com,Male,2004,Chevrolet,Express 1500,Garden Grove,California,92844,US,33.7661,-117.9738,49175,Waelchi-Lynch,01/01/2026
94,Rosamund,Wickey,rwickey2l@umn.edu,Female,1997,Ford,Econoline E350,San Francisco,California,94137,US,37.7848,-122.7278,99217,Walsh-Luettgen,03/23/2023
95,Titus,Youle,tyoule2m@freewebs.com,Male,1996,Buick,Hearse,Rochester,New York,14639,US,43.286,-77.6843,34300,Pouros-Fahey,06/28/2024
96,Marcela,Chinnery,mchinnery2n@time.com,Female,1992,Dodge,Spirit,Madison,Wisconsin,53785,US,43.0696,-89.4239,46222,"Corkery, Schinner and Ward",03/08/2022
97,Maryann,Huntall,mhuntall2o@comsenz.com,Female,1995,GMC,Vandura G3500,Washington,District of Columbia,20470,US,38.8933,-77.0146,49614,"Treutel, Dicki and Bergstrom",01/11/2026
98,Guy,McAteer,gmcateer2p@gnu.org,Non-binary,2010,Bentley,Azure,Shreveport,Louisiana,71115,US,32.3401,-93.6092,30650,McDermott Inc,10/17/2023
99,Willyt,Kelsey,wkelsey2q@wiley.com,Female,2009,Audi,A4,Harrisburg,Pennsylvania,17110,US,40.303,-76.8862,42502,Deckow-Marvin,11/21/2025
100,Siward,Wyson,swyson2r@nhs.uk,Male,1999,Chrysler,LHS,Portland,Oregon,97211,US,45.5653,-122.6448,98544,"Grady, Cruickshank and Hansen",08/18/2022
101,Sabrina,Rottgers,srottgers2s@statcounter.com,Agender,2003,Ford,E250,New Orleans,Louisiana,70142,US,30.033,-89.8826,39295,Reilly LLC,09/24/2024
102,Alwin,Facchini,afacchini2t@google.es,Male,2003,BMW,X5,Madison,Wisconsin,53790,US,43.0696,-89.4239,46897,Runolfsdottir and Sons,04/21/2023
103,Adham,Gerb,agerb2u@nationalgeographic.com,Male,1994,Isuzu,Rodeo,Milwaukee,Wisconsin,53277,US,43.0389,-87.9024,96000,Labadie-Witting,01/31/2023
104,Worth,Reide,wreide2v@fc2.com,Male,1995,Chevrolet,Monte Carlo,Washington,District of Columbia,20022,US,38.945,-77.0364,86534,King Group,10/02/2024
105,Frieda,Goligher,fgoligher2w@ezinearticles.com,Female,2006,Volvo,V50,Oakland,California,94611,US,37.8471,-122.2223,94194,"Jacobi, Metz and Pacocha",07/01/2025
106,Christi,Brunsdon,cbrunsdon2x@omniture.com,Female,1997,GMC,Suburban 1500,Baltimore,Maryland,21281,US,39.2847,-76.6205,64274,Gibson and Sons,10/10/2022
107,Emilie,Markovich,emarkovich2y@indiatimes.com,Female,2011,GMC,Savana 3500,Phoenix,Arizona,85005,US,33.2765,-112.1872,86392,"Lubowitz, Anderson and Turner",10/21/2024
108,Ulrica,Colleck,ucolleck2z@weather.com,Bigender,2002,Saab,9-5,Jacksonville,Florida,32215,US,30.2407,-81.893,87182,"Gusikowski, Hegmann and Hahn",03/24/2022
109,Bonita,Nel,bnel30@addthis.com,Agender,2001,Dodge,Durango,Reno,Nevada,89505,US,39.5224,-119.8353,66135,Wiza-Christiansen,03/05/2024
110,Sergio,Morter,smorter31@topsy.com,Male,2009,Toyota,Matrix,Los Angeles,California,90015,US,34.0434,-118.2716,38579,Goyette Inc,08/12/2024
111,Bernarr,Rouzet,brouzet32@businessinsider.com,Male,1993,Dodge,Dakota Club,San Luis Obispo,California,93407,US,35.3471,-120.4553,39342,Heathcote Inc,05/30/2025
112,Latashia,Fever,lfever33@loc.gov,Female,2010,GMC,Yukon,San Jose,California,95160,US,37.2187,-121.8601,91664,Wunsch-Wolff,01/27/2025
113,Veronica,Chartman,vchartman34@wordpress.org,Female,1997,Chevrolet,Suburban 2500,Charleston,South Carolina,29411,US,32.8715,-79.9947,47062,Abernathy-Quitzon,06/30/2022
114,Rosemaria,Chicco,rchicco35@salon.com,Female,1996,Acura,RL,New York City,New York,10034,US,40.8662,-73.9221,65812,Block-Simonis,02/15/2022
115,Aurelie,Sloan,asloan36@joomla.org,Genderfluid,1993,Oldsmobile,Achieva,Lawrenceville,Georgia,30245,US,33.9464,-83.9912,33602,Borer and Sons,08/08/2025
116,Ryun,Trowill,rtrowill37@nytimes.com,Male,2009,Mercury,Milan,Lubbock,Texas,79410,US,33.5693,-101.8904,43876,Schmidt LLC,04/26/2025
117,Abbey,Cleugher,acleugher38@usatoday.com,Female,2005,Nissan,Frontier,New York City,New York,10170,US,40.7526,-73.9755,60352,"Kohler, Hessel and Jacobs",03/06/2022
118,Carin,Eley,celey39@google.com.br,Female,1993,Dodge,D150,Irving,Texas,75062,US,32.8479,-96.974,45012,Streich-Schulist,08/03/2024
119,Torrance,Palia,tpalia3a@google.ca,Bigender,1990,Mercedes-Benz,S-Class,Chico,California,95973,US,39.8032,-121.8673,84925,Hodkiewicz LLC,01/07/2026
120,Teddi,Elijahu,telijahu3b@jalbum.net,Female,2000,Cadillac,Eldorado,Dallas,Texas,75353,US,32.7673,-96.7776,70621,Smith-Hermiston,02/19/2023
121,Elia,Nicolls,enicolls3c@ox.ac.uk,Male,1998,Oldsmobile,Cutlass,Ocala,Florida,34474,US,29.1565,-82.2095,35847,"Monahan, Marquardt and Wiza",07/23/2024
122,Hobard,Wasmer,hwasmer3d@nbcnews.com,Male,2000,Chrysler,Cirrus,Evanston,Illinois,60208,US,42.0586,-87.6845,97942,Rosenbaum LLC,04/16/2025
123,Carlin,Finby,cfinby3e@ezinearticles.com,Male,1986,Mercedes-Benz,S-Class,Sacramento,California,95828,US,38.4826,-121.4006,69608,"Beer, Casper and Sauer",06/28/2023
124,Saudra,Bendell,sbendell3f@ameblo.jp,Female,1993,Dodge,Shadow,Denver,Colorado,80223,US,39.7002,-105.0028,92918,"Walsh, Gottlieb and Cormier",12/15/2023
125,Chickie,Ricardon,cricardon3g@slate.com,Female,2010,Nissan,GT-R,Washington,District of Columbia,20546,US,38.891,-77.0211,47655,"Auer, Crona and Denesik",02/17/2023
126,Madlin,Bathow,mbathow3h@1und1.de,Female,1993,Land Rover,Defender,Waco,Texas,76711,US,31.5175,-97.1547,66575,"Sporer, Rosenbaum and Satterfield",04/22/2025
127,Hermia,Mathissen,hmathissen3i@wired.com,Female,1990,Mazda,929,Flint,Michigan,48555,US,43.0113,-83.7108,73264,"Mosciski, Macejkovic and Davis",01/02/2023
128,Chane,Mathonnet,cmathonnet3j@w3.org,Genderqueer,1993,Isuzu,Trooper,Houston,Texas,77015,US,29.7853,-95.1852,79825,Metz-Osinski,11/16/2025
129,Sheri,Cowderay,scowderay3k@hubpages.com,Bigender,2004,Dodge,Caravan,Amarillo,Texas,79188,US,35.1885,-101.8165,81990,"Dietrich, Feil and Reichel",08/01/2023
130,Verena,Bernier,vbernier3l@sogou.com,Female,2010,Lexus,HS,Tampa,Florida,33661,US,27.872,-82.4388,77175,Maggio-Fadel,04/19/2022
131,Amata,Satyford,asatyford3m@nbcnews.com,Female,2000,Acura,Integra,Raleigh,North Carolina,27626,US,35.7977,-78.6253,37978,Kemmer-Cormier,11/15/2023
132,Jacques,Kiss,jkiss3n@google.ca,Bigender,1993,Isuzu,Stylus,Reno,Nevada,89519,US,39.4814,-119.8591,33868,Wyman LLC,04/20/2025
133,Kaila,Tyres,ktyres3o@friendfeed.com,Genderqueer,1961,Studebaker,Avanti,Roanoke,Virginia,24009,US,37.2742,-79.9579,57471,Rutherford-Tromp,08/19/2022
134,Leroi,Priddey,lpriddey3p@cafepress.com,Male,1999,Pontiac,Bonneville,Huntsville,Alabama,35805,US,34.7059,-86.6165,58818,Conroy-Kuphal,04/05/2025
135,Zara,Eaton,zeaton3q@vistaprint.com,Female,1992,Mitsubishi,Precis,Rochester,New York,14619,US,43.1367,-77.6481,96284,Kuhlman-Barrows,02/11/2025
136,Baily,Di Roberto,bdiroberto3r@cargocollective.com,Genderfluid,1998,GMC,1500 Club Coupe,Austin,Texas,78744,US,30.1876,-97.7472,88155,Carter LLC,01/19/2024
137,Erich,Millard,emillard3s@wisc.edu,Male,1992,Nissan,Maxima,Lake Worth,Florida,33462,US,26.5747,-80.0794,74955,Ward-Dicki,02/21/2022
138,Tam,Collingdon,tcollingdon3t@adobe.com,Male,1996,Suzuki,X-90,Tucson,Arizona,85737,US,32.4142,-110.9466,64198,McCullough and Sons,08/05/2023
139,Abey,Fiddian,afiddian3u@icq.com,Genderqueer,2011,Hyundai,Sonata,Carson City,Nevada,89714,US,39.1678,-119.7764,68685,McClure and Sons,03/05/2025
140,Angie,Matoshin,amatoshin3v@360.cn,Male,1960,Fairthorpe,Rockette,Saint Paul,Minnesota,55123,US,44.806,-93.1409,41996,"Kemmer, Macejkovic and Pfannerstill",08/14/2024
141,Pennie,Somerset,psomerset3w@edublogs.org,Female,1994,Ford,Ranger,Montgomery,Alabama,36104,US,32.373,-86.3081,49437,Borer Group,01/24/2024
142,Keane,Measor,kmeasor3x@google.co.jp,Male,2006,Saturn,VUE,Washington,District of Columbia,20442,US,38.896,-77.0177,57874,Trantow LLC,02/26/2023
143,Jaquith,Huntingford,jhuntingford3y@cdc.gov,Female,1993,Dodge,Ram 50,Philadelphia,Pennsylvania,19184,US,40.0018,-75.1179,33252,"Ryan, Schoen and Powlowski",10/05/2025
144,Odell,Whitlam,owhitlam3z@tinyurl.com,Male,2005,Ford,Freestyle,Flint,Michigan,48505,US,43.0634,-83.7001,65824,Hackett-White,08/10/2024
145,Raymund,Samsworth,rsamsworth40@hhs.gov,Male,2008,Dodge,Ram 3500,Chicago,Illinois,60604,US,41.8784,-87.633,53002,Hegmann-Zboncak,12/18/2022
146,Sully,O'Connel,soconnel41@wp.com,Male,2012,Ford,E350,Indianapolis,Indiana,46202,US,39.7851,-86.1595,38777,"Pouros, Hane and Wintheiser",08/03/2023
147,Lovell,Maylin,lmaylin42@ebay.co.uk,Male,2005,Cadillac,Escalade EXT,Carson City,Nevada,89714,US,39.1678,-119.7764,50560,Ullrich-Veum,09/25/2025
148,Matthaeus,Rice,mrice43@indiatimes.com,Male,1993,GMC,Rally Wagon 1500,New York City,New York,10175,US,40.7543,-73.9798,75068,Rath Group,12/05/2024
149,Gaspar,Migheli,gmigheli44@hc360.com,Male,1999,Hummer,H1,Omaha,Nebraska,68105,US,41.2435,-95.9629,41203,"DuBuque, Hamill and Prosacco",12/29/2024
150,Nikaniki,Bartlomiej,nbartlomiej45@angelfire.com,Non-binary,2010,BMW,6 Series,Santa Fe,New Mexico,87592,US,35.5212,-105.9818,81678,Hilll LLC,09/01/2025
151,Pris,Abramcik,pabramcik46@webs.com,Female,1999,Toyota,4Runner,Sacramento,California,94230,US,38.3774,-121.4444,95143,"Thompson, Lemke and Mraz",02/16/2023
152,Leonora,Channing,lchanning47@scientificamerican.com,Female,1998,Pontiac,Grand Prix,San Jose,California,95118,US,37.2568,-121.8896,98359,Kemmer Inc,08/03/2024
153,Lorinda,Gozard,lgozard48@blinklist.com,Female,1997,Chevrolet,Lumina,Charleston,South Carolina,29403,US,32.7976,-79.9493,74781,"Zieme, Hyatt and Gerhold",12/25/2024
154,David,McBeth,dmcbeth49@cnn.com,Male,2005,BMW,760,El Paso,Texas,79984,US,31.6948,-106.3,39196,Kuvalis Inc,02/13/2025
155,Alejoa,Joll,ajoll4a@last.fm,Agender,2011,Hyundai,Elantra,New Orleans,Louisiana,70174,US,30.033,-89.8826,49681,Pouros and Sons,03/10/2025
156,Yanaton,Audus,yaudus4b@netscape.com,Male,2007,Toyota,Sequoia,El Paso,Texas,79928,US,31.6631,-106.1401,64051,Parisian-Larson,03/27/2025
157,Carr,Morrowe,cmorrowe4c@java.com,Male,2006,Suzuki,Swift,Baton Rouge,Louisiana,70815,US,30.4558,-91.0596,62855,Powlowski-Heathcote,01/21/2026
158,Letitia,Stable,lstable4d@columbia.edu,Female,1987,Volkswagen,Jetta,Salt Lake City,Utah,84170,US,40.6681,-111.9083,85495,Dooley-Sanford,10/06/2025
159,Trever,Mallett,tmallett4e@seattletimes.com,Male,1998,Pontiac,Grand Prix,Rochester,New York,14624,US,43.1216,-77.7311,44654,Boehm Inc,09/14/2022
160,Rory,Mardee,rmardee4f@arstechnica.com,Male,2008,Toyota,Tundra,Winston Salem,North Carolina,27150,US,36.0275,-80.2073,71189,Erdman and Sons,05/11/2025
161,Hobart,Wolton,hwolton4g@usnews.com,Male,1986,Pontiac,Grand Am,Arlington,Texas,76011,US,32.7582,-97.1003,66552,Schoen-Waelchi,04/05/2022
162,Cammy,McKeurton,cmckeurton4h@aboutads.info,Female,2001,Dodge,Ram Van 1500,Spartanburg,South Carolina,29305,US,35.1114,-82.1055,39331,Watsica LLC,06/18/2025
163,Holt,Fearon,hfearon4i@dyndns.org,Bigender,1997,Ford,Contour,Farmington,Michigan,48335,US,42.4617,-83.4053,67832,Wintheiser-Feest,12/19/2022
164,Amara,Buckeridge,abuckeridge4j@yandex.ru,Female,2000,Mercedes-Benz,SL-Class,Edmond,Oklahoma,73034,US,35.6665,-97.4798,82945,Durgan and Sons,05/14/2022
165,Allistir,Sollner,asollner4k@japanpost.jp,Male,1990,Ford,Ranger,Fort Wayne,Indiana,46867,US,41.0938,-85.0707,99493,Wiza-Stiedemann,05/02/2025
166,Jeramey,Sharland,jsharland4l@dedecms.com,Male,1966,Ford,Mustang,Fort Lauderdale,Florida,33310,US,26.1443,-80.2069,46020,"Brakus, Parisian and Greenfelder",10/05/2024
167,Christiano,Ambrogiotti,cambrogiotti4m@hao123.com,Male,2007,Lexus,LX,Grand Junction,Colorado,81505,US,39.1071,-108.5968,63051,Yost Group,02/24/2024
168,Web,Crippell,wcrippell4n@mediafire.com,Male,1991,Buick,Regal,Saint Paul,Minnesota,55172,US,45.0059,-93.1059,66434,"Fahey, Funk and Kling",01/18/2026
169,Kent,Renon,krenon4o@last.fm,Male,2001,GMC,Sierra 1500,Abilene,Texas,79699,US,32.4665,-99.7117,88819,Turcotte and Sons,12/03/2024
170,Hartwell,Aldam,haldam4p@businessinsider.com,Male,1998,Plymouth,Breeze,Schaumburg,Illinois,60193,US,42.0144,-88.0935,80100,"Pagac, Kunze and Farrell",09/29/2024
171,Caleb,Sparway,csparway4q@goo.gl,Male,1992,BMW,3 Series,New Orleans,Louisiana,70129,US,30.0877,-89.8462,84109,Hills Inc,12/07/2023
172,Gonzales,Enrrico,genrrico4r@4shared.com,Male,1998,Ford,Escort,Topeka,Kansas,66622,US,39.0429,-95.7697,55067,Durgan LLC,12/20/2024
173,Buffy,Rizzillo,brizzillo4s@amazon.co.uk,Genderqueer,2008,Land Rover,Range Rover Sport,Chicago,Illinois,60652,US,41.7454,-87.7135,99202,"Schimmel, Ullrich and Streich",08/02/2022
174,Lyssa,Hawkswood,lhawkswood4t@histats.com,Female,1989,Maserati,430,Norfolk,Virginia,23509,US,36.8787,-76.2604,44762,Jast-Wilderman,07/11/2025
175,Jayson,Float,jfloat4u@illinois.edu,Polygender,2004,Suzuki,Vitara,El Paso,Texas,88546,US,31.6948,-106.3,50073,Jaskolski-Wolff,04/17/2022
176,Claiborne,Le Brom,clebrom4v@cbsnews.com,Non-binary,2006,Subaru,B9 Tribeca,El Paso,Texas,79989,US,31.6948,-106.3,45233,Stracke Inc,12/12/2022
177,Reinold,Nancarrow,rnancarrow4w@wikispaces.com,Male,2012,Kia,Optima,San Diego,California,92170,US,33.0169,-116.846,31451,"Kihn, Beer and Rath",06/23/2024
178,Harland,Mallam,hmallam4x@bandcamp.com,Male,2013,GMC,Sierra 1500,Kingsport,Tennessee,37665,US,36.5799,-82.5733,76433,Gerhold-Rau,10/25/2022
179,Isidora,Burkart,iburkart4y@wordpress.com,Female,2011,Subaru,Forester,Spokane,Washington,99252,US,47.6536,-117.4317,49891,Toy-Lakin,03/06/2022
180,Nannette,McChesney,nmcchesney4z@epa.gov,Female,2009,Audi,A4,Milwaukee,Wisconsin,53285,US,43.0174,-87.5697,32825,Hane-Lesch,02/28/2023
181,Hobie,Atherley,hatherley50@columbia.edu,Agender,2005,Hummer,H2,Sioux Falls,South Dakota,57188,US,43.6746,-96.7913,54153,"Gorczany, Maggio and Gorczany",04/26/2025
182,Kelby,Shwalbe,kshwalbe51@cornell.edu,Genderqueer,1999,Mitsubishi,Mirage,Madison,Wisconsin,53726,US,43.0696,-89.4239,36290,Littel Inc,07/31/2024
183,Gib,Kield,gkield52@theguardian.com,Male,1968,Pontiac,Grand Prix,Orlando,Florida,32854,US,28.5663,-81.2608,69385,Stroman and Sons,08/15/2023
184,Asher,Haldene,ahaldene53@umn.edu,Male,1992,Mitsubishi,Mirage,Phoenix,Arizona,85020,US,33.5623,-112.0559,33144,Casper-Bashirian,05/08/2025
185,Leanora,Batcock,lbatcock54@nytimes.com,Female,2008,Maybach,62,Denver,Colorado,80204,US,39.734,-105.0259,91565,Stokes and Sons,08/28/2023
186,Felicio,Higgen,fhiggen55@skype.com,Male,2000,GMC,Yukon Denali,Akron,Ohio,44310,US,41.1075,-81.5006,92973,Pollich-Wiza,03/14/2023
187,Nathaniel,Stuckes,nstuckes56@rediff.com,Male,2000,Land Rover,Discovery,Lansing,Michigan,48956,US,42.7325,-84.5587,39802,Schiller-Crist,06/23/2025
188,Valina,Formilli,vformilli57@buzzfeed.com,Female,1999,Saab,900,Naples,Florida,34108,US,26.2416,-81.8071,42913,Homenick Inc,04/28/2022
189,Nessie,Tucknutt,ntucknutt58@sakura.ne.jp,Female,1993,Dodge,Ram Wagon B250,Baltimore,Maryland,21275,US,39.2847,-76.6205,67027,Ruecker LLC,03/16/2022
190,Ingrim,Finlan,ifinlan59@archive.org,Polygender,1990,Ford,Probe,Albany,Georgia,31704,US,31.55,-84.0612,84839,"Kozey, Conn and Moore",07/28/2025
191,Trista,Halloran,thalloran5a@google.pl,Female,2011,Chrysler,200,Las Vegas,Nevada,89166,US,36.3265,-115.3398,86095,"Kshlerin, Konopelski and Becker",07/07/2022
192,Charline,Hammerton,chammerton5b@cnn.com,Agender,1985,Pontiac,Fiero,London,Kentucky,40745,US,37.1376,-84.1156,34913,"Brakus, Jenkins and Blanda",06/13/2024
193,Felipe,Jelphs,fjelphs5c@springer.com,Male,1997,Jaguar,XK Series,Denver,Colorado,80279,US,39.7388,-104.4083,59678,"Gottlieb, King and Bosco",12/05/2022
194,Fayth,Hotton,fhotton5d@marriott.com,Female,2010,Toyota,Highlander,Lexington,Kentucky,40596,US,38.0283,-84.4715,89387,"Kreiger, Daugherty and Lindgren",01/21/2026
195,Antonino,Kirmond,akirmond5e@addthis.com,Male,2008,Nissan,Altima,Albuquerque,New Mexico,87110,US,35.1104,-106.5781,79077,Hansen and Sons,11/27/2022
196,Fina,Letten,fletten5f@spotify.com,Female,2002,Ford,Econoline E150,Macon,Georgia,31296,US,32.8067,-83.6913,83522,"Schroeder, Lowe and Schiller",11/08/2022
197,Hobard,Stiffell,hstiffell5g@chron.com,Male,1992,Lexus,SC,Schenectady,New York,12305,US,42.8161,-73.9398,85423,"Bernhard, Willms and Moore",01/23/2023
198,Wye,Gorwood,wgorwood5h@vk.com,Male,2008,Lexus,LX,Naperville,Illinois,60567,US,41.8397,-88.0887,98608,Padberg-Kuhn,01/01/2023
199,Blanca,McGiveen,bmcgiveen5i@unblog.fr,Female,2009,Kia,Spectra,Des Moines,Iowa,50362,US,41.6727,-93.5722,32186,"Spencer, Halvorson and Watsica",02/19/2024
200,Lynnell,Dakers,ldakers5j@comsenz.com,Female,1995,Chevrolet,G-Series G10,Kansas City,Missouri,64142,US,39.035,-94.3567,89302,Lakin LLC,05/11/2024
201,Edy,Kevern,ekevern5k@shinystat.com,Female,2003,Audi,S8,San Francisco,California,94142,US,37.7848,-122.7278,39787,"Farrell, McClure and Wyman",12/18/2022
202,Fianna,Nell,fnell5l@hubpages.com,Female,2003,Toyota,Celica,Jersey City,New Jersey,07305,US,40.702,-74.089,39533,Langosh-Hermiston,05/19/2023
203,Catherine,Barsham,cbarsham5m@csmonitor.com,Female,2005,Cadillac,DeVille,Arlington,Virginia,22217,US,38.8808,-77.113,60495,Davis-Beatty,03/23/2024
204,Derrick,Flecknell,dflecknell5n@cmu.edu,Male,2003,Ford,Focus,Shreveport,Louisiana,71161,US,32.6076,-93.7526,93442,"Block, Rodriguez and Kemmer",04/26/2023
205,Rudolph,Gartside,rgartside5o@paypal.com,Genderfluid,1992,Toyota,4Runner,Moreno Valley,California,92555,US,33.9377,-117.1851,66063,Pfannerstill and Sons,08/27/2025
206,Vernor,Cracie,vcracie5p@patch.com,Male,1985,Ford,Escort,Oklahoma City,Oklahoma,73135,US,35.411,-97.4388,49881,Larkin-Macejkovic,08/21/2025
207,Tailor,Crotty,tcrotty5q@naver.com,Polygender,1984,Maserati,Quattroporte,Odessa,Texas,79764,US,31.8767,-102.4375,72086,Macejkovic-Auer,07/08/2022
208,Berny,Chafney,bchafney5r@yale.edu,Female,2007,Suzuki,Grand Vitara,Newport News,Virginia,23612,US,37.1959,-76.5248,53205,"Stamm, Sawayn and Stoltenberg",11/06/2022
209,Lotte,Northrop,lnorthrop5s@discovery.com,Female,2000,Ford,Escort,New Orleans,Louisiana,70174,US,30.033,-89.8826,32066,"Lemke, McLaughlin and Quitzon",10/10/2023
210,Floris,Brunet,fbrunet5t@comsenz.com,Agender,2011,Maybach,57,Reno,Nevada,89519,US,39.4814,-119.8591,48580,Boehm-Lebsack,02/27/2024
211,Doroteya,Boldecke,dboldecke5u@myspace.com,Female,2003,Infiniti,M,Oklahoma City,Oklahoma,73152,US,35.5514,-97.4075,78694,"Gusikowski, Robel and Pacocha",06/12/2024
212,Tiffany,Ledner,tledner5v@gmpg.org,Female,1997,Nissan,200SX,Tulsa,Oklahoma,74108,US,36.1499,-95.7923,40517,"Vandervort, Spinka and Trantow",03/27/2022
213,Brewster,Scapelhorn,bscapelhorn5w@cocolog-nifty.com,Agender,1996,Suzuki,Sidekick,Orlando,Florida,32825,US,28.5469,-81.2571,58709,Frami Group,04/18/2023
214,Martino,Bladge,mbladge5x@va.gov,Male,2006,Mazda,Mazda6 Sport,Atlanta,Georgia,30392,US,33.8444,-84.474,50032,"Kirlin, Leffler and Lang",02/27/2023
215,Zackariah,Grastye,zgrastye5y@sun.com,Male,2006,Infiniti,M,Mesa,Arizona,85215,US,33.4707,-111.7188,68861,Daniel Inc,04/27/2022
216,Sergent,Edgler,sedgler5z@accuweather.com,Male,1993,Saab,9000,Springfield,Illinois,62711,US,39.7655,-89.7293,99801,O'Keefe Inc,04/17/2025
217,Hercule,Canti,hcanti60@dailymail.co.uk,Genderfluid,1999,Volkswagen,Cabriolet,Portland,Oregon,97201,US,45.5078,-122.6897,68747,"Prosacco, Friesen and Lockman",05/31/2025
218,Cherrita,Jacobson,cjacobson61@behance.net,Female,1996,Mercedes-Benz,S-Class,San Jose,California,95155,US,37.31,-121.9011,48581,Jenkins-King,06/20/2023
219,Niki,Oleszkiewicz,noleszkiewicz62@twitter.com,Male,2001,Pontiac,Sunfire,Metairie,Louisiana,70033,US,29.6779,-90.0901,93381,Beatty-Towne,06/07/2024
220,Olivette,Funnell,ofunnell63@cmu.edu,Female,2007,Toyota,Yaris,Washington,District of Columbia,20073,US,38.897,-77.0251,48849,Mann LLC,07/01/2023
221,Jeanie,Luther,jluther64@linkedin.com,Female,2002,Ford,Taurus,Arlington,Virginia,22234,US,38.8808,-77.113,39466,Bayer and Sons,12/26/2022
222,Melinda,Berrygun,mberrygun65@ezinearticles.com,Female,2003,GMC,Sierra 2500,Colorado Springs,Colorado,80905,US,38.8377,-104.837,89455,"Russel, Gutkowski and Tremblay",09/16/2023
223,Peyter,Phillipps,pphillipps66@angelfire.com,Male,2012,Chevrolet,Volt,Wichita,Kansas,67230,US,37.6808,-97.1558,35447,Jast Inc,12/09/2023
224,Adolphe,Kinney,akinney67@yahoo.co.jp,Male,2006,Mazda,Mazda3,Minneapolis,Minnesota,55458,US,45.0159,-93.4719,90523,"Moen, Wolf and Reichert",02/25/2024
225,Freddy,Alcott,falcott68@adobe.com,Female,2004,BMW,M3,Madison,Wisconsin,53705,US,43.073,-89.4528,96347,Greenfelder and Sons,04/03/2025
226,Nada,Copins,ncopins69@bing.com,Female,1964,Ford,Galaxie,Fort Lauderdale,Florida,33330,US,26.0663,-80.3339,73202,"Kling, Weissnat and Romaguera",02/07/2023
227,Henryetta,Trunby,htrunby6a@qq.com,Female,2011,Audi,A6,Columbus,Georgia,31998,US,32.491,-84.8741,30648,"Abshire, Rutherford and Waters",09/26/2022
228,Faber,Ference,fference6b@mysql.com,Male,2000,Pontiac,Grand Prix,Honolulu,Hawaii,96805,US,21.3062,-157.8585,56351,Wunsch-Lynch,10/19/2024
229,Ricoriki,Belli,rbelli6c@kickstarter.com,Male,2002,Ford,Th!nk,Santa Clara,California,95054,US,37.3924,-121.9623,78328,Franecki-Hartmann,05/13/2022
230,Dory,Blaxton,dblaxton6d@furl.net,Female,1997,Dodge,Ram Van 1500,Orlando,Florida,32819,US,28.4522,-81.4678,46213,Kunde and Sons,10/09/2025
231,Kore,Guillotin,kguillotin6e@flavors.me,Female,2010,Mercedes-Benz,R-Class,Boston,Massachusetts,02298,US,42.3823,-71.0323,87321,Orn and Sons,09/04/2025
232,Sonny,Elcum,selcum6f@microsoft.com,Female,2009,Audi,A8,Philadelphia,Pennsylvania,19146,US,39.9379,-75.1794,98389,Lesch LLC,05/12/2025
233,Katleen,Blastock,kblastock6g@google.ca,Female,2002,Chevrolet,Astro,Migrate,Kentucky,41905,US,38.0638,-84.5027,53861,Feest-Bogisich,12/19/2025
234,Dalston,Twelvetree,dtwelvetree6h@myspace.com,Male,1998,GMC,Sonoma,Charlotte,North Carolina,28272,US,35.26,-80.8042,77234,Weissnat and Sons,07/01/2023
235,Gnni,Balmer,gbalmer6i@smh.com.au,Female,1981,Plymouth,Reliant,Los Angeles,California,90025,US,34.0447,-118.4487,56222,Robel LLC,04/26/2022
236,Mick,Anscombe,manscombe6j@amazon.co.uk,Bigender,2004,Corbin,Sparrow,Monticello,Minnesota,55590,US,45.2009,-93.8881,76880,Koelpin-Oberbrunner,05/13/2024
237,Sawyer,Sieghard,ssieghard6k@pcworld.com,Male,2006,Toyota,Avalon,Tallahassee,Florida,32309,US,30.5422,-84.1413,54236,Larson-Sipes,01/19/2023
238,Amerigo,Billborough,abillborough6l@ow.ly,Male,1955,Ford,Thunderbird,Van Nuys,California,91406,US,34.2006,-118.4868,45441,Mertz-Padberg,04/02/2024
239,Crystal,Meiklam,cmeiklam6m@devhub.com,Polygender,1980,Chevrolet,Camaro,Tampa,Florida,33694,US,27.872,-82.4388,30237,Zieme and Sons,03/26/2024
240,Dorita,Dolman,ddolman6n@usgs.gov,Female,1995,Land Rover,Defender,Santa Clara,California,95054,US,37.3924,-121.9623,80817,McKenzie LLC,06/01/2023
241,Lilla,Cherm,lcherm6o@elegantthemes.com,Female,2011,Nissan,Murano,Murfreesboro,Tennessee,37131,US,35.8596,-86.421,70405,"Reichel, Lueilwitz and Swaniawski",01/22/2025
242,Gusta,Marsland,gmarsland6p@alibaba.com,Female,1998,Volkswagen,Cabriolet,Washington,District of Columbia,20041,US,38.8933,-77.0146,48746,Witting and Sons,01/07/2024
243,Fitzgerald,Dankov,fdankov6q@cloudflare.com,Male,2006,Maserati,GranSport,Lincoln,Nebraska,68524,US,40.8529,-96.7943,50389,Friesen-Konopelski,07/06/2023
244,Daveen,Noone,dnoone6r@addthis.com,Female,2004,Volkswagen,R32,Killeen,Texas,76544,US,31.1282,-97.7469,48391,Rolfson-Wisozk,06/22/2023
245,Fifine,Brisseau,fbrisseau6s@cbsnews.com,Female,1994,Ford,E-Series,Alexandria,Virginia,22313,US,38.8158,-77.09,94616,"Nicolas, Friesen and Leffler",01/13/2023
246,Karalynn,Kisbee,kkisbee6t@marketwatch.com,Female,2011,Maserati,Quattroporte,Austin,Texas,78764,US,30.4455,-97.6595,74147,Gleason-Blanda,08/27/2023
247,Don,Yerlett,dyerlett6u@phpbb.com,Male,1985,Mazda,RX-7,Englewood,Colorado,80150,US,39.7388,-104.4083,57815,Rolfson-Lockman,03/14/2024
248,Ingra,Drynan,idrynan6v@ucoz.ru,Male,2000,Ford,Econoline E350,Anchorage,Alaska,99507,US,61.1535,-149.8289,42379,"Stoltenberg, Williamson and Gleichner",10/09/2022
249,Rani,Measom,rmeasom6w@reuters.com,Female,2010,Toyota,Corolla,Oklahoma City,Oklahoma,73142,US,35.599,-97.6251,95482,"Thiel, Marks and Kunde",05/31/2024
250,Darrelle,Northley,dnorthley6x@wp.com,Female,2011,Volvo,XC90,Orlando,Florida,32854,US,28.5663,-81.2608,88035,Watsica-Romaguera,02/23/2024
251,Jerrie,Bagenal,jbagenal6y@sciencedirect.com,Female,2012,Nissan,NV1500,Santa Clara,California,95054,US,37.3924,-121.9623,37817,Torphy and Sons,01/01/2023
252,Yul,Foro,yforo6z@omniture.com,Male,2011,Dodge,Dakota,San Diego,California,92186,US,33.0169,-116.846,30110,Hickle Inc,01/07/2023
253,Niel,Filyakov,nfilyakov70@google.com.br,Male,2010,Toyota,Corolla,San Antonio,Texas,78291,US,29.4375,-98.4616,42256,Dicki-Rolfson,03/30/2022
254,Delmor,Truelock,dtruelock71@desdev.cn,Male,2004,Infiniti,G35,Fort Wayne,Indiana,46862,US,41.0938,-85.0707,64070,"Welch, Renner and Maggio",12/15/2023
255,Giacopo,MacNeillie,gmacneillie72@cmu.edu,Male,1996,Ford,Aspire,Des Moines,Iowa,50320,US,41.5487,-93.5827,47459,Emmerich-Bins,04/02/2023
256,Jermaine,Pipe,jpipe73@blog.com,Female,2001,Mitsubishi,Montero Sport,West Hartford,Connecticut,06127,US,41.7918,-72.7188,40442,"Anderson, Kerluke and Funk",12/19/2025
257,Sheela,Pochin,spochin74@weibo.com,Female,1995,Saturn,S-Series,Shawnee Mission,Kansas,66210,US,38.9273,-94.7143,62459,"Kertzmann, Parisian and Dickens",06/23/2022
258,Daisy,Graver,dgraver75@ted.com,Female,2011,GMC,Sierra,Orlando,Florida,32803,US,28.5559,-81.3535,76044,Keeling LLC,05/08/2022
259,Georges,Hanks,ghanks76@hatena.ne.jp,Male,2006,Toyota,Highlander,Roanoke,Virginia,24024,US,37.2742,-79.9579,86279,Rohan-Prohaska,08/07/2022
260,Almeta,Fruser,afruser77@netlog.com,Female,2004,Toyota,Tacoma Xtra,Sarasota,Florida,34238,US,27.2427,-82.4751,63065,Haag-Heller,02/20/2022
261,Patton,Bohlje,pbohlje78@prweb.com,Male,1995,Acura,NSX,Sacramento,California,95852,US,38.6026,-121.4475,53577,"Kirlin, Adams and Murphy",07/11/2024
262,Ofella,Roll,oroll79@xrea.com,Bigender,2009,Bentley,Continental GTC,Washington,District of Columbia,20029,US,38.8933,-77.0146,85707,Wehner Group,08/29/2023
263,Dara,Oosthout de Vree,doosthoutdevree7a@nydailynews.com,Female,2010,Buick,Enclave,Juneau,Alaska,99812,US,58.3271,-134.4742,89035,Toy Inc,04/26/2024
264,Chadwick,Kleeborn,ckleeborn7b@microsoft.com,Male,2007,Nissan,Murano,Youngstown,Ohio,44555,US,41.1039,-80.6436,42266,Buckridge-Orn,06/19/2024
265,Tyrus,Milborn,tmilborn7c@feedburner.com,Male,2011,Dodge,Challenger,New York City,New York,10110,US,40.754,-73.9808,84428,Stoltenberg-Flatley,02/12/2025
266,Lisha,Wreight,lwreight7d@gov.uk,Female,1996,Mitsubishi,Chariot,Saint Louis,Missouri,63121,US,38.7072,-90.3055,75230,Schimmel-Gleason,09/09/2025
267,Correy,Monday,cmonday7e@csmonitor.com,Male,2005,Dodge,Ram 3500,Dayton,Ohio,45403,US,39.7617,-84.1498,46273,Marquardt-Dickens,11/21/2025
268,Heriberto,McBrearty,hmcbrearty7f@joomla.org,Male,2008,Saab,9-3,New Orleans,Louisiana,70149,US,30.033,-89.8826,31666,"Osinski, Thompson and Walsh",01/04/2024
269,Bettine,Liley,bliley7g@ibm.com,Female,2010,Chevrolet,Impala,Saint Louis,Missouri,63131,US,38.6171,-90.4504,47044,"Hauck, Greenholt and Nolan",12/25/2024
270,Briney,Haime,bhaime7h@columbia.edu,Female,2003,Chevrolet,Express 1500,Cincinnati,Ohio,45243,US,39.1848,-84.3448,99376,Hodkiewicz Inc,08/17/2023
271,Loutitia,Avesque,lavesque7i@newsvine.com,Non-binary,2007,Audi,S8,Tacoma,Washington,98411,US,47.0662,-122.1132,49640,Keebler Inc,10/31/2022
272,Pete,Broggio,pbroggio7j@cbslocal.com,Male,2008,Isuzu,i-Series,Tampa,Florida,33680,US,27.872,-82.4388,70493,Frami Inc,03/23/2022
273,Abbi,Fynes,afynes7k@jalbum.net,Bigender,2003,Pontiac,Montana,Maple Plain,Minnesota,55579,US,45.0159,-93.4719,69096,Ernser and Sons,09/06/2025
274,Rennie,Boake,rboake7l@delicious.com,Female,1990,Mitsubishi,Chariot,San Francisco,California,94147,US,37.7848,-122.7278,54102,"Simonis, Huels and Kunze",12/10/2024
275,Ty,McPherson,tmcpherson7m@facebook.com,Genderqueer,2007,Nissan,Xterra,Boca Raton,Florida,33499,US,26.6459,-80.4303,58440,Rosenbaum Inc,12/19/2022
276,Giralda,Woodland,gwoodland7n@blogtalkradio.com,Female,1984,Pontiac,Bonneville,Washington,District of Columbia,20508,US,38.8933,-77.0146,60459,Anderson LLC,04/25/2022
277,Ursa,Renfrew,urenfrew7o@mapy.cz,Female,2010,BMW,X6,Lancaster,Pennsylvania,17605,US,40.0185,-76.2976,49635,Murray-Funk,02/03/2024
278,Rozelle,Glanville,rglanville7p@jimdo.com,Genderqueer,2004,Toyota,MR2,Jersey City,New Jersey,07310,US,40.7324,-74.0431,83296,"Cruickshank, Tromp and Koch",08/30/2025
279,Brock,Petriello,bpetriello7q@baidu.com,Male,1998,Suzuki,Sidekick,San Jose,California,95150,US,37.3866,-121.897,35475,Stokes and Sons,06/07/2022
280,Hazel,Peltz,hpeltz7r@eepurl.com,Male,1995,Ford,Aerostar,Erie,Pennsylvania,16510,US,42.1087,-79.9535,44785,Braun-Block,02/06/2024
281,Nanon,Elston,nelston7s@macromedia.com,Female,1998,Porsche,Boxster,Lansing,Michigan,48912,US,42.7371,-84.5244,42993,O'Keefe Inc,03/05/2025
282,Harwilll,MacDwyer,hmacdwyer7t@macromedia.com,Male,2011,Lexus,LS Hybrid,Springfield,Illinois,62718,US,39.778,-89.6466,37101,Kuhlman-Crist,07/02/2022
283,Carlina,Copson,ccopson7u@skyrock.com,Female,1998,Chevrolet,Metro,Roanoke,Virginia,24029,US,37.2742,-79.9579,46585,"Homenick, Lehner and Ernser",08/14/2025
284,Michel,Ridding,mridding7v@ft.com,Genderqueer,1999,Toyota,Solara,Denver,Colorado,80291,US,39.7439,-104.9876,57168,Bruen and Sons,10/20/2024
285,Jilly,Jozefczak,jjozefczak7w@mail.ru,Female,2004,Mitsubishi,Pajero,San Diego,California,92186,US,33.0169,-116.846,33053,"Schmidt, Herman and Ledner",07/30/2025
286,Laurent,Swatheridge,lswatheridge7x@ezinearticles.com,Male,2008,Ford,Ranger,Stockton,California,95210,US,38.025,-121.2972,43489,Mayert-Fay,09/01/2024
287,Carey,Lindborg,clindborg7y@hostgator.com,Female,1994,Land Rover,Defender 90,Kansas City,Missouri,64190,US,39.3432,-94.8516,52140,O'Hara-Daniel,07/21/2023
288,Saul,Guyver,sguyver7z@chron.com,Genderqueer,2000,Ford,Crown Victoria,Shreveport,Louisiana,71161,US,32.6076,-93.7526,76501,Lebsack-Bauch,02/02/2022
289,Anestassia,Farmer,afarmer80@marketwatch.com,Female,1984,Mercedes-Benz,E-Class,Baton Rouge,Louisiana,70836,US,30.392,-91.0892,92791,Gerhold-Windler,01/31/2024
290,Carver,Mannion,cmannion81@ustream.tv,Male,2006,Saab,9-7X,Fresno,California,93750,US,36.7464,-119.6397,79257,"Bauch, Schuster and Skiles",04/18/2025
291,Charlene,Care,ccare82@redcross.org,Female,2010,Toyota,Matrix,Stamford,Connecticut,06912,US,41.3089,-73.3637,84717,Trantow and Sons,11/13/2024
292,Hernando,Gwynne,hgwynne83@lulu.com,Male,2008,Subaru,Tribeca,Rochester,New York,14604,US,43.1577,-77.608,45876,"Labadie, Schuster and Kautzer",03/16/2024
293,Dasie,Ortiger,dortiger84@hostgator.com,Female,1960,Chevrolet,Corvair,Rochester,Minnesota,55905,US,44.0225,-92.4668,99220,Hauck-Schulist,03/29/2025
294,Pepi,Baumann,pbaumann85@howstuffworks.com,Female,2009,Pontiac,Solstice,Palm Bay,Florida,32909,US,27.9694,-80.6473,81050,Barton-Ritchie,09/18/2024
295,Doyle,Aplin,daplin86@netscape.com,Male,1995,Lamborghini,Diablo,Cleveland,Ohio,44130,US,41.3826,-81.7964,69172,O'Hara LLC,06/16/2025
296,Rikki,Galpen,rgalpen87@ibm.com,Female,2012,Ford,F250,Fort Smith,Arkansas,72905,US,35.191,-94.2382,75494,Spinka LLC,03/26/2024
297,Frazer,Audiss,faudiss88@prnewswire.com,Agender,1993,Buick,Roadmaster,Oakland,California,94660,US,37.6802,-121.9215,34326,Shanahan Inc,07/16/2022
298,Laurie,Yakolev,lyakolev89@apache.org,Male,2004,Suzuki,Aerio,Jersey City,New Jersey,07310,US,40.7324,-74.0431,54890,Crooks LLC,05/23/2022
299,Jayme,Baseggio,jbaseggio8a@bbb.org,Female,1992,Toyota,Paseo,San Jose,California,95194,US,37.3894,-121.8868,82554,"Padberg, Schiller and Lockman",12/03/2022
300,Lemmie,McCroary,lmccroary8b@slideshare.net,Bigender,1987,Mazda,B-Series,Trenton,New Jersey,08650,US,40.2805,-74.712,37036,"Renner, O'Connell and Lesch",06/13/2025
301,Nevile,Arsey,narsey8c@devhub.com,Male,1990,Mazda,B-Series,El Paso,Texas,79989,US,31.6948,-106.3,98104,"Ortiz, Halvorson and Boyle",08/26/2025
302,Suzanne,Welbelove,swelbelove8d@reddit.com,Female,1994,Dodge,Spirit,Metairie,Louisiana,70005,US,30.0005,-90.1331,32832,Murphy-Huel,09/06/2023
303,Lynda,Colthard,lcolthard8e@multiply.com,Female,2003,Mazda,Protege,Cincinnati,Ohio,45243,US,39.1848,-84.3448,92615,Weimann-Kozey,07/27/2023
304,Lib,Woodyear,lwoodyear8f@amazon.co.uk,Female,2007,Acura,RL,Los Angeles,California,90050,US,33.7866,-118.2987,76732,King Group,05/31/2023
305,Stern,Wigley,swigley8g@acquirethisname.com,Male,2008,Toyota,Highlander,Stamford,Connecticut,06912,US,41.3089,-73.3637,91122,Marquardt-Haag,10/10/2024
306,Belva,Mothersdale,bmothersdale8h@bluehost.com,Female,1995,Lexus,LS,Hartford,Connecticut,06145,US,41.7918,-72.7188,51302,Schultz and Sons,10/12/2025
307,Fairfax,Heinonen,fheinonen8i@csmonitor.com,Polygender,1995,Ford,Escort,Modesto,California,95397,US,37.6566,-121.0191,60597,"Wiza, Heller and Yundt",05/27/2024
308,Lothaire,Izakov,lizakov8j@cocolog-nifty.com,Male,1997,Mercury,Tracer,Montgomery,Alabama,36125,US,32.2334,-86.2085,82644,"Reichel, McKenzie and Homenick",04/24/2022
309,Pattie,Zimmermanns,pzimmermanns8k@jiathis.com,Female,1995,Volkswagen,Jetta III,Orlando,Florida,32885,US,28.5456,-81.3782,38794,"Daniel, Lindgren and O'Kon",04/25/2024
310,Vinnie,Swindles,vswindles8l@wix.com,Female,1992,Dodge,Ramcharger,Lancaster,Pennsylvania,17622,US,40.0418,-76.3012,93776,"Torp, Wolf and Nader",04/13/2025
311,Alida,Chattell,achattell8m@sourceforge.net,Female,2008,Suzuki,XL7,Arlington,Virginia,22205,US,38.8836,-77.1395,73193,Strosin Group,06/11/2023
312,Elbert,Hoppner,ehoppner8n@ask.com,Male,2007,Pontiac,Grand Prix,Bozeman,Montana,59771,US,45.7246,-111.1238,41460,Fadel-Windler,09/25/2022
313,Kevin,Norrington,knorrington8o@4shared.com,Male,1996,Pontiac,Trans Sport,Spokane,Washington,99260,US,47.6536,-117.4317,92800,"Dickens, Jacobs and Reichert",11/10/2022
314,Artus,Furley,afurley8p@wired.com,Male,2011,BMW,7 Series,Oakland,California,94627,US,37.6802,-121.9215,82096,Mraz and Sons,11/19/2022
315,Arri,Shirland,ashirland8q@imdb.com,Male,2001,Ford,Expedition,Washington,District of Columbia,20520,US,38.8932,-77.049,81840,Cole-Ritchie,10/04/2025
316,Louie,Hane,lhane8r@odnoklassniki.ru,Male,1995,Chevrolet,Sportvan G20,South Bend,Indiana,46614,US,41.6255,-86.2433,38839,Leffler-Cole,07/12/2024
317,Marya,Loweth,mloweth8s@flavors.me,Female,1989,Mitsubishi,Excel,Sacramento,California,94291,US,38.3774,-121.4444,47071,"Ernser, Pollich and Swaniawski",01/17/2026
318,Cristina,Radoux,cradoux8t@liveinternet.ru,Female,2011,Infiniti,QX56,Topeka,Kansas,66606,US,39.0583,-95.7095,85573,Keeling Inc,01/06/2026
319,Ezekiel,Pittson,epittson8u@printfriendly.com,Male,2000,Chevrolet,Silverado 1500,Buffalo,New York,14210,US,42.8614,-78.8206,43161,"Sauer, Turner and Aufderhar",04/21/2022
320,Else,Beards,ebeards8v@cocolog-nifty.com,Female,2008,Mazda,Mazda3,Miami,Florida,33124,US,25.5584,-80.4582,94513,Schneider-Lakin,03/08/2022
321,Earl,Dickens,edickens8w@chicagotribune.com,Male,2002,Toyota,Land Cruiser,Winston Salem,North Carolina,27105,US,36.144,-80.2376,38810,Murray-Metz,03/08/2024
322,Maybelle,Gaythorpe,mgaythorpe8x@techcrunch.com,Female,2002,Mercedes-Benz,G-Class,Palatine,Illinois,60078,US,41.8119,-87.6873,75853,Krajcik-Bailey,01/04/2026
323,Frazer,Seger,fseger8y@booking.com,Male,2003,Ford,Mustang,Louisville,Kentucky,40280,US,38.2467,-85.6853,30981,Gleason LLC,05/11/2025
324,Stafford,Walisiak,swalisiak8z@zdnet.com,Male,2010,BMW,5 Series,Kalamazoo,Michigan,49006,US,42.2922,-85.633,43271,Osinski Group,11/20/2025
325,Gennifer,Blare,gblare90@exblog.jp,Female,2000,Ford,Focus,Lawrenceville,Georgia,30045,US,33.9367,-83.9573,89607,Dach and Sons,05/05/2024
326,Royce,Bierling,rbierling91@cnn.com,Male,2003,Lincoln,Navigator,Toledo,Ohio,43666,US,41.6782,-83.4972,34095,Beer Group,09/14/2023
327,Cletus,Methingam,cmethingam92@prweb.com,Male,1993,Dodge,Colt,Austin,Texas,78764,US,30.4455,-97.6595,89245,O'Connell-Block,10/23/2024
328,Vance,Futcher,vfutcher93@cocolog-nifty.com,Male,2008,Porsche,Boxster,New Orleans,Louisiana,70160,US,30.033,-89.8826,90165,Schmidt-Mann,05/15/2025
329,Arliene,Hardwell,ahardwell94@miitbeian.gov.cn,Female,1993,Toyota,Land Cruiser,Fresno,California,93750,US,36.7464,-119.6397,36487,Shields and Sons,03/27/2024
330,Arly,Scarman,ascarman95@blogs.com,Female,2010,Jeep,Patriot,Las Vegas,Nevada,89166,US,36.3265,-115.3398,80381,"Greenholt, O'Kon and Miller",03/27/2025
331,Tracie,Yglesia,tyglesia96@accuweather.com,Female,2010,Aston Martin,DB9,Birmingham,Alabama,35263,US,33.5225,-86.8094,70544,Buckridge-Wolf,07/30/2022
332,Rianon,Cantero,rcantero97@census.gov,Female,2002,Buick,Regal,Corpus Christi,Texas,78475,US,27.777,-97.4632,72275,"Kshlerin, Feeney and Roob",10/04/2024
333,Glenna,Cornner,gcornner98@topsy.com,Female,1999,Cadillac,Catera,Dallas,Texas,75353,US,32.7673,-96.7776,53638,Baumbach-Nolan,02/24/2025
334,Dean,Minico,dminico99@apache.org,Male,1989,Ford,F-Series,Boston,Massachusetts,02124,US,42.2868,-71.071,53106,Schowalter LLC,04/04/2024
335,Leola,Dust,ldust9a@miibeian.gov.cn,Female,1997,Toyota,RAV4,Greensboro,North Carolina,27499,US,36.0807,-80.0244,99636,Pollich and Sons,01/25/2023
336,Elenore,Djorvic,edjorvic9b@dion.ne.jp,Female,1997,Land Rover,Defender,Lincoln,Nebraska,68505,US,40.8247,-96.6252,54388,Hyatt-Okuneva,01/11/2025
337,Lora,Rayment,lrayment9c@phoca.cz,Female,1988,Ford,Aerostar,Fort Wayne,Indiana,46814,US,41.0456,-85.3058,74972,Flatley Inc,02/09/2024
338,Mycah,Askell,maskell9d@home.pl,Male,2013,Ford,Focus,Springfield,Illinois,62776,US,39.7495,-89.606,33224,Purdy Inc,09/10/2022
339,Land,Cockhill,lcockhill9e@webmd.com,Male,1992,Volkswagen,riolet,Oakland,California,94627,US,37.6802,-121.9215,55411,"Becker, Rutherford and Boyer",06/02/2025
340,Farra,Hurren,fhurren9f@trellian.com,Female,2010,Aptera,Type-1h,Washington,District of Columbia,20551,US,38.892,-77.0452,42071,Mosciski-Huel,08/16/2024
341,Kessiah,O'Keenan,kokeenan9g@washingtonpost.com,Female,2007,Toyota,Camry Solara,Chicago,Illinois,60697,US,41.8119,-87.6873,65636,"Oberbrunner, Kertzmann and Hudson",07/24/2025
342,Corinna,Fonso,cfonso9h@homestead.com,Female,2010,Land Rover,LR2,Dallas,Texas,75210,US,32.7699,-96.743,83386,"Ledner, Nader and Flatley",06/26/2025
343,Ivar,Daunter,idaunter9i@sohu.com,Male,1994,Toyota,MR2,Ridgely,Maryland,21684,US,38.8893,-75.8612,78771,Kozey-Mayer,01/08/2023
344,Aida,Treske,atreske9j@github.io,Female,2003,Isuzu,Axiom,Mc Keesport,Pennsylvania,15134,US,40.4344,-80.0248,31451,"Pollich, MacGyver and Predovic",07/24/2024
345,Austin,Ca,aca9k@nba.com,Female,2010,Ford,F-Series Super Duty,Columbus,Ohio,43220,US,40.0495,-83.0669,30035,"Okuneva, Rice and Howe",01/30/2022
346,Alwin,Malamore,amalamore9l@toplist.cz,Male,2005,Dodge,Viper,Great Neck,New York,11024,US,40.8171,-73.7416,95124,"Schiller, Price and Ankunding",07/31/2022
347,Cece,Perico,cperico9m@mediafire.com,Male,1995,GMC,Safari,Port Washington,New York,11054,US,40.7548,-73.6018,33051,Turcotte-Volkman,05/26/2024
348,Boniface,Eisikowitz,beisikowitz9n@digg.com,Male,1971,Pontiac,GTO,Dayton,Ohio,45419,US,39.7155,-84.1637,45279,Farrell Group,09/03/2025
349,Maggy,Duffield,mduffield9o@boston.com,Genderqueer,1997,Dodge,Dakota Club,Washington,District of Columbia,20078,US,38.8933,-77.0146,55666,Wilderman Group,02/21/2022
350,Caitrin,Gonsalvo,cgonsalvo9p@squidoo.com,Female,1994,Lamborghini,Diablo,San Jose,California,95173,US,37.3352,-121.8938,30431,Conroy Group,04/27/2022
351,Lucas,Batie,lbatie9q@meetup.com,Male,2006,Cadillac,CTS,Indianapolis,Indiana,46202,US,39.7851,-86.1595,64666,"Turcotte, D'Amore and Grant",11/25/2025
352,Marji,Wasiela,mwasiela9r@acquirethisname.com,Female,2006,Ford,Ranger,El Paso,Texas,88546,US,31.6948,-106.3,47601,McGlynn-Halvorson,04/07/2024
353,Urbanus,Ferrai,uferrai9s@netvibes.com,Agender,1993,Pontiac,Grand Prix,Saint Louis,Missouri,63143,US,38.6111,-90.3225,78985,VonRueden-Stroman,07/11/2023
354,Jacquenetta,Robertazzi,jrobertazzi9t@cdc.gov,Female,2007,Ford,Focus,Anchorage,Alaska,99507,US,61.1535,-149.8289,77037,Wunsch-Shanahan,03/13/2022
355,Cece,Rushby,crushby9u@wix.com,Male,2012,Ford,E250,Gaithersburg,Maryland,20883,US,39.0883,-77.1568,52120,"Sawayn, Mann and Sanford",09/18/2023
356,Barnaby,Pead,bpead9v@merriam-webster.com,Male,1996,Mazda,MPV,Hartford,Connecticut,06160,US,41.7665,-72.6933,92084,"Keebler, Rodriguez and Mueller",08/02/2023
357,Coriss,Deviney,cdeviney9w@businesswire.com,Female,1994,GMC,1500 Club Coupe,Albuquerque,New Mexico,87180,US,35.0443,-106.6729,82945,Spinka-Bernier,05/14/2022
358,Randell,Buncom,rbuncom9x@google.com,Male,2002,Chevrolet,Silverado 3500,Savannah,Georgia,31405,US,32.0391,-81.1242,35596,O'Keefe Group,10/30/2024
359,Hillie,Careless,hcareless9y@a8.net,Male,2009,Suzuki,XL7,Midland,Texas,79710,US,31.8693,-102.0317,79391,"Howell, Grant and Kris",11/12/2022
360,Barrett,Sandels,bsandels9z@networksolutions.com,Male,1992,GMC,Rally Wagon 2500,Tampa,Florida,33633,US,27.872,-82.4388,54525,"Rogahn, Blanda and Rogahn",03/19/2023
361,Morissa,Tethacot,mtethacota0@princeton.edu,Agender,2006,Chevrolet,Suburban 1500,Las Vegas,Nevada,89193,US,35.9279,-114.9721,80661,Cartwright-Jacobi,08/21/2022
362,Rollin,Docwra,rdocwraa1@technorati.com,Male,2009,Kia,Spectra,Melbourne,Florida,32941,US,27.9246,-80.5235,59909,O'Conner-Schmidt,09/06/2024
363,Ertha,Farmer,efarmera2@tuttocitta.it,Female,1991,Buick,Riviera,Erie,Pennsylvania,16565,US,42.1827,-80.0649,78052,Ratke LLC,02/09/2024
364,Shannah,Swadlinge,sswadlingea3@dailymotion.com,Female,2010,Dodge,Dakota,Pittsburgh,Pennsylvania,15235,US,40.4598,-79.8224,73796,"Schmitt, Dibbert and Pouros",04/24/2024
365,Yul,Todeo,ytodeoa4@blogs.com,Male,2010,Land Rover,LR2,Las Vegas,Nevada,89115,US,36.2158,-115.0671,75238,"Bosco, Crooks and Wintheiser",05/18/2025
366,Lincoln,Giacobo,lgiacoboa5@feedburner.com,Bigender,1986,Volkswagen,GTI,Omaha,Nebraska,68134,US,41.2949,-96.0546,54424,Johnson-Conn,08/13/2024
367,Dal,Boote,dbootea6@yale.edu,Polygender,2008,Honda,Pilot,Green Bay,Wisconsin,54305,US,44.4601,-88.0074,72085,"Maggio, Anderson and Boyle",08/23/2024
368,Theresina,Ren,trena7@rambler.ru,Female,1992,Ford,Bronco,Hollywood,Florida,33028,US,26.0185,-80.3449,94092,Huels Group,01/03/2026
369,Saw,Mauger,smaugera8@oakley.com,Male,2009,Mercedes-Benz,CLS-Class,Memphis,Tennessee,38161,US,35.2017,-89.9715,78500,"Wolff, McDermott and Konopelski",12/04/2024
370,Olly,Piddlehinton,opiddlehintona9@cbslocal.com,Female,2003,Mercedes-Benz,G-Class,Bronx,New York,10474,US,40.8139,-73.8841,61865,Spinka-Kutch,07/02/2024
371,Hieronymus,Ellcome,hellcomeaa@columbia.edu,Male,2009,Cadillac,XLR,Jacksonville,Florida,32209,US,30.3584,-81.692,63404,Kerluke Inc,07/27/2023
372,Alejandrina,Edgeller,aedgellerab@alexa.com,Female,1995,Lincoln,Town Car,Washington,District of Columbia,20231,US,38.8933,-77.0146,52557,"Bartoletti, Legros and Stokes",01/23/2024
373,Hanan,Mattiato,hmattiatoac@paginegialle.it,Male,2007,Volkswagen,Passat,Clearwater,Florida,33758,US,27.8918,-82.7248,47812,Zboncak Group,03/16/2023
374,Parsifal,Silkstone,psilkstonead@mlb.com,Agender,1998,Jeep,Wrangler,Louisville,Kentucky,40250,US,38.189,-85.6768,75227,Wehner-Grimes,12/23/2022
375,Kacie,McFetridge,kmcfetridgeae@fotki.com,Female,1998,Ford,Contour,Louisville,Kentucky,40220,US,38.2149,-85.6245,96994,"Reinger, Wuckert and Fay",07/11/2022
376,Filippa,Loakes,floakesaf@digg.com,Female,1993,Plymouth,Grand Voyager,Jacksonville,Florida,32215,US,30.2407,-81.893,84172,"Cassin, Larson and Schuster",05/20/2022
377,Ailyn,Reekie,areekieag@abc.net.au,Female,2009,Land Rover,Freelander,Scottsdale,Arizona,85255,US,33.6968,-111.8892,63826,Borer LLC,04/28/2025
378,Maury,Cridlin,mcridlinah@marketwatch.com,Male,1998,Lincoln,Town Car,Lakeland,Florida,33811,US,27.9865,-82.0139,86414,"Steuber, Carter and Hyatt",01/25/2024
379,Antonio,Kleinstub,akleinstubai@google.co.jp,Male,2005,Nissan,Titan,Long Beach,California,90831,US,33.7678,-118.1994,45925,"Mosciski, Farrell and Bahringer",08/31/2025
380,Reggy,Houndson,rhoundsonaj@opensource.org,Male,1984,Mercury,Capri,Scranton,Pennsylvania,18505,US,41.3914,-75.6657,88648,"Ziemann, Blick and Davis",02/17/2022
381,Nial,Ellerman,nellermanak@smugmug.com,Non-binary,1996,GMC,2500,Chicago,Illinois,60669,US,41.8119,-87.6873,53247,"Rutherford, Wilkinson and Howe",04/23/2023
382,Alasteir,Karran,akarranal@t-online.de,Male,2000,Isuzu,Trooper,Indianapolis,Indiana,46278,US,39.8726,-86.2768,50600,Jacobson and Sons,07/01/2023
383,Rosetta,Peet,rpeetam@webeden.co.uk,Female,1995,Dodge,Dakota Club,Philadelphia,Pennsylvania,19136,US,40.0422,-75.0244,48342,"Fahey, Smitham and Brekke",02/12/2022
384,Damaris,Leeder,dleederan@dedecms.com,Female,2001,Nissan,Altima,Minneapolis,Minnesota,55423,US,44.8756,-93.2553,75809,"Graham, Douglas and Boehm",12/02/2023
385,Gussi,Rushbrooke,grushbrookeao@wordpress.org,Female,2009,Saab,9-3,Tulsa,Oklahoma,74108,US,36.1499,-95.7923,46083,Goldner Group,02/11/2023
386,Yasmeen,Connochie,yconnochieap@miibeian.gov.cn,Female,1967,Volkswagen,Beetle,Tacoma,Washington,98405,US,47.2484,-122.4644,58444,Schamberger-Simonis,12/04/2025
387,Sheelagh,Di Biagi,sdibiagiaq@hc360.com,Female,2009,Land Rover,LR2,Brea,California,92822,US,33.9187,-117.8892,94481,Emard-Abbott,06/12/2025
388,Randi,Chestnut,rchestnutar@yellowbook.com,Male,2010,Nissan,Cube,Oakland,California,94616,US,37.8044,-122.2698,31461,"Leuschke, Labadie and Botsford",04/22/2022
389,Zachery,Garrud,zgarrudas@woothemes.com,Male,2003,Lexus,GX,Sacramento,California,95865,US,38.596,-121.3978,81770,"Stanton, Fahey and Corwin",06/25/2023
390,Ervin,Gronowe,egronoweat@wordpress.com,Male,2004,Infiniti,QX,Columbus,Ohio,43231,US,40.081,-82.9383,88304,"Sipes, Williamson and O'Conner",09/05/2024
391,Eben,Roach,eroachau@so-net.ne.jp,Male,1991,Pontiac,Firefly,Cincinnati,Ohio,45296,US,39.1668,-84.5382,39852,Padberg Inc,03/24/2023
392,Fee,Stoffers,fstoffersav@twitter.com,Male,2007,Toyota,Prius,Los Angeles,California,90081,US,33.7866,-118.2987,32791,"Morar, Rice and Farrell",10/24/2024
393,Erina,Viste,evisteaw@blogtalkradio.com,Female,2006,Mazda,Tribute,New York City,New York,10203,US,40.7808,-73.9772,43655,Hills-Muller,07/27/2022
394,Paola,Charsley,pcharsleyax@constantcontact.com,Female,2010,Cadillac,DTS,Schaumburg,Illinois,60193,US,42.0144,-88.0935,99628,Emmerich and Sons,03/06/2022
395,Kariotta,Carrol,kcarrolay@digg.com,Female,2000,Ford,Expedition,Tampa,Florida,33605,US,27.9671,-82.4334,52373,Jacobs LLC,05/04/2024
396,Marja,Kenafaque,mkenafaqueaz@ucoz.com,Female,1992,Alfa Romeo,164,Louisville,Kentucky,40220,US,38.2149,-85.6245,61679,"Willms, Reichert and Raynor",08/16/2024
397,Worth,Houldin,whouldinb0@spiegel.de,Polygender,2006,Audi,A8,Jersey City,New Jersey,07305,US,40.702,-74.089,48807,"Casper, Wehner and Kutch",04/11/2022
398,Electra,Callery,ecalleryb1@apache.org,Female,2007,Toyota,Sequoia,Denver,Colorado,80235,US,39.6472,-105.0795,99990,Little-Olson,04/23/2024
399,Diego,Dinnis,ddinnisb2@webmd.com,Genderfluid,1992,Volkswagen,riolet,Baton Rouge,Louisiana,70883,US,30.5159,-91.0804,98338,"Leffler, Hintz and Greenfelder",07/17/2024
400,Ezri,Senten,esentenb3@ft.com,Non-binary,2012,Toyota,Avalon,Bryan,Texas,77806,US,30.6521,-96.341,63079,Gleichner-Reichel,09/13/2023
401,Ellie,Rix,erixb4@youtu.be,Female,2006,Lincoln,LS,Grand Forks,North Dakota,58207,US,47.9335,-97.3944,70786,Larkin Inc,02/27/2025
402,Layton,Hartland,lhartlandb5@google.com.br,Male,2008,Lincoln,Town Car,Springfield,Illinois,62764,US,39.7495,-89.606,34835,VonRueden-Marquardt,06/26/2025
403,Valentine,Landers,vlandersb6@topsy.com,Female,2007,Dodge,Ram 1500,Sacramento,California,94273,US,38.3774,-121.4444,36649,"Dare, Conroy and Reynolds",05/09/2025
404,Forrester,Simonutti,fsimonuttib7@privacy.gov.au,Male,1999,Mitsubishi,Galant,Boston,Massachusetts,02104,US,42.3389,-70.9196,65436,Raynor-Quitzon,05/21/2024
405,Jermayne,Trye,jtryeb8@time.com,Male,2013,GMC,Yukon XL 2500,Chula Vista,California,91913,US,32.6513,-116.9852,69074,"Beahan, Rice and Waelchi",03/02/2024
406,Jaimie,Ivins,jivinsb9@cocolog-nifty.com,Male,2012,Chevrolet,Silverado 1500,Austin,Texas,78732,US,30.3752,-97.9007,52753,Larkin-Mayert,12/12/2024
407,Horatia,Bice,hbiceba@wunderground.com,Female,2006,Chevrolet,Express 1500,Prescott,Arizona,86305,US,34.8185,-112.9584,56067,"Marks, Wuckert and Sawayn",09/25/2022
408,Gwyneth,Huett,ghuettbb@qq.com,Female,2010,Lotus,Evora,New Orleans,Louisiana,70142,US,30.033,-89.8826,32292,"Okuneva, Mosciski and Reichert",11/28/2022
409,Helge,Daughtry,hdaughtrybc@hc360.com,Female,2003,Oldsmobile,Bravada,Cleveland,Ohio,44185,US,41.6857,-81.6728,60532,"Zemlak, Waelchi and Mosciski",03/10/2025
410,Hubie,Ardern,hardernbd@state.tx.us,Male,2010,Ford,F250,Washington,District of Columbia,20226,US,38.8933,-77.0146,34852,Lang-Dare,08/30/2023
411,Lemar,Fairtlough,lfairtloughbe@hugedomains.com,Male,2003,Toyota,MR2,Portland,Maine,04109,US,43.6783,-70.1987,68249,Morissette-Legros,04/04/2022
412,Raynard,Manifield,rmanifieldbf@slashdot.org,Male,2002,Ford,Crown Victoria,Saginaw,Michigan,48609,US,43.3869,-84.0926,47694,Koch Inc,09/20/2024
413,Tod,Halbert,thalbertbg@auda.org.au,Male,2007,Mercedes-Benz,M-Class,Migrate,Kentucky,41905,US,38.0638,-84.5027,66792,Terry-Runolfsson,05/23/2022
414,Isa,Aberdalgy,iaberdalgybh@nytimes.com,Female,2011,Bentley,Continental,San Diego,California,92196,US,33.0169,-116.846,31083,Pagac and Sons,08/19/2023
415,Asa,Charpling,acharplingbi@ucoz.com,Male,2011,Chevrolet,Volt,New York City,New York,10160,US,40.7808,-73.9772,71142,Adams-Lesch,03/15/2024
416,Wynnie,Kemmer,wkemmerbj@phoca.cz,Female,1963,Studebaker,Avanti,Sunnyvale,California,94089,US,37.3983,-122.0006,46594,"Hamill, Pouros and Fisher",09/15/2022
417,Thomasa,O'Hartigan,tohartiganbk@plala.or.jp,Female,1999,Saab,9-5,Pasadena,California,91117,US,33.7866,-118.2987,45975,"Moen, Hoppe and Howe",03/20/2024
418,Annissa,Vickors,avickorsbl@domainmarket.com,Female,1986,Porsche,911,Tucson,Arizona,85720,US,31.9701,-111.8907,95442,"Rolfson, Mills and Flatley",12/18/2025
419,Dulcinea,Godfrey,dgodfreybm@globo.com,Female,2006,Chevrolet,Express 3500,Atlanta,Georgia,30375,US,33.8444,-84.474,39428,"Gerhold, Heaney and O'Reilly",08/10/2025
420,Hildegarde,Corr,hcorrbn@shutterfly.com,Female,2007,GMC,Savana 2500,Albany,New York,12242,US,42.6149,-73.9708,71691,Hansen-Hayes,09/26/2024
421,Chalmers,Agass,cagassbo@wired.com,Non-binary,2003,BMW,Z4,Reno,Nevada,89595,US,40.5412,-119.5869,55286,O'Conner LLC,11/19/2025
422,Emily,Ordelt,eordeltbp@xing.com,Non-binary,2008,Land Rover,Freelander,Ann Arbor,Michigan,48107,US,42.2535,-83.8366,74499,"Runolfsson, Runte and Predovic",02/20/2024
423,Patience,Killock,pkillockbq@washington.edu,Female,2009,Audi,A4,Los Angeles,California,90060,US,33.7866,-118.2987,76616,"Schinner, Schoen and Bosco",09/27/2024
424,Woodrow,Tillyer,wtillyerbr@youku.com,Male,2000,GMC,Sierra 1500,Lafayette,Louisiana,70593,US,30.2081,-92.0951,36052,Dooley-Lang,02/19/2025
425,Drew,Pudding,dpuddingbs@bluehost.com,Male,1993,Ford,Festiva,Fort Lauderdale,Florida,33345,US,26.1654,-80.2959,81956,"Jacobi, Conroy and Herzog",02/19/2022
426,Jarret,Oldcroft,joldcroftbt@gnu.org,Male,1994,Toyota,Xtra,Kansas City,Kansas,66160,US,39.0966,-94.7495,52210,"Heidenreich, Homenick and Roob",11/10/2022
427,Adelle,Frede,afredebu@bandcamp.com,Female,2007,Mercedes-Benz,G-Class,El Paso,Texas,88525,US,31.6948,-106.3,33011,Strosin-Ward,11/04/2024
428,Gareth,Mardy,gmardybv@about.com,Male,1992,Ford,F-Series,Savannah,Georgia,31405,US,32.0391,-81.1242,56197,Gutmann-Herman,03/19/2024
429,Staford,Skinn,sskinnbw@paypal.com,Male,2004,Ford,E250,Columbus,Georgia,31914,US,32.491,-84.8741,64171,Wolf-Purdy,04/19/2023
430,Brooks,Alkin,balkinbx@weibo.com,Genderqueer,2010,Mercedes-Benz,E-Class,Charleston,South Carolina,29403,US,32.7976,-79.9493,44436,Altenwerth Inc,04/12/2024
431,Mareah,Woof,mwoofby@livejournal.com,Genderfluid,2004,GMC,Envoy XL,Port Saint Lucie,Florida,34985,US,27.3822,-80.409,39324,Mante LLC,10/04/2025
432,Gayle,Bernade,gbernadebz@1688.com,Bigender,2006,Bentley,Azure,Warren,Ohio,44485,US,41.2405,-80.8441,93127,Kemmer-Erdman,07/05/2023
433,Ruthe,Hurdle,rhurdlec0@taobao.com,Female,2002,Land Rover,Discovery Series II,Denver,Colorado,80299,US,39.7388,-104.4083,56012,"Leuschke, Reichel and Schneider",10/23/2023
434,Ame,Keppy,akeppyc1@google.com.hk,Female,1995,Pontiac,Grand Prix,Reno,Nevada,89505,US,39.5224,-119.8353,95986,"Emard, Abshire and Rodriguez",11/20/2024
435,Susannah,Conyer,sconyerc2@mozilla.com,Female,1992,Mitsubishi,3000GT,Washington,District of Columbia,20591,US,38.8933,-77.0146,55019,"Predovic, McLaughlin and Wilkinson",02/13/2025
436,Lilias,Pears,lpearsc3@free.fr,Female,1993,Porsche,968,Santa Monica,California,90405,US,34.01,-118.4717,40995,Zemlak Group,03/19/2023
437,Merrill,Powers,mpowersc4@netvibes.com,Male,2004,Ford,Escape,El Paso,Texas,88574,US,31.6948,-106.3,51404,Jakubowski-Pagac,10/02/2025
438,Tanney,Dakhov,tdakhovc5@hibu.com,Male,1994,Subaru,Justy,Knoxville,Tennessee,37919,US,35.9244,-84.0015,66655,Toy LLC,11/25/2025
439,Gibby,Korejs,gkorejsc6@rambler.ru,Male,1997,GMC,Savana 2500,Tampa,Florida,33673,US,27.872,-82.4388,46487,Welch-Larkin,05/04/2024
440,Vite,Wardlaw,vwardlawc7@sogou.com,Male,2010,Lexus,GS,New Bedford,Massachusetts,02745,US,41.6913,-70.9355,95383,Jacobs-Smitham,04/03/2024
441,Hansiain,Garoghan,hgaroghanc8@jimdo.com,Male,2010,Volvo,S80,Jamaica,New York,11447,US,40.6914,-73.8061,59339,"Jerde, Heller and Macejkovic",02/25/2024
442,Misha,Grevile,mgrevilec9@com.com,Genderqueer,1985,Mercedes-Benz,S-Class,Philadelphia,Pennsylvania,19196,US,40.0018,-75.1179,83457,King Group,05/28/2023
443,Brandise,Kail,bkailca@deviantart.com,Female,1995,Pontiac,Firefly,Cincinnati,Ohio,45213,US,39.1802,-84.4204,71004,Mueller and Sons,01/20/2026
444,Rochester,Critten,rcrittencb@paginegialle.it,Male,2009,Lincoln,Town Car,Bethesda,Maryland,20816,US,38.9585,-77.1153,59341,Lebsack Group,10/17/2023
445,Aurore,Hawkslee,ahawksleecc@independent.co.uk,Female,2003,Lexus,LS,Springfield,Massachusetts,01129,US,42.1223,-72.4876,30750,"Renner, Schuppe and Altenwerth",01/11/2025
446,Paolo,Siward,psiwardcd@skype.com,Male,2005,Chevrolet,Cavalier,Newark,Delaware,19725,US,39.5645,-75.597,85376,Carroll-Wiegand,09/17/2023
447,Giffer,Nelm,gnelmce@4shared.com,Male,1993,Subaru,Legacy,Scottsdale,Arizona,85255,US,33.6968,-111.8892,79203,"Vandervort, Pfannerstill and Satterfield",10/31/2022
448,Forster,Linke,flinkecf@1und1.de,Male,2009,Kia,Carens,Athens,Georgia,30610,US,33.9443,-83.3891,55706,"Swaniawski, Collins and Bernhard",10/17/2025
449,Lynda,Dumbrill,ldumbrillcg@statcounter.com,Female,2005,Maserati,Coupe,Little Rock,Arkansas,72215,US,34.7519,-92.3925,43119,Harber-Raynor,03/20/2025
450,Claudian,Sunner,csunnerch@webs.com,Male,2000,Chevrolet,2500,San Jose,California,95194,US,37.3894,-121.8868,76974,Zemlak-Vandervort,11/27/2024
451,Katie,Fortie,kfortieci@businesswire.com,Female,2009,Audi,TT,Dallas,Texas,75397,US,32.7673,-96.7776,81743,"Swift, Reilly and Jast",09/19/2023
452,Min,Rouse,mrousecj@illinois.edu,Female,1995,Ford,Windstar,El Paso,Texas,79945,US,31.6948,-106.3,91031,Rippin and Sons,04/30/2024
453,Durant,Abson,dabsonck@walmart.com,Male,1993,Volkswagen,Jetta III,Fort Wayne,Indiana,46896,US,41.0938,-85.0707,75575,"Marvin, Jones and Wilkinson",08/14/2023
454,Martguerita,Cassell,mcassellcl@pen.io,Polygender,2005,Volkswagen,GTI,Fort Lauderdale,Florida,33305,US,26.1497,-80.1229,63561,"Sporer, Schaden and Lang",12/01/2022
455,Dickie,Mixon,dmixoncm@usgs.gov,Male,2009,Mazda,Mazda6,Migrate,Kentucky,41905,US,38.0638,-84.5027,36532,Bechtelar-Sawayn,01/24/2023
456,Sheela,Edgworth,sedgworthcn@ft.com,Female,2011,Dodge,Nitro,Pueblo,Colorado,81010,US,38.1286,-104.5523,36406,"Pfeffer, VonRueden and Gutkowski",03/20/2025
457,Antons,Norcock,anorcockco@kickstarter.com,Male,1984,Audi,5000S,Washington,District of Columbia,20010,US,38.9327,-77.0322,51968,"Beatty, Wiegand and Nicolas",12/01/2025
458,Tresa,Burnet,tburnetcp@jiathis.com,Female,2002,Volkswagen,Cabriolet,Columbia,South Carolina,29220,US,34.006,-80.9708,76932,Heidenreich Inc,04/14/2022
459,Kristin,Swalwel,kswalwelcq@macromedia.com,Female,1984,Mercury,Topaz,Sioux Falls,South Dakota,57188,US,43.6746,-96.7913,40636,Carroll Inc,09/10/2025
460,Andreana,Brewitt,abrewittcr@businesswire.com,Female,1998,Mitsubishi,Montero Sport,Missoula,Montana,59806,US,47.116,-114.0498,41198,"Barton, Kerluke and Daugherty",08/26/2025
461,Adrien,Philipsohn,aphilipsohncs@webnode.com,Male,1993,Mitsubishi,Mirage,Milwaukee,Wisconsin,53234,US,43.0174,-87.5697,79179,"O'Reilly, Bauch and Paucek",11/14/2025
462,Anthiathia,Jiruch,ajiruchct@forbes.com,Female,2011,Mazda,Mazda3,Washington,District of Columbia,20520,US,38.8932,-77.049,53127,"Romaguera, Batz and VonRueden",07/06/2022
463,Betsey,Anscombe,banscombecu@scientificamerican.com,Female,1995,Toyota,T100,Cedar Rapids,Iowa,52410,US,42.0794,-91.5992,60313,Klein-Lemke,08/07/2023
464,Jesus,MacAleese,jmacaleesecv@nydailynews.com,Male,1985,Lincoln,Continental Mark VII,Redwood City,California,94064,US,37.3811,-122.3348,62206,Cronin-Langworth,11/17/2023
465,Liam,Romans,lromanscw@fc2.com,Male,2000,Mitsubishi,Pajero,Lima,Ohio,45807,US,40.7955,-84.1383,90933,Emmerich-Lind,11/30/2025
466,Arman,Reiglar,areiglarcx@clickbank.net,Male,1985,Mitsubishi,Truck,Spokane,Washington,99260,US,47.6536,-117.4317,97318,Price-Wisozk,12/09/2023
467,Sandy,Geeraert,sgeeraertcy@discuz.net,Male,2009,Lincoln,Navigator,Houston,Texas,77223,US,29.834,-95.4342,69563,"Hand, Kirlin and Hickle",12/25/2023
468,Dwight,De Courtney,ddecourtneycz@delicious.com,Male,1995,Dodge,Ram Van 2500,Houston,Texas,77276,US,29.7575,-95.3668,51959,Cremin-Green,05/04/2024
469,Pippa,Crozier,pcrozierd0@constantcontact.com,Female,1986,Mazda,Familia,New Orleans,Louisiana,70116,US,29.9686,-90.0646,69944,Waters-Flatley,04/29/2025
470,Neill,Lippitt,nlippittd1@freewebs.com,Male,1993,Toyota,Corolla,El Paso,Texas,79950,US,31.6948,-106.3,79450,"Ernser, Barrows and Beer",04/27/2025
471,Sidoney,Gyorffy,sgyorffyd2@furl.net,Female,1998,Toyota,Corolla,New Orleans,Louisiana,70149,US,30.033,-89.8826,90849,"Reilly, Weissnat and Hamill",11/08/2023
472,Collin,Etteridge,cetteridged3@abc.net.au,Male,1992,Geo,Prizm,New Orleans,Louisiana,70142,US,30.033,-89.8826,78993,Keebler-Mitchell,09/27/2025
473,Delcine,Pala,dpalad4@pen.io,Female,2010,Lexus,IS,Fresno,California,93721,US,36.7377,-119.7843,67583,Cummerata-Bradtke,07/25/2025
474,Hanson,Lennarde,hlennarded5@si.edu,Male,2009,Nissan,Altima,Baton Rouge,Louisiana,70883,US,30.5159,-91.0804,32851,Boyer Inc,08/28/2023
475,Tisha,Chatterton,tchattertond6@surveymonkey.com,Female,2000,Kia,Spectra,Columbus,Ohio,43204,US,39.9523,-83.078,80133,"Lesch, Schaefer and Ankunding",06/02/2023
476,Trumann,Pach,tpachd7@usa.gov,Male,2001,Mitsubishi,Montero Sport,Tulsa,Oklahoma,74108,US,36.1499,-95.7923,73151,Weber and Sons,02/11/2025
477,Lammond,Farfull,lfarfulld8@so-net.ne.jp,Male,2000,Land Rover,Discovery,Raleigh,North Carolina,27621,US,35.7977,-78.6253,35164,"Hessel, Auer and Reinger",08/08/2023
478,Marcos,Gascar,mgascard9@about.me,Male,2012,Mercedes-Benz,CLS-Class,Boston,Massachusetts,02104,US,42.3389,-70.9196,84240,Carroll Group,03/22/2024
479,Marcie,Schimaschke,mschimaschkeda@zdnet.com,Female,2006,Jaguar,XK,Washington,District of Columbia,20310,US,38.8933,-77.0146,82316,"Boehm, Mills and Bosco",07/26/2024
480,Sara-ann,Boomes,sboomesdb@exblog.jp,Female,1993,Mazda,B-Series,Wilkes Barre,Pennsylvania,18763,US,41.2722,-75.8801,38654,Bernhard-Erdman,05/10/2024
481,Darill,Trewhela,dtrewheladc@ucoz.com,Polygender,1994,Isuzu,Space,Portland,Oregon,97206,US,45.484,-122.5973,65340,Stoltenberg LLC,04/23/2022
482,Brynn,Paterno,bpaternodd@ibm.com,Female,1999,Isuzu,Oasis,Reston,Virginia,22096,US,38.8318,-77.2888,38431,"Bayer, Corkery and Hettinger",04/11/2025
483,Harriette,Drysdall,hdrysdallde@ca.gov,Genderqueer,1997,Mazda,Millenia,Madison,Wisconsin,53779,US,43.0982,-89.3242,70443,Yost and Sons,02/27/2023
484,Mina,Worley,mworleydf@bluehost.com,Female,2005,Ford,Expedition,Dallas,Texas,75372,US,32.7673,-96.7776,98301,"VonRueden, Gulgowski and McClure",06/09/2024
485,Riva,Pass,rpassdg@ning.com,Female,2012,GMC,Savana 2500,Las Vegas,Nevada,89160,US,35.9279,-114.9721,84222,Gutkowski-Reynolds,09/26/2023
486,Stacee,Kingzeth,skingzethdh@sitemeter.com,Female,2008,Bentley,Continental Flying Spur,Hampton,Virginia,23668,US,37.0206,-76.3377,74697,Abernathy-Harris,04/01/2024
487,Maury,Marsden,mmarsdendi@comsenz.com,Male,2007,Audi,RS 4,Atlanta,Georgia,30358,US,33.9982,-84.3411,97497,"Dare, Moore and Adams",03/30/2025
488,Stan,Frangione,sfrangionedj@amazon.co.jp,Male,1986,Volkswagen,Type 2,Savannah,Georgia,31405,US,32.0391,-81.1242,45600,Hartmann-Macejkovic,11/16/2022
489,Skell,Tallyn,stallyndk@chicagotribune.com,Male,1994,Hyundai,Excel,Denver,Colorado,80235,US,39.6472,-105.0795,35247,Parisian-Stiedemann,08/14/2024
490,Mavra,Siemandl,msiemandldl@cmu.edu,Female,1991,Audi,80,Joliet,Illinois,60435,US,41.5454,-88.1299,66637,Kulas LLC,04/20/2022
491,Elva,Lapping,elappingdm@ftc.gov,Female,2005,Maserati,GranSport,Denver,Colorado,80270,US,39.7388,-104.4083,77459,Luettgen-Reichert,10/04/2024
492,Kylynn,Boulger,kboulgerdn@state.tx.us,Female,2006,Nissan,Quest,Memphis,Tennessee,38136,US,35.2017,-89.9715,48027,"Wyman, Lebsack and Schinner",05/15/2023
493,Ilene,Heiden,iheidendo@ezinearticles.com,Female,2009,Chevrolet,Suburban 2500,Stockton,California,95210,US,38.025,-121.2972,45451,"Lindgren, Ondricka and McGlynn",01/09/2026
494,Rollie,Baddeley,rbaddeleydp@rakuten.co.jp,Male,1993,Ford,Econoline E150,Erie,Pennsylvania,16522,US,42.1827,-80.0649,48195,"McKenzie, Trantow and King",01/08/2025
495,Maggi,Manske,mmanskedq@apache.org,Female,2005,Volvo,S40,Birmingham,Alabama,35263,US,33.5225,-86.8094,52148,"Turcotte, Treutel and Wisoky",01/21/2025
496,Olga,MacGiany,omacgianydr@uol.com.br,Female,1992,Buick,Century,Tacoma,Washington,98447,US,47.1441,-122.4434,62316,Trantow-Luettgen,09/22/2023
497,Max,Mollin,mmollinds@cbslocal.com,Female,2001,Nissan,Xterra,Scranton,Pennsylvania,18514,US,41.4019,-75.6376,70613,"Brakus, Zulauf and Weimann",10/04/2024
498,Brennen,Prazer,bprazerdt@yahoo.co.jp,Male,1999,Mercury,Grand Marquis,Louisville,Kentucky,40210,US,38.2306,-85.7905,48071,"Schmitt, Jakubowski and Turner",06/10/2022
499,Frederique,Skeldon,fskeldondu@aboutads.info,Female,1992,Honda,Accord,Yakima,Washington,98907,US,46.6288,-120.574,84709,"Lynch, Kassulke and Terry",10/16/2024
500,Yank,McTerlagh,ymcterlaghdv@buzzfeed.com,Agender,2010,Hummer,H3T,San Antonio,Texas,78230,US,29.5407,-98.5521,46491,Mante-Koch,04/18/2022
501,Carleton,De Dantesie,cdedantesiedw@bloglines.com,Male,2005,Infiniti,G,Gilbert,Arizona,85297,US,33.2781,-111.7096,48675,"Schmitt, Hyatt and Goldner",05/23/2022
502,Gibbie,Render,grenderdx@ehow.com,Male,2005,Hyundai,Santa Fe,South Bend,Indiana,46620,US,41.5968,-86.293,95079,Feeney and Sons,04/21/2025
503,Grant,Gibbonson,ggibbonsondy@ow.ly,Male,2004,Cadillac,Escalade EXT,Lincoln,Nebraska,68505,US,40.8247,-96.6252,50588,"Orn, Donnelly and Cummerata",07/09/2025
504,Ricky,Torrese,rtorresedz@java.com,Male,1999,Mercury,Mystique,Chicago,Illinois,60691,US,41.8119,-87.6873,87432,"Reichel, Murazik and Bauch",08/21/2025
505,Beatrisa,Minichi,bminichie0@rakuten.co.jp,Female,2004,Chevrolet,Blazer,Lincoln,Nebraska,68583,US,40.7845,-96.6888,71758,"Monahan, Kovacek and Ebert",09/20/2024
506,Aleen,Vale,avalee1@simplemachines.org,Female,2012,Mazda,Miata MX-5,Charleston,South Carolina,29411,US,32.8715,-79.9947,76529,Luettgen-Welch,03/17/2025
507,Tiffanie,Balaisot,tbalaisote2@4shared.com,Female,2010,GMC,Savana 3500,Baltimore,Maryland,21203,US,39.2847,-76.6205,97126,Roberts and Sons,09/13/2025
508,Dorie,Hoyle,dhoylee3@digg.com,Male,1999,Mercury,Cougar,Greenville,South Carolina,29610,US,34.8497,-82.4538,48418,Deckow Inc,02/14/2024
509,Parke,Bartak,pbartake4@furl.net,Male,2005,Acura,TSX,Seattle,Washington,98148,US,47.4441,-122.3249,95239,"Welch, Schmitt and Larson",03/28/2024
510,Valentijn,Alexandersen,valexandersene5@163.com,Male,2003,Kia,Sorento,South Bend,Indiana,46699,US,41.5968,-86.293,56924,Ullrich-Rau,06/21/2022
511,Sheridan,Postance,spostancee6@digg.com,Non-binary,2003,Jeep,Wrangler,Rochester,New York,14683,US,43.286,-77.6843,83164,Macejkovic LLC,04/16/2022
512,Gabriela,Battram,gbattrame7@mapy.cz,Female,1992,Chevrolet,APV,Chicago,Illinois,60674,US,41.8119,-87.6873,99545,"Marquardt, Mante and Kovacek",01/26/2026
513,Scot,Shimwall,sshimwalle8@reddit.com,Male,2001,Mitsubishi,Mirage,Arlington,Texas,76011,US,32.7582,-97.1003,48310,Little and Sons,02/11/2025
514,Arte,Hellcat,ahellcate9@timesonline.co.uk,Male,2012,McLaren,MP4-12C,Johnstown,Pennsylvania,15906,US,40.3522,-78.9383,46544,Doyle-Wilderman,12/10/2025
515,Jaine,Kunz,jkunzea@lulu.com,Non-binary,1999,Honda,Prelude,New Orleans,Louisiana,70179,US,30.033,-89.8826,81185,Schneider Group,08/23/2023
516,Minta,Ghidoni,mghidonieb@toplist.cz,Female,1988,Pontiac,Fiero,Rochester,New York,14624,US,43.1216,-77.7311,63835,Kilback Inc,12/29/2024
517,Mario,Cram,mcramec@aboutads.info,Male,1993,Mercedes-Benz,W201,Duluth,Georgia,30195,US,34.0047,-84.1532,68962,Kozey-Hermiston,06/22/2025
518,Cilka,Goskar,cgoskared@symantec.com,Female,1968,Pontiac,Bonneville,Brooklyn,New York,11225,US,40.6628,-73.9546,58510,Dickens-Rosenbaum,08/17/2024
519,Rance,Arnowicz,rarnowiczee@canalblog.com,Male,2009,Bugatti,Veyron,Youngstown,Ohio,44511,US,41.0704,-80.6931,47612,"Kirlin, Morissette and Kiehn",04/12/2022
520,Bax,Grocutt,bgrocuttef@pen.io,Male,2006,Bentley,Azure,Tulsa,Oklahoma,74149,US,36.1398,-96.0297,77997,Bechtelar-Prohaska,09/18/2025
521,Reamonn,Fairney,rfairneyeg@sun.com,Male,2009,Mercedes-Benz,CLK-Class,Visalia,California,93291,US,36.3551,-119.301,66935,"Kuhlman, Lehner and Weimann",01/03/2024
522,Goldi,Lemmers,glemmerseh@globo.com,Female,2009,Pontiac,Torrent,Springfield,Massachusetts,01152,US,42.1707,-72.6048,41654,Pagac Group,03/13/2023
523,Findlay,Suermeiers,fsuermeiersei@phpbb.com,Male,2012,Rolls-Royce,Ghost,Winter Haven,Florida,33884,US,27.981,-81.6736,79595,"Ferry, McClure and Beatty",09/25/2023
524,Willetta,Raubenheimers,wraubenheimersej@plala.or.jp,Female,2009,Nissan,Versa,Gastonia,North Carolina,28055,US,35.284,-81.1897,47869,"Spencer, Hansen and Upton",04/22/2023
525,Katerina,Harget,khargetek@wiley.com,Female,2006,Infiniti,Q,Cheyenne,Wyoming,82007,US,41.1084,-104.8107,84320,Witting Inc,01/21/2023
526,Janet,Taffie,jtaffieel@archive.org,Female,2000,Chevrolet,Express 3500,Pensacola,Florida,32590,US,30.6143,-87.2758,42847,Marvin and Sons,09/14/2024
527,Stormy,Kuzemka,skuzemkaem@blogger.com,Female,1992,Toyota,Land Cruiser,Kansas City,Missouri,64125,US,39.1042,-94.4923,62572,"Murray, Rolfson and Hackett",06/24/2024
528,Rickie,Garwell,rgarwellen@xinhuanet.com,Female,2010,BMW,M6,El Paso,Texas,88569,US,31.6948,-106.3,36744,Little Inc,03/09/2024
529,Byran,Trembley,btrembleyeo@cornell.edu,Genderfluid,2012,Mazda,Miata MX-5,Grand Rapids,Michigan,49560,US,43.0314,-85.5503,92397,Terry-Cormier,06/19/2022
530,Sybille,Paul,spaulep@163.com,Bigender,2004,Ford,E150,Springfield,Massachusetts,01129,US,42.1223,-72.4876,55570,Lowe LLC,09/13/2025
531,Corrie,Tillot,ctilloteq@last.fm,Female,1999,Plymouth,Voyager,Denver,Colorado,80291,US,39.7439,-104.9876,78924,Marvin-McKenzie,05/10/2025
532,Dunn,Coolbear,dcoolbearer@wikia.com,Male,2000,Chevrolet,3500,Tyler,Texas,75799,US,32.4112,-95.2899,32592,Turcotte-Baumbach,03/18/2025
533,Shina,Keysel,skeyseles@cdc.gov,Female,2002,Chrysler,Sebring,Houston,Texas,77276,US,29.7575,-95.3668,83798,"Bergstrom, Bechtelar and Brekke",03/02/2024
534,Woodrow,Skokoe,wskokoeet@fastcompany.com,Male,2012,Honda,CR-Z,Johnstown,Pennsylvania,15906,US,40.3522,-78.9383,73488,Grimes-Zboncak,12/15/2025
535,Yank,Tremayle,ytremayleeu@paypal.com,Male,1988,Pontiac,Turbo Firefly,Washington,District of Columbia,20067,US,38.8933,-77.0146,94671,Satterfield LLC,09/09/2023
536,Markus,Keyhoe,mkeyhoeev@marketwatch.com,Male,2008,Acura,RL,Glendale,California,91205,US,34.1378,-118.2424,44764,Wilderman-Sanford,10/25/2022
537,Carmencita,Fludder,cfludderew@amazon.de,Female,2004,Lexus,ES,Rochester,New York,14619,US,43.1367,-77.6481,94153,Adams-Mills,11/05/2022
538,Jeniece,Arkell,jarkellex@ehow.com,Genderqueer,2005,Scion,xB,Louisville,Kentucky,40215,US,38.1913,-85.7847,65622,Gusikowski-McGlynn,03/11/2023
539,Abagail,Cutchie,acutchieey@wikimedia.org,Female,2003,Mercury,Sable,Philadelphia,Pennsylvania,19196,US,40.0018,-75.1179,86804,"Wilkinson, Yost and Thiel",01/25/2026
540,Minerva,Sor,msorez@nydailynews.com,Female,1994,Pontiac,Trans Sport,Charlottesville,Virginia,22908,US,38.0401,-78.4851,35407,Kihn-Swaniawski,07/24/2022
541,Alex,Hayes,ahayesf0@com.com,Female,1991,Eagle,Talon,Charleston,West Virginia,25336,US,38.2968,-81.5547,92960,Johns Group,11/06/2022
542,Lesly,Skyner,lskynerf1@amazon.de,Female,2008,Cadillac,Escalade ESV,San Diego,California,92127,US,33.0279,-117.0856,37204,"Konopelski, Rohan and Strosin",10/31/2023
543,Aylmar,Ghidoli,aghidolif2@chicagotribune.com,Male,1997,Eagle,Talon,Bismarck,North Dakota,58505,US,46.8165,-100.7805,58251,"Breitenberg, Ryan and Schmitt",01/25/2026
544,Northrop,Barneveld,nbarneveldf3@tumblr.com,Male,2003,Suzuki,Aerio,Reston,Virginia,22096,US,38.8318,-77.2888,56376,Batz Group,10/18/2022
545,Rasla,Ceschini,rceschinif4@xing.com,Female,1996,Chevrolet,Lumina,Topeka,Kansas,66629,US,39.0429,-95.7697,97192,"Green, Jenkins and Boyer",09/13/2023
546,Normie,Feldhorn,nfeldhornf5@npr.org,Male,2000,Toyota,Solara,Clearwater,Florida,33758,US,27.8918,-82.7248,49407,Bergnaum LLC,06/03/2024
547,Yorgo,Frenzel;,yfrenzelf6@scientificamerican.com,Male,2005,Lamborghini,Gallardo,Saint Petersburg,Florida,33715,US,27.6705,-82.7119,89928,Kirlin-Douglas,09/02/2022
548,Tobi,Wayman,twaymanf7@uol.com.br,Female,1994,Subaru,SVX,Duluth,Georgia,30195,US,34.0047,-84.1532,68279,Robel and Sons,11/10/2022
549,Katine,Crosson,kcrossonf8@timesonline.co.uk,Female,2001,Dodge,Durango,Clearwater,Florida,34629,US,27.9654,-82.8001,55429,"Stehr, Crona and Macejkovic",03/16/2024
550,Moira,Oriel,morielf9@paginegialle.it,Female,1993,Toyota,Paseo,Stamford,Connecticut,06905,US,41.0888,-73.5435,85753,"Hickle, Treutel and Kunze",02/11/2024
551,Erny,Beardsdale,ebeardsdalefa@bandcamp.com,Male,1984,Ford,Bronco II,Santa Barbara,California,93111,US,34.4453,-119.8025,99247,"Kertzmann, Crist and Swaniawski",03/31/2025
552,Clemmy,Alty,caltyfb@hexun.com,Female,1997,Infiniti,Q,New York City,New York,10175,US,40.7543,-73.9798,55628,"Altenwerth, Predovic and Bogan",11/12/2024
553,Dalli,Boord,dboordfc@cmu.edu,Male,1994,GMC,Jimmy,Carson City,Nevada,89714,US,39.1678,-119.7764,35766,"Kessler, Kertzmann and Ruecker",07/08/2023
554,Nedda,Clewes,nclewesfd@walmart.com,Female,2005,Mercury,Montego,Chico,California,95973,US,39.8032,-121.8673,99629,Yundt-Pacocha,12/30/2024
555,Uriel,Rigmand,urigmandfe@dropbox.com,Male,2005,Buick,LeSabre,North Little Rock,Arkansas,72199,US,34.8272,-92.2847,87528,Maggio Group,03/03/2023
556,Tabbi,Ourtic,tourticff@biblegateway.com,Female,1994,Mercury,Villager,Dallas,Texas,75379,US,32.7673,-96.7776,88120,"Pouros, Kerluke and Kunde",06/24/2025
557,Jdavie,Sapsford,jsapsfordfg@cam.ac.uk,Male,1993,Chevrolet,Lumina APV,Colorado Springs,Colorado,80925,US,38.7378,-104.6459,56224,Durgan-Kuhic,03/09/2022
558,Orelle,Ayling,oaylingfh@phpbb.com,Genderqueer,2008,Jeep,Wrangler,San Antonio,Texas,78260,US,29.7026,-98.4759,72861,Mohr-Emard,10/26/2024
559,Nehemiah,Hazeman,nhazemanfi@facebook.com,Male,2011,Audi,S5,Baltimore,Maryland,21216,US,39.3093,-76.6699,62872,"Schuppe, Fadel and Lynch",08/05/2023
560,Sunshine,Rutter,srutterfj@army.mil,Female,2012,Chevrolet,Silverado 1500,Dallas,Texas,75236,US,32.69,-96.9177,37833,Ritchie LLC,11/02/2025
561,Daffi,Durning,ddurningfk@prnewswire.com,Female,2002,Land Rover,Freelander,Amarillo,Texas,79165,US,35.4015,-101.8951,58633,Brown LLC,07/28/2024
562,Minor,Tolson,mtolsonfl@nationalgeographic.com,Male,2008,Volvo,V70,Chicago,Illinois,60604,US,41.8784,-87.633,83254,Schaden Inc,06/27/2022
563,Huntley,Urlin,hurlinfm@webnode.com,Male,2010,Maserati,GranTurismo,Dallas,Texas,75236,US,32.69,-96.9177,32665,Padberg-Langosh,10/10/2024
564,Claire,Elliot,celliotfn@geocities.com,Male,2001,Suzuki,Vitara,Tucson,Arizona,85737,US,32.4142,-110.9466,84375,Hilpert-Tillman,06/16/2022
565,Paddy,Ellin,pellinfo@bluehost.com,Male,2008,Jeep,Commander,Saint Petersburg,Florida,33710,US,27.7898,-82.7243,89860,Stamm and Sons,01/19/2023
566,Keary,Von Hindenburg,kvonhindenburgfp@usnews.com,Male,1989,Ford,Festiva,Saint Paul,Minnesota,55127,US,45.0803,-93.0875,72346,Kessler-O'Conner,01/28/2024
567,Anson,Palfreeman,apalfreemanfq@nydailynews.com,Male,2005,Toyota,Matrix,Jamaica,New York,11407,US,40.6913,-73.8059,89015,Fisher Group,08/10/2023
568,Huntley,Towner,htownerfr@nih.gov,Male,1994,GMC,Vandura 3500,Naples,Florida,34114,US,26.0143,-81.5856,30340,Schumm LLC,12/09/2024
569,Alon,Adolfsen,aadolfsenfs@wufoo.com,Male,2000,BMW,7 Series,Asheville,North Carolina,28815,US,35.6203,-82.5286,89644,"Wolff, Olson and Wolff",03/18/2025
570,Ibrahim,McAne,imcaneft@theatlantic.com,Male,2000,Chevrolet,Lumina,Oakland,California,94660,US,37.6802,-121.9215,81081,"Larkin, Jakubowski and Kerluke",06/07/2023
571,Sigismund,Thwaites,sthwaitesfu@zimbio.com,Male,1995,Jeep,Wrangler,Fort Lauderdale,Florida,33305,US,26.1497,-80.1229,52291,Quitzon-Schneider,08/01/2025
572,Xavier,Crispin,xcrispinfv@cbslocal.com,Male,2004,Kia,Sorento,Miami,Florida,33175,US,25.7341,-80.4068,61504,Jacobs-Barton,10/18/2023
573,Flin,Ventris,fventrisfw@mapquest.com,Male,2005,Mercedes-Benz,CL-Class,Montgomery,Alabama,36134,US,32.2334,-86.2085,71486,Gottlieb-Beier,02/04/2023
574,Dulsea,Morrant,dmorrantfx@123-reg.co.uk,Non-binary,2004,Chevrolet,Aveo,Washington,District of Columbia,20088,US,38.8933,-77.0146,91033,Streich-Cronin,08/22/2023
575,Mikkel,Knight,mknightfy@bbb.org,Male,1998,Toyota,Tacoma Xtra,Washington,District of Columbia,20205,US,38.905,-77.0162,42016,Effertz-Herzog,03/08/2025
576,Vance,Croy,vcroyfz@unc.edu,Male,2009,Honda,Civic,Charleston,South Carolina,29424,US,32.7831,-79.937,97136,"Kassulke, Hirthe and Wiza",09/28/2023
577,Dix,Hannen,dhanneng0@weebly.com,Female,2005,Ford,Mustang,Dallas,Texas,75236,US,32.69,-96.9177,46882,"Davis, Nicolas and Keebler",05/24/2023
578,Stephenie,Borland,sborlandg1@gnu.org,Female,1985,Mercury,Marquis,Port Washington,New York,11054,US,40.7548,-73.6018,55199,Walker-Bayer,12/22/2025
579,Georgina,Fronczak,gfronczakg2@com.com,Female,2007,Land Rover,Range Rover Sport,Young America,Minnesota,55564,US,44.8055,-93.7665,45839,Marquardt-Abernathy,04/15/2025
580,Shena,Izkovitch,sizkovitchg3@va.gov,Female,2008,Audi,Q7,Oakland,California,94616,US,37.8044,-122.2698,47208,"Koch, Reichert and Douglas",06/04/2022
581,Ula,Alday,ualdayg4@myspace.com,Female,2009,Volkswagen,Rabbit,Atlanta,Georgia,30340,US,33.8932,-84.2539,96954,Nolan and Sons,08/09/2023
582,Marcelle,Kingshott,mkingshottg5@infoseek.co.jp,Agender,2009,Honda,Element,Miami,Florida,33134,US,25.768,-80.2714,93557,Ziemann and Sons,05/06/2025
583,Kendall,Bosche,kboscheg6@seattletimes.com,Male,2012,Honda,Crosstour,Hartford,Connecticut,06183,US,41.7638,-72.673,43775,Feeney Inc,01/31/2024
584,Sally,Vaudin,svauding7@fastcompany.com,Female,2010,Lexus,IS F,Carlsbad,California,92013,US,33.0169,-116.846,74636,Schinner-Goldner,10/28/2025
585,Frannie,McKinless,fmckinlessg8@cafepress.com,Female,2006,BMW,750,Van Nuys,California,91411,US,34.1781,-118.4574,57765,Kuhic-Bayer,04/03/2024
586,Vanya,Chenery,vcheneryg9@nasa.gov,Male,1994,Dodge,Ram 1500,Largo,Florida,34643,US,27.881,-82.7619,37208,"Hudson, Will and Buckridge",08/01/2022
587,Torre,Ormiston,tormistonga@alibaba.com,Male,2006,Suzuki,Verona,Pittsburgh,Pennsylvania,15215,US,40.5048,-79.9138,32077,"Bayer, Gleason and Grimes",08/12/2024
588,Dion,Horry,dhorrygb@businessweek.com,Male,1996,GMC,Suburban 1500,Los Angeles,California,90101,US,33.7866,-118.2987,63492,"Kozey, Prohaska and Beer",01/20/2023
589,Dulsea,Petto,dpettogc@microsoft.com,Female,2004,Dodge,Durango,Denver,Colorado,80241,US,39.9274,-104.9548,64575,Langosh-Feest,03/07/2023
590,Judd,Cownden,jcowndengd@plala.or.jp,Male,1998,Ford,Taurus,Jamaica,New York,11470,US,40.6914,-73.8061,83699,"Schaefer, O'Keefe and Jerde",01/07/2026
591,Terence,Tolefree,ttolefreege@amazon.com,Male,1989,Toyota,Truck Xtracab SR5,Bronx,New York,10454,US,40.8085,-73.9198,58358,Rodriguez-Corwin,02/09/2023
592,Burke,Eard,beardgf@parallels.com,Male,1991,Audi,Coupe Quattro,Fairbanks,Alaska,99709,US,64.8544,-147.8469,44190,"Langworth, Marvin and Gusikowski",08/01/2024
593,Irvin,Davet,idavetgg@sbwire.com,Male,1993,Mitsubishi,Mighty Max,Wichita,Kansas,67220,US,37.7667,-97.2805,85157,"Wolff, DuBuque and Padberg",06/13/2024
594,Blake,Kybird,bkybirdgh@bizjournals.com,Female,1998,GMC,Envoy,Arlington,Virginia,22234,US,38.8808,-77.113,86127,Williamson Inc,02/21/2024
595,Rosana,Shawley,rshawleygi@tmall.com,Female,1998,Honda,Odyssey,Los Angeles,California,90020,US,34.0665,-118.3022,60989,Mann Inc,08/18/2024
596,Armando,Garnham,agarnhamgj@ameblo.jp,Non-binary,2012,Cadillac,Escalade,Fort Worth,Texas,76134,US,32.6469,-97.3325,31501,Jacobi-Vandervort,07/07/2025
597,Daveen,Candwell,dcandwellgk@technorati.com,Female,2006,Mitsubishi,Eclipse,Tampa,Florida,33694,US,27.872,-82.4388,78216,Lemke LLC,11/23/2024
598,Garald,Edington,gedingtongl@twitter.com,Male,1994,Pontiac,Grand Am,Long Beach,California,90805,US,33.8635,-118.1801,60537,Turner-Olson,07/10/2025
599,Cassaundra,Booty,cbootygm@independent.co.uk,Female,2006,Honda,Ridgeline,Stockton,California,95298,US,37.9577,-121.2897,79537,Franecki-Hettinger,01/17/2026
600,Blaine,Moulson,bmoulsongn@icq.com,Male,2005,Pontiac,Montana SV6,Worcester,Massachusetts,01610,US,42.2492,-71.8108,55924,Haley-Jacobi,05/31/2023
601,Latisha,MacNeil,lmacneilgo@icq.com,Female,1985,Ford,Thunderbird,Prescott,Arizona,86305,US,34.8185,-112.9584,39101,Marks Inc,04/26/2024
602,Pattie,Roman,promangp@kickstarter.com,Female,2012,Smart,Fortwo,Tampa,Florida,33633,US,27.872,-82.4388,78227,Langworth Inc,04/13/2024
603,Ugo,Usherwood,uusherwoodgq@omniture.com,Male,2010,Audi,S5,Salem,Oregon,97306,US,44.8685,-123.0438,51218,Fay Group,03/10/2025
604,Pepe,Tipler,ptiplergr@spiegel.de,Male,2011,Toyota,Land Cruiser,Washington,District of Columbia,20238,US,38.8933,-77.0146,62571,Pagac-Osinski,09/24/2022
605,Reese,Goschalk,rgoschalkgs@usgs.gov,Genderfluid,2003,Volkswagen,Touareg,Louisville,Kentucky,40210,US,38.2306,-85.7905,75002,"Johnston, Kessler and Schmidt",10/19/2023
606,Marthe,Djorvic,mdjorvicgt@addtoany.com,Female,2012,Mazda,Mazdaspeed 3,Buffalo,New York,14210,US,42.8614,-78.8206,39326,"Barton, Kessler and Beatty",02/06/2025
607,Frankie,Rubinovici,frubinovicigu@yahoo.com,Female,2006,Mercedes-Benz,S-Class,Pasadena,California,91109,US,33.7866,-118.2987,97606,Stark Inc,12/24/2024
608,Chlo,Kristiansen,ckristiansengv@usatoday.com,Female,2001,Acura,CL,Scottsdale,Arizona,85255,US,33.6968,-111.8892,49303,Wolf Group,03/27/2022
609,Bobbi,Dudney,bdudneygw@wp.com,Female,2007,Toyota,Land Cruiser,Louisville,Kentucky,40220,US,38.2149,-85.6245,65287,"King, Ziemann and Raynor",05/01/2023
610,Calv,Silliman,csillimangx@feedburner.com,Male,2005,Honda,S2000,Denver,Colorado,80217,US,39.7388,-104.4083,51312,Jenkins-Ruecker,12/23/2022
611,Lance,Henrion,lhenriongy@geocities.jp,Male,2011,Honda,Ridgeline,Bradenton,Florida,34282,US,27.4272,-82.4387,65162,"Nitzsche, Blick and Rath",02/26/2023
612,Crichton,O'Hoolahan,cohoolahangz@yahoo.com,Male,1999,Mitsubishi,Pajero,New York City,New York,10270,US,40.7069,-74.0082,77852,Ward Group,12/30/2023
613,Saundra,Canedo,scanedoh0@1688.com,Male,2001,Volkswagen,Eurovan,Corpus Christi,Texas,78405,US,27.7762,-97.4271,75517,Lowe LLC,03/16/2025
614,Rudy,Braganca,rbragancah1@istockphoto.com,Male,2008,Jeep,Liberty,Charleston,West Virginia,25326,US,38.2968,-81.5547,32347,Tillman LLC,08/02/2023
615,Mal,McMaster,mmcmasterh2@wikipedia.org,Polygender,2011,Toyota,Tundra,Fort Lauderdale,Florida,33305,US,26.1497,-80.1229,96193,"Osinski, Schroeder and Kreiger",03/24/2024
616,Ned,Palfrey,npalfreyh3@multiply.com,Male,2002,Mazda,626,Louisville,Kentucky,40225,US,38.189,-85.6768,40266,Block-Adams,10/17/2023
617,Stepha,Flooks,sflooksh4@senate.gov,Female,1968,Pontiac,Firebird,Gainesville,Florida,32627,US,29.6813,-82.3539,76818,Donnelly LLC,07/10/2025
618,Yvette,Ayton,yaytonh5@columbia.edu,Bigender,1982,Pontiac,Grand Prix,Greensboro,North Carolina,27404,US,36.0807,-80.0244,41557,Kassulke Inc,09/29/2024
619,Myrvyn,Knowling,mknowlingh6@fema.gov,Male,2012,Suzuki,Kizashi,Lansing,Michigan,48912,US,42.7371,-84.5244,37138,"Hettinger, Beer and Heidenreich",10/20/2022
620,Mariele,Fenner,mfennerh7@nymag.com,Female,2005,BMW,5 Series,Memphis,Tennessee,38168,US,35.2017,-89.9715,62930,Carter LLC,05/15/2022
621,Delphine,Headey,dheadeyh8@diigo.com,Female,1984,Mercury,Marquis,Gatesville,Texas,76598,US,31.3902,-97.7993,94257,"Sanford, Hane and Legros",07/28/2025
622,Konstantine,Hegel,khegelh9@bizjournals.com,Agender,1996,Volkswagen,Cabriolet,Las Vegas,Nevada,89140,US,36.086,-115.1471,61335,Sipes LLC,04/23/2024
623,Derrek,Nelle,dnelleha@arstechnica.com,Male,1994,Subaru,Legacy,Tacoma,Washington,98411,US,47.0662,-122.1132,37149,Doyle-Rodriguez,11/08/2024
624,Ashli,Fairholme,afairholmehb@google.fr,Female,2011,Volvo,V50,Little Rock,Arkansas,72231,US,34.8019,-92.1894,79739,Turcotte-Hahn,05/16/2023
625,Pall,Genty,pgentyhc@chicagotribune.com,Male,1985,Buick,Century,Birmingham,Alabama,35236,US,33.5446,-86.9292,96512,"Kuvalis, Kautzer and Hartmann",05/08/2023
626,Lindy,Kivlehan,lkivlehanhd@cbslocal.com,Male,1992,Mercedes-Benz,300D,Arlington,Virginia,22217,US,38.8808,-77.113,77819,Schneider-Rogahn,11/04/2025
627,Esteban,Luggar,eluggarhe@nba.com,Male,1992,Geo,Prizm,Tacoma,Washington,98442,US,47.3081,-122.4185,34687,Purdy-DuBuque,12/19/2022
628,Amelina,Woolaston,awoolastonhf@ed.gov,Female,2001,Kia,Optima,Bloomington,Indiana,47405,US,39.1682,-86.5186,53960,Sporer-Jones,07/17/2024
629,Cobb,Scannell,cscannellhg@angelfire.com,Male,2009,Mazda,Mazda3,Boca Raton,Florida,33487,US,26.4116,-80.0928,61785,Schinner-Wolf,11/01/2024
630,Norry,Heisham,nheishamhh@people.com.cn,Male,1989,Honda,Civic,Jacksonville,Florida,32225,US,30.351,-81.5061,30411,"Kovacek, Russel and Goodwin",06/22/2025
631,Charita,Trayford,ctrayfordhi@noaa.gov,Female,2001,GMC,Yukon,Brooklyn,New York,11220,US,40.6412,-74.0133,54292,"Lynch, Schultz and Hagenes",07/11/2024
632,Honey,Munt,hmunthj@nasa.gov,Female,2006,Nissan,Sentra,Grand Rapids,Michigan,49518,US,43.0314,-85.5503,32183,Halvorson and Sons,02/12/2023
633,Boycey,Blaby,bblabyhk@comcast.net,Male,2005,Volkswagen,Phaeton,Beaumont,Texas,77705,US,30.0211,-94.1157,62645,Roberts Inc,08/13/2022
634,Phillis,Wadie,pwadiehl@google.it,Bigender,1998,Dodge,Dakota Club,Los Angeles,California,90010,US,34.0606,-118.3027,39836,Ferry-Dicki,11/07/2025
635,Mikael,Boyse,mboysehm@who.int,Male,1992,Oldsmobile,Custom Cruiser,Chattanooga,Tennessee,37410,US,35.0018,-85.3138,51933,Daugherty Group,08/01/2023
636,Marcella,Keegan,mkeeganhn@networkadvertising.org,Female,1999,Subaru,Impreza,Minneapolis,Minnesota,55441,US,45.0058,-93.4193,94959,Stamm-Lowe,05/13/2024
637,Gerik,Fynes,gfynesho@si.edu,Male,2011,Ford,E150,Wilkes Barre,Pennsylvania,18768,US,41.2722,-75.8801,99974,Klein-Barrows,08/19/2022
638,Niccolo,Silcocks,nsilcockshp@newyorker.com,Male,2010,Ford,Taurus,Pensacola,Florida,32505,US,30.4481,-87.2589,87322,Douglas-Schamberger,07/07/2022
639,Davida,Dimeloe,ddimeloehq@harvard.edu,Female,2011,Nissan,Maxima,Kansas City,Missouri,64101,US,39.1024,-94.5986,30858,Hahn Group,03/18/2023
640,Mariel,Petruska,mpetruskahr@freewebs.com,Female,2005,Mitsubishi,Montero,Erie,Pennsylvania,16534,US,42.1827,-80.0649,68755,Orn and Sons,03/26/2025
641,Mackenzie,Frankland,mfranklandhs@tmall.com,Male,1995,Ford,Thunderbird,Columbia,South Carolina,29240,US,34.006,-80.9708,52512,Little Group,04/24/2023
642,Fletcher,Kliemke,fkliemkeht@moonfruit.com,Genderfluid,2012,Dodge,Challenger,Alexandria,Louisiana,71307,US,31.2034,-92.5269,52461,Padberg-Kohler,10/25/2024
643,Nell,Imrie,nimriehu@stanford.edu,Female,1988,Mercedes-Benz,E-Class,Chicago,Illinois,60674,US,41.8119,-87.6873,52304,Toy-Beer,05/29/2022
644,Ax,Duddle,aduddlehv@vk.com,Male,2008,Chevrolet,Corvette,Young America,Minnesota,55564,US,44.8055,-93.7665,78406,"Rutherford, Reichel and Hartmann",07/31/2024
645,Saunders,Morley,smorleyhw@yahoo.com,Male,2002,Mitsubishi,Montero Sport,Roanoke,Virginia,24024,US,37.2742,-79.9579,73201,"Wolff, Jenkins and Schmidt",11/13/2025
646,Cara,Aleshintsev,caleshintsevhx@ed.gov,Female,1989,Lincoln,Continental,Cleveland,Ohio,44191,US,41.6857,-81.6728,88950,"Ferry, Harvey and Jones",08/16/2023
647,Klara,Skatcher,kskatcherhy@etsy.com,Female,2011,Toyota,Camry,Honolulu,Hawaii,96810,US,21.3062,-157.8585,30622,"Brekke, Gislason and Marvin",01/23/2026
648,Thacher,Edscer,tedscerhz@1und1.de,Male,1992,Toyota,Corolla,Chicago,Illinois,60669,US,41.8119,-87.6873,62110,Lind-Hamill,01/01/2026
649,Iain,Elintune,ielintunei0@jalbum.net,Male,2008,BMW,Z4,Knoxville,Tennessee,37919,US,35.9244,-84.0015,96958,"Gibson, Denesik and Funk",11/04/2025
650,Rosalie,Trounson,rtrounsoni1@sourceforge.net,Female,1992,Mitsubishi,RVR,Rochester,New York,14652,US,43.286,-77.6843,40981,Fadel and Sons,10/10/2022
651,Jule,Dohrmann,jdohrmanni2@google.com.hk,Male,2002,Oldsmobile,Silhouette,Little Rock,Arkansas,72204,US,34.7269,-92.344,89783,Osinski-Connelly,04/12/2024
652,Didi,Goldstein,dgoldsteini3@reddit.com,Female,2011,GMC,Yukon XL 1500,Louisville,Kentucky,40210,US,38.2306,-85.7905,38843,Keebler-Murphy,06/30/2024
653,Noell,Carlino,ncarlinoi4@kickstarter.com,Female,2006,Suzuki,Forenza,Mesquite,Texas,75185,US,32.7403,-96.5618,96283,"Corwin, Bahringer and Tremblay",09/05/2023
654,Tawnya,Capey,tcapeyi5@jiathis.com,Female,1986,Ford,F-Series,Washington,District of Columbia,20557,US,38.8874,-77.0047,91177,Rempel-Barton,01/15/2026
655,Brok,Shankle,bshanklei6@ibm.com,Male,1989,Maserati,430,Erie,Pennsylvania,16505,US,42.1109,-80.1534,52853,Predovic Group,05/20/2023
656,Graeme,Josuweit,gjosuweiti7@51.la,Male,2000,BMW,Z3,Aurora,Colorado,80044,US,39.7388,-104.4083,61424,Goyette-Dooley,10/19/2022
657,Emery,Schrader,eschraderi8@hexun.com,Male,2005,Honda,Civic Si,Dallas,Texas,75353,US,32.7673,-96.7776,96067,Wiza-Jacobson,07/01/2024
658,Gerti,McCraw,gmccrawi9@topsy.com,Female,1995,Dodge,Ram 3500,Dayton,Ohio,45470,US,39.7505,-84.2686,42493,Prosacco-Schamberger,04/16/2022
659,Letizia,Bremond,lbremondia@opera.com,Female,2001,Audi,Allroad,San Bernardino,California,92405,US,34.1446,-117.3013,83076,"Stokes, Welch and Crist",02/09/2024
660,Eleanor,Theodoris,etheodorisib@unc.edu,Female,2002,Lexus,GS,Huntington,West Virginia,25709,US,38.1321,-82.4183,34115,West Group,04/05/2025
661,Reinold,Juris,rjurisic@who.int,Genderqueer,2010,Infiniti,G,Flint,Michigan,48555,US,43.0113,-83.7108,70189,Bogisich and Sons,02/23/2025
662,Decca,Flewett,dflewettid@nhs.uk,Male,1997,Ford,Aerostar,Metairie,Louisiana,70033,US,29.6779,-90.0901,78899,Kshlerin-Okuneva,04/05/2025
663,Lianna,Duplan,lduplanie@tumblr.com,Female,2005,Chevrolet,TrailBlazer,San Francisco,California,94110,US,37.7509,-122.4153,89917,Fritsch-Bashirian,11/06/2024
664,Stephie,Waye,swayeif@hp.com,Female,1993,Volvo,850,Austin,Texas,78744,US,30.1876,-97.7472,86144,Will LLC,03/24/2023
665,Dodie,Couchman,dcouchmanig@mashable.com,Female,1993,Porsche,928,Marietta,Georgia,30061,US,33.9328,-84.556,56665,Ferry LLC,08/01/2023
666,Dougie,Brusby,dbrusbyih@t-online.de,Male,2011,Infiniti,QX56,Naples,Florida,33963,US,26.2626,-81.8071,64819,Sawayn-Weber,08/24/2022
667,Saul,Predohl,spredohlii@multiply.com,Male,2010,Lotus,Evora,Akron,Ohio,44315,US,41.028,-81.4632,77406,"Jaskolski, Halvorson and Ratke",08/24/2022
668,Izaak,Fellows,ifellowsij@geocities.jp,Male,2006,Volkswagen,Phaeton,San Antonio,Texas,78278,US,29.4375,-98.4616,31304,Heller-Cremin,03/09/2023
669,Charlton,Maciak,cmaciakik@seattletimes.com,Male,2003,Isuzu,Rodeo,Washington,District of Columbia,20580,US,38.8933,-77.0146,30412,Carter-Bailey,06/03/2025
670,Jayne,Churchyard,jchurchyardil@tamu.edu,Female,1996,Dodge,Ram 1500,Philadelphia,Pennsylvania,19191,US,40.0018,-75.1179,40328,"Farrell, Gerlach and Kozey",03/09/2022
671,Florette,Witten,fwittenim@bloomberg.com,Female,1987,Buick,Skyhawk,Tucson,Arizona,85720,US,31.9701,-111.8907,98895,Gottlieb Inc,12/12/2022
672,Kikelia,Volage,kvolagein@un.org,Female,1983,Toyota,Celica,Fairbanks,Alaska,99709,US,64.8544,-147.8469,44902,Marquardt Group,09/27/2024
673,Annette,Gerardet,agerardetio@seattletimes.com,Female,1992,Jeep,Comanche,Washington,District of Columbia,20067,US,38.8933,-77.0146,62750,Bayer and Sons,07/31/2025
674,Fraser,Esh,feship@apple.com,Male,2006,Chevrolet,Suburban 1500,Chicago,Illinois,60636,US,41.776,-87.6674,76897,"Schumm, Douglas and Bernier",08/20/2023
675,Blondy,Duddin,bduddiniq@google.de,Genderfluid,1991,Subaru,Justy,Bryan,Texas,77806,US,30.6521,-96.341,56334,"VonRueden, Cummerata and Stroman",12/03/2022
676,Monte,Bastian,mbastianir@ifeng.com,Male,2000,Oldsmobile,Intrigue,El Paso,Texas,79989,US,31.6948,-106.3,96064,"Koepp, Watsica and Stracke",10/18/2024
677,Anthia,Barke,abarkeis@tmall.com,Female,2003,Audi,A4,New York City,New York,10170,US,40.7526,-73.9755,61546,Halvorson-Stokes,07/18/2025
678,Janene,Dackombe,jdackombeit@acquirethisname.com,Female,1999,Dodge,Ram 2500 Club,Orlando,Florida,32868,US,28.5663,-81.2608,42151,Beier-Ortiz,11/15/2024
679,Lilyan,Allanson,lallansoniu@theguardian.com,Female,2007,Pontiac,Solstice,Pompano Beach,Florida,33075,US,26.1457,-80.4483,58426,"Ernser, Mertz and Smitham",09/25/2023
680,Jamesy,Longshaw,jlongshawiv@arizona.edu,Male,2005,Dodge,Dakota,Wichita,Kansas,67220,US,37.7667,-97.2805,35939,"Bins, Kling and Schamberger",02/10/2024
681,Shaw,Rubra,srubraiw@seattletimes.com,Male,1955,Chevrolet,Corvette,Kissimmee,Florida,34745,US,27.9953,-81.2593,68796,"Feil, Konopelski and Kunde",09/03/2023
682,Angelo,Bocking,abockingix@pcworld.com,Male,2005,Mercedes-Benz,G-Class,Bethlehem,Pennsylvania,18018,US,40.6278,-75.3928,61140,"Hauck, Erdman and Turner",01/12/2026
683,Rich,Battlestone,rbattlestoneiy@uiuc.edu,Male,1993,Mercedes-Benz,S-Class,Miami,Florida,33233,US,25.5584,-80.4582,65367,Gottlieb Inc,10/10/2022
684,Harald,Meeny,hmeenyiz@gmpg.org,Male,2002,Land Rover,Range Rover,Baton Rouge,Louisiana,70810,US,30.3633,-91.0919,48206,"Pouros, Baumbach and Heidenreich",05/06/2023
685,Casey,Cluney,ccluneyj0@parallels.com,Female,2004,Saturn,VUE,Wilkes Barre,Pennsylvania,18706,US,41.2044,-75.9113,46903,Hane Group,11/29/2024
686,Prescott,Argyle,pargylej1@chicagotribune.com,Male,2009,Chevrolet,Express 3500,Montgomery,Alabama,36125,US,32.2334,-86.2085,42974,Abbott-Stark,08/17/2023
687,Francklyn,Eagling,feaglingj2@techcrunch.com,Male,2006,Toyota,RAV4,Lexington,Kentucky,40586,US,38.0283,-84.4715,78562,"Rodriguez, Connelly and Anderson",06/05/2025
688,Brodie,Imm,bimmj3@springer.com,Genderfluid,1986,Volkswagen,GTI,Yonkers,New York,10705,US,40.9177,-73.895,76173,Monahan-Stanton,04/03/2025
689,Cassie,Gobolos,cgobolosj4@prlog.org,Male,2013,Kia,Rio,Kansas City,Missouri,64114,US,38.9621,-94.5959,42903,"Jerde, Abernathy and Purdy",01/05/2026
690,Yulma,Sherrin,ysherrinj5@wikipedia.org,Male,2011,Jeep,Patriot,Raleigh,North Carolina,27610,US,35.7667,-78.6008,42459,Predovic-O'Kon,11/06/2025
691,Nance,Fearnall,nfearnallj6@cbsnews.com,Female,1994,Mitsubishi,Montero,Charleston,West Virginia,25389,US,38.354,-81.6394,32740,Bergstrom-Reichert,06/27/2024
692,Jodie,Lea,jleaj7@craigslist.org,Male,2010,Jaguar,XK,San Francisco,California,94177,US,37.7848,-122.7278,43486,"Shanahan, Schneider and Kessler",11/03/2024
693,Allan,Dewire,adewirej8@home.pl,Male,2009,Maybach,62,Bismarck,North Dakota,58505,US,46.8165,-100.7805,52183,Hammes-Bayer,01/02/2026
694,Gregory,Langridge,glangridgej9@gizmodo.com,Male,1990,Ford,E-Series,Dallas,Texas,75353,US,32.7673,-96.7776,63807,"McDermott, Gibson and Simonis",11/01/2022
695,Dwayne,Penning,dpenningja@topsy.com,Male,2008,Infiniti,FX,Las Vegas,Nevada,89145,US,36.1693,-115.2828,99541,"Hodkiewicz, Cormier and Jaskolski",09/02/2022
696,Kalinda,Weth,kwethjb@tmall.com,Female,1996,Dodge,Ram Van 3500,Aurora,Colorado,80015,US,39.6255,-104.7874,63411,"Kuvalis, Bashirian and Schuppe",07/15/2025
697,Harry,Pepis,hpepisjc@ibm.com,Male,2011,Toyota,FJ Cruiser,Springfield,Massachusetts,01105,US,42.0999,-72.5783,76369,Hills-Bednar,05/31/2025
698,Hillel,Joris,hjorisjd@purevolume.com,Male,1983,Honda,Accord,Berkeley,California,94705,US,37.8571,-122.25,66704,Raynor Inc,06/07/2023
699,Judah,Tipens,jtipensje@cmu.edu,Male,2011,Lexus,LS,Las Vegas,Nevada,89115,US,36.2158,-115.0671,58675,"Ledner, Swaniawski and Block",02/01/2025
700,Berke,Lamplugh,blamplughjf@twitter.com,Male,1999,Audi,A6,Whittier,California,90610,US,33.7866,-118.2987,95967,Wilkinson LLC,06/02/2025
701,Dominga,Pegden,dpegdenjg@utexas.edu,Female,2001,Ford,Th!nk,Kansas City,Kansas,66112,US,39.116,-94.764,87084,"Doyle, Pacocha and Turner",07/30/2024
702,Veronica,Guilloud,vguilloudjh@naver.com,Bigender,1993,Infiniti,G,Salt Lake City,Utah,84105,US,40.7372,-111.8581,71746,Boehm Inc,09/08/2022
703,Hakim,Stagg,hstaggji@businessinsider.com,Male,2007,Volvo,V70,Reading,Pennsylvania,19610,US,40.338,-75.978,97778,"McClure, Mills and Breitenberg",08/11/2025
704,Row,Buckham,rbuckhamjj@lycos.com,Polygender,1993,Jeep,Cherokee,Columbus,Ohio,43231,US,40.081,-82.9383,74484,Bradtke Group,12/19/2022
705,Lesya,Keepe,lkeepejk@amazon.co.uk,Female,1999,Ford,Windstar,Hyattsville,Maryland,20784,US,38.9513,-76.8958,38685,"Trantow, O'Conner and Wunsch",07/14/2024
706,Halimeda,Harradine,hharradinejl@ucoz.com,Female,1995,Eagle,Talon,Birmingham,Alabama,35244,US,33.3538,-86.8254,46799,Gulgowski LLC,05/11/2024
707,Ericha,Smurfit,esmurfitjm@networksolutions.com,Female,2005,Maserati,Quattroporte,Chicago,Illinois,60609,US,41.8097,-87.6533,87706,Bosco-Gorczany,07/22/2022
708,Rogerio,Pudney,rpudneyjn@networksolutions.com,Male,2010,Land Rover,Defender Ice Edition,Pueblo,Colorado,81010,US,38.1286,-104.5523,85080,Christiansen LLC,03/26/2024
709,Kirk,Duck,kduckjo@seattletimes.com,Male,1990,Pontiac,LeMans,Los Angeles,California,90025,US,34.0447,-118.4487,39445,Kuphal Group,03/20/2024
710,Novelia,Hallewell,nhallewelljp@chron.com,Female,2005,Suzuki,Grand Vitara,Jackson,Mississippi,39282,US,32.3113,-90.3972,83618,"Fay, Ledner and O'Conner",07/13/2024
711,Cati,Hefford,cheffordjq@furl.net,Female,1967,Ford,Mustang,Atlanta,Georgia,30368,US,33.8444,-84.474,49264,"Lakin, Erdman and O'Connell",02/23/2024
712,Regen,Rosenberg,rrosenbergjr@virginia.edu,Male,2000,Toyota,RAV4,Montpelier,Vermont,05609,US,44.2595,-72.585,78343,"Braun, Luettgen and O'Reilly",09/15/2022
713,Francois,Cato,fcatojs@mysql.com,Male,2003,Mazda,Mazda6,Ogden,Utah,84403,US,41.1894,-111.9489,81600,Kemmer-Bashirian,04/27/2023
714,Horton,Hartland,hhartlandjt@e-recht24.de,Male,1992,Mazda,Familia,Atlanta,Georgia,30328,US,33.9335,-84.3958,61452,"Boyer, Bode and Hahn",01/27/2024
715,Gleda,Fleeming,gfleemingju@si.edu,Female,1999,Isuzu,Rodeo,New York City,New York,10270,US,40.7069,-74.0082,85954,"Wiegand, Ledner and Glover",05/31/2024
716,Waylen,Danson,wdansonjv@wunderground.com,Male,1999,Lexus,RX,Allentown,Pennsylvania,18105,US,40.6934,-75.4712,46071,"Barton, Keebler and Muller",04/14/2023
717,Tate,Keher,tkeherjw@amazon.co.jp,Female,2005,Lexus,SC,Virginia Beach,Virginia,23459,US,36.9216,-76.0171,71723,Luettgen and Sons,04/07/2022
718,Bride,Fellows,bfellowsjx@usa.gov,Female,2008,Rolls-Royce,Phantom,Maple Plain,Minnesota,55572,US,45.0159,-93.4719,72868,Reichel-Morar,08/05/2025
719,Ashby,Boutton,abouttonjy@pbs.org,Male,2011,Ford,F450,Fort Wayne,Indiana,46862,US,41.0938,-85.0707,60768,Beier Group,04/24/2024
720,Orv,Leall,olealljz@hubpages.com,Male,1999,Lamborghini,Diablo,Evansville,Indiana,47737,US,37.9971,-87.575,33894,Christiansen-Koepp,01/09/2026
721,Alister,Bridgen,abridgenk0@cocolog-nifty.com,Male,1986,Ford,EXP,Jamaica,New York,11431,US,40.6869,-73.8501,95991,Robel-Kihn,06/11/2022
722,Christoper,Purveys,cpurveysk1@nature.com,Male,2008,Lexus,SC,Denver,Colorado,80299,US,39.7388,-104.4083,50161,"Schumm, Wehner and Feeney",02/25/2024
723,Chelsy,Bocken,cbockenk2@alibaba.com,Female,2000,Isuzu,Hombre,Austin,Texas,78710,US,30.352,-97.7151,41371,Funk-Parisian,04/11/2024
724,Heloise,Mower,hmowerk3@acquirethisname.com,Female,2008,Chevrolet,Silverado,Sacramento,California,94257,US,38.3774,-121.4444,86912,"Bayer, Torphy and Lemke",08/23/2024
725,Ermina,Botley,ebotleyk4@bizjournals.com,Female,2010,Hyundai,Veracruz,Fresno,California,93773,US,36.7464,-119.6397,64714,Fadel-Spinka,01/13/2024
726,Roxanne,Jenks,rjenksk5@wufoo.com,Female,2013,GMC,Yukon XL 1500,Atlanta,Georgia,30343,US,33.8444,-84.474,64866,"Konopelski, D'Amore and Gibson",01/27/2024
727,Elden,Dabinett,edabinettk6@slate.com,Male,2001,Land Rover,Discovery,Santa Clara,California,95054,US,37.3924,-121.9623,37564,Kunze-Witting,04/29/2024
728,Maxie,Dalloway,mdallowayk7@surveymonkey.com,Female,2006,Mazda,Mazda6,San Jose,California,95118,US,37.2568,-121.8896,34559,Denesik-Leuschke,10/22/2023
729,Humberto,Samways,hsamwaysk8@t-online.de,Male,1997,Toyota,T100,El Paso,Texas,88525,US,31.6948,-106.3,65708,Mitchell Inc,12/15/2024
730,Arther,Balm,abalmk9@feedburner.com,Male,1997,Hyundai,Tiburon,Pensacola,Florida,32590,US,30.6143,-87.2758,51527,Doyle Inc,08/21/2023
731,Selene,Greated,sgreatedka@twitpic.com,Female,2006,Cadillac,CTS-V,San Jose,California,95138,US,37.2602,-121.7709,80371,"Nikolaus, Boyle and Willms",03/31/2023
732,Larry,Abramowsky,labramowskykb@simplemachines.org,Male,2012,Audi,A3,Camden,New Jersey,08104,US,39.9186,-75.1078,97053,Predovic LLC,06/08/2023
733,Patric,Makeswell,pmakeswellkc@techcrunch.com,Male,1980,Ford,Mustang,Atlanta,Georgia,31119,US,33.8913,-84.0746,52786,"Lesch, Raynor and Gutkowski",09/21/2025
734,Bartholomeus,Bjorkan,bbjorkankd@china.com.cn,Male,1997,Isuzu,Rodeo,Mobile,Alabama,36628,US,30.6589,-88.178,99417,"Pfeffer, Casper and Emard",09/08/2024
735,Theodor,Sibbit,tsibbitke@yahoo.com,Male,1993,Jaguar,XJ Series,Colorado Springs,Colorado,80995,US,38.8247,-104.562,35220,Nader Inc,11/26/2022
736,Astrid,Leverton,alevertonkf@youtube.com,Female,1993,Ford,Econoline E250,Minneapolis,Minnesota,55487,US,45.0159,-93.4719,46703,"Collier, Denesik and Bechtelar",04/24/2022
737,Matt,Franz,mfranzkg@ameblo.jp,Male,1995,Mitsubishi,Mighty Max,Aiken,South Carolina,29805,US,33.6993,-81.6465,32066,Adams-Baumbach,05/31/2025
738,Halsy,Hinkins,hhinkinskh@bigcartel.com,Male,1997,Holden,VS Commodore,Atlanta,Georgia,31165,US,33.7629,-84.4226,62423,Stoltenberg Group,06/25/2022
739,Xenos,Hacket,xhacketki@imdb.com,Male,2009,Aston Martin,V8 Vantage,Los Angeles,California,90010,US,34.0606,-118.3027,66579,Luettgen-Satterfield,01/07/2024
740,Kaela,Burnand,kburnandkj@google.de,Female,2012,Honda,Crosstour,Saginaw,Michigan,48604,US,43.4732,-83.9514,50867,O'Connell-Yost,05/26/2022
741,Florie,Servante,fservantekk@cbslocal.com,Female,2007,Buick,Rainier,Memphis,Tennessee,38161,US,35.2017,-89.9715,33330,"Koelpin, Stamm and Jaskolski",05/14/2022
742,Goldy,Sworne,gswornekl@themeforest.net,Female,2000,Mercury,Villager,Kingsport,Tennessee,37665,US,36.5799,-82.5733,50576,"Haley, Hansen and Funk",05/06/2025
743,Jeremias,Bletsoe,jbletsoekm@4shared.com,Male,2010,GMC,Yukon,Youngstown,Ohio,44511,US,41.0704,-80.6931,95875,Fisher-Koelpin,08/21/2024
744,Donny,Kundert,dkundertkn@guardian.co.uk,Male,2010,Ford,F350,Peoria,Arizona,85383,US,33.7169,-112.238,95662,Windler LLC,06/12/2023
745,Husain,Hartford,hhartfordko@amazon.co.jp,Male,2001,Mazda,Millenia,Amarillo,Texas,79165,US,35.4015,-101.8951,55752,Bailey-Nolan,03/09/2024
746,Zack,Capps,zcappskp@wordpress.com,Male,2011,MINI,Countryman,Louisville,Kentucky,40266,US,38.189,-85.6768,31760,Leannon Inc,12/02/2024
747,Goldarina,Jaukovic,gjaukovickq@angelfire.com,Female,2003,Chevrolet,Tahoe,Lynn,Massachusetts,01905,US,42.4694,-70.9728,81310,Okuneva-Herzog,04/05/2024
748,Edith,Jeffs,ejeffskr@stanford.edu,Female,2001,Lincoln,Navigator,Houston,Texas,77065,US,29.9319,-95.6106,38041,Waelchi-Rogahn,11/27/2023
749,Mathew,Grugerr,mgrugerrks@vkontakte.ru,Male,1992,Mercedes-Benz,W201,Mount Vernon,New York,10557,US,41.119,-73.733,31998,Robel-Miller,10/28/2023
750,Major,Spoure,mspourekt@nps.gov,Male,2003,Mitsubishi,Lancer,Kansas City,Missouri,64136,US,39.0187,-94.4008,42197,Bosco-Bernhard,07/29/2025
751,Roley,Denny,rdennyku@wikipedia.org,Male,1964,Ford,Galaxie,San Antonio,Texas,78235,US,29.3494,-98.4422,52449,"Lesch, Heller and Sanford",06/05/2023
752,Caleb,Camber,ccamberkv@devhub.com,Male,2009,Nissan,370Z,Los Angeles,California,90030,US,33.7866,-118.2987,44182,Roberts and Sons,08/09/2024
753,Jana,Botterell,jbotterellkw@microsoft.com,Female,2001,BMW,Z3,Indianapolis,Indiana,46278,US,39.8726,-86.2768,97855,Bernhard Inc,01/12/2024
754,Carolynn,Werrett,cwerrettkx@printfriendly.com,Female,2012,GMC,Yukon XL 1500,Los Angeles,California,90015,US,34.0434,-118.2716,80405,"Medhurst, Braun and Spinka",05/31/2022
755,Elvis,Mirralls,emirrallsky@diigo.com,Male,2012,Lexus,HS,Hollywood,Florida,33028,US,26.0185,-80.3449,99963,Brakus-Pouros,09/04/2022
756,Letizia,McTerrelly,lmcterrellykz@dell.com,Female,1990,Pontiac,Trans Sport,Gainesville,Florida,32610,US,29.6813,-82.3539,52624,Cole-Keebler,04/06/2022
757,Elihu,Whyke,ewhykel0@networkadvertising.org,Male,1997,Honda,Prelude,Boston,Massachusetts,02124,US,42.2868,-71.071,73568,Parisian and Sons,04/22/2023
758,Rosetta,Binne,rbinnel1@smh.com.au,Female,2010,Hummer,H3T,Orlando,Florida,32835,US,28.5289,-81.4787,76913,Robel-Bruen,06/15/2022
759,Farrel,Fattore,ffattorel2@webs.com,Male,1991,Mercedes-Benz,SL-Class,Phoenix,Arizona,85035,US,33.4724,-112.1832,91302,Murphy-Ward,12/19/2024
760,Abby,Smeath,asmeathl3@narod.ru,Male,1992,Mazda,MX-5,Troy,Michigan,48098,US,42.5991,-83.1789,66383,O'Keefe Group,09/22/2025
761,Verena,Bass,vbassl4@bbc.co.uk,Female,1993,Dodge,Ram Wagon B350,Saint Paul,Minnesota,55108,US,44.9806,-93.1771,33689,Bayer Group,09/20/2024
762,Germaine,Lecky,gleckyl5@dot.gov,Male,1998,Chevrolet,G-Series 1500,Atlanta,Georgia,30343,US,33.8444,-84.474,31896,Rau-Wiegand,05/31/2024
763,Braden,Monro,bmonrol6@sun.com,Male,1967,Pontiac,GTO,Bloomington,Illinois,61709,US,40.4614,-88.953,60622,Brekke-Kuhic,12/31/2025
764,Olive,Bodicum,obodicuml7@phoca.cz,Female,1990,Eagle,Talon,Pittsburgh,Pennsylvania,15230,US,40.4344,-80.0248,78555,"Mitchell, Greenholt and Moore",06/25/2022
765,Harv,Housiaux,hhousiauxl8@buzzfeed.com,Male,1992,Nissan,Stanza,Pomona,California,91797,US,33.7866,-118.2987,96558,Boehm-Marvin,12/12/2022
766,Erminia,Moorman,emoormanl9@wix.com,Female,2004,Volvo,S80,Washington,District of Columbia,20575,US,38.8933,-77.0146,42066,Bergstrom Inc,06/15/2022
767,Jasmine,Humble,jhumblela@sfgate.com,Female,2001,Ford,Windstar,Wilmington,Delaware,19810,US,39.8188,-75.5064,38186,Friesen-Watsica,10/18/2025
768,Renaldo,Issit,rissitlb@bbb.org,Male,1992,Jeep,Cherokee,Tacoma,Washington,98447,US,47.1441,-122.4434,88040,"Skiles, Rau and Murray",03/11/2025
769,Phoebe,Chatenier,pchatenierlc@wp.com,Female,2003,Jaguar,X-Type,Detroit,Michigan,48206,US,42.3749,-83.1087,47753,"Kunze, Will and Rosenbaum",04/26/2024
770,Abbie,Jenicke,ajenickeld@google.ca,Male,1968,Dodge,Charger,Washington,District of Columbia,20319,US,38.8667,-77.0166,37266,West Group,10/08/2023
771,Giustina,Tattershaw,gtattershawle@pbs.org,Female,1990,Suzuki,Sidekick,El Paso,Texas,88558,US,31.6948,-106.3,61483,Witting-Moore,02/12/2022
772,Catriona,Bowering,cboweringlf@sciencedirect.com,Female,1998,Buick,Regal,New York City,New York,10009,US,40.7262,-73.9796,94796,"Kling, Boyer and Kuvalis",09/11/2025
773,Bradney,Heavyside,bheavysidelg@home.pl,Male,1994,Toyota,Paseo,Kansas City,Missouri,64130,US,39.0351,-94.5467,96049,Kunde Group,12/12/2022
774,Gypsy,Upson,gupsonlh@last.fm,Female,1986,Buick,Riviera,Houston,Texas,77201,US,29.834,-95.4342,48767,"Leannon, Cremin and Hoppe",02/21/2025
775,Kittie,Barbey,kbarbeyli@aol.com,Female,1990,Maserati,Karif,El Paso,Texas,79940,US,31.6948,-106.3,78246,"Dickinson, Beatty and Hilpert",12/28/2025
776,Penni,Melsome,pmelsomelj@ft.com,Female,1989,Subaru,XT,Bradenton,Florida,34282,US,27.4272,-82.4387,41704,Grady Group,03/07/2023
777,Kin,Onn,konnlk@bing.com,Male,2009,Ford,E150,Washington,District of Columbia,20525,US,38.8933,-77.0146,39927,Corwin-Mayer,10/18/2022
778,Lief,Yitzowitz,lyitzowitzll@cafepress.com,Male,2006,Ford,Freestyle,Pittsburgh,Pennsylvania,15279,US,40.4344,-80.0248,37106,"O'Keefe, Christiansen and Swaniawski",04/19/2024
779,Nannette,Mac Geaney,nmacgeaneylm@icq.com,Female,2012,Toyota,FJ Cruiser,Denver,Colorado,80270,US,39.7388,-104.4083,81590,Wisozk LLC,09/26/2025
780,Angelina,Routledge,aroutledgeln@qq.com,Polygender,2007,BMW,7 Series,Stockton,California,95298,US,37.9577,-121.2897,74508,Sauer-Batz,01/13/2026
781,Matt,Calbert,mcalbertlo@sun.com,Male,1984,Ford,LTD,Colorado Springs,Colorado,80940,US,38.8247,-104.562,93146,Cronin-Wolf,05/12/2024
782,Killian,Matzaitis,kmatzaitislp@bbb.org,Male,2003,GMC,Envoy XL,Jacksonville,Florida,32259,US,30.0956,-81.6217,61674,"Mills, Mann and Ruecker",06/03/2024
783,Bryon,Glader,bgladerlq@telegraph.co.uk,Male,2003,Lexus,ES,Glendale,Arizona,85311,US,33.2765,-112.1872,73386,Balistreri-Grady,02/18/2024
784,Vonnie,Cheley,vcheleylr@skype.com,Female,2002,BMW,X5,Jacksonville,Florida,32255,US,30.287,-81.3893,66116,Stracke-Jacobs,03/21/2022
785,Briano,Wooddisse,bwooddissels@adobe.com,Male,1992,Cadillac,Allante,Richmond,Virginia,23220,US,37.5498,-77.4588,56241,Crooks-Dach,03/17/2025
786,Gery,McCabe,gmccabelt@yellowbook.com,Male,2009,Ford,Mustang,Brooklyn,New York,11231,US,40.6794,-74.0014,57597,"Kshlerin, Emmerich and Stark",06/08/2025
787,Gustave,Conti,gcontilu@cocolog-nifty.com,Male,2006,Dodge,Viper,Amarillo,Texas,79182,US,35.4015,-101.8951,31715,Mertz-Kling,07/26/2022
788,Roxane,Gyenes,rgyeneslv@umich.edu,Bigender,1992,Honda,Accord,New York City,New York,10099,US,40.7808,-73.9772,39498,Marks and Sons,04/01/2023
789,Carolynn,Keysel,ckeysellw@i2i.jp,Female,1999,GMC,EV1,Southfield,Michigan,48076,US,42.4981,-83.2058,41977,Swift Group,05/06/2025
790,Beryle,Witchalls,bwitchallslx@ycombinator.com,Female,1998,Mazda,Millenia,Reston,Virginia,22096,US,38.8318,-77.2888,35725,"Gleichner, Kutch and Upton",11/14/2024
791,Vidovik,Gowlett,vgowlettly@webnode.com,Male,1996,Chevrolet,Caprice,Boulder,Colorado,80310,US,40.0878,-105.3735,86462,Johns-McClure,05/20/2025
792,Con,Hallyburton,challyburtonlz@techcrunch.com,Male,2013,Ford,Transit Connect,Abilene,Texas,79699,US,32.4665,-99.7117,46075,Ondricka-Herman,03/27/2023
793,Den,Windross,dwindrossm0@ifeng.com,Male,2002,Lincoln,Town Car,Louisville,Kentucky,40250,US,38.189,-85.6768,88686,"Carter, Welch and Mills",02/28/2024
794,Christye,De Lisle,cdelislem1@dot.gov,Female,2008,Saab,9-7X,Chattanooga,Tennessee,37405,US,35.0768,-85.3082,33581,Baumbach-Gleichner,12/22/2022
795,Angel,Ambroziak,aambroziakm2@friendfeed.com,Female,2008,GMC,Acadia,Austin,Texas,78732,US,30.3752,-97.9007,82028,"MacGyver, Runolfsdottir and Fay",07/05/2025
796,Myer,Yule,myulem3@flavors.me,Male,1998,Honda,Civic,Spokane,Washington,99210,US,47.6536,-117.4317,46386,"Tillman, Wiza and Lubowitz",05/05/2022
797,Leonardo,Renneke,lrennekem4@amazon.co.jp,Male,1991,Land Rover,Sterling,Philadelphia,Pennsylvania,19093,US,40.0018,-75.1179,56777,Bahringer-Jacobi,01/13/2023
798,Beniamino,Prujean,bprujeanm5@phpbb.com,Bigender,2010,Toyota,Corolla,Kansas City,Missouri,64153,US,39.2627,-94.697,54008,"Stark, Mueller and Bogisich",06/24/2022
799,Prentice,Dyke,pdykem6@loc.gov,Male,2005,Chevrolet,Express 2500,Nashville,Tennessee,37210,US,36.1379,-86.741,69254,Mante Inc,10/15/2025
800,Hunter,Magwood,hmagwoodm7@google.com.au,Male,2011,Chevrolet,Malibu,San Francisco,California,94105,US,37.7864,-122.3892,76787,"Wilkinson, Koepp and White",01/03/2023
801,Bonita,Emmot,bemmotm8@pinterest.com,Female,1998,BMW,Z3,Vancouver,Washington,98682,US,45.6644,-122.5212,34021,"Marvin, Terry and Hills",03/17/2024
802,Allissa,Edeson,aedesonm9@wikia.com,Female,1985,Subaru,Leone,Atlanta,Georgia,31165,US,33.7629,-84.4226,78985,"Dietrich, Daniel and Towne",01/17/2025
803,Judon,Paulsen,jpaulsenma@booking.com,Male,1995,Ford,F-Series,Oceanside,California,92056,US,33.1968,-117.2831,98107,Goodwin-Spinka,11/29/2025
804,Mareah,Finnan,mfinnanmb@sciencedaily.com,Female,1989,Suzuki,SJ,Denver,Colorado,80204,US,39.734,-105.0259,93688,"Raynor, Harber and Moore",06/20/2022
805,Leonelle,McKinty,lmckintymc@columbia.edu,Agender,1997,Land Rover,Range Rover,New Orleans,Louisiana,70142,US,30.033,-89.8826,46885,Grant-Kiehn,10/02/2024
806,Betteann,Colter,bcoltermd@unc.edu,Female,1995,Nissan,Pathfinder,Worcester,Massachusetts,01605,US,42.2894,-71.7888,64148,"Medhurst, Hermann and Boyle",01/11/2024
807,Codi,Cantos,ccantosme@independent.co.uk,Female,2004,Toyota,Prius,San Diego,California,92170,US,33.0169,-116.846,55658,Becker-Koss,08/23/2025
808,Fremont,Staggs,fstaggsmf@samsung.com,Agender,2004,Toyota,Tundra,Chattanooga,Tennessee,37405,US,35.0768,-85.3082,34335,Kuhic Group,12/04/2023
809,Briny,Henlon,bhenlonmg@twitpic.com,Female,2007,BMW,M Roadster,Jamaica,New York,11447,US,40.6914,-73.8061,77517,Wyman-Paucek,11/23/2023
810,Joella,Hodcroft,jhodcroftmh@google.cn,Female,2002,Saturn,S-Series,Savannah,Georgia,31422,US,31.9714,-81.0716,52815,Huel LLC,12/07/2023
811,Reece,Huchot,rhuchotmi@ocn.ne.jp,Male,1992,Mazda,B-Series Plus,Jacksonville,Florida,32209,US,30.3584,-81.692,84873,Jacobs Inc,04/08/2023
812,Otto,Gebby,ogebbymj@shareasale.com,Bigender,2003,Jeep,Liberty,Los Angeles,California,90030,US,33.7866,-118.2987,62470,"Mayer, Fay and Champlin",06/27/2024
813,Ashton,Runnalls,arunnallsmk@illinois.edu,Male,1999,Toyota,Camry,Clearwater,Florida,33758,US,27.8918,-82.7248,63465,Wilderman-Bailey,06/20/2023
814,Terrence,Biers,tbiersml@barnesandnoble.com,Male,2008,BMW,X5,Tyler,Texas,75705,US,32.3766,-95.1252,96832,"Schulist, Harris and Klein",05/23/2024
815,Bill,Flight,bflightmm@de.vu,Non-binary,2006,Mazda,RX-8,Rochester,New York,14624,US,43.1216,-77.7311,86547,"Gorczany, Stracke and Swift",09/16/2022
816,Barnaby,Seares,bsearesmn@myspace.com,Male,2008,Chevrolet,Avalanche,Memphis,Tennessee,38104,US,35.1334,-90.0046,92546,"Kemmer, Wilderman and Gerhold",03/23/2025
817,Doralyn,Bolton,dboltonmo@go.com,Female,2007,Jeep,Commander,Washington,District of Columbia,20566,US,38.8971,-77.0554,84854,"Rutherford, Pagac and Dibbert",10/11/2025
818,Gibb,Di Franceshci,gdifranceshcimp@mayoclinic.com,Male,2009,Jaguar,XF,Jacksonville,Florida,32236,US,30.3449,-81.6831,78081,Hackett LLC,05/08/2025
819,Flossy,Trouncer,ftrouncermq@apache.org,Female,2011,Mazda,Mazda3,Mansfield,Ohio,44905,US,40.7779,-82.4613,85789,"Gislason, Halvorson and Bogisich",11/25/2022
820,Thebault,Atwell,tatwellmr@cnbc.com,Male,1993,GMC,3500 Club Coupe,South Bend,Indiana,46620,US,41.5968,-86.293,98369,Carter LLC,05/28/2023
821,Gayelord,Mainland,gmainlandms@nature.com,Male,2001,Buick,Park Avenue,Vero Beach,Florida,32969,US,27.709,-80.5726,78318,"Baumbach, Kessler and Heathcote",04/09/2023
822,Artemas,Lace,alacemt@chronoengine.com,Male,2010,Volkswagen,Jetta,New Orleans,Louisiana,70187,US,30.033,-89.8826,40827,Lehner-Howe,10/24/2025
823,Noe,Yude,nyudemu@yellowbook.com,Male,2007,Pontiac,G5,Long Beach,California,90810,US,33.8193,-118.2325,92401,O'Reilly-Jaskolski,04/05/2023
824,Raynor,McAusland,rmcauslandmv@nsw.gov.au,Male,1995,Ford,Thunderbird,Saint Paul,Minnesota,55114,US,44.968,-93.1981,78036,"Mante, Hermann and Hirthe",12/22/2022
825,Bruno,Alebrooke,balebrookemw@cnet.com,Male,1997,Suzuki,Sidekick,Tallahassee,Florida,32314,US,30.4793,-84.3462,85910,Mante Group,11/01/2022
826,Lanni,Dimond,ldimondmx@infoseek.co.jp,Female,2002,GMC,Sierra 2500,Midland,Texas,79710,US,31.8693,-102.0317,71247,Torphy-Mitchell,03/11/2024
827,Alexia,Ellaway,aellawaymy@who.int,Female,2006,Ford,Freestar,Trenton,New Jersey,08603,US,40.2805,-74.712,65563,"Huel, Leuschke and Carroll",11/19/2024
828,Aeriel,Baptie,abaptiemz@myspace.com,Female,1997,Mazda,B-Series Plus,Norfolk,Virginia,23509,US,36.8787,-76.2604,78622,Goodwin-Shanahan,07/31/2025
829,Gale,Asker,gaskern0@springer.com,Male,2000,Toyota,Tacoma Xtra,Alexandria,Virginia,22333,US,38.8158,-77.09,86668,Klein-Powlowski,03/21/2022
830,Carmen,Kennan,ckennann1@acquirethisname.com,Female,1993,Subaru,Alcyone SVX,Amarillo,Texas,79176,US,35.1885,-101.8165,64039,"Lockman, Beier and Gottlieb",08/26/2024
831,Urson,De Souza,udesouzan2@walmart.com,Bigender,2007,Suzuki,Reno,Wilmington,Delaware,19810,US,39.8188,-75.5064,30497,"Harris, Deckow and Funk",06/16/2025
832,Perri,Fundell,pfundelln3@domainmarket.com,Female,2011,Ford,E150,Tulsa,Oklahoma,74156,US,36.3024,-95.9605,43513,Skiles-Gleichner,10/18/2024
833,Regen,McDuffy,rmcduffyn4@free.fr,Male,1987,Audi,Coupe GT,Apache Junction,Arizona,85219,US,33.3616,-111.2795,35600,"Crooks, Gusikowski and Hermiston",09/27/2023
834,Harlan,Siveter,hsivetern5@themeforest.net,Male,2004,Cadillac,DeVille,Providence,Rhode Island,02905,US,41.7845,-71.3959,58772,"Hilll, Jakubowski and Kiehn",10/06/2024
835,Camilla,McCaighey,cmccaigheyn6@youtube.com,Female,2012,Infiniti,G25,Columbus,Mississippi,39705,US,33.5508,-88.4865,37438,Raynor and Sons,02/13/2024
836,Alverta,Kilgallen,akilgallenn7@odnoklassniki.ru,Female,1999,GMC,Yukon,Anchorage,Alaska,99522,US,61.1089,-149.4403,46117,"Farrell, Hoeger and Kuhn",08/11/2025
837,Lauralee,Aiers,laiersn8@weather.com,Female,1992,Mitsubishi,Precis,Knoxville,Tennessee,37919,US,35.9244,-84.0015,75681,Cummings LLC,07/30/2024
838,Granny,MacConnell,gmacconnelln9@businessinsider.com,Male,1987,Volkswagen,Cabriolet,Tampa,Florida,33694,US,27.872,-82.4388,53262,Fadel LLC,11/07/2025
839,Anthiathia,Hayen,ahayenna@examiner.com,Female,1992,Mitsubishi,Montero,Gaithersburg,Maryland,20883,US,39.0883,-77.1568,55818,Hyatt-Bednar,03/02/2022
840,John,Gillman,jgillmannb@ucoz.ru,Male,2005,Dodge,Ram 3500,Irving,Texas,75037,US,32.7673,-96.7776,68967,Boyle Group,12/07/2025
841,Mercy,Kimmince,mkimmincenc@craigslist.org,Female,2012,BMW,6 Series,Dallas,Texas,75397,US,32.7673,-96.7776,44692,Breitenberg Inc,12/15/2024
842,Tybi,MacKartan,tmackartannd@bloglovin.com,Female,1998,Saab,900,Philadelphia,Pennsylvania,19125,US,39.9788,-75.1262,94393,Keeling-Cartwright,06/19/2024
843,Maressa,Jendrach,mjendrachne@aol.com,Female,1992,Plymouth,Colt,Charleston,South Carolina,29416,US,32.8488,-79.8577,83106,Anderson Group,09/10/2024
844,Bernardina,Rohmer,brohmernf@so-net.ne.jp,Female,1988,Ford,Bronco,Columbus,Ohio,43240,US,40.1454,-82.9817,92137,Ritchie-Bahringer,05/29/2024
845,Edythe,Brahan,ebrahanng@unesco.org,Female,2008,Chevrolet,Suburban 2500,Norfolk,Virginia,23520,US,36.9312,-76.2397,54528,"Legros, Lockman and Schaefer",11/30/2025
846,Cyril,Stracey,cstraceynh@opera.com,Male,2008,Acura,TSX,Houston,Texas,77045,US,29.6297,-95.4382,91034,Tremblay LLC,10/29/2022
847,Blake,Eastope,beastopeni@wp.com,Male,2006,Isuzu,i-280,Amarillo,Texas,79176,US,35.1885,-101.8165,35053,"Flatley, Ledner and Spinka",12/26/2022
848,Cad,Fazan,cfazannj@techcrunch.com,Male,2003,Mitsubishi,Outlander,Saint Louis,Missouri,63121,US,38.7072,-90.3055,62532,Marvin-West,05/13/2023
849,Patricia,Lympenie,plympenienk@gnu.org,Female,1995,Dodge,Caravan,Albuquerque,New Mexico,87180,US,35.0443,-106.6729,73802,"Block, Marvin and Beier",04/21/2023
850,Lindsy,Hourstan,lhourstannl@drupal.org,Female,2008,Toyota,4Runner,Las Vegas,Nevada,89193,US,35.9279,-114.9721,71873,"Ferry, Swaniawski and Carroll",04/22/2023
851,Andy,MacCumeskey,amaccumeskeynm@smh.com.au,Male,2006,Mazda,Mazda5,Greenville,South Carolina,29615,US,34.8661,-82.3198,51756,Conroy and Sons,10/12/2024
852,Krispin,Hymans,khymansnn@accuweather.com,Male,2007,Jeep,Liberty,Punta Gorda,Florida,33982,US,26.9668,-81.9545,44252,"Cassin, Casper and Gulgowski",12/22/2022
853,Robers,Pow,rpowno@ed.gov,Male,1991,Buick,Park Avenue,Pittsburgh,Pennsylvania,15266,US,40.4344,-80.0248,77203,"Bauch, Larson and Flatley",12/14/2023
854,Chucho,Franzettoini,cfranzettoininp@bloglines.com,Male,1985,Lincoln,Continental Mark VII,Tucson,Arizona,85710,US,32.2138,-110.824,44338,Jaskolski-Torphy,08/22/2024
855,Genia,Baine,gbainenq@intel.com,Female,2010,Porsche,911,Washington,District of Columbia,20310,US,38.8933,-77.0146,49757,Mann Inc,05/07/2022
856,Titus,Clutterham,tclutterhamnr@arizona.edu,Male,2009,Subaru,Tribeca,Oklahoma City,Oklahoma,73197,US,35.5514,-97.4075,55444,Dicki-Mitchell,08/03/2022
857,Kitty,Comport,kcomportns@wordpress.com,Bigender,2009,Pontiac,G5,Cincinnati,Ohio,45249,US,39.2692,-84.3307,87249,"Stanton, Beahan and Crist",03/13/2024
858,Gaspard,Lewer,glewernt@youku.com,Male,1993,Ford,Festiva,Bronx,New York,10469,US,40.8702,-73.8495,95707,O'Connell-Little,12/12/2024
859,Briney,O'Regan,boregannu@boston.com,Female,1998,Toyota,T100,Montgomery,Alabama,36114,US,32.404,-86.2539,33149,Lynch-Christiansen,06/27/2022
860,Shari,Latehouse,slatehousenv@ed.gov,Female,2011,Lexus,LX,Oklahoma City,Oklahoma,73190,US,35.5514,-97.4075,46258,"Block, Gibson and Gutmann",10/23/2025
861,Ettore,Suggey,esuggeynw@dmoz.org,Male,2008,Honda,Element,Phoenix,Arizona,85053,US,33.6299,-112.1316,36671,Adams Group,06/25/2022
862,Betteanne,Hadwen,bhadwennx@bbc.co.uk,Female,2009,Lotus,Elise,Richmond,Virginia,23213,US,37.5593,-77.4471,39719,"Schneider, Rolfson and Davis",05/30/2025
863,Bonnee,Reading,breadingny@storify.com,Female,2011,Ford,Taurus,New York City,New York,10203,US,40.7808,-73.9772,76190,Rolfson LLC,11/04/2024
864,Alyssa,Mohan,amohannz@over-blog.com,Female,2003,Lexus,RX,Las Vegas,Nevada,89125,US,36.2235,-115.2655,33114,Bauch LLC,07/25/2024
865,Giselbert,Scyner,gscynero0@yahoo.com,Male,2003,Mercedes-Benz,SL-Class,New Orleans,Louisiana,70187,US,30.033,-89.8826,55669,Nolan Group,10/19/2025
866,Phylys,Shuker,pshukero1@etsy.com,Female,2002,Mitsubishi,Pajero,Oakland,California,94622,US,37.799,-122.2337,44434,Borer-Gutkowski,05/01/2022
867,Ashbey,Blazeby,ablazebyo2@usatoday.com,Male,2004,Audi,A6,Orlando,Florida,32891,US,28.5663,-81.2608,40936,Rowe Group,01/11/2024
868,Royal,Dennett,rdennetto3@miitbeian.gov.cn,Male,2006,Chrysler,Town & Country,Savannah,Georgia,31416,US,32.0053,-81.0477,96625,"Hermann, Kutch and Botsford",04/16/2023
869,Manfred,Hyams,mhyamso4@theatlantic.com,Male,1996,Cadillac,Seville,Greeley,Colorado,80638,US,40.5009,-104.315,43763,"Hammes, Connelly and Rempel",09/09/2024
870,Max,Adamsky,madamskyo5@state.tx.us,Female,2000,Volkswagen,rio,New York City,New York,10275,US,40.7808,-73.9772,54196,Homenick-Bergstrom,02/15/2023
871,Hatti,Vigours,hvigourso6@ehow.com,Female,2011,Hyundai,Santa Fe,Lancaster,Pennsylvania,17622,US,40.0418,-76.3012,67163,Cronin-Stoltenberg,03/29/2022
872,Tedie,Musico,tmusicoo7@people.com.cn,Male,2009,Aston Martin,DBS,Charlotte,North Carolina,28220,US,35.26,-80.8042,51330,Predovic-Kassulke,04/21/2024
873,Sigismond,Marusic,smarusico8@mac.com,Male,1988,Ford,Bronco,Watertown,Massachusetts,02472,US,42.37,-71.1773,82165,"Ziemann, Tromp and Watsica",09/29/2022
874,Guglielmo,Nolleau,gnolleauo9@dyndns.org,Male,2010,Lexus,GX,Pittsburgh,Pennsylvania,15255,US,40.4344,-80.0248,72326,Wyman Inc,07/29/2025
875,Dorisa,Levett,dlevettoa@admin.ch,Female,1990,Suzuki,Sidekick,El Paso,Texas,79984,US,31.6948,-106.3,50033,Ondricka-Sawayn,02/14/2022
876,Normy,Durn,ndurnob@google.de,Male,1998,Chevrolet,Tracker,New York City,New York,10105,US,40.7628,-73.9785,84012,Wiza-Cormier,12/19/2022
877,Silvanus,O'Brian,sobrianoc@odnoklassniki.ru,Male,2013,GMC,Yukon XL 1500,Richmond,California,94807,US,37.7772,-121.9554,55391,Stanton-Schimmel,05/16/2022
878,Emmi,Mattacks,emattacksod@t.co,Agender,2010,Mercedes-Benz,S-Class,Cumming,Georgia,30130,US,34.2216,-84.1537,99466,"Schamberger, Jaskolski and Ankunding",03/25/2023
879,Roby,Revett,rrevettoe@symantec.com,Non-binary,1993,Nissan,240SX,Charlotte,North Carolina,28205,US,35.22,-80.7881,92616,"Connelly, McDermott and Roberts",02/04/2025
880,Alleyn,Guyonnet,aguyonnetof@redcross.org,Male,2007,Chevrolet,Cobalt,Akron,Ohio,44321,US,41.1002,-81.6443,99157,Heaney-Willms,03/28/2022
881,Corbin,Iglesias,ciglesiasog@microsoft.com,Male,2012,Honda,Crosstour,Shawnee Mission,Kansas,66210,US,38.9273,-94.7143,88987,Schuppe-Bins,05/12/2022
882,Agnese,Ogle,aogleoh@japanpost.jp,Female,1993,Nissan,Maxima,Durham,North Carolina,27710,US,36.0512,-78.8577,43414,Mante Group,01/12/2023
883,Joann,Honig,jhonigoi@ow.ly,Female,1996,Volkswagen,Cabriolet,Boise,Idaho,83732,US,43.4599,-116.244,78855,"Toy, Mills and Armstrong",06/11/2024
884,Washington,Pollington,wpollingtonoj@reuters.com,Genderqueer,2009,Chevrolet,Silverado 3500,Albuquerque,New Mexico,87190,US,35.0443,-106.6729,84706,Carter Group,09/04/2024
885,Horten,Crimp,hcrimpok@nymag.com,Male,2000,Cadillac,Seville,Vero Beach,Florida,32969,US,27.709,-80.5726,55139,"Schultz, Russel and Kub",10/28/2022
886,Sibylla,Petican,speticanol@dropbox.com,Female,1972,Chevrolet,Corvette,Pueblo,Colorado,81005,US,38.2352,-104.66,91055,Connelly-Roberts,01/15/2023
887,Delphine,Cuffley,dcuffleyom@t.co,Polygender,2009,Porsche,Cayman,New York City,New York,10120,US,40.7506,-73.9894,99673,Wuckert Group,09/26/2024
888,Teressa,Le Merchant,tlemerchanton@linkedin.com,Female,1993,Jaguar,XJ Series,Fort Worth,Texas,76178,US,32.7714,-97.2915,35114,MacGyver-Green,11/16/2024
889,Michael,Jacqueminet,mjacqueminetoo@addthis.com,Male,1996,Volkswagen,Golf,San Diego,California,92191,US,33.0169,-116.846,37990,"Reichel, Padberg and Herzog",08/11/2024
890,Maren,Syms,msymsop@desdev.cn,Genderqueer,1997,Geo,Prizm,San Antonio,Texas,78215,US,29.4413,-98.4793,64450,Grant-O'Hara,05/25/2024
891,Guthry,Fentem,gfentemoq@go.com,Male,1993,Chevrolet,Sportvan G10,Tallahassee,Florida,32309,US,30.5422,-84.1413,30971,Krajcik-Zieme,02/08/2023
892,Chanda,Cadd,ccaddor@bbc.co.uk,Female,2012,Hyundai,Sonata,Glendale,California,91205,US,34.1378,-118.2424,55036,"Turcotte, Wintheiser and Senger",09/04/2025
893,Serene,Tropman,stropmanos@istockphoto.com,Female,1991,Mercedes-Benz,S-Class,Bronx,New York,10469,US,40.8702,-73.8495,79646,Boyer-Kunde,07/18/2024
894,Launce,Luckham,lluckhamot@dropbox.com,Genderfluid,2012,Ford,E150,Saginaw,Michigan,48609,US,43.3869,-84.0926,97040,"Dach, Purdy and Langosh",12/21/2025
895,Amabel,Smedley,asmedleyou@tiny.cc,Female,1995,Chevrolet,Cavalier,Orange,California,92668,US,33.7867,-117.8742,49792,Considine-Okuneva,07/10/2025
896,Velvet,Cottrell,vcottrellov@tmall.com,Female,2003,Honda,Element,Atlanta,Georgia,30380,US,33.8444,-84.474,38616,Huel Group,12/24/2023
897,Twyla,Braunstein,tbraunsteinow@ucla.edu,Female,2004,Mercedes-Benz,CL-Class,Vero Beach,Florida,32969,US,27.709,-80.5726,55715,Wolf Group,12/13/2023
898,Mozes,Albertson,malbertsonox@blogspot.com,Male,1999,Mercedes-Benz,S-Class,Garden Grove,California,92844,US,33.7661,-117.9738,49117,Sporer Group,06/02/2023
899,Elbert,Haily,ehailyoy@arizona.edu,Male,1995,BMW,7 Series,Houston,Texas,77234,US,29.834,-95.4342,89627,Wehner LLC,01/09/2026
900,Pauly,Moloney,pmoloneyoz@nba.com,Female,2006,Kia,Spectra,Madison,Wisconsin,53726,US,43.0696,-89.4239,59548,Hagenes-Swaniawski,01/09/2023
901,Kermit,Oldmeadow,koldmeadowp0@state.tx.us,Male,2001,Pontiac,Grand Am,Minneapolis,Minnesota,55412,US,45.0242,-93.302,77048,Maggio and Sons,11/11/2024
902,Sherm,Stribbling,sstribblingp1@hugedomains.com,Male,2010,Ferrari,458 Italia,San Angelo,Texas,76905,US,31.4647,-100.39,46432,"Gislason, Volkman and Rau",05/31/2022
903,Pren,Cakes,pcakesp2@de.vu,Male,2000,GMC,Sierra 2500,Washington,District of Columbia,20099,US,38.8933,-77.0146,99723,"Herman, Nitzsche and Hegmann",06/07/2022
904,Victor,Fawdry,vfawdryp3@webs.com,Male,2011,Mercedes-Benz,Sprinter 2500,Washington,District of Columbia,20238,US,38.8933,-77.0146,68323,Denesik Inc,12/28/2022
905,Aland,Dameisele,adameiselep4@mashable.com,Male,2011,Audi,A6,Troy,Michigan,48098,US,42.5991,-83.1789,92041,Dach-Spencer,04/10/2023
906,Carrie,Brailsford,cbrailsfordp5@pcworld.com,Female,1999,Toyota,4Runner,Seattle,Washington,98133,US,47.7377,-122.3431,85137,"Stamm, Batz and Dickens",08/08/2024
907,Eberto,Haggie,ehaggiep6@ask.com,Male,2004,Mercury,Grand Marquis,Corpus Christi,Texas,78415,US,27.7262,-97.4078,58773,"Lehner, Lowe and Marvin",03/10/2022
908,Shoshanna,Smeuin,ssmeuinp7@earthlink.net,Female,2000,Volvo,S70,Vero Beach,Florida,32969,US,27.709,-80.5726,30597,Gerlach-Brown,11/21/2025
909,Marty,Smorfit,msmorfitp8@cornell.edu,Male,1998,Chevrolet,G-Series 2500,Washington,District of Columbia,20016,US,38.9381,-77.086,99022,Mayert and Sons,08/08/2022
910,Misha,Christophe,mchristophep9@phpbb.com,Female,1989,Citroën,CX,Brooklyn,New York,11215,US,40.6669,-73.9828,57304,"Marvin, Denesik and Ondricka",07/16/2022
911,Emory,Ephgrave,eephgravepa@marriott.com,Male,2010,Chrysler,Sebring,San Francisco,California,94147,US,37.7848,-122.7278,53403,Oberbrunner-Kassulke,04/14/2024
912,Anselm,Hawson,ahawsonpb@desdev.cn,Male,2007,Volvo,C70,New York City,New York,10079,US,40.7808,-73.9772,53077,Lebsack and Sons,11/05/2022
913,Felic,Checci,fcheccipc@omniture.com,Male,2003,Mitsubishi,Eclipse,Washington,District of Columbia,20319,US,38.8667,-77.0166,50829,Goyette Inc,10/03/2024
914,Bone,Cantopher,bcantopherpd@eepurl.com,Male,2008,Mitsubishi,Lancer Evolution,Indianapolis,Indiana,46202,US,39.7851,-86.1595,57610,Kris-Wunsch,11/10/2023
915,Ranice,Burgise,rburgisepe@amazon.co.jp,Female,1998,GMC,Savana 3500,Charleston,West Virginia,25326,US,38.2968,-81.5547,53592,Treutel and Sons,05/19/2024
916,Latia,Steer,lsteerpf@wikipedia.org,Female,2000,Dodge,Ram Van 1500,Gastonia,North Carolina,28055,US,35.284,-81.1897,50236,Kerluke-Feil,11/25/2023
917,Lucias,Lake,llakepg@yelp.com,Male,2000,Ford,Crown Victoria,Toledo,Ohio,43605,US,41.6525,-83.5085,65755,Schinner-Mosciski,10/17/2023
918,Noelyn,Pinn,npinnph@w3.org,Female,2008,Chevrolet,Uplander,Arlington,Virginia,22205,US,38.8836,-77.1395,87694,"Spencer, Mills and Toy",02/15/2023
919,Cynthea,Flintoft,cflintoftpi@dion.ne.jp,Female,1994,Toyota,T100,Lynchburg,Virginia,24503,US,37.4376,-79.205,46616,Kulas LLC,09/05/2023
920,Querida,Mahedy,qmahedypj@newsvine.com,Female,2004,Mazda,MPV,New York City,New York,10120,US,40.7506,-73.9894,77507,Carroll and Sons,03/06/2024
921,Ettore,O'Fielly,eofiellypk@time.com,Male,1989,Lotus,Esprit,Albany,New York,12262,US,42.6149,-73.9708,93263,Tremblay-Cummerata,03/27/2023
922,Mortimer,Gorler,mgorlerpl@unc.edu,Male,2011,Acura,TSX,Mobile,Alabama,36605,US,30.6341,-88.0846,46125,Casper-Padberg,01/11/2026
923,Mariann,Blakemore,mblakemorepm@shop-pro.jp,Bigender,2005,Volvo,V70,El Paso,Texas,79928,US,31.6631,-106.1401,71930,Weimann-MacGyver,05/11/2025
924,Cornell,Seear,cseearpn@newsvine.com,Male,2007,Jeep,Commander,Glendale,California,91205,US,34.1378,-118.2424,92204,Haley-Cassin,07/29/2025
925,Emanuele,Starbuck,estarbuckpo@ebay.com,Male,1997,Audi,riolet,Atlanta,Georgia,31165,US,33.7629,-84.4226,51819,Kreiger and Sons,07/06/2022
926,Guglielma,Jewsbury,gjewsburypp@sina.com.cn,Female,1997,Mazda,Protege,Washington,District of Columbia,20010,US,38.9327,-77.0322,34782,"Fay, Bosco and Weber",09/15/2023
927,Somerset,Rosenbush,srosenbushpq@ihg.com,Male,1997,Mitsubishi,Montero Sport,Houston,Texas,77030,US,29.7041,-95.401,72733,"Mosciski, Pouros and Harris",04/06/2025
928,Eleonora,Skain,eskainpr@patch.com,Female,2011,Maserati,Quattroporte,Phoenix,Arizona,85077,US,33.2765,-112.1872,72534,"Hyatt, Davis and Torp",10/27/2022
929,Bibbye,Hasty,bhastyps@biglobe.ne.jp,Female,2009,GMC,Yukon XL 2500,Hartford,Connecticut,06183,US,41.7638,-72.673,58524,"Carter, Fisher and Schmeler",06/11/2022
930,Samantha,Drysdall,sdrysdallpt@weibo.com,Female,1997,BMW,8 Series,Ventura,California,93005,US,34.0324,-119.1343,64952,Schuster Group,09/02/2024
931,Reagen,Rosevear,rrosevearpu@blogspot.com,Agender,2012,Jaguar,XJ,Albany,New York,12262,US,42.6149,-73.9708,64577,Mueller-Thompson,03/30/2024
932,Kristian,Wheatland,kwheatlandpv@phoca.cz,Male,2012,Mercedes-Benz,SLS AMG,Miami,Florida,33142,US,25.813,-80.232,40485,"Gerlach, O'Connell and Anderson",08/06/2023
933,Pall,Wootton,pwoottonpw@posterous.com,Male,1997,Chevrolet,Tahoe,Long Beach,California,90847,US,33.7866,-118.2987,41892,Morissette Inc,05/17/2025
934,Michal,Vonasek,mvonasekpx@oracle.com,Female,2005,Mitsubishi,Diamante,Valdosta,Georgia,31605,US,30.946,-83.2474,40348,Langosh-Rutherford,07/19/2024
935,Joice,Wrightson,jwrightsonpy@harvard.edu,Female,1997,Plymouth,Prowler,Birmingham,Alabama,35231,US,33.5446,-86.9292,71268,Conn and Sons,01/28/2025
936,Estell,Lube,elubepz@cnet.com,Female,2009,Acura,TL,Houston,Texas,77281,US,29.834,-95.4342,68260,Lowe-Bernier,12/03/2025
937,Lolita,Burdoun,lburdounq0@zdnet.com,Female,1980,Pontiac,Grand Prix,Springfield,Massachusetts,01129,US,42.1223,-72.4876,96393,Cassin Inc,10/09/2025
938,Silvano,Nore,snoreq1@twitpic.com,Male,1992,Pontiac,Firebird Formula,Dallas,Texas,75287,US,33.0005,-96.8314,38322,Jast-Predovic,10/16/2025
939,Ediva,Kennerley,ekennerleyq2@ustream.tv,Non-binary,1997,Volvo,S90,Lexington,Kentucky,40596,US,38.0283,-84.4715,49402,Smitham-Gleason,11/07/2023
940,Raviv,Shewery,rsheweryq3@nbcnews.com,Male,2008,Mercedes-Benz,G-Class,Jacksonville,Florida,32225,US,30.351,-81.5061,37043,"Wiegand, Miller and Hahn",08/02/2023
941,Jacinthe,Reinhardt,jreinhardtq4@ft.com,Female,1988,Lincoln,Continental Mark VII,Salt Lake City,Utah,84110,US,40.6681,-111.9083,72360,"Bechtelar, Buckridge and Lebsack",07/03/2023
942,Bendix,Kittredge,bkittredgeq5@spotify.com,Male,1984,Audi,5000S,Los Angeles,California,90094,US,33.9754,-118.417,61053,Hudson Inc,02/18/2024
943,Tory,Rens,trensq6@noaa.gov,Female,2000,BMW,M,Houston,Texas,77085,US,29.6218,-95.4819,67054,"Denesik, Hauck and Predovic",02/04/2023
944,Miguelita,Barns,mbarnsq7@aboutads.info,Female,1992,Buick,Skylark,Chicago,Illinois,60609,US,41.8097,-87.6533,81662,Pacocha Inc,12/05/2024
945,Melissa,Larenson,mlarensonq8@bloglines.com,Female,2010,Chevrolet,Express 1500,El Paso,Texas,79945,US,31.6948,-106.3,41411,Bednar Inc,11/09/2022
946,Paxon,Dewbury,pdewburyq9@github.com,Male,2005,Ford,Mustang,Saint Petersburg,Florida,33737,US,27.8918,-82.7248,47308,"Wiza, Marquardt and Rippin",06/23/2025
947,Susi,Trodd,stroddqa@tinyurl.com,Female,2004,Suzuki,Aerio,Arlington,Texas,76096,US,32.7714,-97.2915,44411,"Murphy, Stanton and Waters",03/24/2024
948,Sebastiano,Olliffe,solliffeqb@cbslocal.com,Male,1985,Audi,5000S,Charlotte,North Carolina,28278,US,35.2072,-80.9568,82157,Quigley and Sons,05/01/2023
949,Paulie,Awty,pawtyqc@github.com,Female,1987,Mazda,626,Madison,Wisconsin,53726,US,43.0696,-89.4239,51460,Kihn-Donnelly,10/09/2023
950,Natala,Metzig,nmetzigqd@java.com,Female,2002,Chevrolet,Tracker,Kansas City,Missouri,64114,US,38.9621,-94.5959,67344,"Becker, Smitham and Hodkiewicz",12/20/2023
951,Sean,Brigshaw,sbrigshawqe@mozilla.com,Male,2010,Chevrolet,Suburban 1500,Cleveland,Ohio,44125,US,41.4335,-81.6323,62378,Douglas and Sons,11/09/2024
952,Priscella,Insley,pinsleyqf@constantcontact.com,Female,2009,Mitsubishi,Tundra,Beaumont,Texas,77713,US,30.085,-94.2607,74429,"Corwin, Grimes and Collier",07/12/2025
953,Ransom,Simson,rsimsonqg@amazon.com,Non-binary,1999,Chrysler,300,Flushing,New York,11388,US,40.6514,-73.8708,97394,Adams Inc,06/20/2025
954,Briggs,Paz,bpazqh@histats.com,Non-binary,2012,Ferrari,458 Italia,Fort Lauderdale,Florida,33315,US,26.0989,-80.1541,37603,Torphy-Kerluke,05/10/2025
955,Nye,Cuppleditch,ncuppleditchqi@theglobeandmail.com,Male,2008,GMC,Savana,Baton Rouge,Louisiana,70820,US,30.3795,-91.1671,77362,Powlowski-Senger,06/11/2023
956,Estella,Eyton,eeytonqj@reference.com,Agender,1997,Ford,Ranger,Kissimmee,Florida,34745,US,27.9953,-81.2593,69759,Christiansen and Sons,08/11/2025
957,Xerxes,Scrace,xscraceqk@microsoft.com,Male,1992,Subaru,Loyale,Sioux Falls,South Dakota,57188,US,43.6746,-96.7913,68890,Nitzsche-Ward,06/17/2023
958,Florette,Clarabut,fclarabutql@nature.com,Female,1999,Mazda,Millenia,Sioux City,Iowa,51105,US,42.5032,-96.3829,85352,McCullough and Sons,07/20/2022
959,Tarrance,Milhench,tmilhenchqm@facebook.com,Male,2012,Infiniti,QX,Portsmouth,Virginia,23705,US,36.8686,-76.3552,62044,"Sporer, Muller and Simonis",06/26/2025
960,Clarance,Chaves,cchavesqn@spiegel.de,Polygender,1993,Toyota,Xtra,Anaheim,California,92812,US,33.817,-117.9286,41468,Tromp Inc,04/12/2023
961,Bastien,Stiegar,bstiegarqo@google.ca,Agender,1995,Nissan,Altima,Norfolk,Virginia,23551,US,36.9312,-76.2397,66929,Klocko-Connelly,04/18/2023
962,Nevins,Ambrois,nambroisqp@kickstarter.com,Male,1998,Toyota,Sienna,Tucson,Arizona,85725,US,31.9701,-111.8907,53940,Wilderman-Lind,10/22/2022
963,Elisha,Pieroni,epieroniqq@4shared.com,Female,2004,BMW,525,Philadelphia,Pennsylvania,19109,US,39.9496,-75.1637,43742,"Kovacek, Runolfsson and Abbott",03/20/2025
964,Denver,Elcox,delcoxqr@loc.gov,Male,2012,Kia,Forte,Marietta,Georgia,30061,US,33.9328,-84.556,37858,Hane Group,03/10/2025
965,Bogey,Burnhams,bburnhamsqs@over-blog.com,Male,1986,Mitsubishi,Pajero,Salt Lake City,Utah,84135,US,40.6681,-111.9083,69847,Gibson-Lebsack,04/09/2023
966,Viviyan,Bourley,vbourleyqt@comsenz.com,Female,2004,Chevrolet,Express 2500,Salt Lake City,Utah,84130,US,40.6681,-111.9083,34153,Cruickshank LLC,01/07/2023
967,Wesley,Hickin,whickinqu@myspace.com,Male,2002,Honda,Insight,Harrisburg,Pennsylvania,17126,US,40.2618,-76.88,43601,Legros LLC,05/13/2023
968,Gabe,Moukes,gmoukesqv@wired.com,Male,1998,Ford,Taurus,Greenville,South Carolina,29605,US,34.8001,-82.3932,67137,Ziemann Inc,08/10/2024
969,Sheffield,Craze,scrazeqw@zdnet.com,Male,2010,Lexus,LS,Columbia,Missouri,65218,US,38.9033,-92.1022,51206,Prohaska LLC,01/04/2024
970,Welch,Basset,wbassetqx@webs.com,Male,1993,Mercury,Sable,Omaha,Nebraska,68164,US,41.2955,-96.1008,98541,Sauer-Tillman,12/01/2022
971,Kass,Lilleycrop,klilleycropqy@smh.com.au,Female,1998,Chevrolet,Express 1500,Washington,District of Columbia,20022,US,38.945,-77.0364,75668,Ziemann-Shanahan,11/10/2022
972,Petr,Lescop,plescopqz@barnesandnoble.com,Male,2002,GMC,Savana 3500,Pasadena,California,91103,US,34.1669,-118.1551,65478,Kunze and Sons,07/28/2025
973,Liam,Reardon,lreardonr0@domainmarket.com,Male,2002,BMW,M,Albany,New York,12247,US,42.6149,-73.9708,63115,Swaniawski-Thompson,05/31/2023
974,Melina,Wooland,mwoolandr1@purevolume.com,Female,2004,Mercedes-Benz,S-Class,Charlotte,North Carolina,28256,US,35.26,-80.8042,99053,"Jaskolski, Corkery and Cummerata",06/08/2023
975,Barty,Cheeke,bcheeker2@cafepress.com,Genderfluid,2006,Saturn,VUE,Los Angeles,California,90005,US,34.0585,-118.3012,83378,"Hand, Fahey and Willms",07/27/2023
976,Janaye,Brome,jbromer3@house.gov,Female,2000,Isuzu,VehiCROSS,Metairie,Louisiana,70005,US,30.0005,-90.1331,53644,Romaguera-Hirthe,06/06/2023
977,Tammie,Jepps,tjeppsr4@webeden.co.uk,Male,2011,Cadillac,DTS,Saginaw,Michigan,48604,US,43.4732,-83.9514,42660,Bergnaum Group,07/04/2024
978,Abigale,Burnhams,aburnhamsr5@1und1.de,Female,2003,Honda,Pilot,Boston,Massachusetts,02203,US,42.3615,-71.0604,94873,Schaden Inc,12/14/2024
979,Iormina,Stittle,istittler6@oaic.gov.au,Female,2009,Morgan,Aero 8,Spokane,Washington,99252,US,47.6536,-117.4317,90696,"Ruecker, Runolfsson and Willms",03/17/2024
980,Barnett,Petrashkov,bpetrashkovr7@newsvine.com,Male,2000,Ford,Excursion,Columbus,Georgia,31914,US,32.491,-84.8741,63368,Haag and Sons,05/21/2023
981,Celia,Kyndred,ckyndredr8@arizona.edu,Female,1987,Mitsubishi,Galant,Gastonia,North Carolina,28055,US,35.284,-81.1897,64710,"Denesik, Auer and Buckridge",07/01/2022
982,Roy,Poynter,rpoynterr9@yahoo.co.jp,Male,1989,Toyota,Truck Xtracab SR5,Seattle,Washington,98115,US,47.6849,-122.2968,88355,Ortiz LLC,01/08/2023
983,Stacee,Vargas,svargasra@state.gov,Male,1995,GMC,Safari,San Antonio,Texas,78230,US,29.5407,-98.5521,88603,"Kub, Roberts and Effertz",10/13/2022
984,Ruddie,Jonas,rjonasrb@dion.ne.jp,Male,1992,Chevrolet,G-Series G10,Albany,New York,12210,US,42.6568,-73.7605,47824,Borer-Feest,01/18/2026
985,Stillmann,Bennington,sbenningtonrc@cafepress.com,Male,2013,Audi,S4,Waco,Texas,76711,US,31.5175,-97.1547,61811,"Hermiston, Howell and Yost",09/20/2023
986,Leelah,Casford,lcasfordrd@goodreads.com,Female,1994,Lexus,SC,Hialeah,Florida,33018,US,25.9098,-80.3889,89021,"Connelly, Gutkowski and Deckow",06/01/2022
987,Shalne,Gurko,sgurkore@wisc.edu,Female,2006,Maybach,57,Las Vegas,Nevada,89115,US,36.2158,-115.0671,77565,O'Connell-Moen,07/02/2023
988,Danika,Borkin,dborkinrf@devhub.com,Bigender,1987,Ford,Aerostar,Lakewood,Washington,98498,US,47.1591,-122.5485,93439,Oberbrunner Group,11/09/2022
989,Rabbi,Eckersall,reckersallrg@thetimes.co.uk,Polygender,2011,Mercedes-Benz,SLK-Class,Buffalo,New York,14233,US,42.7684,-78.8871,68744,Gusikowski Inc,02/13/2022
990,Barron,Pomfrett,bpomfrettrh@rakuten.co.jp,Male,1999,Ford,Crown Victoria,Alpharetta,Georgia,30022,US,34.0268,-84.2422,45025,Witting and Sons,11/11/2025
991,Grantham,Collier,gcollierri@technorati.com,Male,2010,Lotus,Elise,Harrisburg,Pennsylvania,17121,US,40.2944,-76.8938,49108,Roob-Kreiger,03/19/2023
992,Ira,Cristofol,icristofolrj@sogou.com,Male,1999,Dodge,Stratus,Lincoln,Nebraska,68524,US,40.8529,-96.7943,36275,"Koepp, Zboncak and Grady",11/25/2025
993,Ashleigh,Shermar,ashermarrk@nature.com,Polygender,2012,GMC,Sierra,Lehigh Acres,Florida,33972,US,26.6492,-81.6167,84913,Dooley-Wyman,12/15/2025
994,Marv,Toal,mtoalrl@mit.edu,Male,1995,GMC,3500 Club Coupe,Indianapolis,Indiana,46254,US,39.849,-86.272,89778,"D'Amore, Pouros and Rosenbaum",09/17/2022
995,Daisey,Knowlys,dknowlysrm@unc.edu,Female,2011,GMC,Sierra,Dayton,Ohio,45403,US,39.7617,-84.1498,66189,Kovacek-Lang,01/22/2025
996,Moe,Zupo,mzuporn@mediafire.com,Male,2004,BMW,525,Hollywood,Florida,33028,US,26.0185,-80.3449,32742,Casper and Sons,05/20/2022
997,Matthias,Scotland,mscotlandro@fema.gov,Male,2006,Nissan,Pathfinder,Young America,Minnesota,55564,US,44.8055,-93.7665,31140,Hilll-Gerhold,05/23/2022
998,Chryste,Stears,cstearsrp@blinklist.com,Female,1996,Hummer,H1,Dallas,Texas,75392,US,32.7673,-96.7776,65959,Greenholt LLC,11/17/2022
999,Hurleigh,Percy,hpercyrq@booking.com,Male,2001,Dodge,Ram 3500,Alexandria,Virginia,22333,US,38.8158,-77.09,57375,Labadie-Wisozk,05/30/2023
1000,Taddeusz,Rowcastle,trowcastlerr@kickstarter.com,Male,2012,Chevrolet,Malibu,El Paso,Texas,88558,US,31.6948,-106.3,48691,Effertz LLC,09/20/2024
