id,firstName,lastName,email,gender,carYear,automobileMake,automobileModel,customerRegion,customerState,customerPostal,customerCountry_ISO2,customerRegionLatitude,ownerRegionLongitude,automobilePrice,customer,purchaseDate
1,Noll,Stevani,nstevani0@timesonline.co.uk,Male,1992,Chevrolet,S10 Blazer,Omaha,Nebraska,68105,US,41.2435,-95.9629,47097,Wehner-Glover,09/29/2022
2,Celestyna,Giff,cgiff1@abc.net.au,Female,2013,Lincoln,MKT,Phoenix,Arizona,85035,US,33.4724,-112.1832,91815,Stokes-Keebler,11/17/2023
3,Washington,Lucks,wlucks2@wikimedia.org,Male,1992,Nissan,Stanza,Newton,Massachusetts,02458,US,42.3528,-71.1875,71934,Satterfield Inc,02/24/2025
4,Leonora,Thoresby,lthoresby3@imdb.com,Female,2003,Ford,E150,Denver,Colorado,80241,US,39.9274,-104.9548,77732,"Goodwin, Rolfson and Kovacek",11/21/2025
5,Teirtza,Foad,tfoad4@yelp.com,Female,2003,GMC,Sierra 2500,Austin,Texas,78732,US,30.3752,-97.9007,86047,Cruickshank Inc,03/21/2022
6,Alie,Pigrome,apigrome5@php.net,Female,2010,Mazda,CX-7,Pasadena,California,91109,US,33.7866,-118.2987,43913,Rempel-Goyette,12/02/2024
7,Jsandye,Tattersill,jtattersill6@deviantart.com,Female,2009,Bentley,Azure,Clearwater,Florida,33763,US,28.0173,-82.7461,45538,Douglas-Denesik,09/17/2022
8,Edwina,Frear,efrear7@yellowbook.com,Female,1999,Mercury,Tracer,Tampa,Florida,33680,US,27.872,-82.4388,36134,Larkin-Herman,07/18/2024
9,Sigismond,Rawcliffe,srawcliffe8@sciencedirect.com,Male,2005,Chevrolet,Uplander,Las Vegas,Nevada,89140,US,36.086,-115.1471,69925,"Rau, Daugherty and Bernhard",02/14/2025
10,Gib,Bantham,gbantham9@whitehouse.gov,Male,1997,Mercedes-Benz,C-Class,Orlando,Florida,32859,US,28.4429,-81.4026,45748,Moen and Sons,08/07/2023
11,Reine,Foulds,rfouldsa@army.mil,Female,1985,Ford,Bronco II,Dallas,Texas,75226,US,32.7887,-96.7676,92103,Boyle-Turcotte,01/15/2024
12,Raquel,Crimes,rcrimesb@hud.gov,Female,2012,Scion,iQ,Brooklyn,New York,11236,US,40.6407,-73.9028,56007,"Hackett, Schoen and MacGyver",08/08/2024
13,Lucienne,Baron,lbaronc@umn.edu,Genderfluid,1995,Porsche,928,White Plains,New York,10606,US,41.0247,-73.7781,42540,"Quitzon, Klein and Goldner",09/20/2023
14,Faun,Connar,fconnard@alibaba.com,Female,2010,Jaguar,XF,Mobile,Alabama,36670,US,30.6589,-88.178,41414,Lowe LLC,12/03/2022
15,Brant,Sandbatch,bsandbatche@goodreads.com,Male,2006,Volvo,XC90,Gilbert,Arizona,85297,US,33.2781,-111.7096,48776,"Bahringer, Hirthe and Haag",09/20/2023
16,Marcelo,Elan,melanf@paypal.com,Male,1996,Land Rover,Discovery,Dallas,Texas,75260,US,32.7673,-96.7776,67372,Mueller-Larson,03/01/2024
17,Thedrick,Illesley,tillesleyg@goo.ne.jp,Male,2009,Rolls-Royce,Phantom,Bronx,New York,10454,US,40.8085,-73.9198,80587,Cummings LLC,05/31/2024
18,Red,Tight,rtighth@sitemeter.com,Male,1992,Mercury,Topaz,Washington,District of Columbia,20470,US,38.8933,-77.0146,71142,Metz-Adams,01/06/2026
19,Paulina,Alway,palwayi@forbes.com,Non-binary,2011,Mazda,CX-9,Indianapolis,Indiana,46254,US,39.849,-86.272,57893,"Schneider, Hane and Bode",07/04/2022
20,Andra,Millichap,amillichapj@businessinsider.com,Female,2006,Suzuki,Reno,Albuquerque,New Mexico,87180,US,35.0443,-106.6729,31205,"Flatley, Durgan and Denesik",03/28/2025
21,Enrique,Euels,eeuelsk@ucsd.edu,Male,2002,Chrysler,Prowler,Charlotte,North Carolina,28247,US,35.0656,-80.8511,33788,Williamson-Boyle,09/12/2023
22,Rosaleen,Coye,rcoyel@biblegateway.com,Female,1985,Ford,Thunderbird,Sacramento,California,94273,US,38.3774,-121.4444,78600,Fritsch-Moore,07/02/2024
23,Roze,Torald,rtoraldm@seesaa.net,Polygender,1973,Pontiac,Grand Prix,Atlanta,Georgia,30306,US,33.786,-84.3514,76635,Roberts-Ziemann,08/05/2025
24,Ansley,Bussetti,abussettin@narod.ru,Female,1994,GMC,Sonoma,Syracuse,New York,13210,US,43.0354,-76.1282,98221,"Flatley, Jacobs and Jast",07/09/2022
25,Godart,Janos,gjanoso@marriott.com,Male,2007,Mitsubishi,Endeavor,Atlanta,Georgia,31196,US,33.8444,-84.474,57194,"Swift, Aufderhar and Fahey",10/03/2024
26,Heinrik,Dreschler,hdreschlerp@goo.gl,Male,2006,BMW,X3,Kansas City,Missouri,64125,US,39.1042,-94.4923,49752,Hand-Schuppe,01/23/2024
27,Edlin,Geard,egeardq@webmd.com,Male,1995,GMC,1500 Club Coupe,Los Angeles,California,90030,US,33.7866,-118.2987,62667,Feest and Sons,01/10/2023
28,Mackenzie,Grogan,mgroganr@blogtalkradio.com,Male,1989,Mazda,MX-6,Hialeah,Florida,33013,US,25.8594,-80.2725,90976,Goodwin-Carter,01/13/2025
29,Kimberli,Runciman,kruncimans@tmall.com,Female,2009,Ford,Explorer,Grand Forks,North Dakota,58207,US,47.9335,-97.3944,90867,Gleichner and Sons,08/28/2022
30,Janene,Kerin,jkerint@technorati.com,Female,2008,Nissan,Frontier,Trenton,New Jersey,08695,US,40.2805,-74.712,78674,Greenfelder Inc,11/22/2022
31,Pascale,Stillmann,pstillmannu@ox.ac.uk,Male,2007,BMW,X5,Toledo,Ohio,43610,US,41.6767,-83.5573,45435,Kirlin-Torphy,09/19/2024
32,Iain,Baudoux,ibaudouxv@purevolume.com,Male,1986,Ford,EXP,Katy,Texas,77493,US,29.8678,-95.8298,94043,Reynolds LLC,02/25/2024
33,Ruprecht,Mangeot,rmangeotw@utexas.edu,Male,2006,Honda,Insight,Spokane,Washington,99205,US,47.6964,-117.4399,95871,Frami Group,07/10/2025
34,Gasparo,Kiff,gkiffx@issuu.com,Genderqueer,2010,Chevrolet,Silverado 1500,Columbus,Georgia,31914,US,32.491,-84.8741,95741,Schumm LLC,01/26/2026
35,Waylon,McTerlagh,wmcterlaghy@hibu.com,Male,1997,Honda,CR-V,Philadelphia,Pennsylvania,19093,US,40.0018,-75.1179,63732,"Shanahan, Gottlieb and Marquardt",10/22/2024
36,Clarissa,Luxen,cluxenz@tuttocitta.it,Female,1958,Ford,Thunderbird,Saint Paul,Minnesota,55146,US,44.9427,-93.0828,62883,Klein-Adams,08/01/2025
37,Kellen,Wickardt,kwickardt10@yahoo.com,Female,2006,Subaru,B9 Tribeca,Cincinnati,Ohio,45264,US,39.1668,-84.5382,58380,Kunze LLC,01/28/2023
38,Kamilah,Sprull,ksprull11@blogger.com,Female,1987,Buick,Somerset,Rochester,New York,14609,US,43.174,-77.5637,98418,"Dietrich, Erdman and Sipes",10/21/2022
39,Samson,Quail,squail12@diigo.com,Male,1993,Toyota,Tercel,Rochester,New York,14614,US,43.1558,-77.6142,37548,Goodwin and Sons,11/30/2025
40,Erminie,Kaasmann,ekaasmann13@ucoz.com,Female,1995,Mitsubishi,Chariot,Portland,Oregon,97232,US,45.5287,-122.6363,89295,Shields Group,12/09/2023
41,Hewett,Smallman,hsmallman14@unblog.fr,Male,1998,GMC,Sonoma,Pasadena,California,91186,US,33.7866,-118.2987,47895,"Wiegand, Graham and Erdman",01/30/2024
42,Duky,Folke,dfolke15@ucla.edu,Male,2003,Mitsubishi,Montero Sport,Memphis,Tennessee,38197,US,35.2017,-89.9715,36364,"Corkery, Moen and Christiansen",09/16/2022
43,Merell,MacPadene,mmacpadene16@sohu.com,Male,1987,Mercury,Topaz,Tallahassee,Florida,32399,US,30.4494,-84.291,77242,Fisher Inc,01/14/2026
44,Bondie,Ferrara,bferrara17@goo.gl,Male,2007,Mercedes-Benz,M-Class,Minneapolis,Minnesota,55448,US,45.1907,-93.3021,45365,"Ward, Brekke and Mraz",12/11/2024
45,Emmey,Keys,ekeys18@google.ru,Female,1987,Audi,4000CS Quattro,Charlotte,North Carolina,28256,US,35.26,-80.8042,34149,Murray-King,10/10/2022
46,Ophelie,Monget,omonget19@columbia.edu,Genderfluid,1998,Cadillac,Seville,Birmingham,Alabama,35231,US,33.5446,-86.9292,89247,Roberts Group,07/04/2024
47,Rebecca,Tooker,rtooker1a@chicagotribune.com,Female,1987,Mitsubishi,Starion,Van Nuys,California,91411,US,34.1781,-118.4574,92236,Ankunding Inc,07/27/2022
48,Talbert,Rizzini,trizzini1b@ucsd.edu,Male,2001,Dodge,Ram 1500,Boise,Idaho,83727,US,43.4599,-116.244,33629,"Kling, Kuvalis and Morar",12/05/2025
49,Danya,Cockcroft,dcockcroft1c@newyorker.com,Female,2000,GMC,Yukon Denali,Racine,Wisconsin,53405,US,42.7161,-87.8233,54966,"Berge, Herzog and Terry",11/09/2025
50,Sosanna,Dockree,sdockree1d@naver.com,Female,1991,Pontiac,Bonneville,Young America,Minnesota,55557,US,44.8055,-93.7665,47660,"Shields, Feeney and Feeney",11/20/2025
51,Nelie,Rooson,nrooson1e@prnewswire.com,Female,2010,Nissan,Maxima,Mount Vernon,New York,10557,US,41.119,-73.733,46041,"Hermiston, Haag and Sipes",09/01/2025
52,Darn,Cosgrive,dcosgrive1f@wikispaces.com,Male,1992,Suzuki,Samurai,Sacramento,California,95894,US,38.5816,-121.4933,47161,"Hilll, Wilderman and Koss",02/10/2022
53,Claus,Daen,cdaen1g@auda.org.au,Male,1976,Toyota,Celica,Chesapeake,Virginia,23324,US,36.8056,-76.2666,81099,Johnston LLC,12/09/2024
54,Helena,Asty,hasty1h@flickr.com,Female,1997,GMC,Savana 2500,Atlanta,Georgia,30306,US,33.786,-84.3514,73692,Hamill-Bergstrom,10/27/2025
55,Ernesta,Gaskarth,egaskarth1i@reference.com,Female,2012,Chevrolet,Camaro,Dallas,Texas,75251,US,32.9189,-96.7751,75363,Hackett-Herman,01/01/2023
56,Randal,Kinman,rkinman1j@cnbc.com,Male,1995,Dodge,Caravan,Irvine,California,92717,US,33.6462,-117.8398,61471,Farrell-Bradtke,03/20/2022
57,Emma,Cabotto,ecabotto1k@domainmarket.com,Female,2001,Cadillac,DeVille,Longview,Texas,75605,US,32.5547,-94.7767,85093,"Collins, Spinka and Wolf",11/15/2023
58,Jaimie,Hryniewicki,jhryniewicki1l@miitbeian.gov.cn,Female,1986,Buick,Century,Atlanta,Georgia,30380,US,33.8444,-84.474,87377,Klein-Bernier,06/28/2022
59,Joelly,Dachey,jdachey1m@stanford.edu,Female,1998,Volkswagen,GTI,Buffalo,New York,14215,US,42.9335,-78.8115,73947,Hahn-Hane,07/19/2022
60,Hort,Gyrgorwicx,hgyrgorwicx1n@elegantthemes.com,Male,2013,Ford,Explorer,Daytona Beach,Florida,32118,US,29.2219,-81.0095,95621,Huel Group,08/04/2024
61,Yank,Blowne,yblowne1o@livejournal.com,Male,2007,Mazda,CX-9,Littleton,Colorado,80161,US,39.7388,-104.4083,55513,Gleason-Thompson,05/15/2025
62,Abba,Grimditch,agrimditch1p@weibo.com,Male,1995,GMC,3500,Las Vegas,Nevada,89140,US,36.086,-115.1471,62803,"Balistreri, Bruen and Schowalter",04/15/2024
63,Beatrisa,Dyas,bdyas1q@photobucket.com,Female,1983,Honda,Accord,Tucson,Arizona,85715,US,32.2519,-110.82,94321,"Kuvalis, Dibbert and Crist",07/30/2024
64,Aurilia,Riccardelli,ariccardelli1r@elegantthemes.com,Genderfluid,1999,Mercedes-Benz,SL-Class,Montgomery,Alabama,36104,US,32.373,-86.3081,48724,Kuhn Inc,03/11/2025
65,Zolly,Ranfield,zranfield1s@cocolog-nifty.com,Male,2010,Chrysler,300,Houston,Texas,77075,US,29.6223,-95.26,85339,D'Amore-Toy,03/16/2023
66,Briney,Loffel,bloffel1t@twitpic.com,Female,2006,Volvo,S40,Lansing,Michigan,48912,US,42.7371,-84.5244,35936,Labadie and Sons,05/06/2023
67,Eadie,Deavin,edeavin1u@webeden.co.uk,Female,1994,Mitsubishi,GTO,Peoria,Illinois,61605,US,40.6775,-89.6263,61516,"Ritchie, Greenholt and Ortiz",07/31/2024
68,Garfield,Galway,ggalway1v@quantcast.com,Male,2011,Audi,A4,Inglewood,California,90305,US,33.9583,-118.3258,95185,Pacocha-Mante,05/16/2022
69,Gasparo,Fust,gfust1w@europa.eu,Bigender,1995,Nissan,Maxima,Hartford,Connecticut,06140,US,41.7918,-72.7188,88968,Jacobson LLC,11/13/2022
70,Huey,Pendlebury,hpendlebury1x@tmall.com,Male,1993,Toyota,Corolla,Denver,Colorado,80235,US,39.6472,-105.0795,30431,"Hagenes, Durgan and Bradtke",11/07/2022
71,Demetris,Sutherden,dsutherden1y@bandcamp.com,Female,1995,Plymouth,Neon,Los Angeles,California,90025,US,34.0447,-118.4487,31285,Durgan and Sons,03/15/2024
72,Glynda,Ebbetts,gebbetts1z@cnet.com,Bigender,2006,Ford,F350,San Antonio,Texas,78225,US,29.3875,-98.5245,69020,"Ullrich, Pfeffer and Ferry",05/28/2023
73,Jeanelle,Netley,jnetley20@desdev.cn,Female,2011,Lexus,ES,Provo,Utah,84605,US,40.177,-111.536,95017,Effertz and Sons,12/21/2024
74,Vilhelmina,Colloby,vcolloby21@sfgate.com,Female,2009,Audi,Q7,Minneapolis,Minnesota,55448,US,45.1907,-93.3021,95526,Ullrich Inc,06/29/2025
75,Jaime,Giannazzi,jgiannazzi22@unicef.org,Male,1996,Acura,NSX,Alhambra,California,91841,US,33.7866,-118.2987,62575,Abshire-Bailey,02/18/2023
76,Loella,Kelland,lkelland23@desdev.cn,Female,2012,Lexus,IS,Huntington,West Virginia,25775,US,38.4134,-82.2774,55273,Hodkiewicz-Baumbach,01/31/2022
77,Silvan,Bawden,sbawden24@wordpress.org,Male,1994,Dodge,Ram 1500,Erie,Pennsylvania,16505,US,42.1109,-80.1534,60446,Leffler Group,04/28/2022
78,Dallis,Carvill,dcarvill25@privacy.gov.au,Male,1997,Nissan,Altima,Sioux Falls,South Dakota,57188,US,43.6746,-96.7913,74751,"Dietrich, Grady and Walsh",02/23/2025
79,Packston,Riggs,priggs26@wunderground.com,Male,2000,Toyota,MR2,Memphis,Tennessee,38197,US,35.2017,-89.9715,82907,Emmerich Inc,10/13/2024
80,Puff,Vandenhoff,pvandenhoff27@unicef.org,Male,2010,Saturn,Outlook,Omaha,Nebraska,68144,US,41.2335,-96.1188,66915,Gorczany Inc,01/21/2025
81,Morey,Creedland,mcreedland28@simplemachines.org,Male,2011,GMC,Sierra 2500,Delray Beach,Florida,33448,US,26.6459,-80.4303,90080,Lubowitz-Hyatt,01/08/2026
82,Wyatt,Stennes,wstennes29@sphinn.com,Male,1995,Chevrolet,3500,Birmingham,Alabama,35254,US,33.5446,-86.9292,94730,"Kirlin, Towne and Runolfsson",10/10/2022
83,Bron,Crux,bcrux2a@tinypic.com,Male,2005,Mercury,Monterey,Lancaster,California,93584,US,33.7866,-118.2987,36682,Hackett-Runte,08/18/2022
84,Daniel,Kenafaque,dkenafaque2b@washington.edu,Male,1969,Pontiac,GTO,Olympia,Washington,98516,US,47.1126,-122.7794,42273,Thompson-Hintz,09/13/2024
85,Blinnie,Andriuzzi,bandriuzzi2c@ted.com,Female,2003,Isuzu,Rodeo,Frederick,Maryland,21705,US,39.47,-77.3921,86654,Marvin Inc,03/07/2022
86,Sophey,McKim,smckim2d@pagesperso-orange.fr,Female,2004,Chevrolet,Silverado 3500,Salt Lake City,Utah,84125,US,40.6681,-111.9083,97831,Douglas LLC,07/14/2024
87,Sergent,Geddis,sgeddis2e@marketwatch.com,Male,2001,Mitsubishi,Diamante,Erie,Pennsylvania,16565,US,42.1827,-80.0649,46566,Rowe-Kozey,11/12/2023
88,Brianna,Dunsmuir,bdunsmuir2f@dell.com,Female,2012,Scion,tC,Indianapolis,Indiana,46254,US,39.849,-86.272,35164,Koepp LLC,06/26/2022
89,Artur,Rouke,arouke2g@howstuffworks.com,Male,1988,Mercedes-Benz,W201,Austin,Texas,78783,US,30.3264,-97.7713,81498,"Marquardt, Gleichner and Orn",03/09/2025
90,Cayla,Leishman,cleishman2h@dell.com,Female,2011,Toyota,RAV4,Pasadena,California,91199,US,34.1478,-118.1436,42132,"Tillman, Altenwerth and Waters",01/12/2026
91,Malcolm,McKinty,mmckinty2i@nymag.com,Male,2010,Saturn,VUE,Saint Louis,Missouri,63180,US,38.6531,-90.2435,36784,"Bahringer, Legros and Lindgren",03/30/2023
92,Hali,Baddoe,hbaddoe2j@is.gd,Female,2002,Audi,S4,Washington,District of Columbia,20226,US,38.8933,-77.0146,35560,"Wintheiser, Schmitt and Turcotte",01/13/2025
93,Ramonda,Gudyer,rgudyer2k@businessweek.com,Female,2007,Acura,RDX,Monticello,Minnesota,55590,US,45.2009,-93.8881,31787,Quitzon-Marks,04/25/2025
94,Isabella,Alf,ialf2l@joomla.org,Female,2008,Chevrolet,Corvette,Seattle,Washington,98127,US,47.6063,-122.3308,68067,Corkery-Mante,12/09/2022
95,Standford,Learmonth,slearmonth2m@smh.com.au,Male,1994,Buick,LeSabre,Jamaica,New York,11436,US,40.6763,-73.7966,33700,Zemlak Group,01/04/2026
96,Thekla,Colquyte,tcolquyte2n@tinyurl.com,Genderqueer,2003,Dodge,Ram Van 1500,Washington,District of Columbia,20244,US,38.8933,-77.0146,37600,"Conn, Marquardt and Bayer",07/05/2023
97,Darren,Wetherill,dwetherill2o@miitbeian.gov.cn,Male,2007,Chevrolet,Cobalt,Tallahassee,Florida,32399,US,30.4494,-84.291,95087,Jacobs-King,02/16/2025
98,Warren,Yeardsley,wyeardsley2p@weibo.com,Male,2012,Kia,Sedona,Tuscaloosa,Alabama,35405,US,33.1617,-87.5144,71777,Cartwright-Nicolas,06/22/2022
99,Susann,Pinard,spinard2q@furl.net,Female,2003,Toyota,Prius,Dallas,Texas,75210,US,32.7699,-96.743,62518,"Dicki, Gottlieb and Walker",10/24/2022
100,Roselia,Trenbay,rtrenbay2r@acquirethisname.com,Female,2007,Lincoln,Navigator,Irving,Texas,75037,US,32.7673,-96.7776,46765,Satterfield LLC,09/26/2025
101,Ashley,Surmon,asurmon2s@etsy.com,Male,1995,Audi,S6,Portland,Oregon,97211,US,45.5653,-122.6448,65472,"Mueller, Lowe and Johns",07/27/2023
102,Robbyn,Everingham,reveringham2t@webmd.com,Female,2002,Dodge,Neon,Salt Lake City,Utah,84125,US,40.6681,-111.9083,38101,Pfeffer Group,08/21/2024
103,Belicia,Weatherdon,bweatherdon2u@wunderground.com,Polygender,2001,Mercury,Sable,San Francisco,California,94142,US,37.7848,-122.7278,63275,"Dicki, Oberbrunner and Stanton",08/04/2024
104,Osgood,Mandres,omandres2v@unicef.org,Male,1995,Dodge,Viper,Brooklyn,New York,11231,US,40.6794,-74.0014,68232,"Aufderhar, Spencer and Feil",05/11/2025
105,Gerda,Gatecliffe,ggatecliffe2w@sciencedirect.com,Female,1994,Infiniti,Q,Boston,Massachusetts,02283,US,42.3389,-70.9196,82524,Hane Inc,11/13/2022
106,Fara,Compson,fcompson2x@addtoany.com,Female,2007,Land Rover,LR3,Bryan,Texas,77806,US,30.6521,-96.341,97074,Cremin-Stiedemann,08/08/2023
107,Vale,Egle,vegle2y@live.com,Genderfluid,2010,Toyota,Matrix,Louisville,Kentucky,40233,US,38.189,-85.6768,49528,Stark-Wehner,07/28/2022
108,Vonny,Braunes,vbraunes2z@seattletimes.com,Female,2011,Ford,Focus,Houston,Texas,77271,US,29.834,-95.4342,63994,Emmerich-Koelpin,09/11/2024
109,Callida,Toghill,ctoghill30@domainmarket.com,Female,2011,Ford,E250,Philadelphia,Pennsylvania,19115,US,40.0903,-75.041,63467,Bergstrom and Sons,02/22/2023
110,Gerti,Villar,gvillar31@usa.gov,Female,2006,Nissan,Maxima,Bismarck,North Dakota,58505,US,46.8165,-100.7805,60860,"Blick, Bauch and Zulauf",10/15/2023
111,Dillie,Rays,drays32@odnoklassniki.ru,Male,1994,Mazda,RX-7,Henderson,Nevada,89074,US,36.0384,-115.0857,55309,"Prohaska, Anderson and Anderson",08/16/2023
112,Sully,Doman,sdoman33@hatena.ne.jp,Male,2004,Isuzu,Ascender,Atlanta,Georgia,31190,US,33.7629,-84.4226,33841,"Tillman, Kuvalis and Gutkowski",10/17/2023
113,Hewe,Eyckelberg,heyckelberg34@linkedin.com,Male,1985,Ford,Escort,Kalamazoo,Michigan,49006,US,42.2922,-85.633,88099,Murphy LLC,10/19/2024
114,Aloysius,Fozzard,afozzard35@stanford.edu,Male,2011,Mazda,RX-8,Charleston,West Virginia,25336,US,38.2968,-81.5547,94388,Torp Inc,11/11/2025
115,Larisa,Hubbucks,lhubbucks36@hubpages.com,Female,2000,Kia,Spectra,Charlotte,North Carolina,28215,US,35.244,-80.7387,32453,Schulist Inc,08/07/2023
116,Mead,McKleod,mmckleod37@ucoz.ru,Male,1997,Oldsmobile,Achieva,Lexington,Kentucky,40581,US,38.0283,-84.4715,67258,"Dibbert, Koelpin and Wiegand",10/18/2023
117,Loutitia,Dukesbury,ldukesbury38@liveinternet.ru,Female,1993,Plymouth,Acclaim,Augusta,Georgia,30919,US,33.386,-82.091,71906,Heller Inc,06/25/2023
118,Arabele,Teggin,ateggin39@bing.com,Female,1999,Honda,Odyssey,Tallahassee,Florida,32399,US,30.4494,-84.291,84134,"Block, Stracke and Ratke",06/25/2022
119,Liuka,Wedmore,lwedmore3a@sun.com,Female,2008,Volvo,S40,Washington,District of Columbia,20535,US,38.8941,-77.0251,51389,Bayer-Bode,09/16/2023
120,Brittany,Ajean,bajean3b@un.org,Female,2003,Buick,Park Avenue,Boston,Massachusetts,02283,US,42.3389,-70.9196,32169,Schumm-Kuhlman,06/07/2024
121,Guntar,Naptine,gnaptine3c@army.mil,Male,2009,Scion,tC,New Orleans,Louisiana,70183,US,29.6779,-90.0901,83789,Wiegand-Ondricka,02/07/2024
122,Barri,Overton,boverton3d@wix.com,Male,2011,Honda,Ridgeline,Jamaica,New York,11436,US,40.6763,-73.7966,72151,Hackett Group,06/11/2025
123,Spense,Bulford,sbulford3e@godaddy.com,Male,1999,Dodge,Caravan,Boston,Massachusetts,02104,US,42.3389,-70.9196,45972,Jakubowski and Sons,07/09/2022
124,Valry,Allard,vallard3f@gnu.org,Female,1996,Dodge,Intrepid,Charlotte,North Carolina,28242,US,35.26,-80.8042,90827,Funk-Terry,09/05/2025
125,Vladimir,Eastabrook,veastabrook3g@diigo.com,Male,2003,Toyota,Echo,Corpus Christi,Texas,78470,US,27.777,-97.4632,98773,Becker LLC,02/07/2023
126,Emlen,Tilzey,etilzey3h@businessweek.com,Male,2002,Chevrolet,Prizm,Dallas,Texas,75287,US,33.0005,-96.8314,42200,"Aufderhar, Becker and Fay",12/15/2023
127,Free,Worsalls,fworsalls3i@engadget.com,Male,2011,Volvo,V50,San Diego,California,92153,US,33.0169,-116.846,76854,Ferry-Thompson,09/01/2025
128,Kalvin,Tilbury,ktilbury3j@google.co.uk,Male,2007,Suzuki,Aerio,Saint Joseph,Missouri,64504,US,39.7076,-94.8677,38871,"Boyer, Adams and Gleason",03/21/2025
129,Aldridge,Wellstead,awellstead3k@nbcnews.com,Male,1995,Ford,Contour,Hialeah,Florida,33013,US,25.8594,-80.2725,93061,Ebert-Metz,02/12/2024
130,Packston,Verheijden,pverheijden3l@wikispaces.com,Male,2004,Buick,Park Avenue,Portsmouth,New Hampshire,00214,US,43.0059,-71.0132,35655,Heathcote LLC,07/19/2023
131,Lindy,Coppens,lcoppens3m@ed.gov,Male,1970,Ford,Torino,Shreveport,Louisiana,71130,US,32.6076,-93.7526,42079,"Nicolas, Harris and Lang",12/28/2025
132,Janel,Lopez,jlopez3n@goo.gl,Female,1985,Mercury,Grand Marquis,Topeka,Kansas,66606,US,39.0583,-95.7095,50261,"Treutel, Doyle and Lubowitz",02/24/2023
133,Vonny,Dauber,vdauber3o@comcast.net,Agender,2010,GMC,Savana 2500,Philadelphia,Pennsylvania,19109,US,39.9496,-75.1637,46423,"Larkin, Koelpin and Jaskolski",09/08/2024
134,Reece,Watsam,rwatsam3p@networksolutions.com,Male,1987,Chevrolet,Corvette,Boston,Massachusetts,02283,US,42.3389,-70.9196,49071,"Langworth, Wolff and Gibson",06/02/2024
135,Jessalin,Dallas,jdallas3q@weather.com,Female,2002,Kia,Rio,North Little Rock,Arkansas,72118,US,34.8337,-92.3289,75688,"Brekke, Graham and Johns",08/12/2023
136,Traci,Bachelar,tbachelar3r@mediafire.com,Female,2007,Lincoln,Mark LT,Philadelphia,Pennsylvania,19120,US,40.0343,-75.1213,76540,Turcotte Inc,01/10/2024
137,Wren,Howels,whowels3s@tamu.edu,Female,2012,Cadillac,CTS-V,Valdosta,Georgia,31605,US,30.946,-83.2474,54456,"Weber, Schuppe and Medhurst",12/03/2022
138,Smitty,Snoddy,ssnoddy3t@wordpress.com,Male,2010,Lexus,IS F,Oklahoma City,Oklahoma,73167,US,35.5514,-97.4075,60658,Rutherford and Sons,08/30/2024
139,Jennee,Caldayrou,jcaldayrou3u@comcast.net,Female,2013,Hyundai,Sonata,Chicago,Illinois,60609,US,41.8097,-87.6533,97380,Trantow-Schoen,01/28/2023
140,Megen,Hehnke,mhehnke3v@smh.com.au,Female,1991,Chevrolet,Caprice,Littleton,Colorado,80126,US,39.5437,-104.9691,37358,"Bogisich, Jenkins and Terry",05/21/2022
141,Flint,Klais,fklais3w@themeforest.net,Male,2012,Ram,C/V,Scottsdale,Arizona,85260,US,33.6013,-111.8867,31410,Moore Inc,05/19/2022
142,Brina,Agirre,bagirre3x@parallels.com,Female,1995,Dodge,Caravan,Honolulu,Hawaii,96825,US,21.2987,-157.6985,91544,"Nikolaus, Robel and Hodkiewicz",04/06/2024
143,Vladamir,Matteini,vmatteini3y@wsj.com,Male,2008,Acura,MDX,Henderson,Nevada,89012,US,36.0119,-115.0433,99679,"Schumm, Lehner and Johnston",09/03/2025
144,Cordell,Gwilym,cgwilym3z@hc360.com,Male,2001,Isuzu,VehiCROSS,Young America,Minnesota,55551,US,44.8055,-93.7665,55823,Champlin-Herman,03/14/2023
145,Silvester,Eate,seate40@miibeian.gov.cn,Bigender,2004,Mazda,Miata MX-5,Washington,District of Columbia,20005,US,38.9067,-77.0312,70196,Yost and Sons,07/01/2025
146,Philippa,Elverstone,pelverstone41@yellowpages.com,Female,2011,Audi,Q7,Reno,Nevada,89505,US,39.5224,-119.8353,31200,"O'Kon, Purdy and Becker",10/21/2023
147,Robinet,Corlett,rcorlett42@msn.com,Male,1994,Chevrolet,Suburban 2500,Saint Louis,Missouri,63121,US,38.7072,-90.3055,81199,"Gutmann, Rodriguez and Leuschke",06/23/2025
148,Elvis,Augur,eaugur43@cyberchimps.com,Male,1999,Mitsubishi,Diamante,Littleton,Colorado,80126,US,39.5437,-104.9691,99512,Robel and Sons,02/14/2025
149,Krishna,Bolsteridge,kbolsteridge44@godaddy.com,Bigender,1995,Subaru,Legacy,Buffalo,New York,14276,US,42.7684,-78.8871,95020,"Hand, Berge and Mante",05/20/2024
150,Corey,Darlow,cdarlow45@va.gov,Male,2003,Oldsmobile,Alero,North Hollywood,California,91606,US,34.1872,-118.3865,96055,Thompson-Johnson,10/02/2023
151,Quinn,Chartres,qchartres46@nba.com,Male,2001,Ford,Explorer,Shawnee Mission,Kansas,66205,US,39.0312,-94.6308,54037,"Bahringer, Greenfelder and Ondricka",01/13/2023
152,Damaris,Loache,dloache47@telegraph.co.uk,Female,2009,Jaguar,XJ,Seattle,Washington,98109,US,47.6339,-122.3476,94284,"Johnston, Gleason and Hilll",03/14/2023
153,Cordelie,Gerish,cgerish48@mediafire.com,Female,1998,Dodge,Caravan,Denton,Texas,76205,US,33.1903,-97.1282,77381,Will-Considine,11/08/2025
154,Christophe,Cruden,ccruden49@umn.edu,Male,2013,Lincoln,MKT,Washington,District of Columbia,20226,US,38.8933,-77.0146,45359,Kulas-Armstrong,01/11/2023
155,Garth,Fleckno,gfleckno4a@gov.uk,Male,2002,Buick,Rendezvous,Las Vegas,Nevada,89166,US,36.3265,-115.3398,88573,"Schimmel, Gibson and Daugherty",06/04/2025
156,Brig,Packington,bpackington4b@lulu.com,Non-binary,1993,Mercedes-Benz,300CE,Toledo,Ohio,43615,US,41.6492,-83.6706,67351,Jakubowski LLC,12/11/2023
157,Yuri,Basey,ybasey4c@dmoz.org,Male,1992,Subaru,Legacy,Waterloo,Iowa,50706,US,42.4156,-92.2703,74230,Stroman and Sons,01/07/2023
158,Carmelia,Vizor,cvizor4d@51.la,Female,2007,Dodge,Caliber,Jamaica,New York,11470,US,40.6914,-73.8061,35364,Lindgren Group,01/14/2023
159,Mort,Sydall,msydall4e@arizona.edu,Male,2011,Ford,Fusion,Houston,Texas,77030,US,29.7041,-95.401,78922,Hodkiewicz-Renner,11/14/2024
160,Baron,Bromehead,bbromehead4f@storify.com,Male,2005,BMW,525,Santa Monica,California,90405,US,34.01,-118.4717,67110,Bode Group,07/22/2023
161,Norry,Caine,ncaine4g@google.it,Male,2009,Morgan,Aero 8,Raleigh,North Carolina,27621,US,35.7977,-78.6253,32588,Gerlach-Bailey,01/29/2024
162,Monte,Bucknell,mbucknell4h@homestead.com,Male,2005,Maybach,57S,Anchorage,Alaska,99522,US,61.1089,-149.4403,99185,Osinski Inc,12/19/2024
163,Boycey,Beevers,bbeevers4i@gravatar.com,Bigender,2007,Saturn,Relay,Grand Rapids,Michigan,49560,US,43.0314,-85.5503,89878,Hudson-Mosciski,10/10/2023
164,Erskine,Gonet,egonet4j@dell.com,Male,2013,Lexus,GS,Columbus,Georgia,31904,US,32.5161,-84.9785,80885,Corkery-Kovacek,02/25/2024
165,Amos,Warlawe,awarlawe4k@prnewswire.com,Genderfluid,1994,Ford,Bronco,San Diego,California,92170,US,33.0169,-116.846,76640,VonRueden Group,10/18/2022
166,Belita,Bathersby,bbathersby4l@shareasale.com,Genderfluid,2007,Land Rover,LR3,Shawnee Mission,Kansas,66210,US,38.9273,-94.7143,47672,Cronin and Sons,04/17/2023
167,Rebeca,Bridell,rbridell4m@independent.co.uk,Agender,1995,Chevrolet,S10,Champaign,Illinois,61825,US,40.1399,-88.1961,80798,Johns Inc,07/28/2023
168,Jazmin,Lovelock,jlovelock4n@technorati.com,Female,2003,Mazda,Miata MX-5,Roanoke,Virginia,24034,US,37.2742,-79.9579,81175,"Tromp, Rempel and Howell",06/17/2023
169,Welsh,Mohring,wmohring4o@dropbox.com,Male,2007,GMC,Canyon,Louisville,Kentucky,40256,US,38.189,-85.6768,67903,"O'Conner, Kulas and Stark",03/17/2023
170,Biron,Natt,bnatt4p@clickbank.net,Male,1999,Dodge,Ram Van 1500,Round Rock,Texas,78682,US,30.6568,-97.6026,78875,Dare Inc,09/20/2022
171,Bourke,Filipyev,bfilipyev4q@patch.com,Male,1996,Ford,Windstar,Minneapolis,Minnesota,55480,US,45.0159,-93.4719,33085,Pfeffer and Sons,02/22/2022
172,Haleigh,Dobby,hdobby4r@ebay.co.uk,Male,2011,Ford,Flex,Paterson,New Jersey,07544,US,41.0114,-74.3048,57360,"Leffler, Bahringer and Gibson",01/25/2025
173,Abbot,Godspeede,agodspeede4s@eventbrite.com,Male,2003,Oldsmobile,Silhouette,Bozeman,Montana,59771,US,45.7246,-111.1238,96539,Walsh-Langworth,12/24/2022
174,Emlynne,Kerner,ekerner4t@aol.com,Female,1996,Plymouth,Voyager,Merrifield,Virginia,22119,US,38.8318,-77.2888,85667,Schneider-Zboncak,12/22/2022
175,Devan,Parton,dparton4u@usgs.gov,Female,1994,Buick,Roadmaster,Kansas City,Missouri,64125,US,39.1042,-94.4923,66825,Kshlerin LLC,07/07/2024
176,Donn,Cornelissen,dcornelissen4v@lulu.com,Male,1993,Ford,Crown Victoria,Austin,Texas,78769,US,30.3264,-97.7713,64972,"Nolan, Feil and Kassulke",04/11/2022
177,Olga,Arnaudot,oarnaudot4w@slideshare.net,Female,2012,Nissan,Rogue,Fairfield,Connecticut,06825,US,41.1928,-73.2402,83111,"Cartwright, Murazik and Bode",01/03/2026
178,Zollie,McCafferty,zmccafferty4x@wunderground.com,Male,2008,Jaguar,XJ,Topeka,Kansas,66667,US,39.0429,-95.7697,88507,"Ryan, Brakus and Heller",11/05/2024
179,Paxon,Avrahamof,pavrahamof4y@youku.com,Male,2007,Kia,Rio,El Paso,Texas,79905,US,31.7674,-106.4304,82309,Abernathy Group,07/22/2022
180,Hervey,Jacox,hjacox4z@fema.gov,Male,1995,Mercury,Tracer,Washington,District of Columbia,20205,US,38.905,-77.0162,31632,"Cormier, Brekke and Koelpin",01/09/2025
181,Markos,Godard,mgodard50@tuttocitta.it,Male,2005,Chrysler,Crossfire,Brooklyn,New York,11205,US,40.6924,-73.9666,94290,"Kautzer, Kerluke and Gottlieb",12/22/2023
182,Enrique,Percival,epercival51@wsj.com,Male,2011,Scion,tC,Glendale,California,91210,US,33.7866,-118.2987,72411,"Hartmann, Hegmann and Mann",10/21/2022
183,Joanne,Varne,jvarne52@tinyurl.com,Non-binary,2003,Hyundai,Sonata,Scottsdale,Arizona,85271,US,33.2765,-112.1872,40820,Kuhlman-Kuhn,10/14/2024
184,Rudolf,Plumptre,rplumptre53@unesco.org,Male,2000,Mitsubishi,Diamante,Richmond,Virginia,23203,US,37.5593,-77.4471,30530,Daugherty Group,11/08/2025
185,Lucie,Castells,lcastells54@kickstarter.com,Female,1998,Lexus,LS,Burbank,California,91520,US,34.1869,-118.348,98661,Kohler Group,01/26/2024
186,Thaddeus,Bodle,tbodle55@newsvine.com,Male,2008,Lexus,IS,Spokane,Washington,99210,US,47.6536,-117.4317,64436,Howell-Rowe,12/17/2025
187,Elora,Littlemore,elittlemore56@prweb.com,Female,1990,Buick,Electra,Shawnee Mission,Kansas,66215,US,38.949,-94.7405,69935,"Conn, Koss and Purdy",05/06/2023
188,Rudd,Jarrard,rjarrard57@shutterfly.com,Male,2009,Volvo,S60,Tampa,Florida,33686,US,27.872,-82.4388,70567,Bradtke-Keebler,10/14/2023
189,Rikki,Lindstrom,rlindstrom58@dailymotion.com,Female,1986,Mercury,Sable,Lafayette,Louisiana,70593,US,30.2081,-92.0951,49581,"Moore, Fay and Legros",01/19/2025
190,Austina,Burchfield,aburchfield59@google.com.hk,Female,1987,Audi,5000CS,Hyattsville,Maryland,20784,US,38.9513,-76.8958,84265,Beatty-Lang,02/11/2022
191,Nataline,Ambrus,nambrus5a@free.fr,Polygender,2001,Dodge,Dakota,Cincinnati,Ohio,45249,US,39.2692,-84.3307,54373,Lockman-Cormier,07/06/2024
192,Pauline,Oke,poke5b@oracle.com,Female,2002,Buick,Regal,Toledo,Ohio,43615,US,41.6492,-83.6706,84735,Koepp-Yundt,03/18/2025
193,Mario,O'Carrol,mocarrol5c@wordpress.com,Male,2006,Audi,S4,Pittsburgh,Pennsylvania,15255,US,40.4344,-80.0248,93247,Wilkinson-Denesik,05/12/2024
194,Rora,Downton,rdownton5d@skyrock.com,Female,2006,Chevrolet,Silverado,Tempe,Arizona,85284,US,33.3363,-111.9197,63316,Berge-Kohler,04/25/2024
195,Amerigo,Bodocs,abodocs5e@rambler.ru,Male,1988,Ford,Bronco II,San Francisco,California,94142,US,37.7848,-122.7278,52308,McKenzie and Sons,10/25/2022
196,Hogan,Hadcock,hhadcock5f@pcworld.com,Male,1998,Chevrolet,Lumina,Lakeland,Florida,33805,US,28.072,-81.9609,42146,"Schulist, Barton and Littel",06/17/2022
197,Sayres,MacCafferky,smaccafferky5g@sourceforge.net,Male,1984,Saab,900,Shawnee Mission,Kansas,66210,US,38.9273,-94.7143,58905,"Hyatt, Kemmer and Hauck",09/05/2025
198,Maury,Marchbank,mmarchbank5h@reference.com,Male,2012,Mitsubishi,Outlander,Washington,District of Columbia,20210,US,38.8933,-77.0146,66378,"Goyette, Ondricka and Larson",06/04/2024
199,Drucie,Bartoszek,dbartoszek5i@chron.com,Female,2006,Subaru,Outback,Memphis,Tennessee,38161,US,35.2017,-89.9715,61171,"Rippin, Will and Gibson",09/22/2023
200,Roseann,Ashwell,rashwell5j@pcworld.com,Female,1984,Mazda,626,San Diego,California,92196,US,33.0169,-116.846,55649,"Wyman, Ziemann and Pollich",03/11/2023
201,Toby,Carillo,tcarillo5k@issuu.com,Male,2001,Acura,Integra,Winston Salem,North Carolina,27157,US,36.0275,-80.2073,56241,"Bergstrom, Leannon and Reichert",09/11/2022
202,Ketty,Bramsom,kbramsom5l@dell.com,Female,1978,Chevrolet,Corvette,Miami,Florida,33142,US,25.813,-80.232,42338,"Reichert, Wyman and Jacobs",01/26/2025
203,Bibbie,Arr,barr5m@redcross.org,Female,1998,Audi,riolet,Nashville,Tennessee,37205,US,36.1114,-86.869,82479,Kovacek-Mertz,07/05/2022
204,Rosemonde,Cockson,rcockson5n@amazonaws.com,Female,2009,Nissan,Armada,Buffalo,New York,14215,US,42.9335,-78.8115,99505,Trantow Group,06/12/2024
205,Brianna,Crossthwaite,bcrossthwaite5o@topsy.com,Female,1997,Subaru,Impreza,Lexington,Kentucky,40591,US,38.0283,-84.4715,30605,Schaefer Inc,10/07/2024
206,Othilia,McWhan,omcwhan5p@craigslist.org,Female,1999,Lincoln,Town Car,Evanston,Illinois,60208,US,42.0586,-87.6845,66577,Moen-Greenholt,08/28/2024
207,Mart,Aucutt,maucutt5q@merriam-webster.com,Male,1995,Ford,E-Series,Sandy,Utah,84093,US,40.5927,-111.831,44520,"Gutmann, Lindgren and Heller",12/18/2025
208,Johnna,Keable,jkeable5r@barnesandnoble.com,Female,1996,Volkswagen,Passat,Kansas City,Missouri,64136,US,39.0187,-94.4008,60860,"Steuber, Gleason and Huels",06/19/2022
209,Haley,Masdin,hmasdin5s@miitbeian.gov.cn,Polygender,2001,Cadillac,Eldorado,Longview,Texas,75605,US,32.5547,-94.7767,90774,Schinner-Turcotte,05/05/2025
210,Bryn,Farraway,bfarraway5t@miitbeian.gov.cn,Female,2006,Lexus,RX Hybrid,Shreveport,Louisiana,71161,US,32.6076,-93.7526,94305,"Boyle, Ruecker and Nicolas",09/30/2025
211,Arlyn,Twitchett,atwitchett5u@discuz.net,Female,2003,Dodge,Ram 2500,Mobile,Alabama,36610,US,30.7309,-88.0789,36751,"Bergnaum, Hegmann and O'Kon",12/08/2025
212,Deb,Elnor,delnor5v@mediafire.com,Female,1993,Infiniti,J,Columbia,South Carolina,29240,US,34.006,-80.9708,62370,Cartwright-Bogisich,09/11/2025
213,Fraze,Kiebes,fkiebes5w@sphinn.com,Male,2005,Toyota,Sequoia,Dallas,Texas,75342,US,32.7673,-96.7776,99623,Berge LLC,02/09/2023
214,Abdel,Winridge,awinridge5x@wufoo.com,Male,1989,Pontiac,6000,Grand Rapids,Michigan,49505,US,43.012,-85.6309,81793,"Runolfsson, Schmeler and Corwin",11/22/2024
215,Marthe,Simeonov,msimeonov5y@163.com,Female,2010,Infiniti,FX,Sacramento,California,94263,US,38.3774,-121.4444,55057,"Reinger, Bechtelar and Nitzsche",03/30/2022
216,Cilka,Vann,cvann5z@toplist.cz,Agender,2004,Chrysler,Town & Country,Clearwater,Florida,33758,US,27.8918,-82.7248,89495,Ernser-Dickinson,07/11/2023
217,Noel,Bartholomew,nbartholomew60@istockphoto.com,Female,2002,Chevrolet,Impala,Jacksonville,Florida,32244,US,30.2231,-81.7556,71367,"Bauch, Klocko and Armstrong",04/30/2022
218,Sol,Dunbobin,sdunbobin61@chronoengine.com,Male,2012,Saab,9-3,Los Angeles,California,90081,US,33.7866,-118.2987,40530,Reichel and Sons,07/05/2024
219,Modestine,Melbury,mmelbury62@phoca.cz,Female,2012,Nissan,Maxima,Topeka,Kansas,66617,US,39.1271,-95.6384,56321,Wyman and Sons,03/17/2025
220,Der,Pryke,dpryke63@ftc.gov,Genderfluid,1995,Cadillac,Fleetwood,Salt Lake City,Utah,84140,US,40.7713,-111.9309,90355,Collier-Murazik,03/24/2022
221,Audy,Straine,astraine64@ustream.tv,Female,2008,Jeep,Commander,Dallas,Texas,75310,US,32.7673,-96.7776,38985,Graham-Feil,05/25/2023
222,Gail,Woodrow,gwoodrow65@nhs.uk,Polygender,2005,Suzuki,Verona,Birmingham,Alabama,35220,US,33.5446,-86.9292,71402,Zulauf and Sons,10/02/2023
223,Carissa,D'Orsay,cdorsay66@nydailynews.com,Female,2012,Mercedes-Benz,SLS AMG,Brooklyn,New York,11220,US,40.6412,-74.0133,83625,Bauch and Sons,01/20/2025
224,Aluin,Erlam,aerlam67@over-blog.com,Male,2008,MINI,Clubman,Indianapolis,Indiana,46278,US,39.8726,-86.2768,89666,Mayert and Sons,01/18/2024
225,Davidde,Falconer-Taylor,dfalconertaylor68@tuttocitta.it,Male,2009,BMW,Z4,Tampa,Florida,33680,US,27.872,-82.4388,91215,Watsica LLC,05/25/2025
226,Annabal,Haffard,ahaffard69@altervista.org,Female,2003,Cadillac,Escalade,Los Angeles,California,90081,US,33.7866,-118.2987,40627,Gleason-Jakubowski,05/21/2022
227,Alejandra,Stegel,astegel6a@imdb.com,Female,2009,Dodge,Ram 3500,Salt Lake City,Utah,84130,US,40.6681,-111.9083,96403,Glover-Bernhard,09/10/2025
228,Kira,Colleck,kcolleck6b@nytimes.com,Female,2011,Honda,Pilot,Yakima,Washington,98907,US,46.6288,-120.574,61310,"Beier, Dare and Luettgen",06/04/2025
229,Cole,Taye,ctaye6c@multiply.com,Male,2004,Nissan,Pathfinder,Knoxville,Tennessee,37939,US,35.9901,-83.9622,56019,Zboncak and Sons,11/09/2025
230,Janela,Olrenshaw,jolrenshaw6d@ifeng.com,Female,2012,Toyota,FJ Cruiser,Lawrenceville,Georgia,30045,US,33.9367,-83.9573,59133,O'Keefe-Douglas,12/26/2024
231,Filip,Ivanikhin,fivanikhin6e@is.gd,Male,1978,Plymouth,Horizon,Sarasota,Florida,34276,US,27.1675,-82.381,89755,Lakin-Pagac,12/29/2025
232,Kevina,Wesley,kwesley6f@deviantart.com,Female,2000,GMC,Yukon XL 1500,Norcross,Georgia,30092,US,33.9677,-84.2438,40476,VonRueden-Trantow,09/13/2025
233,Dorey,Head,dhead6g@google.pl,Male,2005,Maserati,Coupe,Raleigh,North Carolina,27605,US,35.7908,-78.653,77190,Barrows and Sons,06/24/2023
234,Celisse,Bannister,cbannister6h@nsw.gov.au,Agender,1995,Chevrolet,Sportvan G20,Hot Springs National Park,Arkansas,71914,US,34.5137,-92.9685,68811,Funk Inc,11/09/2023
235,Burlie,Grzegorczyk,bgrzegorczyk6i@diigo.com,Male,2004,Volkswagen,R32,Pomona,California,91797,US,33.7866,-118.2987,70365,Ziemann-Wyman,10/26/2024
236,Suzi,Kent,skent6j@people.com.cn,Female,1998,Porsche,Boxster,Augusta,Georgia,30919,US,33.386,-82.091,85798,Franecki LLC,09/17/2022
237,Aleksandr,Paradis,aparadis6k@ftc.gov,Male,2002,Saab,9-3,Mc Keesport,Pennsylvania,15134,US,40.4344,-80.0248,71717,"Boehm, Labadie and Hudson",01/16/2026
238,Barri,Mougeot,bmougeot6l@irs.gov,Non-binary,1996,Chevrolet,G-Series 2500,Redwood City,California,94064,US,37.3811,-122.3348,30382,Braun LLC,11/17/2023
239,Berty,Moncey,bmoncey6m@nbcnews.com,Male,2013,Ford,Flex,Saint Louis,Missouri,63110,US,38.6185,-90.2564,39697,Wilderman-McClure,07/03/2022
240,Ardis,Hansley,ahansley6n@nba.com,Genderqueer,1987,Pontiac,Fiero,Dallas,Texas,75260,US,32.7673,-96.7776,99705,Mohr Group,08/15/2024
241,Jilleen,Sparey,jsparey6o@gnu.org,Female,2003,Ford,Expedition,Sandy,Utah,84093,US,40.5927,-111.831,81268,Maggio Group,01/27/2026
242,Tally,Knapp,tknapp6p@miitbeian.gov.cn,Male,1991,Pontiac,Bonneville,Tampa,Florida,33673,US,27.872,-82.4388,82888,Kilback-Collier,09/01/2024
243,Gratiana,Gatward,ggatward6q@nyu.edu,Polygender,2012,Cadillac,CTS,Anchorage,Alaska,99507,US,61.1535,-149.8289,43660,Walker and Sons,09/06/2023
244,Skyler,Vassar,svassar6r@pen.io,Male,2013,Hyundai,Sonata,Irvine,California,92619,US,33.6706,-117.7645,99473,Stracke Group,11/23/2022
245,Allen,Avon,aavon6s@google.it,Male,2005,Jeep,Wrangler,Sacramento,California,94257,US,38.3774,-121.4444,75162,"Koelpin, O'Keefe and Hintz",05/04/2025
246,Clare,Francomb,cfrancomb6t@sitemeter.com,Male,2000,Nissan,Altima,Charleston,South Carolina,29416,US,32.8488,-79.8577,39788,Beier-Parisian,10/05/2023
247,Antonio,Doding,adoding6u@pagesperso-orange.fr,Male,2012,Chevrolet,Corvette,Tucson,Arizona,85715,US,32.2519,-110.82,58200,"Lebsack, Parisian and Powlowski",01/22/2023
248,Montague,Skirlin,mskirlin6v@uiuc.edu,Genderqueer,1988,Porsche,928,Modesto,California,95397,US,37.6566,-121.0191,99315,Windler-Shanahan,03/05/2025
249,Anne-marie,Chippin,achippin6w@dailymail.co.uk,Female,2005,Toyota,Corolla,Pittsburgh,Pennsylvania,15274,US,40.4344,-80.0248,35869,Koss-Sporer,09/22/2025
250,Jennie,MacAlinden,jmacalinden6x@freewebs.com,Bigender,1996,Toyota,Paseo,Bowie,Maryland,20719,US,38.8336,-76.8777,86464,Stehr-Mayer,08/24/2023
251,Moise,Keggin,mkeggin6y@vistaprint.com,Male,2005,Honda,Civic Si,Seattle,Washington,98133,US,47.7377,-122.3431,51226,"Strosin, Heaney and Herzog",03/17/2024
252,Katherine,Niblo,kniblo6z@alibaba.com,Female,2010,Subaru,Impreza,Chesapeake,Virginia,23324,US,36.8056,-76.2666,94311,"Wyman, Volkman and Bashirian",02/12/2025
253,Berkie,Marlen,bmarlen70@aol.com,Male,1963,Chevrolet,Corvette,Santa Fe,New Mexico,87592,US,35.5212,-105.9818,38448,Beer-Block,05/19/2024
254,Atlanta,Malmar,amalmar71@princeton.edu,Female,1974,Ford,Mustang,Topeka,Kansas,66667,US,39.0429,-95.7697,86216,Abshire-Welch,05/26/2022
255,Mareah,Smurfitt,msmurfitt72@google.com.br,Female,1999,Jeep,Cherokee,Saint Petersburg,Florida,33731,US,27.8918,-82.7248,71465,"Block, Casper and Connelly",04/08/2022
256,Kristoffer,Gutman,kgutman73@chicagotribune.com,Male,2012,Ford,Transit Connect,Columbus,Mississippi,39705,US,33.5508,-88.4865,41876,Mante Group,10/06/2023
257,Elayne,Goffe,egoffe74@wikipedia.org,Female,2000,Chevrolet,Metro,Fort Pierce,Florida,34949,US,27.3896,-80.2615,58572,"Paucek, Muller and McClure",06/07/2025
258,Sharai,Jeynes,sjeynes75@howstuffworks.com,Bigender,2001,Mitsubishi,Galant,Elizabeth,New Jersey,07208,US,40.6747,-74.2239,92816,Bayer Inc,05/08/2025
259,Herc,Yetts,hyetts76@nbcnews.com,Male,1985,Subaru,Leone,Denver,Colorado,80204,US,39.734,-105.0259,97574,Grady-Gislason,03/15/2023
260,Giovanni,Manifould,gmanifould77@squarespace.com,Male,2008,Volvo,XC70,Memphis,Tennessee,38119,US,35.0821,-89.8501,41799,Harvey-Cartwright,02/26/2025
261,Maurizio,Bushe,mbushe78@t.co,Male,2005,Kia,Rio,Metairie,Louisiana,70033,US,29.6779,-90.0901,33513,"Legros, Macejkovic and Heidenreich",05/04/2023
262,Shel,Halliburton,shalliburton79@census.gov,Female,1989,Ford,Courier,Springfield,Illinois,62794,US,39.7495,-89.606,42300,Vandervort LLC,06/01/2022
263,Vanessa,Hampshaw,vhampshaw7a@amazon.co.jp,Female,2002,Land Rover,Discovery,Albuquerque,New Mexico,87195,US,35.0443,-106.6729,30840,"Grant, Kirlin and Flatley",11/09/2025
264,Eugine,Riolfi,eriolfi7b@netvibes.com,Female,1995,Mitsubishi,Diamante,Carlsbad,California,92013,US,33.0169,-116.846,34126,"Williamson, Kuhn and Homenick",11/22/2022
265,Guillaume,Vergine,gvergine7c@redcross.org,Male,2005,BMW,X3,Charleston,West Virginia,25356,US,38.2968,-81.5547,94434,Weissnat-Okuneva,04/21/2023
266,Glynnis,Quinion,gquinion7d@businessweek.com,Female,1995,Cadillac,Seville,San Jose,California,95194,US,37.3894,-121.8868,65300,"Welch, Macejkovic and Ritchie",05/14/2022
267,Norine,Clendinning,nclendinning7e@census.gov,Female,1995,Chrysler,Sebring,Austin,Texas,78732,US,30.3752,-97.9007,81777,Okuneva LLC,01/04/2025
268,Kass,Richter,krichter7f@linkedin.com,Bigender,2008,Dodge,Viper,Lancaster,Pennsylvania,17622,US,40.0418,-76.3012,32158,"Treutel, Roberts and Luettgen",02/26/2023
269,Michal,Laying,mlaying7g@theatlantic.com,Female,2002,Lincoln,LS,Shreveport,Louisiana,71151,US,32.6076,-93.7526,30725,Daugherty Group,11/20/2025
270,Hugo,Exroll,hexroll7h@bizjournals.com,Bigender,2002,Audi,S8,Tampa,Florida,33633,US,27.872,-82.4388,45195,Emard-Hansen,03/16/2024
271,Tracie,Calafate,tcalafate7i@cargocollective.com,Female,1962,Buick,Special,Miami,Florida,33153,US,25.8655,-80.1936,38418,Bechtelar-Toy,07/21/2025
272,Wiatt,Cubberley,wcubberley7j@dot.gov,Male,2008,GMC,Savana,Billings,Montana,59105,US,45.9497,-108.599,85959,Lowe Group,11/15/2022
273,Courtney,Milesap,cmilesap7k@pagesperso-orange.fr,Male,2002,Toyota,4Runner,Kissimmee,Florida,34745,US,27.9953,-81.2593,54081,Kunze-Trantow,11/27/2023
274,Hewett,Omrod,homrod7l@mit.edu,Male,2001,Dodge,Grand Caravan,Saint Louis,Missouri,63143,US,38.6111,-90.3225,86423,O'Kon-Hand,10/05/2025
275,Rasla,Govett,rgovett7m@theguardian.com,Non-binary,1991,Maserati,Spyder,Fort Wayne,Indiana,46805,US,41.0977,-85.1189,51799,Connelly-Morar,02/24/2024
276,Gwenore,McGonigle,gmcgonigle7n@merriam-webster.com,Female,1997,Subaru,Alcyone SVX,Boise,Idaho,83705,US,43.5851,-116.2191,68153,"Schmidt, Lubowitz and Braun",01/05/2025
277,Celestyn,Werrit,cwerrit7o@ycombinator.com,Female,2002,Chevrolet,Venture,Hicksville,New York,11854,US,40.7548,-73.6018,58040,Brown-Cummings,08/01/2025
278,Hannah,Healy,hhealy7p@usatoday.com,Female,1994,Alfa Romeo,Spider,San Jose,California,95118,US,37.2568,-121.8896,96593,"Kreiger, Von and Lueilwitz",08/19/2024
279,Peg,Schimek,pschimek7q@opera.com,Female,1987,Mazda,B-Series,New Orleans,Louisiana,70160,US,30.033,-89.8826,93301,Goyette LLC,04/11/2022
280,Adan,Ridler,aridler7r@mail.ru,Female,2009,Mercedes-Benz,E-Class,San Antonio,Texas,78225,US,29.3875,-98.5245,56517,"Gislason, Nitzsche and Rolfson",08/14/2023
281,Cobb,Spencers,cspencers7s@ebay.com,Male,2011,Scion,tC,Mobile,Alabama,36628,US,30.6589,-88.178,90302,"Gibson, Waelchi and Kuhlman",11/22/2022
282,Margarethe,Thorndycraft,mthorndycraft7t@admin.ch,Female,2000,GMC,Yukon XL 1500,Birmingham,Alabama,35220,US,33.5446,-86.9292,82033,Reinger-Langworth,03/14/2023
283,Pryce,McGibbon,pmcgibbon7u@walmart.com,Male,2007,Mercedes-Benz,S-Class,Orange,California,92668,US,33.7867,-117.8742,77832,Torphy-Brekke,11/22/2022
284,Kevan,Nazair,knazair7v@wisc.edu,Male,2011,Mercedes-Benz,SLS-Class,Harrisburg,Pennsylvania,17140,US,40.3086,-76.8464,41402,"Wintheiser, McDermott and Towne",03/10/2025
285,Ambrosio,Uttermare,auttermare7w@who.int,Male,2004,Ford,Crown Victoria,Tacoma,Washington,98442,US,47.3081,-122.4185,44454,Bahringer Group,06/29/2025
286,Vernice,Cokayne,vcokayne7x@behance.net,Female,2012,Lexus,RX,Pensacola,Florida,32511,US,30.4061,-87.2917,48891,Schamberger-Orn,06/08/2023
287,Halsy,Stovin,hstovin7y@163.com,Male,1984,Ford,LTD,Rochester,New York,14619,US,43.1367,-77.6481,31420,MacGyver Inc,05/09/2022
288,Charlean,Jobin,cjobin7z@illinois.edu,Female,1990,Volkswagen,Jetta,Jefferson City,Missouri,65110,US,38.5309,-92.2493,39053,"Bahringer, Volkman and Nikolaus",05/19/2022
289,Vanni,Pickering,vpickering80@washington.edu,Female,2005,Mitsubishi,Lancer,Youngstown,Ohio,44511,US,41.0704,-80.6931,51870,"Macejkovic, Koepp and Mraz",10/02/2024
290,Randa,Nurcombe,rnurcombe81@dailymail.co.uk,Female,1990,Ford,LTD Crown Victoria,Houston,Texas,77035,US,29.6518,-95.4854,35592,Rutherford-Beer,05/29/2024
291,Cordey,Gout,cgout82@rambler.ru,Female,2009,Chevrolet,TrailBlazer,Memphis,Tennessee,38131,US,35.0664,-89.9921,37658,Wisoky Group,08/10/2023
292,Waiter,Goult,wgoult83@google.com.au,Male,1999,Mercury,Mystique,Tyler,Texas,75710,US,32.3475,-95.3065,88530,Dietrich and Sons,12/29/2023
293,Shirley,Sawyers,ssawyers84@canalblog.com,Female,1992,Pontiac,Firebird Formula,San Antonio,Texas,78205,US,29.4237,-98.4925,73278,"Larson, Mueller and Bergnaum",04/07/2024
294,Marcelia,Rodge,mrodge85@last.fm,Female,1998,GMC,3500,Albuquerque,New Mexico,87180,US,35.0443,-106.6729,58519,"Ward, Parisian and Block",01/23/2023
295,Monika,Taree,mtaree86@sbwire.com,Female,2010,Volvo,XC90,Miami,Florida,33158,US,25.6364,-80.3187,30071,Nicolas-Keeling,07/24/2023
296,Alma,Bowskill,abowskill87@berkeley.edu,Female,2006,Nissan,Xterra,Fort Wayne,Indiana,46852,US,41.0938,-85.0707,95833,Dickinson-Zulauf,04/01/2023
297,Oswald,Eteen,oeteen88@oracle.com,Male,2011,Ford,Mustang,Oklahoma City,Oklahoma,73179,US,35.4242,-97.6547,46220,Corkery and Sons,11/10/2022
298,Rora,Kiefer,rkiefer89@yahoo.com,Female,2005,Acura,MDX,Wilkes Barre,Pennsylvania,18706,US,41.2044,-75.9113,79637,Bosco-Kuvalis,08/25/2022
299,Mathe,Birts,mbirts8a@biblegateway.com,Male,2010,BMW,X6 M,Phoenix,Arizona,85072,US,33.2765,-112.1872,54161,Fritsch LLC,11/10/2025
300,Gavin,Mullen,gmullen8b@indiegogo.com,Male,2010,Hyundai,Elantra,Glendale,California,91205,US,34.1378,-118.2424,71694,Morissette-Ryan,01/13/2024
301,Valdemar,Canacott,vcanacott8c@vinaora.com,Non-binary,2007,Chevrolet,HHR,Lexington,Kentucky,40515,US,37.9651,-84.4708,72820,Reilly Group,12/11/2025
302,Lisette,Brim,lbrim8d@latimes.com,Female,2001,Isuzu,Rodeo,Arvada,Colorado,80005,US,39.8422,-105.1097,78318,Stehr-Bosco,05/03/2022
303,Calhoun,Meece,cmeece8e@usgs.gov,Male,1990,Buick,Century,Bronx,New York,10474,US,40.8139,-73.8841,43830,Rau-Kessler,01/01/2025
304,Coletta,Giacomi,cgiacomi8f@cloudflare.com,Female,2011,Ford,F-Series,Monticello,Minnesota,55590,US,45.2009,-93.8881,98909,"Wiegand, Watsica and Koepp",12/10/2025
305,Germayne,MacLachlan,gmaclachlan8g@gov.uk,Male,2007,Cadillac,Escalade,Orange,California,92668,US,33.7867,-117.8742,69976,Romaguera LLC,06/22/2025
306,Hal,Beardsell,hbeardsell8h@patch.com,Male,2001,Mazda,B2500,Washington,District of Columbia,20299,US,38.8933,-77.0146,70189,"Ward, Rempel and Ritchie",05/31/2025
307,Tally,Brandenberg,tbrandenberg8i@hubpages.com,Genderfluid,1989,Buick,Riviera,Kansas City,Missouri,64190,US,39.3432,-94.8516,79147,Kozey Inc,05/02/2023
308,Bryanty,Cranham,bcranham8j@youku.com,Male,1993,Suzuki,Swift,Jamaica,New York,11407,US,40.6913,-73.8059,39111,Leffler-Wisozk,11/21/2023
309,Franky,Umfrey,fumfrey8k@myspace.com,Male,2003,Chrysler,PT Cruiser,Birmingham,Alabama,35242,US,33.3813,-86.7046,53900,Haag Inc,04/04/2022
310,Eliza,Brunskill,ebrunskill8l@joomla.org,Female,1985,Merkur,XR4Ti,Tuscaloosa,Alabama,35487,US,33.3072,-87.5859,79445,"Skiles, Cruickshank and Botsford",12/28/2024
311,Ruthanne,Dibbe,rdibbe8m@hibu.com,Female,2012,Nissan,Sentra,Chicago,Illinois,60609,US,41.8097,-87.6533,68671,McLaughlin-Rath,10/14/2025
312,Jolynn,Shildrick,jshildrick8n@unesco.org,Genderfluid,1995,Ford,Aerostar,Dallas,Texas,75216,US,32.7086,-96.7955,36838,Walker-Rutherford,05/02/2025
313,Reinwald,Saice,rsaice8o@facebook.com,Male,2008,Chevrolet,Equinox,New York City,New York,10150,US,40.7808,-73.9772,71679,Medhurst Inc,02/21/2023
314,Hadley,Drane,hdrane8p@4shared.com,Male,1994,Mitsubishi,Mighty Max,Portland,Oregon,97255,US,45.5806,-122.3748,49828,Kshlerin-Auer,01/06/2023
315,Fionnula,Sopp,fsopp8q@godaddy.com,Female,2011,Porsche,Panamera,El Paso,Texas,88574,US,31.6948,-106.3,64104,Hansen-Gottlieb,12/03/2025
316,Bevvy,Nary,bnary8r@chron.com,Female,2009,Chevrolet,Express 2500,Grand Rapids,Michigan,49510,US,43.0314,-85.5503,53074,Abbott Group,07/03/2023
317,Sigismondo,Mease,smease8s@usnews.com,Male,2008,Acura,MDX,North Las Vegas,Nevada,89036,US,35.9279,-114.9721,38573,Schmidt Inc,12/03/2023
318,Felicia,Pegden,fpegden8t@so-net.ne.jp,Female,2001,Jaguar,XJ Series,Tallahassee,Florida,32314,US,30.4793,-84.3462,68693,"Hand, Runte and Barrows",05/19/2025
319,Arlette,Jursch,ajursch8u@stumbleupon.com,Female,2011,Chevrolet,Suburban 2500,Minneapolis,Minnesota,55436,US,44.9034,-93.374,87852,Thompson and Sons,01/19/2024
320,Jefferson,Ennew,jennew8v@cargocollective.com,Male,2002,Toyota,Camry,Chicago,Illinois,60624,US,41.8804,-87.7223,78320,Fay and Sons,05/14/2022
321,Far,Franceschi,ffranceschi8w@about.com,Male,1997,Ford,Club Wagon,Englewood,Colorado,80150,US,39.7388,-104.4083,68795,"Rippin, Anderson and Emmerich",08/05/2024
322,Kip,Farnes,kfarnes8x@newyorker.com,Female,1996,Mazda,B-Series,Akron,Ohio,44315,US,41.028,-81.4632,31189,Lindgren Group,04/21/2025
323,Keefe,Isselee,kisselee8y@unblog.fr,Male,2008,Toyota,Land Cruiser,Pittsburgh,Pennsylvania,15210,US,40.4072,-79.9839,59838,Bergstrom-Bins,06/13/2025
324,Chlo,Teodoro,cteodoro8z@google.pl,Female,2011,Nissan,Maxima,Milwaukee,Wisconsin,53220,US,42.9559,-87.9933,56977,Rau-Okuneva,01/21/2024
325,Ximenez,Elliott,xelliott90@bluehost.com,Male,1996,GMC,Savana 1500,Shawnee Mission,Kansas,66215,US,38.949,-94.7405,97225,Yundt LLC,10/31/2025
326,Whitman,Ashall,washall91@symantec.com,Genderfluid,2011,Mitsubishi,Outlander,Saint Louis,Missouri,63116,US,38.5814,-90.2625,92014,Yost-Barrows,07/15/2022
327,Maia,McMakin,mmcmakin92@cargocollective.com,Female,1990,Volkswagen,Fox,Hialeah,Florida,33013,US,25.8594,-80.2725,37448,Wisoky Group,03/21/2022
328,Angeli,Wreiford,awreiford93@jugem.jp,Male,2011,Chevrolet,Aveo,Arlington,Virginia,22234,US,38.8808,-77.113,32840,"Labadie, Hahn and Schamberger",09/15/2024
329,Levin,Benford,lbenford94@microsoft.com,Male,2008,Volkswagen,GLI,Scranton,Pennsylvania,18514,US,41.4019,-75.6376,79972,"Muller, Tillman and Hane",05/10/2024
330,Vasili,Lambertz,vlambertz95@ask.com,Male,2003,Porsche,Cayenne,Cincinnati,Ohio,45296,US,39.1668,-84.5382,75798,Ferry and Sons,12/05/2023
331,Dmitri,Sheahan,dsheahan96@paypal.com,Male,1998,Chrysler,Town & Country,New York City,New York,10280,US,40.7105,-74.0163,94525,"Bayer, Mohr and Padberg",06/30/2025
332,Nolan,Dodimead,ndodimead97@economist.com,Male,2001,Chevrolet,Blazer,Indianapolis,Indiana,46221,US,39.7509,-86.1924,81048,"Dooley, Haley and Becker",03/12/2023
333,Clarance,Goch,cgoch98@washington.edu,Male,2011,Mazda,Mazda2,Pasadena,California,91109,US,33.7866,-118.2987,63450,Nienow-Lynch,08/14/2022
334,Michal,Babbs,mbabbs99@sitemeter.com,Female,1993,Nissan,Altima,Los Angeles,California,90025,US,34.0447,-118.4487,43715,Wilderman-Herzog,01/20/2024
335,Milton,Towlson,mtowlson9a@chron.com,Male,2011,Audi,A6,Washington,District of Columbia,20470,US,38.8933,-77.0146,82443,"Grady, Mraz and Leannon",09/14/2022
336,Kirstin,Bomb,kbomb9b@ovh.net,Female,2006,Volvo,S60,Naperville,Illinois,60567,US,41.8397,-88.0887,54303,Witting-Larson,08/23/2024
337,Briggs,Dabnot,bdabnot9c@kickstarter.com,Male,1990,Buick,LeSabre,Fullerton,California,92640,US,33.7862,-117.9309,47801,Ritchie and Sons,11/07/2025
338,Glyn,Yter,gyter9d@kickstarter.com,Male,1969,Shelby,GT350,Merrifield,Virginia,22119,US,38.8318,-77.2888,64410,Farrell-Kemmer,12/19/2025
339,Annette,Ellard,aellard9e@virginia.edu,Female,2007,Nissan,Titan,San Diego,California,92110,US,32.7635,-117.2028,52845,Zieme and Sons,11/02/2022
340,Clerkclaude,Whitely,cwhitely9f@xrea.com,Male,1987,Mazda,B-Series,Troy,Michigan,48098,US,42.5991,-83.1789,31537,Kohler and Sons,08/16/2023
341,Ive,Btham,ibtham9g@dailymail.co.uk,Male,2010,Volkswagen,Eos,Charleston,South Carolina,29424,US,32.7831,-79.937,89647,Bauch-Zieme,04/17/2023
342,Marleen,Penticost,mpenticost9h@bigcartel.com,Female,1988,Mitsubishi,Cordia,Detroit,Michigan,48258,US,42.2399,-83.1508,53564,Emard and Sons,01/16/2024
343,Opaline,Roper,oroper9i@cbsnews.com,Female,2004,Isuzu,Ascender,Phoenix,Arizona,85025,US,33.4226,-111.7236,35823,"Farrell, Kilback and Bayer",11/05/2023
344,Carly,Tallboy,ctallboy9j@nationalgeographic.com,Female,2004,Mercedes-Benz,SLK-Class,Memphis,Tennessee,38131,US,35.0664,-89.9921,32150,Boyle and Sons,06/24/2024
345,Truman,Dumbar,tdumbar9k@angelfire.com,Male,1992,Alfa Romeo,164,Philadelphia,Pennsylvania,19131,US,39.9845,-75.2282,78638,Rodriguez-Homenick,01/15/2026
346,Tremayne,Berrecloth,tberrecloth9l@youtube.com,Male,1994,Subaru,Impreza,Amarillo,Texas,79116,US,35.2454,-101.999,77310,Prohaska Inc,03/29/2024
347,Clarita,Hyndson,chyndson9m@discovery.com,Female,1993,Dodge,Colt,Charleston,West Virginia,25336,US,38.2968,-81.5547,44688,Boehm and Sons,01/23/2025
348,Sascha,Crank,scrank9n@uol.com.br,Male,1993,Ford,Tempo,Fresno,California,93778,US,36.7464,-119.6397,34704,"Dach, Barrows and Kihn",06/18/2025
349,Ailee,Harses,aharses9o@psu.edu,Female,2012,Land Rover,Range Rover,Jamaica,New York,11499,US,40.6514,-73.8708,94395,Jenkins Group,04/25/2025
350,Nils,Lurcock,nlurcock9p@reddit.com,Male,2000,Hyundai,Accent,Los Angeles,California,90005,US,34.0585,-118.3012,30432,Becker-Braun,09/29/2023
351,Sidoney,Ramirez,sramirez9q@theguardian.com,Female,1994,Chevrolet,3500,Decatur,Georgia,30089,US,33.7749,-84.3046,97649,Casper Group,07/15/2024
352,Blake,Becks,bbecks9r@mashable.com,Female,2001,Toyota,Prius,College Station,Texas,77844,US,30.6521,-96.341,46064,McCullough-Schowalter,08/30/2024
353,Reena,Orlton,rorlton9s@amazon.co.jp,Female,2008,Toyota,Sienna,Port Washington,New York,11054,US,40.7548,-73.6018,34590,Dach-Jerde,06/15/2025
354,Fairlie,Gethen,fgethen9t@arstechnica.com,Male,2005,Toyota,4Runner,Duluth,Minnesota,55811,US,46.8147,-92.1998,34420,"Cole, Gusikowski and Toy",08/28/2023
355,Nat,Fleote,nfleote9u@domainmarket.com,Male,2005,GMC,Savana 1500,Miami,Florida,33142,US,25.813,-80.232,74150,Bahringer-Lebsack,04/08/2025
356,Alix,Swains,aswains9v@live.com,Male,1994,Mazda,MPV,Garden Grove,California,92844,US,33.7661,-117.9738,40723,"Hickle, Gutkowski and Gislason",08/31/2024
357,Mae,McGrail,mmcgrail9w@baidu.com,Female,2010,Chevrolet,Equinox,Oklahoma City,Oklahoma,73119,US,35.421,-97.5616,32625,Lindgren LLC,04/10/2022
358,Olvan,covino,ocovino9x@statcounter.com,Male,2008,Lincoln,Navigator L,Fresno,California,93778,US,36.7464,-119.6397,58436,Quitzon and Sons,03/25/2023
359,Hally,Reedie,hreedie9y@de.vu,Bigender,1990,Pontiac,Grand Prix Turbo,Riverside,California,92519,US,33.7529,-116.0556,40388,Durgan Inc,12/30/2023
360,Stefa,Grissett,sgrissett9z@prweb.com,Female,1996,Toyota,Land Cruiser,Atlanta,Georgia,30358,US,33.9982,-84.3411,33210,Waters-Nikolaus,06/23/2024
361,Garland,Maltby,gmaltbya0@europa.eu,Female,1992,Eagle,Talon,Midland,Texas,79710,US,31.8693,-102.0317,85470,Kerluke and Sons,02/18/2022
362,Marsh,Tompion,mtompiona1@vkontakte.ru,Male,1998,Dodge,Ram Van 1500,Cleveland,Ohio,44177,US,41.6857,-81.6728,44998,"Jacobson, Leffler and Luettgen",09/03/2022
363,Lovell,Dever,ldevera2@reverbnation.com,Male,1992,Dodge,Monaco,Katy,Texas,77493,US,29.8678,-95.8298,43282,Trantow LLC,01/29/2023
364,Garret,Beecker,gbeeckera3@about.me,Male,1994,Honda,Passport,Erie,Pennsylvania,16505,US,42.1109,-80.1534,51684,Douglas Inc,08/27/2024
365,Kaiser,Leijs,kleijsa4@state.gov,Male,1993,Lexus,GS,Austin,Texas,78783,US,30.3264,-97.7713,62194,"Stark, Cartwright and Flatley",03/15/2024
366,Diana,Moralee,dmoraleea5@tmall.com,Female,1966,Pontiac,GTO,Los Angeles,California,90005,US,34.0585,-118.3012,78158,"Cormier, Daniel and McKenzie",01/05/2024
367,Cristobal,Topes,ctopesa6@indiatimes.com,Male,2006,Suzuki,Grand Vitara,New York City,New York,10090,US,40.7808,-73.9772,71776,Renner LLC,01/18/2025
368,Myrvyn,Llewhellin,mllewhellina7@cnn.com,Non-binary,1993,Chrysler,Town & Country,Philadelphia,Pennsylvania,19184,US,40.0018,-75.1179,54613,"Pacocha, Kiehn and Keeling",05/03/2023
369,Ruby,Aglione,raglionea8@technorati.com,Female,1992,Audi,V8,Washington,District of Columbia,20073,US,38.897,-77.0251,59416,Green and Sons,11/10/2025
370,Wylma,Hogbin,whogbina9@lulu.com,Female,1998,Mazda,626,Wichita,Kansas,67215,US,37.6333,-97.425,90611,"Jast, Murazik and Steuber",04/07/2023
371,Erv,Louiset,elouisetaa@artisteer.com,Male,1999,GMC,Envoy,Oklahoma City,Oklahoma,73135,US,35.411,-97.4388,62364,Gislason-Lemke,04/05/2023
372,Hal,Bruneau,hbruneauab@yahoo.com,Male,1968,Ford,Mustang,Nashville,Tennessee,37228,US,36.1901,-86.8053,75522,Gleichner LLC,03/21/2023
373,Briny,Calwell,bcalwellac@51.la,Female,1993,Nissan,Maxima,New York City,New York,10120,US,40.7506,-73.9894,66132,Larson-Legros,01/28/2024
374,Kristofor,Hews,khewsad@ftc.gov,Male,2004,Ford,Expedition,Denver,Colorado,80204,US,39.734,-105.0259,52631,Becker-Dietrich,07/22/2022
375,Bobina,Cauderlie,bcauderlieae@booking.com,Female,1991,Mitsubishi,Pajero,Birmingham,Alabama,35242,US,33.3813,-86.7046,87036,Cole-Conn,01/27/2024
376,Erie,Josilowski,ejosilowskiaf@mashable.com,Male,2011,Ford,Fusion,Gainesville,Florida,32605,US,29.6785,-82.3679,57932,Dickinson and Sons,04/04/2022
377,Des,Bootes,dbootesag@comsenz.com,Male,1997,Chevrolet,2500,San Bernardino,California,92424,US,34.84,-115.9671,51882,"O'Reilly, Hilll and Walter",05/29/2024
378,Alida,Calfe,acalfeah@edublogs.org,Female,2005,BMW,745,Trenton,New Jersey,08650,US,40.2805,-74.712,80543,Schuppe-Wintheiser,10/01/2025
379,Adelaida,Druhan,adruhanai@booking.com,Female,2009,Suzuki,SX4,Newark,New Jersey,07195,US,40.7918,-74.2452,83824,Stracke Group,11/04/2024
380,Carlyle,Byrcher,cbyrcheraj@liveinternet.ru,Male,1995,Nissan,200SX,Chicago,Illinois,60614,US,41.9229,-87.6483,88364,Hudson-Carter,04/09/2024
381,Jon,Silcox,jsilcoxak@miitbeian.gov.cn,Male,2012,Acura,TSX,Houston,Texas,77030,US,29.7041,-95.401,47399,Kerluke Inc,08/24/2023
382,Craggy,Goldring,cgoldringal@theatlantic.com,Male,2008,BMW,5 Series,Denver,Colorado,80228,US,39.6888,-105.156,49288,Bednar and Sons,05/16/2025
383,Elwira,McVeigh,emcveigham@edublogs.org,Female,1987,Mitsubishi,L300,Sacramento,California,94273,US,38.3774,-121.4444,35975,"Howe, Hirthe and Hermiston",12/31/2025
384,Carlyn,Duinbleton,cduinbletonan@mediafire.com,Female,2009,Volkswagen,Rabbit,Birmingham,Alabama,35215,US,33.6493,-86.7057,60854,"Luettgen, Gutmann and Waters",08/21/2025
385,Evelyn,Size,esizeao@usgs.gov,Female,2003,Ford,Taurus,Boston,Massachusetts,02208,US,42.3389,-70.9196,75244,Thompson-Luettgen,10/11/2024
386,Leif,Hadleigh,lhadleighap@zimbio.com,Male,1992,Porsche,911,Philadelphia,Pennsylvania,19191,US,40.0018,-75.1179,42547,"Donnelly, Kuhn and Dicki",06/19/2022
387,Lenci,Portman,lportmanaq@deliciousdays.com,Male,2010,Acura,MDX,Dayton,Ohio,45432,US,39.739,-84.0856,60419,Wiza Inc,09/30/2022
388,Jeth,Dominicacci,jdominicacciar@amazon.co.jp,Male,2006,Nissan,Frontier,Inglewood,California,90305,US,33.9583,-118.3258,30606,Homenick Group,02/01/2024
389,Alvan,Dyke,adykeas@census.gov,Male,2007,Cadillac,Escalade,Pasadena,California,91109,US,33.7866,-118.2987,44145,Sporer-Luettgen,02/03/2022
390,Bartolomeo,Linsley,blinsleyat@fastcompany.com,Male,2008,Mitsubishi,Lancer,Harrisburg,Pennsylvania,17121,US,40.2944,-76.8938,91003,Greenfelder-Rath,01/13/2024
391,Romain,Kacheller,rkachellerau@e-recht24.de,Male,2008,Dodge,Ram 1500,Jamaica,New York,11447,US,40.6914,-73.8061,56561,"Dicki, Halvorson and O'Hara",04/26/2025
392,Bing,Soitoux,bsoitouxav@vk.com,Male,2011,Mercury,Milan,Worcester,Massachusetts,01654,US,42.3648,-71.8969,48538,"Rodriguez, Wisozk and Wyman",09/29/2024
393,Rachael,Ruhben,rruhbenaw@businessinsider.com,Polygender,2000,Infiniti,I,Pasadena,Texas,77505,US,29.6518,-95.1464,47796,"Huels, Lesch and Terry",11/26/2023
394,Reba,Lamanby,rlamanbyax@slideshare.net,Female,2012,Nissan,Titan,Miami,Florida,33158,US,25.6364,-80.3187,74471,"Mills, Christiansen and Ebert",07/12/2022
395,Rawley,Selley,rselleyay@yellowbook.com,Male,2004,Mitsubishi,Challenger,Dallas,Texas,75367,US,32.7673,-96.7776,54339,Volkman-Wiegand,09/19/2023
396,Ardenia,Spaldin,aspaldinaz@time.com,Female,2008,Lexus,SC,Roanoke,Virginia,24014,US,37.2327,-79.9463,35634,Schowalter-Adams,07/19/2024
397,Benny,Wankel,bwankelb0@oracle.com,Male,1988,Acura,Integra,Miami,Florida,33134,US,25.768,-80.2714,47600,Waters-Torp,06/08/2025
398,Ambrose,Abelevitz,aabelevitzb1@woothemes.com,Male,2006,Pontiac,Grand Prix,Columbia,South Carolina,29240,US,34.006,-80.9708,97725,Crooks-Hahn,04/28/2025
399,Cal,Bagott,cbagottb2@storify.com,Male,2005,Chevrolet,Uplander,Trenton,New Jersey,08619,US,40.2418,-74.6962,61291,Kirlin Group,01/26/2026
400,Nathanial,Crowter,ncrowterb3@weebly.com,Polygender,2009,Saab,9-3,El Paso,Texas,88589,US,31.6948,-106.3,81379,Hackett LLC,09/23/2023
401,Corly,Essame,cessameb4@jiathis.com,Genderfluid,2012,Bentley,Continental,Pueblo,Colorado,81005,US,38.2352,-104.66,48127,Wunsch Inc,07/03/2025
402,Erina,Vallentin,evallentinb5@yahoo.com,Female,2004,Toyota,Tundra,Washington,District of Columbia,20370,US,38.8933,-77.0146,61283,"Gutmann, Mayert and Ebert",05/23/2022
403,Agustin,Guillain,aguillainb6@scribd.com,Male,2010,Aston Martin,V8 Vantage,Greensboro,North Carolina,27499,US,36.0807,-80.0244,65011,Stracke-Thiel,10/10/2023
404,Darbee,Dikels,ddikelsb7@google.it,Male,2009,Volvo,C70,Decatur,Georgia,30033,US,33.8123,-84.2819,91536,Kerluke-Turcotte,09/05/2024
405,Beauregard,O'Donohue,bodonohueb8@sun.com,Bigender,1998,Acura,Integra,Champaign,Illinois,61825,US,40.1399,-88.1961,64197,Powlowski Group,02/15/2022
406,Issiah,Connikie,iconnikieb9@deliciousdays.com,Male,2003,Mercedes-Benz,C-Class,Hartford,Connecticut,06152,US,41.7918,-72.7188,91230,O'Keefe LLC,10/20/2023
407,Nataniel,Labrow,nlabrowba@indiatimes.com,Male,1999,Cadillac,Eldorado,Peoria,Illinois,61640,US,40.7857,-89.6177,75603,"Stiedemann, Kozey and Toy",02/05/2024
408,Myrilla,Adnet,madnetbb@pcworld.com,Female,1989,Lexus,LS,Tampa,Florida,33625,US,28.0726,-82.559,59687,"Walsh, Lowe and O'Conner",07/09/2023
409,Marys,Shearstone,mshearstonebc@wikispaces.com,Female,2005,Mitsubishi,Diamante,Wilkes Barre,Pennsylvania,18706,US,41.2044,-75.9113,32915,"Beier, Lebsack and Weimann",06/06/2023
410,Aurel,Wolford,awolfordbd@reddit.com,Genderqueer,1997,Land Rover,Range Rover,Albany,New York,12262,US,42.6149,-73.9708,32246,Yundt-Rath,02/14/2025
411,Samaria,Coper,scoperbe@hubpages.com,Female,1992,Ford,F150,Dallas,Texas,75353,US,32.7673,-96.7776,86623,Baumbach and Sons,09/29/2024
412,Taite,Colclough,tcolcloughbf@merriam-webster.com,Male,2012,Toyota,Prius,Cleveland,Ohio,44105,US,41.4509,-81.619,36270,Lubowitz-Pouros,05/01/2024
413,Walther,Blayney,wblayneybg@sakura.ne.jp,Male,2005,Toyota,Highlander,Portland,Oregon,97286,US,45.5806,-122.3748,30228,"Daniel, Koepp and Thiel",06/25/2024
414,Elsy,Fassan,efassanbh@comsenz.com,Female,2002,Kia,Spectra,Cleveland,Ohio,44111,US,41.4571,-81.7844,41693,"Schmeler, Gleichner and Bode",12/01/2025
415,Abrahan,Jesper,ajesperbi@cmu.edu,Male,2010,Land Rover,Freelander,South Lake Tahoe,California,96154,US,38.8753,-120.0188,42359,Jerde-Feil,12/13/2022
416,Annalise,Treamayne,atreamaynebj@about.com,Female,2003,Kia,Sorento,Santa Monica,California,90405,US,34.01,-118.4717,69340,"Romaguera, Skiles and Koepp",12/04/2025
417,Jolene,Hansie,jhansiebk@sakura.ne.jp,Female,1988,Lamborghini,Countach,Seattle,Washington,98133,US,47.7377,-122.3431,66556,"Lehner, Padberg and Kovacek",08/05/2023
418,Jessey,Bortoli,jbortolibl@elpais.com,Male,2010,Suzuki,SX4,Miami,Florida,33180,US,25.9597,-80.1403,89218,"Wolff, Larson and Schroeder",05/15/2024
419,Vittorio,Wilsey,vwilseybm@alibaba.com,Male,2006,Chevrolet,Silverado Hybrid,Des Moines,Iowa,50393,US,41.6727,-93.5722,85594,Littel-Rohan,05/13/2023
420,Avie,Honnan,ahonnanbn@thetimes.co.uk,Female,1992,Land Rover,Defender,Arlington,Virginia,22217,US,38.8808,-77.113,34728,Koelpin-Wisozk,02/14/2025
421,Mel,Arrighini,marrighinibo@imageshack.us,Male,1997,Plymouth,Voyager,Rochester,New York,14619,US,43.1367,-77.6481,39094,"Collins, Moen and Carroll",10/30/2024
422,Bengt,Dumke,bdumkebp@mashable.com,Male,2003,Chevrolet,Venture,Schaumburg,Illinois,60193,US,42.0144,-88.0935,65587,"Runolfsdottir, Renner and Ziemann",01/16/2025
423,Donia,Davis,ddavisbq@usda.gov,Female,2011,Kia,Soul,Hollywood,Florida,33023,US,25.9894,-80.2153,83345,Crona and Sons,11/06/2022
424,Carma,Whaites,cwhaitesbr@pcworld.com,Female,2011,Kia,Sorento,Detroit,Michigan,48206,US,42.3749,-83.1087,36386,"Boehm, Lubowitz and Dibbert",08/17/2022
425,Hilda,Comellini,hcomellinibs@rakuten.co.jp,Female,1992,Mercedes-Benz,300D,Miami,Florida,33175,US,25.7341,-80.4068,47536,"Braun, Friesen and Dietrich",05/01/2025
426,Kania,Coutts,kcouttsbt@accuweather.com,Female,2000,Ford,Contour,Montgomery,Alabama,36119,US,32.2334,-86.2085,74836,Waelchi LLC,07/22/2022
427,Layney,Piddick,lpiddickbu@eepurl.com,Female,2003,Lincoln,Town Car,New York City,New York,10115,US,40.8111,-73.9642,63742,"Terry, Botsford and Ferry",07/01/2025
428,Corby,Bendix,cbendixbv@go.com,Male,1997,Volkswagen,GTI,Indianapolis,Indiana,46247,US,39.7795,-86.1328,37165,Feeney-Runolfsdottir,09/26/2022
429,Hale,Downie,hdowniebw@cnn.com,Male,1994,Nissan,Sentra,Pensacola,Florida,32590,US,30.6143,-87.2758,91772,Blanda-Rodriguez,04/13/2023
430,Gray,Boater,gboaterbx@sphinn.com,Polygender,2006,Mazda,Mazda6 Sport,Pittsburgh,Pennsylvania,15266,US,40.4344,-80.0248,77007,"Lowe, Dibbert and Funk",04/16/2022
431,Linea,Monahan,lmonahanby@theatlantic.com,Female,2004,Pontiac,Bonneville,Mountain View,California,94042,US,37.1894,-121.7053,83006,Feil-Stanton,04/16/2025
432,Monro,McConigal,mmcconigalbz@printfriendly.com,Male,2004,Cadillac,CTS,Shreveport,Louisiana,71166,US,32.6076,-93.7526,89681,Purdy-Altenwerth,03/31/2022
433,Ranique,Josling,rjoslingc0@soundcloud.com,Female,1993,Subaru,Legacy,Fayetteville,North Carolina,28314,US,35.0583,-79.008,48227,Schinner-Fahey,10/18/2025
434,Mellicent,Maddison,mmaddisonc1@netvibes.com,Female,2003,Ford,Mustang,Washington,District of Columbia,20442,US,38.896,-77.0177,95512,"Kovacek, Lesch and Kozey",07/16/2023
435,Mattie,Cuttin,mcuttinc2@163.com,Male,1985,Subaru,XT,Concord,California,94522,US,37.7772,-121.9554,44332,Ullrich and Sons,02/11/2022
436,Savina,Llorens,sllorensc3@multiply.com,Female,2010,Ford,E150,Albany,New York,12262,US,42.6149,-73.9708,74394,"Roob, Johns and McClure",08/06/2023
437,Averill,Sandry,asandryc4@arizona.edu,Male,2001,Chevrolet,Corvette,Norwalk,Connecticut,06859,US,41.3089,-73.3637,48089,"Prosacco, Abshire and Dicki",03/31/2025
438,Marcie,Mussared,mmussaredc5@dell.com,Female,1967,Pontiac,Tempest,North Las Vegas,Nevada,89036,US,35.9279,-114.9721,88161,"Langworth, Wisozk and Glover",04/27/2025
439,Buffy,Creed,bcreedc6@miitbeian.gov.cn,Non-binary,1996,Acura,RL,Henderson,Nevada,89074,US,36.0384,-115.0857,60769,Brekke-Stehr,11/26/2025
440,Lemuel,Cowin,lcowinc7@gmpg.org,Male,2009,Mitsubishi,Lancer,Baltimore,Maryland,21216,US,39.3093,-76.6699,53926,Turner LLC,09/26/2023
441,Mal,Cinnamond,mcinnamondc8@bandcamp.com,Male,1992,Cadillac,DeVille,Louisville,Kentucky,40233,US,38.189,-85.6768,43077,Langosh Inc,06/30/2022
442,Ursola,Hawtin,uhawtinc9@mail.ru,Female,1991,Audi,200,York,Pennsylvania,17405,US,40.0086,-76.5972,59344,Reinger Inc,03/24/2025
443,Shelbi,Cordery,scorderyca@google.pl,Female,1984,Mercedes-Benz,SL-Class,Lubbock,Texas,79452,US,33.61,-101.8213,90715,"Kuhn, DuBuque and Kuhic",03/05/2025
444,Garnette,Sirmon,gsirmoncb@constantcontact.com,Genderqueer,2006,Mitsubishi,Raider,Austin,Texas,78732,US,30.3752,-97.9007,61121,Dibbert LLC,02/18/2023
445,Irvine,Swendell,iswendellcc@tamu.edu,Male,2008,Ford,Taurus X,Oklahoma City,Oklahoma,73119,US,35.421,-97.5616,58997,Zemlak-Kuhn,03/15/2022
446,Lorelei,Lymer,llymercd@theatlantic.com,Female,1989,Mitsubishi,Eclipse,Modesto,California,95354,US,37.6409,-120.9749,99747,"Schowalter, Bernhard and Walsh",08/07/2024
447,Mozes,de Voiels,mdevoielsce@exblog.jp,Male,2013,Hyundai,Accent,Washington,District of Columbia,20409,US,38.8933,-77.0146,71534,Quitzon-Gleichner,09/13/2024
448,Donnajean,Tisun,dtisuncf@sina.com.cn,Female,2004,Spyker,C8 Laviolette,Great Neck,New York,11024,US,40.8171,-73.7416,90174,Nolan-Fay,08/05/2023
449,Thaddus,Shilliday,tshillidaycg@nytimes.com,Male,2002,Mitsubishi,Montero,Huntington,West Virginia,25716,US,38.4134,-82.2774,49221,"Hintz, McClure and Harvey",11/22/2023
450,Devina,Gonzalo,dgonzaloch@oracle.com,Female,2013,Subaru,BRZ,Richmond,Virginia,23203,US,37.5593,-77.4471,52279,"Murphy, Quigley and Kessler",11/07/2025
451,Rudiger,Antoni,rantonici@home.pl,Male,2000,BMW,5 Series,Washington,District of Columbia,20535,US,38.8941,-77.0251,80752,Watsica-D'Amore,07/01/2023
452,Obidiah,Barca,obarcacj@google.pl,Male,1999,Toyota,Corolla,Lexington,Kentucky,40515,US,37.9651,-84.4708,83960,Nicolas-Reinger,04/01/2024
453,Siward,Hadlow,shadlowck@cam.ac.uk,Polygender,2011,Dodge,Caliber,Newton,Massachusetts,02458,US,42.3528,-71.1875,39185,Littel Inc,10/02/2024
454,Hadria,Swinley,hswinleycl@technorati.com,Female,2005,Dodge,Stratus,Mesa,Arizona,85210,US,33.3887,-111.8428,71042,Altenwerth-Will,06/23/2024
455,Yardley,Worral,yworralcm@washingtonpost.com,Male,2008,Land Rover,Discovery,Virginia Beach,Virginia,23471,US,36.7957,-76.0126,41435,Spinka and Sons,10/13/2022
456,Sibyl,Langshaw,slangshawcn@themeforest.net,Male,2006,Ford,Mustang,Newark,New Jersey,07104,US,40.7664,-74.1695,30878,Rosenbaum Group,08/28/2025
457,Harry,Beeck,hbeeckco@ted.com,Male,2009,Toyota,TundraMax,Wilkes Barre,Pennsylvania,18768,US,41.2722,-75.8801,63873,Breitenberg-Heller,04/13/2025
458,Rad,Dalgleish,rdalgleishcp@gov.uk,Male,1999,Daewoo,Lanos,San Antonio,Texas,78265,US,29.4375,-98.4616,36988,Medhurst-Maggio,01/11/2025
459,Zak,Dowzell,zdowzellcq@rakuten.co.jp,Male,2002,Dodge,Ram Van 1500,Topeka,Kansas,66699,US,39.0429,-95.7697,43256,Tremblay-Cruickshank,01/23/2026
460,Pacorro,Khosa,pkhosacr@storify.com,Male,1994,Pontiac,Firebird,Fayetteville,North Carolina,28305,US,35.056,-78.9047,62268,"Nikolaus, Lowe and Nikolaus",08/21/2022
461,Udale,McArdle,umcardlecs@vinaora.com,Male,2007,Nissan,Armada,Dallas,Texas,75287,US,33.0005,-96.8314,34145,"Kub, Stanton and Leannon",06/13/2022
462,Vern,Wharram,vwharramct@chronoengine.com,Male,2007,Chevrolet,Aveo,Brooklyn,New York,11236,US,40.6407,-73.9028,43721,"Turner, Boehm and Casper",11/29/2024
463,Madelon,Bedham,mbedhamcu@eepurl.com,Female,2004,Lincoln,Aviator,Columbus,Ohio,43284,US,39.969,-83.0114,42848,Brekke LLC,11/09/2023
464,Zola,Wraighte,zwraightecv@japanpost.jp,Female,2008,Subaru,Legacy,Hagerstown,Maryland,21747,US,39.5207,-77.9162,94428,Turner-Goodwin,01/19/2023
465,Marlo,Matthews,mmatthewscw@gov.uk,Female,1995,Mazda,MX-3,Augusta,Georgia,30919,US,33.386,-82.091,48576,"Gerhold, Ullrich and Bauch",09/16/2022
466,Diandra,Baldacco,dbaldaccocx@newyorker.com,Female,1999,Volkswagen,Eurovan,Sacramento,California,95838,US,38.6406,-121.444,49650,Smitham LLC,07/24/2023
467,Angelle,Di Matteo,adimatteocy@ovh.net,Female,1999,Lamborghini,Diablo,Macon,Georgia,31205,US,32.8067,-83.6913,57590,Volkman-Mosciski,02/23/2022
468,Jess,Bortoli,jbortolicz@samsung.com,Female,1995,Dodge,Intrepid,Miami,Florida,33245,US,25.5584,-80.4582,88654,Anderson-Bosco,06/06/2022
469,Killie,Novak,knovakd0@slashdot.org,Male,2010,Audi,S4,Naples,Florida,34108,US,26.2416,-81.8071,40956,Borer-Cremin,09/08/2024
470,Gregg,Lethibridge,glethibridged1@vistaprint.com,Male,2003,Ford,F250,Salt Lake City,Utah,84152,US,40.7286,-111.6627,46880,"Lebsack, Gerlach and Wehner",06/03/2023
471,Illa,Cockson,icocksond2@constantcontact.com,Female,1989,Ford,Festiva,Charlotte,North Carolina,28210,US,35.1316,-80.8577,94085,Gusikowski and Sons,07/16/2022
472,Trudy,Fonteyne,tfonteyned3@sourceforge.net,Female,1991,Maserati,430,Houston,Texas,77240,US,29.834,-95.4342,81606,Torp-Daugherty,07/14/2025
473,Rayshell,Vallance,rvallanced4@shinystat.com,Female,2000,Toyota,Tacoma Xtra,Rockford,Illinois,61105,US,42.3254,-89.1705,65118,Hilll-Botsford,01/17/2024
474,Brig,Nyssens,bnyssensd5@ocn.ne.jp,Male,1997,Toyota,Avalon,Topeka,Kansas,66699,US,39.0429,-95.7697,50532,"Smitham, Kuhlman and Johnston",05/15/2022
475,Hiram,Kelwaybamber,hkelwaybamberd6@geocities.jp,Male,1998,Dodge,Ram 2500,Mesquite,Texas,75185,US,32.7403,-96.5618,89117,Bins-Carter,01/17/2024
476,Julienne,Graves,jgravesd7@fastcompany.com,Female,2011,BMW,X5 M,Los Angeles,California,90094,US,33.9754,-118.417,37037,Reilly-Predovic,03/19/2025
477,Lynnet,Sybry,lsybryd8@creativecommons.org,Female,2000,Cadillac,Escalade,Arlington,Texas,76096,US,32.7714,-97.2915,88534,"Dicki, Wehner and Bogisich",02/14/2025
478,Venita,Leif,vleifd9@forbes.com,Female,2008,Chevrolet,Suburban 1500,Fort Worth,Texas,76198,US,32.7714,-97.2915,81254,"Baumbach, Wunsch and Pfeffer",08/09/2025
479,Etti,Yitzhak,eyitzhakda@umn.edu,Female,1965,Volkswagen,Beetle,Peoria,Illinois,61635,US,40.7442,-89.7184,69922,"Spencer, Strosin and Glover",03/10/2023
480,Daryl,Hannaway,dhannawaydb@themeforest.net,Male,2013,Porsche,Cayenne,Irving,Texas,75037,US,32.7673,-96.7776,62940,"Pfannerstill, Turcotte and Schamberger",06/05/2024
481,Patric,Cowlin,pcowlindc@washingtonpost.com,Male,1999,Mazda,B-Series,Suffolk,Virginia,23436,US,36.8926,-76.5142,66271,Deckow Inc,11/06/2023
482,Gussie,Leggett,gleggettdd@ezinearticles.com,Female,2000,Toyota,Tundra,Hartford,Connecticut,06140,US,41.7918,-72.7188,64255,Bahringer Inc,11/08/2023
483,Joanie,Artist,jartistde@amazon.co.jp,Genderqueer,1986,Audi,4000s Quattro,San Mateo,California,94405,US,37.3811,-122.3348,51138,Harris Group,08/20/2022
484,Kevon,Kowal,kkowaldf@tuttocitta.it,Male,1989,BMW,6 Series,Seattle,Washington,98109,US,47.6339,-122.3476,49553,"Erdman, Hilpert and Ondricka",03/12/2023
485,Zondra,Garred,zgarreddg@xing.com,Female,1995,Mazda,MX-6,Indianapolis,Indiana,46266,US,39.7795,-86.1328,84082,"Goldner, Nitzsche and Stehr",08/12/2022
486,Cassi,Loosely,clooselydh@hugedomains.com,Female,2005,Audi,A4,Louisville,Kentucky,40210,US,38.2306,-85.7905,45129,"Koch, Daugherty and Moore",05/18/2024
487,Nehemiah,Clouston,ncloustondi@delicious.com,Male,2002,Volkswagen,rio,Fort Myers,Florida,33906,US,26.5529,-81.9486,60789,Rohan Inc,01/26/2025
488,Marnie,Chansonne,mchansonnedj@wix.com,Female,2009,Infiniti,G,Moreno Valley,California,92555,US,33.9377,-117.1851,88272,"Cole, Hyatt and Steuber",06/04/2022
489,Staford,Orsi,sorsidk@sun.com,Male,1999,Chevrolet,Suburban 2500,Shreveport,Louisiana,71115,US,32.3401,-93.6092,55447,"Bruen, Wiegand and Pacocha",01/13/2025
490,Lavina,Fealy,lfealydl@bloglines.com,Female,2010,Honda,Odyssey,San Antonio,Texas,78296,US,29.4375,-98.4616,49890,Zieme and Sons,03/06/2022
491,Kerr,Biggadyke,kbiggadykedm@wunderground.com,Male,2011,Nissan,Rogue,Tulsa,Oklahoma,74108,US,36.1499,-95.7923,37359,"Price, Reichel and Green",02/22/2023
492,Louis,Fraine,lfrainedn@nydailynews.com,Male,2010,Ford,Focus,Saint Louis,Missouri,63116,US,38.5814,-90.2625,34183,"Cronin, Dach and Jacobs",11/19/2022
493,Marilyn,Copper,mcopperdo@ifeng.com,Genderqueer,1969,Plymouth,Roadrunner,Sacramento,California,94237,US,38.3774,-121.4444,69092,Marvin-Gutmann,03/05/2022
494,Jay,Hayley,jhayleydp@pcworld.com,Male,2009,GMC,Savana 1500,Shreveport,Louisiana,71166,US,32.6076,-93.7526,43911,"Beatty, Jerde and Hudson",09/07/2023
495,Ethelin,Duffield,eduffielddq@usnews.com,Female,2002,Oldsmobile,Aurora,Provo,Utah,84605,US,40.177,-111.536,92154,Mraz-Pagac,08/10/2023
496,Melisent,Mangeon,mmangeondr@java.com,Female,1997,Mitsubishi,3000GT,Trenton,New Jersey,08603,US,40.2805,-74.712,56045,Hermann Inc,11/30/2023
497,Valerie,Tebald,vtebaldds@blogtalkradio.com,Female,2010,Audi,TT,San Diego,California,92186,US,33.0169,-116.846,56090,Streich-Robel,10/21/2023
498,Solomon,Kinsley,skinsleydt@parallels.com,Male,2009,Toyota,Prius,Torrance,California,90505,US,33.8106,-118.3507,48470,Reynolds-Bashirian,01/28/2025
499,Trixi,Goldhill,tgoldhilldu@geocities.com,Female,1996,Chevrolet,Sportvan G30,Escondido,California,92030,US,33.0169,-116.846,85010,"Herman, Nicolas and Stoltenberg",12/26/2022
500,Fairlie,Harby,fharbydv@google.com,Male,2007,Nissan,Xterra,Oakland,California,94622,US,37.799,-122.2337,43659,"Senger, Rutherford and Lehner",03/05/2023
501,Marj,Doerren,mdoerrendw@nifty.com,Female,1997,Ford,Thunderbird,Atlanta,Georgia,30323,US,33.8444,-84.474,67262,Bosco LLC,02/09/2025
502,Delinda,Falkus,dfalkusdx@jalbum.net,Female,1996,Ford,Contour,Aurora,Illinois,60505,US,41.7582,-88.2971,74849,Ebert Inc,10/26/2023
503,Clayton,Minty,cmintydy@diigo.com,Male,1999,Chevrolet,2500,Boise,Idaho,83722,US,43.4599,-116.244,61465,"Kling, Gulgowski and Erdman",12/12/2025
504,Bibbie,Grant,bgrantdz@illinois.edu,Female,1992,Chevrolet,2500,Seattle,Washington,98185,US,47.4323,-121.8034,98590,Hoppe Group,10/23/2022
505,Orel,Hartgill,ohartgille0@dmoz.org,Female,1985,Audi,Coupe GT,Birmingham,Alabama,35244,US,33.3538,-86.8254,86385,"Carter, Bailey and Volkman",01/29/2024
506,Blondell,Pelerin,bpelerine1@yellowpages.com,Female,1990,Mitsubishi,Precis,El Paso,Texas,88563,US,31.6948,-106.3,65153,Osinski Group,09/13/2025
507,Desiree,Shere,dsheree2@sakura.ne.jp,Female,2011,Mercedes-Benz,SLS-Class,Washington,District of Columbia,20436,US,38.8959,-77.0211,54651,"Nader, Harvey and Wyman",02/05/2023
508,Kati,Pinwell,kpinwelle3@abc.net.au,Non-binary,2010,Ford,F450,Grand Rapids,Michigan,49518,US,43.0314,-85.5503,80809,Volkman and Sons,06/20/2025
509,Pacorro,Krollman,pkrollmane4@geocities.com,Male,2010,Dodge,Ram 3500,North Hollywood,California,91616,US,33.7866,-118.2987,42755,Schinner and Sons,09/11/2022
510,Moritz,Tarbox,mtarboxe5@list-manage.com,Male,1985,Volkswagen,GTI,Minneapolis,Minnesota,55412,US,45.0242,-93.302,80025,"Renner, Abshire and Jacobson",11/09/2022
511,Barnebas,Corbitt,bcorbitte6@netscape.com,Male,1996,Ford,Econoline E250,Fargo,North Dakota,58106,US,46.9346,-97.2297,39574,Skiles LLC,12/09/2025
512,Ilyssa,Climo,iclimoe7@acquirethisname.com,Female,2008,Audi,A5,Houston,Texas,77055,US,29.7971,-95.4958,61854,Bogan Group,05/30/2025
513,Greta,Kennsley,gkennsleye8@theguardian.com,Female,2006,Lincoln,Mark LT,Albany,New York,12242,US,42.6149,-73.9708,75008,Cormier LLC,02/07/2024
514,Marco,Kenlin,mkenline9@hhs.gov,Male,1996,Dodge,Stratus,Huntsville,Alabama,35810,US,34.7784,-86.6091,99740,Mraz-Waters,08/17/2022
515,Karoline,Danielkiewicz,kdanielkiewiczea@amazon.de,Female,1990,Suzuki,Swift,Waterbury,Connecticut,06705,US,41.5503,-72.9963,66204,Frami LLC,09/25/2022
516,Carrissa,Volkers,cvolkerseb@cyberchimps.com,Female,2013,Hyundai,Sonata,Roanoke,Virginia,24004,US,37.2742,-79.9579,48464,Corkery-Collins,09/12/2024
517,Lionel,Simm,lsimmec@wired.com,Non-binary,2008,Cadillac,DTS,Jamaica,New York,11447,US,40.6914,-73.8061,74964,Bradtke Inc,01/01/2026
518,Ivonne,Kalkhoven,ikalkhovened@cpanel.net,Female,2001,Mercedes-Benz,CL-Class,Houston,Texas,77276,US,29.7575,-95.3668,82174,"Pfeffer, Schuster and Carroll",04/29/2025
519,Edgardo,Batsford,ebatsfordee@mapy.cz,Male,2010,Suzuki,SX4,Des Moines,Iowa,50310,US,41.6255,-93.6736,65199,Rodriguez-Zboncak,11/28/2023
520,Neda,Triggs,ntriggsef@people.com.cn,Female,1999,Chevrolet,3500,Spring,Texas,77388,US,30.0505,-95.4695,74248,Kessler-Schneider,05/19/2024
521,Inigo,Dei,ideieg@skype.com,Male,2012,Maybach,57,Fayetteville,North Carolina,28305,US,35.056,-78.9047,97319,Pfannerstill-Schmitt,08/24/2024
522,Burgess,Szymon,bszymoneh@ask.com,Male,2009,Cadillac,DTS,El Paso,Texas,88535,US,31.6948,-106.3,67434,"Rogahn, Mills and Kub",05/08/2024
523,Delila,Ridsdale,dridsdaleei@usgs.gov,Female,2011,Kia,Sportage,Brooklyn,New York,11236,US,40.6407,-73.9028,36669,"Lang, Daniel and Bayer",03/09/2024
524,Marius,Yancey,myanceyej@xrea.com,Male,2011,Volkswagen,Tiguan,Fresno,California,93726,US,36.7949,-119.7604,36891,Friesen-Gislason,12/23/2024
525,Marissa,Pioch,mpiochek@state.gov,Female,2009,Hyundai,Santa Fe,Terre Haute,Indiana,47805,US,39.5327,-87.3255,42487,"Lakin, Hyatt and Rippin",02/19/2022
526,Felita,Carus,fcarusel@moonfruit.com,Female,1999,Hummer,H1,Washington,District of Columbia,20231,US,38.8933,-77.0146,69020,Gorczany LLC,12/03/2022
527,Guthry,Poad,gpoadem@163.com,Male,2000,Honda,S2000,Richmond,Virginia,23213,US,37.5593,-77.4471,30820,"Abshire, Dach and Reinger",09/14/2023
528,Brady,McLleese,bmclleeseen@reddit.com,Male,2010,Nissan,Murano,Tampa,Florida,33686,US,27.872,-82.4388,80504,Runolfsson Inc,10/29/2024
529,Farrell,Askem,faskemeo@scientificamerican.com,Male,1992,Buick,Skylark,San Bernardino,California,92424,US,34.84,-115.9671,92370,"Schiller, Kirlin and Graham",07/26/2025
530,Lori,Kineton,lkinetonep@amazon.com,Female,2005,Honda,S2000,Detroit,Michigan,48267,US,42.2399,-83.1508,81318,Emard-Haag,04/21/2025
531,Ralf,Dobbinson,rdobbinsoneq@amazon.de,Male,1998,Mazda,B-Series Plus,Boise,Idaho,83757,US,43.4599,-116.244,35938,Senger Inc,07/29/2023
532,Saundra,Casazza,scasazzaer@youku.com,Male,1996,Volkswagen,rio,Topeka,Kansas,66642,US,39.0429,-95.7697,64365,Schmeler LLC,12/06/2022
533,Meriel,Manns,mmannses@japanpost.jp,Female,1985,Mitsubishi,Pajero,Olympia,Washington,98516,US,47.1126,-122.7794,92941,Homenick Group,12/01/2023
534,Glen,Salkeld,gsalkeldet@nydailynews.com,Female,1993,Ford,Econoline E150,Pompano Beach,Florida,33064,US,26.2785,-80.1157,45294,Bednar Group,02/01/2022
535,Tess,Bleakman,tbleakmaneu@seesaa.net,Female,2001,GMC,Sierra 2500,Philadelphia,Pennsylvania,19160,US,40.0018,-75.1179,50041,Kovacek LLC,01/16/2026
536,Papageno,Farnes,pfarnesev@epa.gov,Male,2011,Hyundai,Elantra,Allentown,Pennsylvania,18105,US,40.6934,-75.4712,52318,Grimes Inc,10/25/2025
537,Justis,Mulvy,jmulvyew@infoseek.co.jp,Male,1989,Mitsubishi,Sigma,Cincinnati,Ohio,45203,US,39.1075,-84.5257,81883,Abbott-Nader,01/01/2024
538,Jody,Goble,jgobleex@icio.us,Male,1987,Pontiac,Sunbird,Laurel,Maryland,20709,US,38.8336,-76.8777,76113,"Grant, Gusikowski and Orn",03/12/2023
539,Glory,Ary,garyey@cbc.ca,Female,2008,Lexus,RX,Tallahassee,Florida,32314,US,30.4793,-84.3462,83043,"McLaughlin, Schuster and Hansen",02/15/2023
540,Modesty,Readings,mreadingsez@friendfeed.com,Female,2004,Mitsubishi,Eclipse,Pittsburgh,Pennsylvania,15266,US,40.4344,-80.0248,74394,Hirthe LLC,12/09/2022
541,Hillier,Twinterman,htwintermanf0@tiny.cc,Male,2011,Toyota,Corolla,Oklahoma City,Oklahoma,73104,US,35.4794,-97.5017,79074,"Stroman, Waters and Kihn",02/23/2023
542,Gabbie,Filochov,gfilochovf1@histats.com,Female,2008,Ford,Edge,Madison,Wisconsin,53785,US,43.0696,-89.4239,90016,"Langosh, Ziemann and Heathcote",07/06/2023
543,Christos,Farrer,cfarrerf2@digg.com,Male,2005,Buick,Park Avenue,Washington,District of Columbia,20530,US,38.8976,-77.027,55235,Howell-Quigley,03/09/2025
544,Moyna,Deeth,mdeethf3@spiegel.de,Female,2007,Ford,F150,San Antonio,Texas,78220,US,29.4106,-98.4128,42214,"Kub, Schuppe and Bergstrom",12/16/2023
545,Jeana,Mudd,jmuddf4@mashable.com,Bigender,2000,GMC,Yukon,Little Rock,Arkansas,72215,US,34.7519,-92.3925,41854,"Crist, Hettinger and VonRueden",07/28/2022
546,Leola,Lemm,llemmf5@i2i.jp,Female,2009,Maybach,57,Homestead,Florida,33034,US,25.2846,-80.6246,85671,Ratke LLC,06/23/2025
547,Deb,Guerrieri,dguerrierif6@360.cn,Female,1984,Subaru,Brat,Sacramento,California,94245,US,38.3774,-121.4444,58632,Gulgowski Group,03/29/2024
548,Jae,Evenden,jevendenf7@issuu.com,Male,1999,Toyota,Tacoma Xtra,Washington,District of Columbia,20062,US,38.9,-77.0369,78156,Hayes-Smith,01/17/2024
549,Tobit,Walthew,twalthewf8@usgs.gov,Male,1997,Lexus,LX,Sunnyvale,California,94089,US,37.3983,-122.0006,78450,"Kassulke, Hagenes and Quitzon",10/18/2024
550,Joshua,Augar,jaugarf9@mozilla.org,Male,2002,Audi,A6,Washington,District of Columbia,20337,US,38.8933,-77.0146,58543,Parisian-Feest,03/11/2025
551,Sylvan,Bugg,sbuggfa@behance.net,Male,2006,Audi,TT,Miami,Florida,33142,US,25.813,-80.232,33097,"Haag, Boyle and Leannon",02/27/2025
552,Susi,Castagneri,scastagnerifb@reference.com,Female,1995,Geo,Tracker,Utica,New York,13505,US,43.0872,-75.2603,71482,Jacobs-Corkery,11/05/2022
553,Hi,Giacobini,hgiacobinifc@wikispaces.com,Polygender,2007,Ford,E150,Cincinnati,Ohio,45296,US,39.1668,-84.5382,43885,Dare-Prohaska,01/10/2026
554,Erina,Grieswood,egrieswoodfd@blinklist.com,Female,2009,Chevrolet,Silverado 1500,Punta Gorda,Florida,33982,US,26.9668,-81.9545,66181,Ward LLC,12/23/2025
555,Kristo,Heijne,kheijnefe@cmu.edu,Male,2009,Nissan,Maxima,Henderson,Nevada,89074,US,36.0384,-115.0857,83056,Ledner LLC,09/04/2023
556,Leilah,Cokly,lcoklyff@phoca.cz,Female,1977,MG,MGB,Denver,Colorado,80228,US,39.6888,-105.156,76844,Littel Inc,10/03/2023
557,Kris,Bauldrey,kbauldreyfg@seattletimes.com,Female,1998,Isuzu,Hombre Space,Littleton,Colorado,80126,US,39.5437,-104.9691,44405,"Hirthe, Bogan and Hoppe",06/19/2022
558,Bartholomew,Whereat,bwhereatfh@fema.gov,Male,1999,Plymouth,Breeze,Montgomery,Alabama,36134,US,32.2334,-86.2085,63439,Herzog Group,11/05/2022
559,Babita,MacDaid,bmacdaidfi@ibm.com,Female,2004,Mercedes-Benz,SL-Class,Salt Lake City,Utah,84130,US,40.6681,-111.9083,43235,Bogisich and Sons,08/22/2025
560,Elianora,Alven,ealvenfj@macromedia.com,Female,1994,Buick,Park Avenue,Syracuse,New York,13217,US,43.0214,-76.1977,63628,Deckow Inc,10/30/2025
561,Christalle,Gylle,cgyllefk@apache.org,Female,2011,Cadillac,SRX,Saint Petersburg,Florida,33737,US,27.8918,-82.7248,94180,"VonRueden, Cole and Jast",05/16/2023
562,Laverna,Tubble,ltubblefl@typepad.com,Female,1993,GMC,Rally Wagon 2500,Los Angeles,California,90030,US,33.7866,-118.2987,54302,Stehr-Harber,01/07/2024
563,Lida,Mains,lmainsfm@cdbaby.com,Female,2007,Chrysler,300,New Haven,Connecticut,06505,US,41.3057,-72.7799,33059,Kuhic-King,04/05/2023
564,Benton,Bellay,bbellayfn@artisteer.com,Male,2011,Mercedes-Benz,Sprinter,New York City,New York,10260,US,40.7808,-73.9772,80911,"Lakin, Johns and Watsica",04/14/2025
565,Henrie,Meharry,hmeharryfo@addtoany.com,Female,2006,Subaru,B9 Tribeca,Tulsa,Oklahoma,74156,US,36.3024,-95.9605,77189,"Zieme, Cremin and Leannon",03/03/2025
566,Merilyn,Theakston,mtheakstonfp@geocities.com,Female,2002,Chevrolet,Avalanche 2500,Helena,Montana,59623,US,46.5901,-112.0402,87441,Kilback-Thiel,06/24/2022
567,Thebault,Cuthbert,tcuthbertfq@miitbeian.gov.cn,Male,1999,Buick,Century,Los Angeles,California,90020,US,34.0665,-118.3022,60767,Brakus-Reynolds,11/16/2023
568,Rabbi,Critch,rcritchfr@clickbank.net,Male,1980,Pontiac,Grand Prix,Gaithersburg,Maryland,20883,US,39.0883,-77.1568,55958,Farrell-Kozey,12/06/2023
569,Amalee,Pettecrew,apettecrewfs@unesco.org,Female,2005,Land Rover,Range Rover,Charleston,West Virginia,25336,US,38.2968,-81.5547,36612,Roberts-Barton,05/15/2025
570,Priscella,Meace,pmeaceft@fotki.com,Female,1996,Plymouth,Grand Voyager,Springfield,Illinois,62764,US,39.7495,-89.606,48452,"Weimann, Boyle and Funk",02/17/2023
571,Will,Vasyatkin,wvasyatkinfu@photobucket.com,Male,2006,Chrysler,Crossfire Roadster,Waterbury,Connecticut,06726,US,41.3657,-72.9275,68740,Braun-Kozey,11/26/2023
572,Elissa,Collins,ecollinsfv@comsenz.com,Female,1993,Dodge,Spirit,Memphis,Tennessee,38168,US,35.2017,-89.9715,74582,"Bartell, Lockman and Morissette",03/05/2023
573,Mimi,Shoutt,mshouttfw@google.ca,Female,2012,Lincoln,MKX,San Jose,California,95118,US,37.2568,-121.8896,70620,"Smith, Yundt and Stracke",12/07/2022
574,Forrester,Curless,fcurlessfx@deliciousdays.com,Male,1996,Chrysler,Sebring,Rochester,New York,14624,US,43.1216,-77.7311,90678,Schumm-O'Hara,11/04/2025
575,Luther,Scolding,lscoldingfy@ezinearticles.com,Male,2001,Volkswagen,GTI,Phoenix,Arizona,85030,US,33.2765,-112.1872,58835,Borer-Senger,12/16/2024
576,Andras,Barnewelle,abarnewellefz@elpais.com,Male,1999,Jeep,Wrangler,Mobile,Alabama,36605,US,30.6341,-88.0846,47208,Buckridge-Hahn,04/23/2023
577,Carr,Trafford,ctraffordg0@reuters.com,Male,2011,Nissan,Rogue,Macon,Georgia,31217,US,32.8118,-83.565,47744,Botsford and Sons,03/10/2024
578,Sallyanne,Wilkison,swilkisong1@webnode.com,Female,1992,GMC,1500 Club Coupe,Minneapolis,Minnesota,55428,US,45.0632,-93.3811,99390,Zulauf Group,08/27/2022
579,Lorie,Stoddart,lstoddartg2@cornell.edu,Female,1993,BMW,5 Series,Tuscaloosa,Alabama,35487,US,33.3072,-87.5859,87310,Champlin LLC,03/22/2023
580,Flint,Blasio,fblasiog3@sitemeter.com,Male,2002,Mazda,B-Series Plus,Boise,Idaho,83732,US,43.4599,-116.244,61970,Swift-Nolan,05/11/2025
581,Torrey,Cossar,tcossarg4@amazon.co.uk,Male,2005,Lexus,LX,Fayetteville,North Carolina,28314,US,35.0583,-79.008,65502,Sawayn-Heaney,03/05/2024
582,Frankie,Wandrach,fwandrachg5@issuu.com,Male,2010,Chrysler,300,Corpus Christi,Texas,78470,US,27.777,-97.4632,41735,"Williamson, Fahey and Shanahan",08/01/2022
583,Carl,Balcon,cbalcong6@abc.net.au,Genderfluid,2006,Honda,Civic Si,Gainesville,Florida,32605,US,29.6785,-82.3679,40243,Keebler-Gerlach,09/07/2022
584,Minta,Style,mstyleg7@issuu.com,Female,2006,Mercedes-Benz,E-Class,Philadelphia,Pennsylvania,19136,US,40.0422,-75.0244,34251,"Trantow, Torphy and Dibbert",08/21/2025
585,Alric,Gillett,agillettg8@unblog.fr,Male,1997,Toyota,Camry,Washington,District of Columbia,20540,US,38.8874,-77.0047,97176,Beer and Sons,10/26/2023
586,Kelli,Quinnette,kquinnetteg9@weather.com,Female,2000,Honda,CR-V,Trenton,New Jersey,08695,US,40.2805,-74.712,54938,"Stanton, Franecki and Waelchi",03/08/2025
587,Benjamen,Stennet,bstennetga@netlog.com,Male,1987,Mazda,Familia,Oklahoma City,Oklahoma,73135,US,35.411,-97.4388,91345,Fahey-Brakus,01/10/2024
588,Bat,Rushman,brushmangb@nationalgeographic.com,Male,2011,Dodge,Journey,Peoria,Arizona,85383,US,33.7169,-112.238,71836,Gulgowski-Runolfsdottir,10/20/2025
589,Tuck,Roulston,troulstongc@behance.net,Male,2011,Dodge,Dakota,Stockton,California,95210,US,38.025,-121.2972,33282,Gibson Inc,02/24/2025
590,Marena,Edyson,medysongd@imageshack.us,Female,1993,Saturn,S-Series,Youngstown,Ohio,44555,US,41.1039,-80.6436,34416,"Jaskolski, Dickens and McCullough",04/13/2022
591,Torrin,Purvis,tpurvisge@reuters.com,Male,2008,Toyota,Avalon,Erie,Pennsylvania,16534,US,42.1827,-80.0649,66783,"Smith, Frami and Labadie",05/13/2024
592,Henderson,Bartolijn,hbartolijngf@yelp.com,Male,2010,Maserati,Quattroporte,Reno,Nevada,89519,US,39.4814,-119.8591,52058,McGlynn and Sons,11/11/2022
593,Juieta,Casaccio,jcasacciogg@dyndns.org,Female,2008,Subaru,Legacy,Atlanta,Georgia,30351,US,33.8444,-84.474,49730,"Schultz, Kertzmann and Kozey",03/21/2023
594,Arty,Stook,astookgh@hc360.com,Non-binary,2002,Dodge,Neon,New Bedford,Massachusetts,02745,US,41.6913,-70.9355,31008,Roob-Denesik,04/21/2022
595,Mercy,Arnal,marnalgi@skype.com,Female,2008,Mercedes-Benz,S-Class,Washington,District of Columbia,20470,US,38.8933,-77.0146,68300,"O'Connell, Franecki and Schmeler",11/17/2022
596,Merrily,Lansdale,mlansdalegj@ucoz.com,Female,2003,Ford,Taurus,Missoula,Montana,59806,US,47.116,-114.0498,93259,Bogan Inc,04/13/2024
597,Remy,Wibrew,rwibrewgk@wisc.edu,Bigender,2002,Ford,Focus,Orange,California,92867,US,33.811,-117.8493,65204,Ward-Koch,09/16/2024
598,Shay,Leirmonth,sleirmonthgl@wordpress.com,Male,2001,Chevrolet,Express 2500,Dallas,Texas,75205,US,32.826,-96.7843,42415,Haley Inc,09/05/2025
599,Krishnah,Welham,kwelhamgm@washington.edu,Male,2007,Aston Martin,DB9,El Paso,Texas,88589,US,31.6948,-106.3,65021,"Nicolas, Mosciski and Padberg",11/02/2022
600,Rebe,Klassmann,rklassmanngn@uol.com.br,Female,2013,Porsche,911,Philadelphia,Pennsylvania,19109,US,39.9496,-75.1637,50798,Fritsch Inc,06/15/2023
601,Karlotta,Cline,kclinego@sina.com.cn,Female,2011,MINI,Countryman,Columbia,Missouri,65218,US,38.9033,-92.1022,80058,Senger-Schowalter,01/22/2023
602,Gardie,Asbery,gasberygp@issuu.com,Male,1998,Lincoln,Navigator,Norfolk,Virginia,23509,US,36.8787,-76.2604,89606,Hayes Inc,07/18/2024
603,Clim,Daglish,cdaglishgq@topsy.com,Male,1992,Lincoln,Continental Mark VII,Las Vegas,Nevada,89125,US,36.2235,-115.2655,78827,"Schiller, Runte and Hills",01/13/2023
604,George,Rosendall,grosendallgr@skype.com,Male,1993,Isuzu,Rodeo,Washington,District of Columbia,20392,US,38.8933,-77.0146,61970,Shields Inc,09/08/2023
605,Correna,Pengilley,cpengilleygs@google.com,Female,2006,Chevrolet,Corvette,Pompano Beach,Florida,33069,US,26.2288,-80.1635,60594,Runolfsson-Hoeger,04/12/2024
606,Hillier,Assiratti,hassirattigt@nifty.com,Male,1997,Subaru,Legacy,Alexandria,Virginia,22309,US,38.7192,-77.1073,79567,Monahan-Turner,02/11/2024
607,Thorndike,Spier,tspiergu@washingtonpost.com,Male,2004,Jaguar,X-Type,New York City,New York,10125,US,40.7808,-73.9772,93865,Grimes-Fisher,11/30/2023
608,Daffi,Anten,dantengv@yelp.com,Female,1958,BMW,600,Erie,Pennsylvania,16534,US,42.1827,-80.0649,57727,"Streich, Fisher and Strosin",08/13/2023
609,Alasteir,Tirrey,atirreygw@artisteer.com,Male,1995,Toyota,Tacoma,Topeka,Kansas,66622,US,39.0429,-95.7697,38870,"Von, Luettgen and Bednar",03/11/2025
610,Duane,Allport,dallportgx@sfgate.com,Non-binary,1993,Mercury,Grand Marquis,Kansas City,Missouri,64144,US,39.2829,-94.409,61985,Green Inc,10/29/2023
611,Gram,Koppke,gkoppkegy@mayoclinic.com,Polygender,1989,Honda,Civic,Levittown,Pennsylvania,19058,US,40.3286,-75.1028,43675,"Champlin, Bosco and Koss",03/25/2024
612,Kendra,Eastman,keastmangz@nhs.uk,Female,2004,Volkswagen,GTI,Boston,Massachusetts,02298,US,42.3823,-71.0323,35437,Metz-Stroman,06/04/2024
613,Murray,Attwoul,mattwoulh0@businesswire.com,Male,1997,Lexus,ES,Mansfield,Ohio,44905,US,40.7779,-82.4613,84399,"Fay, Kuphal and Haag",11/17/2024
614,Normand,Revington,nrevingtonh1@sogou.com,Male,2008,Chevrolet,TrailBlazer,El Paso,Texas,79955,US,31.6948,-106.3,38532,Hodkiewicz-Kuphal,01/01/2026
615,Erek,Jirieck,ejirieckh2@issuu.com,Male,2004,Chevrolet,Impala,Louisville,Kentucky,40298,US,38.189,-85.6768,71746,Koepp Group,07/24/2023
616,Annadiane,Warlawe,awarlaweh3@histats.com,Female,1972,Citroën,SM,Washington,District of Columbia,20508,US,38.8933,-77.0146,86323,Hudson Group,08/09/2024
617,Michaela,Pidcock,mpidcockh4@ftc.gov,Female,2009,Toyota,RAV4,Sioux Falls,South Dakota,57188,US,43.6746,-96.7913,99932,Towne Group,11/08/2022
618,Josefina,Tellenbrook,jtellenbrookh5@meetup.com,Female,1993,Lotus,Esprit,Milwaukee,Wisconsin,53225,US,43.1154,-88.0346,79148,"Deckow, Schulist and Harvey",06/25/2023
619,Randal,McCambridge,rmccambridgeh6@google.com.hk,Male,1993,GMC,Vandura 3500,Raleigh,North Carolina,27626,US,35.7977,-78.6253,82018,Cormier-O'Conner,07/14/2025
620,Jo-anne,Adcock,jadcockh7@netvibes.com,Genderfluid,2012,Lamborghini,Gallardo,Buffalo,New York,14205,US,42.7684,-78.8871,38870,Gerhold-Funk,04/04/2023
621,Doloritas,Coney,dconeyh8@thetimes.co.uk,Female,1992,Audi,80,Washington,District of Columbia,20442,US,38.896,-77.0177,94958,O'Conner-Yundt,08/22/2022
622,Mickie,Thackwray,mthackwrayh9@sciencedaily.com,Male,1998,GMC,Safari,El Paso,Texas,79934,US,31.9386,-106.4073,43849,Carroll-Rosenbaum,11/26/2025
623,Denny,Wellard,dwellardha@vinaora.com,Male,2005,Hyundai,Tucson,Fullerton,California,92640,US,33.7862,-117.9309,64211,"Cremin, Tremblay and Olson",12/18/2022
624,Kaia,Twentyman,ktwentymanhb@imgur.com,Female,1994,Buick,Century,Des Moines,Iowa,50305,US,41.6727,-93.5722,95882,"Lowe, Von and Cummings",09/22/2024
625,Tobe,Duthy,tduthyhc@yahoo.com,Female,2011,Toyota,Sequoia,Tucson,Arizona,85732,US,32.0848,-110.7122,78158,Flatley LLC,06/27/2023
626,Sawyer,Mulvenna,smulvennahd@mtv.com,Male,2007,Lamborghini,Murciélago,Irvine,California,92710,US,33.7074,-117.8403,99212,Russel Group,07/14/2024
627,Merle,Hebblewaite,mhebblewaitehe@gov.uk,Female,1999,Buick,Riviera,Indianapolis,Indiana,46216,US,39.8647,-86.0136,56711,Ferry-Stoltenberg,04/23/2023
628,Delainey,Puddicombe,dpuddicombehf@4shared.com,Male,2008,Nissan,Maxima,Davenport,Iowa,52804,US,41.5386,-90.6115,66492,Zboncak Group,03/20/2022
629,Cortie,Form,cformhg@dropbox.com,Male,1995,Chevrolet,Astro,Pittsburgh,Pennsylvania,15250,US,40.4344,-80.0248,74971,Hammes-Veum,01/01/2024
630,Roseann,Petrescu,rpetrescuhh@google.nl,Female,1999,Infiniti,I,Canton,Ohio,44720,US,40.8956,-81.433,40563,Crooks-Rath,04/09/2022
631,Lay,Affuso,laffusohi@go.com,Genderfluid,1992,Chevrolet,Corsica,Van Nuys,California,91499,US,33.7866,-118.2987,40531,Little LLC,10/16/2025
632,Siward,Fumagallo,sfumagallohj@eventbrite.com,Male,2002,Mazda,Millenia,Gadsden,Alabama,35905,US,33.9352,-85.9576,32694,Hettinger Group,07/27/2025
633,Huntley,Chung,hchunghk@vkontakte.ru,Male,1998,GMC,Yukon,Trenton,New Jersey,08638,US,40.251,-74.7627,93330,Romaguera and Sons,05/16/2024
634,Barbaraanne,Ree,breehl@themeforest.net,Female,2010,Subaru,Impreza,Rochester,New York,14639,US,43.286,-77.6843,73463,Dickens Inc,03/08/2024
635,Marlee,Marshman,mmarshmanhm@facebook.com,Female,1997,Saab,9000,Memphis,Tennessee,38181,US,35.2017,-89.9715,86869,Tremblay and Sons,03/04/2023
636,Martelle,Logsdale,mlogsdalehn@bing.com,Female,1985,Mercedes-Benz,S-Class,Duluth,Minnesota,55811,US,46.8147,-92.1998,68050,"Larson, Yost and Huel",08/09/2024
637,Bonny,Francino,bfrancinoho@photobucket.com,Female,2009,Infiniti,M,Salt Lake City,Utah,84170,US,40.6681,-111.9083,73780,"Predovic, Kuhic and Grimes",03/18/2023
638,Lenee,Erridge,lerridgehp@chicagotribune.com,Female,2010,Lexus,HS,Dallas,Texas,75216,US,32.7086,-96.7955,37491,"Sipes, Ratke and Kunze",03/05/2024
639,Nealon,Elphinston,nelphinstonhq@ucoz.com,Male,1998,Lexus,LX,Apache Junction,Arizona,85219,US,33.3616,-111.2795,51732,Lind-Lueilwitz,07/19/2022
640,Hildagarde,Seals,hsealshr@squidoo.com,Female,1998,Volkswagen,Jetta,Orlando,Florida,32868,US,28.5663,-81.2608,48593,"Gusikowski, Brown and Dare",05/11/2024
641,Renaldo,Mickan,rmickanhs@ed.gov,Male,2006,BMW,3 Series,Vancouver,Washington,98682,US,45.6644,-122.5212,32344,"Corkery, Heidenreich and Renner",02/14/2022
642,Jerad,Serridge,jserridgeht@economist.com,Male,1964,Studebaker,Avanti,Oakland,California,94622,US,37.799,-122.2337,85283,Dare-Funk,03/28/2025
643,Don,Crammy,dcrammyhu@archive.org,Male,1992,Toyota,MR2,Pensacola,Florida,32595,US,30.6143,-87.2758,94338,Bashirian Inc,04/15/2023
644,Ronnica,Marmon,rmarmonhv@pen.io,Polygender,2007,Cadillac,Escalade,Washington,District of Columbia,20319,US,38.8667,-77.0166,47854,Dickens and Sons,07/28/2025
645,Val,Champion,vchampionhw@ed.gov,Male,1992,Buick,Roadmaster,Tucson,Arizona,85754,US,31.9701,-111.8907,32285,Johnson-Schuppe,02/14/2022
646,Shadow,Brasseur,sbrasseurhx@posterous.com,Male,2011,Dodge,Charger,Stamford,Connecticut,06912,US,41.3089,-73.3637,49944,"Ruecker, Bartoletti and Reichert",04/10/2024
647,Dayle,Gager,dgagerhy@sphinn.com,Female,2002,Cadillac,Escalade EXT,Rochester,New York,14619,US,43.1367,-77.6481,78399,Krajcik-Bailey,07/14/2024
648,Tomlin,Pasfield,tpasfieldhz@spiegel.de,Male,1999,Dodge,Ram Van 3500,Louisville,Kentucky,40215,US,38.1913,-85.7847,48427,Kessler Group,03/17/2022
649,Marve,Terrey,mterreyi0@hubpages.com,Male,2003,Saturn,VUE,San Diego,California,92160,US,33.0169,-116.846,40684,"Kiehn, Rippin and Conroy",12/03/2022
650,Forrester,Uvedale,fuvedalei1@slideshare.net,Male,2006,Dodge,Ram 1500,Norwalk,Connecticut,06859,US,41.3089,-73.3637,37413,Okuneva-Strosin,01/09/2025
651,Verne,Ber,vberi2@miitbeian.gov.cn,Male,1995,Volkswagen,GTI,Oklahoma City,Oklahoma,73142,US,35.599,-97.6251,75951,Stokes Group,04/14/2025
652,Glynnis,Ullett,gulletti3@1688.com,Female,2002,Pontiac,Grand Am,Lawrenceville,Georgia,30245,US,33.9464,-83.9912,30781,Lang-Dach,10/11/2023
653,Shanon,Presho,spreshoi4@cyberchimps.com,Female,2007,Lexus,LX,Washington,District of Columbia,20442,US,38.896,-77.0177,49932,O'Kon Group,03/11/2023
654,Tova,Tidey,ttideyi5@sciencedirect.com,Female,2004,Lexus,IS,El Paso,Texas,88558,US,31.6948,-106.3,33930,Bechtelar and Sons,05/05/2022
655,Elmore,Wyett,ewyetti6@craigslist.org,Male,2006,GMC,Yukon XL,Roanoke,Virginia,24024,US,37.2742,-79.9579,44393,"Rogahn, Wunsch and Beatty",06/24/2022
656,Albie,Farndell,afarndelli7@tinyurl.com,Male,2009,BMW,M5,Springfield,Illinois,62756,US,39.7495,-89.606,68043,Lindgren and Sons,10/04/2024
657,Ingelbert,Valenti,ivalentii8@wunderground.com,Male,1993,Mazda,MPV,Tucson,Arizona,85710,US,32.2138,-110.824,32954,"Mueller, Towne and Padberg",01/22/2024
658,Culley,Begley,cbegleyi9@pbs.org,Bigender,1993,Toyota,Celica,Champaign,Illinois,61825,US,40.1399,-88.1961,55145,Turcotte-Corkery,03/30/2023
659,Hal,Hulland,hhullandia@nationalgeographic.com,Male,2006,Volkswagen,Phaeton,Pompano Beach,Florida,33064,US,26.2785,-80.1157,74536,Ruecker-Maggio,02/25/2024
660,Bruis,Goodoune,bgoodouneib@desdev.cn,Male,2008,Suzuki,XL7,Frankfort,Kentucky,40618,US,38.2341,-84.8748,65611,Bartell Group,01/03/2024
661,Letta,Osbaldeston,losbaldestonic@wikimedia.org,Female,1994,Jeep,Grand Cherokee,San Diego,California,92127,US,33.0279,-117.0856,74849,Lueilwitz Group,03/25/2022
662,Helene,Risby,hrisbyid@nasa.gov,Female,1993,Chevrolet,Sportvan G30,Lawrenceville,Georgia,30245,US,33.9464,-83.9912,31669,Goodwin Inc,08/04/2022
663,Charleen,Hanstock,chanstockie@usa.gov,Female,1996,Chevrolet,G-Series 2500,Pittsburgh,Pennsylvania,15286,US,40.4344,-80.0248,39391,"Tillman, Vandervort and Johnson",02/15/2025
664,Giralda,Brotherton,gbrothertonif@nba.com,Female,2006,Infiniti,Q,Manchester,New Hampshire,03105,US,42.9521,-71.6539,81777,"Walter, Koelpin and Bogisich",08/05/2022
665,Dominique,Terrey,dterreyig@cdc.gov,Male,1990,Buick,Skylark,Salt Lake City,Utah,84170,US,40.6681,-111.9083,81337,Hoeger LLC,07/31/2024
666,Laird,Mohammad,lmohammadih@latimes.com,Male,2003,Pontiac,Vibe,Greenville,South Carolina,29615,US,34.8661,-82.3198,62692,Crooks and Sons,03/27/2024
667,Jaimie,Coulter,jcoulterii@vistaprint.com,Female,1996,Mitsubishi,Pajero,Columbus,Georgia,31904,US,32.5161,-84.9785,60809,Erdman Inc,08/04/2025
668,Yale,Heap,yheapij@cafepress.com,Male,1982,Chevrolet,Camaro,Cincinnati,Ohio,45999,US,39.1668,-84.5382,46616,"Collier, Okuneva and Walter",11/15/2025
669,Cosimo,Eich,ceichik@gmpg.org,Male,1991,Mazda,Familia,San Antonio,Texas,78240,US,29.5189,-98.6006,56124,Hauck-McCullough,10/07/2022
670,Courtney,Croci,ccrociil@miitbeian.gov.cn,Male,2009,Honda,Ridgeline,San Jose,California,95160,US,37.2187,-121.8601,63646,Bogan-Dickinson,11/19/2025
671,Zaccaria,Scneider,zscneiderim@wikia.com,Male,1992,Mitsubishi,GTO,Long Beach,California,90831,US,33.7678,-118.1994,67877,Trantow-Harvey,04/04/2022
672,Lawton,Pedgrift,lpedgriftin@columbia.edu,Male,1997,Dodge,Viper,Oklahoma City,Oklahoma,73167,US,35.5514,-97.4075,83979,Rohan-Schmitt,02/05/2024
673,Garrik,Renvoys,grenvoysio@cbslocal.com,Male,1969,Plymouth,Roadrunner,New York City,New York,10270,US,40.7069,-74.0082,39246,Kautzer-Ferry,03/30/2023
674,Chrisy,Giriardelli,cgiriardelliip@ucoz.com,Non-binary,1996,Mazda,MX-3,Cincinnati,Ohio,45238,US,39.1092,-84.6108,47891,Nitzsche Inc,02/07/2025
675,Rick,Cayser,rcayseriq@pagesperso-orange.fr,Male,2011,Infiniti,M,Tampa,Florida,33633,US,27.872,-82.4388,64616,Dickens LLC,07/22/2023
676,Kitty,Ballsdon,kballsdonir@aboutads.info,Female,2007,Chevrolet,Impala,San Jose,California,95150,US,37.3866,-121.897,65312,Kassulke Inc,12/25/2024
677,Johnathon,Wilkennson,jwilkennsonis@nature.com,Genderqueer,2004,Hummer,H2,Hartford,Connecticut,06183,US,41.7638,-72.673,47326,Greenholt LLC,06/18/2022
678,Fairleigh,Cow,fcowit@bing.com,Male,2000,Chrysler,Grand Voyager,New Orleans,Louisiana,70174,US,30.033,-89.8826,60551,Kassulke and Sons,09/13/2023
679,Celina,Orneles,cornelesiu@technorati.com,Female,2012,Toyota,Prius c,Albany,New York,12232,US,42.6149,-73.9708,40029,"Kutch, Gibson and Bogan",04/09/2022
680,Scarface,Aylen,sayleniv@rakuten.co.jp,Male,1975,Chevrolet,Monza,Kansas City,Missouri,64187,US,39.035,-94.3567,82873,Klein-Mann,10/19/2024
681,De,Falkus,dfalkusiw@prnewswire.com,Female,2009,Mazda,Mazda3,Atlanta,Georgia,31119,US,33.8913,-84.0746,89744,Rath-Vandervort,12/08/2024
682,Renaud,Shurey,rshureyix@ovh.net,Male,1991,Chevrolet,Caprice,Reno,Nevada,89595,US,40.5412,-119.5869,84501,"Mraz, Conroy and Metz",05/09/2024
683,Clem,Husk,chuskiy@goodreads.com,Female,1992,GMC,3500 Club Coupe,Newport News,Virginia,23605,US,37.0156,-76.4332,82162,"Schoen, Kub and Wuckert",01/17/2025
684,Jeniffer,Rawes,jrawesiz@theglobeandmail.com,Genderqueer,1995,Mercury,Sable,Alpharetta,Georgia,30022,US,34.0268,-84.2422,98482,"Howe, Blanda and Jones",10/01/2022
685,Bridie,Williamson,bwilliamsonj0@weather.com,Female,1997,Dodge,Ram Van 2500,Boca Raton,Florida,33487,US,26.4116,-80.0928,74946,"Adams, Kub and Ziemann",03/26/2024
686,Kasper,Outlaw,koutlawj1@guardian.co.uk,Male,1992,Porsche,911,Sacramento,California,94297,US,38.3774,-121.4444,69849,"Stroman, Shields and Pacocha",09/28/2025
687,Elsi,Coventon,ecoventonj2@si.edu,Female,2000,Lamborghini,Diablo,Topeka,Kansas,66622,US,39.0429,-95.7697,77290,Rodriguez-Upton,12/08/2025
688,De witt,Bloxsom,dbloxsomj3@multiply.com,Male,2005,Cadillac,Escalade EXT,Madison,Wisconsin,53785,US,43.0696,-89.4239,79588,Huel Group,08/08/2022
689,Adriana,Peers,apeersj4@uiuc.edu,Female,2011,Saab,9-5,Fresno,California,93750,US,36.7464,-119.6397,59454,"Stamm, Deckow and Emmerich",09/11/2023
690,Kissiah,Ottewill,kottewillj5@tripod.com,Female,2011,Mercury,Milan,Las Vegas,Nevada,89150,US,35.9279,-114.9721,88387,Terry Inc,03/21/2023
691,Leora,Spurdle,lspurdlej6@vimeo.com,Polygender,1997,Lexus,LS,Cincinnati,Ohio,45218,US,39.2663,-84.5221,55758,"Tremblay, O'Connell and Rath",04/10/2025
692,Josy,Rathbourne,jrathbournej7@washington.edu,Female,1992,Dodge,Dakota,Stockton,California,95205,US,37.9625,-121.2624,46424,Halvorson and Sons,03/19/2023
693,Ilysa,Shead,isheadj8@webs.com,Female,1992,Toyota,Camry,Atlanta,Georgia,30340,US,33.8932,-84.2539,82158,Heller Group,12/14/2022
694,Arlin,McAlpine,amcalpinej9@adobe.com,Male,1999,Buick,LeSabre,Shawnee Mission,Kansas,66215,US,38.949,-94.7405,45990,Ledner LLC,04/02/2025
695,Farrand,Figgs,ffiggsja@businesswire.com,Female,1992,Mercedes-Benz,400SE,Phoenix,Arizona,85030,US,33.2765,-112.1872,81811,Herzog-Krajcik,06/20/2022
696,Torr,Knott,tknottjb@phpbb.com,Male,1995,Honda,Accord,Phoenix,Arizona,85062,US,33.2765,-112.1872,70613,Borer-Harris,07/18/2023
697,Maurita,Haseley,mhaseleyjc@amazon.com,Female,2005,BMW,745,Houston,Texas,77095,US,29.8941,-95.6481,80648,"Satterfield, Dare and Upton",07/28/2025
698,Sawyer,Mullarkey,smullarkeyjd@harvard.edu,Male,1994,Acura,Integra,Atlanta,Georgia,30351,US,33.8444,-84.474,90699,Fay Group,03/16/2022
699,Ileana,Eadmeads,ieadmeadsje@tamu.edu,Female,2001,Isuzu,Rodeo Sport,Detroit,Michigan,48295,US,42.2399,-83.1508,98120,"Bernier, Halvorson and Schimmel",06/05/2023
700,Jared,Marchello,jmarchellojf@ow.ly,Male,1989,Maserati,Spyder,Nashville,Tennessee,37215,US,36.0986,-86.8219,48511,"Kuhn, Quigley and Douglas",06/24/2022
701,Erny,Millea,emilleajg@sciencedaily.com,Male,1996,Oldsmobile,88,Redwood City,California,94064,US,37.3811,-122.3348,51632,Mayert Group,08/08/2023
702,Jackqueline,Pietrasik,jpietrasikjh@google.cn,Female,1998,Lincoln,Mark VIII,Montgomery,Alabama,36134,US,32.2334,-86.2085,97860,"Kilback, Mann and Schroeder",04/05/2022
703,Kennie,Copson,kcopsonji@sfgate.com,Male,1999,Mitsubishi,Galant,Omaha,Nebraska,68197,US,41.249,-96.0274,84360,Crist-DuBuque,07/01/2023
704,Trudie,Scotfurth,tscotfurthjj@ebay.co.uk,Female,1992,Mercedes-Benz,600SEL,Naples,Florida,34102,US,26.134,-81.7953,42315,"Rogahn, Feil and Turner",12/25/2023
705,Fawn,Hanlon,fhanlonjk@bloomberg.com,Female,1997,BMW,5 Series,Omaha,Nebraska,68197,US,41.249,-96.0274,35406,Gleason Inc,06/12/2024
706,Miles,Tranter,mtranterjl@dailymotion.com,Male,1995,Chevrolet,Astro,Saint Paul,Minnesota,55172,US,45.0059,-93.1059,96315,Rempel-Keebler,11/28/2023
707,Shermie,Fallens,sfallensjm@prweb.com,Male,1996,Plymouth,Voyager,Bronx,New York,10459,US,40.8247,-73.894,72558,Mertz-Torp,01/06/2023
708,Jeno,Domino,jdominojn@shutterfly.com,Male,1996,GMC,Savana 2500,San Jose,California,95108,US,37.3378,-121.8908,84514,Reinger and Sons,05/17/2022
709,Isaiah,Haughan,ihaughanjo@ftc.gov,Male,1999,GMC,Safari,Detroit,Michigan,48206,US,42.3749,-83.1087,78856,Quitzon Inc,08/30/2024
710,Agace,Burnhams,aburnhamsjp@wikispaces.com,Female,1986,Suzuki,SJ 410,Mobile,Alabama,36605,US,30.6341,-88.0846,37474,"Gutmann, O'Conner and Schmeler",05/08/2023
711,Wendall,Panyer,wpanyerjq@ezinearticles.com,Male,2011,Land Rover,LR4,Minneapolis,Minnesota,55407,US,44.9378,-93.2545,79686,Brakus-Reynolds,07/07/2022
712,Russell,Gislebert,rgislebertjr@acquirethisname.com,Male,2011,Mitsubishi,Endeavor,West Palm Beach,Florida,33411,US,26.6644,-80.1741,61599,"Reilly, McKenzie and Hagenes",12/22/2025
713,Helaina,Hugk,hhugkjs@ihg.com,Female,2005,BMW,6 Series,Wilmington,Delaware,19892,US,39.5645,-75.597,78160,"Jakubowski, Yundt and Gorczany",11/19/2025
714,Nadiya,Sholem,nsholemjt@twitpic.com,Female,1996,Toyota,Avalon,Jacksonville,Florida,32215,US,30.2407,-81.893,99258,Hudson-Terry,10/27/2025
715,Bennett,Murfett,bmurfettju@arizona.edu,Male,1992,Chevrolet,G-Series G20,Columbus,Mississippi,39705,US,33.5508,-88.4865,87686,Bernhard-Jaskolski,03/26/2025
716,Rockwell,Burwood,rburwoodjv@wunderground.com,Male,1992,Mitsubishi,RVR,Beaverton,Oregon,97075,US,45.5486,-123.1147,80938,Nienow-Torphy,11/02/2023
717,Trueman,Crus,tcrusjw@ehow.com,Male,1993,Ford,Tempo,Richmond,Virginia,23289,US,37.5313,-77.4161,92171,Luettgen-Beatty,08/30/2025
718,Sam,Court,scourtjx@cloudflare.com,Female,2004,Saab,9-3,Tacoma,Washington,98411,US,47.0662,-122.1132,73134,Romaguera-Lang,04/09/2022
719,Ofilia,Jerzak,ojerzakjy@huffingtonpost.com,Female,1995,Geo,Tracker,Springfield,Illinois,62723,US,39.7495,-89.606,35317,Adams-Spinka,12/14/2025
720,Kathy,Gillespie,kgillespiejz@pinterest.com,Non-binary,2012,Volvo,S80,Tampa,Florida,33610,US,27.9951,-82.4046,82064,Schaefer Inc,01/21/2026
721,Raddie,M'Chirrie,rmchirriek0@epa.gov,Bigender,1984,Suzuki,SJ 410,Erie,Pennsylvania,16534,US,42.1827,-80.0649,60817,"Rogahn, Smitham and Kirlin",11/15/2025
722,Karna,Dawtre,kdawtrek1@ebay.co.uk,Female,1993,Ford,Thunderbird,Atlanta,Georgia,31136,US,33.7473,-84.3824,57873,Gerhold and Sons,03/20/2022
723,Austin,Ainslee,aainsleek2@walmart.com,Male,2006,Volvo,XC70,Bethesda,Maryland,20892,US,39.0024,-77.1034,36584,Wolf-Bergnaum,08/24/2025
724,Tate,Wybern,twybernk3@tinyurl.com,Female,2004,Holden,Monaro,Minneapolis,Minnesota,55412,US,45.0242,-93.302,47522,Wolff and Sons,08/06/2022
725,Carlynne,MacCaughey,cmaccaugheyk4@opera.com,Female,2003,Volvo,S80,Sacramento,California,95823,US,38.4797,-121.4438,94813,Bashirian LLC,09/19/2023
726,Maris,Loisi,mloisik5@huffingtonpost.com,Female,1998,GMC,Safari,New York City,New York,10280,US,40.7105,-74.0163,63103,"Keebler, Reichert and Mayert",10/18/2024
727,Friederike,Clifton,fcliftonk6@intel.com,Female,1990,Ford,Thunderbird,Tucson,Arizona,85705,US,32.2691,-110.9845,68157,Flatley-Bauch,01/26/2025
728,Terrijo,Riddiough,triddioughk7@cdbaby.com,Female,2000,Volvo,S80,Kansas City,Missouri,64130,US,39.0351,-94.5467,44972,"Sauer, Pfannerstill and Yost",11/02/2022
729,Stafani,Spenton,sspentonk8@youku.com,Female,2006,Toyota,Land Cruiser,Newark,New Jersey,07112,US,40.7107,-74.2131,47858,"Ortiz, Mueller and Sawayn",07/04/2022
730,Jessalin,Greenlies,jgreenliesk9@cornell.edu,Female,1981,Pontiac,Grand Prix,Lubbock,Texas,79410,US,33.5693,-101.8904,57043,Mohr-Waters,12/07/2022
731,Irena,Eudall,ieudallka@ft.com,Female,1992,Volvo,960,Seattle,Washington,98148,US,47.4441,-122.3249,58551,Cormier-Zulauf,11/18/2022
732,Hedvig,Hadaway,hhadawaykb@sogou.com,Female,2009,GMC,Yukon XL 1500,Springfield,Missouri,65898,US,37.1803,-93.2951,49611,"Oberbrunner, Reinger and Murray",05/27/2022
733,Kevina,Riach,kriachkc@nydailynews.com,Female,1993,Dodge,Ram Wagon B150,Boca Raton,Florida,33499,US,26.6459,-80.4303,99563,Emard-Weber,02/16/2023
734,Salomo,Amer,samerkd@fc2.com,Male,1994,Suzuki,Sidekick,San Bernardino,California,92410,US,34.1069,-117.2975,97512,Kozey LLC,10/18/2024
735,Tersina,Lippini,tlippinike@gravatar.com,Female,1981,Mercedes-Benz,W126,Harrisburg,Pennsylvania,17121,US,40.2944,-76.8938,81558,"Erdman, Lang and Kertzmann",04/10/2023
736,Serge,MacGowing,smacgowingkf@qq.com,Male,1999,Hyundai,Sonata,Washington,District of Columbia,20088,US,38.8933,-77.0146,96955,Paucek-Keeling,04/25/2022
737,Rutter,Cristea,rcristeakg@ox.ac.uk,Male,2006,Ford,GT,Houston,Texas,77288,US,29.834,-95.4342,88815,"Hermann, Boyle and Harvey",04/12/2024
738,Michael,Gouldie,mgouldiekh@slideshare.net,Male,1994,Mitsubishi,Precis,Orlando,Florida,32819,US,28.4522,-81.4678,30939,Von LLC,07/03/2025
739,Dorena,Fidelus,dfideluski@github.com,Female,2008,Isuzu,i-290,Salem,Oregon,97306,US,44.8685,-123.0438,69442,Hessel-Orn,05/03/2024
740,Paton,Slinn,pslinnkj@cdbaby.com,Male,2005,Ford,Ranger,Tampa,Florida,33620,US,28.06,-82.4079,72215,Waelchi and Sons,12/16/2024
741,Winnie,Grinnov,wgrinnovkk@fotki.com,Agender,1988,Mazda,626,Miami,Florida,33142,US,25.813,-80.232,61456,"Rippin, McKenzie and Stracke",03/30/2023
742,Meir,Dupree,mdupreekl@google.cn,Agender,2012,Chrysler,200,Las Vegas,Nevada,89145,US,36.1693,-115.2828,34931,Homenick and Sons,08/26/2024
743,Alvin,Coraini,acorainikm@youku.com,Male,1986,Mercury,Cougar,Saint Petersburg,Florida,33737,US,27.8918,-82.7248,65838,"Upton, Lakin and Mann",09/07/2025
744,Van,Huckster,vhucksterkn@cloudflare.com,Male,1970,Porsche,914,Los Angeles,California,90040,US,33.9909,-118.1532,71530,Lesch-Parker,05/02/2022
745,Bette,Sellstrom,bsellstromko@sitemeter.com,Female,1993,Mercedes-Benz,300SE,Springfield,Illinois,62764,US,39.7495,-89.606,79017,Purdy-Green,01/11/2025
746,Emerson,Harte,ehartekp@wikipedia.org,Male,2010,Land Rover,Freelander,Jackson,Mississippi,39204,US,32.2832,-90.2306,50122,"Braun, Howell and Moen",03/07/2022
747,Merrill,Pocknell,mpocknellkq@topsy.com,Female,2012,Lexus,HS,Monticello,Minnesota,55585,US,45.2009,-93.8881,78035,"Oberbrunner, Kuhn and Graham",12/22/2024
748,Colan,Treweek,ctreweekkr@nyu.edu,Male,1991,Suzuki,Sidekick,Tacoma,Washington,98464,US,47.0662,-122.1132,33188,"Cummerata, Lueilwitz and Jacobs",11/03/2025
749,Veronica,Mc-Kerley,vmckerleyks@bloglovin.com,Female,1997,Mercury,Grand Marquis,Danbury,Connecticut,06816,US,41.3089,-73.3637,50904,Hackett-Botsford,07/31/2022
750,Gregor,Talmadge,gtalmadgekt@upenn.edu,Male,1994,Nissan,Sentra,Topeka,Kansas,66622,US,39.0429,-95.7697,83965,"Blick, Cole and Rath",01/12/2026
751,Willie,Orrin,worrinku@mac.com,Female,1997,Ford,Crown Victoria,Carson City,Nevada,89714,US,39.1678,-119.7764,37953,Wehner-McCullough,12/18/2022
752,Carl,Cruise,ccruisekv@mit.edu,Male,1998,Chevrolet,S10,Sacramento,California,94257,US,38.3774,-121.4444,65642,Rolfson-Rolfson,11/16/2025
753,Parnell,Lugard,plugardkw@behance.net,Male,2006,Volvo,C70,Macon,Georgia,31210,US,32.8926,-83.7455,68039,Ferry-Bergstrom,07/04/2024
754,Michael,Shirt,mshirtkx@ifeng.com,Male,2011,Nissan,Frontier,Saint Paul,Minnesota,55172,US,45.0059,-93.1059,67037,"Thiel, Hills and Paucek",04/01/2023
755,Horacio,Buttress,hbuttressky@facebook.com,Male,1998,Chevrolet,G-Series 1500,Atlanta,Georgia,30358,US,33.9982,-84.3411,36386,McClure LLC,04/02/2024
756,Justinian,Brettel,jbrettelkz@stumbleupon.com,Male,2010,Dodge,Ram 2500,Gilbert,Arizona,85297,US,33.2781,-111.7096,93523,Nolan LLC,04/06/2022
757,Rosalinde,Carlyle,rcarlylel0@tinypic.com,Genderqueer,1994,Acura,Vigor,Sacramento,California,95838,US,38.6406,-121.444,96815,"Ratke, Kirlin and Williamson",01/21/2025
758,Eb,Riolfo,eriolfol1@ucoz.com,Male,2009,Mazda,RX-8,Washington,District of Columbia,56944,US,38.8952,-77.0365,75783,Pagac LLC,04/29/2025
759,Bartram,Cholwell,bcholwelll2@nih.gov,Male,1995,Subaru,Alcyone SVX,Las Vegas,Nevada,89166,US,36.3265,-115.3398,78479,Ratke-Kuphal,04/18/2025
760,Kelbee,Hudless,khudlessl3@pbs.org,Male,2008,Subaru,Legacy,Sioux Falls,South Dakota,57188,US,43.6746,-96.7913,47388,Koch Group,01/15/2025
761,Lay,Filippi,lfilippil4@eepurl.com,Male,2003,Mercedes-Benz,SL-Class,Alpharetta,Georgia,30022,US,34.0268,-84.2422,93196,Swift-Smith,02/14/2025
762,Vevay,Iskowitz,viskowitzl5@bbb.org,Female,2010,Nissan,Maxima,Harrisburg,Pennsylvania,17105,US,40.2785,-76.8752,82010,McGlynn-Klocko,01/20/2026
763,Adham,Di Carli,adicarlil6@linkedin.com,Male,1996,Jeep,Grand Cherokee,Kansas City,Missouri,64190,US,39.3432,-94.8516,74442,"Mueller, Lowe and Balistreri",04/30/2024
764,Theodoric,Blackbourn,tblackbournl7@reddit.com,Male,1996,Suzuki,Esteem,New York City,New York,10099,US,40.7808,-73.9772,68604,"Bogan, Jast and Wyman",11/17/2023
765,Giulia,Cleeves,gcleevesl8@harvard.edu,Female,1996,GMC,3500 Club Coupe,Shreveport,Louisiana,71137,US,32.6076,-93.7526,32483,Hessel-Smitham,08/13/2025
766,Corene,Godbald,cgodbaldl9@amazonaws.com,Female,2012,Chevrolet,Silverado 1500,Nashville,Tennessee,37215,US,36.0986,-86.8219,52198,Murazik Group,03/29/2024
767,Arleen,Fielding,afieldingla@people.com.cn,Female,1993,GMC,Vandura 1500,Fort Wayne,Indiana,46814,US,41.0456,-85.3058,61049,Farrell-Kirlin,01/22/2026
768,Clayton,Harrigan,charriganlb@kickstarter.com,Male,1992,Chevrolet,2500,London,Kentucky,40745,US,37.1376,-84.1156,89763,"O'Connell, Kuhn and Pollich",01/11/2024
769,Aidan,Pickthorn,apickthornlc@com.com,Female,2009,Hyundai,Tiburon,Chicago,Illinois,60691,US,41.8119,-87.6873,83833,Zboncak and Sons,01/26/2026
770,Renata,Rowbottom,rrowbottomld@virginia.edu,Female,2009,Toyota,Corolla,Laurel,Maryland,20709,US,38.8336,-76.8777,90477,"Harvey, Koelpin and Mueller",07/04/2023
771,Julee,Michelet,jmicheletle@facebook.com,Female,1968,Pontiac,Bonneville,Baltimore,Maryland,21290,US,39.2933,-76.6238,68290,"Funk, Grant and Schowalter",05/14/2024
772,Norry,Wann,nwannlf@ucoz.com,Male,2002,Suzuki,Esteem,Houston,Texas,77266,US,29.834,-95.4342,32511,Walker LLC,02/26/2025
773,Corrie,Hamlet,chamletlg@instagram.com,Female,2000,Buick,Park Avenue,Maple Plain,Minnesota,55572,US,45.0159,-93.4719,69376,Rogahn-Rogahn,02/27/2025
774,Lenore,Antonowicz,lantonowiczlh@163.com,Female,2011,BMW,7 Series,Pittsburgh,Pennsylvania,15240,US,40.4344,-80.0248,86096,"Kunde, Lakin and Hammes",01/30/2023
775,Annamaria,Clousley,aclousleyli@ucoz.ru,Female,2008,Mitsubishi,Galant,Nashville,Tennessee,37220,US,36.0641,-86.7697,47702,Veum-Stokes,07/16/2025
776,Leroy,Elwood,lelwoodlj@imageshack.us,Male,2011,Bugatti,Veyron,San Jose,California,95160,US,37.2187,-121.8601,59750,Abbott-Littel,01/19/2024
777,Tobiah,Gary,tgarylk@adobe.com,Male,1992,Lincoln,Continental,Northridge,California,91328,US,33.7866,-118.2987,98959,"Kutch, Rosenbaum and Swaniawski",10/18/2023
778,Gerome,Chandler,gchandlerll@prlog.org,Polygender,2007,Dodge,Charger,Seattle,Washington,98109,US,47.6339,-122.3476,70625,Hegmann-Vandervort,08/10/2022
779,Tobiah,Matlock,tmatlocklm@woothemes.com,Agender,2002,Pontiac,Grand Am,El Paso,Texas,79916,US,31.7444,-106.2879,65743,"Wiza, Moore and Wilkinson",03/18/2025
780,Brnaby,Bagnell,bbagnellln@hao123.com,Male,1995,Chrysler,LHS,Saint Petersburg,Florida,33742,US,27.8918,-82.7248,68793,"Stroman, Bashirian and Torphy",12/20/2023
781,Alfie,Ridings,aridingslo@dot.gov,Male,2009,Subaru,Legacy,Orange,California,92862,US,33.7915,-117.714,33829,"Gerhold, Emard and Weber",06/03/2023
782,Mirabelle,Lorne,mlornelp@theguardian.com,Female,1993,Acura,Legend,Buffalo,New York,14215,US,42.9335,-78.8115,47266,"Lowe, Ledner and Shanahan",07/15/2023
783,Gayle,Caldron,gcaldronlq@nhs.uk,Female,1995,Mitsubishi,Pajero,San Diego,California,92115,US,32.7607,-117.0721,77137,"Cormier, Jerde and Bradtke",03/02/2024
784,Emerson,Lancashire,elancashirelr@nationalgeographic.com,Male,2008,Ford,Explorer Sport Trac,Los Angeles,California,90076,US,33.7866,-118.2987,37130,Lesch-Robel,05/26/2025
785,Roselin,Granville,rgranvillels@scientificamerican.com,Female,1993,Ford,Bronco,Shawnee Mission,Kansas,66220,US,38.9613,-94.8222,47645,Purdy Group,05/01/2025
786,Trace,Gorton,tgortonlt@earthlink.net,Male,1996,Ford,Econoline E250,Los Angeles,California,90025,US,34.0447,-118.4487,50047,Abshire Group,07/11/2022
787,Carolus,Winship,cwinshiplu@freewebs.com,Male,2010,Land Rover,Freelander,Macon,Georgia,31217,US,32.8118,-83.565,41510,Rath-Wiegand,12/25/2022
788,Cynthia,Sporton,csportonlv@harvard.edu,Female,2008,Audi,A5,Birmingham,Alabama,35215,US,33.6493,-86.7057,80974,"Parker, Casper and Mertz",08/02/2023
789,Aguste,Melonby,amelonbylw@cmu.edu,Male,1992,Mazda,MX-5,Phoenix,Arizona,85072,US,33.2765,-112.1872,92340,Murray Group,12/16/2025
790,Delmor,Maccari,dmaccarilx@unicef.org,Genderfluid,2009,Audi,R8,Ventura,California,93005,US,34.0324,-119.1343,40438,Leuschke Group,09/17/2022
791,Thorin,Carlton,tcarltonly@examiner.com,Male,2002,Chevrolet,Cavalier,Lake Worth,Florida,33462,US,26.5747,-80.0794,33079,Rowe and Sons,04/15/2023
792,Mirna,Gever,mgeverlz@tinyurl.com,Female,1999,Oldsmobile,LSS,Macon,Georgia,31205,US,32.8067,-83.6913,74234,Huel Group,02/15/2023
793,Randi,Sands,rsandsm0@thetimes.co.uk,Female,2010,GMC,Yukon,Phoenix,Arizona,85030,US,33.2765,-112.1872,46439,Boyer Inc,11/12/2022
794,Cherise,Ashborne,cashbornem1@boston.com,Female,2005,Chrysler,PT Cruiser,Trenton,New Jersey,08603,US,40.2805,-74.712,60562,Kozey-Kutch,01/31/2022
795,Edie,Laugier,elaugierm2@java.com,Female,2009,Hummer,H2,Boise,Idaho,83705,US,43.5851,-116.2191,90921,"Koepp, Yost and Connelly",02/10/2025
796,Zsazsa,Keppie,zkeppiem3@yale.edu,Female,1966,Ford,Galaxie,Pittsburgh,Pennsylvania,15205,US,40.4322,-80.1021,65210,Schamberger and Sons,04/18/2025
797,Enriqueta,Merrell,emerrellm4@imageshack.us,Female,1996,Lotus,Esprit,Dayton,Ohio,45414,US,39.8285,-84.2024,95558,Wilkinson-Mohr,08/03/2023
798,Raquel,Tabb,rtabbm5@loc.gov,Female,1990,Mitsubishi,Truck,Buffalo,New York,14220,US,42.8441,-78.8182,42179,Conn-Sawayn,02/28/2022
799,Latia,Sowray,lsowraym6@joomla.org,Female,1997,Dodge,Ram Van 1500,Pittsburgh,Pennsylvania,15286,US,40.4344,-80.0248,79140,"Mraz, Rohan and Hermann",05/08/2024
800,Ira,Nicklin,inicklinm7@illinois.edu,Male,1997,Mazda,B-Series,Cleveland,Ohio,44197,US,41.6857,-81.6728,99737,"Kshlerin, Gibson and Kuhn",11/18/2025
801,Carlota,Sumers,csumersm8@shareasale.com,Female,2011,Kia,Forte,New Orleans,Louisiana,70187,US,30.033,-89.8826,48219,Mante LLC,10/07/2025
802,Wynnie,Marquand,wmarquandm9@github.com,Female,2005,Infiniti,G,Los Angeles,California,90071,US,34.0529,-118.2549,67229,"Mosciski, Lowe and Hudson",01/22/2024
803,Chantalle,Kitchingman,ckitchingmanma@latimes.com,Female,1987,Suzuki,SJ,Milwaukee,Wisconsin,53220,US,42.9559,-87.9933,90291,Kihn-Murazik,11/29/2023
804,Sterling,Siely,ssielymb@zdnet.com,Polygender,1994,Oldsmobile,98,Chicago,Illinois,60681,US,41.8119,-87.6873,77275,"Glover, Huel and Ullrich",04/14/2025
805,Zechariah,Eckery,zeckerymc@elpais.com,Male,2003,BMW,M3,Portland,Oregon,97216,US,45.5137,-122.5569,92602,"Weimann, Hammes and Hickle",12/22/2022
806,Hanson,Cordall,hcordallmd@ucoz.com,Male,1992,Mercedes-Benz,190E,Akron,Ohio,44321,US,41.1002,-81.6443,67614,Gerlach-Kutch,06/01/2023
807,Les,Matej,lmatejme@so-net.ne.jp,Polygender,1994,GMC,1500 Club Coupe,San Jose,California,95118,US,37.2568,-121.8896,78316,"Muller, Wilkinson and Spinka",03/28/2025
808,Margarette,Schimke,mschimkemf@shutterfly.com,Female,1996,Oldsmobile,98,Cleveland,Ohio,44118,US,41.5008,-81.5516,49986,Kihn LLC,06/05/2022
809,Sergeant,Lechmere,slechmeremg@newyorker.com,Male,2003,Mitsubishi,Lancer Evolution,Phoenix,Arizona,85045,US,33.3022,-112.1226,66332,Boehm-Jacobi,11/15/2023
810,Pacorro,Holborn,pholbornmh@wisc.edu,Male,2001,Lotus,Esprit,Cedar Rapids,Iowa,52405,US,41.9804,-91.7098,82770,McKenzie Group,04/23/2023
811,Isiahi,Gonnard,igonnardmi@typepad.com,Male,2001,Chevrolet,Silverado,Boca Raton,Florida,33487,US,26.4116,-80.0928,83371,Quigley-Morissette,05/07/2024
812,Caren,Ondrich,condrichmj@chron.com,Female,2003,Pontiac,Grand Prix,Raleigh,North Carolina,27626,US,35.7977,-78.6253,75452,"Metz, Satterfield and Rempel",06/09/2023
813,Jodie,Bugbird,jbugbirdmk@scientificamerican.com,Male,2009,Toyota,Tundra,Colorado Springs,Colorado,80995,US,38.8247,-104.562,86858,Hackett LLC,04/29/2023
814,Josi,Rochester,jrochesterml@admin.ch,Female,2005,Nissan,Titan,Greenville,South Carolina,29610,US,34.8497,-82.4538,96213,"Hammes, Satterfield and Hand",01/17/2024
815,Kala,Patton,kpattonmm@yelp.com,Female,1992,Mercedes-Benz,E-Class,Torrance,California,90510,US,33.7866,-118.2987,60619,"Haag, Cassin and Ullrich",09/16/2025
816,Gerrie,Plewman,gplewmanmn@arizona.edu,Male,2004,Mitsubishi,Montero,Washington,District of Columbia,20430,US,38.9164,-76.9948,33850,Gibson Inc,12/31/2023
817,Skipper,Aldrin,saldrinmo@free.fr,Male,2002,BMW,530,Topeka,Kansas,66642,US,39.0429,-95.7697,91773,Collier-Thiel,03/02/2022
818,Tobiah,Gaffon,tgaffonmp@prlog.org,Male,2003,Oldsmobile,Aurora,Washington,District of Columbia,20078,US,38.8933,-77.0146,95906,Roob Group,03/06/2022
819,Betsey,Lamburn,blamburnmq@bbb.org,Female,1995,Chevrolet,1500,Oklahoma City,Oklahoma,73104,US,35.4794,-97.5017,42419,Rodriguez Inc,04/01/2024
820,Dulciana,Darbon,ddarbonmr@ebay.co.uk,Genderqueer,2007,Saab,9-3,Madison,Wisconsin,53716,US,43.0631,-89.3133,38359,"Strosin, Howe and Ullrich",06/18/2024
821,Jase,Donn,jdonnms@ihg.com,Male,1993,Jeep,Cherokee,Dallas,Texas,75226,US,32.7887,-96.7676,58124,Rice Group,10/25/2025
822,Lemmie,Goodboddy,lgoodboddymt@state.tx.us,Male,1998,Acura,SLX,Trenton,New Jersey,08695,US,40.2805,-74.712,88410,Wisozk-Fahey,12/26/2022
823,Blair,Ambage,bambagemu@myspace.com,Non-binary,2010,Kia,Sedona,Dallas,Texas,75241,US,32.6722,-96.7774,72991,"Doyle, Block and McGlynn",02/26/2024
824,Chadwick,Stute,cstutemv@jugem.jp,Male,1992,GMC,2500 Club Coupe,Rockford,Illinois,61105,US,42.3254,-89.1705,49994,"McDermott, Steuber and Gislason",06/15/2025
825,Lacey,Price,lpricemw@vinaora.com,Female,2010,Honda,Pilot,Riverside,California,92519,US,33.7529,-116.0556,81061,Hyatt LLC,12/07/2023
826,Ruggiero,Chalfont,rchalfontmx@issuu.com,Male,2005,Land Rover,Discovery,Portland,Oregon,97216,US,45.5137,-122.5569,78923,Runolfsson Group,01/18/2024
827,Flore,Bratty,fbrattymy@google.fr,Female,2007,Foose,Hemisfear,North Hollywood,California,91616,US,33.7866,-118.2987,38999,Abbott-Sporer,12/27/2022
828,Judi,Onyon,jonyonmz@cbc.ca,Female,1996,Volkswagen,Jetta,Austin,Texas,78703,US,30.2907,-97.7648,54727,Tremblay Group,11/18/2023
829,Maurizia,Nitto,mnitton0@who.int,Female,1997,Oldsmobile,88,Santa Fe,New Mexico,87592,US,35.5212,-105.9818,52514,"Kuhlman, Cremin and Douglas",10/28/2025
830,Madonna,Speedin,mspeedinn1@ucoz.com,Female,2007,Maserati,Quattroporte,Albuquerque,New Mexico,87121,US,35.0512,-106.7269,34705,"Will, Breitenberg and Hessel",09/14/2023
831,Swen,Inett,sinettn2@wired.com,Male,2012,Infiniti,IPL G,Winston Salem,North Carolina,27105,US,36.144,-80.2376,55621,Satterfield-Kuphal,11/20/2023
832,Mattie,Aurelius,maureliusn3@wikimedia.org,Male,2006,Bentley,Arnage,Clearwater,Florida,34615,US,27.9843,-82.7813,43632,Goodwin and Sons,06/18/2025
833,Aldo,Fernando,afernandon4@creativecommons.org,Male,1994,Buick,Coachbuilder,Lafayette,Louisiana,70593,US,30.2081,-92.0951,96276,Williamson and Sons,09/06/2022
834,Cassondra,Eccles,cecclesn5@netscape.com,Female,2005,Suzuki,Aerio,Houston,Texas,77266,US,29.834,-95.4342,50356,"Abbott, Runolfsson and Veum",04/27/2023
835,Anselm,Jewks,ajewksn6@delicious.com,Male,2000,Hyundai,Accent,Washington,District of Columbia,20051,US,38.8933,-77.0146,43553,"Wyman, Koepp and Gibson",09/09/2025
836,Siward,Ganny,sgannyn7@sakura.ne.jp,Male,2007,Honda,Element,Colorado Springs,Colorado,80995,US,38.8247,-104.562,66582,"Green, Crona and Dooley",01/08/2025
837,Nollie,Kemsley,nkemsleyn8@icq.com,Male,2001,Infiniti,I,Juneau,Alaska,99812,US,58.3271,-134.4742,72206,Lockman-Crona,08/21/2024
838,Hugues,Haldane,hhaldanen9@pbs.org,Male,2001,Buick,Century,Las Vegas,Nevada,89166,US,36.3265,-115.3398,78272,Deckow-Sipes,05/13/2025
839,Benedetta,Wingatt,bwingattna@paginegialle.it,Female,2008,Toyota,Corolla,New Orleans,Louisiana,70183,US,29.6779,-90.0901,65114,Kulas-Koepp,12/30/2024
840,Garold,Bourchier,gbourchiernb@google.co.jp,Male,2012,Ford,E350,Jamaica,New York,11470,US,40.6914,-73.8061,37752,Kiehn-Kihn,05/05/2023
841,Zak,Southouse,zsouthousenc@sun.com,Male,2004,Nissan,Murano,Vero Beach,Florida,32964,US,27.709,-80.5726,75149,"Hudson, Kilback and Towne",08/24/2024
842,Sandro,Beentjes,sbeentjesnd@unesco.org,Male,2010,Mercedes-Benz,GL-Class,Cincinnati,Ohio,45228,US,39.0706,-84.4179,49251,Schinner-Reilly,12/24/2025
843,Letta,Hamflett,lhamflettne@linkedin.com,Female,2002,Mazda,B-Series,Farmington,Michigan,48335,US,42.4617,-83.4053,38882,Mayer and Sons,10/13/2023
844,Elna,Klyner,eklynernf@posterous.com,Female,1994,Mitsubishi,Precis,Fort Wayne,Indiana,46825,US,41.1465,-85.1232,60995,Koelpin Group,08/03/2025
845,Lynelle,Oby,lobyng@un.org,Female,2001,Ford,Th!nk,Atlanta,Georgia,30356,US,33.8913,-84.0746,40170,Littel-Donnelly,12/08/2024
846,Alf,Dorsett,adorsettnh@pinterest.com,Male,2000,Chevrolet,Impala,Tampa,Florida,33605,US,27.9671,-82.4334,83304,Pacocha-McGlynn,08/18/2022
847,Hillier,Christofides,hchristofidesni@globo.com,Male,2008,Chevrolet,Suburban,Saint Louis,Missouri,63131,US,38.6171,-90.4504,64297,Konopelski-Daniel,12/13/2024
848,Corbie,Cassie,ccassienj@jiathis.com,Male,1990,Buick,Regal,Salt Lake City,Utah,84199,US,40.7259,-111.9394,33551,Kuphal-Feeney,11/15/2024
849,Johnnie,Ughi,jughink@woothemes.com,Male,1999,Ford,Windstar,Colorado Springs,Colorado,80945,US,38.8247,-104.562,96630,Dibbert and Sons,01/13/2024
850,Rafael,Romushkin,rromushkinnl@is.gd,Male,2010,Chevrolet,Camaro,Columbia,Missouri,65211,US,38.9033,-92.1022,49539,"Shanahan, Kautzer and Ortiz",01/20/2023
851,Dodi,Siene,dsienenm@wisc.edu,Female,1954,Cadillac,Fleetwood,Sioux Falls,South Dakota,57193,US,43.6746,-96.7913,54760,"Green, Greenholt and Daugherty",12/12/2022
852,Daloris,Murrison,dmurrisonnn@usatoday.com,Genderqueer,2005,Suzuki,XL-7,Topeka,Kansas,66617,US,39.1271,-95.6384,84572,"McGlynn, Crist and Dickinson",07/11/2023
853,Camila,Edson,cedsonno@yahoo.co.jp,Female,1994,Chevrolet,Impala SS,Kansas City,Missouri,64114,US,38.9621,-94.5959,70450,"Crona, Raynor and Kerluke",07/08/2023
854,Dawn,Heaysman,dheaysmannp@zimbio.com,Female,1992,Lotus,Elan,Hamilton,Ohio,45020,US,39.441,-84.5757,68436,Carroll-Hermiston,05/25/2023
855,Karie,Carcass,kcarcassnq@1und1.de,Female,1999,Chrysler,300,Santa Fe,New Mexico,87505,US,35.6219,-105.8688,55246,White-Sauer,09/01/2022
856,Glenden,Shaefer,gshaefernr@squarespace.com,Polygender,2010,BMW,5 Series,Las Vegas,Nevada,89160,US,35.9279,-114.9721,95841,Kertzmann LLC,12/09/2023
857,Eldridge,Bengtsson,ebengtssonns@aboutads.info,Genderqueer,2010,Dodge,Ram 3500,Philadelphia,Pennsylvania,19093,US,40.0018,-75.1179,66144,Hammes-Ondricka,06/25/2024
858,Siffre,Crowley,scrowleynt@disqus.com,Male,2011,Hyundai,Veracruz,Springfield,Ohio,45505,US,39.9106,-83.7856,82345,Walker-Nicolas,05/13/2023
859,Merrick,Rawsthorne,mrawsthornenu@wix.com,Male,1994,Chevrolet,Cavalier,Iowa City,Iowa,52245,US,41.6649,-91.5151,33257,"Champlin, Farrell and Haag",05/29/2022
860,Kitty,Jiru,kjirunv@wunderground.com,Female,2007,Maserati,Quattroporte,Long Beach,California,90847,US,33.7866,-118.2987,41480,Nikolaus Group,10/22/2022
861,Gerardo,Duckers,gduckersnw@state.tx.us,Male,2005,Ford,Freestyle,Washington,District of Columbia,20397,US,38.9164,-76.9948,30526,Hirthe-Blick,06/25/2024
862,Jerrome,Abramow,jabramownx@blog.com,Male,1997,Pontiac,Bonneville,Knoxville,Tennessee,37995,US,35.9901,-83.9622,79478,Terry-Boehm,06/17/2025
863,Jinny,Higbin,jhigbinny@comcast.net,Female,2000,Mazda,626,San Francisco,California,94110,US,37.7509,-122.4153,96917,Prosacco-Graham,10/11/2022
864,Fons,Walkey,fwalkeynz@github.com,Male,2008,Audi,R8,Jackson,Mississippi,39210,US,32.3218,-90.1771,73973,Ward-Cruickshank,02/02/2025
865,Luigi,Offord,loffordo0@barnesandnoble.com,Male,2003,Hyundai,Santa Fe,Memphis,Tennessee,38197,US,35.2017,-89.9715,98436,Treutel LLC,09/25/2022
866,Rebekah,Forrestall,rforrestallo1@cmu.edu,Female,2012,Infiniti,G,Fort Lauderdale,Florida,33330,US,26.0663,-80.3339,93556,Ryan LLC,07/13/2024
867,Lance,Hunsworth,lhunswortho2@homestead.com,Male,2001,Kia,Rio,Corpus Christi,Texas,78410,US,27.8458,-97.596,37120,Ankunding and Sons,05/09/2023
868,Idaline,Jaquemar,ijaquemaro3@sogou.com,Female,2000,Plymouth,Breeze,Portland,Oregon,97240,US,45.5806,-122.3748,87330,"Balistreri, Marvin and Nicolas",09/05/2024
869,Dmitri,Girod,dgirodo4@moonfruit.com,Male,2001,Dodge,Dakota,Palmdale,California,93591,US,34.6019,-117.8123,61922,"Monahan, Schamberger and Quitzon",07/24/2022
870,Trudey,Berthomier,tberthomiero5@rambler.ru,Female,1968,Pontiac,Bonneville,Boise,Idaho,83705,US,43.5851,-116.2191,51420,Torphy LLC,06/30/2025
871,Andriana,Molan,amolano6@desdev.cn,Non-binary,2003,Oldsmobile,Aurora,Santa Rosa,California,95405,US,38.4386,-122.6727,72209,Goldner-Volkman,03/12/2023
872,Chrissy,Cars,ccarso7@marriott.com,Female,2002,Dodge,Caravan,Bridgeport,Connecticut,06606,US,41.2091,-73.2086,51797,"Walter, Adams and Schinner",05/27/2023
873,Zedekiah,Finnimore,zfinnimoreo8@ft.com,Male,2001,Hyundai,Santa Fe,Long Beach,California,90840,US,33.7843,-118.1157,61574,Hermiston-Feil,03/18/2024
874,Felisha,Labbe,flabbeo9@acquirethisname.com,Female,2011,Nissan,Sentra,New Orleans,Louisiana,70179,US,30.033,-89.8826,67446,Graham LLC,02/18/2022
875,Marve,Heinschke,mheinschkeoa@goo.ne.jp,Male,2009,Audi,S6,Oklahoma City,Oklahoma,73173,US,35.3425,-97.6317,50009,Stroman Group,10/01/2022
876,Celestia,Wittier,cwittierob@myspace.com,Female,1993,Oldsmobile,Cutlass Cruiser,Los Angeles,California,90015,US,34.0434,-118.2716,38768,Parisian-Satterfield,08/08/2023
877,Henka,Huckfield,hhuckfieldoc@naver.com,Female,1994,Acura,Vigor,Albuquerque,New Mexico,87201,US,35.0443,-106.6729,66106,"Reichert, Larson and Champlin",09/21/2024
878,Kelcie,Daniell,kdaniellod@google.ru,Female,2004,Pontiac,Grand Prix,Daytona Beach,Florida,32123,US,29.0227,-81.1722,51764,Cole-Kerluke,08/23/2023
879,Johnna,Banke,jbankeoe@patch.com,Female,2006,Cadillac,XLR,Honolulu,Hawaii,96810,US,21.3062,-157.8585,53764,Deckow and Sons,12/12/2025
880,Natividad,Mc Menamin,nmcmenaminof@wufoo.com,Female,2009,BMW,M5,Stockton,California,95298,US,37.9577,-121.2897,44086,Paucek LLC,07/20/2022
881,Briny,Reyburn,breyburnog@ycombinator.com,Female,1992,Geo,Tracker,Lincoln,Nebraska,68505,US,40.8247,-96.6252,53581,"Lakin, Harvey and Kessler",08/20/2024
882,Ellsworth,Clemmens,eclemmensoh@yahoo.com,Male,1998,Nissan,Pathfinder,Boston,Massachusetts,02163,US,42.3253,-71.1122,86534,"Bradtke, Hintz and Powlowski",07/30/2023
883,Bella,Derbyshire,bderbyshireoi@bbc.co.uk,Female,1980,Chevrolet,Citation,El Paso,Texas,88535,US,31.6948,-106.3,88908,Gerhold Inc,07/29/2024
884,Bourke,Schultes,bschultesoj@tuttocitta.it,Male,1996,Pontiac,Grand Am,Kansas City,Kansas,66105,US,39.085,-94.6356,54802,"Hammes, Kling and Dietrich",07/16/2024
885,Ardisj,Gallego,agallegook@ameblo.jp,Female,2005,Chevrolet,Blazer,Chicago,Illinois,60641,US,41.9453,-87.7474,42008,Bartell-Braun,06/27/2025
886,Sula,Veysey,sveyseyol@sbwire.com,Female,2001,Ford,Crown Victoria,Anderson,Indiana,46015,US,40.0938,-85.6578,36342,Lynch Group,03/26/2024
887,Nahum,Casemore,ncasemoreom@ihg.com,Male,1986,Mercedes-Benz,SL-Class,San Antonio,Texas,78265,US,29.4375,-98.4616,89233,Brekke Group,07/24/2024
888,Clareta,Driver,cdriveron@si.edu,Female,2011,Nissan,Armada,Odessa,Texas,79769,US,31.7466,-102.567,68610,Howe-Boehm,09/26/2023
889,Corene,Winter,cwinteroo@acquirethisname.com,Female,2001,GMC,Sierra 3500,Raleigh,North Carolina,27605,US,35.7908,-78.653,80286,O'Keefe Inc,01/04/2023
890,Nappy,Duffell,nduffellop@hatena.ne.jp,Male,2006,Saturn,Relay,Washington,District of Columbia,20420,US,38.9035,-77.0276,91963,"Bins, Kovacek and Johnson",09/04/2023
891,Brion,Meneyer,bmeneyeroq@home.pl,Male,2007,Bentley,Continental Flying Spur,Asheville,North Carolina,28805,US,35.6004,-82.4918,34164,Kertzmann Inc,06/24/2024
892,Emalia,Hymans,ehymansor@weibo.com,Non-binary,1998,Chevrolet,G-Series 2500,Gaithersburg,Maryland,20883,US,39.0883,-77.1568,99919,"Heidenreich, Schoen and Macejkovic",06/07/2025
893,Josi,Libbie,jlibbieos@home.pl,Female,1993,Dodge,Daytona,Philadelphia,Pennsylvania,19146,US,39.9379,-75.1794,48748,"Bogan, Purdy and West",07/25/2024
894,Loren,Riddich,lriddichot@odnoklassniki.ru,Female,2011,Mercedes-Benz,SLK-Class,Lehigh Acres,Florida,33972,US,26.6492,-81.6167,48518,Nitzsche Inc,07/06/2025
895,Birgit,Marr,bmarrou@wikipedia.org,Female,2008,Chevrolet,Silverado 3500,Tulsa,Oklahoma,74133,US,36.0467,-95.8841,75749,Robel Group,10/20/2025
896,Blancha,Shovell,bshovellov@usatoday.com,Female,1991,Honda,Accord,Oklahoma City,Oklahoma,73197,US,35.5514,-97.4075,91219,"Carter, Gorczany and Schaden",03/17/2025
897,Gladys,Isted,gistedow@hexun.com,Female,1992,Mercedes-Benz,W201,Saint Petersburg,Florida,33715,US,27.6705,-82.7119,92250,"Bogan, Stokes and Grimes",01/05/2023
898,Grantham,Terbruggen,gterbruggenox@bloglines.com,Male,1993,Ford,Probe,Tampa,Florida,33625,US,28.0726,-82.559,92568,"Upton, Wiza and Quigley",09/14/2023
899,Tory,Foote,tfooteoy@shareasale.com,Female,1987,Pontiac,Bonneville,New Orleans,Louisiana,70165,US,30.033,-89.8826,57313,"Christiansen, Barrows and Brakus",12/22/2024
900,Clari,Pilley,cpilleyoz@163.com,Female,1964,Pontiac,GTO,Peoria,Illinois,61614,US,40.7681,-89.6026,94889,"Crooks, Feil and Hammes",06/20/2023
901,Heywood,Girodin,hgirodinp0@foxnews.com,Male,1992,Buick,Regal,Memphis,Tennessee,38136,US,35.2017,-89.9715,83048,Pfeffer and Sons,04/01/2024
902,Rowland,McRannell,rmcrannellp1@topsy.com,Male,1991,Maserati,430,Anaheim,California,92805,US,33.8359,-117.9086,78161,Schoen-Hermann,09/30/2024
903,Hollis,Zanre,hzanrep2@independent.co.uk,Male,2007,Kia,Rondo,Oklahoma City,Oklahoma,73147,US,35.5514,-97.4075,63432,"Metz, Beer and Block",08/27/2022
904,Bord,Apark,baparkp3@technorati.com,Male,1961,Austin,Mini Cooper,Dayton,Ohio,45419,US,39.7155,-84.1637,54817,Satterfield and Sons,02/27/2024
905,Terrijo,Fulks,tfulksp4@chicagotribune.com,Female,1996,Nissan,200SX,Jacksonville,Florida,32236,US,30.3449,-81.6831,86292,Jacobs LLC,11/20/2024
906,Dominik,Blundan,dblundanp5@alexa.com,Agender,1984,Volkswagen,Quantum,New York City,New York,10203,US,40.7808,-73.9772,65018,Lueilwitz and Sons,01/19/2023
907,Marsiella,Foley,mfoleyp6@shareasale.com,Female,2007,Volkswagen,New Beetle,Gainesville,Georgia,30506,US,34.3562,-83.8882,81967,"Schumm, Howell and Borer",03/04/2025
908,Lawrence,Hallagan,lhallaganp7@prlog.org,Genderqueer,2003,Volvo,XC70,Toledo,Ohio,43610,US,41.6767,-83.5573,49068,Kunze LLC,07/11/2022
909,Clerc,Criag,ccriagp8@va.gov,Male,1984,Ford,F250,Fresno,California,93715,US,36.7464,-119.6397,43939,"Leffler, Koss and Nolan",04/29/2025
910,Isidro,Solesbury,isolesburyp9@cocolog-nifty.com,Male,2006,Mercedes-Benz,G-Class,Reston,Virginia,20195,US,38.8318,-77.2888,72904,Connelly Inc,10/24/2025
911,Hyacinth,Stood,hstoodpa@dell.com,Female,2008,Ford,E150,Simi Valley,California,93094,US,34.0324,-119.1343,70689,Kihn Inc,06/13/2023
912,Wendi,Pleasants,wpleasantspb@noaa.gov,Female,2000,Buick,Regal,Colorado Springs,Colorado,80935,US,38.8247,-104.562,57400,Konopelski Group,01/21/2023
913,Hermon,Neame,hneamepc@ucsd.edu,Male,1995,Volvo,940,Cleveland,Ohio,44118,US,41.5008,-81.5516,81671,"O'Reilly, Pollich and Leuschke",04/06/2023
914,Johanna,Killik,jkillikpd@homestead.com,Female,1984,Buick,Century,Glendale,California,91210,US,33.7866,-118.2987,74812,Purdy-Larson,04/16/2022
915,Marjie,Sankey,msankeype@japanpost.jp,Agender,2010,Kia,Rio,Albany,New York,12227,US,42.6149,-73.9708,98997,Corkery-Rowe,08/05/2025
916,Myra,Bottrell,mbottrellpf@furl.net,Female,2004,Ford,Windstar,Pompano Beach,Florida,33069,US,26.2288,-80.1635,96685,Johns LLC,09/03/2025
917,Lisette,Shackelton,lshackeltonpg@stanford.edu,Female,2003,Nissan,350Z,Syracuse,New York,13210,US,43.0354,-76.1282,37079,"Corwin, West and Simonis",11/09/2025
918,Cherrita,Burgett,cburgettph@wufoo.com,Female,2003,Hyundai,Santa Fe,Irvine,California,92612,US,33.6607,-117.8264,40698,Gibson LLC,01/10/2025
919,Ellen,Killoran,ekilloranpi@addtoany.com,Female,2010,Lexus,ES,Pinellas Park,Florida,34665,US,27.8402,-82.7125,60653,Hoppe-Jones,12/14/2023
920,Jarret,Naris,jnarispj@yale.edu,Male,1992,Isuzu,Trooper,Homestead,Florida,33034,US,25.2846,-80.6246,65667,Deckow LLC,07/01/2022
921,Reginald,Kleinzweig,rkleinzweigpk@irs.gov,Male,2002,BMW,M,Philadelphia,Pennsylvania,19131,US,39.9845,-75.2282,70122,Luettgen LLC,11/08/2023
922,Neille,McGillivray,nmcgillivraypl@shutterfly.com,Female,1999,Honda,Civic,Boise,Idaho,83757,US,43.4599,-116.244,32046,Green Inc,10/20/2023
923,Toiboid,Kupis,tkupispm@php.net,Male,1999,GMC,Suburban 1500,Washington,District of Columbia,20099,US,38.8933,-77.0146,64520,Waters-Swift,11/20/2022
924,Moe,Emanuelov,memanuelovpn@tinypic.com,Male,2011,Infiniti,IPL G,Jackson,Mississippi,39296,US,32.3113,-90.3972,42792,"O'Keefe, Leffler and Orn",08/14/2023
925,Goldarina,Chue,gchuepo@ftc.gov,Female,2002,Ford,Th!nk,Houston,Texas,77040,US,29.8744,-95.5278,85935,Stroman LLC,10/15/2022
926,Mill,Ruberry,mruberrypp@toplist.cz,Male,2000,Volkswagen,Jetta,Sioux Falls,South Dakota,57110,US,43.5486,-96.6332,81396,"Kihn, Hessel and Bode",04/11/2022
927,Madel,Scorer,mscorerpq@unc.edu,Female,1992,Ford,Aerostar,Reno,Nevada,89550,US,39.5387,-119.8225,88333,Boyle-O'Kon,08/19/2025
928,Carina,Van der Beken,cvanderbekenpr@prweb.com,Female,2001,Audi,A4,Oklahoma City,Oklahoma,73109,US,35.4259,-97.5261,48884,"Douglas, O'Reilly and Connelly",06/08/2023
929,Debora,Ghidotti,dghidottips@yelp.com,Female,2006,BMW,6 Series,Charleston,West Virginia,25356,US,38.2968,-81.5547,73485,"Hettinger, Wilderman and Hirthe",11/08/2025
930,Denise,Laird,dlairdpt@fda.gov,Female,2012,Mazda,CX-9,Savannah,Georgia,31422,US,31.9714,-81.0716,51387,Torphy Inc,10/14/2024
931,Langston,Hardes,lhardespu@cocolog-nifty.com,Bigender,2004,MINI,Cooper,Roanoke,Virginia,24009,US,37.2742,-79.9579,38028,Trantow Inc,11/12/2024
932,Sherilyn,Pears,spearspv@sfgate.com,Genderfluid,2009,Lincoln,MKZ,Racine,Wisconsin,53405,US,42.7161,-87.8233,38116,Bayer LLC,03/04/2023
933,Clarinda,Bretherick,cbretherickpw@state.tx.us,Female,2003,Kia,Optima,San Antonio,Texas,78260,US,29.7026,-98.4759,94325,Schneider Group,10/20/2023
934,Renard,Treweela,rtreweelapx@oakley.com,Male,2008,Land Rover,Discovery,Sacramento,California,95894,US,38.5816,-121.4933,65691,Reynolds-Predovic,12/03/2024
935,Lynnelle,Haldenby,lhaldenbypy@newsvine.com,Female,2008,Infiniti,G37,Chicago,Illinois,60652,US,41.7454,-87.7135,70523,Walker and Sons,01/04/2024
936,Corri,Champerlen,cchamperlenpz@earthlink.net,Female,1984,Mercury,Cougar,Scottsdale,Arizona,85260,US,33.6013,-111.8867,51557,Abbott Inc,09/03/2024
937,Elroy,Hurdle,ehurdleq0@stanford.edu,Male,2009,Cadillac,Escalade,Young America,Minnesota,55557,US,44.8055,-93.7665,81750,"Tillman, Sporer and Barton",01/16/2024
938,Tomlin,Barff,tbarffq1@technorati.com,Male,1994,Volkswagen,Corrado,Dallas,Texas,75265,US,32.7673,-96.7776,95400,Lind-Weber,12/18/2023
939,Curry,Sapseed,csapseedq2@china.com.cn,Male,1996,Toyota,Celica,Cheyenne,Wyoming,82007,US,41.1084,-104.8107,87252,Runolfsdottir-Morar,06/07/2023
940,Linet,Raubenheimers,lraubenheimersq3@multiply.com,Female,2010,Lotus,Exige,Lubbock,Texas,79405,US,33.571,-101.8507,72270,Rempel Group,06/07/2025
941,Rickard,Kynnd,rkynndq4@hubpages.com,Male,1999,Chrysler,300,New Orleans,Louisiana,70142,US,30.033,-89.8826,32491,Hills-Stiedemann,10/25/2024
942,Elyn,Killingback,ekillingbackq5@ovh.net,Non-binary,1997,Oldsmobile,Achieva,Southfield,Michigan,48076,US,42.4981,-83.2058,32933,Friesen-West,10/13/2024
943,Chrysa,Jordison,cjordisonq6@wunderground.com,Female,2007,Subaru,Tribeca,Jersey City,New Jersey,07310,US,40.7324,-74.0431,81888,Goodwin-Bednar,03/28/2025
944,Josie,Moulin,jmoulinq7@unesco.org,Female,1993,Mercedes-Benz,E-Class,Charlotte,North Carolina,28299,US,35.26,-80.8042,75755,"Cronin, Boyle and Hahn",09/26/2024
945,Tracie,Robjohns,trobjohnsq8@google.co.jp,Bigender,2001,Mercury,Villager,Saint Louis,Missouri,63136,US,38.7196,-90.27,75439,Muller-Hamill,01/27/2025
946,Ronnie,Canedo,rcanedoq9@mac.com,Male,1998,Land Rover,Range Rover,Akron,Ohio,44305,US,41.076,-81.4644,73137,Quitzon-Ziemann,12/08/2025
947,Rory,Bulteel,rbulteelqa@redcross.org,Male,1989,Mercury,Topaz,Arlington,Virginia,22225,US,38.8808,-77.113,93581,"Sanford, Gottlieb and Pouros",12/26/2025
948,Beaufort,Fawdrie,bfawdrieqb@cocolog-nifty.com,Male,1997,Lexus,LX,Kansas City,Missouri,64125,US,39.1042,-94.4923,58916,Turcotte-Little,10/29/2025
949,Alissa,Hought,ahoughtqc@columbia.edu,Bigender,1999,Honda,Civic,Brea,California,92822,US,33.9187,-117.8892,91376,Johns-Boyle,10/24/2024
950,Hastings,Flack,hflackqd@prweb.com,Male,2013,Audi,S4,Atlanta,Georgia,30311,US,33.723,-84.4702,65212,"Walsh, Weber and Romaguera",01/21/2024
951,Vincents,Jellman,vjellmanqe@google.co.uk,Male,2002,Chevrolet,Malibu,Boston,Massachusetts,02109,US,42.36,-71.0545,73835,Vandervort Group,08/12/2023
952,Valdemar,Steely,vsteelyqf@123-reg.co.uk,Male,2002,Toyota,Sequoia,Garden Grove,California,92844,US,33.7661,-117.9738,51755,Marvin LLC,11/07/2022
953,Rosa,Koppeck,rkoppeckqg@pcworld.com,Female,2009,Infiniti,EX,Chicago,Illinois,60641,US,41.9453,-87.7474,95328,Barrows Inc,11/19/2023
954,Shane,Dibnah,sdibnahqh@cnet.com,Genderfluid,1995,Toyota,Avalon,Metairie,Louisiana,70005,US,30.0005,-90.1331,65934,Cole Group,08/08/2022
955,Leandra,Kipping,lkippingqi@google.de,Female,2010,Ford,F350,Herndon,Virginia,22070,US,38.9776,-77.386,75214,Crist-Durgan,01/16/2024
956,Heda,MacNeillie,hmacneillieqj@sphinn.com,Female,1988,Pontiac,Fiero,Raleigh,North Carolina,27615,US,35.8887,-78.6393,50712,Emard Inc,09/19/2022
957,Timothy,Stanwix,tstanwixqk@reference.com,Male,2009,Lexus,IS F,Peoria,Illinois,61656,US,40.7442,-89.7184,86753,Braun LLC,06/04/2023
958,Colas,Thew,cthewql@livejournal.com,Male,1989,Volkswagen,Fox,Charlotte,North Carolina,28272,US,35.26,-80.8042,30284,Wolf LLC,01/01/2025
959,Marcy,Delahunty,mdelahuntyqm@drupal.org,Female,1987,Mercedes-Benz,S-Class,Sacramento,California,94230,US,38.3774,-121.4444,63000,"Bahringer, Reynolds and Deckow",05/31/2023
960,Nissa,Casebourne,ncasebourneqn@ocn.ne.jp,Female,1993,Mazda,MPV,Fort Lauderdale,Florida,33315,US,26.0989,-80.1541,32176,Leannon and Sons,03/03/2023
961,Nicolais,Lowensohn,nlowensohnqo@issuu.com,Male,1998,Mercury,Mountaineer,Atlanta,Georgia,30336,US,33.7406,-84.5545,47603,Nolan LLC,07/06/2024
962,Lanie,Kaveney,lkaveneyqp@flickr.com,Male,1992,Alfa Romeo,Spider,Tulsa,Oklahoma,74103,US,36.1539,-95.9954,99651,Moen and Sons,09/13/2022
963,Gwen,Smallsman,gsmallsmanqq@bloglovin.com,Female,2009,Honda,Accord,San Antonio,Texas,78255,US,29.6701,-98.6873,34221,Beahan LLC,05/22/2023
964,Martynne,Immer,mimmerqr@europa.eu,Female,2009,MINI,Cooper Clubman,Colorado Springs,Colorado,80995,US,38.8247,-104.562,88392,Jacobson Group,09/17/2024
965,Lowrance,Vagg,lvaggqs@whitehouse.gov,Male,1997,Mercury,Mystique,Springfield,Illinois,62723,US,39.7495,-89.606,64217,Lebsack-Roob,08/12/2024
966,Nicky,Jorgensen,njorgensenqt@cnbc.com,Female,1989,Mercury,Sable,Kansas City,Missouri,64144,US,39.2829,-94.409,36488,Baumbach Inc,02/23/2022
967,Christian,Sherrett,csherrettqu@wunderground.com,Male,2008,BMW,M6,El Paso,Texas,79911,US,31.8925,-106.5426,44999,Cole-Breitenberg,11/15/2025
968,Sutton,Ragge,sraggeqv@squarespace.com,Male,1988,Ford,Taurus,Indianapolis,Indiana,46278,US,39.8726,-86.2768,83364,"O'Kon, Bartoletti and Roberts",05/30/2024
969,Kelsi,Pickover,kpickoverqw@over-blog.com,Female,2012,Aston Martin,DBS,Fairbanks,Alaska,99709,US,64.8544,-147.8469,53198,Mayer-Gislason,10/20/2023
970,Luise,Mordaunt,lmordauntqx@google.cn,Female,2011,Subaru,Tribeca,Springfield,Illinois,62776,US,39.7495,-89.606,40879,Towne Group,02/10/2022
971,Laurence,Fish,lfishqy@list-manage.com,Male,1996,Buick,Roadmaster,Sarasota,Florida,34238,US,27.2427,-82.4751,30757,Carroll-Mosciski,12/18/2023
972,Sherri,Pryde,sprydeqz@stanford.edu,Female,2005,Volkswagen,Jetta,Tucson,Arizona,85710,US,32.2138,-110.824,48846,Von-Wisozk,11/18/2025
973,Gael,Scorey,gscoreyr0@1688.com,Male,1999,Mitsubishi,Montero,Dayton,Ohio,45490,US,39.7505,-84.2686,33583,Morissette-DuBuque,11/22/2024
974,Lawry,Drinkall,ldrinkallr1@jigsy.com,Male,1993,Mercury,Grand Marquis,New York City,New York,10175,US,40.7543,-73.9798,72954,Streich-Ward,06/26/2025
975,Jaime,Leadbeatter,jleadbeatterr2@independent.co.uk,Female,1997,Mercedes-Benz,SLK-Class,High Point,North Carolina,27264,US,36.0807,-80.0244,58724,Barrows-Heathcote,01/14/2023
976,Linnea,Ropert,lropertr3@slashdot.org,Polygender,2009,Land Rover,Freelander,Albany,New York,12237,US,42.6149,-73.9708,54384,Cummerata-Homenick,11/09/2022
977,Emogene,Boal,eboalr4@paypal.com,Female,1997,Dodge,Ram 3500 Club,Minneapolis,Minnesota,55412,US,45.0242,-93.302,91036,Torp Group,06/11/2025
978,Conchita,Rapi,crapir5@dion.ne.jp,Female,2008,Mazda,Mazda6,Brooklyn,New York,11231,US,40.6794,-74.0014,43075,Frami-Hintz,09/26/2024
979,Lynde,Golland,lgollandr6@cdc.gov,Female,2007,Honda,Fit,Mobile,Alabama,36616,US,30.671,-88.1267,93847,Conn-Lubowitz,04/24/2023
980,Chastity,McInility,cmcinilityr7@shinystat.com,Bigender,1995,Chrysler,LHS,Wichita,Kansas,67260,US,37.7194,-97.2936,75533,Windler and Sons,11/09/2022
981,Siward,Netherwood,snetherwoodr8@hibu.com,Male,2013,Hyundai,Equus,Richmond,California,94807,US,37.7772,-121.9554,61924,"Gerhold, Berge and Jenkins",03/13/2024
982,Preston,Mewis,pmewisr9@google.com.br,Male,2006,Buick,Terraza,Bloomington,Illinois,61709,US,40.4614,-88.953,89086,Mraz-Schumm,02/20/2025
983,Frederigo,Domesday,fdomesdayra@com.com,Male,1996,Chevrolet,Corvette,Tacoma,Washington,98481,US,47.0662,-122.1132,48263,"Larkin, Erdman and Reichel",03/30/2022
984,Edna,Izachik,eizachikrb@wsj.com,Female,1993,Honda,Prelude,Louisville,Kentucky,40225,US,38.189,-85.6768,58935,Schiller LLC,09/14/2023
985,Jeremiah,Kobes,jkobesrc@ning.com,Male,2002,Infiniti,Q,Washington,District of Columbia,20319,US,38.8667,-77.0166,92660,Hickle-Heaney,12/12/2025
986,Bryce,Kopp,bkopprd@msn.com,Male,1997,Volkswagen,Eurovan,Rochester,New York,14619,US,43.1367,-77.6481,86616,Hills Inc,09/21/2022
987,Gerhardine,Albutt,galbuttre@npr.org,Female,2001,Chevrolet,Monte Carlo,Greensboro,North Carolina,27425,US,36.0807,-80.0244,91365,Hyatt Group,06/20/2024
988,Alfredo,Wharfe,awharferf@cyberchimps.com,Male,2003,Maybach,62,Corpus Christi,Texas,78405,US,27.7762,-97.4271,58079,"Rice, McLaughlin and O'Connell",03/26/2024
989,Nerissa,Osburn,nosburnrg@unesco.org,Female,1989,Mercedes-Benz,SL-Class,New York City,New York,10004,US,40.6964,-74.0253,34278,"Dickinson, Pacocha and Stroman",10/16/2023
990,Luce,MacKimm,lmackimmrh@e-recht24.de,Genderqueer,1994,Ford,Econoline E250,Washington,District of Columbia,20073,US,38.897,-77.0251,97536,"Olson, Volkman and Sanford",08/23/2024
991,Gerrie,Sommerfeld,gsommerfeldri@earthlink.net,Male,1988,Porsche,924,Evansville,Indiana,47705,US,37.9971,-87.575,37122,"Gerhold, Haley and Oberbrunner",08/21/2025
992,Robert,Manuely,rmanuelyrj@addtoany.com,Male,2010,Chevrolet,Aveo,San Francisco,California,94154,US,37.7848,-122.7278,77808,Bartell-Torp,09/17/2023
993,Vernon,Kettlewell,vkettlewellrk@netvibes.com,Male,1994,Ford,Econoline E150,Springfield,Illinois,62756,US,39.7495,-89.606,85645,Rolfson-Ferry,07/29/2024
994,Adam,Rachuig,arachuigrl@ovh.net,Male,1967,Volkswagen,Beetle,El Paso,Texas,79905,US,31.7674,-106.4304,56982,Daugherty Inc,01/17/2025
995,Binni,Gosland,bgoslandrm@deliciousdays.com,Female,2009,Acura,RL,Topeka,Kansas,66606,US,39.0583,-95.7095,82051,Hilll and Sons,08/10/2025
996,Juline,Jopke,jjopkern@ehow.com,Female,1995,Plymouth,Neon,New York City,New York,10184,US,40.7808,-73.9772,98544,"Emard, Thiel and Larson",07/13/2022
997,Jemmy,O'Hanlon,johanlonro@google.es,Female,2009,Pontiac,G5,West Palm Beach,Florida,33421,US,26.6459,-80.4303,49888,"Dibbert, Langosh and Weissnat",07/07/2022
998,Gerry,Birchenough,gbirchenoughrp@nymag.com,Polygender,1999,Oldsmobile,Intrigue,Springfield,Massachusetts,01152,US,42.1707,-72.6048,56540,Rohan-Lynch,05/19/2023
999,Emanuele,Roderigo,eroderigorq@bluehost.com,Male,2000,Lotus,Esprit,Naples,Florida,34114,US,26.0143,-81.5856,85775,Smitham-Torp,01/25/2026
1000,Alaric,Bisterfeld,abisterfeldrr@surveymonkey.com,Male,1983,Pontiac,Grand Prix,Utica,New York,13505,US,43.0872,-75.2603,41595,Reichel-Johnston,01/02/2023
