id,firstName,lastName,email,gender,carYear,automobileMake,automobileModel,customerRegion,customerState,customerPostal,customerCountry_ISO2,customerRegionLatitude,ownerRegionLongitude,automobilePrice,customer,purchaseDate
1,Dunn,Tybalt,dtybalt0@clickbank.net,Male,1963,Chevrolet,Corvette,Saint Petersburg,Florida,33710,US,27.7898,-82.7243,44102,Franecki and Sons,07/09/2025
2,Carroll,Surgen,csurgen1@newyorker.com,Male,1989,Pontiac,Grand Am,Saint Paul,Minnesota,55123,US,44.806,-93.1409,63791,Nikolaus-Hoeger,06/25/2023
3,Sig,Thorbon,sthorbon2@wikispaces.com,Genderqueer,1985,Pontiac,Sunbird,Cincinnati,Ohio,45243,US,39.1848,-84.3448,41353,Runolfsson and Sons,12/14/2023
4,Eadie,Valentinetti,evalentinetti3@nbcnews.com,Agender,1995,Volvo,960,Baltimore,Maryland,21290,US,39.2933,-76.6238,64398,"Berge, Green and Barton",09/15/2024
5,Gregoor,Elmore,gelmore4@sciencedirect.com,Male,2012,Mercedes-Benz,Sprinter 2500,Pasadena,California,91125,US,33.7866,-118.2987,92035,Greenholt-Hahn,03/18/2023
6,Madelon,Cluett,mcluett5@dot.gov,Female,2006,Mazda,B-Series,San Bernardino,California,92415,US,34.84,-115.9671,53774,Rowe-Funk,03/01/2024
7,Olimpia,Musselwhite,omusselwhite6@g.co,Bigender,2001,Mitsubishi,Lancer,Daytona Beach,Florida,32128,US,29.0838,-81.0336,84903,Jacobi-Hagenes,11/27/2024
8,Hanna,Hanster,hhanster7@vimeo.com,Female,2011,BMW,X5 M,Cincinnati,Ohio,45249,US,39.2692,-84.3307,47045,Greenfelder Inc,06/13/2023
9,Cora,Boays,cboays8@qq.com,Female,2012,Mercedes-Benz,E-Class,Los Angeles,California,90020,US,34.0665,-118.3022,89076,Friesen LLC,08/20/2024
10,Hedwig,Rablen,hrablen9@gmpg.org,Female,1994,Alfa Romeo,Spider,Mountain View,California,94042,US,37.1894,-121.7053,96364,"Rolfson, Bins and Bartell",06/08/2025
11,Teena,Cleveley,tcleveleya@google.com.au,Genderqueer,2007,Infiniti,QX56,Palo Alto,California,94302,US,37.1894,-121.7053,49231,Purdy-Dicki,04/09/2022
12,Johnathan,Andreini,jandreinib@4shared.com,Male,2011,Lexus,ES,Gatesville,Texas,76598,US,31.3902,-97.7993,63788,Terry-Stoltenberg,06/24/2024
13,Hendrick,Toope,htoopec@ycombinator.com,Male,2013,Lexus,RX,Denver,Colorado,80299,US,39.7388,-104.4083,94837,"Breitenberg, O'Conner and Jacobs",06/30/2024
14,Gavan,Boscott,gboscottd@statcounter.com,Male,2011,Mercedes-Benz,C-Class,Washington,District of Columbia,20520,US,38.8932,-77.049,89210,"Miller, Padberg and Botsford",06/12/2023
15,Alicia,Liccardi,aliccardie@ucsd.edu,Female,1998,Oldsmobile,Achieva,Albany,New York,12242,US,42.6149,-73.9708,63179,Abshire and Sons,08/28/2024
16,Dacey,Queste,dquestef@hp.com,Female,2010,Toyota,Yaris,Des Moines,Iowa,50981,US,41.6727,-93.5722,49727,"Schimmel, D'Amore and Fay",05/05/2025
17,Jeno,Stuckes,jstuckesg@geocities.jp,Male,1984,Mitsubishi,Cordia,Nashville,Tennessee,37235,US,36.1866,-86.7852,67160,Nienow-Dietrich,06/27/2025
18,Augie,Morgen,amorgenh@columbia.edu,Male,1985,Mazda,RX-7,Salt Lake City,Utah,84115,US,40.7145,-111.8931,51784,Zemlak-Will,12/08/2023
19,Jade,Jamison,jjamisoni@yahoo.com,Female,1993,Cadillac,Allante,Staten Island,New York,10310,US,40.6324,-74.1172,45265,"Walter, Jacobson and Hauck",03/30/2024
20,Lacy,Lapides,llapidesj@dion.ne.jp,Female,2007,Ford,Five Hundred,Berkeley,California,94705,US,37.8571,-122.25,48921,Predovic and Sons,10/07/2023
21,Trevor,Faldoe,tfaldoek@ovh.net,Male,1987,Mitsubishi,Tredia,Sioux Falls,South Dakota,57193,US,43.6746,-96.7913,50503,Schmidt-Legros,12/27/2025
22,Natalee,Arenson,narensonl@tripadvisor.com,Female,1997,Dodge,Dakota Club,Atlanta,Georgia,31132,US,33.7488,-84.3883,97572,Paucek Group,08/04/2025
23,Dru,Cordery,dcorderym@seattletimes.com,Male,1992,Plymouth,Acclaim,Clearwater,Florida,33758,US,27.8918,-82.7248,75225,"Kiehn, Mayer and Kassulke",03/18/2024
24,Aluino,MacKimmie,amackimmien@behance.net,Male,1993,BMW,M5,San Diego,California,92176,US,33.0169,-116.846,74604,Bartell-Stamm,08/11/2022
25,Shae,Earland,searlando@vimeo.com,Male,2010,Aston Martin,DBS,Santa Fe,New Mexico,87592,US,35.5212,-105.9818,70373,"Cronin, Barton and Kunde",10/26/2025
26,Dael,Labitt,dlabittp@walmart.com,Male,2000,Lincoln,Continental,Saint Paul,Minnesota,55172,US,45.0059,-93.1059,61473,Romaguera Group,01/12/2025
27,Veronica,Dodshon,vdodshonq@zdnet.com,Female,2006,Chevrolet,Malibu,Denver,Colorado,80255,US,39.7388,-104.4083,69419,"Schmidt, D'Amore and Torphy",07/01/2024
28,Mickey,Rasmus,mrasmusr@multiply.com,Male,1986,Subaru,Leone,Sacramento,California,94286,US,38.3774,-121.4444,65350,Gerhold and Sons,07/25/2022
29,Rebeka,Stickings,rstickingss@mayoclinic.com,Female,1997,Ford,Windstar,Tucson,Arizona,85743,US,32.3366,-111.1771,67563,Steuber-Kutch,11/21/2023
30,Tersina,Barras,tbarrast@naver.com,Female,1997,Jaguar,XK Series,Omaha,Nebraska,68164,US,41.2955,-96.1008,51470,"Will, Hettinger and Dooley",08/24/2022
31,Heath,Gilbart,hgilbartu@topsy.com,Female,2009,Toyota,FJ Cruiser,Los Angeles,California,90055,US,33.7866,-118.2987,81981,"Bogisich, Prosacco and Miller",08/18/2023
32,Harrie,Flecknoe,hflecknoev@dyndns.org,Female,1995,Pontiac,Grand Prix,Sacramento,California,95838,US,38.6406,-121.444,36693,"Mills, Goodwin and Hessel",11/21/2024
33,Iggy,Ector,iectorw@weebly.com,Male,2010,Aston Martin,V8 Vantage,Sacramento,California,95833,US,38.6157,-121.5053,69583,"Leuschke, Rice and Cassin",08/28/2023
34,Melisande,Huerta,mhuertax@gravatar.com,Female,2007,Ford,GT500,Saint Petersburg,Florida,33705,US,27.7391,-82.6435,32364,Medhurst-Schroeder,08/09/2024
35,Emmerich,Pheasey,epheaseyy@goodreads.com,Male,2012,GMC,Sierra 1500,Saint Paul,Minnesota,55166,US,45.0059,-93.1059,41084,Huels-Hickle,11/18/2022
36,Stuart,Castana,scastanaz@360.cn,Male,1992,Chevrolet,3500,Fort Worth,Texas,76178,US,32.7714,-97.2915,70590,Mills-Crona,05/14/2025
37,Hillel,Crisp,hcrisp10@gravatar.com,Male,1994,Plymouth,Grand Voyager,Whittier,California,90605,US,33.9413,-118.0356,36927,Gusikowski LLC,05/03/2024
38,Allayne,MacIlurick,amacilurick11@bloglovin.com,Male,1992,Ford,Bronco,Fort Smith,Arkansas,72916,US,35.2502,-94.3703,50537,"Vandervort, Wolff and Bahringer",03/10/2022
39,Cynde,McDavid,cmcdavid12@cdbaby.com,Female,1996,Toyota,Tacoma,Pueblo,Colorado,81010,US,38.1286,-104.5523,64045,Krajcik Inc,12/31/2025
40,Major,Blanque,mblanque13@vistaprint.com,Bigender,2005,Volvo,V70,Tucson,Arizona,85732,US,32.0848,-110.7122,99932,Jast-Padberg,08/03/2024
41,Saxon,Spencers,sspencers14@spotify.com,Male,2004,Pontiac,GTO,Dallas,Texas,75392,US,32.7673,-96.7776,61741,"Mills, Corkery and Lakin",02/15/2022
42,Vickie,Dufer,vdufer15@trellian.com,Female,1999,Saab,9-3,Scottsdale,Arizona,85255,US,33.6968,-111.8892,64085,Weissnat Inc,03/03/2024
43,Barris,Aberdein,baberdein16@macromedia.com,Male,2003,Isuzu,Axiom,Peoria,Illinois,61635,US,40.7442,-89.7184,64377,Harber-Mitchell,06/08/2023
44,Wilona,Blind,wblind17@economist.com,Female,1994,Mercury,Topaz,Honolulu,Hawaii,96840,US,21.3068,-157.8607,46205,Pacocha Inc,06/06/2022
45,Odie,Coleyshaw,ocoleyshaw18@hp.com,Male,1999,Mercury,Grand Marquis,Berkeley,California,94705,US,37.8571,-122.25,59049,"Ullrich, Doyle and Kuhn",06/07/2025
46,Willie,Potkin,wpotkin19@com.com,Male,1998,GMC,Savana 1500,Tampa,Florida,33647,US,28.1147,-82.3678,82328,"Sawayn, Reynolds and Lowe",02/14/2022
47,Binny,Brouwer,bbrouwer1a@hatena.ne.jp,Female,2008,Bentley,Azure,Duluth,Minnesota,55811,US,46.8147,-92.1998,60157,Parisian Inc,04/25/2024
48,Desiree,Tregidga,dtregidga1b@tmall.com,Female,2011,Aston Martin,Vantage,Fort Pierce,Florida,34949,US,27.3896,-80.2615,31448,Robel and Sons,08/19/2022
49,Biddy,Brittle,bbrittle1c@jalbum.net,Female,1993,Acura,NSX,Brooklyn,New York,11247,US,40.6451,-73.945,49249,"Ferry, Keeling and Wiza",05/04/2025
50,Fernanda,Edgecombe,fedgecombe1d@patch.com,Female,2010,Scion,xD,Atlanta,Georgia,30356,US,33.8913,-84.0746,96851,"Rohan, Gusikowski and Jast",04/30/2022
51,Creighton,Spaduzza,cspaduzza1e@theatlantic.com,Male,1991,Audi,V8,Dallas,Texas,75310,US,32.7673,-96.7776,62157,Keebler-Nikolaus,10/21/2022
52,Simeon,Cammocke,scammocke1f@oracle.com,Male,2003,Volvo,V40,Washington,District of Columbia,20546,US,38.891,-77.0211,48310,Jakubowski Group,01/04/2023
53,Frazer,Suddock,fsuddock1g@deliciousdays.com,Male,2008,Chrysler,PT Cruiser,Jackson,Mississippi,39216,US,32.3386,-90.1708,60178,Langosh Group,03/18/2025
54,Derk,McGilvray,dmcgilvray1h@addthis.com,Male,1993,Plymouth,Colt,Missoula,Montana,59806,US,47.116,-114.0498,91563,Rutherford-Wuckert,12/27/2025
55,Freddie,Awcoate,fawcoate1i@quantcast.com,Female,2012,Honda,Insight,Chicago,Illinois,60657,US,41.9399,-87.6528,95308,Jast Group,08/08/2023
56,Deirdre,Emlyn,demlyn1j@dedecms.com,Female,2010,Lincoln,Navigator,Grand Junction,Colorado,81505,US,39.1071,-108.5968,51922,Dietrich Inc,08/10/2022
57,Ginelle,Dwight,gdwight1k@simplemachines.org,Female,1994,Mitsubishi,GTO,Washington,District of Columbia,20062,US,38.9,-77.0369,69527,"Dicki, Wisoky and Collier",11/20/2024
58,Davide,Fardy,dfardy1l@msn.com,Male,2012,BMW,M3,Des Moines,Iowa,50330,US,41.6727,-93.5722,88931,"Deckow, Larkin and Farrell",04/05/2024
59,Foster,Hinstridge,fhinstridge1m@deliciousdays.com,Male,2011,Honda,CR-V,Kansas City,Kansas,66105,US,39.085,-94.6356,92805,Quitzon Group,06/09/2022
60,Flinn,Lannon,flannon1n@rakuten.co.jp,Male,2002,Oldsmobile,Aurora,New Hyde Park,New York,11044,US,40.7548,-73.6018,71672,"Prosacco, Grimes and Nitzsche",08/03/2023
61,Xenos,Musico,xmusico1o@ycombinator.com,Male,1998,Mitsubishi,Montero Sport,Portland,Oregon,97286,US,45.5806,-122.3748,60864,Davis-Crist,12/02/2025
62,Ginger,Chilley,gchilley1p@google.com.hk,Male,1985,Porsche,944,Charleston,South Carolina,29411,US,32.8715,-79.9947,88148,"Becker, Harris and Kutch",11/01/2024
63,Valentia,Duling,vduling1q@cargocollective.com,Female,1986,Mercury,Grand Marquis,Oklahoma City,Oklahoma,73190,US,35.5514,-97.4075,52626,"Mosciski, Lemke and Dach",08/03/2024
64,Torrey,Renackowna,trenackowna1r@ocn.ne.jp,Male,1993,Nissan,300ZX,Warren,Michigan,48092,US,42.5125,-83.0643,82327,"Kunze, Fisher and Christiansen",03/23/2025
65,Ruby,Bradneck,rbradneck1s@nature.com,Female,1995,Cadillac,DeVille,Louisville,Kentucky,40293,US,38.189,-85.6768,67890,Bernier Group,02/25/2025
66,Seka,Sumers,ssumers1t@usa.gov,Female,2006,Chevrolet,TrailBlazer,Honolulu,Hawaii,96835,US,21.3278,-157.8294,71525,Gerlach and Sons,06/05/2022
67,Rorke,Dell Casa,rdellcasa1u@hud.gov,Agender,2009,Lotus,Elise,Long Beach,California,90840,US,33.7843,-118.1157,84226,Kuvalis-Gulgowski,04/17/2023
68,Natale,Duggan,nduggan1v@newyorker.com,Male,1994,Geo,Tracker,Hartford,Connecticut,06160,US,41.7665,-72.6933,86264,Langworth and Sons,12/08/2022
69,Weston,Woollcott,wwoollcott1w@livejournal.com,Male,2004,Dodge,Dakota,Trenton,New Jersey,08619,US,40.2418,-74.6962,84092,"Bechtelar, Sawayn and Prosacco",07/10/2025
70,Vick,Kinner,vkinner1x@deviantart.com,Male,2010,Ford,F-Series,Boston,Massachusetts,02208,US,42.3389,-70.9196,38740,"Barton, Hammes and Welch",09/15/2022
71,Sal,Ambrogioli,sambrogioli1y@parallels.com,Male,1993,Mazda,MPV,Saint Paul,Minnesota,55123,US,44.806,-93.1409,72183,Sanford-Murazik,09/24/2024
72,Brendon,Evers,bevers1z@salon.com,Male,2009,Dodge,Challenger,Savannah,Georgia,31416,US,32.0053,-81.0477,78602,Treutel-Daugherty,10/17/2024
73,Chelsey,Doogan,cdoogan20@trellian.com,Female,2010,Tesla,Roadster,Houston,Texas,77020,US,29.7758,-95.3121,68776,Buckridge and Sons,06/21/2023
74,Iver,Jessel,ijessel21@paypal.com,Male,1999,Pontiac,Firebird,Washington,District of Columbia,20088,US,38.8933,-77.0146,42440,Hermiston-Bogan,08/31/2023
75,Abner,Carous,acarous22@google.ca,Male,2007,Buick,LaCrosse,Columbus,Ohio,43284,US,39.969,-83.0114,50813,"Reinger, Toy and Wisozk",12/10/2023
76,Woodman,Lacknor,wlacknor23@patch.com,Male,2007,Ford,Focus,Saint Louis,Missouri,63116,US,38.5814,-90.2625,40963,Langosh LLC,08/13/2022
77,Goraud,Suttle,gsuttle24@mit.edu,Male,2001,Chevrolet,Prizm,Richmond,Virginia,23225,US,37.5158,-77.5047,72572,"Moore, Stoltenberg and Towne",10/27/2025
78,Aurore,Kunz,akunz25@marketwatch.com,Female,2006,Nissan,Pathfinder,Omaha,Nebraska,68134,US,41.2949,-96.0546,35310,Beier LLC,08/19/2025
79,Engracia,Sives,esives26@businessinsider.com,Female,1988,Mitsubishi,Tredia,Seattle,Washington,98195,US,47.6564,-122.3048,86778,King-Robel,11/30/2024
80,Daniele,Rouke,drouke27@oaic.gov.au,Female,1988,Buick,Regal,Charleston,South Carolina,29416,US,32.8488,-79.8577,31142,Grimes-Lubowitz,03/01/2024
81,Stanislas,Wagen,swagen28@alexa.com,Male,2000,Mitsubishi,Eclipse,Honolulu,Hawaii,96840,US,21.3068,-157.8607,74694,"Emard, Quigley and Hackett",11/18/2023
82,Tedman,Desorts,tdesorts29@imdb.com,Male,2005,Lexus,SC,Greenville,South Carolina,29615,US,34.8661,-82.3198,54260,"Crist, Kessler and Donnelly",08/24/2024
83,Tannie,Brittles,tbrittles2a@freewebs.com,Male,2001,Chevrolet,Tahoe,Cedar Rapids,Iowa,52405,US,41.9804,-91.7098,93228,Wiza-Kohler,12/27/2023
84,Ambros,Hawke,ahawke2b@geocities.com,Male,2006,Dodge,Ram 2500,Houston,Texas,77075,US,29.6223,-95.26,93304,"Leannon, Jacobi and Hartmann",08/12/2022
85,Jerrie,Gillbey,jgillbey2c@privacy.gov.au,Male,1995,Dodge,Ram 2500 Club,El Paso,Texas,88541,US,31.6948,-106.3,61494,Von and Sons,08/28/2025
86,Fair,Savile,fsavile2d@mediafire.com,Male,1997,Toyota,Celica,Santa Fe,New Mexico,87505,US,35.6219,-105.8688,81262,"Keebler, Conroy and Cartwright",09/01/2024
87,Wynny,Stanford,wstanford2e@patch.com,Female,2010,Acura,TSX,Miami,Florida,33180,US,25.9597,-80.1403,65839,Mante Group,04/24/2024
88,Connie,Stileman,cstileman2f@simplemachines.org,Male,2006,Saturn,VUE,Arlington,Virginia,22244,US,38.8545,-77.052,46770,"Greenholt, Reynolds and Conroy",07/09/2025
89,Monica,De Zuani,mdezuani2g@gizmodo.com,Female,2008,Audi,S6,Fullerton,California,92835,US,33.8994,-117.9063,34668,Kling Inc,03/21/2023
90,Carena,Wilgar,cwilgar2h@harvard.edu,Female,2012,Nissan,Leaf,Apache Junction,Arizona,85219,US,33.3616,-111.2795,87446,Mante-Stroman,04/16/2023
91,Bale,MacWilliam,bmacwilliam2i@sciencedirect.com,Male,2010,Nissan,Murano,Whittier,California,90605,US,33.9413,-118.0356,88206,McClure Group,02/25/2022
92,Ramsey,Yakovitch,ryakovitch2j@free.fr,Male,2012,Tesla,Roadster,Fort Worth,Texas,76178,US,32.7714,-97.2915,90205,Collier-Kilback,08/05/2023
93,Fielding,Esposito,fesposito2k@behance.net,Male,2007,Hyundai,Azera,Kalamazoo,Michigan,49048,US,42.3189,-85.5152,86951,Hammes LLC,08/16/2023
94,Terri,Musicka,tmusicka2l@amazon.co.jp,Female,1980,Ford,Mustang,Peoria,Illinois,61614,US,40.7681,-89.6026,55483,West-Stamm,04/30/2022
95,Dominica,Avey,davey2m@gizmodo.com,Female,2007,Maserati,Quattroporte,Clearwater,Florida,33758,US,27.8918,-82.7248,39900,"Hessel, Turcotte and Stanton",10/17/2023
96,Dal,Davidman,ddavidman2n@domainmarket.com,Male,1994,Oldsmobile,Achieva,Fort Wayne,Indiana,46852,US,41.0938,-85.0707,42363,Wintheiser-Rath,09/03/2023
97,Roderigo,Dineen,rdineen2o@nps.gov,Male,2009,Jeep,Grand Cherokee,Cambridge,Massachusetts,02142,US,42.362,-71.083,75583,Kohler-Batz,12/13/2023
98,Vladimir,Matovic,vmatovic2p@cbsnews.com,Male,2000,Dodge,Dakota,Orlando,Florida,32859,US,28.4429,-81.4026,90543,Stoltenberg-Schuster,11/11/2024
99,Shelbi,Prozescky,sprozescky2q@google.nl,Female,2011,Ford,Expedition,Lexington,Kentucky,40510,US,38.0702,-84.591,79503,"Kuphal, DuBuque and Ernser",10/04/2023
100,Brooks,McPhelimey,bmcphelimey2r@opera.com,Male,2008,Mazda,Tribute,Midland,Texas,79705,US,32.0295,-102.0915,71365,"Quigley, Kutch and Mraz",08/03/2022
101,Jeffry,Liston,jliston2s@last.fm,Male,1991,Ford,Thunderbird,Oakland,California,94605,US,37.7641,-122.1633,95193,Hessel-Cummings,02/17/2022
102,Amery,Grim,agrim2t@flickr.com,Male,1993,Audi,S4,Hyattsville,Maryland,20784,US,38.9513,-76.8958,82131,"Grimes, Prohaska and Brakus",04/16/2025
103,Magdalena,Hinchcliffe,mhinchcliffe2u@deliciousdays.com,Female,1960,Chevrolet,Corvette,Saint Louis,Missouri,63158,US,38.6531,-90.2435,68415,Dickens-Mills,06/17/2022
104,Ermina,Shadwick,eshadwick2v@wufoo.com,Female,1995,Volkswagen,Golf,Springfield,Virginia,22156,US,38.8318,-77.2888,51649,Jacobson Inc,10/09/2024
105,Currie,Veque,cveque2w@people.com.cn,Male,2001,Lamborghini,Diablo,Fresno,California,93773,US,36.7464,-119.6397,97437,"Rau, Smitham and Harvey",02/13/2022
106,Patrice,Powles,ppowles2x@unblog.fr,Male,2002,Jeep,Grand Cherokee,Jacksonville,Florida,32277,US,30.3704,-81.5864,79330,Lakin and Sons,08/12/2022
107,Siobhan,Rickards,srickards2y@yandex.ru,Female,2012,Infiniti,G25,New Orleans,Louisiana,70142,US,30.033,-89.8826,71607,"Zieme, Baumbach and Brekke",05/21/2024
108,Nolly,Sacco,nsacco2z@dailymail.co.uk,Male,1987,Lincoln,Continental Mark VII,Pensacola,Florida,32575,US,30.6143,-87.2758,45204,Berge-VonRueden,05/05/2022
109,Vin,de Clercq,vdeclercq30@irs.gov,Male,1994,Pontiac,Firefly,Charlotte,North Carolina,28225,US,35.26,-80.8042,89046,Cole-Jaskolski,06/12/2024
110,Ardis,Rihosek,arihosek31@foxnews.com,Female,2007,Hyundai,Accent,Rockford,Illinois,61105,US,42.3254,-89.1705,70007,Marquardt Inc,04/15/2022
111,Benji,Wyatt,bwyatt32@prweb.com,Male,2012,Cadillac,CTS,Pueblo,Colorado,81005,US,38.2352,-104.66,54147,Heaney Inc,08/26/2024
112,Tomasine,McGinty,tmcginty33@dell.com,Agender,2008,Jaguar,X-Type,Memphis,Tennessee,38181,US,35.2017,-89.9715,78698,"Harvey, Mayert and Muller",02/08/2022
113,Shadow,Rigmand,srigmand34@joomla.org,Male,1983,Honda,Accord,Fort Wayne,Indiana,46825,US,41.1465,-85.1232,57984,Harber-Kub,09/06/2024
114,Clint,Pisculli,cpisculli35@nih.gov,Male,1994,Subaru,Justy,Madison,Wisconsin,53705,US,43.073,-89.4528,34528,Orn-Cummings,09/15/2022
115,Forbes,Burnsell,fburnsell36@geocities.jp,Male,2001,Nissan,Pathfinder,Savannah,Georgia,31422,US,31.9714,-81.0716,43373,Upton-Hermiston,04/13/2025
116,Anthea,Bailes,abailes37@omniture.com,Female,2000,Mazda,B-Series Plus,Lexington,Kentucky,40515,US,37.9651,-84.4708,77801,Treutel LLC,07/27/2025
117,Sabine,Shelliday,sshelliday38@joomla.org,Female,2011,Mercedes-Benz,GLK-Class,Cleveland,Ohio,44191,US,41.6857,-81.6728,40698,"Tromp, Franecki and Gislason",10/25/2023
118,Lissie,Magog,lmagog39@miitbeian.gov.cn,Female,2012,Ford,Explorer,Philadelphia,Pennsylvania,19184,US,40.0018,-75.1179,53667,"Homenick, Donnelly and Kuhic",11/23/2025
119,Em,Rundall,erundall3a@nps.gov,Female,1989,Buick,Century,Dayton,Ohio,45470,US,39.7505,-84.2686,78772,Parker-Mohr,02/06/2024
120,Godwin,Duffyn,gduffyn3b@friendfeed.com,Male,2011,Lexus,LS,Chicago,Illinois,60697,US,41.8119,-87.6873,72330,"Daniel, Smith and McKenzie",04/20/2023
121,Archambault,Winship,awinship3c@people.com.cn,Genderfluid,1995,Infiniti,Q,Washington,District of Columbia,20062,US,38.9,-77.0369,92145,Schimmel Inc,01/12/2025
122,Bjorn,Kidman,bkidman3d@jigsy.com,Male,2010,Chevrolet,Camaro,Jefferson City,Missouri,65105,US,38.5309,-92.2493,31668,Ankunding-Schumm,12/12/2023
123,Rozanna,Arlet,rarlet3e@jimdo.com,Female,2011,Honda,Element,Orlando,Florida,32808,US,28.5803,-81.4396,50114,"Kerluke, Gutkowski and Walsh",01/07/2024
124,Isak,Borg-Bartolo,iborgbartolo3f@nih.gov,Male,1995,Toyota,Paseo,Sacramento,California,95828,US,38.4826,-121.4006,95274,"Marquardt, Hansen and O'Hara",04/02/2022
125,Dela,Scarsbrook,dscarsbrook3g@google.co.uk,Female,1994,Toyota,Camry,New Orleans,Louisiana,70187,US,30.033,-89.8826,63791,"Schroeder, Heidenreich and Gulgowski",02/16/2025
126,Bogey,Dybell,bdybell3h@apache.org,Male,1999,Mitsubishi,Challenger,New York City,New York,10150,US,40.7808,-73.9772,75143,Haley-Rosenbaum,04/12/2023
127,Gunner,Batchellor,gbatchellor3i@bravesites.com,Agender,1993,Chevrolet,Blazer,Washington,District of Columbia,20557,US,38.8874,-77.0047,52249,Herman Group,07/06/2025
128,Raymund,Grass,rgrass3j@cmu.edu,Male,1996,Honda,Prelude,Shreveport,Louisiana,71105,US,32.4589,-93.7143,73489,Kuvalis-Schmidt,02/25/2023
129,Cindelyn,Halvorsen,chalvorsen3k@oaic.gov.au,Female,1996,Dodge,Ram Van 3500,Grand Rapids,Michigan,49518,US,43.0314,-85.5503,49760,Crist LLC,06/07/2024
130,Brooke,Cheverton,bcheverton3l@bloomberg.com,Male,1994,Plymouth,Sundance,Greensboro,North Carolina,27455,US,36.1824,-79.806,81076,"Quitzon, Farrell and Senger",02/15/2022
131,Loren,Daye,ldaye3m@arstechnica.com,Female,2004,Volvo,S60,Los Angeles,California,90045,US,33.9631,-118.3941,77544,Daniel-Hudson,12/17/2023
132,Merv,D'Enrico,mdenrico3n@php.net,Male,1996,Ford,Aspire,Miami,Florida,33147,US,25.8507,-80.2366,91759,"Kautzer, Ernser and Connelly",07/06/2022
133,Chandra,Colum,ccolum3o@harvard.edu,Female,1988,Volkswagen,Type 2,Atlanta,Georgia,30392,US,33.8444,-84.474,52699,"Lakin, Beer and Keebler",10/27/2025
134,Amelie,Bould,abould3p@soup.io,Female,1994,Ford,Aerostar,Washington,District of Columbia,20397,US,38.9164,-76.9948,71345,McLaughlin-Jaskolski,06/18/2024
135,Harlin,Pencot,hpencot3q@fda.gov,Male,2010,BMW,6 Series,Honolulu,Hawaii,96840,US,21.3068,-157.8607,73483,Parker-Goodwin,09/03/2022
136,Jasun,Orsi,jorsi3r@oaic.gov.au,Male,2005,Porsche,Cayenne,Minneapolis,Minnesota,55480,US,45.0159,-93.4719,86605,"Lehner, Pfeffer and Sporer",08/30/2024
137,Morlee,Clamp,mclamp3s@google.co.jp,Male,1984,Porsche,944,Fort Wayne,Indiana,46867,US,41.0938,-85.0707,43282,Waelchi and Sons,11/08/2025
138,Reg,Wey,rwey3t@blinklist.com,Male,2005,Jaguar,S-Type,New York City,New York,10014,US,40.7339,-74.0054,41991,West-Fritsch,03/17/2024
139,Richardo,Piburn,rpiburn3u@surveymonkey.com,Male,2012,Ferrari,458 Italia,Kansas City,Missouri,64160,US,39.2829,-94.409,30858,"Considine, Hilpert and Keeling",05/28/2024
140,Quintus,Druery,qdruery3v@lycos.com,Male,1989,Mitsubishi,Mirage,Santa Monica,California,90405,US,34.01,-118.4717,90793,"Christiansen, Kris and Medhurst",10/15/2022
141,Bibbie,Kobpal,bkobpal3w@1und1.de,Female,1992,Saab,900,Sacramento,California,95828,US,38.4826,-121.4006,45139,Kuvalis-Waters,04/20/2023
142,Lindsay,Mc Curlye,lmccurlye3x@admin.ch,Female,1998,Lexus,LS,Montgomery,Alabama,36109,US,32.3834,-86.2434,67165,"Oberbrunner, Greenholt and Harris",01/08/2024
143,Hashim,Saile,hsaile3y@vkontakte.ru,Male,2010,Hyundai,Tucson,Temple,Texas,76505,US,31.0363,-97.492,80797,"Langworth, Douglas and Bruen",07/08/2023
144,Dun,Lotze,dlotze3z@prlog.org,Male,1992,Volkswagen,Corrado,Peoria,Illinois,61629,US,40.692,-89.5887,52734,Swaniawski-Treutel,04/17/2024
145,Pansy,Brogioni,pbrogioni40@google.it,Female,2004,Buick,Rainier,Gainesville,Florida,32605,US,29.6785,-82.3679,86931,Wuckert and Sons,05/01/2024
146,Bobine,Soar,bsoar41@geocities.com,Female,2004,Isuzu,Ascender,Minneapolis,Minnesota,55441,US,45.0058,-93.4193,79242,"Borer, Robel and Stokes",01/16/2024
147,Salomo,Shovelin,sshovelin42@4shared.com,Male,1999,Chrysler,Sebring,Duluth,Minnesota,55805,US,46.7987,-92.0946,52171,Gutkowski Inc,09/29/2022
148,Ashleigh,Rickaert,arickaert43@dmoz.org,Female,1998,Chrysler,Cirrus,Buffalo,New York,14263,US,42.7684,-78.8871,54216,Hackett Inc,09/14/2024
149,Kelsey,Wedlock,kwedlock44@hao123.com,Female,2008,Toyota,TundraMax,Richmond,Virginia,23220,US,37.5498,-77.4588,96086,McCullough Group,02/14/2024
150,Mareah,Attride,mattride45@ebay.co.uk,Female,2001,Acura,TL,Dayton,Ohio,45403,US,39.7617,-84.1498,74724,Kemmer-Cummings,05/07/2024
151,Louella,O'Caherny,locaherny46@tinyurl.com,Female,2010,Bentley,Continental GT,Fort Wayne,Indiana,46825,US,41.1465,-85.1232,75254,"Macejkovic, Marks and Senger",12/08/2022
152,Saunderson,Pady,spady47@addtoany.com,Male,1998,Honda,Prelude,Evansville,Indiana,47737,US,37.9971,-87.575,46776,Schimmel and Sons,09/07/2023
153,Erin,Brazel,ebrazel48@amazonaws.com,Polygender,1993,Mercedes-Benz,S-Class,Mansfield,Ohio,44905,US,40.7779,-82.4613,60400,Considine-Grady,05/05/2024
154,Rayna,Brafield,rbrafield49@marketwatch.com,Female,1989,Volkswagen,Type 2,Eugene,Oregon,97405,US,44.0185,-123.0998,40084,Effertz Inc,05/23/2025
155,Ulrika,Pearlman,upearlman4a@symantec.com,Female,1999,Buick,Regal,Oklahoma City,Oklahoma,73124,US,35.5514,-97.4075,57342,Turner Inc,02/21/2024
156,Cosetta,Taleworth,ctaleworth4b@stumbleupon.com,Female,2012,Chevrolet,Volt,Spokane,Washington,99252,US,47.6536,-117.4317,94601,Gorczany-Jast,06/01/2025
157,Mar,Backes,mbackes4c@barnesandnoble.com,Male,1985,Mitsubishi,Mirage,Huntington,West Virginia,25770,US,38.4134,-82.2774,36755,Oberbrunner Inc,04/15/2023
158,Orton,Muldrew,omuldrew4d@dion.ne.jp,Male,2009,Maybach,57,Young America,Minnesota,55573,US,45.0159,-93.4719,88129,"Jones, Kerluke and Kirlin",01/30/2025
159,Lilly,Coats,lcoats4e@wufoo.com,Female,1994,Oldsmobile,Cutlass Supreme,Chicago,Illinois,60630,US,41.9699,-87.7603,94591,"Koss, Kutch and Emard",09/14/2024
160,Aubree,Wickey,awickey4f@livejournal.com,Female,2012,MINI,Clubman,Bradenton,Florida,34210,US,27.4544,-82.6358,64595,Rowe Inc,03/17/2025
161,Brook,Tunbridge,btunbridge4g@diigo.com,Male,2007,Panoz,Esperante,Arlington,Virginia,22234,US,38.8808,-77.113,71500,"Murazik, Purdy and Baumbach",10/27/2024
162,Kin,Shillom,kshillom4h@ycombinator.com,Male,1991,Mazda,MPV,Topeka,Kansas,66699,US,39.0429,-95.7697,43452,"Franecki, Barton and Gutmann",10/08/2024
163,Rosa,Tolotti,rtolotti4i@bbb.org,Female,1990,Mitsubishi,Precis,New York City,New York,10275,US,40.7808,-73.9772,87512,Crona and Sons,01/19/2026
164,Hephzibah,Bulcroft,hbulcroft4j@amazon.com,Female,2004,Infiniti,QX,Miami,Florida,33180,US,25.9597,-80.1403,72145,"Buckridge, Satterfield and Heller",02/06/2024
165,Pansie,Vasin,pvasin4k@elegantthemes.com,Female,2000,Toyota,Tacoma Xtra,Los Angeles,California,90005,US,34.0585,-118.3012,74665,"Bogan, Marquardt and Cronin",12/15/2024
166,Hasty,Dockrill,hdockrill4l@xinhuanet.com,Male,2005,Toyota,Prius,Troy,Michigan,48098,US,42.5991,-83.1789,42642,"Bauch, Durgan and Cassin",05/02/2024
167,Leeland,Godball,lgodball4m@yahoo.com,Male,2001,Oldsmobile,Aurora,Santa Ana,California,92705,US,33.754,-117.7919,52158,Kirlin-Strosin,10/10/2025
168,Coop,Mityushin,cmityushin4n@skyrock.com,Male,1998,Volvo,V90,New York City,New York,10125,US,40.7808,-73.9772,36266,Ankunding Inc,11/17/2023
169,Aggi,Castellino,acastellino4o@blog.com,Female,1988,Chevrolet,Corvette,El Paso,Texas,79989,US,31.6948,-106.3,61339,Halvorson Inc,01/18/2023
170,Thorstein,Claughton,tclaughton4p@wix.com,Male,2006,Nissan,350Z,New Haven,Connecticut,06520,US,41.3657,-72.9275,32612,"Weimann, Hudson and Stokes",12/30/2022
171,Virgie,MacNeilage,vmacneilage4q@odnoklassniki.ru,Female,2006,Toyota,RAV4,New Orleans,Louisiana,70183,US,29.6779,-90.0901,49144,Donnelly-Gottlieb,02/27/2023
172,Seumas,Littell,slittell4r@biglobe.ne.jp,Male,2011,Volvo,S60,Roanoke,Virginia,24020,US,37.3589,-79.9448,84202,"Schowalter, Dare and Wintheiser",01/30/2022
173,Annamarie,Poltone,apoltone4s@google.cn,Female,1994,Ford,Econoline E150,Los Angeles,California,90087,US,33.7866,-118.2987,82511,Boyle-Keebler,10/13/2024
174,Johann,Dockwra,jdockwra4t@vk.com,Male,1998,Volkswagen,Passat,Charlotte,North Carolina,28289,US,35.26,-80.8042,60182,"Hackett, Fahey and Price",10/05/2025
175,Brier,Coathup,bcoathup4u@opensource.org,Non-binary,1985,Maserati,Quattroporte,Dallas,Texas,75236,US,32.69,-96.9177,90239,"Bogisich, Keeling and Farrell",11/27/2022
176,Thatch,Crose,tcrose4v@mlb.com,Male,1992,Ford,Aerostar,New Orleans,Louisiana,70187,US,30.033,-89.8826,72211,Veum-Gulgowski,12/06/2022
177,Amalita,Mathy,amathy4w@redcross.org,Female,2008,Porsche,Cayman,Dayton,Ohio,45440,US,39.6749,-84.1136,31604,Smith LLC,02/18/2024
178,Jessie,Petty,jpetty4x@army.mil,Male,1994,Mercury,Capri,Cleveland,Ohio,44111,US,41.4571,-81.7844,86127,Connelly Group,03/06/2025
179,Amie,Molyneux,amolyneux4y@mysql.com,Genderqueer,2006,Nissan,Frontier,Baton Rouge,Louisiana,70805,US,30.486,-91.1481,30003,"Torp, Thompson and Pacocha",09/14/2025
180,Torre,O' Sullivan,tosullivan4z@oracle.com,Male,1992,Chevrolet,APV,South Bend,Indiana,46620,US,41.5968,-86.293,37843,Gleason-Franecki,03/15/2023
181,Coralyn,Fagence,cfagence50@businesswire.com,Female,2000,Buick,Park Avenue,Orlando,Florida,32854,US,28.5663,-81.2608,36408,Labadie-Hane,03/23/2024
182,Mason,Reightley,mreightley51@squidoo.com,Male,2003,Mitsubishi,Challenger,Tulsa,Oklahoma,74193,US,36.1398,-96.0297,52195,"Barton, Franecki and Orn",10/27/2023
183,Dosi,Vaar,dvaar52@reuters.com,Female,2005,Pontiac,GTO,New Castle,Pennsylvania,16107,US,40.9897,-80.3084,69482,Hagenes and Sons,09/07/2023
184,Torrence,Drohan,tdrohan53@boston.com,Male,1999,Lincoln,Town Car,Irvine,California,92619,US,33.6706,-117.7645,87649,Dickinson Inc,09/29/2022
185,Jewel,Bettinson,jbettinson54@hp.com,Female,2001,Cadillac,Catera,Pasadena,California,91125,US,33.7866,-118.2987,44601,"Fay, Cruickshank and Steuber",12/30/2023
186,Gertie,Hindenberger,ghindenberger55@usa.gov,Female,2004,BMW,7 Series,Pittsburgh,Pennsylvania,15261,US,40.4344,-80.0248,79274,Dietrich Inc,06/16/2025
187,Elisabeth,Lidgley,elidgley56@statcounter.com,Female,2007,Audi,S8,Irving,Texas,75062,US,32.8479,-96.974,40425,Towne-Paucek,02/12/2025
188,Yard,Fayne,yfayne57@devhub.com,Male,2009,Volkswagen,Tiguan,Huntsville,Texas,77343,US,30.7813,-95.5953,95083,"Christiansen, Armstrong and Funk",07/27/2023
189,Fergus,Cumesky,fcumesky58@fema.gov,Male,1997,Buick,Regal,Houston,Texas,77055,US,29.7971,-95.4958,74704,Walker LLC,01/08/2026
190,Sherwynd,Nornasell,snornasell59@cloudflare.com,Male,1997,Ford,Thunderbird,Washington,District of Columbia,20051,US,38.8933,-77.0146,67315,"Wiza, Marvin and Doyle",01/23/2026
191,Reg,Inett,rinett5a@xrea.com,Male,2002,Dodge,Intrepid,Des Moines,Iowa,50347,US,41.6727,-93.5722,51573,Kirlin-Quitzon,08/25/2023
192,Agosto,Valerio,avalerio5b@reverbnation.com,Male,2012,Hyundai,Genesis,Shawnee Mission,Kansas,66210,US,38.9273,-94.7143,38769,Walter Inc,11/09/2025
193,Barnebas,Buckenham,bbuckenham5c@ibm.com,Male,2002,Lincoln,Navigator,Ashburn,Virginia,22093,US,39.0853,-77.6452,38205,"Volkman, Robel and Beier",10/03/2022
194,Dorise,Garbott,dgarbott5d@ft.com,Female,1994,Mazda,MX-3,Simi Valley,California,93094,US,34.0324,-119.1343,60263,Farrell-Mraz,03/27/2025
195,Dacey,Cheesley,dcheesley5e@boston.com,Female,1996,Chevrolet,Beretta,Fort Lauderdale,Florida,33320,US,26.1625,-80.2582,52453,"Mann, Grant and Crooks",05/22/2023
196,Marya,Taylo,mtaylo5f@xrea.com,Female,2009,Ford,F450,Albuquerque,New Mexico,87190,US,35.0443,-106.6729,34769,"Pouros, Beier and Doyle",04/08/2024
197,Lissa,Anney,lanney5g@is.gd,Female,2012,Land Rover,Range Rover,Tacoma,Washington,98442,US,47.3081,-122.4185,98842,Pouros Group,12/09/2022
198,Peterus,Notley,pnotley5h@shutterfly.com,Male,1999,Jeep,Cherokee,Little Rock,Arkansas,72222,US,34.7519,-92.3925,40063,"Collier, Moen and Champlin",10/30/2025
199,Staffard,Docker,sdocker5i@house.gov,Male,2011,Ram,1500,Seattle,Washington,98166,US,47.4511,-122.353,45537,Bruen-McKenzie,10/14/2022
200,Hester,Iannazzi,hiannazzi5j@irs.gov,Female,2010,Jaguar,XJ,Houston,Texas,77025,US,29.6889,-95.4341,79708,Goodwin-Stiedemann,02/18/2024
201,Nealson,Geraldi,ngeraldi5k@flickr.com,Male,2012,Dodge,Challenger,Galveston,Texas,77554,US,29.2243,-94.9637,89003,"Jacobs, Nikolaus and Dietrich",04/02/2025
202,Jermaine,Penbarthy,jpenbarthy5l@aboutads.info,Female,2012,Ford,E150,Pensacola,Florida,32505,US,30.4481,-87.2589,60695,Marks-Kozey,05/26/2024
203,Matthias,Grayshan,mgrayshan5m@nba.com,Male,1960,Chevrolet,Corvair,New Haven,Connecticut,06520,US,41.3657,-72.9275,81181,Lind-Batz,10/23/2024
204,Lutero,Vowdon,lvowdon5n@zdnet.com,Male,2006,Kia,Amanti,Chesapeake,Virginia,23324,US,36.8056,-76.2666,75249,"Turner, Medhurst and Orn",12/20/2022
205,Efren,Brunesco,ebrunesco5o@mysql.com,Male,2008,Chevrolet,Express 1500,Columbus,Ohio,43268,US,39.969,-83.0114,58864,Hettinger-Abbott,07/30/2023
206,Dominic,Arnaez,darnaez5p@newsvine.com,Male,2003,Ford,E-Series,Milwaukee,Wisconsin,53234,US,43.0174,-87.5697,80727,Von and Sons,11/12/2024
207,Brittne,Folomkin,bfolomkin5q@bbb.org,Female,2006,Honda,Accord,Oklahoma City,Oklahoma,73157,US,35.5514,-97.4075,56395,"Bernier, Beer and McCullough",05/05/2022
208,Jarvis,Paike,jpaike5r@google.ru,Genderfluid,2000,Land Rover,Range Rover,Omaha,Nebraska,68117,US,41.2064,-95.9953,55417,Keeling LLC,08/12/2024
209,Rog,Cassels,rcassels5s@jalbum.net,Male,1994,Alfa Romeo,164,Rochester,New York,14614,US,43.1558,-77.6142,88938,Kuhlman LLC,07/05/2022
210,Buddie,Duckitt,bduckitt5t@youtu.be,Male,2011,Nissan,370Z,Houston,Texas,77035,US,29.6518,-95.4854,54605,Price-Torp,12/14/2023
211,Bill,Dullingham,bdullingham5u@arizona.edu,Male,1999,Dodge,Dakota,Cincinnati,Ohio,45233,US,39.111,-84.6594,74050,Beer Group,11/14/2023
212,Terrye,Jancey,tjancey5v@nps.gov,Female,1990,Subaru,Legacy,Winter Haven,Florida,33884,US,27.981,-81.6736,66271,Moore-Rogahn,02/02/2023
213,Mathias,Ketteridge,mketteridge5w@dion.ne.jp,Polygender,2002,Mazda,Tribute,Norman,Oklahoma,73071,US,35.233,-97.4067,95684,"Koch, Mante and Aufderhar",03/21/2023
214,Katya,Gunda,kgunda5x@mac.com,Female,2009,Land Rover,Freelander,Boston,Massachusetts,02124,US,42.2868,-71.071,39382,O'Kon and Sons,09/18/2023
215,Cam,Pinnigar,cpinnigar5y@google.com.hk,Female,1964,Austin,Mini Cooper,Lansing,Michigan,48901,US,42.5992,-84.372,38536,Koelpin-Mante,01/19/2026
216,Natty,Filipov,nfilipov5z@ftc.gov,Male,1997,Infiniti,Q,Spring,Texas,77388,US,30.0505,-95.4695,80865,Mayer-Ledner,03/09/2024
217,Barrett,Sandison,bsandison60@moonfruit.com,Genderfluid,2006,Ford,E-Series,Topeka,Kansas,66629,US,39.0429,-95.7697,59275,"Bogan, Franecki and Gutkowski",09/25/2023
218,Mareah,Minchella,mminchella61@sitemeter.com,Female,2010,Lamborghini,Murciélago,Detroit,Michigan,48258,US,42.2399,-83.1508,89563,"Lockman, Bosco and Miller",01/11/2023
219,Nerty,Edeler,nedeler62@lulu.com,Female,1995,Lamborghini,Diablo,Burbank,California,91520,US,34.1869,-118.348,74061,Schulist Inc,01/20/2025
220,Joycelin,Castelletto,jcastelletto63@qq.com,Female,2009,Dodge,Caravan,Montgomery,Alabama,36109,US,32.3834,-86.2434,40848,Lindgren-Sporer,01/23/2026
221,Thaxter,Lounds,tlounds64@about.com,Male,1994,Buick,Century,Austin,Texas,78737,US,30.2107,-97.9427,46958,"Huel, Moen and Thiel",01/23/2025
222,Blancha,Dawbery,bdawbery65@xrea.com,Female,2008,Mazda,Mazdaspeed 3,Washington,District of Columbia,20557,US,38.8874,-77.0047,40750,Lehner and Sons,01/02/2026
223,Vyky,Bulter,vbulter66@bbc.co.uk,Female,2005,Maserati,Gran Sport,Amarillo,Texas,79116,US,35.2454,-101.999,40495,"Waters, Littel and Dietrich",03/26/2024
224,Dyana,Troker,dtroker67@cyberchimps.com,Female,1992,Toyota,Xtra,Knoxville,Tennessee,37995,US,35.9901,-83.9622,34387,"Powlowski, Bashirian and Kohler",09/16/2023
225,Earle,Pattini,epattini68@amazon.co.jp,Male,2001,Chevrolet,Silverado 2500,Tucson,Arizona,85710,US,32.2138,-110.824,50347,"Lesch, Stark and Wolff",04/20/2022
226,Jada,Janse,jjanse69@gizmodo.com,Female,2011,Mercedes-Benz,S-Class,Toledo,Ohio,43615,US,41.6492,-83.6706,31971,Heidenreich and Sons,07/18/2023
227,Herman,Starkey,hstarkey6a@t.co,Male,1969,Plymouth,Roadrunner,Jamaica,New York,11431,US,40.6869,-73.8501,74182,"Beer, Weimann and Waters",03/25/2025
228,Osbourne,Hackett,ohackett6b@nba.com,Male,2005,Ford,F350,Baton Rouge,Louisiana,70805,US,30.486,-91.1481,43337,"Jakubowski, Hane and Fadel",09/14/2023
229,Ardeen,McEntee,amcentee6c@mlb.com,Female,2012,Lincoln,Navigator L,Stamford,Connecticut,06905,US,41.0888,-73.5435,60520,Schowalter-Renner,09/22/2025
230,Riane,Gomm,rgomm6d@godaddy.com,Female,2006,Dodge,Grand Caravan,Washington,District of Columbia,20078,US,38.8933,-77.0146,45807,Lakin Inc,02/02/2024
231,Hope,Robarts,hrobarts6e@cbc.ca,Female,2008,MINI,Cooper Clubman,Baton Rouge,Louisiana,70810,US,30.3633,-91.0919,93614,Marks Inc,04/28/2024
232,Shannan,Grenville,sgrenville6f@addthis.com,Male,2008,Nissan,Armada,Paterson,New Jersey,07544,US,41.0114,-74.3048,44676,Casper and Sons,06/16/2022
233,Herman,MacIlhagga,hmacilhagga6g@meetup.com,Genderfluid,2005,Toyota,Prius,Denver,Colorado,80249,US,39.7783,-104.7556,76630,Huel LLC,02/03/2023
234,Currey,Fluger,cfluger6h@nydailynews.com,Male,1995,Toyota,Avalon,Tampa,Florida,33686,US,27.872,-82.4388,75018,Parker Group,05/15/2025
235,Joelly,Birrell,jbirrell6i@csmonitor.com,Female,2009,Maserati,Quattroporte,Staten Island,New York,10310,US,40.6324,-74.1172,41484,"Farrell, Bailey and Bosco",04/07/2022
236,Dwain,Bastone,dbastone6j@hp.com,Male,1995,GMC,Sonoma Club Coupe,Greenville,South Carolina,29610,US,34.8497,-82.4538,87298,"Hintz, Jakubowski and Lind",04/14/2024
237,Kahaleel,Karslake,kkarslake6k@instagram.com,Male,1995,Saab,9000,Scranton,Pennsylvania,18514,US,41.4019,-75.6376,99664,Hermann Inc,07/04/2022
238,Albie,Southey,asouthey6l@histats.com,Male,1994,Geo,Tracker,Rochester,New York,14639,US,43.286,-77.6843,79689,Streich-Boyer,04/06/2024
239,Ed,Wye,ewye6m@slate.com,Male,1996,GMC,2500 Club Coupe,San Francisco,California,94110,US,37.7509,-122.4153,31887,Hessel LLC,04/02/2023
240,Dulcea,Siviter,dsiviter6n@vinaora.com,Female,1968,Chevrolet,Corvette,Salt Lake City,Utah,84130,US,40.6681,-111.9083,88340,Altenwerth-Prohaska,10/24/2024
241,Germaine,Daelman,gdaelman6o@cnn.com,Female,1990,Suzuki,Swift,Charleston,South Carolina,29411,US,32.8715,-79.9947,67759,"Schimmel, Welch and Leffler",01/06/2026
242,Sela,Sturgess,ssturgess6p@sphinn.com,Female,1999,Volkswagen,rio,Las Vegas,Nevada,89115,US,36.2158,-115.0671,88788,"Auer, Lockman and Jaskolski",07/17/2025
243,Charisse,Tune,ctune6q@networksolutions.com,Female,2010,Lamborghini,Murciélago,Littleton,Colorado,80126,US,39.5437,-104.9691,83691,"Hackett, Casper and Ritchie",09/16/2024
244,Lorenza,Snadden,lsnadden6r@businessweek.com,Bigender,2000,Saturn,L-Series,Philadelphia,Pennsylvania,19151,US,39.9772,-75.2545,69160,Zemlak-Pagac,07/27/2025
245,Kevan,Andreu,kandreu6s@sakura.ne.jp,Male,2003,Acura,MDX,Valley Forge,Pennsylvania,19495,US,39.9832,-75.7481,87830,Kertzmann-Cummerata,04/16/2023
246,Zonnya,Ferrar,zferrar6t@dyndns.org,Female,2009,Ford,Taurus,Houston,Texas,77260,US,29.7687,-95.3867,61094,Kilback Inc,06/14/2023
247,Briant,Gerty,bgerty6u@nasa.gov,Male,2003,Saturn,Ion,Boise,Idaho,83732,US,43.4599,-116.244,94737,Olson-Dibbert,04/12/2025
248,Dane,Vaneev,dvaneev6v@opera.com,Male,2000,Dodge,Avenger,Monticello,Minnesota,55565,US,45.2009,-93.8881,54851,"Wuckert, Keeling and Runolfsson",09/20/2025
249,Tab,Quilligan,tquilligan6w@weebly.com,Male,2013,Ford,Edge,Morgantown,West Virginia,26505,US,39.6505,-79.944,72711,"Stroman, Runolfsson and Beier",08/09/2025
250,Elna,Verry,everry6x@addthis.com,Female,1993,Chevrolet,Lumina,Cedar Rapids,Iowa,52410,US,42.0794,-91.5992,31455,Abbott-Hilpert,02/02/2022
251,Oliy,Montes,omontes6y@state.tx.us,Female,1992,Lincoln,Town Car,Miami,Florida,33124,US,25.5584,-80.4582,42238,"Rosenbaum, Prohaska and Cassin",02/18/2022
252,Cyrus,Conneau,cconneau6z@tripod.com,Male,1996,Ford,Club Wagon,Washington,District of Columbia,20057,US,38.8933,-77.0146,93689,"O'Connell, Kihn and Cormier",06/24/2022
253,Cullin,Stinson,cstinson70@umich.edu,Male,2011,Volvo,XC90,Miami,Florida,33147,US,25.8507,-80.2366,95892,VonRueden-Cremin,03/19/2022
254,Neddie,Cords,ncords71@privacy.gov.au,Male,1997,Acura,RL,New Hyde Park,New York,11044,US,40.7548,-73.6018,96215,Nicolas LLC,05/07/2023
255,Jacquelyn,Werny,jwerny72@rambler.ru,Genderfluid,2010,GMC,Savana 3500,Madison,Wisconsin,53716,US,43.0631,-89.3133,37099,Kertzmann-Barrows,09/21/2022
256,Karine,Vernalls,kvernalls73@sina.com.cn,Female,2009,Toyota,FJ Cruiser,Fresno,California,93762,US,36.7464,-119.6397,67873,Walsh and Sons,12/17/2024
257,Marci,Staries,mstaries74@google.fr,Female,2001,Mitsubishi,Galant,Jackson,Mississippi,39210,US,32.3218,-90.1771,49764,Prohaska-Glover,01/21/2026
258,Newton,Merryweather,nmerryweather75@time.com,Agender,1993,GMC,1500,Jeffersonville,Indiana,47134,US,38.2868,-85.7321,72341,"Schoen, Lowe and Hegmann",08/28/2024
259,Burnard,MacIllrick,bmacillrick76@acquirethisname.com,Male,2012,Mercedes-Benz,CLS-Class,Indianapolis,Indiana,46226,US,39.8326,-86.0836,64322,Smith-Romaguera,03/13/2025
260,Adan,Hugonet,ahugonet77@unicef.org,Male,1995,Plymouth,Acclaim,Bellevue,Washington,98008,US,47.6115,-122.1162,31946,Prohaska and Sons,06/22/2023
261,Huntley,Warricker,hwarricker78@hugedomains.com,Genderfluid,1987,Mercedes-Benz,SL-Class,San Jose,California,95173,US,37.3352,-121.8938,85100,Runte and Sons,04/05/2022
262,Raff,Dransfield,rdransfield79@drupal.org,Male,2011,Ford,Crown Victoria,Fort Worth,Texas,76121,US,32.7714,-97.2915,74809,Schaefer-Olson,11/22/2022
263,Sigmund,Spittles,sspittles7a@cdc.gov,Male,1997,Dodge,Avenger,Reston,Virginia,22096,US,38.8318,-77.2888,49726,Hamill-Moore,07/20/2025
264,Bail,Strass,bstrass7b@sciencedaily.com,Male,1995,Ford,Mustang,Athens,Georgia,30610,US,33.9443,-83.3891,51811,"Kulas, Parker and Reynolds",03/04/2025
265,Dyna,Keizman,dkeizman7c@taobao.com,Female,1994,Nissan,300ZX,Colorado Springs,Colorado,80951,US,38.8881,-104.6556,58380,Ondricka-Hoeger,06/29/2025
266,Penrod,Ropcke,propcke7d@ustream.tv,Male,1985,Ford,Laser,Sacramento,California,95865,US,38.596,-121.3978,58172,Lind-Tremblay,08/29/2024
267,Peder,Everingham,peveringham7e@columbia.edu,Male,2008,Chevrolet,Suburban,Eugene,Oregon,97405,US,44.0185,-123.0998,30404,"Hackett, McCullough and Langosh",07/18/2022
268,Perl,Bowyer,pbowyer7f@trellian.com,Female,2010,Chevrolet,Malibu,San Francisco,California,94132,US,37.7211,-122.4754,41286,"Yundt, Fahey and Romaguera",03/22/2025
269,Chery,Record,crecord7g@yandex.ru,Female,1993,Toyota,Land Cruiser,Trenton,New Jersey,08603,US,40.2805,-74.712,49197,"Huels, Robel and Bogisich",05/29/2025
270,Sabra,Couch,scouch7h@gmpg.org,Female,1990,Ford,Ranger,Philadelphia,Pennsylvania,19120,US,40.0343,-75.1213,68177,Waters-Veum,05/03/2023
271,Hamlin,Grundell,hgrundell7i@salon.com,Male,1996,Isuzu,Oasis,Tacoma,Washington,98447,US,47.1441,-122.4434,95576,Robel-Bernier,07/14/2023
272,Jacquetta,Dand,jdand7j@goodreads.com,Female,2006,Honda,Civic Si,Birmingham,Alabama,35215,US,33.6493,-86.7057,50521,Sawayn-Zboncak,09/13/2022
273,Sloane,Ivashnyov,sivashnyov7k@java.com,Genderqueer,2003,Honda,Element,Fresno,California,93762,US,36.7464,-119.6397,80367,Maggio LLC,03/01/2022
274,Jemima,Cottrell,jcottrell7l@theglobeandmail.com,Female,2012,Aston Martin,Virage,Raleigh,North Carolina,27615,US,35.8887,-78.6393,34893,McGlynn-Abernathy,12/05/2025
275,Liam,Grievson,lgrievson7m@icio.us,Male,2009,Mercedes-Benz,CLS-Class,Saint Paul,Minnesota,55114,US,44.968,-93.1981,92916,Wintheiser-Murazik,08/02/2025
276,Perice,Wagenen,pwagenen7n@technorati.com,Male,1995,Ford,Explorer,Montgomery,Alabama,36125,US,32.2334,-86.2085,88587,"Hudson, Doyle and Flatley",03/21/2024
277,Bobby,Shutte,bshutte7o@ocn.ne.jp,Male,1973,Chevrolet,Monte Carlo,East Saint Louis,Illinois,62205,US,38.6149,-90.1275,64150,Harris LLC,08/20/2023
278,Pyotr,Horsfield,phorsfield7p@g.co,Male,2003,Mercury,Sable,Memphis,Tennessee,38188,US,35.2017,-89.9715,80868,"Runte, Fritsch and Barrows",05/26/2024
279,Erinna,Burt,eburt7q@tinypic.com,Female,2010,Bentley,Continental Super,Minneapolis,Minnesota,55487,US,45.0159,-93.4719,92963,Davis-Howe,07/11/2024
280,Laryssa,Tustin,ltustin7r@bbb.org,Genderqueer,1997,Nissan,Pathfinder,San Antonio,Texas,78296,US,29.4375,-98.4616,43654,Farrell Group,11/24/2022
281,Hedi,Bragginton,hbragginton7s@census.gov,Female,2011,Chrysler,Town & Country,Charlotte,North Carolina,28242,US,35.26,-80.8042,72347,Cole Group,05/15/2023
282,Tristam,Lavall,tlavall7t@sitemeter.com,Male,1989,Mitsubishi,Chariot,Washington,District of Columbia,20409,US,38.8933,-77.0146,40595,Morissette Inc,10/26/2025
283,Alejandra,Owtram,aowtram7u@arstechnica.com,Female,2006,Chevrolet,Silverado 2500,Oklahoma City,Oklahoma,73190,US,35.5514,-97.4075,71794,"Jacobs, Boehm and Schroeder",09/11/2023
284,Odell,Winsom,owinsom7v@pcworld.com,Male,2008,Chevrolet,Silverado 2500,Nashville,Tennessee,37205,US,36.1114,-86.869,85038,"Bergstrom, Deckow and Beier",07/22/2025
285,Kenn,Cownden,kcownden7w@csmonitor.com,Male,2001,Toyota,4Runner,Katy,Texas,77493,US,29.8678,-95.8298,40826,Huels-Grady,01/18/2023
286,Lynsey,Martinez,lmartinez7x@g.co,Genderfluid,2007,BMW,X5,Brooklyn,New York,11215,US,40.6669,-73.9828,95217,Price-Hodkiewicz,09/29/2024
287,Lawton,Alred,lalred7y@google.com.hk,Male,2001,Oldsmobile,Alero,Cleveland,Ohio,44185,US,41.6857,-81.6728,43586,"Bradtke, Bailey and Ankunding",04/18/2025
288,Ham,Pagett,hpagett7z@shareasale.com,Agender,1987,Mitsubishi,Excel,Tampa,Florida,33633,US,27.872,-82.4388,30254,"Walker, Hane and Hermiston",06/03/2025
289,Rozalin,Filipic,rfilipic80@fc2.com,Female,2008,Mitsubishi,Raider,San Diego,California,92186,US,33.0169,-116.846,67382,Weissnat LLC,09/02/2024
290,Melanie,Bowskill,mbowskill81@over-blog.com,Female,2006,Acura,MDX,Houston,Texas,77288,US,29.834,-95.4342,37844,Carroll Inc,07/05/2024
291,Tanner,Birchenhead,tbirchenhead82@tiny.cc,Polygender,2012,Nissan,Rogue,Lima,Ohio,45807,US,40.7955,-84.1383,46522,Conn-Conn,08/04/2023
292,Lilly,Decayette,ldecayette83@mac.com,Female,2004,Acura,MDX,Phoenix,Arizona,85072,US,33.2765,-112.1872,65335,"Goyette, Mueller and Thompson",06/06/2023
293,Caddric,Bagguley,cbagguley84@cbslocal.com,Male,1994,Dodge,Ram Wagon B250,Alexandria,Virginia,22309,US,38.7192,-77.1073,83415,McLaughlin Group,06/26/2023
294,Pepita,Gumm,pgumm85@hubpages.com,Female,2010,Chevrolet,Silverado 2500,Tacoma,Washington,98481,US,47.0662,-122.1132,51171,"Farrell, Bednar and Rau",04/20/2023
295,Mitzi,I'anson,mianson86@ucsd.edu,Female,2007,GMC,Sierra 1500,Anchorage,Alaska,99522,US,61.1089,-149.4403,96542,"Heidenreich, Macejkovic and Bruen",02/06/2023
296,Kattie,Elcock,kelcock87@wordpress.com,Genderfluid,2008,Volkswagen,Eos,Staten Island,New York,10310,US,40.6324,-74.1172,91474,DuBuque-Cummerata,10/04/2024
297,Jozef,Petticrow,jpetticrow88@mediafire.com,Male,1987,Mitsubishi,Galant,Birmingham,Alabama,35285,US,33.5446,-86.9292,65583,"DuBuque, Lowe and Hackett",07/19/2025
298,Adriaens,Gladdolph,agladdolph89@google.co.uk,Female,1988,Porsche,924,Denver,Colorado,80255,US,39.7388,-104.4083,36998,Braun-Fritsch,11/19/2024
299,Sutherlan,Tivolier,stivolier8a@nydailynews.com,Bigender,1995,Dodge,Avenger,Waterbury,Connecticut,06721,US,41.3657,-72.9275,74586,Prohaska-Wolf,04/18/2024
300,Marice,Marion,mmarion8b@dropbox.com,Genderqueer,2011,Ford,E350,Dallas,Texas,75231,US,32.8756,-96.7495,37062,"Little, Kertzmann and Volkman",06/23/2022
301,Tarrah,Gosdin,tgosdin8c@boston.com,Female,2006,Pontiac,Daewoo Kalos,Jackson,Mississippi,39236,US,32.3113,-90.3972,37457,Wisoky-Reinger,06/27/2023
302,Don,Elfitt,delfitt8d@go.com,Male,1999,Chevrolet,Malibu,Olympia,Washington,98516,US,47.1126,-122.7794,85265,Adams-Grant,06/30/2022
303,Calhoun,Logue,clogue8e@sphinn.com,Male,2011,Mercedes-Benz,CLS-Class,Washington,District of Columbia,20088,US,38.8933,-77.0146,77794,Weber-Turner,02/10/2025
304,Cindie,MacGrath,cmacgrath8f@friendfeed.com,Female,1998,Dodge,Dakota Club,Cleveland,Ohio,44177,US,41.6857,-81.6728,99595,Cole LLC,06/08/2022
305,Alene,Von Der Empten,avonderempten8g@fema.gov,Female,1978,Chevrolet,Corvette,Lafayette,Indiana,47905,US,40.4001,-86.8602,91867,Lubowitz-Harber,06/30/2023
306,Lamont,Foulds,lfoulds8h@dedecms.com,Male,2004,Chrysler,PT Cruiser,Jackson,Mississippi,39204,US,32.2832,-90.2306,77372,McKenzie LLC,02/13/2022
307,Arleyne,MacGillivray,amacgillivray8i@flavors.me,Female,2011,Ford,Focus,Santa Monica,California,90405,US,34.01,-118.4717,87792,"Schaefer, Keeling and Dare",12/13/2024
308,Vivianna,Warby,vwarby8j@opera.com,Female,1995,Suzuki,Esteem,North Las Vegas,Nevada,89036,US,35.9279,-114.9721,64105,"Bashirian, Padberg and Williamson",01/11/2023
309,Germana,Coase,gcoase8k@mozilla.org,Female,2008,Dodge,Ram,San Diego,California,92170,US,33.0169,-116.846,34560,Nolan LLC,10/08/2023
310,Cathee,Jansema,cjansema8l@desdev.cn,Female,2005,Nissan,Maxima,Sioux Falls,South Dakota,57105,US,43.524,-96.7341,51185,"Klocko, Rau and Hudson",02/25/2025
311,Keenan,Penhaligon,kpenhaligon8m@cnbc.com,Male,1989,Land Rover,Range Rover,Kingsport,Tennessee,37665,US,36.5799,-82.5733,96474,Powlowski-Toy,08/22/2022
312,Dermot,Oxe,doxe8n@salon.com,Male,1995,Subaru,SVX,Beaumont,Texas,77705,US,30.0211,-94.1157,60120,Lesch-Ziemann,03/19/2022
313,Franciska,Suddock,fsuddock8o@symantec.com,Female,1998,Volvo,V90,Dayton,Ohio,45419,US,39.7155,-84.1637,86406,McDermott Group,06/22/2025
314,Michal,Huniwall,mhuniwall8p@slideshare.net,Male,1993,GMC,3500 Club Coupe,Vancouver,Washington,98664,US,45.6231,-122.5767,59111,Cummings and Sons,04/07/2025
315,Jecho,Dameisele,jdameisele8q@istockphoto.com,Male,2002,Isuzu,Rodeo,Stockton,California,95210,US,38.025,-121.2972,99368,Rath Group,07/22/2022
316,Archaimbaud,Bowcock,abowcock8r@paypal.com,Male,2007,Ferrari,F430,Ridgely,Maryland,21684,US,38.8893,-75.8612,70354,"Macejkovic, Yundt and Schuppe",05/02/2024
317,Conny,Killingback,ckillingback8s@paypal.com,Male,2010,Mitsubishi,Eclipse,San Luis Obispo,California,93407,US,35.3471,-120.4553,43700,"Zulauf, Pollich and Pouros",03/31/2023
318,Der,Giffard,dgiffard8t@sitemeter.com,Male,1998,Chrysler,Sebring,Boca Raton,Florida,33487,US,26.4116,-80.0928,74133,O'Reilly-Wisoky,09/23/2022
319,Amanda,Bool,abool8u@blinklist.com,Female,1998,Ford,F250,Memphis,Tennessee,38181,US,35.2017,-89.9715,39884,Waters-Douglas,07/20/2022
320,Odey,Girkins,ogirkins8v@princeton.edu,Male,1997,Geo,Tracker,Las Vegas,Nevada,89155,US,35.9279,-114.9721,45339,Langosh LLC,10/19/2025
321,Dewie,Fransewich,dfransewich8w@samsung.com,Male,2001,Toyota,Avalon,Richmond,Virginia,23213,US,37.5593,-77.4471,32298,Herzog LLC,11/02/2024
322,Chrissie,Pikett,cpikett8x@intel.com,Female,2000,Volvo,V70,Columbus,Ohio,43231,US,40.081,-82.9383,97744,Kovacek-Cremin,02/05/2023
323,Hendrika,Windus,hwindus8y@privacy.gov.au,Female,2011,Rolls-Royce,Ghost,Memphis,Tennessee,38104,US,35.1334,-90.0046,69422,Weber Group,12/08/2024
324,Dulcie,Sendley,dsendley8z@friendfeed.com,Female,2005,Chevrolet,Silverado 3500,Staten Island,New York,10310,US,40.6324,-74.1172,51678,Abshire-Jakubowski,08/16/2025
325,Timoteo,Bradborne,tbradborne90@multiply.com,Male,2006,GMC,Sierra 2500HD,Joliet,Illinois,60435,US,41.5454,-88.1299,96504,"Schneider, Kutch and Shields",08/29/2023
326,Sydney,Dignan,sdignan91@accuweather.com,Bigender,1980,Chevrolet,Camaro,Columbus,Ohio,43240,US,40.1454,-82.9817,98921,Bruen Group,01/25/2025
327,Lionello,Stoyles,lstoyles92@dyndns.org,Male,2011,Buick,Lucerne,Harrisburg,Pennsylvania,17140,US,40.3086,-76.8464,64518,Crooks and Sons,04/11/2023
328,Felisha,Dressel,fdressel93@tiny.cc,Female,1995,Buick,LeSabre,Columbus,Ohio,43210,US,40.0028,-83.0164,58704,Grady LLC,04/03/2024
329,Immanuel,Theyer,itheyer94@arizona.edu,Male,2003,Kia,Sorento,Tacoma,Washington,98464,US,47.0662,-122.1132,84768,"Effertz, Mosciski and Ernser",09/05/2022
330,Meggi,Blabber,mblabber95@squidoo.com,Female,1997,Mitsubishi,Mirage,Flint,Michigan,48505,US,43.0634,-83.7001,31515,Armstrong-Bahringer,09/04/2024
331,Valentina,Fletham,vfletham96@nasa.gov,Female,2002,Chrysler,Town & Country,Salt Lake City,Utah,84199,US,40.7259,-111.9394,74475,Schamberger Group,12/16/2023
332,Jeanie,Verheijden,jverheijden97@ifeng.com,Female,2003,BMW,760,Washington,District of Columbia,20535,US,38.8941,-77.0251,47999,Hackett Inc,09/20/2022
333,Shirley,Awmack,sawmack98@livejournal.com,Female,2006,Mazda,Mazda5,Port Saint Lucie,Florida,34985,US,27.3822,-80.409,55821,Metz-Feil,07/18/2023
334,Alverta,Kells,akells99@shutterfly.com,Female,1997,Plymouth,Voyager,San Francisco,California,94154,US,37.7848,-122.7278,52524,Zulauf-Green,07/26/2022
335,Gael,Peppett,gpeppett9a@livejournal.com,Female,2008,Saab,9-3,Little Rock,Arkansas,72215,US,34.7519,-92.3925,34463,"Larkin, Ryan and Gerlach",10/09/2023
336,Rickard,Calloway,rcalloway9b@bbc.co.uk,Male,2012,Volvo,S60,Tacoma,Washington,98481,US,47.0662,-122.1132,34400,Parker-DuBuque,10/31/2025
337,Alan,Gavin,agavin9c@opera.com,Male,1998,Audi,A6,Washington,District of Columbia,20425,US,38.8933,-77.0146,97555,Jaskolski-D'Amore,05/13/2022
338,Lloyd,Milham,lmilham9d@hexun.com,Male,1999,Mercury,Grand Marquis,Montgomery,Alabama,36195,US,32.3544,-86.2843,50078,"McClure, Rippin and Larson",06/21/2024
339,Rhys,Mathon,rmathon9e@sogou.com,Male,1997,Buick,Regal,New York City,New York,10160,US,40.7808,-73.9772,49295,Wiegand-Sanford,06/01/2024
340,Marlin,Bowdon,mbowdon9f@rakuten.co.jp,Male,2002,Isuzu,Rodeo,Washington,District of Columbia,20546,US,38.891,-77.0211,46637,Baumbach Inc,02/04/2024
341,Adolph,Jarritt,ajarritt9g@discovery.com,Polygender,2009,Kia,Carens,Dallas,Texas,75353,US,32.7673,-96.7776,90359,Beahan Inc,12/06/2022
342,Kenneth,Colby,kcolby9h@oaic.gov.au,Male,2011,BMW,5 Series,Cleveland,Ohio,44111,US,41.4571,-81.7844,85065,Kris-Ratke,04/22/2022
343,Obidiah,O'Heyne,ooheyne9i@ebay.com,Male,2011,Lexus,GS,Harrisburg,Pennsylvania,17126,US,40.2618,-76.88,67985,Ernser Inc,03/11/2022
344,Corabel,Rollinson,crollinson9j@nsw.gov.au,Female,1996,Toyota,Tacoma,Miami,Florida,33111,US,25.5584,-80.4582,54526,Corwin and Sons,02/01/2023
345,Claire,Matushevitz,cmatushevitz9k@163.com,Genderfluid,2005,Ford,Freestar,Port Saint Lucie,Florida,34985,US,27.3822,-80.409,87355,Romaguera-Hahn,06/17/2023
346,Page,Keston,pkeston9l@ezinearticles.com,Male,2005,Hyundai,XG350,Colorado Springs,Colorado,80951,US,38.8881,-104.6556,79837,Greenfelder LLC,01/31/2025
347,Chase,Melledy,cmelledy9m@parallels.com,Male,1997,Land Rover,Defender 90,Memphis,Tennessee,38197,US,35.2017,-89.9715,56992,Schamberger-Pollich,12/16/2024
348,Camilla,Gulley,cgulley9n@amazonaws.com,Female,1994,Buick,Regal,San Antonio,Texas,78205,US,29.4237,-98.4925,41087,Waters-Mertz,08/17/2023
349,Duff,Chatburn,dchatburn9o@jimdo.com,Male,2006,Morgan,Aero 8,Tampa,Florida,33610,US,27.9951,-82.4046,88967,"Fay, Hauck and Kutch",11/17/2022
350,Ives,Shafto,ishafto9p@ocn.ne.jp,Male,1994,Nissan,Quest,Trenton,New Jersey,08650,US,40.2805,-74.712,59596,Stokes-Mills,01/09/2026
351,Crawford,Melior,cmelior9q@phpbb.com,Male,2005,Ford,Excursion,Saint Petersburg,Florida,33705,US,27.7391,-82.6435,92387,Wisoky-Bruen,12/07/2023
352,Delly,Saiger,dsaiger9r@sourceforge.net,Female,1986,Pontiac,Parisienne,Florence,South Carolina,29505,US,34.1231,-79.6893,36553,Walter LLC,10/28/2025
353,Burch,Burnes,bburnes9s@vkontakte.ru,Polygender,2006,Infiniti,Q,Atlanta,Georgia,31196,US,33.8444,-84.474,57317,"Krajcik, Okuneva and Macejkovic",01/05/2026
354,Calvin,Bulfoot,cbulfoot9t@answers.com,Male,1991,Ford,E-Series,Cincinnati,Ohio,45203,US,39.1075,-84.5257,54671,Wuckert-Fadel,05/06/2022
355,Harrietta,Kuschel,hkuschel9u@joomla.org,Female,2013,Scion,tC,San Francisco,California,94132,US,37.7211,-122.4754,45190,"Morissette, Hyatt and Beahan",03/01/2023
356,Bell,Duplan,bduplan9v@jigsy.com,Female,2007,Lamborghini,Murciélago,Indianapolis,Indiana,46202,US,39.7851,-86.1595,78557,"Treutel, Huel and Stark",01/18/2026
357,Marchelle,Atwood,matwood9w@alibaba.com,Female,2004,BMW,530,Burbank,California,91520,US,34.1869,-118.348,84589,"Stiedemann, Lang and Kiehn",07/19/2023
358,Reade,Scafe,rscafe9x@answers.com,Male,2005,GMC,Canyon,Visalia,California,93291,US,36.3551,-119.301,71802,Mitchell Inc,09/10/2024
359,Glenna,Worman,gworman9y@1und1.de,Female,1996,Pontiac,Grand Prix,Tulsa,Oklahoma,74103,US,36.1539,-95.9954,90010,Labadie-Connelly,12/20/2025
360,Saw,Pettet,spettet9z@de.vu,Male,2008,Volkswagen,Jetta,Spokane,Washington,99210,US,47.6536,-117.4317,36937,Gusikowski-Brakus,01/22/2023
361,Kimberly,Pavlata,kpavlataa0@deliciousdays.com,Female,1994,Chevrolet,G-Series G10,Philadelphia,Pennsylvania,19160,US,40.0018,-75.1179,90372,Hoppe-Schamberger,02/11/2022
362,Berte,Brimilcombe,bbrimilcombea1@pcworld.com,Female,1999,Dodge,Durango,Charlotte,North Carolina,28242,US,35.26,-80.8042,53124,Hoeger-Wyman,08/08/2023
363,Grenville,Tully,gtullya2@tumblr.com,Male,2005,Chevrolet,Uplander,Mc Keesport,Pennsylvania,15134,US,40.4344,-80.0248,46595,"Rodriguez, Hagenes and Fay",07/07/2024
364,Ashlie,Ferroni,aferronia3@deviantart.com,Female,2009,BMW,M3,Dallas,Texas,75226,US,32.7887,-96.7676,43076,"Shields, Schuster and Weber",08/27/2024
365,Dene,Lukovic,dlukovica4@scientificamerican.com,Male,2012,Suzuki,Grand Vitara,Jacksonville,Florida,32259,US,30.0956,-81.6217,75218,Green-Kirlin,03/28/2025
366,Tiphany,Girkins,tgirkinsa5@diigo.com,Female,1996,BMW,3 Series,Macon,Georgia,31205,US,32.8067,-83.6913,52904,"Muller, Hickle and White",06/07/2022
367,Edythe,Chappelow,echappelowa6@flavors.me,Female,2005,Acura,TSX,Indianapolis,Indiana,46247,US,39.7795,-86.1328,57438,Grady Group,09/23/2023
368,Stewart,Favell,sfavella7@nih.gov,Male,1998,Mitsubishi,3000GT,Atlanta,Georgia,30368,US,33.8444,-84.474,84648,"Blick, Harvey and Bednar",03/18/2025
369,Sidney,Machin,smachina8@ifeng.com,Male,1997,Chevrolet,Corvette,Grand Junction,Colorado,81505,US,39.1071,-108.5968,45279,Lind-Renner,04/05/2025
370,Rolph,Frend,rfrenda9@theatlantic.com,Male,1990,Lamborghini,Countach,Augusta,Georgia,30919,US,33.386,-82.091,62079,Nader-McDermott,10/03/2023
371,Cosme,Lawty,clawtyaa@cbc.ca,Male,2008,Mitsubishi,Endeavor,Baltimore,Maryland,21203,US,39.2847,-76.6205,54106,Schroeder-Harris,05/09/2023
372,Tawnya,Fernehough,tfernehoughab@home.pl,Female,2003,Nissan,Frontier,Lake Charles,Louisiana,70607,US,30.1244,-93.1835,49570,Hayes-Hodkiewicz,04/26/2025
373,Tymothy,Bewley,tbewleyac@github.com,Male,1991,Pontiac,Bonneville,Kansas City,Missouri,64199,US,39.035,-94.3567,40220,"Wisoky, Ritchie and Parisian",03/04/2023
374,Caesar,Ahlin,cahlinad@wisc.edu,Male,2000,Volvo,S40,Austin,Texas,78703,US,30.2907,-97.7648,47606,"Lueilwitz, Ledner and Morissette",02/10/2024
375,Yuma,Voss,yvossae@issuu.com,Male,2004,BMW,325,Montpelier,Vermont,05609,US,44.2595,-72.585,46444,Crona-Hyatt,08/26/2024
376,Rosy,Radage,rradageaf@unesco.org,Genderfluid,2006,Suzuki,Reno,Portsmouth,New Hampshire,03804,US,43.0059,-71.0132,93195,Bradtke-Champlin,02/13/2025
377,Hendrick,St. Leger,hstlegerag@ihg.com,Male,2003,Audi,A8,Atlanta,Georgia,31132,US,33.7488,-84.3883,34859,"Steuber, Maggio and Sporer",11/26/2025
378,Pierrette,Scandrite,pscandriteah@friendfeed.com,Female,1992,Lincoln,Town Car,Wichita,Kansas,67236,US,37.5422,-97.2871,41894,Bauch Inc,06/10/2025
379,Christyna,Lowthorpe,clowthorpeai@oaic.gov.au,Female,2005,Acura,MDX,Rochester,New York,14646,US,43.286,-77.6843,94384,Goldner-Erdman,01/29/2024
380,Claudine,Gilchrist,cgilchristaj@vk.com,Female,1993,Chevrolet,Cavalier,Mobile,Alabama,36622,US,30.6589,-88.178,61379,Padberg-Ebert,09/13/2025
381,Tresa,Bowdery,tbowderyak@imdb.com,Female,1996,Chevrolet,Blazer,Marietta,Georgia,30066,US,34.0378,-84.5038,61118,Mosciski-Kuhlman,08/03/2025
382,Hestia,Burrel,hburrelal@comsenz.com,Female,2005,Suzuki,Daewoo Magnus,Macon,Georgia,31217,US,32.8118,-83.565,49987,Smitham-Goodwin,12/30/2025
383,Devi,Coit,dcoitam@blogs.com,Female,1999,Chrysler,Town & Country,Shawnee Mission,Kansas,66210,US,38.9273,-94.7143,76062,Reichert-Schinner,10/08/2025
384,Violetta,Benwell,vbenwellan@creativecommons.org,Female,2005,Land Rover,Freelander,Cape Coral,Florida,33915,US,26.6599,-81.8934,45606,Stokes-Purdy,11/24/2023
385,Francis,Branchett,fbranchettao@nymag.com,Male,2006,Suzuki,Daewoo Lacetti,Tampa,Florida,33615,US,28.0081,-82.5805,62366,Langworth-Kihn,01/09/2024
386,Uri,Bartosiak,ubartosiakap@hostgator.com,Male,1996,Holden,VS Commodore,New Orleans,Louisiana,70124,US,30.0071,-90.1094,99482,"Lakin, Ortiz and Moore",08/11/2022
387,Elvyn,Stoyles,estoylesaq@eepurl.com,Male,1998,Ford,Taurus,Montgomery,Alabama,36125,US,32.2334,-86.2085,37246,Feeney-Harris,04/11/2022
388,Randy,Johananoff,rjohananoffar@wix.com,Male,1997,Isuzu,Oasis,Montgomery,Alabama,36109,US,32.3834,-86.2434,56159,Stoltenberg-Connelly,01/09/2024
389,Krissy,MacAloren,kmacalorenas@gmpg.org,Female,2001,Ford,F-Series,Clearwater,Florida,33758,US,27.8918,-82.7248,79376,"Mayer, Herman and Reichel",04/04/2023
390,Randy,Kempster,rkempsterat@springer.com,Genderfluid,1995,Ford,Mustang,Amarillo,Texas,79159,US,35.216,-102.0714,61814,Wyman-Mertz,01/23/2026
391,Corina,Grennan,cgrennanau@tuttocitta.it,Female,2005,Mercury,Sable,Indianapolis,Indiana,46295,US,39.7795,-86.1328,92474,Howe-Rowe,03/05/2022
392,Jillie,Blinerman,jblinermanav@themeforest.net,Female,2003,Nissan,Altima,Boston,Massachusetts,02114,US,42.3611,-71.0682,73283,Lynch-Hegmann,12/21/2023
393,Kellen,Menchenton,kmenchentonaw@dagondesign.com,Male,2006,GMC,Yukon XL 1500,Washington,District of Columbia,20078,US,38.8933,-77.0146,92461,Maggio-O'Keefe,02/05/2025
394,Yancey,Stampe,ystampeax@fema.gov,Polygender,1995,Cadillac,Fleetwood,New York City,New York,10280,US,40.7105,-74.0163,95332,Cremin-Abbott,04/30/2025
395,Marrissa,Bovaird,mbovairday@wikipedia.org,Female,2004,Cadillac,Escalade EXT,El Paso,Texas,88514,US,31.6948,-106.3,53757,Emmerich Inc,03/20/2023
396,Joni,Gaythwaite,jgaythwaiteaz@parallels.com,Female,2001,Ford,Mustang,Sacramento,California,95852,US,38.6026,-121.4475,93745,Little Inc,01/29/2026
397,Audra,Lamborn,alambornb0@friendfeed.com,Female,1996,Saab,900,Greenville,South Carolina,29610,US,34.8497,-82.4538,92466,Marks and Sons,09/02/2023
398,Robinet,Francescoccio,rfrancescocciob1@census.gov,Male,1994,BMW,7 Series,Memphis,Tennessee,38188,US,35.2017,-89.9715,48796,"Gulgowski, Hand and Cole",11/21/2022
399,Hillard,Chadney,hchadneyb2@go.com,Male,1999,BMW,M3,Philadelphia,Pennsylvania,19151,US,39.9772,-75.2545,37093,Ziemann Inc,01/13/2026
400,Pieter,Pearcey,ppearceyb3@tinyurl.com,Male,2009,Suzuki,Equator,Roanoke,Virginia,24034,US,37.2742,-79.9579,36029,Emmerich-Turcotte,11/27/2025
401,Adara,Jerger,ajergerb4@skype.com,Female,1993,Mitsubishi,Truck,Greensboro,North Carolina,27455,US,36.1824,-79.806,32784,"Osinski, Altenwerth and Klocko",08/17/2023
402,Tessy,Goldin,tgoldinb5@usda.gov,Female,1995,Pontiac,Firefly,Miami,Florida,33261,US,25.5584,-80.4582,60794,"Lebsack, Zulauf and Beahan",05/08/2025
403,Armando,Mardlin,amardlinb6@gravatar.com,Male,1995,Dodge,Viper RT/10,Amarillo,Texas,79176,US,35.1885,-101.8165,61396,Blick Group,12/02/2022
404,Colan,Slevin,cslevinb7@trellian.com,Male,2004,Mitsubishi,Pajero,Dallas,Texas,75372,US,32.7673,-96.7776,73372,"Gerhold, Bruen and Jaskolski",04/18/2022
405,Bonita,Ixor,bixorb8@rediff.com,Female,2012,Ford,F450,Albany,New York,12205,US,42.7198,-73.8207,72223,Kessler-Harvey,10/08/2024
406,Cedric,Akred,cakredb9@soundcloud.com,Male,1997,Lexus,ES,Washington,District of Columbia,20078,US,38.8933,-77.0146,62672,Auer-Fadel,05/15/2025
407,Doreen,Keri,dkeriba@1688.com,Female,2004,Acura,TSX,Tampa,Florida,33605,US,27.9671,-82.4334,52902,Kessler-Hodkiewicz,01/19/2025
408,Tiff,Cariss,tcarissbb@auda.org.au,Female,2010,Acura,TL,Birmingham,Alabama,35225,US,33.5446,-86.9292,58983,Heathcote Inc,08/10/2024
409,Florinda,Twinberrow,ftwinberrowbc@lulu.com,Female,2006,Mitsubishi,Raider,Peoria,Illinois,61640,US,40.7857,-89.6177,31032,Bayer-Morissette,08/21/2024
410,Hilliard,Dendle,hdendlebd@barnesandnoble.com,Male,2003,Audi,Allroad,Shawnee Mission,Kansas,66205,US,39.0312,-94.6308,49684,Abshire Group,08/18/2024
411,Curran,Cheavin,ccheavinbe@ask.com,Male,2012,GMC,Yukon XL 2500,Reston,Virginia,22096,US,38.8318,-77.2888,52739,Wiza-Rempel,12/14/2022
412,Gan,Worland,gworlandbf@intel.com,Male,1995,Chrysler,Cirrus,Tucson,Arizona,85743,US,32.3366,-111.1771,44458,Sporer-McCullough,08/22/2023
413,Rosalia,Surgeoner,rsurgeonerbg@jimdo.com,Female,1994,Acura,NSX,Little Rock,Arkansas,72204,US,34.7269,-92.344,75341,Towne Group,07/26/2024
414,Leyla,Donaway,ldonawaybh@fema.gov,Female,2003,Isuzu,Axiom,Minneapolis,Minnesota,55412,US,45.0242,-93.302,80300,Klein-Nienow,01/17/2024
415,Heida,Potts,hpottsbi@github.io,Female,1992,Mazda,Protege,El Paso,Texas,79989,US,31.6948,-106.3,48220,Turcotte-Schoen,07/03/2023
416,Phaedra,Everist,peveristbj@flavors.me,Female,1989,Ford,Aerostar,Lincoln,Nebraska,68505,US,40.8247,-96.6252,61894,"Nolan, Christiansen and Osinski",02/18/2024
417,Joe,Heaford,jheafordbk@oakley.com,Male,1990,Buick,Skylark,Fort Lauderdale,Florida,33330,US,26.0663,-80.3339,73858,Hansen-Beahan,11/19/2022
418,Ammamaria,Musgrove,amusgrovebl@ebay.co.uk,Bigender,1993,Nissan,NX,Atlanta,Georgia,30311,US,33.723,-84.4702,45181,"Frami, Jerde and Mayer",07/02/2022
419,Jackqueline,Woodward,jwoodwardbm@soup.io,Female,2009,Porsche,911,Chattanooga,Tennessee,37405,US,35.0768,-85.3082,75380,Beatty and Sons,05/11/2024
420,Gradey,Harmes,gharmesbn@nymag.com,Male,2013,Nissan,GT-R,Cincinnati,Ohio,45249,US,39.2692,-84.3307,45159,Altenwerth-Pagac,03/03/2022
421,Jerald,McKimmie,jmckimmiebo@imdb.com,Polygender,2011,Saab,9-3,Peoria,Illinois,61635,US,40.7442,-89.7184,61867,Bartell Inc,02/18/2025
422,Theresita,Hayfield,thayfieldbp@is.gd,Female,2003,Mercury,Marauder,Gary,Indiana,46406,US,41.5878,-87.4062,48880,Cronin and Sons,04/27/2023
423,Bing,Rosenstock,brosenstockbq@elegantthemes.com,Male,1991,Eagle,Talon,Washington,District of Columbia,20215,US,38.8933,-77.0146,60740,Schowalter-Towne,08/17/2024
424,Kendell,Edmenson,kedmensonbr@freewebs.com,Male,1997,Chevrolet,Express 1500,Savannah,Georgia,31410,US,32.0175,-80.997,33388,"Hills, Hayes and Hermiston",06/23/2025
425,Wiatt,Videneev,wvideneevbs@amazon.co.uk,Male,2000,Daewoo,Lanos,Albuquerque,New Mexico,87180,US,35.0443,-106.6729,93541,Lockman-Murazik,06/23/2025
426,Willetta,Wernher,wwernherbt@sun.com,Female,2006,Volvo,XC70,Lincoln,Nebraska,68505,US,40.8247,-96.6252,67596,"Kuvalis, Turcotte and Franecki",07/18/2024
427,Bealle,Jahnel,bjahnelbu@go.com,Male,1989,Subaru,Justy,Glendale,Arizona,85305,US,33.5291,-112.2482,39436,Pollich-Smith,12/20/2022
428,Gearalt,Skace,gskacebv@shutterfly.com,Genderqueer,1984,Volkswagen,Golf,Orlando,Florida,32835,US,28.5289,-81.4787,78664,Gottlieb Inc,08/15/2025
429,Pollyanna,Beart,pbeartbw@multiply.com,Female,2003,BMW,760,Cleveland,Ohio,44105,US,41.4509,-81.619,82434,Nicolas LLC,10/28/2023
430,Christyna,Noddle,cnoddlebx@w3.org,Female,2006,Toyota,RAV4,Birmingham,Alabama,35290,US,33.5446,-86.9292,88166,"Smith, Buckridge and Ebert",10/15/2022
431,Agata,Gillett,agillettby@engadget.com,Bigender,2004,Nissan,Xterra,Indianapolis,Indiana,46226,US,39.8326,-86.0836,96986,Keeling-Kuhic,03/09/2022
432,Burg,Brissenden,bbrissendenbz@cbc.ca,Male,2011,Lincoln,Town Car,Philadelphia,Pennsylvania,19104,US,39.9597,-75.2024,75843,"Homenick, Littel and Swift",01/13/2024
433,Hermione,Faltin,hfaltinc0@lulu.com,Female,1999,Plymouth,Grand Voyager,Sarasota,Florida,34233,US,27.2866,-82.477,78597,"Trantow, Spinka and Johns",03/10/2024
434,Yule,Dunnet,ydunnetc1@ftc.gov,Male,1992,Dodge,Ram Wagon B150,Portland,Oregon,97211,US,45.5653,-122.6448,80596,Dare LLC,02/05/2023
435,Oswell,Yashanov,oyashanovc2@yahoo.com,Male,2006,Subaru,Tribeca,Phoenix,Arizona,85020,US,33.5623,-112.0559,35690,Bayer LLC,10/28/2025
436,Elliott,Todeo,etodeoc3@biglobe.ne.jp,Male,2006,Chevrolet,Aveo,Tulsa,Oklahoma,74193,US,36.1398,-96.0297,49810,"Stoltenberg, O'Hara and Ledner",06/03/2022
437,Anatollo,Aireton,aairetonc4@wikia.com,Male,2008,Suzuki,XL-7,Corpus Christi,Texas,78405,US,27.7762,-97.4271,66603,"Hartmann, Murphy and Nader",10/20/2023
438,Emelita,Dorrance,edorrancec5@123-reg.co.uk,Female,2009,Nissan,Titan,Killeen,Texas,76544,US,31.1282,-97.7469,58757,"Willms, Vandervort and Berge",09/25/2022
439,Glennis,Lemar,glemarc6@zimbio.com,Genderfluid,1989,Subaru,Justy,Shreveport,Louisiana,71130,US,32.6076,-93.7526,32996,Heidenreich Group,09/02/2024
440,Caroljean,Bountiff,cbountiffc7@wunderground.com,Female,2004,Lexus,IS,Kansas City,Missouri,64130,US,39.0351,-94.5467,88569,Jaskolski-Witting,05/19/2024
441,Whitby,Abelovitz,wabelovitzc8@zimbio.com,Male,2001,Toyota,Avalon,Scottsdale,Arizona,85260,US,33.6013,-111.8867,72812,"Bartell, Moore and Steuber",12/18/2025
442,Grover,Sconce,gsconcec9@hibu.com,Male,1996,Mitsubishi,Galant,Tacoma,Washington,98447,US,47.1441,-122.4434,59489,Crooks-Daugherty,05/26/2023
443,Emlynn,Budget,ebudgetca@amazon.co.jp,Female,2000,Volvo,C70,Garland,Texas,75044,US,32.9522,-96.6654,70427,Weimann Group,12/19/2023
444,Garfield,McJarrow,gmcjarrowcb@goo.ne.jp,Male,1994,Dodge,Ram 1500,San Francisco,California,94126,US,37.7848,-122.7278,75184,Koelpin Group,10/06/2023
445,Connie,Timberlake,ctimberlakecc@microsoft.com,Female,2008,Dodge,Caliber,Tampa,Florida,33633,US,27.872,-82.4388,68769,Monahan and Sons,07/10/2025
446,Elvira,Whisker,ewhiskercd@earthlink.net,Female,2007,Ford,F350,Saint Louis,Missouri,63116,US,38.5814,-90.2625,33266,"Berge, Mueller and Von",07/04/2023
447,Josepha,Paradise,jparadisece@yolasite.com,Female,2005,Subaru,Impreza,Albany,New York,12205,US,42.7198,-73.8207,73625,Kiehn LLC,01/11/2025
448,Billie,Viles,bvilescf@google.fr,Female,2004,Mercedes-Benz,G-Class,Washington,District of Columbia,20310,US,38.8933,-77.0146,41535,"Pollich, Cruickshank and Koch",12/27/2024
449,Nicolea,Sterland,nsterlandcg@soundcloud.com,Female,2010,Nissan,Rogue,Waterloo,Iowa,50706,US,42.4156,-92.2703,75240,"Senger, Volkman and Mertz",11/07/2025
450,Antonina,Wellbank,awellbankch@nydailynews.com,Female,2005,Porsche,Carrera GT,Sandy,Utah,84093,US,40.5927,-111.831,74814,Dicki-Klein,01/09/2026
451,Viv,Bodleigh,vbodleighci@hexun.com,Female,1996,Chrysler,Cirrus,Decatur,Georgia,30033,US,33.8123,-84.2819,40368,Maggio-Barton,11/19/2023
452,Katinka,Joriot,kjoriotcj@narod.ru,Agender,2006,Audi,A8,San Antonio,Texas,78245,US,29.4189,-98.6895,96380,Kutch and Sons,08/21/2022
453,Crawford,Croney,ccroneyck@issuu.com,Male,2001,Acura,RL,Detroit,Michigan,48267,US,42.2399,-83.1508,62779,"McGlynn, Ferry and Bins",05/25/2022
454,Keven,Grunwald,kgrunwaldcl@bloglines.com,Male,2006,Ferrari,F430,New York City,New York,10045,US,40.7086,-74.0087,69414,Ward Inc,09/04/2023
455,Ricky,Noice,rnoicecm@amazonaws.com,Male,2000,Subaru,Outback,Lubbock,Texas,79452,US,33.61,-101.8213,94044,McLaughlin Inc,04/05/2022
456,Harris,Di Bartolomeo,hdibartolomeocn@japanpost.jp,Male,2010,Maybach,57,Boca Raton,Florida,33487,US,26.4116,-80.0928,99984,Romaguera Inc,04/05/2024
457,Osbert,Deny,odenyco@vistaprint.com,Male,2007,Chevrolet,HHR,Phoenix,Arizona,85099,US,33.2765,-112.1872,30217,Schuppe LLC,07/31/2025
458,Salem,Pass,spasscp@economist.com,Male,1967,Chevrolet,Camaro,Katy,Texas,77493,US,29.8678,-95.8298,49040,"Mante, Predovic and Will",03/09/2024
459,Ines,Seton,isetoncq@goo.ne.jp,Female,2002,Lexus,GS,Greensboro,North Carolina,27415,US,36.0807,-80.0244,67468,Farrell Inc,05/18/2022
460,Karlik,Gilbeart,kgilbeartcr@livejournal.com,Non-binary,2009,Rolls-Royce,Phantom,Charlotte,North Carolina,28225,US,35.26,-80.8042,60847,"Carter, Buckridge and Stokes",03/05/2025
461,Prue,Morrowe,pmorrowecs@va.gov,Female,2010,Honda,Accord,Seattle,Washington,98158,US,47.4497,-122.3076,85372,"Murazik, Wolf and O'Keefe",11/11/2023
462,Franchot,Polo,fpoloct@histats.com,Male,1998,Dodge,Neon,Brooklyn,New York,11225,US,40.6628,-73.9546,96622,Hermann LLC,02/10/2023
463,Lyndsay,Glanz,lglanzcu@dell.com,Female,1997,Infiniti,QX,Springfield,Illinois,62718,US,39.778,-89.6466,33405,Stiedemann and Sons,12/19/2024
464,Roderick,Klesl,rkleslcv@cisco.com,Male,2005,Toyota,Avalon,Kansas City,Missouri,64190,US,39.3432,-94.8516,78071,Turcotte LLC,03/28/2022
465,Adler,Tidbald,atidbaldcw@cafepress.com,Male,2002,Lexus,LS,Monticello,Minnesota,55565,US,45.2009,-93.8881,68182,"Ferry, Weissnat and Fadel",01/25/2026
466,Eliot,Ashborn,eashborncx@oakley.com,Male,2012,Volkswagen,Jetta,Norfolk,Virginia,23504,US,36.8586,-76.2686,43228,Deckow Inc,08/23/2025
467,Cecilius,Seemmonds,cseemmondscy@mysql.com,Male,2006,Hyundai,Santa Fe,Dallas,Texas,75397,US,32.7673,-96.7776,40666,Schneider-Reichel,05/24/2022
468,Sherwood,Broader,sbroadercz@tuttocitta.it,Male,2005,Mazda,MPV,Buffalo,New York,14205,US,42.7684,-78.8871,76790,"Mueller, Welch and Bailey",05/02/2024
469,Meredith,Kennaird,mkennairdd0@wiley.com,Male,2004,Toyota,Echo,Springfield,Virginia,22156,US,38.8318,-77.2888,39168,Schoen-Bashirian,04/11/2022
470,Archibold,Burnhill,aburnhilld1@soup.io,Male,2006,Spyker,C8 Double 12 S,Anniston,Alabama,36205,US,33.7358,-85.7933,68572,Leannon-Witting,02/27/2024
471,Brook,Sizeland,bsizelandd2@google.ca,Female,2010,Aston Martin,V8 Vantage,Detroit,Michigan,48258,US,42.2399,-83.1508,51428,"Harber, Dare and Funk",01/16/2026
472,Sheppard,McGooch,smcgoochd3@chron.com,Male,2008,GMC,Acadia,Birmingham,Alabama,35295,US,33.5446,-86.9292,42792,"Gislason, Ernser and VonRueden",08/14/2025
473,Cozmo,Toll,ctolld4@opensource.org,Male,2003,Ford,Explorer Sport Trac,Charleston,West Virginia,25356,US,38.2968,-81.5547,73623,"Beer, Hudson and Sporer",08/29/2022
474,Gabriellia,Dawton,gdawtond5@clickbank.net,Female,1993,GMC,Rally Wagon 1500,Fresno,California,93794,US,36.7464,-119.6397,43351,Barrows-Bradtke,10/20/2024
475,Blakelee,Airds,bairdsd6@reverbnation.com,Female,1998,Toyota,Sienna,Omaha,Nebraska,68105,US,41.2435,-95.9629,47806,"Sipes, Bosco and Stehr",10/03/2024
476,Lynna,Pourveer,lpourveerd7@issuu.com,Female,2012,Ford,E-Series,Seattle,Washington,98121,US,47.6151,-122.3447,98176,Yost and Sons,12/30/2022
477,Ly,Yanyushkin,lyanyushkind8@usda.gov,Male,2001,Hyundai,Accent,Louisville,Kentucky,40256,US,38.189,-85.6768,89361,Cole Group,09/10/2022
478,Karita,Tofanelli,ktofanellid9@webs.com,Female,1986,Lincoln,Continental Mark VII,Syracuse,New York,13205,US,43.0123,-76.1452,91346,"Grant, Wyman and Hahn",06/02/2025
479,Gibb,Rycraft,grycraftda@unc.edu,Agender,2009,GMC,Sierra 1500,Oklahoma City,Oklahoma,73135,US,35.411,-97.4388,87644,Collins Inc,07/14/2023
480,Andree,Szabo,aszabodb@lulu.com,Female,1992,Mitsubishi,Precis,Columbus,Ohio,43204,US,39.9523,-83.078,53995,Rowe LLC,12/26/2025
481,Tracy,Moye,tmoyedc@mtv.com,Male,1984,Lincoln,Mark VII,Washington,District of Columbia,20456,US,38.8981,-77.0401,67025,Jenkins-Orn,01/16/2026
482,Cecilio,Ogglebie,cogglebiedd@angelfire.com,Male,1998,Pontiac,Sunfire,Pittsburgh,Pennsylvania,15279,US,40.4344,-80.0248,86891,"Turcotte, Leffler and Klein",01/26/2023
483,Brandy,Janas,bjanasde@mozilla.org,Genderqueer,2000,Acura,NSX,Denver,Colorado,80235,US,39.6472,-105.0795,60500,Schaden Group,11/23/2024
484,Dilly,Cicullo,dcicullodf@icq.com,Male,2008,BMW,7 Series,Hagerstown,Maryland,21747,US,39.5207,-77.9162,70017,"Sauer, Rogahn and Lesch",03/26/2022
485,Stevy,Caplin,scaplindg@mapy.cz,Male,2004,Ford,Mustang,Pinellas Park,Florida,34665,US,27.8402,-82.7125,53109,Miller-Heaney,12/12/2022
486,Ashley,Sowman,asowmandh@list-manage.com,Genderfluid,2010,Lotus,Exige,Phoenix,Arizona,85072,US,33.2765,-112.1872,94816,Botsford-Kuphal,04/11/2024
487,Winni,Sayles,wsaylesdi@ebay.co.uk,Female,2004,Toyota,Matrix,Amarillo,Texas,79105,US,35.4015,-101.8951,42876,Kozey-Bernhard,08/19/2024
488,Hanson,Demaine,hdemainedj@nbcnews.com,Male,2002,Pontiac,Aztek,Fayetteville,North Carolina,28314,US,35.0583,-79.008,83121,Beahan-Jones,03/04/2022
489,Dennie,Zanini,dzaninidk@infoseek.co.jp,Male,2003,Ford,Escape,Tulsa,Oklahoma,74126,US,36.2383,-95.9931,46797,Hegmann-Stokes,03/08/2022
490,Hynda,Craigie,hcraigiedl@yandex.ru,Female,1995,Mazda,929,Greensboro,North Carolina,27425,US,36.0807,-80.0244,96765,Wuckert-Rice,11/30/2023
491,Moritz,Potes,mpotesdm@live.com,Male,2009,Suzuki,Equator,Henderson,Nevada,89012,US,36.0119,-115.0433,44176,Gorczany-Jacobson,10/30/2023
492,Damara,Viscovi,dviscovidn@msu.edu,Female,2010,Dodge,Grand Caravan,Macon,Georgia,31217,US,32.8118,-83.565,84648,Keebler Group,06/29/2022
493,Ker,Belsham,kbelshamdo@geocities.com,Male,1994,Nissan,Pathfinder,Fort Worth,Texas,76192,US,32.7714,-97.2915,86095,Marvin and Sons,10/12/2024
494,Curtice,Broggio,cbroggiodp@webnode.com,Male,2009,BMW,Z4 M,Dayton,Ohio,45440,US,39.6749,-84.1136,69044,"Berge, Kris and Haag",10/15/2023
495,Ame,Antognetti,aantognettidq@youtu.be,Female,2008,Ford,Taurus,Mobile,Alabama,36670,US,30.6589,-88.178,73742,Stokes Group,09/25/2022
496,Basia,Brimble,bbrimbledr@guardian.co.uk,Female,2009,Volkswagen,Rabbit,Boise,Idaho,83716,US,43.5345,-115.9711,88207,"Nader, Torphy and Becker",11/21/2024
497,Raye,Sandall,rsandallds@symantec.com,Female,1997,Toyota,Previa,Saint Louis,Missouri,63158,US,38.6531,-90.2435,98066,"Marvin, Heaney and Wisoky",09/29/2025
498,Amaleta,Escalante,aescalantedt@ustream.tv,Female,1999,Nissan,Frontier,San Jose,California,95150,US,37.3866,-121.897,30654,Shanahan and Sons,01/16/2024
499,Ethelin,Newcomen,enewcomendu@nifty.com,Female,2012,Cadillac,SRX,Troy,Michigan,48098,US,42.5991,-83.1789,52348,Little-Cremin,10/03/2023
500,Shane,Wolfart,swolfartdv@51.la,Female,2008,Ferrari,599 GTB Fiorano,Tyler,Texas,75705,US,32.3766,-95.1252,51624,"VonRueden, Ankunding and Stiedemann",01/18/2024
501,Annetta,De la Zenne,adelazennedw@mit.edu,Female,2006,GMC,Savana 2500,Midland,Michigan,48670,US,43.6375,-84.2568,71903,Schaden-Reilly,04/27/2024
502,Ingamar,Proswell,iproswelldx@csmonitor.com,Male,1989,Mitsubishi,Pajero,Spokane,Washington,99220,US,47.6536,-117.4317,32201,Swaniawski-Goyette,12/29/2024
503,Rhoda,Broz,rbrozdy@dyndns.org,Female,1991,Volkswagen,Corrado,Roanoke,Virginia,24034,US,37.2742,-79.9579,86174,Harber-Roob,04/28/2025
504,Korie,Bubbear,kbubbeardz@berkeley.edu,Female,2001,Subaru,Forester,Chicago,Illinois,60669,US,41.8119,-87.6873,78837,Kulas Inc,11/29/2022
505,Malcolm,Judge,mjudgee0@si.edu,Male,2012,Mitsubishi,Galant,Springfield,Massachusetts,01114,US,42.1707,-72.6048,74396,Bashirian-Olson,10/09/2023
506,Mattie,Allon,mallone1@craigslist.org,Female,2005,BMW,325,Bloomington,Illinois,61709,US,40.4614,-88.953,76162,Padberg Inc,10/10/2022
507,Jens,Severy,jseverye2@harvard.edu,Male,2003,BMW,760,Denver,Colorado,80228,US,39.6888,-105.156,34445,Kautzer LLC,07/09/2025
508,Nancee,Pydcock,npydcocke3@prnewswire.com,Female,2001,Saab,9-5,Los Angeles,California,90060,US,33.7866,-118.2987,93981,"Spinka, Weimann and Heller",08/08/2024
509,Larry,Goddard,lgoddarde4@dedecms.com,Male,2008,Infiniti,G35,Midland,Michigan,48670,US,43.6375,-84.2568,35912,"Monahan, Goldner and O'Keefe",05/21/2023
510,Hal,Prose,hprosee5@feedburner.com,Male,1999,Toyota,Avalon,Frederick,Maryland,21705,US,39.47,-77.3921,91831,Kertzmann-Denesik,04/16/2023
511,Cort,Tingcomb,ctingcombe6@merriam-webster.com,Male,1996,Chevrolet,Express 3500,Tallahassee,Florida,32309,US,30.5422,-84.1413,72132,Lemke Group,05/07/2023
512,Brant,Dumblton,bdumbltone7@behance.net,Male,1993,Mercedes-Benz,300CE,Washington,District of Columbia,20546,US,38.891,-77.0211,69307,Hayes and Sons,01/17/2024
513,Ddene,Morefield,dmorefielde8@intel.com,Female,2008,Cadillac,DTS,Baton Rouge,Louisiana,70894,US,30.5159,-91.0804,74372,"Turner, Cassin and Cartwright",06/15/2023
514,Caldwell,Mattek,cmatteke9@nifty.com,Male,1993,GMC,2500 Club Coupe,Harrisburg,Pennsylvania,17105,US,40.2785,-76.8752,56059,"Kiehn, Pouros and Kuhic",10/07/2024
515,Sarine,Disbrow,sdisbrowea@dropbox.com,Female,1997,Mazda,MX-5,Youngstown,Ohio,44555,US,41.1039,-80.6436,41603,"Walsh, Purdy and Kutch",04/16/2023
516,Randy,Orys,roryseb@ebay.co.uk,Male,2007,GMC,Yukon,Topeka,Kansas,66699,US,39.0429,-95.7697,56210,"Konopelski, Conroy and Breitenberg",10/31/2024
517,Rosy,Crepin,rcrepinec@yellowbook.com,Female,2012,Scion,xB,Lake Charles,Louisiana,70607,US,30.1244,-93.1835,92644,Pfannerstill Group,05/21/2024
518,Kynthia,Reeder,kreedered@businessweek.com,Female,1995,Ford,Escort,Austin,Texas,78715,US,30.4501,-97.4865,85895,"Robel, Kemmer and Kiehn",11/12/2022
519,Travers,Radcliffe,tradcliffeee@shinystat.com,Agender,2001,Porsche,911,Jeffersonville,Indiana,47134,US,38.2868,-85.7321,40803,"Reichel, Schoen and Tromp",11/09/2024
520,Gussie,Ianinotti,gianinottief@accuweather.com,Female,1987,Acura,Legend,Atlanta,Georgia,31165,US,33.7629,-84.4226,62549,Quigley-Cassin,11/19/2022
521,Ericka,Rook,erookeg@scribd.com,Female,1999,Volvo,S70,Sacramento,California,94273,US,38.3774,-121.4444,57996,"Huel, Renner and Kohler",12/05/2023
522,Jervis,Summerskill,jsummerskilleh@mozilla.com,Male,1990,Buick,Estate,Mobile,Alabama,36605,US,30.6341,-88.0846,68170,"Wuckert, Shields and Dooley",07/21/2025
523,Robin,Traviss,rtravissei@soup.io,Female,1994,Jeep,Cherokee,Palo Alto,California,94302,US,37.1894,-121.7053,46222,"Blanda, Jenkins and McCullough",01/18/2026
524,Tina,Byers,tbyersej@ucsd.edu,Female,2000,Chrysler,Concorde,Las Cruces,New Mexico,88006,US,32.3052,-106.7863,83469,Stokes-Lockman,03/04/2023
525,Gibbie,Joan,gjoanek@blog.com,Male,1993,Chevrolet,2500,Pensacola,Florida,32590,US,30.6143,-87.2758,87298,Kris-Crona,11/09/2025
526,Tresa,Werrit,twerritel@sbwire.com,Female,1992,Mercedes-Benz,500SL,Washington,District of Columbia,20215,US,38.8933,-77.0146,57062,"Tremblay, Swaniawski and Rippin",06/26/2022
527,Faythe,Van Der Vlies,fvandervliesem@sbwire.com,Female,2011,BMW,3 Series,Arlington,Texas,76011,US,32.7582,-97.1003,77006,Mosciski-Koch,03/17/2024
528,Tate,Simonson,tsimonsonen@booking.com,Female,2011,Ford,Edge,Denver,Colorado,80270,US,39.7388,-104.4083,39919,"Lynch, Rath and O'Kon",03/14/2022
529,Kelsi,Webermann,kwebermanneo@ow.ly,Female,2001,Toyota,Prius,Cincinnati,Ohio,45264,US,39.1668,-84.5382,78393,Konopelski-Schneider,05/21/2023
530,Ariel,Millership,amillershipep@telegraph.co.uk,Female,2010,Land Rover,Freelander,Los Angeles,California,90045,US,33.9631,-118.3941,95267,Reichel Inc,04/09/2025
531,Jenda,McGunley,jmcgunleyeq@china.com.cn,Non-binary,1996,Chevrolet,3500,Austin,Texas,78715,US,30.4501,-97.4865,88810,Moore Inc,09/05/2025
532,Maurie,Brewins,mbrewinser@ning.com,Male,2003,Maybach,62,Los Angeles,California,90035,US,34.0531,-118.3806,69584,Collier Inc,07/18/2025
533,Camila,Walduck,cwalduckes@squarespace.com,Female,2012,Chevrolet,Equinox,Lexington,Kentucky,40546,US,38.0283,-84.4715,85375,"Fritsch, Brakus and Bergnaum",03/29/2023
534,Brett,Moncur,bmoncuret@newsvine.com,Non-binary,2012,Lincoln,MKZ,North Las Vegas,Nevada,89036,US,35.9279,-114.9721,45779,Haag-Keeling,02/24/2024
535,Hallie,Playden,hplaydeneu@odnoklassniki.ru,Female,2000,Acura,RL,Brockton,Massachusetts,02405,US,41.9705,-70.7014,40378,Moen Group,04/21/2025
536,Allistir,Mathely,amathelyev@seattletimes.com,Male,1983,Chevrolet,Caprice,Burbank,California,91520,US,34.1869,-118.348,66406,Raynor-Jacobson,05/22/2024
537,Valaree,Witz,vwitzew@earthlink.net,Female,2008,Land Rover,Range Rover Sport,Memphis,Tennessee,38161,US,35.2017,-89.9715,66382,"Herzog, O'Connell and Rath",03/13/2024
538,Phebe,Sandham,psandhamex@behance.net,Female,2007,Mitsubishi,Endeavor,Newton,Massachusetts,02458,US,42.3528,-71.1875,97313,"Krajcik, Gleichner and Cruickshank",01/14/2024
539,Tedman,Abson,tabsoney@mlb.com,Polygender,1999,Mitsubishi,Diamante,Mobile,Alabama,36641,US,30.6589,-88.178,93224,"King, Macejkovic and Heidenreich",05/17/2025
540,Pietro,Denisyev,pdenisyevez@purevolume.com,Male,2006,Mercury,Milan,Peoria,Illinois,61635,US,40.7442,-89.7184,63361,Halvorson LLC,05/22/2025
541,Fran,Rault,fraultf0@upenn.edu,Male,2009,Honda,Element,Saint Paul,Minnesota,55188,US,45.0059,-93.1059,97840,"Raynor, Kunze and Cassin",05/12/2025
542,Hinze,Weiser,hweiserf1@nydailynews.com,Male,1993,Audi,Quattro,El Paso,Texas,88579,US,31.6948,-106.3,42912,"Jaskolski, Schroeder and Kuhn",04/15/2023
543,Agosto,Sperry,asperryf2@uiuc.edu,Male,1988,Honda,Accord,Cincinnati,Ohio,45238,US,39.1092,-84.6108,73243,Hagenes LLC,11/16/2022
544,Dodie,Nary,dnaryf3@sitemeter.com,Female,2009,Hyundai,Tiburon,Tucson,Arizona,85725,US,31.9701,-111.8907,33106,"Moore, Wiza and Tremblay",01/08/2023
545,Cindelyn,McCrorie,cmccrorief4@barnesandnoble.com,Female,2000,Subaru,Legacy,Scranton,Pennsylvania,18514,US,41.4019,-75.6376,53155,Langworth Group,07/27/2023
546,Perceval,Crookall,pcrookallf5@qq.com,Agender,1997,Jeep,Wrangler,Ann Arbor,Michigan,48107,US,42.2535,-83.8366,85467,Feeney-Douglas,07/02/2023
547,Katee,MacKeogh,kmackeoghf6@w3.org,Female,1993,Toyota,Paseo,Pensacola,Florida,32526,US,30.4756,-87.3179,31542,"Jaskolski, Bradtke and McClure",06/08/2025
548,Frasquito,Blooman,fbloomanf7@comcast.net,Male,1991,Mercury,Sable,Atlanta,Georgia,30340,US,33.8932,-84.2539,83237,Boyle Inc,06/23/2024
549,Riley,Poles,rpolesf8@pcworld.com,Male,1997,Cadillac,Catera,Jamaica,New York,11470,US,40.6914,-73.8061,40825,Trantow Inc,08/31/2023
550,Mabelle,Gherardini,mgherardinif9@stanford.edu,Female,2006,Mazda,Mazda6 Sport,Pittsburgh,Pennsylvania,15235,US,40.4598,-79.8224,56722,Marquardt Inc,06/14/2023
551,Herold,Harrismith,hharrismithfa@sitemeter.com,Male,2005,Cadillac,SRX,Wichita,Kansas,67205,US,37.7639,-97.4269,32889,Schamberger-Kirlin,04/30/2024
552,Townie,Bastone,tbastonefb@google.cn,Male,1987,Volkswagen,Passat,Tacoma,Washington,98405,US,47.2484,-122.4644,76676,Bartoletti and Sons,02/25/2025
553,Godfry,Medway,gmedwayfc@bbc.co.uk,Male,2003,Chevrolet,Avalanche 1500,Fort Worth,Texas,76115,US,32.6796,-97.3336,62741,"Greenholt, Rohan and Altenwerth",03/15/2022
554,Elke,Kinnoch,ekinnochfd@gmpg.org,Female,1985,Mercury,Capri,Southfield,Michigan,48076,US,42.4981,-83.2058,35332,Howell-Glover,08/25/2022
555,Had,Guys,hguysfe@fastcompany.com,Male,1998,Audi,Cabriolet,Los Angeles,California,90035,US,34.0531,-118.3806,99577,"Kirlin, Crona and Olson",01/15/2026
556,Lennie,Chevis,lchevisff@forbes.com,Male,2010,Saab,9-5,Spokane,Washington,99215,US,47.6536,-117.4317,72332,Boyle Group,07/09/2024
557,Quincy,Leworthy,qleworthyfg@pbs.org,Male,2004,Mercury,Grand Marquis,Washington,District of Columbia,20215,US,38.8933,-77.0146,53142,"Reilly, Haley and Crooks",10/21/2025
558,Hastings,Dickey,hdickeyfh@timesonline.co.uk,Male,2007,Toyota,Avalon,Denton,Texas,76205,US,33.1903,-97.1282,57260,"Fritsch, Jakubowski and Howe",04/21/2025
559,Noni,Chooter,nchooterfi@cloudflare.com,Non-binary,2003,Chevrolet,Monte Carlo,Houston,Texas,77281,US,29.834,-95.4342,74319,O'Keefe-Bashirian,07/31/2023
560,Jefferson,Christophe,jchristophefj@prnewswire.com,Male,1994,Oldsmobile,Bravada,Cleveland,Ohio,44177,US,41.6857,-81.6728,69834,"Kozey, Grady and Kihn",06/11/2022
561,Vivi,McMenemy,vmcmenemyfk@skyrock.com,Female,1993,Volkswagen,Corrado,Pompano Beach,Florida,33075,US,26.1457,-80.4483,35992,Harvey-Willms,11/04/2022
562,Cozmo,Paffitt,cpaffittfl@nih.gov,Male,2008,Chevrolet,Suburban,Albany,New York,12255,US,42.6149,-73.9708,62993,"Jast, Kuvalis and Lubowitz",05/08/2023
563,Kalina,MacElroy,kmacelroyfm@intel.com,Female,2008,Chevrolet,Malibu,Minneapolis,Minnesota,55407,US,44.9378,-93.2545,88410,Adams and Sons,02/01/2024
564,Hewet,Bernlin,hbernlinfn@de.vu,Male,1999,Chevrolet,Blazer,Glendale,Arizona,85305,US,33.5291,-112.2482,85076,Bednar Group,10/22/2022
565,Edmund,Brisson,ebrissonfo@sun.com,Male,2008,Mercury,Sable,Peoria,Illinois,61605,US,40.6775,-89.6263,59949,"Gusikowski, Harris and Denesik",09/09/2025
566,Saunders,Gunter,sgunterfp@ow.ly,Male,2002,Subaru,Legacy,New Haven,Connecticut,06533,US,41.3657,-72.9275,43279,Streich and Sons,10/10/2025
567,Starr,Dikels,sdikelsfq@vk.com,Female,2000,BMW,X5,Honolulu,Hawaii,96845,US,21.3278,-157.8294,92163,Waters and Sons,12/14/2025
568,Maurits,Palatini,mpalatinifr@mlb.com,Male,2000,GMC,Sierra 1500,Boulder,Colorado,80305,US,39.9807,-105.2531,55146,"Boehm, Gutkowski and Bradtke",02/04/2023
569,Wildon,Dollin,wdollinfs@shinystat.com,Male,1995,Dodge,Spirit,Cincinnati,Ohio,45999,US,39.1668,-84.5382,31367,Hessel Group,01/05/2025
570,Laurie,Lefridge,llefridgeft@mashable.com,Male,2000,Jaguar,XK Series,Dallas,Texas,75265,US,32.7673,-96.7776,82162,Buckridge-Muller,09/08/2023
571,Wilbert,Tewes,wtewesfu@nbcnews.com,Male,2007,GMC,Sierra 3500,Orlando,Florida,32803,US,28.5559,-81.3535,65158,Konopelski-Gorczany,11/10/2023
572,Avril,Michie,amichiefv@patch.com,Female,2004,Saturn,Ion,Baltimore,Maryland,21229,US,39.2856,-76.6899,57484,"Nicolas, Shanahan and Hoppe",05/14/2024
573,Dewitt,Grahlman,dgrahlmanfw@360.cn,Male,1996,Buick,LeSabre,Charleston,South Carolina,29424,US,32.7831,-79.937,83317,"Maggio, Mayert and Abbott",10/15/2024
574,Cristine,Chillcot,cchillcotfx@princeton.edu,Female,2006,Toyota,Matrix,Atlanta,Georgia,31190,US,33.7629,-84.4226,94807,"Bradtke, Cartwright and Stokes",06/07/2024
575,Laurice,Haddon,lhaddonfy@wiley.com,Genderfluid,1996,Volkswagen,rio,Pittsburgh,Pennsylvania,15255,US,40.4344,-80.0248,88364,Bernier-Monahan,07/24/2024
576,Cherilynn,Valentine,cvalentinefz@homestead.com,Female,2004,Kia,Optima,Fort Worth,Texas,76178,US,32.7714,-97.2915,72354,Schmeler-Hintz,01/06/2026
577,Jaquelyn,McNeilley,jmcneilleyg0@foxnews.com,Female,1990,Volkswagen,Corrado,Denver,Colorado,80217,US,39.7388,-104.4083,45428,"Schuster, Schultz and Casper",12/26/2023
578,Arda,Canas,acanasg1@weebly.com,Non-binary,1992,Infiniti,G,Madison,Wisconsin,53716,US,43.0631,-89.3133,55448,Turner-Hauck,05/11/2024
579,Pepillo,MacVicar,pmacvicarg2@pen.io,Male,1991,Mitsubishi,Chariot,Oklahoma City,Oklahoma,73142,US,35.599,-97.6251,89554,Hilll LLC,11/04/2025
580,Durante,Bonds,dbondsg3@statcounter.com,Male,2002,Ford,F-Series,Tampa,Florida,33647,US,28.1147,-82.3678,99479,Beahan Group,12/09/2023
581,Walsh,Brandassi,wbrandassig4@vimeo.com,Male,2012,Mercedes-Benz,R-Class,Memphis,Tennessee,38197,US,35.2017,-89.9715,51593,Schulist Group,09/18/2023
582,Del,Rominov,drominovg5@blog.com,Female,1991,Lexus,LS,Saint Cloud,Minnesota,56372,US,45.5289,-94.5933,82292,Goodwin-Reynolds,07/29/2024
583,Feliks,Mathan,fmathang6@feedburner.com,Male,2005,Nissan,Armada,New York City,New York,10275,US,40.7808,-73.9772,94406,"Marquardt, King and Ondricka",09/11/2022
584,Jazmin,Guille,jguilleg7@narod.ru,Female,1992,Mazda,RX-7,Inglewood,California,90305,US,33.9583,-118.3258,30980,Abbott-Schowalter,03/04/2023
585,Nariko,Dineges,ndinegesg8@narod.ru,Female,2008,Ford,E250,Albany,Georgia,31704,US,31.55,-84.0612,37558,"Schowalter, Cruickshank and Jacobson",10/28/2025
586,Salvador,Ballchin,sballching9@stanford.edu,Male,1991,Lexus,ES,Youngstown,Ohio,44511,US,41.0704,-80.6931,57655,"Langworth, McDermott and Hintz",08/30/2023
587,Euphemia,Cohn,ecohnga@japanpost.jp,Female,2010,Chevrolet,Suburban 1500,Stamford,Connecticut,06905,US,41.0888,-73.5435,35489,Ondricka-Hoeger,04/30/2023
588,Cherie,Cronkshaw,ccronkshawgb@ow.ly,Female,2011,Mazda,CX-9,Washington,District of Columbia,20425,US,38.8933,-77.0146,86451,Hahn Group,08/24/2022
589,Warner,Cardus,wcardusgc@bravesites.com,Male,1995,Oldsmobile,Silhouette,Joliet,Illinois,60435,US,41.5454,-88.1299,71593,Kunde-Fay,06/28/2024
590,Lamond,Ebben,lebbengd@addtoany.com,Male,2007,Chevrolet,Tahoe,Rochester,New York,14614,US,43.1558,-77.6142,32426,"Howell, Gislason and Grimes",04/29/2023
591,Hilliard,MacAlpine,hmacalpinege@typepad.com,Non-binary,1975,Chevrolet,Monza,Kansas City,Missouri,64193,US,39.035,-94.3567,74668,"Schaefer, Frami and Wuckert",04/28/2024
592,Sigismundo,McMillam,smcmillamgf@ed.gov,Male,2006,Nissan,350Z,Portland,Oregon,97240,US,45.5806,-122.3748,73531,Hegmann Inc,12/24/2024
593,Jerry,Agass,jagassgg@jiathis.com,Agender,1997,Cadillac,Seville,Birmingham,Alabama,35263,US,33.5225,-86.8094,69661,Kessler Group,05/27/2023
594,Quent,Inns,qinnsgh@independent.co.uk,Male,1997,Jaguar,XJ Series,Portland,Oregon,97255,US,45.5806,-122.3748,43220,Gorczany Group,05/12/2024
595,Stillmann,Borchardt,sborchardtgi@paginegialle.it,Male,2002,Chrysler,Voyager,New Orleans,Louisiana,70116,US,29.9686,-90.0646,73704,Altenwerth Group,06/21/2025
596,Aldridge,Trayling,atraylinggj@boston.com,Male,2005,Nissan,Titan,Buffalo,New York,14263,US,42.7684,-78.8871,84475,"Tremblay, Jerde and Adams",12/30/2022
597,Carmelina,Witul,cwitulgk@oaic.gov.au,Female,1985,Mercury,Grand Marquis,New Haven,Connecticut,06510,US,41.3087,-72.9271,80613,Champlin LLC,03/18/2024
598,Charleen,Ambresin,cambresingl@unc.edu,Female,2009,GMC,Sierra 1500,Denver,Colorado,80204,US,39.734,-105.0259,85859,Gerhold-Rutherford,06/24/2024
599,Norton,Rowaszkiewicz,nrowaszkiewiczgm@senate.gov,Male,2005,Land Rover,Range Rover,Saint Petersburg,Florida,33742,US,27.8918,-82.7248,77458,Schamberger LLC,11/06/2024
600,Fancie,Whatford,fwhatfordgn@prweb.com,Female,2013,Porsche,Panamera,Norcross,Georgia,30092,US,33.9677,-84.2438,31766,Fadel-Schneider,04/30/2022
601,Slade,Hallex,shallexgo@acquirethisname.com,Male,2008,Suzuki,Grand Vitara,Grand Rapids,Michigan,49544,US,43.0073,-85.7255,64198,"McLaughlin, Feil and Oberbrunner",05/20/2024
602,Elaina,Cubley,ecubleygp@geocities.jp,Female,1985,Pontiac,Grand Am,Midland,Texas,79710,US,31.8693,-102.0317,43397,"Durgan, Toy and Ratke",04/11/2023
603,Meredith,Bottelstone,mbottelstonegq@examiner.com,Male,1994,Lexus,SC,Jamaica,New York,11470,US,40.6914,-73.8061,98718,"Kreiger, Swift and Kuphal",02/10/2023
604,Sherri,Crighten,scrightengr@time.com,Genderfluid,2009,MINI,Cooper,Minneapolis,Minnesota,55417,US,44.9054,-93.2361,32157,Mills-Beier,03/30/2025
605,Simone,Maliffe,smaliffegs@apple.com,Male,2005,Chrysler,Pacifica,Reno,Nevada,89519,US,39.4814,-119.8591,75702,Hessel-Hansen,04/10/2023
606,Gibb,Belsher,gbelshergt@stumbleupon.com,Male,2010,Lotus,Evora,Arlington,Virginia,22225,US,38.8808,-77.113,88416,Willms-Cruickshank,12/01/2023
607,Eustace,Mourgue,emourguegu@oakley.com,Male,2006,Mazda,Mazda5,Eugene,Oregon,97405,US,44.0185,-123.0998,42126,Dickens-Barton,04/22/2022
608,Quill,Domeney,qdomeneygv@angelfire.com,Male,2001,Oldsmobile,Aurora,Aurora,Colorado,80044,US,39.7388,-104.4083,51879,"Stroman, Mills and Lowe",06/13/2023
609,Sadye,Wasielewicz,swasielewiczgw@accuweather.com,Genderqueer,1986,Buick,Skyhawk,Salt Lake City,Utah,84189,US,40.6681,-111.9083,61524,Russel and Sons,06/28/2022
610,Trever,Beirne,tbeirnegx@accuweather.com,Male,1990,Buick,Coachbuilder,Cincinnati,Ohio,45264,US,39.1668,-84.5382,41782,Cruickshank-Simonis,08/29/2023
611,Oralia,Week,oweekgy@usda.gov,Female,1992,Hyundai,Excel,Montgomery,Alabama,36195,US,32.3544,-86.2843,66137,"Gutmann, Rau and O'Conner",02/24/2023
612,Nathanil,McWard,nmcwardgz@geocities.jp,Male,1993,Chrysler,Concorde,Orlando,Florida,32830,US,28.3822,-81.569,98233,Nikolaus Group,05/13/2024
613,Jeri,Mustarde,jmustardeh0@oakley.com,Female,1992,Toyota,4Runner,Alexandria,Virginia,22309,US,38.7192,-77.1073,92397,"Krajcik, Stracke and Okuneva",10/24/2022
614,Meris,Esslement,messlementh1@businessinsider.com,Female,1995,Chevrolet,Monte Carlo,South Bend,Indiana,46614,US,41.6255,-86.2433,66224,Hilll-Kemmer,02/16/2023
615,Bernardo,Clearley,bclearleyh2@biglobe.ne.jp,Male,2012,Dodge,Journey,Lancaster,Pennsylvania,17622,US,40.0418,-76.3012,78555,"Price, Hamill and Littel",04/27/2025
616,Magdaia,Izod,mizodh3@irs.gov,Female,1996,Ford,Taurus,Palo Alto,California,94302,US,37.1894,-121.7053,54398,Friesen-Kilback,03/03/2022
617,Krissy,Spinas,kspinash4@unc.edu,Non-binary,2001,Suzuki,Esteem,Roanoke,Virginia,24048,US,37.2742,-79.9579,53059,Schinner and Sons,10/17/2022
618,Ermanno,Rishbrook,erishbrookh5@trellian.com,Male,2001,GMC,Safari,Palmdale,California,93591,US,34.6019,-117.8123,51944,Carroll-Brown,06/21/2022
619,Blinny,Stoker,bstokerh6@bizjournals.com,Female,2007,Infiniti,QX56,Charleston,South Carolina,29403,US,32.7976,-79.9493,67077,Franecki-Wisozk,03/05/2023
620,Zacherie,Degoy,zdegoyh7@cbc.ca,Male,1997,Audi,Cabriolet,Portland,Oregon,97296,US,45.5806,-122.3748,93850,"Hudson, Windler and Kuhlman",05/17/2025
621,Jaimie,Nourse,jnourseh8@free.fr,Female,2012,Kia,Optima,Houston,Texas,77095,US,29.8941,-95.6481,79290,Mitchell and Sons,07/10/2023
622,Alida,Rawood,arawoodh9@nationalgeographic.com,Polygender,1989,BMW,6 Series,Albuquerque,New Mexico,87105,US,35.0448,-106.6893,42334,"Wuckert, Hodkiewicz and Brown",04/29/2024
623,Nedi,Dorkin,ndorkinha@businessinsider.com,Female,1994,Oldsmobile,Achieva,Arlington,Virginia,22212,US,38.8808,-77.113,64415,"Carter, Lubowitz and Ernser",10/04/2022
624,Daryle,Gutans,dgutanshb@ycombinator.com,Male,2006,GMC,Sierra Denali,Saint Paul,Minnesota,55108,US,44.9806,-93.1771,46774,Erdman-Mante,12/04/2023
625,Rina,Ambrogetti,rambrogettihc@microsoft.com,Female,1990,Porsche,928,Saint Petersburg,Florida,33710,US,27.7898,-82.7243,61891,Mante LLC,06/24/2022
626,Jude,Eastwood,jeastwoodhd@simplemachines.org,Male,1990,Ford,Bronco,Toledo,Ohio,43615,US,41.6492,-83.6706,73169,Kohler Inc,10/29/2024
627,Errol,Rabley,erableyhe@guardian.co.uk,Male,2009,Ford,Edge,Houston,Texas,77299,US,29.834,-95.4342,37649,Conn-Koss,10/23/2023
628,Leroi,Seson,lsesonhf@flavors.me,Male,2011,BMW,X6,Richmond,Virginia,23208,US,37.5593,-77.4471,55921,"Pollich, MacGyver and Jerde",06/11/2023
629,Stan,Littlewood,slittlewoodhg@ovh.net,Polygender,2006,Ford,E350,Atlanta,Georgia,31132,US,33.7488,-84.3883,84033,"Walker, Altenwerth and Wilderman",09/29/2024
630,Marcie,Ternent,mternenthh@imdb.com,Genderfluid,1965,Volkswagen,Beetle,Hartford,Connecticut,06152,US,41.7918,-72.7188,95068,Witting-Hessel,08/05/2023
631,Dierdre,Pail,dpailhi@answers.com,Female,1998,Ford,Econoline E150,Cleveland,Ohio,44125,US,41.4335,-81.6323,68003,"Heidenreich, Bins and Pfeffer",03/07/2023
632,Tudor,McIlmorie,tmcilmoriehj@samsung.com,Male,2001,Ford,Explorer,Des Moines,Iowa,50335,US,41.6727,-93.5722,95062,D'Amore LLC,07/17/2023
633,Toma,Wallsworth,twallsworthhk@fda.gov,Female,1999,Chevrolet,Express 2500,Dallas,Texas,75358,US,32.7942,-96.7652,43982,"Jast, Becker and Ziemann",07/18/2023
634,Emmalyn,Cattanach,ecattanachhl@homestead.com,Female,2009,Toyota,TundraMax,Melbourne,Florida,32919,US,28.3067,-80.6862,42916,Tremblay Group,12/25/2024
635,Sydel,Mettericke,smetterickehm@cafepress.com,Female,2006,Chrysler,PT Cruiser,Omaha,Nebraska,68179,US,41.2917,-96.1711,88286,Konopelski-Schmitt,08/08/2024
636,Gustave,Pullinger,gpullingerhn@dailymotion.com,Male,1987,Volkswagen,GTI,Port Washington,New York,11054,US,40.7548,-73.6018,34916,"Bartoletti, Schimmel and Fadel",10/05/2024
637,Roshelle,Gowthorpe,rgowthorpeho@noaa.gov,Female,1992,Mercedes-Benz,500SL,Pasadena,Texas,77505,US,29.6518,-95.1464,58295,"Connelly, Zemlak and Monahan",05/12/2025
638,Oby,Polo,opolohp@alibaba.com,Male,1992,Dodge,Caravan,Anaheim,California,92805,US,33.8359,-117.9086,48475,"Schowalter, Dickinson and Hilll",12/08/2023
639,Bari,Polden,bpoldenhq@cafepress.com,Female,1995,Mazda,MX-3,Stamford,Connecticut,06912,US,41.3089,-73.3637,81937,Lueilwitz-Boyer,04/16/2024
640,Roddy,Hemphall,rhemphallhr@ning.com,Male,2006,Chevrolet,Suburban 2500,Louisville,Kentucky,40215,US,38.1913,-85.7847,30342,Kirlin LLC,09/18/2022
641,Alana,McGeever,amcgeeverhs@icio.us,Female,1995,Subaru,Legacy,Wilmington,North Carolina,28410,US,34.0881,-77.8526,56726,Schaefer and Sons,12/16/2025
642,Sylvia,McCurt,smccurtht@miibeian.gov.cn,Female,1995,GMC,Sonoma Club Coupe,Lexington,Kentucky,40546,US,38.0283,-84.4715,38236,Koelpin LLC,07/28/2024
643,Shalom,Puller,spullerhu@dot.gov,Male,2012,MINI,Cooper Clubman,Akron,Ohio,44321,US,41.1002,-81.6443,92891,Hoeger-Pouros,05/13/2024
644,Maggee,McGaugie,mmcgaugiehv@indiegogo.com,Female,1991,Lincoln,Town Car,Bronx,New York,10469,US,40.8702,-73.8495,54362,Pfannerstill Group,08/01/2025
645,Tonnie,Toomer,ttoomerhw@51.la,Male,2004,Hyundai,Sonata,Saint Petersburg,Florida,33710,US,27.7898,-82.7243,91328,"Harvey, Brekke and MacGyver",01/06/2026
646,Fabe,O' Hanvey,fohanveyhx@geocities.jp,Male,1999,Hummer,H1,Marietta,Georgia,30066,US,34.0378,-84.5038,63133,Greenfelder and Sons,09/19/2023
647,Melody,Acreman,macremanhy@scribd.com,Female,1993,Cadillac,Allante,Tucson,Arizona,85710,US,32.2138,-110.824,39282,Cartwright and Sons,05/17/2022
648,Renate,Antonazzi,rantonazzihz@seesaa.net,Agender,1997,Ford,F-Series,Saint Louis,Missouri,63196,US,38.6531,-90.2435,53650,Bahringer-Waters,10/30/2022
649,Gaspar,Boot,gbooti0@ox.ac.uk,Male,1990,Subaru,Legacy,Lubbock,Texas,79415,US,33.6021,-101.876,67674,Dach-Turcotte,11/03/2024
650,Othello,O'Cleary,ooclearyi1@merriam-webster.com,Male,1997,Pontiac,Grand Prix,Tampa,Florida,33680,US,27.872,-82.4388,48979,Bartoletti Inc,11/22/2025
651,Rad,Perrelle,rperrellei2@ted.com,Male,1973,Ford,Mustang,Glendale,Arizona,85305,US,33.5291,-112.2482,61151,DuBuque-Quitzon,04/25/2023
652,Emilia,Kelcey,ekelceyi3@ebay.com,Female,2006,Ford,E-350 Super Duty Van,Tucson,Arizona,85725,US,31.9701,-111.8907,48590,Kuhn Inc,07/27/2022
653,Jordan,Kinze,jkinzei4@storify.com,Female,2011,Maybach,57,Topeka,Kansas,66606,US,39.0583,-95.7095,95713,Weissnat-Yundt,06/12/2023
654,Wendell,Cough,wcoughi5@privacy.gov.au,Male,2012,Porsche,Cayenne,Lansing,Michigan,48930,US,42.7325,-84.5587,46376,Ebert and Sons,04/27/2023
655,Wakefield,Briscam,wbriscami6@slideshare.net,Male,2003,Nissan,Altima,Cincinnati,Ohio,45233,US,39.111,-84.6594,72422,"Murphy, Kovacek and Lynch",03/10/2024
656,Michaella,Hannam,mhannami7@marketwatch.com,Female,2005,Ford,Escape,Fort Lauderdale,Florida,33315,US,26.0989,-80.1541,80689,Welch and Sons,03/19/2025
657,Nappie,Maudlin,nmaudlini8@1und1.de,Male,1995,Honda,Odyssey,Cincinnati,Ohio,45254,US,39.1668,-84.5382,47396,Goldner-Moen,06/26/2022
658,Wernher,Pietzke,wpietzkei9@wix.com,Male,1992,Mercedes-Benz,500SEL,Philadelphia,Pennsylvania,19172,US,39.9473,-75.15,41521,Beer LLC,12/24/2024
659,Orlan,Goodfield,ogoodfieldia@soup.io,Polygender,2006,Mercury,Monterey,Fort Smith,Arkansas,72905,US,35.191,-94.2382,55729,"Windler, Gutkowski and Spencer",04/04/2023
660,Ashli,Ajean,aajeanib@elpais.com,Female,2001,Ford,Explorer,Phoenix,Arizona,85045,US,33.3022,-112.1226,56189,"Dibbert, Bednar and Pfeffer",11/29/2024
661,Marijn,Arend,marendic@vk.com,Male,2009,Lexus,LS,Akron,Ohio,44305,US,41.076,-81.4644,33041,Yundt and Sons,08/04/2023
662,Babita,Fawbert,bfawbertid@youtu.be,Female,2005,Saturn,Ion,Panama City,Florida,32412,US,30.2345,-85.692,56935,Mann-Gusikowski,11/17/2023
663,Ethelin,Keward,ekewardie@mit.edu,Female,1992,Dodge,Dakota Club,Dayton,Ohio,45440,US,39.6749,-84.1136,89757,MacGyver-Haag,08/23/2022
664,Grazia,Quinevan,gquinevanif@abc.net.au,Female,1992,Subaru,Legacy,Minneapolis,Minnesota,55480,US,45.0159,-93.4719,30443,Hauck Inc,10/12/2025
665,Ricca,Lucey,rluceyig@ucla.edu,Genderqueer,2001,Mitsubishi,Challenger,Gainesville,Georgia,30506,US,34.3562,-83.8882,69434,"Runolfsdottir, Rolfson and Leannon",07/28/2024
666,Standford,Odlin,sodlinih@hp.com,Male,2003,Audi,A8,Charleston,West Virginia,25313,US,38.4142,-81.7582,99409,"Moen, Mohr and Mohr",03/24/2022
667,Gigi,Labbet,glabbetii@berkeley.edu,Female,2007,Pontiac,Vibe,Duluth,Minnesota,55811,US,46.8147,-92.1998,63493,"Schmidt, Huel and Swaniawski",05/08/2025
668,Courtney,Holley,cholleyij@newsvine.com,Male,2010,BMW,M5,Rochester,New York,14609,US,43.174,-77.5637,69573,Waters and Sons,12/08/2025
669,Zacharias,Pechell,zpechellik@about.com,Male,2010,Nissan,Altima,Columbus,Ohio,43231,US,40.081,-82.9383,88388,"Treutel, Reilly and McKenzie",02/25/2024
670,Christel,Horburgh,chorburghil@nhs.uk,Female,1973,Chevrolet,Camaro,Washington,District of Columbia,20580,US,38.8933,-77.0146,73801,Goldner-Toy,12/10/2023
671,Quillan,Darnody,qdarnodyim@census.gov,Male,2002,Chevrolet,S10,Montgomery,Alabama,36177,US,32.2334,-86.2085,68692,Kilback and Sons,11/17/2024
672,Claiborne,Gebbe,cgebbein@hud.gov,Male,1999,Plymouth,Prowler,Humble,Texas,77346,US,30.0042,-95.1728,68128,"Hermann, Dickens and Terry",03/24/2023
673,Regine,Tuer,rtuerio@shop-pro.jp,Female,2007,Volvo,S80,Sacramento,California,94250,US,38.3774,-121.4444,79948,Kilback-Hayes,05/02/2023
674,Eartha,Halpine,ehalpineip@sphinn.com,Female,1994,Buick,Skylark,Chicago,Illinois,60641,US,41.9453,-87.7474,95018,Pacocha-Johnson,03/07/2024
675,Samuel,Brave,sbraveiq@github.com,Male,1992,Volvo,960,Fort Collins,Colorado,80525,US,40.5384,-105.0547,97432,"Effertz, Glover and Cummings",11/09/2025
676,Yancey,Comazzo,ycomazzoir@msn.com,Male,1994,Honda,del Sol,El Paso,Texas,79940,US,31.6948,-106.3,46048,Braun-Cole,04/12/2024
677,Merilee,Pettican,mpetticanis@fc2.com,Female,2011,Maserati,Quattroporte,Shreveport,Louisiana,71105,US,32.4589,-93.7143,78406,"Kling, Abernathy and Cole",02/07/2024
678,Faith,Halbert,fhalbertit@t-online.de,Female,2009,Suzuki,Grand Vitara,Phoenix,Arizona,85067,US,33.2765,-112.1872,76762,Ritchie Group,08/17/2022
679,Carney,Bloxholm,cbloxholmiu@canalblog.com,Bigender,1995,Chevrolet,K5 Blazer,San Antonio,Texas,78291,US,29.4375,-98.4616,83582,Haley-McLaughlin,01/17/2024
680,Tann,Ion,tioniv@yandex.ru,Male,2004,Isuzu,Ascender,Austin,Texas,78737,US,30.2107,-97.9427,88267,Heidenreich Group,03/02/2023
681,Maire,Goble,mgobleiw@google.nl,Female,2010,Mitsubishi,Galant,Charleston,West Virginia,25326,US,38.2968,-81.5547,93941,Gislason-Feest,11/13/2023
682,Dyan,Roggeman,droggemanix@quantcast.com,Female,2009,Volvo,V50,Buffalo,New York,14215,US,42.9335,-78.8115,44095,"Schulist, Barton and Kutch",11/30/2024
683,Dick,Clementson,dclementsoniy@nymag.com,Male,1995,Toyota,Camry,Honolulu,Hawaii,96825,US,21.2987,-157.6985,97207,Rice-Rice,10/24/2024
684,Gradeigh,Coram,gcoramiz@trellian.com,Male,1990,Pontiac,Turbo Firefly,Baltimore,Maryland,21281,US,39.2847,-76.6205,68013,Mueller-Rodriguez,11/16/2022
685,Frank,Huzzey,fhuzzeyj0@google.com,Genderfluid,1993,Pontiac,Trans Sport,Camden,New Jersey,08104,US,39.9186,-75.1078,80177,Lockman LLC,05/19/2023
686,Charmane,Barabisch,cbarabischj1@shop-pro.jp,Female,2004,Mercury,Grand Marquis,Shawnee Mission,Kansas,66210,US,38.9273,-94.7143,66476,"Abernathy, Fahey and Ullrich",10/27/2023
687,Maurie,Itzkovich,mitzkovichj2@addtoany.com,Bigender,1989,Buick,Regal,Fort Worth,Texas,76105,US,32.7233,-97.269,31105,Schmidt-Ratke,11/15/2023
688,Galina,Claypoole,gclaypoolej3@mit.edu,Female,1993,Mitsubishi,Mirage,Fresno,California,93726,US,36.7949,-119.7604,37780,Stiedemann and Sons,09/14/2022
689,Mendie,Checci,mcheccij4@google.com.br,Male,2008,Cadillac,Escalade EXT,Minneapolis,Minnesota,55412,US,45.0242,-93.302,74140,Cormier-Zieme,07/14/2023
690,Felizio,McGorman,fmcgormanj5@msn.com,Bigender,2003,Lincoln,Navigator,Virginia Beach,Virginia,23471,US,36.7957,-76.0126,33172,Huels Inc,11/16/2022
691,Gibbie,Hullin,ghullinj6@cdbaby.com,Male,1995,Nissan,Altima,Chandler,Arizona,85246,US,33.2765,-112.1872,57039,"Huel, Crooks and Balistreri",01/28/2025
692,Carmine,Parmeter,cparmeterj7@google.it,Female,2005,Volkswagen,New Beetle,Rockford,Illinois,61110,US,42.3254,-89.1705,89207,"Stehr, Walker and Vandervort",05/09/2025
693,Jasmina,Biggen,jbiggenj8@webs.com,Genderfluid,2010,Dodge,Caliber,Phoenix,Arizona,85040,US,33.4061,-112.0265,67986,Waelchi Inc,02/17/2023
694,Belita,Pavolini,bpavolinij9@deviantart.com,Female,1991,Audi,200,Washington,District of Columbia,20530,US,38.8976,-77.027,68790,Ankunding and Sons,07/29/2022
695,Steffen,Comber,scomberja@cnbc.com,Male,1963,Austin,Mini Cooper S,Charlotte,North Carolina,28289,US,35.26,-80.8042,47357,Hartmann Group,10/20/2025
696,Taddeo,Ephgrave,tephgravejb@theguardian.com,Male,2004,Mercury,Monterey,Bronx,New York,10469,US,40.8702,-73.8495,80510,Ebert Inc,08/03/2022
697,Bale,Gummory,bgummoryjc@51.la,Male,1985,Porsche,944,Pompano Beach,Florida,33064,US,26.2785,-80.1157,30212,"Murazik, Buckridge and Metz",05/28/2023
698,Caro,Waslin,cwaslinjd@oracle.com,Female,2009,Rolls-Royce,Phantom,New Orleans,Louisiana,70116,US,29.9686,-90.0646,80549,Dickinson-Baumbach,09/12/2024
699,Korney,Burnes,kburnesje@scribd.com,Female,2007,Infiniti,G,New York City,New York,10165,US,40.7524,-73.9791,44182,Donnelly Group,07/18/2024
700,Jenni,Dik,jdikjf@comcast.net,Female,1998,Infiniti,Q,Los Angeles,California,90081,US,33.7866,-118.2987,86872,"Abbott, Larson and Haley",06/17/2023
701,Avictor,Corington,acoringtonjg@drupal.org,Male,1994,Nissan,300ZX,Peoria,Illinois,61640,US,40.7857,-89.6177,67780,Schaden Group,09/17/2022
702,Willard,Keenor,wkeenorjh@netvibes.com,Male,1997,Dodge,Ram 2500 Club,Trenton,New Jersey,08695,US,40.2805,-74.712,43477,Carter and Sons,12/23/2023
703,Allyn,Ahmad,aahmadji@biblegateway.com,Female,2000,Chevrolet,2500,Washington,District of Columbia,20226,US,38.8933,-77.0146,55019,Schultz-VonRueden,03/15/2024
704,Ike,Perotti,iperottijj@wikipedia.org,Male,2005,Suzuki,XL-7,Oakland,California,94616,US,37.8044,-122.2698,68966,Schaden and Sons,08/26/2025
705,Willamina,Pley,wpleyjk@fastcompany.com,Female,2004,Porsche,Cayenne,Pueblo,Colorado,81010,US,38.1286,-104.5523,57008,Kling-Spencer,03/01/2022
706,Verile,Antonignetti,vantonignettijl@paypal.com,Agender,1999,Nissan,Frontier,Tucson,Arizona,85743,US,32.3366,-111.1771,89669,Fisher Inc,04/07/2024
707,Sonni,Stirton,sstirtonjm@aboutads.info,Female,2009,Volvo,XC90,South Bend,Indiana,46620,US,41.5968,-86.293,95937,Keebler and Sons,11/01/2025
708,Curcio,Di Giorgio,cdigiorgiojn@feedburner.com,Male,1992,Chevrolet,Beretta,Erie,Pennsylvania,16510,US,42.1087,-79.9535,82787,Labadie Inc,10/18/2025
709,Brennan,Ketch,bketchjo@techcrunch.com,Male,2008,Audi,S4,Saint Paul,Minnesota,55166,US,45.0059,-93.1059,64572,Rice-Effertz,07/28/2024
710,Annadiane,Sperling,asperlingjp@ox.ac.uk,Female,2001,Chevrolet,Silverado,Spring,Texas,77388,US,30.0505,-95.4695,94698,"Buckridge, Leffler and Effertz",06/07/2025
711,Morris,Gleasane,mgleasanejq@youtube.com,Male,2005,Mercedes-Benz,SLK-Class,Odessa,Texas,79769,US,31.7466,-102.567,91464,Anderson LLC,04/15/2022
712,Bobbie,Dockreay,bdockreayjr@ask.com,Male,1992,Lincoln,Town Car,Hartford,Connecticut,06120,US,41.786,-72.6758,56643,Schmidt-Smitham,07/01/2025
713,Leonid,Lidgey,llidgeyjs@qq.com,Male,2000,Mazda,Protege,Sacramento,California,95818,US,38.5568,-121.4929,95164,Fritsch LLC,05/02/2024
714,Elnora,Tulley,etulleyjt@delicious.com,Female,2008,Volkswagen,R32,Fresno,California,93721,US,36.7377,-119.7843,47926,"Wintheiser, Stroman and Altenwerth",07/06/2022
715,Rebe,Corkhill,rcorkhillju@plala.or.jp,Female,1987,Buick,Electra,Knoxville,Tennessee,37914,US,35.9918,-83.8496,85183,Padberg LLC,03/30/2025
716,Shadow,Gallimore,sgallimorejv@yale.edu,Male,2004,Volvo,V70,San Diego,California,92105,US,32.7423,-117.0947,33385,Deckow-Roob,08/19/2023
717,Aurea,Whewill,awhewilljw@amazon.co.uk,Polygender,1986,Pontiac,Firefly,Kansas City,Missouri,64193,US,39.035,-94.3567,91891,Hodkiewicz Group,09/24/2023
718,Rustie,Faldoe,rfaldoejx@usnews.com,Non-binary,2002,GMC,Safari,Garland,Texas,75049,US,32.7673,-96.7776,96703,Carter-Macejkovic,01/19/2025
719,Obadias,McKeating,omckeatingjy@mapy.cz,Male,2002,Dodge,Neon,Houston,Texas,77025,US,29.6889,-95.4341,34109,Dickinson and Sons,11/15/2023
720,Ettore,Heinssen,eheinssenjz@multiply.com,Male,1999,Nissan,Frontier,Washington,District of Columbia,20088,US,38.8933,-77.0146,99690,"Schowalter, Parker and Hoppe",01/21/2026
721,Joshua,Lenham,jlenhamk0@alibaba.com,Male,2012,Maybach,Landaulet,Salt Lake City,Utah,84110,US,40.6681,-111.9083,64492,"Dibbert, Walsh and Raynor",12/17/2025
722,Walker,Bore,wborek1@woothemes.com,Male,2006,Honda,Civic Si,Kansas City,Missouri,64142,US,39.035,-94.3567,42146,Goodwin Group,05/21/2023
723,Christiano,Mewe,cmewek2@mediafire.com,Male,2011,Hyundai,Santa Fe,Spokane,Washington,99215,US,47.6536,-117.4317,89923,Ratke Group,08/14/2024
724,Geoffry,Meenehan,gmeenehank3@skype.com,Genderqueer,2012,Mercedes-Benz,E-Class,Miami,Florida,33233,US,25.5584,-80.4582,76834,"Rogahn, Macejkovic and Roob",05/21/2024
725,Chance,Degoey,cdegoeyk4@bloglovin.com,Male,2010,Dodge,Ram 1500,Augusta,Georgia,30911,US,33.386,-82.091,39879,"Zemlak, Baumbach and Bednar",06/16/2025
726,Leshia,Cuerdale,lcuerdalek5@nsw.gov.au,Agender,1995,Nissan,Altima,Dallas,Texas,75310,US,32.7673,-96.7776,49891,"Luettgen, Funk and Simonis",04/09/2023
727,Tomlin,Harome,tharomek6@apple.com,Male,2010,Volkswagen,New Beetle,Gatesville,Texas,76598,US,31.3902,-97.7993,79291,"Kovacek, Bergstrom and Goyette",08/26/2023
728,Willi,Michallat,wmichallatk7@unicef.org,Female,2009,Ford,Fusion,Dayton,Ohio,45414,US,39.8285,-84.2024,92403,"Pfannerstill, Ondricka and Kub",11/19/2022
729,Sibelle,Dredge,sdredgek8@google.pl,Female,2007,Chevrolet,Malibu,Worcester,Massachusetts,01605,US,42.2894,-71.7888,71287,Boyer LLC,10/24/2024
730,Tiebold,Westcott,twestcottk9@businessweek.com,Male,2012,Volkswagen,Tiguan,Los Angeles,California,90005,US,34.0585,-118.3012,57112,Herzog-Breitenberg,09/05/2024
731,Stern,Wragge,swraggeka@homestead.com,Male,2005,Toyota,Tacoma,Birmingham,Alabama,35215,US,33.6493,-86.7057,47168,Raynor and Sons,04/05/2024
732,Malissa,Eddolls,meddollskb@joomla.org,Female,2012,Lexus,LS,Minneapolis,Minnesota,55428,US,45.0632,-93.3811,84642,Kshlerin Inc,06/06/2025
733,Mal,Tompsett,mtompsettkc@cloudflare.com,Male,1986,Porsche,944,Carol Stream,Illinois,60351,US,41.9166,-88.1208,88598,Ankunding Group,08/13/2025
734,Currey,Tirkin,ctirkinkd@angelfire.com,Male,1999,Volkswagen,Cabriolet,Salt Lake City,Utah,84115,US,40.7145,-111.8931,32912,Klocko LLC,04/18/2023
735,Barnebas,Colley,bcolleyke@bloglovin.com,Male,2003,Buick,Park Avenue,Pasadena,California,91186,US,33.7866,-118.2987,38055,Steuber-Pagac,03/05/2023
736,Saudra,Verdey,sverdeykf@github.io,Female,2003,GMC,Yukon XL 2500,San Francisco,California,94137,US,37.7848,-122.7278,84005,Schowalter Inc,12/24/2025
737,Jdavie,Zouch,jzouchkg@unblog.fr,Genderqueer,1988,Volkswagen,Passat,Mesa,Arizona,85205,US,33.4368,-111.7129,55272,Parisian-Zieme,02/22/2025
738,Dora,Champ,dchampkh@washington.edu,Female,2002,Buick,Regal,Dayton,Ohio,45470,US,39.7505,-84.2686,41587,Satterfield LLC,05/08/2025
739,Yul,Jeary,yjearyki@ft.com,Male,2001,Chevrolet,Silverado 1500,Savannah,Georgia,31416,US,32.0053,-81.0477,70631,Nolan-Streich,04/18/2024
740,Tim,Wibrew,twibrewkj@ucoz.ru,Male,1989,Lincoln,Continental,Phoenix,Arizona,85083,US,33.7352,-112.1294,66633,Cronin LLC,09/10/2022
741,Parry,Force,pforcekk@ezinearticles.com,Male,2001,Chevrolet,Suburban 1500,Sarasota,Florida,34276,US,27.1675,-82.381,68698,Emmerich-Tillman,04/04/2023
742,Kristofor,Tussaine,ktussainekl@washingtonpost.com,Male,2009,Nissan,Maxima,Seattle,Washington,98115,US,47.6849,-122.2968,33713,Paucek Group,12/12/2022
743,Kevan,Beresfore,kberesforekm@tumblr.com,Male,1993,Volvo,850,Kansas City,Missouri,64114,US,38.9621,-94.5959,34200,Monahan-Wisozk,07/11/2023
744,Darn,Ivancevic,divancevickn@google.ca,Male,1984,Ford,Thunderbird,Jacksonville,Florida,32204,US,30.3189,-81.6854,76693,"Buckridge, Miller and Franecki",08/12/2022
745,Quint,Gallo,qgalloko@blinklist.com,Male,2009,Volvo,S60,Oakland,California,94616,US,37.8044,-122.2698,95904,Skiles Inc,08/26/2023
746,Montgomery,Bambra,mbambrakp@ted.com,Male,2003,Mazda,Protege,Minneapolis,Minnesota,55402,US,44.9762,-93.2759,47908,Abshire and Sons,04/27/2025
747,Inglis,Digg,idiggkq@wikispaces.com,Male,2003,Toyota,Tundra,Brooklyn,New York,11241,US,40.6451,-73.945,77094,O'Hara-Hartmann,02/26/2024
748,Jordan,Lyster,jlysterkr@cbslocal.com,Female,2012,Honda,Insight,Raleigh,North Carolina,27658,US,35.7977,-78.6253,32606,Padberg-Leffler,01/11/2025
749,Townie,Jayne,tjayneks@yelp.com,Male,2009,GMC,Savana 3500,Lansing,Michigan,48912,US,42.7371,-84.5244,79104,Crist-Keeling,10/06/2025
750,Mellicent,Whittall,mwhittallkt@cbc.ca,Female,2004,Pontiac,Sunfire,Jacksonville,Florida,32259,US,30.0956,-81.6217,86226,Denesik-Reichert,12/04/2024
751,Carlotta,Rochester,crochesterku@apache.org,Female,2002,Mercedes-Benz,G-Class,Durham,North Carolina,27717,US,36.0512,-78.8577,41204,"Greenfelder, Jacobi and Bartell",03/14/2022
752,Edith,Scarbarrow,escarbarrowkv@yolasite.com,Female,2005,Lincoln,LS,Tacoma,Washington,98411,US,47.0662,-122.1132,71078,"Schoen, Trantow and Lehner",10/28/2024
753,Alastair,Halfhead,ahalfheadkw@upenn.edu,Male,2007,Dodge,Ram 3500,Oklahoma City,Oklahoma,73135,US,35.411,-97.4388,35800,Schulist-Robel,06/23/2024
754,Lissa,MacKegg,lmackeggkx@symantec.com,Female,2000,Mitsubishi,Montero Sport,Wichita,Kansas,67205,US,37.7639,-97.4269,60096,Schmitt-O'Hara,10/19/2024
755,Berke,Briscam,bbriscamky@1688.com,Male,2002,Buick,Park Avenue,Phoenix,Arizona,85035,US,33.4724,-112.1832,51831,"Kemmer, Mueller and Cartwright",06/13/2024
756,Iseabal,Anthonsen,ianthonsenkz@berkeley.edu,Female,2010,Chevrolet,Silverado 3500,Shawnee Mission,Kansas,66286,US,38.8999,-94.832,97990,Denesik-Halvorson,10/24/2025
757,Maddy,Wurst,mwurstl0@boston.com,Female,1985,Lotus,Esprit,Philadelphia,Pennsylvania,19125,US,39.9788,-75.1262,41946,Boyle-Kerluke,07/27/2023
758,Garv,Arderne,gardernel1@hao123.com,Male,1988,Subaru,Leone,Indianapolis,Indiana,46295,US,39.7795,-86.1328,61871,Will Group,10/10/2023
759,Lynnell,Sehorsch,lsehorschl2@hibu.com,Female,1996,Dodge,Ram 2500 Club,Panama City,Florida,32412,US,30.2345,-85.692,70779,"Anderson, Kuphal and Anderson",02/16/2024
760,Ame,Drinkhill,adrinkhilll3@squarespace.com,Female,1989,Subaru,Legacy,Jacksonville,Florida,32215,US,30.2407,-81.893,80565,Herzog-Cormier,07/16/2024
761,Ransom,Dunthorne,rdunthornel4@istockphoto.com,Male,1967,Chevrolet,Corvette,Cleveland,Ohio,44185,US,41.6857,-81.6728,83219,Bartoletti-Bernier,01/27/2025
762,Reena,Grigorio,rgrigoriol5@chronoengine.com,Female,1999,Isuzu,Rodeo,Charlotte,North Carolina,28205,US,35.22,-80.7881,93625,Lakin-McCullough,01/12/2023
763,Prisca,Szepe,pszepel6@wiley.com,Female,2004,Isuzu,Ascender,Charleston,West Virginia,25321,US,38.2968,-81.5547,75097,O'Kon Group,09/06/2025
764,Alano,Muckian,amuckianl7@zdnet.com,Male,2001,Daewoo,Lanos,Phoenix,Arizona,85099,US,33.2765,-112.1872,73036,Boehm-Dietrich,01/27/2024
765,Dino,Foard,dfoardl8@howstuffworks.com,Male,2008,Cadillac,SRX,Appleton,Wisconsin,54915,US,44.2425,-88.3564,54397,"Bosco, Gleason and Senger",11/30/2025
766,Wake,Mussetti,wmussettil9@blogtalkradio.com,Male,2002,Chrysler,300M,Minneapolis,Minnesota,55417,US,44.9054,-93.2361,53054,Carroll-Von,07/23/2025
767,Ronna,McDowall,rmcdowallla@google.com,Female,2006,Hummer,H2 SUT,Jamaica,New York,11407,US,40.6913,-73.8059,36144,"Bartell, Lynch and Bartoletti",01/14/2024
768,Mufinella,Brian,mbrianlb@youtu.be,Female,2007,Maserati,Quattroporte,New York City,New York,10115,US,40.8111,-73.9642,44749,Ruecker-Rau,06/08/2022
769,Kaine,Yu,kyulc@latimes.com,Male,1991,Ford,Tempo,Shawnee Mission,Kansas,66210,US,38.9273,-94.7143,87418,Doyle-Little,10/30/2023
770,Chrisy,MacKeogh,cmackeoghld@51.la,Genderqueer,2013,Kia,Rio,Bryan,Texas,77806,US,30.6521,-96.341,60254,Lockman-Feil,07/26/2025
771,Misha,Kordovani,mkordovanile@linkedin.com,Female,2012,Scion,iQ,Washington,District of Columbia,20088,US,38.8933,-77.0146,33123,"Pfannerstill, Breitenberg and Botsford",12/21/2024
772,Conrade,Sibbs,csibbslf@sitemeter.com,Male,1992,Chrysler,New Yorker,Chattanooga,Tennessee,37450,US,35.2211,-85.2091,54163,Schmeler-Leffler,11/09/2025
773,Tomlin,Christal,tchristallg@blogger.com,Male,1991,Buick,Regal,Pittsburgh,Pennsylvania,15215,US,40.5048,-79.9138,68264,"Witting, Kohler and Littel",07/31/2023
774,Trixi,Brimicombe,tbrimicombelh@ted.com,Female,1989,Buick,Riviera,Austin,Texas,78749,US,30.2166,-97.8508,69275,Stamm-Grimes,06/21/2025
775,Zorah,Harbach,zharbachli@wsj.com,Female,1999,Jeep,Wrangler,Richmond,Virginia,23220,US,37.5498,-77.4588,52858,Waters and Sons,08/16/2023
776,Christi,Bucknell,cbucknelllj@oaic.gov.au,Female,1997,Buick,Park Avenue,Seattle,Washington,98133,US,47.7377,-122.3431,48932,Anderson and Sons,02/14/2022
777,Danya,Turrill,dturrilllk@theguardian.com,Female,1999,Toyota,Land Cruiser,Dallas,Texas,75210,US,32.7699,-96.743,43463,"O'Hara, Thiel and Herzog",01/15/2026
778,Forester,Billion,fbillionll@marriott.com,Male,1998,Hyundai,Elantra,Baltimore,Maryland,21265,US,39.2847,-76.6205,87420,Beahan Group,03/09/2025
779,Elita,MacAnulty,emacanultylm@bandcamp.com,Female,2002,Dodge,Ram Van 2500,Pittsburgh,Pennsylvania,15235,US,40.4598,-79.8224,51833,Zulauf-Feeney,04/01/2023
780,Clem,Lyddiatt,clyddiattln@nsw.gov.au,Male,2007,Subaru,Outback,San Bernardino,California,92410,US,34.1069,-117.2975,86764,Lynch LLC,01/19/2023
781,Webb,Burchard,wburchardlo@github.io,Male,2012,BMW,Z4,Kansas City,Missouri,64160,US,39.2829,-94.409,78185,Shanahan Group,02/25/2024
782,Thaxter,Lesser,tlesserlp@seesaa.net,Male,2005,Mercedes-Benz,E-Class,Naples,Florida,34108,US,26.2416,-81.8071,65336,"Okuneva, Hessel and Labadie",11/08/2025
783,Ferd,Docker,fdockerlq@japanpost.jp,Male,2004,Audi,TT,Albuquerque,New Mexico,87121,US,35.0512,-106.7269,34486,Tromp-Connelly,03/12/2025
784,Vidovic,Phythian,vphythianlr@hugedomains.com,Male,2009,Porsche,Boxster,Washington,District of Columbia,20442,US,38.896,-77.0177,67238,Reilly Inc,08/09/2022
785,Ingemar,Peschke,ipeschkels@is.gd,Male,1987,Pontiac,6000,Baton Rouge,Louisiana,70805,US,30.486,-91.1481,59924,Schmeler and Sons,06/16/2023
786,Seline,Haire,shairelt@lycos.com,Female,1984,Saab,900,Portland,Oregon,97216,US,45.5137,-122.5569,66863,Pfannerstill LLC,03/03/2025
787,Aubry,O'Drought,aodroughtlu@networkadvertising.org,Female,2009,Chevrolet,Suburban,Anaheim,California,92825,US,33.8356,-117.9132,50868,Sauer-Runolfsdottir,03/26/2022
788,Shanan,Graalman,sgraalmanlv@slashdot.org,Male,2002,Audi,A4,Tulsa,Oklahoma,74108,US,36.1499,-95.7923,88680,Turner-Huels,10/01/2025
789,Mattie,Nolin,mnolinlw@simplemachines.org,Male,1995,Chrysler,New Yorker,Vero Beach,Florida,32964,US,27.709,-80.5726,70046,"Cassin, Will and Bayer",02/26/2024
790,Jean,Gadsdon,jgadsdonlx@infoseek.co.jp,Female,2009,Toyota,Corolla,Los Angeles,California,90020,US,34.0665,-118.3022,40947,"Dare, Prosacco and Homenick",06/07/2025
791,Elwyn,Hotson,ehotsonly@paypal.com,Male,2002,Kia,Spectra,New York City,New York,10155,US,40.7611,-73.968,63292,"Schmeler, Stiedemann and Kerluke",02/27/2024
792,Inesita,Brogden,ibrogdenlz@businessweek.com,Female,1998,Plymouth,Voyager,Grand Rapids,Michigan,49518,US,43.0314,-85.5503,46179,McDermott-Lockman,09/09/2025
793,Andie,Papes,apapesm0@spiegel.de,Female,1996,Subaru,Legacy,San Jose,California,95138,US,37.2602,-121.7709,77699,Volkman and Sons,06/24/2022
794,Aubry,Dowey,adoweym1@unicef.org,Genderfluid,2004,Mercedes-Benz,S-Class,Tulsa,Oklahoma,74193,US,36.1398,-96.0297,65730,Lueilwitz-Dare,06/09/2024
795,Marion,Measures,mmeasuresm2@tuttocitta.it,Female,1999,Dodge,Dakota,Roanoke,Virginia,24024,US,37.2742,-79.9579,84756,"Torphy, Jaskolski and Funk",05/18/2023
796,Verne,Kneal,vknealm3@msn.com,Male,1990,Ford,Probe,El Paso,Texas,79923,US,31.6948,-106.3,87268,Maggio Inc,03/29/2023
797,Quintin,Siddle,qsiddlem4@cornell.edu,Male,2002,Chevrolet,Avalanche,Montgomery,Alabama,36177,US,32.2334,-86.2085,31416,Kreiger-Kerluke,01/10/2023
798,Donna,Akast,dakastm5@fema.gov,Female,1998,Honda,Passport,Vero Beach,Florida,32969,US,27.709,-80.5726,52170,Kuhic-Hoppe,01/15/2024
799,Denis,Lerven,dlervenm6@twitpic.com,Male,2010,Volkswagen,Rabbit,Trenton,New Jersey,08608,US,40.2204,-74.7622,75429,Christiansen-Volkman,03/14/2022
800,Olwen,Bastow,obastowm7@dell.com,Female,2004,Cadillac,Escalade ESV,Salt Lake City,Utah,84125,US,40.6681,-111.9083,56949,Kozey Group,04/22/2023
801,Dionis,Foden,dfodenm8@elegantthemes.com,Female,1996,Ford,Aspire,Jefferson City,Missouri,65105,US,38.5309,-92.2493,31006,Kautzer-Kertzmann,05/28/2022
802,Puff,Plevey,ppleveym9@usa.gov,Male,1995,GMC,Suburban 1500,Lincoln,Nebraska,68583,US,40.7845,-96.6888,66842,Effertz-Nitzsche,02/06/2025
803,Guido,Sarra,gsarrama@ow.ly,Male,2000,Volkswagen,Cabriolet,Madison,Wisconsin,53785,US,43.0696,-89.4239,85787,Blanda-Wuckert,12/16/2025
804,Barrie,Wimlet,bwimletmb@tmall.com,Female,1992,Chevrolet,3500,Houston,Texas,77090,US,30.0167,-95.447,70896,Williamson-Vandervort,02/03/2025
805,Shell,Dibsdale,sdibsdalemc@wufoo.com,Female,1999,Buick,Riviera,Long Beach,California,90810,US,33.8193,-118.2325,57205,Hills LLC,05/27/2025
806,Ara,McNab,amcnabmd@bloomberg.com,Bigender,2007,Toyota,Yaris,Stockton,California,95205,US,37.9625,-121.2624,67481,Hudson-Stehr,06/09/2024
807,Holmes,Meale,hmealeme@washington.edu,Male,2009,Dodge,Charger,Newark,Delaware,19725,US,39.5645,-75.597,85218,"Lang, Kunde and Kuphal",12/04/2023
808,Garry,Fawkes,gfawkesmf@apple.com,Male,1991,Mercedes-Benz,S-Class,Amarillo,Texas,79165,US,35.4015,-101.8951,63801,"Sipes, Lesch and Waelchi",03/13/2022
809,Niven,Todarini,ntodarinimg@earthlink.net,Male,1988,Ford,Tempo,Akron,Ohio,44321,US,41.1002,-81.6443,77310,"Senger, Breitenberg and Lang",03/03/2023
810,Chaddie,MacLoughlin,cmacloughlinmh@narod.ru,Male,2004,GMC,Savana 1500,Dulles,Virginia,20189,US,39.009,-77.4422,56095,Schowalter Inc,01/03/2023
811,Richie,Fominov,rfominovmi@usa.gov,Male,1994,Toyota,MR2,Atlanta,Georgia,30306,US,33.786,-84.3514,69870,"Jones, O'Hara and Moore",10/23/2024
812,Luke,Owers,lowersmj@creativecommons.org,Male,1999,Chrysler,Cirrus,El Paso,Texas,79934,US,31.9386,-106.4073,99875,"Watsica, Frami and Gerhold",12/08/2025
813,Doretta,Wace,dwacemk@exblog.jp,Female,2010,Land Rover,LR4,Flushing,New York,11355,US,40.7536,-73.8226,73915,Kshlerin Group,01/21/2025
814,Pattin,Jelks,pjelksml@nationalgeographic.com,Polygender,2010,GMC,Sierra,Savannah,Georgia,31416,US,32.0053,-81.0477,42368,Krajcik Group,06/07/2024
815,Augy,Sheerin,asheerinmm@mapy.cz,Male,2000,Toyota,Echo,Fort Worth,Texas,76178,US,32.7714,-97.2915,75547,"Wisoky, Kunde and Berge",03/05/2024
816,Ashley,Downes,adownesmn@youtube.com,Female,2010,Volkswagen,Jetta,Bethesda,Maryland,20816,US,38.9585,-77.1153,55109,Stark LLC,11/29/2025
817,Ferrel,Blaxton,fblaxtonmo@earthlink.net,Male,2010,Chevrolet,Suburban,Milwaukee,Wisconsin,53234,US,43.0174,-87.5697,67701,"Konopelski, Prosacco and Koepp",08/11/2022
818,Pascal,Roja,projamp@com.com,Male,1993,Mercedes-Benz,300TE,Naperville,Illinois,60567,US,41.8397,-88.0887,46806,Langworth-Buckridge,07/31/2023
819,Jo ann,Thring,jthringmq@stanford.edu,Female,1993,Volkswagen,Cabriolet,Bradenton,Florida,34205,US,27.4841,-82.5834,85338,"Barrows, Bode and Johnson",10/28/2025
820,Tuckie,Padkin,tpadkinmr@lulu.com,Male,1993,Nissan,Maxima,Fayetteville,North Carolina,28314,US,35.0583,-79.008,79243,Ruecker-Koepp,05/23/2022
821,Susy,Stebbings,sstebbingsms@gmpg.org,Female,2010,Lincoln,MKZ,Honolulu,Hawaii,96835,US,21.3278,-157.8294,96622,Maggio-O'Hara,03/07/2022
822,Halli,Bonefant,hbonefantmt@privacy.gov.au,Female,1985,Mitsubishi,Pajero,Chattanooga,Tennessee,37410,US,35.0018,-85.3138,91230,Goldner-Zemlak,10/05/2024
823,Deb,Cardnell,dcardnellmu@tinypic.com,Female,2010,Toyota,Avalon,Jackson,Mississippi,39210,US,32.3218,-90.1771,47659,Cummings LLC,10/02/2025
824,Emelia,Mitcheson,emitchesonmv@so-net.ne.jp,Female,2004,Porsche,911,Cambridge,Massachusetts,02142,US,42.362,-71.083,60735,"Pacocha, Parisian and Gorczany",07/05/2022
825,Hilly,Sorrel,hsorrelmw@sbwire.com,Male,1993,Audi,90,Morgantown,West Virginia,26505,US,39.6505,-79.944,53352,Bauch and Sons,02/08/2023
826,Heddie,Dietsche,hdietschemx@kickstarter.com,Female,2007,Lexus,GS,Crawfordsville,Indiana,47937,US,40.04,-86.8936,82014,Ritchie Inc,09/07/2024
827,Marcelline,Worland,mworlandmy@bloglines.com,Female,1991,Pontiac,Grand Am,Oceanside,California,92056,US,33.1968,-117.2831,75300,Gulgowski Group,03/22/2024
828,Tanny,Piddle,tpiddlemz@redcross.org,Male,2006,Dodge,Ram 3500,San Diego,California,92110,US,32.7635,-117.2028,96851,"Haley, Bode and Senger",08/21/2023
829,Alphard,Wedon,awedonn0@ibm.com,Non-binary,2001,Ford,Explorer Sport,San Mateo,California,94405,US,37.3811,-122.3348,95612,Torphy-Effertz,05/14/2024
830,Valenka,Curbishley,vcurbishleyn1@mac.com,Female,1986,Pontiac,Firebird,Fresno,California,93740,US,36.7464,-119.6397,57904,Franecki Group,08/05/2022
831,Abagail,Skewes,askewesn2@simplemachines.org,Female,1998,Mitsubishi,Diamante,Bakersfield,California,93381,US,35.2944,-118.9052,79491,D'Amore-Schinner,02/03/2025
832,Mildrid,Habert,mhabertn3@nationalgeographic.com,Female,1996,Toyota,Previa,Dallas,Texas,75387,US,32.7673,-96.7776,72325,White Inc,03/07/2023
833,Elizabeth,Mcimmie,emcimmien4@smugmug.com,Female,2011,Mitsubishi,Eclipse,Silver Spring,Maryland,20918,US,39.144,-77.2076,58498,"Dicki, Kassulke and Swaniawski",07/17/2025
834,Price,Langran,plangrann5@archive.org,Male,1995,Audi,90,Fresno,California,93726,US,36.7949,-119.7604,91037,"Schaefer, Reinger and Mann",09/16/2022
835,Fitzgerald,Rainsbury,frainsburyn6@hao123.com,Male,1990,Mazda,626,Memphis,Tennessee,38136,US,35.2017,-89.9715,98182,Dietrich-Jerde,07/07/2023
836,Silvester,Girardengo,sgirardengon7@discovery.com,Male,1988,Volkswagen,Fox,Madison,Wisconsin,53705,US,43.073,-89.4528,74377,Bradtke-Runolfsson,01/12/2026
837,Valina,Ellwell,vellwelln8@bloglovin.com,Female,1996,Mitsubishi,Galant,Monticello,Minnesota,55565,US,45.2009,-93.8881,70690,Parisian LLC,12/22/2022
838,Jourdan,MacGlory,jmacgloryn9@123-reg.co.uk,Female,2012,Cadillac,CTS-V,Albany,New York,12255,US,42.6149,-73.9708,63165,Friesen LLC,06/10/2024
839,Marc,Voce,mvocena@marriott.com,Male,2008,Honda,Accord,Newark,New Jersey,07195,US,40.7918,-74.2452,33984,Ankunding LLC,10/06/2022
840,Ody,Cuckson,ocucksonnb@nationalgeographic.com,Male,1984,Honda,Prelude,Houston,Texas,77020,US,29.7758,-95.3121,50299,Veum LLC,09/13/2023
841,Edita,Fulks,efulksnc@linkedin.com,Female,2002,Chevrolet,Prizm,Richmond,Virginia,23289,US,37.5313,-77.4161,97060,"Berge, Klein and Effertz",01/04/2023
842,Cole,De Santos,cdesantosnd@yahoo.com,Male,2004,Chrysler,Town & Country,San Francisco,California,94116,US,37.7441,-122.4863,49825,Altenwerth-Morissette,08/26/2022
843,Tammy,Commucci,tcommuccine@wikipedia.org,Male,2005,Dodge,Grand Caravan,Saint Louis,Missouri,63143,US,38.6111,-90.3225,67227,Considine-Dooley,04/15/2022
844,Tracee,Dahlborg,tdahlborgnf@hugedomains.com,Female,2010,Mercury,Milan,Spokane,Washington,99215,US,47.6536,-117.4317,35512,Kovacek Group,06/24/2024
845,Nappy,Tressler,ntresslerng@vkontakte.ru,Male,2009,Infiniti,EX,Richmond,Virginia,23225,US,37.5158,-77.5047,89557,Considine Group,10/05/2024
846,Shea,Grogona,sgrogonanh@amazon.com,Female,1996,Volkswagen,Golf,Washington,District of Columbia,20370,US,38.8933,-77.0146,54586,"O'Conner, Auer and Hyatt",06/15/2022
847,Bebe,Farman,bfarmanni@nature.com,Female,2012,Honda,CR-Z,Memphis,Tennessee,38136,US,35.2017,-89.9715,35121,Bailey Group,02/16/2025
848,Kira,Maytom,kmaytomnj@unesco.org,Female,1995,Lincoln,Town Car,Houston,Texas,77010,US,29.7543,-95.3609,59747,O'Conner-Schultz,03/22/2022
849,Saw,Clixby,sclixbynk@hugedomains.com,Male,1992,Isuzu,Trooper,Fairfax,Virginia,22036,US,38.7351,-77.0796,47296,Huels Group,02/25/2024
850,Talbot,Broadwood,tbroadwoodnl@illinois.edu,Male,2005,Kia,Sportage,Flint,Michigan,48550,US,43.0349,-83.6887,64379,Bogan-Schiller,09/14/2022
851,Orton,Larmett,olarmettnm@hugedomains.com,Male,2008,Dodge,Dakota,Huntington,West Virginia,25775,US,38.4134,-82.2774,68528,"Robel, Beer and Breitenberg",11/27/2025
852,Cookie,Dymocke,cdymockenn@webeden.co.uk,Female,1999,Mitsubishi,3000GT,Green Bay,Wisconsin,54313,US,44.5463,-88.1021,75289,"Hane, Raynor and Schuster",02/20/2023
853,Haleigh,Rickford,hrickfordno@naver.com,Female,1998,Ford,Econoline E350,Cincinnati,Ohio,45271,US,39.1668,-84.5382,95400,Howell LLC,03/17/2022
854,Flori,Winchcombe,fwinchcombenp@163.com,Female,2006,Ford,Fusion,Milwaukee,Wisconsin,53210,US,43.0685,-87.9715,85082,Cartwright-Kirlin,04/07/2025
855,Fedora,Duck,fducknq@sbwire.com,Female,2004,Mazda,Tribute,New York City,New York,10150,US,40.7808,-73.9772,94066,Wintheiser-Kohler,02/02/2024
856,Shell,Broek,sbroeknr@last.fm,Genderqueer,1990,Mitsubishi,Mirage,Winston Salem,North Carolina,27116,US,36.0275,-80.2073,50121,"O'Hara, Hilll and Gulgowski",11/09/2025
857,Bronson,Bridgens,bbridgensns@mlb.com,Male,1998,Lexus,LS,Wilkes Barre,Pennsylvania,18763,US,41.2722,-75.8801,83376,Schuppe and Sons,11/28/2023
858,Joella,Menicomb,jmenicombnt@myspace.com,Female,2002,Subaru,Legacy,Fullerton,California,92640,US,33.7862,-117.9309,43912,"Rath, Rogahn and Weimann",08/22/2022
859,Eleni,Vile,evilenu@zimbio.com,Female,2007,Spyker,C8,Los Angeles,California,90060,US,33.7866,-118.2987,97583,Wisozk-Hayes,11/08/2024
860,Loutitia,Extall,lextallnv@amazon.com,Female,2007,Panoz,Esperante,Chicago,Illinois,60624,US,41.8804,-87.7223,78154,Feil Group,03/23/2025
861,Calypso,Niese,cniesenw@networksolutions.com,Female,2012,Hyundai,Genesis,Huntington,West Virginia,25709,US,38.1321,-82.4183,36839,Ondricka Inc,04/20/2024
862,Ernesto,Strut,estrutnx@xing.com,Male,1994,Land Rover,Defender 90,San Jose,California,95173,US,37.3352,-121.8938,41900,Moen LLC,12/22/2023
863,Beckie,Jozefowicz,bjozefowiczny@wp.com,Female,2009,Bentley,Continental Flying Spur,Denver,Colorado,80270,US,39.7388,-104.4083,99616,Runolfsson Inc,12/12/2022
864,See,Lowers,slowersnz@hibu.com,Male,2005,Buick,LaCrosse,El Paso,Texas,79945,US,31.6948,-106.3,44616,"Kiehn, Mante and Kshlerin",05/13/2024
865,Morgun,Kiff,mkiffo0@mit.edu,Male,2008,Smart,Fortwo,Fairfax,Virginia,22036,US,38.7351,-77.0796,62873,Abernathy-Lang,07/24/2022
866,Parrnell,Ivashkov,pivashkovo1@nydailynews.com,Male,2009,Land Rover,Range Rover Sport,Washington,District of Columbia,20220,US,38.8933,-77.0146,52765,"Reilly, Pacocha and Kerluke",12/12/2022
867,Curr,Gateman,cgatemano2@umn.edu,Male,2013,GMC,Yukon XL 2500,New Castle,Pennsylvania,16107,US,40.9897,-80.3084,95671,"Flatley, Schmitt and Maggio",05/25/2023
868,Hamilton,Arlt,harlto3@tamu.edu,Male,1991,Plymouth,Laser,Sarasota,Florida,34233,US,27.2866,-82.477,71956,"Hartmann, Schinner and Tromp",11/08/2023
869,Lenka,Tebbitt,ltebbitto4@google.pl,Female,2001,Volkswagen,Passat,El Paso,Texas,88541,US,31.6948,-106.3,91536,Fadel Inc,03/26/2022
870,Bourke,Dines,bdineso5@biglobe.ne.jp,Bigender,2006,Mazda,Miata MX-5,Saginaw,Michigan,48609,US,43.3869,-84.0926,34778,"Kuvalis, Mayert and Terry",02/16/2023
871,Desmund,Longshaw,dlongshawo6@reference.com,Male,2008,Chevrolet,Malibu,El Paso,Texas,79994,US,31.6948,-106.3,80045,Funk-McCullough,06/01/2025
872,Bettina,McArley,bmcarleyo7@deliciousdays.com,Female,2004,Mercury,Grand Marquis,New York City,New York,10120,US,40.7506,-73.9894,35845,"Schiller, Monahan and Medhurst",01/06/2023
873,Benedicto,Loxton,bloxtono8@wikia.com,Male,1997,Eagle,Vision,Akron,Ohio,44310,US,41.1075,-81.5006,64903,"Dietrich, Weimann and Grant",12/09/2023
874,Veda,Benitti,vbenittio9@google.de,Female,2000,Nissan,Quest,Indianapolis,Indiana,46226,US,39.8326,-86.0836,90603,Kozey LLC,02/27/2023
875,Sutton,Nials,snialsoa@shinystat.com,Male,2006,Chevrolet,Silverado 3500,Los Angeles,California,90015,US,34.0434,-118.2716,64504,Heidenreich-Harris,08/31/2024
876,Holt,Dunham,hdunhamob@va.gov,Male,1992,Dodge,Viper,Shreveport,Louisiana,71115,US,32.3401,-93.6092,98723,Collier LLC,06/01/2023
877,Tamar,Pevie,tpevieoc@csmonitor.com,Female,2004,Chevrolet,Suburban 1500,Miami,Florida,33158,US,25.6364,-80.3187,95329,"Maggio, Torp and Pollich",10/15/2023
878,Glen,Fatscher,gfatscherod@ox.ac.uk,Male,1991,Ford,E-Series,New Orleans,Louisiana,70179,US,30.033,-89.8826,35412,"Carroll, Gusikowski and Heller",09/22/2022
879,Jammal,Bilton,jbiltonoe@paginegialle.it,Male,1992,Nissan,Sentra,Lawrenceville,Georgia,30245,US,33.9464,-83.9912,32286,"Haley, Mayert and Turcotte",11/07/2022
880,Cory,Temple,ctempleof@themeforest.net,Female,2004,Jaguar,S-Type,Modesto,California,95397,US,37.6566,-121.0191,80589,Witting-Turner,03/02/2023
881,Ariadne,Skottle,askottleog@plala.or.jp,Female,2012,GMC,Terrain,Loretto,Minnesota,55598,US,45.0159,-93.4719,39683,"Kohler, Thompson and Becker",06/17/2022
882,Jeanie,Redwall,jredwalloh@e-recht24.de,Bigender,2008,Mercury,Mariner,Memphis,Tennessee,38181,US,35.2017,-89.9715,67317,Reichert Inc,02/23/2022
883,Emlen,McDowall,emcdowalloi@com.com,Male,1994,Isuzu,Trooper,Baltimore,Maryland,21290,US,39.2933,-76.6238,67844,"Parisian, Okuneva and Murazik",09/25/2023
884,Lainey,Cade,lcadeoj@nps.gov,Female,2012,Chrysler,Town & Country,Berkeley,California,94705,US,37.8571,-122.25,83228,"Considine, Kunze and Bashirian",06/10/2025
885,Darwin,Cotterell,dcotterellok@sun.com,Male,2007,Jeep,Compass,Staten Island,New York,10310,US,40.6324,-74.1172,33431,"Crist, Harris and Mosciski",08/14/2024
886,Maridel,Frizzell,mfrizzellol@virginia.edu,Female,2010,Aston Martin,V8 Vantage,Montgomery,Alabama,36195,US,32.3544,-86.2843,54006,"Sporer, Zieme and Ward",03/02/2023
887,Sophi,Elstub,selstubom@qq.com,Female,1992,Isuzu,Space,Memphis,Tennessee,38114,US,35.0981,-89.9825,44941,Friesen-Barton,02/07/2025
888,Jillene,Redhills,jredhillson@cbc.ca,Female,1988,Honda,Civic,Buffalo,New York,14276,US,42.7684,-78.8871,99472,"Rice, Price and Grady",08/29/2025
889,Easter,Brabon,ebrabonoo@jigsy.com,Female,2011,Jaguar,XJ,Oklahoma City,Oklahoma,73157,US,35.5514,-97.4075,68391,"Schaefer, Gutmann and Bayer",11/13/2025
890,Ettie,Kearford,ekearfordop@nifty.com,Female,2000,Volvo,C70,Tuscaloosa,Alabama,35405,US,33.1617,-87.5144,57115,"Feest, Roob and Jacobs",10/13/2023
891,Delcine,Lotwich,dlotwichoq@ftc.gov,Female,1957,Chevrolet,Corvette,Montgomery,Alabama,36177,US,32.2334,-86.2085,93181,Lueilwitz-Heidenreich,11/13/2025
892,Kippar,Gainforth,kgainforthor@t.co,Male,2008,Bentley,Continental Flying Spur,Virginia Beach,Virginia,23471,US,36.7957,-76.0126,70285,Mraz Inc,03/15/2025
893,Gannon,Nockalls,gnockallsos@huffingtonpost.com,Male,1997,Cadillac,Eldorado,Dallas,Texas,75287,US,33.0005,-96.8314,52999,"Ryan, Lebsack and Greenholt",08/16/2022
894,Jarret,Mainson,jmainsonot@simplemachines.org,Male,1994,Pontiac,Sunbird,Jamaica,New York,11447,US,40.6914,-73.8061,83446,"Pacocha, Crona and Altenwerth",09/10/2024
895,Florenza,Mountstephen,fmountstephenou@vistaprint.com,Female,1996,GMC,Yukon,Miami,Florida,33190,US,25.5593,-80.3483,50280,Maggio and Sons,07/23/2024
896,Lita,Elegood,lelegoodov@paginegialle.it,Female,1999,Mitsubishi,Pajero,New York City,New York,10150,US,40.7808,-73.9772,61683,Shanahan Inc,02/14/2024
897,Hernando,Eldridge,heldridgeow@wp.com,Male,2005,Saturn,VUE,San Diego,California,92115,US,32.7607,-117.0721,86773,Schaden-Barton,02/05/2022
898,Garrard,Ambrogi,gambrogiox@bigcartel.com,Male,1997,Mercedes-Benz,S-Class,Amarillo,Texas,79118,US,35.0763,-101.8349,98799,Gerlach LLC,12/18/2023
899,Lucilia,Quartley,lquartleyoy@google.ru,Female,2011,Lexus,LS Hybrid,Chandler,Arizona,85246,US,33.2765,-112.1872,37680,Walter Group,07/02/2023
900,Gail,Lorent,glorentoz@over-blog.com,Male,2004,Toyota,Echo,Washington,District of Columbia,20022,US,38.945,-77.0364,88221,Lindgren-Miller,04/23/2023
901,Carmine,Haggeth,chaggethp0@kickstarter.com,Male,1987,Ford,Laser,Ocala,Florida,34474,US,29.1565,-82.2095,62110,Hoppe-White,11/02/2024
902,Eve,Beecraft,ebeecraftp1@sphinn.com,Female,2008,Kia,Carens,Vienna,Virginia,22184,US,38.8318,-77.2888,73726,"Bode, Grant and Rolfson",04/20/2025
903,Brendin,Drillot,bdrillotp2@howstuffworks.com,Bigender,2005,Infiniti,QX,Atlanta,Georgia,30356,US,33.8913,-84.0746,36778,Pfeffer-Frami,08/09/2022
904,Friedrich,Downe,fdownep3@ted.com,Male,2007,Hyundai,Entourage,Baltimore,Maryland,21290,US,39.2933,-76.6238,88581,McDermott-O'Reilly,03/29/2022
905,Gabriel,Cantera,gcanterap4@imageshack.us,Male,2009,BMW,M6,Dayton,Ohio,45440,US,39.6749,-84.1136,59056,Baumbach-Botsford,09/02/2022
906,Perkin,Firmage,pfirmagep5@canalblog.com,Male,2001,Lotus,Esprit,Amarillo,Texas,79116,US,35.2454,-101.999,63507,Satterfield-Schoen,01/08/2026
907,Darci,Nutt,dnuttp6@howstuffworks.com,Female,2009,GMC,Savana 3500,Brooklyn,New York,11225,US,40.6628,-73.9546,45397,Rempel-Crona,11/30/2023
908,Yulma,Bunch,ybunchp7@wordpress.com,Male,1996,Toyota,4Runner,Tacoma,Washington,98405,US,47.2484,-122.4644,74588,Bartoletti-Zieme,08/11/2025
909,Daveen,Scrannage,dscrannagep8@reddit.com,Female,1994,Jeep,Cherokee,Roanoke,Virginia,24048,US,37.2742,-79.9579,40823,Fisher-Greenholt,06/19/2022
910,Stanleigh,Lanfranconi,slanfranconip9@dailymotion.com,Genderqueer,2002,GMC,Yukon XL 2500,Denver,Colorado,80209,US,39.7074,-104.9686,35307,Runolfsdottir-Luettgen,02/21/2022
911,Remington,Stolworthy,rstolworthypa@examiner.com,Male,2000,Chrysler,LHS,El Paso,Texas,79928,US,31.6631,-106.1401,80806,Rippin and Sons,10/22/2023
912,Judon,Doumic,jdoumicpb@bravesites.com,Male,1986,Lincoln,Town Car,Terre Haute,Indiana,47805,US,39.5327,-87.3255,85711,"Grady, Hermann and O'Hara",10/22/2022
913,Hector,Axtell,haxtellpc@businessinsider.com,Male,1991,Ford,Probe,Fort Worth,Texas,76178,US,32.7714,-97.2915,59916,Kutch-Casper,03/05/2024
914,Merwin,Mozzi,mmozzipd@1und1.de,Male,1985,Merkur,XR4Ti,Tempe,Arizona,85284,US,33.3363,-111.9197,63494,"Goyette, Blanda and Homenick",10/04/2022
915,Ryley,Dosdale,rdosdalepe@admin.ch,Male,1992,Lamborghini,Diablo,Orlando,Florida,32885,US,28.5456,-81.3782,91659,Becker and Sons,06/09/2023
916,Danice,Otton,dottonpf@slate.com,Female,2009,Ford,Explorer,Portland,Maine,04109,US,43.6783,-70.1987,57052,"Feest, Jenkins and Vandervort",11/25/2023
917,Michel,Leggett,mleggettpg@cam.ac.uk,Polygender,2012,Mercedes-Benz,SLK-Class,Seminole,Florida,34642,US,27.8444,-82.7963,80467,Stiedemann LLC,09/10/2024
918,Patty,Alpine,palpineph@sitemeter.com,Female,1994,Plymouth,Voyager,Austin,Texas,78744,US,30.1876,-97.7472,88139,Bernhard-Friesen,06/19/2023
919,Berton,Bunkle,bbunklepi@ebay.com,Genderqueer,1999,Jaguar,XK Series,Memphis,Tennessee,38197,US,35.2017,-89.9715,97477,Zemlak-Hilll,10/17/2023
920,Angel,Gammel,agammelpj@wordpress.org,Male,1993,Chevrolet,Sportvan G10,Austin,Texas,78764,US,30.4455,-97.6595,65373,McDermott Group,01/16/2025
921,Eugenius,Lordon,elordonpk@amazon.co.jp,Male,1992,Mercedes-Benz,300D,Washington,District of Columbia,20073,US,38.897,-77.0251,41242,Fahey-Labadie,06/25/2023
922,Rickie,Banister,rbanisterpl@friendfeed.com,Male,1986,Ford,EXP,Arlington,Virginia,22217,US,38.8808,-77.113,49819,"Nicolas, Hintz and O'Keefe",07/18/2025
923,Caspar,Kesteven,ckestevenpm@amazon.com,Male,1986,Ford,Laser,Brooklyn,New York,11247,US,40.6451,-73.945,98711,Kemmer Group,09/09/2024
924,Dorothea,Bellord,dbellordpn@yellowbook.com,Female,2008,Mercury,Mariner,Greenville,South Carolina,29610,US,34.8497,-82.4538,46060,Jacobs-Hudson,11/17/2025
925,Barrett,Wilcher,bwilcherpo@people.com.cn,Genderqueer,1996,Mitsubishi,Montero,Winston Salem,North Carolina,27110,US,36.0275,-80.2073,62387,"Schiller, Kreiger and Flatley",07/08/2022
926,Wells,Litherborough,wlitherboroughpp@flickr.com,Male,2000,Acura,Integra,Buffalo,New York,14215,US,42.9335,-78.8115,53372,Kohler-Franecki,09/08/2023
927,Lindsay,Bendelow,lbendelowpq@ucla.edu,Male,1985,Buick,Riviera,Naples,Florida,33961,US,26.045,-81.6669,31836,Carter-Carroll,01/14/2024
928,Cristionna,McKevany,cmckevanypr@npr.org,Female,1999,Pontiac,Trans Sport,Madison,Wisconsin,53779,US,43.0982,-89.3242,89147,Orn Inc,12/28/2025
929,Bridgette,Dan,bdanps@oakley.com,Female,2008,Audi,S6,Wilmington,North Carolina,28405,US,34.2651,-77.867,68476,"Nienow, Welch and Fadel",11/03/2023
930,Guillema,Aylett,gaylettpt@alibaba.com,Female,2007,Toyota,Sequoia,Albuquerque,New Mexico,87121,US,35.0512,-106.7269,56436,"Dare, Zieme and Bayer",02/18/2023
931,Yoshi,Baskerfield,ybaskerfieldpu@slashdot.org,Female,1966,Pontiac,Tempest,San Diego,California,92115,US,32.7607,-117.0721,70305,"Shanahan, Wilderman and Blanda",12/14/2023
932,Brockie,Crowch,bcrowchpv@youku.com,Male,2002,Chevrolet,Tahoe,Valley Forge,Pennsylvania,19495,US,39.9832,-75.7481,38999,"Herzog, Brown and Bashirian",10/04/2025
933,Cris,Deport,cdeportpw@wired.com,Female,2002,Volkswagen,Golf,Knoxville,Tennessee,37919,US,35.9244,-84.0015,70905,Mosciski-Franecki,03/10/2025
934,Barbara-anne,Daft,bdaftpx@businessinsider.com,Female,2007,Chevrolet,Uplander,Fort Wayne,Indiana,46896,US,41.0938,-85.0707,69877,Prohaska-Donnelly,12/12/2022
935,Casar,Boughen,cboughenpy@nsw.gov.au,Male,2001,GMC,Sonoma,Everett,Washington,98206,US,47.8599,-122.2848,73474,Leffler Inc,09/26/2023
936,Shepherd,Inge,singepz@tmall.com,Male,2008,Pontiac,Torrent,Providence,Rhode Island,02905,US,41.7845,-71.3959,44532,Rempel-Pouros,12/31/2024
937,Kiley,Thornton,kthorntonq0@mac.com,Female,2004,Ford,Crown Victoria,Lafayette,Louisiana,70593,US,30.2081,-92.0951,39506,Jacobson Group,06/18/2022
938,Granger,Yesson,gyessonq1@craigslist.org,Bigender,2002,Cadillac,Seville,Houston,Texas,77206,US,29.834,-95.4342,41250,"Price, Weimann and Corkery",10/02/2024
939,Bradly,Balducci,bbalducciq2@ed.gov,Male,2006,GMC,Sierra 3500HD,Evansville,Indiana,47725,US,38.1071,-87.5256,67518,"Swift, Grady and Hand",11/10/2023
940,Shandy,Leaf,sleafq3@ed.gov,Female,2003,Nissan,Pathfinder,Buffalo,New York,14210,US,42.8614,-78.8206,95525,Abshire-Schuppe,10/11/2023
941,Vale,Roulston,vroulstonq4@virginia.edu,Female,2006,Dodge,Durango,Richmond,Virginia,23285,US,37.5242,-77.4932,82053,"Ortiz, Schinner and D'Amore",07/26/2024
942,Gifford,Newhouse,gnewhouseq5@europa.eu,Male,2012,Cadillac,CTS,Atlanta,Georgia,30392,US,33.8444,-84.474,36795,Kris-Parisian,02/22/2025
943,Moria,Bachura,mbachuraq6@yahoo.com,Female,2007,Ford,E150,Jacksonville,Florida,32236,US,30.3449,-81.6831,59445,"Pacocha, Nienow and Kuhlman",10/29/2022
944,Maure,Trenholm,mtrenholmq7@telegraph.co.uk,Female,1994,Oldsmobile,Cutlass Cruiser,Wichita,Kansas,67205,US,37.7639,-97.4269,80722,Crist Group,06/16/2025
945,Sula,Nekrews,snekrewsq8@tmall.com,Female,1992,Toyota,Cressida,Portland,Oregon,97296,US,45.5806,-122.3748,77966,Ratke LLC,01/25/2023
946,Guido,Ingrey,gingreyq9@slate.com,Bigender,1999,Ford,F250,New York City,New York,10292,US,40.7808,-73.9772,58975,Corwin LLC,05/26/2025
947,Joe,Terzo,jterzoqa@jigsy.com,Male,1996,Cadillac,Eldorado,Baton Rouge,Louisiana,70815,US,30.4558,-91.0596,73750,Thiel-Kessler,09/21/2022
948,Rori,Daingerfield,rdaingerfieldqb@quantcast.com,Female,2010,GMC,Savana 2500,El Paso,Texas,79940,US,31.6948,-106.3,79938,Kozey and Sons,05/28/2023
949,Asher,Casotti,acasottiqc@nsw.gov.au,Male,1992,Buick,LeSabre,Hartford,Connecticut,06120,US,41.786,-72.6758,45599,Metz Inc,09/14/2022
950,Lainey,Langford,llangfordqd@japanpost.jp,Female,2006,Mazda,B-Series,El Paso,Texas,88558,US,31.6948,-106.3,78173,"King, Pouros and Schuster",05/27/2025
951,Rafaelia,Weare,rweareqe@dailymotion.com,Female,2011,Cadillac,Escalade EXT,Birmingham,Alabama,35290,US,33.5446,-86.9292,49784,"Strosin, Brown and Borer",08/10/2025
952,Pegeen,O' Loughran,poloughranqf@wikipedia.org,Female,1998,Oldsmobile,Cutlass,Rochester,New York,14614,US,43.1558,-77.6142,41015,Maggio-Jakubowski,12/19/2025
953,Suzanna,Gettings,sgettingsqg@usatoday.com,Female,2010,Hyundai,Azera,Rochester,New York,14619,US,43.1367,-77.6481,30136,Roberts Group,10/03/2022
954,Dudley,Klasen,dklasenqh@creativecommons.org,Male,2005,Subaru,Baja,Bridgeport,Connecticut,06673,US,41.3089,-73.3637,96462,Ullrich-Dach,04/26/2025
955,Ashby,Oger,aogerqi@blog.com,Male,2012,Mercedes-Benz,SLS-Class,Boca Raton,Florida,33499,US,26.6459,-80.4303,88496,Smith and Sons,04/19/2022
956,Mireille,Castelin,mcastelinqj@thetimes.co.uk,Female,1999,Chevrolet,Metro,Metairie,Louisiana,70005,US,30.0005,-90.1331,93896,Kunde Group,01/09/2026
957,Shell,Egleton,segletonqk@indiegogo.com,Female,1993,Oldsmobile,Achieva,Portland,Oregon,97229,US,45.5483,-122.8276,36442,Bosco and Sons,03/21/2023
958,Salomone,Sayse,ssayseql@bing.com,Male,1990,Ford,Tempo,Savannah,Georgia,31416,US,32.0053,-81.0477,63277,Zboncak-Dare,08/04/2023
959,Alane,Smallcomb,asmallcombqm@imgur.com,Female,2001,Mazda,Tribute,El Paso,Texas,88546,US,31.6948,-106.3,78112,Schmidt-Smith,04/27/2024
960,Erek,Tubby,etubbyqn@csmonitor.com,Male,2006,Toyota,Land Cruiser,High Point,North Carolina,27264,US,36.0807,-80.0244,56324,Von-Hackett,09/15/2022
961,Anabella,Puve,apuveqo@lycos.com,Female,1992,Mercedes-Benz,300SE,Orlando,Florida,32819,US,28.4522,-81.4678,46689,Dare-Mayer,01/05/2024
962,Sallyanne,Orred,sorredqp@goo.ne.jp,Female,1996,GMC,3500,Boca Raton,Florida,33432,US,26.3462,-80.0844,74833,"Leuschke, Bergstrom and Schinner",04/02/2023
963,Callie,Playle,cplayleqq@bizjournals.com,Female,2004,Volkswagen,New Beetle,Fort Worth,Texas,76129,US,32.7714,-97.2915,70766,"Walker, Douglas and Becker",07/24/2023
964,Shayne,Geggus,sgeggusqr@angelfire.com,Female,2007,Honda,Element,Fort Collins,Colorado,80525,US,40.5384,-105.0547,90574,Hilpert-Fahey,04/04/2023
965,Edd,Atty,eattyqs@latimes.com,Male,1997,Ford,Windstar,Flushing,New York,11355,US,40.7536,-73.8226,51890,"Sipes, Lubowitz and Stamm",03/21/2024
966,Hirsch,O'Flynn,hoflynnqt@icq.com,Male,2006,Mazda,Mazda3,Reno,Nevada,89505,US,39.5224,-119.8353,67986,Paucek Group,08/24/2022
967,Merwyn,Bickell,mbickellqu@yandex.ru,Male,2003,Toyota,Solara,Cleveland,Ohio,44125,US,41.4335,-81.6323,79223,Leffler-Walsh,08/23/2022
968,Cleve,Badgers,cbadgersqv@dot.gov,Male,1999,GMC,3500,Ashburn,Virginia,22093,US,39.0853,-77.6452,60407,Langosh LLC,01/06/2026
969,Iggie,Moreside,imoresideqw@cargocollective.com,Non-binary,1997,Ford,Probe,Peoria,Illinois,61640,US,40.7857,-89.6177,50777,Kling-Carroll,03/11/2024
970,Robert,O'Cosgra,rocosgraqx@google.nl,Male,2002,Isuzu,Rodeo,Killeen,Texas,76544,US,31.1282,-97.7469,90099,"Greenfelder, Bosco and Purdy",08/23/2024
971,Marcelo,Threlfall,mthrelfallqy@i2i.jp,Male,2010,Mercury,Grand Marquis,San Antonio,Texas,78235,US,29.3494,-98.4422,60333,Smitham Inc,08/08/2025
972,Dennie,Androli,dandroliqz@cocolog-nifty.com,Polygender,2004,GMC,Sonoma,Seattle,Washington,98185,US,47.4323,-121.8034,68129,Nicolas-Greenfelder,12/05/2025
973,Valry,Wessell,vwessellr0@walmart.com,Female,1996,Lexus,SC,Racine,Wisconsin,53405,US,42.7161,-87.8233,45990,Kerluke LLC,01/19/2024
974,Araldo,Cardenosa,acardenosar1@sourceforge.net,Male,1994,Chevrolet,S10,Rockford,Illinois,61110,US,42.3254,-89.1705,77088,Lueilwitz-Hoeger,04/16/2025
975,Jacky,Pearn,jpearnr2@sitemeter.com,Male,2002,Lexus,LS,Columbus,Georgia,31914,US,32.491,-84.8741,43356,"Kassulke, Hickle and Schoen",10/29/2023
976,Terrel,Thickens,tthickensr3@google.com.au,Male,1996,Nissan,Pathfinder,New Orleans,Louisiana,70116,US,29.9686,-90.0646,30686,Hintz LLC,08/04/2024
977,Lorne,Pavlenko,lpavlenkor4@dot.gov,Female,2012,Kia,Sorento,Nashville,Tennessee,37205,US,36.1114,-86.869,72415,"Prohaska, Runte and Hegmann",04/06/2024
978,Grant,Hollyar,ghollyarr5@forbes.com,Male,2009,Land Rover,Range Rover Sport,Washington,District of Columbia,20046,US,38.8933,-77.0146,36694,Koch-Reilly,06/10/2022
979,Gonzales,Caesmans,gcaesmansr6@hibu.com,Male,2002,Mitsubishi,Lancer Evolution,Omaha,Nebraska,68144,US,41.2335,-96.1188,84598,"Kuphal, Hand and Upton",04/12/2025
980,Kerri,Knott,kknottr7@go.com,Female,2007,Mercury,Milan,Hampton,Virginia,23663,US,37.0318,-76.3199,49362,Stiedemann-Watsica,06/19/2025
981,Bess,Benardeau,bbenardeaur8@ycombinator.com,Female,1984,Volkswagen,Jetta,Sacramento,California,94257,US,38.3774,-121.4444,73665,Pagac Inc,10/14/2022
982,Eolanda,Edgworth,eedgworthr9@apple.com,Female,1997,GMC,3500,Washington,District of Columbia,20244,US,38.8933,-77.0146,92244,Fritsch Inc,08/28/2024
983,Quent,Durtnal,qdurtnalra@feedburner.com,Male,2008,Toyota,Camry Hybrid,Baton Rouge,Louisiana,70883,US,30.5159,-91.0804,93080,Fahey-Abbott,09/14/2022
984,Michaela,Fishley,mfishleyrb@merriam-webster.com,Non-binary,2009,Saturn,Aura,Knoxville,Tennessee,37931,US,35.9924,-84.1201,97558,Langosh LLC,01/10/2023
985,Elspeth,Tatton,etattonrc@theglobeandmail.com,Female,1985,Mazda,B2000,Columbus,Ohio,43268,US,39.969,-83.0114,76570,Stokes-Shields,02/20/2024
986,Kennett,Gorthy,kgorthyrd@123-reg.co.uk,Non-binary,1997,Mercury,Sable,Saint Cloud,Minnesota,56398,US,45.5289,-94.5933,80113,"Gutkowski, Borer and Hand",10/26/2023
987,Elita,Mordecai,emordecaire@bloglovin.com,Female,2009,Toyota,4Runner,Minneapolis,Minnesota,55446,US,45.04,-93.4865,33426,"Mann, Leuschke and Little",01/08/2026
988,Crichton,Weatherup,cweatheruprf@linkedin.com,Male,2003,Suzuki,Grand Vitara,Louisville,Kentucky,40256,US,38.189,-85.6768,90632,Harber-Koelpin,11/01/2024
989,Benjy,Antonias,bantoniasrg@hatena.ne.jp,Male,1963,Studebaker,Avanti,Alexandria,Louisiana,71307,US,31.2034,-92.5269,80390,"Rutherford, Schulist and Bergstrom",02/01/2023
990,Giustina,Farrah,gfarrahrh@census.gov,Female,2008,Mercury,Mariner,Davenport,Iowa,52804,US,41.5386,-90.6115,90555,Sawayn-Friesen,10/17/2022
991,Trenton,Alleway,tallewayri@ifeng.com,Male,2003,GMC,Safari,Miami,Florida,33196,US,25.6615,-80.441,76019,Sanford-Schamberger,12/16/2025
992,Ertha,Peele,epeelerj@behance.net,Non-binary,2006,Honda,Civic Si,Abilene,Texas,79605,US,32.432,-99.7724,94904,"Ferry, Rempel and Hills",11/25/2024
993,Dukey,Lauthian,dlauthianrk@weibo.com,Male,1988,Audi,80/90,Fresno,California,93715,US,36.7464,-119.6397,47851,Haag and Sons,11/26/2024
994,Noni,Feuell,nfeuellrl@washingtonpost.com,Female,1966,Pontiac,LeMans,Everett,Washington,98206,US,47.8599,-122.2848,63097,Bahringer LLC,08/15/2024
995,Guido,Rubinovici,grubinovicirm@wsj.com,Male,1993,Mercury,Capri,Brooklyn,New York,11205,US,40.6924,-73.9666,52132,Gottlieb-Aufderhar,05/07/2023
996,Broddie,Menault,bmenaultrn@rambler.ru,Male,1988,Mercury,Topaz,Colorado Springs,Colorado,80935,US,38.8247,-104.562,46028,McKenzie-Witting,11/13/2023
997,Damara,McKnockiter,dmcknockiterro@wsj.com,Female,2006,Bentley,Continental GT,Idaho Falls,Idaho,83405,US,43.3233,-111.7822,40249,Boyer-Kunze,03/21/2025
998,Sibel,Yockley,syockleyrp@addtoany.com,Female,2006,Mercedes-Benz,SLR McLaren,Washington,District of Columbia,20551,US,38.892,-77.0452,63412,Beatty Inc,05/29/2024
999,Mozes,Linney,mlinneyrq@indiatimes.com,Male,1995,Dodge,Ram 1500,Tulsa,Oklahoma,74193,US,36.1398,-96.0297,58058,Blanda Inc,06/21/2025
1000,Willie,Haglinton,whaglintonrr@scribd.com,Agender,1993,Mazda,Miata MX-5,Mobile,Alabama,36610,US,30.7309,-88.0789,96086,"Homenick, Treutel and Langworth",07/20/2023
