id,firstName,lastName,email,gender,carYear,automobileMake,automobileModel,customerRegion,customerState,customerPostal,customerCountry_ISO2,customerRegionLatitude,ownerRegionLongitude,automobilePrice,customer,purchaseDate
1,Lanny,Thireau,lthireau0@bing.com,Female,2012,Kia,Sorento,Colorado Springs,Colorado,80910,US,38.8152,-104.7703,37751,Friesen-Altenwerth,04/18/2023
2,Tracey,Maides,tmaides1@indiegogo.com,Male,2004,Buick,Century,Zephyrhills,Florida,33543,US,28.2059,-82.3063,97074,Hagenes LLC,07/10/2022
3,Zorana,Garling,zgarling2@tripadvisor.com,Female,1986,Pontiac,Parisienne,Saint Petersburg,Florida,33705,US,27.7391,-82.6435,75382,"Sanford, Krajcik and Walter",07/07/2024
4,Rivy,Bagge,rbagge3@de.vu,Female,1987,Pontiac,Firebird,Virginia Beach,Virginia,23454,US,36.8282,-76.0237,63855,"Klocko, Goodwin and Kertzmann",06/08/2023
5,Nancee,Colbran,ncolbran4@state.tx.us,Female,2011,Lexus,IS F,Morgantown,West Virginia,26505,US,39.6505,-79.944,97971,Funk-Kunde,01/05/2024
6,Brita,Headech,bheadech5@toplist.cz,Female,1990,Pontiac,Firebird,Dallas,Texas,75287,US,33.0005,-96.8314,37449,Koepp-Little,07/30/2024
7,Ame,Petrolli,apetrolli6@opera.com,Female,2007,Mercury,Milan,Las Vegas,Nevada,89155,US,35.9279,-114.9721,68415,Toy Group,10/13/2023
8,Orson,Swallow,oswallow7@google.com.hk,Male,2008,GMC,Sierra 3500,Baltimore,Maryland,21216,US,39.3093,-76.6699,33272,"Keeling, Larkin and Adams",01/27/2023
9,Merridie,Clilverd,mclilverd8@ask.com,Female,1997,GMC,Suburban 2500,Sarasota,Florida,34233,US,27.2866,-82.477,79560,Grady-Wunsch,11/23/2023
10,Laraine,Firk,lfirk9@yolasite.com,Female,1993,Ford,Club Wagon,Baton Rouge,Louisiana,70826,US,30.5159,-91.0804,70865,Hauck-Hudson,04/10/2024
11,Haywood,McMakin,hmcmakina@chicagotribune.com,Male,2006,Toyota,Matrix,Columbia,Missouri,65218,US,38.9033,-92.1022,92417,"Stroman, McKenzie and Gusikowski",03/25/2022
12,Marcile,Oherlihy,moherlihyb@constantcontact.com,Female,1997,Ford,Econoline E250,Houston,Texas,77085,US,29.6218,-95.4819,42002,"Bradtke, Pacocha and Erdman",11/22/2025
13,Clarance,Toffoletto,ctoffolettoc@disqus.com,Non-binary,2010,Kia,Rio,Orlando,Florida,32859,US,28.4429,-81.4026,60201,Hintz-Abshire,06/21/2023
14,Rozina,Elvey,relveyd@merriam-webster.com,Female,2006,Jaguar,XJ,Henderson,Nevada,89074,US,36.0384,-115.0857,40343,"Shields, Quitzon and Rath",12/21/2022
15,Fax,Mollon,fmollone@free.fr,Male,2003,Mazda,B-Series Plus,Cincinnati,Ohio,45296,US,39.1668,-84.5382,54237,Keeling Inc,04/24/2024
16,Mordy,Giorgi,mgiorgif@yelp.com,Bigender,1994,Volvo,850,Milwaukee,Wisconsin,53220,US,42.9559,-87.9933,31015,"Carroll, Olson and Hodkiewicz",04/06/2024
17,Audrey,Giroldi,agiroldig@cdbaby.com,Female,2005,Volvo,V70,Portland,Oregon,97255,US,45.5806,-122.3748,86931,Price Group,04/12/2022
18,Martguerita,Davidou,mdavidouh@t.co,Female,2009,Porsche,Boxster,Des Moines,Iowa,50393,US,41.6727,-93.5722,64580,"McCullough, Deckow and Dickinson",03/15/2022
19,Caryn,Laurentin,claurentini@naver.com,Female,2010,Mercedes-Benz,G-Class,Brooklyn,New York,11225,US,40.6628,-73.9546,54743,"Ullrich, Langworth and Brown",01/05/2024
20,Bel,Gealy,bgealyj@live.com,Female,2012,Chevrolet,Express 2500,Topeka,Kansas,66617,US,39.1271,-95.6384,47202,"Torp, Rohan and Rohan",01/14/2025
21,Reed,Mathan,rmathank@domainmarket.com,Male,2006,Peugeot,207,Washington,District of Columbia,20268,US,38.8933,-77.0146,56650,Sporer-Champlin,10/11/2024
22,Suellen,Kamenar,skamenarl@g.co,Polygender,1989,Pontiac,Firebird,Clearwater,Florida,34620,US,27.9139,-82.7157,71301,Gutkowski-Hintz,10/04/2023
23,Ber,Scolding,bscoldingm@sina.com.cn,Male,1992,Toyota,Paseo,El Paso,Texas,88535,US,31.6948,-106.3,32618,"Dooley, Cole and Haag",05/01/2024
24,Vaughan,Teasey,vteaseyn@dyndns.org,Male,1994,Subaru,Loyale,Washington,District of Columbia,20022,US,38.945,-77.0364,50585,O'Kon and Sons,07/11/2023
25,Laurice,Baines,lbaineso@fotki.com,Female,2002,Chevrolet,Corvette,Rochester,New York,14614,US,43.1558,-77.6142,59373,Spencer-Buckridge,02/16/2025
26,Allen,Isakson,aisaksonp@oakley.com,Male,1996,Dodge,Caravan,Wilkes Barre,Pennsylvania,18763,US,41.2722,-75.8801,42678,Greenfelder-Yost,03/07/2022
27,Malachi,Schiersch,mschierschq@domainmarket.com,Male,2008,Pontiac,Vibe,Pittsburgh,Pennsylvania,15279,US,40.4344,-80.0248,89615,Kuvalis-Dare,06/14/2022
28,Gerri,Layne,glayner@amazonaws.com,Male,2008,Chevrolet,Silverado 1500,Tulsa,Oklahoma,74103,US,36.1539,-95.9954,35219,McKenzie Inc,01/15/2026
29,Brennen,Gerhold,bgerholds@microsoft.com,Male,2010,Land Rover,LR2,Jacksonville,Florida,32236,US,30.3449,-81.6831,98717,Mills Group,03/07/2022
30,Beau,Pawsey,bpawseyt@sina.com.cn,Male,1984,Dodge,Daytona,Tampa,Florida,33647,US,28.1147,-82.3678,53058,Johnson and Sons,10/07/2022
31,Marie,Gager,mgageru@t.co,Female,1999,Chrysler,LHS,Washington,District of Columbia,20430,US,38.9164,-76.9948,65215,Farrell Inc,09/23/2023
32,Fonz,Gouck,fgouckv@wikispaces.com,Male,1990,Subaru,Loyale,Miami,Florida,33129,US,25.7559,-80.2013,84140,"Hoppe, MacGyver and Renner",03/25/2025
33,Kipper,Coning,kconingw@skyrock.com,Male,1996,Chevrolet,Impala,Birmingham,Alabama,35285,US,33.5446,-86.9292,95373,McDermott LLC,07/10/2024
34,Juliana,Samson,jsamsonx@symantec.com,Female,1993,Isuzu,Stylus,Spokane,Washington,99220,US,47.6536,-117.4317,83294,Little-Rippin,09/16/2025
35,Fleurette,Toulson,ftoulsony@skyrock.com,Female,1995,Honda,del Sol,Birmingham,Alabama,35210,US,33.5452,-86.6655,44463,Champlin Group,10/16/2025
36,Lou,Witherby,lwitherbyz@dropbox.com,Genderfluid,2009,Cadillac,Escalade,Oklahoma City,Oklahoma,73104,US,35.4794,-97.5017,96927,Stoltenberg-Braun,12/25/2025
37,Manuel,De Pietri,mdepietri10@de.vu,Male,2005,Mercedes-Benz,CLK-Class,New York City,New York,10099,US,40.7808,-73.9772,96759,"Lebsack, Mante and Breitenberg",01/10/2023
38,Mitzi,Rozier,mrozier11@pinterest.com,Female,2003,Mitsubishi,Galant,Omaha,Nebraska,68117,US,41.2064,-95.9953,42940,Miller Inc,10/05/2022
39,Shana,Patters,spatters12@hostgator.com,Female,1997,Honda,Odyssey,Washington,District of Columbia,20566,US,38.8971,-77.0554,45696,"Grant, Trantow and Rowe",11/13/2024
40,Bastien,Szapiro,bszapiro13@vk.com,Genderfluid,1993,Mercedes-Benz,500SEC,Springfield,Massachusetts,01114,US,42.1707,-72.6048,40015,Rutherford-Mayert,08/30/2022
41,Giorgi,Kusick,gkusick14@japanpost.jp,Male,1968,Pontiac,GTO,Albuquerque,New Mexico,87121,US,35.0512,-106.7269,42088,"Crona, Corkery and McKenzie",09/11/2025
42,Guillermo,Danks,gdanks15@pcworld.com,Male,2001,Audi,A8,Saint Paul,Minnesota,55108,US,44.9806,-93.1771,81600,Schumm and Sons,04/24/2024
43,Maggy,Borrie,mborrie16@pagesperso-orange.fr,Female,2008,Mitsubishi,Galant,Portsmouth,New Hampshire,00214,US,43.0059,-71.0132,69860,"Hintz, Hoeger and Reichert",06/02/2024
44,Antonin,Darleston,adarleston17@google.ru,Male,1990,Porsche,944,Miami,Florida,33245,US,25.5584,-80.4582,74777,"Cartwright, Beier and Strosin",10/27/2024
45,Quintina,Ofener,qofener18@fotki.com,Female,1991,Nissan,300ZX,Providence,Rhode Island,02905,US,41.7845,-71.3959,67130,"Johnson, Fahey and Corwin",11/02/2024
46,Coriss,Ringrose,cringrose19@devhub.com,Genderfluid,1988,Mercedes-Benz,E-Class,College Station,Texas,77844,US,30.6521,-96.341,44108,"Rice, Dare and Wisozk",11/07/2023
47,Bradney,Ghirigori,bghirigori1a@tumblr.com,Male,1999,Chevrolet,3500,Atlanta,Georgia,30358,US,33.9982,-84.3411,43111,D'Amore-Beatty,09/07/2025
48,Carmen,Maunder,cmaunder1b@discuz.net,Female,2002,GMC,Savana 1500,Athens,Georgia,30610,US,33.9443,-83.3891,92975,Berge LLC,01/16/2023
49,Woody,Alldridge,walldridge1c@nasa.gov,Male,2001,Toyota,Avalon,Flushing,New York,11355,US,40.7536,-73.8226,37603,Langworth Inc,09/12/2022
50,Brandy,Peckham,bpeckham1d@diigo.com,Male,1967,Mercury,Cougar,Knoxville,Tennessee,37931,US,35.9924,-84.1201,72637,Cassin LLC,03/07/2023
51,Titos,Bradford,tbradford1e@edublogs.org,Male,1985,Pontiac,Firefly,Washington,District of Columbia,20404,US,38.8992,-77.0089,33271,"Gibson, Botsford and O'Hara",10/21/2022
52,Marlin,Baszkiewicz,mbaszkiewicz1f@google.com.hk,Male,2002,BMW,5 Series,Austin,Texas,78737,US,30.2107,-97.9427,35245,Jacobson Group,10/15/2023
53,Moore,Najera,mnajera1g@google.nl,Male,2000,Volkswagen,Golf,Houston,Texas,77090,US,30.0167,-95.447,52354,"Reichel, Swift and Marquardt",04/22/2025
54,Kaitlin,Hann,khann1h@livejournal.com,Female,2003,Maserati,Spyder,Silver Spring,Maryland,20918,US,39.144,-77.2076,31317,"McGlynn, Funk and Gutmann",04/02/2024
55,Delmore,Perrett,dperrett1i@tamu.edu,Male,2004,Buick,Century,El Paso,Texas,88535,US,31.6948,-106.3,90227,"Hessel, Stoltenberg and Rogahn",04/27/2023
56,Darnell,Mathet,dmathet1j@dot.gov,Male,2010,Ford,E150,Atlanta,Georgia,30375,US,33.8444,-84.474,58244,"Konopelski, Padberg and Hoeger",10/28/2025
57,Darrel,Triswell,dtriswell1k@edublogs.org,Male,2006,Ford,Thunderbird,Round Rock,Texas,78682,US,30.6568,-97.6026,49082,Langworth-Kuhn,07/11/2024
58,Amabelle,Chafer,achafer1l@facebook.com,Female,1996,Plymouth,Grand Voyager,Simi Valley,California,93094,US,34.0324,-119.1343,86379,Schmitt LLC,07/23/2025
59,Phaidra,Brideaux,pbrideaux1m@e-recht24.de,Female,2010,Mercedes-Benz,CL-Class,Mobile,Alabama,36628,US,30.6589,-88.178,52982,"Runte, Davis and Zemlak",12/21/2025
60,Garwood,Davidsohn,gdavidsohn1n@narod.ru,Male,2004,Infiniti,Q,Jacksonville,Florida,32277,US,30.3704,-81.5864,67306,Cartwright Group,09/22/2025
61,Marthe,Pascall,mpascall1o@meetup.com,Female,2010,Mercedes-Benz,CLS-Class,Sioux City,Iowa,51110,US,42.4011,-96.372,90987,Shanahan and Sons,01/12/2026
62,Valentijn,Winship,vwinship1p@eepurl.com,Male,1992,Acura,Integra,Rochester,New York,14683,US,43.286,-77.6843,80161,Gorczany-Lueilwitz,01/16/2024
63,Arnold,Pender,apender1q@vkontakte.ru,Male,2005,Buick,Park Avenue,Pompano Beach,Florida,33064,US,26.2785,-80.1157,30952,Gusikowski Group,02/22/2023
64,Teddy,Crain,tcrain1r@hibu.com,Male,2006,Mercury,Mariner,New York City,New York,10150,US,40.7808,-73.9772,74165,Schmeler Group,05/06/2025
65,Reggie,Alenin,ralenin1s@rediff.com,Female,2000,Dodge,Neon,Battle Creek,Michigan,49018,US,42.2464,-85.0045,93786,Davis-Ernser,08/18/2022
66,Bellanca,Chittem,bchittem1t@skyrock.com,Agender,1998,Plymouth,Grand Voyager,Oakland,California,94605,US,37.7641,-122.1633,38926,Jacobs and Sons,02/29/2024
67,Elvyn,Dance,edance1u@jigsy.com,Male,1995,Nissan,Quest,Baltimore,Maryland,21281,US,39.2847,-76.6205,73926,Gorczany LLC,08/11/2022
68,Michelina,Padgett,mpadgett1v@liveinternet.ru,Female,1986,Mazda,Familia,Inglewood,California,90310,US,33.7866,-118.2987,81005,Koch-Sporer,08/22/2023
69,Lennie,Randerson,lranderson1w@parallels.com,Male,2005,Subaru,Forester,Bakersfield,California,93305,US,35.3855,-118.986,39380,"McClure, Crooks and Hermiston",08/05/2022
70,Evin,Hawkey,ehawkey1x@trellian.com,Polygender,1993,Subaru,Loyale,San Francisco,California,94177,US,37.7848,-122.7278,46849,"Pfeffer, Beer and Gottlieb",08/08/2023
71,Timothea,Rannells,trannells1y@sina.com.cn,Female,2001,Lexus,LX,Minneapolis,Minnesota,55470,US,45.0159,-93.4719,94631,Kuvalis-Strosin,12/01/2025
72,Cicily,Garnsworthy,cgarnsworthy1z@unc.edu,Female,1990,Pontiac,Trans Sport,Berkeley,California,94712,US,37.6802,-121.9215,84872,Medhurst Group,08/27/2024
73,Mariele,Togher,mtogher20@yellowbook.com,Genderfluid,2008,Lexus,IS F,Tulsa,Oklahoma,74103,US,36.1539,-95.9954,45703,"Cole, Bayer and Lockman",11/23/2025
74,Burt,Burberow,bburberow21@marketwatch.com,Male,2004,Toyota,Tundra,Houston,Texas,77218,US,29.834,-95.4342,45211,Wintheiser-Cronin,03/13/2025
75,Auguste,Skilton,askilton22@umn.edu,Female,2012,Lexus,LS,Erie,Pennsylvania,16522,US,42.1827,-80.0649,99945,Johnson and Sons,02/04/2024
76,Quinn,Rosenzveig,qrosenzveig23@shop-pro.jp,Female,2008,Subaru,Outback,Seattle,Washington,98195,US,47.6564,-122.3048,42453,"Murphy, Schmitt and Gorczany",02/19/2024
77,Anthea,Bridat,abridat24@howstuffworks.com,Female,2007,Chrysler,Crossfire,Birmingham,Alabama,35244,US,33.3538,-86.8254,89770,Schmeler-Walsh,06/28/2024
78,Perla,Le Marquand,plemarquand25@youtu.be,Female,1999,Pontiac,Trans Sport,Anderson,Indiana,46015,US,40.0938,-85.6578,40820,"Yost, Bernier and Goldner",02/02/2023
79,Sherman,Pietzke,spietzke26@wp.com,Male,1995,Nissan,Pathfinder,Merrifield,Virginia,22119,US,38.8318,-77.2888,98695,"Carter, Kassulke and Hintz",12/07/2024
80,Wanda,Jacquemet,wjacquemet27@mlb.com,Female,2000,Mercury,Mystique,Honolulu,Hawaii,96835,US,21.3278,-157.8294,78963,Dickinson-Hammes,05/05/2022
81,Norris,Ilieve,nilieve28@eventbrite.com,Bigender,1992,Chevrolet,Caprice,Saint Paul,Minnesota,55123,US,44.806,-93.1409,53825,"Carter, Farrell and Turner",12/04/2022
82,Chrystel,Lindenman,clindenman29@jalbum.net,Female,2005,Volvo,S40,Johnson City,Tennessee,37605,US,36.3158,-82.3838,55850,"Ziemann, Pfannerstill and Feil",12/21/2022
83,Inger,Crellim,icrellim2a@slate.com,Bigender,2006,Toyota,Yaris,Washington,District of Columbia,20029,US,38.8933,-77.0146,64585,Robel-Berge,03/29/2024
84,Lexi,Swannell,lswannell2b@hostgator.com,Female,2007,Audi,RS4,Fullerton,California,92640,US,33.7862,-117.9309,44983,McCullough-Kshlerin,10/06/2023
85,Roxy,Brookes,rbrookes2c@bloglovin.com,Female,2009,Cadillac,STS-V,North Little Rock,Arkansas,72199,US,34.8272,-92.2847,82001,"Lockman, O'Conner and Osinski",01/01/2023
86,Augustina,Charles,acharles2d@123-reg.co.uk,Female,2004,Honda,Odyssey,Bronx,New York,10464,US,40.8469,-73.7874,80753,Mohr-Hane,06/16/2022
87,Annadiane,Gimblet,agimblet2e@ovh.net,Female,2007,Lexus,IS,Gilbert,Arizona,85297,US,33.2781,-111.7096,57427,Zemlak Inc,10/08/2022
88,Clevie,Denecamp,cdenecamp2f@tripod.com,Male,2009,Mazda,Mazda6,Sarasota,Florida,34238,US,27.2427,-82.4751,88398,Willms-Osinski,02/05/2022
89,Annabelle,Beert,abeert2g@mayoclinic.com,Female,1989,Saab,900,Alexandria,Virginia,22313,US,38.8158,-77.09,83191,Gusikowski-Champlin,06/26/2024
90,Kendra,Milburn,kmilburn2h@ibm.com,Female,2009,Ford,GT500,Corona,California,92878,US,33.7529,-116.0556,53959,Ritchie Group,03/03/2023
91,Martelle,Haslen,mhaslen2i@geocities.jp,Polygender,2009,Audi,TT,Harrisburg,Pennsylvania,17105,US,40.2785,-76.8752,80672,Shanahan LLC,10/31/2023
92,Kiersten,Mateja,kmateja2j@reverbnation.com,Female,1995,Mazda,RX-7,Phoenix,Arizona,85062,US,33.2765,-112.1872,91166,Ebert-Johnson,09/05/2024
93,Millie,Bowerbank,mbowerbank2k@engadget.com,Female,2000,Dodge,Stratus,Portland,Oregon,97296,US,45.5806,-122.3748,99517,"Gorczany, Spencer and Grant",09/28/2024
94,Ede,Harsum,eharsum2l@biblegateway.com,Female,2010,Audi,R8,Winter Haven,Florida,33884,US,27.981,-81.6736,78302,Morar and Sons,04/17/2023
95,Damian,Fawdrie,dfawdrie2m@msn.com,Male,1980,Chevrolet,Citation,Houston,Texas,77080,US,29.8159,-95.523,76747,Johnston Inc,12/16/2025
96,Carley,Clawson,cclawson2n@dyndns.org,Genderqueer,1990,Lexus,ES,Alhambra,California,91841,US,33.7866,-118.2987,69563,Cummings-Boyer,11/04/2023
97,Marcus,Huttley,mhuttley2o@slate.com,Male,1990,Mazda,626,New York City,New York,10090,US,40.7808,-73.9772,63075,"O'Connell, Klein and Hoeger",07/20/2023
98,Kin,Coulter,kcoulter2p@ow.ly,Male,2008,Ford,Taurus,Chicago,Illinois,60630,US,41.9699,-87.7603,85146,Ritchie Inc,01/15/2023
99,Marlon,Smyley,msmyley2q@diigo.com,Male,1985,Porsche,944,San Jose,California,95173,US,37.3352,-121.8938,64105,Kuhlman Group,05/20/2025
100,Vlad,Broke,vbroke2r@cornell.edu,Male,1995,Mercedes-Benz,S-Class,Raleigh,North Carolina,27626,US,35.7977,-78.6253,68488,Johns LLC,02/20/2022
101,Wolfy,Unwin,wunwin2s@xrea.com,Male,2000,Ford,Explorer,Bronx,New York,10464,US,40.8469,-73.7874,44849,"Hayes, Davis and Runolfsson",12/27/2023
102,Kort,Jellis,kjellis2t@stanford.edu,Male,2007,Mitsubishi,Raider,Washington,District of Columbia,20566,US,38.8971,-77.0554,61054,Konopelski-Bernier,05/10/2025
103,Lilly,Coey,lcoey2u@noaa.gov,Female,2011,Mitsubishi,Outlander,Los Angeles,California,90050,US,33.7866,-118.2987,92472,"West, Kohler and Hegmann",02/17/2024
104,Noak,Klimt,nklimt2v@cmu.edu,Male,2002,Kia,Spectra,Chicago,Illinois,60652,US,41.7454,-87.7135,68236,Champlin-Raynor,03/23/2024
105,Jessamyn,Medgwick,jmedgwick2w@adobe.com,Female,1990,Lincoln,Continental,Sacramento,California,94230,US,38.3774,-121.4444,47903,Cartwright and Sons,03/06/2025
106,Nissie,Elliman,nelliman2x@hibu.com,Female,2010,Ford,F450,El Paso,Texas,79984,US,31.6948,-106.3,80507,Hamill-Schoen,04/04/2023
107,Sallie,Wiltshear,swiltshear2y@fastcompany.com,Female,2006,Jeep,Liberty,Washington,District of Columbia,20551,US,38.892,-77.0452,30374,Nitzsche-Considine,04/18/2024
108,Ryann,Proctor,rproctor2z@hp.com,Female,2001,Mercedes-Benz,C-Class,Seattle,Washington,98175,US,47.7161,-122.3004,88110,Flatley LLC,05/22/2024
109,Dave,Seeborne,dseeborne30@archive.org,Male,1996,Ford,Crown Victoria,Brockton,Massachusetts,02305,US,41.9705,-70.7014,76890,"Feeney, Balistreri and Crooks",09/29/2022
110,Tanner,Ferrone,tferrone31@yandex.ru,Genderfluid,2002,Saturn,S-Series,Chicago,Illinois,60669,US,41.8119,-87.6873,58876,McLaughlin Inc,09/24/2022
111,Terry,Greenleaf,tgreenleaf32@cbslocal.com,Female,2000,Mazda,626,Wichita Falls,Texas,76310,US,33.8581,-98.5755,75602,Torp-Blick,03/20/2024
112,Lil,Gauld,lgauld33@dell.com,Female,1993,Volvo,940,West Palm Beach,Florida,33421,US,26.6459,-80.4303,55806,Mann Inc,11/09/2022
113,Marten,Siggs,msiggs34@biblegateway.com,Agender,2010,BMW,1 Series,Santa Clara,California,95054,US,37.3924,-121.9623,36554,Larson and Sons,07/11/2022
114,Millicent,Toyne,mtoyne35@liveinternet.ru,Female,2011,Buick,Lucerne,El Paso,Texas,79950,US,31.6948,-106.3,84946,Green LLC,04/09/2022
115,Schuyler,Domenici,sdomenici36@newsvine.com,Male,2011,BMW,M3,Temple,Texas,76505,US,31.0363,-97.492,92020,Dietrich-Bode,01/23/2023
116,Herc,Londors,hlondors37@ted.com,Male,1997,Volkswagen,Golf,Minneapolis,Minnesota,55417,US,44.9054,-93.2361,85017,"Marvin, Koss and Bahringer",04/05/2025
117,Jourdain,Jarrard,jjarrard38@eventbrite.com,Male,1990,Buick,LeSabre,Elizabeth,New Jersey,07208,US,40.6747,-74.2239,61333,Tillman-Stiedemann,11/19/2023
118,Alford,Quemby,aquemby39@tripadvisor.com,Male,2004,Honda,Odyssey,Eugene,Oregon,97405,US,44.0185,-123.0998,66337,Bogisich-Wisoky,11/30/2025
119,Des,Dutt,ddutt3a@exblog.jp,Male,2005,Mazda,Mazda3,Washington,District of Columbia,20456,US,38.8981,-77.0401,49854,"Gorczany, Greenfelder and Rohan",08/16/2024
120,Sarita,Stokell,sstokell3b@sohu.com,Female,2006,Lincoln,Zephyr,Mount Vernon,New York,10557,US,41.119,-73.733,87830,Huels-Cummerata,02/25/2022
121,Carroll,Kimble,ckimble3c@altervista.org,Male,2001,Ford,Expedition,Houston,Texas,77299,US,29.834,-95.4342,55152,Stehr-White,02/26/2022
122,Louis,Slad,lslad3d@army.mil,Male,2007,Lexus,RX Hybrid,Fresno,California,93721,US,36.7377,-119.7843,96565,"Harber, Kemmer and Osinski",05/30/2025
123,Glendon,Gehrtz,ggehrtz3e@infoseek.co.jp,Male,2010,Chevrolet,Aveo,Washington,District of Columbia,20442,US,38.896,-77.0177,79299,Hane Group,04/27/2022
124,Jecho,Collaton,jcollaton3f@studiopress.com,Male,2011,Mazda,Mazda3,Jamaica,New York,11470,US,40.6914,-73.8061,92488,Stehr and Sons,09/20/2023
125,Lorraine,Fandrey,lfandrey3g@irs.gov,Female,2003,Honda,Civic,Decatur,Georgia,30089,US,33.7749,-84.3046,98118,McKenzie-Weissnat,06/27/2024
126,Craig,Born,cborn3h@ibm.com,Male,2006,Chevrolet,Suburban 2500,Tampa,Florida,33680,US,27.872,-82.4388,67692,"Marks, Rowe and Dickens",06/22/2023
127,Dov,Buddell,dbuddell3i@youtu.be,Male,1997,Land Rover,Range Rover,Milwaukee,Wisconsin,53225,US,43.1154,-88.0346,93478,Bahringer LLC,10/25/2023
128,Virgie,Petru,vpetru3j@freewebs.com,Male,2002,Chevrolet,Venture,Saint Paul,Minnesota,55103,US,44.9608,-93.1216,40483,Cremin-Brekke,10/24/2024
129,Jule,McAnulty,jmcanulty3k@canalblog.com,Male,2001,Cadillac,Catera,Albany,New York,12232,US,42.6149,-73.9708,32033,Wyman LLC,04/12/2024
130,Robbie,Philbrook,rphilbrook3l@alexa.com,Non-binary,2009,Volkswagen,Touareg 2,Amarillo,Texas,79182,US,35.4015,-101.8951,80614,Shanahan-Ankunding,09/25/2023
131,Alphard,Enefer,aenefer3m@fda.gov,Male,2006,Mercedes-Benz,G-Class,Farmington,Michigan,48335,US,42.4617,-83.4053,97368,Ullrich LLC,03/27/2024
132,Judd,Mackin,jmackin3n@narod.ru,Male,1997,Eagle,Vision,Washington,District of Columbia,20470,US,38.8933,-77.0146,68051,Heaney and Sons,02/25/2023
133,Nicol,Brotherwood,nbrotherwood3o@cafepress.com,Female,2009,Ford,Expedition,Duluth,Georgia,30195,US,34.0047,-84.1532,90864,"Heathcote, Morar and Wisoky",04/22/2022
134,Gerty,Glasspoole,gglasspoole3p@tripadvisor.com,Female,1993,Dodge,Intrepid,Birmingham,Alabama,35231,US,33.5446,-86.9292,79160,Bechtelar Inc,05/20/2023
135,Alma,Cloute,acloute3q@163.com,Female,2001,Audi,TT,Tampa,Florida,33625,US,28.0726,-82.559,49596,Keeling Group,05/17/2023
136,Emmie,Alexandrescu,ealexandrescu3r@sun.com,Female,1992,Lotus,Elan,New York City,New York,10249,US,40.7808,-73.9772,65279,Lind LLC,08/19/2023
137,Kynthia,Mullender,kmullender3s@arizona.edu,Female,2011,Audi,A8,Reno,Nevada,89505,US,39.5224,-119.8353,86720,"Thompson, Rogahn and Spencer",12/30/2025
138,Lacee,Fforde,lfforde3t@indiegogo.com,Female,1961,Studebaker,Avanti,Jackson,Mississippi,39210,US,32.3218,-90.1771,34059,"Lockman, Lehner and Bogan",04/01/2022
139,Ronny,Ramme,rramme3u@pbs.org,Female,1997,Chevrolet,Cavalier,Peoria,Illinois,61640,US,40.7857,-89.6177,55498,Dooley and Sons,09/02/2025
140,Beauregard,Glanders,bglanders3v@pcworld.com,Male,2009,Ford,GT500,Jersey City,New Jersey,07310,US,40.7324,-74.0431,51760,"Ullrich, Gulgowski and McGlynn",12/01/2024
141,Norrie,Gilchrist,ngilchrist3w@prnewswire.com,Male,1997,Honda,Accord,New York City,New York,10150,US,40.7808,-73.9772,41573,Mayert Inc,12/09/2024
142,Francoise,Bach,fbach3x@ftc.gov,Female,1993,Mercedes-Benz,600SEL,Miami,Florida,33153,US,25.8655,-80.1936,91117,Wiegand and Sons,04/09/2023
143,Junia,McInnes,jmcinnes3y@squidoo.com,Female,2010,Mercury,Grand Marquis,Atlanta,Georgia,31136,US,33.7473,-84.3824,57663,"Schulist, Cartwright and Williamson",06/26/2025
144,Chaddy,Woloschin,cwoloschin3z@goo.ne.jp,Male,1998,Chevrolet,Malibu,Saint Louis,Missouri,63150,US,38.6531,-90.2435,30336,Zieme Group,08/16/2023
145,Berna,Ousby,bousby40@imdb.com,Female,1997,Mitsubishi,GTO,Chandler,Arizona,85246,US,33.2765,-112.1872,74437,"Runolfsson, Shields and Romaguera",05/17/2023
146,Ofilia,Pettis,opettis41@gmpg.org,Female,2013,Jaguar,XK Series,Wilmington,Delaware,19897,US,39.5645,-75.597,30354,Parisian-Graham,03/06/2024
147,Aprilette,Latty,alatty42@about.com,Female,2004,Ford,F350,Baltimore,Maryland,21239,US,39.361,-76.5891,94740,"Tillman, Walsh and Crooks",11/22/2024
148,Kora,Sloy,ksloy43@ocn.ne.jp,Female,1998,Mitsubishi,Mirage,Austin,Texas,78703,US,30.2907,-97.7648,33056,Flatley and Sons,12/06/2023
149,Melinde,Millom,mmillom44@bluehost.com,Female,1992,Acura,Legend,Aurora,Colorado,80045,US,39.7467,-104.8384,63639,Cummerata Inc,03/05/2025
150,Conrado,Challener,cchallener45@cafepress.com,Male,2001,Volvo,S40,Mesa,Arizona,85210,US,33.3887,-111.8428,79081,Smith-Parisian,11/27/2024
151,Mel,Worthing,mworthing46@cocolog-nifty.com,Male,2009,Audi,S5,Tulsa,Oklahoma,74156,US,36.3024,-95.9605,49218,Stiedemann Inc,06/24/2024
152,Israel,Dimitriev,idimitriev47@nps.gov,Male,1966,Pontiac,LeMans,Whittier,California,90605,US,33.9413,-118.0356,79950,"McDermott, Pollich and Daugherty",01/03/2023
153,Martie,Chaves,mchaves48@geocities.com,Non-binary,1992,Audi,Quattro,Scranton,Pennsylvania,18505,US,41.3914,-75.6657,98749,Jones-Metz,11/13/2023
154,Allard,Trevethan,atrevethan49@newsvine.com,Polygender,2007,Toyota,Camry Solara,Dallas,Texas,75397,US,32.7673,-96.7776,74484,McGlynn-Carter,11/20/2023
155,Shirlene,Grose,sgrose4a@fc2.com,Female,2001,Ford,Th!nk,Arlington,Texas,76004,US,32.7714,-97.2915,90304,"Stiedemann, Collier and DuBuque",11/10/2023
156,Leonie,Marskell,lmarskell4b@auda.org.au,Female,2010,Nissan,Murano,Indianapolis,Indiana,46226,US,39.8326,-86.0836,95270,"Herzog, Quitzon and Sauer",04/28/2024
157,Mikel,Sultana,msultana4c@purevolume.com,Male,2008,Ferrari,430 Scuderia,Pittsburgh,Pennsylvania,15230,US,40.4344,-80.0248,41830,Maggio LLC,07/18/2025
158,Ruddy,Cheal,rcheal4d@timesonline.co.uk,Male,1997,GMC,1500 Club Coupe,Birmingham,Alabama,35263,US,33.5225,-86.8094,39411,Hoppe Inc,04/20/2025
159,Micky,Strathe,mstrathe4e@privacy.gov.au,Male,1993,Eagle,Talon,San Francisco,California,94137,US,37.7848,-122.7278,60615,Smitham LLC,06/03/2025
160,Crin,Godball,cgodball4f@jiathis.com,Female,2007,Foose,Hemisfear,San Diego,California,92170,US,33.0169,-116.846,67622,"Conn, Ortiz and Miller",03/09/2023
161,Chrystel,Wickerson,cwickerson4g@technorati.com,Female,2004,Chevrolet,Blazer,Van Nuys,California,91406,US,34.2006,-118.4868,69941,Kerluke-Zulauf,12/20/2024
162,Egon,Castrillo,ecastrillo4h@angelfire.com,Male,1998,Jeep,Wrangler,Scottsdale,Arizona,85271,US,33.2765,-112.1872,95920,Price-Lebsack,02/02/2024
163,Lexie,Bote,lbote4i@admin.ch,Female,1996,Mitsubishi,GTO,Montgomery,Alabama,36109,US,32.3834,-86.2434,96497,Von Inc,08/06/2022
164,Ibby,Brookes,ibrookes4j@google.com,Female,2000,Dodge,Ram Van 3500,Springfield,Missouri,65810,US,37.1136,-93.2896,88928,Murazik and Sons,03/01/2025
165,Brennen,Deluce,bdeluce4k@woothemes.com,Male,1988,Buick,LeSabre,Macon,Georgia,31205,US,32.8067,-83.6913,62446,Jakubowski-Walter,02/06/2025
166,Fae,Alti,falti4l@time.com,Female,1983,Ford,Mustang,Clearwater,Florida,34620,US,27.9139,-82.7157,65736,Paucek Inc,07/04/2024
167,Ivy,Windibank,iwindibank4m@is.gd,Female,1988,Mitsubishi,Truck,Cincinnati,Ohio,45296,US,39.1668,-84.5382,50149,"Ruecker, Dietrich and Larkin",12/05/2025
168,Emmit,McKerron,emckerron4n@wsj.com,Genderqueer,2007,Nissan,Maxima,Tampa,Florida,33633,US,27.872,-82.4388,30918,"Schultz, Yundt and Price",09/09/2023
169,Joleen,Vinson,jvinson4o@list-manage.com,Female,1995,Jaguar,XJ Series,Honolulu,Hawaii,96835,US,21.3278,-157.8294,31507,Auer LLC,07/31/2024
170,Theresa,Houseman,thouseman4p@dmoz.org,Female,1995,Volkswagen,Passat,Orange,California,92668,US,33.7867,-117.8742,85209,"Bruen, Grant and Wilderman",11/07/2022
171,Sheelagh,Starten,sstarten4q@163.com,Female,2011,Toyota,Prius,Metairie,Louisiana,70033,US,29.6779,-90.0901,95823,Hagenes-Schimmel,08/25/2024
172,Berkie,Cottey,bcottey4r@de.vu,Male,1994,Land Rover,Defender,Atlanta,Georgia,31136,US,33.7473,-84.3824,80939,Collins-Fay,06/08/2022
173,Catina,Aubry,caubry4s@whitehouse.gov,Female,1994,GMC,1500 Club Coupe,Cheyenne,Wyoming,82007,US,41.1084,-104.8107,85096,"Medhurst, Dickinson and Krajcik",05/02/2022
174,Hall,Gerretsen,hgerretsen4t@a8.net,Male,2009,Jeep,Grand Cherokee,Salt Lake City,Utah,84110,US,40.6681,-111.9083,33812,"Harvey, Graham and Heidenreich",03/12/2024
175,Lothaire,Lindblom,llindblom4u@arizona.edu,Male,2003,Infiniti,I,Gulfport,Mississippi,39505,US,30.4158,-89.0684,61697,Beahan-Wolff,10/01/2024
176,Linet,Landreth,llandreth4v@wikia.com,Female,1961,Pontiac,Tempest,San Antonio,Texas,78265,US,29.4375,-98.4616,57996,Cormier Group,12/20/2023
177,Augustine,Wield,awield4w@va.gov,Male,1994,Subaru,Alcyone SVX,Portland,Maine,04109,US,43.6783,-70.1987,55421,"Kiehn, Turner and Lindgren",07/19/2024
178,Andree,Holliar,aholliar4x@behance.net,Female,2000,Infiniti,I,Columbus,Ohio,43215,US,39.9671,-83.0044,32691,"Haag, Jakubowski and Schulist",11/17/2022
179,Therine,Muddimer,tmuddimer4y@springer.com,Female,2006,Saab,9-7X,Chattanooga,Tennessee,37416,US,35.0942,-85.1757,61412,"Abernathy, Wiza and Klein",08/23/2025
180,Egbert,Smieton,esmieton4z@tinypic.com,Male,2010,Toyota,Sequoia,Dallas,Texas,75277,US,32.7673,-96.7776,92355,"Friesen, Lebsack and Carter",07/04/2024
181,Julio,Gambrell,jgambrell50@loc.gov,Male,2010,Honda,Accord Crosstour,Pittsburgh,Pennsylvania,15286,US,40.4344,-80.0248,80578,Borer Inc,04/16/2025
182,Harcourt,Balazin,hbalazin51@vkontakte.ru,Male,1995,Chevrolet,Caprice Classic,Portland,Maine,04109,US,43.6783,-70.1987,37147,"Labadie, Ward and Ward",03/20/2022
183,Costa,Hearnes,chearnes52@weather.com,Male,2011,GMC,Savana 2500,Indianapolis,Indiana,46207,US,39.7673,-86.1606,74076,Cummerata Group,05/07/2024
184,Tim,Groneway,tgroneway53@symantec.com,Female,2008,Dodge,Magnum,Van Nuys,California,91499,US,33.7866,-118.2987,48320,Pollich-Senger,07/18/2023
185,Francesco,Dickens,fdickens54@networkadvertising.org,Male,2007,Maserati,Quattroporte,Jamaica,New York,11407,US,40.6913,-73.8059,38888,"Gislason, Kerluke and Buckridge",09/19/2024
186,Merridie,Tyt,mtyt55@msn.com,Female,2011,Nissan,Xterra,Cincinnati,Ohio,45999,US,39.1668,-84.5382,73725,Dickinson LLC,02/18/2024
187,Fayth,Sigert,fsigert56@tripadvisor.com,Female,2011,Mazda,Mazda3,Roanoke,Virginia,24020,US,37.3589,-79.9448,42569,"Gerlach, Dietrich and Vandervort",02/16/2023
188,Frederica,Farnfield,ffarnfield57@about.com,Female,1999,GMC,Savana 2500,Lansing,Michigan,48930,US,42.7325,-84.5587,40861,Jacobson and Sons,05/11/2023
189,Ilsa,Killik,ikillik58@elegantthemes.com,Female,2000,Infiniti,QX,Saint Louis,Missouri,63110,US,38.6185,-90.2564,56389,Predovic-Feeney,10/25/2025
190,Leonie,Mortimer,lmortimer59@artisteer.com,Female,2001,Infiniti,I,San Diego,California,92145,US,32.8891,-117.1005,34807,O'Hara LLC,11/19/2022
191,Caitrin,Erbain,cerbain5a@go.com,Female,2001,Volvo,S60,Van Nuys,California,91411,US,34.1781,-118.4574,37752,"Ledner, White and Rolfson",03/25/2022
192,Ingar,Gasking,igasking5b@cbslocal.com,Male,2004,GMC,Sierra 3500,Orlando,Florida,32885,US,28.5456,-81.3782,57815,Osinski-Kutch,08/10/2023
193,Duky,Aguirrezabal,daguirrezabal5c@msn.com,Male,1962,Studebaker,Avanti,Baltimore,Maryland,21216,US,39.3093,-76.6699,93268,"Runolfsdottir, Corwin and Upton",06/03/2024
194,Phip,Cromarty,pcromarty5d@arizona.edu,Male,2003,Ford,ZX2,Pittsburgh,Pennsylvania,15215,US,40.5048,-79.9138,63378,Ledner Group,02/16/2023
195,Brent,Pike,bpike5e@irs.gov,Male,2002,Volkswagen,rio,Kansas City,Missouri,64187,US,39.035,-94.3567,42581,Becker-Fisher,02/15/2022
196,Tara,Janek,tjanek5f@youtube.com,Female,2004,Mercury,Sable,Jacksonville,Florida,32215,US,30.2407,-81.893,52058,Reinger Inc,06/11/2022
197,Estevan,Costin,ecostin5g@cdc.gov,Male,1993,Oldsmobile,Achieva,Houston,Texas,77055,US,29.7971,-95.4958,76990,Price-Kuvalis,08/24/2024
198,Latrena,Franscioni,lfranscioni5h@stanford.edu,Female,2012,Mitsubishi,Lancer,Miami,Florida,33190,US,25.5593,-80.3483,62127,"Weissnat, Bashirian and Medhurst",11/29/2022
199,Wiatt,Crasford,wcrasford5i@deviantart.com,Male,2000,Volkswagen,Eurovan,Baton Rouge,Louisiana,70894,US,30.5159,-91.0804,83661,"Doyle, Gislason and Zulauf",05/24/2024
200,Kiele,Lafferty,klafferty5j@deviantart.com,Female,2012,Lexus,RX,Indianapolis,Indiana,46221,US,39.7509,-86.1924,74982,Nicolas Inc,11/30/2022
201,Willa,Hordle,whordle5k@census.gov,Female,2006,Volkswagen,GTI,Sacramento,California,94230,US,38.3774,-121.4444,69591,"Beatty, Bashirian and Torp",02/10/2025
202,Jordana,Southerton,jsoutherton5l@blogs.com,Female,2001,BMW,M,Duluth,Minnesota,55811,US,46.8147,-92.1998,86902,"Gerhold, Corkery and Stehr",09/07/2022
203,Madelina,Cardenas,mcardenas5m@google.co.jp,Female,2005,Chevrolet,Suburban 1500,Miami,Florida,33147,US,25.8507,-80.2366,41001,Gleichner Inc,03/14/2025
204,Alden,Fettis,afettis5n@behance.net,Male,2001,Porsche,911,Toledo,Ohio,43666,US,41.6782,-83.4972,77256,Miller-Purdy,11/19/2022
205,Dag,Banbridge,dbanbridge5o@census.gov,Male,2012,Honda,Fit,Modesto,California,95397,US,37.6566,-121.0191,33456,Mayert-Lemke,02/05/2025
206,Bennie,Saines,bsaines5p@de.vu,Female,2001,Cadillac,Catera,Detroit,Michigan,48267,US,42.2399,-83.1508,53302,Jones-Keebler,01/29/2026
207,Wilt,Langston,wlangston5q@tmall.com,Male,1992,Chevrolet,Suburban 1500,Louisville,Kentucky,40210,US,38.2306,-85.7905,54471,Hane-Stark,09/06/2025
208,Marius,Virgin,mvirgin5r@sfgate.com,Male,1993,Acura,Integra,El Paso,Texas,88553,US,31.6948,-106.3,67517,Goodwin-McClure,07/28/2022
209,Avram,Gateman,agateman5s@discuz.net,Male,1991,Ford,Ranger,Metairie,Louisiana,70033,US,29.6779,-90.0901,40881,"Murazik, Rath and Auer",04/08/2022
210,Boyce,Offer,boffer5t@arstechnica.com,Male,1993,Honda,Civic,Fresno,California,93715,US,36.7464,-119.6397,33396,"Brakus, Auer and Ritchie",06/06/2024
211,Winifred,Dunphie,wdunphie5u@gnu.org,Female,2011,Chevrolet,Cruze,Warren,Michigan,48092,US,42.5125,-83.0643,39388,"Schmitt, Green and Williamson",03/16/2023
212,Sande,Dreakin,sdreakin5v@vk.com,Female,1984,Mazda,626,Oakland,California,94605,US,37.7641,-122.1633,47081,Gulgowski-Schoen,02/12/2023
213,Malena,Boggs,mboggs5w@noaa.gov,Female,1997,Audi,Cabriolet,Camden,New Jersey,08104,US,39.9186,-75.1078,40068,"Witting, Dicki and Kovacek",07/02/2025
214,Glen,Mearing,gmearing5x@trellian.com,Male,2001,Dodge,Caravan,Houston,Texas,77040,US,29.8744,-95.5278,36461,Keeling-Bartell,08/24/2025
215,Ericha,Falkinder,efalkinder5y@plala.or.jp,Female,2012,Honda,CR-V,San Antonio,Texas,78291,US,29.4375,-98.4616,73911,Torphy-Hirthe,12/29/2024
216,Izaak,Spellacey,ispellacey5z@sourceforge.net,Male,2002,Pontiac,Montana,Indianapolis,Indiana,46239,US,39.7265,-86.0005,96408,Lehner LLC,10/25/2022
217,Kristopher,Platts,kplatts60@washingtonpost.com,Male,2005,Buick,Park Avenue,Muskegon,Michigan,49444,US,43.1791,-86.1989,93561,"Bayer, Rolfson and Rath",11/09/2025
218,Stanislaus,Kindall,skindall61@github.io,Non-binary,1994,Geo,Metro,Anaheim,California,92805,US,33.8359,-117.9086,73681,Mayert and Sons,04/17/2025
219,Antonio,Gioan,agioan62@japanpost.jp,Male,1986,Buick,Somerset,Portland,Oregon,97286,US,45.5806,-122.3748,69766,"Hyatt, Goldner and Douglas",07/29/2022
220,Gualterio,Dobbson,gdobbson63@reuters.com,Male,2007,Spyker,C8,Las Vegas,Nevada,89120,US,36.0914,-115.0885,79276,Trantow LLC,08/04/2023
221,Timmy,Hoffmann,thoffmann64@google.it,Female,1984,Pontiac,Parisienne,Birmingham,Alabama,35290,US,33.5446,-86.9292,97477,Hoppe Group,12/31/2023
222,Alyse,Gold,agold65@scribd.com,Female,2000,Chevrolet,Tracker,Minneapolis,Minnesota,55412,US,45.0242,-93.302,65472,Rodriguez LLC,05/23/2022
223,Jehanna,Andriveaux,jandriveaux66@live.com,Female,2000,Mazda,Millenia,Macon,Georgia,31296,US,32.8067,-83.6913,55219,"Buckridge, Cormier and Harvey",03/07/2024
224,Sheppard,Ayshford,sayshford67@homestead.com,Male,1968,Pontiac,Grand Prix,Miami,Florida,33261,US,25.5584,-80.4582,48240,Leffler Inc,09/14/2025
225,Dewey,Crossman,dcrossman68@furl.net,Male,1997,Chevrolet,S10,Santa Barbara,California,93106,US,34.4329,-119.8371,45578,"Dooley, Feest and Howell",04/17/2025
226,Henry,Clemencet,hclemencet69@a8.net,Male,1994,Ford,Econoline E250,Palmdale,California,93591,US,34.6019,-117.8123,72638,Ritchie Group,07/09/2022
227,Katrine,Edler,kedler6a@reuters.com,Female,1995,Mitsubishi,Chariot,Honolulu,Hawaii,96805,US,21.3062,-157.8585,32501,"Spinka, Murray and Fahey",01/05/2023
228,Yankee,Bodesson,ybodesson6b@berkeley.edu,Male,1997,Ford,Escort,Pasadena,California,91186,US,33.7866,-118.2987,81990,"Bashirian, Kilback and Schumm",06/09/2022
229,Xavier,Ely,xely6c@webeden.co.uk,Male,1997,Dodge,Ram 3500 Club,New York City,New York,10155,US,40.7611,-73.968,47183,Wyman and Sons,09/06/2022
230,Irv,Tolputt,itolputt6d@google.fr,Male,2005,Ford,Five Hundred,Pasadena,California,91186,US,33.7866,-118.2987,97943,"Runte, Lehner and Fritsch",04/07/2025
231,Prinz,Gascard,pgascard6e@sciencedirect.com,Male,1997,Chevrolet,2500,Decatur,Illinois,62525,US,39.854,-88.9815,71156,Sporer LLC,04/07/2025
232,Joanie,Flori,jflori6f@mozilla.org,Female,2006,Volvo,V50,Denver,Colorado,80262,US,39.731,-104.9384,38208,"Schowalter, Jast and Denesik",06/01/2024
233,Carmelle,Whitehorn,cwhitehorn6g@hc360.com,Female,2000,Subaru,Legacy,Oklahoma City,Oklahoma,73173,US,35.3425,-97.6317,79251,Lubowitz-Walker,08/22/2022
234,Lurlene,O'Mullaney,lomullaney6h@example.com,Female,2005,Chevrolet,Uplander,Louisville,Kentucky,40266,US,38.189,-85.6768,72483,Steuber-Greenholt,09/14/2022
235,Tracey,Brain,tbrain6i@bloglovin.com,Female,2003,Mercedes-Benz,S-Class,Rochester,New York,14652,US,43.286,-77.6843,67437,"Dach, Klein and Wunsch",08/01/2023
236,Gardener,Connue,gconnue6j@nifty.com,Male,1997,Land Rover,Discovery,Washington,District of Columbia,20580,US,38.8933,-77.0146,36741,Adams-Herman,03/28/2023
237,Federica,Vaughten,fvaughten6k@soundcloud.com,Female,2002,GMC,Savana 2500,Roanoke,Virginia,24020,US,37.3589,-79.9448,78482,Conn-Vandervort,12/27/2024
238,Lorelei,Ellum,lellum6l@about.com,Female,2009,Pontiac,Torrent,Atlanta,Georgia,30336,US,33.7406,-84.5545,37561,"Casper, Raynor and Feest",07/02/2025
239,Murdock,Jutson,mjutson6m@craigslist.org,Male,2007,Honda,S2000,Tampa,Florida,33620,US,28.06,-82.4079,82030,Boyer-Bruen,02/07/2023
240,Tammie,Roo,troo6n@networkadvertising.org,Female,1989,Buick,Century,Honolulu,Hawaii,96820,US,21.351,-157.8795,59618,"Koelpin, Watsica and Ward",08/12/2022
241,Horst,Biagini,hbiagini6o@prlog.org,Male,1998,Mitsubishi,Pajero,Oklahoma City,Oklahoma,73135,US,35.411,-97.4388,63951,"Greenfelder, Bernhard and Turner",06/29/2024
242,Otto,Castells,ocastells6p@imageshack.us,Male,2013,Hyundai,Veloster,Washington,District of Columbia,20525,US,38.8933,-77.0146,35681,"Gerhold, Boehm and Harvey",10/03/2022
243,Harriett,Akers,hakers6q@clickbank.net,Genderfluid,1988,Acura,Legend,Los Angeles,California,90010,US,34.0606,-118.3027,71077,Mayert-Barrows,03/20/2023
244,Tabb,Plaskett,tplaskett6r@google.it,Male,2005,Chevrolet,Express 1500,Washington,District of Columbia,20540,US,38.8874,-77.0047,64020,Treutel-Yundt,11/22/2025
245,Jefferson,Sprosson,jsprosson6s@delicious.com,Male,2007,Suzuki,SX4,New Orleans,Louisiana,70124,US,30.0071,-90.1094,89400,Kihn and Sons,10/05/2025
246,Penelopa,Winwright,pwinwright6t@hhs.gov,Female,1984,Volkswagen,Vanagon,Corpus Christi,Texas,78410,US,27.8458,-97.596,44116,McDermott Inc,03/01/2022
247,Randal,Jaimez,rjaimez6u@mozilla.com,Male,2005,Ford,Expedition,North Port,Florida,34290,US,27.0459,-82.2491,48882,Kirlin Inc,04/17/2025
248,Janine,Goodrum,jgoodrum6v@answers.com,Female,2011,Volkswagen,GTI,Orlando,Florida,32813,US,28.5679,-81.3258,99374,"Kreiger, Gleason and Stokes",07/13/2024
249,Carolina,Niave,cniave6w@abc.net.au,Female,2005,Toyota,Prius,Sacramento,California,94207,US,38.3774,-121.4444,63698,"Sporer, Kozey and Vandervort",08/01/2024
250,Nannette,Siddens,nsiddens6x@newsvine.com,Female,1994,Lincoln,Mark VIII,Las Vegas,Nevada,89155,US,35.9279,-114.9721,41043,"Conroy, Lockman and Johnson",05/14/2025
251,Alix,Burnhams,aburnhams6y@google.pl,Female,2007,Bentley,Arnage,Sioux Falls,South Dakota,57188,US,43.6746,-96.7913,77921,Rolfson-Wolff,02/04/2023
252,Hernando,Galbraeth,hgalbraeth6z@livejournal.com,Male,1999,Plymouth,Grand Voyager,Knoxville,Tennessee,37995,US,35.9901,-83.9622,35260,Lynch Inc,06/01/2025
253,Dunstan,Flannery,dflannery70@apache.org,Male,2009,Hyundai,Veracruz,Trenton,New Jersey,08650,US,40.2805,-74.712,67406,"Von, Zulauf and Goodwin",04/12/2022
254,Stefan,Mishaw,smishaw71@wikipedia.org,Male,2008,BMW,Alpina B7,Chicago,Illinois,60636,US,41.776,-87.6674,80067,"Rau, Maggio and Kub",04/15/2022
255,Barbee,Gamlin,bgamlin72@chronoengine.com,Female,2004,Infiniti,M,Clearwater,Florida,34629,US,27.9654,-82.8001,95871,Jacobson-Bergnaum,01/22/2025
256,Timoteo,Davana,tdavana73@youtube.com,Male,2001,Volvo,V40,Hartford,Connecticut,06120,US,41.786,-72.6758,97715,"Watsica, Flatley and Jast",08/03/2025
257,Lauren,Cramer,lcramer74@mac.com,Female,1990,Volkswagen,Type 2,Huntsville,Alabama,35815,US,34.734,-86.5229,65565,Treutel Group,03/19/2024
258,Kirby,Woolforde,kwoolforde75@adobe.com,Female,2003,Audi,S6,Tucson,Arizona,85715,US,32.2519,-110.82,43201,"Trantow, Hayes and Brekke",08/19/2024
259,Fan,Perot,fperot76@globo.com,Genderqueer,2003,Ford,Windstar,Sacramento,California,94297,US,38.3774,-121.4444,43452,"Spencer, Predovic and Crooks",07/26/2025
260,Vonnie,Portt,vportt77@miibeian.gov.cn,Female,1996,Isuzu,Rodeo,Kansas City,Missouri,64109,US,39.0663,-94.5674,42912,"Nikolaus, Funk and Rolfson",08/25/2024
261,Pauly,Nudds,pnudds78@about.com,Female,1992,Volkswagen,Jetta,Chicago,Illinois,60663,US,41.8119,-87.6873,68804,Schamberger Group,04/24/2023
262,Lyman,Lazar,llazar79@wunderground.com,Male,1999,Chevrolet,2500,Saint Cloud,Minnesota,56398,US,45.5289,-94.5933,31100,Rice-Dietrich,09/09/2025
263,Kennan,Pavlovic,kpavlovic7a@businessweek.com,Male,1994,Suzuki,Swift,Spring,Texas,77388,US,30.0505,-95.4695,58933,"Bins, Effertz and Watsica",07/25/2023
264,Agretha,Schuler,aschuler7b@scribd.com,Female,2010,Volvo,C30,Dallas,Texas,75221,US,32.8147,-96.7877,66247,Altenwerth-Paucek,07/12/2023
265,Kaiser,Dewsbury,kdewsbury7c@netscape.com,Male,2007,Lexus,IS,Washington,District of Columbia,20409,US,38.8933,-77.0146,67704,Cormier-Hilll,12/20/2025
266,Chrisse,Pasquale,cpasquale7d@msn.com,Male,2003,Mercedes-Benz,SL-Class,Columbia,South Carolina,29208,US,33.9937,-81.0199,33272,Fay Inc,11/23/2024
267,Paloma,De Bruijn,pdebruijn7e@oracle.com,Genderfluid,1994,Chevrolet,Impala SS,Des Moines,Iowa,50369,US,41.6727,-93.5722,52628,Terry-Jacobi,04/04/2022
268,Annmaria,Breadmore,abreadmore7f@so-net.ne.jp,Female,2000,Dodge,Viper,Peoria,Illinois,61656,US,40.7442,-89.7184,44327,Lang-Labadie,12/24/2022
269,Sanderson,Longcaster,slongcaster7g@shareasale.com,Male,2003,Toyota,Echo,White Plains,New York,10633,US,41.119,-73.733,43233,"Stokes, Jacobs and Lakin",07/25/2025
270,Sheri,Kenney,skenney7h@deviantart.com,Female,1998,Subaru,Forester,Albany,New York,12262,US,42.6149,-73.9708,83740,"Rohan, Wisozk and Balistreri",11/01/2022
271,Katrinka,Cressar,kcressar7i@pagesperso-orange.fr,Female,1995,Chevrolet,1500,Santa Fe,New Mexico,87592,US,35.5212,-105.9818,85698,Jenkins and Sons,04/06/2024
272,Nani,Steinhammer,nsteinhammer7j@free.fr,Female,2006,Porsche,Boxster,Houston,Texas,77288,US,29.834,-95.4342,74088,Sauer-Toy,05/31/2024
273,Rene,Dow,rdow7k@stumbleupon.com,Male,2011,Aston Martin,V8 Vantage S,Richmond,Virginia,23272,US,37.5242,-77.4932,84463,Labadie-Lang,02/07/2025
274,Tedda,Marguerite,tmarguerite7l@bing.com,Genderfluid,2009,Mazda,B-Series,Corpus Christi,Texas,78475,US,27.777,-97.4632,75148,Skiles LLC,03/12/2023
275,Laural,Wye,lwye7m@i2i.jp,Female,1996,Saturn,S-Series,Washington,District of Columbia,20036,US,38.9087,-77.0414,41932,"Windler, King and Haley",11/28/2025
276,Garvey,Freen,gfreen7n@boston.com,Male,2000,Plymouth,Voyager,Bronx,New York,10469,US,40.8702,-73.8495,56193,Kilback Group,01/16/2025
277,Cecil,Parratt,cparratt7o@cargocollective.com,Male,1985,Buick,LeSabre,Schenectady,New York,12325,US,42.8333,-74.058,32840,"Considine, McCullough and Cummerata",07/21/2022
278,Nisse,Izod,nizod7p@networkadvertising.org,Female,1995,Chevrolet,Monte Carlo,Newport News,Virginia,23612,US,37.1959,-76.5248,31267,Schamberger-Powlowski,07/13/2025
279,Gerry,Mingard,gmingard7q@opera.com,Female,1996,Lexus,LS,Hampton,Virginia,23668,US,37.0206,-76.3377,30011,Leffler LLC,02/12/2022
280,Smith,McAlister,smcalister7r@cbc.ca,Male,1996,Pontiac,Trans Sport,Las Vegas,Nevada,89193,US,35.9279,-114.9721,98177,Rohan and Sons,06/09/2023
281,Gaven,Ranger,granger7s@npr.org,Male,2007,Buick,Rendezvous,Pueblo,Colorado,81010,US,38.1286,-104.5523,74174,Schumm Inc,10/31/2022
282,Renard,Pendlington,rpendlington7t@youtube.com,Male,1977,Chevrolet,Caprice,Portland,Oregon,97271,US,45.5806,-122.3748,58407,Schoen-Prosacco,07/25/2023
283,Dyane,Embery,dembery7u@rediff.com,Female,1996,BMW,Z3,Philadelphia,Pennsylvania,19160,US,40.0018,-75.1179,75922,Mosciski LLC,08/31/2024
284,Teodoor,Prigmore,tprigmore7v@usnews.com,Male,2010,GMC,Sierra 3500,Herndon,Virginia,22070,US,38.9776,-77.386,83993,Hirthe-Mayert,06/06/2022
285,Chrysa,Humpherston,chumpherston7w@unc.edu,Female,1993,GMC,Rally Wagon 1500,Pittsburgh,Pennsylvania,15240,US,40.4344,-80.0248,43902,Lueilwitz and Sons,04/30/2023
286,Robena,Stoeckle,rstoeckle7x@yahoo.com,Female,1988,Mazda,929,El Paso,Texas,88589,US,31.6948,-106.3,60175,Williamson-Macejkovic,12/30/2024
287,Clayton,Brassington,cbrassington7y@phoca.cz,Male,2009,Chevrolet,Suburban 1500,New Orleans,Louisiana,70116,US,29.9686,-90.0646,44845,Nienow LLC,11/24/2025
288,Aila,Garlic,agarlic7z@ovh.net,Female,2012,Mercedes-Benz,SLK-Class,Huntsville,Alabama,35805,US,34.7059,-86.6165,39567,Mayert-Morissette,10/24/2025
289,Calypso,Haggith,chaggith80@sohu.com,Female,2011,Acura,MDX,Greenville,South Carolina,29615,US,34.8661,-82.3198,90273,Wiegand-Rowe,09/29/2024
290,Jessalin,Neaves,jneaves81@de.vu,Female,2004,Buick,Century,Fresno,California,93762,US,36.7464,-119.6397,84668,Witting LLC,08/05/2023
291,Teressa,Cozens,tcozens82@canalblog.com,Female,2010,Lotus,Elise,Beaumont,Texas,77705,US,30.0211,-94.1157,51211,Medhurst LLC,12/20/2024
292,Odie,Soro,osoro83@netlog.com,Male,2000,Toyota,Celica,Glendale,California,91210,US,33.7866,-118.2987,93102,"Flatley, Gutkowski and Weimann",01/03/2025
293,Micki,Ryle,mryle84@nih.gov,Female,2005,Honda,Civic Si,Charleston,South Carolina,29403,US,32.7976,-79.9493,47953,"Lubowitz, Kunze and Cormier",11/10/2025
294,Zollie,Gavahan,zgavahan85@homestead.com,Male,1997,Chrysler,Sebring,Stamford,Connecticut,06905,US,41.0888,-73.5435,35120,"Russel, Renner and Sanford",02/01/2023
295,Lucius,Spurett,lspurett86@creativecommons.org,Male,1993,Plymouth,Laser,Corona,California,92878,US,33.7529,-116.0556,60642,Rippin-Bechtelar,11/27/2022
296,Augustin,Moniker,amoniker87@furl.net,Male,2010,Volkswagen,Routan,Wilmington,Delaware,19810,US,39.8188,-75.5064,78659,Kertzmann and Sons,01/31/2022
297,Emilie,Matteotti,ematteotti88@arstechnica.com,Female,1988,Honda,CR-X,Minneapolis,Minnesota,55436,US,44.9034,-93.374,81820,Gutkowski-Huels,02/17/2022
298,Arther,Wrightim,awrightim89@qq.com,Male,2010,Volkswagen,Eos,Carlsbad,California,92013,US,33.0169,-116.846,61327,Veum-Bosco,03/01/2024
299,Eduardo,Motten,emotten8a@github.com,Male,2001,Infiniti,I,Gadsden,Alabama,35905,US,33.9352,-85.9576,57566,Fahey-Dicki,10/14/2022
300,Griffith,Sleet,gsleet8b@facebook.com,Male,1989,Suzuki,Sidekick,Colorado Springs,Colorado,80915,US,38.8558,-104.7134,81915,"Miller, Boehm and Yundt",08/12/2024
301,Olav,Whilder,owhilder8c@biglobe.ne.jp,Male,2004,Mitsubishi,Eclipse,Tyler,Texas,75705,US,32.3766,-95.1252,63767,Jones-Upton,02/11/2025
302,Delilah,Tinston,dtinston8d@google.co.uk,Female,1965,Pontiac,GTO,New York City,New York,10105,US,40.7628,-73.9785,46882,Hilll-Barton,07/19/2022
303,Lyndsie,Blatcher,lblatcher8e@nationalgeographic.com,Female,2009,Toyota,Prius,Little Rock,Arkansas,72209,US,34.6725,-92.3529,93303,Wyman and Sons,08/23/2022
304,Elka,Dmitrovic,edmitrovic8f@wordpress.com,Female,2008,Dodge,Ram 3500,Las Vegas,Nevada,89130,US,36.2471,-115.221,69394,Grimes Inc,10/01/2024
305,Emelyne,Bolitho,ebolitho8g@issuu.com,Genderfluid,2012,Nissan,NV1500,Spokane,Washington,99215,US,47.6536,-117.4317,36254,"Bergstrom, Emard and Dooley",05/18/2025
306,Syd,Botwood,sbotwood8h@mac.com,Male,2004,Mazda,Tribute,Fairfield,Connecticut,06825,US,41.1928,-73.2402,65908,"Dietrich, Hintz and Schuppe",03/04/2025
307,Isaiah,Woodroofe,iwoodroofe8i@cnn.com,Male,1987,Mitsubishi,Pajero,Reno,Nevada,89519,US,39.4814,-119.8591,85987,"Leuschke, VonRueden and Gusikowski",06/14/2025
308,Annie,Volke,avolke8j@usgs.gov,Female,1998,Suzuki,Esteem,Corpus Christi,Texas,78415,US,27.7262,-97.4078,36064,"Torp, Olson and Feeney",10/29/2022
309,Lilla,Dobbing,ldobbing8k@moonfruit.com,Female,2004,Porsche,911,Kansas City,Missouri,64136,US,39.0187,-94.4008,88641,Haley-O'Conner,10/12/2022
310,Timmi,Richin,trichin8l@google.pl,Female,2003,Infiniti,M,Newark,Delaware,19714,US,39.5645,-75.597,64015,Sawayn-Rogahn,04/15/2025
311,Addia,Shurrock,ashurrock8m@bloglovin.com,Agender,2004,Pontiac,Vibe,Plano,Texas,75074,US,33.0277,-96.6777,45859,"Lubowitz, Orn and Hahn",05/26/2023
312,Port,Robben,probben8n@ucoz.ru,Male,2011,Mercedes-Benz,SLK-Class,Dallas,Texas,75387,US,32.7673,-96.7776,51321,"Lemke, Upton and Little",11/18/2023
313,Donavon,Nulty,dnulty8o@slashdot.org,Male,2000,GMC,Sonoma,Chicago,Illinois,60646,US,41.993,-87.7596,97533,"Bailey, Waelchi and Zulauf",04/18/2025
314,Carlie,Chartman,cchartman8p@last.fm,Female,2010,Lexus,IS-F,El Paso,Texas,88546,US,31.6948,-106.3,50656,Homenick-Hegmann,12/17/2024
315,Valentia,Waine,vwaine8q@dion.ne.jp,Female,2006,BMW,X5,Des Moines,Iowa,50347,US,41.6727,-93.5722,96674,"Johnston, Kunze and Gibson",11/24/2023
316,Kristoforo,Creasey,kcreasey8r@edublogs.org,Male,2007,Cadillac,STS,Las Vegas,Nevada,89105,US,36.086,-115.1471,53250,Spencer-Wuckert,03/29/2023
317,Dorelle,Truse,dtruse8s@ibm.com,Female,2011,Hyundai,Accent,Cleveland,Ohio,44177,US,41.6857,-81.6728,49586,White-O'Keefe,01/13/2026
318,Reggi,Minchin,rminchin8t@ycombinator.com,Genderfluid,2012,BMW,6 Series,Washington,District of Columbia,20099,US,38.8933,-77.0146,93495,Wisoky and Sons,11/08/2022
319,Pip,Kaasmann,pkaasmann8u@timesonline.co.uk,Male,1984,Mercury,Capri,Boise,Idaho,83757,US,43.4599,-116.244,49903,"Block, White and Lindgren",02/22/2022
320,Binny,Bradbury,bbradbury8v@utexas.edu,Female,1969,Chevrolet,Corvette,New Orleans,Louisiana,70124,US,30.0071,-90.1094,68471,Rodriguez Inc,08/04/2022
321,Niki,Zamboniari,nzamboniari8w@usa.gov,Male,2003,Buick,LeSabre,Jersey City,New Jersey,07305,US,40.702,-74.089,75642,O'Hara LLC,11/18/2024
322,Shae,Kiddey,skiddey8x@utexas.edu,Female,2011,GMC,Sierra 2500,Saint Louis,Missouri,63169,US,38.6531,-90.2435,59131,Haag-Schmidt,06/10/2024
323,Kipp,Rabbitts,krabbitts8y@uiuc.edu,Male,2010,Audi,TT,Saint Paul,Minnesota,55115,US,45.071,-92.9391,61161,Nikolaus LLC,12/02/2024
324,Burt,Bowes,bbowes8z@shareasale.com,Male,2004,Chevrolet,S10,Milwaukee,Wisconsin,53220,US,42.9559,-87.9933,87706,"Bins, Murazik and Wilkinson",08/14/2025
325,Cyb,Excell,cexcell90@bloomberg.com,Female,2011,Chevrolet,Suburban 1500,Panama City,Florida,32405,US,30.1949,-85.6727,83285,"Goyette, Murray and Marvin",11/09/2023
326,Kirsteni,Patshull,kpatshull91@wsj.com,Female,1996,Chrysler,New Yorker,Memphis,Tennessee,38136,US,35.2017,-89.9715,54015,Pouros-MacGyver,01/09/2024
327,Norris,Hanks,nhanks92@bbb.org,Male,2011,BMW,5 Series,Pueblo,Colorado,81015,US,38.1286,-104.5523,34425,Ziemann Inc,12/04/2022
328,Ajay,Skypp,askypp93@unesco.org,Polygender,2006,Nissan,Titan,Oklahoma City,Oklahoma,73197,US,35.5514,-97.4075,61401,Feil-Donnelly,07/07/2022
329,Rafaela,Fatharly,rfatharly94@miitbeian.gov.cn,Female,2012,Porsche,Boxster,Burbank,California,91505,US,34.169,-118.3442,49210,"Ledner, Mosciski and Kuvalis",01/02/2025
330,Somerset,Holyland,sholyland95@bbc.co.uk,Male,1999,GMC,EV1,Salt Lake City,Utah,84145,US,40.6681,-111.9083,58083,"Tremblay, Harvey and Effertz",10/03/2024
331,Rodolfo,Hayles,rhayles96@nih.gov,Male,1997,Isuzu,Rodeo,Philadelphia,Pennsylvania,19191,US,40.0018,-75.1179,89411,"Grant, Streich and Schiller",09/17/2024
332,Dolly,Sobczak,dsobczak97@ucoz.ru,Female,2008,Ford,E350,New York City,New York,10090,US,40.7808,-73.9772,37000,"Langworth, Stroman and Miller",04/10/2022
333,Chico,Mc Kellen,cmckellen98@arizona.edu,Non-binary,1992,Cadillac,Brougham,Galveston,Texas,77554,US,29.2243,-94.9637,75464,"Bosco, Hayes and Brakus",09/11/2025
334,Dulsea,Juan,djuan99@nba.com,Female,2004,Holden,Monaro,Tucson,Arizona,85732,US,32.0848,-110.7122,47274,Macejkovic-Lockman,08/31/2024
335,Alexio,Leate,aleate9a@webeden.co.uk,Male,1993,Oldsmobile,98,Baltimore,Maryland,21282,US,39.439,-76.5921,60820,"Kulas, Fahey and Gerlach",10/24/2025
336,Anne-corinne,Walewski,awalewski9b@discuz.net,Polygender,1994,Chrysler,New Yorker,Pensacola,Florida,32520,US,30.4124,-87.2035,78472,Farrell-Waters,08/13/2022
337,Ree,Kibbye,rkibbye9c@phoca.cz,Female,2011,Toyota,RAV4,Detroit,Michigan,48258,US,42.2399,-83.1508,55099,"Kunze, Bergstrom and Green",09/17/2024
338,Kaia,Schulke,kschulke9d@china.com.cn,Female,1997,Lamborghini,Diablo,Roanoke,Virginia,24004,US,37.2742,-79.9579,58496,Doyle Inc,04/28/2023
339,Edgar,Dyerson,edyerson9e@army.mil,Male,2004,Toyota,Solara,Baltimore,Maryland,21211,US,39.3316,-76.6336,89613,Kreiger LLC,01/01/2025
340,Elsa,Attenborrow,eattenborrow9f@narod.ru,Female,1988,Mercedes-Benz,E-Class,Dallas,Texas,75353,US,32.7673,-96.7776,76549,Conroy Group,06/11/2025
341,Jo ann,Cure,jcure9g@gizmodo.com,Female,2012,Chrysler,300,Akron,Ohio,44393,US,41.1287,-81.54,90971,"Lebsack, Hagenes and Rau",04/20/2025
342,Connie,Labeuil,clabeuil9h@woothemes.com,Female,2012,GMC,Canyon,Washington,District of Columbia,20051,US,38.8933,-77.0146,63246,"Pagac, Larkin and Murray",04/16/2024
343,Gerladina,Baroche,gbaroche9i@trellian.com,Female,2009,Toyota,Highlander,Detroit,Michigan,48232,US,42.2399,-83.1508,71611,Rohan-Borer,03/14/2025
344,Shelia,Moffet,smoffet9j@geocities.com,Female,2004,Jeep,Liberty,Anaheim,California,92825,US,33.8356,-117.9132,38292,Welch Group,05/30/2025
345,Skippie,Barme,sbarme9k@bloomberg.com,Male,2010,Nissan,Cube,Houston,Texas,77020,US,29.7758,-95.3121,61749,Gutkowski Inc,07/29/2023
346,Gretel,Doucette,gdoucette9l@nydailynews.com,Female,1992,Audi,S4,Birmingham,Alabama,35225,US,33.5446,-86.9292,47794,"Oberbrunner, Hodkiewicz and Schinner",06/05/2025
347,Aurelea,Akers,aakers9m@gravatar.com,Female,2005,Volvo,S40,Harrisburg,Pennsylvania,17110,US,40.303,-76.8862,94529,Mills-Prosacco,07/19/2022
348,Laurie,Dufour,ldufour9n@columbia.edu,Female,1992,Toyota,Paseo,Philadelphia,Pennsylvania,19120,US,40.0343,-75.1213,31480,"Turner, Luettgen and Daniel",08/28/2022
349,Rab,Calverd,rcalverd9o@vistaprint.com,Male,1994,Chrysler,New Yorker,Aurora,Colorado,80015,US,39.6255,-104.7874,43657,Braun-Becker,06/27/2024
350,Knox,Kenworthey,kkenworthey9p@lycos.com,Male,2010,Maserati,GranTurismo,Oakland,California,94627,US,37.6802,-121.9215,31033,"Davis, Koelpin and Conroy",12/03/2022
351,Reggie,Sproat,rsproat9q@ed.gov,Male,2005,Toyota,Matrix,Sacramento,California,95865,US,38.596,-121.3978,57261,Harvey-Simonis,08/16/2023
352,Ignatius,Pendleton,ipendleton9r@godaddy.com,Male,2006,Volkswagen,Jetta,Huntsville,Alabama,35805,US,34.7059,-86.6165,34815,Franecki-Wilkinson,03/07/2025
353,Devina,Ancketill,dancketill9s@google.com.hk,Bigender,2008,Cadillac,CTS,Largo,Florida,33777,US,27.8546,-82.7545,30049,Hyatt-Rath,12/28/2022
354,Gnni,Duchant,gduchant9t@nytimes.com,Female,2006,Chevrolet,Express 1500,Houston,Texas,77266,US,29.834,-95.4342,89130,"Bailey, Labadie and Trantow",08/14/2022
355,Rochella,Lemmon,rlemmon9u@cornell.edu,Female,2005,Mercedes-Benz,E-Class,El Paso,Texas,88541,US,31.6948,-106.3,87610,Schowalter-Roberts,03/20/2022
356,Adan,Thompson,athompson9v@usgs.gov,Male,2007,Subaru,Tribeca,Washington,District of Columbia,20546,US,38.891,-77.0211,74153,Herman and Sons,03/06/2022
357,Thekla,Harrington,tharrington9w@google.co.uk,Female,2006,Maybach,57,Saint Paul,Minnesota,55115,US,45.071,-92.9391,88208,Glover-Wisozk,12/28/2023
358,Grant,Plumm,gplumm9x@angelfire.com,Male,1992,Saab,900,El Paso,Texas,79994,US,31.6948,-106.3,78345,"Smith, Weissnat and Lindgren",09/05/2025
359,Rodrique,Louedey,rlouedey9y@skyrock.com,Male,1993,Land Rover,Defender 110,Portland,Oregon,97229,US,45.5483,-122.8276,95941,Hahn Group,09/16/2024
360,Willy,Carrane,wcarrane9z@tuttocitta.it,Male,1988,Mitsubishi,Excel,Kissimmee,Florida,34745,US,27.9953,-81.2593,46831,"Medhurst, Cartwright and Wunsch",08/26/2022
361,Carlita,Simco,csimcoa0@meetup.com,Female,1977,Chevrolet,Camaro,Corpus Christi,Texas,78470,US,27.777,-97.4632,91641,Hermiston-Breitenberg,11/18/2025
362,Charis,Willmont,cwillmonta1@t.co,Female,2003,Lincoln,Blackwood,Miami,Florida,33111,US,25.5584,-80.4582,85578,"Mosciski, Baumbach and Luettgen",05/16/2024
363,Antonina,Elecum,aelecuma2@naver.com,Female,1990,Lotus,Esprit,Carson City,Nevada,89706,US,39.2025,-119.7526,36385,Mraz LLC,05/31/2022
364,Lethia,Brunke,lbrunkea3@wikipedia.org,Female,2008,Lotus,Exige,Asheville,North Carolina,28805,US,35.6004,-82.4918,72665,"Emard, Cronin and Douglas",12/24/2025
365,Rosabella,Pritchard,rpritcharda4@intel.com,Female,1993,Chrysler,LeBaron,Saint Petersburg,Florida,33715,US,27.6705,-82.7119,79453,"Waters, Nolan and Leffler",03/27/2025
366,Manfred,Caldroni,mcaldronia5@mediafire.com,Genderqueer,2006,Kia,Rio,Shawnee Mission,Kansas,66286,US,38.8999,-94.832,48428,Williamson-Harber,08/02/2024
367,Ruben,De Filippis,rdefilippisa6@fc2.com,Male,1992,Eagle,Premier,Greensboro,North Carolina,27455,US,36.1824,-79.806,53915,Runolfsdottir LLC,07/04/2023
368,Silvano,Kingswood,skingswooda7@lulu.com,Male,2002,BMW,X5,Fort Worth,Texas,76134,US,32.6469,-97.3325,87502,Carroll and Sons,04/09/2024
369,Lucilia,Hadlington,lhadlingtona8@latimes.com,Female,2004,Chevrolet,Tahoe,Orlando,Florida,32803,US,28.5559,-81.3535,87895,Shanahan and Sons,03/13/2022
370,Rosmunda,Houndsom,rhoundsoma9@noaa.gov,Female,2003,Mazda,Protege5,Wichita Falls,Texas,76305,US,33.9995,-98.3938,89337,Mann-Shields,08/01/2025
371,Brittne,Trickett,btrickettaa@state.gov,Female,2008,Mercury,Milan,Portsmouth,Virginia,23705,US,36.8686,-76.3552,80530,"Nader, Lind and Aufderhar",05/16/2022
372,Mamie,Grasner,mgrasnerab@wordpress.org,Genderqueer,1991,Suzuki,Swift,Tampa,Florida,33661,US,27.872,-82.4388,32101,"Moen, Christiansen and Herzog",01/02/2026
373,Joann,Lonie,jlonieac@privacy.gov.au,Female,2000,Isuzu,Hombre,Topeka,Kansas,66629,US,39.0429,-95.7697,65200,Beahan-Cormier,02/07/2023
374,Malvina,Dach,mdachad@mac.com,Female,2008,Smart,Fortwo,Charlotte,North Carolina,28289,US,35.26,-80.8042,59235,"Goyette, Brakus and Langworth",10/10/2022
375,Andromache,Crop,acropae@123-reg.co.uk,Female,1990,Nissan,Maxima,Sacramento,California,94263,US,38.3774,-121.4444,67820,Ernser-Johnston,12/28/2024
376,Arlin,Whyler,awhyleraf@cargocollective.com,Male,1993,Volvo,960,Minneapolis,Minnesota,55423,US,44.8756,-93.2553,54572,Marvin-Ziemann,01/13/2025
377,Junette,Pelz,jpelzag@cmu.edu,Female,2005,Dodge,Ram 3500,Louisville,Kentucky,40225,US,38.189,-85.6768,50974,Will-Cruickshank,03/01/2023
378,Shanie,Jentgens,sjentgensah@google.co.uk,Female,1984,Chevrolet,Corvette,Wichita,Kansas,67205,US,37.7639,-97.4269,85776,"Stamm, Schmeler and Lubowitz",04/04/2024
379,Pavlov,Kendrew,pkendrewai@baidu.com,Male,2000,Porsche,Boxster,Salinas,California,93907,US,36.7563,-121.6703,57688,Kris-Renner,01/13/2026
380,Alexei,Trail,atrailaj@bbb.org,Male,2011,Volkswagen,Golf,Saint Louis,Missouri,63116,US,38.5814,-90.2625,64675,Cummings Inc,05/05/2023
381,Kennie,McNeilly,kmcneillyak@constantcontact.com,Male,1998,Isuzu,Hombre,Birmingham,Alabama,35210,US,33.5452,-86.6655,98443,Bruen-Runolfsdottir,06/14/2023
382,Addi,Maddinon,amaddinonal@nationalgeographic.com,Female,1995,Mazda,626,Boston,Massachusetts,02114,US,42.3611,-71.0682,57733,Hills-Heidenreich,01/05/2024
383,Kirbie,Guyers,kguyersam@flickr.com,Female,1987,Land Rover,Range Rover,Reno,Nevada,89519,US,39.4814,-119.8591,94663,"Pfannerstill, Balistreri and Torphy",05/20/2023
384,Nickolai,Huggan,nhugganan@topsy.com,Male,1998,Jeep,Wrangler,Corpus Christi,Texas,78410,US,27.8458,-97.596,50821,Lind Inc,11/23/2023
385,Desirae,Dunphy,ddunphyao@free.fr,Female,2011,Land Rover,LR4,Davenport,Iowa,52804,US,41.5386,-90.6115,69027,Corwin Inc,01/06/2026
386,Nariko,Helsdon,nhelsdonap@walmart.com,Female,2000,GMC,Savana 3500,Cincinnati,Ohio,45208,US,39.1361,-84.4355,88865,Zulauf and Sons,05/09/2022
387,Giles,Coulter,gcoulteraq@seattletimes.com,Male,1993,Toyota,Previa,Indianapolis,Indiana,46239,US,39.7265,-86.0005,92275,Dibbert and Sons,09/17/2024
388,Perla,Lowers,plowersar@biglobe.ne.jp,Female,2008,Mitsubishi,Raider,Richmond,Virginia,23260,US,37.5242,-77.4932,86904,Howell-McClure,06/22/2025
389,Titus,Epinay,tepinayas@zimbio.com,Male,2011,Honda,Ridgeline,Mobile,Alabama,36689,US,30.6589,-88.178,69790,Legros Group,08/04/2023
390,Eleanora,Sholl,eshollat@oaic.gov.au,Female,2011,Volvo,S60,Lakeland,Florida,33805,US,28.072,-81.9609,88793,Johnston-Champlin,07/30/2024
391,Galvan,Schukert,gschukertau@go.com,Male,2012,Audi,A5,Orange,California,92862,US,33.7915,-117.714,53073,Ebert-Bergnaum,10/03/2022
392,Augy,Kubatsch,akubatschav@craigslist.org,Male,2002,Lexus,LS,San Diego,California,92170,US,33.0169,-116.846,58945,Sawayn Group,03/01/2023
393,Fidel,Coppo,fcoppoaw@msn.com,Male,2012,Ford,F-Series Super Duty,Jefferson City,Missouri,65110,US,38.5309,-92.2493,39014,Kub Group,11/06/2025
394,Phineas,McDonough,pmcdonoughax@w3.org,Male,2009,Nissan,Cube,Staten Island,New York,10305,US,40.5973,-74.0768,54878,Schinner-Effertz,12/27/2024
395,Gerrie,Roblett,groblettay@arstechnica.com,Female,2002,Mazda,Millenia,El Paso,Texas,79916,US,31.7444,-106.2879,37926,"Nicolas, Collier and Wiegand",02/26/2025
396,Oswell,Kegan,okeganaz@typepad.com,Male,2007,Chrysler,300,Burbank,California,91520,US,34.1869,-118.348,68147,"Hills, Jaskolski and Nitzsche",01/08/2025
397,Morris,Wickie,mwickieb0@w3.org,Male,1994,Plymouth,Grand Voyager,Tampa,Florida,33680,US,27.872,-82.4388,44948,Mayert Group,11/09/2024
398,Seymour,Cosgrave,scosgraveb1@booking.com,Male,1993,Hyundai,Sonata,El Paso,Texas,88519,US,31.6948,-106.3,39843,Labadie Inc,01/14/2024
399,Vonny,Eskell,veskellb2@wikia.com,Female,1963,Studebaker,Avanti,Minneapolis,Minnesota,55423,US,44.8756,-93.2553,72695,Goyette-Shields,12/08/2022
400,Thomasina,McGurk,tmcgurkb3@wikispaces.com,Female,2005,Buick,LaCrosse,Springfield,Missouri,65805,US,37.2581,-93.3437,42889,Fisher-Stracke,05/15/2025
401,Iormina,Blankenship,iblankenshipb4@theglobeandmail.com,Female,2001,Isuzu,Rodeo,Atlanta,Georgia,31196,US,33.8444,-84.474,42312,"Lynch, Raynor and Wunsch",11/13/2023
402,Shurlock,Southcomb,ssouthcombb5@wisc.edu,Non-binary,2005,Lexus,GS,New York City,New York,10260,US,40.7808,-73.9772,58618,"Cummings, Keebler and Wilkinson",06/01/2023
403,Cathyleen,O'Hickey,cohickeyb6@instagram.com,Female,2005,Kia,Sportage,Memphis,Tennessee,38104,US,35.1334,-90.0046,84807,Ebert-Langworth,09/17/2022
404,Marielle,Kment,mkmentb7@digg.com,Female,2004,Mercury,Grand Marquis,Wichita,Kansas,67236,US,37.5422,-97.2871,39281,DuBuque Group,05/24/2025
405,Wenona,Baly,wbalyb8@npr.org,Female,1995,Volkswagen,Eurovan,Memphis,Tennessee,38119,US,35.0821,-89.8501,42122,"Kuphal, Stark and Quitzon",02/28/2025
406,Lonni,Haken,lhakenb9@nba.com,Agender,2003,Toyota,Tacoma Xtra,Oklahoma City,Oklahoma,73119,US,35.421,-97.5616,70101,"Feil, Predovic and Nolan",04/13/2024
407,Hettie,Mowat,hmowatba@netlog.com,Female,2009,Bentley,Arnage,New York City,New York,10099,US,40.7808,-73.9772,87111,"Jaskolski, Batz and Rau",03/12/2023
408,Henriette,Reddish,hreddishbb@nymag.com,Female,2007,Ford,Expedition,Naples,Florida,33963,US,26.2626,-81.8071,40290,"Nitzsche, Block and Carroll",08/03/2025
409,Roana,Reese,rreesebc@acquirethisname.com,Female,2008,BMW,6 Series,Tulsa,Oklahoma,74141,US,36.1398,-96.0297,85951,Stokes-Wunsch,03/28/2022
410,Ardella,Jinkin,ajinkinbd@cdc.gov,Bigender,2009,Mitsubishi,Endeavor,Huntsville,Alabama,35895,US,34.734,-86.5229,90186,"Johnson, Ritchie and Rempel",07/08/2023
411,Edward,Fraine,efrainebe@youku.com,Male,2006,Volkswagen,Jetta,Duluth,Minnesota,55811,US,46.8147,-92.1998,34239,"O'Hara, Krajcik and Wintheiser",09/25/2023
412,Genovera,Leishman,gleishmanbf@plala.or.jp,Female,1993,Honda,Accord,Savannah,Georgia,31416,US,32.0053,-81.0477,58794,Murphy and Sons,10/19/2025
413,Jada,Bulgen,jbulgenbg@scientificamerican.com,Genderqueer,1999,Ford,Econoline E150,Akron,Ohio,44321,US,41.1002,-81.6443,98342,"Hansen, Gutkowski and Howell",12/03/2024
414,Maressa,Lindelof,mlindelofbh@xing.com,Female,1996,GMC,3500 Club Coupe,Brooklyn,New York,11241,US,40.6451,-73.945,54955,Blanda-Tromp,12/05/2024
415,Derril,Crady,dcradybi@sourceforge.net,Male,2007,Honda,Odyssey,Shreveport,Louisiana,71151,US,32.6076,-93.7526,82767,Baumbach LLC,07/11/2025
416,Dacy,Bettington,dbettingtonbj@salon.com,Female,2011,Dodge,Dakota,Ogden,Utah,84409,US,41.2553,-111.9567,77220,"Corwin, Torphy and Lebsack",01/25/2023
417,Rickie,Cordaroy,rcordaroybk@tamu.edu,Male,2004,Lexus,GS,Seattle,Washington,98195,US,47.6564,-122.3048,68575,Crona Group,06/17/2025
418,Olav,Meah,omeahbl@domainmarket.com,Male,2004,Hyundai,Tiburon,Sacramento,California,94230,US,38.3774,-121.4444,83246,Ritchie Inc,08/16/2023
419,Gay,Siderfin,gsiderfinbm@printfriendly.com,Female,2009,Audi,S5,Dallas,Texas,75323,US,32.7673,-96.7776,67615,Barton-Douglas,11/29/2025
420,Melloney,Warlaw,mwarlawbn@ed.gov,Female,1999,Honda,CR-V,Madison,Wisconsin,53790,US,43.0696,-89.4239,36934,"Goyette, Homenick and Howell",06/10/2022
421,Haily,Haffenden,hhaffendenbo@answers.com,Male,1986,Honda,Accord,Bethesda,Maryland,20816,US,38.9585,-77.1153,30003,"Feeney, Abbott and Yost",10/02/2025
422,Dorine,Elston,delstonbp@amazon.com,Female,2005,Mercury,Monterey,New York City,New York,10039,US,40.8265,-73.9383,87728,Sipes Group,02/15/2022
423,Violetta,Hovy,vhovybq@cisco.com,Female,1998,Chevrolet,Monte Carlo,Scranton,Pennsylvania,18505,US,41.3914,-75.6657,43658,"Hammes, Connelly and Kemmer",01/27/2026
424,Husein,Gillbard,hgillbardbr@hubpages.com,Male,1995,Holden,VS Commodore,Chicago,Illinois,60636,US,41.776,-87.6674,89965,"Howe, Jenkins and Reichel",02/27/2025
425,Rudie,Pickford,rpickfordbs@dyndns.org,Male,2007,Mazda,MX-5,Santa Barbara,California,93150,US,34.2628,-119.8486,96612,Howell-Goldner,12/28/2025
426,Sargent,Dodgshun,sdodgshunbt@seesaa.net,Male,1996,Dodge,Dakota,Concord,California,94522,US,37.7772,-121.9554,96889,Quitzon and Sons,04/18/2024
427,Orbadiah,Franz-Schoninger,ofranzschoningerbu@noaa.gov,Male,2001,Isuzu,Rodeo,Cincinnati,Ohio,45254,US,39.1668,-84.5382,81311,Nikolaus-Orn,02/15/2023
428,Em,Mealand,emealandbv@facebook.com,Female,2012,Nissan,Versa,Macon,Georgia,31210,US,32.8926,-83.7455,62451,"Daugherty, Walsh and Mayer",05/27/2022
429,Ricard,Griffitts,rgriffittsbw@devhub.com,Agender,2001,Audi,A4,Fresno,California,93786,US,36.7464,-119.6397,77387,Welch-Wisozk,09/21/2024
430,Ira,Blannin,iblanninbx@prlog.org,Female,2003,Volvo,XC70,New Orleans,Louisiana,70129,US,30.0877,-89.8462,75171,Nicolas Inc,10/13/2025
431,Natalya,Doddrell,ndoddrellby@nifty.com,Female,1986,Suzuki,SJ 410,Rochester,New York,14624,US,43.1216,-77.7311,80286,Hills-Auer,04/19/2024
432,Niel,Halbard,nhalbardbz@tripod.com,Male,2009,Scion,xD,Houston,Texas,77271,US,29.834,-95.4342,53049,"Becker, D'Amore and Reichel",04/05/2024
433,Maiga,Blant,mblantc0@shutterfly.com,Polygender,2008,Mitsubishi,Outlander,Lexington,Kentucky,40581,US,38.0283,-84.4715,79134,Collier-Raynor,04/28/2024
434,Clemmie,Rupprecht,crupprechtc1@imdb.com,Female,2005,Infiniti,QX,Fort Lauderdale,Florida,33310,US,26.1443,-80.2069,48757,Terry-Jones,08/05/2024
435,Boycey,Choudhury,bchoudhuryc2@thetimes.co.uk,Male,2003,Buick,Park Avenue,New York City,New York,10270,US,40.7069,-74.0082,77430,"Jaskolski, Ondricka and Hackett",05/28/2022
436,Brandie,Linscott,blinscottc3@ox.ac.uk,Female,2003,Saturn,L-Series,Dallas,Texas,75342,US,32.7673,-96.7776,31440,"Gislason, Huels and Purdy",06/24/2024
437,Chaddy,Bassford,cbassfordc4@un.org,Male,1984,Ford,Ranger,Sacramento,California,94297,US,38.3774,-121.4444,84244,Satterfield and Sons,08/17/2022
438,Vinni,Charrett,vcharrettc5@cloudflare.com,Female,1996,Infiniti,J,Lubbock,Texas,79415,US,33.6021,-101.876,77203,"Thompson, Bogan and Runolfsdottir",05/12/2024
439,Bathsheba,Fortoun,bfortounc6@360.cn,Female,1996,Nissan,300ZX,Des Moines,Iowa,50310,US,41.6255,-93.6736,44299,Koelpin-Heaney,05/05/2023
440,Ermina,Degue,edeguec7@canalblog.com,Agender,2010,Dodge,Dakota,New Haven,Connecticut,06505,US,41.3057,-72.7799,91630,"Weber, Bosco and Schaden",03/14/2023
441,Hogan,Camps,hcampsc8@i2i.jp,Male,1993,BMW,5 Series,Berkeley,California,94705,US,37.8571,-122.25,97748,"Wisoky, Reinger and Parisian",01/22/2026
442,Elmira,Baile,ebailec9@twitter.com,Female,2002,Dodge,Grand Caravan,Washington,District of Columbia,20557,US,38.8874,-77.0047,36079,Kuhic-Kassulke,07/19/2024
443,Aubrey,Carrabot,acarrabotca@jalbum.net,Male,1999,Chevrolet,Malibu,Fort Wayne,Indiana,46805,US,41.0977,-85.1189,38354,Ernser LLC,10/07/2022
444,Billie,Blazevic,bblazeviccb@woothemes.com,Female,1994,Dodge,Viper,Louisville,Kentucky,40298,US,38.189,-85.6768,83751,Zieme Inc,10/09/2023
445,Cam,Batthew,cbatthewcc@stanford.edu,Agender,1997,Lincoln,Continental,Des Moines,Iowa,50315,US,41.5444,-93.6192,78937,Boehm Inc,05/22/2024
446,Concordia,Lautie,clautiecd@harvard.edu,Female,2002,Dodge,Grand Caravan,New York City,New York,10110,US,40.754,-73.9808,63470,Senger LLC,09/17/2025
447,Herb,Shepeard,hshepeardce@reuters.com,Male,1997,Ford,Econoline E150,Seminole,Florida,34642,US,27.8444,-82.7963,44202,"Halvorson, Hahn and Konopelski",05/12/2023
448,Clary,Minto,cmintocf@yale.edu,Female,1994,Ford,Ranger,Oklahoma City,Oklahoma,73124,US,35.5514,-97.4075,50300,Lueilwitz-Gusikowski,12/11/2023
449,Vivie,Burdge,vburdgecg@dagondesign.com,Female,2007,Jeep,Liberty,Amarillo,Texas,79159,US,35.216,-102.0714,66655,Effertz LLC,09/17/2023
450,Alexandros,Eastlake,aeastlakech@earthlink.net,Male,2006,Volvo,V50,Memphis,Tennessee,38150,US,35.2017,-89.9715,46746,Maggio-Wiegand,12/17/2025
451,Madalena,Dufaire,mdufaireci@whitehouse.gov,Female,2006,Hummer,H3,Chattanooga,Tennessee,37405,US,35.0768,-85.3082,91247,Jast-Harvey,11/29/2022
452,Roxana,Woloschinski,rwoloschinskicj@rambler.ru,Female,2007,Chevrolet,Silverado 1500,New York City,New York,10045,US,40.7086,-74.0087,41363,"Willms, Emard and Kohler",03/14/2025
453,Benn,Sneezum,bsneezumck@hud.gov,Male,2006,Ford,E-Series,Washington,District of Columbia,20540,US,38.8874,-77.0047,89665,Hyatt LLC,01/02/2023
454,Eolande,Bennis,ebenniscl@yandex.ru,Female,1997,Jeep,Wrangler,Erie,Pennsylvania,16550,US,42.1827,-80.0649,74452,Bauch and Sons,03/16/2022
455,Jerrylee,Edgeon,jedgeoncm@furl.net,Female,2006,Ford,E150,Los Angeles,California,90010,US,34.0606,-118.3027,75056,Weber-Luettgen,10/02/2024
456,Des,McDonogh,dmcdonoghcn@wufoo.com,Male,1998,Audi,Cabriolet,Springfield,Illinois,62711,US,39.7655,-89.7293,86261,Mraz Inc,08/23/2023
457,Vaughan,Scruby,vscrubyco@nyu.edu,Agender,1995,Hyundai,Elantra,Pittsburgh,Pennsylvania,15235,US,40.4598,-79.8224,62246,"Corkery, Kris and Hirthe",11/02/2024
458,Reilly,Gealle,rgeallecp@cafepress.com,Male,1992,Saturn,S-Series,Fresno,California,93740,US,36.7464,-119.6397,91084,Pfeffer and Sons,05/10/2025
459,Kalvin,Warlow,kwarlowcq@opensource.org,Male,2005,Pontiac,G6,Pensacola,Florida,32590,US,30.6143,-87.2758,91458,Harris Inc,07/23/2024
460,Mikel,Worlidge,mworlidgecr@loc.gov,Male,2009,Ford,Explorer,Akron,Ohio,44393,US,41.1287,-81.54,32484,Jerde and Sons,01/03/2024
461,Ludovika,Webborn,lwebborncs@yahoo.com,Female,1984,Pontiac,Grand Prix,Sarasota,Florida,34238,US,27.2427,-82.4751,88128,Braun-Friesen,07/20/2023
462,Noelani,Bonnick,nbonnickct@dot.gov,Female,2010,GMC,Savana,Charleston,West Virginia,25326,US,38.2968,-81.5547,71310,Hodkiewicz-Mueller,06/06/2025
463,Timofei,Sawyer,tsawyercu@ocn.ne.jp,Male,2008,Hyundai,Veracruz,Columbus,Ohio,43240,US,40.1454,-82.9817,61811,Hudson-Sawayn,12/11/2025
464,Carol-jean,Macklin,cmacklincv@devhub.com,Polygender,1985,Mitsubishi,Pajero,Colorado Springs,Colorado,80915,US,38.8558,-104.7134,42500,"Purdy, Lubowitz and Dare",12/09/2025
465,Gabriella,Buglass,gbuglasscw@bluehost.com,Female,1994,Hyundai,Elantra,Naples,Florida,34108,US,26.2416,-81.8071,50278,Turner-Flatley,11/21/2022
466,Jacenta,Kirvell,jkirvellcx@bloglovin.com,Female,2012,GMC,Savana 3500,Houston,Texas,77250,US,29.7629,-95.3629,71669,Schamberger-Koch,06/01/2025
467,Nelia,Giffkins,ngiffkinscy@hexun.com,Female,2010,Mercedes-Benz,Sprinter,Reading,Pennsylvania,19605,US,40.3886,-75.9328,59139,Zulauf-Christiansen,12/08/2024
468,Biron,Bothen,bbothencz@jimdo.com,Male,2005,Land Rover,LR3,El Paso,Texas,88569,US,31.6948,-106.3,78202,MacGyver-Farrell,07/20/2025
469,Lewie,Charlesworth,lcharlesworthd0@reverbnation.com,Male,2011,Volvo,C70,Grand Rapids,Michigan,49510,US,43.0314,-85.5503,44598,Kessler-Lind,11/03/2022
470,Arv,Menichelli,amenichellid1@wufoo.com,Male,2007,Infiniti,G,New York City,New York,10260,US,40.7808,-73.9772,72251,"Mayert, Blick and Dietrich",10/04/2025
471,Thorpe,O'Monahan,tomonahand2@unicef.org,Male,1985,Porsche,944,Riverside,California,92519,US,33.7529,-116.0556,96522,Leffler-Rau,03/31/2022
472,Wendell,Gowling,wgowlingd3@hc360.com,Male,1993,Oldsmobile,Silhouette,Minneapolis,Minnesota,55441,US,45.0058,-93.4193,66011,Zboncak-Ferry,01/14/2023
473,Barbara,Orme,bormed4@youku.com,Female,2002,Mercury,Mountaineer,Washington,District of Columbia,20226,US,38.8933,-77.0146,95289,Walsh and Sons,03/25/2024
474,Gawen,Trundell,gtrundelld5@360.cn,Male,1989,Pontiac,Grand Am,Shawnee Mission,Kansas,66205,US,39.0312,-94.6308,83445,"Zboncak, Spinka and Bins",02/07/2022
475,Keen,Mytton,kmyttond6@360.cn,Male,2010,Bentley,Brooklands,Irvine,California,92619,US,33.6706,-117.7645,32484,West-Tromp,12/04/2023
476,Bliss,Hawford,bhawfordd7@odnoklassniki.ru,Female,2006,Honda,CR-V,Madison,Wisconsin,53705,US,43.073,-89.4528,54132,"Price, Runte and Hirthe",05/29/2022
477,Tasha,Skarin,tskarind8@craigslist.org,Female,2013,Volvo,C30,Austin,Texas,78721,US,30.2721,-97.6868,71124,Hilll LLC,11/04/2022
478,Yul,Hasted,yhastedd9@jiathis.com,Male,2006,Honda,Civic,Austin,Texas,78764,US,30.4455,-97.6595,47853,"Kemmer, Corwin and Dickens",10/19/2025
479,Teresa,Bestman,tbestmanda@topsy.com,Female,2003,Nissan,350Z,Springfield,Massachusetts,01152,US,42.1707,-72.6048,71672,Greenholt-Hilll,07/02/2024
480,Lauri,Combe,lcombedb@wiley.com,Female,1991,Land Rover,Range Rover,Akron,Ohio,44310,US,41.1075,-81.5006,76381,Simonis LLC,01/28/2023
481,Nana,Heyns,nheynsdc@gov.uk,Female,2008,Lexus,RX Hybrid,Spring Hill,Florida,34611,US,28.5642,-82.4165,68916,Tremblay Group,11/17/2024
482,Clevey,Joselovitch,cjoselovitchdd@ifeng.com,Male,1992,Volkswagen,Golf,Akron,Ohio,44321,US,41.1002,-81.6443,53049,"Hudson, Jast and Blanda",10/30/2023
483,Frank,Dacey,fdaceyde@state.gov,Female,1969,Chevrolet,Camaro,San Rafael,California,94913,US,38.068,-122.741,89514,"Howe, Farrell and Romaguera",03/10/2022
484,Waylen,Rolfi,wrolfidf@paypal.com,Genderqueer,2010,Hyundai,Tucson,Seattle,Washington,98133,US,47.7377,-122.3431,45621,Beahan-Satterfield,11/05/2024
485,Jaye,Lea,jleadg@npr.org,Male,2006,Suzuki,XL7,Fort Worth,Texas,76121,US,32.7714,-97.2915,84627,Considine-Barton,07/20/2024
486,Carleen,Haugg,chauggdh@rambler.ru,Female,1993,Infiniti,J,Orlando,Florida,32819,US,28.4522,-81.4678,86373,Labadie LLC,03/02/2025
487,Harris,Eymor,heymordi@rambler.ru,Male,1994,Audi,riolet,San Jose,California,95194,US,37.3894,-121.8868,71681,"Altenwerth, Lehner and Carter",01/07/2023
488,Carlin,Aubri,caubridj@shop-pro.jp,Female,1963,Austin,Mini Cooper S,Carlsbad,California,92013,US,33.0169,-116.846,53578,"Blick, Willms and Doyle",02/13/2022
489,Andonis,Manz,amanzdk@blogtalkradio.com,Male,2001,Ford,Excursion,Irving,Texas,75062,US,32.8479,-96.974,34301,"Cummings, Swift and Cassin",10/07/2022
490,Etti,Gasker,egaskerdl@chronoengine.com,Female,2003,BMW,5 Series,Hampton,Virginia,23663,US,37.0318,-76.3199,79931,"Schaefer, Hintz and Larkin",04/23/2024
491,Wood,Chillcot,wchillcotdm@soup.io,Male,1993,Mercedes-Benz,300CE,Bloomington,Illinois,61709,US,40.4614,-88.953,42157,"Thompson, Treutel and Bradtke",03/12/2023
492,Miguel,Nutting,mnuttingdn@netscape.com,Male,1999,Lexus,LX,Savannah,Georgia,31405,US,32.0391,-81.1242,52299,Kautzer-Cormier,09/29/2022
493,Hanson,Lovel,hloveldo@nhs.uk,Male,2006,Toyota,Prius,Lansing,Michigan,48912,US,42.7371,-84.5244,67506,McLaughlin and Sons,12/15/2024
494,Tucky,Darthe,tdarthedp@so-net.ne.jp,Male,2003,GMC,Sonoma,Tuscaloosa,Alabama,35487,US,33.3072,-87.5859,71106,Braun-Halvorson,08/09/2024
495,Herve,Trayling,htraylingdq@arstechnica.com,Male,2013,Jaguar,XK Series,Ann Arbor,Michigan,48107,US,42.2535,-83.8366,38932,"Kutch, Buckridge and Thompson",01/22/2026
496,Larina,Wadman,lwadmandr@soundcloud.com,Female,1998,Buick,Park Avenue,Evansville,Indiana,47719,US,37.9971,-87.575,87296,Wyman-Abbott,06/02/2024
497,Claudelle,Skupinski,cskupinskids@yahoo.com,Female,2010,Saturn,VUE,Evansville,Indiana,47737,US,37.9971,-87.575,42149,Wehner Inc,08/14/2023
498,Kalila,Vasyushkhin,kvasyushkhindt@columbia.edu,Female,2008,Kia,Carens,Indianapolis,Indiana,46216,US,39.8647,-86.0136,86243,Schroeder Group,11/11/2023
499,Lishe,Oldroyde,loldroydedu@fda.gov,Female,2005,Nissan,Sentra,Atlanta,Georgia,30328,US,33.9335,-84.3958,71388,Kub-Veum,10/04/2023
500,Prince,Alwell,palwelldv@free.fr,Agender,1996,Chevrolet,G-Series 1500,San Diego,California,92191,US,33.0169,-116.846,72995,Schroeder-Abernathy,09/25/2022
501,Taylor,McGlaud,tmcglauddw@newsvine.com,Male,2009,Ferrari,430 Scuderia,Largo,Florida,33777,US,27.8546,-82.7545,63822,"O'Hara, Gusikowski and Abernathy",04/29/2025
502,Avery,Cusick,acusickdx@sogou.com,Male,2001,Lincoln,Town Car,Tampa,Florida,33673,US,27.872,-82.4388,51964,Barrows-Gutkowski,07/05/2024
503,Vance,Macrow,vmacrowdy@alexa.com,Male,2003,Audi,TT,Lexington,Kentucky,40510,US,38.0702,-84.591,90390,Bartoletti-Sauer,08/02/2023
504,Cosetta,Schoenrock,cschoenrockdz@addtoany.com,Female,2003,BMW,Z4,Whittier,California,90605,US,33.9413,-118.0356,32035,Casper LLC,03/18/2024
505,Amandy,Giacopini,agiacopinie0@xrea.com,Female,1993,Mercedes-Benz,600SEC,Las Vegas,Nevada,89105,US,36.086,-115.1471,58004,"Frami, Nienow and Steuber",09/08/2022
506,Junia,Perotti,jperottie1@cam.ac.uk,Genderfluid,1994,Chevrolet,Lumina,Richmond,Virginia,23289,US,37.5313,-77.4161,34254,Lebsack LLC,11/18/2022
507,Kingston,Goalby,kgoalbye2@amazon.com,Male,2011,BMW,X5,San Francisco,California,94121,US,37.7786,-122.4892,73776,Abbott Inc,01/17/2026
508,Casar,Cranke,ccrankee3@geocities.jp,Male,2006,Mercedes-Benz,S-Class,Racine,Wisconsin,53405,US,42.7161,-87.8233,91966,"Dibbert, Durgan and Wunsch",05/06/2025
509,Roanne,Domaschke,rdomaschkee4@lycos.com,Female,2000,Chevrolet,Express 1500,Fort Wayne,Indiana,46852,US,41.0938,-85.0707,68919,Wyman-Lemke,09/16/2023
510,Joellyn,Rippen,jrippene5@constantcontact.com,Female,1988,Acura,Legend,Dallas,Texas,75277,US,32.7673,-96.7776,52717,"Fahey, Torphy and DuBuque",10/31/2023
511,Leon,Tollow,ltollowe6@diigo.com,Male,1993,Mazda,MX-3,Manassas,Virginia,22111,US,38.7202,-77.4391,79078,Runolfsson-Wintheiser,12/20/2022
512,Bev,Pactat,bpactate7@netlog.com,Genderqueer,2006,Toyota,RAV4,Tampa,Florida,33610,US,27.9951,-82.4046,92710,Hane-Thompson,05/12/2024
513,Ninetta,Stubbins,nstubbinse8@indiatimes.com,Female,2009,Subaru,Impreza,Irvine,California,92612,US,33.6607,-117.8264,36601,Senger Group,07/04/2024
514,Moreen,Domenc,mdomence9@google.com.br,Female,2008,Hyundai,Accent,Denver,Colorado,80243,US,39.7388,-104.4083,82940,"Emmerich, Stoltenberg and Kreiger",11/27/2023
515,Robby,Loving,rlovingea@ihg.com,Male,1997,Isuzu,Hombre,Tucson,Arizona,85715,US,32.2519,-110.82,77390,Stanton-Turner,10/23/2025
516,Shelby,Dilliway,sdilliwayeb@webmd.com,Genderfluid,2004,Mitsubishi,Diamante,Detroit,Michigan,48211,US,42.3809,-83.0409,80333,"Renner, Erdman and Walsh",08/22/2022
517,Jayme,Kinchlea,jkinchleaec@amazonaws.com,Male,2007,Land Rover,Range Rover,Kalamazoo,Michigan,49006,US,42.2922,-85.633,89934,Lubowitz-Dibbert,09/30/2023
518,Paco,Loosmore,ploosmoreed@ihg.com,Male,1993,Plymouth,Colt Vista,Los Angeles,California,90005,US,34.0585,-118.3012,96017,Gerlach-Ebert,08/07/2022
519,Chane,Kinforth,ckinforthee@umn.edu,Male,2010,Lincoln,MKT,Tampa,Florida,33615,US,28.0081,-82.5805,78032,"Macejkovic, Hansen and Zboncak",07/12/2024
520,Raff,Kinforth,rkinforthef@tuttocitta.it,Male,2006,Mazda,Mazda3,Phoenix,Arizona,85067,US,33.2765,-112.1872,51326,Jacobi and Sons,03/15/2025
521,Leif,Gendrich,lgendricheg@gizmodo.com,Male,2011,Dodge,Grand Caravan,Mobile,Alabama,36605,US,30.6341,-88.0846,48458,Lindgren Group,12/18/2024
522,Monte,Huebner,mhuebnereh@icq.com,Male,1990,Suzuki,Sidekick,Erie,Pennsylvania,16565,US,42.1827,-80.0649,48438,Skiles Inc,09/05/2025
523,Melissa,O'Hone,mohoneei@hud.gov,Female,2006,Pontiac,Montana SV6,Rochester,Minnesota,55905,US,44.0225,-92.4668,97622,Shanahan-Schiller,05/05/2025
524,Kizzee,Kesper,kkesperej@gmpg.org,Polygender,2003,Mazda,B-Series,San Francisco,California,94159,US,37.7848,-122.7278,77710,Treutel Group,04/28/2025
525,Linea,Elam,lelamek@imdb.com,Female,2001,Isuzu,Rodeo Sport,Roanoke,Virginia,24029,US,37.2742,-79.9579,67882,"Jones, Kling and Botsford",04/19/2024
526,Callean,felip,cfelipel@desdev.cn,Male,1984,Pontiac,Firefly,New York City,New York,10110,US,40.754,-73.9808,75639,Kshlerin and Sons,01/14/2024
527,Vanessa,Evreux,vevreuxem@exblog.jp,Female,1994,Ford,Aspire,Naperville,Illinois,60567,US,41.8397,-88.0887,39606,Stracke LLC,03/20/2025
528,Frayda,Allans,fallansen@myspace.com,Female,2009,Audi,A4,Philadelphia,Pennsylvania,19146,US,39.9379,-75.1794,86494,Wisoky Inc,09/18/2022
529,Donall,Munt,dmunteo@addthis.com,Male,2005,Nissan,Xterra,Fort Worth,Texas,76105,US,32.7233,-97.269,56484,"Howell, Reinger and Klein",10/08/2023
530,Cherrita,Soigoux,csoigouxep@irs.gov,Female,1958,BMW,600,Kansas City,Missouri,64153,US,39.2627,-94.697,80306,Hoppe-Feest,10/18/2023
531,Delano,Yokley,dyokleyeq@admin.ch,Male,1990,Mazda,MPV,Paterson,New Jersey,07544,US,41.0114,-74.3048,83402,Hettinger-Littel,04/21/2022
532,Madelena,Goldthorp,mgoldthorper@nsw.gov.au,Female,2011,BMW,Z4,Milwaukee,Wisconsin,53210,US,43.0685,-87.9715,83958,Adams Inc,09/19/2025
533,Jeanette,Yitzowitz,jyitzowitzes@surveymonkey.com,Female,1992,Mitsubishi,RVR,Gaithersburg,Maryland,20883,US,39.0883,-77.1568,44718,Morar-O'Keefe,05/12/2024
534,Archie,Standage,astandageet@noaa.gov,Genderqueer,1991,Ford,F-Series,South Bend,Indiana,46614,US,41.6255,-86.2433,68687,"Morar, Batz and Jast",02/25/2022
535,Chrissie,Oaks,coakseu@spotify.com,Male,1992,Toyota,Camry,Charleston,South Carolina,29411,US,32.8715,-79.9947,86583,Gerlach Inc,08/10/2024
536,Annabell,Cantillon,acantillonev@phoca.cz,Female,2010,Saab,9-5,Anchorage,Alaska,99517,US,61.1901,-149.9361,54958,Hahn-Hermann,01/20/2023
537,Ronni,Lauritsen,rlauritsenew@sbwire.com,Female,2012,Lexus,LFA,Fort Wayne,Indiana,46896,US,41.0938,-85.0707,72315,"VonRueden, Abernathy and Runolfsdottir",06/22/2024
538,Cullan,McEneny,cmcenenyex@squidoo.com,Male,2007,Jaguar,XK,Roanoke,Virginia,24048,US,37.2742,-79.9579,69784,"Cummings, Cummings and Jaskolski",07/13/2025
539,Charla,Ever,ceverey@psu.edu,Female,2010,Ford,F-Series Super Duty,Worcester,Massachusetts,01610,US,42.2492,-71.8108,46968,"O'Kon, Zemlak and Collier",04/17/2023
540,Gratiana,Spurman,gspurmanez@nature.com,Female,2002,GMC,Sonoma,Denver,Colorado,80291,US,39.7439,-104.9876,40772,"Reinger, Rempel and Cummings",07/11/2024
541,Germain,Kegg,gkeggf0@wisc.edu,Male,2011,Mazda,CX-7,Reston,Virginia,22096,US,38.8318,-77.2888,71910,McKenzie Group,12/27/2025
542,Dale,Britch,dbritchf1@usda.gov,Agender,2004,Chrysler,Crossfire,Pensacola,Florida,32595,US,30.6143,-87.2758,86591,Lueilwitz Group,09/04/2024
543,Kesley,Vittel,kvittelf2@home.pl,Female,2009,Lexus,IS,Mansfield,Ohio,44905,US,40.7779,-82.4613,91154,Greenholt-Cremin,12/22/2025
544,Antoni,Clubley,aclubleyf3@jalbum.net,Male,2005,Honda,Element,Fresno,California,93726,US,36.7949,-119.7604,96905,"Daniel, Botsford and Rempel",06/24/2022
545,Dorothea,Broadey,dbroadeyf4@4shared.com,Female,1993,Chrysler,Imperial,Newton,Massachusetts,02162,US,42.3319,-71.254,83321,Mueller-O'Conner,01/02/2025
546,Karyn,Pigford,kpigfordf5@shareasale.com,Female,1970,Pontiac,Grand Prix,Boston,Massachusetts,02114,US,42.3611,-71.0682,82250,Flatley LLC,03/12/2025
547,Katti,Johnikin,kjohnikinf6@ameblo.jp,Bigender,1993,Toyota,Xtra,Roanoke,Virginia,24029,US,37.2742,-79.9579,55054,Luettgen and Sons,01/09/2026
548,Ashlee,McGinny,amcginnyf7@dmoz.org,Female,1997,Dodge,Viper,Lubbock,Texas,79452,US,33.61,-101.8213,68423,VonRueden Group,04/30/2025
549,Claire,Cope,ccopef8@tmall.com,Male,1997,Honda,Civic,Boston,Massachusetts,02163,US,42.3253,-71.1122,86137,Brakus-Treutel,12/05/2024
550,Fitz,Whapples,fwhapplesf9@bing.com,Male,1984,Mitsubishi,Pajero,Washington,District of Columbia,20591,US,38.8933,-77.0146,47442,"McClure, Rempel and Wolff",01/20/2024
551,Bert,Widocks,bwidocksfa@mapquest.com,Male,2001,Nissan,Altima,Washington,District of Columbia,20404,US,38.8992,-77.0089,83744,"Langosh, Hauck and Oberbrunner",09/01/2022
552,Maje,Freezor,mfreezorfb@samsung.com,Male,2006,Porsche,911,Reno,Nevada,89550,US,39.5387,-119.8225,42133,"Bailey, O'Keefe and Harris",01/02/2025
553,Kin,Cotmore,kcotmorefc@earthlink.net,Male,2011,Ford,F450,Denver,Colorado,80204,US,39.734,-105.0259,34627,Rohan-McCullough,07/24/2023
554,Tabor,Pezey,tpezeyfd@w3.org,Male,1994,Mitsubishi,Mighty Max,Gaithersburg,Maryland,20883,US,39.0883,-77.1568,55218,Stroman Group,04/25/2025
555,Heywood,Steptowe,hsteptowefe@theglobeandmail.com,Bigender,2010,Volkswagen,Tiguan,Sioux Falls,South Dakota,57188,US,43.6746,-96.7913,90392,Hammes-Kerluke,07/04/2024
556,Neron,Bresner,nbresnerff@cisco.com,Male,1992,Volkswagen,Passat,Fort Wayne,Indiana,46852,US,41.0938,-85.0707,90262,"Hane, Hilpert and Ziemann",07/13/2024
557,Giacopo,Hansbury,ghansburyfg@sbwire.com,Male,1997,Infiniti,J,Washington,District of Columbia,20442,US,38.896,-77.0177,37899,"Ferry, Kirlin and Bogan",02/23/2025
558,Christina,Izaac,cizaacfh@nationalgeographic.com,Female,2000,Pontiac,Montana,Fort Pierce,Florida,34981,US,27.4049,-80.3623,50151,"Schiller, Hegmann and Rowe",03/23/2024
559,Blythe,Ballinghall,bballinghallfi@rambler.ru,Female,2000,Plymouth,Neon,Miami,Florida,33147,US,25.8507,-80.2366,37923,Okuneva Inc,12/03/2023
560,Ruddie,Gwinnell,rgwinnellfj@comcast.net,Male,2013,Lexus,LX,Morgantown,West Virginia,26505,US,39.6505,-79.944,91040,Bogan-Fisher,12/28/2023
561,Lorain,Cheine,lcheinefk@arizona.edu,Female,2012,Aston Martin,Rapide,Shreveport,Louisiana,71166,US,32.6076,-93.7526,87242,Collins-Ward,06/16/2025
562,Kerk,Greste,kgrestefl@goodreads.com,Male,1996,Chevrolet,2500,High Point,North Carolina,27264,US,36.0807,-80.0244,92639,Smitham Group,08/09/2023
563,Noel,Collett,ncollettfm@free.fr,Male,1998,Toyota,Corolla,Santa Monica,California,90410,US,33.7866,-118.2987,72360,"Gusikowski, Rosenbaum and Fadel",11/30/2023
564,Ariel,Warke,awarkefn@baidu.com,Male,1990,Mitsubishi,GTO,Tyler,Texas,75799,US,32.4112,-95.2899,65942,Gibson-Bogisich,10/02/2025
565,Mead,Cunnow,mcunnowfo@example.com,Genderfluid,1997,Toyota,Supra,Stamford,Connecticut,06912,US,41.3089,-73.3637,86598,Bartell Inc,12/25/2024
566,Zoe,Blanpein,zblanpeinfp@hatena.ne.jp,Female,2004,Dodge,Dakota Club,Naperville,Illinois,60567,US,41.8397,-88.0887,68657,Bashirian Inc,12/10/2025
567,Annabal,Heaven,aheavenfq@woothemes.com,Female,1993,Chevrolet,Corsica,Durham,North Carolina,27705,US,36.0218,-78.9478,98269,Kulas-Brakus,10/30/2025
568,Vikky,Casemore,vcasemorefr@theglobeandmail.com,Female,1999,Mazda,Millenia,Los Angeles,California,90071,US,34.0529,-118.2549,48274,Von and Sons,07/14/2023
569,Will,Roskilly,wroskillyfs@oakley.com,Male,2002,Volkswagen,Golf,Pompano Beach,Florida,33075,US,26.1457,-80.4483,46594,Cassin Group,11/05/2023
570,Griswold,Moreno,gmorenoft@webs.com,Male,1995,Saab,900,Tyler,Texas,75710,US,32.3475,-95.3065,71500,Jacobi LLC,01/07/2024
571,Tressa,Miall,tmiallfu@wiley.com,Female,1999,Mercedes-Benz,SLK-Class,Cheyenne,Wyoming,82007,US,41.1084,-104.8107,64857,Johnson-Stiedemann,02/02/2025
572,Hubie,Schechter,hschechterfv@adobe.com,Male,2001,Mitsubishi,Mirage,New Orleans,Louisiana,70187,US,30.033,-89.8826,80259,Turner LLC,03/24/2023
573,Masha,Bernardeschi,mbernardeschifw@hostgator.com,Female,1990,Mitsubishi,Galant,Roanoke,Virginia,24029,US,37.2742,-79.9579,46836,Schultz-Nolan,04/02/2024
574,Alisha,Dommerque,adommerquefx@biblegateway.com,Female,2005,Dodge,Stratus,Corpus Christi,Texas,78426,US,27.777,-97.4632,38336,Hegmann Group,09/30/2024
575,Keen,Waring,kwaringfy@amazon.co.uk,Genderfluid,2009,Toyota,Yaris,Syracuse,New York,13217,US,43.0214,-76.1977,67049,Ward-Predovic,05/14/2025
576,Ody,Shickle,oshicklefz@exblog.jp,Male,2002,Suzuki,Esteem,Buffalo,New York,14210,US,42.8614,-78.8206,95483,Deckow Inc,04/18/2024
577,Maurizia,Lascell,mlascellg0@mapy.cz,Female,2007,Isuzu,i-290,Brooklyn,New York,11205,US,40.6924,-73.9666,75856,Bahringer Group,06/14/2025
578,Lonny,Luscott,lluscottg1@tiny.cc,Bigender,2007,Ford,Escape,Abilene,Texas,79605,US,32.432,-99.7724,90413,Paucek Group,01/05/2024
579,Bonnee,Rothery,brotheryg2@newyorker.com,Female,2008,Lincoln,MKX,Baton Rouge,Louisiana,70826,US,30.5159,-91.0804,71503,"Bechtelar, Gorczany and Borer",06/30/2023
580,Ailey,Mouget,amougetg3@aboutads.info,Female,2013,Ford,Edge,San Francisco,California,94169,US,37.7848,-122.7278,38778,"Kohler, Auer and Block",07/30/2022
581,Tabbie,Heam,theamg4@furl.net,Female,2006,Dodge,Ram 3500,Scranton,Pennsylvania,18505,US,41.3914,-75.6657,41914,"Shields, Rowe and Smith",01/11/2024
582,Brett,Battershall,bbattershallg5@com.com,Male,2013,Porsche,911,Washington,District of Columbia,20231,US,38.8933,-77.0146,73341,Rolfson-Hermann,04/24/2024
583,Berky,Millyard,bmillyardg6@toplist.cz,Bigender,2005,Chevrolet,Corvette,Philadelphia,Pennsylvania,19151,US,39.9772,-75.2545,81798,Thompson-Bernhard,01/04/2024
584,Brody,Chesterman,bchestermang7@is.gd,Male,1993,Oldsmobile,Silhouette,Alexandria,Louisiana,71307,US,31.2034,-92.5269,99969,"Dibbert, Kris and Zulauf",11/18/2025
585,Katie,MacGorman,kmacgormang8@hatena.ne.jp,Female,1994,Chevrolet,Cavalier,Santa Barbara,California,93106,US,34.4329,-119.8371,36106,"Gleichner, Becker and Lowe",11/06/2025
586,Bronson,Payfoot,bpayfootg9@clickbank.net,Male,1997,Mercury,Mystique,Birmingham,Alabama,35242,US,33.3813,-86.7046,98800,Schulist Inc,04/15/2022
587,Dasie,Snoday,dsnodayga@wikipedia.org,Female,1990,Audi,200,Farmington,Michigan,48335,US,42.4617,-83.4053,76839,Schmidt-Runte,08/13/2022
588,Flem,Brisard,fbrisardgb@list-manage.com,Male,1979,Chevrolet,Camaro,Seattle,Washington,98121,US,47.6151,-122.3447,78896,Gleason-Hoppe,05/29/2022
589,Tomlin,Mohammad,tmohammadgc@posterous.com,Male,1996,Dodge,Neon,Peoria,Illinois,61629,US,40.692,-89.5887,49944,Leffler Group,12/14/2023
590,Eula,McKeady,emckeadygd@ask.com,Female,2010,Bentley,Continental GTC,Roanoke,Virginia,24034,US,37.2742,-79.9579,71797,"Feeney, Frami and Daniel",10/14/2022
591,Roderigo,Bertomier,rbertomierge@boston.com,Male,2005,Chevrolet,Astro,Washington,District of Columbia,20210,US,38.8933,-77.0146,90927,"Swift, Ankunding and Welch",06/13/2025
592,Janessa,Foulser,jfoulsergf@eventbrite.com,Female,2009,Dodge,Ram,San Francisco,California,94105,US,37.7864,-122.3892,87655,Flatley Inc,10/23/2023
593,Tim,Gonthier,tgonthiergg@businessinsider.com,Male,1993,BMW,5 Series,Berkeley,California,94705,US,37.8571,-122.25,59021,Marvin Group,08/13/2025
594,Meggy,Byrd,mbyrdgh@comcast.net,Female,1996,Infiniti,G,Tallahassee,Florida,32314,US,30.4793,-84.3462,65401,Wunsch-Tillman,12/02/2024
595,Bartram,Vagges,bvaggesgi@archive.org,Male,2004,Chrysler,Crossfire,Buffalo,New York,14205,US,42.7684,-78.8871,85098,Douglas-Graham,05/07/2022
596,Alameda,Osban,aosbangj@craigslist.org,Female,2007,Jeep,Grand Cherokee,Bowie,Maryland,20719,US,38.8336,-76.8777,90835,Ferry Group,06/06/2023
597,Larisa,Langfitt,llangfittgk@economist.com,Female,2010,Mazda,Mazda6,Glendale,California,91210,US,33.7866,-118.2987,73966,"Smith, Raynor and Marks",12/24/2023
598,Mycah,Gavozzi,mgavozzigl@sun.com,Male,1986,Maserati,Quattroporte,Seattle,Washington,98140,US,47.4323,-121.8034,31320,"Price, Bauch and Leannon",04/30/2022
599,Ailis,Kubicki,akubickigm@ucla.edu,Female,2010,Maybach,Landaulet,Hayward,California,94544,US,37.6374,-122.067,87847,"Daniel, Hansen and Altenwerth",05/02/2024
600,Hannie,Drinkwater,hdrinkwatergn@theatlantic.com,Female,2011,Toyota,Tacoma,Ventura,California,93005,US,34.0324,-119.1343,77232,Hilll-Volkman,07/23/2022
601,Barb,Carrodus,bcarrodusgo@dmoz.org,Female,2010,Bentley,Continental,Juneau,Alaska,99812,US,58.3271,-134.4742,62618,Emard-Rodriguez,05/30/2022
602,Kelila,Veldstra,kveldstragp@tiny.cc,Genderfluid,2009,Mercury,Milan,Staten Island,New York,10310,US,40.6324,-74.1172,31358,Wolf LLC,01/29/2024
603,Georgena,Taillant,gtaillantgq@icio.us,Female,1985,Buick,LeSabre,Albany,New York,12232,US,42.6149,-73.9708,90237,"Adams, DuBuque and Green",05/15/2025
604,Bride,Meriot,bmeriotgr@angelfire.com,Agender,2006,Volkswagen,Rabbit,Frankfort,Kentucky,40618,US,38.2341,-84.8748,32890,Bartell-Hartmann,05/10/2023
605,Judith,Bagster,jbagstergs@a8.net,Female,2013,GMC,Yukon XL 1500,Washington,District of Columbia,20036,US,38.9087,-77.0414,55457,Zboncak Group,02/07/2022
606,Pearline,Caldera,pcalderagt@ihg.com,Female,2011,Volvo,C70,Kansas City,Missouri,64153,US,39.2627,-94.697,71085,Schulist and Sons,04/06/2024
607,Minne,Secombe,msecombegu@elpais.com,Female,1998,Chrysler,Concorde,New York City,New York,10203,US,40.7808,-73.9772,52669,"Klein, Lebsack and Zulauf",01/22/2024
608,Ernesto,Rollings,erollingsgv@example.com,Male,2001,Audi,A8,Scottsdale,Arizona,85271,US,33.2765,-112.1872,42076,Weber-Collier,05/04/2024
609,Filmer,Olive,folivegw@lulu.com,Male,1995,GMC,Vandura G1500,Newton,Massachusetts,02162,US,42.3319,-71.254,73252,Rath-Ruecker,02/27/2025
610,Barbara-anne,Jillins,bjillinsgx@google.ca,Female,2004,Volkswagen,Jetta,Gulfport,Mississippi,39505,US,30.4158,-89.0684,72603,"Jacobs, Lynch and Littel",07/22/2024
611,Eldon,Tommen,etommengy@paginegialle.it,Male,2008,Honda,Accord,Saint Paul,Minnesota,55188,US,45.0059,-93.1059,90283,"Murazik, Medhurst and Bayer",04/19/2024
612,Riane,McVaugh,rmcvaughgz@nytimes.com,Female,1995,Plymouth,Neon,San Antonio,Texas,78240,US,29.5189,-98.6006,73231,Lang LLC,11/10/2022
613,Rikki,OIlier,roilierh0@booking.com,Male,1996,Toyota,Previa,Atlanta,Georgia,31119,US,33.8913,-84.0746,31599,Halvorson Group,07/03/2022
614,Shandy,Moneti,smonetih1@reuters.com,Female,2010,Nissan,Rogue,Arvada,Colorado,80005,US,39.8422,-105.1097,58840,"Wolf, Kuphal and Schaefer",08/07/2023
615,Fredek,Kennaird,fkennairdh2@quantcast.com,Male,1992,Dodge,D350,Greenville,South Carolina,29605,US,34.8001,-82.3932,87076,Boehm Group,07/25/2023
616,Leonanie,Fursey,lfurseyh3@about.me,Female,2009,Volkswagen,R32,Alpharetta,Georgia,30022,US,34.0268,-84.2422,53366,Maggio Group,04/03/2022
617,Shantee,Regardsoe,sregardsoeh4@indiatimes.com,Female,1995,Mazda,929,Madison,Wisconsin,53716,US,43.0631,-89.3133,75677,Marks-Schamberger,05/18/2024
618,Fitz,Horick,fhorickh5@usnews.com,Male,2000,Nissan,Altima,Salt Lake City,Utah,84189,US,40.6681,-111.9083,67148,"Murphy, Hoppe and Welch",07/06/2022
619,Harriette,Silcock,hsilcockh6@wikipedia.org,Female,1993,Dodge,D350,Inglewood,California,90310,US,33.7866,-118.2987,63237,"Fisher, Zboncak and Keebler",02/21/2023
620,Ashley,Pietrzak,apietrzakh7@live.com,Male,2003,Mercury,Sable,Hartford,Connecticut,06160,US,41.7665,-72.6933,41397,Murazik and Sons,08/22/2024
621,Roseanna,Plesing,rplesingh8@aol.com,Female,2012,Fiat,500,Silver Spring,Maryland,20904,US,39.0668,-76.9969,50818,"Jacobi, Cronin and Kertzmann",01/29/2023
622,Glory,Hanney,ghanneyh9@delicious.com,Female,2003,Ford,Escort ZX2,New Orleans,Louisiana,70124,US,30.0071,-90.1094,40075,"Lehner, Auer and Breitenberg",07/13/2023
623,Hanan,Schindler,hschindlerha@admin.ch,Male,1992,Jeep,Wrangler,Wichita Falls,Texas,76310,US,33.8581,-98.5755,68919,Brown Inc,02/05/2025
624,Dacey,Langelaan,dlangelaanhb@tuttocitta.it,Female,2010,Nissan,Frontier,Santa Barbara,California,93106,US,34.4329,-119.8371,61386,Abbott-Ratke,08/19/2023
625,Myrle,Mudle,mmudlehc@sciencedirect.com,Female,2010,Mercury,Grand Marquis,Erie,Pennsylvania,16510,US,42.1087,-79.9535,48081,"Hettinger, Wiza and Lakin",09/26/2024
626,Davey,Soppit,dsoppithd@cnn.com,Male,2010,Lincoln,MKZ,Tyler,Texas,75799,US,32.4112,-95.2899,96402,Hyatt-Bashirian,11/30/2025
627,Cynde,Kissick,ckissickhe@vinaora.com,Female,2004,Chevrolet,Aveo,Asheville,North Carolina,28815,US,35.6203,-82.5286,70326,Bayer-Braun,11/21/2023
628,Gib,Meiner,gmeinerhf@plala.or.jp,Male,1992,Nissan,Stanza,Springfield,Missouri,65805,US,37.2581,-93.3437,30488,Feil Group,05/28/2024
629,Gert,Dalinder,gdalinderhg@lulu.com,Female,1994,Chrysler,LeBaron,Tacoma,Washington,98424,US,47.2325,-122.3594,99509,Bosco-Legros,08/05/2022
630,Freemon,Skews,fskewshh@simplemachines.org,Male,1995,Suzuki,Swift,Bozeman,Montana,59771,US,45.7246,-111.1238,35746,Sanford Group,07/07/2025
631,Mahmud,Grout,mgrouthi@nsw.gov.au,Male,1993,Mercury,Tracer,Wichita,Kansas,67260,US,37.7194,-97.2936,83600,Champlin-Hills,03/30/2023
632,Jozef,Bernaciak,jbernaciakhj@bbb.org,Genderqueer,1980,Chevrolet,Citation,Hartford,Connecticut,06120,US,41.786,-72.6758,90731,Langosh-Morissette,11/24/2022
633,Jocelin,Belson,jbelsonhk@npr.org,Female,2004,BMW,645,Albuquerque,New Mexico,87140,US,35.0443,-106.6729,71375,Yundt and Sons,08/14/2023
634,Gardener,Salter,gsalterhl@utexas.edu,Male,2007,Subaru,Tribeca,Albany,New York,12205,US,42.7198,-73.8207,90215,Turcotte-Willms,06/11/2024
635,Bald,Goodhew,bgoodhewhm@histats.com,Agender,2006,Mercedes-Benz,G-Class,Jackson,Mississippi,39282,US,32.3113,-90.3972,88940,"Schmidt, Auer and Auer",01/07/2026
636,Homere,Narramore,hnarramorehn@theatlantic.com,Male,2013,BMW,X5 M,Texarkana,Texas,75507,US,33.3934,-94.3404,69131,"Pollich, Reichel and Kemmer",07/19/2023
637,Dionis,Johantges,djohantgesho@issuu.com,Female,2008,Lexus,RX,Anchorage,Alaska,99507,US,61.1535,-149.8289,85274,Bosco LLC,07/26/2022
638,Mozelle,Eberlein,meberleinhp@answers.com,Female,1992,Mercedes-Benz,SL-Class,Trenton,New Jersey,08619,US,40.2418,-74.6962,93350,"Klein, Langosh and Konopelski",06/13/2025
639,Rachelle,Wein,rweinhq@unicef.org,Female,2009,Hummer,H2,Wichita,Kansas,67260,US,37.7194,-97.2936,93548,"Kutch, Nikolaus and Baumbach",09/03/2025
640,Neda,Seton,nsetonhr@miibeian.gov.cn,Female,1989,Volkswagen,Fox,Tampa,Florida,33615,US,28.0081,-82.5805,59347,Kirlin-Ryan,11/22/2025
641,Nikos,Houliston,nhoulistonhs@miitbeian.gov.cn,Male,1995,Mazda,Protege,Springfield,Massachusetts,01114,US,42.1707,-72.6048,59556,Simonis and Sons,11/05/2024
642,Jonah,Bosenworth,jbosenworthht@sfgate.com,Male,2000,Honda,Passport,Boise,Idaho,83722,US,43.4599,-116.244,45666,"Kuhlman, Aufderhar and Kuhic",12/11/2023
643,Archie,Gorvin,agorvinhu@howstuffworks.com,Male,2011,Nissan,Quest,Scranton,Pennsylvania,18514,US,41.4019,-75.6376,99936,Wiza Group,01/23/2025
644,Violetta,De Leek,vdeleekhv@earthlink.net,Female,2010,BMW,3 Series,Tempe,Arizona,85284,US,33.3363,-111.9197,66322,"McCullough, Hagenes and Howe",10/18/2022
645,Elsy,Toma,etomahw@youtube.com,Female,2004,Jaguar,S-Type,Canton,Ohio,44705,US,40.8259,-81.3399,66109,Champlin and Sons,03/18/2025
646,Mair,Dudenie,mdudeniehx@ebay.com,Female,2010,Chevrolet,Silverado 1500,Sioux Falls,South Dakota,57193,US,43.6746,-96.7913,70412,"Heller, Kuvalis and Kutch",12/21/2024
647,Laura,Freear,lfreearhy@mashable.com,Female,2005,Lexus,LX,Schenectady,New York,12325,US,42.8333,-74.058,48202,Stoltenberg-Collier,07/18/2024
648,Hetty,Liebmann,hliebmannhz@kickstarter.com,Female,2008,Lamborghini,Gallardo,Detroit,Michigan,48275,US,42.2399,-83.1508,78765,Rodriguez Inc,05/30/2022
649,Kellen,Elphey,kelpheyi0@cafepress.com,Female,2009,Mazda,Miata MX-5,Houston,Texas,77245,US,29.834,-95.4342,49730,"Howe, Friesen and Medhurst",09/17/2024
650,Lauraine,Scarborough,lscarboroughi1@sfgate.com,Female,2007,Chevrolet,Express,Greensboro,North Carolina,27409,US,36.0777,-79.9086,75321,Heathcote-Champlin,04/07/2024
651,Fleur,Bill,fbilli2@mayoclinic.com,Agender,1992,Chrysler,LeBaron,Phoenix,Arizona,85035,US,33.4724,-112.1832,74737,Luettgen-Howe,08/11/2025
652,Cacilie,Seman,csemani3@sfgate.com,Female,1989,Pontiac,Firefly,Houston,Texas,77080,US,29.8159,-95.523,99087,"Becker, Hansen and Erdman",12/09/2023
653,Arabella,De Ortega,adeortegai4@merriam-webster.com,Female,2009,Ford,E250,New York City,New York,10019,US,40.7651,-73.9858,83074,Wehner and Sons,10/11/2023
654,Nat,Fury,nfuryi5@jiathis.com,Female,2007,Hyundai,Veracruz,Detroit,Michigan,48295,US,42.2399,-83.1508,99056,Volkman-Botsford,03/09/2025
655,Webster,Trewman,wtrewmani6@hostgator.com,Male,1994,Chevrolet,Impala,Huntsville,Alabama,35815,US,34.734,-86.5229,73102,Reynolds-Durgan,05/28/2025
656,Rowena,Scullion,rscullioni7@wunderground.com,Female,2004,Saturn,VUE,Oklahoma City,Oklahoma,73190,US,35.5514,-97.4075,44713,Von-Champlin,03/30/2022
657,Allistir,Fasset,afasseti8@businesswire.com,Male,1986,Audi,5000S,El Paso,Texas,88574,US,31.6948,-106.3,96582,Macejkovic-Schroeder,07/21/2023
658,Gael,Trainer,gtraineri9@illinois.edu,Male,2003,Toyota,Celica,Atlanta,Georgia,30368,US,33.8444,-84.474,56410,Rath Inc,09/12/2023
659,Sidoney,Alster,salsteria@vkontakte.ru,Female,1998,GMC,1500 Club Coupe,San Diego,California,92105,US,32.7423,-117.0947,36657,Fay LLC,01/31/2022
660,Papagena,Vella,pvellaib@cnbc.com,Female,1998,Volvo,V90,Cumming,Georgia,30130,US,34.2216,-84.1537,88914,Barrows LLC,02/26/2024
661,Elie,Cuss,ecussic@aboutads.info,Female,1987,Volkswagen,Passat,Boston,Massachusetts,02208,US,42.3389,-70.9196,88733,Flatley-Price,12/25/2023
662,Lanie,Mirrlees,lmirrleesid@arizona.edu,Male,1998,Mazda,MPV,New Orleans,Louisiana,70116,US,29.9686,-90.0646,89736,Fadel LLC,10/05/2023
663,Gearalt,Robb,grobbie@wikispaces.com,Male,1996,Chrysler,Cirrus,Washington,District of Columbia,20029,US,38.8933,-77.0146,86761,McLaughlin-Lubowitz,04/04/2022
664,Dollie,Proffer,dprofferif@theglobeandmail.com,Female,2002,Audi,S8,Montgomery,Alabama,36119,US,32.2334,-86.2085,53645,Botsford-McGlynn,11/08/2022
665,George,Staveley,gstaveleyig@adobe.com,Female,2002,Volkswagen,GTI,Tacoma,Washington,98464,US,47.0662,-122.1132,72470,Cummerata-Mante,12/24/2025
666,Shanta,Fiennes,sfiennesih@hhs.gov,Female,2009,Hyundai,Veracruz,Cleveland,Ohio,44125,US,41.4335,-81.6323,97417,Yost-Mertz,07/09/2025
667,Joachim,Skillicorn,jskillicornii@mozilla.com,Genderqueer,2007,Lexus,RX Hybrid,San Jose,California,95123,US,37.2458,-121.8306,45686,Klocko-Aufderhar,01/14/2023
668,Quill,Dacey,qdaceyij@github.io,Male,2006,GMC,Sierra 2500HD,Columbia,South Carolina,29215,US,34.006,-80.9708,30243,Muller-Hartmann,05/26/2024
669,Rafa,Pettingill,rpettingillik@wikia.com,Female,1999,Chrysler,Town & Country,Danbury,Connecticut,06816,US,41.3089,-73.3637,61897,Bednar-Vandervort,11/10/2022
670,Buffy,Bedding,bbeddingil@engadget.com,Female,1998,Audi,A8,Rochester,New York,14609,US,43.174,-77.5637,97527,"Gutkowski, Heaney and Nitzsche",07/01/2024
671,Murial,Matthews,mmatthewsim@phoca.cz,Female,2010,Volvo,S60,New Orleans,Louisiana,70187,US,30.033,-89.8826,72850,Howell and Sons,11/01/2024
672,Duke,Sparrowhawk,dsparrowhawkin@sitemeter.com,Male,2001,Volvo,S40,Bakersfield,California,93381,US,35.2944,-118.9052,98918,Parisian-Sporer,11/07/2023
673,Jodie,Cordaroy,jcordaroyio@slate.com,Female,1985,Mitsubishi,Galant,Cincinnati,Ohio,45213,US,39.1802,-84.4204,37404,"Green, O'Connell and Bode",02/10/2025
674,Lorine,Size,lsizeip@joomla.org,Female,1986,Audi,5000CS Quattro,Carol Stream,Illinois,60158,US,41.9166,-88.1208,37253,Nitzsche LLC,07/26/2024
675,Renato,Thorns,rthornsiq@cbsnews.com,Male,2000,Lincoln,Navigator,Newport Beach,California,92662,US,33.6062,-117.8931,72372,Veum LLC,12/01/2023
676,Casar,Cholonin,ccholoninir@tmall.com,Male,2012,Kia,Sportage,New Brunswick,New Jersey,08922,US,40.43,-74.4173,53675,Cassin LLC,07/03/2024
677,Penelopa,Swancott,pswancottis@seattletimes.com,Female,1997,Kia,Sportage,Daytona Beach,Florida,32123,US,29.0227,-81.1722,89027,Armstrong LLC,07/03/2025
678,Deni,Downse,ddownseit@biblegateway.com,Female,2008,Mercedes-Benz,R-Class,Peoria,Illinois,61605,US,40.6775,-89.6263,72410,"Reynolds, Spinka and Grant",12/20/2024
679,Steven,Goldman,sgoldmaniu@oakley.com,Male,2006,Toyota,Yaris,Pensacola,Florida,32505,US,30.4481,-87.2589,95858,Hudson-Bayer,04/03/2025
680,Viviana,Ladon,vladoniv@prnewswire.com,Female,1992,Hyundai,Excel,New York City,New York,10249,US,40.7808,-73.9772,41359,Farrell and Sons,09/07/2025
681,Howey,Elles,hellesiw@aol.com,Male,1992,GMC,2500,Durham,North Carolina,27717,US,36.0512,-78.8577,34267,Maggio-Corwin,10/29/2024
682,Deloria,Frammingham,dframminghamix@google.es,Female,1997,Mercury,Mountaineer,Atlanta,Georgia,31132,US,33.7488,-84.3883,67826,Collier-Turcotte,06/12/2023
683,Arnuad,Waterfield,awaterfieldiy@networkadvertising.org,Male,1991,Ford,Ranger,Fort Lauderdale,Florida,33330,US,26.0663,-80.3339,30966,Effertz and Sons,12/23/2024
684,Natale,Sweetsur,nsweetsuriz@devhub.com,Male,2000,Suzuki,Vitara,Corpus Christi,Texas,78410,US,27.8458,-97.596,63027,"Hackett, Renner and Monahan",06/21/2024
685,Elladine,Queyos,equeyosj0@ehow.com,Female,1997,Lincoln,Town Car,Jamaica,New York,11470,US,40.6914,-73.8061,92542,Larkin and Sons,06/24/2025
686,Alikee,Semble,asemblej1@blogtalkradio.com,Female,2011,Ford,Expedition,Saint Louis,Missouri,63180,US,38.6531,-90.2435,31922,"Howell, Trantow and Block",07/09/2024
687,Barrett,Splaven,bsplavenj2@examiner.com,Male,2011,Ferrari,458 Italia,Aurora,Colorado,80015,US,39.6255,-104.7874,54312,Cruickshank LLC,04/17/2025
688,Linoel,Dugood,ldugoodj3@admin.ch,Male,2007,Dodge,Dakota Club,Bakersfield,California,93305,US,35.3855,-118.986,32011,Leffler Group,07/28/2024
689,Merrili,Jackett,mjackettj4@arizona.edu,Agender,1998,Hyundai,Accent,Spokane,Washington,99260,US,47.6536,-117.4317,40435,Bahringer-Hermann,06/02/2025
690,Andre,Lodovichi,alodovichij5@accuweather.com,Male,2007,Lincoln,Town Car,Amarillo,Texas,79116,US,35.2454,-101.999,30479,Kirlin LLC,01/03/2026
691,Wiatt,Dymoke,wdymokej6@businessinsider.com,Male,2001,Chevrolet,Monte Carlo,Merrifield,Virginia,22119,US,38.8318,-77.2888,50405,Sauer-Connelly,03/07/2022
692,Aluin,Andrivot,aandrivotj7@myspace.com,Male,1997,Chrysler,Concorde,Madison,Wisconsin,53779,US,43.0982,-89.3242,45191,"Greenfelder, Bins and Littel",05/08/2023
693,Ezechiel,Boame,eboamej8@hatena.ne.jp,Male,2003,Chevrolet,Express 1500,Fresno,California,93709,US,36.7464,-119.6397,64221,"Hirthe, Ward and McClure",08/29/2024
694,Cord,Hairon,chaironj9@ning.com,Male,1981,Mercedes-Benz,W126,Sioux City,Iowa,51110,US,42.4011,-96.372,53810,Wiza-Haley,07/16/2025
695,Elenore,Summersett,esummersettja@soup.io,Female,1994,Subaru,SVX,Sacramento,California,94230,US,38.3774,-121.4444,76760,"Cormier, Collins and Beer",09/18/2023
696,Gaven,Jeens,gjeensjb@boston.com,Male,1989,Mercedes-Benz,E-Class,Springfield,Illinois,62705,US,39.7495,-89.606,95741,"Funk, O'Conner and Lowe",01/01/2025
697,Wittie,Whitmarsh,wwhitmarshjc@nature.com,Male,1996,Dodge,Stealth,Berkeley,California,94705,US,37.8571,-122.25,79514,"Cassin, Kertzmann and Cassin",11/03/2023
698,Mela,Berrey,mberreyjd@dedecms.com,Female,2009,Acura,TSX,Buffalo,New York,14269,US,42.7684,-78.8871,63518,Turcotte Group,02/18/2023
699,Darcee,Spikins,dspikinsje@ft.com,Female,2007,Infiniti,G,Baltimore,Maryland,21216,US,39.3093,-76.6699,53053,Kilback LLC,02/28/2024
700,Humfried,Battye,hbattyejf@craigslist.org,Male,2009,Chevrolet,Silverado 1500,Milwaukee,Wisconsin,53210,US,43.0685,-87.9715,95240,"White, Runte and Funk",05/09/2022
701,Hunt,Tardiff,htardiffjg@nifty.com,Male,1999,Mercury,Tracer,New Orleans,Louisiana,70179,US,30.033,-89.8826,34759,"Wolff, Reilly and Terry",01/05/2023
702,Matthaeus,Dorken,mdorkenjh@vimeo.com,Male,2012,Honda,Odyssey,Winston Salem,North Carolina,27105,US,36.144,-80.2376,78695,Doyle LLC,03/28/2023
703,Elden,Cleere,ecleereji@wikispaces.com,Male,1992,Buick,Park Avenue,Stockton,California,95210,US,38.025,-121.2972,30293,Nienow Inc,12/11/2025
704,Keen,Noye,knoyejj@seesaa.net,Male,2001,Nissan,Frontier,Denton,Texas,76210,US,33.1428,-97.0727,57456,Wisozk and Sons,02/14/2025
705,Brandice,Ayllett,bayllettjk@a8.net,Female,1992,Infiniti,Q,Austin,Texas,78710,US,30.352,-97.7151,46744,Hahn and Sons,01/07/2023
706,Angil,Bindon,abindonjl@ning.com,Female,1990,Saab,900,Troy,Michigan,48098,US,42.5991,-83.1789,91135,Streich-Purdy,06/30/2024
707,Rozina,Damp,rdampjm@topsy.com,Polygender,2004,Chrysler,Concorde,Saint Louis,Missouri,63110,US,38.6185,-90.2564,44368,Hettinger Inc,04/28/2024
708,Lucais,Fearn,lfearnjn@ebay.co.uk,Bigender,2005,Toyota,Highlander,New York City,New York,10039,US,40.8265,-73.9383,66541,"Shields, Christiansen and Prohaska",02/12/2024
709,Brooke,Cassedy,bcassedyjo@paypal.com,Female,1991,Buick,Roadmaster,Saint Petersburg,Florida,33705,US,27.7391,-82.6435,97369,Jenkins Group,06/25/2023
710,Delly,Davall,ddavalljp@state.gov,Female,1996,Toyota,Previa,New York City,New York,10024,US,40.7864,-73.9764,95020,"Rogahn, Ruecker and Wilkinson",04/20/2023
711,Nisse,Quogan,nquoganjq@howstuffworks.com,Female,1997,Pontiac,Sunfire,New Orleans,Louisiana,70187,US,30.033,-89.8826,66702,Reichel-Kessler,08/26/2025
712,Piper,Whilde,pwhildejr@timesonline.co.uk,Female,1998,Toyota,Land Cruiser,Bethlehem,Pennsylvania,18018,US,40.6278,-75.3928,47705,Auer-Purdy,09/18/2025
713,Ermengarde,Decruse,edecrusejs@vimeo.com,Female,2003,Mercedes-Benz,E-Class,Macon,Georgia,31296,US,32.8067,-83.6913,79012,Olson-King,07/12/2023
714,Karrie,Seargeant,kseargeantjt@biglobe.ne.jp,Female,1993,Mazda,B-Series,Humble,Texas,77346,US,30.0042,-95.1728,51128,Howell-Heller,06/03/2023
715,Toddie,Kohlert,tkohlertju@theguardian.com,Male,2006,Honda,Ridgeline,San Diego,California,92145,US,32.8891,-117.1005,64692,Rowe-Corwin,10/07/2025
716,Ly,Dulson,ldulsonjv@globo.com,Male,2005,Buick,Century,Denver,Colorado,80299,US,39.7388,-104.4083,89846,McClure-Prosacco,04/04/2023
717,Olav,Tigner,otignerjw@cdbaby.com,Male,2005,Lincoln,Navigator,Fort Worth,Texas,76198,US,32.7714,-97.2915,30519,"Sipes, Weissnat and Weimann",09/19/2025
718,Aaren,Cunliffe,acunliffejx@yolasite.com,Female,2004,Dodge,Ram 2500,Denver,Colorado,80291,US,39.7439,-104.9876,90546,Lang Group,03/15/2022
719,Johna,Allnatt,jallnattjy@reddit.com,Female,2003,Mitsubishi,Diamante,Topeka,Kansas,66617,US,39.1271,-95.6384,30351,Leannon Inc,05/03/2025
720,Alfonse,Thieme,athiemejz@theglobeandmail.com,Male,2009,Nissan,Sentra,Grand Rapids,Michigan,49560,US,43.0314,-85.5503,52875,McCullough LLC,01/07/2024
721,Elfreda,Hechlin,ehechlink0@shinystat.com,Female,2000,Infiniti,G,Toledo,Ohio,43656,US,41.6782,-83.4972,41108,"Keeling, Hickle and Emard",10/29/2023
722,Colly,Cursey,ccurseyk1@ocn.ne.jp,Female,2007,Honda,Odyssey,Miami,Florida,33190,US,25.5593,-80.3483,40275,Flatley-Christiansen,11/06/2024
723,Harcourt,Gianuzzi,hgianuzzik2@senate.gov,Non-binary,2004,Volvo,XC70,Kansas City,Missouri,64149,US,38.8606,-94.4636,62687,Kemmer-Gulgowski,04/10/2024
724,Lucita,Allner,lallnerk3@zimbio.com,Female,1993,Volkswagen,Corrado,Philadelphia,Pennsylvania,19191,US,40.0018,-75.1179,55125,"DuBuque, Dickens and Kulas",01/29/2026
725,Neala,Gadsden,ngadsdenk4@51.la,Female,2011,BMW,7 Series,Boston,Massachusetts,02109,US,42.36,-71.0545,76017,Greenfelder LLC,06/18/2023
726,Cammy,Fairrie,cfairriek5@arizona.edu,Female,1987,Mitsubishi,Cordia,Melbourne,Florida,32919,US,28.3067,-80.6862,49216,Schuster-Davis,11/11/2023
727,Alf,Masters,amastersk6@behance.net,Male,1987,Lamborghini,Countach,Atlanta,Georgia,31136,US,33.7473,-84.3824,75557,Bosco LLC,05/15/2023
728,Georgeta,Blondin,gblondink7@mac.com,Female,2012,Mazda,CX-9,Oklahoma City,Oklahoma,73104,US,35.4794,-97.5017,33010,"Jacobson, Schultz and Blanda",10/02/2025
729,Woody,Inkle,winklek8@wikispaces.com,Agender,2011,Lincoln,MKS,Detroit,Michigan,48275,US,42.2399,-83.1508,79827,Hilpert Group,08/26/2024
730,Mair,Soppit,msoppitk9@shinystat.com,Female,2001,Land Rover,Freelander,San Diego,California,92105,US,32.7423,-117.0947,88463,Hayes Group,05/09/2024
731,Helenka,Farington,hfaringtonka@pinterest.com,Female,2002,Toyota,Camry,Saint Cloud,Minnesota,56372,US,45.5289,-94.5933,79546,Stokes Group,11/27/2022
732,Berton,Harnetty,bharnettykb@constantcontact.com,Male,2007,Buick,Lucerne,Miami,Florida,33261,US,25.5584,-80.4582,80400,"Mosciski, Turner and Rempel",09/05/2025
733,Arni,Unworth,aunworthkc@sina.com.cn,Male,1995,Geo,Metro,Washington,District of Columbia,20220,US,38.8933,-77.0146,36499,"Hauck, Treutel and Shields",07/09/2023
734,Reinwald,Bouzek,rbouzekkd@sciencedirect.com,Male,2006,Mazda,Tribute,Stockton,California,95298,US,37.9577,-121.2897,45208,"Rath, Stracke and Swaniawski",05/10/2023
735,Cherye,Drewry,cdrewryke@google.cn,Female,1988,Mercury,Cougar,Cleveland,Ohio,44185,US,41.6857,-81.6728,70917,Stokes Group,06/05/2023
736,Joyann,Monkleigh,jmonkleighkf@google.ca,Female,2011,Lincoln,Navigator L,Silver Spring,Maryland,20910,US,38.9982,-77.0338,84591,Leannon Inc,04/25/2022
737,Idalia,Teague,iteaguekg@bloomberg.com,Female,2012,Nissan,Armada,Montgomery,Alabama,36125,US,32.2334,-86.2085,49243,Flatley-Ullrich,07/01/2025
738,Ernesto,Coast,ecoastkh@senate.gov,Male,2010,Saab,9-5,Reno,Nevada,89550,US,39.5387,-119.8225,49785,"Treutel, Cruickshank and Graham",06/22/2022
739,Gisella,Kops,gkopski@liveinternet.ru,Female,1963,Austin,Mini Cooper S,Las Vegas,Nevada,89120,US,36.0914,-115.0885,43301,Braun-Cremin,06/06/2024
740,Rolland,Darter,rdarterkj@vinaora.com,Male,2008,Mazda,RX-8,Lakeland,Florida,33805,US,28.072,-81.9609,48040,"Funk, Funk and Kshlerin",08/13/2024
741,Elfie,Polak,epolakkk@gmpg.org,Female,2011,Subaru,Outback,Washington,District of Columbia,20244,US,38.8933,-77.0146,55472,Schaden LLC,04/14/2024
742,Brigid,Bendelow,bbendelowkl@usnews.com,Female,2005,Ford,E350,Sioux Falls,South Dakota,57110,US,43.5486,-96.6332,55403,"Kulas, Williamson and Hahn",09/14/2024
743,Efrem,Bravington,ebravingtonkm@shutterfly.com,Male,2007,Jaguar,X-Type,Corpus Christi,Texas,78405,US,27.7762,-97.4271,70855,"Upton, Carter and Murray",12/07/2025
744,Zed,Sleaford,zsleafordkn@nymag.com,Agender,1999,Mercedes-Benz,M-Class,Des Moines,Iowa,50335,US,41.6727,-93.5722,53927,Herman-Abshire,02/27/2024
745,Jacky,Dymott,jdymottko@ucla.edu,Female,2008,BMW,7 Series,Honolulu,Hawaii,96840,US,21.3068,-157.8607,84425,Mertz and Sons,09/15/2022
746,Bren,Andreone,bandreonekp@cnbc.com,Female,2001,Mercury,Mountaineer,Schenectady,New York,12325,US,42.8333,-74.058,56793,"Erdman, Koss and West",07/22/2022
747,Fayth,Josef,fjosefkq@msn.com,Female,2010,Lexus,IS F,Columbia,South Carolina,29220,US,34.006,-80.9708,61704,"Schiller, MacGyver and Gottlieb",01/21/2026
748,Clarine,Osban,cosbankr@cbslocal.com,Female,1990,Subaru,Justy,Orange,California,92867,US,33.811,-117.8493,71440,Corkery Group,04/10/2025
749,Opal,Gabbatt,ogabbattks@ask.com,Female,2002,BMW,X5,Los Angeles,California,90065,US,34.1073,-118.2266,52594,"Mitchell, Casper and Hartmann",01/08/2024
750,Hagan,Barthelme,hbarthelmekt@wikispaces.com,Male,2005,Suzuki,Aerio,Meridian,Mississippi,39305,US,32.4401,-88.6783,42490,Mosciski-Mills,09/09/2025
751,Michaela,Vaggs,mvaggsku@goo.gl,Female,2012,Ford,Expedition EL,New Haven,Connecticut,06520,US,41.3657,-72.9275,76378,Reilly LLC,12/21/2025
752,Diandra,Elcome,delcomekv@biglobe.ne.jp,Female,2005,Toyota,Sequoia,Daytona Beach,Florida,32118,US,29.2219,-81.0095,66435,"Kessler, Pfeffer and Pfannerstill",04/13/2024
753,Griswold,Flaonier,gflaonierkw@wunderground.com,Male,2006,Honda,S2000,Kansas City,Missouri,64193,US,39.035,-94.3567,59346,White Inc,07/31/2022
754,Horst,Bickley,hbickleykx@ycombinator.com,Male,2003,Volvo,S40,Memphis,Tennessee,38188,US,35.2017,-89.9715,37448,Gutmann-Pfeffer,03/03/2023
755,Floris,Nance,fnanceky@epa.gov,Female,2002,Lincoln,Blackwood,Pomona,California,91797,US,33.7866,-118.2987,65867,Romaguera Inc,04/11/2024
756,Ally,Screwton,ascrewtonkz@pbs.org,Female,1983,Pontiac,Sunbird,Los Angeles,California,90030,US,33.7866,-118.2987,49717,"Bahringer, Marquardt and Denesik",11/29/2023
757,Woody,Hellings,whellingsl0@arstechnica.com,Male,1996,Mercury,Grand Marquis,Philadelphia,Pennsylvania,19184,US,40.0018,-75.1179,68367,O'Conner Group,03/18/2023
758,Cornelia,Schlagtmans,cschlagtmansl1@smugmug.com,Female,2001,Chevrolet,Express 2500,Salt Lake City,Utah,84115,US,40.7145,-111.8931,32550,Nikolaus-McDermott,06/13/2022
759,Trevar,Braghini,tbraghinil2@bbc.co.uk,Male,2005,Honda,Element,Nashville,Tennessee,37235,US,36.1866,-86.7852,54915,Dare-Wuckert,07/21/2023
760,Torrance,Allder,tallderl3@usgs.gov,Male,2011,Mercedes-Benz,M-Class,Bakersfield,California,93386,US,35.2944,-118.9052,48506,"Pollich, Herzog and Feil",03/24/2025
761,Kristin,Dalyell,kdalyelll4@bloglovin.com,Female,2001,Ford,Th!nk,Monticello,Minnesota,55565,US,45.2009,-93.8881,35130,Miller-Kunze,08/31/2025
762,Talbot,Bowgen,tbowgenl5@angelfire.com,Male,1995,Ford,F150,Saint Louis,Missouri,63131,US,38.6171,-90.4504,70249,Kessler-Reilly,05/09/2022
763,Alanna,Bagg,abaggl6@cnbc.com,Genderqueer,2002,Toyota,MR2,Fullerton,California,92640,US,33.7862,-117.9309,98318,Ondricka-Larson,09/11/2022
764,Franny,Amori,famoril7@chron.com,Female,2005,Suzuki,Swift,Boulder,Colorado,80310,US,40.0878,-105.3735,70706,"Armstrong, Weimann and Barton",06/28/2025
765,Hilton,Berr,hberrl8@addthis.com,Male,1998,Mitsubishi,GTO,Erie,Pennsylvania,16565,US,42.1827,-80.0649,68574,Wiza-Hills,09/07/2023
766,Jacques,Lidgerton,jlidgertonl9@github.io,Male,2009,BMW,1 Series,Baton Rouge,Louisiana,70805,US,30.486,-91.1481,77758,Padberg Inc,04/26/2022
767,Kahlil,Sarton,ksartonla@usgs.gov,Male,2010,Pontiac,Vibe,Santa Fe,New Mexico,87505,US,35.6219,-105.8688,92556,Huels Inc,04/18/2024
768,Fey,Postin,fpostinlb@cisco.com,Female,2010,Lincoln,MKS,San Antonio,Texas,78296,US,29.4375,-98.4616,91555,"Leannon, Huels and Konopelski",02/27/2023
769,Huntley,Llewelyn,hllewelynlc@over-blog.com,Male,1992,Dodge,Ram Van B150,Des Moines,Iowa,50347,US,41.6727,-93.5722,62816,Ullrich-Anderson,02/03/2025
770,Kass,Barthel,kbarthelld@smh.com.au,Female,2002,Chevrolet,Impala,New Orleans,Louisiana,70165,US,30.033,-89.8826,96030,Ward Inc,03/15/2025
771,Edmon,Goundry,egoundryle@statcounter.com,Male,2009,BMW,M5,Santa Rosa,California,95405,US,38.4386,-122.6727,80030,Mohr and Sons,11/09/2022
772,Nada,Tulleth,ntullethlf@tuttocitta.it,Female,1997,Geo,Tracker,Whittier,California,90605,US,33.9413,-118.0356,73413,Bayer Group,02/28/2025
773,Christoffer,Kembrey,ckembreylg@opera.com,Male,1989,Chevrolet,Corvette,Des Moines,Iowa,50393,US,41.6727,-93.5722,45582,"Daugherty, Hirthe and Kihn",08/26/2024
774,Linnell,Orbon,lorbonlh@discovery.com,Female,1997,Porsche,911,Lakeland,Florida,33805,US,28.072,-81.9609,68653,"Kuhlman, Frami and Hickle",03/25/2024
775,Goldarina,Eckels,geckelsli@cbslocal.com,Female,2008,Acura,TL,Orlando,Florida,32859,US,28.4429,-81.4026,65560,Stark Inc,09/13/2022
776,Kip,Bailey,kbaileylj@digg.com,Bigender,2000,Ford,Expedition,Lincoln,Nebraska,68510,US,40.8063,-96.6545,51986,"Stanton, Bogan and Beatty",04/08/2025
777,Abagail,Laurentino,alaurentinolk@dmoz.org,Female,2004,Hummer,H2,Houston,Texas,77293,US,29.834,-95.4342,31073,Champlin-Schaefer,07/02/2025
778,Lou,Ingerith,lingerithll@posterous.com,Female,2002,Dodge,Ram 1500,Washington,District of Columbia,20546,US,38.891,-77.0211,52623,"Wilderman, Ledner and Haley",08/05/2024
779,Evie,Drohane,edrohanelm@mapquest.com,Female,2010,Chevrolet,Malibu,Lubbock,Texas,79405,US,33.571,-101.8507,73655,"Leuschke, Schinner and Luettgen",04/11/2022
780,Pietro,Burgoine,pburgoineln@sciencedaily.com,Male,1993,Audi,90,Dayton,Ohio,45454,US,39.7505,-84.2686,62579,Emard-Nienow,08/01/2023
781,Reinhold,Symson,rsymsonlo@ibm.com,Male,2010,Lexus,LX,Philadelphia,Pennsylvania,19115,US,40.0903,-75.041,49972,Labadie-Hagenes,11/28/2024
782,Marie,Anselmi,manselmilp@geocities.com,Female,2011,Chevrolet,Express 3500,Peoria,Illinois,61656,US,40.7442,-89.7184,39681,Lubowitz LLC,11/28/2024
783,Jelene,Knapper,jknapperlq@squarespace.com,Female,2003,Chevrolet,Express 3500,Portland,Oregon,97206,US,45.484,-122.5973,38564,Pouros and Sons,10/21/2025
784,Electra,Dalgliesh,edalglieshlr@4shared.com,Female,1999,Chevrolet,Silverado,Fort Worth,Texas,76110,US,32.7065,-97.3375,67772,"Jakubowski, Witting and Huels",06/19/2025
785,Aurie,Stiger,astigerls@godaddy.com,Female,1994,Dodge,Caravan,Palm Bay,Florida,32909,US,27.9694,-80.6473,89942,Bailey-Nikolaus,02/22/2024
786,Deidre,Thurlbourne,dthurlbournelt@nydailynews.com,Female,2012,Nissan,GT-R,Boca Raton,Florida,33487,US,26.4116,-80.0928,70360,Abbott-Ledner,07/11/2022
787,Hank,O'Garmen,hogarmenlu@slideshare.net,Male,1988,Subaru,Justy,Fort Worth,Texas,76121,US,32.7714,-97.2915,34570,Hermann Group,12/16/2025
788,Sinclare,Oliphand,soliphandlv@booking.com,Male,2000,Toyota,Avalon,Tucson,Arizona,85705,US,32.2691,-110.9845,56569,Lubowitz Inc,08/05/2024
789,Sisile,MacGinney,smacginneylw@europa.eu,Female,2013,Porsche,Cayenne,Cedar Rapids,Iowa,52405,US,41.9804,-91.7098,81710,Lubowitz-Welch,10/06/2023
790,Porter,Devey,pdeveylx@barnesandnoble.com,Male,2004,Saab,9-3,Worcester,Massachusetts,01610,US,42.2492,-71.8108,67030,Collins and Sons,07/26/2024
791,Stefania,MacLice,smaclicely@abc.net.au,Female,1978,Chevrolet,Camaro,Greensboro,North Carolina,27455,US,36.1824,-79.806,99264,Jakubowski LLC,10/31/2023
792,Deck,Shieldon,dshieldonlz@smh.com.au,Male,1995,GMC,Sonoma,Jacksonville,Florida,32209,US,30.3584,-81.692,37437,Rosenbaum-Smitham,06/16/2025
793,Dierdre,Balk,dbalkm0@freewebs.com,Genderqueer,1998,Suzuki,X-90,Atlanta,Georgia,30301,US,33.8444,-84.474,70025,Grant and Sons,08/27/2024
794,Pet,Kitcat,pkitcatm1@sina.com.cn,Female,2012,Aston Martin,DB9,Dallas,Texas,75323,US,32.7673,-96.7776,79772,Larkin-Labadie,03/12/2022
795,Brocky,McGloin,bmcgloinm2@meetup.com,Genderqueer,1998,Chrysler,Concorde,Saint Louis,Missouri,63116,US,38.5814,-90.2625,69783,Marquardt Inc,10/09/2022
796,Vina,Tuppeny,vtuppenym3@wiley.com,Non-binary,2000,Chevrolet,Express 3500,Birmingham,Alabama,35236,US,33.5446,-86.9292,98725,Okuneva and Sons,05/24/2025
797,Buddy,Diable,bdiablem4@netvibes.com,Male,2009,Mercury,Sable,Detroit,Michigan,48232,US,42.2399,-83.1508,40488,"Klocko, Walter and Toy",11/30/2022
798,Myriam,Redgate,mredgatem5@dailymotion.com,Female,2011,Toyota,Yaris,Tampa,Florida,33694,US,27.872,-82.4388,83768,Parker-Schmitt,09/28/2025
799,Carly,Fanshaw,cfanshawm6@slashdot.org,Female,2008,Hyundai,Veracruz,Bozeman,Montana,59771,US,45.7246,-111.1238,56253,"Paucek, Gutkowski and Hilpert",03/10/2022
800,Bonnibelle,Netherclift,bnethercliftm7@google.pl,Female,2012,Bentley,Continental GT,Stockton,California,95210,US,38.025,-121.2972,82876,Spinka and Sons,12/20/2025
801,Garry,Murphy,gmurphym8@sourceforge.net,Male,1985,Ford,E-Series,Sacramento,California,95833,US,38.6157,-121.5053,60102,"Aufderhar, Johnston and Daniel",07/21/2024
802,Angelico,Novacek,anovacekm9@ted.com,Male,2008,Maserati,GranTurismo,Houston,Texas,77206,US,29.834,-95.4342,45258,Breitenberg Inc,08/13/2024
803,Carmella,Chatenet,cchatenetma@irs.gov,Female,2009,Saturn,Outlook,Charlotte,North Carolina,28235,US,35.26,-80.8042,76861,Jaskolski Inc,11/25/2023
804,Woodman,Herche,wherchemb@uiuc.edu,Genderqueer,2006,Ford,Focus,Washington,District of Columbia,20016,US,38.9381,-77.086,37489,Carroll-Marks,02/16/2023
805,Jehu,Bilbery,jbilberymc@bbc.co.uk,Male,2006,Chevrolet,Silverado 1500,Dallas,Texas,75210,US,32.7699,-96.743,66125,Johnston Inc,02/29/2024
806,Joya,Bourdon,jbourdonmd@posterous.com,Female,2002,Mercedes-Benz,S-Class,Farmington,Michigan,48335,US,42.4617,-83.4053,96398,Boyer Inc,01/23/2026
807,Corabella,MacGeaney,cmacgeaneyme@unesco.org,Female,2009,Volkswagen,Touareg,Honolulu,Hawaii,96820,US,21.351,-157.8795,48423,Batz LLC,09/28/2025
808,Margot,Wink,mwinkmf@ovh.net,Female,2000,Hyundai,Elantra,New York City,New York,10160,US,40.7808,-73.9772,57740,Runte Inc,11/27/2024
809,Nola,Banasiak,nbanasiakmg@e-recht24.de,Agender,2011,Dodge,Caravan,Arlington,Texas,76016,US,32.6889,-97.1905,49820,"Labadie, Kautzer and Roberts",12/24/2022
810,Violante,Issac,vissacmh@cdc.gov,Female,2006,Subaru,Legacy,Harrisburg,Pennsylvania,17121,US,40.2944,-76.8938,85622,"Okuneva, Nader and Rath",04/11/2022
811,Robena,Gallimore,rgallimoremi@shop-pro.jp,Female,1999,Dodge,Durango,Chattanooga,Tennessee,37450,US,35.2211,-85.2091,49786,Baumbach Inc,10/14/2024
812,Frasco,Kilpatrick,fkilpatrickmj@washington.edu,Male,2002,BMW,Z3,Denver,Colorado,80217,US,39.7388,-104.4083,40432,"Hickle, Kertzmann and Huels",09/24/2025
813,Mervin,Glanert,mglanertmk@so-net.ne.jp,Male,2010,Saab,9-3,Amarillo,Texas,79171,US,35.4015,-101.8951,80142,Keebler-Satterfield,09/13/2023
814,Rosalia,Darrigrand,rdarrigrandml@hc360.com,Non-binary,2000,Chevrolet,Tahoe,Los Angeles,California,90065,US,34.1073,-118.2266,37275,McKenzie Group,04/10/2024
815,Jakie,Roderighi,jroderighimm@apache.org,Male,1994,Hyundai,Sonata,Roanoke,Virginia,24029,US,37.2742,-79.9579,46569,Parker-Hills,09/29/2023
816,Tris,Threader,tthreadermn@sphinn.com,Male,2002,Mercedes-Benz,C-Class,Louisville,Kentucky,40293,US,38.189,-85.6768,51158,Langworth Group,06/05/2022
817,Gerrie,Realff,grealffmo@uiuc.edu,Female,2012,Fiat,500,Madison,Wisconsin,53726,US,43.0696,-89.4239,91013,Schulist-Murray,02/04/2023
818,Xymenes,Oakton,xoaktonmp@free.fr,Male,1994,Ford,F150,Washington,District of Columbia,20397,US,38.9164,-76.9948,34947,"Weimann, Goldner and Weissnat",09/07/2023
819,Pasquale,Gilleson,pgillesonmq@shareasale.com,Male,2006,Mercedes-Benz,M-Class,Rochester,New York,14639,US,43.286,-77.6843,99552,"Mante, Russel and Mills",08/20/2025
820,Joelynn,MacIver,jmacivermr@cloudflare.com,Female,1996,Nissan,Pathfinder,Evansville,Indiana,47732,US,37.9971,-87.575,49484,"Windler, Ruecker and Corkery",12/13/2022
821,Dal,Eshmade,deshmadems@privacy.gov.au,Male,1994,GMC,Vandura 3500,Glendale,Arizona,85305,US,33.5291,-112.2482,94295,Schulist-Kuhlman,07/04/2024
822,Rudolph,Kaemena,rkaemenamt@washington.edu,Male,1995,Toyota,Tercel,Stockton,California,95205,US,37.9625,-121.2624,53397,Schroeder-Williamson,01/14/2025
823,Renelle,Feld,rfeldmu@w3.org,Female,1991,Audi,80,Albany,New York,12242,US,42.6149,-73.9708,64635,"Terry, Beer and Swift",07/09/2023
824,Christoforo,Gegg,cgeggmv@mtv.com,Male,2004,GMC,Sierra 2500,Charlotte,North Carolina,28220,US,35.26,-80.8042,56285,Gleichner-Mohr,02/10/2024
825,Even,Jillett,ejillettmw@feedburner.com,Male,2003,Toyota,Avalon,Norfolk,Virginia,23509,US,36.8787,-76.2604,81180,Batz Group,11/18/2022
826,Huey,Muslim,hmuslimmx@businessinsider.com,Male,1988,Lincoln,Town Car,Springfield,Missouri,65898,US,37.1803,-93.2951,91375,"Kozey, Senger and Hilll",08/19/2025
827,Peggi,Fannon,pfannonmy@si.edu,Female,2006,Honda,Ridgeline,Louisville,Kentucky,40266,US,38.189,-85.6768,35965,Renner and Sons,01/06/2026
828,Noell,Pedler,npedlermz@people.com.cn,Female,2002,Daewoo,Leganza,San Francisco,California,94159,US,37.7848,-122.7278,57711,Hettinger Group,12/03/2025
829,Jeri,Binnes,jbinnesn0@freewebs.com,Female,2010,Chevrolet,Cobalt,Pasadena,California,91109,US,33.7866,-118.2987,32741,Funk LLC,12/20/2023
830,Nicole,Chesterfield,nchesterfieldn1@free.fr,Female,2002,Chevrolet,Silverado,Champaign,Illinois,61825,US,40.1399,-88.1961,92690,Kirlin Group,01/23/2024
831,Gonzales,Assaf,gassafn2@oakley.com,Male,1997,Kia,Sephia,New Orleans,Louisiana,70142,US,30.033,-89.8826,59207,Grimes Inc,01/10/2023
832,Merilee,Ogilvy,mogilvyn3@zimbio.com,Female,2000,Land Rover,Range Rover,Palmdale,California,93591,US,34.6019,-117.8123,37150,"Bashirian, Windler and Effertz",11/09/2025
833,Imojean,Blankhorn,iblankhornn4@yahoo.com,Female,1999,Volkswagen,rio,Denver,Colorado,80299,US,39.7388,-104.4083,57816,"Lueilwitz, Dooley and Heathcote",05/28/2024
834,Marietta,Bootherstone,mbootherstonen5@ft.com,Female,2003,Dodge,Ram 2500,Washington,District of Columbia,20508,US,38.8933,-77.0146,69802,"Erdman, Fay and Fritsch",06/01/2022
835,Arlee,Friedlos,afriedlosn6@unicef.org,Female,1999,Dodge,Ram Van 2500,Topeka,Kansas,66606,US,39.0583,-95.7095,62495,Mills-Price,10/05/2023
836,Lianna,Philipsen,lphilipsenn7@pcworld.com,Female,2008,Mazda,CX-7,San Jose,California,95118,US,37.2568,-121.8896,46474,Tromp Group,06/25/2023
837,Valle,Peter,vpetern8@nationalgeographic.com,Male,2000,Land Rover,Range Rover,Macon,Georgia,31210,US,32.8926,-83.7455,74984,Corkery-Hirthe,12/20/2023
838,Ulrika,Quipp,uquippn9@wiley.com,Female,2002,Pontiac,Firebird,Topeka,Kansas,66629,US,39.0429,-95.7697,79214,"Blick, Reichel and Abernathy",09/18/2024
839,Harley,Sinden,hsindenna@digg.com,Male,2011,Toyota,Tacoma,Pittsburgh,Pennsylvania,15286,US,40.4344,-80.0248,32371,"Koch, Kertzmann and Leannon",03/17/2023
840,Barclay,Dayley,bdayleynb@globo.com,Male,2003,Dodge,Ram Van 3500,Amarillo,Texas,79118,US,35.0763,-101.8349,82463,"Heathcote, West and Schimmel",03/13/2025
841,Clarisse,Karim,ckarimnc@usda.gov,Female,2000,GMC,Savana 2500,Topeka,Kansas,66617,US,39.1271,-95.6384,47410,Franecki-Maggio,10/28/2022
842,Dorie,Dignum,ddignumnd@reuters.com,Female,2001,Dodge,Ram 1500 Club,Orlando,Florida,32808,US,28.5803,-81.4396,62218,"Green, Zemlak and Howe",06/18/2025
843,Malia,Spincks,mspincksne@wix.com,Female,2000,BMW,M,Spring Hill,Florida,34611,US,28.5642,-82.4165,64060,Nikolaus Group,12/29/2023
844,Joya,Ansteys,jansteysnf@netlog.com,Polygender,2012,Kia,Sportage,Salt Lake City,Utah,84120,US,40.695,-112.0001,59292,"Homenick, Cruickshank and Rice",02/12/2022
845,Axel,Banke,abankeng@issuu.com,Male,2001,Land Rover,Freelander,Pittsburgh,Pennsylvania,15261,US,40.4344,-80.0248,83963,Hand-Padberg,08/25/2024
846,Jerald,D'Oyly,jdoylynh@dailymail.co.uk,Male,1989,Audi,100,Tampa,Florida,33661,US,27.872,-82.4388,73367,"Hintz, Larson and Rolfson",03/25/2025
847,Hansiain,Farnish,hfarnishni@oaic.gov.au,Male,2003,BMW,7 Series,Raleigh,North Carolina,27626,US,35.7977,-78.6253,79940,Herman and Sons,06/18/2023
848,Aleece,Mounfield,amounfieldnj@yellowpages.com,Female,2007,Mitsubishi,Outlander,Charleston,West Virginia,25336,US,38.2968,-81.5547,33095,Zemlak-Hoeger,05/04/2022
849,Allis,Gornal,agornalnk@mozilla.com,Female,1996,Suzuki,Swift,Edmond,Oklahoma,73034,US,35.6665,-97.4798,34533,Willms-Aufderhar,09/05/2024
850,Ange,Cooke,acookenl@barnesandnoble.com,Male,1990,Lamborghini,Diablo,Norfolk,Virginia,23514,US,36.9312,-76.2397,79426,"Crooks, Braun and Berge",10/02/2023
851,Chiarra,Perazzo,cperazzonm@posterous.com,Non-binary,1997,Chevrolet,G-Series 1500,Bradenton,Florida,34205,US,27.4841,-82.5834,31721,Schuster-Hoeger,06/05/2022
852,Marget,Kuller,mkullernn@shareasale.com,Female,2005,Lexus,ES,Racine,Wisconsin,53405,US,42.7161,-87.8233,79585,Reilly-Gulgowski,08/06/2023
853,Annadiane,Pottinger,apottingerno@europa.eu,Female,2005,Audi,Allroad,Stockton,California,95298,US,37.9577,-121.2897,79510,Klein-Harvey,04/21/2024
854,Abe,Hartles,ahartlesnp@marriott.com,Agender,1999,Plymouth,Grand Voyager,Gaithersburg,Maryland,20883,US,39.0883,-77.1568,68254,Sauer-Stanton,11/10/2023
855,Aaren,Thorold,athoroldnq@hp.com,Female,1960,Fillmore,Fillmore,Denver,Colorado,80279,US,39.7388,-104.4083,36426,"Marquardt, Jaskolski and Mayert",09/23/2023
856,Caryl,Rentcome,crentcomenr@shutterfly.com,Female,2000,Mitsubishi,Challenger,Tulsa,Oklahoma,74193,US,36.1398,-96.0297,33288,Crooks Inc,01/15/2025
857,Glori,Bywater,gbywaterns@google.it,Female,1972,Ford,Thunderbird,Houston,Texas,77050,US,29.9015,-95.2848,48780,Hartmann Inc,06/09/2023
858,Yance,Fierman,yfiermannt@fema.gov,Male,1994,Mercedes-Benz,C-Class,Saint Petersburg,Florida,33710,US,27.7898,-82.7243,94396,"Hand, Koch and Bartoletti",05/30/2025
859,Ingaberg,Parminter,iparminternu@simplemachines.org,Female,1987,Ford,Tempo,Sacramento,California,95894,US,38.5816,-121.4933,74229,Bins-Kuphal,09/06/2022
860,Ariel,McAmish,amcamishnv@timesonline.co.uk,Male,2009,Jeep,Commander,Northridge,California,91328,US,33.7866,-118.2987,49219,Daugherty-Quigley,09/21/2023
861,Myra,Croster,mcrosternw@illinois.edu,Female,1993,Subaru,Impreza,Houston,Texas,77030,US,29.7041,-95.401,44156,"Daniel, DuBuque and Becker",06/26/2022
862,Berti,Savell,bsavellnx@buzzfeed.com,Male,2011,MINI,Countryman,Buffalo,New York,14276,US,42.7684,-78.8871,42243,Jakubowski LLC,10/13/2024
863,Anna,Spanton,aspantonny@fotki.com,Female,1984,Ford,EXP,Des Moines,Iowa,50320,US,41.5487,-93.5827,72301,Becker LLC,09/11/2025
864,Arvie,Wedderburn,awedderburnnz@virginia.edu,Male,2003,Nissan,Xterra,Dayton,Ohio,45419,US,39.7155,-84.1637,46522,O'Connell Inc,08/25/2022
865,Jermayne,Georgeon,jgeorgeono0@abc.net.au,Genderqueer,2012,Ram,2500,San Diego,California,92176,US,33.0169,-116.846,66812,"Kuphal, Mills and Koss",03/05/2022
866,Abe,Sawday,asawdayo1@is.gd,Male,2000,Subaru,Outback,Saint Petersburg,Florida,33715,US,27.6705,-82.7119,35318,"Ferry, Balistreri and Hand",12/12/2025
867,Del,Ballentime,dballentimeo2@marketwatch.com,Male,1996,Volkswagen,Golf,South Bend,Indiana,46699,US,41.5968,-86.293,98277,Russel and Sons,07/05/2025
868,Bryana,Bleeze,bbleezeo3@google.ru,Female,2008,Jaguar,X-Type,College Station,Texas,77844,US,30.6521,-96.341,78148,Bednar LLC,10/28/2022
869,Hastings,Holdall,hholdallo4@t-online.de,Male,2001,Chrysler,Concorde,Fort Lauderdale,Florida,33320,US,26.1625,-80.2582,69224,"Kiehn, Lueilwitz and Jacobi",09/02/2025
870,Lilyan,Somerled,lsomerledo5@facebook.com,Genderqueer,1986,Ford,Tempo,Charleston,West Virginia,25362,US,38.2968,-81.5547,67732,Klocko LLC,10/08/2025
871,Jobyna,Brogini,jbroginio6@examiner.com,Female,2006,Toyota,Camry Solara,Sioux Falls,South Dakota,57188,US,43.6746,-96.7913,56017,Kihn-Kris,05/11/2025
872,Monica,Glading,mgladingo7@phoca.cz,Non-binary,1998,Mazda,Protege,Spokane,Washington,99260,US,47.6536,-117.4317,32241,Schneider and Sons,08/17/2023
873,Mateo,Matusov,mmatusovo8@example.com,Male,2001,Lexus,LX,New York City,New York,10019,US,40.7651,-73.9858,63175,Tromp-Metz,04/05/2022
874,Moyna,Cockayne,mcockayneo9@trellian.com,Female,1994,Chevrolet,Blazer,Richmond,Virginia,23225,US,37.5158,-77.5047,34739,"Altenwerth, Crist and O'Keefe",01/18/2025
875,Elvis,Panter,epanteroa@goo.gl,Male,1989,Maserati,Spyder,Albany,New York,12210,US,42.6568,-73.7605,61418,Kuhlman-Block,06/12/2025
876,Matthaeus,Gouch,mgouchob@fda.gov,Male,1987,Ford,Laser,Minneapolis,Minnesota,55441,US,45.0058,-93.4193,87817,Smith Inc,03/22/2024
877,Jany,Cleverly,jcleverlyoc@google.pl,Female,2005,Suzuki,Grand Vitara,Cincinnati,Ohio,45203,US,39.1075,-84.5257,92552,O'Connell and Sons,08/14/2024
878,Mendy,Lofty,mloftyod@360.cn,Male,2006,Cadillac,STS,Tallahassee,Florida,32309,US,30.5422,-84.1413,98576,Hane-Bosco,01/19/2023
879,Catharina,Ruddle,cruddleoe@chron.com,Female,2012,Lexus,IS,Colorado Springs,Colorado,80940,US,38.8247,-104.562,60141,Pouros Group,08/15/2022
880,Sully,Ridolfi,sridolfiof@cargocollective.com,Male,1974,Ford,Mustang,Pomona,California,91797,US,33.7866,-118.2987,81031,"Herman, Gerhold and Quitzon",06/21/2022
881,Brennen,Lawranson,blawransonog@comcast.net,Male,1996,Chrysler,Cirrus,Montgomery,Alabama,36104,US,32.373,-86.3081,42045,Bailey and Sons,11/12/2023
882,Rochelle,Dalliwater,rdalliwateroh@businessweek.com,Female,1996,Plymouth,Grand Voyager,Valdosta,Georgia,31605,US,30.946,-83.2474,45180,Hamill Inc,05/27/2023
883,Damaris,Pyser,dpyseroi@yellowbook.com,Female,1995,Ford,F150,Miami,Florida,33147,US,25.8507,-80.2366,68497,Cummerata Group,09/13/2023
884,Constantin,Gotch,cgotchoj@typepad.com,Male,1992,Nissan,Pathfinder,Jackson,Mississippi,39216,US,32.3386,-90.1708,97561,Auer and Sons,03/02/2022
885,Deonne,Sokill,dsokillok@shareasale.com,Female,1998,Volkswagen,New Beetle,San Francisco,California,94105,US,37.7864,-122.3892,51564,Wilderman Group,11/27/2024
886,Rickie,McKune,rmckuneol@amazon.de,Male,1995,Mazda,626,Miami,Florida,33175,US,25.7341,-80.4068,70487,McGlynn-Ratke,11/04/2024
887,Vergil,Galley,vgalleyom@vimeo.com,Male,1992,Ford,F-Series,Washington,District of Columbia,20380,US,38.8933,-77.0146,88060,Huels and Sons,01/04/2024
888,Allayne,Cadreman,acadremanon@skype.com,Male,2002,Buick,Park Avenue,Pueblo,Colorado,81010,US,38.1286,-104.5523,69261,Conroy-Kirlin,04/13/2022
889,Hussein,Assandri,hassandrioo@timesonline.co.uk,Male,1988,Ford,Laser,Baton Rouge,Louisiana,70820,US,30.3795,-91.1671,94955,Nicolas-Bednar,08/09/2023
890,Gael,Arnal,garnalop@discovery.com,Male,2011,Mazda,Mazdaspeed 3,Bakersfield,California,93305,US,35.3855,-118.986,60940,Steuber LLC,02/06/2022
891,Mace,Broxup,mbroxupoq@theguardian.com,Non-binary,2012,GMC,Yukon,Trenton,New Jersey,08638,US,40.251,-74.7627,75634,Upton-Rogahn,06/17/2024
892,Chandler,Volks,cvolksor@ovh.net,Male,1997,Volvo,V90,Henderson,Nevada,89012,US,36.0119,-115.0433,45259,"Kuhn, Collier and Gottlieb",08/31/2023
893,Nichole,Coils,ncoilsos@upenn.edu,Male,2006,Mazda,Mazda6 Sport,Portsmouth,Virginia,23705,US,36.8686,-76.3552,93431,Pfannerstill-Hudson,02/04/2022
894,Bartholomeo,Christophers,bchristophersot@exblog.jp,Male,1995,Buick,LeSabre,Springfield,Massachusetts,01129,US,42.1223,-72.4876,39171,Hansen-Walsh,04/21/2025
895,Rhodie,Adacot,radacotou@behance.net,Female,2013,Ford,Explorer,Lincoln,Nebraska,68517,US,40.9317,-96.6045,95898,Blanda-Baumbach,02/12/2024
896,Ambros,Spikings,aspikingsov@gov.uk,Male,2009,Ferrari,430 Scuderia,San Jose,California,95113,US,37.3329,-121.8916,97433,Blanda Group,02/19/2022
897,Nert,Farries,nfarriesow@w3.org,Female,1997,Mazda,Miata MX-5,Las Vegas,Nevada,89155,US,35.9279,-114.9721,96692,O'Keefe and Sons,09/12/2023
898,Crista,Brazer,cbrazerox@over-blog.com,Female,2001,Mazda,MX-5,Austin,Texas,78737,US,30.2107,-97.9427,84306,"Hilll, Hoeger and Tillman",11/21/2022
899,Wilmette,Ryder,wryderoy@alibaba.com,Female,1989,Ford,Escort,Jackson,Mississippi,39236,US,32.3113,-90.3972,31230,"Nicolas, Senger and Goodwin",06/25/2022
900,Nonnah,Cootes,ncootesoz@nature.com,Female,2006,Mercury,Mountaineer,Arlington,Texas,76096,US,32.7714,-97.2915,77016,"Grady, Russel and Murphy",08/15/2022
901,Horton,Maron,hmaronp0@soundcloud.com,Male,2004,Jaguar,XJ Series,Oxnard,California,93034,US,34.0324,-119.1343,98703,"Stamm, McLaughlin and Vandervort",09/15/2025
902,Anne-corinne,Basillon,abasillonp1@privacy.gov.au,Female,2011,Nissan,Cube,Pocatello,Idaho,83206,US,42.6395,-112.3138,80157,Torphy Group,04/01/2022
903,Laird,Menear,lmenearp2@issuu.com,Male,1993,Toyota,Paseo,Daytona Beach,Florida,32118,US,29.2219,-81.0095,48661,Glover-Roberts,03/02/2024
904,Alisander,Yarnall,ayarnallp3@sina.com.cn,Non-binary,1995,Chrysler,Cirrus,Austin,Texas,78726,US,30.43,-97.8326,71328,"Kihn, Hickle and Orn",09/30/2025
905,Alison,McEniry,amceniryp4@hubpages.com,Female,2013,BMW,X6,El Paso,Texas,88579,US,31.6948,-106.3,67354,Hintz-Denesik,04/23/2022
906,Valentino,Fairley,vfairleyp5@si.edu,Male,1993,Chevrolet,Corvette,Midland,Michigan,48670,US,43.6375,-84.2568,71717,"Hyatt, Lang and Willms",08/29/2023
907,Janene,Filisov,jfilisovp6@ca.gov,Female,1999,Chevrolet,Tahoe,Fresno,California,93773,US,36.7464,-119.6397,62507,Spencer and Sons,07/15/2022
908,Trudey,Beagrie,tbeagriep7@123-reg.co.uk,Female,2005,Mercedes-Benz,SLR McLaren,Houston,Texas,77250,US,29.7629,-95.3629,62229,"Murazik, McKenzie and Balistreri",11/28/2022
909,Fraser,Garrod,fgarrodp8@scientificamerican.com,Male,1995,Isuzu,Trooper,Houston,Texas,77281,US,29.834,-95.4342,91199,Bauch-Leuschke,05/10/2022
910,Stanislaus,Klempke,sklempkep9@meetup.com,Male,1985,Subaru,XT,Atlanta,Georgia,31190,US,33.7629,-84.4226,40841,"Lehner, Auer and Bergstrom",02/24/2022
911,Audre,Dampney,adampneypa@livejournal.com,Female,2004,Infiniti,M,New York City,New York,10120,US,40.7506,-73.9894,99178,Kassulke-Reichert,11/19/2022
912,Stafford,Blint,sblintpb@de.vu,Male,2006,Suzuki,Reno,Huntington Beach,California,92648,US,33.6773,-118.0051,80311,"Stiedemann, Cassin and Abbott",12/10/2025
913,Ann-marie,Persich,apersichpc@rediff.com,Polygender,2003,Lexus,LS,Maple Plain,Minnesota,55579,US,45.0159,-93.4719,49887,Glover Inc,03/09/2025
914,Garrick,McCreath,gmccreathpd@lulu.com,Male,1993,Mercedes-Benz,E-Class,Houston,Texas,77035,US,29.6518,-95.4854,41148,Marks-Cruickshank,08/22/2022
915,Florrie,Pawels,fpawelspe@scientificamerican.com,Female,1992,Buick,Park Avenue,Philadelphia,Pennsylvania,19109,US,39.9496,-75.1637,72865,Wilkinson-Raynor,09/20/2023
916,Natalina,Bottleson,nbottlesonpf@networkadvertising.org,Female,2011,Chevrolet,Avalanche,Fort Worth,Texas,76110,US,32.7065,-97.3375,73318,O'Connell and Sons,04/12/2023
917,Biddy,Darrel,bdarrelpg@ehow.com,Female,1994,Pontiac,Grand Prix,Peoria,Illinois,61629,US,40.692,-89.5887,60222,Wuckert Inc,01/02/2026
918,Marget,Addicott,maddicottph@toplist.cz,Female,1997,Chevrolet,Cavalier,Salt Lake City,Utah,84145,US,40.6681,-111.9083,96183,Gulgowski-Borer,09/29/2023
919,Leese,Petrelluzzi,lpetrelluzzipi@umich.edu,Agender,2012,Scion,xB,Kansas City,Missouri,64190,US,39.3432,-94.8516,83178,Bode-Sauer,11/25/2022
920,Dalis,Anderbrugge,danderbruggepj@tuttocitta.it,Male,2002,Dodge,Intrepid,Washington,District of Columbia,20430,US,38.9164,-76.9948,69307,"Stroman, Roob and Koss",04/01/2023
921,Erinna,Dicky,edickypk@vinaora.com,Female,1997,Pontiac,Firebird,Pittsburgh,Pennsylvania,15225,US,40.5051,-80.1155,49589,Hayes-Sauer,07/02/2025
922,Lexy,Loblie,llobliepl@vk.com,Genderfluid,2007,Infiniti,QX,Yonkers,New York,10705,US,40.9177,-73.895,53364,Koelpin Inc,03/10/2023
923,Trenna,Abramowsky,tabramowskypm@umich.edu,Female,1999,Volvo,S80,New York City,New York,10165,US,40.7524,-73.9791,52470,Yost Inc,08/27/2022
924,Reynolds,Corney,rcorneypn@dedecms.com,Male,1999,Chevrolet,Metro,Staten Island,New York,10305,US,40.5973,-74.0768,84739,Funk-Batz,11/24/2024
925,Emmeline,Lavies,elaviespo@dot.gov,Female,2000,Chevrolet,2500,Washington,District of Columbia,20535,US,38.8941,-77.0251,46253,Armstrong Inc,06/24/2023
926,Alfons,Walder,awalderpp@ow.ly,Male,1997,Toyota,T100,Baltimore,Maryland,21282,US,39.439,-76.5921,77481,"Smith, Erdman and Kshlerin",11/13/2024
927,Mandy,Curme,mcurmepq@github.io,Female,2002,Chevrolet,Impala,Jamaica,New York,11470,US,40.6914,-73.8061,58736,Lang-Adams,07/13/2023
928,Ulla,Stops,ustopspr@shinystat.com,Female,1998,Volkswagen,GTI,Dallas,Texas,75397,US,32.7673,-96.7776,80106,"Leannon, Paucek and Dooley",05/05/2023
929,Vincent,Packer,vpackerps@shutterfly.com,Male,2005,Audi,A8,Milwaukee,Wisconsin,53277,US,43.0389,-87.9024,97273,"Durgan, Fisher and Buckridge",05/29/2024
930,Anselm,Patten,apattenpt@amazon.co.jp,Male,2002,GMC,Sierra 3500,Saginaw,Michigan,48604,US,43.4732,-83.9514,75067,Turner and Sons,04/15/2025
931,Madelle,Aloshkin,maloshkinpu@comcast.net,Female,2009,Lexus,LX,El Paso,Texas,88535,US,31.6948,-106.3,92981,Hirthe-Abbott,10/27/2025
932,Naomi,Kennifick,nkennifickpv@about.me,Female,2001,Honda,Passport,New Orleans,Louisiana,70154,US,30.033,-89.8826,55873,Jenkins Inc,10/13/2022
933,Arluene,Luetkemeyer,aluetkemeyerpw@sbwire.com,Female,1992,Mercury,Tracer,Glendale,Arizona,85305,US,33.5291,-112.2482,69392,Medhurst LLC,06/13/2025
934,Micky,Turney,mturneypx@latimes.com,Female,2009,Ford,Explorer Sport Trac,San Francisco,California,94105,US,37.7864,-122.3892,48504,"Rosenbaum, Heller and Schaden",10/15/2023
935,Antonio,Nott,anottpy@google.ru,Male,2011,Lincoln,MKT,Des Moines,Iowa,50305,US,41.6727,-93.5722,95175,Bayer-Hansen,01/17/2024
936,Fairlie,Mew,fmewpz@who.int,Male,2001,GMC,Yukon XL 1500,Cleveland,Ohio,44130,US,41.3826,-81.7964,71567,Bernier-Lesch,02/10/2025
937,Mariska,Popescu,mpopescuq0@blinklist.com,Female,2012,BMW,X6 M,El Paso,Texas,79950,US,31.6948,-106.3,39975,Rau-Kutch,04/18/2024
938,Forster,Caff,fcaffq1@xinhuanet.com,Male,2000,Cadillac,Eldorado,Hialeah,Florida,33013,US,25.8594,-80.2725,48356,Waters-Okuneva,01/17/2023
939,Guthrey,Hamor,ghamorq2@home.pl,Male,2001,Dodge,Ram Van 2500,Sacramento,California,94280,US,38.3774,-121.4444,46843,"Thiel, Ankunding and Kling",07/04/2025
940,Devondra,Sollam,dsollamq3@lulu.com,Female,2011,Cadillac,Escalade ESV,Gainesville,Georgia,30506,US,34.3562,-83.8882,94582,Fadel-O'Hara,07/06/2023
941,Alisun,O'Garmen,aogarmenq4@ibm.com,Female,1997,Dodge,Ram Van 1500,Washington,District of Columbia,20535,US,38.8941,-77.0251,30094,Klein-Roob,07/21/2024
942,Temp,Spick,tspickq5@merriam-webster.com,Male,2000,Pontiac,Grand Prix,Chicago,Illinois,60614,US,41.9229,-87.6483,61070,McKenzie LLC,12/11/2023
943,Pietra,Greatreax,pgreatreaxq6@clickbank.net,Female,2004,Maserati,Spyder,Philadelphia,Pennsylvania,19104,US,39.9597,-75.2024,35329,Howe-Smitham,07/26/2023
944,Corissa,Ceschelli,cceschelliq7@over-blog.com,Female,1988,Honda,Accord,Pasadena,California,91103,US,34.1669,-118.1551,41198,Runte-Lockman,08/28/2023
945,Franky,Ronisch,fronischq8@salon.com,Female,1989,Lotus,Esprit,Austin,Texas,78710,US,30.352,-97.7151,59057,McLaughlin Inc,04/13/2023
946,Jamima,Fechnie,jfechnieq9@archive.org,Female,2008,BMW,Alpina B7,Phoenix,Arizona,85067,US,33.2765,-112.1872,65467,Hammes and Sons,10/17/2024
947,Grenville,Ber,gberqa@w3.org,Polygender,1996,Chevrolet,Blazer,New Orleans,Louisiana,70183,US,29.6779,-90.0901,37467,Ziemann-Watsica,02/12/2025
948,Derward,Benting,dbentingqb@sfgate.com,Male,2011,Chevrolet,Impala,Los Angeles,California,90060,US,33.7866,-118.2987,98109,Gorczany-Lebsack,07/07/2023
949,Garrik,Kornes,gkornesqc@wp.com,Male,2011,Nissan,Versa,Bridgeport,Connecticut,06606,US,41.2091,-73.2086,44577,"Mosciski, Hegmann and DuBuque",02/06/2022
950,Robin,O'Mahoney,romahoneyqd@netscape.com,Female,2002,Toyota,Tacoma Xtra,Roanoke,Virginia,24029,US,37.2742,-79.9579,40985,Kessler-Wintheiser,02/12/2023
951,Cart,Gotliffe,cgotliffeqe@newyorker.com,Non-binary,2007,Ford,Focus,Chesapeake,Virginia,23324,US,36.8056,-76.2666,72789,Kunze Group,05/11/2025
952,Borg,Clemont,bclemontqf@dagondesign.com,Male,2008,Chevrolet,Suburban,Boston,Massachusetts,02208,US,42.3389,-70.9196,53639,"Christiansen, Blanda and Hansen",06/16/2022
953,Stearn,Gallone,sgalloneqg@cnbc.com,Male,1994,Chevrolet,Corvette,Evansville,Indiana,47747,US,37.9971,-87.575,82570,Kuhic-Stracke,04/06/2024
954,Garey,Hug,ghugqh@freewebs.com,Male,2007,Toyota,Sienna,Los Angeles,California,90015,US,34.0434,-118.2716,72465,Hilpert-Marquardt,08/18/2025
955,Griselda,Simonson,gsimonsonqi@businessinsider.com,Female,2009,Aptera,2e,Columbia,South Carolina,29203,US,34.0635,-81.0265,52558,"Douglas, Schmeler and Heaney",05/09/2025
956,Roch,Manilove,rmaniloveqj@ebay.co.uk,Female,1997,Mazda,MPV,Helena,Montana,59623,US,46.5901,-112.0402,45858,Herman-Ratke,12/21/2024
957,Zedekiah,Potier,zpotierqk@sbwire.com,Male,2004,Suzuki,Daewoo Lacetti,Kansas City,Missouri,64142,US,39.035,-94.3567,86960,Bins-Greenholt,03/20/2024
958,Minnie,Raisbeck,mraisbeckql@walmart.com,Female,2008,Chevrolet,Cobalt SS,Garden Grove,California,92844,US,33.7661,-117.9738,30114,Wiegand Inc,12/16/2023
959,Gwynne,Heggman,gheggmanqm@digg.com,Female,2012,Tesla,Model S,Pittsburgh,Pennsylvania,15220,US,40.4181,-80.0526,91780,Raynor and Sons,08/22/2023
960,Cacilia,Ungerer,cungererqn@printfriendly.com,Female,1996,Dodge,Grand Caravan,Tucson,Arizona,85754,US,31.9701,-111.8907,43686,Beier-Hane,03/24/2023
961,Elaine,Rawcliff,erawcliffqo@edublogs.org,Female,1998,Plymouth,Breeze,Washington,District of Columbia,20062,US,38.9,-77.0369,77543,"Crist, Denesik and Kub",01/30/2022
962,Junie,Matthewman,jmatthewmanqp@google.fr,Bigender,2008,Jaguar,XK,San Antonio,Texas,78278,US,29.4375,-98.4616,58617,Harber-Gutmann,10/15/2022
963,Vernor,Metschke,vmetschkeqq@clickbank.net,Male,1996,Toyota,Camry,Des Moines,Iowa,50369,US,41.6727,-93.5722,99338,Gerlach-MacGyver,11/13/2025
964,Dniren,Parton,dpartonqr@disqus.com,Female,1988,Mazda,Familia,Saint Louis,Missouri,63131,US,38.6171,-90.4504,92627,Daugherty and Sons,01/19/2024
965,Jenny,Goracci,jgoracciqs@nifty.com,Female,2003,Volvo,XC90,Petaluma,California,94975,US,38.4631,-122.99,91927,Gutmann and Sons,07/01/2022
966,Adriana,Stoddard,astoddardqt@businesswire.com,Female,2001,Subaru,Outback,Jamaica,New York,11499,US,40.6514,-73.8708,60162,Durgan Inc,07/05/2025
967,Merridie,Chelam,mchelamqu@umn.edu,Female,2007,Hyundai,Sonata,Manchester,New Hampshire,03105,US,42.9521,-71.6539,74185,Powlowski-West,03/03/2024
968,Hogan,Oddboy,hoddboyqv@cdc.gov,Male,2007,Kia,Sorento,Cleveland,Ohio,44177,US,41.6857,-81.6728,48519,Doyle-Gorczany,08/19/2023
969,Marylinda,Rousby,mrousbyqw@tmall.com,Female,2010,BMW,6 Series,Washington,District of Columbia,20414,US,38.884,-77.0221,95243,"Carter, Hilpert and Bruen",09/12/2023
970,Mattie,Treace,mtreaceqx@springer.com,Female,2007,Chevrolet,Tahoe,Waterbury,Connecticut,06721,US,41.3657,-72.9275,99050,"Romaguera, Schiller and Wunsch",01/28/2025
971,Aprilette,Collinwood,acollinwoodqy@google.com,Female,2006,Chevrolet,Express 1500,Bridgeport,Connecticut,06606,US,41.2091,-73.2086,33719,Littel-Franecki,12/18/2023
972,Fairfax,Sollowaye,fsollowayeqz@rakuten.co.jp,Male,2012,Audi,S5,Phoenix,Arizona,85030,US,33.2765,-112.1872,56361,Toy-Kreiger,11/15/2024
973,Ignacius,Pheby,iphebyr0@nps.gov,Male,2000,Chevrolet,Silverado 2500,Atlanta,Georgia,30368,US,33.8444,-84.474,83108,McLaughlin-Langworth,12/03/2025
974,Talbert,Leonida,tleonidar1@dailymail.co.uk,Male,1995,Volvo,940,Washington,District of Columbia,20546,US,38.891,-77.0211,61501,"Torp, Swaniawski and Larson",08/23/2023
975,Brand,Loos,bloosr2@surveymonkey.com,Male,1994,Dodge,Ram Van B150,Bronx,New York,10464,US,40.8469,-73.7874,31440,"Mosciski, Bradtke and Bechtelar",09/15/2022
976,Woodman,Lyenyng,wlyenyngr3@topsy.com,Male,1999,Volkswagen,Passat,Tulsa,Oklahoma,74108,US,36.1499,-95.7923,58344,Adams-Kozey,12/31/2024
977,Keary,Zucker,kzuckerr4@businessinsider.com,Male,2012,Nissan,Murano,Memphis,Tennessee,38197,US,35.2017,-89.9715,35848,Jenkins LLC,02/28/2025
978,Maxy,Ivie,mivier5@buzzfeed.com,Male,1994,Volvo,850,Pasadena,Texas,77505,US,29.6518,-95.1464,41347,Runolfsdottir-Morissette,11/07/2023
979,Dallis,Heighton,dheightonr6@virginia.edu,Male,2005,Toyota,Solara,Springfield,Massachusetts,01105,US,42.0999,-72.5783,48132,"Frami, Ward and Romaguera",04/07/2025
980,Egbert,Doers,edoersr7@mtv.com,Male,2001,Porsche,Boxster,San Diego,California,92121,US,32.8919,-117.2035,88917,Beier-Fritsch,07/15/2024
981,Ora,Ruilton,oruiltonr8@examiner.com,Female,2008,Ford,F250,Washington,District of Columbia,20425,US,38.8933,-77.0146,39914,Schroeder-Von,12/23/2023
982,Mathe,Albert,malbertr9@sakura.ne.jp,Male,1985,Volkswagen,Golf,Houston,Texas,77271,US,29.834,-95.4342,61813,Lesch Group,01/07/2023
983,Van,Curton,vcurtonra@ebay.co.uk,Male,2003,Chevrolet,Tahoe,Anchorage,Alaska,99512,US,61.204,-149.8084,93659,Fadel Group,01/07/2026
984,Shayla,Gouthier,sgouthierrb@ucoz.com,Female,1986,Mercury,Cougar,Winston Salem,North Carolina,27157,US,36.0275,-80.2073,41510,"Boyle, Hahn and Sporer",11/29/2025
985,Neal,Swalwel,nswalwelrc@prweb.com,Agender,2001,Suzuki,XL-7,Metairie,Louisiana,70005,US,30.0005,-90.1331,93186,Hickle Group,05/30/2022
986,Deane,Malletratt,dmalletrattrd@taobao.com,Male,2009,BMW,M3,Sacramento,California,95813,US,38.6026,-121.4475,99590,"Cummings, Abbott and Lemke",04/09/2022
987,Hank,Kebbell,hkebbellre@yahoo.co.jp,Male,1998,Dodge,Ram Van 1500,Lafayette,Louisiana,70593,US,30.2081,-92.0951,59661,Huels-Schowalter,11/14/2023
988,Tove,Jermyn,tjermynrf@smugmug.com,Non-binary,2009,Suzuki,XL7,Lynn,Massachusetts,01905,US,42.4694,-70.9728,97494,"Walsh, Harris and Murazik",02/22/2022
989,Obadias,Beachamp,obeachamprg@domainmarket.com,Male,2006,GMC,Savana 2500,Los Angeles,California,90060,US,33.7866,-118.2987,71938,"Durgan, Bayer and Waters",01/17/2023
990,Quintilla,Collinwood,qcollinwoodrh@t-online.de,Female,2002,Chevrolet,Express 2500,Midland,Texas,79705,US,32.0295,-102.0915,60991,Hirthe-Kirlin,03/30/2022
991,Felice,Ratley,fratleyri@house.gov,Female,2006,Ford,Five Hundred,Salt Lake City,Utah,84105,US,40.7372,-111.8581,44407,"Morar, Brekke and Jacobs",09/03/2025
992,Lenore,Siddon,lsiddonrj@mac.com,Female,2009,Saab,9-7X,Oakland,California,94616,US,37.8044,-122.2698,37236,Lind-Koch,01/03/2026
993,Berget,Tombs,btombsrk@webs.com,Agender,1987,Mercedes-Benz,E-Class,Houston,Texas,77005,US,29.7179,-95.4263,34847,Botsford-Pouros,12/22/2022
994,Antonella,Prydie,aprydierl@wsj.com,Female,1994,Oldsmobile,88,Tucson,Arizona,85725,US,31.9701,-111.8907,34138,Monahan and Sons,06/08/2025
995,Freddy,Teas,fteasrm@squarespace.com,Male,2010,GMC,Sierra 1500,Paterson,New Jersey,07544,US,41.0114,-74.3048,57485,"Schuster, Kiehn and Koelpin",12/07/2024
996,Filmer,Benduhn,fbenduhnrn@oaic.gov.au,Male,2009,Mazda,CX-9,Raleigh,North Carolina,27635,US,35.7977,-78.6253,59528,Gislason-Fahey,02/24/2022
997,Trixi,Orwell,torwellro@shutterfly.com,Female,1993,Oldsmobile,Ciera,Syracuse,New York,13251,US,43.0214,-76.1977,35707,Goldner LLC,06/03/2022
998,Gaelan,Solomonides,gsolomonidesrp@hubpages.com,Male,2006,Toyota,Camry Solara,Phoenix,Arizona,85040,US,33.4061,-112.0265,31663,"Sporer, Casper and Heaney",06/09/2025
999,Oralee,Shiers,oshiersrq@51.la,Female,2006,Ford,Five Hundred,Philadelphia,Pennsylvania,19104,US,39.9597,-75.2024,45652,Terry-Sporer,10/08/2023
1000,Packston,Powis,ppowisrr@quantcast.com,Male,2009,GMC,Envoy,Phoenix,Arizona,85035,US,33.4724,-112.1832,81640,"Greenholt, Braun and Corkery",04/24/2024
