id,firstName,lastName,email,gender,carYear,automobileMake,automobileModel,customerRegion,customerState,customerPostal,customerCountry_ISO2,customerRegionLatitude,ownerRegionLongitude,automobilePrice,customer,purchaseDate
1,Michel,Peris,mperis0@google.de,Female,1995,Pontiac,Firefly,Louisville,Kentucky,40256,US,38.189,-85.6768,59104,Kunde-Kuhic,08/15/2025
2,Jorge,Chaldecott,jchaldecott1@geocities.jp,Male,1993,Mazda,Miata MX-5,Valdosta,Georgia,31605,US,30.946,-83.2474,42260,"Casper, Torp and Dietrich",01/07/2024
3,Daisi,Danson,ddanson2@yandex.ru,Female,1989,Porsche,944,Chicago,Illinois,60663,US,41.8119,-87.6873,56792,Stroman Group,07/03/2025
4,Krystalle,Gabits,kgabits3@4shared.com,Female,1996,Subaru,Impreza,Minneapolis,Minnesota,55480,US,45.0159,-93.4719,60200,Howell Group,05/12/2024
5,Archer,Duigenan,aduigenan4@hao123.com,Male,1995,Nissan,Altima,Baltimore,Maryland,21239,US,39.361,-76.5891,69084,Stracke and Sons,08/28/2024
6,Fan,Tongs,ftongs5@guardian.co.uk,Female,2011,Audi,S5,Santa Fe,New Mexico,87505,US,35.6219,-105.8688,32302,Towne Group,01/26/2026
7,Dore,Hayfield,dhayfield6@yolasite.com,Male,2006,Ford,Thunderbird,Staten Island,New York,10310,US,40.6324,-74.1172,46413,Hane Group,07/03/2025
8,Hewie,Demougeot,hdemougeot7@squidoo.com,Polygender,1985,Mitsubishi,Mirage,Washington,District of Columbia,20088,US,38.8933,-77.0146,80152,"Mueller, Wyman and Conn",02/20/2023
9,Blaine,Andrat,bandrat8@addtoany.com,Male,2005,Ford,F250,Dallas,Texas,75353,US,32.7673,-96.7776,59580,"Funk, Bins and Dickens",11/07/2025
10,Sindee,McHaffy,smchaffy9@netscape.com,Female,1989,Honda,Civic,Rochester,New York,14619,US,43.1367,-77.6481,81318,"Donnelly, Corkery and Cummerata",02/10/2024
11,Emilie,Amiss,eamissa@admin.ch,Female,1999,Volkswagen,Passat,Chico,California,95973,US,39.8032,-121.8673,79878,"Ferry, Jones and Kohler",08/27/2025
12,Neilla,Cadamy,ncadamyb@ameblo.jp,Female,1993,Dodge,Caravan,Los Angeles,California,90040,US,33.9909,-118.1532,39347,Bahringer Group,10/15/2022
13,Dominick,Chaundy,dchaundyc@epa.gov,Male,2011,Infiniti,M,Springfield,Illinois,62756,US,39.7495,-89.606,68180,Purdy-White,08/21/2025
14,Carmelia,Drepp,cdreppd@about.com,Female,1985,Merkur,XR4Ti,Jamaica,New York,11470,US,40.6914,-73.8061,40989,"Kub, Haley and Bailey",09/05/2025
15,Giulietta,Andrivel,gandrivele@omniture.com,Female,1999,Hyundai,Elantra,Phoenix,Arizona,85030,US,33.2765,-112.1872,58970,Stiedemann-Pagac,08/06/2023
16,Godwin,Pugh,gpughf@trellian.com,Male,1989,Mercury,Topaz,Dallas,Texas,75216,US,32.7086,-96.7955,90660,Pouros LLC,11/27/2023
17,Grace,Weddeburn,gweddeburng@mapy.cz,Female,2005,Dodge,Dakota Club,Cincinnati,Ohio,45264,US,39.1668,-84.5382,87963,Torphy Group,10/25/2024
18,Tamra,Hopkyns,thopkynsh@europa.eu,Female,1992,Suzuki,Sidekick,Chicago,Illinois,60691,US,41.8119,-87.6873,77796,Schinner LLC,03/24/2022
19,Stesha,Youson,syousoni@cocolog-nifty.com,Genderfluid,1997,BMW,8 Series,Springfield,Missouri,65805,US,37.2581,-93.3437,99715,Baumbach-Witting,01/29/2023
20,Tyrus,McIntee,tmcinteej@php.net,Bigender,1965,Ford,Mustang,Paterson,New Jersey,07522,US,40.9252,-74.1781,88251,Douglas Inc,10/04/2024
21,Tomas,Manifould,tmanifouldk@google.de,Male,2010,Dodge,Avenger,Los Angeles,California,90045,US,33.9631,-118.3941,72897,Reilly LLC,12/17/2025
22,Orrin,Pringle,opringlel@artisteer.com,Male,1996,Chevrolet,Suburban 2500,Youngstown,Ohio,44511,US,41.0704,-80.6931,75559,Stehr and Sons,02/26/2023
23,Tobey,Dagg,tdaggm@wikia.com,Female,2009,Aston Martin,DBS,Garden Grove,California,92645,US,33.783,-118.0256,47096,"Nikolaus, Cruickshank and Hackett",12/10/2022
24,Paddie,Courvert,pcourvertn@ebay.com,Male,2009,Jaguar,XK,Durham,North Carolina,27710,US,36.0512,-78.8577,75974,"Funk, Cartwright and Howell",03/18/2023
25,Clarissa,Pellington,cpellingtono@amazon.com,Female,2004,Volvo,V70,Pasadena,California,91117,US,33.7866,-118.2987,55393,Wolf-Lueilwitz,10/04/2023
26,Zorana,Sebire,zsebirep@diigo.com,Bigender,1994,Cadillac,Eldorado,Fresno,California,93778,US,36.7464,-119.6397,99911,Buckridge and Sons,01/19/2023
27,Filip,Gaspard,fgaspardq@go.com,Male,1987,Buick,Skyhawk,Washington,District of Columbia,20231,US,38.8933,-77.0146,33144,Tremblay LLC,10/18/2024
28,Les,Banker,lbankerr@dyndns.org,Male,1998,Honda,CR-V,Louisville,Kentucky,40250,US,38.189,-85.6768,54174,Becker-Paucek,03/27/2023
29,Kiley,Stoile,kstoiles@mashable.com,Male,2006,Kia,Amanti,Alexandria,Louisiana,71307,US,31.2034,-92.5269,60675,"Bayer, Heller and Goldner",08/03/2022
30,Cassandra,Blatherwick,cblatherwickt@so-net.ne.jp,Female,1993,Isuzu,Stylus,El Paso,Texas,88514,US,31.6948,-106.3,64677,Fritsch-Anderson,04/09/2025
31,Chrysa,Capin,ccapinu@mediafire.com,Female,2007,Maybach,57,Kansas City,Missouri,64179,US,39.035,-94.3567,48756,Jacobson-Runte,05/03/2023
32,Chester,Dellenbroker,cdellenbrokerv@t.co,Male,2006,Lexus,GS,Irvine,California,92717,US,33.6462,-117.8398,99565,Lesch-Ziemann,04/22/2025
33,Osmond,Sterricks,osterricksw@berkeley.edu,Polygender,2013,Kia,Rio,Reading,Pennsylvania,19605,US,40.3886,-75.9328,33055,Flatley-Ortiz,09/10/2024
34,Dore,Dunkerton,ddunkertonx@gov.uk,Female,1999,Chevrolet,Express 1500,Ridgely,Maryland,21684,US,38.8893,-75.8612,33393,"Abshire, Shanahan and Tromp",01/24/2023
35,Krystalle,Begent,kbegenty@yandex.ru,Agender,1997,Ford,Thunderbird,Raleigh,North Carolina,27605,US,35.7908,-78.653,59537,"Renner, Ward and Quigley",01/03/2023
36,Tasia,Lombardo,tlombardoz@booking.com,Non-binary,2006,Ford,Five Hundred,Reston,Virginia,22096,US,38.8318,-77.2888,71340,"Volkman, Turcotte and Lemke",08/06/2025
37,Valma,Kellington,vkellington10@hao123.com,Female,2003,Saab,9-3,Columbia,South Carolina,29215,US,34.006,-80.9708,33524,Treutel Group,05/25/2022
38,Anatole,Rakes,arakes11@webnode.com,Male,2005,Subaru,Outback,Salt Lake City,Utah,84125,US,40.6681,-111.9083,94851,Schinner-Conroy,08/15/2023
39,Gabby,Borg-Bartolo,gborgbartolo12@columbia.edu,Male,1992,Saturn,S-Series,El Paso,Texas,79968,US,31.7705,-106.5048,71616,Pagac-Daniel,07/23/2022
40,Rickert,Spores,rspores13@trellian.com,Male,2003,Dodge,Ram 2500,Winston Salem,North Carolina,27110,US,36.0275,-80.2073,99566,"Swaniawski, Reinger and Hessel",05/07/2025
41,Ardine,Ingraham,aingraham14@ihg.com,Female,1985,Porsche,944,Des Moines,Iowa,50315,US,41.5444,-93.6192,56343,"Corwin, Reilly and Mosciski",11/05/2024
42,Adele,Holehouse,aholehouse15@mayoclinic.com,Female,2009,Chevrolet,Cobalt,Detroit,Michigan,48232,US,42.2399,-83.1508,47052,"Yost, Purdy and Hackett",08/18/2024
43,Binky,Goldney,bgoldney16@vkontakte.ru,Male,1992,Volvo,240,Brooklyn,New York,11247,US,40.6451,-73.945,40261,Johnston and Sons,10/28/2024
44,Erina,Byk,ebyk17@archive.org,Bigender,1998,Acura,RL,Valdosta,Georgia,31605,US,30.946,-83.2474,84418,Connelly-Weissnat,06/22/2025
45,Dukie,Lamdin,dlamdin18@altervista.org,Male,2009,Volvo,XC90,Anderson,Indiana,46015,US,40.0938,-85.6578,81239,Ruecker Inc,11/17/2024
46,Vidovic,Carwithan,vcarwithan19@list-manage.com,Male,2001,Chrysler,Town & Country,Tampa,Florida,33680,US,27.872,-82.4388,54289,"Runolfsdottir, Zulauf and Hodkiewicz",02/16/2022
47,Rochester,Bampford,rbampford1a@trellian.com,Male,2000,Infiniti,QX,Philadelphia,Pennsylvania,19120,US,40.0343,-75.1213,96195,"Adams, Blick and Huel",10/25/2023
48,Chelsy,Sellor,csellor1b@free.fr,Female,1995,Dodge,Ram 1500,New York City,New York,10099,US,40.7808,-73.9772,89665,Lindgren-Barton,11/28/2024
49,Francyne,Olsen,folsen1c@rambler.ru,Female,2000,Volvo,V70,Indianapolis,Indiana,46278,US,39.8726,-86.2768,88046,"Brown, Gerlach and Kuhic",10/18/2022
50,Helaina,Arpino,harpino1d@sakura.ne.jp,Polygender,2004,Ford,E350,Allentown,Pennsylvania,18105,US,40.6934,-75.4712,87881,"Jacobs, Abbott and Hettinger",08/06/2024
51,Jone,Orrey,jorrey1e@chronoengine.com,Male,2009,Lincoln,MKX,Washington,District of Columbia,20046,US,38.8933,-77.0146,46033,"Reilly, Dicki and Braun",07/29/2023
52,Idette,Jurczyk,ijurczyk1f@washington.edu,Female,2001,Mazda,Millenia,Birmingham,Alabama,35244,US,33.3538,-86.8254,84393,Bosco-Schinner,05/27/2025
53,Courtnay,Lindegard,clindegard1g@mediafire.com,Male,1993,Porsche,911,Riverside,California,92505,US,33.9228,-117.4867,47172,Zulauf Group,12/15/2024
54,Evelyn,Pepis,epepis1h@webs.com,Female,2009,Ford,Taurus X,Norfolk,Virginia,23509,US,36.8787,-76.2604,67929,"Hoppe, Jenkins and Stehr",05/19/2022
55,Yanaton,Fratson,yfratson1i@harvard.edu,Male,1994,Ford,Thunderbird,Spokane,Washington,99220,US,47.6536,-117.4317,59977,Stokes-Witting,02/15/2023
56,Scotti,MacDougal,smacdougal1j@surveymonkey.com,Male,1987,Ford,Thunderbird,Salt Lake City,Utah,84170,US,40.6681,-111.9083,38842,"Smitham, Bednar and Dibbert",10/06/2022
57,Lynsey,Trittam,ltrittam1k@infoseek.co.jp,Genderfluid,2009,Nissan,Murano,Decatur,Georgia,30033,US,33.8123,-84.2819,92384,Dicki Inc,03/11/2024
58,Karee,Hailston,khailston1l@liveinternet.ru,Female,1985,Audi,5000S,Washington,District of Columbia,20067,US,38.8933,-77.0146,58513,Sawayn and Sons,10/29/2025
59,Elston,Fanti,efanti1m@aboutads.info,Male,1992,Nissan,Pathfinder,Roanoke,Virginia,24020,US,37.3589,-79.9448,41548,Pacocha-Farrell,12/03/2024
60,Maryl,Steeden,msteeden1n@mtv.com,Female,1994,Dodge,Ram Van B150,Columbia,Missouri,65218,US,38.9033,-92.1022,60228,Wehner-Wiegand,04/15/2022
61,Pietrek,Vanni,pvanni1o@fema.gov,Bigender,2012,Chevrolet,Tahoe,Salem,Oregon,97312,US,44.9364,-123.0381,87931,"Schmidt, Adams and Turner",05/27/2025
62,Efrem,Collyns,ecollyns1p@paginegialle.it,Male,2002,Mazda,Millenia,Carol Stream,Illinois,60158,US,41.9166,-88.1208,36625,Legros-Hahn,09/29/2022
63,Kaylee,Willett,kwillett1q@google.fr,Female,2009,Kia,Carens,Atlanta,Georgia,31165,US,33.7629,-84.4226,50113,Shields-Raynor,11/17/2022
64,Bevan,Arber,barber1r@theatlantic.com,Male,1986,Mazda,RX-7,Pittsburgh,Pennsylvania,15240,US,40.4344,-80.0248,90280,Funk and Sons,10/09/2023
65,Sean,Lamasna,slamasna1s@prweb.com,Female,2001,Mazda,626,El Paso,Texas,79940,US,31.6948,-106.3,68583,Frami and Sons,05/06/2025
66,Woodrow,Yakebovitch,wyakebovitch1t@mit.edu,Male,1995,Mitsubishi,Galant,Honolulu,Hawaii,96850,US,21.3095,-157.863,82247,"Wisoky, Swaniawski and Mills",11/04/2022
67,Randene,Bellson,rbellson1u@hao123.com,Female,1993,Toyota,Tercel,Amarillo,Texas,79105,US,35.4015,-101.8951,39147,Heller Group,10/26/2024
68,Nerte,Corby,ncorby1v@hhs.gov,Female,1992,GMC,Vandura 1500,Houston,Texas,77090,US,30.0167,-95.447,53682,"Pollich, Casper and Heaney",01/24/2026
69,Carlie,Meadway,cmeadway1w@lycos.com,Bigender,1991,Buick,Skylark,San Francisco,California,94154,US,37.7848,-122.7278,52312,Rogahn LLC,08/07/2022
70,Tucker,Peele,tpeele1x@blogspot.com,Male,2008,Scion,tC,Saint Louis,Missouri,63180,US,38.6531,-90.2435,98375,"Nienow, Halvorson and Fay",10/22/2025
71,Guillaume,Stebbings,gstebbings1y@mozilla.com,Male,1993,Chevrolet,Lumina,Jamaica,New York,11407,US,40.6913,-73.8059,77723,Roob-Harvey,02/03/2022
72,Ashley,Chavrin,achavrin1z@mayoclinic.com,Male,1997,Oldsmobile,88,Chicago,Illinois,60604,US,41.8784,-87.633,40961,Langworth-Miller,04/13/2022
73,Cesar,Linturn,clinturn20@cafepress.com,Male,2011,Ford,F250,Louisville,Kentucky,40298,US,38.189,-85.6768,31266,Cassin Group,01/22/2023
74,Marlo,Abrahart,mabrahart21@newyorker.com,Female,2006,Mitsubishi,Montero,Dayton,Ohio,45470,US,39.7505,-84.2686,87299,Trantow Group,07/30/2024
75,Addy,Matura,amatura22@pen.io,Male,2000,Nissan,Frontier,Columbus,Georgia,31914,US,32.491,-84.8741,83146,"Cruickshank, Cruickshank and Hessel",01/13/2025
76,Dusty,Attiwill,dattiwill23@dmoz.org,Female,1992,Subaru,Loyale,New Orleans,Louisiana,70154,US,30.033,-89.8826,92638,Balistreri Inc,12/14/2023
77,Carrie,Moulds,cmoulds24@redcross.org,Female,1974,Chevrolet,Camaro,Detroit,Michigan,48295,US,42.2399,-83.1508,47370,O'Connell-Becker,12/06/2025
78,Myrtia,Chinnock,mchinnock25@netvibes.com,Female,1985,Buick,Regal,Charlotte,North Carolina,28247,US,35.0656,-80.8511,83904,Balistreri Inc,11/24/2023
79,Mohandis,Macci,mmacci26@rediff.com,Male,1992,GMC,2500,New Bedford,Massachusetts,02745,US,41.6913,-70.9355,85882,"Wolff, Schulist and Thiel",12/03/2024
80,Felice,Barenskie,fbarenskie27@youku.com,Bigender,1997,BMW,Z3,Arvada,Colorado,80005,US,39.8422,-105.1097,49835,Metz Inc,11/23/2022
81,Damian,Clines,dclines28@last.fm,Male,2001,Infiniti,QX,Phoenix,Arizona,85083,US,33.7352,-112.1294,89294,"Abernathy, Waters and Moen",09/17/2023
82,Gunter,Moulton,gmoulton29@ycombinator.com,Male,2012,Porsche,911,Washington,District of Columbia,20535,US,38.8941,-77.0251,46696,"Wintheiser, Will and Weber",09/11/2023
83,Cristabel,Burel,cburel2a@europa.eu,Female,1986,Mitsubishi,Mighty Max,Arlington,Texas,76016,US,32.6889,-97.1905,30252,Cartwright and Sons,08/25/2025
84,Arlen,Zoane,azoane2b@nymag.com,Male,1994,Audi,riolet,Levittown,Pennsylvania,19058,US,40.3286,-75.1028,92822,Ondricka Group,12/29/2025
85,Chip,Bursnoll,cbursnoll2c@wikispaces.com,Male,1994,Dodge,Viper RT/10,Wilmington,Delaware,19805,US,39.7434,-75.5827,88947,"Towne, Gottlieb and Homenick",07/28/2022
86,Clerc,Kilkenny,ckilkenny2d@purevolume.com,Male,2001,Audi,A4,Garland,Texas,75049,US,32.7673,-96.7776,88481,Torp LLC,05/28/2023
87,Oran,Bontoft,obontoft2e@simplemachines.org,Male,2012,Acura,RDX,Reno,Nevada,89505,US,39.5224,-119.8353,98479,O'Hara-Hoeger,01/05/2025
88,Terrence,Struis,tstruis2f@discuz.net,Male,1993,Isuzu,Space,Cleveland,Ohio,44111,US,41.4571,-81.7844,36987,Goodwin Group,12/14/2023
89,Editha,Ebbings,eebbings2g@bloglines.com,Genderfluid,2008,Bentley,Continental GT,Topeka,Kansas,66617,US,39.1271,-95.6384,35314,Howe-Nolan,05/02/2023
90,Dido,Beagen,dbeagen2h@theguardian.com,Female,2003,Isuzu,Rodeo,Gainesville,Florida,32605,US,29.6785,-82.3679,61225,Gleason-Conn,04/30/2025
91,Julee,Clutterham,jclutterham2i@lycos.com,Genderqueer,2004,Honda,Pilot,Washington,District of Columbia,20535,US,38.8941,-77.0251,70496,Weimann Group,09/04/2022
92,Etan,Rudyard,erudyard2j@opensource.org,Male,1997,Chevrolet,Express 2500,Shreveport,Louisiana,71130,US,32.6076,-93.7526,75057,"Tremblay, Batz and Gusikowski",06/22/2024
93,Tobie,McNaught,tmcnaught2k@privacy.gov.au,Male,2011,Audi,S4,Colorado Springs,Colorado,80905,US,38.8377,-104.837,78782,Mertz-Hickle,11/24/2023
94,Alika,Cranny,acranny2l@sun.com,Female,2004,Volvo,S80,New York City,New York,10249,US,40.7808,-73.9772,66138,Oberbrunner and Sons,10/22/2024
95,Vito,Phillcock,vphillcock2m@mayoclinic.com,Male,1998,GMC,Suburban 1500,Jacksonville,Florida,32204,US,30.3189,-81.6854,84800,Yundt-Wunsch,10/27/2023
96,Ced,Klarzynski,cklarzynski2n@europa.eu,Male,2010,Buick,Enclave,Louisville,Kentucky,40215,US,38.1913,-85.7847,63241,"Brekke, Runolfsson and Grimes",02/22/2025
97,Willdon,Stanborough,wstanborough2o@alexa.com,Male,1993,Ford,Taurus,San Jose,California,95150,US,37.3866,-121.897,42200,Zboncak-Maggio,01/03/2025
98,Rochella,Quixley,rquixley2p@businesswire.com,Female,2012,Ford,Expedition EL,Washington,District of Columbia,20404,US,38.8992,-77.0089,36654,Bartoletti Group,11/17/2022
99,Andy,Harkin,aharkin2q@cmu.edu,Female,2005,BMW,525,Richmond,Virginia,23277,US,37.5535,-77.4604,92257,Towne-Cronin,07/26/2025
100,Giavani,Pragnall,gpragnall2r@mapquest.com,Male,2001,Honda,S2000,Charleston,West Virginia,25336,US,38.2968,-81.5547,65416,"Kris, Spinka and Powlowski",09/18/2025
101,Marwin,Cowndley,mcowndley2s@weibo.com,Male,2012,Infiniti,QX56,Philadelphia,Pennsylvania,19104,US,39.9597,-75.2024,54035,"Schultz, Runte and Pollich",04/19/2024
102,Christoffer,Greaterex,cgreaterex2t@hp.com,Male,1988,Porsche,924,New Haven,Connecticut,06505,US,41.3057,-72.7799,67408,Kuhn Group,09/05/2022
103,Jonathan,Clamp,jclamp2u@shutterfly.com,Male,2005,Chevrolet,Silverado 3500,Miami,Florida,33233,US,25.5584,-80.4582,44187,"Conroy, Yost and Marvin",03/04/2024
104,Jennette,Sandcraft,jsandcraft2v@loc.gov,Female,2005,Jaguar,X-Type,Glendale,California,91210,US,33.7866,-118.2987,54646,Strosin-Gibson,01/08/2025
105,Antoine,Askie,aaskie2w@zdnet.com,Male,1995,GMC,Rally Wagon G3500,Glendale,California,91210,US,33.7866,-118.2987,87576,"Leannon, Wolf and Adams",12/29/2023
106,Enos,Seargeant,eseargeant2x@stanford.edu,Male,1990,Mazda,MPV,Baltimore,Maryland,21216,US,39.3093,-76.6699,67923,"Runolfsdottir, Bode and Runolfsdottir",03/28/2023
107,Cynthy,Sisson,csisson2y@scribd.com,Female,2007,Chevrolet,Malibu,Houston,Texas,77075,US,29.6223,-95.26,48928,Collins Group,09/18/2023
108,Reiko,Potteril,rpotteril2z@bloomberg.com,Non-binary,1992,GMC,Sonoma,Greensboro,North Carolina,27499,US,36.0807,-80.0244,73916,Cruickshank-Fisher,06/12/2023
109,Melly,Marcone,mmarcone30@shop-pro.jp,Female,1989,Mitsubishi,Eclipse,Northridge,California,91328,US,33.7866,-118.2987,65589,"Nader, Barrows and Green",10/01/2023
110,Babette,Hultberg,bhultberg31@discuz.net,Female,2008,Dodge,Magnum,Washington,District of Columbia,20088,US,38.8933,-77.0146,85647,"Parker, Marks and Jones",01/07/2023
111,Consuelo,Gulley,cgulley32@topsy.com,Female,1993,Mercedes-Benz,E-Class,Washington,District of Columbia,20535,US,38.8941,-77.0251,68098,Spinka and Sons,07/16/2023
112,Alwin,Duffree,aduffree33@cbsnews.com,Male,2000,Ford,Mustang,Houston,Texas,77050,US,29.9015,-95.2848,55253,Koepp-Reichert,01/05/2025
113,Avictor,Wibrew,awibrew34@geocities.jp,Male,1995,Pontiac,Firefly,El Paso,Texas,79994,US,31.6948,-106.3,32582,Zemlak-Wolff,02/02/2024
114,Alasdair,Spier,aspier35@google.com,Male,2012,Lotus,Exige,Miami,Florida,33153,US,25.8655,-80.1936,74825,Hilpert-Corwin,09/26/2023
115,Levin,Blewmen,lblewmen36@xrea.com,Male,1995,Chevrolet,Lumina,Atlanta,Georgia,30323,US,33.8444,-84.474,61744,Kris and Sons,03/31/2024
116,Hansiain,Dutch,hdutch37@japanpost.jp,Male,1992,Mercedes-Benz,S-Class,Albuquerque,New Mexico,87195,US,35.0443,-106.6729,77849,Mraz-Donnelly,09/15/2023
117,Wake,Zorzini,wzorzini38@addthis.com,Male,1994,Dodge,Ram,Ann Arbor,Michigan,48107,US,42.2535,-83.8366,97948,Beer Inc,01/08/2023
118,Gracie,Bolmann,gbolmann39@rambler.ru,Female,1994,Pontiac,Grand Am,Dallas,Texas,75236,US,32.69,-96.9177,45838,Greenfelder and Sons,05/27/2025
119,Salvidor,Tackley,stackley3a@huffingtonpost.com,Male,2002,Dodge,Dakota,Indianapolis,Indiana,46266,US,39.7795,-86.1328,87004,Grimes Group,05/23/2022
120,Yelena,Yerson,yyerson3b@hp.com,Female,1995,Honda,Passport,South Lake Tahoe,California,96154,US,38.8753,-120.0188,93606,"Ferry, Lesch and Kutch",03/23/2022
121,Ginevra,Troop,gtroop3c@wikipedia.org,Female,2004,Mercury,Marauder,Cincinnati,Ohio,45228,US,39.0706,-84.4179,55351,Dare-Kirlin,06/09/2022
122,Zelda,Rudman,zrudman3d@gnu.org,Female,2003,Land Rover,Range Rover,Dallas,Texas,75241,US,32.6722,-96.7774,69578,"Bashirian, Marks and Littel",08/14/2025
123,Allegra,Shera,ashera3e@princeton.edu,Female,1997,BMW,Z3,Washington,District of Columbia,20022,US,38.945,-77.0364,82057,Schuster-Bailey,10/09/2022
124,Babbette,Harrad,bharrad3f@dedecms.com,Non-binary,2010,Lexus,LS,Lawrenceville,Georgia,30045,US,33.9367,-83.9573,82898,"Wiegand, Luettgen and Metz",01/01/2025
125,Theo,Tonner,ttonner3g@flickr.com,Male,1993,Mercury,Tracer,Columbia,South Carolina,29220,US,34.006,-80.9708,48630,Turcotte-Schimmel,11/26/2023
126,Brodie,Cobley,bcobley3h@about.com,Male,1991,Ford,Probe,Denver,Colorado,80223,US,39.7002,-105.0028,39670,"Hansen, Zulauf and Bogisich",01/10/2026
127,Feliza,Menlow,fmenlow3i@amazon.com,Female,2012,Mitsubishi,Outlander Sport,El Paso,Texas,79923,US,31.6948,-106.3,93014,O'Connell LLC,11/08/2023
128,Gilligan,Quick,gquick3j@europa.eu,Female,1995,Lincoln,Mark VIII,Indianapolis,Indiana,46247,US,39.7795,-86.1328,48538,"Bins, McDermott and Lemke",10/28/2022
129,Ameline,Causer,acauser3k@is.gd,Female,1988,Ford,Aerostar,Denver,Colorado,80223,US,39.7002,-105.0028,59721,Hermiston-Runte,12/06/2022
130,Adelle,Niblett,aniblett3l@51.la,Female,1990,Ford,Tempo,Killeen,Texas,76544,US,31.1282,-97.7469,82048,Jast Inc,12/11/2023
131,Storm,Trott,strott3m@comsenz.com,Female,1985,Pontiac,Bonneville,Atlanta,Georgia,30340,US,33.8932,-84.2539,84195,Pfannerstill-Stroman,10/21/2023
132,Jolene,Macconaghy,jmacconaghy3n@imageshack.us,Female,2004,BMW,3 Series,Kansas City,Kansas,66105,US,39.085,-94.6356,54295,"Sawayn, Bernier and Streich",10/03/2024
133,Zachary,Boxe,zboxe3o@cnn.com,Male,1997,Dodge,Ram 1500,Dallas,Texas,75387,US,32.7673,-96.7776,62908,Rempel-Crooks,02/13/2024
134,Concettina,Clingan,cclingan3p@blogs.com,Female,2001,Jeep,Cherokee,Richmond,Virginia,23242,US,37.5313,-77.4161,63430,"Yundt, Prosacco and Funk",09/07/2023
135,Elnore,Gallaher,egallaher3q@amazon.co.jp,Female,1992,Dodge,Ram Wagon B150,Baton Rouge,Louisiana,70894,US,30.5159,-91.0804,58752,"Kemmer, Ullrich and Langworth",01/30/2023
136,Aleksandr,Yeomans,ayeomans3r@wikispaces.com,Bigender,1999,Volkswagen,GTI,Portland,Oregon,97211,US,45.5653,-122.6448,94653,Zulauf Group,10/15/2025
137,Blondelle,Colgan,bcolgan3s@senate.gov,Non-binary,2006,Chevrolet,Colorado,Miami,Florida,33124,US,25.5584,-80.4582,82048,Mayer and Sons,11/25/2022
138,Barbette,Cosgriff,bcosgriff3t@senate.gov,Female,1993,Dodge,D250 Club,Sacramento,California,94257,US,38.3774,-121.4444,91062,West LLC,04/21/2025
139,Corbett,Dunnion,cdunnion3u@lycos.com,Male,1990,Nissan,Datsun/Nissan Z-car,Des Moines,Iowa,50315,US,41.5444,-93.6192,79545,Ziemann Inc,10/27/2022
140,Garrot,Pairpoint,gpairpoint3v@meetup.com,Male,1993,Subaru,Justy,San Francisco,California,94164,US,37.7848,-122.7278,60969,"Mertz, Satterfield and Auer",05/22/2022
141,Terrie,Dangerfield,tdangerfield3w@yahoo.com,Non-binary,2013,Mazda,CX-5,Columbus,Georgia,31914,US,32.491,-84.8741,60103,Weissnat Group,02/02/2023
142,Becky,Cratere,bcratere3x@umich.edu,Female,2000,Suzuki,Grand Vitara,Dayton,Ohio,45470,US,39.7505,-84.2686,96560,Christiansen-Kertzmann,06/25/2024
143,Berton,Romain,bromain3y@altervista.org,Male,2001,BMW,525,Van Nuys,California,91406,US,34.2006,-118.4868,65446,Jerde Inc,08/30/2023
144,Hubey,Fuller,hfuller3z@webnode.com,Male,2006,Spyker,C8 Double 12 S,Chula Vista,California,91913,US,32.6513,-116.9852,54265,Osinski-Jaskolski,02/16/2024
145,Livvie,Bendix,lbendix40@economist.com,Female,1988,Land Rover,Range Rover,Dallas,Texas,75277,US,32.7673,-96.7776,80508,Schaefer-Lemke,06/19/2023
146,Othella,Hepher,ohepher41@shareasale.com,Female,1986,Audi,4000s,Cambridge,Massachusetts,02142,US,42.362,-71.083,40120,"Kertzmann, Corkery and Stokes",09/20/2024
147,Tyson,Studd,tstudd42@reference.com,Male,1992,Lincoln,Continental,Jacksonville,Florida,32204,US,30.3189,-81.6854,48318,Ferry-Roberts,06/09/2022
148,Tripp,Fydoe,tfydoe43@ihg.com,Male,1973,Pontiac,GTO,Merrifield,Virginia,22119,US,38.8318,-77.2888,74226,Roob-Johnston,01/21/2026
149,Tammie,McGrale,tmcgrale44@unicef.org,Male,1994,Chevrolet,Corvette,Green Bay,Wisconsin,54305,US,44.4601,-88.0074,84088,"Leuschke, Bode and Tremblay",07/26/2025
150,Sorcha,Hartfield,shartfield45@parallels.com,Female,2012,Lexus,HS,Sacramento,California,95818,US,38.5568,-121.4929,50313,Hayes-Klein,02/20/2022
151,Glenn,Dominka,gdominka46@yelp.com,Agender,1996,Ford,Econoline E250,Las Vegas,Nevada,89130,US,36.2471,-115.221,72657,Wilkinson Inc,06/01/2023
152,Gardy,Blondin,gblondin47@admin.ch,Male,2004,Toyota,Highlander,Saint Louis,Missouri,63131,US,38.6171,-90.4504,34297,"Mann, Stroman and Rempel",07/18/2023
153,Layton,Bantick,lbantick48@go.com,Male,2005,Nissan,Armada,Dayton,Ohio,45440,US,39.6749,-84.1136,66525,"Stiedemann, Cartwright and Lehner",07/20/2023
154,Michal,Eyam,meyam49@webs.com,Male,1986,Ford,LTD Crown Victoria,Omaha,Nebraska,68197,US,41.249,-96.0274,53879,"Quitzon, Balistreri and Koch",05/04/2023
155,Pepe,Belchamp,pbelchamp4a@comcast.net,Male,1993,Chevrolet,Corsica,Daytona Beach,Florida,32118,US,29.2219,-81.0095,79202,"Lueilwitz, Fritsch and Corwin",03/04/2025
156,Pandora,O'Driscoll,podriscoll4b@geocities.jp,Female,2006,Acura,TL,Pittsburgh,Pennsylvania,15261,US,40.4344,-80.0248,58327,Jacobs-VonRueden,12/19/2024
157,Laurens,Gibb,lgibb4c@accuweather.com,Male,1993,Subaru,Loyale,Nashville,Tennessee,37240,US,36.1866,-86.7852,88817,Torphy-Emmerich,05/17/2023
158,Phoebe,Papierz,ppapierz4d@cafepress.com,Female,2006,Ford,GT,Montgomery,Alabama,36125,US,32.2334,-86.2085,68047,Gleason LLC,08/11/2025
159,Lorie,Mateiko,lmateiko4e@geocities.jp,Female,2012,Mercedes-Benz,GLK-Class,Midland,Texas,79705,US,32.0295,-102.0915,86100,McDermott-Kuvalis,05/09/2025
160,Amalia,Poley,apoley4f@zimbio.com,Female,2008,BMW,M3,Denver,Colorado,80249,US,39.7783,-104.7556,41970,Friesen LLC,03/28/2024
161,Gibb,Fittall,gfittall4g@blogger.com,Male,2008,Toyota,4Runner,Alexandria,Louisiana,71307,US,31.2034,-92.5269,74181,"Tromp, Reynolds and Gerlach",03/22/2023
162,Gibbie,Kissick,gkissick4h@hubpages.com,Male,2012,Chrysler,200,Columbus,Ohio,43220,US,40.0495,-83.0669,86865,"Toy, Leuschke and Hartmann",07/26/2024
163,Harwilll,Maharey,hmaharey4i@tinypic.com,Male,1967,Pontiac,GTO,Albany,New York,12222,US,42.6853,-73.8253,44174,Kunde-Heller,07/01/2024
164,Diarmid,Monnoyer,dmonnoyer4j@apple.com,Male,1989,Ford,Festiva,Charleston,West Virginia,25389,US,38.354,-81.6394,30538,"Kihn, Wilderman and Keebler",05/20/2022
165,Susanetta,Halpin,shalpin4k@imgur.com,Female,1992,Buick,LeSabre,San Jose,California,95160,US,37.2187,-121.8601,36678,Vandervort Inc,01/11/2025
166,Thorpe,Bridger,tbridger4l@economist.com,Genderqueer,1995,Volkswagen,Golf III,Jacksonville,Florida,32277,US,30.3704,-81.5864,91855,Feil-Beahan,09/03/2024
167,Graehme,Blackler,gblackler4m@redcross.org,Male,1997,Dodge,Ram 2500 Club,Allentown,Pennsylvania,18105,US,40.6934,-75.4712,76544,Wintheiser-Kautzer,12/01/2022
168,Arline,McGrouther,amcgrouther4n@miibeian.gov.cn,Female,2005,Dodge,Durango,El Paso,Texas,88589,US,31.6948,-106.3,91732,Schoen-Hane,01/04/2023
169,Kiele,McCurtain,kmccurtain4o@wisc.edu,Female,2012,BMW,1 Series,Columbia,Missouri,65211,US,38.9033,-92.1022,73384,Mills-Durgan,12/04/2023
170,Cherey,Sexstone,csexstone4p@constantcontact.com,Female,1988,Ford,Mustang,Boston,Massachusetts,02124,US,42.2868,-71.071,53016,"Walker, Russel and Simonis",02/16/2022
171,Sisely,Lowle,slowle4q@nationalgeographic.com,Female,2011,Nissan,370Z,Salem,Oregon,97306,US,44.8685,-123.0438,62278,"Lang, Ratke and Larson",01/03/2026
172,Orelie,Van Halen,ovanhalen4r@t.co,Female,1992,Toyota,Tercel,Cleveland,Ohio,44111,US,41.4571,-81.7844,40570,Kuhlman Inc,04/26/2024
173,Dillie,Mulvagh,dmulvagh4s@wordpress.org,Genderfluid,1996,Toyota,T100,Dallas,Texas,75379,US,32.7673,-96.7776,81330,Olson-Baumbach,09/16/2025
174,Ursala,McLugaish,umclugaish4t@typepad.com,Female,2011,Toyota,Avalon,Fort Worth,Texas,76115,US,32.6796,-97.3336,83027,Nolan-Hammes,01/14/2025
175,Jammie,Gerrets,jgerrets4u@weibo.com,Female,2012,Lexus,HS,Kansas City,Missouri,64199,US,39.035,-94.3567,81166,Stanton-Brakus,07/24/2024
176,Carleen,Purslow,cpurslow4v@ucoz.com,Female,2005,Pontiac,Grand Prix,Dallas,Texas,75246,US,32.7948,-96.7697,82260,Anderson-Nicolas,11/12/2023
177,Betty,Andrivot,bandrivot4w@theguardian.com,Female,2003,Oldsmobile,Alero,Charleston,South Carolina,29416,US,32.8488,-79.8577,35312,Rempel-Schiller,06/06/2023
178,Saudra,Angrove,sangrove4x@google.cn,Female,2009,Pontiac,G3,Ventura,California,93005,US,34.0324,-119.1343,72763,Cronin-Kilback,12/25/2022
179,Jacinthe,Chesshyre,jchesshyre4y@businesswire.com,Female,2010,Honda,Fit,Saint Louis,Missouri,63196,US,38.6531,-90.2435,30246,Ernser Inc,04/24/2025
180,Jasper,Perrie,jperrie4z@51.la,Male,2007,Ford,Focus,Bronx,New York,10464,US,40.8469,-73.7874,82384,Deckow-Spencer,02/27/2023
181,Cooper,Ballintime,cballintime50@accuweather.com,Male,2006,Ferrari,F430,Houston,Texas,77060,US,29.9335,-95.3981,77267,Schneider Group,02/21/2023
182,Patrick,Calbaithe,pcalbaithe51@msu.edu,Male,1994,Chevrolet,Suburban 1500,Jamaica,New York,11470,US,40.6914,-73.8061,66236,"O'Reilly, Parker and Crona",12/02/2025
183,Wendell,Kyneton,wkyneton52@unesco.org,Male,2007,Land Rover,Range Rover Sport,Chula Vista,California,91913,US,32.6513,-116.9852,42131,Rohan-Beatty,02/06/2024
184,Ilsa,Binstead,ibinstead53@economist.com,Female,1999,Lincoln,Continental,Miami,Florida,33245,US,25.5584,-80.4582,31887,"Rutherford, Kuhlman and Blick",03/08/2022
185,Aubry,Merriott,amerriott54@bloglovin.com,Female,1988,Ford,EXP,Corpus Christi,Texas,78426,US,27.777,-97.4632,70429,"Lind, Reichel and Torphy",01/26/2025
186,Dot,Pieper,dpieper55@biblegateway.com,Female,1992,Dodge,D250 Club,San Francisco,California,94121,US,37.7786,-122.4892,65027,Daniel and Sons,11/03/2022
187,Tye,Mayor,tmayor56@a8.net,Male,2005,Dodge,Magnum,New Castle,Pennsylvania,16107,US,40.9897,-80.3084,95512,Gibson Inc,10/12/2024
188,Mozes,Greasley,mgreasley57@utexas.edu,Male,1998,Mercedes-Benz,SL-Class,Salt Lake City,Utah,84199,US,40.7259,-111.9394,82414,Schimmel LLC,02/27/2023
189,Rana,Kanter,rkanter58@nature.com,Female,2001,Pontiac,Montana,Bradenton,Florida,34205,US,27.4841,-82.5834,76821,Jacobson and Sons,11/19/2022
190,Hilly,Testro,htestro59@yellowpages.com,Male,1992,Mazda,MX-3,Denton,Texas,76205,US,33.1903,-97.1282,79345,"Padberg, Ullrich and Grimes",08/07/2022
191,Larry,Le Claire,lleclaire5a@nymag.com,Male,1995,Mazda,MX-3,Los Angeles,California,90045,US,33.9631,-118.3941,63880,"Leuschke, Welch and Witting",09/03/2025
192,Zacharias,Settle,zsettle5b@noaa.gov,Male,2009,Mitsubishi,Galant,Duluth,Minnesota,55805,US,46.7987,-92.0946,54343,Dickens-Parker,09/15/2022
193,Arnoldo,Olland,aolland5c@tmall.com,Male,2002,Subaru,Impreza,Louisville,Kentucky,40225,US,38.189,-85.6768,87071,"Hodkiewicz, McGlynn and Ondricka",08/28/2025
194,Fitzgerald,Nottram,fnottram5d@csmonitor.com,Male,1989,Honda,Accord,Fairbanks,Alaska,99790,US,64.8561,-146.276,97689,Considine and Sons,07/15/2022
195,Munmro,Fairbairn,mfairbairn5e@pen.io,Male,2009,Hyundai,Genesis,Lansing,Michigan,48912,US,42.7371,-84.5244,32347,Cremin-Kovacek,06/26/2025
196,Thaine,Garoghan,tgaroghan5f@simplemachines.org,Male,2004,BMW,5 Series,Irving,Texas,75062,US,32.8479,-96.974,97983,"Blanda, Schimmel and Kshlerin",10/15/2025
197,Nissie,Soar,nsoar5g@wisc.edu,Female,1998,Subaru,Impreza,Fort Worth,Texas,76198,US,32.7714,-97.2915,58999,"Ferry, Considine and Hirthe",09/26/2024
198,Blythe,MacKill,bmackill5h@wunderground.com,Female,1998,Mercedes-Benz,SLK-Class,Pittsburgh,Pennsylvania,15205,US,40.4322,-80.1021,82930,"Daugherty, Lemke and Sipes",12/26/2023
199,Uriah,Prando,uprando5i@ifeng.com,Male,1995,Ford,Ranger,Springfield,Illinois,62723,US,39.7495,-89.606,76809,Runte-Terry,01/14/2023
200,Anjela,Coulling,acoulling5j@cargocollective.com,Non-binary,1995,GMC,3500,Tacoma,Washington,98447,US,47.1441,-122.4434,55065,"Gutkowski, Krajcik and Kautzer",01/02/2024
201,Gabey,Iglesias,giglesias5k@java.com,Female,2012,Subaru,Impreza,Washington,District of Columbia,20319,US,38.8667,-77.0166,49330,"Rogahn, Koelpin and Mann",10/01/2025
202,Hermine,Emor,hemor5l@google.com.hk,Female,1987,Mazda,Familia,Sarasota,Florida,34233,US,27.2866,-82.477,45338,Skiles-Yundt,10/20/2022
203,Rani,Yurin,ryurin5m@myspace.com,Female,2006,Honda,Civic Si,Phoenix,Arizona,85062,US,33.2765,-112.1872,52284,Sanford-Reichel,04/10/2022
204,Bron,Keech,bkeech5n@elpais.com,Male,2000,GMC,Sierra 3500,New York City,New York,10039,US,40.8265,-73.9383,95960,"White, Collier and Abernathy",01/03/2024
205,Banky,Vamplers,bvamplers5o@aol.com,Male,2001,Hyundai,XG300,Seattle,Washington,98109,US,47.6339,-122.3476,82422,Simonis-Pfannerstill,01/04/2026
206,Maxie,Clohessy,mclohessy5p@nyu.edu,Female,1992,Oldsmobile,Custom Cruiser,Akron,Ohio,44305,US,41.076,-81.4644,35745,King-O'Reilly,08/04/2022
207,Hyacinthia,Roderighi,hroderighi5q@ftc.gov,Female,2001,Toyota,Avalon,Indianapolis,Indiana,46207,US,39.7673,-86.1606,53106,Heaney-Farrell,01/03/2025
208,Carmella,Knocker,cknocker5r@aboutads.info,Female,2012,Mitsubishi,Galant,Newport News,Virginia,23605,US,37.0156,-76.4332,92275,"Collins, Greenfelder and Fadel",02/20/2024
209,Brittni,Healeas,bhealeas5s@artisteer.com,Female,1999,Infiniti,I,San Antonio,Texas,78296,US,29.4375,-98.4616,95259,"Goldner, Harvey and Davis",08/14/2022
210,Thane,Pedrielli,tpedrielli5t@etsy.com,Male,1994,Mazda,Protege,Detroit,Michigan,48258,US,42.2399,-83.1508,46548,Runolfsson-Breitenberg,10/12/2024
211,Joelle,Bye,jbye5u@dagondesign.com,Female,1989,Pontiac,LeMans,Decatur,Georgia,30089,US,33.7749,-84.3046,74405,Krajcik Group,07/03/2022
212,Judd,Fiddyment,jfiddyment5v@google.fr,Male,2013,Ford,Focus ST,Hartford,Connecticut,06105,US,41.7691,-72.701,44434,Bahringer-Nader,01/18/2023
213,Ardis,Kime,akime5w@google.ru,Female,2003,Dodge,Ram Van 1500,Omaha,Nebraska,68164,US,41.2955,-96.1008,54680,"Volkman, Gusikowski and Dibbert",08/30/2022
214,Goldina,Collibear,gcollibear5x@stumbleupon.com,Female,1995,Mitsubishi,Diamante,Austin,Texas,78778,US,30.3264,-97.7713,97532,Labadie-Shanahan,10/09/2024
215,Winifield,Aylen,waylen5y@mit.edu,Male,1989,Ford,Aerostar,Los Angeles,California,90076,US,33.7866,-118.2987,78231,Grimes LLC,10/24/2024
216,Meg,Iliffe,miliffe5z@slashdot.org,Female,1986,Ford,Courier,Atlanta,Georgia,30340,US,33.8932,-84.2539,82177,Lind Inc,08/22/2023
217,Dimitry,Rimmington,drimmington60@meetup.com,Male,2013,Subaru,BRZ,San Jose,California,95173,US,37.3352,-121.8938,54162,"Pagac, Renner and Crist",03/31/2025
218,Yanaton,Eminson,yeminson61@shinystat.com,Male,1963,Austin,Mini Cooper S,Miami,Florida,33124,US,25.5584,-80.4582,54982,Dach-Kovacek,12/13/2022
219,Darcey,Pepperd,dpepperd62@unicef.org,Female,1997,GMC,Savana 2500,Brooklyn,New York,11231,US,40.6794,-74.0014,91112,Pollich Group,11/25/2023
220,Aeriell,Norcop,anorcop63@nsw.gov.au,Female,1993,BMW,3 Series,Memphis,Tennessee,38188,US,35.2017,-89.9715,72043,Boyle-O'Reilly,04/16/2023
221,Radcliffe,Blunkett,rblunkett64@is.gd,Male,1998,Mitsubishi,Eclipse,Charlotte,North Carolina,28256,US,35.26,-80.8042,36466,Abernathy-Brakus,09/10/2022
222,Jaymee,Dust,jdust65@wisc.edu,Female,1998,Cadillac,DeVille,Charleston,West Virginia,25305,US,38.3358,-81.6123,85175,Ernser Inc,10/27/2023
223,Peyter,Shipperbottom,pshipperbottom66@sfgate.com,Male,2002,Jaguar,XK Series,Macon,Georgia,31217,US,32.8118,-83.565,42395,"Rath, Nolan and Bogan",01/23/2026
224,Trista,Woolvin,twoolvin67@house.gov,Female,2006,Acura,RSX,San Jose,California,95194,US,37.3894,-121.8868,64760,"Muller, Rodriguez and Sauer",04/23/2025
225,Dulci,Henkmann,dhenkmann68@rediff.com,Female,2009,Porsche,Boxster,Houston,Texas,77005,US,29.7179,-95.4263,46863,Jast LLC,06/13/2023
226,Mariam,Creamer,mcreamer69@smh.com.au,Female,2009,Audi,R8,Portland,Oregon,97271,US,45.5806,-122.3748,49749,"Rippin, Schroeder and Casper",01/05/2025
227,Moore,Scrivens,mscrivens6a@yandex.ru,Male,2012,Mercedes-Benz,M-Class,Dallas,Texas,75210,US,32.7699,-96.743,73243,"Leannon, Fahey and Osinski",03/25/2022
228,Bernie,Konig,bkonig6b@ed.gov,Agender,1992,Ford,Aerostar,Oceanside,California,92056,US,33.1968,-117.2831,59142,"Hahn, Hane and Stokes",09/23/2024
229,Grove,Schuh,gschuh6c@parallels.com,Male,2000,Daewoo,Leganza,Salt Lake City,Utah,84170,US,40.6681,-111.9083,54369,O'Reilly Group,03/16/2023
230,Ogdon,Redsall,oredsall6d@java.com,Male,1990,Ford,LTD Crown Victoria,Iowa City,Iowa,52245,US,41.6649,-91.5151,58524,Price-Swift,08/28/2025
231,Nehemiah,Klimkovich,nklimkovich6e@marriott.com,Male,1986,Lamborghini,Countach,New York City,New York,10249,US,40.7808,-73.9772,92912,McLaughlin-Feil,05/04/2023
232,Thor,Coogan,tcoogan6f@amazon.co.jp,Male,1995,Chevrolet,Tahoe,Dallas,Texas,75205,US,32.826,-96.7843,74924,Lang Group,03/15/2022
233,Bertine,Halpine,bhalpine6g@instagram.com,Female,2004,Hyundai,Accent,Sacramento,California,94245,US,38.3774,-121.4444,86701,Smith-Ortiz,06/26/2024
234,Sella,Dudlestone,sdudlestone6h@walmart.com,Female,2005,Subaru,Forester,Philadelphia,Pennsylvania,19160,US,40.0018,-75.1179,54506,"Ebert, Altenwerth and Heaney",07/15/2025
235,Kathe,Cadagan,kcadagan6i@icq.com,Female,2011,Mazda,RX-8,Kansas City,Missouri,64187,US,39.035,-94.3567,42537,Turner LLC,04/17/2024
236,Sammie,Kipping,skipping6j@google.ca,Male,1994,Plymouth,Grand Voyager,Washington,District of Columbia,20057,US,38.8933,-77.0146,79579,McGlynn and Sons,10/16/2023
237,Flossy,Cullip,fcullip6k@amazonaws.com,Female,1987,Buick,Skyhawk,Richmond,Virginia,23237,US,37.4011,-77.4615,58878,Veum-Pfannerstill,06/02/2022
238,Wilden,Roelofs,wroelofs6l@t-online.de,Genderfluid,2006,Buick,LaCrosse,Chicago,Illinois,60624,US,41.8804,-87.7223,36152,Osinski LLC,07/27/2023
239,Puff,Kairns,pkairns6m@bizjournals.com,Male,2001,Ford,F-Series,Cedar Rapids,Iowa,52410,US,42.0794,-91.5992,44794,Rath Inc,02/13/2022
240,Edin,Vedstra,evedstra6n@sfgate.com,Female,2004,Ford,E350,Augusta,Georgia,30919,US,33.386,-82.091,38897,Runolfsson and Sons,10/31/2022
241,Daphene,Blakeden,dblakeden6o@yelp.com,Female,2006,Ford,F350,Toledo,Ohio,43615,US,41.6492,-83.6706,54077,"Koch, Larkin and Goyette",12/29/2024
242,Mandy,Ingle,mingle6p@vimeo.com,Polygender,1995,Chevrolet,1500,Saint Louis,Missouri,63136,US,38.7196,-90.27,81290,Ondricka Group,08/20/2023
243,Xavier,Devers,xdevers6q@intel.com,Male,2004,Oldsmobile,Silhouette,Roanoke,Virginia,24020,US,37.3589,-79.9448,32678,Hessel Inc,07/09/2022
244,Florence,Cobain,fcobain6r@ucsd.edu,Female,1997,Subaru,Alcyone SVX,Oklahoma City,Oklahoma,73152,US,35.5514,-97.4075,44707,Hirthe Group,04/09/2023
245,Alwyn,Jewell,ajewell6s@soup.io,Male,1997,Toyota,Tercel,Phoenix,Arizona,85015,US,33.5082,-112.1011,46658,"Beatty, Casper and Ebert",09/15/2023
246,Lydia,Kauschke,lkauschke6t@huffingtonpost.com,Female,1999,Honda,Passport,Charlotte,North Carolina,28230,US,35.26,-80.8042,85062,Runte-Howell,04/05/2025
247,Gasper,Sherbourne,gsherbourne6u@salon.com,Male,1993,Plymouth,Sundance,Buffalo,New York,14276,US,42.7684,-78.8871,50347,Luettgen Group,11/09/2024
248,Marj,Whight,mwhight6v@google.co.jp,Female,2008,Toyota,Sequoia,Boston,Massachusetts,02124,US,42.2868,-71.071,85647,"Kuphal, Emmerich and Smitham",10/13/2023
249,Hersh,Boich,hboich6w@123-reg.co.uk,Male,2002,Chevrolet,Camaro,Washington,District of Columbia,20525,US,38.8933,-77.0146,81042,"Bernier, Connelly and Gorczany",02/03/2023
250,Adolf,Grishakov,agrishakov6x@webmd.com,Male,2011,Chevrolet,Express 1500,Corpus Christi,Texas,78475,US,27.777,-97.4632,69190,"Pagac, Wintheiser and Sanford",08/31/2025
251,Misty,Murford,mmurford6y@ebay.co.uk,Female,2008,MINI,Cooper,West Palm Beach,Florida,33421,US,26.6459,-80.4303,60814,Murray LLC,01/20/2025
252,Hamil,Boullen,hboullen6z@nydailynews.com,Male,1998,Dodge,Avenger,Pasadena,California,91131,US,33.7866,-118.2987,62798,"Rau, Bergnaum and Strosin",05/07/2022
253,Muffin,Morin,mmorin70@google.com.au,Female,2009,Chevrolet,Cobalt,Jacksonville,Florida,32204,US,30.3189,-81.6854,73049,"Satterfield, Bogisich and Fahey",08/25/2024
254,Tobey,Lawey,tlawey71@cnbc.com,Female,2002,Mercury,Villager,Fairfax,Virginia,22036,US,38.7351,-77.0796,76113,Boyer and Sons,10/18/2024
255,Gaston,Dauby,gdauby72@zimbio.com,Male,2009,Dodge,Challenger,Lansing,Michigan,48901,US,42.5992,-84.372,87687,Gusikowski-Wisozk,07/06/2022
256,Arin,Gosnold,agosnold73@twitter.com,Male,1999,Volvo,V70,Tempe,Arizona,85284,US,33.3363,-111.9197,96612,Bashirian-Gerhold,04/04/2025
257,Suzie,Farenden,sfarenden74@jimdo.com,Female,2012,Volvo,C30,Boulder,Colorado,80328,US,40.0878,-105.3735,65651,Nienow and Sons,06/28/2023
258,Madlin,Grinyakin,mgrinyakin75@privacy.gov.au,Female,1998,Chevrolet,Malibu,Houston,Texas,77040,US,29.8744,-95.5278,75158,"Block, Parker and Rosenbaum",01/04/2024
259,Durand,Semken,dsemken76@pen.io,Male,2006,Volvo,V70,Virginia Beach,Virginia,23459,US,36.9216,-76.0171,39327,"Graham, O'Reilly and Weissnat",07/26/2022
260,Sauncho,Pow,spow77@blogger.com,Male,1991,Suzuki,SJ,Houston,Texas,77218,US,29.834,-95.4342,90427,Okuneva-Jenkins,10/02/2022
261,Reena,Glide,rglide78@nifty.com,Female,2008,Chevrolet,Impala,Salem,Oregon,97306,US,44.8685,-123.0438,83120,"Green, Heathcote and Schmitt",09/26/2024
262,Fax,Palfree,fpalfree79@forbes.com,Male,1986,Buick,LeSabre,Evansville,Indiana,47725,US,38.1071,-87.5256,70104,"Parisian, Waters and Bogisich",02/09/2023
263,Frances,Napier,fnapier7a@a8.net,Female,2009,Mercedes-Benz,CLS-Class,Fort Myers,Florida,33906,US,26.5529,-81.9486,37428,Lind and Sons,05/30/2023
264,Josh,todor,jtodor7b@ucoz.com,Male,2006,Lexus,LS,Knoxville,Tennessee,37914,US,35.9918,-83.8496,55855,Parisian-Okuneva,07/03/2024
265,Lia,MacKeever,lmackeever7c@samsung.com,Female,1988,Mitsubishi,Pajero,New York City,New York,10203,US,40.7808,-73.9772,83783,"Harber, Nitzsche and Luettgen",09/16/2023
266,Janeva,Talks,jtalks7d@ifeng.com,Female,2002,Dodge,Ram 2500,El Paso,Texas,79950,US,31.6948,-106.3,33360,Erdman-Kemmer,11/22/2023
267,Carlo,Rapper,crapper7e@arstechnica.com,Male,1989,Ford,F-Series,Hartford,Connecticut,06160,US,41.7665,-72.6933,48499,"Dach, Goodwin and Pacocha",02/23/2022
268,Genvieve,Fullerton,gfullerton7f@taobao.com,Female,2008,Honda,Pilot,Young America,Minnesota,55557,US,44.8055,-93.7665,84958,"Pagac, Homenick and O'Hara",10/10/2022
269,Dacey,Harroll,dharroll7g@google.com.br,Female,2008,Toyota,Land Cruiser,El Paso,Texas,79999,US,31.6948,-106.3,79572,"Roberts, Hermiston and Borer",09/29/2024
270,Waring,Leatherland,wleatherland7h@cmu.edu,Male,1994,Pontiac,Trans Sport,Omaha,Nebraska,68134,US,41.2949,-96.0546,76516,"Schneider, Hyatt and Spinka",04/14/2024
271,Judi,Stothard,jstothard7i@washingtonpost.com,Female,2008,Mercury,Grand Marquis,Toledo,Ohio,43656,US,41.6782,-83.4972,69624,Kozey-Huels,02/25/2024
272,Faustine,Longbothom,flongbothom7j@umich.edu,Female,1984,Mercury,Capri,Bowie,Maryland,20719,US,38.8336,-76.8777,88829,"Leannon, Grant and Kemmer",01/22/2023
273,Basia,Fordy,bfordy7k@discuz.net,Female,2010,Ford,E-Series,Kansas City,Missouri,64190,US,39.3432,-94.8516,44341,Cruickshank-Bogan,05/02/2024
274,Anny,Demaine,ademaine7l@blinklist.com,Female,1999,Chevrolet,Silverado 2500,Brea,California,92822,US,33.9187,-117.8892,67371,Tremblay-Gleichner,11/28/2024
275,Stavros,Yerrington,syerrington7m@1und1.de,Male,2007,Dodge,Caravan,Durham,North Carolina,27705,US,36.0218,-78.9478,70933,Hilpert Group,07/18/2023
276,Tomasina,Arnaut,tarnaut7n@netvibes.com,Female,2010,MINI,Cooper,Mobile,Alabama,36689,US,30.6589,-88.178,67022,Williamson LLC,12/08/2022
277,Luci,Reeken,lreeken7o@blogger.com,Female,1998,Ford,Econoline E350,Long Beach,California,90805,US,33.8635,-118.1801,85156,"Shanahan, Larson and Christiansen",03/01/2025
278,Nikos,Fierro,nfierro7p@cdc.gov,Bigender,2009,Lotus,Elise,Amarillo,Texas,79118,US,35.0763,-101.8349,34936,Gutkowski-Lebsack,06/30/2022
279,Cassie,Corse,ccorse7q@mtv.com,Male,1992,Eagle,Talon,Dallas,Texas,75210,US,32.7699,-96.743,73476,Powlowski and Sons,06/11/2023
280,Jacky,Hughlin,jhughlin7r@huffingtonpost.com,Male,1987,Buick,Regal,Washington,District of Columbia,20029,US,38.8933,-77.0146,60849,"Hane, Green and Cassin",12/12/2024
281,Gail,Huxster,ghuxster7s@php.net,Male,2006,Lexus,RX,Baton Rouge,Louisiana,70894,US,30.5159,-91.0804,50554,"Price, Maggio and Schamberger",07/12/2023
282,Demeter,Holson,dholson7t@webeden.co.uk,Genderqueer,2009,Subaru,Forester,Littleton,Colorado,80127,US,39.592,-105.1328,92898,"Collier, Miller and Reinger",04/19/2024
283,Alvinia,Kestian,akestian7u@studiopress.com,Female,1993,Mercedes-Benz,500SEC,Fort Smith,Arkansas,72916,US,35.2502,-94.3703,79586,Heidenreich LLC,10/04/2025
284,Redford,Lowdiane,rlowdiane7v@xing.com,Male,2007,BMW,5 Series,Houston,Texas,77201,US,29.834,-95.4342,90347,"Davis, Mohr and Weissnat",06/19/2025
285,Susanne,Cullum,scullum7w@t.co,Female,2003,Audi,A6,Baltimore,Maryland,21275,US,39.2847,-76.6205,84215,Gerhold Inc,12/08/2023
286,Rania,Sanderson,rsanderson7x@php.net,Polygender,2001,Ford,F-Series,Anniston,Alabama,36205,US,33.7358,-85.7933,31549,McClure Group,07/20/2023
287,Vivia,Haines,vhaines7y@archive.org,Genderfluid,2008,Infiniti,M,Milwaukee,Wisconsin,53215,US,43.006,-87.9429,44942,Dibbert Inc,07/24/2025
288,Hobey,Lavies,hlavies7z@jugem.jp,Non-binary,1988,Buick,Skylark,Newark,New Jersey,07195,US,40.7918,-74.2452,58184,Reichel Inc,02/24/2025
289,Son,Amy,samy80@cornell.edu,Male,2005,Volvo,S60,Kansas City,Kansas,66160,US,39.0966,-94.7495,33970,Purdy-Homenick,01/13/2024
290,Perle,Fleury,pfleury81@desdev.cn,Female,2009,Jeep,Wrangler,Wilmington,Delaware,19897,US,39.5645,-75.597,66568,Feeney Group,05/03/2025
291,Kassia,Tonner,ktonner82@webeden.co.uk,Female,2005,Audi,A6,Philadelphia,Pennsylvania,19178,US,40.0018,-75.1179,33754,Rath and Sons,10/11/2023
292,Dimitri,Assaf,dassaf83@who.int,Male,2007,BMW,7 Series,Jamaica,New York,11431,US,40.6869,-73.8501,57087,Bergstrom LLC,06/23/2024
293,Edith,Cawthera,ecawthera84@edublogs.org,Female,1996,Honda,Civic,Sioux Falls,South Dakota,57110,US,43.5486,-96.6332,38298,McClure LLC,10/07/2023
294,Cherri,Try,ctry85@webnode.com,Female,2000,Subaru,Outback,Miami,Florida,33147,US,25.8507,-80.2366,33876,Koelpin-Crist,02/03/2025
295,Hollyanne,Dallon,hdallon86@globo.com,Female,2012,Aston Martin,Virage,Topeka,Kansas,66642,US,39.0429,-95.7697,90619,Schneider-Nicolas,03/18/2022
296,Noby,McConnal,nmcconnal87@mtv.com,Male,1993,Ford,Bronco,Rochester,New York,14652,US,43.286,-77.6843,43042,"Bode, Hauck and Harris",12/27/2025
297,Maighdiln,Trickett,mtrickett88@mtv.com,Female,1998,Volkswagen,Jetta,Jacksonville,Florida,32230,US,30.3449,-81.6831,87914,Bogan-Hand,12/28/2024
298,Raina,Kaliszewski,rkaliszewski89@exblog.jp,Female,1995,Dodge,Caravan,Flint,Michigan,48555,US,43.0113,-83.7108,31958,Lowe-Bergnaum,07/10/2022
299,Shanan,Priel,spriel8a@sciencedaily.com,Male,1987,Volkswagen,Passat,Cincinnati,Ohio,45228,US,39.0706,-84.4179,68316,Hauck LLC,10/15/2023
300,Iggy,Krolak,ikrolak8b@scribd.com,Male,2008,Dodge,Sprinter,New York City,New York,10160,US,40.7808,-73.9772,68664,"Morissette, Walter and Hessel",01/18/2024
301,Julieta,Humbles,jhumbles8c@soup.io,Female,2009,Subaru,Impreza,Canton,Ohio,44720,US,40.8956,-81.433,61674,Sauer Inc,10/06/2023
302,Winne,Eglington,weglington8d@tuttocitta.it,Female,2003,Land Rover,Range Rover,Chesapeake,Virginia,23324,US,36.8056,-76.2666,86850,Sanford LLC,06/03/2022
303,John,Ruthen,jruthen8e@last.fm,Male,1989,Pontiac,Bonneville,San Diego,California,92127,US,33.0279,-117.0856,64815,"Walsh, O'Connell and Daniel",11/25/2025
304,Kiersten,Renackowna,krenackowna8f@msn.com,Female,2012,Kia,Forte,Saginaw,Michigan,48604,US,43.4732,-83.9514,57157,"O'Kon, Kuvalis and Rippin",02/13/2023
305,Mayer,Sphinxe,msphinxe8g@bizjournals.com,Male,1990,Acura,Legend,Watertown,Massachusetts,02472,US,42.37,-71.1773,81069,Hilll and Sons,06/07/2023
306,Jeff,Romanelli,jromanelli8h@histats.com,Male,2012,Infiniti,G37,Dayton,Ohio,45440,US,39.6749,-84.1136,91768,Gibson Group,11/10/2024
307,Englebert,Sallarie,esallarie8i@goodreads.com,Male,1990,Ford,Probe,Saint Petersburg,Florida,33737,US,27.8918,-82.7248,72446,"Tremblay, Olson and Walter",09/10/2023
308,Merilyn,Sargint,msargint8j@domainmarket.com,Female,2004,Nissan,Maxima,Wilmington,Delaware,19805,US,39.7434,-75.5827,77082,Ryan Group,11/30/2022
309,Gayla,Jenoure,gjenoure8k@free.fr,Female,1995,Volkswagen,Jetta,San Antonio,Texas,78240,US,29.5189,-98.6006,55543,Simonis-Glover,08/15/2024
310,Trey,Pearsey,tpearsey8l@dion.ne.jp,Polygender,1985,Porsche,944,Miami,Florida,33147,US,25.8507,-80.2366,91260,Gerhold-Fay,12/25/2024
311,Roman,Bryning,rbryning8m@canalblog.com,Polygender,2010,Chevrolet,Silverado 1500,Baton Rouge,Louisiana,70815,US,30.4558,-91.0596,78066,Collins-Lowe,01/29/2026
312,Elvyn,Trengrove,etrengrove8n@nhs.uk,Male,1992,Chevrolet,Suburban 1500,Phoenix,Arizona,85077,US,33.2765,-112.1872,88981,Pouros Inc,01/14/2026
313,Deeanne,Behrens,dbehrens8o@phpbb.com,Female,1994,Plymouth,Grand Voyager,Fort Wayne,Indiana,46896,US,41.0938,-85.0707,89516,"Rolfson, McKenzie and Pagac",09/27/2022
314,Brod,Di Francecshi,bdifrancecshi8p@nifty.com,Male,1995,Ford,F-Series,Charlotte,North Carolina,28272,US,35.26,-80.8042,32402,Zboncak LLC,10/21/2024
315,Yuma,Shimman,yshimman8q@flavors.me,Male,2000,Ford,Contour,Cheyenne,Wyoming,82007,US,41.1084,-104.8107,99912,Sanford LLC,03/20/2024
316,Nikki,Jarrell,njarrell8r@histats.com,Female,2010,Pontiac,Vibe,Rochester,New York,14619,US,43.1367,-77.6481,88630,Klein LLC,02/17/2025
317,Munroe,Beacon,mbeacon8s@xrea.com,Male,1993,Volkswagen,Cabriolet,Charlotte,North Carolina,28289,US,35.26,-80.8042,74092,Berge and Sons,02/17/2024
318,Cherye,Gaukroger,cgaukroger8t@eepurl.com,Female,1992,Oldsmobile,Ciera,Cincinnati,Ohio,45249,US,39.2692,-84.3307,80798,Morissette-Jerde,10/25/2025
319,Sula,Aliman,saliman8u@ehow.com,Female,1997,Volkswagen,Eurovan,Springfield,Massachusetts,01114,US,42.1707,-72.6048,85623,Collins Group,01/28/2023
320,Austina,Boater,aboater8v@miibeian.gov.cn,Female,1995,Land Rover,Defender 90,Jackson,Mississippi,39204,US,32.2832,-90.2306,39625,Ruecker Group,12/27/2023
321,Teador,Marven,tmarven8w@macromedia.com,Male,2012,Volkswagen,Golf,New York City,New York,10184,US,40.7808,-73.9772,43388,"McDermott, Daugherty and Mueller",01/26/2023
322,Lindy,Kaveney,lkaveney8x@arstechnica.com,Non-binary,1998,Toyota,Tacoma,Jefferson City,Missouri,65105,US,38.5309,-92.2493,96739,"Lehner, Collins and Swift",03/08/2025
323,Kaiser,Mapledoram,kmapledoram8y@aboutads.info,Male,2011,Infiniti,QX56,Peoria,Illinois,61640,US,40.7857,-89.6177,47508,"Haag, Daugherty and Yundt",12/18/2023
324,Jo-anne,Beebee,jbeebee8z@squidoo.com,Female,2012,Volkswagen,Routan,Albuquerque,New Mexico,87140,US,35.0443,-106.6729,58582,Cole-Bruen,06/01/2023
325,Linda,Van Der Straaten,lvanderstraaten90@scribd.com,Female,2003,Suzuki,Aerio,Bonita Springs,Florida,34135,US,26.3771,-81.7334,66625,"Cartwright, Dibbert and Bahringer",04/30/2022
326,Mariquilla,Isoldi,misoldi91@example.com,Polygender,1997,Chevrolet,Suburban 2500,Jamaica,New York,11407,US,40.6913,-73.8059,38321,"Gerlach, Jerde and Heaney",11/24/2025
327,Karl,Royson,kroyson92@engadget.com,Male,2001,Dodge,Stratus,Los Angeles,California,90030,US,33.7866,-118.2987,81204,Wolff and Sons,02/20/2022
328,Lisbeth,Trengove,ltrengove93@squidoo.com,Female,2009,Scion,xB,Pittsburgh,Pennsylvania,15215,US,40.5048,-79.9138,84790,Rempel-Rath,12/04/2023
329,Teddy,Rudinger,trudinger94@google.cn,Female,1991,Buick,Reatta,Columbus,Ohio,43240,US,40.1454,-82.9817,32701,Rath-Glover,05/14/2023
330,Conrade,Robart,crobart95@blog.com,Male,1992,Chevrolet,G-Series G30,Birmingham,Alabama,35242,US,33.3813,-86.7046,69047,"Hirthe, Kerluke and Bode",05/13/2023
331,Stephanus,Sirkett,ssirkett96@ask.com,Male,2003,Pontiac,Montana,Washington,District of Columbia,20215,US,38.8933,-77.0146,91624,Roberts-Buckridge,08/10/2023
332,Hobart,Bradman,hbradman97@youtu.be,Agender,1999,Chrysler,Concorde,Alpharetta,Georgia,30022,US,34.0268,-84.2422,44073,Effertz LLC,04/06/2024
333,Dexter,Rountree,drountree98@google.co.uk,Genderfluid,2005,Nissan,Frontier,Oklahoma City,Oklahoma,73197,US,35.5514,-97.4075,78997,Strosin and Sons,03/18/2025
334,Sonnie,Addicote,saddicote99@seattletimes.com,Male,2000,Lincoln,LS,Modesto,California,95354,US,37.6409,-120.9749,30838,Howell-Ondricka,12/23/2022
335,Kriste,Dedenham,kdedenham9a@lycos.com,Female,2011,BMW,M3,Aurora,Colorado,80015,US,39.6255,-104.7874,40667,"Boyle, Marquardt and Turcotte",07/15/2022
336,Agace,Alkins,aalkins9b@disqus.com,Female,1988,Acura,Integra,Milwaukee,Wisconsin,53285,US,43.0174,-87.5697,74273,Dickens and Sons,06/06/2022
337,Bernadette,Holtaway,bholtaway9c@arizona.edu,Female,2004,Spyker,C8 Spyder,Reston,Virginia,20195,US,38.8318,-77.2888,52481,"Bergstrom, Kuvalis and Kovacek",05/15/2024
338,Kurtis,Bukac,kbukac9d@wikia.com,Male,1993,Buick,Riviera,Jackson,Tennessee,38308,US,35.6124,-88.8412,40420,"Corwin, Weimann and McLaughlin",08/23/2025
339,Gradeigh,Mallaby,gmallaby9e@china.com.cn,Male,1988,Suzuki,Swift,Little Rock,Arkansas,72215,US,34.7519,-92.3925,77726,Koepp-Beier,11/15/2024
340,Edita,Tudball,etudball9f@sphinn.com,Female,2013,Nissan,GT-R,Kansas City,Missouri,64109,US,39.0663,-94.5674,72588,Flatley-Hilpert,12/14/2024
341,Krissy,Mackieson,kmackieson9g@indiatimes.com,Female,2004,Mercury,Monterey,Tuscaloosa,Alabama,35405,US,33.1617,-87.5144,42553,"Rippin, Kertzmann and Rogahn",04/12/2022
342,Flynn,Waldrum,fwaldrum9h@virginia.edu,Male,1992,Mazda,MX-5,Waco,Texas,76711,US,31.5175,-97.1547,88203,Roob-Legros,01/23/2024
343,Cathyleen,Pickersgill,cpickersgill9i@scribd.com,Female,1997,Audi,riolet,Peoria,Illinois,61656,US,40.7442,-89.7184,87688,Ondricka-Glover,04/07/2025
344,Blair,Andriulis,bandriulis9j@soup.io,Male,1999,Mercedes-Benz,SLK-Class,Bradenton,Florida,34205,US,27.4841,-82.5834,69204,Stokes Group,05/17/2022
345,Bertrand,Szabo,bszabo9k@washingtonpost.com,Agender,2011,Mercedes-Benz,E-Class,San Antonio,Texas,78240,US,29.5189,-98.6006,77232,Kassulke Group,09/25/2023
346,Samuel,Loache,sloache9l@unicef.org,Male,1994,Suzuki,Swift,Newton,Massachusetts,02458,US,42.3528,-71.1875,94466,Tromp Group,02/02/2025
347,Gerrie,Philcott,gphilcott9m@imageshack.us,Female,1995,Chevrolet,2500,Tulsa,Oklahoma,74184,US,36.1398,-96.0297,62290,"Considine, Mueller and Hartmann",01/08/2026
348,Gallard,Coulman,gcoulman9n@phpbb.com,Male,2008,BMW,M5,Greensboro,North Carolina,27455,US,36.1824,-79.806,46483,Yost-Kautzer,10/27/2025
349,Ajay,Honisch,ahonisch9o@google.co.jp,Female,2003,Chevrolet,Avalanche 2500,Atlanta,Georgia,30392,US,33.8444,-84.474,95710,Blanda-Rippin,08/14/2023
350,Pris,Whiffen,pwhiffen9p@marketwatch.com,Female,1988,Volkswagen,Golf,Beaufort,South Carolina,29905,US,32.3401,-80.689,41472,Shanahan-Zieme,07/20/2022
351,Fidel,Malloy,fmalloy9q@umn.edu,Male,2001,Chrysler,Concorde,San Francisco,California,94110,US,37.7509,-122.4153,83249,Ullrich and Sons,12/05/2022
352,Taddeo,Coard,tcoard9r@gnu.org,Male,1994,Mazda,MX-5,Brooklyn,New York,11247,US,40.6451,-73.945,86943,"Hessel, Blick and Schmitt",05/10/2022
353,Brit,Bartlett,bbartlett9s@washington.edu,Female,1986,Mitsubishi,Chariot,Anaheim,California,92805,US,33.8359,-117.9086,52802,Senger-Terry,03/09/2025
354,Benedict,Jonsson,bjonsson9t@flavors.me,Male,1994,GMC,1500 Club Coupe,Los Angeles,California,90020,US,34.0665,-118.3022,30387,"Jacobson, Stroman and Grady",06/10/2025
355,Ashien,Heritege,aheritege9u@wikispaces.com,Female,2008,Volvo,XC70,Santa Barbara,California,93150,US,34.2628,-119.8486,69714,Hudson-Klocko,01/07/2026
356,Martie,Empleton,mempleton9v@elegantthemes.com,Male,1985,Audi,5000S,Salem,Oregon,97312,US,44.9364,-123.0381,47439,Dooley-Kassulke,04/16/2025
357,Ailina,Mitrikhin,amitrikhin9w@xrea.com,Genderfluid,2006,Jaguar,X-Type,Salt Lake City,Utah,84145,US,40.6681,-111.9083,84058,Gusikowski-Runolfsson,10/26/2023
358,Lucho,Shufflebotham,lshufflebotham9x@netlog.com,Male,1991,Maserati,430,Saint Paul,Minnesota,55123,US,44.806,-93.1409,70162,"Pfannerstill, Schiller and Lynch",06/29/2025
359,Cordie,Andre,candre9y@unblog.fr,Female,1991,Ford,Mustang,Toledo,Ohio,43656,US,41.6782,-83.4972,58959,Dooley-Smith,04/29/2023
360,Alan,Tattershall,atattershall9z@flickr.com,Agender,1992,Dodge,Caravan,Birmingham,Alabama,35205,US,33.4951,-86.8059,76659,"Roob, Mills and Schinner",07/08/2025
361,Alessandro,Colgrave,acolgravea0@nbcnews.com,Male,2008,Toyota,Sienna,Trenton,New Jersey,08619,US,40.2418,-74.6962,51140,Upton LLC,10/10/2022
362,Roscoe,Crosby,rcrosbya1@unicef.org,Male,1966,Pontiac,Bonneville,Levittown,Pennsylvania,19058,US,40.3286,-75.1028,43996,Mueller-Shields,01/06/2025
363,Pattin,Galloway,pgallowaya2@discuz.net,Male,1994,Plymouth,Laser,Phoenix,Arizona,85030,US,33.2765,-112.1872,47247,"Greenfelder, Wisoky and Hoppe",08/20/2022
364,Maurizia,Rotham,mrothama3@narod.ru,Female,2001,Volkswagen,GTI,Glendale,Arizona,85305,US,33.5291,-112.2482,59642,"Lueilwitz, Gleichner and Hermiston",10/31/2022
365,Roana,Haryngton,rharyngtona4@cafepress.com,Female,2012,Infiniti,QX,Young America,Minnesota,55564,US,44.8055,-93.7665,49558,Little-Lemke,02/07/2022
366,Tilly,Redwood,tredwooda5@dagondesign.com,Female,2008,Acura,RDX,Odessa,Texas,79764,US,31.8767,-102.4375,74399,Glover and Sons,09/21/2025
367,Mirelle,Paschek,mpascheka6@lulu.com,Female,2012,Hyundai,Elantra,Duluth,Minnesota,55811,US,46.8147,-92.1998,94427,Sauer-Cronin,01/28/2025
368,Geri,Igoe,gigoea7@unicef.org,Male,2011,Porsche,Boxster,Suffolk,Virginia,23436,US,36.8926,-76.5142,38709,"Stehr, Kilback and Smitham",06/01/2025
369,Berkley,Pott,bpotta8@japanpost.jp,Non-binary,2011,Chevrolet,Volt,Sacramento,California,94286,US,38.3774,-121.4444,75124,Feeney and Sons,06/28/2022
370,Josephina,German,jgermana9@hatena.ne.jp,Female,1996,Plymouth,Neon,Morgantown,West Virginia,26505,US,39.6505,-79.944,62683,"Hoppe, Von and Jones",01/07/2025
371,Sarge,Menghi,smenghiaa@wp.com,Male,2012,Lotus,Exige,Spokane,Washington,99260,US,47.6536,-117.4317,35796,Hills Inc,08/03/2024
372,Meyer,Giovanizio,mgiovanizioab@i2i.jp,Male,2003,Saturn,VUE,Waco,Texas,76705,US,31.6403,-97.0963,36125,Roberts-Gerhold,02/22/2025
373,Camey,Netley,cnetleyac@quantcast.com,Male,1970,Mercury,Cougar,Frederick,Maryland,21705,US,39.47,-77.3921,91959,Rutherford Group,04/23/2025
374,Ody,Cratchley,ocratchleyad@cisco.com,Male,2010,Dodge,Ram,Birmingham,Alabama,35215,US,33.6493,-86.7057,98284,Hamill-Raynor,04/15/2023
375,Jacintha,Pennock,jpennockae@wordpress.com,Female,2004,Chevrolet,Blazer,Indianapolis,Indiana,46266,US,39.7795,-86.1328,84990,"Osinski, Zulauf and Aufderhar",07/25/2022
376,Ardine,Arnatt,aarnattaf@netlog.com,Female,1994,GMC,Vandura 2500,Topeka,Kansas,66622,US,39.0429,-95.7697,91205,Hermiston-O'Hara,12/29/2022
377,Myer,Bastow,mbastowag@deviantart.com,Genderqueer,2010,Bentley,Continental GTC,Cleveland,Ohio,44118,US,41.5008,-81.5516,46633,"Turner, Satterfield and Toy",12/15/2023
378,Horst,O'Corr,hocorrah@nba.com,Male,1990,Volkswagen,Golf,Minneapolis,Minnesota,55470,US,45.0159,-93.4719,31185,Hilll Group,08/19/2025
379,Barbabra,Castells,bcastellsai@amazon.com,Female,1984,Honda,Accord,Baton Rouge,Louisiana,70820,US,30.3795,-91.1671,92966,Glover-Mante,08/18/2022
380,Brodie,Grogona,bgrogonaaj@va.gov,Male,2007,Audi,S8,Philadelphia,Pennsylvania,19141,US,40.0365,-75.1451,90267,Lesch and Sons,12/10/2024
381,Trevor,Dorrell,tdorrellak@nytimes.com,Male,2007,BMW,6 Series,Dayton,Ohio,45432,US,39.739,-84.0856,75901,Borer Inc,03/31/2023
382,Beilul,Wattisham,bwattishamal@mediafire.com,Female,1984,Mitsubishi,Pajero,Little Rock,Arkansas,72222,US,34.7519,-92.3925,55439,"Gulgowski, Conroy and Torphy",04/25/2023
383,Berkeley,De Leek,bdeleekam@discuz.net,Male,2013,Scion,FR-S,New Haven,Connecticut,06538,US,41.3657,-72.9275,59739,"Considine, Monahan and Gusikowski",07/08/2023
384,Harmonie,Syddon,hsyddonan@globo.com,Female,2005,Toyota,Tacoma,Los Angeles,California,90015,US,34.0434,-118.2716,82289,Schultz-Hirthe,02/15/2024
385,Dulsea,Vlasyuk,dvlasyukao@latimes.com,Female,1994,Plymouth,Acclaim,Orlando,Florida,32859,US,28.4429,-81.4026,56098,Dibbert LLC,11/03/2023
386,Lance,Munkley,lmunkleyap@wordpress.org,Male,1998,Jeep,Wrangler,Columbus,Ohio,43240,US,40.1454,-82.9817,47968,Jacobson-Leffler,07/16/2023
387,Bette,Boydle,bboydleaq@ehow.com,Female,2006,Dodge,Dakota,Washington,District of Columbia,20540,US,38.8874,-77.0047,89682,"Wolff, Metz and Rath",06/18/2024
388,Joan,Kirkland,jkirklandar@huffingtonpost.com,Female,1988,Audi,5000S,Corpus Christi,Texas,78405,US,27.7762,-97.4271,46265,"Block, Daugherty and Morissette",04/09/2023
389,Lonee,Aspital,laspitalas@ifeng.com,Female,2012,Hyundai,Elantra,Tulsa,Oklahoma,74184,US,36.1398,-96.0297,46819,Bruen-O'Hara,06/28/2022
390,Inge,Ends,iendsat@tinypic.com,Female,2001,Mitsubishi,Diamante,Las Vegas,Nevada,89193,US,35.9279,-114.9721,83707,"Gislason, Howell and Casper",02/26/2023
391,Camellia,Wainwright,cwainwrightau@sbwire.com,Female,2008,Acura,MDX,Saint Louis,Missouri,63143,US,38.6111,-90.3225,92361,Reynolds LLC,12/18/2022
392,Denis,Hullock,dhullockav@miitbeian.gov.cn,Male,2008,Pontiac,Vibe,Arlington,Virginia,22244,US,38.8545,-77.052,71249,Will Inc,10/08/2022
393,Maximilian,Morin,mmorinaw@bizjournals.com,Male,1997,Oldsmobile,Aurora,Inglewood,California,90310,US,33.7866,-118.2987,61456,Koss-Feest,01/27/2024
394,Trev,Rainsbury,trainsburyax@spotify.com,Male,1994,Dodge,Viper,Trenton,New Jersey,08638,US,40.251,-74.7627,53596,"Friesen, Waters and Turcotte",09/14/2023
395,Mannie,Zincke,mzinckeay@cmu.edu,Male,1993,Mitsubishi,Mighty Max Macro,Boston,Massachusetts,02163,US,42.3253,-71.1122,49303,"Miller, Gutmann and Heathcote",05/22/2023
396,Gardie,Pennell,gpennellaz@privacy.gov.au,Male,1992,Chevrolet,Suburban 1500,Youngstown,Ohio,44511,US,41.0704,-80.6931,82245,Rowe Inc,05/06/2023
397,Kevina,Varran,kvarranb0@globo.com,Female,1989,Ford,Ranger,Omaha,Nebraska,68179,US,41.2917,-96.1711,54229,Hartmann-Hayes,01/11/2024
398,Gayle,Donet,gdonetb1@soup.io,Genderqueer,1993,Pontiac,Grand Am,Washington,District of Columbia,20591,US,38.8933,-77.0146,50601,Treutel-Bergnaum,03/31/2022
399,Lawry,Friman,lfrimanb2@sciencedaily.com,Male,2004,Dodge,Viper,Houston,Texas,77240,US,29.834,-95.4342,89123,Mann-Watsica,01/14/2026
400,Reina,Austwick,raustwickb3@geocities.com,Female,2001,Subaru,Legacy,Corpus Christi,Texas,78426,US,27.777,-97.4632,30855,Lemke and Sons,10/13/2025
401,Toiboid,Orrocks,torrocksb4@jigsy.com,Male,1998,Toyota,Tacoma,Dallas,Texas,75310,US,32.7673,-96.7776,63670,Lubowitz LLC,12/21/2025
402,Erna,O'Rourke,eorourkeb5@webs.com,Female,2008,Chevrolet,Silverado 3500,Nashville,Tennessee,37245,US,36.1866,-86.7852,64657,Emmerich and Sons,09/17/2022
403,Alexandrina,Bullman,abullmanb6@examiner.com,Female,1995,Suzuki,Sidekick,New York City,New York,10034,US,40.8662,-73.9221,63535,Greenholt-Mueller,05/15/2025
404,Pancho,Mussington,pmussingtonb7@issuu.com,Agender,1988,Volkswagen,GTI,Honolulu,Hawaii,96815,US,21.2811,-157.8266,91270,Breitenberg-Abbott,09/13/2023
405,Cilka,Ryam,cryamb8@seesaa.net,Female,2010,Aston Martin,DB9,Lansing,Michigan,48901,US,42.5992,-84.372,84579,MacGyver-Conn,02/23/2022
406,Nelli,Gilcrist,ngilcristb9@elpais.com,Female,2004,Toyota,Tundra,Raleigh,North Carolina,27621,US,35.7977,-78.6253,95930,Johnson-Bahringer,10/22/2023
407,Merilyn,Wilsey,mwilseyba@1688.com,Female,1976,Dodge,Aspen,Knoxville,Tennessee,37995,US,35.9901,-83.9622,43670,Upton Group,07/26/2024
408,Heath,Waite,hwaitebb@npr.org,Male,2002,GMC,Yukon XL 2500,Atlanta,Georgia,31165,US,33.7629,-84.4226,79197,Schinner and Sons,01/14/2024
409,Lorry,Burden,lburdenbc@jigsy.com,Male,2007,BMW,Alpina B7,Washington,District of Columbia,20580,US,38.8933,-77.0146,57569,Nolan-Heller,04/13/2023
410,Shaine,Ummfrey,summfreybd@europa.eu,Male,1998,Kia,Sportage,Lexington,Kentucky,40505,US,38.0612,-84.4583,41180,"Wilkinson, Crona and Connelly",02/04/2022
411,Claiborne,Tatters,ctattersbe@yahoo.com,Male,1990,Ford,Festiva,Sacramento,California,94250,US,38.3774,-121.4444,94051,Okuneva and Sons,02/13/2023
412,Brigitta,Steggals,bsteggalsbf@histats.com,Female,2008,Chevrolet,Aveo,Charlottesville,Virginia,22903,US,38.0339,-78.4924,60410,Prosacco-Bernier,09/12/2025
413,Herby,Kenlin,hkenlinbg@gravatar.com,Male,1992,Ford,Taurus,Montgomery,Alabama,36195,US,32.3544,-86.2843,62940,Bechtelar-Adams,02/05/2025
414,Sonia,Solomon,ssolomonbh@umich.edu,Female,2009,Ford,Taurus X,Richmond,Virginia,23220,US,37.5498,-77.4588,88787,Lakin and Sons,08/13/2023
415,Hagen,Caine,hcainebi@npr.org,Male,1963,Austin,Mini Cooper S,Virginia Beach,Virginia,23471,US,36.7957,-76.0126,38559,"Kuhic, Nitzsche and Kuphal",07/23/2024
416,Danyette,Crennell,dcrennellbj@cnbc.com,Female,2007,GMC,Savana 2500,Irvine,California,92717,US,33.6462,-117.8398,37396,Dare-Braun,02/27/2022
417,Jeremias,Grinnikov,jgrinnikovbk@nature.com,Non-binary,2010,Nissan,Pathfinder,New York City,New York,10019,US,40.7651,-73.9858,93498,Mayer-Stanton,07/23/2022
418,Wini,Whiteson,wwhitesonbl@jimdo.com,Female,2011,Audi,A5,Philadelphia,Pennsylvania,19146,US,39.9379,-75.1794,68563,Lesch LLC,01/07/2025
419,Marcellus,Dornin,mdorninbm@techcrunch.com,Male,2011,Mazda,Mazda2,Minneapolis,Minnesota,55412,US,45.0242,-93.302,36709,Anderson-Upton,07/28/2022
420,Prinz,Kohrs,pkohrsbn@de.vu,Male,1991,Audi,Coupe Quattro,Baltimore,Maryland,21203,US,39.2847,-76.6205,75426,"Pouros, Funk and Tillman",05/01/2023
421,Cortie,Ruttgers,cruttgersbo@ameblo.jp,Male,1999,Mitsubishi,Pajero,Boston,Massachusetts,02119,US,42.3231,-71.0846,95768,"Beer, Donnelly and Lueilwitz",07/16/2024
422,Gonzales,Bowdrey,gbowdreybp@wp.com,Male,2004,Volvo,C70,Corpus Christi,Texas,78405,US,27.7762,-97.4271,96828,"Flatley, Schmidt and Robel",01/31/2023
423,Ketty,Polson,kpolsonbq@imgur.com,Female,1992,GMC,Safari,San Antonio,Texas,78255,US,29.6701,-98.6873,58451,Blanda-VonRueden,11/28/2023
424,Bernete,Shalders,bshaldersbr@goodreads.com,Bigender,2009,Hyundai,Accent,San Bernardino,California,92415,US,34.84,-115.9671,63966,Torp-Effertz,08/26/2022
425,Mick,Kenworth,mkenworthbs@smugmug.com,Male,1978,Chevrolet,Corvette,Lakeland,Florida,33811,US,27.9865,-82.0139,80484,Cormier LLC,02/04/2022
426,Darell,Kauscher,dkauscherbt@nba.com,Female,1998,Pontiac,Trans Sport,Winston Salem,North Carolina,27105,US,36.144,-80.2376,83101,"Mann, Gusikowski and Friesen",06/03/2025
427,Elane,Redington,eredingtonbu@lycos.com,Female,1998,Oldsmobile,Regency,Albuquerque,New Mexico,87195,US,35.0443,-106.6729,63205,Fay Inc,05/07/2022
428,Athene,Tuckwood,atuckwoodbv@wp.com,Female,1993,Ford,Thunderbird,Honolulu,Hawaii,96825,US,21.2987,-157.6985,65407,Jast LLC,11/13/2024
429,Madalena,Border,mborderbw@diigo.com,Female,2006,Hyundai,Azera,Charlotte,North Carolina,28272,US,35.26,-80.8042,57831,Parisian-Langosh,04/15/2023
430,Dilan,Savaage,dsavaagebx@cmu.edu,Male,1990,Ford,Bronco,Springfield,Missouri,65898,US,37.1803,-93.2951,41089,Smith-Christiansen,12/11/2023
431,Jessi,Pull,jpullby@qq.com,Female,2009,Ford,Mustang,Indianapolis,Indiana,46295,US,39.7795,-86.1328,46141,Littel Group,06/24/2022
432,Ortensia,Couvert,ocouvertbz@cmu.edu,Female,1995,Porsche,928,Charleston,West Virginia,25389,US,38.354,-81.6394,96868,Kris Group,08/18/2022
433,Adriana,Burwell,aburwellc0@flavors.me,Female,2003,Lexus,SC,Wilkes Barre,Pennsylvania,18706,US,41.2044,-75.9113,74864,"Harber, Leannon and Gleichner",11/07/2025
434,Ricca,Blench,rblenchc1@sciencedaily.com,Female,2012,Chevrolet,Suburban 2500,Kansas City,Missouri,64190,US,39.3432,-94.8516,31011,Jerde Inc,11/24/2024
435,Myrtle,Chastey,mchasteyc2@icio.us,Female,2001,Nissan,Sentra,Tulsa,Oklahoma,74193,US,36.1398,-96.0297,75638,Koelpin Inc,04/25/2025
436,Dianemarie,MacAlees,dmacaleesc3@si.edu,Female,2008,Volkswagen,Passat,Chicago,Illinois,60669,US,41.8119,-87.6873,62190,"Heaney, Gutkowski and Gottlieb",12/15/2024
437,Melitta,Giovannoni,mgiovannonic4@scribd.com,Female,1999,Ford,Econoline E350,Littleton,Colorado,80126,US,39.5437,-104.9691,63760,Erdman Group,10/09/2025
438,Lauritz,Phillipson,lphillipsonc5@cbsnews.com,Male,2009,Chevrolet,Express,Lincoln,Nebraska,68524,US,40.8529,-96.7943,41442,Feest Inc,01/08/2025
439,Vonnie,Charlet,vcharletc6@sbwire.com,Female,1969,Chevrolet,Corvette,Atlanta,Georgia,30392,US,33.8444,-84.474,65830,Corwin Group,12/26/2022
440,Briano,Ritelli,britellic7@scribd.com,Genderfluid,1994,BMW,7 Series,Jackson,Tennessee,38308,US,35.6124,-88.8412,47297,Ullrich-Aufderhar,10/21/2025
441,Shelton,Beart,sbeartc8@is.gd,Male,1995,Hyundai,Scoupe,Irvine,California,92619,US,33.6706,-117.7645,64074,"Dach, Kautzer and Stiedemann",09/10/2024
442,Ninetta,Groven,ngrovenc9@wordpress.org,Female,1989,Buick,Reatta,San Diego,California,92176,US,33.0169,-116.846,63576,"Rice, Jacobi and Daniel",12/16/2023
443,Veda,Javes,vjavesca@wunderground.com,Non-binary,2005,Jeep,Liberty,Portsmouth,Virginia,23705,US,36.8686,-76.3552,32253,Fay-Osinski,08/13/2025
444,Dall,Reeds,dreedscb@wp.com,Male,1984,Pontiac,Firefly,Saint Petersburg,Florida,33737,US,27.8918,-82.7248,47360,O'Reilly-Jast,02/10/2023
445,Regine,Phythien,rphythiencc@blogger.com,Female,2010,Chevrolet,Suburban,Racine,Wisconsin,53405,US,42.7161,-87.8233,85392,Satterfield-Tromp,03/22/2023
446,Kristien,Nutley,knutleycd@rediff.com,Female,2002,Nissan,Xterra,Metairie,Louisiana,70005,US,30.0005,-90.1331,99133,"Miller, Douglas and Pollich",01/20/2024
447,Carmel,Gregh,cgreghce@drupal.org,Female,2003,GMC,Sierra 1500,Melbourne,Florida,32919,US,28.3067,-80.6862,32331,Barton-Gulgowski,01/14/2024
448,Moira,Pringer,mpringercf@uol.com.br,Female,2003,Subaru,Forester,Saint Louis,Missouri,63150,US,38.6531,-90.2435,71007,"Casper, Rosenbaum and Feest",11/17/2022
449,Tobey,Ambrose,tambrosecg@ucla.edu,Female,2004,Mitsubishi,Montero Sport,Montgomery,Alabama,36119,US,32.2334,-86.2085,58921,Homenick-Emmerich,11/04/2022
450,Pearce,Bangley,pbangleych@networkadvertising.org,Male,2011,Mitsubishi,Galant,Salinas,California,93907,US,36.7563,-121.6703,54002,"Connelly, Blanda and Kutch",08/31/2023
451,Gibby,Druery,gdrueryci@istockphoto.com,Male,2001,Hyundai,Santa Fe,Lynchburg,Virginia,24503,US,37.4376,-79.205,78255,Wunsch-Trantow,10/04/2025
452,Fabe,Thyer,fthyercj@odnoklassniki.ru,Male,2006,BMW,325,Baton Rouge,Louisiana,70826,US,30.5159,-91.0804,64055,Leffler-Boyle,06/20/2022
453,Scott,Crumb,scrumbck@themeforest.net,Male,1999,Dodge,Grand Caravan,Appleton,Wisconsin,54915,US,44.2425,-88.3564,95748,Boyer-Nicolas,08/03/2025
454,Gizela,Rosenbush,grosenbushcl@wunderground.com,Female,1995,Ford,Explorer,Glendale,Arizona,85305,US,33.5291,-112.2482,70648,Schaden Inc,09/27/2024
455,Catie,MacCole,cmaccolecm@sun.com,Female,1992,Nissan,300ZX,San Francisco,California,94116,US,37.7441,-122.4863,92512,Turner and Sons,07/24/2023
456,Paulie,Duchenne,pduchennecn@cbc.ca,Female,2002,Acura,CL,New York City,New York,10105,US,40.7628,-73.9785,60626,Heaney-Jerde,08/24/2025
457,Janaye,Goldsworthy,jgoldsworthyco@foxnews.com,Female,2010,Ford,E250,Boca Raton,Florida,33499,US,26.6459,-80.4303,39581,Luettgen-Koch,07/27/2025
458,Cairistiona,Crucitti,ccrucitticp@rediff.com,Female,2004,Chevrolet,Tracker,Everett,Washington,98206,US,47.8599,-122.2848,51205,Sauer-Lesch,03/18/2022
459,Jordana,St Quenin,jstquenincq@latimes.com,Non-binary,1994,Chevrolet,Impala,Phoenix,Arizona,85020,US,33.5623,-112.0559,80848,Monahan LLC,10/10/2024
460,Cross,Giacomoni,cgiacomonicr@delicious.com,Male,1993,Toyota,Paseo,Washington,District of Columbia,20337,US,38.8933,-77.0146,47095,Muller-Kautzer,09/02/2024
461,Bertrand,Sibbert,bsibbertcs@latimes.com,Male,2007,Bentley,Continental Flying Spur,Macon,Georgia,31210,US,32.8926,-83.7455,62497,Veum-Mertz,10/07/2024
462,Jo ann,Chadband,jchadbandct@statcounter.com,Bigender,2006,Isuzu,i-Series,Norfolk,Virginia,23514,US,36.9312,-76.2397,84670,Kling-Schulist,07/17/2025
463,Ara,Leere,aleerecu@goodreads.com,Polygender,2010,Volvo,V50,Rockford,Illinois,61105,US,42.3254,-89.1705,85398,Batz-Hermann,09/03/2022
464,Locke,Caris,lcariscv@unblog.fr,Male,2002,Lexus,LS,Tacoma,Washington,98405,US,47.2484,-122.4644,41940,Swaniawski-Schamberger,11/22/2025
465,Pammy,Scothorne,pscothornecw@issuu.com,Female,2010,Ford,F-Series Super Duty,Lexington,Kentucky,40576,US,38.0283,-84.4715,38128,Nikolaus-Marks,12/12/2025
466,Aguie,Donkersley,adonkersleycx@webnode.com,Male,1972,Ford,Mustang,Rochester,New York,14604,US,43.1577,-77.608,97613,"Hackett, Mertz and Fritsch",09/28/2024
467,Laurel,Freke,lfrekecy@ebay.com,Female,1992,Plymouth,Grand Voyager,Hartford,Connecticut,06140,US,41.7918,-72.7188,90038,Block-Kulas,01/03/2024
468,Burnard,Gamell,bgamellcz@china.com.cn,Male,2007,Ford,Crown Victoria,Seattle,Washington,98109,US,47.6339,-122.3476,59925,"Feeney, Gleichner and O'Connell",07/10/2023
469,Ford,Ocheltree,focheltreed0@printfriendly.com,Male,2008,Saab,9-5,Washington,District of Columbia,20442,US,38.896,-77.0177,60024,"Runolfsdottir, Doyle and Greenfelder",02/22/2022
470,Leonelle,Badam,lbadamd1@fda.gov,Female,2011,Chevrolet,HHR,Greenville,South Carolina,29610,US,34.8497,-82.4538,32383,Harris-Anderson,11/15/2022
471,Freddy,Stones,fstonesd2@indiatimes.com,Male,2007,Infiniti,QX,Chesapeake,Virginia,23324,US,36.8056,-76.2666,92457,Rice and Sons,05/20/2024
472,Selby,Drexel,sdrexeld3@tinyurl.com,Male,1960,Fillmore,Fillmore,Spokane,Washington,99215,US,47.6536,-117.4317,78900,Grady Inc,07/03/2024
473,Gilles,Millett,gmillettd4@newyorker.com,Male,2007,Chevrolet,Suburban 1500,Boca Raton,Florida,33487,US,26.4116,-80.0928,49479,"Terry, Powlowski and Nienow",03/15/2022
474,Karina,Beatson,kbeatsond5@linkedin.com,Female,2001,Honda,Passport,Silver Spring,Maryland,20918,US,39.144,-77.2076,85960,"Goyette, Donnelly and Simonis",04/16/2025
475,Emlynne,Crisford,ecrisfordd6@addtoany.com,Female,2007,Bentley,Continental,Torrance,California,90505,US,33.8106,-118.3507,83568,Bradtke-Mann,06/21/2023
476,Tallulah,Reef,treefd7@paypal.com,Female,1985,Lincoln,Town Car,New York City,New York,10115,US,40.8111,-73.9642,39651,Reichert Group,03/18/2022
477,Scottie,Bartalot,sbartalotd8@discuz.net,Agender,2004,Jeep,Wrangler,Baton Rouge,Louisiana,70836,US,30.392,-91.0892,58604,Murphy and Sons,11/24/2023
478,Abbi,Ody,aodyd9@china.com.cn,Female,1998,Mazda,MPV,Norfolk,Virginia,23520,US,36.9312,-76.2397,84548,Ebert-Torphy,07/30/2024
479,Denver,Maharg,dmahargda@jigsy.com,Male,2005,Mazda,RX-8,Philadelphia,Pennsylvania,19146,US,39.9379,-75.1794,76058,"Langosh, Stoltenberg and Cummerata",03/02/2022
480,Abey,Maith,amaithdb@huffingtonpost.com,Male,1989,BMW,6 Series,Bethlehem,Pennsylvania,18018,US,40.6278,-75.3928,68119,Kohler LLC,10/12/2025
481,Lettie,Outibridge,loutibridgedc@msn.com,Genderfluid,2002,Suzuki,Grand Vitara,Young America,Minnesota,55557,US,44.8055,-93.7665,67779,Schamberger LLC,08/17/2025
482,Joete,Delacroux,jdelacrouxdd@netvibes.com,Female,2001,Chevrolet,Express 3500,Minneapolis,Minnesota,55470,US,45.0159,-93.4719,46034,Okuneva-Zemlak,12/24/2025
483,Ianthe,Nana,inanade@shutterfly.com,Female,2004,MINI,Cooper,Columbia,South Carolina,29225,US,34.006,-80.9708,75306,McClure Group,09/03/2023
484,Silvano,Cran,scrandf@wordpress.com,Male,2003,Toyota,Tacoma,El Paso,Texas,88546,US,31.6948,-106.3,46801,Tromp and Sons,12/12/2025
485,Stefano,Lisciardelli,slisciardellidg@nih.gov,Male,1994,Plymouth,Sundance,Pasadena,California,91199,US,34.1478,-118.1436,73881,Johnston-Olson,05/08/2023
486,Pren,Blackler,pblacklerdh@tamu.edu,Male,2011,Ford,Escape,Denton,Texas,76210,US,33.1428,-97.0727,97726,"Gerlach, Wolf and Barton",12/16/2024
487,Clair,Bemand,cbemanddi@phpbb.com,Female,2008,Isuzu,i-370,Carol Stream,Illinois,60158,US,41.9166,-88.1208,78357,Lynch-Koelpin,05/02/2022
488,Elliott,Capun,ecapundj@discovery.com,Male,2008,Pontiac,G8,Roanoke,Virginia,24009,US,37.2742,-79.9579,46312,Daugherty Group,12/10/2024
489,Donnie,Westwell,dwestwelldk@arizona.edu,Male,1985,Volkswagen,Cabriolet,Columbus,Ohio,43268,US,39.969,-83.0114,35772,"Medhurst, Frami and Walker",05/02/2022
490,Arnaldo,Goulborn,agoulborndl@cbsnews.com,Male,2010,Chrysler,300,Port Charlotte,Florida,33954,US,27.0228,-82.1108,38285,Gleichner Group,06/11/2023
491,Dominick,Beckmann,dbeckmanndm@google.ru,Male,1994,GMC,Vandura 1500,Portsmouth,New Hampshire,00214,US,43.0059,-71.0132,60553,"Bode, Wolff and Mayer",01/14/2025
492,Guntar,McCraine,gmccrainedn@mozilla.com,Male,2002,Chevrolet,Camaro,Fort Myers,Florida,33994,US,26.5529,-81.9486,59106,Nitzsche-Kohler,12/15/2023
493,Franky,Reiach,freiachdo@360.cn,Female,2004,Pontiac,Bonneville,San Francisco,California,94159,US,37.7848,-122.7278,54670,Pagac-West,11/30/2024
494,Cybil,Dunbleton,cdunbletondp@hao123.com,Female,1987,Mitsubishi,Chariot,Cincinnati,Ohio,45238,US,39.1092,-84.6108,74278,"Borer, Schuster and Friesen",12/15/2023
495,Thebault,Ambrosoni,tambrosonidq@yellowpages.com,Male,2007,BMW,X5,Philadelphia,Pennsylvania,19131,US,39.9845,-75.2282,80859,Buckridge LLC,03/01/2022
496,Mary,Loughman,mloughmandr@mail.ru,Female,2006,Saturn,Relay,Miami,Florida,33129,US,25.7559,-80.2013,46028,"Johns, Davis and Yost",03/07/2023
497,Zachary,Clynmans,zclynmansds@marketwatch.com,Male,1995,Lexus,GS,Peoria,Illinois,61635,US,40.7442,-89.7184,93619,Kihn Inc,08/17/2022
498,Gallagher,Beining,gbeiningdt@marriott.com,Male,1994,Toyota,Land Cruiser,Houston,Texas,77288,US,29.834,-95.4342,59434,Dibbert-Champlin,12/25/2024
499,Kipp,Instrell,kinstrelldu@craigslist.org,Male,1989,Lincoln,Town Car,Prescott,Arizona,86305,US,34.8185,-112.9584,76558,O'Reilly-Klein,10/13/2024
500,Georgina,Feldberg,gfeldbergdv@infoseek.co.jp,Female,2012,Infiniti,QX,Toledo,Ohio,43656,US,41.6782,-83.4972,36959,"Hilpert, Hoppe and Kozey",08/13/2022
501,Rog,Eastwood,reastwooddw@noaa.gov,Male,2005,Volvo,XC90,Winston Salem,North Carolina,27157,US,36.0275,-80.2073,92680,O'Conner-Lynch,07/09/2023
502,May,Ivanets,mivanetsdx@nbcnews.com,Female,1993,BMW,8 Series,Beaufort,South Carolina,29905,US,32.3401,-80.689,35347,"Swaniawski, Rosenbaum and Bruen",02/16/2023
503,Donnie,Millyard,dmillyarddy@timesonline.co.uk,Female,2004,Dodge,Ram 3500,Washington,District of Columbia,20005,US,38.9067,-77.0312,82294,Funk and Sons,07/17/2022
504,Morgun,Werny,mwernydz@google.com.br,Male,2009,Dodge,Ram 2500,Huntington,West Virginia,25770,US,38.4134,-82.2774,47440,"Boyer, Dicki and McKenzie",06/01/2025
505,Regine,Hatt,rhatte0@trellian.com,Female,2003,Volkswagen,Golf,Wilmington,Delaware,19897,US,39.5645,-75.597,35920,Hahn LLC,07/23/2024
506,Doug,Hernik,dhernike1@instagram.com,Polygender,2006,Subaru,Tribeca,Louisville,Kentucky,40220,US,38.2149,-85.6245,88667,Jast and Sons,12/30/2025
507,Wilmar,Womersley,wwomersleye2@tuttocitta.it,Male,2011,Lotus,Evora,Joliet,Illinois,60435,US,41.5454,-88.1299,41944,Walsh-Durgan,09/08/2022
508,Burg,Lavers,blaverse3@theguardian.com,Male,2002,Audi,Allroad,Toledo,Ohio,43699,US,41.6538,-83.6589,33795,"Moore, Pfannerstill and D'Amore",03/20/2022
509,Lissi,Dumper,ldumpere4@360.cn,Genderqueer,1985,Audi,4000s,Jackson,Mississippi,39282,US,32.3113,-90.3972,66316,Kemmer LLC,12/27/2025
510,Sebastien,Eborn,seborne5@dailymotion.com,Male,1993,Lincoln,Continental,Rochester,New York,14639,US,43.286,-77.6843,53776,"Goodwin, Prohaska and Runolfsson",08/23/2024
511,Gilles,Pirkis,gpirkise6@wordpress.org,Male,2006,Subaru,Tribeca,Silver Spring,Maryland,20918,US,39.144,-77.2076,75813,Ward-Durgan,01/27/2026
512,Shane,Di Domenico,sdidomenicoe7@umn.edu,Non-binary,1988,Acura,Integra,Burbank,California,91520,US,34.1869,-118.348,38781,"Bernier, Greenfelder and Bashirian",04/16/2025
513,Garwin,Manntschke,gmanntschkee8@mapquest.com,Male,1999,Chevrolet,Malibu,Orlando,Florida,32819,US,28.4522,-81.4678,81220,"Williamson, Moen and Osinski",05/25/2023
514,Guthrey,Komorowski,gkomorowskie9@dropbox.com,Male,1994,Eagle,Vision,Whittier,California,90605,US,33.9413,-118.0356,85670,"Jacobs, Hickle and Mosciski",11/14/2024
515,Cary,Mooreed,cmooreedea@wikimedia.org,Male,2007,Audi,S6,Bryan,Texas,77806,US,30.6521,-96.341,47829,"Reinger, Will and Frami",08/22/2024
516,Ralf,MacCaughen,rmaccaugheneb@hugedomains.com,Male,2000,Saturn,S-Series,Tampa,Florida,33610,US,27.9951,-82.4046,47770,"Herman, Pacocha and Rowe",07/31/2024
517,Faustina,Lambie,flambieec@diigo.com,Female,2002,Buick,Park Avenue,San Jose,California,95138,US,37.2602,-121.7709,53671,Kuvalis-Yundt,01/16/2025
518,Ralf,Newart,rnewarted@illinois.edu,Male,1995,Ford,Escort,Springfield,Illinois,62711,US,39.7655,-89.7293,86031,West-Turner,04/23/2025
519,Avictor,Dunmore,adunmoreee@samsung.com,Male,2004,Chevrolet,Venture,Springfield,Massachusetts,01152,US,42.1707,-72.6048,32687,Kihn-Roob,06/26/2023
520,Clerc,Riccardi,criccardief@cbc.ca,Male,2012,Jeep,Liberty,Dayton,Ohio,45470,US,39.7505,-84.2686,56487,Sporer Group,06/02/2023
521,Galina,Laboune,glabouneeg@wufoo.com,Female,1997,Ford,Aspire,Boise,Idaho,83711,US,43.4599,-116.244,98238,"Nikolaus, Mraz and Douglas",06/23/2025
522,Cortie,Di Pietro,cdipietroeh@dagondesign.com,Male,1999,Acura,SLX,Clearwater,Florida,33763,US,28.0173,-82.7461,87777,Parker-Cronin,05/31/2025
523,Dido,Tamblingson,dtamblingsonei@bravesites.com,Female,2007,Saab,9-3,Melbourne,Florida,32941,US,27.9246,-80.5235,97371,"Zemlak, Hegmann and Ferry",12/18/2022
524,Frankie,Carah,fcarahej@google.ca,Female,2009,Acura,MDX,Pensacola,Florida,32590,US,30.6143,-87.2758,70102,"Padberg, Greenfelder and Walker",04/01/2024
525,Marti,Haney`,mhaneyek@salon.com,Female,2000,Toyota,Tundra,Falls Church,Virginia,22047,US,38.8318,-77.2888,55341,Runolfsson-Torp,06/03/2022
526,Adan,Wilkisson,awilkissonel@army.mil,Female,2006,Suzuki,XL7,Boston,Massachusetts,02119,US,42.3231,-71.0846,85866,"O'Conner, Brekke and Hilpert",03/26/2023
527,Corey,Fihelly,cfihellyem@mit.edu,Male,1996,Nissan,Sentra,Austin,Texas,78789,US,30.3264,-97.7713,55595,"Mills, Little and Williamson",02/02/2024
528,Xavier,Cazereau,xcazereauen@apple.com,Male,1985,Audi,4000s,Washington,District of Columbia,20566,US,38.8971,-77.0554,45046,"Hayes, O'Reilly and Baumbach",03/12/2025
529,Daron,Plitz,dplitzeo@sohu.com,Female,1991,Ford,Taurus,Orlando,Florida,32835,US,28.5289,-81.4787,92065,Davis LLC,04/03/2025
530,Berget,Blowin,bblowinep@cisco.com,Female,1996,Audi,Cabriolet,San Diego,California,92132,US,32.6437,-117.1384,85478,Powlowski LLC,12/07/2023
531,Courtnay,McDyer,cmcdyereq@123-reg.co.uk,Male,2010,Nissan,Murano,Santa Cruz,California,95064,US,36.9959,-122.0578,88712,Reichel-Rau,12/22/2023
532,Husain,Colthurst,hcolthurster@netscape.com,Male,2001,Mitsubishi,Lancer,Spokane,Washington,99220,US,47.6536,-117.4317,41325,Johnson-Gleason,05/19/2024
533,Ruthie,Blackman,rblackmanes@hubpages.com,Female,2005,Toyota,MR2,New York City,New York,10280,US,40.7105,-74.0163,65724,"Medhurst, Gulgowski and Renner",03/08/2025
534,Maighdiln,Hurley,mhurleyet@gmpg.org,Female,2013,Hyundai,Sonata,Austin,Texas,78710,US,30.352,-97.7151,61636,Kohler Inc,08/18/2025
535,Melisande,Rogan,mroganeu@elpais.com,Female,2006,Ford,F-Series,Huntsville,Alabama,35805,US,34.7059,-86.6165,61976,"Klein, Effertz and Bashirian",11/26/2024
536,Robinet,Tenny,rtennyev@last.fm,Female,2012,GMC,Savana,Pittsburgh,Pennsylvania,15230,US,40.4344,-80.0248,54757,"Wilkinson, Krajcik and Smith",06/06/2023
537,Chadd,Gresch,cgreschew@ibm.com,Male,1992,Volvo,740,Raleigh,North Carolina,27615,US,35.8887,-78.6393,71870,"Becker, Conroy and Cummerata",11/03/2024
538,Catherin,Novakovic,cnovakovicex@livejournal.com,Female,2010,Toyota,4Runner,New Orleans,Louisiana,70179,US,30.033,-89.8826,31406,"Yost, Boyer and Schimmel",07/23/2022
539,Ennis,Grealy,egrealyey@hostgator.com,Male,2006,Ford,F150,Seattle,Washington,98121,US,47.6151,-122.3447,77642,Abshire Group,11/25/2025
540,Zerk,Battisson,zbattissonez@yelp.com,Male,2012,McLaren,MP4-12C,Oklahoma City,Oklahoma,73135,US,35.411,-97.4388,35566,"Mitchell, Sanford and Toy",11/01/2025
541,Kaleb,Eade,keadef0@google.es,Male,2001,Toyota,Tundra,Tampa,Florida,33615,US,28.0081,-82.5805,31258,"Leuschke, Sporer and Balistreri",07/27/2025
542,Dall,Last,dlastf1@upenn.edu,Male,2007,Mitsubishi,Outlander,Houston,Texas,77228,US,29.834,-95.4342,33785,Marks LLC,11/21/2024
543,Casey,Dodge,cdodgef2@webeden.co.uk,Male,2008,Toyota,Solara,Springfield,Missouri,65805,US,37.2581,-93.3437,99523,Kirlin and Sons,08/22/2024
544,Lydon,Aucott,laucottf3@creativecommons.org,Male,2000,Lotus,Esprit,Washington,District of Columbia,20409,US,38.8933,-77.0146,82355,Vandervort-Will,01/30/2025
545,Paxon,MacAne,pmacanef4@angelfire.com,Male,2003,Audi,S8,Arvada,Colorado,80005,US,39.8422,-105.1097,64451,"Wolff, Feeney and Howell",09/16/2024
546,Bella,Eilhermann,beilhermannf5@skype.com,Female,1992,Mazda,B-Series,Kansas City,Missouri,64130,US,39.0351,-94.5467,83013,"Marquardt, Romaguera and Gutkowski",06/03/2023
547,Trina,Schwant,tschwantf6@blogspot.com,Female,2008,Land Rover,LR3,Tampa,Florida,33625,US,28.0726,-82.559,60766,Fadel Inc,08/21/2025
548,Emmalynn,Clamp,eclampf7@harvard.edu,Female,1989,Subaru,Leone,Knoxville,Tennessee,37924,US,36.032,-83.8021,38556,Schinner-Huel,02/26/2022
549,Ignace,McCarrison,imccarrisonf8@state.tx.us,Male,1994,Mitsubishi,Mighty Max Macro,Houston,Texas,77060,US,29.9335,-95.3981,69991,Orn-Lowe,05/03/2023
550,Melany,Milnthorpe,mmilnthorpef9@epa.gov,Female,1997,BMW,8 Series,Brooklyn,New York,11220,US,40.6412,-74.0133,87833,Hoeger Group,05/24/2023
551,Belinda,Harrop,bharropfa@goo.gl,Female,1996,Mitsubishi,Truck,Huntington,West Virginia,25770,US,38.4134,-82.2774,63174,Toy and Sons,12/06/2025
552,Gordan,Toohey,gtooheyfb@google.com.hk,Male,1975,Pontiac,Grand Prix,Huntington,West Virginia,25726,US,38.4134,-82.2774,58201,Blick Group,05/04/2025
553,Saul,Tregaskis,stregaskisfc@economist.com,Male,2007,Saab,9-7X,Portsmouth,New Hampshire,00214,US,43.0059,-71.0132,41521,Beier Group,04/14/2025
554,Barron,MacCosto,bmaccostofd@eepurl.com,Male,1996,Plymouth,Neon,Bethesda,Maryland,20892,US,39.0024,-77.1034,90122,"O'Hara, Koss and Bergstrom",07/31/2024
555,Isaac,Welband,iwelbandfe@sfgate.com,Male,2006,Pontiac,Grand Prix,Pasadena,California,91199,US,34.1478,-118.1436,64842,Rolfson-Adams,05/07/2022
556,Immanuel,Kennady,ikennadyff@123-reg.co.uk,Male,1995,Ford,Thunderbird,Anchorage,Alaska,99512,US,61.204,-149.8084,31858,"Kemmer, Zieme and Morissette",08/09/2023
557,Shannah,Wilprecht,swilprechtfg@telegraph.co.uk,Female,2011,Mercedes-Benz,GLK-Class,Cincinnati,Ohio,45203,US,39.1075,-84.5257,42186,"Mosciski, Schuppe and Koelpin",01/29/2025
558,Thea,Fulle,tfullefh@miibeian.gov.cn,Female,1994,Mazda,Protege,Grand Rapids,Michigan,49560,US,43.0314,-85.5503,59964,Gutmann-Gislason,11/09/2024
559,Norry,Coyish,ncoyishfi@biglobe.ne.jp,Female,1965,Pontiac,LeMans,Van Nuys,California,91499,US,33.7866,-118.2987,69418,Ortiz-Kunze,01/23/2023
560,Nedda,Howford,nhowfordfj@dyndns.org,Female,2002,BMW,M,Sioux Falls,South Dakota,57193,US,43.6746,-96.7913,43829,Waelchi-Bruen,12/18/2022
561,Ethelyn,Ridges,eridgesfk@telegraph.co.uk,Female,2004,Suzuki,Verona,New Orleans,Louisiana,70187,US,30.033,-89.8826,35483,Schuster Group,01/19/2025
562,Raul,O'Hare,roharefl@sbwire.com,Male,2006,Hyundai,Accent,West Palm Beach,Florida,33411,US,26.6644,-80.1741,91078,"Wehner, Romaguera and Vandervort",05/12/2023
563,Veriee,Dawidman,vdawidmanfm@va.gov,Female,2012,GMC,Acadia,Dallas,Texas,75216,US,32.7086,-96.7955,37932,Marks-Metz,12/13/2025
564,Julee,Bener,jbenerfn@godaddy.com,Female,1999,Mazda,B-Series,Arlington,Virginia,22205,US,38.8836,-77.1395,72253,Kautzer Inc,08/26/2023
565,Ezra,Vose,evosefo@tumblr.com,Male,2006,Mercury,Monterey,Baton Rouge,Louisiana,70894,US,30.5159,-91.0804,71816,Stokes-Conn,04/14/2022
566,Elayne,Evenden,eevendenfp@sbwire.com,Female,2003,Mazda,Protege,Scottsdale,Arizona,85271,US,33.2765,-112.1872,89340,Wuckert-Bechtelar,11/28/2024
567,Hunter,Freemantle,hfreemantlefq@eventbrite.com,Male,2002,BMW,Z8,Washington,District of Columbia,20299,US,38.8933,-77.0146,55041,Bogan-Gottlieb,08/13/2023
568,Mohandas,Rodenhurst,mrodenhurstfr@reuters.com,Male,2011,Aston Martin,V8 Vantage,Washington,District of Columbia,20520,US,38.8932,-77.049,33963,Goyette-Schumm,03/15/2024
569,Rori,Varnals,rvarnalsfs@shutterfly.com,Female,1996,Chevrolet,G-Series 1500,Lakewood,Washington,98498,US,47.1591,-122.5485,45757,"Cole, Ratke and Frami",06/12/2024
570,Kate,Poyzer,kpoyzerft@storify.com,Female,2006,Suzuki,XL-7,Toledo,Ohio,43610,US,41.6767,-83.5573,93801,"Mraz, Kessler and Prohaska",12/29/2022
571,Pippy,Bridgement,pbridgementfu@wp.com,Female,1998,Oldsmobile,88,Corpus Christi,Texas,78415,US,27.7262,-97.4078,41277,Cummings LLC,07/04/2023
572,Suzi,McVicar,smcvicarfv@aol.com,Female,1991,Ford,Probe,Boynton Beach,Florida,33436,US,26.5354,-80.1124,40408,Spencer-Schmidt,11/03/2024
573,Chad,Bulcroft,cbulcroftfw@amazon.de,Male,1992,Chevrolet,Lumina APV,Dayton,Ohio,45432,US,39.739,-84.0856,40737,Ledner Inc,02/18/2025
574,Charlton,Kilmurry,ckilmurryfx@imdb.com,Male,2012,Bentley,Mulsanne,Oklahoma City,Oklahoma,73147,US,35.5514,-97.4075,96693,Towne and Sons,08/21/2024
575,Marylee,Blaw,mblawfy@theglobeandmail.com,Female,1985,Porsche,944,Little Rock,Arkansas,72215,US,34.7519,-92.3925,32250,"Koss, Schroeder and Wunsch",07/06/2025
576,Al,Middlemist,amiddlemistfz@ovh.net,Male,1993,Dodge,D250 Club,El Paso,Texas,79955,US,31.6948,-106.3,40893,Dickens Inc,04/08/2024
577,Annecorinne,Alberti,aalbertig0@de.vu,Female,2001,Dodge,Dakota Club,Richmond,Virginia,23260,US,37.5242,-77.4932,37915,Grimes-White,06/05/2025
578,Ainslee,Durling,adurlingg1@gnu.org,Female,1988,Acura,Integra,Flushing,New York,11388,US,40.6514,-73.8708,35663,Renner and Sons,05/10/2025
579,Allis,Cowap,acowapg2@newyorker.com,Female,1997,GMC,3500,Palmdale,California,93591,US,34.6019,-117.8123,43157,Mante-Monahan,05/31/2024
580,Jilleen,Hearsum,jhearsumg3@edublogs.org,Female,1999,Volvo,S80,Atlanta,Georgia,31136,US,33.7473,-84.3824,91540,Lindgren LLC,11/22/2024
581,Freeland,Checchetelli,fchecchetellig4@yellowpages.com,Male,1988,Acura,Integra,El Paso,Texas,79916,US,31.7444,-106.2879,32887,Sawayn Inc,12/14/2024
582,Micheal,Mungin,mmunging5@cocolog-nifty.com,Male,2010,Lexus,GS,Bronx,New York,10469,US,40.8702,-73.8495,85714,Herzog-Bruen,10/29/2022
583,Kendre,Lukock,klukockg6@webs.com,Female,1993,Toyota,Camry,Palo Alto,California,94302,US,37.1894,-121.7053,44801,Pfannerstill Inc,10/13/2022
584,Thornie,Daubney,tdaubneyg7@github.com,Male,2011,Ford,Edge,Pasadena,California,91117,US,33.7866,-118.2987,75600,Considine-Braun,04/28/2025
585,Abra,Spurge,aspurgeg8@slashdot.org,Female,1999,Chevrolet,Express 2500,Stamford,Connecticut,06922,US,41.0516,-73.5143,52205,Kerluke Group,07/16/2023
586,Georgeanna,Ten Broek,gtenbroekg9@umich.edu,Female,1997,Suzuki,X-90,Saint Paul,Minnesota,55172,US,45.0059,-93.1059,73852,Wuckert LLC,09/07/2023
587,Saxe,Harry,sharryga@de.vu,Male,2001,Saab,9-3,San Diego,California,92165,US,33.0169,-116.846,79658,"Rowe, Watsica and Stracke",02/04/2023
588,Doralia,Fearnill,dfearnillgb@goodreads.com,Polygender,2009,Cadillac,Escalade ESV,Rochester,New York,14614,US,43.1558,-77.6142,89715,"Crooks, Bruen and Borer",10/03/2024
589,Carleton,Bowley,cbowleygc@ustream.tv,Male,2002,Ford,Crown Victoria,Wilkes Barre,Pennsylvania,18768,US,41.2722,-75.8801,34865,Heathcote-Rutherford,01/07/2023
590,Gianina,Broker,gbrokergd@wikispaces.com,Female,2009,Porsche,Boxster,Memphis,Tennessee,38136,US,35.2017,-89.9715,76110,"Volkman, Hayes and Stroman",07/29/2025
591,Markos,Lidstone,mlidstonege@tuttocitta.it,Male,1996,Saturn,S-Series,Washington,District of Columbia,20551,US,38.892,-77.0452,96350,"Ortiz, Veum and Fay",04/21/2024
592,Kip,Hynam,khynamgf@photobucket.com,Male,2009,Kia,Borrego,Los Angeles,California,90055,US,33.7866,-118.2987,92176,Stark-Hickle,11/22/2022
593,Adiana,Glasman,aglasmangg@adobe.com,Female,2009,Lamborghini,Murciélago,Los Angeles,California,90189,US,34.0515,-118.2559,72225,Nienow and Sons,04/23/2025
594,Pepe,FitzAlan,pfitzalangh@un.org,Male,2009,Mazda,CX-9,Oakland,California,94627,US,37.6802,-121.9215,40547,"Grimes, Tromp and Pacocha",11/18/2024
595,Lester,Rich,lrichgi@free.fr,Male,1995,Saturn,S-Series,Virginia Beach,Virginia,23464,US,36.7978,-76.1759,41912,Mayer-Feil,03/23/2025
596,Rickard,Chafney,rchafneygj@booking.com,Male,2004,Lexus,GS,Syracuse,New York,13224,US,43.0421,-76.1046,47757,"Wolff, Heidenreich and Ullrich",06/02/2024
597,Denny,Ackwood,dackwoodgk@diigo.com,Female,1999,Plymouth,Breeze,Los Angeles,California,90055,US,33.7866,-118.2987,86255,Smitham-Dickinson,02/17/2022
598,Nata,Arlott,narlottgl@springer.com,Female,2012,Honda,Pilot,Jackson,Mississippi,39296,US,32.3113,-90.3972,62831,"Schultz, Powlowski and Reinger",07/30/2024
599,Tracee,Paff,tpaffgm@scientificamerican.com,Female,2011,Toyota,Matrix,Amarillo,Texas,79188,US,35.1885,-101.8165,36777,Jacobson LLC,04/11/2023
600,Omar,Fouracre,ofouracregn@hp.com,Non-binary,2001,Chevrolet,Astro,Mansfield,Ohio,44905,US,40.7779,-82.4613,55225,Kuhic LLC,01/07/2026
601,Skye,Vinden,svindengo@icio.us,Male,2001,Chevrolet,Venture,Louisville,Kentucky,40287,US,38.189,-85.6768,34870,Carroll Inc,01/28/2026
602,Abe,Risen,arisengp@gov.uk,Male,1985,Volkswagen,Passat,Baltimore,Maryland,21265,US,39.2847,-76.6205,94314,"Gislason, Beier and Rolfson",05/03/2024
603,Randolph,Mellows,rmellowsgq@ft.com,Male,2005,Saturn,L-Series,Greensboro,North Carolina,27415,US,36.0807,-80.0244,69728,Ankunding-Ebert,06/25/2022
604,Alix,Milbourne,amilbournegr@utexas.edu,Female,2001,Dodge,Ram Van 2500,Nashville,Tennessee,37228,US,36.1901,-86.8053,56670,Ledner-Reynolds,07/14/2024
605,Stearn,Bennet,sbennetgs@symantec.com,Genderqueer,1994,Ford,Explorer,El Paso,Texas,88569,US,31.6948,-106.3,56788,"Wunsch, Osinski and Cartwright",09/11/2022
606,Yehudi,Gomez,ygomezgt@addthis.com,Male,1992,Mitsubishi,Mighty Max,Amarillo,Texas,79165,US,35.4015,-101.8951,40144,Lynch-West,04/28/2023
607,Savina,Emptage,semptagegu@mashable.com,Female,1986,Pontiac,Bonneville,Orlando,Florida,32803,US,28.5559,-81.3535,91214,"Swift, Waters and Cremin",01/17/2026
608,Arlyne,Knath,aknathgv@businessweek.com,Female,2003,Ford,Escort ZX2,Portland,Oregon,97211,US,45.5653,-122.6448,76367,"Hartmann, Yost and Mann",03/30/2023
609,Hendrick,Ashdown,hashdowngw@tripadvisor.com,Male,1988,Mercedes-Benz,E-Class,Frederick,Maryland,21705,US,39.47,-77.3921,79595,Moen and Sons,03/01/2024
610,Inessa,Edmonds,iedmondsgx@chicagotribune.com,Female,2009,Chevrolet,Silverado 2500,Fairfax,Virginia,22036,US,38.7351,-77.0796,46437,Krajcik and Sons,03/15/2024
611,Kiah,Adelman,kadelmangy@smugmug.com,Female,2009,Hyundai,Azera,Orlando,Florida,32825,US,28.5469,-81.2571,34003,Stark-Heathcote,04/19/2023
612,Abba,Proschek,aproschekgz@hud.gov,Male,1970,Ford,Torino,Detroit,Michigan,48217,US,42.2719,-83.1545,72978,Carter and Sons,03/14/2024
613,Rochella,Sharpe,rsharpeh0@skyrock.com,Female,1983,Toyota,Celica,Chicago,Illinois,60669,US,41.8119,-87.6873,37978,Witting Inc,08/06/2023
614,Fawnia,Davall,fdavallh1@stumbleupon.com,Female,1991,Mitsubishi,Truck,El Paso,Texas,79916,US,31.7444,-106.2879,72832,"Bogisich, Rutherford and Rutherford",11/29/2023
615,Randy,Ivic,rivich2@rambler.ru,Male,1998,Chrysler,Concorde,Pasadena,California,91199,US,34.1478,-118.1436,37611,"Block, Schmitt and Johnston",11/06/2025
616,Fredericka,McNulty,fmcnultyh3@wordpress.com,Female,1992,Ford,F350,Falls Church,Virginia,22047,US,38.8318,-77.2888,48474,"Moore, Daugherty and Lind",07/23/2024
617,Leandra,Boncoeur,lboncoeurh4@bbb.org,Female,2012,Hyundai,Santa Fe,Milwaukee,Wisconsin,53277,US,43.0389,-87.9024,57891,Krajcik Group,05/25/2025
618,Ingelbert,Smellie,ismellieh5@joomla.org,Male,1994,Toyota,Paseo,Louisville,Kentucky,40205,US,38.2222,-85.6885,77539,Bartell Inc,05/20/2023
619,Briana,Andrioletti,bandriolettih6@a8.net,Female,2006,Chevrolet,Colorado,Tampa,Florida,33605,US,27.9671,-82.4334,94070,Hahn-Sporer,03/17/2023
620,Hugues,Tinan,htinanh7@com.com,Male,1989,Suzuki,SJ,Fort Lauderdale,Florida,33325,US,26.1097,-80.3215,87638,Daugherty-Lebsack,08/29/2025
621,Timothee,Chatenet,tchateneth8@csmonitor.com,Male,2002,Mitsubishi,Lancer,Lexington,Kentucky,40510,US,38.0702,-84.591,40778,Lowe-Rowe,08/10/2024
622,Gabriellia,Striker,gstrikerh9@state.tx.us,Female,2011,MINI,Countryman,Lancaster,California,93584,US,33.7866,-118.2987,45765,"Zieme, Howe and Kemmer",03/31/2023
623,Jo,Born,jbornha@businessinsider.com,Non-binary,1986,Pontiac,Grand Am,Stamford,Connecticut,06905,US,41.0888,-73.5435,43234,"Welch, Gutmann and Hoeger",03/29/2023
624,Issie,McKeefry,imckeefryhb@tiny.cc,Female,2000,GMC,Yukon,Daytona Beach,Florida,32128,US,29.0838,-81.0336,73641,Purdy-Koepp,08/16/2025
625,Carmel,Negal,cnegalhc@quantcast.com,Female,2008,Pontiac,G8,New York City,New York,10045,US,40.7086,-74.0087,45859,"Leuschke, Reichert and Funk",06/16/2022
626,Any,Amaya,aamayahd@gov.uk,Male,1987,Mercury,Topaz,Charlotte,North Carolina,28215,US,35.244,-80.7387,60561,Rohan-Cremin,12/21/2024
627,Bambie,Fulger,bfulgerhe@ucla.edu,Female,2003,Porsche,Boxster,Washington,District of Columbia,20022,US,38.945,-77.0364,83294,Huels and Sons,05/15/2025
628,Herminia,Gout,hgouthf@washingtonpost.com,Female,2007,Chevrolet,Malibu,Arlington,Texas,76096,US,32.7714,-97.2915,82848,"Huel, Smith and Toy",05/13/2022
629,Dalston,Gresswood,dgresswoodhg@google.fr,Agender,1989,Lincoln,Town Car,Houston,Texas,77260,US,29.7687,-95.3867,69119,"Swaniawski, Ziemann and Lind",04/21/2023
630,Fayette,Wince,fwincehh@soundcloud.com,Female,1993,Suzuki,Samurai,Virginia Beach,Virginia,23464,US,36.7978,-76.1759,48645,Feeney LLC,08/09/2025
631,Calley,Renison,crenisonhi@upenn.edu,Female,2006,Dodge,Dakota Club,Washington,District of Columbia,20067,US,38.8933,-77.0146,55411,Willms-Graham,05/19/2023
632,Ulick,Linke,ulinkehj@mit.edu,Male,2007,Toyota,Sienna,Huntington,West Virginia,25709,US,38.1321,-82.4183,97562,Spencer and Sons,11/18/2022
633,Verina,Slyford,vslyfordhk@aboutads.info,Female,1996,Mercury,Mystique,Lubbock,Texas,79410,US,33.5693,-101.8904,63702,Parisian and Sons,11/08/2022
634,Annabell,Lummus,alummushl@tinypic.com,Female,1992,Dodge,Ram Van B250,Topeka,Kansas,66606,US,39.0583,-95.7095,76987,Towne-Bartoletti,05/25/2023
635,Amber,Rist,aristhm@usda.gov,Female,2005,Honda,S2000,Jackson,Mississippi,39236,US,32.3113,-90.3972,50109,"Schinner, Durgan and Bradtke",02/23/2023
636,Heinrick,World,hworldhn@discuz.net,Male,2010,Lincoln,MKX,Atlanta,Georgia,30328,US,33.9335,-84.3958,66165,Osinski Inc,10/13/2022
637,Remus,Isherwood,risherwoodho@123-reg.co.uk,Male,1996,GMC,3500 Club Coupe,South Bend,Indiana,46699,US,41.5968,-86.293,46456,Torphy Inc,09/16/2024
638,Ray,Afield,rafieldhp@google.fr,Agender,2006,Mitsubishi,Lancer,Birmingham,Alabama,35290,US,33.5446,-86.9292,42516,"Trantow, Kub and Jaskolski",04/09/2023
639,Bree,Cristoferi,bcristoferihq@flavors.me,Female,2008,Subaru,Legacy,San Francisco,California,94142,US,37.7848,-122.7278,90497,Ondricka LLC,04/09/2022
640,Karalynn,McElrath,kmcelrathhr@goodreads.com,Female,2000,Toyota,Land Cruiser,Newton,Massachusetts,02162,US,42.3319,-71.254,46609,"Kuhlman, Cruickshank and Rath",12/31/2025
641,Zonda,Southcoat,zsouthcoaths@opensource.org,Female,1988,Buick,Reatta,Tucson,Arizona,85737,US,32.4142,-110.9466,65985,"Nitzsche, Kuphal and Gibson",06/17/2024
642,Garvy,Lown,glownht@fc2.com,Male,1999,Hyundai,Accent,Durham,North Carolina,27705,US,36.0218,-78.9478,47698,Glover Inc,12/31/2023
643,Harmonia,Saywell,hsaywellhu@prnewswire.com,Female,1991,Audi,Coupe Quattro,Reston,Virginia,22096,US,38.8318,-77.2888,86243,"Rohan, Baumbach and Robel",01/27/2024
644,Barbi,Effnert,beffnerthv@biblegateway.com,Female,2008,Ferrari,F430,Rochester,Minnesota,55905,US,44.0225,-92.4668,66628,"Hermann, Rice and Thompson",10/27/2023
645,Sheffield,Klimashevich,sklimashevichhw@tuttocitta.it,Male,2012,Jeep,Wrangler,Brooklyn,New York,11215,US,40.6669,-73.9828,53676,"Keeling, Mills and Lind",08/19/2024
646,Maximilianus,Disney,mdisneyhx@rambler.ru,Male,1991,Buick,Coachbuilder,El Paso,Texas,79923,US,31.6948,-106.3,93453,Schaden-Quigley,12/13/2024
647,Spence,Gronw,sgronwhy@state.tx.us,Male,1998,Isuzu,Hombre,Oklahoma City,Oklahoma,73173,US,35.3425,-97.6317,91443,Rath LLC,07/16/2022
648,Clayborn,Wasbey,cwasbeyhz@yellowpages.com,Male,2002,Jaguar,XJ Series,Augusta,Georgia,30911,US,33.386,-82.091,96287,Flatley Inc,10/26/2023
649,Wilhelmine,Manuele,wmanuelei0@yahoo.com,Female,2009,Ford,E150,Wichita Falls,Texas,76310,US,33.8581,-98.5755,86721,"Buckridge, Auer and Hickle",06/28/2025
650,Delcina,Droghan,ddroghani1@businessweek.com,Agender,1999,Mercury,Mystique,New Hyde Park,New York,11044,US,40.7548,-73.6018,84486,Willms-Borer,02/22/2022
651,Rupert,Shaddick,rshaddicki2@cbsnews.com,Male,1992,GMC,3500,Bronx,New York,10459,US,40.8247,-73.894,87569,Rohan-Botsford,09/17/2023
652,Forbes,McCombe,fmccombei3@icio.us,Male,1964,Ford,Mustang,Oxnard,California,93034,US,34.0324,-119.1343,86377,"O'Kon, O'Kon and Mann",03/01/2024
653,Kincaid,Zmitrovich,kzmitrovichi4@huffingtonpost.com,Male,1997,Jaguar,XK Series,Memphis,Tennessee,38104,US,35.1334,-90.0046,73908,Maggio-Schaefer,10/31/2023
654,Dorotea,Spedroni,dspedronii5@gnu.org,Female,2005,BMW,330,Van Nuys,California,91499,US,33.7866,-118.2987,71605,"Monahan, Bartoletti and Lehner",02/16/2025
655,Mada,Dullard,mdullardi6@discovery.com,Female,2008,Ford,Focus,Dallas,Texas,75221,US,32.8147,-96.7877,57021,"Goldner, Zieme and Willms",06/22/2024
656,Zulema,Southey,zsoutheyi7@ca.gov,Female,1992,Mercedes-Benz,S-Class,Santa Monica,California,90410,US,33.7866,-118.2987,73773,Pagac-Lesch,08/22/2023
657,Lombard,Fitzmaurice,lfitzmauricei8@narod.ru,Male,1992,Mercury,Topaz,Portland,Oregon,97201,US,45.5078,-122.6897,63871,Langworth LLC,11/26/2025
658,Adolphus,Enderson,aendersoni9@ovh.net,Male,1967,Ford,Falcon,Amarillo,Texas,79165,US,35.4015,-101.8951,78006,Beahan-Jacobson,03/19/2024
659,Miquela,Senecaux,msenecauxia@hp.com,Female,1990,Mazda,RX-7,Lake Charles,Louisiana,70607,US,30.1244,-93.1835,88107,Goyette-Glover,08/13/2025
660,Stefania,Asty,sastyib@fotki.com,Female,2011,Chevrolet,Express,Peoria,Illinois,61640,US,40.7857,-89.6177,44577,"Jakubowski, Ebert and Grant",08/18/2022
661,Maureene,Tremouille,mtremouilleic@delicious.com,Female,1992,Mitsubishi,Chariot,Rochester,New York,14614,US,43.1558,-77.6142,70720,Frami Inc,12/22/2024
662,Harlan,Bloy,hbloyid@123-reg.co.uk,Male,1994,Chevrolet,G-Series G20,El Paso,Texas,79968,US,31.7705,-106.5048,32053,Ruecker and Sons,12/06/2025
663,Harris,Leeburn,hleeburnie@sfgate.com,Male,2012,Volvo,C30,Denver,Colorado,80217,US,39.7388,-104.4083,40169,Sipes-Erdman,03/01/2023
664,Paquito,Paddemore,ppaddemoreif@wsj.com,Male,2011,Ford,Mustang,Fullerton,California,92835,US,33.8994,-117.9063,62978,"Bradtke, Weimann and Tromp",09/26/2022
665,Serena,Gilby,sgilbyig@godaddy.com,Female,1992,Dodge,Dynasty,Boise,Idaho,83716,US,43.5345,-115.9711,35853,Hilll-Upton,02/09/2022
666,Mollie,Perrone,mperroneih@cargocollective.com,Female,1995,Mercury,Tracer,Washington,District of Columbia,20442,US,38.896,-77.0177,61201,"Cummings, Heller and Feest",07/11/2025
667,Corry,O'Sesnane,cosesnaneii@icq.com,Female,2008,Mazda,Mazda3,Chicago,Illinois,60669,US,41.8119,-87.6873,76505,Kuhn-Glover,01/21/2026
668,Deirdre,Roof,droofij@usda.gov,Female,2013,BMW,X5,Bellevue,Washington,98008,US,47.6115,-122.1162,83244,Von Inc,06/10/2023
669,Stanford,Bridgewater,sbridgewaterik@berkeley.edu,Male,2006,Mitsubishi,Montero,Las Vegas,Nevada,89105,US,36.086,-115.1471,42592,Lemke-Reilly,05/16/2022
670,Vanda,Adamiak,vadamiakil@amazon.co.jp,Female,1998,Volvo,S70,Nashville,Tennessee,37220,US,36.0641,-86.7697,30041,"Satterfield, Halvorson and Boehm",09/18/2024
671,Britta,Nary,bnaryim@unblog.fr,Female,2012,Toyota,Corolla,El Paso,Texas,88553,US,31.6948,-106.3,61454,Robel LLC,07/29/2024
672,Dusty,Balden,dbaldenin@narod.ru,Female,2001,Kia,Spectra,Dallas,Texas,75342,US,32.7673,-96.7776,57227,"Schuppe, Reichel and Reichel",09/20/2023
673,Carlina,Szymanowicz,cszymanowiczio@reddit.com,Female,2005,Maserati,Gran Sport,Reading,Pennsylvania,19610,US,40.338,-75.978,41519,Kemmer Group,04/10/2022
674,Kristan,Christofe,kchristofeip@netscape.com,Female,1995,Ford,Windstar,South Lake Tahoe,California,96154,US,38.8753,-120.0188,90640,"Dietrich, Reinger and Rau",09/10/2022
675,Bil,Buttler,bbuttleriq@over-blog.com,Male,2005,Audi,S4,Mobile,Alabama,36605,US,30.6341,-88.0846,89385,Kuhic Group,09/09/2022
676,Jenna,Jirsa,jjirsair@digg.com,Female,2003,Porsche,Boxster,Dayton,Ohio,45454,US,39.7505,-84.2686,46122,Mosciski LLC,02/02/2024
677,Filberto,De Cruz,fdecruzis@altervista.org,Male,1994,Mazda,RX-7,Honolulu,Hawaii,96835,US,21.3278,-157.8294,90351,Mann-Gerlach,09/08/2022
678,Bone,Fritschmann,bfritschmannit@dailymail.co.uk,Male,2008,Porsche,911,Kansas City,Missouri,64190,US,39.3432,-94.8516,53529,O'Keefe Inc,08/13/2023
679,Kearney,Downham,kdownhamiu@storify.com,Male,1997,Subaru,Legacy,Tampa,Florida,33610,US,27.9951,-82.4046,68426,"Toy, Smitham and Skiles",05/15/2024
680,Lazar,Paffett,lpaffettiv@about.com,Male,1997,Mercury,Mystique,Fargo,North Dakota,58122,US,46.9346,-97.2297,70960,"Huels, Mayer and Blick",07/18/2022
681,Emalia,Charity,echarityiw@latimes.com,Female,1998,BMW,Z3,Tampa,Florida,33605,US,27.9671,-82.4334,70888,Paucek Group,03/30/2022
682,Britt,Rowthorn,browthornix@bloglovin.com,Female,2001,Jaguar,XJ Series,Erie,Pennsylvania,16534,US,42.1827,-80.0649,66502,Tremblay LLC,03/18/2025
683,Solly,Boichat,sboichatiy@walmart.com,Male,2004,Toyota,Celica,Birmingham,Alabama,35244,US,33.3538,-86.8254,76343,Yundt Inc,10/23/2024
684,Sharai,Kretchmer,skretchmeriz@printfriendly.com,Female,1999,Ford,Econoline E350,Tampa,Florida,33615,US,28.0081,-82.5805,44208,MacGyver-Russel,09/24/2022
685,Helenka,Danton,hdantonj0@blogspot.com,Female,2009,Ford,Mustang,Springfield,Illinois,62718,US,39.778,-89.6466,77012,Murphy-Balistreri,07/07/2023
686,Madonna,Turmall,mturmallj1@nasa.gov,Female,2007,Audi,A8,New York City,New York,10165,US,40.7524,-73.9791,88017,"Ratke, Rutherford and Fadel",12/05/2024
687,Gayle,Rockhall,grockhallj2@vinaora.com,Female,2009,Cadillac,STS,Paterson,New Jersey,07505,US,40.9166,-74.174,60767,Roob-Mann,08/02/2025
688,Marshall,Civitillo,mcivitilloj3@woothemes.com,Male,2012,Mitsubishi,Outlander Sport,Miami,Florida,33164,US,25.5584,-80.4582,53014,Mayert Group,05/16/2024
689,Berky,Paaso,bpaasoj4@oracle.com,Male,1993,Toyota,T100,Crawfordsville,Indiana,47937,US,40.04,-86.8936,69743,"Hartmann, Klocko and Tremblay",06/25/2022
690,Robert,Poley,rpoleyj5@newyorker.com,Male,1997,Pontiac,Bonneville,Fresno,California,93721,US,36.7377,-119.7843,80803,Corwin Group,03/19/2023
691,Michel,Butting,mbuttingj6@sitemeter.com,Male,2010,Smart,Fortwo,Las Cruces,New Mexico,88006,US,32.3052,-106.7863,60154,"Weissnat, Franecki and Quigley",05/15/2025
692,Matti,Goodhay,mgoodhayj7@businesswire.com,Female,2002,GMC,Sierra 3500,Louisville,Kentucky,40280,US,38.2467,-85.6853,59745,Kessler-Nolan,04/06/2022
693,Gaylene,Fedorski,gfedorskij8@reuters.com,Female,2005,Ford,Explorer,Baltimore,Maryland,21211,US,39.3316,-76.6336,47015,"Murray, Huels and Kiehn",11/08/2022
694,Meriel,Ringer,mringerj9@springer.com,Female,2000,Mercedes-Benz,CLK-Class,El Paso,Texas,88584,US,31.6948,-106.3,62056,Sauer LLC,04/19/2024
695,Pru,Bassil,pbassilja@wordpress.com,Female,1990,Porsche,911,Glendale,California,91205,US,34.1378,-118.2424,66382,"Zulauf, Blick and Donnelly",05/30/2025
696,Mikkel,Mattholie,mmattholiejb@plala.or.jp,Genderqueer,2005,Mazda,MX-5,Iowa City,Iowa,52245,US,41.6649,-91.5151,74548,Rosenbaum Group,12/24/2024
697,Biddie,Skelly,bskellyjc@addthis.com,Female,2004,Chevrolet,Colorado,Chicago,Illinois,60669,US,41.8119,-87.6873,45402,Ortiz-Gottlieb,09/14/2022
698,Brittney,Gare,bgarejd@vkontakte.ru,Genderfluid,1988,Lamborghini,Countach,New Orleans,Louisiana,70129,US,30.0877,-89.8462,75994,Hayes-Parisian,11/30/2023
699,Darcee,Birkmyr,dbirkmyrje@mozilla.org,Female,2012,Ford,F350,San Antonio,Texas,78210,US,29.3977,-98.4658,84103,"Haley, Klein and Weber",02/22/2022
700,Haily,Rapkins,hrapkinsjf@forbes.com,Female,2002,Jaguar,XK Series,Dallas,Texas,75372,US,32.7673,-96.7776,87973,Borer-Ratke,02/24/2023
701,Blaire,Vinter,bvinterjg@cbslocal.com,Female,2009,Dodge,Durango,Detroit,Michigan,48242,US,42.2166,-83.3532,37588,"Bednar, Cummings and Koss",11/19/2025
702,Elliott,Radish,eradishjh@histats.com,Male,2012,Porsche,911,Saint Paul,Minnesota,55114,US,44.968,-93.1981,98373,Jacobi-Lindgren,09/25/2023
703,Rabbi,Celli,rcelliji@ca.gov,Male,1994,Chevrolet,Cavalier,Portland,Oregon,97286,US,45.5806,-122.3748,88797,"Schiller, Bode and Zboncak",04/19/2022
704,Rhea,Castel,rcasteljj@timesonline.co.uk,Female,2007,Volvo,S40,High Point,North Carolina,27264,US,36.0807,-80.0244,95793,Boyle Group,09/01/2023
705,Salem,Lapere,slaperejk@wisc.edu,Male,2001,BMW,5 Series,New York City,New York,10280,US,40.7105,-74.0163,31294,Schiller Inc,12/26/2025
706,Luelle,Blaber,lblaberjl@is.gd,Female,1993,Mercedes-Benz,300TE,Springfield,Illinois,62711,US,39.7655,-89.7293,59478,"Balistreri, Harber and Moen",10/28/2024
707,Kinnie,Beamond,kbeamondjm@deviantart.com,Genderqueer,1985,Volkswagen,Type 2,El Paso,Texas,88569,US,31.6948,-106.3,90323,Luettgen Group,10/16/2024
708,Darice,Dabnot,ddabnotjn@cam.ac.uk,Female,2005,Mazda,B-Series,Tacoma,Washington,98447,US,47.1441,-122.4434,92114,Lind LLC,07/20/2023
709,Joya,Danielou,jdanieloujo@about.com,Female,2005,Subaru,Baja,Sacramento,California,95894,US,38.5816,-121.4933,61987,Ledner Group,07/09/2023
710,Ursula,Mulhill,umulhilljp@vimeo.com,Female,2009,Chevrolet,Colorado,Portland,Oregon,97211,US,45.5653,-122.6448,95520,"Borer, Gulgowski and Mohr",11/23/2024
711,Maris,Grealy,mgrealyjq@usda.gov,Female,1990,Suzuki,Swift,Newark,New Jersey,07112,US,40.7107,-74.2131,93223,"Heaney, Koch and Schiller",11/16/2023
712,Jarret,Bach,jbachjr@theguardian.com,Male,2013,Chevrolet,Tahoe,Dallas,Texas,75210,US,32.7699,-96.743,41438,Rippin Inc,12/04/2025
713,Greg,Vedeshkin,gvedeshkinjs@t-online.de,Male,2001,Dodge,Viper,Arvada,Colorado,80005,US,39.8422,-105.1097,78787,"Lindgren, Daniel and Runte",12/13/2024
714,Alwin,Casolla,acasollajt@dailymotion.com,Male,1993,Dodge,Shadow,New Orleans,Louisiana,70187,US,30.033,-89.8826,39060,Prohaska-Crist,05/30/2022
715,Harper,Martygin,hmartyginju@hostgator.com,Male,2005,GMC,Savana 3500,Olympia,Washington,98516,US,47.1126,-122.7794,54334,Halvorson-Borer,08/17/2023
716,Worth,Bunyan,wbunyanjv@uiuc.edu,Male,2009,Chevrolet,Equinox,Stockton,California,95205,US,37.9625,-121.2624,51137,Bahringer-Roob,03/06/2022
717,Clyve,Hinder,chinderjw@sfgate.com,Male,1994,Dodge,Shadow,Fort Lauderdale,Florida,33355,US,26.1457,-80.4483,35500,"Marks, Homenick and Harvey",02/10/2023
718,Celia,Grewar,cgrewarjx@blogs.com,Female,1994,Audi,90,New Orleans,Louisiana,70124,US,30.0071,-90.1094,91088,McDermott LLC,12/03/2025
719,Vassily,Stickells,vstickellsjy@aboutads.info,Male,1994,GMC,Jimmy,Salt Lake City,Utah,84120,US,40.695,-112.0001,39336,Huels LLC,08/30/2022
720,Paolo,Daughtrey,pdaughtreyjz@bravesites.com,Male,2009,BMW,5 Series,Birmingham,Alabama,35215,US,33.6493,-86.7057,39576,Schumm-Bailey,08/14/2025
721,Rafaelia,Winspire,rwinspirek0@liveinternet.ru,Female,2000,Ford,Escape,Fort Lauderdale,Florida,33330,US,26.0663,-80.3339,33072,Weimann-Cummerata,07/25/2023
722,Ester,Sybbe,esybbek1@storify.com,Female,2013,GMC,Sierra 1500,Salem,Oregon,97306,US,44.8685,-123.0438,74771,Schamberger-Dietrich,06/24/2023
723,Salaidh,Goldthorpe,sgoldthorpek2@prweb.com,Female,2007,Mazda,B-Series,South Bend,Indiana,46620,US,41.5968,-86.293,43308,Nitzsche and Sons,10/18/2023
724,Kamillah,Elegood,kelegoodk3@businessweek.com,Non-binary,1993,Toyota,Tercel,Albany,New York,12222,US,42.6853,-73.8253,83223,Strosin and Sons,04/30/2024
725,Calida,Klausen,cklausenk4@scientificamerican.com,Female,2007,Jaguar,XK,San Antonio,Texas,78240,US,29.5189,-98.6006,48507,"Hartmann, Anderson and O'Conner",05/10/2022
726,Ryann,Peacock,rpeacockk5@un.org,Genderfluid,2003,Hummer,H1,Decatur,Georgia,30089,US,33.7749,-84.3046,47902,McKenzie-Williamson,07/25/2023
727,Victoir,Papa,vpapak6@wired.com,Male,2003,Toyota,Sequoia,Chicago,Illinois,60630,US,41.9699,-87.7603,73917,Hegmann-Hettinger,01/01/2024
728,Oliy,Olifaunt,oolifauntk7@businesswire.com,Bigender,2004,Subaru,Baja,Bakersfield,California,93311,US,35.3039,-119.1056,65170,Kozey Group,06/09/2025
729,Rad,Treweke,rtrewekek8@biblegateway.com,Male,1995,Chevrolet,3500,Charleston,West Virginia,25305,US,38.3358,-81.6123,66110,Fay Inc,08/26/2023
730,Clarinda,Wroath,cwroathk9@bandcamp.com,Female,2010,Ford,Edge,Charleston,West Virginia,25356,US,38.2968,-81.5547,83209,Purdy Group,09/07/2024
731,Agatha,Officer,aofficerka@tiny.cc,Female,1995,Dodge,Viper RT/10,Kissimmee,Florida,34745,US,27.9953,-81.2593,43467,Vandervort and Sons,03/29/2024
732,Giorgia,Maceur,gmaceurkb@oakley.com,Female,2004,GMC,Sierra 1500,Chicago,Illinois,60657,US,41.9399,-87.6528,67175,"Kilback, Kozey and Skiles",06/22/2024
733,Kimberly,Garrett,kgarrettkc@hud.gov,Genderqueer,2002,Saturn,VUE,Las Vegas,Nevada,89125,US,36.2235,-115.2655,63524,Wolff Group,09/15/2022
734,Sal,Carnie,scarniekd@utexas.edu,Male,1996,Geo,Tracker,Hamilton,Ohio,45020,US,39.441,-84.5757,60473,Bosco-Block,10/28/2022
735,Marjy,Tizard,mtizardke@ning.com,Female,1996,Mitsubishi,Pajero,Peoria,Illinois,61651,US,40.7442,-89.7184,67994,Berge LLC,10/13/2023
736,Georgette,Martinetto,gmartinettokf@wordpress.com,Female,1989,Maserati,430,Charleston,South Carolina,29416,US,32.8488,-79.8577,32523,"Dooley, Erdman and Gerlach",06/17/2025
737,Esme,Aldins,ealdinskg@webs.com,Male,2004,BMW,325,Odessa,Texas,79769,US,31.7466,-102.567,39592,"Wintheiser, O'Reilly and Stoltenberg",09/05/2023
738,Willie,Lattey,wlatteykh@artisteer.com,Male,1992,Mercedes-Benz,500SL,El Paso,Texas,88519,US,31.6948,-106.3,38081,McCullough Group,10/11/2025
739,Pearle,Glencros,pglencroski@reference.com,Female,2000,Isuzu,VehiCROSS,Macon,Georgia,31210,US,32.8926,-83.7455,95973,Bailey and Sons,07/01/2025
740,Tye,Dreghorn,tdreghornkj@bing.com,Male,1995,Pontiac,Bonneville,Shreveport,Louisiana,71161,US,32.6076,-93.7526,92381,Ruecker LLC,04/07/2023
741,Bucky,Guidelli,bguidellikk@parallels.com,Male,1986,Pontiac,Grand Prix,Saint Petersburg,Florida,33731,US,27.8918,-82.7248,55311,Adams-Spinka,08/26/2023
742,Audrye,Pearn,apearnkl@themeforest.net,Female,2007,Kia,Sedona,Cleveland,Ohio,44111,US,41.4571,-81.7844,64704,Corwin-Reinger,03/04/2022
743,Lira,Syratt,lsyrattkm@bravesites.com,Female,2004,Subaru,Baja,Columbus,Ohio,43204,US,39.9523,-83.078,77181,"Turcotte, Stokes and Flatley",07/08/2022
744,Armstrong,Quenby,aquenbykn@dailymotion.com,Male,2003,GMC,Sierra 1500,Brooklyn,New York,11231,US,40.6794,-74.0014,58312,"West, Balistreri and Kertzmann",11/10/2025
745,Koo,Loveless,klovelessko@amazon.co.jp,Female,2006,Chrysler,Town & Country,Irvine,California,92717,US,33.6462,-117.8398,53490,Mayert and Sons,06/02/2023
746,Sara-ann,Tweddle,stweddlekp@wufoo.com,Non-binary,2002,Lincoln,Continental,Littleton,Colorado,80127,US,39.592,-105.1328,74450,"Kub, Boyer and Jakubowski",01/10/2025
747,Tabbitha,Speed,tspeedkq@patch.com,Female,1998,Oldsmobile,Regency,Indianapolis,Indiana,46295,US,39.7795,-86.1328,91859,"Cassin, Conn and Lesch",01/21/2025
748,Lita,Ishaki,lishakikr@ftc.gov,Female,2003,Chrysler,Town & Country,Daytona Beach,Florida,32123,US,29.0227,-81.1722,47120,"Beer, Breitenberg and Ratke",10/27/2024
749,Melonie,McKeran,mmckeranks@homestead.com,Female,1995,Dodge,Avenger,New York City,New York,10079,US,40.7808,-73.9772,34393,Christiansen-Dibbert,09/12/2024
750,Lucina,Bodman,lbodmankt@myspace.com,Female,1997,Ford,Thunderbird,Baltimore,Maryland,21216,US,39.3093,-76.6699,60899,"Moen, Robel and Ortiz",08/19/2022
751,Any,Tebald,atebaldku@usatoday.com,Male,1999,Ford,Ranger,Falls Church,Virginia,22047,US,38.8318,-77.2888,49056,Hermiston Group,11/04/2023
752,Emelyne,Robeson,erobesonkv@washingtonpost.com,Female,1964,Pontiac,LeMans,Columbia,South Carolina,29215,US,34.006,-80.9708,93826,Walter LLC,02/03/2022
753,Roman,Chittleburgh,rchittleburghkw@privacy.gov.au,Agender,2012,Audi,A4,Pittsburgh,Pennsylvania,15225,US,40.5051,-80.1155,33692,Macejkovic-Harber,07/19/2023
754,Luz,Atchly,latchlykx@ucsd.edu,Female,1988,Porsche,928,Nashville,Tennessee,37228,US,36.1901,-86.8053,35165,"Bergnaum, Dooley and Hettinger",04/30/2024
755,Doris,Kase,dkaseky@gmpg.org,Female,1991,Mercedes-Benz,W201,Salt Lake City,Utah,84120,US,40.695,-112.0001,54162,"Jaskolski, Beer and Prohaska",10/30/2022
756,Xylia,Nutton,xnuttonkz@artisteer.com,Female,1998,Dodge,Ram 1500 Club,Pensacola,Florida,32575,US,30.6143,-87.2758,97983,Wuckert-Pagac,07/11/2022
757,Jacinta,Vereker,jverekerl0@mozilla.org,Female,1995,Ford,Club Wagon,Boston,Massachusetts,02124,US,42.2868,-71.071,84983,"Brekke, Feeney and Kohler",10/28/2025
758,Gerrard,Thombleson,gthomblesonl1@facebook.com,Genderqueer,2000,Chevrolet,Blazer,Dallas,Texas,75379,US,32.7673,-96.7776,41777,Olson-Monahan,07/04/2025
759,Maxie,Mochar,mmocharl2@boston.com,Male,2012,Chevrolet,Suburban 2500,Helena,Montana,59623,US,46.5901,-112.0402,72321,"McClure, Smitham and Hayes",03/24/2023
760,Netty,Ezzle,nezzlel3@cloudflare.com,Female,2001,Ford,Crown Victoria,Miami,Florida,33158,US,25.6364,-80.3187,59705,Stiedemann-Dickens,02/15/2023
761,Giovanni,Hempel,ghempell4@t.co,Male,2012,Lamborghini,Gallardo,Fort Lauderdale,Florida,33345,US,26.1654,-80.2959,48254,"Kirlin, Ortiz and Raynor",06/04/2023
762,Sherye,Maddern,smaddernl5@github.io,Female,1977,Pontiac,Grand Prix,Phoenix,Arizona,85083,US,33.7352,-112.1294,93091,"Spinka, Mohr and Bruen",11/11/2025
763,Nanine,McCafferky,nmccafferkyl6@hp.com,Female,1998,Dodge,Ram 2500 Club,Indianapolis,Indiana,46247,US,39.7795,-86.1328,30850,Hirthe Inc,12/23/2022
764,Frederic,Cumes,fcumesl7@furl.net,Male,2003,Toyota,Echo,Amarillo,Texas,79105,US,35.4015,-101.8951,45631,Miller-Hirthe,11/18/2022
765,Buckie,Livingstone,blivingstonel8@engadget.com,Male,2010,Lexus,IS-F,Knoxville,Tennessee,37939,US,35.9901,-83.9622,48566,Powlowski Inc,04/24/2022
766,Melisent,Troak,mtroakl9@google.it,Female,2007,Cadillac,CTS-V,Newark,Delaware,19714,US,39.5645,-75.597,98410,Hilpert-Parker,08/26/2025
767,Nolie,Magson,nmagsonla@sogou.com,Female,2007,Honda,Pilot,Tampa,Florida,33633,US,27.872,-82.4388,74128,D'Amore Inc,04/22/2022
768,Lib,MacDermott,lmacdermottlb@nifty.com,Female,2009,Bentley,Brooklands,Kansas City,Missouri,64114,US,38.9621,-94.5959,72546,Donnelly Inc,04/26/2025
769,Auroora,Dowsing,adowsinglc@tripadvisor.com,Female,1993,Dodge,D350,Richmond,Virginia,23293,US,37.5242,-77.4932,67893,"Walsh, Herman and Fadel",11/09/2025
770,Meaghan,Daingerfield,mdaingerfieldld@yahoo.co.jp,Female,2006,BMW,X5,Richmond,Virginia,23228,US,37.625,-77.4959,86222,Pouros-Welch,09/06/2024
771,Annadiana,Mulheron,amulheronle@youtu.be,Female,1997,Jeep,Grand Cherokee,Lafayette,Indiana,47905,US,40.4001,-86.8602,30089,"Brown, Mayert and Parisian",11/30/2023
772,Elianore,Dri,edrilf@skyrock.com,Female,2001,Land Rover,Range Rover,Torrance,California,90510,US,33.7866,-118.2987,99750,"Becker, Marvin and Ledner",06/07/2024
773,Jocko,Coots,jcootslg@wufoo.com,Male,2007,Ferrari,F430,Newark,New Jersey,07104,US,40.7664,-74.1695,87381,Stamm-Smith,07/11/2023
774,Erskine,Skillett,eskillettlh@domainmarket.com,Male,2006,Aston Martin,DB9 Volante,Cambridge,Massachusetts,02142,US,42.362,-71.083,66581,"Huels, Wolff and Schumm",07/22/2022
775,Cirillo,Guinan,cguinanli@bbc.co.uk,Male,2007,Suzuki,Grand Vitara,Washington,District of Columbia,56944,US,38.8952,-77.0365,40973,"Pouros, Roberts and Stokes",04/28/2025
776,Cornie,Blabie,cblabielj@scribd.com,Male,2009,Ferrari,612 Scaglietti,Saint Louis,Missouri,63169,US,38.6531,-90.2435,40264,Streich Group,10/19/2022
777,Keely,Bolzen,kbolzenlk@themeforest.net,Female,1995,Chevrolet,Astro,Virginia Beach,Virginia,23471,US,36.7957,-76.0126,93134,Klein and Sons,12/05/2023
778,Kari,Claringbold,kclaringboldll@alexa.com,Bigender,1994,Chrysler,LeBaron,London,Kentucky,40745,US,37.1376,-84.1156,67164,Thiel-Gleichner,01/08/2024
779,Joshuah,Roydon,jroydonlm@wunderground.com,Male,2012,Kia,Soul,Mountain View,California,94042,US,37.1894,-121.7053,55312,Wuckert-Cassin,09/08/2023
780,Loralyn,Bertin,lbertinln@cnn.com,Female,1996,Hyundai,Sonata,Oklahoma City,Oklahoma,73173,US,35.3425,-97.6317,70303,"Rippin, Dickens and Hudson",11/20/2022
781,Jermaine,Ballard,jballardlo@plala.or.jp,Female,1996,Mitsubishi,Mighty Max,Akron,Ohio,44310,US,41.1075,-81.5006,37924,"Reinger, Heaney and Rau",09/11/2022
782,Elden,Lomb,elomblp@dell.com,Male,2003,Lincoln,Aviator,Saint Louis,Missouri,63110,US,38.6185,-90.2564,63615,Wuckert-Waelchi,10/12/2025
783,Whittaker,Aldins,waldinslq@shareasale.com,Male,1992,Mercedes-Benz,500E,Tallahassee,Florida,32309,US,30.5422,-84.1413,98430,"O'Kon, Osinski and Tremblay",03/13/2024
784,Baillie,Iacovone,biacovonelr@cdbaby.com,Male,1992,Plymouth,Voyager,Jersey City,New Jersey,07310,US,40.7324,-74.0431,97463,Bayer LLC,12/22/2022
785,Ketty,Christal,kchristalls@yolasite.com,Female,2012,Maserati,GranTurismo,Scottsdale,Arizona,85260,US,33.6013,-111.8867,98712,"Stoltenberg, Weissnat and Klein",08/27/2022
786,Bert,Bricksey,bbrickseylt@umich.edu,Bigender,1993,GMC,Safari,Birmingham,Alabama,35215,US,33.6493,-86.7057,36338,"Murphy, Kuhn and Lubowitz",08/11/2024
787,Lalo,Pietranek,lpietraneklu@craigslist.org,Male,1986,Mitsubishi,Precis,Cincinnati,Ohio,45203,US,39.1075,-84.5257,85691,Cole-Leannon,05/19/2025
788,Orsa,Wayman,owaymanlv@flavors.me,Female,2001,Mitsubishi,Pajero,Norwalk,Connecticut,06859,US,41.3089,-73.3637,55669,"Littel, Stamm and Hermiston",10/21/2023
789,Sheff,Davidsen,sdavidsenlw@cdc.gov,Male,1999,Suzuki,Vitara,Pittsburgh,Pennsylvania,15261,US,40.4344,-80.0248,98469,Larkin-Glover,02/03/2025
790,Vinni,Vowels,vvowelslx@unc.edu,Female,2010,Ford,E250,Evansville,Indiana,47732,US,37.9971,-87.575,53322,"Turner, Bailey and Erdman",08/29/2023
791,Kiley,Keller,kkellerly@angelfire.com,Male,1993,Land Rover,Defender,Arlington,Virginia,22217,US,38.8808,-77.113,52529,Kohler LLC,04/15/2025
792,Elwood,Challener,echallenerlz@qq.com,Male,2007,Infiniti,G,Gastonia,North Carolina,28055,US,35.284,-81.1897,72694,Swift-Gibson,07/06/2024
793,Nikolas,Marchello,nmarchellom0@netvibes.com,Male,2006,BMW,330,Irvine,California,92717,US,33.6462,-117.8398,63770,Pollich and Sons,02/08/2024
794,Ellsworth,Ranald,eranaldm1@nyu.edu,Male,1996,GMC,3500 Club Coupe,Oakland,California,94611,US,37.8471,-122.2223,73416,"Moen, Gusikowski and Wyman",05/21/2023
795,Veriee,Tierny,vtiernym2@china.com.cn,Female,2009,Lexus,RX,Topeka,Kansas,66642,US,39.0429,-95.7697,53209,Hoppe-Wunsch,04/09/2023
796,Chevy,Bonavia,cbonaviam3@wiley.com,Male,1997,Chevrolet,Express 3500,Stamford,Connecticut,06922,US,41.0516,-73.5143,84336,Kemmer-Kautzer,06/18/2023
797,Beale,MacFadzan,bmacfadzanm4@blogspot.com,Male,2012,GMC,Yukon,Los Angeles,California,90035,US,34.0531,-118.3806,40535,"Halvorson, White and Keeling",07/13/2023
798,Rip,Ovanesian,rovanesianm5@cbc.ca,Male,1995,Jeep,Grand Cherokee,Little Rock,Arkansas,72215,US,34.7519,-92.3925,93514,Von-Zboncak,10/15/2025
799,Betteanne,Ebdon,bebdonm6@springer.com,Female,2012,BMW,3 Series,Glendale,Arizona,85311,US,33.2765,-112.1872,64474,Ruecker and Sons,01/22/2026
800,Fleming,Reedshaw,freedshawm7@businesswire.com,Male,2001,Volvo,S40,Mesa,Arizona,85205,US,33.4368,-111.7129,69732,"Wyman, Senger and Hermann",09/12/2023
801,Gratiana,Battyll,gbattyllm8@independent.co.uk,Female,1993,Dodge,Viper RT/10,Greensboro,North Carolina,27409,US,36.0777,-79.9086,48354,Willms-Bogisich,02/23/2025
802,Ibby,Jedrzejewicz,ijedrzejewiczm9@a8.net,Female,2012,Smart,Fortwo,El Paso,Texas,88589,US,31.6948,-106.3,92686,Tremblay Inc,07/09/2023
803,Tadd,Bann,tbannma@lulu.com,Male,2005,Audi,A4,Washington,District of Columbia,20078,US,38.8933,-77.0146,96233,"Bogan, Stracke and Hagenes",10/04/2025
804,Phillida,Ilive,pilivemb@cornell.edu,Female,2007,Kia,Spectra,Las Cruces,New Mexico,88006,US,32.3052,-106.7863,62107,"Veum, Kuhic and Beahan",11/04/2024
805,Warren,Varley,wvarleymc@ifeng.com,Male,1994,GMC,Vandura 3500,Sacramento,California,94207,US,38.3774,-121.4444,72494,Crooks Inc,04/04/2022
806,Letti,Klejin,lklejinmd@netlog.com,Female,2006,Pontiac,GTO,Metairie,Louisiana,70033,US,29.6779,-90.0901,90220,Kozey-Breitenberg,02/16/2025
807,Jared,Ortiger,jortigerme@comcast.net,Male,1997,Cadillac,DeVille,Tacoma,Washington,98424,US,47.2325,-122.3594,89921,Luettgen Group,10/26/2022
808,Wayland,MacWilliam,wmacwilliammf@cyberchimps.com,Male,2002,Chevrolet,Blazer,Jersey City,New Jersey,07305,US,40.702,-74.089,90959,"Stamm, Ziemann and Ankunding",02/19/2025
809,Odele,Shilvock,oshilvockmg@pbs.org,Female,1993,Land Rover,Range Rover Classic,Omaha,Nebraska,68124,US,41.2338,-96.0495,36048,"Bauch, Schiller and Barton",08/06/2022
810,Alexina,Brosch,abroschmh@macromedia.com,Female,2011,Bentley,Continental Flying Spur,Washington,District of Columbia,20099,US,38.8933,-77.0146,38956,"Wiegand, Collins and McClure",04/08/2024
811,Iver,Ackred,iackredmi@auda.org.au,Male,1993,Infiniti,G,Pensacola,Florida,32575,US,30.6143,-87.2758,86658,Cremin Inc,11/14/2023
812,Mal,Quinsee,mquinseemj@gnu.org,Male,1987,Pontiac,Fiero,Sioux Falls,South Dakota,57198,US,43.6746,-96.7913,98669,Blanda-Pfeffer,01/14/2025
813,Briana,Geindre,bgeindremk@amazon.co.jp,Bigender,1994,Honda,Civic,Sacramento,California,94250,US,38.3774,-121.4444,54027,"Aufderhar, VonRueden and Goldner",07/13/2024
814,Giorgia,Hallum,ghallumml@census.gov,Female,1995,Mazda,MX-6,Atlanta,Georgia,31196,US,33.8444,-84.474,47021,Glover Group,03/05/2025
815,Dorisa,Griffiths,dgriffithsmm@drupal.org,Female,1993,Acura,NSX,Colorado Springs,Colorado,80905,US,38.8377,-104.837,81880,Bechtelar-Pfannerstill,12/28/2025
816,Bernelle,Stewartson,bstewartsonmn@whitehouse.gov,Female,2001,Hyundai,Santa Fe,Austin,Texas,78749,US,30.2166,-97.8508,37768,Kirlin-Hirthe,04/03/2024
817,Latashia,Ben,lbenmo@tiny.cc,Female,2009,Chrysler,Aspen,Flint,Michigan,48505,US,43.0634,-83.7001,71905,Murray-Wisozk,03/02/2023
818,Ariela,Spellar,aspellarmp@nih.gov,Female,2008,Hyundai,Tiburon,Waterbury,Connecticut,06721,US,41.3657,-72.9275,92505,Aufderhar-Fahey,01/13/2024
819,Kort,Kiezler,kkiezlermq@hc360.com,Male,2006,Dodge,Durango,Oklahoma City,Oklahoma,73142,US,35.599,-97.6251,71279,"Flatley, Sauer and Roberts",10/31/2023
820,Wells,Goslin,wgoslinmr@ihg.com,Male,2010,Ford,F450,Santa Ana,California,92725,US,33.7465,-117.8662,64698,Kiehn Inc,09/01/2024
821,Aloisia,Pietruschka,apietruschkams@cmu.edu,Female,2000,Lincoln,LS,Peoria,Illinois,61656,US,40.7442,-89.7184,39434,Carter LLC,08/28/2024
822,Alvan,Woollam,awoollammt@infoseek.co.jp,Male,2006,Ford,E-350 Super Duty,Houston,Texas,77206,US,29.834,-95.4342,91355,"Strosin, Predovic and Crist",03/29/2022
823,Amerigo,Arsmith,aarsmithmu@php.net,Agender,2007,Audi,A3,Mobile,Alabama,36622,US,30.6589,-88.178,88174,Cartwright-Kulas,10/13/2024
824,Lolly,Pindred,lpindredmv@nps.gov,Female,1995,Dodge,Ram 1500 Club,Winter Haven,Florida,33884,US,27.981,-81.6736,52874,Hayes-Lueilwitz,09/27/2022
825,Brita,Bernocchi,bbernocchimw@apache.org,Female,2008,Chevrolet,Uplander,Houston,Texas,77212,US,29.834,-95.4342,41064,Price-Heidenreich,12/04/2024
826,Yul,Suthren,ysuthrenmx@nsw.gov.au,Male,1986,Buick,Century,Tucson,Arizona,85705,US,32.2691,-110.9845,38197,Daugherty-Sawayn,02/07/2023
827,Jerry,Hewlings,jhewlingsmy@posterous.com,Female,2012,Buick,Regal,Omaha,Nebraska,68105,US,41.2435,-95.9629,91339,Kiehn LLC,08/17/2023
828,Wallis,Sandison,wsandisonmz@dagondesign.com,Male,1993,Suzuki,SJ,Louisville,Kentucky,40225,US,38.189,-85.6768,31612,Ortiz Group,07/26/2022
829,Ellery,Charlin,echarlinn0@sun.com,Male,2003,Chevrolet,Suburban 2500,Los Angeles,California,90015,US,34.0434,-118.2716,48081,Lesch and Sons,06/24/2022
830,Dalia,Aiskrigg,daiskriggn1@newsvine.com,Female,2009,Ford,Ranger,Albuquerque,New Mexico,87140,US,35.0443,-106.6729,58578,Jakubowski Group,09/10/2025
831,Spence,Langsdon,slangsdonn2@ehow.com,Male,2005,Ford,Freestar,Houston,Texas,77080,US,29.8159,-95.523,91956,"Lynch, Littel and Walker",06/25/2025
832,Erena,Marton,emartonn3@taobao.com,Genderqueer,2004,Audi,A4,Kansas City,Missouri,64142,US,39.035,-94.3567,78789,Sporer Group,09/11/2025
833,Dilly,Rawdall,drawdalln4@techcrunch.com,Male,2006,Aston Martin,DB9,Washington,District of Columbia,20409,US,38.8933,-77.0146,84144,"Stehr, Huels and Corwin",05/06/2024
834,Trixi,O'Duggan,toduggann5@360.cn,Female,1992,Mercury,Grand Marquis,Las Vegas,Nevada,89150,US,35.9279,-114.9721,67363,Wuckert LLC,07/23/2025
835,Allan,Skupinski,askupinskin6@census.gov,Male,2012,Porsche,Panamera,Portland,Maine,04109,US,43.6783,-70.1987,33904,Feest-Konopelski,03/28/2022
836,Helene,Wrankling,hwranklingn7@yellowbook.com,Female,2008,Chevrolet,Aveo,Atlanta,Georgia,30311,US,33.723,-84.4702,54934,"Jaskolski, Rogahn and Gorczany",06/18/2023
837,Sela,Tainton,staintonn8@apache.org,Female,1995,Buick,LeSabre,Aurora,Colorado,80045,US,39.7467,-104.8384,97035,"Kemmer, Aufderhar and Hackett",02/19/2022
838,Andria,Gellately,agellatelyn9@comcast.net,Female,1999,Mercury,Villager,Texarkana,Texas,75507,US,33.3934,-94.3404,79529,Thompson LLC,05/26/2025
839,Floyd,Jans,fjansna@flavors.me,Male,1987,Ford,Ranger,Fort Wayne,Indiana,46862,US,41.0938,-85.0707,43519,Boehm Group,04/22/2024
840,Rosy,Pietrusiak,rpietrusiaknb@harvard.edu,Female,1992,Chevrolet,3500,San Luis Obispo,California,93407,US,35.3471,-120.4553,36936,Homenick Inc,09/25/2025
841,Paddy,Markos,pmarkosnc@last.fm,Male,2004,Hyundai,Tiburon,Portsmouth,New Hampshire,03804,US,43.0059,-71.0132,62662,Miller-Labadie,11/05/2023
842,Bronnie,Bachs,bbachsnd@exblog.jp,Male,1992,Chevrolet,Lumina APV,Saint Louis,Missouri,63121,US,38.7072,-90.3055,71293,Hagenes-Kub,01/10/2024
843,Ogdan,De La Haye,odelahayene@mit.edu,Male,1997,Honda,Accord,Columbia,South Carolina,29220,US,34.006,-80.9708,45944,Predovic LLC,10/30/2024
844,Demetris,Handrick,dhandricknf@kickstarter.com,Male,2008,Porsche,Cayenne,Brockton,Massachusetts,02405,US,41.9705,-70.7014,30535,Kessler-Kassulke,05/13/2025
845,Berenice,Krysiak,bkrysiakng@walmart.com,Female,1997,Subaru,Impreza,Vienna,Virginia,22184,US,38.8318,-77.2888,51120,"Marquardt, Blick and Mayert",06/22/2023
846,Marty,Do Rosario,mdorosarionh@techcrunch.com,Female,1999,Dodge,Ram 1500,Conroe,Texas,77305,US,30.2906,-95.3832,80524,Zboncak-Kihn,04/12/2023
847,Leopold,Denman,ldenmanni@google.de,Male,2007,Nissan,Versa,Boca Raton,Florida,33499,US,26.6459,-80.4303,85220,Weissnat-Koch,08/22/2023
848,Warren,Asker,waskernj@prweb.com,Male,2000,Suzuki,Vitara,Chattanooga,Tennessee,37416,US,35.0942,-85.1757,87897,Padberg and Sons,03/03/2025
849,Minnie,Baraclough,mbaracloughnk@freewebs.com,Female,2003,Buick,Rendezvous,Saint Paul,Minnesota,55188,US,45.0059,-93.1059,66353,Oberbrunner-Hermiston,03/15/2023
850,Odilia,Lawranson,olawransonnl@imgur.com,Female,2000,Toyota,Camry,Montgomery,Alabama,36125,US,32.2334,-86.2085,70763,Feil-Rutherford,09/19/2024
851,Francoise,Weine,fweinenm@epa.gov,Female,1992,Chevrolet,Beretta,Omaha,Nebraska,68134,US,41.2949,-96.0546,93465,Kreiger Inc,08/15/2024
852,Rora,Boynton,rboyntonnn@prnewswire.com,Female,1995,Pontiac,Grand Prix,Newport News,Virginia,23612,US,37.1959,-76.5248,78137,Stoltenberg and Sons,12/16/2022
853,Linet,Bon,lbonno@webeden.co.uk,Female,2006,Volvo,S80,Fort Lauderdale,Florida,33315,US,26.0989,-80.1541,96332,"Gottlieb, Weissnat and Terry",02/28/2023
854,Vale,Dozdill,vdozdillnp@nih.gov,Bigender,2000,Mercury,Mountaineer,Wilmington,North Carolina,28410,US,34.0881,-77.8526,52114,"Pagac, Gusikowski and Fay",07/21/2024
855,Angel,Perkins,aperkinsnq@arstechnica.com,Male,2012,Lexus,IS,Louisville,Kentucky,40215,US,38.1913,-85.7847,61859,"Sauer, Quitzon and Kihn",01/24/2025
856,Benson,McPhillimey,bmcphillimeynr@blogs.com,Male,2000,Chevrolet,Camaro,Young America,Minnesota,55573,US,45.0159,-93.4719,36865,"Hudson, Balistreri and Mayert",03/07/2023
857,Brenden,Newlyn,bnewlynns@g.co,Male,1988,Ford,Bronco II,Laurel,Maryland,20709,US,38.8336,-76.8777,56577,"Wunsch, Mills and Hermann",06/03/2024
858,Lory,Leman,llemannt@vk.com,Female,1996,Ford,F250,Migrate,Kentucky,41905,US,38.0638,-84.5027,36051,Roob-Reynolds,11/02/2025
859,Norbert,Arnall,narnallnu@people.com.cn,Male,1986,Mercury,Capri,Burbank,California,91505,US,34.169,-118.3442,55691,Boyle-Runolfsdottir,04/05/2022
860,Shayne,Haugeh,shaugehnv@rediff.com,Female,2005,Honda,S2000,Saint Paul,Minnesota,55114,US,44.968,-93.1981,50333,Hyatt Group,01/26/2024
861,Kelley,Whiles,kwhilesnw@indiatimes.com,Female,1993,Saab,900,Salt Lake City,Utah,84199,US,40.7259,-111.9394,47150,Wyman-Rippin,11/05/2022
862,Mae,Braiden,mbraidennx@macromedia.com,Female,2002,Saturn,L-Series,Houston,Texas,77299,US,29.834,-95.4342,45575,"Tillman, O'Keefe and Stehr",10/18/2023
863,Ephrem,Weekley,eweekleyny@google.fr,Male,2005,GMC,Savana 2500,Miami,Florida,33169,US,25.9441,-80.2144,88883,Schroeder and Sons,09/25/2025
864,Aylmar,Liver,alivernz@people.com.cn,Male,2011,Volkswagen,Eos,New York City,New York,10004,US,40.6964,-74.0253,96131,Wiza-Bartoletti,11/17/2024
865,Orelie,Markos,omarkoso0@vimeo.com,Female,2008,Ford,F350,Birmingham,Alabama,35220,US,33.5446,-86.9292,37317,"Schaefer, D'Amore and Batz",09/12/2023
866,Farrand,Bedward,fbedwardo1@shareasale.com,Female,1995,Mazda,RX-7,San Francisco,California,94110,US,37.7509,-122.4153,55472,"Kutch, Auer and Sporer",03/15/2023
867,Pearline,Leeke,pleekeo2@shareasale.com,Female,1995,Buick,Coachbuilder,New Hyde Park,New York,11044,US,40.7548,-73.6018,50047,Jacobs and Sons,11/01/2025
868,Ario,Tyre,atyreo3@cnn.com,Male,2003,Toyota,Tacoma Xtra,Jacksonville,Florida,32244,US,30.2231,-81.7556,87328,"Swift, Bernier and Leuschke",01/17/2024
869,Garvin,Guitte,gguitteo4@narod.ru,Male,2013,Porsche,911,Akron,Ohio,44305,US,41.076,-81.4644,77917,Klein-Ortiz,03/02/2023
870,Clo,Lyles,clyleso5@pagesperso-orange.fr,Female,2001,Infiniti,G,Great Neck,New York,11024,US,40.8171,-73.7416,69413,Kirlin and Sons,06/19/2023
871,Alexandrina,Sproule,asprouleo6@boston.com,Female,2008,GMC,Yukon,Clearwater,Florida,33763,US,28.0173,-82.7461,41189,Stark-Barrows,01/22/2026
872,Talbot,Ouslem,touslemo7@tripadvisor.com,Non-binary,1969,Pontiac,GTO,New Haven,Connecticut,06510,US,41.3087,-72.9271,56596,Murphy-Mitchell,06/21/2025
873,Tarrance,Enser,tensero8@theatlantic.com,Non-binary,2001,GMC,Safari,South Bend,Indiana,46614,US,41.6255,-86.2433,32046,Lueilwitz-Bradtke,08/18/2022
874,Eunice,Mesias,emesiaso9@360.cn,Female,2007,Nissan,Frontier,Scottsdale,Arizona,85260,US,33.6013,-111.8867,47703,"Quigley, Fisher and Macejkovic",10/01/2025
875,Ardys,Wellbank,awellbankoa@nps.gov,Bigender,2002,Chevrolet,Prizm,Oceanside,California,92056,US,33.1968,-117.2831,74483,Davis-Hane,05/20/2023
876,Brenda,Enrigo,benrigoob@t-online.de,Female,1995,Nissan,Maxima,Saint Paul,Minnesota,55114,US,44.968,-93.1981,96906,Kutch Inc,09/24/2023
877,Jeannette,Vigurs,jvigursoc@wp.com,Female,1999,Mazda,Millenia,West Hartford,Connecticut,06127,US,41.7918,-72.7188,53631,"Miller, Carter and Lesch",10/16/2022
878,Bernice,Cosbee,bcosbeeod@engadget.com,Female,2002,Ford,Thunderbird,Jersey City,New Jersey,07305,US,40.702,-74.089,69151,Gleichner-Wolf,12/18/2025
879,Baxter,Dodamead,bdodameadoe@newyorker.com,Non-binary,2003,BMW,760,Mobile,Alabama,36622,US,30.6589,-88.178,75264,Dietrich-McDermott,09/09/2023
880,Tallia,Pummell,tpummellof@techcrunch.com,Female,1997,Hyundai,Tiburon,Largo,Florida,33777,US,27.8546,-82.7545,60350,Dietrich-Ruecker,09/16/2024
881,Ajay,Thumnel,athumnelog@booking.com,Female,1993,Isuzu,Amigo,Charlotte,North Carolina,28272,US,35.26,-80.8042,60781,Goodwin Group,06/08/2022
882,Lenee,Pherps,lpherpsoh@indiegogo.com,Female,2003,Honda,Civic Si,Cincinnati,Ohio,45264,US,39.1668,-84.5382,55056,"Hauck, Thompson and Zemlak",11/25/2024
883,Lola,Hudson,lhudsonoi@trellian.com,Female,1997,Mitsubishi,Diamante,Charleston,West Virginia,25305,US,38.3358,-81.6123,34647,Rutherford Inc,01/11/2023
884,Kary,Aberdein,kaberdeinoj@sohu.com,Bigender,1993,Mazda,B-Series Plus,Saint Petersburg,Florida,33737,US,27.8918,-82.7248,76442,"Breitenberg, Dickens and Waelchi",03/24/2024
885,Shermie,Chatelain,schatelainok@nsw.gov.au,Male,2009,Aston Martin,V8 Vantage,Huntington,West Virginia,25726,US,38.4134,-82.2774,59223,Rutherford-Turner,04/09/2025
886,Silvain,Joseff,sjoseffol@youtu.be,Genderfluid,2008,MINI,Clubman,North Port,Florida,34290,US,27.0459,-82.2491,70501,Moore Group,06/22/2023
887,Rebekah,Colles,rcollesom@blogtalkradio.com,Female,2008,Saturn,Aura,Akron,Ohio,44310,US,41.1075,-81.5006,52490,Aufderhar and Sons,10/13/2022
888,Kira,Purveys,kpurveyson@github.com,Female,2010,Honda,CR-V,Scottsdale,Arizona,85260,US,33.6013,-111.8867,80294,"Lowe, Cummings and Feest",04/04/2023
889,Hildegaard,Doge,hdogeoo@tuttocitta.it,Female,1989,Ford,Thunderbird,Missoula,Montana,59806,US,47.116,-114.0498,63291,Aufderhar-Mitchell,10/26/2023
890,Elliott,Malec,emalecop@is.gd,Male,2007,Mercedes-Benz,SL-Class,El Paso,Texas,79977,US,31.6948,-106.3,37707,"Cummerata, Hammes and Jacobi",02/21/2025
891,Pooh,Marciskewski,pmarciskewskioq@deviantart.com,Female,2009,Hyundai,Veracruz,Clearwater,Florida,34620,US,27.9139,-82.7157,35408,Kovacek LLC,04/21/2023
892,Jere,McGlaud,jmcglaudor@soundcloud.com,Male,2008,Isuzu,i-Series,Burbank,California,91520,US,34.1869,-118.348,38786,"Senger, Schimmel and Ratke",08/18/2023
893,Charline,Adamsson,cadamssonos@about.com,Female,1999,Dodge,Ram Van 3500,Oklahoma City,Oklahoma,73109,US,35.4259,-97.5261,57695,Bradtke LLC,04/15/2023
894,Rhys,Maxfield,rmaxfieldot@umn.edu,Male,1996,Mercury,Mystique,San Diego,California,92186,US,33.0169,-116.846,42225,Dibbert and Sons,01/23/2026
895,Sonnie,Talton,staltonou@freewebs.com,Female,2008,Chevrolet,Equinox,Cincinnati,Ohio,45264,US,39.1668,-84.5382,77705,"Schaefer, Beahan and Bayer",03/15/2024
896,Carlos,Goulter,cgoulterov@joomla.org,Male,2007,Ford,Explorer Sport Trac,Amarillo,Texas,79159,US,35.216,-102.0714,91301,Wolff Inc,12/19/2023
897,Durand,Checklin,dchecklinow@alexa.com,Male,1996,BMW,8 Series,Young America,Minnesota,55551,US,44.8055,-93.7665,98539,"Berge, Friesen and Stracke",03/10/2025
898,Mag,Coil,mcoilox@usgs.gov,Female,1999,Isuzu,Trooper,Saint Petersburg,Florida,33731,US,27.8918,-82.7248,33132,"Murray, Dickens and Greenholt",06/07/2025
899,Drud,Fairhall,dfairhalloy@scientificamerican.com,Male,1998,Toyota,4Runner,San Diego,California,92165,US,33.0169,-116.846,93637,"Kuphal, Anderson and Hyatt",01/07/2026
900,Reese,Petch,rpetchoz@ucoz.ru,Male,2009,Acura,RL,Corpus Christi,Texas,78415,US,27.7262,-97.4078,82100,Lebsack-Stanton,12/19/2022
901,Meggie,Hows,mhowsp0@amazon.com,Female,2010,Jeep,Patriot,Miami,Florida,33153,US,25.8655,-80.1936,59924,"Gleason, Wunsch and Emard",01/05/2026
902,Ferrel,Drinkale,fdrinkalep1@mozilla.org,Male,2007,Ford,Explorer,Duluth,Minnesota,55805,US,46.7987,-92.0946,97136,Huels-Herman,04/27/2024
903,Grannie,Ivanonko,givanonkop2@hatena.ne.jp,Male,2010,Volkswagen,Touareg,Sacramento,California,94207,US,38.3774,-121.4444,90343,Sporer Inc,08/04/2025
904,Kristyn,Dodds,kdoddsp3@bandcamp.com,Female,2004,Subaru,Forester,Montgomery,Alabama,36177,US,32.2334,-86.2085,99252,Bergstrom Group,08/14/2024
905,Sanford,McFadzean,smcfadzeanp4@qq.com,Male,1995,Chevrolet,Caprice,Reno,Nevada,89519,US,39.4814,-119.8591,54814,Pfannerstill-Strosin,11/26/2022
906,Brittni,Stryde,bstrydep5@acquirethisname.com,Female,1984,Mercury,Capri,Houston,Texas,77223,US,29.834,-95.4342,32846,Connelly-Jakubowski,03/11/2025
907,Krishna,Longwood,klongwoodp6@globo.com,Male,1997,Toyota,Tacoma Xtra,Memphis,Tennessee,38168,US,35.2017,-89.9715,47360,"Schoen, Dooley and Adams",11/02/2023
908,Kenneth,Marguerite,kmargueritep7@virginia.edu,Male,1996,Acura,NSX,Raleigh,North Carolina,27605,US,35.7908,-78.653,72593,D'Amore LLC,09/18/2022
909,Leann,Sibun,lsibunp8@bbc.co.uk,Female,1996,Plymouth,Voyager,Richmond,Virginia,23208,US,37.5593,-77.4471,54122,Thompson Inc,05/13/2025
910,Staffard,Klehyn,sklehynp9@businessinsider.com,Male,1985,Audi,5000S,Elizabeth,New Jersey,07208,US,40.6747,-74.2239,82816,Mohr-Schowalter,05/16/2023
911,Newton,Mountcastle,nmountcastlepa@merriam-webster.com,Male,1998,Chrysler,Town & Country,Pocatello,Idaho,83206,US,42.6395,-112.3138,89975,Wilkinson Group,02/12/2025
912,Mord,Tolhurst,mtolhurstpb@tamu.edu,Male,2000,Lexus,LS,Los Angeles,California,90065,US,34.1073,-118.2266,99802,"Paucek, Heathcote and McClure",10/17/2022
913,Ag,Bricknall,abricknallpc@home.pl,Female,2002,Toyota,Echo,Mesa,Arizona,85205,US,33.4368,-111.7129,78474,Stracke-O'Keefe,04/30/2023
914,Lindsy,Croyden,lcroydenpd@etsy.com,Female,2003,Honda,Insight,Miami,Florida,33142,US,25.813,-80.232,82749,"Hackett, Turcotte and Walter",11/20/2025
915,Nap,Spedding,nspeddingpe@multiply.com,Male,1998,Mazda,Protege,Boston,Massachusetts,02298,US,42.3823,-71.0323,33999,Labadie LLC,02/19/2025
916,Pietra,Spieck,pspieckpf@un.org,Agender,1988,Mitsubishi,Starion,Memphis,Tennessee,38136,US,35.2017,-89.9715,48221,Marvin-Fadel,09/20/2024
917,Menard,Burniston,mburnistonpg@yale.edu,Male,2003,Ford,F250,Lansing,Michigan,48930,US,42.7325,-84.5587,81346,Carroll and Sons,10/03/2025
918,Gaspar,Stapels,gstapelsph@blogtalkradio.com,Male,2000,Honda,Civic,Omaha,Nebraska,68144,US,41.2335,-96.1188,51386,Graham-Fahey,09/28/2022
919,Nonah,Duling,ndulingpi@oaic.gov.au,Female,2005,Dodge,Ram 2500,Tampa,Florida,33686,US,27.872,-82.4388,90434,"Sanford, Wyman and Hauck",08/10/2024
920,Mateo,Staniland,mstanilandpj@techcrunch.com,Non-binary,2013,Ford,Flex,Las Vegas,Nevada,89120,US,36.0914,-115.0885,38367,MacGyver-Lueilwitz,10/10/2024
921,Pierrette,Dobbins,pdobbinspk@home.pl,Female,2007,Dodge,Ram 3500,Colorado Springs,Colorado,80925,US,38.7378,-104.6459,36764,O'Keefe-Gottlieb,04/15/2022
922,Price,Zincke,pzinckepl@github.com,Male,1992,Eagle,Talon,Springfield,Illinois,62711,US,39.7655,-89.7293,88501,"Becker, Turcotte and Brown",11/08/2025
923,Kristen,Slixby,kslixbypm@storify.com,Female,1994,Nissan,Maxima,Rochester,Minnesota,55905,US,44.0225,-92.4668,77367,Braun-Corwin,04/16/2022
924,Michelle,Danilovic,mdanilovicpn@accuweather.com,Female,2002,Isuzu,Axiom,New York City,New York,10260,US,40.7808,-73.9772,92863,Wyman Inc,06/19/2023
925,Dorise,Deare,ddearepo@telegraph.co.uk,Female,2007,Kia,Sedona,Nashville,Tennessee,37250,US,36.1866,-86.7852,58308,Luettgen LLC,08/13/2025
926,Arabele,Rooms,aroomspp@nhs.uk,Female,2003,Pontiac,Vibe,Denver,Colorado,80299,US,39.7388,-104.4083,96299,Ziemann-Rolfson,08/08/2022
927,Alyse,Marden,amardenpq@lycos.com,Female,2011,Volvo,S60,Oklahoma City,Oklahoma,73109,US,35.4259,-97.5261,92790,Moore and Sons,08/21/2022
928,Lorne,Helstrip,lhelstrippr@irs.gov,Male,2005,Chevrolet,TrailBlazer,Milwaukee,Wisconsin,53205,US,43.0528,-87.9353,59542,Will and Sons,03/09/2024
929,Smith,Allbones,sallbonesps@unicef.org,Male,1996,GMC,1500 Club Coupe,Duluth,Minnesota,55811,US,46.8147,-92.1998,56416,Glover-Prohaska,11/30/2025
930,Helaina,Lesmonde,hlesmondept@sina.com.cn,Female,1994,Kia,Sephia,Galveston,Texas,77554,US,29.2243,-94.9637,80080,Osinski-Cartwright,04/25/2025
931,Harriette,Whittier,hwhittierpu@example.com,Bigender,1989,Volkswagen,GTI,Tallahassee,Florida,32314,US,30.4793,-84.3462,53360,"Renner, Corwin and Wolf",07/22/2022
932,Engelbert,Hairsine,ehairsinepv@storify.com,Male,2008,GMC,Yukon XL 1500,New York City,New York,10165,US,40.7524,-73.9791,66728,Kovacek LLC,05/06/2023
933,Mayor,Leimster,mleimsterpw@yahoo.com,Male,2002,Lincoln,Town Car,Philadelphia,Pennsylvania,19120,US,40.0343,-75.1213,87499,"Baumbach, Koch and Kertzmann",03/17/2025
934,Wallace,Keaton,wkeatonpx@joomla.org,Male,1997,Toyota,Land Cruiser,Saint Louis,Missouri,63104,US,38.6128,-90.2185,53134,Douglas Inc,12/07/2022
935,Charles,Abramovitz,cabramovitzpy@princeton.edu,Male,2004,Mercury,Mountaineer,Fort Myers,Florida,33906,US,26.5529,-81.9486,64739,Block-Gorczany,01/09/2025
936,Elenore,Furness,efurnesspz@usa.gov,Female,2008,BMW,M6,Akron,Ohio,44310,US,41.1075,-81.5006,76572,Ondricka-Lindgren,02/14/2023
937,Angelo,Segges,aseggesq0@ucoz.com,Bigender,1996,Saab,9000,Oklahoma City,Oklahoma,73157,US,35.5514,-97.4075,81669,Ziemann and Sons,02/23/2022
938,Misty,Braunthal,mbraunthalq1@jimdo.com,Female,2000,Lamborghini,Diablo,Waco,Texas,76705,US,31.6403,-97.0963,50920,Hauck-Padberg,11/22/2022
939,Gordy,Caughtry,gcaughtryq2@technorati.com,Male,2008,Kia,Rio5,Salem,Oregon,97306,US,44.8685,-123.0438,98582,"Langosh, Dickinson and Farrell",03/26/2023
940,Karrie,Leghorn,kleghornq3@360.cn,Female,2004,Infiniti,G,Wichita Falls,Texas,76310,US,33.8581,-98.5755,54310,"Muller, Schoen and Crist",03/13/2022
941,Jacquelynn,Cranna,jcrannaq4@unesco.org,Female,2006,Subaru,Baja,New York City,New York,10110,US,40.754,-73.9808,81439,"Hirthe, Effertz and O'Keefe",11/10/2022
942,Liliane,Rookwell,lrookwellq5@clickbank.net,Genderqueer,2005,Volkswagen,New Beetle,Henderson,Nevada,89074,US,36.0384,-115.0857,53616,Ruecker and Sons,11/28/2025
943,Ofelia,Jeaneau,ojeaneauq6@noaa.gov,Female,1987,Porsche,924 S,Stockton,California,95219,US,38.01,-121.3698,97589,Orn LLC,10/05/2023
944,Gabriel,Jzak,gjzakq7@amazon.co.uk,Male,2010,Ford,Ranger,Washington,District of Columbia,20310,US,38.8933,-77.0146,46809,Oberbrunner Group,12/12/2025
945,Schuyler,Marieton,smarietonq8@issuu.com,Male,1994,Pontiac,Sunbird,Boston,Massachusetts,02208,US,42.3389,-70.9196,37185,Runolfsdottir LLC,07/10/2022
946,Fidelia,Gunderson,fgundersonq9@mediafire.com,Female,2004,Hyundai,Elantra,Ogden,Utah,84409,US,41.2553,-111.9567,44422,Block Inc,05/14/2025
947,Elfrida,Klimowicz,eklimowiczqa@springer.com,Female,2002,Mazda,MX-5,Fort Worth,Texas,76115,US,32.6796,-97.3336,45189,Jast-Walter,05/25/2025
948,Cal,Stokell,cstokellqb@hostgator.com,Female,2006,Kia,Rio,Seattle,Washington,98140,US,47.4323,-121.8034,90797,Corwin and Sons,01/19/2026
949,Tye,Lindenbaum,tlindenbaumqc@lulu.com,Male,1999,Infiniti,G,Lincoln,Nebraska,68517,US,40.9317,-96.6045,87229,Emmerich-Hahn,05/22/2022
950,Marv,Moro,mmoroqd@myspace.com,Male,2007,Audi,A4,Peoria,Illinois,61629,US,40.692,-89.5887,44368,Ledner Group,05/11/2025
951,Veronike,Stickens,vstickensqe@lulu.com,Female,2002,Volkswagen,New Beetle,Houston,Texas,77228,US,29.834,-95.4342,99619,Steuber and Sons,04/19/2022
952,Willamina,Dignon,wdignonqf@imdb.com,Female,1994,Mitsubishi,Montero,Ogden,Utah,84409,US,41.2553,-111.9567,45700,Zieme LLC,07/24/2025
953,Gloria,Kaaskooper,gkaaskooperqg@washington.edu,Female,1986,Honda,Accord,Saint Petersburg,Florida,33731,US,27.8918,-82.7248,80568,Haley-Pagac,02/24/2024
954,Siffre,Purslow,spurslowqh@trellian.com,Male,2005,Ford,E-Series,Miami,Florida,33153,US,25.8655,-80.1936,37443,Littel-Lang,12/09/2024
955,Claire,Cochet,ccochetqi@scribd.com,Male,2008,Chrysler,Crossfire,Seattle,Washington,98140,US,47.4323,-121.8034,94474,"MacGyver, Douglas and Cronin",10/03/2022
956,Kristel,Burgill,kburgillqj@yellowpages.com,Female,2003,Pontiac,Aztek,Tucson,Arizona,85743,US,32.3366,-111.1771,90760,"Goodwin, Reichert and Mayer",03/23/2022
957,Drusy,Guage,dguageqk@wp.com,Female,1999,Porsche,911,Pittsburgh,Pennsylvania,15261,US,40.4344,-80.0248,75737,"Powlowski, Mertz and Parker",02/04/2023
958,Ruggiero,O' Neligan,roneliganql@theatlantic.com,Genderqueer,1995,Ford,Aspire,Denver,Colorado,80204,US,39.734,-105.0259,40428,"Keeling, Crona and Reinger",05/27/2024
959,Calli,Clayfield,cclayfieldqm@amazon.co.uk,Agender,2012,Nissan,Frontier,Tacoma,Washington,98481,US,47.0662,-122.1132,74340,Jones-Lynch,11/01/2023
960,Godard,Franscioni,gfranscioniqn@loc.gov,Bigender,2010,GMC,Savana 3500,Mobile,Alabama,36610,US,30.7309,-88.0789,41342,"Kemmer, Kris and Fahey",10/31/2023
961,Bidget,Da Costa,bdacostaqo@wunderground.com,Female,2009,Infiniti,QX,Ashburn,Virginia,22093,US,39.0853,-77.6452,63633,Ziemann-Fahey,08/02/2025
962,Marco,Birkmyr,mbirkmyrqp@techcrunch.com,Non-binary,2005,Mitsubishi,Endeavor,Syracuse,New York,13210,US,43.0354,-76.1282,84663,Berge Group,06/29/2023
963,Cristen,Lukianovich,clukianovichqq@slashdot.org,Female,1993,Buick,Park Avenue,Toledo,Ohio,43656,US,41.6782,-83.4972,68477,"Kuphal, Paucek and Lakin",05/24/2024
964,Alexis,Yeoman,ayeomanqr@princeton.edu,Female,2007,Ford,Five Hundred,San Antonio,Texas,78230,US,29.5407,-98.5521,84172,Heaney Group,10/15/2022
965,Even,Jumonet,ejumonetqs@sphinn.com,Male,1994,Nissan,Sentra,Columbus,Mississippi,39705,US,33.5508,-88.4865,55656,Kirlin and Sons,04/29/2024
966,Ursuline,Chasney,uchasneyqt@dedecms.com,Female,2004,Mazda,RX-8,Richmond,Virginia,23220,US,37.5498,-77.4588,76443,Abbott-Blick,08/09/2023
967,Loree,Gossage,lgossagequ@devhub.com,Female,1994,Mazda,Navajo,Dallas,Texas,75323,US,32.7673,-96.7776,74406,Sawayn-Fisher,04/21/2023
968,Arturo,Edgeller,aedgellerqv@digg.com,Genderfluid,2011,Lincoln,MKX,Garland,Texas,75044,US,32.9522,-96.6654,86438,Shanahan-Powlowski,04/23/2024
969,Alyss,Whilder,awhilderqw@comcast.net,Female,2012,MINI,Cooper,Nashville,Tennessee,37235,US,36.1866,-86.7852,32717,Koepp and Sons,06/22/2022
970,Kane,Cable,kcableqx@tumblr.com,Male,1993,Mitsubishi,RVR,Kansas City,Missouri,64136,US,39.0187,-94.4008,40812,"Kohler, Aufderhar and Huel",01/05/2026
971,Jarrid,Kibbye,jkibbyeqy@kickstarter.com,Male,1994,Geo,Tracker,Winter Haven,Florida,33884,US,27.981,-81.6736,67268,"Rodriguez, Gibson and Douglas",03/24/2025
972,Minerva,Le Blond,mleblondqz@macromedia.com,Female,2002,Isuzu,Rodeo,Milwaukee,Wisconsin,53205,US,43.0528,-87.9353,96394,Sanford-Abernathy,09/19/2023
973,Walton,Vayne,wvayner0@eventbrite.com,Male,2005,Nissan,Sentra,Port Saint Lucie,Florida,34985,US,27.3822,-80.409,55637,"Bode, Kessler and Reinger",09/11/2025
974,Teodoro,Mullarkey,tmullarkeyr1@deliciousdays.com,Male,1999,Oldsmobile,LSS,Utica,New York,13505,US,43.0872,-75.2603,44232,"D'Amore, Jast and Cole",04/22/2022
975,Roslyn,Gemlbett,rgemlbettr2@e-recht24.de,Female,1988,Mitsubishi,Galant,Vero Beach,Florida,32969,US,27.709,-80.5726,69924,Quitzon Inc,04/28/2024
976,Romonda,Bayldon,rbayldonr3@gravatar.com,Polygender,2009,Chrysler,Sebring,Littleton,Colorado,80126,US,39.5437,-104.9691,84785,Boehm and Sons,05/19/2022
977,Waring,Jehan,wjehanr4@surveymonkey.com,Male,1998,Mercury,Mountaineer,Phoenix,Arizona,85072,US,33.2765,-112.1872,85385,Boyle and Sons,01/18/2026
978,Goddart,Goodram,ggoodramr5@pcworld.com,Polygender,1974,Citroën,CX,Honolulu,Hawaii,96835,US,21.3278,-157.8294,85801,Toy and Sons,05/09/2023
979,Horatius,Sawfoot,hsawfootr6@nps.gov,Polygender,1992,Mercedes-Benz,E-Class,Houston,Texas,77085,US,29.6218,-95.4819,84997,Denesik-Grimes,07/21/2024
980,Aimil,Mead,ameadr7@vkontakte.ru,Female,1988,Audi,80/90,Charleston,West Virginia,25389,US,38.354,-81.6394,37564,Pfannerstill LLC,02/23/2023
981,Jacky,Winsbury,jwinsburyr8@freewebs.com,Female,2006,Hummer,H2 SUV,Las Vegas,Nevada,89115,US,36.2158,-115.0671,82628,Jenkins Group,03/18/2022
982,Barb,Graben,bgrabenr9@msn.com,Female,2007,Hyundai,Azera,Syracuse,New York,13217,US,43.0214,-76.1977,81477,"Boyle, Feeney and Ryan",08/06/2023
983,Deane,Huskinson,dhuskinsonra@oaic.gov.au,Male,1987,Mitsubishi,Excel,Knoxville,Tennessee,37919,US,35.9244,-84.0015,55860,Barton-Hilpert,04/11/2025
984,Gillan,Richley,grichleyrb@dmoz.org,Female,2003,Isuzu,Axiom,Cleveland,Ohio,44185,US,41.6857,-81.6728,86274,"Nikolaus, Herman and Bradtke",07/25/2025
985,Ediva,Porteous,eporteousrc@opensource.org,Female,1994,Chevrolet,Sportvan G30,Harrisburg,Pennsylvania,17126,US,40.2618,-76.88,73643,Bernhard and Sons,05/25/2024
986,Enriqueta,Dinesen,edinesenrd@ted.com,Female,1995,Pontiac,Trans Sport,Denver,Colorado,80223,US,39.7002,-105.0028,73922,O'Keefe Group,06/07/2023
987,Fiann,Fri,ffrire@furl.net,Female,2003,GMC,Sonoma,Tallahassee,Florida,32304,US,30.4478,-84.3211,30273,"Gerlach, McGlynn and Dibbert",09/10/2025
988,Halley,Godrich,hgodrichrf@w3.org,Female,2003,Hummer,H2,Oakland,California,94622,US,37.799,-122.2337,55105,"VonRueden, Thiel and Boehm",06/28/2023
989,Claude,Bevington,cbevingtonrg@comsenz.com,Female,2005,Suzuki,Forenza,Atlanta,Georgia,30368,US,33.8444,-84.474,72858,Conroy and Sons,10/16/2023
990,Merna,Emblin,memblinrh@cloudflare.com,Female,1996,Volkswagen,GTI,Baltimore,Maryland,21239,US,39.361,-76.5891,67301,"Mraz, Smith and Lowe",05/09/2025
991,Analiese,Golder,agolderri@redcross.org,Female,1989,Subaru,XT,Birmingham,Alabama,35225,US,33.5446,-86.9292,59480,"Skiles, Rolfson and Altenwerth",06/10/2023
992,Edwina,Butterick,ebutterickrj@wired.com,Female,1997,Volkswagen,GTI,Schaumburg,Illinois,60193,US,42.0144,-88.0935,38206,Flatley Inc,10/08/2023
993,Virgie,Merigeau,vmerigeaurk@shutterfly.com,Male,2007,Foose,Hemisfear,Corona,California,92883,US,33.7541,-117.474,97923,Carroll-Howell,10/20/2023
994,Martha,Gilchriest,mgilchriestrl@netlog.com,Non-binary,2006,GMC,Yukon XL 1500,Washington,District of Columbia,20557,US,38.8874,-77.0047,83518,"White, Lockman and Satterfield",01/14/2023
995,Samaria,Waggett,swaggettrm@comsenz.com,Female,2013,Ford,Mustang,Jacksonville,Florida,32204,US,30.3189,-81.6854,74901,"Ferry, Littel and Zboncak",12/15/2024
996,Natala,Feltham,nfelthamrn@mapquest.com,Genderqueer,2003,Infiniti,FX,Henderson,Nevada,89074,US,36.0384,-115.0857,30883,Labadie Group,06/30/2022
997,Lettie,Danilenko,ldanilenkoro@newyorker.com,Female,2006,Audi,A6,New York City,New York,10045,US,40.7086,-74.0087,56818,Halvorson-Watsica,06/09/2024
998,Irma,Standrin,istandrinrp@ifeng.com,Genderfluid,1986,Pontiac,Parisienne,Denver,Colorado,80279,US,39.7388,-104.4083,57053,Ledner and Sons,11/06/2022
999,Caryl,Syce,csycerq@scribd.com,Female,2008,Audi,A4,Minneapolis,Minnesota,55407,US,44.9378,-93.2545,51450,White-Labadie,12/13/2022
1000,Kenn,Hopfer,khopferrr@sourceforge.net,Male,2011,Hyundai,Veracruz,Newark,New Jersey,07195,US,40.7918,-74.2452,89912,Runolfsdottir-Lindgren,12/10/2023
