id,firstName,lastName,email,gender,carYear,automobileMake,automobileModel,customerRegion,customerState,customerPostal,customerCountry_ISO2,customerRegionLatitude,ownerRegionLongitude,automobilePrice,customer,purchaseDate
1,Sonni,Lerohan,slerohan0@simplemachines.org,Female,2003,Volvo,S60,Corpus Christi,Texas,78426,US,27.777,-97.4632,99351,Kunde LLC,09/13/2022
2,Ryun,McPherson,rmcpherson1@desdev.cn,Male,1985,Lincoln,Town Car,Chattanooga,Tennessee,37410,US,35.0018,-85.3138,62476,Mills Group,04/02/2023
3,Wallace,Parsall,wparsall2@sohu.com,Male,1996,Ford,Thunderbird,Albany,New York,12205,US,42.7198,-73.8207,47242,Bailey Group,09/19/2025
4,Reinwald,Micallef,rmicallef3@wikispaces.com,Genderqueer,2002,Toyota,Corolla,San Diego,California,92191,US,33.0169,-116.846,98882,Prosacco LLC,02/26/2023
5,Herrick,Billing,hbilling4@cbslocal.com,Male,1997,Chevrolet,Venture,San Antonio,Texas,78215,US,29.4413,-98.4793,39415,"Swaniawski, Murray and Weissnat",11/11/2025
6,Maryjo,Fane,mfane5@youtu.be,Female,1988,Mazda,MX-6,Davenport,Iowa,52809,US,41.613,-90.6063,85005,"Mohr, Haley and Beahan",07/20/2023
7,Morly,Wikey,mwikey6@salon.com,Male,1987,Saab,9000,Oklahoma City,Oklahoma,73135,US,35.411,-97.4388,50955,Satterfield-Mraz,02/04/2025
8,Philis,Statefield,pstatefield7@webs.com,Female,1993,GMC,Suburban 2500,Washington,District of Columbia,20244,US,38.8933,-77.0146,80869,Windler Group,10/16/2023
9,Der,Guillerman,dguillerman8@cnn.com,Male,1994,Land Rover,Defender 90,Portsmouth,New Hampshire,00214,US,43.0059,-71.0132,92432,Murray-Metz,06/20/2025
10,Nan,Argent,nargent9@walmart.com,Female,2009,Mercury,Mariner,Colorado Springs,Colorado,80951,US,38.8881,-104.6556,46973,"Boyer, Will and Weber",10/13/2025
11,Colver,Streat,cstreata@state.tx.us,Male,1997,Ford,F350,Dallas,Texas,75205,US,32.826,-96.7843,62580,Bradtke-Bruen,03/11/2025
12,Lawton,Pudsall,lpudsallb@oakley.com,Male,1993,Dodge,D250,Birmingham,Alabama,35205,US,33.4951,-86.8059,51649,Greenholt-Boyer,06/20/2025
13,Merrill,Philippet,mphilippetc@indiatimes.com,Female,1998,Dodge,Dakota,Lake Worth,Florida,33462,US,26.5747,-80.0794,68156,"Gislason, Leannon and Stark",11/01/2025
14,Elwood,Beney,ebeneyd@infoseek.co.jp,Male,2011,Hyundai,Veracruz,Washington,District of Columbia,20319,US,38.8667,-77.0166,56581,"Bosco, Hackett and Schimmel",07/09/2023
15,Archambault,Guthrie,aguthriee@twitter.com,Male,2003,Lexus,GX,Dayton,Ohio,45454,US,39.7505,-84.2686,42981,"Kshlerin, Pagac and Fritsch",02/12/2025
16,Georges,Luttgert,gluttgertf@google.com.br,Male,2003,Buick,Park Avenue,Great Neck,New York,11024,US,40.8171,-73.7416,33224,"Schneider, Zemlak and Kuhlman",08/01/2024
17,Billie,Meltetal,bmeltetalg@imdb.com,Female,1995,Ford,Thunderbird,Mobile,Alabama,36616,US,30.671,-88.1267,50171,Schowalter Group,02/24/2024
18,Prescott,Murrison,pmurrisonh@parallels.com,Male,2003,Mazda,Protege5,Shreveport,Louisiana,71166,US,32.6076,-93.7526,84910,"Swaniawski, West and Grady",04/15/2024
19,Enoch,Williment,ewillimenti@yandex.ru,Male,1998,Ford,Explorer,Omaha,Nebraska,68110,US,41.2933,-95.9361,31624,Grady-Kris,01/19/2023
20,Wally,Baskerville,wbaskervillej@over-blog.com,Female,2005,Scion,xA,Tyler,Texas,75705,US,32.3766,-95.1252,43078,"Hackett, Connelly and Bernier",02/05/2022
21,Kacey,Alenikov,kalenikovk@narod.ru,Female,2010,Jeep,Patriot,Salt Lake City,Utah,84115,US,40.7145,-111.8931,51670,O'Connell Inc,09/17/2024
22,Aurora,Prettejohns,aprettejohnsl@e-recht24.de,Female,2005,Toyota,Echo,Saint Louis,Missouri,63131,US,38.6171,-90.4504,59591,Bayer Inc,04/22/2025
23,Kellia,Denes,kdenesm@moonfruit.com,Female,2001,Jeep,Cherokee,Terre Haute,Indiana,47805,US,39.5327,-87.3255,64679,Braun-Spinka,08/12/2025
24,Vanny,Rivard,vrivardn@census.gov,Non-binary,1989,Buick,Riviera,Visalia,California,93291,US,36.3551,-119.301,74750,"Schaden, Hahn and Price",08/09/2022
25,Reinhard,Hakeworth,rhakewortho@ask.com,Non-binary,2006,Audi,A3,Stamford,Connecticut,06912,US,41.3089,-73.3637,93948,"Mills, Barrows and Cummerata",02/24/2024
26,Gaylord,Aubury,gauburyp@weebly.com,Male,2007,Dodge,Charger,Bakersfield,California,93311,US,35.3039,-119.1056,93098,Crist-Kunze,02/15/2022
27,Sinclair,Marcus,smarcusq@foxnews.com,Male,2006,Jeep,Liberty,Fort Collins,Colorado,80525,US,40.5384,-105.0547,70023,Reichert Group,12/20/2024
28,Allianora,Reary,arearyr@shinystat.com,Agender,2000,Toyota,Corolla,San Antonio,Texas,78250,US,29.5054,-98.6688,90598,Schoen-Cassin,09/02/2025
29,Christalle,Ropert,croperts@nsw.gov.au,Female,2010,Scion,tC,Milwaukee,Wisconsin,53205,US,43.0528,-87.9353,55722,Barton-Hagenes,09/08/2024
30,Kent,Delacoste,kdelacostet@eepurl.com,Polygender,2012,Suzuki,Equator,Wilmington,North Carolina,28410,US,34.0881,-77.8526,57720,Crona and Sons,03/05/2024
31,Alano,Daborne,adaborneu@bbc.co.uk,Male,2003,BMW,M5,Grand Junction,Colorado,81505,US,39.1071,-108.5968,55491,Fahey-Lynch,11/01/2025
32,Marjory,Reicharz,mreicharzv@wordpress.org,Female,2009,Acura,TSX,Dallas,Texas,75397,US,32.7673,-96.7776,96640,Yost Group,11/26/2025
33,Ardelis,Reding,aredingw@abc.net.au,Female,2005,Audi,A8,Tampa,Florida,33610,US,27.9951,-82.4046,99060,Bergstrom-Farrell,03/31/2024
34,Rodi,Wrigley,rwrigleyx@unesco.org,Female,2011,MINI,Cooper Countryman,Washington,District of Columbia,20409,US,38.8933,-77.0146,34016,Wilderman and Sons,03/18/2024
35,Leeanne,Skelington,lskelingtony@mtv.com,Female,2011,Nissan,Leaf,Kansas City,Missouri,64130,US,39.0351,-94.5467,56106,Conroy-Baumbach,05/08/2025
36,Malanie,Van Oord,mvanoordz@surveymonkey.com,Female,2007,Ford,Expedition,Canton,Ohio,44760,US,40.854,-81.4278,88122,Hauck Group,10/10/2022
37,Berti,O'Hanley,bohanley10@indiegogo.com,Male,1996,Ford,E-Series,Waterloo,Iowa,50706,US,42.4156,-92.2703,82315,Donnelly-Kertzmann,03/02/2023
38,Jefferey,Sever,jsever11@xinhuanet.com,Male,2012,Lotus,Exige,Seattle,Washington,98121,US,47.6151,-122.3447,78864,Gottlieb-Emmerich,12/10/2024
39,Correy,Sarfatti,csarfatti12@army.mil,Male,1997,Dodge,Neon,Springfield,Illinois,62756,US,39.7495,-89.606,41537,"Gibson, Howell and Reynolds",05/25/2025
40,Tobit,Wrettum,twrettum13@ucsd.edu,Male,1995,Isuzu,Rodeo,Oklahoma City,Oklahoma,73119,US,35.421,-97.5616,94168,"Haley, Bergnaum and Kuvalis",06/26/2022
41,Sigismund,Sey,ssey14@shareasale.com,Male,1997,GMC,Suburban 2500,San Antonio,Texas,78278,US,29.4375,-98.4616,66033,"King, Farrell and Steuber",04/04/2024
42,Bronson,Macvey,bmacvey15@jigsy.com,Male,1996,Mitsubishi,Diamante,Oxnard,California,93034,US,34.0324,-119.1343,54757,"Kozey, Metz and Powlowski",12/01/2022
43,Terrel,Hamelyn,thamelyn16@mayoclinic.com,Male,2012,Chevrolet,Suburban 1500,Cleveland,Ohio,44197,US,41.6857,-81.6728,71262,"Balistreri, MacGyver and Will",06/03/2023
44,Lissa,Giannotti,lgiannotti17@blinklist.com,Bigender,2000,Chevrolet,Cavalier,Pittsburgh,Pennsylvania,15230,US,40.4344,-80.0248,45168,Rempel-Weber,01/05/2026
45,Micheal,Charters,mcharters18@mit.edu,Male,2011,Volkswagen,Eos,Humble,Texas,77346,US,30.0042,-95.1728,72256,Lowe-Windler,07/30/2023
46,Robert,Jaqueme,rjaqueme19@g.co,Male,1992,Dodge,D350,Sandy,Utah,84093,US,40.5927,-111.831,52385,"Abshire, Klein and Prosacco",01/27/2023
47,Augusta,Blanchflower,ablanchflower1a@rakuten.co.jp,Female,2004,Nissan,Murano,Boise,Idaho,83727,US,43.4599,-116.244,58520,Sauer Group,07/29/2025
48,Glen,Desvignes,gdesvignes1b@storify.com,Female,1967,Pontiac,LeMans,Las Vegas,Nevada,89140,US,36.086,-115.1471,67126,"Dickens, Hane and Balistreri",11/16/2025
49,Lyndsey,Staines,lstaines1c@ow.ly,Bigender,1999,Mitsubishi,Diamante,Oakland,California,94616,US,37.8044,-122.2698,54154,Huels-Murazik,06/09/2023
50,Beck,Storrier,bstorrier1d@cam.ac.uk,Male,1964,Austin,Mini Cooper,Whittier,California,90610,US,33.7866,-118.2987,37810,Hauck-Waters,04/21/2025
51,Constancia,Paolicchi,cpaolicchi1e@independent.co.uk,Female,2008,Lincoln,MKX,San Francisco,California,94132,US,37.7211,-122.4754,35423,Erdman and Sons,12/11/2023
52,Monique,Smale,msmale1f@economist.com,Agender,2005,Chrysler,300,Merrifield,Virginia,22119,US,38.8318,-77.2888,58637,Goyette-Lebsack,11/08/2023
53,Blanche,Geldard,bgeldard1g@cnet.com,Female,2007,Mitsubishi,Lancer,Detroit,Michigan,48217,US,42.2719,-83.1545,98334,Abbott and Sons,06/14/2024
54,Elvina,Trail,etrail1h@harvard.edu,Female,2008,Lincoln,Navigator,Madison,Wisconsin,53710,US,43.0696,-89.4239,61870,Hermiston-Schaden,03/09/2022
55,Karna,Durman,kdurman1i@etsy.com,Female,1999,Dodge,Durango,Dayton,Ohio,45414,US,39.8285,-84.2024,51231,Mann LLC,01/05/2026
56,Ingmar,Torrent,itorrent1j@google.co.jp,Male,1998,Oldsmobile,LSS,Alexandria,Virginia,22333,US,38.8158,-77.09,95951,Sanford Group,03/04/2025
57,Konstantine,McAughtrie,kmcaughtrie1k@sciencedaily.com,Male,1993,Chrysler,Concorde,Phoenix,Arizona,85015,US,33.5082,-112.1011,52633,Haag-Schaefer,09/10/2023
58,Erl,Orred,eorred1l@ycombinator.com,Male,1992,Audi,V8,Norfolk,Virginia,23551,US,36.9312,-76.2397,63250,Wiza and Sons,10/06/2024
59,Elnar,MacNucator,emacnucator1m@mlb.com,Male,1997,Subaru,Legacy,Amarillo,Texas,79188,US,35.1885,-101.8165,36944,Dare-Mann,11/11/2024
60,Petey,MacMoyer,pmacmoyer1n@fema.gov,Male,2006,Land Rover,Range Rover,Jacksonville,Florida,32259,US,30.0956,-81.6217,87131,Watsica-Wolff,03/30/2023
61,Selestina,Samsin,ssamsin1o@cornell.edu,Female,1997,Infiniti,Q,Riverside,California,92519,US,33.7529,-116.0556,69810,Hermann Inc,12/06/2024
62,Wash,Cawsey,wcawsey1p@squidoo.com,Male,2006,Kia,Optima,Fort Collins,Colorado,80525,US,40.5384,-105.0547,73371,Barton-Kemmer,12/08/2024
63,Karel,Segoe,ksegoe1q@desdev.cn,Male,1985,Mitsubishi,Truck,San Antonio,Texas,78220,US,29.4106,-98.4128,74846,"Stark, Goodwin and Gusikowski",04/03/2023
64,Bessy,Ryott,bryott1r@uol.com.br,Female,1998,Mercedes-Benz,SL-Class,Long Beach,California,90840,US,33.7843,-118.1157,87364,MacGyver-Farrell,01/05/2023
65,Madelina,Presman,mpresman1s@ucsd.edu,Female,2010,Dodge,Ram 1500,San Diego,California,92105,US,32.7423,-117.0947,86068,Stamm-Bradtke,07/25/2023
66,Doreen,Weeke,dweeke1t@ca.gov,Female,2009,Volkswagen,Touareg 2,Orlando,Florida,32819,US,28.4522,-81.4678,72391,"Lynch, Koepp and Lindgren",05/12/2023
67,Neila,Woodfield,nwoodfield1u@craigslist.org,Female,1997,Isuzu,Rodeo,Beaumont,Texas,77705,US,30.0211,-94.1157,51587,Bradtke-Stark,05/10/2024
68,Arluene,Sussans,asussans1v@mysql.com,Female,2010,Mitsubishi,Eclipse,New York City,New York,10090,US,40.7808,-73.9772,55311,"Turner, Green and Windler",07/03/2023
69,Rance,Earie,rearie1w@cyberchimps.com,Non-binary,1993,Isuzu,Stylus,Carson City,Nevada,89706,US,39.2025,-119.7526,62874,Kemmer-Schoen,02/12/2022
70,Maison,Easby,measby1x@home.pl,Male,1997,Jeep,Wrangler,Des Moines,Iowa,50335,US,41.6727,-93.5722,54185,Corkery LLC,02/01/2024
71,Ali,Dallaghan,adallaghan1y@mtv.com,Female,2003,Lexus,LS,Des Moines,Iowa,50362,US,41.6727,-93.5722,74491,Nienow Inc,11/17/2024
72,Edgard,Spriddle,espriddle1z@unicef.org,Male,1967,Pontiac,GTO,Houston,Texas,77288,US,29.834,-95.4342,48502,Robel Group,03/30/2025
73,Shandeigh,Eilhart,seilhart20@senate.gov,Female,2004,Mazda,B-Series,Spokane,Washington,99220,US,47.6536,-117.4317,41948,Brakus Group,10/15/2025
74,Orv,Kollasch,okollasch21@rediff.com,Male,2001,Chevrolet,Silverado,New Orleans,Louisiana,70179,US,30.033,-89.8826,84320,"Grady, Heller and Beatty",09/23/2025
75,Lori,Mulrean,lmulrean22@ocn.ne.jp,Female,1994,Isuzu,Amigo,Topeka,Kansas,66667,US,39.0429,-95.7697,73946,"Stroman, Harris and Lakin",04/13/2025
76,Rodrick,Lundberg,rlundberg23@godaddy.com,Male,2001,GMC,Yukon,White Plains,New York,10633,US,41.119,-73.733,49122,Runte-Collier,02/02/2025
77,Ginger,Nashe,gnashe24@oakley.com,Male,1993,Plymouth,Colt,Cincinnati,Ohio,45254,US,39.1668,-84.5382,41625,Price LLC,06/13/2023
78,Robyn,Scibsey,rscibsey25@hp.com,Agender,2008,Chevrolet,Tahoe,Southfield,Michigan,48076,US,42.4981,-83.2058,91957,"Zboncak, Miller and Abbott",02/19/2025
79,Kylie,Grouen,kgrouen26@cpanel.net,Bigender,2005,Maserati,Quattroporte,Oakland,California,94660,US,37.6802,-121.9215,39159,Ferry Inc,03/11/2022
80,Roger,Duncanson,rduncanson27@cbslocal.com,Male,1992,Buick,Regal,Bethlehem,Pennsylvania,18018,US,40.6278,-75.3928,74103,Bergnaum LLC,05/27/2023
81,Margarette,Melby,mmelby28@yellowpages.com,Female,2012,Toyota,Corolla,South Bend,Indiana,46634,US,41.5968,-86.293,36673,Pfeffer Group,06/21/2022
82,Caz,De Cruze,cdecruze29@4shared.com,Male,2000,Ford,Expedition,Saint Louis,Missouri,63167,US,38.6383,-90.4271,56740,"Swift, Bosco and Hane",04/13/2023
83,Zachery,Vinecombe,zvinecombe2a@delicious.com,Male,1997,Chrysler,Sebring,Chula Vista,California,91913,US,32.6513,-116.9852,38060,Klein-Koepp,03/04/2025
84,Hermie,Hallor,hhallor2b@noaa.gov,Male,2005,Mercury,Montego,Dayton,Ohio,45426,US,39.7982,-84.3211,41394,Runolfsson Group,05/06/2023
85,Garwood,Canedo,gcanedo2c@pcworld.com,Male,1996,Buick,LeSabre,Washington,District of Columbia,20016,US,38.9381,-77.086,65299,Yundt-Crist,09/20/2025
86,Edsel,de'-Ancy Willis,edeancywillis2d@amazonaws.com,Male,2010,Volkswagen,Routan,Dayton,Ohio,45426,US,39.7982,-84.3211,46461,"Roberts, Altenwerth and Rosenbaum",12/02/2023
87,Melva,Bellamy,mbellamy2e@t.co,Female,2010,Jeep,Grand Cherokee,Miami,Florida,33283,US,25.5584,-80.4582,94660,"Schoen, Dicki and Green",01/05/2025
88,Shir,Kleanthous,skleanthous2f@walmart.com,Female,1992,Cadillac,Seville,Jacksonville,Florida,32230,US,30.3449,-81.6831,89127,O'Hara Group,07/18/2023
89,Aguistin,Godwyn,agodwyn2g@bigcartel.com,Male,1989,Citroën,CX,Roanoke,Virginia,24014,US,37.2327,-79.9463,36868,Pagac-Goyette,01/18/2025
90,Franny,Conwell,fconwell2h@dailymotion.com,Male,2008,Toyota,Camry Hybrid,North Las Vegas,Nevada,89087,US,36.2204,-115.1458,52869,Johnston Inc,01/27/2025
91,Madelon,Knowlson,mknowlson2i@google.pl,Polygender,2008,Chevrolet,Silverado 2500,Los Angeles,California,90020,US,34.0665,-118.3022,62432,Witting-Kutch,09/03/2024
92,Guido,Chadderton,gchadderton2j@arizona.edu,Male,1997,Chrysler,Town & Country,Springfield,Massachusetts,01105,US,42.0999,-72.5783,93667,Leuschke and Sons,05/23/2024
93,Tricia,M'Chirrie,tmchirrie2k@liveinternet.ru,Female,2011,Toyota,Camry,Huntsville,Alabama,35815,US,34.734,-86.5229,64623,Cummings Group,07/25/2025
94,Chad,Dotterill,cdotterill2l@nymag.com,Female,2000,Jaguar,S-Type,Saint Paul,Minnesota,55123,US,44.806,-93.1409,61028,Kulas-Kuhic,06/02/2022
95,Carlyn,Cavie,ccavie2m@forbes.com,Female,2001,Chevrolet,Tracker,Washington,District of Columbia,20420,US,38.9035,-77.0276,82108,Crist Group,07/15/2024
96,Giffy,Shulem,gshulem2n@squidoo.com,Male,2012,MINI,Countryman,Atlanta,Georgia,31132,US,33.7488,-84.3883,59236,Nolan-Wyman,06/25/2023
97,Hunfredo,Labes,hlabes2o@hexun.com,Male,1998,Honda,Passport,Toledo,Ohio,43656,US,41.6782,-83.4972,90817,Turcotte-Ankunding,09/07/2024
98,Con,Lippingwell,clippingwell2p@flickr.com,Female,2011,Ford,Taurus,Portland,Oregon,97229,US,45.5483,-122.8276,77257,VonRueden-Flatley,01/22/2025
99,Prinz,McGow,pmcgow2q@nyu.edu,Male,1985,Ford,Thunderbird,Evansville,Indiana,47747,US,37.9971,-87.575,98940,Zieme-Beatty,04/26/2023
100,Samuele,Greensted,sgreensted2r@histats.com,Male,2007,Honda,S2000,Sioux City,Iowa,51110,US,42.4011,-96.372,54547,Predovic-McLaughlin,06/05/2025
101,Cort,Hudspeth,chudspeth2s@wiley.com,Male,2004,Ford,Excursion,Winston Salem,North Carolina,27105,US,36.144,-80.2376,74455,"Kris, Von and Williamson",06/01/2022
102,Eamon,Toolan,etoolan2t@sciencedirect.com,Male,1985,Volkswagen,Passat,Lubbock,Texas,79410,US,33.5693,-101.8904,36586,"Bayer, Weber and Russel",08/14/2022
103,Dave,Mussilli,dmussilli2u@slashdot.org,Male,2011,Chevrolet,Tahoe,Corpus Christi,Texas,78475,US,27.777,-97.4632,34480,Stoltenberg and Sons,09/14/2024
104,Esra,Blissett,eblissett2v@usnews.com,Male,2004,BMW,545,Irvine,California,92710,US,33.7074,-117.8403,39080,Strosin-Carroll,07/06/2025
105,Madelena,Cuniam,mcuniam2w@miitbeian.gov.cn,Female,2010,Chevrolet,Equinox,San Jose,California,95118,US,37.2568,-121.8896,46433,Zemlak-Gorczany,04/11/2024
106,Sashenka,Gibbieson,sgibbieson2x@google.pl,Female,2005,Mitsubishi,Endeavor,Juneau,Alaska,99812,US,58.3271,-134.4742,73815,Krajcik-Swift,03/13/2024
107,Delora,Folan,dfolan2y@yahoo.co.jp,Female,2002,Chevrolet,Silverado,Erie,Pennsylvania,16565,US,42.1827,-80.0649,81203,Cruickshank-Kassulke,07/15/2023
108,Idette,Goullee,igoullee2z@issuu.com,Female,2013,Ford,Transit Connect,Naples,Florida,34114,US,26.0143,-81.5856,51936,"Monahan, Green and Bins",10/20/2025
109,Lida,Peddel,lpeddel30@csmonitor.com,Female,2002,Suzuki,Vitara,El Paso,Texas,88525,US,31.6948,-106.3,66985,Reinger Group,11/11/2025
110,Tina,Astell,tastell31@globo.com,Bigender,2002,Mazda,Miata MX-5,New York City,New York,10160,US,40.7808,-73.9772,37177,Wilkinson-Morissette,09/13/2023
111,Mayer,Biscomb,mbiscomb32@nih.gov,Male,2008,Mazda,CX-9,Honolulu,Hawaii,96845,US,21.3278,-157.8294,59984,Moen Inc,06/16/2024
112,Edd,Macoun,emacoun33@bbb.org,Genderqueer,1997,Ford,Escort,Charlottesville,Virginia,22903,US,38.0339,-78.4924,57757,Luettgen-Brown,02/21/2024
113,Trescha,Gustus,tgustus34@nsw.gov.au,Female,2000,Cadillac,Eldorado,New Orleans,Louisiana,70149,US,30.033,-89.8826,94180,Kautzer-Johnson,10/04/2025
114,Duane,Grimmolby,dgrimmolby35@google.fr,Male,2008,Acura,RL,Seattle,Washington,98175,US,47.7161,-122.3004,51056,Willms-Pagac,09/19/2023
115,Mirilla,McCulley,mmcculley36@themeforest.net,Female,1991,Volkswagen,Jetta,Atlanta,Georgia,30343,US,33.8444,-84.474,84766,Boyer LLC,03/09/2023
116,Allie,Uppett,auppett37@thetimes.co.uk,Male,1998,Cadillac,Seville,Elizabeth,New Jersey,07208,US,40.6747,-74.2239,41468,Jones-Robel,10/12/2023
117,Avigdor,Ebbles,aebbles38@fema.gov,Male,1998,Dodge,Durango,San Jose,California,95150,US,37.3866,-121.897,99669,Kutch Group,10/15/2023
118,Olia,Schoenrock,oschoenrock39@yandex.ru,Female,2007,Ford,E350,Wilmington,North Carolina,28405,US,34.2651,-77.867,33388,Williamson LLC,09/14/2025
119,Russell,Masarrat,rmasarrat3a@ehow.com,Male,1985,Volkswagen,GTI,San Antonio,Texas,78220,US,29.4106,-98.4128,92748,Cormier-Kovacek,02/05/2025
120,Tildi,Bordessa,tbordessa3b@ustream.tv,Female,2011,Nissan,Rogue,Raleigh,North Carolina,27621,US,35.7977,-78.6253,53378,"Daugherty, Dibbert and Kirlin",05/25/2023
121,Tabby,McMarquis,tmcmarquis3c@youtube.com,Male,2001,Mitsubishi,Eclipse,Buffalo,New York,14269,US,42.7684,-78.8871,93276,"Ferry, Kessler and Johnson",01/11/2026
122,Elsa,Reoch,ereoch3d@bloglines.com,Female,1996,Toyota,T100,Irvine,California,92710,US,33.7074,-117.8403,64532,Fadel Inc,05/27/2024
123,Michele,Goodbar,mgoodbar3e@ning.com,Male,2004,Infiniti,Q,Detroit,Michigan,48258,US,42.2399,-83.1508,66503,Hartmann-Hagenes,03/10/2025
124,Godfree,Blaschke,gblaschke3f@com.com,Male,2004,Mitsubishi,Challenger,Cincinnati,Ohio,45999,US,39.1668,-84.5382,80908,Reichert-Bergnaum,03/21/2022
125,Marni,Langelaan,mlangelaan3g@typepad.com,Female,1986,Mitsubishi,Mirage,Saint Paul,Minnesota,55123,US,44.806,-93.1409,53421,"DuBuque, Wiegand and Hessel",05/05/2024
126,Estrella,Ondrasek,eondrasek3h@dedecms.com,Female,2006,Toyota,RAV4,Fairbanks,Alaska,99790,US,64.8561,-146.276,93575,Dibbert-Conroy,11/07/2024
127,Rosabella,Brothwood,rbrothwood3i@springer.com,Female,1994,Mercedes-Benz,C-Class,Albany,New York,12222,US,42.6853,-73.8253,75144,Frami-Rice,04/12/2022
128,Latrena,Pummell,lpummell3j@imgur.com,Female,1959,Austin,Mini,Mobile,Alabama,36641,US,30.6589,-88.178,49492,Johnston Group,08/04/2022
129,Vyky,Raecroft,vraecroft3k@drupal.org,Female,2006,Ford,Explorer,Lexington,Kentucky,40591,US,38.0283,-84.4715,99453,Huels and Sons,03/22/2022
130,Rourke,Cruddace,rcruddace3l@chronoengine.com,Male,2004,Toyota,Avalon,Sacramento,California,94286,US,38.3774,-121.4444,81973,Towne Group,10/23/2022
131,Elisha,Hansod,ehansod3m@japanpost.jp,Male,1993,Lexus,ES,Birmingham,Alabama,35244,US,33.3538,-86.8254,44812,"Crist, Wilderman and Ryan",05/25/2023
132,Fax,Beldum,fbeldum3n@furl.net,Male,1992,Mazda,Familia,Dallas,Texas,75265,US,32.7673,-96.7776,41852,"Harris, Murazik and Reynolds",12/04/2023
133,Lin,Mebs,lmebs3o@globo.com,Male,2006,Mercedes-Benz,SL65 AMG,Troy,Michigan,48098,US,42.5991,-83.1789,43586,"DuBuque, Kreiger and Pfannerstill",10/06/2022
134,Mortimer,Mearns,mmearns3p@uiuc.edu,Male,2006,Nissan,350Z,Baltimore,Maryland,21239,US,39.361,-76.5891,86506,Koch-Block,02/12/2024
135,Shana,Drinkhall,sdrinkhall3q@google.cn,Female,1992,Suzuki,Swift,Oklahoma City,Oklahoma,73119,US,35.421,-97.5616,94560,Hodkiewicz Group,12/23/2023
136,Ashby,McCole,amccole3r@bloglovin.com,Male,1997,Ford,Aspire,Memphis,Tennessee,38104,US,35.1334,-90.0046,49285,Dietrich-Greenfelder,11/20/2024
137,Bary,Townrow,btownrow3s@1688.com,Male,2005,BMW,5 Series,Redwood City,California,94064,US,37.3811,-122.3348,32537,Kuphal-Hahn,01/03/2025
138,Pippy,Lanigan,planigan3t@123-reg.co.uk,Female,1998,Acura,RL,London,Kentucky,40745,US,37.1376,-84.1156,86119,"Emard, Ritchie and Mraz",10/18/2023
139,Akim,Keiley,akeiley3u@bloglovin.com,Male,1994,Ford,Aspire,Fort Lauderdale,Florida,33355,US,26.1457,-80.4483,91646,Rau and Sons,11/24/2022
140,Jeno,McDade,jmcdade3v@umn.edu,Male,1998,Chevrolet,Venture,Charlotte,North Carolina,28230,US,35.26,-80.8042,82974,"Heaney, Wilderman and Wuckert",07/09/2023
141,Branden,Bonome,bbonome3w@jimdo.com,Genderfluid,2007,Chrysler,Sebring,Fresno,California,93773,US,36.7464,-119.6397,38963,"Stoltenberg, Crist and Christiansen",03/02/2025
142,Tulley,Lovell,tlovell3x@ucla.edu,Male,2000,Daewoo,Leganza,Duluth,Georgia,30096,US,33.9845,-84.1529,55962,Hudson Group,01/06/2023
143,Maxine,Begbie,mbegbie3y@bandcamp.com,Female,2011,Chevrolet,Express 2500,Asheville,North Carolina,28805,US,35.6004,-82.4918,91966,Stamm Inc,09/23/2025
144,Yurik,Dedden,ydedden3z@mtv.com,Genderfluid,2009,Saturn,Astra,Jackson,Mississippi,39282,US,32.3113,-90.3972,81032,"Rogahn, Wisoky and Feil",09/01/2024
145,Randolph,Duran,rduran40@creativecommons.org,Male,2006,Mercedes-Benz,SL-Class,Sacramento,California,94297,US,38.3774,-121.4444,32342,"Bergstrom, Block and McGlynn",11/23/2024
146,Archy,Ewington,aewington41@unc.edu,Male,2002,Buick,Regal,Winston Salem,North Carolina,27110,US,36.0275,-80.2073,59898,Rowe and Sons,10/01/2022
147,Lem,Eby,leby42@irs.gov,Male,2002,Mercedes-Benz,S-Class,Reading,Pennsylvania,19605,US,40.3886,-75.9328,90214,Hackett-Graham,08/30/2024
148,Valera,O'Dyvoy,vodyvoy43@dedecms.com,Female,2001,BMW,525,Jacksonville,Florida,32215,US,30.2407,-81.893,51710,Hodkiewicz-Volkman,03/09/2024
149,Lexis,Bausor,lbausor44@chron.com,Female,2009,GMC,Sierra,Kansas City,Missouri,64193,US,39.035,-94.3567,42751,Daugherty-Pouros,12/20/2024
150,Annaliese,Kendred,akendred45@census.gov,Female,1993,Acura,Legend,Birmingham,Alabama,35215,US,33.6493,-86.7057,62190,Schamberger LLC,07/17/2022
151,Verile,Lemmen,vlemmen46@upenn.edu,Female,2008,Toyota,Land Cruiser,Tucson,Arizona,85748,US,32.215,-110.7758,57348,Pollich and Sons,10/17/2025
152,Laverna,Gary,lgary47@paginegialle.it,Female,1995,GMC,2500,Ocala,Florida,34479,US,29.2541,-82.1095,33421,"Harvey, Wintheiser and Nicolas",12/11/2024
153,Cathy,Lightman,clightman48@yellowbook.com,Female,1994,Isuzu,Trooper,Pittsburgh,Pennsylvania,15235,US,40.4598,-79.8224,86631,Hackett LLC,11/20/2025
154,Isak,Loveridge,iloveridge49@about.me,Polygender,2012,Lexus,CT,Madison,Wisconsin,53785,US,43.0696,-89.4239,98298,"Kerluke, Ortiz and Hackett",03/01/2023
155,Celeste,Ivory,civory4a@networkadvertising.org,Female,2000,Daewoo,Lanos,Syracuse,New York,13210,US,43.0354,-76.1282,50070,Graham-Schroeder,09/20/2024
156,Jerrylee,Blasetti,jblasetti4b@google.ru,Female,1994,Chevrolet,Suburban 1500,Philadelphia,Pennsylvania,19172,US,39.9473,-75.15,47251,Kunde-Blick,04/03/2025
157,Truman,Hammarberg,thammarberg4c@yale.edu,Male,1997,Hyundai,Elantra,Denton,Texas,76205,US,33.1903,-97.1282,63933,"Wuckert, Cormier and Beatty",04/15/2024
158,Orazio,Waylett,owaylett4d@nydailynews.com,Male,1993,Dodge,Shadow,Saint Paul,Minnesota,55127,US,45.0803,-93.0875,88400,Hoeger Group,12/27/2022
159,Ximenes,Marven,xmarven4e@squidoo.com,Male,2009,Mitsubishi,Eclipse,Pittsburgh,Pennsylvania,15250,US,40.4344,-80.0248,66033,"Schimmel, Orn and Block",02/27/2025
160,Conroy,Llewhellin,cllewhellin4f@nhs.uk,Male,2012,Mercedes-Benz,S-Class,El Paso,Texas,88563,US,31.6948,-106.3,68451,"Anderson, Dickens and Pollich",03/21/2024
161,Raina,Sheddan,rsheddan4g@printfriendly.com,Female,2006,Ford,F-350 Super Duty,Portland,Oregon,97206,US,45.484,-122.5973,46295,"Pollich, Halvorson and Cronin",06/23/2025
162,Kayla,Oade,koade4h@who.int,Female,1995,Chevrolet,Impala SS,Seattle,Washington,98140,US,47.4323,-121.8034,86185,Prohaska LLC,10/21/2023
163,Fay,Geffen,fgeffen4i@ucoz.ru,Female,2003,Lamborghini,Gallardo,Brooklyn,New York,11205,US,40.6924,-73.9666,64379,Considine Inc,05/20/2024
164,Clo,Oneile,coneile4j@oaic.gov.au,Female,1993,Porsche,911,Green Bay,Wisconsin,54305,US,44.4601,-88.0074,92524,"Wyman, McGlynn and Zboncak",07/29/2023
165,Novelia,Flude,nflude4k@flickr.com,Female,2012,BMW,X5,Washington,District of Columbia,20551,US,38.892,-77.0452,57925,"Kozey, Batz and Sauer",11/09/2023
166,Consalve,Sainsbury-Brown,csainsburybrown4l@chronoengine.com,Male,2012,GMC,Savana 2500,El Paso,Texas,88519,US,31.6948,-106.3,76300,"Kshlerin, Kovacek and Bruen",11/09/2025
167,Rupert,Obey,robey4m@acquirethisname.com,Male,1988,Pontiac,6000,Kansas City,Kansas,66112,US,39.116,-94.764,74408,Hills-Ondricka,06/06/2025
168,Jaime,Duffin,jduffin4n@microsoft.com,Female,2005,Nissan,350Z,Sioux Falls,South Dakota,57198,US,43.6746,-96.7913,79745,Beatty Group,06/04/2025
169,Aleen,Crayke,acrayke4o@twitpic.com,Bigender,1984,Honda,Prelude,Kalamazoo,Michigan,49006,US,42.2922,-85.633,49284,Witting-Ziemann,07/27/2025
170,Charyl,Jahan,cjahan4p@com.com,Polygender,1993,GMC,Sonoma,Memphis,Tennessee,38168,US,35.2017,-89.9715,70826,Willms-Welch,11/28/2024
171,Tyne,De Antoni,tdeantoni4q@blog.com,Female,2007,Ferrari,599 GTB Fiorano,Savannah,Georgia,31410,US,32.0175,-80.997,94517,Baumbach Inc,08/05/2023
172,Gan,Simla,gsimla4r@ox.ac.uk,Male,1998,Honda,Prelude,Huntington,West Virginia,25711,US,38.4134,-82.2774,60542,"Fay, Hermiston and Abbott",06/09/2022
173,Jennifer,Luparti,jluparti4s@over-blog.com,Non-binary,1997,Hyundai,Accent,Hartford,Connecticut,06140,US,41.7918,-72.7188,64255,Wilkinson-Anderson,12/21/2025
174,Shannon,Mulloch,smulloch4t@earthlink.net,Male,1984,Ford,E150,Knoxville,Tennessee,37924,US,36.032,-83.8021,91773,"Ward, Hauck and Littel",08/29/2023
175,Elisabet,Raggatt,eraggatt4u@pcworld.com,Female,2001,Chevrolet,Silverado,Whittier,California,90605,US,33.9413,-118.0356,98492,Reilly-Hagenes,11/07/2025
176,Grete,Hazard,ghazard4v@linkedin.com,Female,2009,Hyundai,Veracruz,Punta Gorda,Florida,33982,US,26.9668,-81.9545,92652,O'Conner-Fadel,05/16/2022
177,Vonni,Garie,vgarie4w@devhub.com,Bigender,1993,Nissan,Altima,Syracuse,New York,13210,US,43.0354,-76.1282,41136,Marvin-Kuhlman,06/23/2024
178,Lief,Birchner,lbirchner4x@paypal.com,Male,2013,Subaru,BRZ,Lexington,Kentucky,40505,US,38.0612,-84.4583,90140,"Nolan, Herzog and Witting",03/19/2023
179,Rowney,Greenroa,rgreenroa4y@instagram.com,Male,2009,Audi,Q5,Flushing,New York,11355,US,40.7536,-73.8226,43749,"Runolfsdottir, Hoeger and Stehr",11/21/2022
180,Bunni,July,bjuly4z@soundcloud.com,Female,2008,Land Rover,Range Rover,Baltimore,Maryland,21282,US,39.439,-76.5921,62621,"Kessler, Reynolds and Marvin",06/08/2022
181,Daniela,Glenister,dglenister50@furl.net,Female,2002,Ford,Mustang,Dallas,Texas,75251,US,32.9189,-96.7751,55671,Kemmer and Sons,08/27/2023
182,Kelbee,Shimwell,kshimwell51@tripadvisor.com,Male,2010,Mazda,Mazdaspeed 3,Winston Salem,North Carolina,27110,US,36.0275,-80.2073,36378,"Zboncak, Champlin and Koss",03/05/2024
183,Kassi,Rolf,krolf52@flickr.com,Female,1997,Lincoln,Continental,Buffalo,New York,14215,US,42.9335,-78.8115,69263,Bosco Group,11/29/2023
184,Leoine,Richter,lrichter53@craigslist.org,Female,1991,Ford,Escort,Tyler,Texas,75799,US,32.4112,-95.2899,63302,"Mosciski, Corkery and Lemke",05/11/2025
185,Hobart,Webland,hwebland54@youtu.be,Bigender,2007,Mercury,Mariner,Erie,Pennsylvania,16534,US,42.1827,-80.0649,57138,Stroman Group,03/04/2024
186,Lindsay,Krysztowczyk,lkrysztowczyk55@slate.com,Male,2011,Cadillac,DTS,Tacoma,Washington,98411,US,47.0662,-122.1132,72517,Upton-Walker,09/26/2022
187,Astrid,Wash,awash56@oracle.com,Female,1984,Pontiac,1000,Albany,New York,12242,US,42.6149,-73.9708,72950,Koepp-Reichel,08/24/2024
188,Inger,Borth,iborth57@rediff.com,Non-binary,2001,Lexus,LS,El Paso,Texas,88574,US,31.6948,-106.3,50287,Robel-Labadie,03/21/2023
189,Gradeigh,Jiroutka,gjiroutka58@twitpic.com,Non-binary,1996,Toyota,Land Cruiser,Phoenix,Arizona,85062,US,33.2765,-112.1872,58119,Marvin Inc,05/20/2022
190,Darcee,Ianittello,dianittello59@ox.ac.uk,Female,1993,Ford,Tempo,Los Angeles,California,90050,US,33.7866,-118.2987,70998,"Gulgowski, Hodkiewicz and Erdman",08/20/2022
191,Koo,Zavattiero,kzavattiero5a@statcounter.com,Female,2001,Honda,S2000,Tulsa,Oklahoma,74133,US,36.0467,-95.8841,71810,"Walsh, Flatley and Legros",01/26/2024
192,Kinny,Hurnell,khurnell5b@earthlink.net,Male,2002,GMC,Safari,Chicago,Illinois,60636,US,41.776,-87.6674,79597,Dietrich-Cummings,12/13/2024
193,Addy,Gritsunov,agritsunov5c@cdc.gov,Agender,2002,Isuzu,Rodeo Sport,Knoxville,Tennessee,37939,US,35.9901,-83.9622,96451,"Frami, Heaney and Brown",07/02/2022
194,Seamus,Kubek,skubek5d@typepad.com,Male,2006,Kia,Sportage,Ridgely,Maryland,21684,US,38.8893,-75.8612,43759,"Kreiger, Gleichner and Kris",08/23/2023
195,Rayner,Moxley,rmoxley5e@nyu.edu,Male,1993,GMC,Sonoma,Kansas City,Kansas,66160,US,39.0966,-94.7495,44879,"Anderson, Kovacek and Thompson",01/24/2025
196,Coriss,Sirmon,csirmon5f@bbc.co.uk,Female,2012,Mercedes-Benz,GL-Class,Young America,Minnesota,55557,US,44.8055,-93.7665,99463,Reichert and Sons,04/12/2023
197,Lindie,Farmer,lfarmer5g@newyorker.com,Female,1985,Mercury,Topaz,Omaha,Nebraska,68164,US,41.2955,-96.1008,65331,Lindgren-Hodkiewicz,09/04/2022
198,Rhett,Raddon,rraddon5h@businesswire.com,Male,2007,Saturn,Outlook,Northridge,California,91328,US,33.7866,-118.2987,67429,"Balistreri, Terry and Cartwright",01/19/2024
199,Jeffrey,Cure,jcure5i@usa.gov,Non-binary,2012,Hyundai,Sonata,New York City,New York,10125,US,40.7808,-73.9772,79105,Klocko LLC,10/03/2025
200,Craggie,Dearnley,cdearnley5j@ca.gov,Male,1997,Honda,Accord,Saint Paul,Minnesota,55127,US,45.0803,-93.0875,88461,Heidenreich-Torphy,01/15/2025
201,Chrystal,Hully,chully5k@usda.gov,Female,2008,Mitsubishi,Eclipse,Detroit,Michigan,48295,US,42.2399,-83.1508,48106,Rodriguez Inc,02/10/2023
202,Banky,Benzi,bbenzi5l@topsy.com,Male,1996,Mazda,B-Series,Garden Grove,California,92645,US,33.783,-118.0256,93627,Zieme-Kunde,07/20/2023
203,Beale,Coker,bcoker5m@desdev.cn,Male,2002,Infiniti,I,Greensboro,North Carolina,27455,US,36.1824,-79.806,93956,Bartell-Bode,06/26/2025
204,Madelina,Siehard,msiehard5n@ox.ac.uk,Female,1988,Suzuki,Swift,Jackson,Tennessee,38308,US,35.6124,-88.8412,52268,McGlynn-Lynch,04/28/2022
205,Florella,Dubose,fdubose5o@ftc.gov,Female,2008,Toyota,Solara,Tampa,Florida,33661,US,27.872,-82.4388,77784,Hansen LLC,10/26/2023
206,Che,Holtom,choltom5p@godaddy.com,Polygender,1995,GMC,2500,Reno,Nevada,89505,US,39.5224,-119.8353,83716,"Zboncak, Mosciski and Batz",01/24/2024
207,Ermengarde,Dornin,edornin5q@thetimes.co.uk,Female,2010,GMC,Savana 2500,Winston Salem,North Carolina,27105,US,36.144,-80.2376,99443,"Hartmann, Witting and Kiehn",09/19/2023
208,Eloisa,Etchingham,eetchingham5r@pbs.org,Female,2001,Daewoo,Nubira,Dallas,Texas,75251,US,32.9189,-96.7751,62351,Marquardt LLC,03/06/2022
209,Katherina,Daton,kdaton5s@nytimes.com,Female,2000,Volkswagen,New Beetle,Shreveport,Louisiana,71161,US,32.6076,-93.7526,76075,Kunde-Fisher,03/06/2024
210,Timofei,Simkovitz,tsimkovitz5t@ycombinator.com,Male,2004,Audi,A8,Peoria,Illinois,61614,US,40.7681,-89.6026,83244,Senger-Ziemann,09/05/2025
211,Delbert,Skittreal,dskittreal5u@constantcontact.com,Male,1970,Mercury,Cougar,Salt Lake City,Utah,84135,US,40.6681,-111.9083,74590,Bradtke-Jakubowski,12/27/2023
212,Gene,Cranidge,gcranidge5v@unicef.org,Male,1990,Volkswagen,Jetta,Charleston,South Carolina,29424,US,32.7831,-79.937,70091,Wuckert-Gottlieb,01/29/2026
213,Lindsay,Mateuszczyk,lmateuszczyk5w@usatoday.com,Male,1996,Chevrolet,G-Series 1500,Omaha,Nebraska,68110,US,41.2933,-95.9361,97953,"Volkman, Wiegand and Haag",05/26/2022
214,Paola,Ambrogelli,pambrogelli5x@reuters.com,Genderqueer,1995,Subaru,Legacy,Atlanta,Georgia,30351,US,33.8444,-84.474,92808,Erdman-Christiansen,08/11/2024
215,Lucretia,Shute,lshute5y@dot.gov,Female,1989,Mazda,B2600,Arvada,Colorado,80005,US,39.8422,-105.1097,47284,Breitenberg Group,11/10/2023
216,Rosemarie,Brewis,rbrewis5z@ustream.tv,Female,1964,Pontiac,Grand Prix,Cincinnati,Ohio,45296,US,39.1668,-84.5382,78877,"Haag, Mann and Crona",09/26/2023
217,Cory,Chang,cchang60@yelp.com,Male,1989,Toyota,Truck Xtracab SR5,Washington,District of Columbia,20520,US,38.8932,-77.049,46907,Schumm-Schneider,09/20/2024
218,Yankee,Aucutt,yaucutt61@slate.com,Male,1992,Pontiac,Bonneville,Gadsden,Alabama,35905,US,33.9352,-85.9576,70884,Dare-Lindgren,01/20/2026
219,Nicolai,Child,nchild62@typepad.com,Male,1994,Alfa Romeo,Spider,Washington,District of Columbia,20580,US,38.8933,-77.0146,44386,Schamberger Inc,06/10/2024
220,Sterling,Conechie,sconechie63@wix.com,Male,1992,Mitsubishi,Chariot,New York City,New York,10125,US,40.7808,-73.9772,81809,Klocko and Sons,02/02/2024
221,Jecho,Thurstance,jthurstance64@i2i.jp,Polygender,1979,Pontiac,Grand Prix,San Francisco,California,94121,US,37.7786,-122.4892,43631,Harber Group,12/01/2023
222,Sibella,Jillitt,sjillitt65@google.cn,Female,1997,Land Rover,Defender 90,Alexandria,Virginia,22333,US,38.8158,-77.09,78516,Cole Group,01/30/2022
223,Artie,Abrami,aabrami66@de.vu,Male,2006,Volkswagen,Golf,Plano,Texas,75074,US,33.0277,-96.6777,64459,Paucek-Conroy,09/09/2025
224,Aymer,Whisker,awhisker67@google.com,Male,2006,Honda,Civic Si,El Paso,Texas,79923,US,31.6948,-106.3,30927,Davis-D'Amore,02/15/2023
225,Glen,Gherardini,ggherardini68@upenn.edu,Male,1985,Mercury,Topaz,Great Neck,New York,11024,US,40.8171,-73.7416,89308,"Walsh, Reichert and Kuhn",12/05/2023
226,Aeriel,Ends,aends69@irs.gov,Female,2006,Chevrolet,Avalanche 1500,Lake Charles,Louisiana,70607,US,30.1244,-93.1835,45501,"Graham, Maggio and Schmeler",03/01/2022
227,Carolann,Jenkyn,cjenkyn6a@bloglines.com,Female,2007,Jeep,Liberty,Minneapolis,Minnesota,55407,US,44.9378,-93.2545,67548,"Gerlach, Metz and Lind",06/24/2022
228,Woodie,Adolfson,wadolfson6b@hibu.com,Male,1999,Honda,Civic,Lakewood,Washington,98498,US,47.1591,-122.5485,39238,Upton Group,11/03/2024
229,Desmund,Geraldi,dgeraldi6c@google.com.au,Male,2011,Acura,TSX,Lakeland,Florida,33811,US,27.9865,-82.0139,83068,Hoeger Inc,04/25/2023
230,Zacharias,Biaggelli,zbiaggelli6d@pinterest.com,Male,2012,Nissan,JUKE,Tulsa,Oklahoma,74116,US,36.175,-95.8477,40805,"Gerhold, O'Reilly and Robel",04/09/2022
231,Roarke,Buye,rbuye6e@cbsnews.com,Male,1997,Ford,F250,Evansville,Indiana,47747,US,37.9971,-87.575,98256,"Mohr, Predovic and Block",06/10/2023
232,Stevana,Callister,scallister6f@smh.com.au,Female,1992,Suzuki,Samurai,Jackson,Mississippi,39210,US,32.3218,-90.1771,31638,"Kozey, Prosacco and Hintz",08/21/2022
233,Chadwick,Brouwer,cbrouwer6g@pen.io,Male,2006,Pontiac,Daewoo Kalos,San Jose,California,95173,US,37.3352,-121.8938,34433,"Bartoletti, Marks and Mraz",07/24/2024
234,Hersch,Ballchin,hballchin6h@google.ru,Male,1994,Dodge,Viper RT/10,Port Saint Lucie,Florida,34985,US,27.3822,-80.409,67895,Barrows-Sanford,12/09/2024
235,Eugenie,Longea,elongea6i@google.ru,Female,2009,Ford,Ranger,New York City,New York,10079,US,40.7808,-73.9772,50058,Von Group,04/30/2022
236,Denys,Fittes,dfittes6j@bizjournals.com,Male,2002,Audi,TT,Hayward,California,94544,US,37.6374,-122.067,55030,"Kreiger, Glover and Cassin",07/03/2022
237,Ahmad,Pargetter,apargetter6k@flavors.me,Male,2006,Lincoln,Navigator,Cincinnati,Ohio,45218,US,39.2663,-84.5221,74928,Rosenbaum Inc,05/06/2022
238,Cammi,Atyea,catyea6l@globo.com,Female,1995,Oldsmobile,Achieva,Worcester,Massachusetts,01610,US,42.2492,-71.8108,86088,Hudson Inc,03/26/2024
239,Brook,Rains,brains6m@mac.com,Female,2003,Mercury,Grand Marquis,Bridgeport,Connecticut,06606,US,41.2091,-73.2086,35962,"Gorczany, Gulgowski and Weber",11/27/2024
240,Abbie,Shilvock,ashilvock6n@yahoo.com,Female,2001,Volkswagen,Passat,Charlotte,North Carolina,28230,US,35.26,-80.8042,73730,"Bins, Haley and Breitenberg",05/10/2023
241,Tore,Cianelli,tcianelli6o@whitehouse.gov,Male,1993,Dodge,D250,Wichita,Kansas,67215,US,37.6333,-97.425,72423,"Lind, Moore and Dicki",10/03/2022
242,Aloisia,Crenshaw,acrenshaw6p@github.io,Female,1997,Mercedes-Benz,C-Class,Midland,Texas,79705,US,32.0295,-102.0915,66970,Beier Inc,08/07/2024
243,Lynnet,Mosten,lmosten6q@arstechnica.com,Female,2005,Bentley,Arnage,Atlanta,Georgia,30306,US,33.786,-84.3514,42359,"Kuhic, Weissnat and Graham",01/09/2025
244,Aron,Milland,amilland6r@patch.com,Male,2002,Cadillac,Eldorado,Saint Petersburg,Florida,33742,US,27.8918,-82.7248,82564,"Kerluke, Miller and Hickle",12/04/2024
245,Callie,Lowrance,clowrance6s@com.com,Female,2006,Mercedes-Benz,CLS-Class,Kansas City,Missouri,64144,US,39.2829,-94.409,78240,Gottlieb LLC,06/08/2024
246,Carmine,Cray,ccray6t@sciencedirect.com,Female,2004,Land Rover,Freelander,Lakeland,Florida,33811,US,27.9865,-82.0139,33559,"Hills, Smitham and Ratke",09/27/2024
247,Billy,Bente,bbente6u@so-net.ne.jp,Male,1994,Alfa Romeo,Spider,New Castle,Pennsylvania,16107,US,40.9897,-80.3084,81606,Zulauf-Ortiz,07/07/2022
248,Damara,Marples,dmarples6v@simplemachines.org,Female,2002,Nissan,Pathfinder,Waltham,Massachusetts,02453,US,42.3654,-71.2316,79928,"Osinski, Turner and Robel",11/12/2025
249,Carleton,Kaminski,ckaminski6w@google.cn,Genderqueer,1995,Suzuki,Sidekick,New Orleans,Louisiana,70179,US,30.033,-89.8826,58480,Kub LLC,06/13/2024
250,Patrizia,Greswell,pgreswell6x@toplist.cz,Female,2009,Ford,Mustang,Nashville,Tennessee,37240,US,36.1866,-86.7852,84220,Carter-Kub,03/23/2023
251,Shep,Giacomi,sgiacomi6y@hp.com,Male,1996,Holden,VS Commodore,Fort Myers,Florida,33906,US,26.5529,-81.9486,96176,Tillman Group,11/05/2025
252,Nicholas,Enns,nenns6z@upenn.edu,Male,2008,Chrysler,Aspen,Monroe,Louisiana,71208,US,32.4968,-92.0756,40093,Cummings-Keebler,07/10/2022
253,Weber,Geany,wgeany70@furl.net,Male,2012,Ford,E350,Northridge,California,91328,US,33.7866,-118.2987,59875,"Mills, Abbott and Stracke",12/07/2022
254,Charlotte,Muggeridge,cmuggeridge71@webs.com,Agender,2004,Acura,MDX,Pittsburgh,Pennsylvania,15255,US,40.4344,-80.0248,81358,Hyatt LLC,03/24/2025
255,Garek,McAlindon,gmcalindon72@yale.edu,Male,2007,Porsche,Cayman,Yonkers,New York,10705,US,40.9177,-73.895,78929,Barton Inc,04/12/2024
256,Ardelia,MacKnight,amacknight73@privacy.gov.au,Female,1997,Audi,riolet,Dallas,Texas,75205,US,32.826,-96.7843,58108,Ward and Sons,03/11/2023
257,Hana,Van Halle,hvanhalle74@japanpost.jp,Female,2004,GMC,Envoy XL,Washington,District of Columbia,20575,US,38.8933,-77.0146,93900,Walter Group,04/13/2025
258,Iorgos,Horwell,ihorwell75@ca.gov,Male,1996,Buick,Hearse,Washington,District of Columbia,20442,US,38.896,-77.0177,55164,O'Keefe-Littel,02/07/2023
259,Samaria,Hanley,shanley76@craigslist.org,Female,1999,Chevrolet,Prizm,Cincinnati,Ohio,45208,US,39.1361,-84.4355,53246,Von-Abernathy,02/03/2022
260,Karna,Golly,kgolly77@flavors.me,Female,2001,Jaguar,XJ Series,Vancouver,Washington,98664,US,45.6231,-122.5767,63105,Johnson and Sons,07/03/2024
261,Julienne,Stroband,jstroband78@cbsnews.com,Non-binary,2003,Dodge,Ram 3500,Carson City,Nevada,89714,US,39.1678,-119.7764,50111,Monahan-Hansen,06/03/2024
262,Nico,Berk,nberk79@smugmug.com,Male,2008,Nissan,350Z,Saint Louis,Missouri,63158,US,38.6531,-90.2435,96966,Boehm-Cruickshank,12/10/2024
263,Vitoria,Greetland,vgreetland7a@purevolume.com,Female,2009,Nissan,Maxima,Toledo,Ohio,43656,US,41.6782,-83.4972,57485,Davis-Tromp,04/03/2022
264,Zelig,Keetch,zkeetch7b@forbes.com,Male,2011,Tesla,Roadster,New York City,New York,10175,US,40.7543,-73.9798,87121,"Mante, Boyer and Legros",05/06/2023
265,Roderigo,Furzer,rfurzer7c@tuttocitta.it,Male,1962,Studebaker,Avanti,Fort Lauderdale,Florida,33336,US,26.1219,-80.1436,68325,Hilll Inc,03/16/2022
266,Marne,Izzat,mizzat7d@utexas.edu,Female,2010,Suzuki,Kizashi,Los Angeles,California,90101,US,33.7866,-118.2987,38504,Ziemann-Beier,07/19/2025
267,Marcellina,Battrick,mbattrick7e@nhs.uk,Agender,1996,Buick,LeSabre,Louisville,Kentucky,40233,US,38.189,-85.6768,31799,Bayer Group,01/06/2024
268,Care,Glaister,cglaister7f@smugmug.com,Genderqueer,1992,Dodge,D150,Buffalo,New York,14225,US,42.9255,-78.7481,89859,Durgan-Beier,08/03/2022
269,Nani,Purviss,npurviss7g@vkontakte.ru,Female,1989,Mercedes-Benz,W201,Kalamazoo,Michigan,49006,US,42.2922,-85.633,47764,Kshlerin and Sons,12/26/2024
270,Padraig,Fortesquieu,pfortesquieu7h@fc2.com,Male,1999,Oldsmobile,Bravada,Spokane,Washington,99215,US,47.6536,-117.4317,70157,Block LLC,11/09/2024
271,Cornela,Blackston,cblackston7i@prnewswire.com,Female,2011,Volkswagen,Golf,Allentown,Pennsylvania,18105,US,40.6934,-75.4712,50475,Durgan and Sons,12/20/2025
272,Johnathan,Adess,jadess7j@unblog.fr,Non-binary,2011,Jeep,Grand Cherokee,Memphis,Tennessee,38181,US,35.2017,-89.9715,50605,Skiles-Hirthe,01/28/2025
273,Rem,Levesque,rlevesque7k@360.cn,Male,2003,Mazda,MX-5,Denver,Colorado,80204,US,39.734,-105.0259,33756,Purdy Group,04/29/2025
274,Jobi,Raynham,jraynham7l@gnu.org,Polygender,2002,Dodge,Viper,Newark,New Jersey,07112,US,40.7107,-74.2131,89839,Lowe LLC,01/20/2024
275,Saloma,Hagart,shagart7m@google.it,Female,1993,Mercury,Topaz,Detroit,Michigan,48267,US,42.2399,-83.1508,90279,"Strosin, Goodwin and Veum",11/18/2022
276,Gilberto,Ganny,gganny7n@disqus.com,Male,1997,Ford,F150,Tulsa,Oklahoma,74141,US,36.1398,-96.0297,79131,"Mante, Klocko and Wisoky",11/15/2022
277,Chrisy,Kopelman,ckopelman7o@hhs.gov,Male,2011,Maserati,Quattroporte,New Orleans,Louisiana,70160,US,30.033,-89.8826,67705,Lesch-Koepp,10/19/2025
278,Anni,Danielou,adanielou7p@wiley.com,Female,2010,GMC,Sierra,Houston,Texas,77035,US,29.6518,-95.4854,67613,Cormier LLC,12/19/2025
279,Bernhard,Lampert,blampert7q@ihg.com,Male,1998,Dodge,Neon,El Paso,Texas,79934,US,31.9386,-106.4073,67723,Hilpert-Klocko,03/19/2025
280,Benyamin,Garz,bgarz7r@home.pl,Male,2000,Mercury,Mountaineer,San Antonio,Texas,78296,US,29.4375,-98.4616,74651,Thiel Inc,01/20/2026
281,Mike,Hakeworth,mhakeworth7s@cbc.ca,Male,1988,Saab,9000,Richmond,Virginia,23242,US,37.5313,-77.4161,66021,"Rowe, Mayer and Goyette",02/11/2022
282,Dietrich,Dibley,ddibley7t@omniture.com,Male,2006,Acura,MDX,Charlotte,North Carolina,28299,US,35.26,-80.8042,97958,Schneider-Halvorson,12/08/2023
283,Hastings,Wardesworth,hwardesworth7u@imdb.com,Male,2012,Mitsubishi,Galant,Washington,District of Columbia,20456,US,38.8981,-77.0401,76788,"Schultz, Goodwin and Beier",10/29/2025
284,Gayla,Zaniolini,gzaniolini7v@ning.com,Genderqueer,2008,Mercedes-Benz,E-Class,Washington,District of Columbia,20420,US,38.9035,-77.0276,89484,Schuppe and Sons,05/24/2025
285,Gib,Minger,gminger7w@blogger.com,Male,1985,Ford,Thunderbird,Homestead,Florida,33034,US,25.2846,-80.6246,35255,"Kilback, Murray and Reinger",01/18/2024
286,Bertrand,Bourbon,bbourbon7x@netscape.com,Male,2011,Dodge,Caravan,New York City,New York,10024,US,40.7864,-73.9764,32065,Brown Inc,01/04/2023
287,Valentijn,Cammoile,vcammoile7y@state.gov,Male,2009,Honda,CR-V,Brooklyn,New York,11220,US,40.6412,-74.0133,76008,"Kuvalis, Hamill and King",07/12/2025
288,Christoffer,Barnsdall,cbarnsdall7z@g.co,Male,2010,Lexus,IS-F,Wilmington,North Carolina,28410,US,34.0881,-77.8526,89422,"Sauer, Hintz and O'Kon",10/22/2023
289,Eulalie,Pape,epape80@china.com.cn,Female,2002,Kia,Optima,Savannah,Georgia,31405,US,32.0391,-81.1242,69756,West-Tromp,09/29/2024
290,Elwin,Gainor,egainor81@google.com.br,Male,2009,Dodge,Ram 1500,Lansing,Michigan,48919,US,42.7286,-84.5517,83894,"Gerlach, Daniel and Morissette",07/02/2024
291,Agnes,Hilary,ahilary82@apple.com,Female,2000,Chrysler,Town & Country,Dayton,Ohio,45490,US,39.7505,-84.2686,31822,"Towne, Skiles and Gulgowski",03/29/2022
292,Joe,Hyndley,jhyndley83@google.com.br,Male,2013,Lincoln,MKX,Trenton,New Jersey,08695,US,40.2805,-74.712,89869,Hermann-Bernier,09/24/2024
293,Mick,Durnall,mdurnall84@list-manage.com,Male,1992,Chevrolet,Blazer,Virginia Beach,Virginia,23471,US,36.7957,-76.0126,80524,Purdy-Hackett,08/20/2023
294,Matilda,Crenage,mcrenage85@europa.eu,Female,1997,Eagle,Talon,Bryan,Texas,77806,US,30.6521,-96.341,68374,Krajcik Group,08/28/2023
295,Seamus,Nickoll,snickoll86@kickstarter.com,Male,2008,Dodge,Caliber,San Diego,California,92176,US,33.0169,-116.846,46169,"Cummings, Nader and Rowe",09/23/2024
296,Elia,Seagrave,eseagrave87@lycos.com,Male,1995,Pontiac,Grand Prix,Des Moines,Iowa,50310,US,41.6255,-93.6736,94231,"West, Gorczany and Witting",12/16/2024
297,Laural,Holberry,lholberry88@joomla.org,Female,1987,Maserati,Biturbo,Pittsburgh,Pennsylvania,15279,US,40.4344,-80.0248,31313,Hintz-Ziemann,03/20/2025
298,Reta,Arstingall,rarstingall89@reuters.com,Genderqueer,1990,Mercedes-Benz,SL-Class,South Lake Tahoe,California,96154,US,38.8753,-120.0188,57479,"McCullough, Gulgowski and Gleason",12/23/2025
299,Angelique,Bidgood,abidgood8a@hud.gov,Female,1994,Oldsmobile,Cutlass Cruiser,Madison,Wisconsin,53710,US,43.0696,-89.4239,63592,Abshire-Grant,12/19/2024
300,Davide,Posten,dposten8b@narod.ru,Male,1996,Ford,Explorer,Cincinnati,Ohio,45254,US,39.1668,-84.5382,57718,Wisozk Group,08/05/2024
301,Artus,Fazan,afazan8c@deliciousdays.com,Male,1995,Ford,Crown Victoria,Glendale,California,91210,US,33.7866,-118.2987,38102,McCullough Group,05/09/2024
302,Ariadne,Bonde,abonde8d@springer.com,Genderqueer,2004,Pontiac,Vibe,Cincinnati,Ohio,45238,US,39.1092,-84.6108,31420,Wehner-White,10/27/2023
303,Orbadiah,Wilcocke,owilcocke8e@house.gov,Male,2007,Chrysler,PT Cruiser,Sandy,Utah,84093,US,40.5927,-111.831,56813,Collier Group,06/08/2024
304,Harlen,Ferrario,hferrario8f@google.com.hk,Male,2003,Pontiac,Bonneville,Fort Myers,Florida,33906,US,26.5529,-81.9486,78349,"Kemmer, Nienow and Tromp",05/09/2025
305,Ann,Camilleri,acamilleri8g@sakura.ne.jp,Female,1996,GMC,Suburban 1500,San Diego,California,92176,US,33.0169,-116.846,58625,"Dare, Johnson and Monahan",07/18/2023
306,Osbert,McCandless,omccandless8h@list-manage.com,Male,1996,Chevrolet,1500,Pensacola,Florida,32505,US,30.4481,-87.2589,99656,Bruen-Howell,10/19/2022
307,Roselle,Ivanyutin,rivanyutin8i@harvard.edu,Female,2006,Volkswagen,New Beetle,Charleston,South Carolina,29403,US,32.7976,-79.9493,71098,"Corwin, Johnson and Schimmel",03/12/2022
308,Elle,Stonnell,estonnell8j@mysql.com,Female,1967,Ford,Mustang,Charlotte,North Carolina,28210,US,35.1316,-80.8577,50451,Barton and Sons,08/24/2024
309,Nichols,Mossdale,nmossdale8k@123-reg.co.uk,Male,2006,Pontiac,Montana,Louisville,Kentucky,40220,US,38.2149,-85.6245,51762,"Grimes, Kutch and Friesen",01/10/2024
310,Cristobal,Dalrymple,cdalrymple8l@photobucket.com,Male,1997,Toyota,T100,Charlottesville,Virginia,22903,US,38.0339,-78.4924,65461,Cronin-Labadie,10/09/2022
311,Carline,Rannald,crannald8m@cloudflare.com,Female,2003,BMW,760,San Francisco,California,94116,US,37.7441,-122.4863,71706,Torp Inc,08/09/2025
312,Agathe,Mushart,amushart8n@walmart.com,Female,2013,Scion,tC,Baton Rouge,Louisiana,70894,US,30.5159,-91.0804,82839,Wolff-Feil,06/20/2023
313,Wallis,Semerad,wsemerad8o@usnews.com,Male,2011,Ford,F450,Boulder,Colorado,80305,US,39.9807,-105.2531,45341,"Terry, Rutherford and Witting",04/28/2022
314,Walliw,Morstatt,wmorstatt8p@arstechnica.com,Female,1992,GMC,Sonoma,Oklahoma City,Oklahoma,73119,US,35.421,-97.5616,31763,Runolfsson and Sons,11/17/2022
315,Worth,Strethill,wstrethill8q@jugem.jp,Male,2011,Jeep,Wrangler,Kissimmee,Florida,34745,US,27.9953,-81.2593,95643,Rogahn-Ritchie,02/12/2022
316,Pren,MacBean,pmacbean8r@vistaprint.com,Male,2004,GMC,Yukon XL 2500,Whittier,California,90610,US,33.7866,-118.2987,91455,Parker Group,02/26/2024
317,Lindsy,Horder,lhorder8s@bbc.co.uk,Non-binary,2010,GMC,Savana 3500,Wichita,Kansas,67236,US,37.5422,-97.2871,41297,Kirlin-Hahn,03/28/2025
318,Berkly,Harradence,bharradence8t@networksolutions.com,Male,1992,Mitsubishi,Mighty Max,Monticello,Minnesota,55565,US,45.2009,-93.8881,44137,Collier-Rutherford,03/25/2025
319,Helyn,Ilyushkin,hilyushkin8u@cpanel.net,Female,2006,Porsche,Cayenne,Dearborn,Michigan,48126,US,42.3349,-83.1801,41745,Tillman and Sons,11/08/2022
320,Petra,Lodford,plodford8v@google.com,Female,1995,Toyota,Land Cruiser,Flint,Michigan,48505,US,43.0634,-83.7001,40945,Brakus Group,02/08/2022
321,Honoria,Shevlin,hshevlin8w@pbs.org,Female,1997,Dodge,Ram Van 2500,San Francisco,California,94110,US,37.7509,-122.4153,52649,Lueilwitz Inc,11/09/2024
322,Arin,Pigram,apigram8x@facebook.com,Male,2004,Ford,Excursion,Gainesville,Florida,32610,US,29.6813,-82.3539,39252,Corwin and Sons,08/15/2023
323,Ardyth,Grigoli,agrigoli8y@freewebs.com,Female,1987,Lincoln,Town Car,Los Angeles,California,90101,US,33.7866,-118.2987,95352,Dietrich-O'Reilly,07/13/2024
324,Darnall,Layhe,dlayhe8z@g.co,Male,2012,GMC,Savana,Salt Lake City,Utah,84105,US,40.7372,-111.8581,95421,Cummerata-Willms,09/28/2023
325,Ozzie,Reddick,oreddick90@wunderground.com,Male,1989,Buick,LeSabre,Herndon,Virginia,22070,US,38.9776,-77.386,61159,Labadie Inc,11/24/2023
326,Erik,Wenman,ewenman91@ft.com,Male,1992,Dodge,Ramcharger,Tacoma,Washington,98442,US,47.3081,-122.4185,91757,Schroeder LLC,05/02/2024
327,Ingaborg,Hedan,ihedan92@upenn.edu,Female,2009,Mitsubishi,Tundra,Saint Louis,Missouri,63158,US,38.6531,-90.2435,78069,"Bins, Franecki and Kiehn",10/11/2024
328,Peggi,Lumsdale,plumsdale93@youtube.com,Female,2004,Buick,Regal,Washington,District of Columbia,20392,US,38.8933,-77.0146,74368,"Kuhic, Padberg and Kub",05/24/2024
329,Tyne,Sculley,tsculley94@ebay.co.uk,Female,1993,Chevrolet,APV,Corpus Christi,Texas,78465,US,27.777,-97.4632,43348,Bartell-Von,11/04/2022
330,Hayyim,De Cleyne,hdecleyne95@whitehouse.gov,Non-binary,2006,Chevrolet,SSR,Sacramento,California,94207,US,38.3774,-121.4444,51035,Bergnaum Group,06/12/2022
331,Leigh,Venour,lvenour96@netlog.com,Female,1995,Dodge,Ram Van 1500,Oklahoma City,Oklahoma,73190,US,35.5514,-97.4075,86156,Harber-Stoltenberg,06/01/2022
332,Desiree,Tomalin,dtomalin97@wikimedia.org,Female,2011,Land Rover,Discovery,Springfield,Illinois,62794,US,39.7495,-89.606,80998,"Hahn, Schneider and Quitzon",08/22/2023
333,Daveta,Pesak,dpesak98@flickr.com,Female,2012,Mazda,CX-7,Pittsburgh,Pennsylvania,15240,US,40.4344,-80.0248,37245,"Hilll, Veum and Bernier",07/29/2024
334,Barney,Pichan,bpichan99@princeton.edu,Male,1998,Ford,Contour,Milwaukee,Wisconsin,53220,US,42.9559,-87.9933,83937,McLaughlin-Rau,09/28/2024
335,Sileas,Clamp,sclamp9a@geocities.jp,Female,2004,Chevrolet,Silverado 2500,Newton,Massachusetts,02458,US,42.3528,-71.1875,35237,Nitzsche-Willms,07/26/2024
336,Truda,Meineking,tmeineking9b@mozilla.org,Female,1998,GMC,Suburban 2500,Houston,Texas,77060,US,29.9335,-95.3981,67783,Bernhard Group,09/20/2023
337,Regine,Danett,rdanett9c@phoca.cz,Female,2005,Cadillac,DeVille,Buffalo,New York,14225,US,42.9255,-78.7481,36201,Marks Group,05/31/2022
338,Sollie,Casey,scasey9d@sakura.ne.jp,Male,2008,Mitsubishi,Lancer Evolution,Glendale,California,91205,US,34.1378,-118.2424,89934,Morar-Pfannerstill,03/12/2025
339,Edi,Cordaroy,ecordaroy9e@narod.ru,Female,2010,Lincoln,Navigator,Philadelphia,Pennsylvania,19141,US,40.0365,-75.1451,77114,Legros and Sons,10/12/2022
340,Claudell,Cammis,ccammis9f@jimdo.com,Male,1999,Mercedes-Benz,E-Class,Great Neck,New York,11024,US,40.8171,-73.7416,96363,Blick Group,02/04/2024
341,Dale,Rosina,drosina9g@webeden.co.uk,Female,2008,Chevrolet,TrailBlazer,Springfield,Illinois,62711,US,39.7655,-89.7293,77235,"Ratke, Heller and Heaney",04/15/2024
342,Aldridge,Redsull,aredsull9h@wordpress.org,Genderfluid,2004,BMW,Z4,Springfield,Missouri,65810,US,37.1136,-93.2896,66497,Batz-Ratke,04/26/2025
343,Dre,Sterrie,dsterrie9i@list-manage.com,Female,1998,Nissan,Pathfinder,Lexington,Kentucky,40576,US,38.0283,-84.4715,76191,"Littel, Altenwerth and O'Reilly",02/05/2022
344,Kahaleel,Van Arsdall,kvanarsdall9j@nba.com,Male,1998,Hyundai,Elantra,Baltimore,Maryland,21203,US,39.2847,-76.6205,35227,Pouros-Ziemann,06/01/2022
345,Trixy,Statersfield,tstatersfield9k@huffingtonpost.com,Female,2008,GMC,Sierra 1500,Saint Petersburg,Florida,33705,US,27.7391,-82.6435,93090,"Fay, Kovacek and Walsh",10/24/2022
346,Indira,Duesbury,iduesbury9l@mashable.com,Female,2001,Toyota,Solara,Baton Rouge,Louisiana,70820,US,30.3795,-91.1671,52982,Donnelly-Metz,04/02/2024
347,Sheree,Riveles,sriveles9m@marketwatch.com,Genderfluid,2009,Lexus,IS-F,Lansing,Michigan,48930,US,42.7325,-84.5587,70110,Wisoky-Mante,12/10/2023
348,Blythe,Thornewill,bthornewill9n@photobucket.com,Female,2003,Chevrolet,Avalanche 1500,El Paso,Texas,79968,US,31.7705,-106.5048,50468,DuBuque-Kassulke,11/06/2023
349,Roland,Thackham,rthackham9o@topsy.com,Male,1992,Toyota,Land Cruiser,Jackson,Tennessee,38308,US,35.6124,-88.8412,80017,Dibbert-Ferry,02/19/2025
350,Malva,Winsley,mwinsley9p@myspace.com,Female,2008,Dodge,Magnum,Atlanta,Georgia,31196,US,33.8444,-84.474,96832,"Koelpin, Farrell and Steuber",09/12/2023
351,Joleen,Thumim,jthumim9q@goo.ne.jp,Female,2010,Volkswagen,Touareg,Tacoma,Washington,98442,US,47.3081,-122.4185,75713,Beatty LLC,03/26/2024
352,Laurette,Janowski,ljanowski9r@businesswire.com,Female,2009,Nissan,Cube,Indianapolis,Indiana,46202,US,39.7851,-86.1595,82121,"Goyette, Fadel and Christiansen",05/31/2025
353,Donnie,Barok,dbarok9s@elpais.com,Female,1995,Nissan,Maxima,Greenville,South Carolina,29610,US,34.8497,-82.4538,76157,Blick and Sons,03/02/2024
354,Cyril,Walbridge,cwalbridge9t@answers.com,Male,2003,GMC,Savana 2500,Great Neck,New York,11024,US,40.8171,-73.7416,90329,Beer Group,06/23/2024
355,Leyla,Luckham,lluckham9u@sourceforge.net,Female,2012,Hyundai,Sonata,Seattle,Washington,98166,US,47.4511,-122.353,63448,"Schroeder, Von and Stiedemann",10/19/2025
356,Cindra,Biddulph,cbiddulph9v@pagesperso-orange.fr,Female,1986,Toyota,MR2,Houston,Texas,77228,US,29.834,-95.4342,92756,"Ledner, Mraz and Dibbert",11/28/2023
357,Carlynn,Founds,cfounds9w@japanpost.jp,Female,1994,Ford,Aspire,Columbus,Georgia,31904,US,32.5161,-84.9785,85151,Farrell-Swaniawski,07/06/2023
358,Winny,Pettyfer,wpettyfer9x@dion.ne.jp,Male,2003,Audi,A8,Fayetteville,North Carolina,28314,US,35.0583,-79.008,66843,Fritsch and Sons,04/18/2025
359,Case,Robbe,crobbe9y@goo.ne.jp,Polygender,2003,Suzuki,Aerio,Tacoma,Washington,98481,US,47.0662,-122.1132,50456,Hilll Group,09/01/2024
360,Domenic,Le Conte,dleconte9z@merriam-webster.com,Male,1991,Chevrolet,Caprice,Amarillo,Texas,79159,US,35.216,-102.0714,56130,"Kris, Huels and Klocko",11/25/2024
361,Lisabeth,Jerratsch,ljerratscha0@upenn.edu,Female,1986,Volkswagen,Passat,Pittsburgh,Pennsylvania,15286,US,40.4344,-80.0248,33915,O'Hara-Schmidt,04/05/2025
362,Mariquilla,Haggerwood,mhaggerwooda1@clickbank.net,Female,2005,Mazda,RX-8,Springfield,Illinois,62794,US,39.7495,-89.606,91780,"Reichert, Deckow and Pacocha",09/27/2022
363,Pattin,Edson,pedsona2@ox.ac.uk,Male,2010,Volvo,S80,Pasadena,California,91117,US,33.7866,-118.2987,42044,Smitham Group,04/10/2022
364,Raynard,Tomney,rtomneya3@so-net.ne.jp,Male,2009,Lincoln,MKX,Orlando,Florida,32835,US,28.5289,-81.4787,57384,Schmeler Group,04/29/2023
365,Benedikt,MacLeese,bmacleesea4@goo.ne.jp,Male,2005,Suzuki,Daewoo Lacetti,Largo,Florida,34643,US,27.881,-82.7619,95633,Mohr and Sons,04/18/2023
366,Belita,Rosingdall,brosingdalla5@reuters.com,Female,2002,Mercedes-Benz,E-Class,Wilmington,North Carolina,28410,US,34.0881,-77.8526,40060,Conn LLC,02/13/2025
367,Dolph,Smallpeice,dsmallpeicea6@bloglovin.com,Male,2001,Volvo,V70,Columbia,South Carolina,29225,US,34.006,-80.9708,45784,Hammes-Schroeder,03/24/2023
368,Frederigo,Danbye,fdanbyea7@mapquest.com,Male,2003,Nissan,Frontier,Greensboro,North Carolina,27499,US,36.0807,-80.0244,87385,Runolfsson-Mills,03/01/2024
369,Caty,Hubner,chubnera8@unblog.fr,Female,2010,Audi,A3,Las Vegas,Nevada,89140,US,36.086,-115.1471,39140,"Hauck, Harber and Wisozk",03/02/2025
370,Nikkie,McWilliam,nmcwilliama9@miibeian.gov.cn,Female,1998,Saab,9000,Springfield,Illinois,62711,US,39.7655,-89.7293,38090,"Rice, Witting and Goldner",06/02/2023
371,Torin,Maffei,tmaffeiaa@gravatar.com,Male,2002,Land Rover,Discovery Series II,Shreveport,Louisiana,71115,US,32.3401,-93.6092,88223,Wolff and Sons,05/12/2024
372,Chaim,Tomsett,ctomsettab@opera.com,Male,1998,Volkswagen,Passat,Topeka,Kansas,66667,US,39.0429,-95.7697,32836,"Mraz, Hayes and Boyle",11/25/2022
373,Birch,Fitzroy,bfitzroyac@blogs.com,Male,2006,BMW,Z4 M,Orlando,Florida,32819,US,28.4522,-81.4678,47875,"Mayert, Breitenberg and Doyle",10/15/2023
374,Chloette,Ferrea,cferreaad@ucsd.edu,Female,2012,BMW,5 Series,Seattle,Washington,98140,US,47.4323,-121.8034,77852,Hartmann LLC,07/16/2022
375,Myrvyn,Bedinn,mbedinnae@ovh.net,Bigender,2006,Toyota,Tacoma,Louisville,Kentucky,40293,US,38.189,-85.6768,38787,Bednar-Bernhard,04/27/2022
376,Florie,Bourdas,fbourdasaf@springer.com,Female,1997,Volkswagen,Jetta,Washington,District of Columbia,20029,US,38.8933,-77.0146,55798,Abernathy LLC,03/09/2024
377,Jojo,Meynell,jmeynellag@hibu.com,Female,1999,GMC,Savana 1500,Tucson,Arizona,85725,US,31.9701,-111.8907,59706,"Satterfield, Kshlerin and Maggio",02/24/2022
378,Berkley,Puckring,bpuckringah@harvard.edu,Male,2009,Cadillac,Escalade ESV,Dallas,Texas,75260,US,32.7673,-96.7776,51758,"Gutmann, Metz and Gorczany",11/23/2025
379,Pip,Vasovic,pvasovicai@trellian.com,Genderqueer,1962,Chevrolet,Corvette,Newport News,Virginia,23612,US,37.1959,-76.5248,62438,"Waelchi, Kunze and Gorczany",12/22/2025
380,Cort,Clearley,cclearleyaj@kickstarter.com,Male,1967,Chevrolet,Camaro,Charleston,South Carolina,29416,US,32.8488,-79.8577,33044,Flatley-McKenzie,06/16/2023
381,Drusy,Danilevich,ddanilevichak@ameblo.jp,Female,2011,Mitsubishi,Lancer,Miami,Florida,33185,US,25.7274,-80.4497,31939,"Reynolds, Gottlieb and Goldner",01/04/2023
382,Hendrika,Van Rembrandt,hvanrembrandtal@fc2.com,Female,1993,Mercedes-Benz,E-Class,Houston,Texas,77260,US,29.7687,-95.3867,33893,"Howell, Grimes and Kuvalis",09/03/2024
383,Amata,Manzell,amanzellam@sakura.ne.jp,Female,1994,Hyundai,Sonata,Simi Valley,California,93094,US,34.0324,-119.1343,33108,"Halvorson, Torp and Shields",11/04/2024
384,Stacy,Kinmond,skinmondan@msu.edu,Female,2000,Toyota,Land Cruiser,Oklahoma City,Oklahoma,73152,US,35.5514,-97.4075,33405,Fisher and Sons,12/16/2024
385,Kipp,Applewhite,kapplewhiteao@yellowbook.com,Male,2009,Mercury,Grand Marquis,New York City,New York,10125,US,40.7808,-73.9772,73679,Tremblay LLC,11/03/2024
386,Bunny,Densumbe,bdensumbeap@hexun.com,Female,1992,Daihatsu,Charade,Norfolk,Virginia,23509,US,36.8787,-76.2604,84908,Kreiger-Koepp,09/14/2023
387,Cristian,Lampbrecht,clampbrechtaq@jiathis.com,Bigender,1987,Mercedes-Benz,W201,Springfield,Illinois,62718,US,39.778,-89.6466,83243,Ankunding-Jast,06/11/2022
388,Charmine,Brimilcome,cbrimilcomear@photobucket.com,Female,1999,Nissan,Altima,Louisville,Kentucky,40298,US,38.189,-85.6768,96889,Roob Group,07/09/2024
389,Archambault,Aseef,aaseefas@sphinn.com,Male,2005,Saturn,Ion,Chandler,Arizona,85246,US,33.2765,-112.1872,51449,Pfannerstill and Sons,03/05/2025
390,Monti,Befroy,mbefroyat@facebook.com,Male,2008,Toyota,Highlander,Murfreesboro,Tennessee,37131,US,35.8596,-86.421,68300,Schaden-Moore,05/10/2023
391,Bucky,Studdert,bstuddertau@chron.com,Male,2002,Audi,A4,Minneapolis,Minnesota,55448,US,45.1907,-93.3021,46958,McLaughlin Group,11/24/2025
392,Gerick,Horsefield,ghorsefieldav@google.cn,Male,2006,Ford,GT,Syracuse,New York,13251,US,43.0214,-76.1977,61259,Kerluke and Sons,03/08/2025
393,Janette,Pfaff,jpfaffaw@mashable.com,Genderfluid,2012,Volvo,C70,Greenville,South Carolina,29615,US,34.8661,-82.3198,79366,Crist Inc,02/12/2023
394,Jaquelyn,Feldharker,jfeldharkerax@nba.com,Female,1992,Lexus,ES,Cleveland,Ohio,44118,US,41.5008,-81.5516,60165,Barton and Sons,10/18/2022
395,Kitti,Sampey,ksampeyay@odnoklassniki.ru,Female,2008,Pontiac,Torrent,Milwaukee,Wisconsin,53220,US,42.9559,-87.9933,96161,Krajcik-Jerde,11/28/2024
396,Moreen,Patriskson,mpatrisksonaz@naver.com,Female,2011,Volkswagen,Golf,Stamford,Connecticut,06922,US,41.0516,-73.5143,43165,"Rogahn, Fay and Bernhard",12/10/2023
397,Dorine,Littrik,dlittrikb0@nyu.edu,Female,1994,Infiniti,J,Boston,Massachusetts,02119,US,42.3231,-71.0846,46678,"Flatley, Schultz and Gottlieb",09/13/2022
398,Lorne,Stearnes,lstearnesb1@soup.io,Male,1993,Chrysler,Concorde,Columbus,Georgia,31904,US,32.5161,-84.9785,35616,"Goldner, Mueller and Denesik",12/01/2022
399,Rochelle,Stopforth,rstopforthb2@prlog.org,Female,2005,Chrysler,Pacifica,Madison,Wisconsin,53785,US,43.0696,-89.4239,47631,Lubowitz-Rolfson,11/21/2023
400,Eliza,Bartol,ebartolb3@nasa.gov,Female,2000,Ford,Th!nk,El Paso,Texas,88553,US,31.6948,-106.3,67563,Greenfelder Inc,05/07/2023
401,Orelie,Mereweather,omereweatherb4@china.com.cn,Female,1993,GMC,Suburban 1500,Warren,Ohio,44485,US,41.2405,-80.8441,44691,"Fahey, Christiansen and Rolfson",02/26/2022
402,Hewitt,Robinet,hrobinetb5@geocities.jp,Male,2010,Toyota,Sienna,Lincoln,Nebraska,68583,US,40.7845,-96.6888,59976,Heidenreich-Maggio,10/10/2022
403,Linnell,Stubbings,lstubbingsb6@naver.com,Female,1994,Lincoln,Continental,Indianapolis,Indiana,46278,US,39.8726,-86.2768,33466,"Wisoky, Romaguera and Smith",12/29/2024
404,Llywellyn,Welham,lwelhamb7@pcworld.com,Male,2003,Oldsmobile,Aurora,Pensacola,Florida,32520,US,30.4124,-87.2035,41781,"Wolff, Dibbert and Hoppe",12/17/2025
405,Em,Marfe,emarfeb8@devhub.com,Male,2007,Lotus,Elise,Brockton,Massachusetts,02405,US,41.9705,-70.7014,51077,"Schultz, Walker and Mosciski",10/24/2025
406,Penni,Horburgh,phorburghb9@opera.com,Female,1960,Fairthorpe,Rockette,Kansas City,Missouri,64193,US,39.035,-94.3567,69529,"Schmitt, Smith and Boyer",08/15/2025
407,Rickert,Reddihough,rreddihoughba@netlog.com,Male,2011,Chevrolet,Cruze,Kalamazoo,Michigan,49048,US,42.3189,-85.5152,70287,"Ortiz, Medhurst and Volkman",08/28/2025
408,Tamera,Andrieu,tandrieubb@state.gov,Female,2007,Ford,Escape,Las Vegas,Nevada,89178,US,35.9977,-115.2861,60931,"Streich, Hickle and Stracke",05/22/2025
409,Leyla,Yosevitz,lyosevitzbc@cnet.com,Genderfluid,2009,Nissan,Versa,Birmingham,Alabama,35225,US,33.5446,-86.9292,34165,"Russel, Ankunding and Grimes",11/04/2025
410,Thornton,Gecks,tgecksbd@typepad.com,Male,2004,Mercury,Mountaineer,Chandler,Arizona,85246,US,33.2765,-112.1872,45647,Schinner-Pollich,05/23/2024
411,Milzie,Berth,mberthbe@meetup.com,Female,1997,Mazda,MX-5,Bradenton,Florida,34210,US,27.4544,-82.6358,30746,O'Reilly LLC,07/19/2022
412,Zilvia,Camis,zcamisbf@skyrock.com,Female,2003,Pontiac,Vibe,Peoria,Arizona,85383,US,33.7169,-112.238,45176,"Tillman, O'Kon and Davis",11/27/2022
413,Harley,Vosse,hvossebg@ihg.com,Male,1995,Dodge,Ram 2500,Laredo,Texas,78044,US,27.3637,-99.4819,92641,Hegmann Inc,10/05/2023
414,Valera,McCauley,vmccauleybh@t.co,Female,2000,Land Rover,Discovery Series II,Lansing,Michigan,48956,US,42.7325,-84.5587,36233,"Mraz, Stroman and Reilly",01/20/2026
415,Vincenty,Evenett,vevenettbi@wikispaces.com,Male,1999,Mitsubishi,Montero,Amarillo,Texas,79105,US,35.4015,-101.8951,96179,Towne-Jacobs,08/25/2024
416,Elie,Ashman,eashmanbj@hibu.com,Female,1995,Buick,Riviera,Dallas,Texas,75277,US,32.7673,-96.7776,90422,"Corkery, Romaguera and Weimann",02/03/2024
417,Misha,Berkelay,mberkelaybk@over-blog.com,Female,1993,Mitsubishi,GTO,Richmond,Virginia,23203,US,37.5593,-77.4471,98572,"Walsh, Effertz and Zulauf",08/05/2022
418,Desi,Snuggs,dsnuggsbl@plala.or.jp,Male,1999,Chevrolet,Metro,Fresno,California,93762,US,36.7464,-119.6397,98960,Nikolaus LLC,07/23/2025
419,Layla,Martusewicz,lmartusewiczbm@cargocollective.com,Female,2012,Dodge,Caravan,Amarillo,Texas,79105,US,35.4015,-101.8951,39390,"Jaskolski, McLaughlin and Tromp",08/20/2024
420,Stan,Veryard,sveryardbn@360.cn,Male,1995,Mercury,Tracer,Richmond,Virginia,23293,US,37.5242,-77.4932,36800,Hilll-Zieme,10/24/2025
421,Tyrone,Wonter,twonterbo@blogs.com,Male,2009,Ferrari,California,Fairfax,Virginia,22036,US,38.7351,-77.0796,82870,Tremblay-Bernhard,12/20/2025
422,Zach,Wetherill,zwetherillbp@homestead.com,Male,1998,Pontiac,Sunfire,Shawnee Mission,Kansas,66205,US,39.0312,-94.6308,57229,Feil-Yost,02/16/2022
423,Javier,Winterbottom,jwinterbottombq@infoseek.co.jp,Male,1999,GMC,Jimmy,North Hollywood,California,91606,US,34.1872,-118.3865,55671,"Lang, Kris and Hackett",09/21/2022
424,Chickie,Jirka,cjirkabr@home.pl,Male,2011,Chevrolet,Traverse,Lubbock,Texas,79405,US,33.571,-101.8507,89696,Jenkins-Kutch,02/21/2022
425,Rickie,Prestwich,rprestwichbs@dmoz.org,Male,1995,Toyota,Camry,Washington,District of Columbia,20205,US,38.905,-77.0162,89131,"Cronin, Connelly and Berge",06/20/2024
426,Dexter,Leggs,dleggsbt@google.cn,Male,2002,Pontiac,Grand Am,Shreveport,Louisiana,71137,US,32.6076,-93.7526,52950,Schaefer Inc,08/18/2022
427,Cyndia,Falloon,cfalloonbu@surveymonkey.com,Female,2012,Nissan,JUKE,Paterson,New Jersey,07544,US,41.0114,-74.3048,54099,Breitenberg-Dicki,12/29/2022
428,Job,Mathivon,jmathivonbv@amazon.com,Male,1995,Ford,Thunderbird,Detroit,Michigan,48206,US,42.3749,-83.1087,89139,"Waelchi, Mann and O'Connell",10/01/2022
429,Tove,Maseres,tmaseresbw@google.ca,Female,2012,Mitsubishi,Galant,Wilmington,Delaware,19892,US,39.5645,-75.597,94667,Robel Group,05/07/2022
430,Manolo,Sterricker,msterrickerbx@1und1.de,Male,2003,Infiniti,G,Lansing,Michigan,48956,US,42.7325,-84.5587,87398,"Gleason, Witting and Dicki",06/12/2025
431,Anjela,D'orsay,adorsayby@netscape.com,Female,2005,Lexus,GX,Anaheim,California,92812,US,33.817,-117.9286,51054,"DuBuque, Leffler and Reichel",10/12/2024
432,Sergei,Alkin,salkinbz@illinois.edu,Male,2012,Kia,Sedona,Pensacola,Florida,32511,US,30.4061,-87.2917,42942,"Mann, Hintz and Bernhard",03/08/2025
433,Martina,Worsfield,mworsfieldc0@parallels.com,Female,2005,Mercury,Monterey,Mobile,Alabama,36610,US,30.7309,-88.0789,49118,Lang and Sons,05/18/2024
434,Dottie,MacNaughton,dmacnaughtonc1@ucla.edu,Female,1990,Audi,200,New Orleans,Louisiana,70174,US,30.033,-89.8826,38318,"Kihn, Schaefer and Douglas",09/09/2025
435,Hazlett,Barnicott,hbarnicottc2@sakura.ne.jp,Male,2008,Hyundai,Entourage,Los Angeles,California,90189,US,34.0515,-118.2559,47905,"Upton, Parisian and Rippin",09/09/2023
436,Sebastien,Dibbs,sdibbsc3@scribd.com,Male,2004,BMW,6 Series,Louisville,Kentucky,40298,US,38.189,-85.6768,75229,"Tillman, Lehner and Schiller",08/18/2023
437,Ellene,Hackinge,ehackingec4@tiny.cc,Female,2011,Nissan,Maxima,Sacramento,California,95838,US,38.6406,-121.444,71744,Wintheiser Inc,04/01/2022
438,Hobart,Levis,hlevisc5@squidoo.com,Male,1995,Ford,F250,Baton Rouge,Louisiana,70826,US,30.5159,-91.0804,51385,Bosco Group,05/17/2025
439,Loleta,Coursor,lcoursorc6@netvibes.com,Non-binary,1997,Mercury,Cougar,Alpharetta,Georgia,30022,US,34.0268,-84.2422,86118,Heathcote-Schulist,06/25/2024
440,Roscoe,Chatten,rchattenc7@privacy.gov.au,Male,2011,Lincoln,Navigator,Davenport,Iowa,52804,US,41.5386,-90.6115,34224,Streich-Rolfson,09/30/2022
441,Berri,Taverner,btavernerc8@wikipedia.org,Female,1992,Mercedes-Benz,500SL,Honolulu,Hawaii,96810,US,21.3062,-157.8585,37915,"Hammes, Botsford and Hyatt",09/04/2023
442,Lacey,Deeson,ldeesonc9@jigsy.com,Female,2002,Ford,Explorer Sport,Newport News,Virginia,23605,US,37.0156,-76.4332,96444,Legros LLC,09/14/2022
443,Adriano,Benfield,abenfieldca@parallels.com,Male,2007,Toyota,Sequoia,Wilkes Barre,Pennsylvania,18768,US,41.2722,-75.8801,62827,Emard-DuBuque,06/22/2024
444,Robinet,Osgood,rosgoodcb@sitemeter.com,Male,1997,Chevrolet,Cavalier,Winston Salem,North Carolina,27105,US,36.144,-80.2376,89225,Raynor-Kuphal,07/01/2022
445,Brittni,Hinemoor,bhinemoorcc@aol.com,Female,1999,Chevrolet,Corvette,Spokane,Washington,99205,US,47.6964,-117.4399,35486,"D'Amore, Fritsch and Marquardt",01/16/2023
446,Marlene,Melbourn,mmelbourncd@feedburner.com,Female,2004,Kia,Sorento,Chicago,Illinois,60669,US,41.8119,-87.6873,87579,Ebert-Wuckert,11/04/2025
447,Mill,Phil,mphilce@netvibes.com,Male,1995,Toyota,MR2,Baton Rouge,Louisiana,70805,US,30.486,-91.1481,79662,Grimes Inc,01/29/2023
448,Vera,Felgat,vfelgatcf@cyberchimps.com,Female,1992,GMC,Sonoma Club,York,Pennsylvania,17405,US,40.0086,-76.5972,85226,Stracke-Marks,10/19/2022
449,Rosene,Loveredge,rloveredgecg@miibeian.gov.cn,Female,2009,Honda,Ridgeline,Lees Summit,Missouri,64082,US,38.8518,-94.3944,37021,"Krajcik, Dickens and Franecki",03/14/2023
450,Krishna,Mellsop,kmellsopch@cnbc.com,Male,2007,Mercedes-Benz,C-Class,Grand Rapids,Michigan,49518,US,43.0314,-85.5503,42048,Bauch and Sons,11/10/2025
451,Morse,Hakes,mhakesci@hexun.com,Male,2008,Lamborghini,Reventón,Norfolk,Virginia,23514,US,36.9312,-76.2397,82964,Brekke LLC,08/23/2022
452,Jessee,Peagram,jpeagramcj@bbc.co.uk,Male,2006,Toyota,Sequoia,Peoria,Illinois,61629,US,40.692,-89.5887,92425,Balistreri Group,02/01/2025
453,Craig,Donaghie,cdonaghieck@furl.net,Male,2000,Mercury,Mystique,Roanoke,Virginia,24024,US,37.2742,-79.9579,56851,"Flatley, Dare and Walker",05/26/2024
454,Benton,Logie,blogiecl@hatena.ne.jp,Male,1999,Subaru,Impreza,Colorado Springs,Colorado,80910,US,38.8152,-104.7703,68296,O'Keefe-Streich,03/14/2022
455,Jessalyn,Albarez,jalbarezcm@washingtonpost.com,Female,2007,Jeep,Liberty,Philadelphia,Pennsylvania,19141,US,40.0365,-75.1451,67427,Rolfson-Ward,11/30/2025
456,Royal,Shreeves,rshreevescn@webmd.com,Male,2011,Lexus,LS Hybrid,Washington,District of Columbia,20022,US,38.945,-77.0364,69185,"Larson, Effertz and Swift",12/18/2023
457,Sonja,Ashe,sasheco@edublogs.org,Female,1998,Buick,LeSabre,Honolulu,Hawaii,96850,US,21.3095,-157.863,71149,Rogahn and Sons,01/13/2024
458,Leonore,Enrdigo,lenrdigocp@answers.com,Female,1995,Buick,Roadmaster,Baltimore,Maryland,21216,US,39.3093,-76.6699,79790,Bailey-Schmidt,03/13/2022
459,Benedicto,Koopman,bkoopmancq@xing.com,Male,2000,Infiniti,G,Dayton,Ohio,45403,US,39.7617,-84.1498,55697,Johnston-Fadel,09/26/2025
460,Nealson,Brownlee,nbrownleecr@amazon.com,Male,2007,Morgan,Aero 8,Miami,Florida,33153,US,25.8655,-80.1936,47566,Fahey Inc,12/25/2024
461,Barbe,Corradini,bcorradinics@reddit.com,Female,1993,Subaru,Impreza,Cincinnati,Ohio,45208,US,39.1361,-84.4355,46421,Cremin and Sons,06/30/2023
462,Giles,Mountcastle,gmountcastlect@wired.com,Male,2010,Saab,9-5,San Diego,California,92127,US,33.0279,-117.0856,90660,Corwin Inc,06/09/2022
463,Shana,Merrikin,smerrikincu@github.com,Female,2005,Buick,Century,Davenport,Iowa,52804,US,41.5386,-90.6115,70753,Lebsack Inc,07/06/2022
464,Deeann,Doumenc,ddoumenccv@blogs.com,Female,1986,Mitsubishi,Cordia,Hollywood,Florida,33023,US,25.9894,-80.2153,58914,"Hyatt, Wiegand and Lemke",05/23/2022
465,Orion,Snazle,osnazlecw@digg.com,Polygender,2010,MINI,Clubman,Merrifield,Virginia,22119,US,38.8318,-77.2888,85310,Lindgren-Feil,04/30/2023
466,Yuma,Canet,ycanetcx@mozilla.org,Male,1997,Mercedes-Benz,SLK-Class,Punta Gorda,Florida,33982,US,26.9668,-81.9545,57024,Borer-Heller,05/01/2024
467,Stepha,Bennit,sbennitcy@arstechnica.com,Female,2004,Infiniti,FX,Gainesville,Florida,32605,US,29.6785,-82.3679,45935,Waelchi Group,08/24/2023
468,Janeva,Keepence,jkeepencecz@last.fm,Female,2008,Lincoln,Town Car,Columbia,South Carolina,29225,US,34.006,-80.9708,66741,Cronin-Rosenbaum,05/18/2022
469,Dannel,Palatino,dpalatinod0@cargocollective.com,Male,2000,Oldsmobile,Bravada,Santa Clara,California,95054,US,37.3924,-121.9623,56949,"Kassulke, Osinski and Doyle",09/06/2023
470,Lissi,Aronowicz,laronowiczd1@sciencedirect.com,Female,2002,Lexus,SC,Sioux City,Iowa,51110,US,42.4011,-96.372,60022,"Powlowski, Kerluke and Luettgen",02/09/2023
471,Vinni,Goodale,vgoodaled2@4shared.com,Female,2002,Mercedes-Benz,SL-Class,North Las Vegas,Nevada,89087,US,36.2204,-115.1458,32509,Fahey Inc,07/08/2024
472,Hollie,Silvester,hsilvesterd3@dropbox.com,Female,1991,Pontiac,Trans Sport,Shawnee Mission,Kansas,66220,US,38.9613,-94.8222,83648,Rohan-Bartoletti,10/18/2025
473,Celestyna,Ellington,cellingtond4@oakley.com,Female,2008,Dodge,Ram,Peoria,Illinois,61629,US,40.692,-89.5887,73128,Wilderman Inc,05/11/2023
474,Mirelle,Poupard,mpoupardd5@vinaora.com,Female,1998,Audi,riolet,Loretto,Minnesota,55598,US,45.0159,-93.4719,96960,Murazik Group,01/13/2023
475,Eddi,Morcomb,emorcombd6@pagesperso-orange.fr,Genderfluid,1963,Austin,Mini Cooper S,Kansas City,Missouri,64114,US,38.9621,-94.5959,37698,Sporer Inc,11/25/2023
476,Micky,Sherebrook,msherebrookd7@google.it,Male,2010,Hummer,H3T,Milwaukee,Wisconsin,53277,US,43.0389,-87.9024,45031,"Barrows, Hayes and Schoen",10/06/2025
477,Harold,Licence,hlicenced8@economist.com,Male,1985,Mercedes-Benz,W201,Sandy,Utah,84093,US,40.5927,-111.831,99598,Toy Group,10/04/2025
478,Bridgette,Bunyard,bbunyardd9@state.tx.us,Agender,2006,Ford,Freestyle,Nashville,Tennessee,37235,US,36.1866,-86.7852,79234,Rosenbaum Group,03/11/2024
479,Symon,Extill,sextillda@sitemeter.com,Male,1986,Mercury,Topaz,Denver,Colorado,80235,US,39.6472,-105.0795,69948,"Borer, Okuneva and Collier",05/09/2023
480,Katuscha,Daniely,kdanielydb@dedecms.com,Female,1984,Volkswagen,Jetta,Temple,Texas,76505,US,31.0363,-97.492,32948,Jast Group,11/23/2023
481,Lynn,Clemow,lclemowdc@com.com,Male,2004,Acura,NSX,Erie,Pennsylvania,16550,US,42.1827,-80.0649,70648,"Maggio, Becker and Russel",05/03/2022
482,Kaleena,Robertson,krobertsondd@bloglines.com,Agender,2006,Mazda,Mazda6,Orlando,Florida,32819,US,28.4522,-81.4678,45669,"Hermiston, Fritsch and Bailey",02/16/2024
483,Wilburt,Odeson,wodesonde@ted.com,Male,2012,Porsche,Cayenne,Aiken,South Carolina,29805,US,33.6993,-81.6465,42418,"Koch, Roberts and Collins",02/16/2024
484,Faun,Brannan,fbrannandf@nifty.com,Female,1998,Eagle,Talon,San Francisco,California,94121,US,37.7786,-122.4892,49345,Price Group,08/28/2022
485,Yasmeen,Grace,ygracedg@youtu.be,Female,2012,Fiat,500,Milwaukee,Wisconsin,53225,US,43.1154,-88.0346,65718,Tillman LLC,08/15/2024
486,Betsey,Casserley,bcasserleydh@live.com,Genderqueer,1999,Honda,Accord,Richmond,Virginia,23220,US,37.5498,-77.4588,54144,Berge Inc,05/11/2022
487,Zola,Arbon,zarbondi@friendfeed.com,Female,2003,Mercedes-Benz,C-Class,Kansas City,Missouri,64187,US,39.035,-94.3567,81604,"Hills, Barrows and Leannon",08/30/2025
488,Sinclair,Gillean,sgilleandj@upenn.edu,Polygender,1990,Mazda,929,Pasadena,California,91109,US,33.7866,-118.2987,61509,"Weissnat, Wintheiser and Price",07/18/2024
489,Jamison,Tryhorn,jtryhorndk@constantcontact.com,Male,2012,Subaru,Tribeca,Wilmington,Delaware,19805,US,39.7434,-75.5827,49034,"Bailey, Schulist and Reichel",12/02/2022
490,Kissiah,Walklott,kwalklottdl@gnu.org,Female,2004,Jaguar,S-Type,Los Angeles,California,90050,US,33.7866,-118.2987,79517,Hermiston Inc,07/17/2024
491,Georgianne,Seiler,gseilerdm@meetup.com,Agender,2001,Nissan,Pathfinder,Jacksonville,Florida,32220,US,30.329,-81.8176,96653,"Hand, Effertz and Schmitt",01/28/2023
492,Hershel,Petrou,hpetroudn@edublogs.org,Male,2012,Honda,Pilot,Dayton,Ohio,45470,US,39.7505,-84.2686,60983,Wiza-Kunde,01/29/2025
493,Melisandra,Leigh,mleighdo@howstuffworks.com,Genderqueer,2012,Tesla,Model S,Kansas City,Missouri,64144,US,39.2829,-94.409,54381,Jast Group,01/07/2023
494,Maynard,Ritch,mritchdp@webmd.com,Male,2000,Toyota,Tundra,Phoenix,Arizona,85053,US,33.6299,-112.1316,41795,Will-Gorczany,10/15/2025
495,Miof mela,Joyes,mjoyesdq@joomla.org,Female,2009,Ford,GT500,Tacoma,Washington,98411,US,47.0662,-122.1132,90191,"Simonis, Krajcik and Wolff",10/29/2022
496,Harbert,Farquharson,hfarquharsondr@oaic.gov.au,Polygender,1978,Dodge,Omni,Monticello,Minnesota,55585,US,45.2009,-93.8881,43782,McLaughlin-Kovacek,01/11/2026
497,Gladi,Proback,gprobackds@youtu.be,Female,2012,Audi,TT,Denver,Colorado,80299,US,39.7388,-104.4083,47254,Jenkins LLC,01/30/2022
498,Luz,Pauley,lpauleydt@time.com,Genderfluid,1988,Subaru,Leone,Myrtle Beach,South Carolina,29579,US,33.7377,-78.9787,46789,Hackett Inc,04/21/2024
499,Maurita,Stapele,mstapeledu@sitemeter.com,Female,2000,Honda,CR-V,San Jose,California,95123,US,37.2458,-121.8306,86124,Maggio-Leuschke,01/04/2024
500,Windham,Helstrom,whelstromdv@fda.gov,Male,2008,Ford,Escape,Independence,Missouri,64054,US,39.11,-94.4401,75544,Macejkovic-Swaniawski,02/26/2024
501,Leonelle,Radmer,lradmerdw@51.la,Female,2011,Lexus,IS F,Indianapolis,Indiana,46239,US,39.7265,-86.0005,31632,Mitchell-Crooks,12/25/2025
502,Haskel,Doxsey,hdoxseydx@live.com,Male,2001,Chevrolet,Astro,Birmingham,Alabama,35225,US,33.5446,-86.9292,74212,"Bosco, Stracke and Glover",01/28/2023
503,Roseline,Strathearn,rstrathearndy@goo.gl,Female,1994,Subaru,Impreza,Colorado Springs,Colorado,80915,US,38.8558,-104.7134,53251,Wehner Group,05/25/2025
504,Bartie,Critzen,bcritzendz@dmoz.org,Male,2006,Pontiac,Daewoo Kalos,Cincinnati,Ohio,45203,US,39.1075,-84.5257,99023,"Bruen, Paucek and Haley",10/06/2024
505,Chaunce,McSpirron,cmcspirrone0@mapy.cz,Male,1991,Volkswagen,GTI,San Francisco,California,94142,US,37.7848,-122.7278,45667,"Willms, Collier and Flatley",05/03/2023
506,Egbert,Furney,efurneye1@google.cn,Male,2012,Ford,Edge,Portsmouth,New Hampshire,03804,US,43.0059,-71.0132,30122,"Metz, Hermann and Streich",01/18/2025
507,Rosabel,Craxford,rcraxforde2@army.mil,Female,2000,Ford,Excursion,Atlanta,Georgia,30351,US,33.8444,-84.474,62063,"Franecki, Murray and Cruickshank",05/03/2023
508,Sidney,Van Hault,svanhaulte3@domainmarket.com,Male,1992,Lotus,Elan,Milwaukee,Wisconsin,53215,US,43.006,-87.9429,96900,"Jast, Trantow and Wisozk",02/07/2024
509,Lenard,Prowse,lprowsee4@icq.com,Male,2004,Mercury,Mountaineer,Wichita Falls,Texas,76305,US,33.9995,-98.3938,81533,Okuneva-Jerde,09/14/2024
510,Beverlie,Hatchett,bhatchette5@harvard.edu,Female,2012,Ford,Expedition,Pittsburgh,Pennsylvania,15286,US,40.4344,-80.0248,56341,Ondricka-Hintz,12/01/2024
511,Jarib,Shields,jshieldse6@theglobeandmail.com,Male,1985,Mercury,Topaz,Bloomington,Illinois,61709,US,40.4614,-88.953,73449,Hand LLC,02/22/2024
512,Joela,Gillford,jgillforde7@forbes.com,Female,2007,Chevrolet,Monte Carlo,Wichita,Kansas,67260,US,37.7194,-97.2936,98125,Lang Group,07/09/2022
513,Kinna,Rimbault,krimbaulte8@reddit.com,Non-binary,2001,Chevrolet,Express 1500,Paterson,New Jersey,07505,US,40.9166,-74.174,78864,"Sipes, Schowalter and DuBuque",01/06/2025
514,Darlene,Dalligan,ddalligane9@virginia.edu,Female,1999,Dodge,Ram 3500,Newark,Delaware,19725,US,39.5645,-75.597,38797,Cummerata-Goldner,04/25/2023
515,Minda,Brookwell,mbrookwellea@noaa.gov,Female,2011,BMW,X5 M,Cleveland,Ohio,44118,US,41.5008,-81.5516,44905,Johnston-Macejkovic,05/10/2023
516,Colin,Hissie,chissieeb@umich.edu,Male,2011,Dodge,Charger,Knoxville,Tennessee,37995,US,35.9901,-83.9622,79517,"Kutch, Hilpert and Herman",04/23/2025
517,Tobye,Persitt,tpersittec@npr.org,Female,2007,Hyundai,Entourage,Austin,Texas,78769,US,30.3264,-97.7713,72223,"Turner, Rau and Wintheiser",09/06/2023
518,Sofia,Chappel,schappeled@instagram.com,Female,2009,Pontiac,G8,Flint,Michigan,48555,US,43.0113,-83.7108,54874,Kreiger-Klocko,06/04/2022
519,Thor,Burd,tburdee@tamu.edu,Male,2011,Buick,Enclave,Buffalo,New York,14263,US,42.7684,-78.8871,97406,"Blanda, Von and Bins",12/22/2024
520,Waldo,Dreelan,wdreelanef@sogou.com,Male,1989,Audi,90,Topeka,Kansas,66611,US,39.0142,-95.6982,74315,Jacobs Group,07/03/2024
521,Dag,Freiburger,dfreiburgereg@tinypic.com,Male,2005,Ford,Explorer Sport Trac,Kalamazoo,Michigan,49006,US,42.2922,-85.633,99088,"Rice, Pacocha and Upton",12/28/2023
522,Tiebold,Niland,tnilandeh@fc2.com,Male,2001,Hyundai,Accent,Tallahassee,Florida,32304,US,30.4478,-84.3211,57674,Kiehn-Oberbrunner,01/09/2024
523,Rafferty,Toulson,rtoulsonei@joomla.org,Male,1993,Ford,Probe,Washington,District of Columbia,20456,US,38.8981,-77.0401,72261,Jacobs-Heidenreich,02/27/2023
524,Averil,Oda,aodaej@aboutads.info,Female,1984,Ford,Thunderbird,Boulder,Colorado,80310,US,40.0878,-105.3735,94514,Rath-Barton,12/14/2022
525,Glyn,Duffell,gduffellek@scribd.com,Female,2003,Volvo,S40,South Bend,Indiana,46614,US,41.6255,-86.2433,95626,Stracke-Welch,01/14/2024
526,Flss,Stothard,fstothardel@wired.com,Female,2001,Ford,E-Series,New York City,New York,10175,US,40.7543,-73.9798,65863,Simonis-Rolfson,05/20/2024
527,Derrik,Coppins,dcoppinsem@dailymail.co.uk,Male,2008,Chevrolet,Malibu,Springfield,Virginia,22156,US,38.8318,-77.2888,79098,"Kunde, Mann and Vandervort",07/23/2022
528,Whitaker,Pampling,wpamplingen@nih.gov,Male,1989,Volkswagen,Cabriolet,Chicago,Illinois,60657,US,41.9399,-87.6528,86901,Stiedemann-Huel,05/04/2023
529,Sibelle,Messum,smessumeo@livejournal.com,Female,1992,Chevrolet,Blazer,Trenton,New Jersey,08619,US,40.2418,-74.6962,36134,"Langworth, Gulgowski and Boyle",11/22/2024
530,Elayne,Allardyce,eallardyceep@dedecms.com,Female,2005,Subaru,Baja,Miami,Florida,33233,US,25.5584,-80.4582,64653,"Jakubowski, Schumm and Hickle",02/10/2025
531,Bettina,Duffin,bduffineq@ow.ly,Female,1997,Oldsmobile,LSS,Orange,California,92867,US,33.811,-117.8493,49820,Ebert Group,03/17/2022
532,Niven,Merrydew,nmerrydewer@studiopress.com,Male,2006,Ford,F150,Charlotte,North Carolina,28235,US,35.26,-80.8042,92728,"Halvorson, Bergstrom and Gutkowski",10/18/2025
533,Obadiah,Weatherley,oweatherleyes@woothemes.com,Male,1994,Buick,Coachbuilder,Whittier,California,90605,US,33.9413,-118.0356,75783,"O'Connell, Mayert and Lesch",05/14/2022
534,Whitby,St. Quintin,wstquintinet@redcross.org,Male,1994,Ford,Lightning,Lees Summit,Missouri,64082,US,38.8518,-94.3944,94198,Cassin LLC,05/02/2023
535,Reiko,Baress,rbaresseu@scientificamerican.com,Female,2001,Oldsmobile,Aurora,South Bend,Indiana,46614,US,41.6255,-86.2433,90960,Orn Inc,12/07/2022
536,Daisey,Manginot,dmanginotev@furl.net,Genderqueer,2004,Lexus,IS,Oklahoma City,Oklahoma,73124,US,35.5514,-97.4075,99604,Pouros LLC,07/13/2023
537,Carling,Klyner,cklynerew@studiopress.com,Male,2013,Ford,Fusion,Gary,Indiana,46406,US,41.5878,-87.4062,55741,Will-Beahan,05/24/2025
538,Herbie,Stollen,hstollenex@irs.gov,Male,2004,Honda,Pilot,Atlanta,Georgia,31106,US,33.8444,-84.474,41622,"Mills, Goodwin and Ward",05/30/2022
539,Jedediah,Feldmark,jfeldmarkey@harvard.edu,Non-binary,1989,Mazda,B-Series,Round Rock,Texas,78682,US,30.6568,-97.6026,66650,Nitzsche Inc,02/24/2025
540,Aristotle,Camilio,acamilioez@infoseek.co.jp,Bigender,2009,Toyota,Corolla,Prescott,Arizona,86305,US,34.8185,-112.9584,37164,Daugherty-Carroll,09/08/2022
541,Eleonore,Cowherd,ecowherdf0@virginia.edu,Female,2002,Chevrolet,Silverado 3500,Portland,Oregon,97211,US,45.5653,-122.6448,89557,Williamson LLC,07/26/2023
542,Madelle,Samuels,msamuelsf1@java.com,Genderfluid,2009,Chevrolet,Impala,Sacramento,California,94230,US,38.3774,-121.4444,31816,Gerlach Group,11/14/2022
543,Danita,Flatt,dflattf2@ihg.com,Non-binary,2010,Ford,Explorer Sport Trac,Shreveport,Louisiana,71166,US,32.6076,-93.7526,62561,Rau-Tillman,11/06/2024
544,Brian,Maytum,bmaytumf3@tamu.edu,Genderqueer,2009,Audi,A6,El Paso,Texas,79916,US,31.7444,-106.2879,77887,Bogan Group,02/07/2023
545,Isidor,Ducker,iduckerf4@go.com,Male,2008,Cadillac,DTS,Pittsburgh,Pennsylvania,15255,US,40.4344,-80.0248,34344,"Kunde, Monahan and Durgan",11/08/2022
546,Margo,Akker,makkerf5@diigo.com,Female,2002,GMC,Savana 2500,Los Angeles,California,90076,US,33.7866,-118.2987,62097,Ferry Inc,07/31/2025
547,Austina,Andersen,aandersenf6@ning.com,Female,2010,Jaguar,XK,Saint Louis,Missouri,63126,US,38.5495,-90.3811,44371,Frami LLC,02/23/2023
548,Nevil,Lewson,nlewsonf7@usnews.com,Male,1991,Audi,90,Fresno,California,93794,US,36.7464,-119.6397,46256,"Parker, Fadel and Bradtke",09/21/2023
549,Emanuel,Brodeau,ebrodeauf8@google.fr,Male,1996,Chevrolet,G-Series 2500,Miami,Florida,33196,US,25.6615,-80.441,88244,Jenkins-Jacobs,06/01/2022
550,Charlene,Fairpool,cfairpoolf9@theglobeandmail.com,Female,1994,Chevrolet,Impala,Nashville,Tennessee,37235,US,36.1866,-86.7852,81504,"Nader, Pacocha and Schuster",09/13/2023
551,Gerianne,Howcroft,ghowcroftfa@scribd.com,Female,2001,GMC,Jimmy,Cincinnati,Ohio,45223,US,39.1696,-84.5478,34444,"Ullrich, Bogan and Bins",02/08/2024
552,Dael,Dalgardno,ddalgardnofb@jalbum.net,Bigender,1999,Daewoo,Nubira,New Orleans,Louisiana,70116,US,29.9686,-90.0646,33925,McDermott-Schamberger,09/26/2024
553,Marys,Bagot,mbagotfc@meetup.com,Female,2006,Chevrolet,Silverado Hybrid,Oakland,California,94611,US,37.8471,-122.2223,30563,Heaney-Olson,08/31/2023
554,Juline,Tranmer,jtranmerfd@cbslocal.com,Female,1993,Mazda,626,Jacksonville,Florida,32244,US,30.2231,-81.7556,53962,"Heller, Watsica and Turcotte",05/31/2023
555,Vinson,Hadwen,vhadwenfe@independent.co.uk,Polygender,1997,Ford,Econoline E250,Tampa,Florida,33673,US,27.872,-82.4388,59466,Bogisich-Howe,09/11/2024
556,Terrye,Gonzalez,tgonzalezff@hhs.gov,Female,2002,Dodge,Stratus,Houston,Texas,77025,US,29.6889,-95.4341,88790,Hermiston and Sons,08/29/2023
557,Mandel,Pesselt,mpesseltfg@bbb.org,Male,1967,Pontiac,Tempest,Dallas,Texas,75265,US,32.7673,-96.7776,79894,Gleichner-Mayert,05/01/2023
558,Bale,Benasik,bbenasikfh@aol.com,Male,1992,Mercedes-Benz,300CE,Dallas,Texas,75236,US,32.69,-96.9177,45959,Watsica Group,11/20/2022
559,Twila,Maylard,tmaylardfi@techcrunch.com,Female,2004,Audi,A4,Paterson,New Jersey,07544,US,41.0114,-74.3048,85396,"Murazik, Gerhold and Harber",09/19/2022
560,Chandra,Corrington,ccorringtonfj@wikispaces.com,Female,2007,Lexus,RX Hybrid,Nashville,Tennessee,37228,US,36.1901,-86.8053,39396,"Okuneva, Batz and Cummerata",09/09/2023
561,Cherye,Norquoy,cnorquoyfk@uol.com.br,Female,1983,Ford,Thunderbird,Staten Island,New York,10305,US,40.5973,-74.0768,52245,"O'Reilly, Johnson and Gerhold",04/27/2024
562,Nikkie,Fones,nfonesfl@amazon.de,Female,2007,Mazda,Miata MX-5,Simi Valley,California,93094,US,34.0324,-119.1343,82344,Will and Sons,04/10/2024
563,Ramonda,Seward,rsewardfm@mediafire.com,Female,2000,Dodge,Ram 3500,Davenport,Iowa,52804,US,41.5386,-90.6115,78421,Streich LLC,07/05/2022
564,Chrotoem,Yglesia,cyglesiafn@1und1.de,Male,2012,Mitsubishi,i-MiEV,Corpus Christi,Texas,78410,US,27.8458,-97.596,56157,Becker-Volkman,11/02/2022
565,Stanislaw,McClounan,smcclounanfo@gravatar.com,Male,2012,Cadillac,Escalade EXT,Dallas,Texas,75210,US,32.7699,-96.743,46051,Shanahan Group,03/21/2024
566,Bastian,Whittet,bwhittetfp@feedburner.com,Male,2001,Hyundai,Sonata,Rochester,New York,14624,US,43.1216,-77.7311,73238,Frami-Beier,02/21/2024
567,Isidore,Couth,icouthfq@yelp.com,Male,1993,Land Rover,Defender 110,Watertown,Massachusetts,02472,US,42.37,-71.1773,56020,O'Conner Group,03/13/2022
568,Shaun,Duffin,sduffinfr@mtv.com,Male,1957,BMW,600,Little Rock,Arkansas,72222,US,34.7519,-92.3925,61334,Wilderman-Cassin,07/10/2024
569,Mischa,Jurgensen,mjurgensenfs@theatlantic.com,Male,2003,Ford,Explorer Sport Trac,Jacksonville,Florida,32215,US,30.2407,-81.893,42872,"Ferry, Botsford and Moore",04/23/2024
570,Sayre,Wheelband,swheelbandft@github.com,Male,2004,Toyota,Corolla,Albany,New York,12242,US,42.6149,-73.9708,68272,O'Connell and Sons,03/23/2022
571,Ricki,Wheeler,rwheelerfu@tmall.com,Male,2005,Saab,9-3,Clearwater,Florida,34629,US,27.9654,-82.8001,75587,Upton LLC,04/18/2024
572,Lonnie,Raise,lraisefv@elpais.com,Male,1992,Cadillac,Fleetwood,Phoenix,Arizona,85025,US,33.4226,-111.7236,66805,"Abbott, Zemlak and Koepp",02/01/2025
573,Nathalia,Hay,nhayfw@reddit.com,Female,2004,Scion,xA,Lexington,Kentucky,40524,US,38.0283,-84.4715,65278,Waelchi and Sons,04/06/2022
574,Kennan,Glastonbury,kglastonburyfx@omniture.com,Male,2001,Kia,Rio,Wichita,Kansas,67260,US,37.7194,-97.2936,36046,"Cormier, O'Reilly and Fay",09/30/2024
575,Hyacinthie,Peel,hpeelfy@prnewswire.com,Female,2008,MINI,Cooper Clubman,Mansfield,Ohio,44905,US,40.7779,-82.4613,34901,Hills-Weissnat,05/28/2025
576,Sonny,Camacke,scamackefz@yelp.com,Female,2007,Kia,Sorento,Duluth,Georgia,30195,US,34.0047,-84.1532,31525,Upton-Conroy,03/11/2024
577,Fax,Finnie,ffinnieg0@about.com,Male,2012,Volvo,C70,Santa Monica,California,90410,US,33.7866,-118.2987,74476,Trantow LLC,12/24/2023
578,Ethel,Elias,eeliasg1@cpanel.net,Female,2000,Chevrolet,3500,Temple,Texas,76505,US,31.0363,-97.492,76837,Hartmann-Gutkowski,10/31/2023
579,Ikey,Barkshire,ibarkshireg2@cnet.com,Male,2002,Ford,ZX2,Saint Petersburg,Florida,33710,US,27.7898,-82.7243,95391,Rau-Blick,09/04/2022
580,Sosanna,Attenborrow,sattenborrowg3@howstuffworks.com,Female,2006,Subaru,Legacy,Gadsden,Alabama,35905,US,33.9352,-85.9576,49353,Dicki Inc,04/01/2024
581,Alexio,Essel,aesselg4@about.com,Male,2008,Mazda,CX-7,Birmingham,Alabama,35210,US,33.5452,-86.6655,66874,"Gutmann, Tillman and Hoppe",11/25/2023
582,Corenda,Pitkin,cpitking5@nasa.gov,Female,2001,Daewoo,Nubira,Columbus,Ohio,43204,US,39.9523,-83.078,74969,Huels LLC,06/24/2025
583,Daron,Gravie,dgravieg6@bigcartel.com,Female,2007,Nissan,Armada,Springfield,Illinois,62776,US,39.7495,-89.606,65495,"Bernier, Dickens and Huel",11/20/2024
584,Silvia,Thibodeaux,sthibodeauxg7@blogs.com,Female,1996,Ford,Probe,Yakima,Washington,98907,US,46.6288,-120.574,41482,Mosciski-Klein,01/24/2026
585,Harris,Loney,hloneyg8@psu.edu,Male,2000,Dodge,Ram 1500,Fort Wayne,Indiana,46825,US,41.1465,-85.1232,60571,Stiedemann Inc,11/26/2024
586,Harley,Ivanshintsev,hivanshintsevg9@w3.org,Female,1997,Holden,VS Commodore,Fullerton,California,92835,US,33.8994,-117.9063,74515,Kautzer Group,07/18/2024
587,Jasmin,Goldney,jgoldneyga@elegantthemes.com,Female,2007,Ford,Freestar,New York City,New York,10110,US,40.754,-73.9808,48876,"Dibbert, Balistreri and Lemke",01/18/2026
588,Irene,Corbert,icorbertgb@php.net,Female,1997,GMC,Suburban 1500,Silver Spring,Maryland,20910,US,38.9982,-77.0338,64771,Schuster-Grady,07/09/2024
589,Sacha,Lainton,slaintongc@trellian.com,Female,2000,GMC,Yukon Denali,Stamford,Connecticut,06905,US,41.0888,-73.5435,58355,Buckridge-Anderson,12/27/2022
590,Hedvig,Vakhrushev,hvakhrushevgd@joomla.org,Female,1997,Dodge,Dakota,San Jose,California,95150,US,37.3866,-121.897,46647,Gleason-D'Amore,01/03/2023
591,Quintana,Bowman,qbowmange@skyrock.com,Female,1996,GMC,Sonoma,Fort Lauderdale,Florida,33315,US,26.0989,-80.1541,68709,O'Hara-Gleason,03/31/2025
592,Ibby,Coombs,icoombsgf@slashdot.org,Female,2011,Mercedes-Benz,Sprinter,Miami,Florida,33142,US,25.813,-80.232,81460,Botsford-Witting,11/13/2022
593,Travus,Heap,theapgg@nyu.edu,Male,2006,Pontiac,G6,Toledo,Ohio,43605,US,41.6525,-83.5085,35905,Bogisich LLC,05/05/2025
594,Elia,Tinghill,etinghillgh@indiegogo.com,Male,2005,Mercedes-Benz,SL-Class,Washington,District of Columbia,20557,US,38.8874,-77.0047,79874,Brakus-Krajcik,01/17/2026
595,Aldwin,Attryde,aattrydegi@ehow.com,Male,2003,Buick,Park Avenue,Stockton,California,95298,US,37.9577,-121.2897,90409,Wuckert-Frami,09/23/2023
596,Janis,Edon,jedongj@plala.or.jp,Female,2003,Toyota,Echo,Baltimore,Maryland,21239,US,39.361,-76.5891,51366,Pfeffer LLC,04/03/2022
597,Bridie,Foyle,bfoylegk@blogs.com,Female,1996,Chevrolet,Beretta,Los Angeles,California,90010,US,34.0606,-118.3027,85368,"Becker, Lesch and Becker",11/19/2025
598,Idelle,Mazonowicz,imazonowiczgl@nba.com,Female,2006,Chevrolet,Suburban,New Orleans,Louisiana,70124,US,30.0071,-90.1094,40226,Fritsch Inc,10/19/2025
599,Neville,Josselsohn,njosselsohngm@fotki.com,Male,2008,Mercury,Mountaineer,Detroit,Michigan,48224,US,42.4098,-82.9441,67027,Feil-Schmeler,06/03/2024
600,Nollie,Thridgould,nthridgouldgn@statcounter.com,Male,1993,Mercedes-Benz,500SL,Jamaica,New York,11431,US,40.6869,-73.8501,88089,"Braun, Yost and Hessel",01/05/2026
601,Claudianus,D'Agostini,cdagostinigo@marketwatch.com,Male,2006,BMW,525,Jacksonville,Florida,32204,US,30.3189,-81.6854,38611,"Schmitt, Altenwerth and Barrows",02/24/2024
602,Gayla,Byfield,gbyfieldgp@smugmug.com,Non-binary,1997,Ford,Econoline E150,Tampa,Florida,33633,US,27.872,-82.4388,91132,Lockman-Gibson,05/18/2022
603,Davey,Rowlett,drowlettgq@addthis.com,Male,2008,Jeep,Liberty,New Orleans,Louisiana,70160,US,30.033,-89.8826,39168,"Stiedemann, Kozey and Schmeler",01/12/2024
604,Brian,Roffe,broffegr@arizona.edu,Male,2000,Chevrolet,Corvette,Colorado Springs,Colorado,80940,US,38.8247,-104.562,95751,Labadie-Wisoky,10/28/2024
605,Ariel,Schubbert,aschubbertgs@dot.gov,Male,1994,Lincoln,Continental,Aurora,Illinois,60505,US,41.7582,-88.2971,77107,Kris-Ritchie,07/20/2024
606,Flss,Gisbourn,fgisbourngt@wikimedia.org,Female,2009,Cadillac,DTS,Denver,Colorado,80235,US,39.6472,-105.0795,31302,"Bosco, Mraz and Gerhold",12/14/2025
607,Marge,Mickelwright,mmickelwrightgu@msu.edu,Female,2005,Kia,Rio,Santa Barbara,California,93111,US,34.4453,-119.8025,47501,"Schoen, Mann and Boehm",10/28/2025
608,Sela,Longo,slongogv@live.com,Female,2007,Ford,Mustang,Amarillo,Texas,79171,US,35.4015,-101.8951,72635,"Ryan, Marks and Lynch",07/02/2022
609,Fionna,Behnecke,fbehneckegw@cnn.com,Female,2010,Infiniti,EX,Houston,Texas,77075,US,29.6223,-95.26,55522,Thompson-Kuhn,01/24/2023
610,Cecelia,McCoveney,cmccoveneygx@tinyurl.com,Female,1996,Chevrolet,G-Series 1500,Suffolk,Virginia,23436,US,36.8926,-76.5142,84138,Feeney Group,04/27/2023
611,Cordy,Goering,cgoeringgy@twitpic.com,Male,2009,Smart,Fortwo,Boca Raton,Florida,33487,US,26.4116,-80.0928,47943,"Schuster, Boyle and Franecki",12/14/2025
612,Jervis,Rase,jrasegz@mysql.com,Male,2004,Volvo,S80,Tyler,Texas,75799,US,32.4112,-95.2899,62944,D'Amore LLC,08/08/2024
613,Simona,Marchant,smarchanth0@usa.gov,Female,1991,Pontiac,Firebird,Rochester,New York,14646,US,43.286,-77.6843,53978,Wiegand LLC,10/24/2023
614,Lucretia,Altofts,laltoftsh1@webnode.com,Female,2009,Bentley,Arnage,Sioux Falls,South Dakota,57105,US,43.524,-96.7341,99294,Harvey Group,07/21/2024
615,Barthel,Lightbody,blightbodyh2@instagram.com,Male,2012,Toyota,Prius Plug-in,Garden Grove,California,92844,US,33.7661,-117.9738,71271,"Strosin, Crist and Greenfelder",04/11/2024
616,Georgena,Rawsthorne,grawsthorneh3@networksolutions.com,Female,2006,Chevrolet,Silverado 2500,Asheville,North Carolina,28815,US,35.6203,-82.5286,84461,Gleichner LLC,08/28/2024
617,Klemens,Mortel,kmortelh4@businessweek.com,Male,2009,BMW,Z4 M,Tulsa,Oklahoma,74149,US,36.1398,-96.0297,86014,Sanford Inc,01/02/2024
618,Bastien,Diver,bdiverh5@ucoz.com,Male,1998,Toyota,Avalon,Henderson,Nevada,89012,US,36.0119,-115.0433,40008,Tromp-Sporer,07/28/2024
619,Salim,McLeod,smcleodh6@techcrunch.com,Male,2003,Oldsmobile,Aurora,Knoxville,Tennessee,37914,US,35.9918,-83.8496,34124,Koepp Group,07/14/2025
620,Paddie,Boat,pboath7@bloglines.com,Male,2012,Lincoln,Navigator L,Wilmington,Delaware,19897,US,39.5645,-75.597,78089,Bauch LLC,01/21/2023
621,Cynde,Mecco,cmeccoh8@guardian.co.uk,Female,2002,Mazda,B-Series,Jacksonville,Florida,32255,US,30.287,-81.3893,54872,Bartell Inc,11/15/2024
622,Rosalia,Bohden,rbohdenh9@gnu.org,Female,2005,Pontiac,Montana SV6,Visalia,California,93291,US,36.3551,-119.301,91596,"Farrell, Moore and Moen",01/09/2023
623,Blondie,Jery,bjeryha@myspace.com,Female,2006,Mazda,Mazda6 5-Door,Saint Louis,Missouri,63169,US,38.6531,-90.2435,69950,"Cruickshank, Kovacek and Botsford",06/08/2025
624,Zsazsa,Inder,zinderhb@posterous.com,Female,2006,Chevrolet,HHR Panel,Salt Lake City,Utah,84152,US,40.7286,-111.6627,33883,O'Connell Group,02/26/2023
625,Lynnell,Canham,lcanhamhc@home.pl,Female,2002,Ford,Econoline E150,Washington,District of Columbia,20088,US,38.8933,-77.0146,35520,"Kassulke, Hand and Emmerich",01/08/2026
626,Bren,Rollinshaw,brollinshawhd@desdev.cn,Male,2012,Ford,E150,Jacksonville,Florida,32236,US,30.3449,-81.6831,79461,"Bergstrom, Stehr and Tromp",07/21/2025
627,Christy,Twaits,ctwaitshe@buzzfeed.com,Male,1993,Chevrolet,Blazer,Springfield,Missouri,65898,US,37.1803,-93.2951,37068,Schmitt Group,11/15/2024
628,Leopold,Brignell,lbrignellhf@bigcartel.com,Male,2007,Jeep,Wrangler,Monticello,Minnesota,55565,US,45.2009,-93.8881,86688,"Flatley, Turcotte and Koch",05/01/2024
629,Giustina,Ecob,gecobhg@scientificamerican.com,Female,1993,Honda,Prelude,Cleveland,Ohio,44118,US,41.5008,-81.5516,99832,Aufderhar-Torphy,10/16/2022
630,Miranda,Rowledge,mrowledgehh@bravesites.com,Non-binary,2007,Mercury,Milan,Little Rock,Arkansas,72209,US,34.6725,-92.3529,60219,Lubowitz LLC,07/17/2023
631,Marena,Connikie,mconnikiehi@prlog.org,Female,2004,Subaru,Legacy,Lancaster,Pennsylvania,17605,US,40.0185,-76.2976,72883,Torphy-Stamm,10/16/2022
632,Irwinn,Enders,iendershj@sun.com,Male,1984,Maserati,Biturbo,Jacksonville,Florida,32220,US,30.329,-81.8176,76318,Wunsch Inc,05/13/2022
633,Ferguson,MacGillivray,fmacgillivrayhk@wix.com,Male,2009,Dodge,Nitro,Boston,Massachusetts,02163,US,42.3253,-71.1122,35528,Reichert-Wunsch,12/09/2022
634,Rem,De Bischof,rdebischofhl@microsoft.com,Male,1983,Pontiac,6000,Springfield,Illinois,62711,US,39.7655,-89.7293,30418,"Zieme, Cole and Streich",08/11/2022
635,Ware,Hovey,whoveyhm@comcast.net,Male,1995,Chevrolet,Lumina,Oklahoma City,Oklahoma,73179,US,35.4242,-97.6547,35044,Frami and Sons,10/09/2025
636,Cristian,Maren,cmarenhn@amazon.de,Male,1989,Mazda,Familia,Escondido,California,92030,US,33.0169,-116.846,52292,Jaskolski-Smith,12/14/2025
637,Theresina,Core,tcoreho@statcounter.com,Female,2003,Chrysler,Town & Country,Carol Stream,Illinois,60351,US,41.9166,-88.1208,69344,"Rippin, Rempel and Carroll",12/08/2025
638,Rossy,Ravens,rravenshp@deviantart.com,Male,1997,GMC,1500,Washington,District of Columbia,20210,US,38.8933,-77.0146,99633,Christiansen-Jerde,12/15/2022
639,Nicoli,Keyse,nkeysehq@adobe.com,Bigender,2005,MINI,Cooper,Brooklyn,New York,11236,US,40.6407,-73.9028,47728,Cruickshank Group,03/11/2023
640,Lenard,Lansley,llansleyhr@comsenz.com,Male,2009,Hyundai,Sonata,San Antonio,Texas,78285,US,29.4375,-98.4616,38456,O'Connell-Langworth,10/15/2022
641,Austin,Saturley,asaturleyhs@toplist.cz,Male,2002,Chevrolet,Suburban 2500,Waterbury,Connecticut,06726,US,41.3657,-72.9275,58520,Waters Group,03/10/2023
642,Dela,Sellman,dsellmanht@a8.net,Female,1993,Chevrolet,Caprice Classic,Kalamazoo,Michigan,49006,US,42.2922,-85.633,32407,Emmerich-Waelchi,08/04/2024
643,Grace,Spofford,gspoffordhu@vinaora.com,Male,2010,MINI,Clubman,Utica,New York,13505,US,43.0872,-75.2603,86149,"Schmidt, Shanahan and Veum",05/25/2025
644,Kathryne,Ives,kiveshv@msu.edu,Female,2008,Toyota,Camry Hybrid,Lynchburg,Virginia,24503,US,37.4376,-79.205,41548,Gorczany and Sons,12/13/2022
645,Amalea,Eric,aerichw@163.com,Female,1996,Mitsubishi,Chariot,Phoenix,Arizona,85040,US,33.4061,-112.0265,60843,Robel-Krajcik,07/03/2024
646,Katrina,Jervois,kjervoishx@biglobe.ne.jp,Agender,2006,Ford,E150,Gainesville,Florida,32610,US,29.6813,-82.3539,71618,"Hayes, Wisoky and Conn",09/20/2025
647,Courtney,Bodham,cbodhamhy@technorati.com,Female,2000,Mitsubishi,Diamante,Clearwater,Florida,34615,US,27.9843,-82.7813,63584,Champlin-Stracke,09/16/2024
648,Lorain,Goracci,lgoraccihz@qq.com,Polygender,2012,Honda,Accord,Provo,Utah,84605,US,40.177,-111.536,58064,"Mann, Rohan and Moore",06/24/2025
649,Valerye,Blew,vblewi0@ebay.com,Female,2004,Suzuki,Daewoo Magnus,Toledo,Ohio,43635,US,41.6868,-83.4394,74595,"Hartmann, Bogisich and Harvey",04/29/2022
650,Alexi,Theodoris,atheodorisi1@dagondesign.com,Female,1965,Chevrolet,Corvette,Washington,District of Columbia,20430,US,38.9164,-76.9948,32947,Zulauf-Kunze,07/13/2025
651,Barrie,Sulman,bsulmani2@soundcloud.com,Male,1988,Buick,Skyhawk,Louisville,Kentucky,40220,US,38.2149,-85.6245,95079,Schneider-Hayes,02/03/2024
652,Brett,Houldey,bhouldeyi3@businesswire.com,Male,2011,Porsche,911,Philadelphia,Pennsylvania,19178,US,40.0018,-75.1179,51406,Upton-Pouros,05/05/2023
653,Ferdinand,Banbrick,fbanbricki4@a8.net,Male,1996,Chevrolet,2500,Erie,Pennsylvania,16522,US,42.1827,-80.0649,92591,"Torphy, Green and Halvorson",05/19/2024
654,Alon,Pavey,apaveyi5@ted.com,Male,1987,Acura,Legend,West Palm Beach,Florida,33416,US,26.6654,-80.0929,91893,Nienow and Sons,07/08/2025
655,Karlan,Vischi,kvischii6@si.edu,Male,1996,Ford,Ranger,Dallas,Texas,75367,US,32.7673,-96.7776,64401,Leuschke Group,09/12/2022
656,Bay,Matveyev,bmatveyevi7@is.gd,Male,1994,Mercedes-Benz,C-Class,Houston,Texas,77206,US,29.834,-95.4342,55377,"Schuppe, Kutch and Rohan",12/15/2022
657,Quentin,Zaple,qzaplei8@printfriendly.com,Female,2009,Ferrari,430 Scuderia,Toledo,Ohio,43610,US,41.6767,-83.5573,75604,Sanford-Hansen,11/07/2023
658,Ethelbert,Killingback,ekillingbacki9@china.com.cn,Male,1998,Suzuki,Sidekick,Pittsburgh,Pennsylvania,15250,US,40.4344,-80.0248,56189,"Heller, Schmitt and Little",04/01/2023
659,Leonore,Thurbon,lthurbonia@blogger.com,Female,2006,BMW,6 Series,Waterbury,Connecticut,06721,US,41.3657,-72.9275,85726,"Mosciski, Cassin and Erdman",11/14/2025
660,Candida,Swancock,cswancockib@chicagotribune.com,Female,2011,Ford,F-Series Super Duty,Bethlehem,Pennsylvania,18018,US,40.6278,-75.3928,87604,Reichel-Vandervort,04/16/2022
661,Perren,Langdridge,plangdridgeic@vk.com,Male,2010,Dodge,Dakota,Louisville,Kentucky,40233,US,38.189,-85.6768,47690,Larkin-O'Connell,03/27/2023
662,Cobbie,Cluff,ccluffid@mapquest.com,Male,1995,BMW,7 Series,El Paso,Texas,88558,US,31.6948,-106.3,45707,"Champlin, Kautzer and Doyle",09/08/2024
663,Lida,Glenister,lglenisterie@godaddy.com,Female,2005,Ford,Freestar,Huntsville,Texas,77343,US,30.7813,-95.5953,50628,Kutch Inc,04/30/2022
664,Dulcia,Willshee,dwillsheeif@domainmarket.com,Non-binary,1995,Pontiac,Firebird,Fort Worth,Texas,76147,US,32.7714,-97.2915,92414,Blanda-Rutherford,01/28/2025
665,Rania,Loy,rloyig@columbia.edu,Female,2006,Dodge,Ram 2500,Philadelphia,Pennsylvania,19104,US,39.9597,-75.2024,31066,Krajcik and Sons,01/30/2024
666,Matteo,Szwarc,mszwarcih@psu.edu,Male,1988,Mazda,626,Tucson,Arizona,85720,US,31.9701,-111.8907,47891,"Champlin, Kassulke and Gorczany",05/19/2025
667,Christoper,Twidale,ctwidaleii@naver.com,Genderfluid,2008,Infiniti,QX,Lincoln,Nebraska,68531,US,40.9008,-96.7201,30803,"Lynch, Ryan and Kuhic",07/20/2025
668,Bonnee,O'Haire,bohaireij@irs.gov,Female,1992,Dodge,Shadow,Oklahoma City,Oklahoma,73197,US,35.5514,-97.4075,81118,Lubowitz Group,09/07/2023
669,Celestyn,Tolomio,ctolomioik@java.com,Female,2006,Mitsubishi,Lancer,Houston,Texas,77250,US,29.7629,-95.3629,71356,"Price, Tillman and Morar",01/24/2023
670,Kelcie,MacNeilley,kmacneilleyil@aboutads.info,Female,1985,Maserati,Quattroporte,Houston,Texas,77299,US,29.834,-95.4342,47087,Casper-Okuneva,12/21/2022
671,Bran,Keelan,bkeelanim@behance.net,Male,2008,Chevrolet,Corvette,Austin,Texas,78759,US,30.4036,-97.7526,30285,Hackett Group,09/27/2025
672,Samuel,Ginner,sginnerin@pen.io,Male,1997,Chevrolet,Camaro,Charleston,South Carolina,29403,US,32.7976,-79.9493,92733,Langworth LLC,02/08/2023
673,Mersey,Hanny,mhannyio@blogs.com,Female,2006,Toyota,RAV4,Fresno,California,93721,US,36.7377,-119.7843,34859,"Kreiger, Herzog and Macejkovic",05/21/2024
674,Sephira,Thompson,sthompsonip@example.com,Agender,2008,Hyundai,Tiburon,Bozeman,Montana,59771,US,45.7246,-111.1238,75693,Johnston and Sons,10/20/2023
675,Forrester,Denney,fdenneyiq@fastcompany.com,Male,1996,Chevrolet,Lumina,Saint Louis,Missouri,63121,US,38.7072,-90.3055,31657,Stehr and Sons,11/25/2023
676,Doe,Daspar,ddasparir@taobao.com,Female,2009,Toyota,Camry Hybrid,Saint Augustine,Florida,32092,US,29.9475,-81.5264,74393,"Bayer, Sipes and Schmeler",11/21/2024
677,Donall,Penwell,dpenwellis@europa.eu,Male,1998,Lexus,LX,Redwood City,California,94064,US,37.3811,-122.3348,63552,Von-Lebsack,02/17/2025
678,Gaelan,Bittlestone,gbittlestoneit@europa.eu,Male,1994,Pontiac,Sunbird,Jackson,Mississippi,39216,US,32.3386,-90.1708,66871,Bins Group,04/11/2025
679,Barret,Roughey,brougheyiu@mayoclinic.com,Male,2007,Ford,F-Series Super Duty,Portland,Oregon,97286,US,45.5806,-122.3748,51177,Rutherford and Sons,06/24/2025
680,Deborah,Partlett,dpartlettiv@bizjournals.com,Female,1996,Ford,F250,Las Vegas,Nevada,89130,US,36.2471,-115.221,87532,"Huels, Hermann and Jacobson",03/25/2023
681,Sonya,Matchett,smatchettiw@sogou.com,Female,2001,GMC,Yukon,Torrance,California,90505,US,33.8106,-118.3507,80210,Wintheiser and Sons,02/17/2023
682,Gene,Angier,gangierix@skype.com,Male,2005,Chevrolet,Express 1500,Stockton,California,95298,US,37.9577,-121.2897,80684,Schulist-O'Conner,07/19/2023
683,Abbe,Doveston,adovestoniy@list-manage.com,Female,1997,Pontiac,Bonneville,Seattle,Washington,98133,US,47.7377,-122.3431,46286,Reynolds-Tillman,12/27/2023
684,Clementia,Bertin,cbertiniz@amazon.com,Bigender,2007,Mazda,CX-7,Stockton,California,95298,US,37.9577,-121.2897,85957,Gislason-Mosciski,07/24/2024
685,Joachim,Artingstall,jartingstallj0@nhs.uk,Male,1995,GMC,2500,Peoria,Arizona,85383,US,33.7169,-112.238,77619,Fay-Botsford,10/07/2023
686,Constantino,Labro,clabroj1@addthis.com,Male,1989,Ford,Probe,Saint Louis,Missouri,63158,US,38.6531,-90.2435,56265,"Bins, Nader and Hartmann",10/21/2022
687,Arty,MacPhail,amacphailj2@walmart.com,Male,1993,Dodge,Shadow,Maple Plain,Minnesota,55579,US,45.0159,-93.4719,80221,"Johns, Lakin and Swaniawski",06/15/2025
688,Jarrod,Bittleson,jbittlesonj3@wix.com,Male,2005,Toyota,MR2,Dallas,Texas,75246,US,32.7948,-96.7697,89700,Heidenreich Group,07/04/2023
689,Kile,Twelvetree,ktwelvetreej4@ucsd.edu,Male,2008,Honda,Fit,Memphis,Tennessee,38181,US,35.2017,-89.9715,35061,Bechtelar-Kuhlman,01/02/2026
690,Chrysa,Renard,crenardj5@bluehost.com,Female,2002,Ford,Explorer Sport Trac,Kansas City,Missouri,64136,US,39.0187,-94.4008,37030,"Stanton, Cummings and Rippin",04/10/2023
691,Guenna,Paprotny,gpaprotnyj6@technorati.com,Female,2005,Ford,Focus,Providence,Rhode Island,02912,US,41.8267,-71.3977,76764,"McGlynn, Wolff and Wuckert",04/17/2024
692,Lelia,Daugherty,ldaughertyj7@china.com.cn,Female,1995,Geo,Tracker,Elmira,New York,14905,US,42.0869,-76.8397,53654,"Gibson, Feest and Pollich",02/03/2025
693,Kenn,Pettet,kpettetj8@creativecommons.org,Male,1994,Toyota,Celica,Mobile,Alabama,36689,US,30.6589,-88.178,80398,"Crooks, Ankunding and Lakin",09/05/2024
694,Washington,Borland,wborlandj9@forbes.com,Male,1995,Porsche,911,Asheville,North Carolina,28815,US,35.6203,-82.5286,40722,"Stark, Hackett and Heidenreich",04/26/2023
695,Luisa,Trendle,ltrendleja@homestead.com,Female,2005,Nissan,Pathfinder,Pensacola,Florida,32511,US,30.4061,-87.2917,90508,Gutmann LLC,04/04/2023
696,Henderson,Duchasteau,hduchasteaujb@answers.com,Non-binary,1998,Cadillac,Seville,San Antonio,Texas,78225,US,29.3875,-98.5245,30187,Wuckert-Paucek,05/18/2023
697,Hector,Gustus,hgustusjc@lulu.com,Male,1959,Chevrolet,Corvette,Orlando,Florida,32835,US,28.5289,-81.4787,67457,"Botsford, Schoen and Ziemann",08/26/2022
698,Dore,Dufore,dduforejd@answers.com,Male,2004,Oldsmobile,Silhouette,Salt Lake City,Utah,84120,US,40.695,-112.0001,41264,Swift-Kuhn,10/14/2024
699,Jess,Lenthall,jlenthallje@theguardian.com,Male,1997,Ford,Escort,Salt Lake City,Utah,84120,US,40.695,-112.0001,87082,Koelpin-Adams,09/17/2025
700,Meggy,Allix,mallixjf@hc360.com,Female,2005,Mitsubishi,Lancer,Boston,Massachusetts,02124,US,42.2868,-71.071,66334,Jenkins Inc,10/09/2024
701,Torre,Noirel,tnoireljg@bizjournals.com,Male,2006,Isuzu,i-Series,Alexandria,Virginia,22333,US,38.8158,-77.09,67294,"Borer, Rowe and Breitenberg",04/17/2022
702,Amalle,Sive,asivejh@about.me,Female,2004,Lexus,LS,Henderson,Nevada,89012,US,36.0119,-115.0433,70556,"Konopelski, Kiehn and Wisoky",07/05/2022
703,Hallsy,Gentle,hgentleji@bigcartel.com,Male,2011,GMC,Sierra,Tampa,Florida,33633,US,27.872,-82.4388,34171,Ernser-Stoltenberg,07/08/2023
704,Mikol,Levett,mlevettjj@51.la,Male,2009,GMC,Yukon XL 2500,Lansing,Michigan,48930,US,42.7325,-84.5587,44821,Jenkins-Cormier,03/19/2023
705,Elana,Sare,esarejk@squarespace.com,Female,1994,Toyota,Xtra,Brockton,Massachusetts,02405,US,41.9705,-70.7014,85321,"Wintheiser, Kohler and Reynolds",01/19/2026
706,Benedicto,Hand,bhandjl@nature.com,Male,2009,Mercedes-Benz,G-Class,Seattle,Washington,98109,US,47.6339,-122.3476,39972,"Ondricka, Wintheiser and Corwin",11/14/2024
707,Brenna,Normanell,bnormanelljm@jiathis.com,Female,2000,Dodge,Ram Van 1500,Troy,Michigan,48098,US,42.5991,-83.1789,77426,Armstrong and Sons,03/04/2024
708,Paten,Sivyer,psivyerjn@ezinearticles.com,Male,1993,Ford,Club Wagon,Wichita,Kansas,67215,US,37.6333,-97.425,55921,"Dicki, Tremblay and Wilkinson",01/05/2026
709,Umeko,Beardsall,ubeardsalljo@nytimes.com,Female,2008,Audi,Q7,Bismarck,North Dakota,58505,US,46.8165,-100.7805,44841,"Prohaska, Larson and Hammes",04/26/2024
710,Lin,Rubinowitsch,lrubinowitschjp@bbb.org,Female,1995,GMC,Yukon,Stockton,California,95219,US,38.01,-121.3698,49046,"Dare, Jerde and Langworth",06/14/2025
711,Mable,Vern,mvernjq@google.ca,Female,2008,Isuzu,i-290,Dulles,Virginia,20189,US,39.009,-77.4422,39590,Luettgen-Herzog,01/30/2023
712,Bear,Wadwell,bwadwelljr@bigcartel.com,Genderqueer,2001,Chevrolet,Astro,Stockton,California,95298,US,37.9577,-121.2897,61529,Harvey-Kozey,09/10/2024
713,Emmi,Lashmore,elashmorejs@gizmodo.com,Female,1991,Audi,200,Washington,District of Columbia,20525,US,38.8933,-77.0146,55783,Beatty-Goyette,07/03/2025
714,Dani,Hartington,dhartingtonjt@theatlantic.com,Male,1994,Nissan,240SX,Saint Louis,Missouri,63196,US,38.6531,-90.2435,96121,Weber LLC,08/27/2022
715,Judah,Humbell,jhumbellju@acquirethisname.com,Male,2006,Subaru,B9 Tribeca,Daytona Beach,Florida,32128,US,29.0838,-81.0336,55706,"Satterfield, Mertz and Quitzon",07/10/2023
716,Caressa,Quenell,cquenelljv@fotki.com,Female,1998,BMW,7 Series,Knoxville,Tennessee,37914,US,35.9918,-83.8496,34490,Crona LLC,03/23/2023
717,Elsbeth,Sciusscietto,esciussciettojw@ft.com,Female,2005,Ford,Explorer Sport Trac,Champaign,Illinois,61825,US,40.1399,-88.1961,75408,Mraz-Rosenbaum,09/07/2022
718,Nicolette,Kynson,nkynsonjx@wordpress.org,Female,1994,Mitsubishi,Expo,Albany,Georgia,31704,US,31.55,-84.0612,85050,Schowalter Inc,08/24/2024
719,Mario,Dyhouse,mdyhousejy@comsenz.com,Male,2006,Maybach,57,Washington,District of Columbia,20029,US,38.8933,-77.0146,52185,Huels-Schroeder,03/05/2025
720,Ansell,Beachem,abeachemjz@adobe.com,Male,2009,Morgan,Aero 8,New York City,New York,10160,US,40.7808,-73.9772,59797,Kautzer-Langworth,07/16/2025
721,Murry,Waterstone,mwaterstonek0@tumblr.com,Male,1986,Ford,Tempo,West Palm Beach,Florida,33421,US,26.6459,-80.4303,49947,Kihn LLC,06/11/2024
722,Devondra,Faley,dfaleyk1@tmall.com,Female,2004,Mitsubishi,Challenger,Saint Paul,Minnesota,55114,US,44.968,-93.1981,55967,"Tremblay, Turner and Reynolds",04/06/2023
723,Terese,Stucksbury,tstucksburyk2@bandcamp.com,Female,2005,Maserati,Spyder,Migrate,Kentucky,41905,US,38.0638,-84.5027,85979,Kozey-Cremin,08/08/2023
724,Griswold,Brychan,gbrychank3@sciencedirect.com,Male,2003,Mercedes-Benz,C-Class,Gilbert,Arizona,85297,US,33.2781,-111.7096,47576,"Goyette, Rippin and Sauer",06/12/2024
725,Rowena,Houten,rhoutenk4@qq.com,Female,1992,Dodge,Caravan,Palmdale,California,93591,US,34.6019,-117.8123,61170,Homenick-Mante,02/04/2024
726,Marshall,Chastey,mchasteyk5@google.com.au,Male,2003,Ford,Explorer Sport Trac,Salinas,California,93907,US,36.7563,-121.6703,31143,"Fisher, Brakus and Labadie",06/30/2024
727,Eleen,Dimmne,edimmnek6@hhs.gov,Female,1988,Honda,Accord,Amarillo,Texas,79159,US,35.216,-102.0714,88203,Dach Inc,12/20/2023
728,Burt,De Cleen,bdecleenk7@spiegel.de,Male,1993,Ford,Econoline E250,Palatine,Illinois,60078,US,41.8119,-87.6873,88437,Pacocha-Stehr,06/11/2023
729,Horatia,Grumble,hgrumblek8@phoca.cz,Female,1988,Ford,Festiva,Seattle,Washington,98127,US,47.6063,-122.3308,67092,Aufderhar Group,10/12/2023
730,Austen,Kamen,akamenk9@utexas.edu,Male,1993,Honda,del Sol,Memphis,Tennessee,38114,US,35.0981,-89.9825,54608,"O'Keefe, Schimmel and Kassulke",07/26/2025
731,Marion,Tilney,mtilneyka@nhs.uk,Male,1996,Kia,Sportage,Reading,Pennsylvania,19610,US,40.338,-75.978,36630,Brekke-Christiansen,06/04/2025
732,Helge,Leopold,hleopoldkb@google.co.uk,Female,1993,Ford,F150,Norfolk,Virginia,23514,US,36.9312,-76.2397,82524,Balistreri Group,10/06/2023
733,Darnall,Kenward,dkenwardkc@dot.gov,Male,2006,Ford,Ranger,Amarillo,Texas,79182,US,35.4015,-101.8951,51983,"Witting, Stroman and Reilly",12/12/2022
734,Faye,Kalkofer,fkalkoferkd@nifty.com,Female,1984,Buick,Century,Santa Ana,California,92705,US,33.754,-117.7919,40219,"Wolff, Wiegand and Stanton",11/06/2025
735,Ashlie,Heeps,aheepske@ft.com,Female,2007,Chevrolet,Silverado 2500,Boca Raton,Florida,33499,US,26.6459,-80.4303,95060,Gutkowski-Lebsack,05/17/2025
736,Kippie,Caffery,kcafferykf@live.com,Female,2006,Chrysler,Town & Country,Jackson,Mississippi,39296,US,32.3113,-90.3972,92705,"Schuster, O'Hara and Crist",10/23/2024
737,Phillipp,Meech,pmeechkg@photobucket.com,Male,2001,Mitsubishi,Eclipse,Buffalo,New York,14220,US,42.8441,-78.8182,82781,Fisher Group,05/31/2024
738,Merwyn,Poll,mpollkh@sciencedirect.com,Male,2009,Infiniti,M,Chicago,Illinois,60657,US,41.9399,-87.6528,39120,"Willms, Emard and Hessel",10/24/2025
739,Ty,Berkelay,tberkelayki@businessweek.com,Male,2002,Acura,MDX,Peoria,Arizona,85383,US,33.7169,-112.238,80812,Fadel-Schinner,02/04/2023
740,Georges,O'Halligan,gohalligankj@usgs.gov,Male,1992,BMW,3 Series,Lexington,Kentucky,40515,US,37.9651,-84.4708,95929,"Bernier, Rogahn and Langosh",01/11/2026
741,Breanne,Louder,blouderkk@unblog.fr,Female,1994,Honda,Civic,Oakland,California,94611,US,37.8471,-122.2223,49275,Kertzmann Inc,01/15/2026
742,Marty,Truwert,mtruwertkl@de.vu,Female,1989,Mazda,MPV,New Orleans,Louisiana,70116,US,29.9686,-90.0646,48089,Gleichner and Sons,03/14/2023
743,Regina,Guillart,rguillartkm@acquirethisname.com,Female,2006,Toyota,Highlander,Anaheim,California,92812,US,33.817,-117.9286,92415,"Hagenes, Harris and Abernathy",09/11/2022
744,Cody,Pulsford,cpulsfordkn@seattletimes.com,Female,1997,Infiniti,Q,Colorado Springs,Colorado,80905,US,38.8377,-104.837,66302,Corwin LLC,04/18/2024
745,Sunshine,Hanniger,shannigerko@jiathis.com,Female,1995,Lexus,SC,Houston,Texas,77240,US,29.834,-95.4342,81529,Rogahn-Leannon,04/26/2024
746,Chryste,Esplin,cesplinkp@indiatimes.com,Female,1987,Ford,Laser,Garden Grove,California,92645,US,33.783,-118.0256,99823,Torp and Sons,01/08/2024
747,Jedidiah,Dudson,jdudsonkq@hhs.gov,Genderqueer,1997,Ford,Econoline E350,Washington,District of Columbia,20036,US,38.9087,-77.0414,77786,"Murazik, Heaney and Ward",04/11/2023
748,Miran,Fermor,mfermorkr@kickstarter.com,Female,2010,Kia,Soul,Kansas City,Missouri,64144,US,39.2829,-94.409,71535,Bode and Sons,12/16/2022
749,Ailina,Whisson,awhissonks@yandex.ru,Female,2007,Suzuki,XL-7,Boston,Massachusetts,02283,US,42.3389,-70.9196,98430,Greenfelder-Jerde,09/29/2024
750,Cristobal,Bickers,cbickerskt@wix.com,Male,2001,Dodge,Viper,Memphis,Tennessee,38161,US,35.2017,-89.9715,81751,"Greenholt, Sipes and Koch",11/17/2022
751,Coreen,Randlesome,crandlesomeku@thetimes.co.uk,Female,2007,Nissan,Xterra,Corpus Christi,Texas,78405,US,27.7762,-97.4271,95535,Gutkowski Group,09/19/2023
752,Jareb,Mowat,jmowatkv@sitemeter.com,Male,2011,Chevrolet,Malibu,Bethesda,Maryland,20816,US,38.9585,-77.1153,74418,"Hills, Denesik and McKenzie",05/30/2022
753,Estevan,Lord,elordkw@etsy.com,Male,2009,Kia,Optima,Minneapolis,Minnesota,55402,US,44.9762,-93.2759,61185,Yundt LLC,06/30/2022
754,Jody,Guerrazzi,jguerrazzikx@clickbank.net,Female,1995,GMC,Suburban 2500,Milwaukee,Wisconsin,53225,US,43.1154,-88.0346,79502,Bernhard Group,04/24/2022
755,Margo,Prott,mprottky@sun.com,Female,1997,Toyota,Tacoma,Kansas City,Kansas,66105,US,39.085,-94.6356,81957,Paucek-Gutkowski,03/22/2022
756,Bronny,Thaller,bthallerkz@ning.com,Male,1999,Jaguar,XK Series,Denver,Colorado,80262,US,39.731,-104.9384,43792,Stamm-Goyette,12/13/2024
757,Julissa,Bellows,jbellowsl0@japanpost.jp,Female,2000,Infiniti,QX,Charleston,West Virginia,25321,US,38.2968,-81.5547,93291,Bayer-Kautzer,08/15/2024
758,Burk,Goodhall,bgoodhalll1@spotify.com,Male,1996,Porsche,911,Mobile,Alabama,36622,US,30.6589,-88.178,45567,Swift-Feeney,02/19/2023
759,Phillida,Fawdry,pfawdryl2@free.fr,Female,2003,Cadillac,Escalade EXT,Fort Myers,Florida,33906,US,26.5529,-81.9486,42180,Dare-Stark,07/01/2024
760,Berget,Westley,bwestleyl3@wikispaces.com,Female,1996,Buick,Park Avenue,Phoenix,Arizona,85030,US,33.2765,-112.1872,71952,Hessel-Nader,03/16/2023
761,Ortensia,Merredy,omerredyl4@instagram.com,Female,1998,Chevrolet,S10,Indianapolis,Indiana,46207,US,39.7673,-86.1606,61607,Wilderman Inc,05/05/2025
762,Arvie,MacKenzie,amackenziel5@latimes.com,Male,1992,Volvo,240,Spartanburg,South Carolina,29305,US,35.1114,-82.1055,59351,Armstrong LLC,11/05/2025
763,Gill,Hayman,ghaymanl6@wikispaces.com,Male,2010,Lexus,SC,Houston,Texas,77250,US,29.7629,-95.3629,65597,"Swift, Krajcik and White",08/17/2023
764,Yulma,MacCaffrey,ymaccaffreyl7@nhs.uk,Male,1995,Oldsmobile,Aurora,Wilmington,North Carolina,28410,US,34.0881,-77.8526,97759,Davis-Gleichner,05/07/2023
765,Chrystal,De Banke,cdebankel8@imdb.com,Female,2008,Ford,GT500,Springfield,Missouri,65805,US,37.2581,-93.3437,90945,Bernhard-Williamson,02/19/2023
766,Marylin,Rosenstengel,mrosenstengell9@va.gov,Female,1999,GMC,Suburban 2500,Kansas City,Missouri,64144,US,39.2829,-94.409,52289,"Gutkowski, Mante and Mertz",09/02/2023
767,Valli,Pappi,vpappila@csmonitor.com,Female,1996,Buick,Hearse,Davenport,Iowa,52809,US,41.613,-90.6063,81106,Crist-Macejkovic,02/16/2025
768,Arne,McMonnies,amcmonnieslb@people.com.cn,Male,2005,Ford,Explorer,Midland,Texas,79705,US,32.0295,-102.0915,88867,"Kertzmann, Cremin and Klein",02/09/2024
769,Jocelyne,Biggar,jbiggarlc@woothemes.com,Female,2003,Dodge,Ram 2500,Montgomery,Alabama,36125,US,32.2334,-86.2085,65320,"Swaniawski, Kshlerin and Dibbert",10/11/2024
770,Jeniece,Wildes,jwildesld@wufoo.com,Female,2008,Suzuki,XL-7,Dallas,Texas,75231,US,32.8756,-96.7495,42657,Glover Inc,03/03/2024
771,Mariel,Anstis,manstisle@usa.gov,Female,2003,Jaguar,XK Series,Raleigh,North Carolina,27690,US,35.7977,-78.6253,75627,Halvorson-Hammes,06/18/2025
772,Nico,Phillps,nphillpslf@spotify.com,Male,2007,Infiniti,QX,Charleston,West Virginia,25321,US,38.2968,-81.5547,51403,"Schultz, Adams and MacGyver",09/09/2025
773,Julianna,Hindhaugh,jhindhaughlg@paginegialle.it,Female,1986,Pontiac,Grand Prix,Atlanta,Georgia,31136,US,33.7473,-84.3824,43995,Emmerich LLC,12/29/2023
774,Reta,Leadstone,rleadstonelh@irs.gov,Bigender,1996,Mitsubishi,Expo LRV,Saint Cloud,Minnesota,56398,US,45.5289,-94.5933,80843,Gleason-Bergnaum,12/02/2022
775,Murray,Woollaston,mwoollastonli@imageshack.us,Male,1991,Lotus,Elan,Jefferson City,Missouri,65110,US,38.5309,-92.2493,59925,Spinka-Pacocha,05/27/2023
776,Chad,Emmett,cemmettlj@cam.ac.uk,Female,1994,Chevrolet,S10 Blazer,Kingsport,Tennessee,37665,US,36.5799,-82.5733,57794,Wiza Group,11/25/2022
777,Merv,Jurgen,mjurgenlk@de.vu,Male,2012,Hyundai,Tucson,Los Angeles,California,90065,US,34.1073,-118.2266,77703,Hackett and Sons,03/27/2022
778,Nobe,Deex,ndeexll@w3.org,Male,1986,Ford,Escort,New Haven,Connecticut,06538,US,41.3657,-72.9275,76679,"Kuvalis, Dooley and Walker",03/01/2024
779,Ralph,Yeliashev,ryeliashevlm@hhs.gov,Male,2001,Mercedes-Benz,M-Class,Los Angeles,California,90045,US,33.9631,-118.3941,30041,"Wolff, Stark and Schaefer",04/20/2022
780,Leon,Rother,lrotherln@soup.io,Male,2002,Cadillac,DeVille,San Diego,California,92110,US,32.7635,-117.2028,65586,Klocko-Kuphal,01/05/2025
781,Caryl,Pyser,cpyserlo@fastcompany.com,Male,2007,Volkswagen,Touareg,Whittier,California,90605,US,33.9413,-118.0356,59739,Hoeger Inc,01/15/2023
782,Sherie,Cope,scopelp@soundcloud.com,Female,1988,Ford,Bronco,Tampa,Florida,33673,US,27.872,-82.4388,88084,Schiller Group,11/11/2025
783,Dag,Foker,dfokerlq@economist.com,Bigender,2004,Ford,Freestar,Jamaica,New York,11447,US,40.6914,-73.8061,54266,"Ernser, Kassulke and Schaden",02/13/2023
784,Kerby,McCard,kmccardlr@cyberchimps.com,Male,1996,Mercedes-Benz,SL-Class,Memphis,Tennessee,38188,US,35.2017,-89.9715,88359,Hilpert-Labadie,09/18/2025
785,Vera,Barbery,vbarberyls@apple.com,Female,2000,Volvo,S70,Portland,Oregon,97286,US,45.5806,-122.3748,85017,"Brown, Bernier and Carroll",02/11/2025
786,Humphrey,Humes,hhumeslt@exblog.jp,Male,2010,Toyota,Avalon,San Diego,California,92165,US,33.0169,-116.846,63021,Kutch-Rau,06/05/2022
787,Jodie,Butt Gow,jbuttgowlu@home.pl,Non-binary,2011,Chevrolet,Tahoe,Wilmington,Delaware,19897,US,39.5645,-75.597,61385,White-Johnston,08/16/2025
788,Minetta,Grigoroni,mgrigoronilv@biglobe.ne.jp,Female,1995,Saab,9000,Roanoke,Virginia,24004,US,37.2742,-79.9579,53870,"Abernathy, Blanda and Connelly",04/18/2025
789,Barclay,Larvin,blarvinlw@jiathis.com,Male,2004,Chevrolet,Tahoe,Louisville,Kentucky,40287,US,38.189,-85.6768,63608,"Jast, Kshlerin and Thompson",03/21/2022
790,Madalyn,Grevel,mgrevellx@lulu.com,Female,2003,Chevrolet,Suburban 1500,Dallas,Texas,75216,US,32.7086,-96.7955,91765,"Steuber, Runolfsson and Schuppe",02/22/2024
791,Vinita,Benardet,vbenardetly@posterous.com,Female,2004,Pontiac,GTO,Saint Petersburg,Florida,33715,US,27.6705,-82.7119,47945,Reichel and Sons,10/28/2024
792,Crysta,Woosnam,cwoosnamlz@cafepress.com,Female,1991,Ford,F-Series,North Hollywood,California,91606,US,34.1872,-118.3865,52180,"Kautzer, Renner and Morar",08/18/2023
793,Filberto,Sanchiz,fsanchizm0@irs.gov,Male,2008,Honda,Accord,El Paso,Texas,88563,US,31.6948,-106.3,49726,Erdman LLC,08/24/2024
794,Annora,Clotworthy,aclotworthym1@businessinsider.com,Female,1994,Mercury,Capri,Boston,Massachusetts,02104,US,42.3389,-70.9196,96458,"Kulas, Wiza and Anderson",08/30/2025
795,Nikolas,Shorrock,nshorrockm2@wikia.com,Male,2009,Suzuki,Equator,Corpus Christi,Texas,78426,US,27.777,-97.4632,79157,"Bogisich, Hauck and Lehner",12/13/2022
796,Ray,Camacho,rcamachom3@bloglovin.com,Male,2006,Maserati,Quattroporte,Carol Stream,Illinois,60351,US,41.9166,-88.1208,87205,Jakubowski-Schumm,07/15/2025
797,Sheilakathryn,Terbrugge,sterbruggem4@ted.com,Female,2012,GMC,Sierra,Oklahoma City,Oklahoma,73109,US,35.4259,-97.5261,78686,Bechtelar-Tillman,07/31/2025
798,Lewes,Phillimore,lphillimorem5@nba.com,Bigender,2002,Mercedes-Benz,C-Class,Wichita,Kansas,67260,US,37.7194,-97.2936,42778,Little and Sons,01/10/2024
799,Eran,McIlenna,emcilennam6@unc.edu,Genderfluid,2007,Chevrolet,Express,Albany,New York,12255,US,42.6149,-73.9708,50601,"Wyman, Romaguera and Dibbert",04/10/2022
800,Brenden,McLenaghan,bmclenaghanm7@si.edu,Male,2003,Volkswagen,Golf,Hialeah,Florida,33013,US,25.8594,-80.2725,60907,Witting-Batz,08/07/2022
801,Franklyn,Hardbattle,fhardbattlem8@merriam-webster.com,Male,1996,Ford,Bronco,Homestead,Florida,33034,US,25.2846,-80.6246,65885,McCullough Group,07/02/2022
802,Isabelle,Bragginton,ibraggintonm9@purevolume.com,Female,2002,Dodge,Dakota,Myrtle Beach,South Carolina,29579,US,33.7377,-78.9787,41805,Lehner and Sons,05/11/2022
803,Linnet,Shallcross,lshallcrossma@state.gov,Genderfluid,2009,Mercury,Milan,Jefferson City,Missouri,65105,US,38.5309,-92.2493,42946,"Mann, Parisian and Monahan",01/18/2024
804,Essie,Jacklin,ejacklinmb@bloglovin.com,Female,2012,Mercedes-Benz,GLK-Class,Salinas,California,93907,US,36.7563,-121.6703,87742,"Mayert, Kihn and Lakin",01/10/2024
805,Querida,Thurby,qthurbymc@smh.com.au,Female,2011,Nissan,Leaf,Saint Louis,Missouri,63131,US,38.6171,-90.4504,41559,"Nitzsche, Schuppe and Boyle",11/18/2025
806,Lin,Cranney,lcranneymd@bandcamp.com,Male,1995,Lexus,SC,Pompano Beach,Florida,33075,US,26.1457,-80.4483,89726,"Kuvalis, Casper and Barrows",09/30/2025
807,Jeannette,Kinsella,jkinsellame@army.mil,Female,2006,Ford,F350,Sacramento,California,94237,US,38.3774,-121.4444,45957,"Bogisich, Reynolds and Fay",04/23/2024
808,Janot,Joyce,jjoycemf@bloglovin.com,Female,1984,Pontiac,6000,Saint Louis,Missouri,63116,US,38.5814,-90.2625,62046,"Feil, Larson and O'Kon",01/17/2024
809,Anastasia,Turton,aturtonmg@hhs.gov,Female,1998,Chevrolet,Tracker,Tulsa,Oklahoma,74108,US,36.1499,-95.7923,51841,Mosciski and Sons,03/22/2024
810,Celeste,Scanderet,cscanderetmh@ucoz.ru,Female,1986,Ford,Thunderbird,Tucson,Arizona,85743,US,32.3366,-111.1771,86269,McKenzie Group,02/04/2023
811,Tam,Abramov,tabramovmi@berkeley.edu,Male,2007,Chevrolet,TrailBlazer,Saint Louis,Missouri,63143,US,38.6111,-90.3225,30066,"Padberg, Rath and Stark",02/10/2025
812,Marlee,Ipwell,mipwellmj@cnbc.com,Female,2000,Lexus,LS,Bellevue,Washington,98008,US,47.6115,-122.1162,46282,Bergstrom-Fay,02/22/2022
813,Querida,McKelvey,qmckelveymk@dagondesign.com,Female,1988,Mitsubishi,Mirage,San Francisco,California,94105,US,37.7864,-122.3892,30562,"Huel, Koss and Frami",03/14/2023
814,Shelby,Parram,sparramml@squarespace.com,Female,1994,Nissan,Sentra,Austin,Texas,78744,US,30.1876,-97.7472,73798,Wyman and Sons,03/15/2025
815,Ole,Helversen,ohelversenmm@bing.com,Male,2011,Mercedes-Benz,C-Class,Denver,Colorado,80262,US,39.731,-104.9384,86615,Jacobi Inc,11/24/2022
816,Maxine,Tharme,mtharmemn@icio.us,Female,2006,Kia,Sorento,Albuquerque,New Mexico,87115,US,35.0549,-106.5461,93531,Fisher Group,08/20/2023
817,Nert,Collocott,ncollocottmo@huffingtonpost.com,Female,1996,Geo,Prizm,San Francisco,California,94116,US,37.7441,-122.4863,79817,Botsford Group,01/22/2024
818,Lombard,Trinder,ltrindermp@ehow.com,Bigender,2010,Honda,Pilot,New York City,New York,10125,US,40.7808,-73.9772,43706,Pouros-Willms,09/17/2025
819,Mellie,Daile,mdailemq@yahoo.co.jp,Female,2007,Toyota,Highlander,Tulsa,Oklahoma,74156,US,36.3024,-95.9605,43924,Block-Huels,09/15/2025
820,Deina,Knights,dknightsmr@wikia.com,Polygender,2012,Volkswagen,Passat,Pittsburgh,Pennsylvania,15274,US,40.4344,-80.0248,73672,Lind-Oberbrunner,06/30/2024
821,Lorilee,McFadin,lmcfadinms@apache.org,Female,2012,Hyundai,Genesis,New Castle,Pennsylvania,16107,US,40.9897,-80.3084,60185,Abernathy and Sons,07/16/2025
822,Torrin,Colbert,tcolbertmt@cloudflare.com,Male,2012,Buick,Regal,Saint Paul,Minnesota,55127,US,45.0803,-93.0875,51403,Bahringer-Runolfsson,05/18/2022
823,Lissy,Sarton,lsartonmu@cyberchimps.com,Female,2002,Dodge,Ram Van 1500,Cleveland,Ohio,44191,US,41.6857,-81.6728,82240,Kozey-Lang,07/26/2025
824,Frank,Barczewski,fbarczewskimv@cpanel.net,Female,2005,Maybach,62,Atlanta,Georgia,31119,US,33.8913,-84.0746,71390,Sanford Inc,10/31/2023
825,Gina,Littledyke,glittledykemw@sphinn.com,Female,2012,Cadillac,Escalade,Dallas,Texas,75310,US,32.7673,-96.7776,63481,Schneider-Robel,05/31/2022
826,Emmye,Addionizio,eaddioniziomx@marketwatch.com,Genderqueer,1999,Mazda,MX-5,Washington,District of Columbia,20580,US,38.8933,-77.0146,54337,Harber-Paucek,02/15/2022
827,Maye,Lavrick,mlavrickmy@purevolume.com,Non-binary,2010,Jaguar,XJ,Brooksville,Florida,34605,US,28.5059,-82.4226,78733,"Ritchie, Sipes and Crona",10/27/2022
828,Marv,Franses,mfransesmz@weibo.com,Male,1999,Isuzu,Hombre Space,Hollywood,Florida,33023,US,25.9894,-80.2153,78507,Toy LLC,09/04/2022
829,Chrysler,Fettis,cfettisn0@ocn.ne.jp,Female,1993,Pontiac,LeMans,Sterling,Virginia,20167,US,39.0853,-77.6452,79127,"Runolfsdottir, Skiles and Schmeler",08/22/2025
830,Tanner,Samworth,tsamworthn1@slate.com,Male,2000,Cadillac,DeVille,Littleton,Colorado,80126,US,39.5437,-104.9691,65595,Kautzer and Sons,04/08/2024
831,Tisha,Sergant,tsergantn2@hhs.gov,Genderqueer,1996,Ford,E-Series,Kansas City,Missouri,64130,US,39.0351,-94.5467,32649,"Fritsch, Reynolds and Fahey",04/09/2023
832,Valeda,Trattles,vtrattlesn3@surveymonkey.com,Female,1990,Lotus,Elan,Tacoma,Washington,98424,US,47.2325,-122.3594,90441,"Koss, Mann and Ebert",11/05/2024
833,Simmonds,Thunnerclef,sthunnerclefn4@vkontakte.ru,Male,1997,Oldsmobile,Cutlass Supreme,Peoria,Illinois,61635,US,40.7442,-89.7184,86113,"Klocko, Mueller and Bahringer",09/09/2023
834,Almeria,Ralfe,aralfen5@google.com.au,Female,2005,Ford,Crown Victoria,Washington,District of Columbia,20551,US,38.892,-77.0452,46276,Schmidt Group,02/02/2022
835,Eirena,Brunroth,ebrunrothn6@thetimes.co.uk,Female,2001,Chevrolet,Silverado 3500,Oklahoma City,Oklahoma,73142,US,35.599,-97.6251,84355,Vandervort-Champlin,06/16/2025
836,Aurthur,McTurk,amcturkn7@youtu.be,Male,2009,Kia,Sedona,Washington,District of Columbia,20503,US,38.9007,-77.0431,30977,Stanton-Rogahn,11/21/2023
837,Lavinie,Chatters,lchattersn8@example.com,Female,2007,Land Rover,Range Rover Sport,Rochester,New York,14652,US,43.286,-77.6843,57946,Roob LLC,06/30/2024
838,Arch,Martinson,amartinsonn9@samsung.com,Male,2005,Lamborghini,Murciélago,Syracuse,New York,13205,US,43.0123,-76.1452,90967,Miller-Hilll,10/18/2025
839,Lara,Gammons,lgammonsna@t-online.de,Female,2008,Nissan,Pathfinder,Pittsburgh,Pennsylvania,15235,US,40.4598,-79.8224,71974,VonRueden-Jaskolski,03/03/2023
840,Dannel,Guitton,dguittonnb@xing.com,Male,1996,Lincoln,Town Car,Newark,Delaware,19725,US,39.5645,-75.597,79452,Mohr-Zboncak,02/23/2022
841,Dena,Aaronson,daaronsonnc@blogspot.com,Female,1991,Lincoln,Town Car,Madison,Wisconsin,53710,US,43.0696,-89.4239,56185,Abernathy Inc,12/04/2022
842,Dorella,Sarll,dsarllnd@photobucket.com,Female,2010,Bentley,Continental Flying Spur,Houston,Texas,77266,US,29.834,-95.4342,70570,Bayer Inc,10/06/2022
843,Kira,Szachniewicz,kszachniewiczne@va.gov,Female,1996,Mercury,Grand Marquis,Lansing,Michigan,48956,US,42.7325,-84.5587,54758,Collins Group,03/28/2023
844,Wendel,Viney,wvineynf@cyberchimps.com,Male,2012,Chevrolet,Sonic,Omaha,Nebraska,68110,US,41.2933,-95.9361,80380,"Yost, Schowalter and Dicki",03/24/2024
845,Creigh,Rawson,crawsonng@altervista.org,Male,2010,BMW,Z4,Grand Forks,North Dakota,58207,US,47.9335,-97.3944,77082,Swift-Turner,02/09/2025
846,Ursula,Sach,usachnh@so-net.ne.jp,Female,1985,Lincoln,Continental,Jackson,Mississippi,39282,US,32.3113,-90.3972,77176,Konopelski-Berge,12/11/2023
847,Solly,Inglesent,singlesentni@yolasite.com,Male,2003,Infiniti,QX,Dallas,Texas,75358,US,32.7942,-96.7652,72514,"Walker, Satterfield and Hickle",06/27/2022
848,Had,Willshee,hwillsheenj@blog.com,Male,2001,Infiniti,I,Buffalo,New York,14263,US,42.7684,-78.8871,76516,Boyle LLC,12/27/2024
849,Prudi,Stamper,pstampernk@wordpress.com,Female,2003,Mazda,Mazda6,Migrate,Kentucky,41905,US,38.0638,-84.5027,34798,Sawayn Group,08/18/2022
850,Ursa,Fallowes,ufallowesnl@google.com,Female,2005,BMW,760,Erie,Pennsylvania,16522,US,42.1827,-80.0649,90110,"Mayert, Koch and McGlynn",01/04/2024
851,Marianna,Bierling,mbierlingnm@51.la,Female,2005,Audi,A6,Denver,Colorado,80279,US,39.7388,-104.4083,93985,Hermiston LLC,08/10/2025
852,Morty,Bredes,mbredesnn@myspace.com,Male,1996,Saturn,S-Series,Topeka,Kansas,66667,US,39.0429,-95.7697,89207,"Sporer, Watsica and Rowe",11/05/2024
853,Osmond,Hambly,ohamblyno@github.com,Male,1994,Audi,V8,Baltimore,Maryland,21229,US,39.2856,-76.6899,52612,Wunsch LLC,01/26/2026
854,Bentlee,Van Der Walt,bvanderwaltnp@globo.com,Male,1994,Ford,Econoline E250,Tampa,Florida,33694,US,27.872,-82.4388,87498,"West, Osinski and Jerde",12/05/2023
855,Roy,Hansman,rhansmannq@google.cn,Male,2003,Ford,E350,Alexandria,Louisiana,71307,US,31.2034,-92.5269,36395,"Nikolaus, Simonis and Kertzmann",03/25/2023
856,Chrysler,Rikkard,crikkardnr@cdbaby.com,Female,2006,Porsche,911,Nashville,Tennessee,37220,US,36.0641,-86.7697,77359,Vandervort-Buckridge,07/21/2023
857,Terrel,MacAlinden,tmacalindenns@vkontakte.ru,Male,1994,Dodge,Ram Van B350,Nashville,Tennessee,37250,US,36.1866,-86.7852,55859,Morissette-Parker,11/10/2025
858,Joseph,Benns,jbennsnt@php.net,Male,2006,Toyota,Prius,Irvine,California,92717,US,33.6462,-117.8398,82050,McClure LLC,08/05/2024
859,Shanta,Elletson,selletsonnu@arizona.edu,Female,1995,Pontiac,Firebird,Oxnard,California,93034,US,34.0324,-119.1343,65507,Fahey-Weber,12/15/2024
860,Clarke,Cairney,ccairneynv@xing.com,Male,2003,Ford,E-Series,Saint Cloud,Minnesota,56398,US,45.5289,-94.5933,96476,Hintz Inc,02/28/2024
861,Jarib,Zecchinii,jzecchiniinw@chronoengine.com,Male,2007,Toyota,Land Cruiser,Akron,Ohio,44315,US,41.028,-81.4632,76308,Brown Inc,04/06/2024
862,Cornelle,Rowbottom,crowbottomnx@mtv.com,Female,2002,Ford,Ranger,Louisville,Kentucky,40225,US,38.189,-85.6768,91504,Harber-Armstrong,10/25/2022
863,Athena,Cheale,achealeny@seesaa.net,Female,2007,Nissan,Versa,Bellevue,Washington,98008,US,47.6115,-122.1162,96416,Cormier LLC,09/10/2022
864,Cheston,Dragoe,cdragoenz@quantcast.com,Male,1995,Mazda,B-Series Plus,Charleston,West Virginia,25305,US,38.3358,-81.6123,33784,"Stehr, Emmerich and Dickens",08/08/2022
865,Doreen,Kyne,dkyneo0@jigsy.com,Agender,2006,Chevrolet,Silverado 1500,Pasadena,California,91109,US,33.7866,-118.2987,38624,Dickens and Sons,06/04/2025
866,Harley,Biddleston,hbiddlestono1@theglobeandmail.com,Male,1993,Hyundai,Sonata,Fayetteville,North Carolina,28314,US,35.0583,-79.008,51798,"Murphy, Swift and Haley",02/15/2024
867,Marjorie,Asplin,masplino2@walmart.com,Female,2009,Mazda,Mazda5,Washington,District of Columbia,20414,US,38.884,-77.0221,34153,Glover and Sons,02/09/2023
868,Neron,Gianni,ngiannio3@chron.com,Male,2009,Mazda,MX-5,Birmingham,Alabama,35225,US,33.5446,-86.9292,62596,"Bins, Stracke and Rogahn",02/08/2024
869,Andros,Opdenorth,aopdenortho4@gmpg.org,Male,1965,Pontiac,Grand Prix,White Plains,New York,10606,US,41.0247,-73.7781,74758,Durgan LLC,08/10/2022
870,Prescott,Merrydew,pmerrydewo5@twitter.com,Male,2000,Ford,Explorer Sport Trac,Grand Forks,North Dakota,58207,US,47.9335,-97.3944,78566,Kessler LLC,10/06/2023
871,Ailee,Petofi,apetofio6@flickr.com,Genderqueer,2009,Volvo,XC70,Sacramento,California,94237,US,38.3774,-121.4444,71671,Rowe Group,07/05/2022
872,Grenville,Askie,gaskieo7@nps.gov,Agender,1997,Dodge,Ram Van 3500,Saint Petersburg,Florida,33705,US,27.7391,-82.6435,32407,"Witting, Hessel and Dibbert",07/19/2023
873,Udell,Penwarden,upenwardeno8@devhub.com,Male,1993,Plymouth,Voyager,Houston,Texas,77035,US,29.6518,-95.4854,89019,Hodkiewicz-Wilkinson,05/21/2025
874,Averill,Kneafsey,akneafseyo9@shop-pro.jp,Male,1986,Ford,Aerostar,El Paso,Texas,88574,US,31.6948,-106.3,92262,Bode LLC,03/15/2023
875,Jory,Duncklee,jdunckleeoa@parallels.com,Male,2011,Chevrolet,Aveo,Scranton,Pennsylvania,18505,US,41.3914,-75.6657,30829,Cummerata Inc,10/18/2023
876,Elaine,McAllister,emcallisterob@ftc.gov,Female,2008,Chevrolet,TrailBlazer,Austin,Texas,78759,US,30.4036,-97.7526,85939,Anderson Group,08/21/2024
877,Merrilee,O'Sheeryne,mosheeryneoc@theguardian.com,Female,1992,Mazda,Navajo,West Palm Beach,Florida,33405,US,26.67,-80.0582,99714,Abshire LLC,01/05/2024
878,Angeline,Grassin,agrassinod@senate.gov,Female,1991,Buick,Regal,Temple,Texas,76505,US,31.0363,-97.492,46795,"Pfannerstill, Moen and Botsford",02/10/2024
879,Janenna,Lebond,jlebondoe@msn.com,Genderfluid,1997,Lincoln,Town Car,Brockton,Massachusetts,02305,US,41.9705,-70.7014,69484,Hauck-Cole,05/06/2023
880,Germaine,Losano,glosanoof@weibo.com,Female,2008,Hyundai,Tiburon,Austin,Texas,78749,US,30.2166,-97.8508,41645,"Goldner, Kessler and Graham",12/04/2022
881,Charyl,Boldison,cboldisonog@fda.gov,Female,1984,Mercedes-Benz,S-Class,New Orleans,Louisiana,70154,US,30.033,-89.8826,31584,Nicolas-McClure,11/17/2022
882,Balduin,Elkins,belkinsoh@freewebs.com,Non-binary,2007,Honda,Fit,Muskegon,Michigan,49444,US,43.1791,-86.1989,60672,Nolan-Gottlieb,05/06/2024
883,Tito,Coronado,tcoronadooi@europa.eu,Male,2007,Ford,Five Hundred,Jacksonville,Florida,32225,US,30.351,-81.5061,49168,"Spinka, Rippin and Kuvalis",02/16/2024
884,Mela,Bonnell,mbonnelloj@spiegel.de,Female,1999,Toyota,Corolla,Erie,Pennsylvania,16510,US,42.1087,-79.9535,40678,"Mayert, Feest and Murray",12/11/2024
885,Valle,Pavitt,vpavittok@sciencedaily.com,Male,2008,Lamborghini,Murciélago LP640,Warren,Ohio,44485,US,41.2405,-80.8441,31063,Pagac-Friesen,08/19/2023
886,Judye,Frangione,jfrangioneol@bing.com,Female,1996,Eagle,Talon,Wilmington,Delaware,19892,US,39.5645,-75.597,90722,Jenkins-Gleason,09/17/2025
887,Annadiane,Seatter,aseatterom@networkadvertising.org,Female,2005,Chevrolet,Avalanche 2500,Palatine,Illinois,60078,US,41.8119,-87.6873,83291,Nikolaus LLC,11/28/2025
888,Dominik,Bagnell,dbagnellon@epa.gov,Male,2008,Volvo,V50,Paterson,New Jersey,07505,US,40.9166,-74.174,36048,Cronin LLC,08/08/2023
889,Merwyn,Starbeck,mstarbeckoo@irs.gov,Male,2003,Dodge,Grand Caravan,Roanoke,Virginia,24034,US,37.2742,-79.9579,44985,"Hermiston, Paucek and Johns",07/15/2025
890,Andie,McIlheran,amcilheranop@infoseek.co.jp,Genderqueer,2008,Chevrolet,Suburban 2500,Reston,Virginia,20195,US,38.8318,-77.2888,86145,Corkery and Sons,02/13/2023
891,Dorothy,Franzel,dfranzeloq@mail.ru,Female,2011,Land Rover,LR2,Portland,Oregon,97271,US,45.5806,-122.3748,39686,"Bailey, Mitchell and Nader",02/15/2023
892,Ninnetta,Stears,nstearsor@mozilla.org,Female,1996,Mitsubishi,Montero,Yonkers,New York,10705,US,40.9177,-73.895,40485,Gutkowski Inc,10/03/2023
893,Arty,Gillbanks,agillbanksos@netlog.com,Male,2007,Lexus,ES,Birmingham,Alabama,35242,US,33.3813,-86.7046,35659,Raynor-Reichert,05/08/2024
894,Cinda,Morgans,cmorgansot@canalblog.com,Female,1999,Dodge,Ram 3500,Lake Worth,Florida,33462,US,26.5747,-80.0794,99968,Graham-Volkman,11/13/2024
895,Dottie,Bolsover,dbolsoverou@scribd.com,Female,2012,Lincoln,MKT,Birmingham,Alabama,35244,US,33.3538,-86.8254,97846,"Pouros, Metz and Runte",08/13/2022
896,Gaultiero,Hebner,ghebnerov@ftc.gov,Male,2008,Chevrolet,Uplander,Boston,Massachusetts,02208,US,42.3389,-70.9196,43407,Kautzer Inc,08/24/2022
897,Beaufort,Jeacocke,bjeacockeow@home.pl,Agender,1997,Dodge,Ram Van 1500,Cedar Rapids,Iowa,52410,US,42.0794,-91.5992,78991,"Hessel, Boyle and Berge",07/09/2024
898,Rickie,Gingedale,rgingedaleox@ftc.gov,Female,2011,Mercedes-Benz,SL-Class,El Paso,Texas,88579,US,31.6948,-106.3,69228,Yundt-Spinka,11/22/2024
899,Leona,Ambroisin,lambroisinoy@mapy.cz,Genderqueer,2010,Volkswagen,Rabbit,Duluth,Georgia,30195,US,34.0047,-84.1532,64006,"Borer, Vandervort and Kulas",02/05/2025
900,Roland,Behrend,rbehrendoz@simplemachines.org,Male,1997,Mitsubishi,Montero Sport,Shreveport,Louisiana,71161,US,32.6076,-93.7526,85037,Volkman LLC,06/20/2024
901,Arlana,Munsey,amunseyp0@prlog.org,Female,1998,Dodge,Dakota,Reston,Virginia,22096,US,38.8318,-77.2888,55709,"Douglas, Cronin and Weber",10/26/2022
902,Vernor,Snowman,vsnowmanp1@de.vu,Male,1993,GMC,Sonoma,Springfield,Missouri,65810,US,37.1136,-93.2896,59939,Raynor Group,01/07/2026
903,Loydie,Maylin,lmaylinp2@yellowbook.com,Male,2004,Chevrolet,Venture,Alhambra,California,91841,US,33.7866,-118.2987,50591,"Greenfelder, Dickinson and Murazik",11/12/2024
904,Alena,Halkyard,ahalkyardp3@tripod.com,Female,2003,Lexus,ES,Atlanta,Georgia,31190,US,33.7629,-84.4226,74838,Lynch-Conroy,05/14/2022
905,Beverly,Rubinovitch,brubinovitchp4@guardian.co.uk,Female,2006,Mercedes-Benz,SLK-Class,Naples,Florida,33963,US,26.2626,-81.8071,52159,Huel-Gottlieb,04/26/2024
906,Melonie,Pithcock,mpithcockp5@about.me,Female,2012,Audi,A4,Vancouver,Washington,98687,US,45.8016,-122.5203,48969,"Wisoky, Turcotte and Wunsch",03/25/2022
907,Cad,Conkay,cconkayp6@slideshare.net,Male,1993,Geo,Metro,Dayton,Ohio,45426,US,39.7982,-84.3211,74509,Douglas and Sons,11/19/2024
908,Artair,Waiton,awaitonp7@blinklist.com,Male,2006,Chrysler,300,Charlotte,North Carolina,28247,US,35.0656,-80.8511,35467,Frami-Wunsch,08/05/2022
909,Bryn,Wheelband,bwheelbandp8@chronoengine.com,Female,1992,Chevrolet,Sportvan G20,Vancouver,Washington,98682,US,45.6644,-122.5212,46290,Barton-Wuckert,06/02/2025
910,Brigit,Ingraham,bingrahamp9@scientificamerican.com,Female,2011,Hyundai,Equus,Escondido,California,92030,US,33.0169,-116.846,34493,Boyle and Sons,06/05/2025
911,Howie,Khosa,hkhosapa@google.ru,Male,1998,Buick,Park Avenue,Washington,District of Columbia,20036,US,38.9087,-77.0414,93343,Ratke LLC,10/11/2023
912,Fay,Hedditeh,fhedditehpb@mapquest.com,Female,1991,Volkswagen,GTI,Mount Vernon,New York,10557,US,41.119,-73.733,68267,Wyman LLC,06/24/2022
913,Drud,Silverstone,dsilverstonepc@etsy.com,Male,1993,Ford,Thunderbird,San Antonio,Texas,78245,US,29.4189,-98.6895,51482,Weissnat-Marvin,10/22/2024
914,Nerty,Lackner,nlacknerpd@bloglines.com,Female,1997,Mitsubishi,Challenger,Washington,District of Columbia,20425,US,38.8933,-77.0146,60770,"Ratke, Gorczany and Osinski",10/19/2022
915,Katha,Rosier,krosierpe@uiuc.edu,Female,1990,Mercury,Grand Marquis,Buffalo,New York,14205,US,42.7684,-78.8871,61390,Koch Group,06/04/2022
916,Jacklin,McVity,jmcvitypf@smugmug.com,Female,1993,Oldsmobile,Cutlass Supreme,Waco,Texas,76711,US,31.5175,-97.1547,83086,Torp-Leannon,05/13/2024
917,Thorstein,Dufour,tdufourpg@yellowbook.com,Male,2003,Hummer,H2,Sacramento,California,95852,US,38.6026,-121.4475,50805,Conroy Group,02/23/2023
918,Alanah,Byre,abyreph@youtube.com,Female,2003,Ford,F250,Atlanta,Georgia,30356,US,33.8913,-84.0746,80268,Littel-Weber,12/02/2022
919,Delly,Wiffler,dwifflerpi@tamu.edu,Female,1997,Toyota,4Runner,Pasadena,Texas,77505,US,29.6518,-95.1464,35414,Littel-Jenkins,12/02/2025
920,Donn,Maneylaws,dmaneylawspj@tumblr.com,Male,2001,Ford,Th!nk,Trenton,New Jersey,08638,US,40.251,-74.7627,93301,Goyette LLC,01/29/2023
921,Elijah,Woodbridge,ewoodbridgepk@cbslocal.com,Male,1992,Dodge,Ram Wagon B150,Pompano Beach,Florida,33069,US,26.2288,-80.1635,36839,Tillman Inc,12/14/2022
922,Otha,Phalp,ophalppl@gmpg.org,Female,1982,Pontiac,Grand Prix,Lubbock,Texas,79491,US,33.61,-101.8213,94116,"Volkman, Roberts and Mayer",01/14/2023
923,Sidnee,Marzelli,smarzellipm@google.com.hk,Male,2009,Maserati,Quattroporte,Waco,Texas,76711,US,31.5175,-97.1547,61916,"Hettinger, Upton and Hegmann",06/03/2023
924,Garth,Quinell,gquinellpn@alibaba.com,Male,2007,Infiniti,G35,Lake Worth,Florida,33462,US,26.5747,-80.0794,96308,Anderson-Sanford,07/03/2025
925,Abbe,Northway,anorthwaypo@ehow.com,Genderfluid,1999,Chrysler,Concorde,Fort Worth,Texas,76110,US,32.7065,-97.3375,89161,"Moore, Armstrong and Larkin",02/27/2023
926,Brade,Lamberteschi,blamberteschipp@macromedia.com,Male,2012,Ford,F450,Beaufort,South Carolina,29905,US,32.3401,-80.689,88859,Sawayn-Willms,03/30/2023
927,Laureen,Wyld,lwyldpq@huffingtonpost.com,Female,1992,Isuzu,Trooper,New York City,New York,10115,US,40.8111,-73.9642,41552,Rodriguez-Strosin,11/21/2024
928,Conn,McDell,cmcdellpr@imdb.com,Male,2009,Volkswagen,Eos,Corpus Christi,Texas,78415,US,27.7262,-97.4078,89205,Ziemann Group,04/12/2025
929,Neely,Seivertsen,nseivertsenps@theglobeandmail.com,Female,2009,Pontiac,Solstice,New York City,New York,10150,US,40.7808,-73.9772,44576,Cronin-Breitenberg,06/30/2025
930,Dennie,Fildes,dfildespt@msu.edu,Male,2007,Toyota,4Runner,Springfield,Virginia,22156,US,38.8318,-77.2888,69312,"Conn, Funk and Renner",06/18/2025
931,Wayne,Duffin,wduffinpu@wordpress.com,Male,2004,Toyota,Avalon,Burbank,California,91520,US,34.1869,-118.348,98175,"Prosacco, Pagac and Blick",07/19/2022
932,Bev,Conradie,bconradiepv@omniture.com,Female,2011,Audi,A4,Des Moines,Iowa,50936,US,41.6727,-93.5722,96394,Adams-Klein,09/18/2024
933,Kinsley,Jeays,kjeayspw@photobucket.com,Male,1995,Dodge,Grand Caravan,Daytona Beach,Florida,32128,US,29.0838,-81.0336,94278,Runolfsson Group,02/25/2025
934,Merrili,Madge,mmadgepx@so-net.ne.jp,Female,1995,Nissan,300ZX,Lubbock,Texas,79452,US,33.61,-101.8213,78882,Mann Inc,10/08/2022
935,Willi,Lingwood,wlingwoodpy@seesaa.net,Male,2004,Chrysler,300M,Cincinnati,Ohio,45238,US,39.1092,-84.6108,50716,Goldner-Stamm,10/21/2022
936,Mickey,Flowith,mflowithpz@netvibes.com,Male,1988,Lincoln,Continental Mark VII,Boynton Beach,Florida,33436,US,26.5354,-80.1124,50883,Lehner-Wiza,06/08/2025
937,Francesco,Flaunders,fflaundersq0@tumblr.com,Male,2006,Kia,Spectra,Oakland,California,94660,US,37.6802,-121.9215,40183,Hartmann Group,11/13/2025
938,Ingram,Brahm,ibrahmq1@mtv.com,Male,2003,Suzuki,Vitara,Peoria,Illinois,61629,US,40.692,-89.5887,51571,Beer-Gottlieb,04/02/2024
939,Dwain,Dowglass,ddowglassq2@bing.com,Male,1995,Dodge,Neon,Springfield,Illinois,62776,US,39.7495,-89.606,38007,"Lind, Huels and Cormier",07/23/2025
940,Wallache,Cheverell,wcheverellq3@opera.com,Male,2012,Honda,Civic,Virginia Beach,Virginia,23454,US,36.8282,-76.0237,82196,"Bartoletti, Bayer and Kunze",05/17/2022
941,Roberto,Cardenas,rcardenasq4@google.com.hk,Male,1992,Mitsubishi,RVR,Oklahoma City,Oklahoma,73124,US,35.5514,-97.4075,94036,"Dibbert, Quigley and Walter",04/20/2024
942,Alex,Attride,aattrideq5@ucsd.edu,Female,2010,Infiniti,QX,New York City,New York,10034,US,40.8662,-73.9221,54534,"Lockman, Senger and Grimes",06/08/2022
943,Fritz,Meiklam,fmeiklamq6@storify.com,Male,1993,Acura,Legend,Saint Paul,Minnesota,55103,US,44.9608,-93.1216,78927,Torphy-Hand,02/04/2025
944,Karisa,Swigg,kswiggq7@uiuc.edu,Female,2011,Ford,F-Series,Washington,District of Columbia,20580,US,38.8933,-77.0146,50024,Monahan Group,01/14/2024
945,Clementia,Yantsurev,cyantsurevq8@jalbum.net,Female,1995,Saturn,S-Series,Oklahoma City,Oklahoma,73197,US,35.5514,-97.4075,31522,Jakubowski and Sons,06/04/2024
946,Gilbertine,Camfield,gcamfieldq9@nps.gov,Female,1996,GMC,Jimmy,Washington,District of Columbia,20599,US,38.8933,-77.0146,63448,"Bayer, McLaughlin and O'Connell",11/19/2025
947,Flemming,Danilov,fdanilovqa@amazon.com,Male,2006,Honda,Ridgeline,Fresno,California,93778,US,36.7464,-119.6397,81400,Bogisich-Heaney,11/22/2023
948,Hertha,Skoof,hskoofqb@t-online.de,Female,1999,Nissan,Frontier,Salt Lake City,Utah,84145,US,40.6681,-111.9083,88268,"Goldner, Okuneva and Becker",01/17/2026
949,Carola,Marshman,cmarshmanqc@drupal.org,Female,2008,Volkswagen,Touareg 2,Baltimore,Maryland,21290,US,39.2933,-76.6238,33283,"Kshlerin, Klein and Vandervort",04/20/2025
950,Bernard,Enochsson,benochssonqd@dedecms.com,Male,2011,GMC,Sierra,El Paso,Texas,79945,US,31.6948,-106.3,61604,Nader-Purdy,08/29/2025
951,Shaw,Andrejevic,sandrejevicqe@google.de,Male,1996,Dodge,Neon,Washington,District of Columbia,20029,US,38.8933,-77.0146,80229,"Rutherford, Schoen and Becker",08/07/2023
952,Herve,Chstney,hchstneyqf@free.fr,Male,1994,Chrysler,New Yorker,Odessa,Texas,79764,US,31.8767,-102.4375,84025,"Nienow, Wyman and Pfeffer",08/18/2024
953,Innis,Reader,ireaderqg@lycos.com,Male,2011,Nissan,Versa,Hampton,Virginia,23668,US,37.0206,-76.3377,34618,Glover Group,08/17/2025
954,Katuscha,Ducarne,kducarneqh@tmall.com,Female,2006,Honda,Insight,Sioux City,Iowa,51110,US,42.4011,-96.372,84394,Mueller-Klein,02/11/2022
955,Averill,McGinley,amcginleyqi@fotki.com,Male,1993,Mercedes-Benz,300E,Littleton,Colorado,80126,US,39.5437,-104.9691,47366,Beer Group,05/09/2023
956,Talbot,Martinson,tmartinsonqj@cdc.gov,Male,2002,Kia,Sedona,Tacoma,Washington,98442,US,47.3081,-122.4185,53602,"Bernier, Friesen and Mohr",10/03/2025
957,Norbie,Filippi,nfilippiqk@tripod.com,Male,1995,GMC,Vandura G3500,Hollywood,Florida,33023,US,25.9894,-80.2153,58764,"Glover, Koss and Stark",03/27/2022
958,Vonni,Roomes,vroomesql@huffingtonpost.com,Female,1990,Mercury,Cougar,Macon,Georgia,31205,US,32.8067,-83.6913,48323,Lehner-Hermann,09/16/2023
959,Eustace,Twidale,etwidaleqm@angelfire.com,Male,2007,Dodge,Grand Caravan,El Paso,Texas,88589,US,31.6948,-106.3,67892,Jaskolski-Anderson,07/02/2024
960,Louise,Feldon,lfeldonqn@desdev.cn,Female,1994,Suzuki,Sidekick,Waco,Texas,76705,US,31.6403,-97.0963,45782,Jenkins and Sons,02/16/2025
961,Steward,Wattins,swattinsqo@netscape.com,Male,2000,Mitsubishi,Challenger,Dulles,Virginia,20189,US,39.009,-77.4422,39526,"Jacobi, Corwin and Littel",03/30/2024
962,Brice,Addis,baddisqp@storify.com,Male,2006,Chevrolet,Silverado 2500,Buffalo,New York,14215,US,42.9335,-78.8115,88496,"Upton, Mueller and Reinger",03/03/2022
963,Mischa,Bearfoot,mbearfootqq@google.com.br,Male,1995,Honda,Civic,Charlotte,North Carolina,28263,US,35.2268,-80.8432,96902,"Hirthe, Kuhn and Ritchie",04/06/2023
964,Rorke,Forson,rforsonqr@time.com,Male,1997,Mercury,Cougar,Birmingham,Alabama,35231,US,33.5446,-86.9292,75224,Gerlach-Langworth,04/23/2024
965,Libbie,Eastope,leastopeqs@oaic.gov.au,Female,2010,Lincoln,Navigator,Amarillo,Texas,79116,US,35.2454,-101.999,43430,Zboncak Inc,11/10/2022
966,Dante,Thicking,dthickingqt@omniture.com,Male,2003,Mercedes-Benz,S-Class,Tampa,Florida,33661,US,27.872,-82.4388,44772,"Mertz, Larson and Lynch",01/05/2026
967,Mattie,Ivchenko,mivchenkoqu@washingtonpost.com,Male,2000,Ford,F150,Arvada,Colorado,80005,US,39.8422,-105.1097,79154,"Hackett, Koch and Schaden",05/27/2022
968,Muriel,Poskitt,mposkittqv@apple.com,Female,2002,Suzuki,Esteem,Trenton,New Jersey,08650,US,40.2805,-74.712,62954,Beier Inc,02/28/2022
969,Carly,Langthorn,clangthornqw@cisco.com,Male,1998,Dodge,Viper,Indianapolis,Indiana,46207,US,39.7673,-86.1606,89906,Lemke Inc,07/13/2022
970,Marice,Downage,mdownageqx@statcounter.com,Female,2003,Suzuki,Vitara,North Port,Florida,34290,US,27.0459,-82.2491,51939,"Wolff, Wiegand and Jacobi",04/28/2023
971,Webster,De Normanville,wdenormanvilleqy@comsenz.com,Agender,1995,Honda,Accord,North Port,Florida,34290,US,27.0459,-82.2491,73468,"Stehr, Willms and Rohan",09/11/2025
972,Vale,Marklund,vmarklundqz@mlb.com,Female,1991,Buick,Reatta,Los Angeles,California,90087,US,33.7866,-118.2987,76375,Heller Inc,01/24/2024
973,Ina,Waghorn,iwaghornr0@va.gov,Female,1990,Porsche,928,Phoenix,Arizona,85062,US,33.2765,-112.1872,52960,Kihn Inc,07/01/2024
974,Rudy,Greyes,rgreyesr1@live.com,Male,2002,Mazda,B-Series Plus,Durham,North Carolina,27710,US,36.0512,-78.8577,41162,"Fahey, Moen and Kertzmann",04/07/2023
975,Sara-ann,Manlow,smanlowr2@businessinsider.com,Female,1983,Honda,Accord,Atlanta,Georgia,30316,US,33.7217,-84.3339,40697,"Kuvalis, Breitenberg and Ratke",01/17/2024
976,Sidonia,DeSousa,sdesousar3@drupal.org,Female,1995,Chevrolet,Beretta,Akron,Ohio,44315,US,41.028,-81.4632,54398,Ward Group,07/19/2022
977,Dari,Quarles,dquarlesr4@ucoz.ru,Female,2005,Chevrolet,Tahoe,Mobile,Alabama,36622,US,30.6589,-88.178,65567,O'Hara-Dickinson,06/02/2024
978,Jillie,Wytchard,jwytchardr5@psu.edu,Female,1992,Lotus,Elan,Delray Beach,Florida,33448,US,26.6459,-80.4303,40521,"Gleichner, Herman and Armstrong",11/05/2022
979,Titos,Cornner,tcornnerr6@paginegialle.it,Male,1984,Pontiac,6000,Fresno,California,93794,US,36.7464,-119.6397,68982,"Zieme, Roberts and Herzog",12/23/2022
980,Arney,Houldey,ahouldeyr7@nymag.com,Male,1993,Mercedes-Benz,C-Class,El Paso,Texas,79905,US,31.7674,-106.4304,56655,Schmeler Inc,06/12/2023
981,Hubie,Gabbotts,hgabbottsr8@loc.gov,Male,2002,BMW,745,Gulfport,Mississippi,39505,US,30.4158,-89.0684,60039,Halvorson-Kuhn,08/12/2022
982,Ollie,Durn,odurnr9@msn.com,Male,2006,Lexus,RX Hybrid,Pittsburgh,Pennsylvania,15240,US,40.4344,-80.0248,99266,Zboncak and Sons,12/23/2024
983,Fair,Joslyn,fjoslynra@cornell.edu,Male,1995,Audi,A6,Roanoke,Virginia,24009,US,37.2742,-79.9579,62309,Collier LLC,10/04/2023
984,Boote,Chrismas,bchrismasrb@imgur.com,Male,2000,Chevrolet,Express 3500,Des Moines,Iowa,50335,US,41.6727,-93.5722,46987,"Swift, Abernathy and Rodriguez",12/31/2025
985,Vanny,Coton,vcotonrc@mapy.cz,Female,2006,Aston Martin,Vanquish S,Tulsa,Oklahoma,74170,US,36.1398,-96.0297,64377,"Boyer, Harber and Schamberger",07/11/2025
986,Abra,Margrem,amargremrd@squarespace.com,Female,1997,Hyundai,Accent,Dallas,Texas,75342,US,32.7673,-96.7776,46956,Bernhard-Prohaska,03/22/2024
987,Leona,Gauvin,lgauvinre@51.la,Female,2009,Ford,F250,Albany,New York,12262,US,42.6149,-73.9708,54292,Wunsch Group,09/25/2025
988,Auroora,Thornham,athornhamrf@weibo.com,Female,2002,Mercedes-Benz,S-Class,San Antonio,Texas,78285,US,29.4375,-98.4616,45558,Hilll-Langworth,09/28/2022
989,Dannel,MacCollom,dmaccollomrg@instagram.com,Male,2010,Dodge,Ram,New Haven,Connecticut,06538,US,41.3657,-72.9275,96129,Wiza-Koepp,10/27/2022
990,Poul,Giraudot,pgiraudotrh@zdnet.com,Male,2003,Acura,RSX,Helena,Montana,59623,US,46.5901,-112.0402,41327,Trantow-Steuber,10/29/2025
991,Leisha,Watchorn,lwatchornri@skyrock.com,Female,2006,Chevrolet,SSR,Chicago,Illinois,60609,US,41.8097,-87.6533,67775,Dibbert-Veum,05/29/2025
992,Raphaela,Musgrave,rmusgraverj@wired.com,Female,2001,Volvo,C70,Boulder,Colorado,80328,US,40.0878,-105.3735,80432,Simonis-Schneider,07/05/2022
993,Marion,Stockford,mstockfordrk@sbwire.com,Female,2006,Ford,GT,Fort Worth,Texas,76192,US,32.7714,-97.2915,39330,Kulas-Murray,01/23/2026
994,Brad,Yukhnev,byukhnevrl@cnn.com,Male,2006,Chevrolet,Malibu,Springfield,Virginia,22156,US,38.8318,-77.2888,76111,Strosin-Hamill,08/08/2025
995,Georgette,Scothron,gscothronrm@google.cn,Female,2002,Toyota,Highlander,Dallas,Texas,75265,US,32.7673,-96.7776,91157,Harvey LLC,09/10/2025
996,Elnore,Toler,etolerrn@webmd.com,Female,2011,Mazda,RX-8,Cincinnati,Ohio,45999,US,39.1668,-84.5382,82147,Bosco-Feeney,06/13/2023
997,Wynny,Wheowall,wwheowallro@patch.com,Female,1962,Chevrolet,Corvette,Saint Joseph,Missouri,64504,US,39.7076,-94.8677,68720,"Jakubowski, Windler and Harris",07/29/2022
998,Marge,Canete,mcaneterp@tripadvisor.com,Female,2001,Ford,Escort,Washington,District of Columbia,20503,US,38.9007,-77.0431,71515,"Grant, Bergstrom and Hayes",11/21/2023
999,Don,Beneze,dbenezerq@blogspot.com,Male,1999,Suzuki,Grand Vitara,Milwaukee,Wisconsin,53263,US,43.0746,-88.0604,51663,Nolan Inc,05/20/2025
1000,Bobina,Joe,bjoerr@bloglovin.com,Female,2010,Mitsubishi,Endeavor,New Orleans,Louisiana,70154,US,30.033,-89.8826,97498,Zulauf-Reynolds,07/30/2025
