id,firstName,lastName,email,gender,carYear,automobileMake,automobileModel,customerRegion,customerState,customerPostal,customerCountry_ISO2,customerRegionLatitude,ownerRegionLongitude,automobilePrice,customer,purchaseDate
1,Gerladina,Edds,gedds0@lulu.com,Female,1986,Mitsubishi,Precis,Shreveport,Louisiana,71115,US,32.3401,-93.6092,70365,"Toy, Rohan and Waters",04/03/2022
2,Jennee,Ferraron,jferraron1@mozilla.com,Female,2000,Toyota,Solara,Bronx,New York,10474,US,40.8139,-73.8841,42794,Gulgowski-Heller,04/15/2022
3,Arden,Crannage,acrannage2@newyorker.com,Female,1984,Mercedes-Benz,S-Class,Salt Lake City,Utah,84130,US,40.6681,-111.9083,51716,Kutch Group,09/04/2022
4,Sunny,Ibell,sibell3@cargocollective.com,Male,2012,GMC,Savana,Cedar Rapids,Iowa,52405,US,41.9804,-91.7098,90044,Luettgen Group,11/03/2024
5,Lemar,Ramelet,lramelet4@huffingtonpost.com,Male,2010,Ford,E350,Minneapolis,Minnesota,55448,US,45.1907,-93.3021,45560,Hilpert Group,06/16/2023
6,Rodolfo,Marham,rmarham5@purevolume.com,Male,2009,Chevrolet,TrailBlazer,Santa Ana,California,92725,US,33.7465,-117.8662,78898,"Barrows, Treutel and Nader",07/30/2024
7,Katee,Brooksbie,kbrooksbie6@joomla.org,Female,2004,BMW,525,Tacoma,Washington,98405,US,47.2484,-122.4644,81280,"Hoeger, Kuhlman and Spencer",12/11/2023
8,Verge,McGilleghole,vmcgilleghole7@webeden.co.uk,Male,1987,Ford,Laser,Hollywood,Florida,33023,US,25.9894,-80.2153,70644,Harvey and Sons,01/07/2023
9,Millie,Guiett,mguiett8@etsy.com,Female,2009,Kia,Spectra,El Paso,Texas,88541,US,31.6948,-106.3,85447,"Kuphal, Balistreri and Miller",09/08/2022
10,Steffen,Calleja,scalleja9@toplist.cz,Male,1996,Mercedes-Benz,C-Class,Tucson,Arizona,85705,US,32.2691,-110.9845,58669,"Daugherty, Kiehn and Mueller",05/28/2025
11,Bibbie,Saban,bsabana@shinystat.com,Female,1998,Dodge,Ram 2500 Club,Rochester,New York,14652,US,43.286,-77.6843,79524,Larson-Hilll,10/05/2023
12,Dorelle,Westcarr,dwestcarrb@a8.net,Female,1988,Ford,Aerostar,Athens,Georgia,30610,US,33.9443,-83.3891,34684,Green LLC,01/19/2025
13,Alf,Clemetts,aclemettsc@sciencedirect.com,Bigender,1989,Mazda,B2600,Las Vegas,Nevada,89110,US,36.173,-115.0669,80991,Hills-Wehner,07/26/2023
14,Berke,Gravy,bgravyd@eepurl.com,Male,2007,Ford,GT500,Pasadena,California,91109,US,33.7866,-118.2987,66893,"Romaguera, Stoltenberg and Parker",07/18/2025
15,Germaine,MacArd,gmacarde@cbsnews.com,Male,1968,Pontiac,Bonneville,Roanoke,Virginia,24040,US,37.2742,-79.9579,71231,Mann Group,07/02/2022
16,Eldon,Ragot,eragotf@amazon.co.jp,Male,2010,Maserati,Quattroporte,Rochester,New York,14683,US,43.286,-77.6843,44405,"Herman, Flatley and Kerluke",07/06/2024
17,Thurstan,Keese,tkeeseg@techcrunch.com,Polygender,1992,Lexus,SC,Charleston,West Virginia,25331,US,38.2968,-81.5547,99776,Friesen-Mante,02/09/2025
18,Alexei,Van der Baaren,avanderbaarenh@xing.com,Male,1993,Buick,Roadmaster,Honolulu,Hawaii,96820,US,21.351,-157.8795,33377,"Aufderhar, Leannon and Schmidt",07/14/2023
19,Neville,Van den Broek,nvandenbroeki@pen.io,Male,2001,Saturn,L-Series,Salt Lake City,Utah,84170,US,40.6681,-111.9083,41733,Deckow-Lueilwitz,05/29/2023
20,Aguie,Benford,abenfordj@time.com,Male,1992,Ford,Aerostar,New Orleans,Louisiana,70183,US,29.6779,-90.0901,77702,"Kub, Walsh and Lind",07/16/2022
21,Lanna,Gribben,lgribbenk@deviantart.com,Female,2005,Volvo,S40,San Diego,California,92191,US,33.0169,-116.846,94143,"Zboncak, Schinner and Russel",01/26/2023
22,Gerrard,Brecknall,gbrecknalll@jimdo.com,Male,2001,Acura,CL,Saint Louis,Missouri,63131,US,38.6171,-90.4504,83921,Willms-Turcotte,04/25/2024
23,Nerty,Isoldi,nisoldim@bandcamp.com,Female,2008,Dodge,Dakota,Austin,Texas,78732,US,30.3752,-97.9007,61762,Bins and Sons,07/17/2023
24,Goober,Castlake,gcastlaken@mac.com,Male,2012,Suzuki,Equator,Phoenix,Arizona,85067,US,33.2765,-112.1872,35828,Hand LLC,01/23/2024
25,Pansie,Roback,probacko@ebay.co.uk,Female,2003,Cadillac,Seville,Las Vegas,Nevada,89135,US,36.1378,-115.3261,58756,O'Conner-Heller,11/27/2024
26,Abeu,Gatherer,agathererp@home.pl,Genderfluid,2006,GMC,Sierra 2500,Gainesville,Florida,32610,US,29.6813,-82.3539,37735,"Predovic, Roberts and Hane",12/08/2023
27,Elia,Reven,erevenq@amazon.de,Male,2005,Porsche,Boxster,Reston,Virginia,22096,US,38.8318,-77.2888,75350,Lesch-Terry,04/13/2024
28,Ethe,Willows,ewillowsr@woothemes.com,Male,2004,Pontiac,GTO,Saint Petersburg,Florida,33731,US,27.8918,-82.7248,76945,Koch Group,07/10/2025
29,Christalle,Roscamp,croscamps@cdbaby.com,Female,2004,Pontiac,GTO,New York City,New York,10150,US,40.7808,-73.9772,64701,Kuvalis-Frami,07/10/2025
30,Audrey,Dinkin,adinkint@howstuffworks.com,Female,2005,Suzuki,Forenza,Hampton,Virginia,23668,US,37.0206,-76.3377,57444,"Medhurst, Veum and Jacobs",09/14/2023
31,Humfrey,Reynoldson,hreynoldsonu@pen.io,Male,2010,Honda,Ridgeline,Tulsa,Oklahoma,74149,US,36.1398,-96.0297,57082,Jast LLC,10/16/2024
32,Davita,Stroobant,dstroobantv@princeton.edu,Female,2004,Cadillac,SRX,Bloomington,Indiana,47405,US,39.1682,-86.5186,71130,"Gulgowski, Greenholt and Weissnat",01/29/2026
33,Morey,Bagley,mbagleyw@disqus.com,Male,2008,Toyota,Tacoma,Chesapeake,Virginia,23324,US,36.8056,-76.2666,38997,Bayer LLC,04/20/2023
34,Stephanus,McGrudder,smcgrudderx@topsy.com,Non-binary,1993,GMC,Safari,Monroe,Louisiana,71213,US,32.4908,-92.1594,66040,Senger LLC,01/13/2026
35,Barthel,Manolov,bmanolovy@youtube.com,Male,1989,Subaru,Justy,Chico,California,95973,US,39.8032,-121.8673,42272,Upton LLC,02/08/2022
36,Lorry,Goodrich,lgoodrichz@nbcnews.com,Male,2009,Dodge,Avenger,Amarillo,Texas,79118,US,35.0763,-101.8349,52586,"Gorczany, Gleason and Beahan",05/25/2022
37,Judie,Hallyburton,jhallyburton10@independent.co.uk,Female,2005,Dodge,Stratus,Evansville,Indiana,47725,US,38.1071,-87.5256,71497,"Kautzer, Nienow and Bechtelar",07/03/2025
38,Kimmy,Crotch,kcrotch11@wix.com,Female,2003,Honda,S2000,Houston,Texas,77206,US,29.834,-95.4342,56749,Langosh LLC,01/09/2024
39,Lyn,Gibbons,lgibbons12@mapy.cz,Female,2012,Land Rover,Range Rover,Aurora,Illinois,60505,US,41.7582,-88.2971,65364,Moen Group,02/28/2023
40,Burt,Hirsch,bhirsch13@princeton.edu,Male,1997,Chevrolet,Cavalier,Los Angeles,California,90040,US,33.9909,-118.1532,34336,Lemke-Koch,02/13/2025
41,Poul,Lantaph,plantaph14@constantcontact.com,Male,1990,Buick,Skylark,Saint Paul,Minnesota,55108,US,44.9806,-93.1771,88569,"Orn, Fisher and Balistreri",12/13/2022
42,Clevie,Winterson,cwinterson15@myspace.com,Male,2007,Mercedes-Benz,CLS-Class,Los Angeles,California,90071,US,34.0529,-118.2549,94121,Russel LLC,11/10/2022
43,Demetre,Flatt,dflatt16@booking.com,Male,2006,Chrysler,Pacifica,Santa Clara,California,95054,US,37.3924,-121.9623,97870,Wilkinson-Cormier,03/26/2024
44,Buckie,Lashmore,blashmore17@pen.io,Male,1999,Mazda,626,Fairbanks,Alaska,99790,US,64.8561,-146.276,35275,"Rath, Sawayn and Dibbert",05/24/2022
45,Dane,Watmore,dwatmore18@tripadvisor.com,Male,1995,Chevrolet,Cavalier,Houston,Texas,77260,US,29.7687,-95.3867,87917,Spencer and Sons,06/25/2025
46,Leonidas,Highman,lhighman19@is.gd,Male,1984,Ford,F250,Cincinnati,Ohio,45203,US,39.1075,-84.5257,90936,Crooks-Marvin,12/15/2023
47,Leda,Yirrell,lyirrell1a@is.gd,Female,2002,Chevrolet,Venture,New Haven,Connecticut,06538,US,41.3657,-72.9275,33454,"McKenzie, Schultz and Hintz",04/20/2023
48,Pierson,Ranscombe,pranscombe1b@php.net,Male,2000,Mitsubishi,Mirage,San Antonio,Texas,78225,US,29.3875,-98.5245,85502,Gorczany-Bauch,02/19/2022
49,Eugenius,Kiddle,ekiddle1c@stumbleupon.com,Male,2004,Lotus,Elise,Columbus,Ohio,43204,US,39.9523,-83.078,33667,Waelchi Group,03/25/2025
50,Kirby,Rosenhaus,krosenhaus1d@fotki.com,Non-binary,1998,Ford,Windstar,Olympia,Washington,98516,US,47.1126,-122.7794,74289,Ernser and Sons,11/26/2025
51,Elbertine,Chamney,echamney1e@hp.com,Female,2005,Mazda,Mazda6,Tampa,Florida,33605,US,27.9671,-82.4334,46032,Stamm-Kunde,11/11/2023
52,Benni,Bridgens,bbridgens1f@geocities.com,Female,2008,Chevrolet,Avalanche,Fort Smith,Arkansas,72905,US,35.191,-94.2382,48574,Hintz-Lueilwitz,06/13/2023
53,David,Douch,ddouch1g@seesaa.net,Male,2001,Nissan,Quest,Berkeley,California,94712,US,37.6802,-121.9215,82204,Schmitt-Lowe,06/06/2024
54,Karlotta,Ogelsby,kogelsby1h@columbia.edu,Non-binary,1994,GMC,Rally Wagon 3500,El Paso,Texas,79916,US,31.7444,-106.2879,40331,Kuhn-Romaguera,01/18/2026
55,Lishe,Kaming,lkaming1i@paypal.com,Female,1997,Lexus,LS,Houston,Texas,77271,US,29.834,-95.4342,82384,"Greenfelder, Strosin and Hills",06/06/2024
56,Bent,Grigori,bgrigori1j@pen.io,Male,1997,Mercury,Sable,Santa Barbara,California,93106,US,34.4329,-119.8371,83507,Rowe Inc,08/22/2022
57,Lilith,Appleton,lappleton1k@nasa.gov,Bigender,1996,Lincoln,Continental,Boston,Massachusetts,02114,US,42.3611,-71.0682,68510,Cormier LLC,02/10/2024
58,Obed,Dixcey,odixcey1l@tumblr.com,Male,2008,Hyundai,Tiburon,Chicago,Illinois,60624,US,41.8804,-87.7223,48881,Conn Inc,12/17/2025
59,Rockwell,Kettlestringe,rkettlestringe1m@elpais.com,Male,1994,Lexus,SC,West Palm Beach,Florida,33405,US,26.67,-80.0582,50469,Haley Group,03/18/2022
60,Ellen,Glyne,eglyne1n@google.ca,Female,2012,Lincoln,MKX,Philadelphia,Pennsylvania,19151,US,39.9772,-75.2545,78389,"Rath, Vandervort and Berge",03/29/2024
61,Marci,MacKnocker,mmacknocker1o@drupal.org,Non-binary,2011,Mercedes-Benz,GL-Class,Saint Augustine,Florida,32092,US,29.9475,-81.5264,84854,Olson LLC,11/24/2023
62,Drew,Skippon,dskippon1p@fotki.com,Male,1991,Audi,80,Portland,Oregon,97206,US,45.484,-122.5973,87702,"Spinka, Bernier and Collier",11/19/2024
63,Kellsie,Aberkirder,kaberkirder1q@imdb.com,Female,2011,Nissan,Leaf,New Bedford,Massachusetts,02745,US,41.6913,-70.9355,74585,Erdman Inc,04/24/2024
64,Donavon,Devennie,ddevennie1r@jigsy.com,Male,2007,Bentley,Azure,Washington,District of Columbia,20337,US,38.8933,-77.0146,69555,Walsh Group,04/03/2024
65,Rheta,Fludgate,rfludgate1s@reddit.com,Female,2005,Hyundai,XG350,Tulsa,Oklahoma,74108,US,36.1499,-95.7923,62393,Kling-Kling,06/13/2023
66,Ruddie,Sexon,rsexon1t@pinterest.com,Male,2000,Isuzu,Rodeo,San Diego,California,92121,US,32.8919,-117.2035,87203,"Goyette, Hartmann and Gottlieb",12/02/2025
67,Willdon,Lebond,wlebond1u@drupal.org,Male,2000,Buick,Regal,Los Angeles,California,90025,US,34.0447,-118.4487,34013,"Cronin, Keeling and Block",12/31/2022
68,Rickey,Liccardo,rliccardo1v@state.tx.us,Male,1989,Maserati,228,Wichita Falls,Texas,76305,US,33.9995,-98.3938,43015,Welch-Stiedemann,06/08/2023
69,Mord,Schenkel,mschenkel1w@cbc.ca,Male,2011,Jeep,Patriot,College Station,Texas,77844,US,30.6521,-96.341,77680,"Keeling, Leannon and Schoen",01/07/2024
70,Toinette,Coney,tconey1x@vk.com,Female,2012,Toyota,Tundra,Akron,Ohio,44315,US,41.028,-81.4632,56327,"Christiansen, Shanahan and Oberbrunner",04/28/2022
71,Avery,Priscott,apriscott1y@pagesperso-orange.fr,Non-binary,1995,Chrysler,LeBaron,El Paso,Texas,79940,US,31.6948,-106.3,42271,"Douglas, Roob and Paucek",04/14/2023
72,Nikola,Rzehorz,nrzehorz1z@google.de,Male,1967,Chevrolet,Camaro,Henderson,Nevada,89074,US,36.0384,-115.0857,46454,Hessel-Lesch,08/08/2022
73,Leonidas,Raft,lraft20@java.com,Male,2008,Toyota,Matrix,Little Rock,Arkansas,72215,US,34.7519,-92.3925,34062,Willms-Krajcik,05/10/2025
74,Umeko,Greening,ugreening21@scribd.com,Female,1997,Lexus,SC,Jackson,Tennessee,38308,US,35.6124,-88.8412,80921,Bergstrom LLC,09/10/2023
75,Melinde,Hexham,mhexham22@noaa.gov,Female,2000,Plymouth,Prowler,Tampa,Florida,33620,US,28.06,-82.4079,41307,Keebler and Sons,05/23/2024
76,Ludwig,Radish,lradish23@phoca.cz,Male,1997,Lincoln,Continental,North Hollywood,California,91616,US,33.7866,-118.2987,33785,Reinger-Mayer,06/23/2023
77,Hubert,Helks,hhelks24@cargocollective.com,Male,2002,Porsche,911,Pittsburgh,Pennsylvania,15210,US,40.4072,-79.9839,66698,Friesen-Hauck,12/29/2024
78,Olivie,Vigus,ovigus25@wisc.edu,Female,2012,Audi,Q5,New York City,New York,10155,US,40.7611,-73.968,93895,"Bartell, King and Block",08/09/2023
79,Nessy,Scawton,nscawton26@icq.com,Female,2002,Ford,Expedition,Dallas,Texas,75397,US,32.7673,-96.7776,58809,Block LLC,07/08/2022
80,Freddie,Groundwater,fgroundwater27@phoca.cz,Male,1993,Volkswagen,Golf,Fort Myers,Florida,33913,US,26.5228,-81.7065,96059,Murphy-Bechtelar,08/30/2024
81,Rosemonde,Stuckes,rstuckes28@soup.io,Female,2006,Chevrolet,Avalanche,Charlotte,North Carolina,28272,US,35.26,-80.8042,64768,Effertz Inc,08/12/2023
82,Maxi,Haton,mhaton29@hp.com,Female,1986,Lamborghini,Countach,Vero Beach,Florida,32969,US,27.709,-80.5726,74470,Hane Group,03/08/2024
83,Charmian,Wewell,cwewell2a@twitter.com,Female,2011,Nissan,Titan,Charleston,West Virginia,25331,US,38.2968,-81.5547,77056,"Lueilwitz, Hahn and Steuber",05/31/2023
84,Logan,Bowden,lbowden2b@examiner.com,Male,1996,Oldsmobile,Silhouette,South Bend,Indiana,46620,US,41.5968,-86.293,73222,"White, Hettinger and Block",02/04/2025
85,Camella,Strick,cstrick2c@prnewswire.com,Female,2011,Lotus,Exige,Indianapolis,Indiana,46207,US,39.7673,-86.1606,75032,"Harvey, Crist and Lind",11/22/2025
86,Fitz,Sharrier,fsharrier2d@printfriendly.com,Male,1992,Dodge,Grand Caravan,Mount Vernon,New York,10557,US,41.119,-73.733,60147,"Nitzsche, Hermiston and Botsford",03/27/2022
87,Cly,Dumbelton,cdumbelton2e@mtv.com,Male,2004,Mitsubishi,Endeavor,Naples,Florida,33963,US,26.2626,-81.8071,84495,Raynor Inc,08/29/2022
88,Geri,Grass,ggrass2f@sciencedirect.com,Female,2004,Ford,F-Series,Fort Wayne,Indiana,46852,US,41.0938,-85.0707,68047,Abbott-Gislason,03/18/2024
89,Skipp,Rook,srook2g@latimes.com,Male,1993,Land Rover,Range Rover Classic,Syracuse,New York,13217,US,43.0214,-76.1977,85441,Prosacco Inc,05/15/2023
90,Barbee,Thaxton,bthaxton2h@nymag.com,Female,1998,Dodge,Ram 3500,Bismarck,North Dakota,58505,US,46.8165,-100.7805,85933,Zboncak-Deckow,05/08/2024
91,Carling,Harsnep,charsnep2i@canalblog.com,Male,1999,Mercedes-Benz,E-Class,Terre Haute,Indiana,47812,US,39.4336,-87.4101,73404,Carter-Rodriguez,01/21/2026
92,Sissy,Ferrier,sferrier2j@mozilla.com,Female,2004,Subaru,Outback,New Orleans,Louisiana,70154,US,30.033,-89.8826,68575,"Wunsch, Johnson and Nikolaus",02/17/2025
93,Bradney,LeEstut,bleestut2k@addthis.com,Male,1987,Volkswagen,Jetta,Alexandria,Virginia,22333,US,38.8158,-77.09,84679,Schmidt-Pagac,08/09/2024
94,Quintin,Glennard,qglennard2l@vimeo.com,Male,1984,Volkswagen,Vanagon,Houston,Texas,77293,US,29.834,-95.4342,98915,Weimann-Mueller,11/03/2023
95,Beryle,Feria,bferia2m@google.co.uk,Female,1997,Volkswagen,Jetta,Buffalo,New York,14263,US,42.7684,-78.8871,55523,"Gorczany, Harvey and Pacocha",04/12/2022
96,Alastair,Blaney,ablaney2n@wunderground.com,Male,1992,Dodge,Stealth,Omaha,Nebraska,68124,US,41.2338,-96.0495,75219,"Osinski, Haley and Mohr",05/11/2023
97,Judah,Obee,jobee2o@github.io,Male,1992,Mitsubishi,Mighty Max Macro,New York City,New York,10019,US,40.7651,-73.9858,62171,"Monahan, Yundt and Medhurst",02/18/2022
98,Rosy,Binch,rbinch2p@techcrunch.com,Female,2001,Daewoo,Lanos,Battle Creek,Michigan,49018,US,42.2464,-85.0045,94188,"Wilderman, Adams and Morissette",09/16/2025
99,Cornie,Onion,conion2q@chronoengine.com,Male,2008,GMC,Savana 3500,Washington,District of Columbia,20380,US,38.8933,-77.0146,62825,Trantow Inc,05/08/2025
100,Hartley,Whitwam,hwhitwam2r@baidu.com,Male,1995,Mitsubishi,Truck,Albuquerque,New Mexico,87115,US,35.0549,-106.5461,57346,Considine LLC,03/29/2023
101,Ines,Crick,icrick2s@arizona.edu,Female,1994,Mitsubishi,RVR,York,Pennsylvania,17405,US,40.0086,-76.5972,76050,Schuppe-Kling,11/19/2023
102,Crichton,Gilby,cgilby2t@sina.com.cn,Male,2008,Honda,Civic,San Jose,California,95128,US,37.3163,-121.9356,91644,Ziemann-O'Conner,08/05/2022
103,Daryl,Brisco,dbrisco2u@guardian.co.uk,Male,2009,Volkswagen,Touareg 2,Charleston,West Virginia,25336,US,38.2968,-81.5547,31076,Stracke-Green,04/23/2024
104,Osmond,Votier,ovotier2v@example.com,Male,2005,Lexus,GS,Washington,District of Columbia,20215,US,38.8933,-77.0146,65398,Ernser-Stokes,07/17/2022
105,Tuesday,Pettingall,tpettingall2w@exblog.jp,Female,2011,Lincoln,MKT,Brea,California,92822,US,33.9187,-117.8892,33933,McClure LLC,02/25/2022
106,Susette,Levick,slevick2x@craigslist.org,Genderfluid,1992,Mercedes-Benz,SL-Class,Tallahassee,Florida,32304,US,30.4478,-84.3211,79139,Bergnaum-Wehner,07/26/2023
107,Eran,Yarnall,eyarnall2y@is.gd,Female,1999,Saab,9-5,Raleigh,North Carolina,27615,US,35.8887,-78.6393,65720,Durgan-Kovacek,06/05/2025
108,Gwenette,Siss,gsiss2z@scientificamerican.com,Female,2009,Mazda,MX-5,Austin,Texas,78783,US,30.3264,-97.7713,46762,Schaefer-Fadel,12/11/2023
109,Kelwin,Perche,kperche30@guardian.co.uk,Male,1998,Buick,Riviera,Las Vegas,Nevada,89155,US,35.9279,-114.9721,74089,Vandervort Inc,12/04/2025
110,Tom,Covolini,tcovolini31@barnesandnoble.com,Male,2004,Saturn,VUE,Pensacola,Florida,32505,US,30.4481,-87.2589,43090,"O'Reilly, Dietrich and Wintheiser",08/26/2024
111,Marietta,Arderne,marderne32@networksolutions.com,Female,1984,Mercury,Capri,Buffalo,New York,14269,US,42.7684,-78.8871,53387,"Skiles, Harber and Smitham",12/24/2024
112,Dieter,Brunetti,dbrunetti33@networkadvertising.org,Male,2009,Chevrolet,HHR,Lubbock,Texas,79410,US,33.5693,-101.8904,49750,Jerde-Moore,10/20/2024
113,Jillian,Terbeek,jterbeek34@friendfeed.com,Female,1991,Volkswagen,Golf,Bakersfield,California,93311,US,35.3039,-119.1056,99163,O'Reilly Inc,11/11/2025
114,Audrie,Auckland,aauckland35@lycos.com,Female,2011,Nissan,GT-R,Scranton,Pennsylvania,18514,US,41.4019,-75.6376,98294,"Treutel, Bradtke and Nikolaus",07/27/2023
115,Grayce,Asty,gasty36@ehow.com,Female,2012,BMW,1 Series,San Diego,California,92153,US,33.0169,-116.846,97962,Denesik LLC,09/19/2024
116,Elmira,Ollet,eollet37@epa.gov,Female,1992,Porsche,911,Boulder,Colorado,80305,US,39.9807,-105.2531,90844,Feeney Group,08/16/2022
117,Kalila,Fowden,kfowden38@deliciousdays.com,Female,2005,Mercury,Grand Marquis,Orlando,Florida,32830,US,28.3822,-81.569,50496,Lueilwitz-Shanahan,02/22/2025
118,Lise,Messenbird,lmessenbird39@phoca.cz,Polygender,2012,Toyota,Sequoia,Schenectady,New York,12305,US,42.8161,-73.9398,78297,Veum and Sons,03/18/2024
119,Maye,Gipps,mgipps3a@mysql.com,Female,2002,GMC,Savana 3500,Corpus Christi,Texas,78426,US,27.777,-97.4632,83467,"Heathcote, Zemlak and Rogahn",09/07/2024
120,Bethena,Lakin,blakin3b@fema.gov,Female,2004,Subaru,Impreza,Denver,Colorado,80279,US,39.7388,-104.4083,84670,"Feil, Medhurst and Strosin",08/24/2025
121,Donnajean,Linggood,dlinggood3c@wisc.edu,Female,2012,Honda,CR-Z,Montgomery,Alabama,36109,US,32.3834,-86.2434,72403,Cummings-Barton,09/06/2025
122,Palmer,Dilston,pdilston3d@google.ca,Male,2012,Hyundai,Elantra,Stamford,Connecticut,06922,US,41.0516,-73.5143,81469,"Monahan, Beer and Oberbrunner",02/06/2025
123,Hermann,Hanmore,hhanmore3e@google.fr,Male,1984,Porsche,944,Columbus,Ohio,43284,US,39.969,-83.0114,72941,"Swift, Feeney and Fadel",02/04/2025
124,Trumaine,Pawley,tpawley3f@uiuc.edu,Male,2002,Buick,Rendezvous,Fort Lauderdale,Florida,33315,US,26.0989,-80.1541,79942,"White, Brown and Paucek",02/01/2023
125,Mikel,Attaway,mattaway3g@nyu.edu,Male,1986,Ford,Mustang,Long Beach,California,90840,US,33.7843,-118.1157,86051,Padberg Inc,12/14/2022
126,Emanuele,Jery,ejery3h@salon.com,Male,2003,Toyota,Tundra,Milwaukee,Wisconsin,53225,US,43.1154,-88.0346,41608,"Collier, Erdman and Lueilwitz",01/07/2023
127,Annetta,Neeve,aneeve3i@github.com,Female,2011,Mazda,Tribute,Inglewood,California,90305,US,33.9583,-118.3258,38830,"Heidenreich, Turner and Schinner",04/13/2025
128,Maridel,Van der Veldt,mvanderveldt3j@answers.com,Female,2006,Chevrolet,Suburban,New York City,New York,10170,US,40.7526,-73.9755,57066,"Zieme, Jacobs and Mraz",05/03/2025
129,Monte,Franciotti,mfranciotti3k@wsj.com,Male,2012,MINI,Cooper,Birmingham,Alabama,35225,US,33.5446,-86.9292,36633,Lemke-Windler,12/27/2025
130,Deloria,Coners,dconers3l@digg.com,Non-binary,1994,Chevrolet,Suburban 1500,Charlotte,North Carolina,28225,US,35.26,-80.8042,69108,"Predovic, Larson and Langworth",07/29/2023
131,Anastasia,Lenton,alenton3m@reverbnation.com,Female,1992,Chevrolet,Cavalier,Vero Beach,Florida,32969,US,27.709,-80.5726,51655,"Grady, Rosenbaum and Stroman",06/20/2025
132,Ragnar,Rushworth,rrushworth3n@house.gov,Polygender,1996,Chevrolet,Impala,Brockton,Massachusetts,02405,US,41.9705,-70.7014,58730,Macejkovic-Ernser,02/19/2022
133,Vanda,Lyosik,vlyosik3o@themeforest.net,Female,2010,Aston Martin,DBS,Chattanooga,Tennessee,37416,US,35.0942,-85.1757,46024,"Hermann, Harber and Trantow",11/14/2022
134,Jorgan,McCahill,jmccahill3p@is.gd,Male,2005,Pontiac,GTO,Des Moines,Iowa,50305,US,41.6727,-93.5722,88868,Klein Inc,09/07/2022
135,Lorie,Scripture,lscripture3q@bloglines.com,Female,2011,Ford,Escape,Boston,Massachusetts,02104,US,42.3389,-70.9196,73263,"O'Keefe, Cremin and Howe",01/04/2026
136,Bucky,Colbridge,bcolbridge3r@hubpages.com,Male,2012,Ford,E250,Indianapolis,Indiana,46278,US,39.8726,-86.2768,39056,Schultz LLC,06/17/2022
137,Erin,Tantum,etantum3s@vk.com,Bigender,1994,Porsche,911,Lincoln,Nebraska,68510,US,40.8063,-96.6545,51234,"Buckridge, Nader and Feeney",03/04/2023
138,Darla,Rutherforth,drutherforth3t@uol.com.br,Female,2004,Lincoln,LS,Huntington,West Virginia,25770,US,38.4134,-82.2774,44959,"Crist, Feeney and Conn",05/24/2023
139,Shela,Cochet,scochet3u@ibm.com,Female,2005,Audi,A6,Tacoma,Washington,98417,US,47.2061,-122.4822,51181,Collins-Ullrich,09/05/2023
140,Dell,Iorio,diorio3v@mayoclinic.com,Female,2001,Toyota,Highlander,Springfield,Illinois,62794,US,39.7495,-89.606,39441,Jast Group,08/30/2022
141,Mallory,Bracher,mbracher3w@apple.com,Female,2000,Infiniti,G,Murfreesboro,Tennessee,37131,US,35.8596,-86.421,37200,Ullrich-Heaney,06/29/2024
142,Aleda,Penhaleurack,apenhaleurack3x@de.vu,Female,2008,Audi,A8,Austin,Texas,78703,US,30.2907,-97.7648,66805,Heaney-Zulauf,01/23/2023
143,Jillie,Guerriero,jguerriero3y@deviantart.com,Genderqueer,1994,Toyota,Supra,Shreveport,Louisiana,71137,US,32.6076,-93.7526,58499,"Aufderhar, Dare and Weissnat",08/23/2025
144,Neddie,Tackes,ntackes3z@nyu.edu,Male,2010,Ford,Expedition,Helena,Montana,59623,US,46.5901,-112.0402,50657,Schoen-Boyle,04/24/2023
145,Adolf,McCaffrey,amccaffrey40@shop-pro.jp,Male,1995,Pontiac,Firebird,Jackson,Mississippi,39296,US,32.3113,-90.3972,93103,Pacocha-MacGyver,11/02/2023
146,Milton,Squire,msquire41@bloglines.com,Male,1999,Oldsmobile,LSS,Harrisburg,Pennsylvania,17126,US,40.2618,-76.88,51323,Schmidt-Flatley,06/05/2023
147,Claybourne,Linsay,clinsay42@imageshack.us,Male,2006,Chevrolet,Monte Carlo,Jamaica,New York,11480,US,40.6914,-73.8061,76386,Stanton LLC,01/05/2023
148,Zulema,Shadbolt,zshadbolt43@bbc.co.uk,Female,2011,Toyota,RAV4,Waterbury,Connecticut,06726,US,41.3657,-72.9275,49143,"Bode, Lubowitz and Cummerata",10/11/2024
149,Constantino,Hallibone,challibone44@globo.com,Male,2005,Mazda,Mazda3,Winston Salem,North Carolina,27150,US,36.0275,-80.2073,38647,"Bechtelar, Corkery and Tremblay",10/01/2024
150,Eli,Lebang,elebang45@mediafire.com,Non-binary,1992,Dodge,Caravan,Denver,Colorado,80270,US,39.7388,-104.4083,43995,"White, Brakus and Durgan",02/21/2025
151,Forester,Ciobotaru,fciobotaru46@skype.com,Male,2003,Saturn,Ion,Charleston,West Virginia,25389,US,38.354,-81.6394,96436,"Wehner, Steuber and Emmerich",12/11/2025
152,Benny,Lauthian,blauthian47@netvibes.com,Female,1993,Ford,Taurus,Whittier,California,90605,US,33.9413,-118.0356,94559,Rippin LLC,01/22/2026
153,Daniella,Chesnut,dchesnut48@bloglines.com,Female,2002,Mazda,Protege5,Fort Pierce,Florida,34949,US,27.3896,-80.2615,60931,Huel LLC,01/23/2024
154,Theodora,Dyde,tdyde49@surveymonkey.com,Female,2012,Bentley,Mulsanne,Los Angeles,California,90189,US,34.0515,-118.2559,67848,Lind-Auer,06/16/2024
155,Gunar,Lytton,glytton4a@about.com,Male,2010,Subaru,Forester,London,Kentucky,40745,US,37.1376,-84.1156,40455,Nikolaus-Marks,07/01/2024
156,Broddie,Bryenton,bbryenton4b@wikipedia.org,Male,2009,Infiniti,M,Olympia,Washington,98506,US,47.1042,-122.87,79474,"VonRueden, Harber and Kiehn",03/29/2022
157,Conn,Fawdry,cfawdry4c@storify.com,Male,2008,Suzuki,SX4,Mesa,Arizona,85215,US,33.4707,-111.7188,98275,Windler-Deckow,01/20/2023
158,Ingar,Willshere,iwillshere4d@merriam-webster.com,Male,1991,Porsche,928,Lexington,Kentucky,40581,US,38.0283,-84.4715,89223,"Schultz, Daniel and Huels",06/19/2025
159,Griff,McColl,gmccoll4e@tripod.com,Male,2001,Toyota,Celica,Sacramento,California,94263,US,38.3774,-121.4444,34556,"Keebler, Haag and Skiles",04/08/2023
160,Gannie,Linn,glinn4f@jigsy.com,Male,2006,Acura,RSX,Springfield,Illinois,62794,US,39.7495,-89.606,44935,"Cummerata, Price and Buckridge",10/10/2023
161,Karmen,Rewbottom,krewbottom4g@xing.com,Female,2008,Cadillac,SRX,Yakima,Washington,98907,US,46.6288,-120.574,55421,Berge Group,05/19/2025
162,Ingrid,Ralph,iralph4h@jugem.jp,Female,2001,Ford,Expedition,New York City,New York,10125,US,40.7808,-73.9772,78477,Wolff and Sons,03/16/2025
163,Zsa zsa,McShirie,zmcshirie4i@ucla.edu,Female,2001,Mazda,MPV,Seattle,Washington,98133,US,47.7377,-122.3431,94191,Torp-Green,07/31/2022
164,Evita,Habershaw,ehabershaw4j@ox.ac.uk,Female,2008,Subaru,Forester,Washington,District of Columbia,20319,US,38.8667,-77.0166,36166,Kuhlman LLC,07/14/2022
165,Carny,Britland,cbritland4k@vimeo.com,Male,1985,Buick,Somerset,Louisville,Kentucky,40256,US,38.189,-85.6768,52547,Gerhold Inc,01/15/2026
166,Martina,McLay,mmclay4l@dion.ne.jp,Female,1992,Chrysler,LeBaron,Idaho Falls,Idaho,83405,US,43.3233,-111.7822,56065,"McClure, Beahan and Legros",05/18/2025
167,Quinlan,Arbor,qarbor4m@intel.com,Genderfluid,2002,Ford,Crown Victoria,Fort Worth,Texas,76110,US,32.7065,-97.3375,32233,"Johnston, Padberg and Hansen",09/19/2022
168,Carrol,Adnam,cadnam4n@123-reg.co.uk,Male,2012,Tesla,Roadster,San Antonio,Texas,78240,US,29.5189,-98.6006,57933,"Zieme, Lindgren and Gutkowski",09/20/2024
169,Ezequiel,Shortt,eshortt4o@artisteer.com,Male,1996,Dodge,Ram Van 2500,Dallas,Texas,75251,US,32.9189,-96.7751,44250,Schiller Inc,07/08/2025
170,Benjamin,Tokell,btokell4p@plala.or.jp,Male,1996,GMC,Rally Wagon G3500,Garland,Texas,75044,US,32.9522,-96.6654,83157,O'Connell-Jaskolski,12/12/2023
171,Marie-jeanne,Cartmail,mcartmail4q@multiply.com,Female,2004,Jeep,Wrangler,Cincinnati,Ohio,45243,US,39.1848,-84.3448,57273,Ebert Group,02/09/2024
172,Whittaker,Jensen,wjensen4r@dell.com,Male,1994,Porsche,911,Woburn,Massachusetts,01813,US,42.4464,-71.4594,79527,Kiehn LLC,04/15/2024
173,Betti,Walbridge,bwalbridge4s@exblog.jp,Female,2001,Porsche,911,Carson City,Nevada,89714,US,39.1678,-119.7764,51819,"Veum, Renner and Monahan",05/06/2024
174,Nickolas,Laughtisse,nlaughtisse4t@shutterfly.com,Male,1999,Infiniti,QX,Miami,Florida,33164,US,25.5584,-80.4582,72167,Corwin-Wintheiser,04/09/2022
175,Netti,Lehrian,nlehrian4u@theatlantic.com,Female,2004,Subaru,Baja,Tampa,Florida,33647,US,28.1147,-82.3678,61080,Stroman Group,03/07/2023
176,Noby,Pridden,npridden4v@4shared.com,Male,1990,Buick,Regal,Newark,New Jersey,07188,US,40.7918,-74.2452,54950,Klein LLC,04/27/2024
177,Maje,Cramphorn,mcramphorn4w@mayoclinic.com,Male,2012,Suzuki,Equator,Washington,District of Columbia,20535,US,38.8941,-77.0251,40353,Effertz LLC,07/09/2023
178,Nicolas,Janaszewski,njanaszewski4x@ifeng.com,Male,2004,Ford,E150,Los Angeles,California,90025,US,34.0447,-118.4487,40897,Graham-Fritsch,10/20/2022
179,Sigmund,Windmill,swindmill4y@seattletimes.com,Male,2007,Mercedes-Benz,SLR McLaren,Tulsa,Oklahoma,74141,US,36.1398,-96.0297,38768,Mayer and Sons,06/12/2022
180,Linet,Preskett,lpreskett4z@sina.com.cn,Female,1993,Mercedes-Benz,500E,Santa Clara,California,95054,US,37.3924,-121.9623,71910,"Runte, Rutherford and Lesch",01/05/2024
181,Quent,Sutherley,qsutherley50@deviantart.com,Male,1985,Ford,Ranger,Orlando,Florida,32859,US,28.4429,-81.4026,57709,Sipes-Schmeler,12/18/2024
182,Donella,Shalcros,dshalcros51@acquirethisname.com,Female,2008,Subaru,Forester,Savannah,Georgia,31422,US,31.9714,-81.0716,68350,Kreiger-O'Kon,10/25/2024
183,Kym,McClune,kmcclune52@ox.ac.uk,Female,2006,Lotus,Exige,Colorado Springs,Colorado,80945,US,38.8247,-104.562,67992,"Welch, Hermiston and Considine",06/12/2022
184,Adorne,Mein,amein53@hibu.com,Female,1993,Plymouth,Colt,Houston,Texas,77055,US,29.7971,-95.4958,75869,Hammes Inc,09/14/2024
185,Bree,Hardy-Piggin,bhardypiggin54@ted.com,Female,2005,Chevrolet,Cavalier,El Paso,Texas,88574,US,31.6948,-106.3,71259,"Block, Kessler and Wolff",08/07/2022
186,Jerrilee,Jeeves,jjeeves55@pcworld.com,Agender,1996,Land Rover,Range Rover,San Francisco,California,94147,US,37.7848,-122.7278,89248,Hyatt Inc,02/16/2022
187,Bree,Lawee,blawee56@icio.us,Female,1993,Oldsmobile,Achieva,Jackson,Mississippi,39282,US,32.3113,-90.3972,69154,"Pagac, Mann and Hickle",05/03/2023
188,Noelyn,Temprell,ntemprell57@wikispaces.com,Female,1988,Porsche,924,Minneapolis,Minnesota,55441,US,45.0058,-93.4193,88910,Deckow and Sons,07/21/2022
189,Perrine,Channer,pchanner58@comcast.net,Female,1986,Saab,9000,Corpus Christi,Texas,78475,US,27.777,-97.4632,31151,Leuschke LLC,11/07/2022
190,Cece,Brittain,cbrittain59@google.co.jp,Male,2008,GMC,Yukon XL 2500,Killeen,Texas,76544,US,31.1282,-97.7469,72435,"Greenholt, Ritchie and Adams",10/23/2022
191,Audra,Sessions,asessions5a@ning.com,Female,1994,Audi,Quattro,San Diego,California,92176,US,33.0169,-116.846,45601,Metz LLC,03/28/2025
192,Chrissy,Bool,cbool5b@phoca.cz,Non-binary,2008,BMW,Z4,Las Vegas,Nevada,89160,US,35.9279,-114.9721,65284,"Ziemann, Balistreri and Rice",12/07/2025
193,Celestyna,Mound,cmound5c@umn.edu,Female,2007,Chevrolet,Colorado,Charleston,West Virginia,25331,US,38.2968,-81.5547,67530,"Quigley, Considine and Hintz",07/03/2023
194,Lotty,Wrefford,lwrefford5d@noaa.gov,Female,1998,Mercury,Grand Marquis,Huntington,West Virginia,25709,US,38.1321,-82.4183,91754,Tillman Group,02/04/2022
195,Hetty,Shynn,hshynn5e@prnewswire.com,Agender,2000,Dodge,Durango,Lubbock,Texas,79410,US,33.5693,-101.8904,47697,Batz-Bayer,06/29/2025
196,Tull,Dimitrescu,tdimitrescu5f@w3.org,Male,1972,Ford,Thunderbird,Pomona,California,91797,US,33.7866,-118.2987,48807,Wunsch-Labadie,06/18/2025
197,Daria,Sibly,dsibly5g@cornell.edu,Female,2004,Honda,Odyssey,Louisville,Kentucky,40250,US,38.189,-85.6768,81900,Moore Inc,03/24/2025
198,Dimitri,Bottinelli,dbottinelli5h@senate.gov,Male,1998,Volvo,S70,Atlanta,Georgia,30311,US,33.723,-84.4702,80347,Bradtke and Sons,06/30/2023
199,Zeke,MacGiolla Pheadair,zmacgiollapheadair5i@youku.com,Male,2011,BMW,X5 M,Charlotte,North Carolina,28284,US,35.26,-80.8042,54768,Skiles LLC,05/23/2023
200,Janela,Bentz,jbentz5j@tinypic.com,Bigender,2011,Mazda,Mazda3,Tucson,Arizona,85725,US,31.9701,-111.8907,39033,Sipes-Schumm,03/30/2022
201,Randee,Koeppke,rkoeppke5k@zdnet.com,Female,2005,Suzuki,Daewoo Magnus,New York City,New York,10280,US,40.7105,-74.0163,43144,"Barton, Purdy and Volkman",04/11/2024
202,Edithe,Savin,esavin5l@infoseek.co.jp,Female,1989,Pontiac,Safari,Austin,Texas,78789,US,30.3264,-97.7713,44083,"Kohler, Bauch and Ward",08/27/2022
203,Fredia,McMurdo,fmcmurdo5m@google.com.br,Female,2000,Mercedes-Benz,SLK-Class,Arlington,Virginia,22225,US,38.8808,-77.113,64589,O'Kon LLC,11/04/2023
204,Greta,Kures,gkures5n@ebay.co.uk,Female,1992,Nissan,Maxima,Sacramento,California,94297,US,38.3774,-121.4444,91611,"Heaney, Borer and Heidenreich",07/12/2024
205,Norma,Basten,nbasten5o@angelfire.com,Female,2007,GMC,Sierra 2500,Chicago,Illinois,60641,US,41.9453,-87.7474,54186,"Turcotte, Hauck and Feil",08/25/2023
206,Alyosha,Gadesby,agadesby5p@w3.org,Male,1996,Isuzu,Rodeo,Fort Myers,Florida,33994,US,26.5529,-81.9486,48639,Cummerata Inc,01/15/2024
207,Marga,Dutson,mdutson5q@ehow.com,Female,1988,Mitsubishi,Cordia,Mobile,Alabama,36628,US,30.6589,-88.178,78601,"Huel, Glover and Smith",02/18/2023
208,Barnett,Bristo,bbristo5r@columbia.edu,Male,1993,Suzuki,SJ,Sacramento,California,94250,US,38.3774,-121.4444,33831,Yundt LLC,05/27/2024
209,Gerhard,Boldecke,gboldecke5s@washingtonpost.com,Male,1986,Chevrolet,Corvette,Washington,District of Columbia,20409,US,38.8933,-77.0146,72788,"Mante, Ziemann and Bayer",08/25/2022
210,Joelie,Reimer,jreimer5t@dell.com,Female,2012,Hyundai,Santa Fe,Metairie,Louisiana,70005,US,30.0005,-90.1331,80532,Wintheiser and Sons,06/24/2024
211,Jude,Adess,jadess5u@ow.ly,Male,2012,Lexus,IS-F,Racine,Wisconsin,53405,US,42.7161,-87.8233,84955,Mayer and Sons,02/23/2024
212,Gallard,McVanamy,gmcvanamy5v@salon.com,Male,2012,Mercedes-Benz,M-Class,Tampa,Florida,33625,US,28.0726,-82.559,59210,Wintheiser LLC,12/31/2024
213,Corbet,Medlen,cmedlen5w@state.gov,Male,1994,GMC,Yukon,Washington,District of Columbia,20057,US,38.8933,-77.0146,85012,Veum and Sons,12/31/2025
214,Linnie,Swinnerton,lswinnerton5x@about.com,Female,2003,Kia,Optima,Knoxville,Tennessee,37931,US,35.9924,-84.1201,52367,Hyatt LLC,11/11/2025
215,Doyle,Pohl,dpohl5y@cdbaby.com,Male,2010,Chevrolet,Tahoe,Fort Lauderdale,Florida,33325,US,26.1097,-80.3215,86220,Rolfson-Osinski,04/29/2025
216,Imogen,Crix,icrix5z@squidoo.com,Female,1992,GMC,3500 Club Coupe,Baltimore,Maryland,21282,US,39.439,-76.5921,73578,Walker-Turner,05/21/2025
217,Vyky,Bloore,vbloore60@newsvine.com,Female,1996,Nissan,240SX,Columbia,South Carolina,29220,US,34.006,-80.9708,84697,Maggio-Carroll,08/22/2022
218,Birdie,Ducarne,bducarne61@symantec.com,Female,1994,Mitsubishi,Galant,Escondido,California,92030,US,33.0169,-116.846,95674,Heathcote Inc,12/01/2023
219,Hurley,Adamovich,hadamovich62@reference.com,Male,1997,Mercury,Sable,Pasadena,California,91109,US,33.7866,-118.2987,58392,Hills-Dooley,11/04/2023
220,Brenna,Baynes,bbaynes63@edublogs.org,Female,1997,Lexus,GS,Huntsville,Texas,77343,US,30.7813,-95.5953,31940,"Kreiger, Wunsch and Littel",06/11/2022
221,Nicolis,Mordecai,nmordecai64@opensource.org,Male,2012,Jeep,Liberty,San Diego,California,92110,US,32.7635,-117.2028,93404,Schowalter-Monahan,03/03/2022
222,Arabele,Mackneis,amackneis65@nyu.edu,Female,2007,Mitsubishi,Lancer,New York City,New York,10024,US,40.7864,-73.9764,42109,Weissnat and Sons,08/13/2025
223,Sheela,Sapsforde,ssapsforde66@scientificamerican.com,Female,2010,Ford,Explorer Sport Trac,Santa Ana,California,92705,US,33.754,-117.7919,64711,Skiles-Champlin,09/22/2025
224,Teador,Wallbrook,twallbrook67@blinklist.com,Male,2009,Lincoln,MKZ,Chicago,Illinois,60657,US,41.9399,-87.6528,73676,"Wisozk, Prohaska and Weimann",12/09/2023
225,Carree,Weeke,cweeke68@squarespace.com,Female,2009,Lexus,LS,Philadelphia,Pennsylvania,19178,US,40.0018,-75.1179,45580,Ferry-Conroy,02/06/2023
226,Giavani,Scriviner,gscriviner69@dell.com,Bigender,1997,GMC,Safari,Charlotte,North Carolina,28289,US,35.26,-80.8042,66127,McGlynn-Reynolds,04/23/2023
227,Gillian,Northam,gnortham6a@nature.com,Female,2009,Aston Martin,Vantage,Santa Barbara,California,93150,US,34.2628,-119.8486,78282,"Homenick, Rempel and Kertzmann",10/31/2022
228,Fredric,Girone,fgirone6b@businesswire.com,Male,2001,Isuzu,Trooper,Anchorage,Alaska,99522,US,61.1089,-149.4403,84864,Parker-Ward,06/06/2024
229,Barron,Sepey,bsepey6c@theglobeandmail.com,Male,1963,Ford,E-Series,Virginia Beach,Virginia,23459,US,36.9216,-76.0171,49900,"Huel, Huel and Ferry",09/27/2025
230,Marys,Strover,mstrover6d@omniture.com,Female,1995,GMC,Safari,Newark,Delaware,19714,US,39.5645,-75.597,66670,Jerde-Johnston,07/09/2025
231,Tamar,Jennings,tjennings6e@webeden.co.uk,Female,2007,Ford,Expedition,Augusta,Georgia,30911,US,33.386,-82.091,95972,"Stokes, Rau and Schiller",08/15/2022
232,Darya,Abbay,dabbay6f@multiply.com,Female,2004,Toyota,Highlander,Mobile,Alabama,36622,US,30.6589,-88.178,58605,Ferry LLC,04/20/2024
233,Pam,Snel,psnel6g@storify.com,Female,2011,Audi,TT,Miami,Florida,33233,US,25.5584,-80.4582,74995,"Wiegand, Reynolds and Ziemann",06/11/2025
234,Myrlene,Fifield,mfifield6h@163.com,Female,2000,Lincoln,Navigator,Hollywood,Florida,33023,US,25.9894,-80.2153,39329,Gleason-Botsford,01/07/2025
235,Bianca,McNiven,bmcniven6i@symantec.com,Female,2003,Hyundai,Elantra,Buffalo,New York,14233,US,42.7684,-78.8871,67232,Johns-Keebler,03/08/2024
236,Alexi,Burrus,aburrus6j@w3.org,Female,2012,Kia,Optima,Rochester,New York,14639,US,43.286,-77.6843,37973,"Metz, Goldner and Rodriguez",08/05/2023
237,Ringo,Boyfield,rboyfield6k@etsy.com,Male,1992,Pontiac,Grand Prix,Louisville,Kentucky,40210,US,38.2306,-85.7905,51818,Langosh Group,04/07/2024
238,Aaren,Side,aside6l@plala.or.jp,Female,2008,Kia,Sorento,Scottsdale,Arizona,85271,US,33.2765,-112.1872,62271,Greenholt-Borer,12/03/2025
239,Terza,Thornthwaite,tthornthwaite6m@netvibes.com,Female,1964,Pontiac,GTO,Lake Worth,Florida,33462,US,26.5747,-80.0794,57225,Mertz LLC,11/28/2025
240,Ailis,Wickins,awickins6n@apache.org,Female,1992,GMC,1500,Evansville,Indiana,47705,US,37.9971,-87.575,84060,Bruen Group,01/06/2025
241,Webb,Pawelec,wpawelec6o@usatoday.com,Male,2006,Mazda,Mazdaspeed6,Washington,District of Columbia,20268,US,38.8933,-77.0146,96622,Stark-Christiansen,06/08/2023
242,Lorain,Weigh,lweigh6p@whitehouse.gov,Genderqueer,2011,Chevrolet,Equinox,Spartanburg,South Carolina,29305,US,35.1114,-82.1055,65707,"Kozey, Smitham and Parker",07/01/2022
243,Ofella,Gillyett,ogillyett6q@howstuffworks.com,Female,1994,Mitsubishi,Pajero,Arlington,Texas,76011,US,32.7582,-97.1003,75923,Skiles-Bosco,02/27/2024
244,Bastien,Drewett,bdrewett6r@disqus.com,Genderfluid,1993,Ford,Bronco,Clearwater,Florida,34629,US,27.9654,-82.8001,81083,Erdman LLC,03/22/2022
245,Garnet,O'Breen,gobreen6s@vkontakte.ru,Agender,1991,Honda,Civic,Wichita,Kansas,67236,US,37.5422,-97.2871,59960,"Jones, Schuppe and Sauer",02/06/2025
246,Vivianne,Ciccottio,vciccottio6t@alexa.com,Female,1993,Toyota,Paseo,Toledo,Ohio,43605,US,41.6525,-83.5085,95791,Borer-Emard,08/07/2022
247,Towney,Shobrook,tshobrook6u@intel.com,Male,2009,Suzuki,SX4,Columbus,Ohio,43204,US,39.9523,-83.078,99906,Hermiston and Sons,11/18/2022
248,Georas,McKenny,gmckenny6v@howstuffworks.com,Male,1994,Dodge,Dakota,New Bedford,Massachusetts,02745,US,41.6913,-70.9355,44117,"Bartell, Breitenberg and Barrows",04/11/2024
249,Celle,Ferres,cferres6w@state.tx.us,Female,1998,Chevrolet,Corvette,Tulsa,Oklahoma,74126,US,36.2383,-95.9931,64036,"Kuhn, Rohan and Herzog",03/03/2023
250,Douglas,Favey,dfavey6x@upenn.edu,Male,2001,Subaru,Legacy,Portland,Oregon,97206,US,45.484,-122.5973,88733,Metz-Bernier,11/24/2023
251,Cecilla,Shorie,cshorie6y@vistaprint.com,Female,2012,Volvo,XC90,Winston Salem,North Carolina,27150,US,36.0275,-80.2073,61479,"Ortiz, Schimmel and Hermann",04/28/2024
252,Marne,Gooday,mgooday6z@businessweek.com,Female,2008,Chrysler,Town & Country,Chicago,Illinois,60604,US,41.8784,-87.633,33996,Harvey-Okuneva,04/05/2025
253,Adrienne,Abramson,aabramson70@hhs.gov,Female,2005,Scion,xB,Washington,District of Columbia,20414,US,38.884,-77.0221,64749,Skiles Inc,02/11/2024
254,Tracy,Proven,tproven71@photobucket.com,Female,2009,Kia,Rondo,Tulsa,Oklahoma,74170,US,36.1398,-96.0297,69977,"Pfeffer, Kemmer and Zemlak",03/03/2022
255,Basile,Peche,bpeche72@apple.com,Male,2012,Nissan,Cube,Huntsville,Alabama,35810,US,34.7784,-86.6091,66323,Moen-Hilpert,11/03/2025
256,Clementius,Bolle,cbolle73@indiegogo.com,Genderqueer,2002,Mercedes-Benz,S-Class,Bronx,New York,10474,US,40.8139,-73.8841,56803,"Lehner, Bernhard and Kiehn",05/06/2024
257,Stefan,Coady,scoady74@blogspot.com,Male,2013,GMC,Sierra 1500,Marietta,Georgia,30066,US,34.0378,-84.5038,49714,Tillman Inc,10/04/2023
258,Ambros,Roth,aroth75@myspace.com,Male,2005,Kia,Sedona,Washington,District of Columbia,20299,US,38.8933,-77.0146,92645,Barton-Spinka,11/23/2025
259,Kathrine,Dener,kdener76@goodreads.com,Female,2008,Jeep,Commander,Pensacola,Florida,32575,US,30.6143,-87.2758,63720,Herman LLC,03/28/2025
260,Jdavie,Schruurs,jschruurs77@woothemes.com,Male,1995,Jaguar,XJ Series,Waterbury,Connecticut,06721,US,41.3657,-72.9275,81022,"Feil, Weimann and Spencer",07/01/2024
261,Vasili,Stallard,vstallard78@gizmodo.com,Male,2012,GMC,Sierra 1500,Worcester,Massachusetts,01610,US,42.2492,-71.8108,82768,"Leannon, Fritsch and Price",08/16/2022
262,Orlan,Sketchley,osketchley79@bbb.org,Male,2001,Chevrolet,Silverado 1500,Wilkes Barre,Pennsylvania,18763,US,41.2722,-75.8801,38274,Ferry LLC,01/02/2025
263,Quintina,Greated,qgreated7a@apache.org,Female,1993,Chrysler,LeBaron,Louisville,Kentucky,40287,US,38.189,-85.6768,97727,Hettinger-Johns,06/08/2023
264,Baird,Idiens,bidiens7b@sitemeter.com,Male,2004,Infiniti,G,El Paso,Texas,88535,US,31.6948,-106.3,41426,Moore-Crona,04/23/2022
265,Cloe,Fautley,cfautley7c@sfgate.com,Female,1994,Mazda,Miata MX-5,Asheville,North Carolina,28815,US,35.6203,-82.5286,76426,"Jakubowski, Windler and Prosacco",02/05/2023
266,Lewiss,Broomhall,lbroomhall7d@reuters.com,Male,2011,Hyundai,Genesis Coupe,Northridge,California,91328,US,33.7866,-118.2987,65246,"Buckridge, Tremblay and Dickens",11/08/2025
267,Sharon,Vause,svause7e@posterous.com,Female,2010,Mazda,Mazda3,Baton Rouge,Louisiana,70815,US,30.4558,-91.0596,69281,Bahringer and Sons,11/02/2023
268,Eugenio,Rasch,erasch7f@sogou.com,Male,1999,Suzuki,Grand Vitara,Houston,Texas,77065,US,29.9319,-95.6106,97935,"Paucek, Gusikowski and Ledner",11/06/2024
269,Henry,Muxworthy,hmuxworthy7g@dell.com,Male,2010,Ford,Flex,Cincinnati,Ohio,45213,US,39.1802,-84.4204,45735,"Blick, Quigley and Miller",01/23/2025
270,Rafferty,Hanratty,rhanratty7h@comsenz.com,Male,2010,Nissan,Titan,Brooklyn,New York,11205,US,40.6924,-73.9666,60701,Ebert and Sons,05/06/2023
271,Ella,Rodnight,erodnight7i@addtoany.com,Female,2006,Acura,TSX,Atlanta,Georgia,31119,US,33.8913,-84.0746,79473,Reichert and Sons,03/10/2022
272,Staffard,Dodge,sdodge7j@wikispaces.com,Male,2005,Saab,9-5,Oakland,California,94605,US,37.7641,-122.1633,50439,Hermann-Reynolds,04/13/2025
273,Ernesta,Blackborow,eblackborow7k@so-net.ne.jp,Female,1996,Suzuki,Swift,Akron,Ohio,44310,US,41.1075,-81.5006,83450,"Prosacco, Leuschke and Schulist",05/07/2023
274,Ward,McDonand,wmcdonand7l@imageshack.us,Male,2004,Mitsubishi,Eclipse,Lexington,Kentucky,40591,US,38.0283,-84.4715,88132,Robel-Braun,04/21/2024
275,Bertie,Caton,bcaton7m@admin.ch,Female,2010,Ferrari,612 Scaglietti,Washington,District of Columbia,20436,US,38.8959,-77.0211,61090,Huel LLC,10/03/2023
276,Cheston,Benkhe,cbenkhe7n@samsung.com,Male,2006,Mazda,Mazda3,Yakima,Washington,98907,US,46.6288,-120.574,90673,Braun-Zemlak,06/11/2023
277,Marion,Petyt,mpetyt7o@huffingtonpost.com,Female,2012,Nissan,NV2500,Washington,District of Columbia,20062,US,38.9,-77.0369,91697,Fay-Labadie,10/17/2022
278,Laverna,Fernyhough,lfernyhough7p@rediff.com,Female,1997,Dodge,Ram 3500 Club,Van Nuys,California,91499,US,33.7866,-118.2987,33109,"Quitzon, Hartmann and Price",09/15/2023
279,Jennee,Surridge,jsurridge7q@washingtonpost.com,Female,2001,Mitsubishi,Mirage,Saint Petersburg,Florida,33715,US,27.6705,-82.7119,93226,Weissnat-King,05/07/2022
280,Aurilia,Bullman,abullman7r@ucoz.com,Female,2004,Suzuki,Verona,Inglewood,California,90310,US,33.7866,-118.2987,37172,"Willms, Dooley and McLaughlin",06/05/2025
281,Susana,Doutch,sdoutch7s@blogspot.com,Female,2010,Nissan,GT-R,Houston,Texas,77250,US,29.7629,-95.3629,69777,Stiedemann and Sons,10/09/2022
282,Alec,Laverenz,alaverenz7t@earthlink.net,Male,2008,Ford,F150,Durham,North Carolina,27710,US,36.0512,-78.8577,32469,Carter-Huels,10/21/2022
283,Cristina,Blanko,cblanko7u@va.gov,Female,2006,Mazda,Mazdaspeed6,Nashville,Tennessee,37220,US,36.0641,-86.7697,92466,"Walter, Shields and Dietrich",01/31/2022
284,Gus,Hriinchenko,ghriinchenko7v@thetimes.co.uk,Female,1970,Mercury,Cougar,Iowa City,Iowa,52245,US,41.6649,-91.5151,80606,Kohler-Considine,10/26/2023
285,Dorita,Noden,dnoden7w@shutterfly.com,Female,2012,Honda,Pilot,Austin,Texas,78703,US,30.2907,-97.7648,90371,Sipes and Sons,12/01/2023
286,Laurel,Whissell,lwhissell7x@ocn.ne.jp,Polygender,1992,Dodge,D350 Club,Tulsa,Oklahoma,74116,US,36.175,-95.8477,80512,"Haley, Jacobson and Fadel",07/18/2025
287,Fanny,Kiera,fkiera7y@edublogs.org,Female,1999,Infiniti,QX,Kansas City,Missouri,64125,US,39.1042,-94.4923,46333,Beer-Okuneva,11/06/2023
288,Cristen,Shillabeer,cshillabeer7z@oaic.gov.au,Genderqueer,2005,Mitsubishi,Outlander,New York City,New York,10009,US,40.7262,-73.9796,44800,Glover Group,11/22/2025
289,Cassandry,Sincock,csincock80@list-manage.com,Female,1991,Maserati,Spyder,Riverside,California,92505,US,33.9228,-117.4867,90699,Leannon and Sons,02/02/2024
290,Kailey,Watters,kwatters81@cam.ac.uk,Female,2012,Toyota,Venza,Melbourne,Florida,32919,US,28.3067,-80.6862,72908,"Adams, Collier and Pfeffer",12/22/2022
291,Susanetta,Sprigging,ssprigging82@elegantthemes.com,Female,1992,Chevrolet,G-Series G20,Charleston,West Virginia,25389,US,38.354,-81.6394,62207,"Dooley, Rohan and Crona",03/10/2023
292,Dorrie,Hardingham,dhardingham83@tinyurl.com,Female,1985,Mercedes-Benz,E-Class,Miami,Florida,33185,US,25.7274,-80.4497,92377,"Lubowitz, Mitchell and Kris",11/05/2025
293,Alley,Andric,aandric84@arstechnica.com,Male,2006,Chevrolet,Aveo,San Francisco,California,94126,US,37.7848,-122.7278,91892,Miller Inc,10/03/2024
294,Sayre,Medmore,smedmore85@nyu.edu,Non-binary,2007,Scion,tC,Rochester,Minnesota,55905,US,44.0225,-92.4668,45453,"Adams, Beer and Kohler",01/04/2024
295,Dottie,Brotherhead,dbrotherhead86@hao123.com,Female,1998,Infiniti,I,Memphis,Tennessee,38143,US,35.2017,-89.9715,54339,Braun Group,06/07/2022
296,Ezra,Wilsone,ewilsone87@themeforest.net,Male,1955,Ford,Thunderbird,Daytona Beach,Florida,32128,US,29.0838,-81.0336,58644,"Gibson, Franecki and Treutel",04/11/2025
297,Dylan,Balmer,dbalmer88@1und1.de,Male,2000,Mercury,Mystique,Longview,Texas,75605,US,32.5547,-94.7767,99093,Schumm LLC,01/20/2023
298,Pembroke,Mellings,pmellings89@phpbb.com,Male,1996,Subaru,SVX,Phoenix,Arizona,85072,US,33.2765,-112.1872,70336,Rohan-Renner,03/11/2024
299,Linoel,Gottelier,lgottelier8a@virginia.edu,Male,1965,Pontiac,GTO,Houston,Texas,77223,US,29.834,-95.4342,73449,"Schiller, Murphy and Haley",02/09/2023
300,Stevie,McFaul,smcfaul8b@fc2.com,Male,2008,Land Rover,Range Rover Sport,Fayetteville,North Carolina,28305,US,35.056,-78.9047,71017,Koelpin-Wintheiser,05/08/2022
301,Maible,Ransfield,mransfield8c@sina.com.cn,Female,2007,Audi,RS 4,Oklahoma City,Oklahoma,73147,US,35.5514,-97.4075,52312,Hand-Dibbert,08/30/2022
302,Averill,Stothert,astothert8d@over-blog.com,Male,2002,Chevrolet,Silverado 1500,Buffalo,New York,14276,US,42.7684,-78.8871,86165,Tremblay and Sons,01/03/2025
303,Rosie,Petrulis,rpetrulis8e@soup.io,Female,1999,Dodge,Ram 2500 Club,Richmond,Virginia,23277,US,37.5535,-77.4604,38885,Homenick and Sons,12/16/2025
304,Lyssa,Brosnan,lbrosnan8f@arstechnica.com,Female,2008,Lincoln,MKX,New York City,New York,10019,US,40.7651,-73.9858,86762,Thompson-Medhurst,01/18/2024
305,Elicia,Baldetti,ebaldetti8g@ebay.co.uk,Female,2008,Ford,F250,Los Angeles,California,90055,US,33.7866,-118.2987,48330,Stamm-Howell,12/25/2024
306,Garfield,Bentham3,gbentham8h@nyu.edu,Male,2010,Saturn,Outlook,Wilkes Barre,Pennsylvania,18706,US,41.2044,-75.9113,62341,Rath-Wintheiser,10/25/2022
307,Katerine,Haxley,khaxley8i@exblog.jp,Non-binary,1989,Honda,Accord,Durham,North Carolina,27705,US,36.0218,-78.9478,41868,"Keebler, Hane and Blick",04/03/2025
308,Garrik,Keighly,gkeighly8j@etsy.com,Male,1992,Lamborghini,Diablo,Fort Wayne,Indiana,46825,US,41.1465,-85.1232,40507,"Adams, Collier and Mills",06/20/2022
309,Stern,Firmage,sfirmage8k@cmu.edu,Male,1994,Volkswagen,Jetta,Vero Beach,Florida,32964,US,27.709,-80.5726,90860,Koss Group,03/08/2022
310,Callie,Bilby,cbilby8l@github.io,Female,1994,Dodge,Colt,Shawnee Mission,Kansas,66276,US,38.8999,-94.832,34578,Schmitt-McKenzie,06/10/2025
311,Neila,Cristou,ncristou8m@wordpress.org,Genderfluid,1996,Hyundai,Elantra,Fayetteville,North Carolina,28314,US,35.0583,-79.008,38993,Zieme-Schumm,07/31/2023
312,Giustina,Guest,gguest8n@mayoclinic.com,Agender,1999,Dodge,Avenger,Austin,Texas,78749,US,30.2166,-97.8508,73526,"Nolan, Kessler and Kautzer",03/17/2024
313,Bunni,Tupling,btupling8o@last.fm,Female,2010,Ford,E-Series,West Palm Beach,Florida,33411,US,26.6644,-80.1741,48994,"Johnston, Franecki and Beahan",07/10/2023
314,Christoph,Tythe,ctythe8p@apple.com,Male,2005,Ford,Explorer,Pensacola,Florida,32595,US,30.6143,-87.2758,46103,"Parker, Terry and Rodriguez",07/30/2023
315,Leonidas,Heinrici,lheinrici8q@about.com,Male,1996,Acura,TL,Lynchburg,Virginia,24515,US,37.4009,-79.1785,65436,Larkin-Lemke,01/14/2024
316,Rozina,Caser,rcaser8r@ehow.com,Female,1993,Suzuki,Swift,Tallahassee,Florida,32304,US,30.4478,-84.3211,62732,Schaden-Kohler,09/30/2022
317,Jolene,Collyer,jcollyer8s@booking.com,Female,2001,Mitsubishi,Eclipse,Omaha,Nebraska,68117,US,41.2064,-95.9953,57451,Toy-Walsh,06/04/2025
318,Clayton,Rollingson,crollingson8t@pinterest.com,Male,2004,Volvo,XC90,Sacramento,California,95852,US,38.6026,-121.4475,36336,Reichert and Sons,08/01/2022
319,Madonna,Leatt,mleatt8u@etsy.com,Female,1985,Pontiac,Bonneville,Springfield,Massachusetts,01105,US,42.0999,-72.5783,32264,"Nikolaus, Johns and Hodkiewicz",03/15/2022
320,Gladi,Pymar,gpymar8v@bbc.co.uk,Female,2005,Dodge,Ram 2500,Flushing,New York,11388,US,40.6514,-73.8708,80540,Bogisich Inc,01/01/2025
321,Sergei,Ickovic,sickovic8w@woothemes.com,Male,1996,Nissan,240SX,New York City,New York,10014,US,40.7339,-74.0054,66890,Roob-Green,05/22/2025
322,Meghan,Mawman,mmawman8x@altervista.org,Female,2012,Land Rover,Range Rover,Detroit,Michigan,48242,US,42.2166,-83.3532,41765,Goodwin-Nikolaus,12/26/2022
323,Ginni,Stutte,gstutte8y@jimdo.com,Female,2009,Mitsubishi,Lancer,Fort Worth,Texas,76115,US,32.6796,-97.3336,67959,"Fadel, Cremin and Littel",11/07/2024
324,Baron,Ellesmere,bellesmere8z@studiopress.com,Male,1989,Mitsubishi,Sigma,Honolulu,Hawaii,96815,US,21.2811,-157.8266,84748,Sawayn Inc,06/22/2022
325,Dodi,Sainsbury,dsainsbury90@google.it,Female,1989,Subaru,Justy,Pasadena,California,91103,US,34.1669,-118.1551,79756,Kreiger-Wiegand,04/24/2023
326,Layne,Raison,lraison91@goodreads.com,Bigender,2009,Chevrolet,Express 2500,Evansville,Indiana,47712,US,37.929,-87.6604,88855,Haag-Cormier,09/25/2022
327,Oberon,Couroy,ocouroy92@usda.gov,Male,2004,Lexus,GX,Richmond,Virginia,23203,US,37.5593,-77.4471,59869,D'Amore-Cartwright,01/09/2026
328,Dorene,Pilkinton,dpilkinton93@dion.ne.jp,Agender,1976,Toyota,Celica,Southfield,Michigan,48076,US,42.4981,-83.2058,34055,"Goyette, Rolfson and Pfeffer",09/30/2025
329,Venus,Bashford,vbashford94@furl.net,Female,2008,Jaguar,XJ,Miami,Florida,33153,US,25.8655,-80.1936,43114,Kris LLC,06/28/2025
330,Fraze,Duthy,fduthy95@gmpg.org,Male,2012,Lincoln,MKT,Melbourne,Florida,32919,US,28.3067,-80.6862,44023,Towne-Torp,08/09/2022
331,Gil,O'Hartigan,gohartigan96@eventbrite.com,Male,1984,Lincoln,Continental,Fort Myers,Florida,33994,US,26.5529,-81.9486,56396,Aufderhar-Wisozk,11/01/2023
332,Hugo,Archanbault,harchanbault97@google.de,Male,2007,Aston Martin,Vantage,Fresno,California,93750,US,36.7464,-119.6397,86974,Hamill Inc,10/20/2023
333,Fleurette,Scripture,fscripture98@gov.uk,Female,1994,Dodge,Caravan,Syracuse,New York,13224,US,43.0421,-76.1046,39766,Frami Group,05/19/2023
334,Wally,Ilchuk,wilchuk99@utexas.edu,Female,2011,Chevrolet,Express,Tuscaloosa,Alabama,35405,US,33.1617,-87.5144,73149,Reilly LLC,03/02/2023
335,Heinrik,Gluyas,hgluyas9a@vinaora.com,Male,1991,Lincoln,Continental,Baltimore,Maryland,21282,US,39.439,-76.5921,99704,"Barton, Pacocha and Weissnat",05/02/2025
336,Chelsea,Hulstrom,chulstrom9b@msu.edu,Female,1988,Ford,Festiva,Charleston,South Carolina,29411,US,32.8715,-79.9947,58817,Kassulke and Sons,11/05/2025
337,Eloise,Kilmary,ekilmary9c@economist.com,Agender,1997,Volvo,V90,Lubbock,Texas,79410,US,33.5693,-101.8904,78500,Schuppe and Sons,03/05/2022
338,Sabrina,Lettley,slettley9d@craigslist.org,Non-binary,1997,Ford,Crown Victoria,Washington,District of Columbia,20337,US,38.8933,-77.0146,77220,"Hodkiewicz, Paucek and Sawayn",01/18/2023
339,Arri,Almond,aalmond9e@hp.com,Male,2005,Porsche,Cayenne,Denver,Colorado,80209,US,39.7074,-104.9686,30324,"Wilkinson, Keebler and Casper",12/25/2022
340,Hersh,Deinhardt,hdeinhardt9f@prnewswire.com,Bigender,2003,Lexus,RX,Lubbock,Texas,79415,US,33.6021,-101.876,50122,Simonis-Kessler,10/13/2025
341,Milissent,Troni,mtroni9g@cocolog-nifty.com,Female,1989,Suzuki,SJ,Cincinnati,Ohio,45264,US,39.1668,-84.5382,74799,"Bayer, Mitchell and Casper",01/28/2025
342,Hal,Fullagar,hfullagar9h@soup.io,Male,2010,Dodge,Challenger,Newton,Massachusetts,02162,US,42.3319,-71.254,69936,Spinka-Carroll,03/17/2025
343,Joye,Marflitt,jmarflitt9i@sfgate.com,Female,2004,Hummer,H1,Englewood,Colorado,80150,US,39.7388,-104.4083,64508,"Toy, Osinski and Mayer",11/18/2023
344,Lesley,Coltart,lcoltart9j@dot.gov,Male,1995,Ford,F250,Philadelphia,Pennsylvania,19125,US,39.9788,-75.1262,99732,Aufderhar Inc,09/03/2023
345,Cooper,Sheavills,csheavills9k@shutterfly.com,Male,2006,Jaguar,S-Type,Cleveland,Ohio,44185,US,41.6857,-81.6728,97515,Hirthe Group,03/03/2023
346,Evan,Demer,edemer9l@a8.net,Male,2004,Jaguar,S-Type,Buffalo,New York,14220,US,42.8441,-78.8182,47860,Thiel and Sons,05/06/2024
347,Reeba,Rignall,rrignall9m@ucla.edu,Female,2004,Chrysler,Sebring,Boca Raton,Florida,33432,US,26.3462,-80.0844,89979,Gutmann Group,10/28/2023
348,Donnell,Duley,dduley9n@gravatar.com,Male,1999,Ford,Contour,Tampa,Florida,33633,US,27.872,-82.4388,96475,Muller Inc,04/01/2025
349,Alfred,Laughton,alaughton9o@si.edu,Male,1990,Mitsubishi,GTO,Jersey City,New Jersey,07305,US,40.702,-74.089,60693,"Effertz, Funk and Stehr",09/14/2022
350,Riccardo,Melhuish,rmelhuish9p@house.gov,Male,1999,Toyota,4Runner,North Little Rock,Arkansas,72118,US,34.8337,-92.3289,68639,"Schmeler, Padberg and Schmidt",08/03/2025
351,Tersina,Stanlake,tstanlake9q@accuweather.com,Agender,2007,Ford,Taurus,Indianapolis,Indiana,46247,US,39.7795,-86.1328,53690,Reilly-Reichel,08/13/2022
352,Reeva,Gegg,rgegg9r@ucsd.edu,Female,2000,Nissan,Sentra,Richmond,Virginia,23237,US,37.4011,-77.4615,81089,"Abbott, Cronin and Carroll",08/09/2023
353,Barnett,Salan,bsalan9s@ifeng.com,Genderfluid,1997,Land Rover,Defender 90,Fairfax,Virginia,22036,US,38.7351,-77.0796,60545,Zieme and Sons,11/30/2023
354,Hagen,Fansy,hfansy9t@linkedin.com,Non-binary,2007,Toyota,Camry Solara,Memphis,Tennessee,38188,US,35.2017,-89.9715,87318,Ledner Inc,10/05/2023
355,Percival,Vuitte,pvuitte9u@51.la,Male,2010,Mazda,MX-5,Minneapolis,Minnesota,55402,US,44.9762,-93.2759,96149,Schultz Group,04/30/2022
356,Naoma,McAsgill,nmcasgill9v@storify.com,Female,1987,Porsche,924 S,Melbourne,Florida,32941,US,27.9246,-80.5235,49891,Mraz-Ziemann,04/18/2025
357,Edna,Newburn,enewburn9w@howstuffworks.com,Female,1995,Chevrolet,1500,Kalamazoo,Michigan,49006,US,42.2922,-85.633,88444,"Hansen, Mante and Schamberger",11/13/2023
358,Giacobo,Le Brom,glebrom9x@godaddy.com,Male,2007,Nissan,Murano,Saint Joseph,Missouri,64504,US,39.7076,-94.8677,33163,Borer-Turcotte,05/24/2022
359,Astra,Greatorex,agreatorex9y@hp.com,Female,1995,Chevrolet,Sportvan G30,Gary,Indiana,46406,US,41.5878,-87.4062,80865,"Kris, Schmidt and Hudson",01/09/2026
360,Derron,Riach,driach9z@phoca.cz,Male,2007,Nissan,Maxima,Seattle,Washington,98104,US,47.6036,-122.3256,43079,Emard-Fritsch,11/14/2025
361,Ario,Cahalan,acahalana0@hp.com,Male,1995,Cadillac,Seville,Sarasota,Florida,34276,US,27.1675,-82.381,80454,Daniel-Greenholt,04/05/2022
362,Galen,Paliser,gpalisera1@quantcast.com,Male,1994,Isuzu,Space,Cleveland,Ohio,44185,US,41.6857,-81.6728,64530,Berge Group,05/02/2023
363,Sabrina,Bleacher,sbleachera2@gmpg.org,Polygender,2011,Toyota,Corolla,Clearwater,Florida,34620,US,27.9139,-82.7157,65486,Ward LLC,03/06/2024
364,Fernando,Joly,fjolya3@clickbank.net,Male,1993,Hyundai,Elantra,Murfreesboro,Tennessee,37131,US,35.8596,-86.421,39203,Koepp Inc,04/09/2022
365,Erin,Bavridge,ebavridgea4@wunderground.com,Female,1999,GMC,Yukon,Salt Lake City,Utah,84125,US,40.6681,-111.9083,42240,"Emard, Renner and Weimann",11/17/2023
366,Allard,McIlvenny,amcilvennya5@gnu.org,Male,2002,Land Rover,Freelander,New Orleans,Louisiana,70160,US,30.033,-89.8826,54046,Will Inc,06/30/2025
367,Anthiathia,Maudson,amaudsona6@telegraph.co.uk,Female,1995,Mitsubishi,Chariot,Memphis,Tennessee,38126,US,35.1255,-90.0424,81152,Pacocha Group,02/19/2023
368,Aaron,Mullett,amulletta7@prlog.org,Non-binary,2005,GMC,Yukon,Cincinnati,Ohio,45228,US,39.0706,-84.4179,68424,Schulist Inc,01/24/2025
369,Bernita,Bickerton,bbickertona8@loc.gov,Female,2004,Honda,S2000,El Paso,Texas,88569,US,31.6948,-106.3,99423,Larson Inc,06/24/2024
370,Englebert,Million,emilliona9@nymag.com,Male,2007,Toyota,Camry Solara,Anchorage,Alaska,99522,US,61.1089,-149.4403,31079,Lebsack and Sons,01/13/2025
371,Kaleb,Palatini,kpalatiniaa@cam.ac.uk,Male,2008,Hyundai,Tiburon,Pinellas Park,Florida,34665,US,27.8402,-82.7125,41148,Collier Inc,02/18/2023
372,Mimi,Fritchly,mfritchlyab@qq.com,Female,1990,Suzuki,Sidekick,New York City,New York,10105,US,40.7628,-73.9785,50698,Dibbert Group,08/02/2023
373,Lela,Corroyer,lcorroyerac@fda.gov,Female,2005,Mitsubishi,Diamante,Dayton,Ohio,45470,US,39.7505,-84.2686,80778,"White, Beatty and Ferry",06/02/2022
374,Mervin,Lacoste,mlacostead@ebay.co.uk,Male,2013,Chevrolet,Tahoe,Scranton,Pennsylvania,18505,US,41.3914,-75.6657,77931,Blanda LLC,03/09/2022
375,Ozzy,Phipard-Shears,ophipardshearsae@ustream.tv,Genderfluid,2008,Mercedes-Benz,R-Class,Oklahoma City,Oklahoma,73157,US,35.5514,-97.4075,91661,Bashirian and Sons,09/03/2022
376,Dore,Duddridge,dduddridgeaf@is.gd,Male,2010,Bentley,Continental,Fresno,California,93778,US,36.7464,-119.6397,91247,Dibbert-Wiegand,05/21/2024
377,Rosette,Sames,rsamesag@slideshare.net,Female,1992,Isuzu,Amigo,El Paso,Texas,79994,US,31.6948,-106.3,80464,Kerluke-Hyatt,08/05/2025
378,Dick,Millwater,dmillwaterah@nifty.com,Male,1996,Volkswagen,Cabriolet,Jamaica,New York,11431,US,40.6869,-73.8501,51363,Hudson LLC,01/23/2026
379,Putnem,Furminger,pfurmingerai@simplemachines.org,Male,2000,Hyundai,Sonata,Boston,Massachusetts,02109,US,42.36,-71.0545,31803,"McClure, Effertz and Walsh",05/15/2025
380,Matilda,Haggata,mhaggataaj@thetimes.co.uk,Female,2008,Hyundai,Sonata,Valdosta,Georgia,31605,US,30.946,-83.2474,38714,Kihn Inc,02/17/2023
381,Davin,Poundesford,dpoundesfordak@cafepress.com,Male,2013,Lincoln,MKS,San Antonio,Texas,78205,US,29.4237,-98.4925,36508,McGlynn Group,03/10/2024
382,Eliot,Elmhirst,eelmhirstal@google.com.au,Male,2000,GMC,Yukon,Sioux Falls,South Dakota,57105,US,43.524,-96.7341,92632,Goyette-Erdman,12/11/2023
383,Etan,Kiezler,ekiezleram@home.pl,Genderqueer,2007,Ford,Focus,Chicago,Illinois,60614,US,41.9229,-87.6483,76758,Lebsack-Walter,01/06/2024
384,Malinde,Pickston,mpickstonan@jigsy.com,Female,2002,Lincoln,Town Car,San Francisco,California,94105,US,37.7864,-122.3892,49182,Bauch-Erdman,11/28/2024
385,Timotheus,Sowood,tsowoodao@si.edu,Male,1996,Pontiac,Grand Prix,Peoria,Illinois,61651,US,40.7442,-89.7184,99108,"Schimmel, Friesen and Raynor",08/07/2024
386,Jolyn,Greenalf,jgreenalfap@wikipedia.org,Female,1993,Nissan,Sentra,Hialeah,Florida,33013,US,25.8594,-80.2725,65173,McClure-O'Connell,03/27/2022
387,Charley,Cowill,ccowillaq@icio.us,Male,1992,Honda,Prelude,Dallas,Texas,75397,US,32.7673,-96.7776,59904,Considine LLC,09/25/2025
388,Marigold,Whithorn,mwhithornar@discovery.com,Female,2000,Lincoln,Town Car,Kansas City,Missouri,64125,US,39.1042,-94.4923,89941,"Jakubowski, Witting and D'Amore",05/12/2022
389,Jedd,McGilben,jmcgilbenas@admin.ch,Male,1995,Ford,Ranger,Los Angeles,California,90101,US,33.7866,-118.2987,92786,Kuhn LLC,11/09/2022
390,Dianna,Nesfield,dnesfieldat@cpanel.net,Female,1993,Chevrolet,Suburban 1500,Wilmington,North Carolina,28405,US,34.2651,-77.867,96192,Daugherty-Ebert,12/27/2022
391,Ki,Wanless,kwanlessau@nymag.com,Female,2008,Infiniti,EX,Tucson,Arizona,85737,US,32.4142,-110.9466,57029,Fahey and Sons,08/01/2022
392,Anetta,Reynolds,areynoldsav@usa.gov,Female,1999,GMC,3500,Gainesville,Georgia,30506,US,34.3562,-83.8882,79872,"Kunze, Wolff and Legros",03/25/2023
393,Hughie,Hair,hhairaw@dagondesign.com,Non-binary,2008,Honda,Accord,Los Angeles,California,90094,US,33.9754,-118.417,44660,Aufderhar LLC,03/28/2025
394,Giralda,Conigsby,gconigsbyax@ca.gov,Female,2003,Dodge,Ram 2500,Columbia,South Carolina,29225,US,34.006,-80.9708,76805,Feil-Fadel,01/14/2025
395,Corrianne,Campione,ccampioneay@tamu.edu,Female,1992,Chrysler,LeBaron,Valdosta,Georgia,31605,US,30.946,-83.2474,73678,Gleason-Daugherty,05/06/2023
396,Gladi,McHenry,gmchenryaz@blogs.com,Female,2009,Volkswagen,CC,Conroe,Texas,77305,US,30.2906,-95.3832,77089,"Howe, Balistreri and Kihn",02/27/2025
397,Darin,Borth,dborthb0@irs.gov,Male,2012,Lamborghini,Aventador,Cape Coral,Florida,33915,US,26.6599,-81.8934,63198,Gislason-Von,08/14/2022
398,Verney,Mahaddy,vmahaddyb1@shareasale.com,Male,2004,Volkswagen,Touareg,Mesa,Arizona,85205,US,33.4368,-111.7129,99157,Zemlak-Hayes,05/01/2025
399,Angelle,Swyre,aswyreb2@free.fr,Genderfluid,2011,Audi,A8,Birmingham,Alabama,35215,US,33.6493,-86.7057,61859,"Denesik, Wisozk and Vandervort",08/10/2023
400,Shelly,Blissitt,sblissittb3@geocities.com,Female,2010,Cadillac,Escalade,Washington,District of Columbia,20420,US,38.9035,-77.0276,32984,Stanton Group,07/10/2023
401,Laural,Ventris,lventrisb4@house.gov,Female,1984,Mercedes-Benz,S-Class,Schenectady,New York,12325,US,42.8333,-74.058,67098,Schoen-Lueilwitz,08/19/2024
402,Piotr,Dudgeon,pdudgeonb5@bloomberg.com,Male,2012,MINI,Cooper Countryman,Denver,Colorado,80249,US,39.7783,-104.7556,56152,"Ruecker, Mertz and Larkin",04/09/2024
403,Raychel,Tourle,rtourleb6@ebay.co.uk,Female,2008,Ford,F-Series Super Duty,Kansas City,Missouri,64109,US,39.0663,-94.5674,65024,Hammes and Sons,04/16/2023
404,Franklin,Firebrace,ffirebraceb7@nymag.com,Male,2009,Nissan,Frontier,Hartford,Connecticut,06183,US,41.7638,-72.673,95449,Heathcote-Kling,05/25/2022
405,Asher,Gilcrist,agilcristb8@wired.com,Male,1996,Oldsmobile,98,Anchorage,Alaska,99522,US,61.1089,-149.4403,94798,Kreiger Inc,06/28/2024
406,Timotheus,Getsham,tgetshamb9@blogspot.com,Male,1985,Mercury,Lynx,Manassas,Virginia,22111,US,38.7202,-77.4391,65197,Altenwerth Inc,11/03/2024
407,Nat,Faltin,nfaltinba@weebly.com,Male,1998,Mitsubishi,Eclipse,Huntsville,Alabama,35895,US,34.734,-86.5229,81775,Ankunding and Sons,04/19/2024
408,Ida,McConway,imcconwaybb@nps.gov,Female,1997,Audi,Cabriolet,South Bend,Indiana,46620,US,41.5968,-86.293,41007,Haley-Runte,09/19/2025
409,Nellie,Kearle,nkearlebc@yolasite.com,Female,2008,Nissan,Sentra,Wilkes Barre,Pennsylvania,18706,US,41.2044,-75.9113,55613,O'Hara Group,01/31/2022
410,Elmo,Colam,ecolambd@skype.com,Male,2008,Chrysler,Crossfire,Pompano Beach,Florida,33064,US,26.2785,-80.1157,43385,"Hudson, Hahn and Ratke",04/19/2022
411,Clarie,Rayburn,crayburnbe@godaddy.com,Female,2003,Buick,Regal,Garland,Texas,75044,US,32.9522,-96.6654,39197,Towne Group,09/18/2025
412,Corney,Aronson,caronsonbf@over-blog.com,Male,1993,Dodge,D350,Las Vegas,Nevada,89135,US,36.1378,-115.3261,75167,"Denesik, Spinka and Kessler",10/05/2022
413,Barbara,Hovington,bhovingtonbg@usa.gov,Female,2008,Mercury,Sable,Henderson,Nevada,89012,US,36.0119,-115.0433,54585,"Grady, Leuschke and Ortiz",08/15/2024
414,Kent,Dupey,kdupeybh@oracle.com,Genderqueer,1993,Ford,Thunderbird,Kissimmee,Florida,34745,US,27.9953,-81.2593,34837,Howell-Green,08/02/2022
415,Consolata,Wreakes,cwreakesbi@msu.edu,Female,1994,Volkswagen,Golf,Charleston,South Carolina,29403,US,32.7976,-79.9493,79602,Kulas LLC,10/18/2023
416,Kathie,Loxdale,kloxdalebj@microsoft.com,Female,1994,Mitsubishi,Diamante,Austin,Texas,78726,US,30.43,-97.8326,63629,Towne Group,01/15/2026
417,Darcy,Tidmarsh,dtidmarshbk@opera.com,Male,1992,Mitsubishi,Mirage,Miami,Florida,33111,US,25.5584,-80.4582,35820,Wiegand-Runolfsdottir,09/04/2024
418,Gerta,Lauchlan,glauchlanbl@yahoo.co.jp,Female,2005,BMW,X3,Lake Charles,Louisiana,70616,US,30.2642,-93.3265,65472,Runte-Bergnaum,12/16/2024
419,Armando,Marshland,amarshlandbm@auda.org.au,Male,1988,Ford,F-Series,Pittsburgh,Pennsylvania,15230,US,40.4344,-80.0248,71854,Wolf-Langosh,03/21/2024
420,Iorgo,Connerry,iconnerrybn@netscape.com,Male,2002,Toyota,MR2,Lansing,Michigan,48901,US,42.5992,-84.372,70518,Hammes LLC,05/28/2023
421,Eda,Yakobowitch,eyakobowitchbo@google.it,Female,1989,Ford,Festiva,Saint Paul,Minnesota,55172,US,45.0059,-93.1059,74804,Hilpert LLC,08/07/2022
422,Micaela,Livett,mlivettbp@china.com.cn,Female,2013,Subaru,BRZ,Denver,Colorado,80255,US,39.7388,-104.4083,98196,"Klocko, Kuvalis and Lueilwitz",06/15/2025
423,Conrade,Huleatt,chuleattbq@networksolutions.com,Male,1992,Ford,F150,Amarillo,Texas,79188,US,35.1885,-101.8165,55145,"Blick, Pfeffer and Hagenes",12/03/2025
424,Irvin,Brotherhead,ibrotherheadbr@multiply.com,Male,1992,Dodge,Ram Wagon B350,Chicago,Illinois,60636,US,41.776,-87.6674,76833,Baumbach-Schiller,04/09/2023
425,Tori,Rysom,trysombs@columbia.edu,Female,2010,Lincoln,Navigator,Corpus Christi,Texas,78415,US,27.7262,-97.4078,40382,"Monahan, Emmerich and Hamill",06/10/2024
426,Bearnard,Farres,bfarresbt@php.net,Male,2007,Maserati,Quattroporte,Lincoln,Nebraska,68524,US,40.8529,-96.7943,72226,Cartwright LLC,03/01/2025
427,Kermie,Thursfield,kthursfieldbu@salon.com,Male,2006,Nissan,350Z Roadster,Washington,District of Columbia,20414,US,38.884,-77.0221,87594,Ledner and Sons,11/14/2022
428,Orrin,Peabody,opeabodybv@addtoany.com,Male,2011,Mazda,CX-9,Jacksonville,Florida,32220,US,30.329,-81.8176,61066,Johnson Group,10/27/2024
429,Lynette,Posthill,lposthillbw@alexa.com,Female,2000,Mitsubishi,Montero Sport,Sacramento,California,94297,US,38.3774,-121.4444,49406,Barrows-Wilkinson,10/12/2023
430,Evyn,Bastow,ebastowbx@geocities.jp,Male,1999,Mazda,Millenia,Rochester,New York,14619,US,43.1367,-77.6481,49195,Franecki-Morissette,10/03/2025
431,Felipe,Dight,fdightby@ifeng.com,Male,2004,Toyota,MR2,Richmond,Virginia,23203,US,37.5593,-77.4471,31829,Satterfield Inc,11/01/2025
432,Murvyn,Eadie,meadiebz@cdbaby.com,Male,2008,Chevrolet,Colorado,Nashville,Tennessee,37215,US,36.0986,-86.8219,95187,"Medhurst, Williamson and Welch",04/07/2022
433,Mabelle,Korneev,mkorneevc0@princeton.edu,Female,1998,Suzuki,Sidekick,Detroit,Michigan,48217,US,42.2719,-83.1545,50104,"Luettgen, Goodwin and Blanda",11/05/2023
434,Shayne,Dole,sdolec1@wiley.com,Female,1994,Dodge,Ram 2500,Pensacola,Florida,32520,US,30.4124,-87.2035,81449,Deckow-Weissnat,06/30/2024
435,Zeb,Demare,zdemarec2@reddit.com,Male,1992,Chevrolet,Cavalier,Charlottesville,Virginia,22903,US,38.0339,-78.4924,61419,Medhurst and Sons,09/05/2025
436,Jose,Nezey,jnezeyc3@reuters.com,Male,1997,Buick,LeSabre,Austin,Texas,78737,US,30.2107,-97.9427,99099,"Kshlerin, Herman and Kunde",03/28/2022
437,Reamonn,Burnard,rburnardc4@china.com.cn,Male,2007,Bentley,Continental GT,Provo,Utah,84605,US,40.177,-111.536,38293,Ferry-Towne,08/24/2025
438,Roddy,Kirkman,rkirkmanc5@zimbio.com,Male,2007,Chevrolet,Equinox,Florence,South Carolina,29505,US,34.1231,-79.6893,53767,Pacocha Group,09/26/2025
439,Cherry,Glisane,cglisanec6@webeden.co.uk,Female,2007,Mitsubishi,Outlander,Saint Cloud,Minnesota,56372,US,45.5289,-94.5933,38711,"Bergstrom, Jaskolski and Trantow",04/27/2025
440,Derwin,Donson,ddonsonc7@blogspot.com,Male,1985,Saab,900,Little Rock,Arkansas,72204,US,34.7269,-92.344,35815,White Group,07/21/2024
441,Margette,Irce,mircec8@bigcartel.com,Female,2003,Ford,Expedition,Jamaica,New York,11431,US,40.6869,-73.8501,89875,"Pacocha, Effertz and Bayer",01/06/2023
442,Lazaro,Butterfint,lbutterfintc9@hostgator.com,Male,2000,Isuzu,Amigo,Gainesville,Florida,32605,US,29.6785,-82.3679,97310,Luettgen-Cummerata,07/15/2023
443,Elfrieda,Shobbrook,eshobbrookca@alexa.com,Female,2005,Hyundai,Tucson,Green Bay,Wisconsin,54313,US,44.5463,-88.1021,69036,Kuphal-Ebert,07/10/2025
444,Callida,Ziehms,cziehmscb@reuters.com,Female,2006,Cadillac,CTS-V,Richmond,Virginia,23213,US,37.5593,-77.4471,69489,"Jacobs, Greenholt and Koelpin",01/16/2025
445,Tania,Yearn,tyearncc@seattletimes.com,Bigender,1999,Pontiac,Grand Prix,Brooklyn,New York,11254,US,40.6451,-73.945,95073,Cole Inc,07/09/2024
446,Doria,Eversley,deversleycd@businesswire.com,Female,2012,Mitsubishi,Eclipse,Tulsa,Oklahoma,74108,US,36.1499,-95.7923,50720,Treutel-Padberg,11/22/2023
447,Cyril,Trumpeter,ctrumpeterce@cdc.gov,Male,1993,Audi,Quattro,Lawrenceville,Georgia,30245,US,33.9464,-83.9912,85028,"Balistreri, Gerhold and Greenholt",11/12/2024
448,Keefe,Gilardoni,kgilardonicf@engadget.com,Male,2010,Chrysler,PT Cruiser,Washington,District of Columbia,20551,US,38.892,-77.0452,94202,Feest-Cole,08/11/2025
449,Katerina,Lanchbery,klanchberycg@furl.net,Female,2009,Pontiac,G6,Honolulu,Hawaii,96840,US,21.3068,-157.8607,50492,"Schuster, McLaughlin and Wisozk",09/02/2023
450,Chadwick,Learmond,clearmondch@fema.gov,Genderfluid,2000,Cadillac,DeVille,Bakersfield,California,93381,US,35.2944,-118.9052,98087,"Rempel, Weissnat and Purdy",01/07/2024
451,Katalin,Jervoise,kjervoiseci@angelfire.com,Female,1993,Chrysler,Concorde,West Palm Beach,Florida,33411,US,26.6644,-80.1741,53877,"Klein, Price and Rohan",12/28/2025
452,Shelly,Devote,sdevotecj@odnoklassniki.ru,Female,1995,Mazda,626,Saint Paul,Minnesota,55108,US,44.9806,-93.1771,92968,Kovacek-Schultz,09/29/2025
453,Byron,Kinchin,bkinchinck@vistaprint.com,Male,1993,Plymouth,Colt Vista,Cincinnati,Ohio,45203,US,39.1075,-84.5257,96733,Treutel LLC,12/24/2023
454,Shanon,Chaloner,schalonercl@list-manage.com,Female,2004,Subaru,Forester,Corpus Christi,Texas,78415,US,27.7262,-97.4078,47109,"Connelly, Schuppe and Witting",05/25/2022
455,Beverlie,Spadollini,bspadollinicm@blogtalkradio.com,Female,1994,GMC,2500,Jackson,Mississippi,39210,US,32.3218,-90.1771,83825,Spinka LLC,11/28/2022
456,Sibilla,Moloney,smoloneycn@usnews.com,Female,1996,Acura,SLX,Morgantown,West Virginia,26505,US,39.6505,-79.944,47743,Cummings LLC,02/24/2022
457,Crissie,Thyer,cthyerco@tinypic.com,Female,1986,Subaru,Leone,Anniston,Alabama,36205,US,33.7358,-85.7933,73965,"Smith, Lemke and Morissette",10/05/2025
458,Gregg,Potier,gpotiercp@cbslocal.com,Male,2006,Nissan,Maxima,Honolulu,Hawaii,96840,US,21.3068,-157.8607,53008,"Larson, Witting and Sauer",01/19/2025
459,Jazmin,Cogdon,jcogdoncq@mayoclinic.com,Female,1994,Volvo,940,Visalia,California,93291,US,36.3551,-119.301,69935,"Kassulke, Runolfsdottir and Mante",03/23/2024
460,Rubina,Faichney,rfaichneycr@yolasite.com,Female,2002,Hyundai,Santa Fe,Columbus,Mississippi,39705,US,33.5508,-88.4865,50873,"Kulas, Nolan and Keebler",01/26/2025
461,Ransell,Rubenczyk,rrubenczykcs@angelfire.com,Male,2000,Volkswagen,New Beetle,Watertown,Massachusetts,02472,US,42.37,-71.1773,90055,Lueilwitz Group,04/04/2024
462,Lona,Sauvage,lsauvagect@rediff.com,Female,2010,Dodge,Caliber,New Haven,Connecticut,06533,US,41.3657,-72.9275,54794,Willms Inc,08/18/2025
463,Sunny,Shannon,sshannoncu@mit.edu,Polygender,1990,Mazda,RX-7,Arlington,Virginia,22212,US,38.8808,-77.113,90156,Ullrich Inc,01/01/2026
464,Abbi,Dudson,adudsoncv@psu.edu,Female,2011,MINI,Cooper Clubman,Wichita,Kansas,67230,US,37.6808,-97.1558,65135,"Anderson, Balistreri and Goyette",10/28/2023
465,Eugine,Surgen,esurgencw@amazon.com,Female,2003,Ford,E350,Pompano Beach,Florida,33064,US,26.2785,-80.1157,77866,Cummerata-Schinner,05/13/2023
466,Elane,Sawday,esawdaycx@webs.com,Female,1977,Mercedes-Benz,W123,New Haven,Connecticut,06533,US,41.3657,-72.9275,64454,Herzog Group,12/15/2023
467,Austine,Bamlett,abamlettcy@admin.ch,Female,2007,Mazda,Mazdaspeed6,San Francisco,California,94137,US,37.7848,-122.7278,60063,"Streich, Von and Hettinger",11/05/2022
468,Matt,Aldren,maldrencz@yelp.com,Male,1992,Cadillac,Brougham,Bakersfield,California,93311,US,35.3039,-119.1056,48689,Erdman-Emmerich,05/07/2024
469,Isidore,Kilgallon,ikilgallond0@ovh.net,Male,1986,Buick,Somerset,San Francisco,California,94121,US,37.7786,-122.4892,86695,Morar-Deckow,11/06/2022
470,Jaclyn,Enocksson,jenockssond1@gov.uk,Female,2000,Dodge,Stratus,Waterloo,Iowa,50706,US,42.4156,-92.2703,48228,"Gottlieb, Stroman and Rosenbaum",08/12/2024
471,Tamra,Louis,tlouisd2@elpais.com,Female,1994,BMW,7 Series,Punta Gorda,Florida,33982,US,26.9668,-81.9545,94351,Herman Inc,03/02/2024
472,Angelia,Andriveaux,aandriveauxd3@fda.gov,Female,1989,Audi,90,Las Vegas,Nevada,89140,US,36.086,-115.1471,71711,"Runolfsson, Larkin and Pagac",06/28/2024
473,Judah,Struss,jstrussd4@google.com,Male,1985,Lamborghini,Countach,Kansas City,Kansas,66160,US,39.0966,-94.7495,66978,Brown-Kuphal,06/22/2024
474,Thea,Howsden,thowsdend5@ebay.com,Female,2001,Volvo,S40,New Hyde Park,New York,11044,US,40.7548,-73.6018,85257,Stamm-Hand,06/17/2023
475,Elva,Quayle,equayled6@blog.com,Female,2008,Morgan,Aero 8,Houston,Texas,77266,US,29.834,-95.4342,57317,Schamberger-McLaughlin,04/20/2022
476,Clarence,Hanscom,chanscomd7@prlog.org,Polygender,1993,Infiniti,G,El Paso,Texas,79994,US,31.6948,-106.3,59869,Zboncak and Sons,11/19/2024
477,Dominga,Dutt,dduttd8@epa.gov,Female,1996,Ford,E-Series,Stamford,Connecticut,06912,US,41.3089,-73.3637,66098,"Streich, O'Conner and Legros",09/28/2022
478,Louise,Gunson,lgunsond9@vistaprint.com,Polygender,2007,Buick,Terraza,Nashville,Tennessee,37205,US,36.1114,-86.869,47901,"Barrows, Morar and Marquardt",01/26/2025
479,Margarette,Pedri,mpedrida@reverbnation.com,Polygender,2003,Saab,9-3,Fort Smith,Arkansas,72905,US,35.191,-94.2382,30840,"Dach, Gleason and Murphy",06/07/2022
480,Bastian,Alkins,balkinsdb@simplemachines.org,Male,2002,Mercedes-Benz,SLK-Class,Yakima,Washington,98907,US,46.6288,-120.574,32405,Howell-Hilpert,08/10/2022
481,Ivy,Lockner,ilocknerdc@examiner.com,Genderfluid,1987,Pontiac,Grand Prix,Falls Church,Virginia,22047,US,38.8318,-77.2888,43540,"Sanford, Koch and Schumm",06/13/2022
482,Lothaire,O'Docherty,lodochertydd@google.de,Male,1998,Nissan,200SX,San Francisco,California,94105,US,37.7864,-122.3892,50615,Walker-Toy,02/28/2025
483,Rodie,Brewin,rbrewinde@mit.edu,Female,1997,Ford,Econoline E150,Birmingham,Alabama,35231,US,33.5446,-86.9292,55488,"Langworth, Quitzon and Jenkins",04/06/2025
484,Paco,Carncross,pcarncrossdf@networkadvertising.org,Male,1991,Porsche,928,Shawnee Mission,Kansas,66205,US,39.0312,-94.6308,57767,O'Keefe and Sons,07/24/2022
485,Maris,Heighway,mheighwaydg@elegantthemes.com,Female,1996,Subaru,Alcyone SVX,Brea,California,92822,US,33.9187,-117.8892,33603,"Ondricka, Stamm and Wyman",05/17/2022
486,Buck,Blore,bbloredh@merriam-webster.com,Male,2006,Ford,F250,Huntington,West Virginia,25726,US,38.4134,-82.2774,87263,Sauer Group,04/15/2025
487,Nat,Havock,nhavockdi@woothemes.com,Male,2001,Nissan,Maxima,Washington,District of Columbia,20041,US,38.8933,-77.0146,30914,"Marquardt, Towne and Beahan",12/23/2022
488,Mirabella,Tubritt,mtubrittdj@pinterest.com,Female,1991,Mazda,B-Series,Roanoke,Virginia,24024,US,37.2742,-79.9579,38325,"Ziemann, Langosh and Beatty",08/01/2022
489,Briny,Langstaff,blangstaffdk@dagondesign.com,Female,1999,Oldsmobile,Alero,San Jose,California,95138,US,37.2602,-121.7709,65373,"Hermann, Hamill and Stark",08/14/2023
490,Silvio,Brou,sbroudl@umn.edu,Male,2001,Toyota,Celica,Madison,Wisconsin,53726,US,43.0696,-89.4239,55009,"Walker, Cruickshank and Spinka",02/23/2022
491,Ben,Gentner,bgentnerdm@tuttocitta.it,Male,2012,Chrysler,300,Anchorage,Alaska,99512,US,61.204,-149.8084,36587,Padberg Group,06/24/2025
492,Inness,Basham,ibashamdn@so-net.ne.jp,Agender,2011,Mitsubishi,Galant,Macon,Georgia,31296,US,32.8067,-83.6913,74011,Kessler-Wiza,09/15/2025
493,Karalee,Izakson,kizaksondo@blogs.com,Female,1995,Volkswagen,Golf,Tulsa,Oklahoma,74141,US,36.1398,-96.0297,61831,Renner and Sons,03/29/2023
494,Jacquelynn,Stratten,jstrattendp@netlog.com,Female,1999,Toyota,Corolla,Lansing,Michigan,48912,US,42.7371,-84.5244,55950,Hilpert LLC,03/05/2023
495,Deonne,Deignan,ddeignandq@youtube.com,Genderfluid,2005,Volkswagen,Touareg,Sparks,Nevada,89436,US,39.6269,-119.7081,46381,Hamill Inc,12/13/2022
496,Lexis,Masseo,lmasseodr@behance.net,Female,2004,Mazda,Mazda3,Washington,District of Columbia,20205,US,38.905,-77.0162,76832,"Okuneva, Hessel and Kozey",03/23/2023
497,Phoebe,Budgeon,pbudgeonds@house.gov,Female,1980,Chevrolet,Camaro,Plano,Texas,75074,US,33.0277,-96.6777,82019,Franecki-Spinka,09/15/2025
498,Hamid,Allridge,hallridgedt@oaic.gov.au,Male,1997,Toyota,Land Cruiser,Washington,District of Columbia,20036,US,38.9087,-77.0414,41453,McClure Group,01/08/2023
499,Adelheid,Macia,amaciadu@ihg.com,Female,2010,Ford,F150,Shawnee Mission,Kansas,66205,US,39.0312,-94.6308,34906,Nienow Group,06/04/2023
500,Margeaux,Wingatt,mwingattdv@cargocollective.com,Female,2000,Chevrolet,Express 2500,Oklahoma City,Oklahoma,73179,US,35.4242,-97.6547,46715,"Wolf, Quigley and Fay",11/22/2022
501,Audrie,Heinel,aheineldw@booking.com,Genderqueer,2007,Isuzu,i-290,Lexington,Kentucky,40505,US,38.0612,-84.4583,89104,Bernier and Sons,03/12/2022
502,Edmon,Ambrois,eambroisdx@moonfruit.com,Male,2008,Saab,9-7X,Athens,Georgia,30610,US,33.9443,-83.3891,56141,Jaskolski Inc,08/19/2023
503,Benjie,Landrean,blandreandy@bigcartel.com,Male,2011,Ram,3500,Wilmington,Delaware,19892,US,39.5645,-75.597,80061,"Strosin, Denesik and Keeling",12/30/2025
504,Mata,MacKegg,mmackeggdz@usda.gov,Genderfluid,1994,Audi,90,Whittier,California,90605,US,33.9413,-118.0356,82787,"Aufderhar, Fay and Volkman",08/27/2023
505,Rosalyn,Gothard,rgotharde0@lulu.com,Female,1996,Saturn,S-Series,Anchorage,Alaska,99512,US,61.204,-149.8084,43343,"O'Conner, Heaney and Corwin",01/04/2024
506,Elston,Dory,edorye1@theglobeandmail.com,Male,2004,Suzuki,Daewoo Lacetti,Rochester,New York,14609,US,43.174,-77.5637,31073,Dibbert and Sons,01/30/2022
507,Gris,Mattack,gmattacke2@prweb.com,Male,1985,Buick,Regal,New Haven,Connecticut,06505,US,41.3057,-72.7799,39069,Fritsch Inc,01/04/2023
508,Felike,Ilyuchyov,filyuchyove3@usnews.com,Male,2002,Volkswagen,Eurovan,Racine,Wisconsin,53405,US,42.7161,-87.8233,69342,"Dicki, Leuschke and Goyette",08/18/2025
509,Nannie,Elie,neliee4@irs.gov,Female,2010,Nissan,Cube,Port Saint Lucie,Florida,34985,US,27.3822,-80.409,64324,"Stehr, Lemke and Rutherford",03/26/2023
510,Tomasine,Center,tcentere5@4shared.com,Female,2008,Ford,F150,Tampa,Florida,33633,US,27.872,-82.4388,49846,Bartell LLC,07/09/2023
511,Josepha,Challenger,jchallengere6@imageshack.us,Female,2000,Pontiac,Grand Prix,San Antonio,Texas,78250,US,29.5054,-98.6688,98521,Schaden-Murphy,12/02/2025
512,Mead,Beney,mbeneye7@xinhuanet.com,Male,2001,Jaguar,S-Type,San Diego,California,92196,US,33.0169,-116.846,69474,Orn-Fay,01/17/2023
513,Cammi,Tebb,ctebbe8@cisco.com,Polygender,2007,Spyker,C8,Gainesville,Georgia,30506,US,34.3562,-83.8882,34774,"Wuckert, Gleason and DuBuque",03/05/2022
514,Gabbie,Brammall,gbrammalle9@redcross.org,Male,2001,Chevrolet,Blazer,Fort Wayne,Indiana,46867,US,41.0938,-85.0707,37477,Schmeler-Feeney,10/11/2023
515,Emmye,Eginton,eegintonea@studiopress.com,Female,2008,Chevrolet,Avalanche,White Plains,New York,10606,US,41.0247,-73.7781,30468,"Kessler, Harber and Smith",03/05/2024
516,Francisca,O'Luney,foluneyeb@jugem.jp,Female,2010,Mitsubishi,Galant,Springfield,Missouri,65898,US,37.1803,-93.2951,64854,"Renner, Legros and Parker",12/08/2025
517,Tyson,MacUchadair,tmacuchadairec@china.com.cn,Male,1997,Jeep,Cherokee,Denver,Colorado,80235,US,39.6472,-105.0795,85650,Harris and Sons,04/14/2023
518,Der,Demead,ddemeaded@yelp.com,Male,2011,Lexus,RX,Lexington,Kentucky,40591,US,38.0283,-84.4715,37291,"Hilll, Schumm and Johns",01/24/2026
519,Roth,Cheak,rcheakee@biblegateway.com,Male,1967,Pontiac,LeMans,Dallas,Texas,75265,US,32.7673,-96.7776,85548,Ankunding Group,08/09/2022
520,Edwin,Van Baaren,evanbaarenef@bbc.co.uk,Male,1993,Ford,Festiva,Shawnee Mission,Kansas,66286,US,38.8999,-94.832,34695,Towne Group,01/31/2022
521,Cass,Dunley,cdunleyeg@netscape.com,Agender,1964,Pontiac,GTO,Atlanta,Georgia,30301,US,33.8444,-84.474,44480,Skiles LLC,06/28/2025
522,Stavro,Attrey,sattreyeh@wikipedia.org,Male,2005,Audi,S4,Philadelphia,Pennsylvania,19093,US,40.0018,-75.1179,53938,"Kutch, Kuhn and McClure",08/10/2023
523,Winfred,Skeath,wskeathei@deviantart.com,Male,2012,Nissan,NV2500,Salt Lake City,Utah,84105,US,40.7372,-111.8581,98085,"Wintheiser, Hessel and Rodriguez",11/08/2023
524,Georgine,Orbell,gorbellej@t.co,Female,2002,Ford,Focus,Minneapolis,Minnesota,55470,US,45.0159,-93.4719,49757,Bartoletti and Sons,09/02/2024
525,Renate,Woolley,rwoolleyek@linkedin.com,Female,2006,BMW,7 Series,Roanoke,Virginia,24024,US,37.2742,-79.9579,75134,Mante Group,01/17/2025
526,Gib,Chappelle,gchappelleel@oracle.com,Male,2005,Pontiac,Aztek,Columbus,Ohio,43240,US,40.1454,-82.9817,96149,"Rohan, Jacobi and Beer",10/02/2022
527,Gae,MacKinnon,gmackinnonem@wisc.edu,Female,1992,Dodge,Daytona,Frankfort,Kentucky,40618,US,38.2341,-84.8748,52255,Kessler Inc,02/09/2023
528,Lorain,Deavin,ldeavinen@admin.ch,Female,2008,Aptera,Typ-1,Saint Joseph,Missouri,64504,US,39.7076,-94.8677,70441,Casper-Berge,03/11/2023
529,Jereme,Idell,jidelleo@economist.com,Male,2006,Chrysler,300,Iowa City,Iowa,52245,US,41.6649,-91.5151,81903,"Marquardt, Kerluke and Lockman",06/22/2024
530,Dorene,McManamon,dmcmanamonep@meetup.com,Female,2005,Mitsubishi,Diamante,Denver,Colorado,80299,US,39.7388,-104.4083,89065,Moore Inc,03/12/2025
531,Tobias,Clitsome,tclitsomeeq@google.com.hk,Male,2005,Honda,Civic,Colorado Springs,Colorado,80930,US,38.8289,-104.5269,88902,"Bashirian, Roberts and Howell",07/18/2022
532,Ivonne,Plaister,iplaisterer@timesonline.co.uk,Female,2011,Lotus,Elise,Cincinnati,Ohio,45218,US,39.2663,-84.5221,45843,Kessler LLC,06/12/2025
533,Hermon,Greeno,hgreenoes@squidoo.com,Male,2012,Toyota,Matrix,Amarillo,Texas,79188,US,35.1885,-101.8165,65095,Oberbrunner-Stoltenberg,04/19/2022
534,Callida,Capponeer,ccapponeeret@wp.com,Female,1993,Dodge,Stealth,Saint Petersburg,Florida,33715,US,27.6705,-82.7119,65205,"Sipes, Rosenbaum and Koelpin",04/22/2024
535,Davidson,Seatter,dseattereu@naver.com,Male,2008,Aston Martin,V8 Vantage,Houston,Texas,77025,US,29.6889,-95.4341,80653,Maggio-Kutch,08/03/2023
536,Wilburt,Grinval,wgrinvalev@vinaora.com,Male,2009,Volkswagen,Touareg,Cincinnati,Ohio,45233,US,39.111,-84.6594,51203,Orn-Lynch,01/12/2023
537,Raphaela,Reynault,rreynaultew@google.nl,Female,2008,BMW,M Roadster,Jacksonville,Florida,32236,US,30.3449,-81.6831,49706,Franecki-Kunze,11/16/2024
538,Nettle,Woolis,nwoolisex@rediff.com,Female,1986,Pontiac,Bonneville,Lubbock,Texas,79452,US,33.61,-101.8213,99320,"Stoltenberg, Jakubowski and Konopelski",07/01/2024
539,Chickie,Celes,ccelesey@hao123.com,Agender,1998,Isuzu,Hombre,Boca Raton,Florida,33432,US,26.3462,-80.0844,78422,Conn-Schmidt,03/09/2022
540,Brit,Jados,bjadosez@tuttocitta.it,Female,2005,Cadillac,CTS,Hartford,Connecticut,06145,US,41.7918,-72.7188,69934,Stanton Group,02/14/2023
541,Vick,Harry,vharryf0@state.tx.us,Genderfluid,2011,Nissan,GT-R,Columbus,Ohio,43220,US,40.0495,-83.0669,79433,Wisoky LLC,11/13/2023
542,Adham,Trusse,atrussef1@home.pl,Male,2003,BMW,525,Miami,Florida,33158,US,25.6364,-80.3187,55449,Harris-Klocko,10/14/2022
543,Emelen,Caston,ecastonf2@wikipedia.org,Polygender,1985,Ford,LTD Crown Victoria,Pasadena,California,91109,US,33.7866,-118.2987,68462,"Crist, Cormier and Hegmann",03/06/2025
544,Alfie,Phythian,aphythianf3@amazon.co.uk,Female,2013,BMW,X6 M,Missoula,Montana,59806,US,47.116,-114.0498,80682,Rau and Sons,03/15/2025
545,Consuela,Najara,cnajaraf4@skype.com,Female,1992,Ford,Econoline E150,Baltimore,Maryland,21282,US,39.439,-76.5921,81728,Wolf-Pfeffer,08/23/2023
546,Antonetta,Shayler,ashaylerf5@plala.or.jp,Female,2006,Volvo,S80,Albuquerque,New Mexico,87105,US,35.0448,-106.6893,61107,Macejkovic-Schultz,03/29/2024
547,Tally,Carlin,tcarlinf6@is.gd,Male,1987,Lamborghini,Countach,Asheville,North Carolina,28805,US,35.6004,-82.4918,54246,Bergnaum Inc,01/01/2024
548,Arabela,Mabbe,amabbef7@xing.com,Female,1994,Volkswagen,Eurovan,New Haven,Connecticut,06505,US,41.3057,-72.7799,48975,Gleichner LLC,12/07/2022
549,Marj,Stovell,mstovellf8@ibm.com,Female,1986,Audi,4000s Quattro,Cincinnati,Ohio,45213,US,39.1802,-84.4204,32468,Watsica Inc,03/19/2024
550,Caralie,Robertsson,crobertssonf9@google.cn,Female,2007,Mitsubishi,Raider,Corpus Christi,Texas,78405,US,27.7762,-97.4271,74753,"Leffler, Witting and Senger",08/20/2024
551,Antonietta,Cawte,acawtefa@google.com,Female,1970,Mercury,Cougar,Washington,District of Columbia,20546,US,38.891,-77.0211,77239,"Collins, Gutkowski and Kessler",07/22/2025
552,Burch,Gwynn,bgwynnfb@clickbank.net,Male,1989,Ford,Courier,Davenport,Iowa,52809,US,41.613,-90.6063,80632,"Kilback, Bayer and Ernser",01/26/2024
553,Fairleigh,Naulty,fnaultyfc@etsy.com,Polygender,2006,Infiniti,QX,Albany,New York,12247,US,42.6149,-73.9708,89001,"Mayer, Yundt and Hane",10/01/2023
554,Aurelea,Boas,aboasfd@webnode.com,Female,2003,BMW,530,Monroe,Louisiana,71213,US,32.4908,-92.1594,43940,Christiansen-Kuvalis,09/26/2025
555,Rayna,Hawke,rhawkefe@amazon.de,Female,1995,Toyota,Avalon,Trenton,New Jersey,08650,US,40.2805,-74.712,69745,Cummerata Group,09/30/2022
556,Elwyn,Lennarde,elennardeff@google.com.hk,Male,2008,Chrysler,PT Cruiser,Washington,District of Columbia,20591,US,38.8933,-77.0146,54619,Heidenreich Group,10/22/2024
557,Starr,Notman,snotmanfg@flavors.me,Female,1990,Pontiac,Firefly,Kent,Washington,98042,US,47.368,-122.1206,77603,Aufderhar-Weissnat,01/12/2024
558,Raven,Paulusch,rpauluschfh@bandcamp.com,Female,2009,Chevrolet,Corvette,Baltimore,Maryland,21275,US,39.2847,-76.6205,82585,Stamm Group,04/09/2022
559,Marji,Sedger,msedgerfi@bing.com,Female,1996,Audi,A4,Waterbury,Connecticut,06705,US,41.5503,-72.9963,85085,Bergnaum LLC,07/14/2023
560,Marlo,Penke,mpenkefj@ifeng.com,Female,1992,Mazda,Protege,Raleigh,North Carolina,27605,US,35.7908,-78.653,99324,"Ruecker, Stanton and Champlin",11/14/2023
561,Yorke,O'Lennachain,yolennachainfk@bloglines.com,Male,2010,Ford,Fusion,Saint Paul,Minnesota,55114,US,44.968,-93.1981,99250,"West, Cremin and Parker",03/10/2024
562,Esdras,Philippe,ephilippefl@cisco.com,Male,1987,Pontiac,Sunbird,Columbia,South Carolina,29240,US,34.006,-80.9708,48080,Lemke-Luettgen,03/29/2024
563,Drugi,Motton,dmottonfm@jalbum.net,Male,1998,Mitsubishi,Eclipse,New Haven,Connecticut,06533,US,41.3657,-72.9275,64268,"Trantow, Christiansen and Bayer",02/16/2022
564,Hayes,Hadlow,hhadlowfn@huffingtonpost.com,Male,1999,Lexus,SC,Cape Coral,Florida,33915,US,26.6599,-81.8934,80835,Thiel-Ziemann,09/11/2025
565,Maureen,Mulholland,mmulhollandfo@economist.com,Female,1997,Toyota,Camry,Jackson,Mississippi,39210,US,32.3218,-90.1771,84810,Kirlin LLC,03/26/2024
566,Beatrice,Carney,bcarneyfp@wired.com,Female,1999,Nissan,Pathfinder,Missoula,Montana,59806,US,47.116,-114.0498,82870,"Prosacco, Mueller and Terry",09/04/2022
567,Rudyard,Pantling,rpantlingfq@feedburner.com,Male,2006,Mercedes-Benz,R-Class,Cincinnati,Ohio,45243,US,39.1848,-84.3448,40184,Koss Inc,03/09/2025
568,Regan,Trim,rtrimfr@addthis.com,Male,1973,Ford,Mustang,San Antonio,Texas,78215,US,29.4413,-98.4793,84381,Bergstrom Inc,10/21/2025
569,Bentlee,Harrington,bharringtonfs@ask.com,Male,1993,Mercury,Cougar,Columbus,Ohio,43240,US,40.1454,-82.9817,65509,"Lang, Legros and Green",12/25/2023
570,Hadlee,Redferne,hredferneft@themeforest.net,Male,2012,Acura,RL,Jamaica,New York,11447,US,40.6914,-73.8061,74318,Gutmann-Abshire,02/23/2025
571,Brander,Berardt,bberardtfu@51.la,Male,1985,Mercedes-Benz,W201,South Bend,Indiana,46614,US,41.6255,-86.2433,37626,Kling-Mosciski,04/17/2025
572,Charlie,Deporte,cdeportefv@columbia.edu,Male,1998,BMW,5 Series,Washington,District of Columbia,20409,US,38.8933,-77.0146,38862,"Watsica, Bogan and Goyette",12/13/2025
573,Rupert,Arkin,rarkinfw@csmonitor.com,Male,2011,Maybach,57,San Francisco,California,94126,US,37.7848,-122.7278,62298,Kuhic-Waters,01/02/2024
574,Delores,Antonomolii,dantonomoliifx@1und1.de,Female,1989,Pontiac,Grand Prix,Washington,District of Columbia,20210,US,38.8933,-77.0146,50571,Crooks-Willms,10/02/2022
575,Arlana,Armstrong,aarmstrongfy@spiegel.de,Female,1988,Mitsubishi,Truck,Staten Island,New York,10305,US,40.5973,-74.0768,83452,Nitzsche-Spencer,04/24/2022
576,Tiffi,McFarland,tmcfarlandfz@irs.gov,Female,2003,GMC,Savana 3500,Apache Junction,Arizona,85219,US,33.3616,-111.2795,62251,"Kohler, Moen and Rowe",10/13/2023
577,Sibbie,Rowth,srowthg0@creativecommons.org,Female,2010,Infiniti,QX,Berkeley,California,94705,US,37.8571,-122.25,89180,"Fay, Bartell and Morar",08/05/2024
578,Marsh,Ghidoni,mghidonig1@usatoday.com,Male,2009,Volkswagen,Tiguan,Philadelphia,Pennsylvania,19191,US,40.0018,-75.1179,55233,Lebsack and Sons,08/31/2023
579,Vince,Grishakov,vgrishakovg2@hp.com,Male,1992,Ford,Bronco,Miami,Florida,33142,US,25.813,-80.232,42710,Hauck-Pfeffer,12/24/2022
580,Stefania,Pitblado,spitbladog3@fastcompany.com,Genderfluid,2000,Mazda,MPV,Visalia,California,93291,US,36.3551,-119.301,46885,"Nader, Boehm and Schiller",10/30/2024
581,Lindsey,Ashmore,lashmoreg4@uiuc.edu,Female,1994,Nissan,Maxima,Daytona Beach,Florida,32118,US,29.2219,-81.0095,71133,Marquardt LLC,06/19/2025
582,Faydra,Tryme,ftrymeg5@indiatimes.com,Female,1992,GMC,2500 Club Coupe,Bismarck,North Dakota,58505,US,46.8165,-100.7805,65441,Ferry-Klocko,02/12/2025
583,Julie,Petric,jpetricg6@fotki.com,Female,2006,Nissan,Xterra,Dearborn,Michigan,48126,US,42.3349,-83.1801,55569,"Murphy, Ullrich and Kuhlman",03/04/2025
584,Alene,Dahmke,adahmkeg7@cafepress.com,Female,2007,Infiniti,G,Minneapolis,Minnesota,55412,US,45.0242,-93.302,83303,Roberts and Sons,10/29/2024
585,Isaiah,Vasic,ivasicg8@bing.com,Male,2006,Toyota,Sienna,Brooklyn,New York,11215,US,40.6669,-73.9828,66927,Lowe LLC,02/10/2022
586,Nicola,Tomicki,ntomickig9@spiegel.de,Bigender,2002,Acura,NSX,San Antonio,Texas,78230,US,29.5407,-98.5521,77854,"Koepp, Swift and King",04/26/2024
587,Atlante,Simonetto,asimonettoga@nih.gov,Female,2007,Chrysler,Crossfire,Denver,Colorado,80204,US,39.734,-105.0259,74396,Pfeffer-Ullrich,07/22/2023
588,Engelbert,Kiely,ekielygb@jalbum.net,Male,2009,Honda,Pilot,Ocala,Florida,34479,US,29.2541,-82.1095,70268,"Schroeder, Bartell and Cruickshank",11/13/2022
589,Dory,Madrell,dmadrellgc@moonfruit.com,Male,2007,Mazda,RX-8,Englewood,Colorado,80150,US,39.7388,-104.4083,94363,Ernser-Donnelly,09/05/2024
590,Adelle,Fittis,afittisgd@boston.com,Female,1992,Chevrolet,Sportvan G30,New York City,New York,10045,US,40.7086,-74.0087,90943,"Gottlieb, Pfannerstill and Runte",02/26/2024
591,Tabbie,Finden,tfindenge@ycombinator.com,Male,1991,Saab,900,Des Moines,Iowa,50936,US,41.6727,-93.5722,63812,Thompson-Beier,10/13/2025
592,Doug,Gile,dgilegf@uol.com.br,Male,2004,GMC,Envoy XL,Minneapolis,Minnesota,55470,US,45.0159,-93.4719,75725,"Kutch, Little and Vandervort",11/22/2024
593,Tomaso,Armand,tarmandgg@ocn.ne.jp,Male,1992,Land Rover,Defender,Las Vegas,Nevada,89150,US,35.9279,-114.9721,91661,Cremin and Sons,11/03/2025
594,Dody,Swinnard,dswinnardgh@hc360.com,Female,1998,Ford,Expedition,Charlottesville,Virginia,22903,US,38.0339,-78.4924,70730,"Bosco, Krajcik and Armstrong",06/08/2022
595,Jodi,Golthorpp,jgolthorppgi@washingtonpost.com,Male,2006,Honda,Accord,Houston,Texas,77266,US,29.834,-95.4342,43468,"Witting, Yost and Watsica",08/23/2024
596,Darline,Ackland,dacklandgj@yandex.ru,Genderfluid,2009,Ferrari,612 Scaglietti,New Castle,Pennsylvania,16107,US,40.9897,-80.3084,83378,"Nolan, Schuppe and Reilly",07/29/2025
597,Shermie,Bretland,sbretlandgk@soup.io,Male,2008,Nissan,Rogue,Columbus,Ohio,43210,US,40.0028,-83.0164,42000,"Marquardt, Lubowitz and Green",11/21/2022
598,Hew,Ludlamme,hludlammegl@scientificamerican.com,Male,1997,Mercedes-Benz,E-Class,Norwalk,Connecticut,06859,US,41.3089,-73.3637,66787,Altenwerth-Ortiz,09/04/2022
599,Kimberli,Rankcom,krankcomgm@zdnet.com,Female,2008,Cadillac,SRX,Norfolk,Virginia,23514,US,36.9312,-76.2397,71212,"Ernser, Hegmann and Lindgren",11/07/2024
600,Sibella,Dell'Abbate,sdellabbategn@ca.gov,Female,2000,Plymouth,Grand Voyager,Austin,Texas,78744,US,30.1876,-97.7472,71558,Koch Inc,03/23/2024
601,Heddie,Gunthorpe,hgunthorpego@gravatar.com,Female,2007,Mercury,Mountaineer,Birmingham,Alabama,35285,US,33.5446,-86.9292,78120,"Howe, White and Klocko",12/26/2025
602,Marty,Shard,mshardgp@addthis.com,Male,2003,BMW,M5,Philadelphia,Pennsylvania,19172,US,39.9473,-75.15,55444,Hartmann-McGlynn,04/03/2023
603,Dru,Molian,dmoliangq@npr.org,Male,2009,Jeep,Commander,Baton Rouge,Louisiana,70810,US,30.3633,-91.0919,69849,"Schultz, Lakin and Auer",11/27/2024
604,Jacquenette,Niccolls,jniccollsgr@telegraph.co.uk,Female,1999,Dodge,Ram 2500,Virginia Beach,Virginia,23459,US,36.9216,-76.0171,71842,Carter-O'Kon,06/10/2022
605,Georgette,Wherrit,gwherritgs@apache.org,Female,1999,Chrysler,Town & Country,Pensacola,Florida,32575,US,30.6143,-87.2758,42207,"Gerhold, Langosh and Ritchie",08/11/2023
606,Blake,Draijer,bdraijergt@phpbb.com,Female,1995,Chevrolet,Monte Carlo,Decatur,Georgia,30033,US,33.8123,-84.2819,65922,Rodriguez and Sons,01/16/2023
607,Giustina,Gossan,ggossangu@forbes.com,Female,2007,Isuzu,Ascender,Phoenix,Arizona,85062,US,33.2765,-112.1872,43900,"Reilly, Boyle and Streich",07/02/2025
608,Renee,Lakenton,rlakentongv@opera.com,Bigender,1985,Volkswagen,Passat,Minneapolis,Minnesota,55417,US,44.9054,-93.2361,68950,"Shanahan, Bernhard and Lemke",03/31/2024
609,Gilli,Erridge,gerridgegw@sfgate.com,Bigender,2010,Toyota,Avalon,Cheyenne,Wyoming,82007,US,41.1084,-104.8107,33462,Treutel-Hansen,02/17/2023
610,Alis,Brayford,abrayfordgx@ibm.com,Female,1993,Suzuki,Swift,Portland,Oregon,97240,US,45.5806,-122.3748,57905,Kohler Group,02/28/2024
611,Cyrillus,La Padula,clapadulagy@chicagotribune.com,Agender,2002,Toyota,Land Cruiser,Canton,Ohio,44760,US,40.854,-81.4278,62549,Kovacek LLC,04/01/2024
612,Martina,Olivie,moliviegz@ca.gov,Female,1984,Mercedes-Benz,W201,Dallas,Texas,75287,US,33.0005,-96.8314,82085,Brown and Sons,08/30/2022
613,Shauna,De La Cote,sdelacoteh0@flickr.com,Bigender,2010,Suzuki,Equator,Worcester,Massachusetts,01605,US,42.2894,-71.7888,98794,Greenfelder and Sons,11/06/2023
614,Reggy,Granville,rgranvilleh1@whitehouse.gov,Male,1998,Toyota,T100 Xtra,Pittsburgh,Pennsylvania,15225,US,40.5051,-80.1155,58807,Pfeffer LLC,04/19/2022
615,Rasia,Curnick,rcurnickh2@booking.com,Female,2008,Mitsubishi,Galant,Birmingham,Alabama,35295,US,33.5446,-86.9292,59351,"Turner, Langosh and Goyette",01/12/2025
616,Vinnie,Aggio,vaggioh3@ftc.gov,Female,2004,Dodge,Intrepid,Lexington,Kentucky,40510,US,38.0702,-84.591,55479,Kerluke-Jast,09/02/2022
617,Stephen,Seelbach,sseelbachh4@imdb.com,Male,2010,GMC,Savana 2500,Tampa,Florida,33633,US,27.872,-82.4388,43986,"Luettgen, Hartmann and Kiehn",05/29/2022
618,Erminie,Franey,efraneyh5@china.com.cn,Female,1984,Ford,Bronco II,Saint Augustine,Florida,32092,US,29.9475,-81.5264,61373,"Bergstrom, Champlin and Maggio",04/30/2025
619,Shalna,Hanes,shanesh6@com.com,Female,2005,Buick,LaCrosse,Lancaster,Pennsylvania,17605,US,40.0185,-76.2976,91658,Gulgowski-Ward,08/16/2025
620,Taddeo,Vasyanin,tvasyaninh7@springer.com,Male,1996,Mitsubishi,Galant,Houston,Texas,77293,US,29.834,-95.4342,63070,"Gusikowski, Hermiston and Lueilwitz",11/16/2024
621,Miguel,Crimp,mcrimph8@meetup.com,Male,2006,Chevrolet,Silverado 3500,Atlanta,Georgia,30336,US,33.7406,-84.5545,36015,Breitenberg-Walsh,05/16/2024
622,Diane,Swindley,dswindleyh9@xinhuanet.com,Female,1988,Buick,Riviera,New Hyde Park,New York,11044,US,40.7548,-73.6018,43246,Sawayn LLC,06/18/2022
623,Lavena,Borthram,lborthramha@admin.ch,Female,1997,Geo,Tracker,San Francisco,California,94154,US,37.7848,-122.7278,32241,"Okuneva, Schaefer and Hegmann",02/16/2024
624,Nickolaus,Golsby,ngolsbyhb@redcross.org,Male,2000,Mercedes-Benz,SL-Class,Greenville,South Carolina,29615,US,34.8661,-82.3198,87520,Ondricka LLC,05/20/2024
625,Edgardo,Hewins,ehewinshc@bbc.co.uk,Non-binary,2004,Dodge,Ram 1500,Gainesville,Florida,32610,US,29.6813,-82.3539,65407,Turcotte-Wilderman,03/02/2024
626,Ethelda,Tomovic,etomovichd@sfgate.com,Female,1994,Ford,Tempo,Columbus,Georgia,31904,US,32.5161,-84.9785,65863,Moen-Ullrich,10/28/2022
627,Raffaello,Keasy,rkeasyhe@skyrock.com,Male,1997,Buick,Park Avenue,Kansas City,Missouri,64142,US,39.035,-94.3567,65892,"Morar, Schowalter and Hegmann",01/24/2026
628,Herold,Rideout,hrideouthf@webs.com,Male,2006,Ferrari,612 Scaglietti,San Francisco,California,94142,US,37.7848,-122.7278,85355,Botsford-Heathcote,06/01/2024
629,Dinah,Swannie,dswanniehg@chicagotribune.com,Female,1972,Ford,Thunderbird,Houston,Texas,77245,US,29.834,-95.4342,94092,"Hessel, Mann and Wiegand",01/13/2026
630,Orton,Jenkinson,ojenkinsonhh@umn.edu,Male,2006,Mercedes-Benz,R-Class,Henderson,Nevada,89074,US,36.0384,-115.0857,59590,"Hagenes, Harvey and Franecki",11/21/2023
631,Bess,Spick,bspickhi@wikia.com,Female,2012,BMW,3 Series,Philadelphia,Pennsylvania,19120,US,40.0343,-75.1213,85005,Haag and Sons,08/17/2025
632,Udall,Beyer,ubeyerhj@princeton.edu,Male,2003,Lincoln,Aviator,Savannah,Georgia,31405,US,32.0391,-81.1242,99176,Zulauf Inc,09/15/2024
633,Berkeley,Wanklyn,bwanklynhk@altervista.org,Male,2011,Chevrolet,Tahoe,Oklahoma City,Oklahoma,73129,US,35.4312,-97.4913,61923,Balistreri Inc,05/06/2024
634,Reginauld,Corris,rcorrishl@about.com,Male,2010,GMC,Acadia,Sacramento,California,95818,US,38.5568,-121.4929,91341,"Grimes, Green and Oberbrunner",09/21/2022
635,Nealson,Hasker,nhaskerhm@so-net.ne.jp,Male,2010,Mazda,Mazda3,Atlanta,Georgia,31196,US,33.8444,-84.474,66040,Stanton and Sons,07/23/2024
636,Terry,McPhillimey,tmcphillimeyhn@weather.com,Female,2012,Jeep,Liberty,Albuquerque,New Mexico,87190,US,35.0443,-106.6729,66029,"Schiller, Rau and Parker",02/12/2025
637,Dottie,Labbe,dlabbeho@blinklist.com,Female,1992,Dodge,Viper,Lafayette,Louisiana,70505,US,30.2023,-92.0188,51650,Wilkinson-Armstrong,05/13/2025
638,Celle,Hallwood,challwoodhp@constantcontact.com,Female,1997,Acura,Integra,San Jose,California,95138,US,37.2602,-121.7709,55737,"Koch, Fadel and Bins",06/05/2024
639,Meara,Heaslip,mheasliphq@weather.com,Female,1991,Subaru,Legacy,Bridgeport,Connecticut,06606,US,41.2091,-73.2086,38642,"Baumbach, Bogisich and Johnson",07/31/2024
640,Pembroke,Cattel,pcattelhr@multiply.com,Polygender,2007,Mercedes-Benz,M-Class,Des Moines,Iowa,50936,US,41.6727,-93.5722,96130,"Grimes, Morissette and Rodriguez",05/05/2025
641,Nannette,Parrish,nparrishhs@bandcamp.com,Bigender,2008,Kia,Rondo,Waco,Texas,76796,US,31.5915,-97.0823,65984,"Ondricka, Murazik and Hansen",01/22/2025
642,Cindie,Chugg,cchugght@omniture.com,Female,1992,GMC,Safari,Harrisburg,Pennsylvania,17140,US,40.3086,-76.8464,61717,Luettgen-Hansen,12/17/2025
643,Lisbeth,Rentelll,lrentelllhu@feedburner.com,Female,2006,Jeep,Grand Cherokee,Minneapolis,Minnesota,55448,US,45.1907,-93.3021,42218,Bahringer-Ortiz,04/09/2022
644,Emlynne,Keable,ekeablehv@spotify.com,Agender,2009,Lamborghini,Gallardo,Los Angeles,California,90005,US,34.0585,-118.3012,52809,Hudson LLC,09/17/2024
645,Carlo,Harmston,charmstonhw@bing.com,Male,1997,Volvo,S90,Kansas City,Missouri,64153,US,39.2627,-94.697,97351,"Kub, Medhurst and Gorczany",05/03/2024
646,Emmett,Elvin,eelvinhx@aol.com,Male,2005,Saturn,Relay,Dallas,Texas,75358,US,32.7942,-96.7652,84958,Stamm-Ortiz,07/17/2022
647,Hedwiga,Dowda,hdowdahy@hao123.com,Female,2000,Jeep,Grand Cherokee,Oklahoma City,Oklahoma,73129,US,35.4312,-97.4913,81555,"Murray, Abshire and Gibson",03/27/2023
648,Lanie,Drees,ldreeshz@ucla.edu,Bigender,2001,Pontiac,Aztek,Tulsa,Oklahoma,74133,US,36.0467,-95.8841,85306,Cronin-Howe,07/01/2024
649,Zorah,Hillyatt,zhillyatti0@hexun.com,Female,2003,Hyundai,Accent,Alhambra,California,91841,US,33.7866,-118.2987,87377,"Turcotte, Schuppe and Marquardt",04/26/2022
650,Hersch,Dodshun,hdodshuni1@webeden.co.uk,Male,2007,Ferrari,F430,Youngstown,Ohio,44505,US,41.1257,-80.6277,95801,"Harvey, Corwin and Bernhard",03/23/2023
651,Hort,Clewley,hclewleyi2@washingtonpost.com,Male,2012,Acura,RDX,Hayward,California,94544,US,37.6374,-122.067,74869,Abshire LLC,09/21/2022
652,Gilburt,Porson,gporsoni3@who.int,Non-binary,1989,Land Rover,Range Rover,Los Angeles,California,90094,US,33.9754,-118.417,82994,Padberg and Sons,09/17/2022
653,Royall,Redwin,rredwini4@marriott.com,Male,1992,GMC,Sonoma Club,Baltimore,Maryland,21203,US,39.2847,-76.6205,96564,"Thompson, Kuhic and West",04/01/2022
654,Kip,Roggerone,kroggeronei5@businesswire.com,Female,2012,Infiniti,M,Portland,Maine,04109,US,43.6783,-70.1987,44298,"Erdman, Hayes and Murazik",05/20/2023
655,Aguie,Persicke,apersickei6@theglobeandmail.com,Male,2010,Lotus,Exige,Providence,Rhode Island,02905,US,41.7845,-71.3959,76926,"Sporer, Stoltenberg and Kuvalis",07/23/2025
656,Wendy,Dabner,wdabneri7@technorati.com,Female,2001,Mercedes-Benz,S-Class,Fort Smith,Arkansas,72905,US,35.191,-94.2382,87897,"Reichel, Skiles and Pfannerstill",12/08/2024
657,Cliff,Mapstone,cmapstonei8@dropbox.com,Male,2006,Toyota,Camry Solara,Wichita,Kansas,67230,US,37.6808,-97.1558,81138,"Pacocha, Waelchi and Kuhlman",10/26/2025
658,Bertie,Abbie,babbiei9@walmart.com,Male,2010,Lincoln,Town Car,Louisville,Kentucky,40215,US,38.1913,-85.7847,33518,"Davis, Larson and Buckridge",01/24/2023
659,Klement,Bolan,kbolania@free.fr,Male,2003,Lexus,ES,Wichita Falls,Texas,76310,US,33.8581,-98.5755,58338,Mann Group,02/12/2025
660,Sly,Tregunnah,stregunnahib@narod.ru,Male,2012,Buick,Enclave,Modesto,California,95354,US,37.6409,-120.9749,48088,Weimann-Hauck,07/23/2022
661,Lisle,Surgener,lsurgeneric@unicef.org,Male,1993,GMC,2500,Birmingham,Alabama,35236,US,33.5446,-86.9292,99209,Hane Inc,07/31/2022
662,Drucy,Geare,dgeareid@odnoklassniki.ru,Female,2001,Volkswagen,New Beetle,Round Rock,Texas,78682,US,30.6568,-97.6026,47901,"Littel, Spencer and O'Conner",06/17/2025
663,Fax,Viles,fvilesie@un.org,Male,1993,Dodge,Ram Van B250,Bonita Springs,Florida,34135,US,26.3771,-81.7334,70151,Mosciski-Adams,04/28/2023
664,Sorcha,Brand,sbrandif@cnet.com,Female,2009,Porsche,Boxster,Dallas,Texas,75353,US,32.7673,-96.7776,47413,"Stehr, Schmidt and Schmidt",11/04/2024
665,Lester,Kellett,lkellettig@boston.com,Male,2010,Toyota,Highlander,San Francisco,California,94177,US,37.7848,-122.7278,31975,Ondricka LLC,07/02/2023
666,Franklin,Moukes,fmoukesih@homestead.com,Male,2006,Mercury,Monterey,Shawnee Mission,Kansas,66210,US,38.9273,-94.7143,47574,Lehner-Johnson,01/16/2026
667,Tobin,Scholler,tschollerii@php.net,Male,2005,Cadillac,STS,Salt Lake City,Utah,84135,US,40.6681,-111.9083,33060,Brekke-Metz,03/19/2024
668,Alfreda,Harby,aharbyij@jalbum.net,Female,1994,Volkswagen,Golf,Simi Valley,California,93094,US,34.0324,-119.1343,83992,Oberbrunner Inc,06/04/2024
669,Aila,Millsap,amillsapik@cargocollective.com,Female,2008,Ford,Focus,Oakland,California,94660,US,37.6802,-121.9215,89911,Ullrich Group,12/04/2024
670,Richardo,Reburn,rreburnil@tmall.com,Male,2007,Lamborghini,Murciélago,Mesa,Arizona,85215,US,33.4707,-111.7188,77787,Kris-Mosciski,06/12/2025
671,Ailbert,Booth,aboothim@accuweather.com,Male,1998,Lincoln,Continental,Tacoma,Washington,98447,US,47.1441,-122.4434,68112,Spinka-Kulas,11/24/2025
672,Winna,Adamec,wadamecin@rakuten.co.jp,Female,2012,Lexus,GX,Charlotte,North Carolina,28205,US,35.22,-80.7881,60236,"Bechtelar, Collins and Predovic",04/04/2023
673,Noni,Carverhill,ncarverhillio@springer.com,Female,2011,Chevrolet,Impala,Orange,California,92862,US,33.7915,-117.714,35464,"Stehr, Schiller and Schultz",04/23/2024
674,Tremaine,Arkwright,tarkwrightip@umn.edu,Genderfluid,2007,Honda,Pilot,Tucson,Arizona,85715,US,32.2519,-110.82,97932,Hettinger Group,05/21/2023
675,Ransom,Cardis,rcardisiq@wired.com,Male,2006,Scion,tC,Tampa,Florida,33680,US,27.872,-82.4388,38307,Gleichner-Marquardt,08/02/2025
676,Errick,Paula,epaulair@accuweather.com,Non-binary,1985,Audi,Coupe GT,Washington,District of Columbia,20442,US,38.896,-77.0177,87760,Hermann-Okuneva,04/10/2025
677,Rikki,Cutten,rcuttenis@umn.edu,Genderqueer,2005,Mazda,Mazda6,Laurel,Maryland,20709,US,38.8336,-76.8777,96998,Huels Group,12/28/2022
678,Bonita,Meo,bmeoit@list-manage.com,Female,2006,GMC,Sierra 2500HD,Concord,California,94522,US,37.7772,-121.9554,80388,"Altenwerth, Parisian and Greenholt",08/01/2024
679,Nicky,Ewens,newensiu@wikia.com,Female,1988,Ford,Laser,Miami,Florida,33169,US,25.9441,-80.2144,62046,Marks LLC,11/03/2024
680,Nevile,Grimsey,ngrimseyiv@opensource.org,Male,2004,GMC,Yukon,Baltimore,Maryland,21290,US,39.2933,-76.6238,99268,"Langosh, Shields and Hoppe",09/27/2022
681,Gilburt,Catonne,gcatonneiw@bigcartel.com,Male,2009,Morgan,Aero 8,Milwaukee,Wisconsin,53210,US,43.0685,-87.9715,87526,Walker-Reynolds,06/04/2025
682,Wilhelm,Burg,wburgix@nationalgeographic.com,Male,1996,Buick,Century,New Haven,Connecticut,06520,US,41.3657,-72.9275,60289,"Dooley, Brown and Feeney",09/13/2022
683,Niel,Veldstra,nveldstraiy@booking.com,Male,1992,Ford,F-Series,Hagerstown,Maryland,21747,US,39.5207,-77.9162,98635,Quitzon-Schamberger,09/23/2023
684,Quintilla,Worssam,qworssamiz@storify.com,Female,2009,Ferrari,599 GTB Fiorano,Austin,Texas,78744,US,30.1876,-97.7472,54483,Bode and Sons,12/05/2022
685,Colver,Ruzic,cruzicj0@aol.com,Male,1989,Buick,Riviera,Toledo,Ohio,43605,US,41.6525,-83.5085,32050,Lindgren Group,10/09/2022
686,Flossy,Jurisic,fjurisicj1@vimeo.com,Female,1993,Plymouth,Laser,Fresno,California,93726,US,36.7949,-119.7604,83177,Hodkiewicz-White,04/15/2025
687,Ralf,McErlaine,rmcerlainej2@eepurl.com,Male,1998,Subaru,Legacy,New York City,New York,10024,US,40.7864,-73.9764,77731,"Dicki, Lynch and Abbott",06/27/2024
688,Ara,Managh,amanaghj3@narod.ru,Female,1974,Pontiac,GTO,Los Angeles,California,90025,US,34.0447,-118.4487,66300,"Bode, Ziemann and Schmeler",05/25/2025
689,Catherine,Phython,cphythonj4@ow.ly,Female,2010,Infiniti,QX56,Louisville,Kentucky,40210,US,38.2306,-85.7905,68371,"Brekke, Haley and Crist",09/03/2025
690,Elna,Wagenen,ewagenenj5@princeton.edu,Female,2007,BMW,6 Series,Minneapolis,Minnesota,55417,US,44.9054,-93.2361,84315,Howell LLC,10/03/2025
691,Bianka,Wiggam,bwiggamj6@moonfruit.com,Female,2007,Chevrolet,Silverado 2500,South Bend,Indiana,46614,US,41.6255,-86.2433,68471,Klein-Schuppe,11/13/2025
692,Allan,Heaysman,aheaysmanj7@i2i.jp,Male,1994,Lincoln,Mark VIII,Los Angeles,California,90060,US,33.7866,-118.2987,45362,"Hermiston, Durgan and Murphy",08/24/2025
693,Laina,Crittal,lcrittalj8@soup.io,Female,2004,Acura,MDX,Tampa,Florida,33615,US,28.0081,-82.5805,88005,Kreiger Inc,05/23/2025
694,Kristine,Saveall,ksaveallj9@nps.gov,Female,2007,Dodge,Caravan,Houston,Texas,77020,US,29.7758,-95.3121,31257,"Ratke, Bayer and Glover",07/04/2022
695,Dar,Shipcott,dshipcottja@virginia.edu,Male,2003,Ford,Crown Victoria,Spring,Texas,77388,US,30.0505,-95.4695,76265,Lebsack-Carroll,01/18/2025
696,Lela,Impy,limpyjb@amazon.com,Female,1999,Mercury,Villager,Austin,Texas,78703,US,30.2907,-97.7648,99582,Tromp-Stanton,09/02/2022
697,Maury,Gierek,mgierekjc@g.co,Male,2011,Infiniti,M,Akron,Ohio,44393,US,41.1287,-81.54,86172,"Lowe, Price and McKenzie",02/08/2023
698,Brenden,Chappell,bchappelljd@accuweather.com,Male,1999,Cadillac,Catera,Brooklyn,New York,11225,US,40.6628,-73.9546,43813,"Denesik, Pfannerstill and Harvey",10/01/2024
699,Halsy,Mougin,hmouginje@free.fr,Male,1993,Cadillac,Allante,Odessa,Texas,79769,US,31.7466,-102.567,79424,Hartmann-Wisoky,08/21/2024
700,Ingemar,Ditty,idittyjf@nih.gov,Male,2006,GMC,Sierra 2500HD,Detroit,Michigan,48217,US,42.2719,-83.1545,48335,Lebsack Inc,12/01/2023
701,Broderic,Hayer,bhayerjg@jalbum.net,Male,2004,Toyota,MR2,Silver Spring,Maryland,20910,US,38.9982,-77.0338,76112,Shanahan-Ortiz,05/10/2025
702,Norris,Girardey,ngirardeyjh@geocities.com,Male,2009,Nissan,350Z,Dallas,Texas,75260,US,32.7673,-96.7776,75121,Hessel LLC,12/07/2022
703,Johny,Emig,jemigji@mapy.cz,Male,1998,Suzuki,Swift,Young America,Minnesota,55557,US,44.8055,-93.7665,52988,Deckow-Davis,01/06/2023
704,Roma,Moan,rmoanjj@sphinn.com,Male,1995,Dodge,Spirit,Montgomery,Alabama,36134,US,32.2334,-86.2085,94404,Toy LLC,05/27/2024
705,Lindsay,Devita,ldevitajk@tinyurl.com,Polygender,2009,Saturn,Outlook,Biloxi,Mississippi,39534,US,30.4067,-88.9211,57594,"King, Koelpin and Borer",01/17/2025
706,Luella,Lind,llindjl@ihg.com,Female,2003,Mitsubishi,Outlander,College Station,Texas,77844,US,30.6521,-96.341,75650,"Hodkiewicz, Lang and Bashirian",08/04/2025
707,Heriberto,Simoncelli,hsimoncellijm@umn.edu,Male,1992,Land Rover,Range Rover,Cincinnati,Ohio,45238,US,39.1092,-84.6108,59908,Kling-Welch,07/18/2023
708,Bernie,Bahia,bbahiajn@stumbleupon.com,Female,2001,Kia,Rio,Saint Louis,Missouri,63143,US,38.6111,-90.3225,30020,Satterfield-Marvin,02/04/2022
709,Kerk,Ludwig,kludwigjo@netvibes.com,Male,1992,Buick,LeSabre,Newark,Delaware,19714,US,39.5645,-75.597,49585,"Barton, Kris and Stanton",04/26/2025
710,Wye,Pringle,wpringlejp@zdnet.com,Male,2007,Toyota,TundraMax,Rochester,New York,14609,US,43.174,-77.5637,33780,Skiles-Feil,10/06/2024
711,Lionel,Vlasenko,lvlasenkojq@deviantart.com,Male,1909,Ford,Model T,Cleveland,Ohio,44105,US,41.4509,-81.619,93219,Homenick-Dare,06/15/2022
712,Anthony,Bulch,abulchjr@usa.gov,Male,1986,Mercedes-Benz,SL-Class,Evansville,Indiana,47719,US,37.9971,-87.575,61427,"Osinski, Kertzmann and Brakus",12/17/2023
713,Cory,Garrique,cgarriquejs@liveinternet.ru,Male,1997,Dodge,Ram 1500 Club,Cincinnati,Ohio,45296,US,39.1668,-84.5382,57620,Wilderman-O'Conner,03/16/2023
714,Zacherie,Andreu,zandreujt@state.tx.us,Male,2008,Chevrolet,Tahoe,Flint,Michigan,48550,US,43.0349,-83.6887,81540,"Rutherford, Stanton and Effertz",10/03/2025
715,Arluene,Cundey,acundeyju@sina.com.cn,Female,2005,Mercedes-Benz,E-Class,Minneapolis,Minnesota,55441,US,45.0058,-93.4193,60313,Johnson-Bednar,05/09/2022
716,Cordie,Glew,cglewjv@smugmug.com,Male,2010,Toyota,RAV4,Naples,Florida,33961,US,26.045,-81.6669,79541,"Schimmel, Ernser and Shields",10/15/2024
717,Kellen,Ordemann,kordemannjw@ucla.edu,Male,2006,Infiniti,FX,Columbus,Ohio,43204,US,39.9523,-83.078,38690,Torp-Douglas,09/04/2024
718,Garrick,Guwer,gguwerjx@elegantthemes.com,Male,2005,Buick,Rendezvous,El Paso,Texas,88584,US,31.6948,-106.3,43204,Hackett Inc,03/07/2025
719,Tansy,Sandever,tsandeverjy@stumbleupon.com,Female,2011,Volvo,C70,Oakland,California,94616,US,37.8044,-122.2698,32005,"Hyatt, Olson and Langosh",11/11/2023
720,Amos,Moulin,amoulinjz@apple.com,Male,2012,Acura,TL,Oklahoma City,Oklahoma,73179,US,35.4242,-97.6547,62871,"Witting, Rempel and Prosacco",12/02/2022
721,Glynnis,Oxteby,goxtebyk0@php.net,Female,2002,Toyota,Tundra,Sunnyvale,California,94089,US,37.3983,-122.0006,92323,Kulas-Bartoletti,07/14/2023
722,Teodoor,Reinbeck,treinbeckk1@networksolutions.com,Polygender,1967,Mercury,Cougar,Davenport,Iowa,52809,US,41.613,-90.6063,91353,Shanahan-Wilkinson,09/26/2022
723,Cornela,Milella,cmilellak2@yolasite.com,Polygender,2010,Lexus,LX,Dallas,Texas,75216,US,32.7086,-96.7955,86639,"Pollich, Berge and Gislason",07/13/2022
724,Kienan,Millhill,kmillhillk3@kickstarter.com,Male,2009,Infiniti,G,Columbus,Ohio,43210,US,40.0028,-83.0164,92102,"Kshlerin, O'Reilly and Olson",10/05/2023
725,Bernardine,Everard,beverardk4@nhs.uk,Female,1993,Dodge,Ram Van B350,Longview,Texas,75605,US,32.5547,-94.7767,84466,"Lebsack, Turner and Schamberger",09/19/2024
726,Avis,Josling,ajoslingk5@prweb.com,Female,2002,Audi,A8,Dayton,Ohio,45432,US,39.739,-84.0856,31030,"Fay, Botsford and Armstrong",01/05/2023
727,Patsy,Goom,pgoomk6@fotki.com,Male,2004,Ford,Windstar,Mesa,Arizona,85205,US,33.4368,-111.7129,64607,Reynolds and Sons,10/03/2025
728,Tommie,Huffy,thuffyk7@marketwatch.com,Female,1993,Mercury,Villager,Cleveland,Ohio,44197,US,41.6857,-81.6728,68183,"Robel, Kirlin and Hilpert",06/02/2023
729,Tersina,Pretious,tpretiousk8@delicious.com,Female,1995,Honda,Odyssey,Boston,Massachusetts,02109,US,42.36,-71.0545,57443,Gutkowski-Wuckert,09/22/2024
730,Rheta,Biddlestone,rbiddlestonek9@twitpic.com,Female,1989,Mercury,Topaz,Albany,New York,12205,US,42.7198,-73.8207,84546,Sanford Inc,11/17/2025
731,Mariya,Gibling,mgiblingka@drupal.org,Female,1987,Mitsubishi,Cordia,Los Angeles,California,90101,US,33.7866,-118.2987,44588,"Prosacco, Boehm and Yost",11/09/2022
732,Ruthe,Kondratenko,rkondratenkokb@theguardian.com,Female,2005,Acura,NSX,Minneapolis,Minnesota,55441,US,45.0058,-93.4193,44040,Konopelski-Homenick,03/31/2023
733,Dee,Danilyuk,ddanilyukkc@opensource.org,Female,1994,Volvo,940,Washington,District of Columbia,20041,US,38.8933,-77.0146,69952,Abbott-Kuhlman,11/06/2023
734,Brandi,Berrick,bberrickkd@vk.com,Female,1996,Infiniti,G,Washington,District of Columbia,20029,US,38.8933,-77.0146,54641,Steuber-Kutch,07/19/2024
735,Rafaela,Congreave,rcongreaveke@ucsd.edu,Female,1962,Chevrolet,Corvette,Buffalo,New York,14233,US,42.7684,-78.8871,30912,Moen-Windler,03/12/2022
736,Marieann,Dowbekin,mdowbekinkf@cnet.com,Female,1998,Chevrolet,Express 2500,Canton,Ohio,44710,US,40.7911,-81.4169,75132,Blanda and Sons,08/13/2025
737,Andie,Abramovitz,aabramovitzkg@ucsd.edu,Male,2006,Maybach,62,Chicago,Illinois,60624,US,41.8804,-87.7223,93217,Feest Inc,02/24/2022
738,Cherie,Blasik,cblasikkh@wikia.com,Female,2002,Mercedes-Benz,SL-Class,Des Moines,Iowa,50347,US,41.6727,-93.5722,50674,"Erdman, Johnston and Christiansen",08/03/2022
739,Rollin,Peltz,rpeltzki@godaddy.com,Male,2012,Acura,MDX,Houston,Texas,77228,US,29.834,-95.4342,46663,Hane LLC,01/15/2024
740,Vinny,Southerden,vsoutherdenkj@sun.com,Female,2008,Nissan,Sentra,Athens,Georgia,30605,US,33.9321,-83.3525,59362,"Grimes, Ferry and Bernhard",04/10/2023
741,Flinn,Kopacek,fkopacekkk@live.com,Male,1993,Plymouth,Colt,Shreveport,Louisiana,71105,US,32.4589,-93.7143,86829,Schimmel-Dooley,06/07/2025
742,Florette,Kubczak,fkubczakkl@cbsnews.com,Female,1993,GMC,Jimmy,Spokane,Washington,99205,US,47.6964,-117.4399,85145,"Kunze, Yost and Wunsch",01/29/2026
743,Neddie,Mayoral,nmayoralkm@sitemeter.com,Male,2008,Kia,Optima,Joliet,Illinois,60435,US,41.5454,-88.1299,88710,Pfannerstill Group,01/18/2026
744,Dean,Jewar,djewarkn@usnews.com,Male,2011,Nissan,Altima,Lexington,Kentucky,40505,US,38.0612,-84.4583,79178,Koch-Hegmann,08/13/2022
745,Anne-corinne,Immins,aimminsko@mlb.com,Female,1998,Oldsmobile,Intrigue,Hartford,Connecticut,06160,US,41.7665,-72.6933,97582,Herzog-Beier,08/19/2025
746,Devondra,Lynas,dlynaskp@webs.com,Female,1992,Acura,NSX,Alhambra,California,91841,US,33.7866,-118.2987,37279,Bernier-Simonis,12/22/2024
747,Tedd,Rossin,trossinkq@springer.com,Male,1999,Cadillac,Escalade,Peoria,Illinois,61656,US,40.7442,-89.7184,75895,"O'Keefe, Stiedemann and Glover",01/24/2026
748,Romona,Craise,rcraisekr@unicef.org,Female,1997,Chevrolet,G-Series 3500,Louisville,Kentucky,40266,US,38.189,-85.6768,98447,"Bahringer, Murphy and Heaney",11/06/2023
749,Vanessa,Mattisson,vmattissonks@wordpress.com,Female,2013,Volkswagen,CC,Fort Lauderdale,Florida,33305,US,26.1497,-80.1229,98066,Okuneva-Schroeder,10/21/2025
750,Ade,Gremane,agremanekt@t-online.de,Male,1995,Mercedes-Benz,E-Class,Cincinnati,Ohio,45223,US,39.1696,-84.5478,85339,Lindgren-Metz,04/20/2023
751,Rivalee,Jeffree,rjeffreeku@blinklist.com,Female,2004,Audi,A4,Albany,New York,12247,US,42.6149,-73.9708,75499,Rath and Sons,05/17/2022
752,Cati,Tibald,ctibaldkv@360.cn,Female,1999,Daewoo,Nubira,Boise,Idaho,83722,US,43.4599,-116.244,82707,Kertzmann LLC,01/28/2025
753,Barbette,McVitty,bmcvittykw@marketwatch.com,Polygender,2004,GMC,Sonoma,Mobile,Alabama,36628,US,30.6589,-88.178,55371,Dicki-Stokes,10/27/2025
754,Letti,Radmer,lradmerkx@google.ru,Female,1973,Chevrolet,Corvette,Myrtle Beach,South Carolina,29579,US,33.7377,-78.9787,65156,Maggio and Sons,09/26/2025
755,Syman,Crock,scrockky@123-reg.co.uk,Male,1996,GMC,Suburban 2500,Atlanta,Georgia,30356,US,33.8913,-84.0746,32253,"Wisozk, Murphy and Schultz",04/15/2022
756,Dacia,Alebrooke,dalebrookekz@soundcloud.com,Female,2002,Mitsubishi,Mirage,Beaverton,Oregon,97075,US,45.5486,-123.1147,59635,Rohan Group,02/16/2024
757,Paton,Bettington,pbettingtonl0@nasa.gov,Male,1990,Pontiac,LeMans,Tallahassee,Florida,32304,US,30.4478,-84.3211,75614,Ruecker Group,09/09/2022
758,Den,Isaacson,disaacsonl1@bing.com,Male,2011,Buick,Enclave,Boston,Massachusetts,02114,US,42.3611,-71.0682,52003,Stehr Group,03/21/2022
759,Torrie,Lyle,tlylel2@apple.com,Female,1984,Buick,Electra,Washington,District of Columbia,20238,US,38.8933,-77.0146,81635,Marks-Beatty,03/29/2022
760,Abran,Veschi,aveschil3@pinterest.com,Male,2011,Honda,Civic,Baltimore,Maryland,21282,US,39.439,-76.5921,65453,"Littel, Kirlin and Reynolds",11/05/2025
761,Deanne,Felderer,dfeldererl4@un.org,Female,2009,Dodge,Nitro,Salt Lake City,Utah,84105,US,40.7372,-111.8581,75079,Schuppe Inc,02/03/2022
762,Dilly,Attreed,dattreedl5@woothemes.com,Male,2010,Mazda,Tribute,Austin,Texas,78783,US,30.3264,-97.7713,80220,Jones and Sons,08/13/2023
763,Paige,Brennon,pbrennonl6@networkadvertising.org,Genderfluid,2011,Hyundai,Azera,Saint Petersburg,Florida,33715,US,27.6705,-82.7119,37114,Quitzon-Ullrich,07/19/2025
764,Jervis,McIver,jmciverl7@eventbrite.com,Male,2005,Saturn,L-Series,Merrifield,Virginia,22119,US,38.8318,-77.2888,95714,"Effertz, Koelpin and Osinski",09/29/2022
765,Ansell,Wimpress,awimpressl8@indiatimes.com,Male,2008,Chevrolet,TrailBlazer,Los Angeles,California,90055,US,33.7866,-118.2987,30076,Hyatt Group,09/05/2023
766,Kerwin,Holt,kholtl9@over-blog.com,Male,2010,Jeep,Wrangler,Seattle,Washington,98115,US,47.6849,-122.2968,33189,Bayer and Sons,02/09/2025
767,Rancell,Burrill,rburrillla@guardian.co.uk,Male,1994,Suzuki,Samurai,Boston,Massachusetts,02104,US,42.3389,-70.9196,92134,Hudson LLC,04/29/2023
768,Antonia,Toomer,atoomerlb@mapquest.com,Female,2008,Mercedes-Benz,SL-Class,Huntsville,Alabama,35810,US,34.7784,-86.6091,47830,Kunde Inc,11/25/2025
769,Corella,Llop,clloplc@nature.com,Female,1997,Dodge,Ram 2500 Club,Rochester,New York,14624,US,43.1216,-77.7311,44035,"Morissette, Mann and Bechtelar",08/20/2022
770,Jamison,Suart,jsuartld@csmonitor.com,Male,2003,Toyota,Highlander,Anderson,South Carolina,29625,US,34.5271,-82.7087,64413,Halvorson Inc,08/21/2025
771,Hali,Clendinning,hclendinningle@nbcnews.com,Female,2008,Hyundai,Santa Fe,Miami,Florida,33134,US,25.768,-80.2714,89538,Mueller Inc,07/25/2025
772,Alain,Loren,alorenlf@sbwire.com,Male,1963,Rambler,Classic,Kalamazoo,Michigan,49006,US,42.2922,-85.633,73830,Cassin-Bartoletti,12/10/2023
773,Kerrie,Arp,karplg@fotki.com,Female,1984,Mercury,Marquis,Des Moines,Iowa,50330,US,41.6727,-93.5722,36565,Rolfson Group,06/02/2023
774,Lutero,McMurty,lmcmurtylh@ca.gov,Male,1995,Land Rover,Range Rover,Philadelphia,Pennsylvania,19136,US,40.0422,-75.0244,53943,Goodwin-Becker,03/01/2023
775,Palm,Roocroft,proocroftli@spiegel.de,Male,2004,Mitsubishi,Diamante,Dallas,Texas,75323,US,32.7673,-96.7776,35841,"Maggio, Nienow and Goodwin",12/01/2022
776,Fred,Scotchford,fscotchfordlj@clickbank.net,Male,1996,Chevrolet,G-Series 2500,Baltimore,Maryland,21275,US,39.2847,-76.6205,67188,Gutkowski and Sons,07/28/2022
777,Kenton,Gurry,kgurrylk@smh.com.au,Non-binary,2007,Hyundai,Azera,Madison,Wisconsin,53790,US,43.0696,-89.4239,67285,"Schmeler, Davis and Hackett",03/30/2023
778,Armand,Creamer,acreamerll@kickstarter.com,Male,2006,Lamborghini,Gallardo,Erie,Pennsylvania,16550,US,42.1827,-80.0649,97411,Herman and Sons,08/04/2022
779,Henriette,Terrett,hterrettlm@mail.ru,Female,1994,Subaru,Impreza,Seattle,Washington,98166,US,47.4511,-122.353,71769,"Kohler, Mueller and Legros",09/10/2023
780,Milton,Le Noury,mlenouryln@tmall.com,Male,2009,Toyota,Prius,Lynchburg,Virginia,24503,US,37.4376,-79.205,34556,Howell Inc,05/06/2023
781,Katrinka,German,kgermanlo@examiner.com,Female,1994,Hyundai,Excel,Port Charlotte,Florida,33954,US,27.0228,-82.1108,68299,"Boyle, Powlowski and Wisozk",02/14/2024
782,Izak,Merck,imercklp@hubpages.com,Male,1985,Mercury,Capri,Long Beach,California,90847,US,33.7866,-118.2987,32185,"Gleason, Gleichner and Grimes",09/20/2022
783,Athena,Bermingham,aberminghamlq@google.com.br,Female,2007,Chevrolet,Suburban 1500,Columbus,Ohio,43210,US,40.0028,-83.0164,68097,Baumbach-Hilll,09/09/2024
784,Randolf,McDonand,rmcdonandlr@hud.gov,Male,1986,Suzuki,SJ,Cleveland,Ohio,44185,US,41.6857,-81.6728,42754,Powlowski LLC,08/28/2022
785,Gloriane,Rowden,growdenls@mozilla.com,Female,1967,Ford,Fairlane,Houston,Texas,77218,US,29.834,-95.4342,83721,Stanton and Sons,09/04/2022
786,Dodi,Hindmoor,dhindmoorlt@bloglines.com,Female,1990,Mazda,Familia,Fairbanks,Alaska,99709,US,64.8544,-147.8469,68694,Beatty-Fritsch,08/30/2022
787,Sansone,Codd,scoddlu@friendfeed.com,Male,2009,Ferrari,430 Scuderia,Mesquite,Texas,75185,US,32.7403,-96.5618,46706,"Schaefer, Senger and Miller",03/14/2024
788,Prince,Mityashev,pmityashevlv@wunderground.com,Male,2009,Kia,Amanti,Peoria,Arizona,85383,US,33.7169,-112.238,89231,"Cruickshank, Cartwright and Bechtelar",04/03/2022
789,Abrahan,Gorsse,agorsselw@elegantthemes.com,Male,1996,Acura,RL,Charleston,West Virginia,25321,US,38.2968,-81.5547,36654,"Larkin, Morar and Carter",12/31/2025
790,Tudor,Deftie,tdeftielx@youtu.be,Male,2009,Subaru,Tribeca,Santa Ana,California,92725,US,33.7465,-117.8662,33570,Crist Group,02/12/2025
791,Haily,Dunkerley,hdunkerleyly@multiply.com,Male,2003,Chrysler,Voyager,Reading,Pennsylvania,19610,US,40.338,-75.978,59846,Ernser-Schumm,11/17/2024
792,Heather,Noton,hnotonlz@aol.com,Female,1995,Ford,F250,Washington,District of Columbia,20525,US,38.8933,-77.0146,58428,"Stracke, Bednar and Wyman",02/12/2025
793,Ellene,Beardwell,ebeardwellm0@wsj.com,Female,1995,Land Rover,Defender 90,Riverside,California,92519,US,33.7529,-116.0556,33450,Kassulke and Sons,03/05/2022
794,Earlie,Pilcher,epilcherm1@usgs.gov,Male,2004,Jaguar,XJ Series,Fresno,California,93721,US,36.7377,-119.7843,76941,"Wolf, Kautzer and Torphy",04/03/2025
795,Jasmine,Fried,jfriedm2@mozilla.org,Female,2001,Acura,CL,Sacramento,California,94207,US,38.3774,-121.4444,98171,Kozey-Jakubowski,02/09/2025
796,Lilah,Staton,lstatonm3@ft.com,Female,2011,Lotus,Exige,Santa Barbara,California,93150,US,34.2628,-119.8486,31119,Johnson-O'Conner,10/25/2022
797,Gabi,Windsor,gwindsorm4@dailymail.co.uk,Male,2002,Ford,Windstar,Long Beach,California,90805,US,33.8635,-118.1801,92585,Mitchell-Johns,11/24/2023
798,Jesse,Osgodby,josgodbym5@tamu.edu,Male,1988,Subaru,Justy,Charleston,West Virginia,25326,US,38.2968,-81.5547,86249,Dicki Inc,01/18/2024
799,Hillie,Byatt,hbyattm6@t.co,Genderqueer,2009,Honda,Odyssey,Toledo,Ohio,43610,US,41.6767,-83.5573,50362,O'Keefe-Dare,06/10/2022
800,Jo-anne,Fairburne,jfairburnem7@geocities.jp,Female,2010,Hummer,H3T,Austin,Texas,78778,US,30.3264,-97.7713,51337,Stracke-Grimes,12/28/2025
801,Marion,Bullimore,mbullimorem8@godaddy.com,Male,2011,Bentley,Continental Flying Spur,Louisville,Kentucky,40210,US,38.2306,-85.7905,72540,"Robel, Armstrong and Abbott",04/16/2022
802,Con,Kidston,ckidstonm9@umich.edu,Male,2002,Ford,Econoline E350,Bronx,New York,10454,US,40.8085,-73.9198,76707,Lynch-Rodriguez,12/11/2025
803,Sidonnie,Thripp,sthrippma@canalblog.com,Female,1990,Mitsubishi,Eclipse,Mobile,Alabama,36670,US,30.6589,-88.178,56078,"Murazik, Sporer and Prosacco",12/11/2023
804,Sibelle,Targetter,stargettermb@wp.com,Female,1996,Mitsubishi,Montero,Orlando,Florida,32830,US,28.3822,-81.569,51445,Abbott-Wisoky,10/13/2024
805,Lynn,Joysey,ljoyseymc@examiner.com,Female,2002,Oldsmobile,Aurora,Lancaster,Pennsylvania,17605,US,40.0185,-76.2976,81516,"Quigley, Schimmel and Hilpert",08/16/2025
806,Gian,Coxen,gcoxenmd@ucla.edu,Male,2008,Volvo,C70,Sioux City,Iowa,51105,US,42.5032,-96.3829,43223,Konopelski Group,12/17/2022
807,Byrann,Delnevo,bdelnevome@ebay.com,Male,2006,Lexus,SC,Orlando,Florida,32885,US,28.5456,-81.3782,63498,VonRueden-Sawayn,10/03/2022
808,Sarge,Wakeley,swakeleymf@nationalgeographic.com,Male,2008,Infiniti,QX56,Hartford,Connecticut,06152,US,41.7918,-72.7188,45483,Bernier-Johnston,03/08/2025
809,Emanuel,Cochern,ecochernmg@hostgator.com,Male,2007,Porsche,Cayman,Syracuse,New York,13210,US,43.0354,-76.1282,52492,"Brekke, Konopelski and McDermott",08/18/2025
810,Vevay,Bewsey,vbewseymh@dailymotion.com,Female,2009,Honda,S2000,Great Neck,New York,11024,US,40.8171,-73.7416,95102,Halvorson-Graham,10/30/2024
811,Neilla,More,nmoremi@prlog.org,Female,2000,Volkswagen,New Beetle,Roanoke,Virginia,24009,US,37.2742,-79.9579,51921,Kuhlman-Wisoky,05/01/2023
812,Florette,Slayny,fslaynymj@phpbb.com,Female,2000,Chrysler,Sebring,Salt Lake City,Utah,84125,US,40.6681,-111.9083,34014,Bartell and Sons,10/05/2023
813,Sheppard,Cannicott,scannicottmk@columbia.edu,Male,1993,Mitsubishi,3000GT,Jacksonville,Florida,32225,US,30.351,-81.5061,31694,Welch-Ratke,07/26/2024
814,Lucho,Burrel,lburrelml@usnews.com,Male,2002,Dodge,Dakota,Santa Ana,California,92725,US,33.7465,-117.8662,50398,"Zieme, Ritchie and Rutherford",03/16/2025
815,Ruth,O'Loughnan,roloughnanmm@ebay.co.uk,Female,2008,Toyota,Tacoma,Omaha,Nebraska,68164,US,41.2955,-96.1008,80123,"Mitchell, Franecki and Cole",06/14/2024
816,Palm,Denslow,pdenslowmn@usa.gov,Male,2006,Subaru,B9 Tribeca,Wichita,Kansas,67215,US,37.6333,-97.425,35385,"Mertz, Moore and Borer",08/08/2022
817,Herbie,Chiese,hchiesemo@youtube.com,Male,2012,Cadillac,CTS-V,Sacramento,California,94250,US,38.3774,-121.4444,31637,Skiles and Sons,11/17/2025
818,Gib,Boyland,gboylandmp@people.com.cn,Genderqueer,1999,Plymouth,Breeze,Fredericksburg,Virginia,22405,US,38.3365,-77.4366,67776,Jacobson-Hand,02/10/2023
819,Yehudi,MacSwayde,ymacswaydemq@spiegel.de,Male,2003,BMW,745,Abilene,Texas,79699,US,32.4665,-99.7117,44288,Dach Group,03/28/2024
820,Betsey,Smitherman,bsmithermanmr@nature.com,Female,2010,Chevrolet,Express 1500,Pasadena,Texas,77505,US,29.6518,-95.1464,88480,Muller Inc,01/20/2026
821,Inigo,Peevor,ipeevorms@dot.gov,Male,1976,Chevrolet,Camaro,Colorado Springs,Colorado,80910,US,38.8152,-104.7703,50604,Schroeder-Turcotte,08/21/2025
822,Rina,Tunsley,rtunsleymt@geocities.jp,Female,2010,Hyundai,Elantra,Louisville,Kentucky,40266,US,38.189,-85.6768,93115,Stoltenberg-Hoppe,05/06/2024
823,Winnie,Kopp,wkoppmu@skype.com,Bigender,2009,Lincoln,Navigator,Reno,Nevada,89595,US,40.5412,-119.5869,83079,"Beier, Macejkovic and Fay",04/21/2022
824,Nerta,Mettrick,nmettrickmv@businesswire.com,Female,2012,Aston Martin,V12 Vantage,Burbank,California,91520,US,34.1869,-118.348,70646,Leffler-Huel,09/09/2022
825,Georas,Fitchew,gfitchewmw@4shared.com,Male,1991,Buick,Roadmaster,Salt Lake City,Utah,84140,US,40.7713,-111.9309,39923,Kiehn-Predovic,08/29/2025
826,Clarie,Deschlein,cdeschleinmx@creativecommons.org,Genderqueer,2001,Mercedes-Benz,SLK-Class,Fort Wayne,Indiana,46852,US,41.0938,-85.0707,40756,Beatty Inc,12/19/2023
827,Lorinda,Gokes,lgokesmy@washington.edu,Female,1997,Nissan,Maxima,White Plains,New York,10606,US,41.0247,-73.7781,61196,"Armstrong, Quigley and Schmeler",11/28/2025
828,Nathalie,Greystock,ngreystockmz@about.com,Female,2009,Hyundai,Elantra,Billings,Montana,59112,US,45.9783,-108.1945,61586,Cummerata-Harvey,05/04/2024
829,Mitchell,Rowlson,mrowlsonn0@shutterfly.com,Agender,2005,Mercedes-Benz,C-Class,Sandy,Utah,84093,US,40.5927,-111.831,56027,Kunze and Sons,10/19/2024
830,Pierson,Karolovsky,pkarolovskyn1@google.ca,Male,2012,Dodge,Journey,Tulsa,Oklahoma,74184,US,36.1398,-96.0297,64459,Nienow LLC,10/30/2022
831,Liam,Sussex,lsussexn2@twitter.com,Male,1994,Isuzu,Trooper,Pittsburgh,Pennsylvania,15261,US,40.4344,-80.0248,31726,"Mosciski, Kutch and Mraz",12/18/2022
832,Cly,Lorente,clorenten3@blogtalkradio.com,Bigender,2000,Suzuki,Vitara,Salinas,California,93907,US,36.7563,-121.6703,76459,"Zulauf, Heathcote and Fay",02/01/2022
833,Berny,Dilawey,bdilaweyn4@hibu.com,Female,1993,Mazda,MX-3,San Diego,California,92186,US,33.0169,-116.846,79306,"Wilderman, DuBuque and Denesik",10/18/2025
834,Ogdon,Renny,orennyn5@dell.com,Male,2009,Cadillac,STS,Des Moines,Iowa,50310,US,41.6255,-93.6736,75420,Heathcote-Hammes,02/03/2023
835,Julio,Prys,jprysn6@webs.com,Male,1989,Chevrolet,Corvette,Baltimore,Maryland,21211,US,39.3316,-76.6336,78577,Mohr Inc,04/06/2023
836,Abby,Lambal,alambaln7@woothemes.com,Male,2001,Ford,Econoline E150,Brea,California,92822,US,33.9187,-117.8892,48892,Cremin-Gottlieb,01/30/2024
837,Glennie,Spaice,gspaicen8@blog.com,Female,1997,Chevrolet,3500,Pittsburgh,Pennsylvania,15210,US,40.4072,-79.9839,48096,Homenick Group,08/28/2023
838,Lois,Vecard,lvecardn9@mozilla.org,Female,2012,Mitsubishi,Outlander Sport,Charlottesville,Virginia,22908,US,38.0401,-78.4851,99073,Streich-Pacocha,05/18/2024
839,Emmerich,Capsey,ecapseyna@ebay.co.uk,Male,2003,Volvo,XC70,Washington,District of Columbia,20566,US,38.8971,-77.0554,51735,"Botsford, Leannon and Weber",04/20/2025
840,Sofia,Swarbrigg,sswarbriggnb@elpais.com,Female,2004,Audi,TT,Fredericksburg,Virginia,22405,US,38.3365,-77.4366,51164,"Bartell, Rippin and Streich",06/20/2022
841,Felizio,Phillips,fphillipsnc@goo.gl,Male,1993,Lincoln,Mark VIII,Austin,Texas,78732,US,30.3752,-97.9007,44753,Shanahan-Metz,03/07/2024
842,Tony,Vasiljevic,tvasiljevicnd@ocn.ne.jp,Genderfluid,1996,Subaru,Alcyone SVX,Gaithersburg,Maryland,20883,US,39.0883,-77.1568,57696,"Sipes, Gottlieb and Farrell",09/13/2025
843,Alvin,Tenniswood,atenniswoodne@sogou.com,Male,2011,Volkswagen,GTI,Orlando,Florida,32854,US,28.5663,-81.2608,81252,"Kihn, Rippin and Pfannerstill",12/30/2022
844,Costa,Gotts,cgottsnf@harvard.edu,Male,1990,Buick,Skylark,Honolulu,Hawaii,96845,US,21.3278,-157.8294,88960,Heathcote-Kuhic,08/04/2024
845,Yuri,Summerside,ysummersideng@elegantthemes.com,Male,2011,Ford,Mustang,Houston,Texas,77090,US,30.0167,-95.447,92660,Grant-Balistreri,04/03/2023
846,Sibel,De la Yglesia,sdelayglesianh@narod.ru,Female,1993,Oldsmobile,Silhouette,Saint Louis,Missouri,63196,US,38.6531,-90.2435,80271,Kohler LLC,04/25/2025
847,Nonie,Buttwell,nbuttwellni@eventbrite.com,Female,1997,GMC,Sonoma Club Coupe,Nashville,Tennessee,37220,US,36.0641,-86.7697,60269,"Stamm, Block and Stark",12/03/2022
848,Carroll,Popley,cpopleynj@salon.com,Female,1991,Saab,9000,San Antonio,Texas,78260,US,29.7026,-98.4759,76955,Reynolds Group,07/18/2024
849,Dolorita,Cunniffe,dcunniffenk@amazonaws.com,Female,2008,Toyota,Matrix,Philadelphia,Pennsylvania,19131,US,39.9845,-75.2282,99180,"Bode, Smitham and Hartmann",03/05/2024
850,Lloyd,Webben,lwebbennl@berkeley.edu,Male,1996,Mercedes-Benz,SL-Class,Lake Worth,Florida,33462,US,26.5747,-80.0794,79727,Watsica-Parker,05/17/2025
851,Carry,Henniger,chennigernm@over-blog.com,Female,2007,Dodge,Nitro,Salem,Oregon,97312,US,44.9364,-123.0381,63053,"Rice, Kris and Hamill",04/06/2022
852,Wynnie,Cordoba,wcordobann@businessweek.com,Non-binary,1990,Volkswagen,Cabriolet,Houston,Texas,77040,US,29.8744,-95.5278,71690,Nikolaus LLC,08/14/2023
853,Julissa,Rase,jraseno@businesswire.com,Female,2011,Dodge,Durango,Gainesville,Florida,32627,US,29.6813,-82.3539,47208,"Schuster, Keebler and Simonis",02/11/2025
854,Nolie,Gammell,ngammellnp@tmall.com,Female,2009,Chevrolet,Silverado 3500,Brooklyn,New York,11231,US,40.6794,-74.0014,63852,Wintheiser-Kerluke,07/06/2024
855,Nana,Konzel,nkonzelnq@xinhuanet.com,Female,2009,Ford,Taurus X,Sacramento,California,94207,US,38.3774,-121.4444,64836,Hintz-Schaefer,12/28/2022
856,Anna-diane,Nend,anendnr@apple.com,Female,1998,Dodge,Intrepid,Monticello,Minnesota,55565,US,45.2009,-93.8881,54756,Homenick-Christiansen,06/12/2025
857,Tremaine,Champagne,tchampagnens@list-manage.com,Male,1993,Ford,LTD Crown Victoria,Lima,Ohio,45807,US,40.7955,-84.1383,62208,Dicki Inc,10/16/2022
858,Krystal,Chard,kchardnt@accuweather.com,Agender,1999,Lexus,ES,Asheville,North Carolina,28815,US,35.6203,-82.5286,83099,"Welch, Crist and Larkin",02/09/2024
859,Gabriello,Courtman,gcourtmannu@reddit.com,Male,2002,Chevrolet,Tracker,New Orleans,Louisiana,70165,US,30.033,-89.8826,84854,"Green, Greenfelder and Emard",05/01/2025
860,Salem,Pusill,spusillnv@seesaa.net,Male,2001,Pontiac,Montana,Tulsa,Oklahoma,74170,US,36.1398,-96.0297,89075,Thiel LLC,03/13/2023
861,Pavlov,Halshaw,phalshawnw@odnoklassniki.ru,Agender,1984,Pontiac,Firebird,El Paso,Texas,88558,US,31.6948,-106.3,81052,"Kling, Greenfelder and Schumm",10/04/2022
862,Lorinda,Zywicki,lzywickinx@mashable.com,Female,1973,Pontiac,Grand Prix,Hayward,California,94544,US,37.6374,-122.067,35856,"Von, Parker and Stiedemann",12/06/2023
863,Aline,Suttling,asuttlingny@stumbleupon.com,Female,1990,Buick,Electra,Springfield,Illinois,62711,US,39.7655,-89.7293,36150,Rogahn LLC,11/01/2023
864,Laure,Boyn,lboynnz@sphinn.com,Female,2012,Nissan,JUKE,Pomona,California,91797,US,33.7866,-118.2987,76275,"Donnelly, Bins and Stiedemann",08/06/2025
865,Chris,Ghent,cghento0@people.com.cn,Female,1993,GMC,Rally Wagon 3500,Tulsa,Oklahoma,74184,US,36.1398,-96.0297,39492,Zieme and Sons,01/28/2024
866,Harrietta,Jaulmes,hjaulmeso1@nsw.gov.au,Female,2002,Ford,Thunderbird,Memphis,Tennessee,38104,US,35.1334,-90.0046,58438,"Murray, Conn and Strosin",07/22/2024
867,Ramon,MacIlhagga,rmacilhaggao2@etsy.com,Male,1999,GMC,Safari,Columbus,Ohio,43210,US,40.0028,-83.0164,73559,Wolf-Will,07/11/2025
868,Joyan,Machel,jmachelo3@gmpg.org,Female,2000,Dodge,Ram 3500,El Paso,Texas,79923,US,31.6948,-106.3,61646,"Cole, Littel and Kovacek",01/17/2024
869,Mannie,Filewood,mfilewoodo4@hugedomains.com,Male,2002,Lincoln,Town Car,Apache Junction,Arizona,85219,US,33.3616,-111.2795,63024,"Torphy, Baumbach and Bruen",12/16/2022
870,Wileen,Luckie,wluckieo5@foxnews.com,Female,1992,Mercedes-Benz,W201,San Francisco,California,94126,US,37.7848,-122.7278,60939,Towne and Sons,09/23/2024
871,Logan,Darlington,ldarlingtono6@spotify.com,Male,2008,BMW,M3,Trenton,New Jersey,08638,US,40.251,-74.7627,60825,Macejkovic LLC,08/16/2025
872,Meier,Greet,mgreeto7@blogtalkradio.com,Male,1989,Ford,Probe,Lancaster,Pennsylvania,17622,US,40.0418,-76.3012,77714,Beahan Group,03/13/2024
873,Willow,Yeude,wyeudeo8@msn.com,Genderqueer,2005,Chrysler,PT Cruiser,Charlotte,North Carolina,28263,US,35.2268,-80.8432,45827,"Kirlin, Spinka and Wolf",08/23/2025
874,Elbert,Ratnege,eratnegeo9@about.com,Male,2008,Ford,Expedition EL,Sacramento,California,95828,US,38.4826,-121.4006,97495,Blanda-Kling,05/31/2024
875,Ottilie,Cordey,ocordeyoa@google.nl,Female,1996,Chevrolet,Impala,Midland,Texas,79710,US,31.8693,-102.0317,44202,Reichel and Sons,09/12/2024
876,Maura,Rouge,mrougeob@telegraph.co.uk,Genderqueer,2006,Dodge,Stratus,Lexington,Kentucky,40576,US,38.0283,-84.4715,98227,"Schaden, Glover and Beatty",07/02/2025
877,Gabbey,Woolacott,gwoolacottoc@ow.ly,Female,1995,Holden,VS Commodore,Silver Spring,Maryland,20910,US,38.9982,-77.0338,57849,Dicki and Sons,01/30/2022
878,Cassey,Chstney,cchstneyod@themeforest.net,Agender,1995,BMW,5 Series,El Paso,Texas,79950,US,31.6948,-106.3,93098,Walter-Lang,03/13/2022
879,Adair,Lamcken,alamckenoe@quantcast.com,Male,1998,Oldsmobile,Aurora,Miami,Florida,33283,US,25.5584,-80.4582,32625,Wintheiser Inc,08/04/2024
880,Garwin,Janca,gjancaof@t.co,Male,2009,Ford,F150,Inglewood,California,90310,US,33.7866,-118.2987,67168,"Flatley, Gottlieb and McCullough",01/23/2025
881,Pip,Aireton,pairetonog@tiny.cc,Male,2006,Ford,Explorer Sport Trac,Norfolk,Virginia,23514,US,36.9312,-76.2397,56374,Gutmann-Dooley,01/04/2025
882,Jay,Verecker,jvereckeroh@g.co,Male,2000,Mitsubishi,Challenger,Modesto,California,95397,US,37.6566,-121.0191,31346,"Gutkowski, White and Thompson",09/21/2022
883,Virgina,Peagram,vpeagramoi@nbcnews.com,Female,2007,Jaguar,S-Type,Shawnee Mission,Kansas,66205,US,39.0312,-94.6308,38520,"West, Green and Walter",01/15/2026
884,Marley,Abrahmovici,mabrahmovicioj@studiopress.com,Female,2013,GMC,Yukon XL 1500,Des Moines,Iowa,50315,US,41.5444,-93.6192,74549,Labadie-Buckridge,03/15/2022
885,Marijn,Ninnoli,mninnoliok@reddit.com,Male,1998,Toyota,T100 Xtra,Columbia,South Carolina,29208,US,33.9937,-81.0199,63944,Cormier-Prosacco,02/11/2023
886,Yoshiko,Postans,ypostansol@ebay.com,Female,2007,Lincoln,Navigator,Washington,District of Columbia,20067,US,38.8933,-77.0146,89142,Stokes and Sons,10/07/2025
887,Barbette,Mixworthy,bmixworthyom@walmart.com,Female,1996,Land Rover,Range Rover,Raleigh,North Carolina,27690,US,35.7977,-78.6253,97791,"Luettgen, Swaniawski and Marvin",05/20/2024
888,Vaughan,Tuft,vtufton@cnn.com,Male,2007,Ford,Edge,Boston,Massachusetts,02119,US,42.3231,-71.0846,58437,"Sanford, Schumm and Lueilwitz",09/17/2024
889,Hadrian,Garrique,hgarriqueoo@ustream.tv,Male,1998,Chevrolet,S10,Long Beach,California,90847,US,33.7866,-118.2987,83887,Bradtke-Larkin,09/29/2024
890,Ora,Goldsberry,ogoldsberryop@uiuc.edu,Female,2000,Plymouth,Neon,Chicago,Illinois,60630,US,41.9699,-87.7603,93117,"Kunze, Rowe and Heaney",10/27/2022
891,Philippe,Mazzilli,pmazzillioq@weather.com,Female,2000,Chevrolet,Tracker,Palo Alto,California,94302,US,37.1894,-121.7053,42354,Johnston LLC,05/27/2023
892,Mattias,Segoe,msegoeor@com.com,Male,2009,Volkswagen,Jetta,Pensacola,Florida,32590,US,30.6143,-87.2758,64721,Dooley LLC,07/13/2023
893,Bram,Rosini,brosinios@microsoft.com,Male,2002,Oldsmobile,Alero,Springfield,Illinois,62776,US,39.7495,-89.606,73525,"Metz, O'Reilly and Gerhold",11/15/2023
894,Leola,Derrington,lderringtonot@github.com,Female,2011,Chevrolet,Suburban 1500,Gilbert,Arizona,85297,US,33.2781,-111.7096,35161,Botsford Inc,01/22/2025
895,Amelie,Ricker,arickerou@blogtalkradio.com,Female,2003,Audi,RS 6,Yakima,Washington,98907,US,46.6288,-120.574,81326,"Herzog, Rogahn and Sawayn",12/27/2022
896,Ly,Lucas,llucasov@nba.com,Male,2007,BMW,3 Series,Temple,Texas,76505,US,31.0363,-97.492,51710,"Schumm, Wolf and Gutmann",04/09/2023
897,Fred,Swadling,fswadlingow@elegantthemes.com,Non-binary,1994,Toyota,Celica,Greensboro,North Carolina,27455,US,36.1824,-79.806,87219,"Bashirian, Muller and Jones",12/05/2023
898,Lou,Dudenie,ldudenieox@histats.com,Female,2010,Lexus,IS-F,Knoxville,Tennessee,37919,US,35.9244,-84.0015,73808,"Roberts, Leannon and Adams",07/18/2022
899,Francesco,Realff,frealffoy@yolasite.com,Male,2008,Saturn,Aura,Baltimore,Maryland,21239,US,39.361,-76.5891,41551,"Schoen, Kunde and Lowe",05/12/2023
900,Malina,Abrami,mabramioz@instagram.com,Female,1985,Lincoln,Continental Mark VII,Anchorage,Alaska,99507,US,61.1535,-149.8289,80338,McGlynn Inc,01/20/2024
901,Lita,Blore,lblorep0@g.co,Polygender,2012,Aston Martin,V8 Vantage S,Raleigh,North Carolina,27605,US,35.7908,-78.653,49827,"Beatty, Zemlak and Grant",03/14/2025
902,Kaila,Pressnell,kpressnellp1@ycombinator.com,Female,2009,Chevrolet,Express 3500,Washington,District of Columbia,20436,US,38.8959,-77.0211,89598,"Lowe, Crooks and McGlynn",12/29/2022
903,Trueman,Kenrack,tkenrackp2@dell.com,Male,2010,Ford,F450,Des Moines,Iowa,50320,US,41.5487,-93.5827,73046,"Shields, Romaguera and Wehner",09/11/2024
904,Sher,Mattin,smattinp3@msn.com,Female,1990,Mitsubishi,Truck,Huntington,West Virginia,25721,US,38.4134,-82.2774,77853,"Schuster, Boyer and Cassin",02/27/2022
905,Danell,Heino,dheinop4@xinhuanet.com,Female,1993,Mercedes-Benz,190E,Terre Haute,Indiana,47805,US,39.5327,-87.3255,75846,O'Connell-Smitham,12/08/2022
906,Knox,Attenborough,kattenboroughp5@mashable.com,Male,2003,Jaguar,XK Series,Gulfport,Mississippi,39505,US,30.4158,-89.0684,35816,"Kunde, Swaniawski and Brakus",11/10/2022
907,Rivkah,Eardley,reardleyp6@apple.com,Female,2012,Ford,F450,Newark,New Jersey,07195,US,40.7918,-74.2452,41166,Hettinger-Ebert,12/31/2023
908,Timmy,Dunsire,tdunsirep7@blogspot.com,Female,2011,Mitsubishi,Eclipse,Reston,Virginia,22096,US,38.8318,-77.2888,69995,"Koepp, Brown and McGlynn",05/12/2023
909,Sorcha,Greenacre,sgreenacrep8@virginia.edu,Female,2007,Land Rover,LR3,Lubbock,Texas,79491,US,33.61,-101.8213,56860,Torp-White,08/21/2024
910,Daren,Perrington,dperringtonp9@facebook.com,Male,2007,Chevrolet,Silverado 2500,Evanston,Illinois,60208,US,42.0586,-87.6845,72089,Metz-Schmeler,11/08/2022
911,Esmaria,Chafer,echaferpa@multiply.com,Female,1997,Honda,Civic,Huntington,West Virginia,25721,US,38.4134,-82.2774,44713,Balistreri Inc,06/08/2024
912,Heloise,Labes,hlabespb@github.io,Female,2006,Cadillac,Escalade EXT,Grand Rapids,Michigan,49560,US,43.0314,-85.5503,35810,"Kiehn, Casper and Cummerata",03/23/2024
913,Emalee,Petriello,epetriellopc@discuz.net,Female,1988,Buick,LeSabre,Pasadena,California,91103,US,34.1669,-118.1551,92293,Halvorson Inc,03/31/2022
914,Fowler,Spiring,fspiringpd@free.fr,Male,2005,Toyota,Solara,New Orleans,Louisiana,70116,US,29.9686,-90.0646,94092,"Hettinger, Kuvalis and Bednar",03/24/2023
915,Minette,Kepling,mkeplingpe@cbc.ca,Female,1986,Pontiac,Parisienne,Simi Valley,California,93094,US,34.0324,-119.1343,81085,"Schinner, Hilpert and Pagac",01/06/2024
916,Raddie,Crankhorn,rcrankhornpf@soundcloud.com,Male,2008,Pontiac,G5,Chicago,Illinois,60609,US,41.8097,-87.6533,87958,Sanford and Sons,07/01/2025
917,Jami,Ostrich,jostrichpg@facebook.com,Female,2006,Nissan,Quest,Indianapolis,Indiana,46254,US,39.849,-86.272,57048,Langworth-Lesch,01/26/2026
918,Chelsae,Eydel,ceydelph@imgur.com,Female,2003,Subaru,Impreza,Houston,Texas,77260,US,29.7687,-95.3867,39326,"Lockman, Schmitt and Mann",06/18/2022
919,Lynn,Curtis,lcurtispi@geocities.jp,Male,1999,Plymouth,Grand Voyager,San Jose,California,95113,US,37.3329,-121.8916,95601,"Donnelly, Nicolas and Cremin",08/21/2023
920,Franni,Le Gassick,flegassickpj@accuweather.com,Female,1984,Ford,Ranger,Boston,Massachusetts,02283,US,42.3389,-70.9196,95558,Heaney-Stokes,04/27/2022
921,Ferd,Goodinson,fgoodinsonpk@skyrock.com,Male,1999,GMC,Yukon,Hattiesburg,Mississippi,39404,US,31.1721,-89.2948,82614,Rogahn-Heidenreich,03/28/2025
922,Lilllie,Larmouth,llarmouthpl@vinaora.com,Female,1998,Honda,Prelude,Oklahoma City,Oklahoma,73179,US,35.4242,-97.6547,54335,Cruickshank-Rodriguez,08/01/2023
923,Gottfried,Gocher,ggocherpm@wordpress.com,Male,2001,Lincoln,Navigator,Garland,Texas,75044,US,32.9522,-96.6654,91885,DuBuque Group,12/27/2022
924,Krispin,Oxx,koxxpn@chronoengine.com,Male,1998,Chevrolet,1500,Toledo,Ohio,43605,US,41.6525,-83.5085,58323,Monahan-Windler,09/21/2023
925,Hadlee,Campelli,hcampellipo@e-recht24.de,Male,2003,Ford,Focus,Orlando,Florida,32808,US,28.5803,-81.4396,53701,MacGyver-Gleichner,04/04/2022
926,Roderic,Hulson,rhulsonpp@furl.net,Male,1986,Volkswagen,Type 2,Anaheim,California,92812,US,33.817,-117.9286,69413,"Reynolds, Casper and McDermott",08/01/2025
927,Miran,Ghent,mghentpq@discuz.net,Female,2002,Chevrolet,Silverado 3500,Waltham,Massachusetts,02453,US,42.3654,-71.2316,42633,Kertzmann-Koss,05/22/2022
928,Audry,Rosberg,arosbergpr@odnoklassniki.ru,Female,1992,Chevrolet,Caprice,Palo Alto,California,94302,US,37.1894,-121.7053,54755,Effertz and Sons,04/11/2025
929,Jermayne,Mathe,jmatheps@alibaba.com,Male,2002,Hyundai,XG350,Warren,Michigan,48092,US,42.5125,-83.0643,78821,Heaney LLC,02/26/2022
930,Abe,Pickersgill,apickersgillpt@japanpost.jp,Bigender,2008,Volvo,S40,El Paso,Texas,88553,US,31.6948,-106.3,33060,Hickle-Borer,02/02/2024
931,Ryann,Vamplers,rvamplerspu@printfriendly.com,Female,2012,Mercedes-Benz,GLK-Class,Bethesda,Maryland,20816,US,38.9585,-77.1153,93114,Cruickshank-Bruen,02/29/2024
932,Bartholomeus,Sawrey,bsawreypv@ucoz.ru,Male,1999,Lincoln,Continental,Seattle,Washington,98175,US,47.7161,-122.3004,43407,"Little, Brakus and Hahn",04/11/2024
933,Madlen,Fannin,mfanninpw@ft.com,Female,2007,Nissan,Titan,Melbourne,Florida,32919,US,28.3067,-80.6862,30221,Greenfelder Group,05/09/2024
934,Farlee,Long,flongpx@redcross.org,Male,2011,Hyundai,Sonata,Syracuse,New York,13217,US,43.0214,-76.1977,30666,"Walker, Smitham and Denesik",12/01/2024
935,Sybilla,Queyos,squeyospy@howstuffworks.com,Female,1996,Toyota,Corolla,Columbus,Mississippi,39705,US,33.5508,-88.4865,33227,"Lockman, Pfannerstill and Halvorson",03/14/2024
936,Annadiane,Fearnley,afearnleypz@lycos.com,Female,1993,Pontiac,LeMans,Irvine,California,92612,US,33.6607,-117.8264,53907,Rohan Group,02/26/2025
937,Ashely,Antoniazzi,aantoniazziq0@altervista.org,Female,2003,BMW,530,Duluth,Minnesota,55811,US,46.8147,-92.1998,80393,Bernier Group,09/21/2024
938,Chris,Kenion,ckenionq1@msu.edu,Female,2009,Audi,S4,Tallahassee,Florida,32399,US,30.4494,-84.291,92282,Gottlieb-Botsford,12/10/2022
939,Hilly,Brambley,hbrambleyq2@rediff.com,Male,2008,Volvo,V50,Winter Haven,Florida,33884,US,27.981,-81.6736,34016,Haag-Hirthe,01/01/2023
940,Dmitri,Winsper,dwinsperq3@gizmodo.com,Male,1999,Honda,Prelude,New Haven,Connecticut,06538,US,41.3657,-72.9275,90380,"Crooks, Crooks and Lakin",01/27/2023
941,Penelopa,Attenbrough,pattenbroughq4@dagondesign.com,Female,2008,Lamborghini,Reventón,Washington,District of Columbia,20337,US,38.8933,-77.0146,71569,Ratke Group,09/04/2023
942,Addie,Godin,agodinq5@google.co.jp,Female,1993,Pontiac,Grand Prix,Saint Louis,Missouri,63136,US,38.7196,-90.27,85731,O'Keefe and Sons,02/19/2022
943,Tatiana,Billham,tbillhamq6@360.cn,Female,1997,Mercury,Villager,San Diego,California,92115,US,32.7607,-117.0721,39480,"Bednar, Hettinger and Haley",02/01/2024
944,Griselda,Wevell,gwevellq7@slate.com,Female,1993,Hyundai,Scoupe,New York City,New York,10019,US,40.7651,-73.9858,96017,Marks-Collins,04/02/2023
945,Ava,Ruusa,aruusaq8@businesswire.com,Female,2003,GMC,Yukon XL 2500,Saint Petersburg,Florida,33731,US,27.8918,-82.7248,65251,"Jacobi, Mitchell and Halvorson",11/20/2022
946,Micheline,Magowan,mmagowanq9@abc.net.au,Female,1998,GMC,Sonoma Club Coupe,Philadelphia,Pennsylvania,19184,US,40.0018,-75.1179,94456,"Kuhic, Gutkowski and Kuhic",08/29/2022
947,Abraham,Dyne,adyneqa@desdev.cn,Male,2002,Toyota,4Runner,Houston,Texas,77090,US,30.0167,-95.447,45336,McDermott Group,06/16/2023
948,Delainey,Pavett,dpavettqb@buzzfeed.com,Male,2007,Ford,E350,Boise,Idaho,83711,US,43.4599,-116.244,53150,Volkman-Huel,04/02/2024
949,Valdemar,Foffano,vfoffanoqc@google.ca,Male,2010,Nissan,Rogue,Peoria,Illinois,61635,US,40.7442,-89.7184,77878,"West, Mayert and Stiedemann",10/27/2024
950,Aurilia,Capitano,acapitanoqd@wsj.com,Genderfluid,1992,Alfa Romeo,Spider,Washington,District of Columbia,20078,US,38.8933,-77.0146,98211,Wiegand-Smitham,06/26/2025
951,Tedman,Bilfoot,tbilfootqe@rediff.com,Male,1993,Ford,F150,Bridgeport,Connecticut,06606,US,41.2091,-73.2086,57397,Senger LLC,03/28/2022
952,Phaidra,Broadwood,pbroadwoodqf@weather.com,Female,1988,Ford,EXP,Wilmington,North Carolina,28410,US,34.0881,-77.8526,63334,Davis LLC,06/27/2025
953,Wally,Flowith,wflowithqg@seesaa.net,Genderfluid,2000,Ford,Focus,Washington,District of Columbia,20575,US,38.8933,-77.0146,31712,Terry-Schiller,12/19/2024
954,Laura,Bernt,lberntqh@surveymonkey.com,Female,2006,Ford,F-350 Super Duty,Harrisburg,Pennsylvania,17140,US,40.3086,-76.8464,77617,"Tromp, Block and Champlin",03/19/2023
955,Harry,Brearley,hbrearleyqi@pbs.org,Male,1998,GMC,Yukon,Anaheim,California,92812,US,33.817,-117.9286,31871,Hayes Inc,07/28/2025
956,Bondy,Skelding,bskeldingqj@google.it,Male,2004,Chevrolet,Impala,Detroit,Michigan,48217,US,42.2719,-83.1545,59378,"Boyle, Stracke and Armstrong",09/19/2024
957,Johnette,Ledeker,jledekerqk@free.fr,Female,2003,Chevrolet,Express 1500,Buffalo,New York,14263,US,42.7684,-78.8871,88272,Cassin-Morar,12/13/2024
958,Honoria,Resun,hresunql@soundcloud.com,Genderfluid,1995,Acura,NSX,Miami,Florida,33190,US,25.5593,-80.3483,80386,"Greenholt, Hirthe and Beatty",01/21/2023
959,Torin,Matovic,tmatovicqm@opensource.org,Male,2004,Hyundai,Elantra,New York City,New York,10024,US,40.7864,-73.9764,88513,Blick Inc,04/12/2023
960,Khalil,Garvin,kgarvinqn@squarespace.com,Male,2007,Toyota,Yaris,Sandy,Utah,84093,US,40.5927,-111.831,40060,Mertz Group,10/24/2024
961,Flora,Perse,fperseqo@biglobe.ne.jp,Female,1994,Dodge,Viper,Oklahoma City,Oklahoma,73190,US,35.5514,-97.4075,56629,Lueilwitz-Murazik,07/10/2025
962,Jocelin,Cardno,jcardnoqp@nhs.uk,Female,1997,Lotus,Esprit,Louisville,Kentucky,40298,US,38.189,-85.6768,76038,Lowe and Sons,06/25/2024
963,Tallie,Maso,tmasoqq@japanpost.jp,Non-binary,1998,Buick,Regal,Birmingham,Alabama,35225,US,33.5446,-86.9292,70822,Quitzon-Carroll,08/09/2023
964,Evered,Deniske,edeniskeqr@wp.com,Male,2009,Pontiac,Torrent,Jamaica,New York,11436,US,40.6763,-73.7966,52536,"Lockman, Volkman and Hoeger",12/05/2022
965,Sibilla,Durnall,sdurnallqs@imageshack.us,Non-binary,1997,GMC,3500,Philadelphia,Pennsylvania,19093,US,40.0018,-75.1179,47361,Zemlak Group,10/21/2023
966,Ailsun,Francillo,afrancilloqt@ucla.edu,Female,2004,Pontiac,Sunfire,Des Moines,Iowa,50310,US,41.6255,-93.6736,84290,"Bartell, Ebert and Kessler",02/26/2025
967,Daniella,Ubee,dubeequ@amazonaws.com,Female,2009,Ford,F250,Chicago,Illinois,60674,US,41.8119,-87.6873,52244,Johnson-Ryan,08/14/2023
968,Miller,Habershon,mhabershonqv@altervista.org,Male,1989,Volkswagen,Jetta,Erie,Pennsylvania,16510,US,42.1087,-79.9535,64884,Howe-Gibson,08/11/2022
969,Adda,O'Henery,aoheneryqw@tinypic.com,Female,1995,Dodge,Caravan,Boulder,Colorado,80305,US,39.9807,-105.2531,31330,Osinski-Nikolaus,03/04/2022
970,Ellery,Jeaycock,ejeaycockqx@springer.com,Male,1981,Chevrolet,Camaro,Jackson,Mississippi,39210,US,32.3218,-90.1771,66872,"Gutmann, Moore and Waters",08/06/2022
971,Ira,Barff,ibarffqy@theatlantic.com,Male,1999,Dodge,Avenger,Tacoma,Washington,98405,US,47.2484,-122.4644,47510,Monahan-Kemmer,02/01/2023
972,Innis,Macci,imacciqz@columbia.edu,Male,2006,Infiniti,Q,Daytona Beach,Florida,32128,US,29.0838,-81.0336,75948,"Bergstrom, Roob and Runolfsdottir",11/03/2022
973,Marlane,Loreit,mloreitr0@typepad.com,Female,2006,Mercedes-Benz,R-Class,Charlottesville,Virginia,22903,US,38.0339,-78.4924,97940,"Wisoky, Rath and Bernier",07/12/2022
974,Curtis,Sellen,csellenr1@smh.com.au,Male,1998,Nissan,Maxima,Austin,Texas,78710,US,30.352,-97.7151,69145,Graham Group,08/11/2023
975,Matty,Dy,mdyr2@list-manage.com,Female,2004,Dodge,Ram 2500,Bronx,New York,10459,US,40.8247,-73.894,54724,Lynch LLC,04/13/2023
976,Kellina,Kindall,kkindallr3@timesonline.co.uk,Female,2010,Dodge,Avenger,Tucson,Arizona,85737,US,32.4142,-110.9466,80852,Zemlak-Jast,04/05/2024
977,Lydia,Stewart,lstewartr4@hexun.com,Female,2012,Mercedes-Benz,CLS-Class,San Diego,California,92160,US,33.0169,-116.846,87420,Harvey Group,04/12/2023
978,Maddy,Erangey,merangeyr5@i2i.jp,Male,2000,Volvo,S80,Nashville,Tennessee,37235,US,36.1866,-86.7852,31844,Marks LLC,03/14/2025
979,Jazmin,Lippini,jlippinir6@va.gov,Female,1992,Dodge,D150 Club,Cincinnati,Ohio,45264,US,39.1668,-84.5382,46679,Miller-Kuhlman,08/12/2025
980,Glen,Blennerhassett,gblennerhassettr7@dailymail.co.uk,Male,2003,Honda,CR-V,Tampa,Florida,33610,US,27.9951,-82.4046,79211,"Wisozk, Hammes and Mertz",01/28/2025
981,Edsel,Jertz,ejertzr8@paginegialle.it,Male,2008,BMW,1 Series,Huntington,West Virginia,25711,US,38.4134,-82.2774,97112,Vandervort-Hammes,06/25/2025
982,Wylma,Peskett,wpeskettr9@meetup.com,Female,2008,Ford,Taurus X,Oakland,California,94660,US,37.6802,-121.9215,68374,"Rogahn, Rath and Oberbrunner",06/09/2025
983,Lelia,Founds,lfoundsra@ibm.com,Female,1994,GMC,Safari,Detroit,Michigan,48206,US,42.3749,-83.1087,52356,"Kemmer, Herzog and Blanda",05/02/2023
984,Ema,Sommerland,esommerlandrb@independent.co.uk,Female,1992,Porsche,968,Brooklyn,New York,11215,US,40.6669,-73.9828,83342,Powlowski LLC,11/05/2023
985,Laurena,Reinard,lreinardrc@si.edu,Female,2010,Chevrolet,Colorado,Tallahassee,Florida,32304,US,30.4478,-84.3211,45714,Ullrich Group,06/08/2024
986,Ashly,Stebbings,astebbingsrd@nymag.com,Female,2009,Acura,RL,Chattanooga,Tennessee,37405,US,35.0768,-85.3082,31522,Metz-Jaskolski,04/05/2023
987,Staffard,Rowell,srowellre@weather.com,Male,2000,GMC,Sierra 1500,Pittsburgh,Pennsylvania,15225,US,40.5051,-80.1155,62868,Leuschke Group,11/03/2025
988,Janeen,Bangley,jbangleyrf@shareasale.com,Agender,2005,Nissan,Maxima,Springfield,Massachusetts,01105,US,42.0999,-72.5783,70352,Borer-Rath,01/16/2024
989,Kirby,Lease,kleaserg@reddit.com,Male,2007,Hyundai,Sonata,Philadelphia,Pennsylvania,19131,US,39.9845,-75.2282,70060,Miller and Sons,01/09/2024
990,Helene,Bratch,hbratchrh@phoca.cz,Female,2008,Land Rover,LR3,Denver,Colorado,80249,US,39.7783,-104.7556,92499,Sawayn-Blick,03/19/2022
991,Homere,Terry,hterryri@nydailynews.com,Male,2004,Buick,Century,Jacksonville,Florida,32255,US,30.287,-81.3893,45405,Blanda-Toy,08/21/2023
992,Jephthah,Paoletto,jpaolettorj@census.gov,Male,1999,Suzuki,Esteem,Laredo,Texas,78044,US,27.3637,-99.4819,30401,Lind and Sons,08/18/2022
993,Sylvia,Hulls,shullsrk@nba.com,Female,2005,Lexus,LS,Toledo,Ohio,43635,US,41.6868,-83.4394,57730,"Jacobs, Koepp and Mertz",06/05/2022
994,Mendy,Veitch,mveitchrl@youtu.be,Genderqueer,2008,Lexus,IS,Phoenix,Arizona,85099,US,33.2765,-112.1872,82006,Schoen-Tillman,04/12/2025
995,Paulo,Kornilyev,pkornilyevrm@theatlantic.com,Non-binary,1993,Mazda,626,Richmond,Virginia,23242,US,37.5313,-77.4161,47415,"Weissnat, Leannon and Will",09/14/2024
996,Gabie,Lakes,glakesrn@issuu.com,Female,1989,Audi,100,Honolulu,Hawaii,96835,US,21.3278,-157.8294,81099,"O'Kon, Rolfson and Swaniawski",06/24/2025
997,Andrei,Witterick,awitterickro@flavors.me,Female,2010,Maybach,62,Louisville,Kentucky,40256,US,38.189,-85.6768,73738,"Brekke, Mraz and Lakin",01/26/2025
998,Whitman,Collidge,wcollidgerp@google.pl,Male,2007,Hummer,H2,Minneapolis,Minnesota,55470,US,45.0159,-93.4719,71587,"Bruen, Bode and Lebsack",03/04/2024
999,Gottfried,Binding,gbindingrq@addthis.com,Male,2012,Chevrolet,Sonic,Bakersfield,California,93311,US,35.3039,-119.1056,48307,"D'Amore, Barton and Luettgen",02/14/2022
1000,Garvey,Davern,gdavernrr@networksolutions.com,Male,1991,Mercedes-Benz,W201,Bozeman,Montana,59771,US,45.7246,-111.1238,93258,"Miller, Stamm and Cormier",10/06/2024
