id,firstName,lastName,email,gender,carYear,automobileMake,automobileModel,customerRegion,customerState,customerPostal,customerCountry_ISO2,customerRegionLatitude,ownerRegionLongitude,automobilePrice,customer,purchaseDate
1,Heindrick,Lyokhin,hlyokhin0@pen.io,Male,2008,Ford,Mustang,Norcross,Georgia,30092,US,33.9677,-84.2438,92424,Ryan Inc,11/16/2024
2,Demetris,Fidelus,dfidelus1@virginia.edu,Female,2006,Saturn,VUE,Huntington,West Virginia,25711,US,38.4134,-82.2774,67602,Cartwright Group,08/24/2022
3,Consalve,Byford,cbyford2@ucla.edu,Male,2008,Suzuki,XL-7,Midland,Texas,79705,US,32.0295,-102.0915,64880,Wisoky-Swift,12/14/2023
4,Vanessa,Kenworthey,vkenworthey3@surveymonkey.com,Female,2004,Audi,Allroad,Fort Lauderdale,Florida,33345,US,26.1654,-80.2959,97868,Becker Inc,10/16/2022
5,Kiah,Jones,kjones4@washingtonpost.com,Bigender,1993,Infiniti,Q,El Paso,Texas,79994,US,31.6948,-106.3,55413,Windler LLC,03/10/2023
6,Bari,Cudbertson,bcudbertson5@google.com.au,Female,2006,Chrysler,Sebring,Springfield,Illinois,62723,US,39.7495,-89.606,31344,"Feeney, Herzog and Rau",07/28/2024
7,Estel,Emmins,eemmins6@ca.gov,Female,2013,Ford,Fusion,Saint Paul,Minnesota,55103,US,44.9608,-93.1216,77364,Casper Group,07/11/2025
8,Elna,Glitherow,eglitherow7@cbslocal.com,Female,1997,Mercury,Grand Marquis,Los Angeles,California,90081,US,33.7866,-118.2987,57179,Zulauf-Rutherford,07/20/2022
9,John,Korn,jkorn8@nasa.gov,Male,1992,Mercedes-Benz,400SE,Atlanta,Georgia,30323,US,33.8444,-84.474,63458,"Hagenes, Osinski and Baumbach",11/12/2025
10,Justine,Axten,jaxten9@51.la,Genderqueer,2011,Chrysler,300,Davenport,Iowa,52804,US,41.5386,-90.6115,90873,Blick-Moen,07/03/2024
11,Jaymie,Notti,jnottia@exblog.jp,Male,1992,Land Rover,Defender,Oklahoma City,Oklahoma,73157,US,35.5514,-97.4075,74600,"Bernhard, Gutkowski and Bergstrom",06/19/2025
12,Crosby,Cramond,ccramondb@free.fr,Male,2009,Ford,Explorer,Long Beach,California,90810,US,33.8193,-118.2325,62316,Graham LLC,10/26/2023
13,Berte,Ballsdon,bballsdonc@bing.com,Female,1998,Mercury,Villager,Lexington,Kentucky,40546,US,38.0283,-84.4715,88933,"Gusikowski, Collier and Koch",01/01/2024
14,Vale,Torbett,vtorbettd@bluehost.com,Female,1987,Ford,LTD Crown Victoria,Saint Petersburg,Florida,33705,US,27.7391,-82.6435,39060,"VonRueden, Murray and Mohr",09/14/2022
15,Pris,Trewhela,ptrewhelae@delicious.com,Female,1999,Suzuki,Esteem,New York City,New York,10039,US,40.8265,-73.9383,57379,Buckridge-Lehner,02/09/2022
16,Gretna,Lampart,glampartf@yelp.com,Female,1987,Ford,LTD Crown Victoria,Evansville,Indiana,47705,US,37.9971,-87.575,66905,Hamill Group,12/10/2024
17,Wildon,Whatling,wwhatlingg@slate.com,Male,1999,Lexus,RX,Bloomington,Illinois,61709,US,40.4614,-88.953,45909,Corkery-Kunze,08/09/2023
18,Sydney,Trevarthen,strevarthenh@mayoclinic.com,Female,2002,BMW,3 Series,Fort Worth,Texas,76105,US,32.7233,-97.269,98035,"Langosh, Johns and Farrell",12/22/2025
19,Juliane,Bearn,jbearni@blogs.com,Female,1987,Buick,Century,Philadelphia,Pennsylvania,19093,US,40.0018,-75.1179,39456,Raynor Inc,07/15/2022
20,Celisse,Scotchmor,cscotchmorj@fotki.com,Female,2002,Dodge,Neon,Dallas,Texas,75265,US,32.7673,-96.7776,59247,"Huel, Rolfson and Dare",01/07/2024
21,Ibby,Kassidy,ikassidyk@i2i.jp,Female,2005,BMW,X3,Saint Paul,Minnesota,55114,US,44.968,-93.1981,76836,"Langosh, Dicki and Leannon",02/08/2024
22,Leroy,Calf,lcalfl@nsw.gov.au,Male,1992,Mercedes-Benz,400E,New Orleans,Louisiana,70154,US,30.033,-89.8826,82421,"Quitzon, Vandervort and Pfannerstill",08/13/2022
23,Ernaline,Medeway,emedewaym@sciencedirect.com,Female,2001,Mitsubishi,Pajero,Cincinnati,Ohio,45238,US,39.1092,-84.6108,31115,Rowe-Hirthe,02/08/2025
24,Hinze,Harbach,hharbachn@google.ca,Male,1998,Mercury,Sable,Dayton,Ohio,45470,US,39.7505,-84.2686,42782,Hirthe Inc,11/26/2024
25,Devina,Lucken,dluckeno@lulu.com,Female,1987,Pontiac,Firebird,Stamford,Connecticut,06922,US,41.0516,-73.5143,68784,Jacobson Inc,01/09/2024
26,Bethena,Kamien,bkamienp@blogger.com,Genderqueer,2007,Mazda,RX-8,Philadelphia,Pennsylvania,19131,US,39.9845,-75.2282,32228,Hoppe LLC,02/14/2023
27,Erna,Syddall,esyddallq@stanford.edu,Non-binary,1992,Chevrolet,Sportvan G30,Inglewood,California,90305,US,33.9583,-118.3258,81580,Tremblay-Hyatt,04/13/2024
28,Nert,Bloomfield,nbloomfieldr@joomla.org,Non-binary,2004,Volvo,S80,Wichita,Kansas,67236,US,37.5422,-97.2871,88141,Pfeffer and Sons,12/06/2024
29,Adelaide,Piatti,apiattis@guardian.co.uk,Female,1983,Pontiac,6000,Port Washington,New York,11054,US,40.7548,-73.6018,32613,"Barton, Deckow and Durgan",03/10/2022
30,Maribeth,Milburn,mmilburnt@squarespace.com,Female,2007,Isuzu,i-Series,Spokane,Washington,99205,US,47.6964,-117.4399,97292,Dicki-Heaney,06/12/2025
31,Fons,Karpmann,fkarpmannu@vistaprint.com,Male,1993,Dodge,Viper,Melbourne,Florida,32941,US,27.9246,-80.5235,86266,"Ullrich, Williamson and Kulas",06/14/2022
32,Goober,Blaber,gblaberv@deviantart.com,Male,1997,Volkswagen,Cabriolet,Columbia,South Carolina,29225,US,34.006,-80.9708,63201,Hane-Spinka,11/27/2025
33,Catriona,Mangam,cmangamw@fc2.com,Female,2005,Mitsubishi,Diamante,Oklahoma City,Oklahoma,73173,US,35.3425,-97.6317,49027,Gibson Group,07/11/2022
34,Tyson,Rippin,trippinx@is.gd,Male,2009,Chevrolet,Silverado 3500,Sacramento,California,94237,US,38.3774,-121.4444,99605,Franecki and Sons,06/05/2024
35,Sharai,Lent,slenty@goo.gl,Female,1992,Acura,NSX,Baltimore,Maryland,21216,US,39.3093,-76.6699,76470,Feil and Sons,05/20/2022
36,Randolph,Latta,rlattaz@shutterfly.com,Male,1998,Saturn,S-Series,Kansas City,Missouri,64199,US,39.035,-94.3567,99247,Ebert Group,09/08/2025
37,Parker,Edgett,pedgett10@storify.com,Male,2001,Toyota,Echo,Seattle,Washington,98109,US,47.6339,-122.3476,67068,"Senger, Blick and Murphy",02/24/2025
38,Gipsy,Ricards,gricards11@senate.gov,Female,2007,Cadillac,XLR,Nashville,Tennessee,37215,US,36.0986,-86.8219,82177,Reilly-Walsh,04/14/2023
39,Pavel,Commucci,pcommucci12@eepurl.com,Male,1993,Ford,Mustang,Austin,Texas,78783,US,30.3264,-97.7713,37494,"Kulas, Schuster and Weimann",03/08/2024
40,Lee,Mannix,lmannix13@cocolog-nifty.com,Female,1988,Buick,LeSabre,Wilkes Barre,Pennsylvania,18706,US,41.2044,-75.9113,50297,"Crona, Cummings and Brakus",04/05/2023
41,Tory,Coventon,tcoventon14@hubpages.com,Female,1994,BMW,8 Series,Washington,District of Columbia,20016,US,38.9381,-77.086,76135,Lehner-Grimes,06/01/2022
42,Trey,Novic,tnovic15@fc2.com,Male,1976,Plymouth,Volare,Provo,Utah,84605,US,40.177,-111.536,31687,"Grady, Crist and Streich",05/15/2022
43,Florette,Dowrey,fdowrey16@sphinn.com,Female,2002,Dodge,Ram 1500,Bakersfield,California,93386,US,35.2944,-118.9052,56622,McGlynn and Sons,01/16/2026
44,Dorene,Stansby,dstansby17@soundcloud.com,Female,2002,Pontiac,Bonneville,Charleston,West Virginia,25331,US,38.2968,-81.5547,66529,Cummerata-Buckridge,07/30/2022
45,Stormy,Featenby,sfeatenby18@seesaa.net,Female,2009,Volkswagen,GLI,Las Vegas,Nevada,89105,US,36.086,-115.1471,82780,"Murazik, Fritsch and Quigley",02/04/2024
46,Osmond,Gazzard,ogazzard19@europa.eu,Male,1995,Infiniti,Q,Orange,California,92862,US,33.7915,-117.714,45307,Littel-Skiles,07/16/2024
47,Wyndham,Rudgard,wrudgard1a@liveinternet.ru,Male,1994,Hyundai,Excel,North Hollywood,California,91606,US,34.1872,-118.3865,35283,Bayer Inc,08/09/2022
48,Ambrose,O'Duane,aoduane1b@ucoz.com,Male,2001,Volkswagen,rio,Lansing,Michigan,48930,US,42.7325,-84.5587,82854,Gleason-Nicolas,12/22/2023
49,Chevy,Shipman,cshipman1c@java.com,Male,1994,Volvo,940,West Palm Beach,Florida,33421,US,26.6459,-80.4303,85331,"Harber, Gulgowski and Toy",11/18/2024
50,Zed,McCourt,zmccourt1d@1688.com,Male,2009,Hyundai,Veracruz,Richmond,Virginia,23272,US,37.5242,-77.4932,86668,Wehner-O'Hara,09/28/2022
51,Vivianna,Culpan,vculpan1e@army.mil,Female,1997,Oldsmobile,Achieva,Macon,Georgia,31296,US,32.8067,-83.6913,43140,"Runolfsson, Bartell and Weissnat",12/12/2025
52,Barnaby,Benge,bbenge1f@usgs.gov,Male,2001,Buick,LeSabre,New Orleans,Louisiana,70149,US,30.033,-89.8826,89132,Altenwerth Group,03/22/2023
53,Geoffrey,Sabbin,gsabbin1g@example.com,Male,2005,Honda,Insight,Peoria,Illinois,61640,US,40.7857,-89.6177,72934,Moen-Bechtelar,08/17/2022
54,Annabelle,Eastes,aeastes1h@ucoz.com,Female,1997,BMW,5 Series,Wichita,Kansas,67260,US,37.7194,-97.2936,67378,Price-Predovic,02/07/2025
55,Collin,Jervoise,cjervoise1i@123-reg.co.uk,Male,2001,Pontiac,Grand Prix,Bradenton,Florida,34205,US,27.4841,-82.5834,82685,"Cartwright, Halvorson and Schmidt",10/24/2024
56,Tomasina,Cabedo,tcabedo1j@homestead.com,Female,1998,Chevrolet,Cavalier,Columbus,Georgia,31914,US,32.491,-84.8741,38410,"Cummings, Welch and Marks",04/18/2024
57,Jeannette,Ewan,jewan1k@goodreads.com,Female,1995,Nissan,Altima,Indianapolis,Indiana,46221,US,39.7509,-86.1924,31262,Hyatt Group,08/01/2024
58,Estella,Giovannelli,egiovannelli1l@businesswire.com,Female,2009,GMC,Savana 3500,Charleston,South Carolina,29403,US,32.7976,-79.9493,57116,"Grant, Balistreri and Ernser",05/19/2025
59,Piotr,Runcie,pruncie1m@bizjournals.com,Male,2007,BMW,X3,Corpus Christi,Texas,78426,US,27.777,-97.4632,82347,"Mosciski, Haley and Armstrong",08/07/2024
60,Kessiah,Ladlow,kladlow1n@goo.gl,Female,1994,Toyota,Tercel,Woburn,Massachusetts,01813,US,42.4464,-71.4594,60555,"Braun, Durgan and White",11/16/2025
61,Renae,Haggis,rhaggis1o@xing.com,Female,1975,Chevrolet,Corvette,Naples,Florida,34108,US,26.2416,-81.8071,90693,"Conn, Tillman and Cummerata",08/20/2024
62,Arri,Walkden,awalkden1p@hugedomains.com,Male,1997,Suzuki,Sidekick,Lake Worth,Florida,33467,US,26.6104,-80.1683,48987,Prohaska-Hammes,08/16/2024
63,Nanni,MacLeese,nmacleese1q@dagondesign.com,Polygender,2012,Chevrolet,Cruze,Panama City,Florida,32412,US,30.2345,-85.692,70557,Cassin-Mosciski,05/15/2023
64,Erick,Nettles,enettles1r@sciencedaily.com,Male,1990,Buick,LeSabre,Escondido,California,92030,US,33.0169,-116.846,72436,Kling and Sons,10/15/2025
65,Jolyn,Maddin,jmaddin1s@webeden.co.uk,Female,2004,GMC,Savana 1500,Anaheim,California,92812,US,33.817,-117.9286,59420,"Schoen, Reynolds and Runte",11/11/2023
66,Vilhelmina,Markushkin,vmarkushkin1t@cloudflare.com,Female,2009,Cadillac,CTS,Dallas,Texas,75246,US,32.7948,-96.7697,50617,"Lemke, Effertz and Abbott",09/13/2023
67,Phyllys,Stenhouse,pstenhouse1u@moonfruit.com,Female,2008,Subaru,Outback,Cincinnati,Ohio,45999,US,39.1668,-84.5382,53792,Mann-Jacobi,03/21/2022
68,Shandeigh,Spieck,sspieck1v@goo.ne.jp,Female,2007,Lamborghini,Murciélago,Knoxville,Tennessee,37919,US,35.9244,-84.0015,70365,Gulgowski-Kulas,02/22/2023
69,Esta,Hessentaler,ehessentaler1w@examiner.com,Female,1969,Pontiac,Grand Prix,Orlando,Florida,32835,US,28.5289,-81.4787,56586,Schumm Group,01/20/2026
70,Hercules,Rigney,hrigney1x@nytimes.com,Male,1996,GMC,2500,Honolulu,Hawaii,96805,US,21.3062,-157.8585,56590,"Schroeder, Thompson and Shields",01/13/2025
71,Celestine,Bugge,cbugge1y@blogs.com,Female,1999,Lincoln,Continental,Shawnee Mission,Kansas,66225,US,38.8999,-94.832,60118,Frami-Wilkinson,05/11/2023
72,Melitta,Hirjak,mhirjak1z@hubpages.com,Female,1995,Toyota,Land Cruiser,San Diego,California,92132,US,32.6437,-117.1384,82509,Flatley Inc,07/04/2022
73,Kelwin,Glyn,kglyn20@domainmarket.com,Male,1994,Chrysler,Concorde,Fort Lauderdale,Florida,33315,US,26.0989,-80.1541,33112,Heaney-Morar,09/05/2025
74,Matias,Smullin,msmullin21@google.com.au,Male,2005,Mercedes-Benz,CL-Class,Saint Louis,Missouri,63196,US,38.6531,-90.2435,62643,Kuhic Group,07/01/2023
75,Ethelin,Grinstead,egrinstead22@freewebs.com,Female,1999,Chrysler,Sebring,Valley Forge,Pennsylvania,19495,US,39.9832,-75.7481,74064,Dare Group,09/20/2025
76,Ricky,Ramm,rramm23@theglobeandmail.com,Female,2009,BMW,X3,Colorado Springs,Colorado,80910,US,38.8152,-104.7703,94656,Wolf-Langosh,06/26/2025
77,Berry,Eary,beary24@craigslist.org,Female,1999,Cadillac,Seville,San Diego,California,92121,US,32.8919,-117.2035,36705,Funk LLC,08/10/2025
78,Slade,Geggie,sgeggie25@independent.co.uk,Non-binary,2004,Ford,Thunderbird,Louisville,Kentucky,40287,US,38.189,-85.6768,50036,"Herzog, Schmeler and Fritsch",08/22/2023
79,Gaylord,Elmar,gelmar26@bizjournals.com,Male,2010,GMC,Yukon,Fredericksburg,Virginia,22405,US,38.3365,-77.4366,85697,"Harber, Zemlak and Willms",04/25/2023
80,Whitaker,Dyball,wdyball27@irs.gov,Male,1993,Volkswagen,Fox,Jacksonville,Florida,32244,US,30.2231,-81.7556,76145,"Lebsack, Schumm and Moen",11/23/2022
81,Cynthy,Bramwich,cbramwich28@ca.gov,Female,1988,Mercury,Grand Marquis,Washington,District of Columbia,20226,US,38.8933,-77.0146,44691,Quitzon-Hamill,11/23/2024
82,Dennie,Lightning,dlightning29@unc.edu,Male,2007,Dodge,Charger,El Paso,Texas,88535,US,31.6948,-106.3,69913,Beahan-Considine,10/13/2022
83,Estrella,Primmer,eprimmer2a@seesaa.net,Genderfluid,1995,Hyundai,Elantra,Phoenix,Arizona,85083,US,33.7352,-112.1294,92714,Ebert-Boehm,07/27/2023
84,Elna,Amis,eamis2b@a8.net,Female,2002,Mazda,MPV,Las Vegas,Nevada,89105,US,36.086,-115.1471,97143,"Cassin, Hauck and Braun",05/26/2025
85,Therese,Cran,tcran2c@technorati.com,Female,2007,Honda,Ridgeline,Young America,Minnesota,55551,US,44.8055,-93.7665,76120,Hegmann and Sons,08/30/2023
86,Ermin,Shearer,eshearer2d@rediff.com,Male,2010,Subaru,Impreza,Durham,North Carolina,27705,US,36.0218,-78.9478,32461,Feil-Bergstrom,02/07/2024
87,Berni,Piwall,bpiwall2e@tuttocitta.it,Female,2003,Mercedes-Benz,S-Class,Birmingham,Alabama,35205,US,33.4951,-86.8059,65449,Hammes and Sons,02/23/2025
88,Teressa,Edmons,tedmons2f@google.ca,Female,1985,Lincoln,Continental,Salt Lake City,Utah,84125,US,40.6681,-111.9083,82686,Nader-Schiller,09/14/2025
89,Alphard,Espinos,aespinos2g@cocolog-nifty.com,Male,1989,Mitsubishi,L300,Topeka,Kansas,66667,US,39.0429,-95.7697,79895,Treutel and Sons,01/28/2023
90,Fifi,Stirzaker,fstirzaker2h@oaic.gov.au,Female,2010,Audi,A5,North Port,Florida,34290,US,27.0459,-82.2491,49403,"Dietrich, Gorczany and Beer",01/29/2026
91,Delila,Hilliam,dhilliam2i@chicagotribune.com,Female,2006,Volkswagen,New Beetle,Pensacola,Florida,32590,US,30.6143,-87.2758,39806,"Schoen, Crooks and Kihn",12/24/2022
92,Maynord,Suarez,msuarez2j@economist.com,Bigender,2001,Chevrolet,Silverado 1500,Columbus,Ohio,43240,US,40.1454,-82.9817,56860,Klocko and Sons,08/02/2025
93,Irma,Bastard,ibastard2k@taobao.com,Non-binary,1998,Mercedes-Benz,CL-Class,New York City,New York,10260,US,40.7808,-73.9772,30023,"Lockman, Rutherford and Herzog",05/13/2025
94,Alameda,Lathee,alathee2l@bing.com,Female,1981,Pontiac,Grand Prix,Tucson,Arizona,85732,US,32.0848,-110.7122,43831,"Crist, Yundt and Douglas",06/26/2024
95,Chandra,Fowley,cfowley2m@pcworld.com,Female,1988,Mitsubishi,Starion,Los Angeles,California,90005,US,34.0585,-118.3012,83612,Gorczany-Bechtelar,05/05/2025
96,Dimitri,Van den Hof,dvandenhof2n@google.com,Male,1998,Mercury,Villager,Canton,Ohio,44705,US,40.8259,-81.3399,54747,"Kuphal, Johnston and Welch",01/18/2026
97,Marigold,Booler,mbooler2o@mashable.com,Female,2012,Mercedes-Benz,SLS AMG,Knoxville,Tennessee,37914,US,35.9918,-83.8496,91497,Prosacco LLC,04/13/2025
98,Kerri,Dugget,kdugget2p@latimes.com,Female,1996,GMC,Suburban 1500,Denver,Colorado,80241,US,39.9274,-104.9548,59783,Hammes-O'Hara,05/15/2022
99,Giulio,Blasl,gblasl2q@fotki.com,Male,1997,GMC,Suburban 1500,Grand Forks,North Dakota,58207,US,47.9335,-97.3944,47433,"Larson, Pfeffer and Corkery",03/07/2025
100,Veronique,Seligson,vseligson2r@feedburner.com,Female,2002,Chevrolet,Tracker,Largo,Florida,33777,US,27.8546,-82.7545,95465,"Roberts, Hoppe and Mills",03/28/2025
101,Carla,McComish,cmccomish2s@yellowpages.com,Female,2009,Nissan,Quest,Buffalo,New York,14215,US,42.9335,-78.8115,37182,Collins-Goodwin,11/13/2024
102,Ahmed,Lacase,alacase2t@mozilla.org,Polygender,1999,Plymouth,Breeze,Jamaica,New York,11407,US,40.6913,-73.8059,42379,Nikolaus-Leannon,09/10/2023
103,Melanie,Renols,mrenols2u@springer.com,Female,2011,Ford,Expedition,Washington,District of Columbia,20016,US,38.9381,-77.086,30160,"Collier, Schimmel and Gleason",04/04/2023
104,Mirna,Blake,mblake2v@ycombinator.com,Female,2003,Chevrolet,Impala,Anchorage,Alaska,99517,US,61.1901,-149.9361,48978,"VonRueden, Sanford and Larson",07/18/2024
105,Moselle,Filliskirk,mfilliskirk2w@360.cn,Female,2000,Nissan,Xterra,Longview,Texas,75605,US,32.5547,-94.7767,89070,"Harvey, Mertz and Conn",03/11/2022
106,Giacomo,Maskew,gmaskew2x@state.gov,Male,2010,Rolls-Royce,Ghost,Birmingham,Alabama,35231,US,33.5446,-86.9292,66854,Schmitt-Rogahn,12/01/2022
107,Barclay,Chasson,bchasson2y@princeton.edu,Male,2007,Chevrolet,Avalanche,Charlotte,North Carolina,28210,US,35.1316,-80.8577,38073,"Connelly, Weber and Lakin",11/24/2025
108,Zoe,Miko,zmiko2z@sakura.ne.jp,Female,2006,Hyundai,Elantra,Pittsburgh,Pennsylvania,15266,US,40.4344,-80.0248,92170,Carroll LLC,01/26/2025
109,Johan,Vignaux,jvignaux30@youtu.be,Male,1985,Buick,LeSabre,Sacramento,California,94291,US,38.3774,-121.4444,59801,Harber LLC,10/10/2022
110,Giacopo,Tomik,gtomik31@addtoany.com,Male,1996,Honda,Accord,Washington,District of Columbia,20319,US,38.8667,-77.0166,57829,Hilpert-McLaughlin,06/04/2023
111,Lanie,O'Siaghail,losiaghail32@bing.com,Male,2010,Chevrolet,Express 1500,Boise,Idaho,83711,US,43.4599,-116.244,46325,"Connelly, Luettgen and Steuber",09/26/2025
112,Rebe,Bewly,rbewly33@alibaba.com,Female,1988,Pontiac,Grand Prix,Charlotte,North Carolina,28289,US,35.26,-80.8042,71980,Schmidt LLC,08/08/2022
113,Stanwood,Ferdinand,sferdinand34@weebly.com,Male,2004,Chevrolet,Suburban 2500,San Antonio,Texas,78260,US,29.7026,-98.4759,30796,Terry-Smith,10/15/2023
114,Zena,Muddle,zmuddle35@feedburner.com,Female,1992,Oldsmobile,88,Huntington,West Virginia,25705,US,38.4096,-82.369,89946,"Cole, Raynor and Raynor",11/27/2024
115,Vonnie,Kennefick,vkennefick36@washington.edu,Female,2004,Lincoln,Aviator,Washington,District of Columbia,20404,US,38.8992,-77.0089,54388,Mayer-Wintheiser,08/16/2024
116,Esme,Dilrew,edilrew37@engadget.com,Male,2000,Infiniti,I,Woburn,Massachusetts,01813,US,42.4464,-71.4594,65182,Walker-Beer,08/22/2024
117,Abbye,Constanza,aconstanza38@berkeley.edu,Female,2008,GMC,Yukon,Washington,District of Columbia,20078,US,38.8933,-77.0146,65059,"Hayes, Bashirian and Schroeder",04/26/2022
118,Arlin,Fradgley,afradgley39@cafepress.com,Male,1997,Cadillac,DeVille,Jacksonville,Florida,32220,US,30.329,-81.8176,55147,"Balistreri, Jacobi and Rodriguez",06/09/2022
119,Davita,Delph,ddelph3a@about.me,Female,2004,Hyundai,XG350,Charlotte,North Carolina,28263,US,35.2268,-80.8432,79394,Bartoletti Group,01/04/2023
120,Ware,Traite,wtraite3b@ucoz.com,Male,1996,Honda,Accord,Bloomington,Indiana,47405,US,39.1682,-86.5186,46674,"Mraz, Jerde and Gutmann",09/27/2025
121,Zsazsa,Shermore,zshermore3c@csmonitor.com,Female,1995,Chrysler,Cirrus,Madison,Wisconsin,53710,US,43.0696,-89.4239,59201,Schmeler-Mayer,07/20/2025
122,Barron,Burles,bburles3d@photobucket.com,Male,1993,Mercury,Capri,Honolulu,Hawaii,96835,US,21.3278,-157.8294,71896,"Tremblay, Moen and Turner",03/15/2024
123,Claudio,Lowndsbrough,clowndsbrough3e@csmonitor.com,Male,1992,Pontiac,LeMans,Pittsburgh,Pennsylvania,15255,US,40.4344,-80.0248,89530,Dickinson-Hayes,01/25/2023
124,Loria,Dredge,ldredge3f@devhub.com,Female,2003,Infiniti,M,Schenectady,New York,12305,US,42.8161,-73.9398,37893,"Bashirian, Heidenreich and Sawayn",08/05/2023
125,Bay,Lancley,blancley3g@gmpg.org,Male,1998,Eagle,Talon,Orlando,Florida,32891,US,28.5663,-81.2608,82155,Quigley-Quitzon,08/29/2023
126,Terrie,Conwell,tconwell3h@aol.com,Polygender,2006,Chevrolet,Express,Waco,Texas,76705,US,31.6403,-97.0963,46464,Sawayn-Goyette,01/01/2026
127,Rudiger,Dellenbrok,rdellenbrok3i@elpais.com,Male,2001,Nissan,Quest,Washington,District of Columbia,20231,US,38.8933,-77.0146,75665,Sanford and Sons,10/17/2022
128,Melissa,Volonte,mvolonte3j@google.pl,Agender,2004,Buick,LeSabre,Charleston,South Carolina,29424,US,32.7831,-79.937,37583,Kuhic Inc,12/07/2023
129,Trixy,Liggens,tliggens3k@fc2.com,Female,1984,Mercedes-Benz,E-Class,Aurora,Illinois,60505,US,41.7582,-88.2971,99657,Abshire Group,10/10/2025
130,Valera,Rayworth,vrayworth3l@reference.com,Female,2008,Ford,Explorer Sport Trac,San Antonio,Texas,78210,US,29.3977,-98.4658,78634,Gibson LLC,05/14/2025
131,Winne,Teager,wteager3m@goo.ne.jp,Female,2009,Chevrolet,Corvette,Pueblo,Colorado,81015,US,38.1286,-104.5523,96812,Powlowski LLC,05/16/2025
132,Harvey,Heskey,hheskey3n@about.com,Male,1990,Audi,80,Fort Lauderdale,Florida,33336,US,26.1219,-80.1436,85477,"Borer, Larson and Ferry",06/25/2024
133,Falkner,Bierman,fbierman3o@narod.ru,Male,1984,Ford,LTD Crown Victoria,Charlotte,North Carolina,28284,US,35.26,-80.8042,71486,"Hyatt, Kuhic and Franecki",10/21/2024
134,Wadsworth,Falkous,wfalkous3p@microsoft.com,Male,1998,Mitsubishi,Challenger,Cleveland,Ohio,44130,US,41.3826,-81.7964,68210,Lind Inc,05/12/2022
135,Egon,Eley,eeley3q@uol.com.br,Male,2009,Lexus,ES,Anniston,Alabama,36205,US,33.7358,-85.7933,83643,"Lindgren, Bartoletti and Gottlieb",08/30/2024
136,Grady,Mountlow,gmountlow3r@tmall.com,Male,2000,Mazda,B-Series Plus,Irvine,California,92612,US,33.6607,-117.8264,58766,"MacGyver, Oberbrunner and Auer",04/16/2022
137,Torre,Baine,tbaine3s@wisc.edu,Male,2011,Chevrolet,Aveo,Nashville,Tennessee,37220,US,36.0641,-86.7697,53278,Krajcik-Wuckert,02/03/2025
138,Edmund,Iddy,eiddy3t@qq.com,Male,2005,GMC,Envoy XL,Chicago,Illinois,60669,US,41.8119,-87.6873,73437,Lebsack Group,08/29/2023
139,Wanids,Altimas,waltimas3u@ifeng.com,Female,2006,Maybach,62,Denver,Colorado,80204,US,39.734,-105.0259,86717,"Bahringer, Lind and Runolfsson",06/04/2024
140,Garv,Stelle,gstelle3v@wix.com,Male,2000,Ford,Escape,Chesapeake,Virginia,23324,US,36.8056,-76.2666,32246,Torphy and Sons,06/11/2025
141,Gertrudis,Gommowe,ggommowe3w@xrea.com,Female,2006,Land Rover,Range Rover Sport,Alexandria,Louisiana,71307,US,31.2034,-92.5269,60282,"Gerhold, Barton and Roob",08/16/2025
142,Benson,Pawel,bpawel3x@cornell.edu,Genderfluid,2007,Mazda,Mazdaspeed 3,Durham,North Carolina,27705,US,36.0218,-78.9478,95820,"Senger, Berge and Waters",05/15/2024
143,Lynne,Shanks,lshanks3y@squidoo.com,Female,2001,Pontiac,Sunfire,Colorado Springs,Colorado,80905,US,38.8377,-104.837,97558,Turner-Keebler,05/23/2025
144,Felice,Ussher,fussher3z@tripadvisor.com,Female,2012,Subaru,Legacy,Hartford,Connecticut,06145,US,41.7918,-72.7188,33142,"Runolfsson, Schmidt and Lang",09/19/2023
145,Wilden,Addicott,waddicott40@behance.net,Genderqueer,2011,Hyundai,Genesis Coupe,Saint Louis,Missouri,63150,US,38.6531,-90.2435,54883,Aufderhar and Sons,07/04/2024
146,Mano,Cobbold,mcobbold41@techcrunch.com,Male,2009,Scion,xB,New York City,New York,10099,US,40.7808,-73.9772,86826,Carter LLC,07/11/2023
147,Clio,Haslock,chaslock42@bluehost.com,Female,2008,Audi,S5,Topeka,Kansas,66606,US,39.0583,-95.7095,84462,"DuBuque, Steuber and Franecki",05/31/2024
148,Danny,Viggers,dviggers43@meetup.com,Female,2007,Mitsubishi,Galant,Springfield,Missouri,65810,US,37.1136,-93.2896,74285,"Gulgowski, Abernathy and Hyatt",04/05/2023
149,Demetra,Sacker,dsacker44@wordpress.org,Female,1986,Volkswagen,Type 2,Arvada,Colorado,80005,US,39.8422,-105.1097,56315,Little Group,03/01/2022
150,Joannes,Escalante,jescalante45@lulu.com,Female,2010,Toyota,Highlander,Austin,Texas,78764,US,30.4455,-97.6595,42537,"Zulauf, Goyette and Mayert",03/18/2023
151,Kaye,Blasgen,kblasgen46@usgs.gov,Female,2004,Acura,TSX,Portland,Oregon,97232,US,45.5287,-122.6363,52918,Schulist-Morar,11/24/2022
152,Huntlee,Dingwall,hdingwall47@g.co,Bigender,2008,Chrysler,Aspen,Tucson,Arizona,85725,US,31.9701,-111.8907,79053,Kuhic-Boehm,01/12/2025
153,Reid,Bottomley,rbottomley48@google.com.au,Male,1992,Isuzu,Rodeo,Ogden,Utah,84409,US,41.2553,-111.9567,80711,Weber-Bauch,12/31/2023
154,Tabor,Cockney,tcockney49@admin.ch,Male,1999,Ford,F150,Knoxville,Tennessee,37931,US,35.9924,-84.1201,92677,Lowe-Marks,11/17/2025
155,Scotty,Jaffa,sjaffa4a@addtoany.com,Male,2010,Lexus,RX Hybrid,Albany,Georgia,31704,US,31.55,-84.0612,35348,"Farrell, Botsford and Pouros",06/10/2022
156,Markus,Edyson,medyson4b@eepurl.com,Male,1999,Hummer,H1,Charleston,West Virginia,25331,US,38.2968,-81.5547,93011,Cole-Kilback,10/05/2022
157,Cosimo,Wickes,cwickes4c@w3.org,Male,1992,Chevrolet,Astro,Naples,Florida,33963,US,26.2626,-81.8071,70305,Gerlach LLC,03/26/2024
158,Tildi,Cloute,tcloute4d@psu.edu,Female,1997,GMC,Savana 1500,Orange,California,92668,US,33.7867,-117.8742,90315,VonRueden Group,07/02/2023
159,Elton,Castellaccio,ecastellaccio4e@a8.net,Non-binary,1988,Ford,Bronco,Omaha,Nebraska,68197,US,41.249,-96.0274,65274,"Runolfsson, Volkman and Padberg",10/22/2025
160,Mylo,Read,mread4f@bing.com,Male,2002,Mercedes-Benz,CL-Class,Tulsa,Oklahoma,74149,US,36.1398,-96.0297,86208,Mann-Ullrich,03/11/2025
161,Teri,Bediss,tbediss4g@state.gov,Bigender,2000,Infiniti,Q,Sarasota,Florida,34233,US,27.2866,-82.477,65290,"McDermott, Kunde and Bayer",10/07/2025
162,Eldon,Ladel,eladel4h@un.org,Male,1997,Chevrolet,Suburban 2500,Washington,District of Columbia,20599,US,38.8933,-77.0146,85347,"Walsh, Shanahan and Crist",03/14/2022
163,Sophia,Benazet,sbenazet4i@newsvine.com,Female,1990,Volkswagen,Golf,Boston,Massachusetts,02283,US,42.3389,-70.9196,60591,"D'Amore, Prohaska and Skiles",01/08/2025
164,Cleavland,Shird,cshird4j@biblegateway.com,Male,1994,Dodge,Shadow,Fort Worth,Texas,76105,US,32.7233,-97.269,79328,Aufderhar-Kuhlman,03/02/2022
165,Teddy,Jewell,tjewell4k@upenn.edu,Female,2000,GMC,Yukon Denali,Beaumont,Texas,77705,US,30.0211,-94.1157,38911,"Goodwin, Rippin and Dietrich",09/22/2025
166,Portia,Hatch,phatch4l@cnet.com,Female,2003,Jeep,Grand Cherokee,Austin,Texas,78726,US,30.43,-97.8326,92522,Batz LLC,12/13/2023
167,Konstance,McGunley,kmcgunley4m@globo.com,Female,2008,Lotus,Elise,Woburn,Massachusetts,01813,US,42.4464,-71.4594,90623,Altenwerth-Towne,01/27/2026
168,Jada,Basey,jbasey4n@hugedomains.com,Female,1999,Nissan,Quest,Lexington,Kentucky,40581,US,38.0283,-84.4715,74858,Cole-Rosenbaum,06/09/2022
169,Britney,Domniney,bdomniney4o@whitehouse.gov,Female,1998,Nissan,Frontier,Cedar Rapids,Iowa,52405,US,41.9804,-91.7098,54857,Rosenbaum LLC,08/22/2025
170,Peri,Mersh,pmersh4p@state.gov,Non-binary,2000,Chevrolet,Impala,Pittsburgh,Pennsylvania,15266,US,40.4344,-80.0248,56268,Volkman-Bechtelar,10/20/2025
171,Aristotle,Quemby,aquemby4q@apache.org,Male,2010,Dodge,Caravan,New York City,New York,10039,US,40.8265,-73.9383,68857,Heller LLC,11/22/2023
172,Rudie,Kubelka,rkubelka4r@1688.com,Male,2011,Land Rover,Freelander,Detroit,Michigan,48232,US,42.2399,-83.1508,77230,"Bernhard, Marks and Smith",08/23/2024
173,Mitchel,Moon,mmoon4s@samsung.com,Male,1988,Mitsubishi,Mirage,Tulsa,Oklahoma,74103,US,36.1539,-95.9954,74184,Wunsch and Sons,10/27/2023
174,Frankie,Maving,fmaving4t@mozilla.com,Male,2002,Mitsubishi,Pajero,Kalamazoo,Michigan,49006,US,42.2922,-85.633,79511,Stokes Inc,11/16/2023
175,Rey,Fairholm,rfairholm4u@google.nl,Male,2006,Volkswagen,New Beetle,Lakeland,Florida,33811,US,27.9865,-82.0139,90719,Terry-Kunde,10/22/2022
176,Gianni,Caret,gcaret4v@imageshack.us,Male,2003,Ford,E250,Boston,Massachusetts,02163,US,42.3253,-71.1122,90044,"Cummerata, Deckow and Ferry",06/30/2024
177,Althea,Corneille,acorneille4w@techcrunch.com,Female,2005,Mazda,Mazda3,Richmond,Virginia,23225,US,37.5158,-77.5047,52241,Glover-MacGyver,02/17/2024
178,Blinny,Rounding,brounding4x@phpbb.com,Female,2000,Hyundai,Tiburon,Tacoma,Washington,98405,US,47.2484,-122.4644,91856,Reichel-Howe,02/02/2022
179,Oliver,Buye,obuye4y@barnesandnoble.com,Male,2008,Mitsubishi,Eclipse,Washington,District of Columbia,20525,US,38.8933,-77.0146,42341,Adams Inc,03/18/2022
180,Theodosia,Kalker,tkalker4z@prnewswire.com,Female,2005,Ford,F250,Newport Beach,California,92662,US,33.6062,-117.8931,52441,Romaguera-Hand,03/09/2023
181,Sayer,Weakley,sweakley50@wordpress.com,Male,2004,Mitsubishi,Outlander,El Paso,Texas,79950,US,31.6948,-106.3,79009,"Upton, Bayer and Murphy",09/13/2022
182,Anne,Maric,amaric51@columbia.edu,Female,1999,Oldsmobile,Cutlass,Baltimore,Maryland,21265,US,39.2847,-76.6205,40930,Kohler-Kuhlman,07/25/2022
183,Corrinne,Semorad,csemorad52@dot.gov,Agender,1995,Subaru,Impreza,Youngstown,Ohio,44505,US,41.1257,-80.6277,42454,MacGyver-Labadie,08/20/2023
184,Alwyn,Gravet,agravet53@deliciousdays.com,Male,1998,Honda,Accord,Little Rock,Arkansas,72209,US,34.6725,-92.3529,78522,"Kuvalis, Armstrong and Parisian",05/27/2024
185,Preston,Ginnaly,pginnaly54@parallels.com,Male,1989,Mercury,Cougar,New York City,New York,10045,US,40.7086,-74.0087,37727,Lowe and Sons,11/08/2024
186,Thurstan,Bollen,tbollen55@wiley.com,Male,2009,Ferrari,599 GTB Fiorano,Huntington,West Virginia,25721,US,38.4134,-82.2774,75819,"Medhurst, Ward and Vandervort",02/03/2023
187,Devin,Petracek,dpetracek56@google.com.br,Male,2011,Kia,Sedona,Peoria,Arizona,85383,US,33.7169,-112.238,48084,Ratke-Heller,12/04/2022
188,Hersch,Luby,hluby57@rambler.ru,Male,2003,Chevrolet,Avalanche 2500,Aurora,Illinois,60505,US,41.7582,-88.2971,35378,Herzog-Prohaska,01/11/2026
189,Durand,Cabble,dcabble58@guardian.co.uk,Male,1972,Citroën,SM,Baton Rouge,Louisiana,70894,US,30.5159,-91.0804,94719,Ruecker-Gulgowski,07/24/2022
190,Consuelo,Pock,cpock59@lycos.com,Female,1999,Chevrolet,S10,Columbus,Ohio,43204,US,39.9523,-83.078,45458,DuBuque Group,12/03/2025
191,Tildi,Pallant,tpallant5a@slashdot.org,Female,1990,Volkswagen,Type 2,San Jose,California,95155,US,37.31,-121.9011,78866,Ortiz Inc,08/15/2024
192,Algernon,Glenny,aglenny5b@businessinsider.com,Male,2005,Mitsubishi,Endeavor,Detroit,Michigan,48206,US,42.3749,-83.1087,90284,Braun Inc,04/29/2025
193,Bern,Bushen,bbushen5c@nature.com,Male,1992,Ford,Escort,Asheville,North Carolina,28805,US,35.6004,-82.4918,77475,Skiles and Sons,04/14/2022
194,Kirby,Packington,kpackington5d@discovery.com,Female,2008,Volkswagen,GTI,Staten Island,New York,10310,US,40.6324,-74.1172,64980,Pfeffer and Sons,10/28/2022
195,Terrence,Allaker,tallaker5e@hud.gov,Non-binary,1992,Ford,Explorer,Springfield,Virginia,22156,US,38.8318,-77.2888,91856,Torphy and Sons,09/07/2025
196,Elfie,Fookes,efookes5f@bizjournals.com,Female,1999,Chevrolet,Monte Carlo,Orlando,Florida,32859,US,28.4429,-81.4026,42968,Bins-Mayert,01/23/2025
197,Dixie,Sturdey,dsturdey5g@hexun.com,Female,1988,Volkswagen,Jetta,Maple Plain,Minnesota,55579,US,45.0159,-93.4719,48525,"Kohler, Thompson and Connelly",05/31/2025
198,Retha,Albery,ralbery5h@meetup.com,Polygender,1997,Holden,VS Commodore,South Bend,Indiana,46614,US,41.6255,-86.2433,83905,"DuBuque, Moen and Hagenes",04/16/2024
199,Antoni,Crank,acrank5i@geocities.jp,Male,2012,Jeep,Grand Cherokee,Columbus,Ohio,43268,US,39.969,-83.0114,35190,Romaguera-Gutkowski,12/20/2022
200,Chicky,Parfett,cparfett5j@columbia.edu,Male,2007,Ford,F250,Nashville,Tennessee,37228,US,36.1901,-86.8053,69182,Padberg and Sons,03/27/2022
201,Gay,Shedden,gshedden5k@cnn.com,Female,2007,Mitsubishi,Lancer,Atlanta,Georgia,31196,US,33.8444,-84.474,46476,"Rogahn, Tromp and Hilll",06/27/2023
202,Kaitlyn,Capsey,kcapsey5l@google.co.uk,Female,1999,Lamborghini,Diablo,Birmingham,Alabama,35290,US,33.5446,-86.9292,72469,Trantow-Mills,06/09/2023
203,Talbot,Ruzic,truzic5m@networkadvertising.org,Genderfluid,2000,Dodge,Grand Caravan,Philadelphia,Pennsylvania,19093,US,40.0018,-75.1179,58269,"Greenfelder, Pollich and Auer",02/09/2023
204,Abbe,Hesbrook,ahesbrook5n@pcworld.com,Male,1992,Chevrolet,Suburban 1500,Austin,Texas,78764,US,30.4455,-97.6595,37706,Bashirian and Sons,02/04/2025
205,Aron,Mitchelhill,amitchelhill5o@typepad.com,Male,2002,Audi,A8,Fort Lauderdale,Florida,33320,US,26.1625,-80.2582,86242,Hills Group,04/26/2022
206,Mirelle,Carrivick,mcarrivick5p@domainmarket.com,Female,2000,Chevrolet,Prizm,Elmira,New York,14905,US,42.0869,-76.8397,70762,"Lindgren, Sauer and Balistreri",10/27/2023
207,Elicia,Thurber,ethurber5q@cocolog-nifty.com,Female,2004,Mercedes-Benz,CLK-Class,Seattle,Washington,98185,US,47.4323,-121.8034,43043,"Roberts, Wilkinson and Crooks",02/26/2022
208,Oswell,Honsch,ohonsch5r@un.org,Male,1985,Ford,Thunderbird,Baton Rouge,Louisiana,70815,US,30.4558,-91.0596,42564,Hintz LLC,09/26/2022
209,Marc,Meffen,mmeffen5s@shareasale.com,Male,1992,Hyundai,Sonata,Miami,Florida,33283,US,25.5584,-80.4582,93289,Bergstrom Inc,12/14/2024
210,Bernard,Abden,babden5t@cdbaby.com,Male,2011,Aston Martin,V8 Vantage S,Tampa,Florida,33625,US,28.0726,-82.559,86203,Smith-Nikolaus,04/14/2022
211,Glenna,Oxnam,goxnam5u@cocolog-nifty.com,Female,2009,Volvo,XC60,New Haven,Connecticut,06533,US,41.3657,-72.9275,32829,"Aufderhar, Boyer and Skiles",06/09/2023
212,Ashby,Swaysland,aswaysland5v@nih.gov,Male,1992,Acura,Vigor,Frederick,Maryland,21705,US,39.47,-77.3921,54026,"Padberg, Bode and Osinski",04/05/2023
213,Tymon,O'Kane,tokane5w@nbcnews.com,Male,2010,Nissan,Rogue,New Haven,Connecticut,06533,US,41.3657,-72.9275,37906,Cassin Group,08/22/2025
214,Darb,Winskill,dwinskill5x@themeforest.net,Female,1987,Mitsubishi,Truck,Denver,Colorado,80217,US,39.7388,-104.4083,58568,Jones LLC,06/25/2023
215,Jaimie,Grimsdith,jgrimsdith5y@deliciousdays.com,Female,2004,Mitsubishi,Montero Sport,White Plains,New York,10633,US,41.119,-73.733,83951,"Beer, Grant and O'Conner",07/03/2022
216,De witt,Rilings,drilings5z@nasa.gov,Male,1997,Saturn,S-Series,San Bernardino,California,92410,US,34.1069,-117.2975,78188,"Carroll, Leffler and VonRueden",12/25/2023
217,Maury,Lippi,mlippi60@people.com.cn,Male,1990,Mitsubishi,Mirage,Colorado Springs,Colorado,80905,US,38.8377,-104.837,88973,Kshlerin Group,11/25/2022
218,Tallie,MacClenan,tmacclenan61@intel.com,Male,2006,Subaru,Baja,Miami,Florida,33142,US,25.813,-80.232,71049,"O'Keefe, Bednar and Walter",04/16/2024
219,Malcolm,Weavill,mweavill62@prweb.com,Agender,1991,Mercury,Cougar,Seattle,Washington,98104,US,47.6036,-122.3256,38389,Spencer Inc,04/20/2025
220,Rhodia,Cantor,rcantor63@shareasale.com,Female,2010,Maybach,62,Jacksonville,Florida,32209,US,30.3584,-81.692,94079,"Friesen, Wisoky and Grant",04/07/2022
221,Hieronymus,Glabach,hglabach64@walmart.com,Male,1992,Jaguar,XJ Series,Washington,District of Columbia,20215,US,38.8933,-77.0146,86167,"Zemlak, Morissette and Heidenreich",11/29/2025
222,Wylma,Humphrey,whumphrey65@usda.gov,Female,1997,Oldsmobile,Achieva,Buffalo,New York,14233,US,42.7684,-78.8871,98761,"Thiel, Lind and Terry",07/21/2023
223,Silvester,Lettley,slettley66@samsung.com,Male,2009,Lexus,ES,Tucson,Arizona,85725,US,31.9701,-111.8907,34866,"Abshire, Ondricka and Davis",08/21/2025
224,Tiffie,Minucci,tminucci67@prlog.org,Female,2013,Chevrolet,Cruze,Trenton,New Jersey,08608,US,40.2204,-74.7622,83055,Cassin-Beatty,12/02/2025
225,Christian,Weitzel,cweitzel68@t.co,Male,2010,Land Rover,Defender Ice Edition,Independence,Missouri,64054,US,39.11,-94.4401,90773,"Cole, Hintz and Shields",12/28/2022
226,Raffaello,Chapple,rchapple69@ustream.tv,Male,2005,Ford,Five Hundred,Austin,Texas,78749,US,30.2166,-97.8508,61090,"Waters, Harvey and Wunsch",05/23/2025
227,Dacia,Cleary,dcleary6a@java.com,Female,1992,GMC,1500,Richmond,Virginia,23220,US,37.5498,-77.4588,51087,Jacobi Inc,04/14/2025
228,Jackson,Walcar,jwalcar6b@cloudflare.com,Male,2009,GMC,Savana 2500,Atlanta,Georgia,30316,US,33.7217,-84.3339,82235,Larkin Group,11/08/2022
229,Cazzie,Yearnsley,cyearnsley6c@cam.ac.uk,Genderfluid,2000,Dodge,Ram 3500,Bowie,Maryland,20719,US,38.8336,-76.8777,59459,Hartmann-Simonis,08/09/2025
230,Carey,Saing,csaing6d@technorati.com,Male,1999,Honda,Civic,Birmingham,Alabama,35236,US,33.5446,-86.9292,61688,"Bernhard, Koepp and Cremin",09/04/2023
231,Granny,Bentham3,gbentham6e@yale.edu,Male,2006,Toyota,Sequoia,Boston,Massachusetts,02163,US,42.3253,-71.1122,97188,"Pacocha, Boyer and Rosenbaum",01/17/2025
232,Care,Barnbrook,cbarnbrook6f@indiegogo.com,Male,1998,Acura,TL,Monroe,Louisiana,71213,US,32.4908,-92.1594,55336,Bruen-Nitzsche,04/22/2024
233,Nealon,Sloey,nsloey6g@t.co,Male,1997,Chevrolet,Express 2500,Baltimore,Maryland,21275,US,39.2847,-76.6205,92951,"Bauch, Cormier and Kunze",12/03/2025
234,Eada,Tolwood,etolwood6h@amazon.co.jp,Female,2010,Mercedes-Benz,CL-Class,Plano,Texas,75074,US,33.0277,-96.6777,89552,Thiel-Wilkinson,12/04/2025
235,Hettie,Woofinden,hwoofinden6i@hp.com,Female,2006,Nissan,Xterra,Lubbock,Texas,79491,US,33.61,-101.8213,36902,Koss-Hammes,08/04/2025
236,Cheri,Kays,ckays6j@linkedin.com,Female,2007,Dodge,Ram,Los Angeles,California,90094,US,33.9754,-118.417,46615,Aufderhar and Sons,02/19/2022
237,Blancha,Ipsley,bipsley6k@technorati.com,Female,1996,Oldsmobile,Bravada,Los Angeles,California,90094,US,33.9754,-118.417,33175,Prosacco Inc,07/05/2024
238,Gussy,Beecheno,gbeecheno6l@who.int,Female,1999,Mazda,Millenia,New Castle,Pennsylvania,16107,US,40.9897,-80.3084,75109,Borer-Ullrich,01/28/2026
239,Rickert,Rignoldes,rrignoldes6m@tumblr.com,Male,2003,Toyota,Echo,Wilmington,Delaware,19805,US,39.7434,-75.5827,59103,Abshire Group,08/02/2024
240,Olimpia,Koch,okoch6n@sun.com,Female,1988,Honda,Accord,Saint Louis,Missouri,63121,US,38.7072,-90.3055,62226,Rowe-Spinka,11/23/2022
241,Gallagher,Ramsdell,gramsdell6o@cornell.edu,Male,1976,Dodge,Aspen,Cleveland,Ohio,44118,US,41.5008,-81.5516,98950,Jacobs Group,08/01/2023
242,Kala,Wolver,kwolver6p@google.ru,Female,1990,Mercury,Topaz,Nashville,Tennessee,37205,US,36.1114,-86.869,70394,Carter and Sons,05/03/2022
243,Fritz,Dady,fdady6q@ameblo.jp,Male,1996,Dodge,Ram 1500,Jamaica,New York,11431,US,40.6869,-73.8501,48432,Thompson-Rowe,09/20/2024
244,Edith,Veschambre,eveschambre6r@google.ca,Female,2003,Pontiac,Aztek,Chicago,Illinois,60657,US,41.9399,-87.6528,80372,Okuneva-Hintz,03/10/2023
245,Claudine,Clemmens,cclemmens6s@state.gov,Female,2000,Volvo,V70,Saint Petersburg,Florida,33705,US,27.7391,-82.6435,90260,"Johnston, Torphy and Macejkovic",12/01/2024
246,Bernette,Goodship,bgoodship6t@yelp.com,Female,2001,Ford,Excursion,Colorado Springs,Colorado,80905,US,38.8377,-104.837,76710,"Crona, Denesik and Quitzon",07/03/2024
247,Arvin,Gilbertson,agilbertson6u@whitehouse.gov,Male,1985,Merkur,XR4Ti,Baton Rouge,Louisiana,70883,US,30.5159,-91.0804,43257,Streich LLC,10/26/2024
248,Zelda,Garza,zgarza6v@liveinternet.ru,Female,1996,Oldsmobile,98,El Paso,Texas,88535,US,31.6948,-106.3,82454,Rowe Inc,02/09/2025
249,Nessy,Jonin,njonin6w@china.com.cn,Female,2009,Mercedes-Benz,R-Class,Houston,Texas,77260,US,29.7687,-95.3867,62194,Hermiston Group,12/26/2022
250,Hyacinth,Edgeller,hedgeller6x@ftc.gov,Genderqueer,2003,Dodge,Ram Van 3500,Birmingham,Alabama,35290,US,33.5446,-86.9292,68150,"Mitchell, Maggio and Zemlak",04/03/2025
251,Rachel,Goggey,rgoggey6y@unicef.org,Female,2006,Toyota,Avalon,Des Moines,Iowa,50393,US,41.6727,-93.5722,61559,Feest-Armstrong,08/31/2023
252,Rafaela,Cantrill,rcantrill6z@yelp.com,Female,1985,Pontiac,Sunbird,Athens,Georgia,30605,US,33.9321,-83.3525,50953,Schowalter-Gorczany,01/20/2024
253,Purcell,Le Fevre,plefevre70@blogs.com,Male,2004,Isuzu,Rodeo,Denver,Colorado,80209,US,39.7074,-104.9686,65223,Collier LLC,11/19/2024
254,Bell,McTerlagh,bmcterlagh71@sina.com.cn,Female,1992,Mercedes-Benz,W201,Kansas City,Missouri,64142,US,39.035,-94.3567,32789,"Cronin, Gutkowski and Pfeffer",09/10/2024
255,Arv,Mollitt,amollitt72@meetup.com,Male,2005,Pontiac,G6,San Luis Obispo,California,93407,US,35.3471,-120.4553,53933,Jenkins-Stoltenberg,06/26/2025
256,Benjamin,Fortnum,bfortnum73@amazon.com,Male,2010,Land Rover,Defender Ice Edition,Jamaica,New York,11436,US,40.6763,-73.7966,45434,Glover Group,03/10/2023
257,Hynda,Walters,hwalters74@friendfeed.com,Female,2007,Hyundai,Azera,Mansfield,Ohio,44905,US,40.7779,-82.4613,46008,Schultz-Okuneva,06/01/2023
258,Delly,Teeney,dteeney75@soup.io,Female,1995,Dodge,Dakota Club,Knoxville,Tennessee,37924,US,36.032,-83.8021,71793,"Shields, Hessel and Bins",06/07/2024
259,Eugenio,Boulder,eboulder76@flavors.me,Male,2008,Ford,Taurus,Dallas,Texas,75236,US,32.69,-96.9177,99647,Nolan Group,08/12/2025
260,Rufus,Covendon,rcovendon77@behance.net,Male,1987,Pontiac,Grand Prix,Atlanta,Georgia,30328,US,33.9335,-84.3958,65881,Fadel-Smitham,11/25/2022
261,Jan,Deeming,jdeeming78@wix.com,Bigender,1992,Lotus,Esprit,Gadsden,Alabama,35905,US,33.9352,-85.9576,75875,"Cassin, Volkman and Rohan",08/18/2022
262,Mufi,Deely,mdeely79@sakura.ne.jp,Agender,1984,Ford,Ranger,Shreveport,Louisiana,71161,US,32.6076,-93.7526,42562,Rath Inc,07/02/2023
263,Grata,Tenpenny,gtenpenny7a@squidoo.com,Female,1997,BMW,7 Series,Lynn,Massachusetts,01905,US,42.4694,-70.9728,93097,Cruickshank-Aufderhar,02/17/2025
264,Clemmy,Hains,chains7b@newsvine.com,Bigender,1987,Volkswagen,Cabriolet,Portsmouth,New Hampshire,00214,US,43.0059,-71.0132,72678,"VonRueden, Brown and Kunde",09/29/2025
265,Chloris,Wreak,cwreak7c@ucsd.edu,Female,1993,Dodge,Viper RT/10,Indianapolis,Indiana,46221,US,39.7509,-86.1924,87489,"Marquardt, Dickinson and Cummerata",09/16/2024
266,Wilton,Silverson,wsilverson7d@msn.com,Male,2010,Pontiac,G3,College Station,Texas,77844,US,30.6521,-96.341,53501,"Lueilwitz, Huel and Erdman",11/12/2025
267,Dal,Akers,dakers7e@nba.com,Male,2007,Suzuki,Grand Vitara,Phoenix,Arizona,85053,US,33.6299,-112.1316,93326,Barton and Sons,11/22/2024
268,Batholomew,Labusquiere,blabusquiere7f@msu.edu,Male,2012,Toyota,Camry,Harrisburg,Pennsylvania,17121,US,40.2944,-76.8938,86042,Schaefer Inc,12/19/2024
269,Patrice,McClaurie,pmcclaurie7g@smugmug.com,Female,2006,Bentley,Continental,Houston,Texas,77260,US,29.7687,-95.3867,92830,Aufderhar-Glover,12/28/2022
270,Frederique,Kuscha,fkuscha7h@imdb.com,Polygender,2000,Isuzu,Hombre,Sarasota,Florida,34238,US,27.2427,-82.4751,36012,"Mertz, Nicolas and Harris",09/28/2022
271,Onfroi,Staples,ostaples7i@woothemes.com,Male,2007,Hummer,H2,Newport News,Virginia,23612,US,37.1959,-76.5248,66727,"Nikolaus, Rice and Hand",03/27/2025
272,Kellsie,Itzcovich,kitzcovich7j@jigsy.com,Female,1997,Kia,Sephia,San Antonio,Texas,78285,US,29.4375,-98.4616,42532,"Heller, Okuneva and Hayes",02/09/2024
273,Kassi,Lythgoe,klythgoe7k@squidoo.com,Female,1996,Nissan,Quest,Columbia,Missouri,65218,US,38.9033,-92.1022,96822,"Renner, Ziemann and Hintz",05/16/2024
274,Burton,Alekhov,balekhov7l@tripadvisor.com,Male,1998,Eagle,Talon,Wichita,Kansas,67230,US,37.6808,-97.1558,71480,Kulas-Huel,01/14/2025
275,Abelard,Hold,ahold7m@qq.com,Male,2011,Nissan,Versa,Tuscaloosa,Alabama,35405,US,33.1617,-87.5144,77268,Reichel Inc,07/19/2025
276,Marysa,Gusney,mgusney7n@smh.com.au,Female,2002,Acura,RL,El Paso,Texas,88519,US,31.6948,-106.3,86077,Beier Group,02/15/2023
277,Michelle,Delhay,mdelhay7o@oakley.com,Female,1994,Chrysler,LeBaron,Visalia,California,93291,US,36.3551,-119.301,32044,Bins and Sons,04/24/2022
278,Brendon,Devenport,bdevenport7p@sakura.ne.jp,Male,2000,Chevrolet,Suburban 1500,Houston,Texas,77070,US,29.9781,-95.5803,77725,"Hills, Cassin and Erdman",07/05/2025
279,Alic,Yurevich,ayurevich7q@blog.com,Male,2002,Daewoo,Leganza,Ocala,Florida,34474,US,29.1565,-82.2095,78325,Buckridge-Okuneva,03/25/2022
280,Garvey,Coggell,gcoggell7r@nbcnews.com,Male,2008,Chrysler,Crossfire,Albany,New York,12222,US,42.6853,-73.8253,86086,O'Hara LLC,06/19/2022
281,Ringo,Norssister,rnorssister7s@ebay.com,Male,1999,Honda,CR-V,Tallahassee,Florida,32304,US,30.4478,-84.3211,47103,"Pouros, Cummerata and Dickens",10/16/2023
282,Madelina,De Pietri,mdepietri7t@about.me,Female,1994,Hyundai,Scoupe,North Little Rock,Arkansas,72199,US,34.8272,-92.2847,60092,Oberbrunner LLC,09/23/2025
283,Tybi,Haeslier,thaeslier7u@ameblo.jp,Female,2008,Lamborghini,Gallardo,Tampa,Florida,33673,US,27.872,-82.4388,61942,Stanton and Sons,04/05/2022
284,Titos,Akid,takid7v@walmart.com,Male,2011,Audi,A4,Orlando,Florida,32808,US,28.5803,-81.4396,68702,"Feeney, Gorczany and Shanahan",06/11/2025
285,Kristo,Short,kshort7w@blinklist.com,Male,1985,Mitsubishi,Pajero,Colorado Springs,Colorado,80925,US,38.7378,-104.6459,96168,Zemlak-Ledner,10/22/2025
286,Alika,Croft,acroft7x@weather.com,Female,2002,Infiniti,QX,Denver,Colorado,80241,US,39.9274,-104.9548,39124,Hauck and Sons,11/06/2022
287,Fanchon,Birkmyre,fbirkmyre7y@weather.com,Female,2001,Suzuki,Vitara,Visalia,California,93291,US,36.3551,-119.301,94655,Armstrong-Bins,06/04/2023
288,Augusta,Dimbylow,adimbylow7z@joomla.org,Genderfluid,2003,Pontiac,Aztek,Humble,Texas,77346,US,30.0042,-95.1728,32845,Ferry Group,01/16/2026
289,Reed,Prujean,rprujean80@mit.edu,Genderfluid,2009,Isuzu,Ascender,Pensacola,Florida,32575,US,30.6143,-87.2758,78221,Heidenreich-Lueilwitz,01/12/2024
290,Dionysus,Hiscocks,dhiscocks81@scribd.com,Male,1995,Buick,Skylark,San Jose,California,95155,US,37.31,-121.9011,65717,"Farrell, Nolan and Ratke",08/24/2023
291,Yvon,Bagnal,ybagnal82@bigcartel.com,Male,2010,Ferrari,612 Scaglietti,Wilkes Barre,Pennsylvania,18706,US,41.2044,-75.9113,79180,Parker-Volkman,02/02/2025
292,Kev,Guinery,kguinery83@whitehouse.gov,Male,2007,Honda,Element,Pittsburgh,Pennsylvania,15266,US,40.4344,-80.0248,36031,Crooks-Johns,08/29/2025
293,Jesselyn,Ivimey,jivimey84@kickstarter.com,Female,1988,Ford,Bronco II,Corpus Christi,Texas,78426,US,27.777,-97.4632,92183,Ziemann-Kuphal,06/14/2023
294,Anthony,MacNeill,amacneill85@nbcnews.com,Male,1993,Oldsmobile,Ciera,Daytona Beach,Florida,32118,US,29.2219,-81.0095,93426,Harber-Hane,10/21/2025
295,Sib,Elgy,selgy86@constantcontact.com,Female,1976,Plymouth,Volare,Houston,Texas,77271,US,29.834,-95.4342,82595,Hamill Inc,07/23/2022
296,Winnah,Gleave,wgleave87@phoca.cz,Female,2006,Ford,Five Hundred,Albany,New York,12222,US,42.6853,-73.8253,37737,Herman LLC,09/26/2022
297,Filide,McReath,fmcreath88@independent.co.uk,Female,1985,Ford,Laser,Colorado Springs,Colorado,80910,US,38.8152,-104.7703,57046,Reilly and Sons,02/11/2023
298,Shawn,Colbertson,scolbertson89@samsung.com,Non-binary,1995,Oldsmobile,Ciera,Greensboro,North Carolina,27404,US,36.0807,-80.0244,58553,Mann Inc,07/18/2025
299,Hurlee,Peller,hpeller8a@hexun.com,Agender,2007,GMC,Canyon,Minneapolis,Minnesota,55428,US,45.0632,-93.3811,82829,"Harris, Cummings and DuBuque",06/06/2023
300,Burg,Schroeder,bschroeder8b@princeton.edu,Male,2002,Toyota,4Runner,Charleston,West Virginia,25313,US,38.4142,-81.7582,99108,Orn Inc,01/10/2024
301,Danya,MacCaffery,dmaccaffery8c@1und1.de,Male,2009,Lincoln,MKZ,Boston,Massachusetts,02163,US,42.3253,-71.1122,84130,Weissnat Group,12/18/2025
302,Floria,MacCafferky,fmaccafferky8d@paginegialle.it,Female,2001,Chevrolet,Tracker,Lubbock,Texas,79452,US,33.61,-101.8213,77940,Rolfson-Price,04/20/2022
303,Osborn,Casham,ocasham8e@tiny.cc,Agender,1994,GMC,1500,Berkeley,California,94705,US,37.8571,-122.25,74452,Tromp-Konopelski,04/06/2025
304,Kelsey,Russon,krusson8f@hibu.com,Female,2000,Chevrolet,Express 2500,San Jose,California,95128,US,37.3163,-121.9356,86613,"Kerluke, Pagac and Heller",01/15/2024
305,Audra,Keyzman,akeyzman8g@unicef.org,Female,2006,Honda,Accord,San Antonio,Texas,78235,US,29.3494,-98.4422,74631,Waelchi-Stiedemann,12/10/2025
306,Concordia,Sparrow,csparrow8h@telegraph.co.uk,Female,1998,Saab,9000,El Paso,Texas,88514,US,31.6948,-106.3,42186,"Murray, Kuphal and Murazik",01/13/2023
307,Broderick,Vigne,bvigne8i@abc.net.au,Male,2008,Mitsubishi,Endeavor,Cincinnati,Ohio,45271,US,39.1668,-84.5382,93607,Hermiston-Jacobson,11/28/2023
308,Sigrid,Kewley,skewley8j@tamu.edu,Female,2010,GMC,Terrain,Brockton,Massachusetts,02305,US,41.9705,-70.7014,70361,Kris-Upton,07/02/2024
309,Ianthe,Comettoi,icomettoi8k@noaa.gov,Female,2012,Audi,A3,Anaheim,California,92805,US,33.8359,-117.9086,83103,Waters and Sons,02/11/2023
310,La verne,Malicki,lmalicki8l@mapquest.com,Female,1994,Volkswagen,Eurovan,Virginia Beach,Virginia,23471,US,36.7957,-76.0126,64828,Romaguera and Sons,08/17/2022
311,Cybil,Harp,charp8m@auda.org.au,Female,2011,BMW,7 Series,Chicago,Illinois,60652,US,41.7454,-87.7135,71986,Morissette and Sons,10/25/2022
312,Warden,Bickerdyke,wbickerdyke8n@elegantthemes.com,Non-binary,2004,Toyota,Echo,Brooklyn,New York,11215,US,40.6669,-73.9828,46777,Johnson-Shields,08/31/2023
313,Laurel,Davers,ldavers8o@nbcnews.com,Female,2006,Chevrolet,Silverado Hybrid,Mobile,Alabama,36670,US,30.6589,-88.178,68383,Huels-Weissnat,06/05/2022
314,Koren,Sprague,ksprague8p@uol.com.br,Bigender,2007,Chevrolet,Cobalt,Buffalo,New York,14205,US,42.7684,-78.8871,87938,"Crist, Watsica and Cremin",06/06/2025
315,Timmie,McNulty,tmcnulty8q@about.me,Female,1994,Volkswagen,Golf,Dayton,Ohio,45408,US,39.7395,-84.229,67426,Hegmann-Carter,03/25/2022
316,Lorry,Gilstin,lgilstin8r@youku.com,Female,1993,Dodge,Viper RT/10,Tucson,Arizona,85748,US,32.215,-110.7758,58012,"Emmerich, Luettgen and Schumm",03/15/2022
317,Giana,Munnings,gmunnings8s@irs.gov,Female,1990,Mitsubishi,Eclipse,Pueblo,Colorado,81010,US,38.1286,-104.5523,98551,Weimann and Sons,02/21/2024
318,Jere,Coan,jcoan8t@imdb.com,Male,2011,Honda,Odyssey,Hartford,Connecticut,06152,US,41.7918,-72.7188,54805,Balistreri-Greenholt,05/09/2025
319,Dallas,Zute,dzute8u@bloomberg.com,Female,2002,GMC,Savana 2500,Charlotte,North Carolina,28272,US,35.26,-80.8042,92536,"Mraz, Hoppe and Kiehn",09/25/2023
320,Marion,MacNair,mmacnair8v@nasa.gov,Female,2008,Kia,Rio5,Houston,Texas,77010,US,29.7543,-95.3609,58723,Wiza-Bauch,06/02/2023
321,Mercedes,Infante,minfante8w@wsj.com,Agender,2005,Volkswagen,Phaeton,Milwaukee,Wisconsin,53215,US,43.006,-87.9429,38279,Dach and Sons,03/29/2022
322,Ogdon,Rawnsley,orawnsley8x@msu.edu,Male,2012,Honda,Pilot,Eugene,Oregon,97405,US,44.0185,-123.0998,71449,DuBuque-Heller,12/26/2025
323,Sherrie,Pitfield,spitfield8y@qq.com,Female,1992,Mitsubishi,Mighty Max Macro,Salt Lake City,Utah,84110,US,40.6681,-111.9083,61869,Stracke LLC,10/10/2024
324,Feliks,Brittles,fbrittles8z@dmoz.org,Male,2010,Subaru,Tribeca,Pasadena,California,91186,US,33.7866,-118.2987,73047,"Raynor, Simonis and Grady",04/23/2022
325,Renelle,Sword,rsword90@ibm.com,Bigender,1999,Jeep,Wrangler,Springfield,Illinois,62718,US,39.778,-89.6466,63959,"Emmerich, Breitenberg and Waters",03/31/2025
326,Korrie,Teather,kteather91@ucsd.edu,Female,1990,Mercury,Grand Marquis,Grand Rapids,Michigan,49505,US,43.012,-85.6309,79829,Casper and Sons,02/13/2023
327,Gamaliel,Basden,gbasden92@disqus.com,Male,2008,GMC,Yukon,Huntsville,Texas,77343,US,30.7813,-95.5953,41650,Conn-Robel,11/18/2024
328,Rayna,Goff,rgoff93@tripadvisor.com,Female,1994,Buick,Roadmaster,Columbia,South Carolina,29220,US,34.006,-80.9708,94719,Wintheiser-Hermiston,12/27/2024
329,Alie,Senechell,asenechell94@twitpic.com,Female,1990,Volkswagen,Fox,Albany,New York,12242,US,42.6149,-73.9708,39431,"Harber, Kovacek and Stark",04/03/2022
330,Collen,Jovic,cjovic95@topsy.com,Female,1992,Mercedes-Benz,300TE,Lubbock,Texas,79405,US,33.571,-101.8507,47175,"Lesch, Treutel and Marvin",05/15/2023
331,Walt,Trengrouse,wtrengrouse96@archive.org,Male,2002,Oldsmobile,Alero,Pittsburgh,Pennsylvania,15261,US,40.4344,-80.0248,92607,"Bernier, Kerluke and Nolan",11/17/2023
332,Lotti,Van Velde,lvanvelde97@mit.edu,Female,1990,Suzuki,Swift,Wilmington,Delaware,19892,US,39.5645,-75.597,43691,"Boyle, Ritchie and Roob",02/15/2022
333,Dunn,Donaher,ddonaher98@upenn.edu,Male,1992,Cadillac,DeVille,Fort Wayne,Indiana,46805,US,41.0977,-85.1189,31300,Bahringer Inc,12/05/2024
334,Alonso,Claridge,aclaridge99@paginegialle.it,Male,1990,Ford,Ranger,Carson City,Nevada,89706,US,39.2025,-119.7526,50460,"Langworth, McDermott and Lakin",06/29/2025
335,Brigitte,Sergeaunt,bsergeaunt9a@canalblog.com,Female,2009,Ford,Expedition,Greensboro,North Carolina,27409,US,36.0777,-79.9086,80808,"Purdy, Kohler and Mayert",01/29/2025
336,Winny,McAuley,wmcauley9b@meetup.com,Male,2012,Aston Martin,Virage,Buffalo,New York,14233,US,42.7684,-78.8871,42139,Tremblay Group,09/12/2025
337,Darren,Antonomoli,dantonomoli9c@typepad.com,Male,1999,Honda,CR-V,Spokane,Washington,99215,US,47.6536,-117.4317,85225,"Koelpin, Littel and Larkin",03/17/2023
338,Mario,Woolforde,mwoolforde9d@parallels.com,Male,2011,Lexus,GX,Harrisburg,Pennsylvania,17105,US,40.2785,-76.8752,59916,"Skiles, Paucek and Zieme",09/02/2024
339,Kally,Simeons,ksimeons9e@telegraph.co.uk,Genderfluid,2013,Lexus,RX,Paterson,New Jersey,07522,US,40.9252,-74.1781,50368,Mayer-Berge,08/25/2025
340,Sunshine,Steinson,ssteinson9f@ft.com,Bigender,2009,GMC,Sierra 2500,Kansas City,Kansas,66105,US,39.085,-94.6356,81642,Cummerata LLC,05/30/2025
341,Akim,Tuther,atuther9g@tripod.com,Male,1996,Plymouth,Breeze,Abilene,Texas,79605,US,32.432,-99.7724,41231,Ankunding-Grady,11/11/2022
342,Gwenny,Bette,gbette9h@blogger.com,Female,1999,Suzuki,Vitara,Youngstown,Ohio,44511,US,41.0704,-80.6931,74098,Zieme LLC,07/12/2023
343,Sanderson,Dear,sdear9i@163.com,Agender,2001,Suzuki,Vitara,Madison,Wisconsin,53726,US,43.0696,-89.4239,88221,Schimmel LLC,02/18/2025
344,Guthrie,Shipsey,gshipsey9j@histats.com,Male,1993,GMC,Suburban 2500,Garland,Texas,75049,US,32.7673,-96.7776,64511,Runolfsdottir-Emard,01/07/2024
345,Iormina,McCambrois,imccambrois9k@shinystat.com,Female,1997,Cadillac,Catera,Tucson,Arizona,85732,US,32.0848,-110.7122,48394,Gutkowski-Littel,06/12/2022
346,Ilario,Gatley,igatley9l@istockphoto.com,Male,1990,Acura,Legend,Little Rock,Arkansas,72231,US,34.8019,-92.1894,85880,"Bradtke, Barton and VonRueden",10/30/2025
347,Zilvia,Fritschmann,zfritschmann9m@altervista.org,Female,1996,Dodge,Ram 3500 Club,Tulsa,Oklahoma,74193,US,36.1398,-96.0297,58304,"Cummerata, Fisher and Bruen",06/04/2025
348,Demetre,Dalbey,ddalbey9n@dyndns.org,Male,2008,Infiniti,EX,Reston,Virginia,20195,US,38.8318,-77.2888,41019,"Cremin, Torphy and Gerhold",01/06/2024
349,Townsend,Janicki,tjanicki9o@whitehouse.gov,Male,2000,Pontiac,Firebird,Boulder,Colorado,80310,US,40.0878,-105.3735,69343,Kutch Inc,09/06/2025
350,Mareah,Buddington,mbuddington9p@trellian.com,Female,2001,Saab,9-5,Fresno,California,93740,US,36.7464,-119.6397,96415,Ferry Inc,01/13/2023
351,Loreen,Purvis,lpurvis9q@mtv.com,Bigender,2012,Ford,F250,Fort Worth,Texas,76198,US,32.7714,-97.2915,53515,"Baumbach, Bauch and Rowe",03/24/2023
352,Mariya,Brehat,mbrehat9r@ow.ly,Female,2001,Toyota,Sequoia,Berkeley,California,94705,US,37.8571,-122.25,74435,"Lubowitz, Goldner and Veum",03/14/2022
353,Lemmie,Sayre,lsayre9s@amazon.de,Non-binary,1991,Honda,Civic,Phoenix,Arizona,85015,US,33.5082,-112.1011,76074,Wiegand-Feeney,08/31/2025
354,Marinna,Clemenza,mclemenza9t@google.ca,Female,2002,Pontiac,Firebird,Clearwater,Florida,34620,US,27.9139,-82.7157,34799,Bergstrom-Brekke,02/03/2024
355,Daphene,Kebbell,dkebbell9u@fotki.com,Female,1992,Eagle,Summit,Hot Springs National Park,Arkansas,71914,US,34.5137,-92.9685,77895,Jerde-Hudson,06/07/2023
356,Durward,Forgan,dforgan9v@aboutads.info,Male,2008,Cadillac,Escalade EXT,Baltimore,Maryland,21203,US,39.2847,-76.6205,52140,Jakubowski-Jacobi,02/22/2024
357,Bliss,Cherrett,bcherrett9w@un.org,Female,2009,Chevrolet,Express,Athens,Georgia,30605,US,33.9321,-83.3525,37063,"Tremblay, Mitchell and Mertz",07/04/2022
358,Aleta,Paddington,apaddington9x@cam.ac.uk,Female,1999,Audi,A6,Sunnyvale,California,94089,US,37.3983,-122.0006,55174,Cole-Bode,09/03/2022
359,Gonzalo,Mattei,gmattei9y@state.tx.us,Polygender,1995,Mazda,B-Series,Sterling,Virginia,20167,US,39.0853,-77.6452,94796,McGlynn LLC,09/27/2024
360,Karim,Cerro,kcerro9z@taobao.com,Male,2011,MINI,Cooper Clubman,Toledo,Ohio,43610,US,41.6767,-83.5573,67464,"Olson, Aufderhar and Grimes",05/11/2024
361,Izzy,Gostling,igostlinga0@bizjournals.com,Male,2008,Audi,S6,Monroe,Louisiana,71213,US,32.4908,-92.1594,92829,"Torp, Raynor and Waelchi",09/27/2024
362,Tammy,Addeycott,taddeycotta1@stanford.edu,Male,1996,Dodge,Ram Van 2500,West Hartford,Connecticut,06127,US,41.7918,-72.7188,97752,Thiel Inc,07/16/2024
363,Marty,Drexel,mdrexela2@blogger.com,Male,2009,Kia,Carens,New York City,New York,10045,US,40.7086,-74.0087,80082,Runolfsdottir Group,05/01/2024
364,Milicent,Dust,mdusta3@uol.com.br,Female,2008,BMW,5 Series,New Orleans,Louisiana,70142,US,30.033,-89.8826,52819,Hahn-Buckridge,01/15/2026
365,Percival,Tambling,ptamblinga4@behance.net,Male,1991,Ford,F-Series,Chicago,Illinois,60669,US,41.8119,-87.6873,65169,Senger-Lehner,10/12/2022
366,Damara,Rainbird,drainbirda5@narod.ru,Female,2005,Hyundai,Santa Fe,Sacramento,California,95852,US,38.6026,-121.4475,59313,Schmeler and Sons,03/03/2025
367,Ruby,Shakshaft,rshakshafta6@trellian.com,Male,1991,Volkswagen,Type 2,Murfreesboro,Tennessee,37131,US,35.8596,-86.421,97351,"Wisoky, Moen and Barrows",08/03/2023
368,Clem,Clymo,cclymoa7@sphinn.com,Female,2008,Ford,F150,Nashville,Tennessee,37220,US,36.0641,-86.7697,86275,"Bergstrom, Boehm and Wilkinson",09/20/2024
369,Gilbert,Schild,gschilda8@indiegogo.com,Male,2007,GMC,Sierra 1500,Jamaica,New York,11480,US,40.6914,-73.8061,84741,Rutherford-Lueilwitz,04/10/2022
370,Gusti,Kohlert,gkohlerta9@infoseek.co.jp,Female,2009,Lincoln,MKX,Grand Rapids,Michigan,49518,US,43.0314,-85.5503,53847,"Green, Murphy and Russel",04/07/2024
371,Lin,Preto,lpretoaa@skyrock.com,Non-binary,2004,Hyundai,Santa Fe,Evansville,Indiana,47705,US,37.9971,-87.575,94447,Hyatt Inc,08/25/2023
372,Beckie,Drakes,bdrakesab@webs.com,Female,2005,Subaru,Impreza,Columbus,Ohio,43268,US,39.969,-83.0114,31707,Mills-Morissette,02/24/2023
373,Maxine,Pavis,mpavisac@nps.gov,Genderqueer,2007,Volvo,XC70,Brooklyn,New York,11231,US,40.6794,-74.0014,61382,Fadel-Bartell,08/06/2025
374,Sayer,Yukhnov,syukhnovad@economist.com,Male,1989,Ford,Mustang,Lakeland,Florida,33805,US,28.072,-81.9609,98242,Ward-Watsica,01/28/2023
375,Abbott,Lewry,alewryae@ow.ly,Male,2002,Pontiac,Bonneville,Tacoma,Washington,98447,US,47.1441,-122.4434,86154,Witting and Sons,04/19/2025
376,Stace,Leggis,sleggisaf@intel.com,Female,2004,GMC,Savana 3500,Erie,Pennsylvania,16522,US,42.1827,-80.0649,92938,Gleason-Keebler,07/02/2022
377,Aurilia,Akroyd,aakroydag@sakura.ne.jp,Female,2006,GMC,Savana 3500,New York City,New York,10024,US,40.7864,-73.9764,63059,Schamberger-Fisher,12/30/2024
378,Gardie,Cambden,gcambdenah@washington.edu,Male,2002,GMC,Envoy,Largo,Florida,33777,US,27.8546,-82.7545,89969,"Abernathy, Beatty and Shanahan",10/13/2023
379,Leon,O'Mailey,lomaileyai@usa.gov,Male,1986,Audi,5000CS Quattro,Seattle,Washington,98148,US,47.4441,-122.3249,81087,Skiles LLC,06/19/2025
380,Sigfried,Riha,srihaaj@edublogs.org,Male,2012,Chevrolet,Malibu,Minneapolis,Minnesota,55446,US,45.04,-93.4865,79112,Lesch-Corkery,05/03/2025
381,Anna-maria,Blackley,ablackleyak@abc.net.au,Female,1969,Ford,Mustang,New Bedford,Massachusetts,02745,US,41.6913,-70.9355,52289,"Marquardt, Cummerata and Kris",12/19/2022
382,Fidelia,Cregeen,fcregeenal@chronoengine.com,Female,1990,Mazda,MX-6,Canton,Ohio,44760,US,40.854,-81.4278,68579,"Frami, Bechtelar and Farrell",01/28/2025
383,Franny,Larrad,flarradam@dyndns.org,Male,2004,Toyota,Camry,Salt Lake City,Utah,84170,US,40.6681,-111.9083,43119,Stanton-Gulgowski,11/09/2024
384,Blithe,Aidler,baidleran@myspace.com,Female,1996,Nissan,200SX,Houston,Texas,77005,US,29.7179,-95.4263,85774,Haag Inc,06/29/2022
385,Felisha,Rowatt,frowattao@imdb.com,Female,2006,Chrysler,Sebring,Denver,Colorado,80204,US,39.734,-105.0259,55442,Orn-Larkin,10/30/2025
386,Mavra,Martland,mmartlandap@dmoz.org,Female,1997,Chrysler,Cirrus,Salt Lake City,Utah,84199,US,40.7259,-111.9394,64169,Miller-Feest,02/28/2025
387,Mellisa,Niese,mnieseaq@ox.ac.uk,Female,2007,Bentley,Continental Flying Spur,Washington,District of Columbia,20409,US,38.8933,-77.0146,42541,Smith Inc,10/05/2022
388,Lewiss,Hayles,lhaylesar@t.co,Male,1990,Subaru,Justy,Van Nuys,California,91499,US,33.7866,-118.2987,87231,Bode and Sons,06/17/2022
389,Harli,Lemme,hlemmeas@comcast.net,Polygender,1974,Pontiac,GTO,Los Angeles,California,90030,US,33.7866,-118.2987,37621,Bauch Group,04/13/2025
390,Charmian,Rider,criderat@hubpages.com,Non-binary,1998,Hummer,H1,Baton Rouge,Louisiana,70836,US,30.392,-91.0892,84388,"Renner, Cassin and Will",09/26/2023
391,Collie,Lankester,clankesterau@paginegialle.it,Female,2010,Audi,A4,Milwaukee,Wisconsin,53285,US,43.0174,-87.5697,35302,Reinger LLC,04/11/2023
392,Niki,Payton,npaytonav@altervista.org,Male,2008,Chevrolet,Suburban,Fayetteville,North Carolina,28314,US,35.0583,-79.008,55403,Howell LLC,12/30/2025
393,Jaime,Binford,jbinfordaw@cam.ac.uk,Female,2006,Mercedes-Benz,G55 AMG,Rochester,New York,14639,US,43.286,-77.6843,93909,Bernhard and Sons,05/06/2023
394,Putnam,Chevers,pcheversax@bloglovin.com,Male,1994,Alfa Romeo,Spider,Tacoma,Washington,98411,US,47.0662,-122.1132,38836,"Torphy, Stanton and Beer",11/20/2022
395,Hadleigh,Valentino,hvalentinoay@hc360.com,Male,1999,BMW,Z3,Mobile,Alabama,36605,US,30.6341,-88.0846,30993,"Runolfsson, Larkin and Pfannerstill",12/21/2023
396,Rik,Bonnell,rbonnellaz@chron.com,Male,1997,Chevrolet,Tahoe,El Paso,Texas,88563,US,31.6948,-106.3,63872,"Johns, Leffler and Stark",10/14/2023
397,Betti,Pfleger,bpflegerb0@gov.uk,Female,2004,Audi,A8,Washington,District of Columbia,20041,US,38.8933,-77.0146,65787,Leannon LLC,07/10/2023
398,Sybila,Elkin,selkinb1@berkeley.edu,Female,1992,Mercedes-Benz,SL-Class,Tucson,Arizona,85732,US,32.0848,-110.7122,59844,Ankunding Group,08/22/2023
399,Mordy,Weaver,mweaverb2@comsenz.com,Male,2002,Toyota,RAV4,Pensacola,Florida,32575,US,30.6143,-87.2758,99206,"Padberg, Grant and O'Conner",01/26/2026
400,Yale,Knightley,yknightleyb3@google.com,Non-binary,1989,Saab,900,Washington,District of Columbia,20546,US,38.891,-77.0211,87020,Jerde LLC,12/29/2022
401,Rance,Dominec,rdominecb4@census.gov,Male,1992,Oldsmobile,Ciera,Phoenix,Arizona,85053,US,33.6299,-112.1316,55488,Johnston-Bashirian,07/14/2023
402,Gayleen,Cotes,gcotesb5@blogger.com,Female,2003,Land Rover,Freelander,Atlanta,Georgia,31106,US,33.8444,-84.474,74612,Gorczany LLC,06/29/2022
403,Aurthur,Blancowe,ablancoweb6@studiopress.com,Male,2012,Toyota,TundraMax,Lansing,Michigan,48956,US,42.7325,-84.5587,45875,"Weissnat, Barton and Welch",01/19/2023
404,Leodora,McNirlan,lmcnirlanb7@intel.com,Non-binary,2012,MINI,Clubman,New Haven,Connecticut,06520,US,41.3657,-72.9275,36248,"Conn, Koepp and Spinka",01/28/2025
405,Mirabelle,Cockshoot,mcockshootb8@jugem.jp,Polygender,1990,Ford,Thunderbird,Portsmouth,New Hampshire,03804,US,43.0059,-71.0132,85133,Reichert-Nienow,06/22/2024
406,Ashley,Simon,asimonb9@domainmarket.com,Female,2009,Buick,Lucerne,Johnson City,Tennessee,37605,US,36.3158,-82.3838,41582,Grimes-Hills,02/10/2023
407,Val,Winnett,vwinnettba@about.me,Female,1993,BMW,7 Series,Tulsa,Oklahoma,74108,US,36.1499,-95.7923,42822,Gerlach-Hoppe,12/14/2022
408,Dorian,Easdon,deasdonbb@bloglovin.com,Male,1966,Ford,Mustang,El Paso,Texas,79968,US,31.7705,-106.5048,33790,Kunze-Lang,09/28/2022
409,Emerson,Wyant,ewyantbc@dailymotion.com,Male,1991,Porsche,944,Providence,Rhode Island,02912,US,41.8267,-71.3977,93527,"Koch, Schmeler and Gusikowski",09/20/2024
410,Stanford,Waudby,swaudbybd@paypal.com,Male,1987,Mitsubishi,Pajero,Scottsdale,Arizona,85255,US,33.6968,-111.8892,83129,"Barton, Haag and Jaskolski",02/06/2024
411,Jody,Gasken,jgaskenbe@topsy.com,Male,2011,Porsche,Panamera,Salt Lake City,Utah,84140,US,40.7713,-111.9309,51688,"Ferry, Kerluke and Sanford",05/20/2024
412,Alonzo,Cyphus,acyphusbf@washingtonpost.com,Male,1993,Infiniti,Q,Mobile,Alabama,36689,US,30.6589,-88.178,48461,Rowe-Okuneva,12/28/2023
413,Haleigh,Longworthy,hlongworthybg@jalbum.net,Female,2008,Ferrari,F430,Des Moines,Iowa,50315,US,41.5444,-93.6192,72824,Willms-Emmerich,07/04/2023
414,Hailee,Dyball,hdyballbh@scientificamerican.com,Female,2007,Foose,Hemisfear,Atlanta,Georgia,30358,US,33.9982,-84.3411,71490,"Harber, Heaney and Tremblay",05/23/2023
415,Querida,Seiler,qseilerbi@who.int,Female,1992,Subaru,Legacy,Sacramento,California,94257,US,38.3774,-121.4444,52706,"Huels, Hettinger and Kovacek",12/20/2025
416,Nonie,Matskevich,nmatskevichbj@foxnews.com,Female,2006,Audi,S4,Knoxville,Tennessee,37939,US,35.9901,-83.9622,80275,Jakubowski-Nitzsche,04/24/2024
417,Barb,Sainsbury-Brown,bsainsburybrownbk@odnoklassniki.ru,Female,1968,Chevrolet,Camaro,Orlando,Florida,32825,US,28.5469,-81.2571,70411,"Boyer, Will and Armstrong",09/14/2025
418,Celestyna,Moulster,cmoulsterbl@springer.com,Female,2006,Ferrari,612 Scaglietti,New Castle,Pennsylvania,16107,US,40.9897,-80.3084,38914,Ledner-Fisher,02/02/2024
419,Demetra,Woodyeare,dwoodyearebm@sbwire.com,Female,1993,Volkswagen,Eurovan,Bradenton,Florida,34282,US,27.4272,-82.4387,66147,Von and Sons,03/25/2025
420,Pavla,Faircloth,pfairclothbn@tripod.com,Genderqueer,1999,Ford,Econoline E150,Decatur,Georgia,30033,US,33.8123,-84.2819,99999,"Tillman, Schinner and Bauch",08/12/2025
421,Cortie,Mapplethorpe,cmapplethorpebo@sbwire.com,Male,2007,Mercedes-Benz,M-Class,Little Rock,Arkansas,72204,US,34.7269,-92.344,33536,"Jacobs, Kuhn and Huels",03/27/2024
422,Gerda,Couthard,gcouthardbp@csmonitor.com,Genderfluid,1998,Honda,Odyssey,Pittsburgh,Pennsylvania,15255,US,40.4344,-80.0248,40585,Considine-Strosin,02/03/2022
423,Kalinda,Minnette,kminnettebq@unesco.org,Female,1996,GMC,2500 Club Coupe,Pittsburgh,Pennsylvania,15230,US,40.4344,-80.0248,42647,"Ryan, Spencer and Orn",05/17/2025
424,Judd,Naylor,jnaylorbr@hao123.com,Male,1987,Pontiac,Firefly,Cincinnati,Ohio,45223,US,39.1696,-84.5478,62902,Turcotte-Cruickshank,08/25/2024
425,Trixy,Rowbotham,trowbothambs@mapy.cz,Female,2005,Infiniti,Q,Marietta,Georgia,30066,US,34.0378,-84.5038,52394,Osinski LLC,02/04/2025
426,Wyn,Biner,wbinerbt@yolasite.com,Genderqueer,2011,Ford,Ranger,Montgomery,Alabama,36114,US,32.404,-86.2539,77334,Flatley LLC,06/26/2024
427,Stafford,Linzey,slinzeybu@sciencedaily.com,Male,1989,Ford,LTD Crown Victoria,Tallahassee,Florida,32399,US,30.4494,-84.291,35063,"Nikolaus, Koch and Herman",08/02/2022
428,Stavros,McQuin,smcquinbv@arizona.edu,Male,2004,GMC,Envoy,Wilmington,Delaware,19886,US,39.5645,-75.597,84421,Marvin Inc,10/10/2024
429,Layton,Dinesen,ldinesenbw@sohu.com,Male,2009,Hyundai,Genesis,Sacramento,California,94280,US,38.3774,-121.4444,36085,Gislason LLC,02/03/2023
430,Clemens,Rickesies,crickesiesbx@webmd.com,Male,1998,Oldsmobile,Intrigue,Mobile,Alabama,36622,US,30.6589,-88.178,39515,"Ernser, Dicki and Schimmel",06/23/2025
431,Brynn,Beinke,bbeinkeby@naver.com,Female,2007,Isuzu,i-Series,Atlanta,Georgia,30301,US,33.8444,-84.474,87468,Erdman and Sons,05/22/2024
432,Thorstein,Borley,tborleybz@tmall.com,Male,2008,Volvo,V50,Honolulu,Hawaii,96850,US,21.3095,-157.863,44585,Weissnat LLC,08/16/2025
433,Patrica,Sterke,psterkec0@mozilla.com,Female,1994,Ford,Crown Victoria,Houston,Texas,77070,US,29.9781,-95.5803,79205,"Rowe, Rosenbaum and Tremblay",07/30/2022
434,Alric,Lepope,alepopec1@godaddy.com,Male,2001,Ford,Windstar,Tulsa,Oklahoma,74133,US,36.0467,-95.8841,97122,DuBuque LLC,08/23/2025
435,Wes,Clancy,wclancyc2@google.co.jp,Male,1995,Dodge,Dakota,Fresno,California,93740,US,36.7464,-119.6397,92658,Kilback LLC,02/12/2023
436,Stefa,Cattle,scattlec3@bbb.org,Female,1997,Mazda,MPV,Grand Rapids,Michigan,49560,US,43.0314,-85.5503,66252,"Graham, Lemke and Denesik",05/14/2022
437,Karim,Dever,kdeverc4@aol.com,Male,2004,Toyota,Sequoia,Indianapolis,Indiana,46247,US,39.7795,-86.1328,41691,"Dare, Dooley and Frami",06/16/2022
438,Rina,Descroix,rdescroixc5@xing.com,Female,1987,Ford,Escort,Saint Louis,Missouri,63126,US,38.5495,-90.3811,58523,"Mohr, Jenkins and Wintheiser",09/13/2023
439,Jacklyn,Kubala,jkubalac6@pagesperso-orange.fr,Female,1994,Saab,900,El Paso,Texas,79923,US,31.6948,-106.3,54739,O'Reilly Group,03/17/2024
440,Genvieve,Anfrey,ganfreyc7@shutterfly.com,Female,2003,Honda,Civic GX,Savannah,Georgia,31405,US,32.0391,-81.1242,52077,Gislason-Goldner,12/30/2023
441,Sophronia,Pharo,spharoc8@businessinsider.com,Genderqueer,1991,Lincoln,Town Car,Houston,Texas,77005,US,29.7179,-95.4263,31424,Upton Group,05/01/2022
442,Batsheva,Stadden,bstaddenc9@msu.edu,Female,1997,Chrysler,Town & Country,South Bend,Indiana,46620,US,41.5968,-86.293,56957,Jacobs LLC,07/08/2024
443,Elwood,Lidington,elidingtonca@si.edu,Male,2007,Mitsubishi,Eclipse,Newark,New Jersey,07112,US,40.7107,-74.2131,80213,"Toy, Herzog and Doyle",04/29/2023
444,Caldwell,Salerno,csalernocb@surveymonkey.com,Male,1987,Porsche,924 S,Washington,District of Columbia,20508,US,38.8933,-77.0146,54091,Deckow-Okuneva,06/18/2023
445,Elianora,Jacombs,ejacombscc@sfgate.com,Female,1997,Chevrolet,Cavalier,Canton,Ohio,44720,US,40.8956,-81.433,83574,"Hermann, Mraz and Ernser",03/27/2022
446,Nelie,Happel,nhappelcd@jalbum.net,Female,1988,Buick,Skyhawk,New York City,New York,10105,US,40.7628,-73.9785,76957,Harvey and Sons,12/22/2025
447,Gianni,Canadas,gcanadasce@goo.ne.jp,Male,2006,Nissan,Xterra,Greenville,South Carolina,29615,US,34.8661,-82.3198,33561,Hermiston Group,11/05/2022
448,Ashley,Coolbear,acoolbearcf@g.co,Male,1992,Ford,Crown Victoria,Escondido,California,92030,US,33.0169,-116.846,38134,Gibson and Sons,01/12/2025
449,Egan,De Cruze,edecruzecg@diigo.com,Male,1985,Mitsubishi,Pajero,Cleveland,Ohio,44177,US,41.6857,-81.6728,67438,Abernathy Inc,04/17/2023
450,Gradeigh,O' Markey,gomarkeych@fema.gov,Male,2008,Chevrolet,HHR,Washington,District of Columbia,20337,US,38.8933,-77.0146,99117,Grant-Koch,05/07/2024
451,Casey,Ruddock,cruddockci@simplemachines.org,Male,1988,Pontiac,Gemini,Oklahoma City,Oklahoma,73147,US,35.5514,-97.4075,39034,Thiel-Runte,09/04/2025
452,Cullin,Edmed,cedmedcj@etsy.com,Male,1997,Mercedes-Benz,SLK-Class,Des Moines,Iowa,50330,US,41.6727,-93.5722,49845,Herman Group,04/21/2022
453,Janot,Coldman,jcoldmanck@mashable.com,Polygender,2007,Ford,Taurus,Orlando,Florida,32830,US,28.3822,-81.569,98270,Thiel-Denesik,02/07/2022
454,Melantha,Kay,mkaycl@yolasite.com,Genderqueer,1992,Ford,F250,Duluth,Georgia,30096,US,33.9845,-84.1529,93980,Quitzon and Sons,04/23/2024
455,Oralee,Quibell,oquibellcm@google.com,Non-binary,1988,Mazda,RX-7,Evansville,Indiana,47705,US,37.9971,-87.575,48738,Romaguera-Bartell,07/18/2023
456,Jannelle,Shevlin,jshevlincn@aol.com,Female,1990,Volkswagen,Passat,Santa Barbara,California,93111,US,34.4453,-119.8025,93741,"Hyatt, Price and Marks",05/14/2024
457,Mary,Burridge,mburridgeco@webnode.com,Female,2003,Volkswagen,Eurovan,El Paso,Texas,88530,US,31.6948,-106.3,76675,Schaefer and Sons,05/25/2025
458,Odelia,Hannigan,ohannigancp@narod.ru,Female,2002,Audi,TT,Dallas,Texas,75372,US,32.7673,-96.7776,95975,Harvey Group,01/26/2025
459,Ivar,Steger,istegercq@wiley.com,Male,2004,Toyota,Echo,Rochester,New York,14624,US,43.1216,-77.7311,82270,Jacobs-Ortiz,04/15/2023
460,Cornall,Paolicchi,cpaolicchicr@accuweather.com,Genderfluid,2011,Kia,Optima,Migrate,Kentucky,41905,US,38.0638,-84.5027,79981,Mills Inc,02/06/2023
461,Cindra,Sinkinson,csinkinsoncs@ow.ly,Female,2005,Scion,xB,Detroit,Michigan,48267,US,42.2399,-83.1508,89505,"Douglas, Goyette and Will",06/21/2024
462,Magdalena,Feragh,mferaghct@yelp.com,Female,2012,Scion,iQ,Springfield,Illinois,62764,US,39.7495,-89.606,84997,Glover LLC,03/15/2022
463,Lian,Capelow,lcapelowcu@amazon.co.jp,Female,2011,GMC,Yukon XL 2500,Lincoln,Nebraska,68583,US,40.7845,-96.6888,31008,Ortiz Inc,06/01/2025
464,Cole,Gerhartz,cgerhartzcv@addtoany.com,Male,1999,Mitsubishi,Diamante,Elizabeth,New Jersey,07208,US,40.6747,-74.2239,77384,Koepp and Sons,08/03/2022
465,Francesca,Garrattley,fgarrattleycw@springer.com,Female,1998,Isuzu,Hombre,Midland,Texas,79705,US,32.0295,-102.0915,55499,Dickinson Inc,12/22/2025
466,Bette,Jeskin,bjeskincx@fema.gov,Female,2007,Infiniti,QX56,Pittsburgh,Pennsylvania,15225,US,40.5051,-80.1155,99541,Berge LLC,09/03/2024
467,Brinna,Gonthard,bgonthardcy@linkedin.com,Female,2011,Cadillac,CTS-V,Dallas,Texas,75210,US,32.7699,-96.743,30728,Lang and Sons,06/27/2023
468,Donovan,Polle,dpollecz@behance.net,Male,2006,GMC,Savana 3500,Rochester,New York,14683,US,43.286,-77.6843,97782,Bogan LLC,07/24/2025
469,Rudolfo,Kittel,rkitteld0@cdc.gov,Male,2002,Chrysler,Sebring,Detroit,Michigan,48232,US,42.2399,-83.1508,63504,McGlynn-Muller,06/30/2023
470,Jenica,Wiper,jwiperd1@google.it,Female,2008,Honda,S2000,Erie,Pennsylvania,16565,US,42.1827,-80.0649,62914,"Daugherty, Berge and McDermott",07/30/2025
471,Merv,Morville,mmorvilled2@plala.or.jp,Male,2012,GMC,Savana 1500,Knoxville,Tennessee,37924,US,36.032,-83.8021,30368,Walker-Nicolas,08/29/2023
472,Georas,Aspinell,gaspinelld3@theglobeandmail.com,Male,2001,Chevrolet,Tahoe,Reno,Nevada,89510,US,39.7699,-119.6027,84963,Wolff-Barrows,08/29/2022
473,Emmye,Reyne,ereyned4@theglobeandmail.com,Female,1985,Mercury,Marquis,Fort Lauderdale,Florida,33336,US,26.1219,-80.1436,48195,Witting Group,11/09/2025
474,Ginger,Philpault,gphilpaultd5@homestead.com,Male,2002,Lexus,LX,Colorado Springs,Colorado,80940,US,38.8247,-104.562,61106,"Kuhlman, Cummerata and Stiedemann",12/16/2024
475,Raina,Lassen,rlassend6@nhs.uk,Female,2007,Honda,Pilot,Wichita,Kansas,67205,US,37.7639,-97.4269,95670,Schamberger-Wilderman,04/25/2024
476,Torie,Flight,tflightd7@soup.io,Female,2009,Audi,Q7,Des Moines,Iowa,50362,US,41.6727,-93.5722,78221,"Stoltenberg, Gulgowski and Block",08/30/2022
477,Mendie,Braitling,mbraitlingd8@pbs.org,Male,1980,Chevrolet,Citation,Warren,Michigan,48092,US,42.5125,-83.0643,72586,Cole and Sons,08/28/2023
478,Hieronymus,Aggott,haggottd9@indiatimes.com,Male,1957,BMW,600,Charlotte,North Carolina,28215,US,35.244,-80.7387,98978,"Johnson, Durgan and Muller",03/01/2024
479,Marcus,Ferri,mferrida@moonfruit.com,Male,1989,Pontiac,Firefly,Little Rock,Arkansas,72231,US,34.8019,-92.1894,85475,Wintheiser-Kuphal,01/06/2026
480,Kristine,Hatcliffe,khatcliffedb@newsvine.com,Female,2010,Aston Martin,V8 Vantage,Wilmington,Delaware,19897,US,39.5645,-75.597,76285,"White, Lindgren and Leffler",05/28/2025
481,Rodolph,Geck,rgeckdc@fotki.com,Male,2002,Chrysler,Prowler,Ocala,Florida,34479,US,29.2541,-82.1095,51254,Kemmer-Breitenberg,01/03/2026
482,Nev,Lorriman,nlorrimandd@studiopress.com,Male,1999,Buick,Riviera,Little Rock,Arkansas,72204,US,34.7269,-92.344,90578,Wuckert Inc,09/18/2023
483,Lombard,Lauder,llauderde@fc2.com,Male,1989,Subaru,Legacy,Mobile,Alabama,36628,US,30.6589,-88.178,68197,Oberbrunner LLC,02/02/2025
484,Melantha,O'Kennedy,mokennedydf@va.gov,Female,1998,Dodge,Stratus,Kansas City,Missouri,64101,US,39.1024,-94.5986,52185,Heller Inc,05/29/2022
485,Novelia,Garstang,ngarstangdg@t-online.de,Genderqueer,2002,Dodge,Dakota Club,Atlanta,Georgia,30328,US,33.9335,-84.3958,89840,"Barton, Gislason and Franecki",06/11/2023
486,Cymbre,Glazebrook,cglazebrookdh@flickr.com,Female,1992,Ford,E-Series,San Diego,California,92105,US,32.7423,-117.0947,97256,Botsford Inc,05/31/2024
487,Stavro,Giacovelli,sgiacovellidi@free.fr,Male,1996,Lamborghini,Diablo,Salt Lake City,Utah,84130,US,40.6681,-111.9083,67108,Schimmel-Larson,09/24/2023
488,Maire,Kittles,mkittlesdj@wikispaces.com,Female,1988,Pontiac,6000,Lakeland,Florida,33811,US,27.9865,-82.0139,60893,Walsh and Sons,07/03/2023
489,Jeanna,Ghio,jghiodk@delicious.com,Female,2007,GMC,Savana 1500,Miami,Florida,33180,US,25.9597,-80.1403,41732,"Kessler, Skiles and Zulauf",08/24/2022
490,Bryanty,Le Leu,bleleudl@taobao.com,Male,2007,Lexus,GX,Albuquerque,New Mexico,87110,US,35.1104,-106.5781,48879,Boyle-Upton,03/01/2022
491,Karola,Morilla,kmorilladm@scribd.com,Female,1996,GMC,3500,Reston,Virginia,20195,US,38.8318,-77.2888,41832,Barrows and Sons,08/02/2023
492,Augusta,Edinboro,aedinborodn@bbb.org,Female,1986,Ford,Thunderbird,Philadelphia,Pennsylvania,19146,US,39.9379,-75.1794,86419,Prosacco Group,11/08/2022
493,Rory,Guare,rguaredo@wired.com,Female,2003,GMC,Envoy,Washington,District of Columbia,56944,US,38.8952,-77.0365,34649,Stanton-Klocko,02/14/2023
494,Ashien,Makeswell,amakeswelldp@usda.gov,Female,2002,Dodge,Viper,Brockton,Massachusetts,02305,US,41.9705,-70.7014,75726,Abernathy Inc,03/25/2025
495,Payton,Thorby,pthorbydq@prnewswire.com,Male,1992,Pontiac,Sunbird,Beaumont,Texas,77713,US,30.085,-94.2607,63050,Orn-Bogisich,08/10/2023
496,Zorah,Szach,zszachdr@unicef.org,Female,2006,Volkswagen,Rabbit,Denver,Colorado,80217,US,39.7388,-104.4083,60354,Huels and Sons,11/08/2025
497,Annecorinne,Luscott,aluscottds@scientificamerican.com,Female,1989,BMW,6 Series,Springfield,Illinois,62756,US,39.7495,-89.606,38898,"Dickens, Swift and O'Keefe",02/19/2025
498,Anica,Brierton,abriertondt@google.es,Female,2013,Lexus,RX,Boulder,Colorado,80305,US,39.9807,-105.2531,60442,Osinski Group,05/25/2022
499,Zebulen,Wolfer,zwolferdu@whitehouse.gov,Non-binary,1987,Buick,Skyhawk,Buffalo,New York,14276,US,42.7684,-78.8871,88908,Okuneva and Sons,12/06/2025
500,Vite,Waddilow,vwaddilowdv@odnoklassniki.ru,Male,2003,MINI,Cooper,Van Nuys,California,91499,US,33.7866,-118.2987,32514,Prohaska-Leuschke,03/23/2022
501,Ailyn,Fells,afellsdw@usgs.gov,Female,2010,Nissan,Frontier,Louisville,Kentucky,40225,US,38.189,-85.6768,35549,"Kassulke, Keebler and Klocko",03/05/2022
502,Burt,Glasebrook,bglasebrookdx@ihg.com,Male,1959,Chevrolet,Corvette,Minneapolis,Minnesota,55441,US,45.0058,-93.4193,87163,Gulgowski Group,09/01/2023
503,Carissa,Fiddian,cfiddiandy@dot.gov,Female,2007,Volvo,S60,New York City,New York,10039,US,40.8265,-73.9383,70563,Funk-Hettinger,08/26/2025
504,Sonny,Maass,smaassdz@adobe.com,Female,1987,Honda,Accord,Washington,District of Columbia,20436,US,38.8959,-77.0211,54256,"Johns, Halvorson and Bednar",06/18/2024
505,Melvin,Mandre,mmandree0@jugem.jp,Male,1995,Chevrolet,S10,Portsmouth,Virginia,23705,US,36.8686,-76.3552,95706,Sauer-Conn,05/22/2025
506,Brose,Whalley,bwhalleye1@tamu.edu,Male,2008,Acura,RL,Mobile,Alabama,36641,US,30.6589,-88.178,49143,"Terry, Kub and Olson",05/08/2025
507,Danielle,Rickwood,drickwoode2@shop-pro.jp,Agender,2007,Dodge,Ram 3500,Billings,Montana,59112,US,45.9783,-108.1945,48999,Mosciski-Walker,10/13/2024
508,Wyndham,Ofener,wofenere3@free.fr,Male,2011,Mercedes-Benz,R-Class,Detroit,Michigan,48242,US,42.2166,-83.3532,66939,"Hilpert, Kling and Roberts",10/09/2022
509,Kimble,Bentley,kbentleye4@cyberchimps.com,Male,2002,Daewoo,Nubira,Arlington,Virginia,22244,US,38.8545,-77.052,49594,"Hessel, Wilderman and Ankunding",05/18/2022
510,Eward,Zorzenoni,ezorzenonie5@huffingtonpost.com,Male,2009,Toyota,Matrix,San Diego,California,92191,US,33.0169,-116.846,82949,"Kerluke, Bruen and Hettinger",12/30/2022
511,Noland,Kubu,nkubue6@chicagotribune.com,Male,1987,Ford,Bronco,West Hartford,Connecticut,06127,US,41.7918,-72.7188,83047,McDermott LLC,03/23/2024
512,Julina,Ballay,jballaye7@amazon.co.jp,Female,2008,Honda,S2000,San Diego,California,92165,US,33.0169,-116.846,56852,Ryan-Bergnaum,04/30/2022
513,Flin,Glison,fglisone8@phpbb.com,Male,2008,Volvo,V70,Topeka,Kansas,66642,US,39.0429,-95.7697,37634,"Friesen, Frami and Abbott",07/28/2024
514,Margery,Roake,mroakee9@mashable.com,Female,1999,Nissan,Maxima,New York City,New York,10014,US,40.7339,-74.0054,54335,Marks Group,03/11/2025
515,Anallise,Crowe,acroweea@4shared.com,Female,1992,GMC,1500,Huntsville,Texas,77343,US,30.7813,-95.5953,45915,D'Amore and Sons,06/05/2022
516,Jessie,Nare,jnareeb@nhs.uk,Female,1990,Mitsubishi,Truck,Houston,Texas,77276,US,29.7575,-95.3668,66342,Morar Group,03/26/2024
517,Portia,Ugolini,pugoliniec@deviantart.com,Female,1992,Pontiac,Firefly,Battle Creek,Michigan,49018,US,42.2464,-85.0045,41230,Murazik Inc,10/06/2022
518,Elena,Reggler,eregglered@army.mil,Female,2006,Chevrolet,Silverado 1500,Stamford,Connecticut,06912,US,41.3089,-73.3637,39196,"Sauer, Wunsch and Stokes",01/04/2023
519,Davon,Lawtey,dlawteyee@ted.com,Male,2002,Chevrolet,Corvette,Tucson,Arizona,85748,US,32.215,-110.7758,99278,"Bailey, Deckow and VonRueden",04/23/2022
520,Ruthi,Risebrow,rrisebrowef@msu.edu,Female,2007,Acura,MDX,Phoenix,Arizona,85067,US,33.2765,-112.1872,55233,Kulas-Tillman,12/29/2025
521,Lainey,Baggiani,lbaggianieg@jimdo.com,Female,2011,Buick,LaCrosse,Fredericksburg,Virginia,22405,US,38.3365,-77.4366,32031,"O'Connell, Carroll and Lehner",02/11/2025
522,Hildy,Dwelly,hdwellyeh@wikimedia.org,Female,1996,Dodge,Ram 2500 Club,Provo,Utah,84605,US,40.177,-111.536,75609,"Crona, Hahn and O'Reilly",01/16/2026
523,Langston,Jillitt,ljillittei@ed.gov,Male,2002,Nissan,Maxima,Orlando,Florida,32808,US,28.5803,-81.4396,72152,"Dooley, Leannon and Christiansen",03/02/2024
524,Vivian,Addy,vaddyej@csmonitor.com,Female,1996,Chevrolet,Sportvan G30,Knoxville,Tennessee,37919,US,35.9244,-84.0015,59026,Barrows Group,06/11/2023
525,Jennee,Samsonsen,jsamsonsenek@wp.com,Female,1992,GMC,1500,Round Rock,Texas,78682,US,30.6568,-97.6026,98084,"Kutch, Mante and Bailey",05/25/2025
526,Florie,Fonso,ffonsoel@discovery.com,Female,2009,Ford,Focus,Scranton,Pennsylvania,18505,US,41.3914,-75.6657,91062,Heathcote-Hand,05/07/2022
527,Elnora,Goude,egoudeem@goo.ne.jp,Female,2006,Mazda,Mazdaspeed6,Louisville,Kentucky,40256,US,38.189,-85.6768,92587,"Daugherty, Hahn and Von",01/05/2025
528,Rochelle,Capineer,rcapineeren@dion.ne.jp,Female,1991,Ford,Taurus,Sparks,Nevada,89436,US,39.6269,-119.7081,76215,Durgan-Blick,04/19/2022
529,Martainn,Freyn,mfreyneo@arstechnica.com,Male,1992,Volkswagen,Passat,Seattle,Washington,98148,US,47.4441,-122.3249,80742,Douglas-Hills,08/14/2025
530,Gwennie,Robbie,grobbieep@tamu.edu,Female,1998,Chrysler,Concorde,Atlanta,Georgia,31190,US,33.7629,-84.4226,99026,Kling Group,07/01/2024
531,Kynthia,Matteini,kmatteinieq@t.co,Female,1985,Volkswagen,GTI,Dayton,Ohio,45490,US,39.7505,-84.2686,44708,"Konopelski, Legros and Ruecker",01/20/2025
532,Thane,Vasnetsov,tvasnetsover@artisteer.com,Male,1994,Audi,S4,Saint Paul,Minnesota,55114,US,44.968,-93.1981,55175,Casper and Sons,01/04/2024
533,Louisa,Fagan,lfaganes@pagesperso-orange.fr,Female,2012,Ford,Explorer,Atlanta,Georgia,30328,US,33.9335,-84.3958,99087,Lockman Group,11/15/2024
534,Vladamir,L'argent,vlargentet@japanpost.jp,Male,2009,Land Rover,Freelander,Fort Wayne,Indiana,46814,US,41.0456,-85.3058,43843,"Yost, Sawayn and Schmeler",07/09/2023
535,Wilbur,Deaconson,wdeaconsoneu@exblog.jp,Male,2012,Chevrolet,Corvette,Chattanooga,Tennessee,37416,US,35.0942,-85.1757,88717,Johns Inc,10/22/2025
536,Cornelia,Powland,cpowlandev@pagesperso-orange.fr,Female,2007,Land Rover,Range Rover Sport,Portland,Oregon,97255,US,45.5806,-122.3748,71508,Keebler LLC,04/24/2024
537,Cherry,Barajaz,cbarajazew@naver.com,Female,2009,Chevrolet,Aveo,Seattle,Washington,98104,US,47.6036,-122.3256,79321,Sawayn-Johns,02/28/2022
538,Fletcher,Dowle,fdowleex@t.co,Non-binary,1999,Volvo,V70,Chicago,Illinois,60619,US,41.7458,-87.6054,91575,"Luettgen, Bauch and Turcotte",09/15/2024
539,Violette,Knolles-Green,vknollesgreeney@economist.com,Female,1995,Dodge,Ram Van 1500,West Palm Beach,Florida,33416,US,26.6654,-80.0929,47781,Jacobson-Tromp,09/29/2022
540,Helaina,Weale,hwealeez@ebay.co.uk,Polygender,1997,Mercury,Villager,Pittsburgh,Pennsylvania,15286,US,40.4344,-80.0248,45869,Barrows-Stamm,08/02/2023
541,Urban,Bancroft,ubancroftf0@hatena.ne.jp,Male,1997,Dodge,Neon,Pocatello,Idaho,83206,US,42.6395,-112.3138,67562,"Pfannerstill, Nienow and Collier",12/11/2025
542,Edgardo,Cockrill,ecockrillf1@cam.ac.uk,Male,2005,Saturn,Ion,Kansas City,Kansas,66112,US,39.116,-94.764,38117,Champlin LLC,10/14/2024
543,Krispin,Turl,kturlf2@netscape.com,Male,1993,Mercury,Cougar,Waterbury,Connecticut,06726,US,41.3657,-72.9275,35068,"Parisian, Gibson and Runolfsson",12/26/2024
544,Renie,Aspenlon,raspenlonf3@dyndns.org,Female,2007,Mercedes-Benz,M-Class,Tampa,Florida,33673,US,27.872,-82.4388,39251,Kub Group,01/09/2024
545,Vivianne,Allworthy,vallworthyf4@cam.ac.uk,Female,1999,Dodge,Caravan,Columbia,South Carolina,29208,US,33.9937,-81.0199,83331,Hayes-Feest,04/05/2023
546,Nani,Lumber,nlumberf5@blinklist.com,Female,1994,Lexus,GS,Edmond,Oklahoma,73034,US,35.6665,-97.4798,51007,"Marvin, McClure and Rosenbaum",08/05/2024
547,Ikey,Witterick,iwitterickf6@ca.gov,Male,2010,Chevrolet,Suburban 2500,Orlando,Florida,32891,US,28.5663,-81.2608,31118,Hodkiewicz and Sons,11/20/2025
548,Morey,Colling,mcollingf7@so-net.ne.jp,Male,1987,Ford,E-Series,Fort Wayne,Indiana,46862,US,41.0938,-85.0707,53083,Koch-Pfeffer,02/16/2024
549,Benjamen,Janes,bjanesf8@google.es,Male,2006,GMC,Savana 2500,Huntington,West Virginia,25709,US,38.1321,-82.4183,96831,"Aufderhar, Orn and Murphy",06/27/2024
550,Ninnetta,Maddaford,nmaddafordf9@clickbank.net,Female,2011,Dodge,Caliber,Phoenix,Arizona,85067,US,33.2765,-112.1872,48211,Bechtelar and Sons,12/21/2022
551,Alic,Brookwell,abrookwellfa@omniture.com,Male,1992,Lincoln,Mark VII,Saginaw,Michigan,48604,US,43.4732,-83.9514,53832,Williamson Group,07/01/2025
552,Marj,Phair,mphairfb@lycos.com,Female,2004,Nissan,Quest,Tulsa,Oklahoma,74156,US,36.3024,-95.9605,34265,Stanton LLC,02/05/2022
553,Alina,Sambath,asambathfc@mit.edu,Female,2003,Suzuki,XL-7,Monroe,Louisiana,71213,US,32.4908,-92.1594,84452,Ankunding Group,10/13/2024
554,Cordie,McAlinion,cmcalinionfd@ask.com,Male,1992,Dodge,Ram Van B150,Berkeley,California,94705,US,37.8571,-122.25,90998,"Ullrich, Hills and Mohr",10/21/2025
555,Jaime,Mochar,jmocharfe@furl.net,Male,1998,Cadillac,DeVille,Albuquerque,New Mexico,87195,US,35.0443,-106.6729,35543,Marvin Inc,02/15/2022
556,Sile,Colgan,scolganff@issuu.com,Female,1992,Mitsubishi,Diamante,Albany,New York,12242,US,42.6149,-73.9708,95178,Wunsch LLC,09/17/2024
557,Robers,Whale,rwhalefg@mlb.com,Male,2007,Mercury,Mountaineer,Los Angeles,California,90055,US,33.7866,-118.2987,53471,Hudson and Sons,05/03/2022
558,Valentine,Niche,vnichefh@lycos.com,Female,1992,GMC,Suburban 1500,Portland,Oregon,97255,US,45.5806,-122.3748,84605,Quigley-Rosenbaum,08/30/2023
559,Joanie,Meharry,jmeharryfi@bravesites.com,Female,2012,Lexus,ES,Kansas City,Missouri,64187,US,39.035,-94.3567,30901,Padberg Inc,10/10/2024
560,Rici,Petrishchev,rpetrishchevfj@ameblo.jp,Female,2010,Mazda,CX-9,Los Angeles,California,90045,US,33.9631,-118.3941,73465,Hyatt Group,05/02/2022
561,Ralf,Buche,rbuchefk@seesaa.net,Male,1987,Lincoln,Continental,Charleston,West Virginia,25331,US,38.2968,-81.5547,87557,Nader Group,05/02/2024
562,Josey,Minker,jminkerfl@51.la,Female,2000,Toyota,Avalon,Rockford,Illinois,61110,US,42.3254,-89.1705,54495,Hahn-Hilll,02/15/2022
563,Tracie,Condict,tcondictfm@auda.org.au,Female,2003,Isuzu,Ascender,Panama City,Florida,32412,US,30.2345,-85.692,56047,"Runolfsson, Zemlak and Upton",01/07/2023
564,Everett,Detheridge,edetheridgefn@intel.com,Male,2005,Ford,F150,Washington,District of Columbia,20380,US,38.8933,-77.0146,45533,"Sauer, Streich and Emard",04/25/2023
565,Maurise,Colleymore,mcolleymorefo@princeton.edu,Female,1991,Volkswagen,GTI,Warren,Ohio,44485,US,41.2405,-80.8441,80231,Pollich-Ratke,10/22/2025
566,Irita,Satterlee,isatterleefp@mozilla.org,Female,1996,Toyota,Tacoma,Vero Beach,Florida,32969,US,27.709,-80.5726,58916,"Effertz, Wiegand and Schumm",06/23/2024
567,Mattie,Pleasance,mpleasancefq@nytimes.com,Male,2006,Dodge,Ram 2500,New Haven,Connecticut,06505,US,41.3057,-72.7799,43459,Becker LLC,07/17/2023
568,Sela,Barefoot,sbarefootfr@free.fr,Female,2006,Cadillac,STS,Albany,New York,12255,US,42.6149,-73.9708,87903,Rodriguez Group,01/27/2026
569,Isabelle,Clowes,iclowesfs@drupal.org,Female,2005,Subaru,Forester,Bethlehem,Pennsylvania,18018,US,40.6278,-75.3928,63995,Romaguera-Wunsch,08/11/2024
570,Gris,Middlemass,gmiddlemassft@va.gov,Male,1985,Buick,Skyhawk,Houston,Texas,77005,US,29.7179,-95.4263,61791,"Feil, Streich and Collier",10/01/2025
571,Nelia,Longhurst,nlonghurstfu@usa.gov,Non-binary,1997,Oldsmobile,Achieva,Boston,Massachusetts,02124,US,42.2868,-71.071,34468,Kreiger-Pfannerstill,06/05/2022
572,Damiano,Peedell,dpeedellfv@yelp.com,Agender,2006,Lincoln,LS,Pittsburgh,Pennsylvania,15240,US,40.4344,-80.0248,61239,"Sporer, Bernier and Nolan",06/01/2023
573,Dennie,Hub,dhubfw@usatoday.com,Male,2007,Toyota,Matrix,Marietta,Georgia,30061,US,33.9328,-84.556,97462,Turner-Simonis,02/07/2023
574,Issi,Smidmoor,ismidmoorfx@scientificamerican.com,Female,2010,Bentley,Continental Super,Valley Forge,Pennsylvania,19495,US,39.9832,-75.7481,67198,Jakubowski-Jacobi,08/21/2025
575,Fons,Obington,fobingtonfy@berkeley.edu,Polygender,1993,Mercury,Cougar,Nashville,Tennessee,37250,US,36.1866,-86.7852,97583,Pfannerstill Inc,07/29/2023
576,Quintus,Adacot,qadacotfz@ustream.tv,Male,2013,Hyundai,Veloster,Riverside,California,92513,US,33.7529,-116.0556,65831,Hessel-Gottlieb,08/25/2022
577,Calhoun,Beggs,cbeggsg0@people.com.cn,Male,2001,Volkswagen,Jetta,Rochester,New York,14652,US,43.286,-77.6843,77424,Simonis-Cruickshank,04/14/2025
578,Scott,Stoeck,sstoeckg1@bigcartel.com,Male,1995,GMC,Rally Wagon G2500,Long Beach,California,90847,US,33.7866,-118.2987,63308,Stokes Inc,10/28/2025
579,Ferd,Seager,fseagerg2@examiner.com,Male,1989,Mitsubishi,Galant,Bryan,Texas,77806,US,30.6521,-96.341,43557,Stehr-Skiles,11/26/2023
580,Brook,Rennock,brennockg3@list-manage.com,Male,2000,BMW,M,Minneapolis,Minnesota,55436,US,44.9034,-93.374,94051,Jakubowski and Sons,02/20/2024
581,Dayle,Bakeup,dbakeupg4@uiuc.edu,Female,1994,Chrysler,Town & Country,Pompano Beach,Florida,33069,US,26.2288,-80.1635,88987,"Leannon, Morissette and Bayer",12/27/2022
582,Shanon,Baiss,sbaissg5@bandcamp.com,Female,2000,Volkswagen,Passat,Chattanooga,Tennessee,37450,US,35.2211,-85.2091,59779,Reichert-Little,01/27/2023
583,Blanca,Hoggin,bhogging6@xing.com,Female,1998,Chevrolet,Astro,Louisville,Kentucky,40233,US,38.189,-85.6768,33660,"Collins, Hettinger and Lakin",07/14/2024
584,Garreth,Lindores,glindoresg7@prlog.org,Male,2010,Honda,Odyssey,Arlington,Virginia,22244,US,38.8545,-77.052,69900,Dach-Dach,12/26/2023
585,Ricardo,Newbold,rnewboldg8@de.vu,Male,1994,Dodge,Grand Caravan,Glendale,California,91205,US,34.1378,-118.2424,56194,Farrell-Auer,08/24/2022
586,Ogden,Hadleigh,ohadleighg9@economist.com,Male,1985,Subaru,Brat,New Orleans,Louisiana,70179,US,30.033,-89.8826,71460,Bruen Inc,03/22/2022
587,Xenos,Jelks,xjelksga@ovh.net,Male,2007,Cadillac,Escalade ESV,Bakersfield,California,93386,US,35.2944,-118.9052,64154,"Hamill, Stehr and Nienow",05/21/2023
588,Clayson,Irwin,cirwingb@lycos.com,Male,2010,Mitsubishi,Outlander,San Antonio,Texas,78240,US,29.5189,-98.6006,84691,Kessler and Sons,11/28/2022
589,Vachel,Leavold,vleavoldgc@msu.edu,Male,2001,Chevrolet,Suburban 1500,San Diego,California,92132,US,32.6437,-117.1384,68016,"Schmeler, Wisozk and Skiles",11/18/2024
590,Benny,Quadrio,bquadriogd@china.com.cn,Polygender,1989,Mercury,Sable,Erie,Pennsylvania,16510,US,42.1087,-79.9535,68856,Greenfelder Inc,09/25/2025
591,Cornelius,Symon,csymonge@slashdot.org,Genderqueer,2006,Mazda,Tribute,Round Rock,Texas,78682,US,30.6568,-97.6026,62594,"Windler, Block and McLaughlin",10/26/2022
592,Abbie,Camilletti,acamillettigf@dailymotion.com,Female,1994,Subaru,Impreza,Philadelphia,Pennsylvania,19136,US,40.0422,-75.0244,38969,"Cruickshank, Stehr and Luettgen",10/10/2025
593,Wes,Whistlecroft,wwhistlecroftgg@networkadvertising.org,Genderqueer,2008,Ford,F-Series,New Orleans,Louisiana,70154,US,30.033,-89.8826,55433,"Bartoletti, Wolf and Tillman",09/05/2025
594,Rozalie,Burchmore,rburchmoregh@dyndns.org,Female,1977,Ford,Thunderbird,Seattle,Washington,98175,US,47.7161,-122.3004,75367,"Metz, Batz and Borer",09/22/2023
595,Gregorius,Ecclestone,gecclestonegi@intel.com,Male,1994,Chevrolet,Blazer,Flint,Michigan,48550,US,43.0349,-83.6887,83926,"Lemke, Wolf and Gislason",02/09/2022
596,Charlene,Dener,cdenergj@comsenz.com,Female,2000,GMC,Savana 3500,Detroit,Michigan,48258,US,42.2399,-83.1508,73342,Nicolas Inc,04/29/2022
597,Kristian,Merigeau,kmerigeaugk@tinyurl.com,Male,2010,Honda,Civic,El Paso,Texas,79940,US,31.6948,-106.3,84951,Hyatt-Feil,06/23/2024
598,Johann,Rowling,jrowlinggl@ameblo.jp,Male,2003,Mitsubishi,Montero Sport,Miami,Florida,33142,US,25.813,-80.232,72972,Upton-Welch,10/16/2023
599,Claybourne,Gethen,cgethengm@google.es,Male,2009,Jaguar,XF,Aurora,Colorado,80045,US,39.7467,-104.8384,70081,D'Amore-Bahringer,11/06/2022
600,Anne-corinne,Lythgoe,alythgoegn@fotki.com,Female,2003,Honda,Insight,Wilmington,North Carolina,28410,US,34.0881,-77.8526,40632,Heidenreich and Sons,10/06/2025
601,Elsworth,Hulmes,ehulmesgo@parallels.com,Male,2009,Nissan,Versa,Waco,Texas,76711,US,31.5175,-97.1547,84106,"Kutch, Quigley and Maggio",07/25/2024
602,Sherrie,Beert,sbeertgp@nih.gov,Genderqueer,1996,Chevrolet,Caprice,Sacramento,California,95813,US,38.6026,-121.4475,70042,"Ankunding, Mayer and Howe",02/02/2024
603,Shelagh,Owen,sowengq@sogou.com,Non-binary,1997,Kia,Mentor,Las Vegas,Nevada,89135,US,36.1378,-115.3261,72719,Lehner-Moen,04/27/2022
604,Veronika,Wittman,vwittmangr@posterous.com,Female,2011,Mazda,Tribute,Salt Lake City,Utah,84170,US,40.6681,-111.9083,53910,Kshlerin LLC,03/11/2023
605,Della,Olczyk,dolczykgs@google.co.uk,Female,2006,Chevrolet,Suburban 2500,Worcester,Massachusetts,01654,US,42.3648,-71.8969,44261,"Paucek, Stoltenberg and Christiansen",11/02/2023
606,Frederigo,Knewstub,fknewstubgt@yahoo.com,Non-binary,1984,Ford,EXP,Fort Pierce,Florida,34981,US,27.4049,-80.3623,34522,Hintz LLC,03/06/2023
607,Salomon,Marquis,smarquisgu@ebay.co.uk,Male,1997,Geo,Tracker,Newark,New Jersey,07195,US,40.7918,-74.2452,82108,"Ziemann, Parker and Mosciski",10/07/2025
608,Jacintha,Monument,jmonumentgv@4shared.com,Female,2008,Suzuki,SX4,Huntsville,Alabama,35805,US,34.7059,-86.6165,77665,"Homenick, Sauer and Hilpert",01/06/2024
609,Trisha,Nevin,tnevingw@bloglovin.com,Female,2009,Ford,Crown Victoria,Texarkana,Texas,75507,US,33.3934,-94.3404,72193,Cruickshank-Gulgowski,07/18/2024
610,Berty,Richarson,bricharsongx@cyberchimps.com,Female,2009,Pontiac,G8,Garland,Texas,75049,US,32.7673,-96.7776,52975,Wehner-Ratke,12/24/2022
611,Bondon,Geertsen,bgeertsengy@miibeian.gov.cn,Male,1993,Plymouth,Voyager,Denver,Colorado,80299,US,39.7388,-104.4083,78722,Harvey Inc,05/27/2025
612,Griffy,Bax,gbaxgz@telegraph.co.uk,Male,1998,Isuzu,Oasis,El Paso,Texas,79968,US,31.7705,-106.5048,76508,Thompson Inc,10/20/2023
613,Barbabas,Duny,bdunyh0@goo.ne.jp,Male,1993,Cadillac,Seville,Columbia,South Carolina,29220,US,34.006,-80.9708,51293,Cole LLC,04/08/2022
614,Kelly,Fieller,kfiellerh1@hatena.ne.jp,Male,2007,Rolls-Royce,Phantom,Springfield,Illinois,62794,US,39.7495,-89.606,83540,Leffler-Conn,05/11/2022
615,Aylmar,Donne,adonneh2@google.pl,Male,2005,Ford,E350,Harrisburg,Pennsylvania,17140,US,40.3086,-76.8464,84691,Schaden-Kreiger,06/14/2025
616,Calypso,Quainton,cquaintonh3@vistaprint.com,Female,1994,Oldsmobile,Ciera,Erie,Pennsylvania,16565,US,42.1827,-80.0649,46249,Kutch-Pollich,10/26/2022
617,Marshall,Crossby,mcrossbyh4@sphinn.com,Male,1954,Cadillac,Fleetwood,Manchester,New Hampshire,03105,US,42.9521,-71.6539,95900,Lueilwitz-Gutmann,04/05/2025
618,Grethel,Doolan,gdoolanh5@army.mil,Female,2009,MINI,Clubman,Chicago,Illinois,60609,US,41.8097,-87.6533,97576,Toy and Sons,05/27/2022
619,Blondell,Northrop,bnorthroph6@drupal.org,Female,2007,Jaguar,S-Type,Port Washington,New York,11054,US,40.7548,-73.6018,39790,Botsford-Zemlak,03/06/2024
620,Henryetta,Hutson,hhutsonh7@barnesandnoble.com,Genderfluid,2003,GMC,Savana 1500,Baton Rouge,Louisiana,70883,US,30.5159,-91.0804,37039,Ullrich LLC,02/03/2024
621,Tammie,Bassilashvili,tbassilashvilih8@hp.com,Male,1995,Buick,Regal,Orange,California,92867,US,33.811,-117.8493,54394,"Hoeger, Waelchi and Okuneva",12/11/2025
622,Celene,Palumbo,cpalumboh9@nasa.gov,Female,2001,Mitsubishi,Mirage,Dallas,Texas,75387,US,32.7673,-96.7776,40210,Schmeler Inc,08/31/2025
623,Shoshanna,Patman,spatmanha@shutterfly.com,Genderfluid,1993,Subaru,Impreza,Lynchburg,Virginia,24503,US,37.4376,-79.205,50485,Wolff and Sons,05/20/2023
624,Henderson,Leafe,hleafehb@bloglovin.com,Male,2010,Volkswagen,CC,Kansas City,Kansas,66160,US,39.0966,-94.7495,89534,Stracke-Ferry,03/31/2025
625,Corny,Hasling,chaslinghc@bbb.org,Male,2001,Chevrolet,Suburban 1500,North Little Rock,Arkansas,72118,US,34.8337,-92.3289,83468,Bode-Bartoletti,06/01/2025
626,Berri,Olenchikov,bolenchikovhd@ca.gov,Female,1991,Volkswagen,Jetta,Dallas,Texas,75310,US,32.7673,-96.7776,93020,"Gerlach, Ryan and Towne",10/09/2023
627,Ora,Oloman,oolomanhe@wiley.com,Female,2006,Lincoln,Navigator,San Diego,California,92127,US,33.0279,-117.0856,64909,"Kshlerin, Huel and Haley",08/07/2023
628,Melamie,Ellett,melletthf@amazon.co.uk,Female,2008,Chevrolet,Cobalt,Fargo,North Dakota,58106,US,46.9346,-97.2297,94671,Parisian Group,02/07/2023
629,Denny,Tidmarsh,dtidmarshhg@cocolog-nifty.com,Genderqueer,2005,Nissan,Armada,Portland,Oregon,97201,US,45.5078,-122.6897,93738,Satterfield-Torphy,04/10/2024
630,Boothe,Sarath,bsarathhh@elegantthemes.com,Male,1969,Shelby,GT350,Washington,District of Columbia,20430,US,38.9164,-76.9948,43543,Flatley Group,06/26/2025
631,Aron,Punshon,apunshonhi@usatoday.com,Male,2008,Hyundai,Veracruz,Sioux Falls,South Dakota,57110,US,43.5486,-96.6332,72626,Lubowitz-Hammes,12/22/2024
632,Barbara-anne,Antoinet,bantoinethj@ft.com,Agender,2000,Nissan,Sentra,Springfield,Illinois,62756,US,39.7495,-89.606,65936,Schowalter Inc,06/06/2022
633,Allene,Flement,aflementhk@accuweather.com,Polygender,2009,Lincoln,MKS,Midland,Michigan,48670,US,43.6375,-84.2568,89676,"Littel, Runolfsson and Kerluke",10/03/2022
634,Aleen,Oliphard,aoliphardhl@ucla.edu,Female,1984,Chevrolet,Corvette,Baton Rouge,Louisiana,70894,US,30.5159,-91.0804,48862,Runolfsson Inc,08/11/2023
635,Lucian,Roelofs,lroelofshm@state.tx.us,Male,1992,Dodge,Ramcharger,Lancaster,Pennsylvania,17605,US,40.0185,-76.2976,79856,"Huels, Hessel and Christiansen",03/17/2022
636,Berget,Mumbeson,bmumbesonhn@w3.org,Female,2004,Honda,Pilot,Tyler,Texas,75705,US,32.3766,-95.1252,36294,"Farrell, Lindgren and Jaskolski",03/14/2025
637,Christine,Robertelli,crobertelliho@51.la,Female,2006,Jaguar,S-Type,Fargo,North Dakota,58122,US,46.9346,-97.2297,50630,Morissette and Sons,03/17/2025
638,Web,Drinnan,wdrinnanhp@stumbleupon.com,Male,2011,Acura,ZDX,Sacramento,California,95818,US,38.5568,-121.4929,86079,Bins LLC,12/13/2024
639,Merell,Baskerville,mbaskervillehq@shinystat.com,Male,1989,Mitsubishi,Starion,Newton,Massachusetts,02458,US,42.3528,-71.1875,77930,Graham LLC,12/12/2023
640,Barde,Freathy,bfreathyhr@dagondesign.com,Genderqueer,1993,Geo,Tracker,New Haven,Connecticut,06533,US,41.3657,-72.9275,78079,"Pouros, Cormier and Ratke",03/13/2025
641,Lila,Landeaux,llandeauxhs@reddit.com,Female,2001,Chevrolet,Suburban 2500,Austin,Texas,78726,US,30.43,-97.8326,32106,"Franecki, Auer and Stiedemann",06/29/2023
642,Parrnell,Grestye,pgrestyeht@aboutads.info,Male,2006,Toyota,Camry Solara,Evansville,Indiana,47732,US,37.9971,-87.575,53497,Mertz-Hilll,06/14/2023
643,Norman,Whayman,nwhaymanhu@scribd.com,Male,2003,Chevrolet,SSR,Washington,District of Columbia,20062,US,38.9,-77.0369,80350,Wiza and Sons,04/03/2023
644,Alanah,Coventon,acoventonhv@360.cn,Female,1986,Pontiac,Fiero,Dayton,Ohio,45414,US,39.8285,-84.2024,62920,Considine Inc,02/17/2023
645,Blinnie,Desmond,bdesmondhw@dmoz.org,Female,2006,Jaguar,XJ,Cedar Rapids,Iowa,52410,US,42.0794,-91.5992,98931,Davis-Hintz,12/10/2025
646,Kalil,Shillington,kshillingtonhx@ocn.ne.jp,Male,2011,Mitsubishi,Lancer Evolution,Lubbock,Texas,79410,US,33.5693,-101.8904,48464,"Strosin, Kautzer and Stracke",03/24/2022
647,Clovis,Arsnell,carsnellhy@psu.edu,Female,1995,Mazda,MX-5,Newport Beach,California,92662,US,33.6062,-117.8931,49494,McLaughlin-Fahey,12/04/2025
648,Tanner,Clinkard,tclinkardhz@yolasite.com,Male,2011,Buick,LaCrosse,Lexington,Kentucky,40515,US,37.9651,-84.4708,76812,Romaguera-Schmeler,08/25/2023
649,Whitney,Lisimore,wlisimorei0@thetimes.co.uk,Female,2002,Mercedes-Benz,CL-Class,Greenville,South Carolina,29610,US,34.8497,-82.4538,86610,Harris-Champlin,12/04/2024
650,Ada,Gerred,agerredi1@imageshack.us,Female,2008,Infiniti,EX,San Antonio,Texas,78240,US,29.5189,-98.6006,86181,"Jerde, Kuhn and Hyatt",01/23/2024
651,Harley,Norval,hnorvali2@businesswire.com,Female,2011,Aston Martin,V8 Vantage S,Miami,Florida,33175,US,25.7341,-80.4068,79039,"Rath, Koch and Bergnaum",12/22/2025
652,Riane,Tabard,rtabardi3@usda.gov,Female,1988,Volkswagen,Golf,Pensacola,Florida,32526,US,30.4756,-87.3179,31446,"Schulist, Wisoky and Denesik",02/28/2024
653,Rock,Iannazzi,riannazzii4@skyrock.com,Male,1992,Acura,Legend,Saint Louis,Missouri,63169,US,38.6531,-90.2435,73351,"Miller, Jenkins and Schinner",09/06/2025
654,Pavel,Immins,pimminsi5@europa.eu,Male,1994,Lexus,ES,Chicago,Illinois,60636,US,41.776,-87.6674,70836,"Predovic, Feeney and Witting",11/06/2022
655,Joana,Grinsted,jgrinstedi6@tiny.cc,Female,2007,Toyota,Highlander,Danbury,Connecticut,06816,US,41.3089,-73.3637,39256,Frami-Kreiger,11/16/2023
656,Jannelle,O'Regan,joregani7@webs.com,Female,2003,Hummer,H1,Northridge,California,91328,US,33.7866,-118.2987,41018,Quigley-Purdy,09/09/2023
657,Janeen,Crighton,jcrightoni8@google.cn,Female,2003,Kia,Spectra,New York City,New York,10115,US,40.8111,-73.9642,73303,"Lindgren, Hermann and Thompson",09/07/2022
658,Ulrika,Imos,uimosi9@blogs.com,Female,2002,Jeep,Wrangler,Waco,Texas,76711,US,31.5175,-97.1547,30478,"Casper, Ziemann and Ernser",11/27/2024
659,Donia,Denial,ddenialia@arstechnica.com,Agender,1982,Chevrolet,Camaro,Santa Barbara,California,93150,US,34.2628,-119.8486,39700,Gerhold LLC,10/30/2025
660,Nerty,Musto,nmustoib@apple.com,Female,2012,Mercedes-Benz,GLK-Class,Kissimmee,Florida,34745,US,27.9953,-81.2593,36766,Goyette-Greenholt,02/09/2023
661,Demetria,Liquorish,dliquorishic@tripod.com,Female,2003,Mercedes-Benz,G-Class,Washington,District of Columbia,20442,US,38.896,-77.0177,69144,"Gleason, Kiehn and Hamill",08/24/2022
662,Sallee,Jenoure,sjenoureid@prlog.org,Female,1993,Mitsubishi,RVR,Young America,Minnesota,55557,US,44.8055,-93.7665,72227,"Simonis, Schultz and Nader",04/23/2024
663,Prince,Huddart,phuddartie@hubpages.com,Male,1995,Acura,NSX,Kansas City,Missouri,64149,US,38.8606,-94.4636,76625,Stroman-Wiza,05/31/2025
664,Roana,Tattersfield,rtattersfieldif@theatlantic.com,Female,1998,Land Rover,Range Rover,Minneapolis,Minnesota,55428,US,45.0632,-93.3811,58276,Dare-Emmerich,11/06/2024
665,Niko,Scholz,nscholzig@icio.us,Male,2007,Mercedes-Benz,CLK-Class,Washington,District of Columbia,20580,US,38.8933,-77.0146,88610,"Dickinson, Grant and Pouros",08/08/2023
666,Glen,Charke,gcharkeih@ameblo.jp,Female,2005,Kia,Spectra,Toledo,Ohio,43666,US,41.6782,-83.4972,58984,Schroeder-Simonis,06/21/2025
667,Erwin,Simpkins,esimpkinsii@columbia.edu,Male,1994,Plymouth,Colt,Mobile,Alabama,36622,US,30.6589,-88.178,53035,Schowalter-Cormier,09/11/2023
668,Verna,Tarbert,vtarbertij@princeton.edu,Female,2001,Dodge,Neon,Cincinnati,Ohio,45296,US,39.1668,-84.5382,38067,"Conroy, Harris and Leuschke",04/04/2022
669,Der,Tesdale,dtesdaleik@icio.us,Male,2008,Buick,Enclave,Washington,District of Columbia,20470,US,38.8933,-77.0146,82889,"Hoppe, Mann and Padberg",01/23/2025
670,Rafaellle,McGinny,rmcginnyil@blogs.com,Male,2004,Suzuki,Grand Vitara,Salt Lake City,Utah,84170,US,40.6681,-111.9083,63535,Kiehn-Lemke,03/02/2023
671,Ruggiero,Caslett,rcaslettim@ustream.tv,Male,2008,Bentley,Arnage,Baton Rouge,Louisiana,70815,US,30.4558,-91.0596,38803,Johnston Inc,04/17/2024
672,Grazia,Lorant,glorantin@ycombinator.com,Female,1984,Ford,LTD,Miami,Florida,33169,US,25.9441,-80.2144,51318,Botsford-Deckow,05/21/2024
673,Elaine,Evanson,eevansonio@independent.co.uk,Female,2004,Nissan,Altima,Lake Charles,Louisiana,70607,US,30.1244,-93.1835,47831,Hermiston LLC,09/19/2023
674,Emelita,Lippett,elippettip@studiopress.com,Female,2007,Kia,Rondo,Memphis,Tennessee,38119,US,35.0821,-89.8501,98590,"Wisozk, Wolff and Johnston",01/29/2025
675,Jarad,Rapelli,jrapelliiq@360.cn,Male,1997,GMC,Safari,Salt Lake City,Utah,84145,US,40.6681,-111.9083,64671,"Beahan, Bauch and Homenick",09/17/2022
676,Vern,Foxall,vfoxallir@nih.gov,Male,2000,Honda,Accord,Kansas City,Missouri,64160,US,39.2829,-94.409,42070,Schultz-Goodwin,12/28/2024
677,Irina,Trevers,itreversis@engadget.com,Female,1992,Acura,Legend,Peoria,Illinois,61629,US,40.692,-89.5887,61128,"Gutmann, Hegmann and Reinger",08/13/2025
678,Oralle,Gingedale,ogingedaleit@4shared.com,Female,2009,Land Rover,Range Rover,Louisville,Kentucky,40210,US,38.2306,-85.7905,37124,Rowe-Botsford,04/11/2022
679,Fallon,Dominy,fdominyiu@paypal.com,Female,2000,Subaru,Outback,Springfield,Illinois,62776,US,39.7495,-89.606,91276,"Gutmann, Nikolaus and Cremin",04/23/2023
680,Patience,Kivelhan,pkivelhaniv@exblog.jp,Female,2008,Dodge,Durango,Houston,Texas,77005,US,29.7179,-95.4263,66653,Spencer-Borer,10/11/2022
681,Joey,Reekie,jreekieiw@squarespace.com,Male,1999,Volkswagen,GTI,Baltimore,Maryland,21216,US,39.3093,-76.6699,86700,"Kulas, Greenholt and Sanford",02/17/2025
682,Hynda,Marwood,hmarwoodix@slideshare.net,Female,1998,GMC,Jimmy,Trenton,New Jersey,08695,US,40.2805,-74.712,44909,Stamm-Barton,10/17/2023
683,Walden,Klimkov,wklimkoviy@liveinternet.ru,Male,2003,Buick,LeSabre,Oklahoma City,Oklahoma,73142,US,35.599,-97.6251,50899,Welch LLC,08/07/2025
684,Wilden,Goodship,wgoodshipiz@bbb.org,Male,1994,Ford,Explorer,New Orleans,Louisiana,70179,US,30.033,-89.8826,68627,Goodwin LLC,09/26/2023
685,Chevalier,Meenan,cmeenanj0@dropbox.com,Male,1986,Pontiac,Fiero,Salt Lake City,Utah,84152,US,40.7286,-111.6627,92065,Mante Group,05/31/2023
686,Imogene,Copperwaite,icopperwaitej1@lulu.com,Female,2011,Lexus,HS,Jackson,Tennessee,38308,US,35.6124,-88.8412,96961,Hauck-Legros,09/23/2022
687,Lou,Agott,lagottj2@artisteer.com,Female,2006,Volvo,S40,El Paso,Texas,79989,US,31.6948,-106.3,44189,Beer and Sons,05/26/2022
688,Moise,Huggett,mhuggettj3@qq.com,Male,1972,Pontiac,Grand Prix,Detroit,Michigan,48232,US,42.2399,-83.1508,54295,Little Group,10/28/2023
689,Gayleen,Kerrane,gkerranej4@zimbio.com,Female,1993,Saab,900,Mobile,Alabama,36641,US,30.6589,-88.178,64375,Abernathy-Kshlerin,08/04/2023
690,Tera,Hixley,thixleyj5@eepurl.com,Female,1988,Acura,Legend,Topeka,Kansas,66629,US,39.0429,-95.7697,75946,Kozey and Sons,01/13/2025
691,Tamarra,Bryers,tbryersj6@guardian.co.uk,Polygender,1995,Buick,Coachbuilder,Reno,Nevada,89595,US,40.5412,-119.5869,38913,Wilderman-Reynolds,02/19/2024
692,Sammie,Ringrose,sringrosej7@mapy.cz,Male,2011,Audi,R8,Iowa City,Iowa,52245,US,41.6649,-91.5151,90897,"Howell, Breitenberg and Huel",07/27/2022
693,Stephanus,Ducker,sduckerj8@soundcloud.com,Male,2006,Mazda,MPV,Clearwater,Florida,34615,US,27.9843,-82.7813,90374,Corwin and Sons,01/27/2025
694,Saul,Eldridge,seldridgej9@live.com,Male,2009,Maserati,GranTurismo,Independence,Missouri,64054,US,39.11,-94.4401,30219,Terry-Hyatt,10/27/2025
695,Farah,Millis,fmillisja@blog.com,Female,1993,Mercedes-Benz,W201,Rockville,Maryland,20851,US,39.0763,-77.1234,32520,Vandervort and Sons,10/19/2025
696,Deana,Danforth,ddanforthjb@miitbeian.gov.cn,Female,1999,Lincoln,Town Car,Atlanta,Georgia,31190,US,33.7629,-84.4226,90911,Abshire Inc,05/23/2022
697,Carina,Siley,csileyjc@elegantthemes.com,Female,2011,Nissan,Quest,New Orleans,Louisiana,70154,US,30.033,-89.8826,79362,"Morissette, O'Connell and Lang",12/21/2023
698,Ketti,Ilymanov,kilymanovjd@simplemachines.org,Genderqueer,2009,Infiniti,M,Lubbock,Texas,79405,US,33.571,-101.8507,30298,"Lemke, Pagac and Pagac",10/31/2023
699,Erie,Sodory,esodoryje@nhs.uk,Male,1995,Honda,Odyssey,Washington,District of Columbia,20425,US,38.8933,-77.0146,58173,"Collier, Schneider and Kuphal",08/31/2024
700,Glynnis,Gerrett,ggerrettjf@studiopress.com,Female,2012,Hyundai,Santa Fe,Odessa,Texas,79769,US,31.7466,-102.567,33348,"King, Stamm and Okuneva",03/02/2023
701,Lindsy,MacGeaney,lmacgeaneyjg@phpbb.com,Female,2000,Saab,9-3,Louisville,Kentucky,40266,US,38.189,-85.6768,93753,"Wuckert, Smith and Gorczany",09/07/2024
702,Edythe,Giannazzo,egiannazzojh@shop-pro.jp,Female,2010,Land Rover,Defender Ice Edition,Baton Rouge,Louisiana,70805,US,30.486,-91.1481,90101,Strosin-Torphy,02/19/2022
703,Lazare,Howkins,lhowkinsji@technorati.com,Male,1993,Mercedes-Benz,600SEC,Corona,California,92883,US,33.7541,-117.474,39468,Kunde-Rippin,03/04/2022
704,Ash,Huggens,ahuggensjj@woothemes.com,Male,2003,Hyundai,Sonata,Cincinnati,Ohio,45223,US,39.1696,-84.5478,78862,Hoppe-Hodkiewicz,05/21/2025
705,Bary,Dye,bdyejk@loc.gov,Male,2008,Mazda,RX-8,Dallas,Texas,75353,US,32.7673,-96.7776,64027,Mills-Schoen,04/22/2022
706,Uriah,Legen,ulegenjl@linkedin.com,Male,1997,Honda,del Sol,Huntsville,Alabama,35895,US,34.734,-86.5229,72895,Casper-Ledner,06/11/2025
707,Ham,Henrych,hhenrychjm@quantcast.com,Male,2005,Mercury,Mariner,Newport News,Virginia,23605,US,37.0156,-76.4332,68707,Swaniawski LLC,05/28/2022
708,Suzann,Necrews,snecrewsjn@businessweek.com,Female,2007,Mercedes-Benz,CL-Class,Missoula,Montana,59806,US,47.116,-114.0498,66776,Quigley Inc,01/20/2025
709,Olia,Charnley,ocharnleyjo@seattletimes.com,Female,1998,Chevrolet,Astro,Helena,Montana,59623,US,46.5901,-112.0402,31775,Hodkiewicz LLC,03/03/2025
710,Tucky,Minto,tmintojp@youku.com,Male,1987,Mitsubishi,Mirage,Chicago,Illinois,60663,US,41.8119,-87.6873,97144,Kozey-Waters,07/22/2023
711,Myrwyn,Cuthbert,mcuthbertjq@cisco.com,Male,1995,Ford,Explorer,Birmingham,Alabama,35263,US,33.5225,-86.8094,95885,"Klein, Blanda and Nicolas",11/27/2023
712,Hamil,Greenacre,hgreenacrejr@ucsd.edu,Male,2006,Hyundai,Tucson,Montgomery,Alabama,36114,US,32.404,-86.2539,37070,Swift-Mayert,03/10/2022
713,Kellby,Elce,kelcejs@arstechnica.com,Male,2003,Chevrolet,Silverado,Jamaica,New York,11447,US,40.6914,-73.8061,80592,Hilpert Inc,12/11/2022
714,Gunar,Munby,gmunbyjt@comcast.net,Male,2003,Ford,F150,El Paso,Texas,88579,US,31.6948,-106.3,53943,Romaguera-Rogahn,10/21/2023
715,Dalton,Oloman,dolomanju@mapquest.com,Male,2000,Dodge,Neon,Biloxi,Mississippi,39534,US,30.4067,-88.9211,42171,"Little, Gleichner and Hyatt",10/19/2024
716,Leeland,McOwen,lmcowenjv@cornell.edu,Male,1990,Audi,90,El Paso,Texas,79999,US,31.6948,-106.3,49680,Thompson-Armstrong,04/27/2023
717,Joyce,Astill,jastilljw@4shared.com,Female,1974,Ford,Mustang,Fullerton,California,92640,US,33.7862,-117.9309,61494,Hahn-Olson,02/28/2024
718,Palmer,Amberger,pambergerjx@upenn.edu,Male,1995,Ford,F-Series,Phoenix,Arizona,85083,US,33.7352,-112.1294,47421,Zboncak-Little,12/06/2022
719,Wilow,Aartsen,waartsenjy@youtube.com,Female,1998,Oldsmobile,LSS,Lafayette,Louisiana,70593,US,30.2081,-92.0951,47901,Hills-Torphy,09/10/2024
720,Goddard,Lille,glillejz@aol.com,Male,2003,Pontiac,Sunfire,Washington,District of Columbia,20205,US,38.905,-77.0162,49576,"Block, Paucek and Anderson",04/30/2022
721,Zelig,Applegate,zapplegatek0@is.gd,Male,2006,Lexus,SC,Seattle,Washington,98140,US,47.4323,-121.8034,68564,"Dickinson, Quigley and Baumbach",05/28/2023
722,Bjorn,Warboys,bwarboysk1@omniture.com,Male,2004,Nissan,Xterra,West Palm Beach,Florida,33416,US,26.6654,-80.0929,88538,"Boehm, Hoeger and Keebler",02/09/2022
723,Wilmette,Diglin,wdiglink2@reuters.com,Female,2004,Maserati,Spyder,Cedar Rapids,Iowa,52405,US,41.9804,-91.7098,64451,Quitzon LLC,04/10/2025
724,Hedy,Rangle,hranglek3@goo.ne.jp,Female,2000,GMC,Sierra 3500,Odessa,Texas,79764,US,31.8767,-102.4375,97241,Crona Inc,06/07/2025
725,Teddie,Wybron,twybronk4@webmd.com,Male,1997,Nissan,Altima,Charlotte,North Carolina,28284,US,35.26,-80.8042,93137,Labadie Group,03/01/2023
726,Nicola,Larose,nlarosek5@discuz.net,Male,1998,Volvo,S90,Omaha,Nebraska,68117,US,41.2064,-95.9953,33791,Padberg Group,09/27/2022
727,Job,Gwynn,jgwynnk6@mapquest.com,Male,1992,Toyota,Xtra,Milwaukee,Wisconsin,53215,US,43.006,-87.9429,51722,"Boyer, Gislason and Ziemann",08/14/2023
728,Cello,Pahl,cpahlk7@tinyurl.com,Male,1998,GMC,1500 Club Coupe,Norfolk,Virginia,23504,US,36.8586,-76.2686,77927,Mohr-Champlin,11/23/2022
729,Ephrayim,Sowerby,esowerbyk8@tinypic.com,Male,1999,Nissan,Altima,Dallas,Texas,75246,US,32.7948,-96.7697,75504,Labadie-Donnelly,10/02/2025
730,Maribelle,Jacobowitz,mjacobowitzk9@google.de,Female,2003,Ford,Thunderbird,Harrisburg,Pennsylvania,17110,US,40.303,-76.8862,47781,Feeney LLC,08/13/2023
731,Todd,O'Reilly,toreillyka@utexas.edu,Male,2001,Mitsubishi,Challenger,Washington,District of Columbia,20414,US,38.884,-77.0221,45912,Johnson LLC,06/06/2025
732,Courtnay,Vivian,cviviankb@etsy.com,Genderqueer,1993,Chevrolet,Suburban 1500,Cleveland,Ohio,44111,US,41.4571,-81.7844,76579,Towne Group,07/03/2024
733,Blaire,Jakeman,bjakemankc@eepurl.com,Female,2004,Toyota,Corolla,Macon,Georgia,31205,US,32.8067,-83.6913,85185,Cruickshank LLC,10/19/2022
734,Cilka,McGow,cmcgowkd@statcounter.com,Female,2000,Toyota,Avalon,Detroit,Michigan,48217,US,42.2719,-83.1545,33589,"Gorczany, Batz and Halvorson",12/17/2022
735,Bronny,Roselli,brosellike@gmpg.org,Male,2009,Chevrolet,Aveo,Miami,Florida,33124,US,25.5584,-80.4582,61888,"Schuppe, Larson and Gleichner",05/07/2022
736,Adriano,Ciobutaro,aciobutarokf@bbb.org,Male,2008,Ferrari,599 GTB Fiorano,Chicago,Illinois,60697,US,41.8119,-87.6873,49828,Williamson Inc,04/03/2023
737,Nolana,Tzar,ntzarkg@weather.com,Female,1997,Land Rover,Discovery,Detroit,Michigan,48275,US,42.2399,-83.1508,36124,"Bergstrom, Klocko and Ullrich",02/11/2023
738,Beryle,Wrotchford,bwrotchfordkh@google.de,Female,2001,Dodge,Ram 3500,Columbia,Missouri,65211,US,38.9033,-92.1022,72293,Schroeder Group,07/01/2023
739,Robby,Striker,rstrikerki@dmoz.org,Male,1993,Subaru,SVX,Boise,Idaho,83716,US,43.5345,-115.9711,94199,"Kassulke, Jaskolski and Hilpert",03/17/2022
740,Kenn,Gladwell,kgladwellkj@time.com,Male,1994,Mitsubishi,Precis,Spartanburg,South Carolina,29319,US,34.8882,-81.969,50938,"Gerhold, Spencer and Beahan",05/16/2024
741,Madison,Ingledow,mingledowkk@cbc.ca,Male,1995,Ford,Econoline E250,Dayton,Ohio,45408,US,39.7395,-84.229,46459,Mayer Group,03/17/2024
742,Yehudi,Feeney,yfeeneykl@diigo.com,Male,2003,Ford,Thunderbird,Salt Lake City,Utah,84170,US,40.6681,-111.9083,41486,"Runolfsson, Mosciski and Aufderhar",08/08/2025
743,Martelle,Welden,mweldenkm@admin.ch,Genderqueer,1977,Ford,Thunderbird,Washington,District of Columbia,20397,US,38.9164,-76.9948,98365,Wintheiser-Schowalter,09/22/2025
744,Colan,Caras,ccaraskn@dailymail.co.uk,Male,1995,Land Rover,Discovery,Colorado Springs,Colorado,80945,US,38.8247,-104.562,48630,Ullrich Inc,11/08/2025
745,Joana,Paulino,jpaulinoko@webeden.co.uk,Female,1989,Pontiac,LeMans,San Francisco,California,94169,US,37.7848,-122.7278,34602,Farrell and Sons,04/28/2025
746,Maia,Lewerenz,mlewerenzkp@stumbleupon.com,Female,1993,Plymouth,Sundance,Montpelier,Vermont,05609,US,44.2595,-72.585,30493,Stamm Inc,08/17/2024
747,Sonia,Breem,sbreemkq@cnbc.com,Female,2008,Land Rover,Range Rover Sport,San Antonio,Texas,78265,US,29.4375,-98.4616,91309,Schultz-McLaughlin,01/05/2025
748,Prescott,Ayliff,payliffkr@typepad.com,Polygender,1993,Nissan,Altima,New York City,New York,10009,US,40.7262,-73.9796,43489,Stamm Group,05/24/2023
749,Yul,Dirr,ydirrks@marriott.com,Bigender,2007,Land Rover,LR3,Oakland,California,94616,US,37.8044,-122.2698,86862,Farrell-Okuneva,10/27/2024
750,Eulalie,Vedyaev,evedyaevkt@smugmug.com,Female,1987,Chevrolet,Corvette,San Francisco,California,94164,US,37.7848,-122.7278,35532,"McKenzie, Mills and Kassulke",05/16/2023
751,Heindrick,Stein,hsteinku@parallels.com,Non-binary,1992,Cadillac,Fleetwood,Washington,District of Columbia,20036,US,38.9087,-77.0414,82876,Dibbert and Sons,07/15/2024
752,Haley,Karolyi,hkarolyikv@imgur.com,Male,1990,Pontiac,Grand Am,Saint Louis,Missouri,63126,US,38.5495,-90.3811,41475,Larson Inc,12/07/2023
753,Valida,Rubinowitsch,vrubinowitschkw@answers.com,Bigender,1994,Cadillac,Fleetwood,Omaha,Nebraska,68110,US,41.2933,-95.9361,48516,"Bode, Schowalter and Jones",07/22/2023
754,Bel,Shelvey,bshelveykx@typepad.com,Female,1994,Lexus,GS,Wilkes Barre,Pennsylvania,18763,US,41.2722,-75.8801,94186,Veum-Friesen,10/27/2024
755,Mord,Ziemens,mziemensky@narod.ru,Male,1993,Buick,Century,San Francisco,California,94110,US,37.7509,-122.4153,50319,Lubowitz Inc,07/11/2022
756,Daniela,Lochrie,dlochriekz@dagondesign.com,Female,1997,Audi,Cabriolet,Norfolk,Virginia,23520,US,36.9312,-76.2397,32289,"Dietrich, Brakus and Hessel",03/25/2023
757,Letitia,Devigne,ldevignel0@redcross.org,Female,2002,Mercedes-Benz,SL-Class,Gulfport,Mississippi,39505,US,30.4158,-89.0684,77724,"Wyman, Bernhard and McCullough",10/27/2024
758,Carver,Radin,cradinl1@bbb.org,Male,1986,Lincoln,Continental Mark VII,Richmond,Virginia,23237,US,37.4011,-77.4615,52912,"Hills, Reilly and Hyatt",09/10/2022
759,Valentijn,Smoote,vsmootel2@whitehouse.gov,Male,2010,Hyundai,Accent,Saginaw,Michigan,48604,US,43.4732,-83.9514,51523,Mayert-Quigley,06/28/2023
760,Hastie,Bastable,hbastablel3@artisteer.com,Male,1999,Nissan,Altima,Tucson,Arizona,85743,US,32.3366,-111.1771,65188,"Lowe, Mraz and Schiller",11/05/2025
761,Millisent,Doudney,mdoudneyl4@dion.ne.jp,Female,2009,Cadillac,CTS-V,Atlanta,Georgia,31196,US,33.8444,-84.474,48954,"Wiza, Altenwerth and Jast",10/22/2022
762,Jakob,Follin,jfollinl5@purevolume.com,Male,2004,Pontiac,Bonneville,Amarillo,Texas,79182,US,35.4015,-101.8951,59530,Homenick Inc,12/08/2023
763,Breanne,Hembling,bhemblingl6@wordpress.org,Female,2004,Isuzu,Axiom,Cleveland,Ohio,44177,US,41.6857,-81.6728,80032,"Nienow, Ferry and Fay",06/25/2024
764,Freda,Harlick,fharlickl7@theatlantic.com,Female,2011,Toyota,Land Cruiser,Pittsburgh,Pennsylvania,15215,US,40.5048,-79.9138,60819,Jaskolski-Davis,11/03/2024
765,Ulises,Rameau,urameaul8@multiply.com,Male,2002,Mitsubishi,Diamante,Long Beach,California,90810,US,33.8193,-118.2325,69718,Bode-Heaney,01/01/2026
766,Matteo,Riediger,mriedigerl9@loc.gov,Male,2001,Cadillac,Eldorado,Topeka,Kansas,66617,US,39.1271,-95.6384,79866,Effertz LLC,01/03/2023
767,Alec,Foard,afoardla@shutterfly.com,Male,2008,Ferrari,430 Scuderia,Bridgeport,Connecticut,06606,US,41.2091,-73.2086,39443,Roob Inc,01/15/2026
768,Ibbie,Benne,ibennelb@scientificamerican.com,Female,1998,BMW,Z3,Bakersfield,California,93399,US,35.4369,-119.0679,88304,"Kling, Windler and Zboncak",10/24/2024
769,Basil,Haythorn,bhaythornlc@tumblr.com,Male,1994,Mitsubishi,Pajero,Oakland,California,94622,US,37.799,-122.2337,39857,Hackett-Langworth,04/06/2022
770,Edyth,Speedin,espeedinld@prweb.com,Female,2002,Chrysler,Concorde,Chicago,Illinois,60619,US,41.7458,-87.6054,99601,Hahn-Lind,02/13/2023
771,Coreen,Georgeau,cgeorgeaule@delicious.com,Female,2007,Dodge,Durango,Richmond,Virginia,23260,US,37.5242,-77.4932,91317,"Schinner, Pagac and Schoen",08/24/2023
772,Conrad,Diviny,cdivinylf@alexa.com,Male,2011,Chevrolet,Suburban 2500,Springfield,Illinois,62705,US,39.7495,-89.606,66440,"Auer, Von and Breitenberg",11/11/2024
773,Lombard,Vanyukhin,lvanyukhinlg@histats.com,Male,2013,Porsche,Panamera,New Haven,Connecticut,06533,US,41.3657,-72.9275,64772,"Kuhn, Lebsack and Kautzer",01/13/2025
774,Katharina,Tineman,ktinemanlh@ucoz.com,Female,2000,Mitsubishi,Eclipse,Saint Louis,Missouri,63150,US,38.6531,-90.2435,39718,"Reinger, Stanton and Mante",02/15/2024
775,Thorn,Humes,thumesli@rambler.ru,Male,2005,Mercury,Montego,Savannah,Georgia,31405,US,32.0391,-81.1242,36158,Pfannerstill Group,01/25/2025
776,Arlie,Lennie,alennielj@storify.com,Female,2008,Kia,Rio5,El Paso,Texas,88569,US,31.6948,-106.3,51614,Terry and Sons,04/08/2023
777,Barret,Vanlint,bvanlintlk@php.net,Male,2005,Honda,Civic Si,San Jose,California,95108,US,37.3378,-121.8908,90118,"Roberts, Schinner and Funk",08/15/2025
778,Marve,Meace,mmeacell@moonfruit.com,Male,1986,Ford,Ranger,Philadelphia,Pennsylvania,19109,US,39.9496,-75.1637,35612,Purdy Inc,04/27/2023
779,Datha,Savill,dsavilllm@nature.com,Female,2006,Ford,Ranger,Montgomery,Alabama,36125,US,32.2334,-86.2085,78262,"Hirthe, Beahan and West",11/25/2025
780,Damita,Dymick,ddymickln@examiner.com,Female,1993,Volkswagen,Golf III,Garden Grove,California,92645,US,33.783,-118.0256,66912,Lynch-Hamill,06/01/2022
781,Aristotle,Curryer,acurryerlo@ezinearticles.com,Male,2001,Nissan,Quest,Vancouver,Washington,98682,US,45.6644,-122.5212,63420,"Pfeffer, Collier and Rolfson",03/23/2024
782,Ramsey,Ragless,rraglesslp@1688.com,Agender,1999,Dodge,Ram Van 1500,Kansas City,Missouri,64101,US,39.1024,-94.5986,44973,Heller Inc,07/04/2025
783,Jodi,Leonarde,jleonardelq@histats.com,Female,2002,Chevrolet,Suburban 2500,Dallas,Texas,75216,US,32.7086,-96.7955,55321,"Champlin, Franecki and McClure",02/20/2025
784,Starla,Brauninger,sbrauningerlr@unc.edu,Female,2009,Lincoln,MKX,Tucson,Arizona,85720,US,31.9701,-111.8907,93977,Bernier-Luettgen,05/08/2022
785,Darin,Twelve,dtwelvels@toplist.cz,Male,2006,Nissan,Titan,Seattle,Washington,98140,US,47.4323,-121.8034,34749,Pagac and Sons,02/27/2023
786,Cristine,Camoletto,ccamolettolt@canalblog.com,Female,2004,Mazda,Tribute,Kansas City,Missouri,64187,US,39.035,-94.3567,32111,McClure Inc,04/30/2023
787,Cliff,Kee,ckeelu@shareasale.com,Male,1990,Ford,Mustang,Houston,Texas,77045,US,29.6297,-95.4382,53513,Ruecker-Kemmer,01/13/2025
788,Skip,Sweatland,ssweatlandlv@narod.ru,Male,2003,Jeep,Grand Cherokee,Miami,Florida,33175,US,25.7341,-80.4068,98347,"Crist, Pacocha and Mante",02/07/2022
789,Timi,Inglesant,tinglesantlw@amazon.com,Female,2004,Ford,Windstar,Shreveport,Louisiana,71130,US,32.6076,-93.7526,51988,"Schowalter, Adams and Greenholt",07/12/2023
790,Gladi,Songest,gsongestlx@a8.net,Female,2012,GMC,Yukon XL 1500,Evansville,Indiana,47732,US,37.9971,-87.575,52872,Crooks Inc,08/23/2024
791,Eulalie,Crayk,ecraykly@europa.eu,Female,2008,Lexus,IS F,Norfolk,Virginia,23514,US,36.9312,-76.2397,84333,"Kshlerin, Gleason and Goyette",05/23/2023
792,Gaby,Issacov,gissacovlz@homestead.com,Female,2008,Mazda,MX-5,Los Angeles,California,90081,US,33.7866,-118.2987,38374,Hessel LLC,12/17/2023
793,Ursula,Croxley,ucroxleym0@liveinternet.ru,Polygender,2008,GMC,Sierra 3500,Fresno,California,93715,US,36.7464,-119.6397,88825,"O'Hara, Mosciski and Becker",02/16/2022
794,Morganica,Mccaull,mmccaullm1@seattletimes.com,Female,2008,Toyota,Land Cruiser,Montpelier,Vermont,05609,US,44.2595,-72.585,86754,"Vandervort, Heaney and Gleichner",12/28/2024
795,Chicky,Proctor,cproctorm2@tripadvisor.com,Male,1987,Audi,5000S,Tulsa,Oklahoma,74108,US,36.1499,-95.7923,72864,MacGyver LLC,06/23/2025
796,Marlena,Gaylord,mgaylordm3@nature.com,Genderfluid,2003,Porsche,911,Virginia Beach,Virginia,23454,US,36.8282,-76.0237,66822,Wehner and Sons,10/23/2022
797,Glynn,Dabell,gdabellm4@biglobe.ne.jp,Male,2012,Acura,TSX,Peoria,Illinois,61640,US,40.7857,-89.6177,63422,"Conn, Sipes and Schinner",07/10/2022
798,Isaak,Matushevitz,imatushevitzm5@chronoengine.com,Male,2009,Honda,CR-V,Pueblo,Colorado,81010,US,38.1286,-104.5523,50655,Stracke-Lemke,02/01/2023
799,Fidela,Castanone,fcastanonem6@behance.net,Female,2005,Mercury,Sable,Richmond,Virginia,23213,US,37.5593,-77.4471,99532,Pacocha-Becker,05/26/2024
800,Edvard,Dowdle,edowdlem7@posterous.com,Male,2002,Ford,F-Series,Toledo,Ohio,43615,US,41.6492,-83.6706,81425,"Harber, Paucek and Lynch",12/04/2023
801,Allison,Symons,asymonsm8@cornell.edu,Female,2004,Toyota,4Runner,Falls Church,Virginia,22047,US,38.8318,-77.2888,33860,Turner LLC,01/22/2023
802,Jeremiah,Binyon,jbinyonm9@google.co.uk,Male,1994,Volkswagen,Passat,Gaithersburg,Maryland,20883,US,39.0883,-77.1568,69188,Rippin-Gibson,08/14/2023
803,Carree,McCarver,cmccarverma@time.com,Female,1983,Pontiac,6000,Jackson,Tennessee,38308,US,35.6124,-88.8412,66433,Bernhard and Sons,01/06/2026
804,Abra,Hixson,ahixsonmb@xing.com,Female,2009,Mercedes-Benz,M-Class,Tucson,Arizona,85715,US,32.2519,-110.82,85050,"Greenfelder, Glover and Lakin",06/08/2024
805,Sal,Gobourn,sgobournmc@t-online.de,Female,2003,Audi,A6,El Paso,Texas,79916,US,31.7444,-106.2879,41107,"Okuneva, Gusikowski and Breitenberg",08/10/2023
806,Matthias,Pardey,mpardeymd@stanford.edu,Polygender,1999,Mercury,Tracer,Omaha,Nebraska,68105,US,41.2435,-95.9629,72435,Larkin Group,07/26/2024
807,Gabbie,Loges,glogesme@nhs.uk,Male,2001,Chevrolet,Lumina,New Orleans,Louisiana,70165,US,30.033,-89.8826,37490,"Kautzer, Douglas and Leannon",11/07/2023
808,Teriann,Schrader,tschradermf@blogger.com,Female,2003,Toyota,Land Cruiser,Atlanta,Georgia,30306,US,33.786,-84.3514,89143,Feest-Rosenbaum,04/19/2022
809,Dallas,Dakers,ddakersmg@com.com,Polygender,1983,Volkswagen,Golf,Houston,Texas,77223,US,29.834,-95.4342,73193,"Wyman, Emard and Gislason",12/10/2022
810,Benedicta,McCarlich,bmccarlichmh@webmd.com,Female,2001,Chrysler,300M,Farmington,Michigan,48335,US,42.4617,-83.4053,31893,Heaney LLC,11/04/2025
811,Masha,Katte,mkattemi@issuu.com,Female,2002,Mercedes-Benz,G-Class,Wilmington,North Carolina,28405,US,34.2651,-77.867,42089,"Stiedemann, Hane and Lemke",02/02/2025
812,Erv,Stritton,estrittonmj@hatena.ne.jp,Genderqueer,2011,Chrysler,300,El Paso,Texas,88514,US,31.6948,-106.3,76921,Lockman Group,06/12/2024
813,Truda,Boughey,tbougheymk@topsy.com,Female,2010,Volvo,S60,Tucson,Arizona,85748,US,32.215,-110.7758,56603,Green-Stracke,04/15/2022
814,Tomaso,Kleinfeld,tkleinfeldml@blog.com,Male,1998,Isuzu,Rodeo,Tacoma,Washington,98481,US,47.0662,-122.1132,58842,"Greenfelder, Rowe and Murray",08/11/2024
815,Peterus,Ainge,paingemm@angelfire.com,Male,2008,Scion,xB,Salt Lake City,Utah,84145,US,40.6681,-111.9083,95527,Glover-Denesik,03/23/2024
816,Esther,Valsler,evalslermn@sourceforge.net,Female,2007,Aston Martin,DB9,Fresno,California,93750,US,36.7464,-119.6397,72106,Blick-Cormier,05/11/2023
817,Dicky,Stronge,dstrongemo@nps.gov,Male,1998,GMC,1500 Club Coupe,Stamford,Connecticut,06922,US,41.0516,-73.5143,61663,Fay Inc,03/06/2025
818,Emmanuel,Brabon,ebrabonmp@oaic.gov.au,Male,1986,Subaru,Brat,Columbus,Ohio,43268,US,39.969,-83.0114,97505,"Harvey, O'Conner and Ankunding",06/11/2022
819,Tamas,Mollin,tmollinmq@si.edu,Male,2000,Volkswagen,Jetta,Decatur,Georgia,30033,US,33.8123,-84.2819,99714,Stiedemann and Sons,05/05/2022
820,Marilyn,Warrior,mwarriormr@php.net,Female,1986,Honda,Accord,Miami,Florida,33190,US,25.5593,-80.3483,41767,Bogan Inc,05/01/2023
821,Henryetta,Kennard,hkennardms@squarespace.com,Female,1998,Toyota,Sienna,Saint Louis,Missouri,63196,US,38.6531,-90.2435,65387,Schiller Inc,01/30/2022
822,Mitchell,Pattisson,mpattissonmt@ft.com,Male,2013,Hyundai,Genesis Coupe,Detroit,Michigan,48275,US,42.2399,-83.1508,95116,"Fritsch, Fay and Stracke",04/27/2024
823,Vincenty,Lafuente,vlafuentemu@hugedomains.com,Male,1992,Mazda,Miata MX-5,Colorado Springs,Colorado,80951,US,38.8881,-104.6556,32420,Hammes and Sons,11/21/2023
824,Reinaldos,Buttfield,rbuttfieldmv@usgs.gov,Male,2012,Audi,A7,Loretto,Minnesota,55598,US,45.0159,-93.4719,40078,Spencer Group,04/06/2022
825,Layne,Titherington,ltitheringtonmw@blogspot.com,Female,2008,Ferrari,430 Scuderia,Richmond,Virginia,23242,US,37.5313,-77.4161,74619,Reichert Inc,04/17/2025
826,Trenna,Tows,ttowsmx@slate.com,Female,1997,Suzuki,Esteem,San Jose,California,95118,US,37.2568,-121.8896,47094,"Jerde, Ziemann and Welch",04/25/2023
827,Wadsworth,Jenny,wjennymy@moonfruit.com,Male,1984,Buick,Skyhawk,Pasadena,Texas,77505,US,29.6518,-95.1464,42614,Kulas LLC,11/14/2023
828,Evangelia,Speaks,espeaksmz@cargocollective.com,Female,2008,Chevrolet,Suburban,Elizabeth,New Jersey,07208,US,40.6747,-74.2239,36391,Stark LLC,07/15/2024
829,Giffie,Eede,geeden0@photobucket.com,Male,2008,Dodge,Ram 3500,Baton Rouge,Louisiana,70805,US,30.486,-91.1481,46989,Simonis Group,08/25/2024
830,Carr,Breznovic,cbreznovicn1@fda.gov,Male,2000,Chevrolet,Prizm,San Francisco,California,94116,US,37.7441,-122.4863,42564,Krajcik and Sons,11/19/2022
831,Agathe,Blackie,ablackien2@admin.ch,Female,1995,Ford,Aspire,Tacoma,Washington,98464,US,47.0662,-122.1132,61994,O'Reilly LLC,06/11/2023
832,Buddy,Haselden,bhaseldenn3@ovh.net,Male,2009,Chevrolet,Colorado,Miami Beach,Florida,33141,US,25.8486,-80.1446,65875,Kreiger Group,03/27/2024
833,Winfred,Burnip,wburnipn4@etsy.com,Male,2000,Ford,Crown Victoria,Miami,Florida,33124,US,25.5584,-80.4582,81464,"Sawayn, Borer and Hirthe",07/22/2022
834,Tracey,Bark,tbarkn5@artisteer.com,Polygender,2011,Lincoln,MKX,Detroit,Michigan,48217,US,42.2719,-83.1545,81633,Corkery and Sons,09/14/2023
835,Maxwell,Smithson,msmithsonn6@sfgate.com,Genderfluid,1989,Pontiac,Firebird,Eugene,Oregon,97405,US,44.0185,-123.0998,39032,Johns Inc,07/12/2025
836,Bari,Annice,bannicen7@howstuffworks.com,Female,1991,Maserati,Spyder,El Paso,Texas,79955,US,31.6948,-106.3,63592,"Aufderhar, D'Amore and Lubowitz",02/23/2022
837,Torey,Radnedge,tradnedgen8@scientificamerican.com,Male,2009,Pontiac,G3,Saint Louis,Missouri,63167,US,38.6383,-90.4271,96430,Kling-White,06/11/2025
838,Alexandr,Weond,aweondn9@1und1.de,Male,2001,Cadillac,Eldorado,Atlanta,Georgia,30306,US,33.786,-84.3514,80073,Koch LLC,06/16/2023
839,Jenna,Sadlier,jsadlierna@booking.com,Female,1985,Porsche,911,Austin,Texas,78749,US,30.2166,-97.8508,40513,Barrows Group,07/03/2022
840,Adolph,Lucas,alucasnb@simplemachines.org,Male,2007,Rolls-Royce,Phantom,Worcester,Massachusetts,01610,US,42.2492,-71.8108,38126,Leuschke and Sons,03/15/2022
841,Emlyn,Marley,emarleync@who.int,Male,2005,Chrysler,Crossfire,Greensboro,North Carolina,27499,US,36.0807,-80.0244,42829,Lueilwitz-Kihn,02/17/2025
842,Janie,Riach,jriachnd@infoseek.co.jp,Female,2003,Kia,Rio,Birmingham,Alabama,35290,US,33.5446,-86.9292,63864,Hudson-Bode,01/18/2023
843,Philip,McGairl,pmcgairlne@infoseek.co.jp,Male,1989,Porsche,944,Mountain View,California,94042,US,37.1894,-121.7053,61769,Konopelski-Nitzsche,03/02/2024
844,Fidela,Fitzpayn,ffitzpaynnf@chicagotribune.com,Female,1997,Saab,9000,Houston,Texas,77266,US,29.834,-95.4342,93476,Schuster and Sons,07/17/2025
845,Maurise,McKeller,mmckellerng@hao123.com,Male,2006,Mazda,MPV,El Paso,Texas,88553,US,31.6948,-106.3,49570,"Murazik, Torphy and Turner",04/18/2024
846,Iain,Blanchard,iblanchardnh@google.es,Male,2007,GMC,Sierra,Kansas City,Kansas,66160,US,39.0966,-94.7495,81753,Schimmel Inc,09/06/2024
847,Inness,Abisetti,iabisettini@reuters.com,Male,1999,Dodge,Dakota,Tampa,Florida,33605,US,27.9671,-82.4334,97650,Rau LLC,06/02/2022
848,Nikolas,Skeates,nskeatesnj@amazon.de,Male,1973,Chevrolet,Corvette,Waltham,Massachusetts,02453,US,42.3654,-71.2316,82370,Dickens-Leffler,03/03/2022
849,Zonnya,Rudgard,zrudgardnk@addtoany.com,Female,2010,Toyota,Highlander,Richmond,Virginia,23203,US,37.5593,-77.4471,92671,"Schneider, Fay and Swift",12/23/2023
850,Verina,Paulet,vpauletnl@163.com,Female,2004,Audi,S4,Peoria,Illinois,61640,US,40.7857,-89.6177,93602,"Steuber, Bernhard and Schimmel",07/01/2024
851,Lorrie,Baldam,lbaldamnm@plala.or.jp,Male,2004,Infiniti,M,El Paso,Texas,79945,US,31.6948,-106.3,33318,"Rau, Von and Von",03/08/2025
852,Shina,Logan,slogannn@issuu.com,Female,1993,Honda,Accord,Omaha,Nebraska,68105,US,41.2435,-95.9629,50562,"Hermann, Grant and Dicki",04/06/2024
853,Goldarina,Blayd,gblaydno@hostgator.com,Female,1994,Audi,100,Spartanburg,South Carolina,29305,US,35.1114,-82.1055,89343,Wisozk-Reynolds,05/11/2025
854,Grace,Canwell,gcanwellnp@deliciousdays.com,Male,2003,Lotus,Esprit,Atlanta,Georgia,31196,US,33.8444,-84.474,74523,Baumbach Inc,07/24/2024
855,Pancho,Deeny,pdeenynq@tripod.com,Male,1990,Mercury,Grand Marquis,Montpelier,Vermont,05609,US,44.2595,-72.585,78457,"Witting, Batz and Olson",08/08/2024
856,Franz,Roles,frolesnr@who.int,Genderfluid,1994,Toyota,Xtra,Springfield,Illinois,62764,US,39.7495,-89.606,62165,Botsford-Torp,05/28/2022
857,Isidor,Allgood,iallgoodns@com.com,Male,2004,Maybach,57,Colorado Springs,Colorado,80995,US,38.8247,-104.562,52065,"Prohaska, Jenkins and Rodriguez",04/19/2023
858,Marietta,Etuck,metucknt@is.gd,Male,2009,Volvo,V70,Saint Petersburg,Florida,33742,US,27.8918,-82.7248,58066,Hills-Osinski,04/05/2022
859,Stephannie,Rutt,sruttnu@sciencedirect.com,Female,2004,Audi,A4,San Diego,California,92137,US,32.8538,-117.1197,80705,Stamm-Haley,07/17/2024
860,Dorie,Mathwin,dmathwinnv@nsw.gov.au,Genderfluid,2007,Lotus,Exige,Miami,Florida,33153,US,25.8655,-80.1936,76604,Windler-Hegmann,03/14/2022
861,Aubine,Struther,astruthernw@nba.com,Female,2008,Dodge,Durango,Shawnee Mission,Kansas,66220,US,38.9613,-94.8222,96751,Koepp-Schmeler,08/13/2025
862,Daniel,Tolomei,dtolomeinx@fotki.com,Male,1998,Mitsubishi,Galant,Rockford,Illinois,61105,US,42.3254,-89.1705,77877,"Kuphal, Wyman and Bergnaum",10/03/2023
863,Wendi,Hember,whemberny@bizjournals.com,Female,1976,Pontiac,Grand Prix,El Paso,Texas,88535,US,31.6948,-106.3,88025,"Batz, Murray and Shields",06/20/2022
864,Irvine,Cornils,icornilsnz@ask.com,Genderfluid,1996,GMC,Yukon,Newark,New Jersey,07112,US,40.7107,-74.2131,49264,Reichert Group,09/28/2024
865,Valentina,Raven,vraveno0@skype.com,Female,2007,Lotus,Exige,Clearwater,Florida,34629,US,27.9654,-82.8001,45079,"Mitchell, Daugherty and Mante",07/16/2023
866,Barton,Lomasney,blomasneyo1@amazon.co.uk,Male,2002,Subaru,Outback,Merrifield,Virginia,22119,US,38.8318,-77.2888,58169,McDermott Inc,09/15/2022
867,Karl,Colman,kcolmano2@pen.io,Genderqueer,1993,Mitsubishi,Galant,Naperville,Illinois,60567,US,41.8397,-88.0887,57121,Treutel Group,07/29/2024
868,Anne,Millbank,amillbanko3@usa.gov,Female,1987,Porsche,924 S,Amarillo,Texas,79105,US,35.4015,-101.8951,57530,Pollich Group,11/07/2023
869,Livvyy,Kusick,lkusicko4@wiley.com,Female,1992,Dodge,Ram Wagon B350,Fort Worth,Texas,76147,US,32.7714,-97.2915,96504,Hamill-Durgan,09/21/2025
870,Claus,Archbutt,carchbutto5@furl.net,Male,2002,Ford,Taurus,Sacramento,California,94207,US,38.3774,-121.4444,30165,"Marks, Wehner and Sanford",07/13/2023
871,Mireille,Vescovini,mvescovinio6@cnbc.com,Female,2012,McLaren,MP4-12C,Raleigh,North Carolina,27635,US,35.7977,-78.6253,81194,Witting-Spencer,10/18/2022
872,Pip,Trett,ptretto7@facebook.com,Male,1999,GMC,2500,Louisville,Kentucky,40225,US,38.189,-85.6768,46396,Waters and Sons,05/20/2025
873,Crissy,Pretor,cpretoro8@jiathis.com,Female,2008,GMC,Acadia,Philadelphia,Pennsylvania,19178,US,40.0018,-75.1179,35641,Farrell-Quigley,08/04/2025
874,Mathe,Lanaway,mlanawayo9@photobucket.com,Male,1993,Ford,Festiva,Charleston,West Virginia,25326,US,38.2968,-81.5547,79911,"Bauch, Dickinson and Herman",05/29/2025
875,Rorie,Seivwright,rseivwrightoa@sakura.ne.jp,Female,2012,Mazda,Miata MX-5,Richmond,Virginia,23260,US,37.5242,-77.4932,87231,Wyman-Morar,09/30/2024
876,Daphene,Fingleton,dfingletonob@unesco.org,Polygender,2003,Audi,S8,Chicago,Illinois,60641,US,41.9453,-87.7474,96639,"Okuneva, Greenholt and Reilly",04/09/2022
877,Jayme,Grahl,jgrahloc@theatlantic.com,Female,2008,Ford,Focus,Springfield,Illinois,62794,US,39.7495,-89.606,49250,Langosh-Flatley,08/10/2022
878,Modesta,Frend,mfrendod@wiley.com,Female,2010,GMC,Acadia,Tampa,Florida,33694,US,27.872,-82.4388,98398,Toy-Heidenreich,12/27/2024
879,Ali,Rule,aruleoe@canalblog.com,Male,2000,Nissan,Maxima,New Haven,Connecticut,06510,US,41.3087,-72.9271,54775,Lind-Vandervort,02/25/2024
880,Berky,Cumes,bcumesof@bloomberg.com,Male,1993,Oldsmobile,Cutlass Cruiser,Reston,Virginia,22096,US,38.8318,-77.2888,48618,Keebler-Kuhlman,01/28/2026
881,Fanechka,Calterone,fcalteroneog@wp.com,Female,2003,Ford,F150,Montgomery,Alabama,36109,US,32.3834,-86.2434,81004,"King, Oberbrunner and Sawayn",02/22/2022
882,Stefano,Bacon,sbaconoh@freewebs.com,Male,2004,Mercedes-Benz,S-Class,Honolulu,Hawaii,96845,US,21.3278,-157.8294,74005,Harvey-Abbott,12/26/2024
883,Rhianon,Pesik,rpesikoi@goo.gl,Female,2001,BMW,525,Tacoma,Washington,98447,US,47.1441,-122.4434,60759,"Roberts, Abernathy and Parisian",02/02/2023
884,Lorelei,Clemmensen,lclemmensenoj@yolasite.com,Female,1983,Volkswagen,Golf,Madison,Wisconsin,53705,US,43.073,-89.4528,95195,"Nienow, Ferry and Barton",10/05/2023
885,Raynell,Eakin,reakinok@phoca.cz,Female,1999,Mercury,Tracer,Orange,California,92867,US,33.811,-117.8493,69817,"Crona, Walter and Armstrong",09/24/2025
886,Demetre,Scally,dscallyol@over-blog.com,Male,2012,Lexus,IS-F,Charleston,West Virginia,25326,US,38.2968,-81.5547,33907,Kuphal-Schmeler,03/23/2025
887,Tanney,Claringbold,tclaringboldom@statcounter.com,Male,2003,Saturn,L-Series,Boca Raton,Florida,33432,US,26.3462,-80.0844,81071,Lesch-Kilback,06/15/2022
888,Merl,Dradey,mdradeyon@hostgator.com,Female,1985,Ford,LTD Crown Victoria,Newton,Massachusetts,02162,US,42.3319,-71.254,85339,Rau-Hermiston,12/16/2023
889,Kipper,Milby,kmilbyoo@weather.com,Male,2011,Toyota,Camry Hybrid,Denver,Colorado,80270,US,39.7388,-104.4083,70219,"Mertz, Orn and Smitham",02/14/2022
890,Camey,Rickwood,crickwoodop@blogtalkradio.com,Male,2003,Kia,Sedona,Camden,New Jersey,08104,US,39.9186,-75.1078,77471,Bruen-Monahan,02/06/2023
891,Carolyn,McCallion,cmccallionoq@hp.com,Female,2000,Pontiac,Grand Am,Irving,Texas,75062,US,32.8479,-96.974,51974,Barrows and Sons,01/15/2026
892,Kiley,De Roeck,kderoeckor@guardian.co.uk,Female,2009,Bentley,Continental Flying Spur,Washington,District of Columbia,20238,US,38.8933,-77.0146,75818,"Lind, Kulas and Howe",03/22/2022
893,Willie,Benard,wbenardos@free.fr,Female,2001,Volkswagen,New Beetle,Omaha,Nebraska,68134,US,41.2949,-96.0546,89002,"Berge, Bruen and Cremin",07/25/2024
894,Robenia,Birchner,rbirchnerot@oakley.com,Female,1998,Honda,Civic,Kansas City,Missouri,64193,US,39.035,-94.3567,63998,"Emard, Bednar and Gleason",03/21/2022
895,Winnifred,Pinckard,wpinckardou@nytimes.com,Female,2004,Nissan,350Z,Montgomery,Alabama,36125,US,32.2334,-86.2085,96932,"Rippin, Fritsch and Zulauf",01/02/2024
896,Guthry,Deddum,gdeddumov@forbes.com,Bigender,2012,Audi,A5,Boulder,Colorado,80328,US,40.0878,-105.3735,80190,"Welch, Hyatt and Bechtelar",08/22/2023
897,Jo-ann,Stonham,jstonhamow@prnewswire.com,Female,2011,GMC,Yukon XL 1500,Omaha,Nebraska,68144,US,41.2335,-96.1188,40696,"Lynch, Beatty and Maggio",06/04/2023
898,Rube,Hitter,rhitterox@ask.com,Genderfluid,2007,Jeep,Liberty,Tampa,Florida,33615,US,28.0081,-82.5805,77905,Franecki-Schaefer,12/13/2023
899,Gwenny,Stores,gstoresoy@nasa.gov,Female,2007,Buick,Rainier,Spokane,Washington,99220,US,47.6536,-117.4317,80733,Stamm-Kuphal,10/07/2024
900,Corissa,Thwaite,cthwaiteoz@over-blog.com,Female,2013,Kia,Rio,Des Moines,Iowa,50305,US,41.6727,-93.5722,45046,Kulas and Sons,05/20/2022
901,Ashely,Rountree,arountreep0@51.la,Female,2005,Bentley,Arnage,Stockton,California,95205,US,37.9625,-121.2624,48809,Jenkins-Murray,03/02/2022
902,Conn,Edens,cedensp1@vkontakte.ru,Male,1988,Mazda,MX-6,New Haven,Connecticut,06510,US,41.3087,-72.9271,74349,"Walsh, Gusikowski and Mosciski",03/23/2025
903,Kaylyn,Woofenden,kwoofendenp2@shutterfly.com,Agender,1992,Plymouth,Acclaim,Mobile,Alabama,36628,US,30.6589,-88.178,60571,Gulgowski-Schneider,01/16/2024
904,Sarine,Buddle,sbuddlep3@ask.com,Female,1954,Chevrolet,Corvette,Charlotte,North Carolina,28247,US,35.0656,-80.8511,81114,"Kuvalis, Corwin and Johnson",10/28/2022
905,Erma,Castiblanco,ecastiblancop4@upenn.edu,Female,1992,Volkswagen,Passat,Charleston,West Virginia,25389,US,38.354,-81.6394,83733,Olson Group,11/23/2022
906,Petronella,Swyn,pswynp5@latimes.com,Female,2010,Pontiac,G6,Brooklyn,New York,11231,US,40.6794,-74.0014,80810,"Bosco, Marquardt and Thiel",11/03/2025
907,Terrence,Moar,tmoarp6@xinhuanet.com,Male,2009,Lincoln,MKZ,Anaheim,California,92805,US,33.8359,-117.9086,42380,Feest and Sons,11/28/2024
908,Germaine,Spurge,gspurgep7@cloudflare.com,Male,1999,Volkswagen,Cabriolet,Wilmington,North Carolina,28405,US,34.2651,-77.867,68410,"Schiller, Nolan and Larson",10/26/2023
909,Burnard,Jakeway,bjakewayp8@nature.com,Male,1997,Geo,Metro,Washington,District of Columbia,20456,US,38.8981,-77.0401,86669,"Rutherford, Romaguera and Gibson",11/05/2023
910,Allen,Adamini,aadaminip9@alibaba.com,Male,1985,Lotus,Esprit,Montgomery,Alabama,36119,US,32.2334,-86.2085,64512,Bechtelar-Stracke,09/14/2025
911,Wiley,Blankau,wblankaupa@hc360.com,Male,1992,Chevrolet,Sportvan G20,New Orleans,Louisiana,70165,US,30.033,-89.8826,33919,Runte and Sons,12/11/2023
912,Zacharias,Belf,zbelfpb@seesaa.net,Male,2008,Nissan,350Z,Washington,District of Columbia,20503,US,38.9007,-77.0431,85681,"Borer, Gutkowski and Kuphal",08/26/2022
913,Cati,Vignal,cvignalpc@discuz.net,Genderqueer,2003,Chevrolet,Suburban 1500,Chicago,Illinois,60652,US,41.7454,-87.7135,99576,Wilkinson-Bayer,06/10/2022
914,Eadith,Jirousek,ejirousekpd@google.com.au,Female,1992,Chevrolet,S10 Blazer,South Bend,Indiana,46614,US,41.6255,-86.2433,42501,Hills Group,11/25/2024
915,Montague,Dugmore,mdugmorepe@amazon.co.jp,Male,2001,Mitsubishi,Challenger,New Haven,Connecticut,06505,US,41.3057,-72.7799,37071,"Rempel, Rempel and Runolfsson",10/28/2024
916,Tabbatha,Swithenby,tswithenbypf@sakura.ne.jp,Polygender,2012,Ford,Fiesta,Galveston,Texas,77554,US,29.2243,-94.9637,69523,Stroman Inc,12/08/2025
917,Mort,Dybell,mdybellpg@rakuten.co.jp,Male,1995,Mazda,Protege,Irvine,California,92717,US,33.6462,-117.8398,37507,Little Inc,06/15/2022
918,Kristen,Sanger,ksangerph@arstechnica.com,Female,2012,Lexus,LS,Cincinnati,Ohio,45213,US,39.1802,-84.4204,62451,"Herzog, Jerde and Murazik",04/03/2024
919,Evangelin,Perree,eperreepi@so-net.ne.jp,Female,1993,GMC,2500 Club Coupe,Brockton,Massachusetts,02305,US,41.9705,-70.7014,67500,"Lehner, Stiedemann and Franecki",12/19/2022
920,Elsinore,Pechan,epechanpj@hostgator.com,Female,1986,Subaru,Leone,Madison,Wisconsin,53785,US,43.0696,-89.4239,92458,Koepp-Fay,08/25/2024
921,Tally,Izachik,tizachikpk@bbb.org,Female,2009,Ford,F-Series,Salt Lake City,Utah,84199,US,40.7259,-111.9394,49844,"Reinger, Bins and Hahn",09/17/2024
922,Rayna,Anan,rananpl@nytimes.com,Female,1990,Buick,LeSabre,Peoria,Illinois,61640,US,40.7857,-89.6177,83170,Wiegand and Sons,09/05/2025
923,Orren,Coleiro,ocoleiropm@cloudflare.com,Male,1999,Ford,F350,West Palm Beach,Florida,33421,US,26.6459,-80.4303,94251,Spinka-Shields,04/02/2023
924,Derwin,Domeney,ddomeneypn@psu.edu,Male,1993,Nissan,Sentra,Philadelphia,Pennsylvania,19151,US,39.9772,-75.2545,91952,"Christiansen, O'Connell and Koch",06/22/2024
925,Laurena,Lempertz,llempertzpo@amazonaws.com,Female,1990,Ford,Taurus,Buffalo,New York,14220,US,42.8441,-78.8182,94252,"Adams, Kilback and Moore",07/30/2025
926,Lilah,Keme,lkemepp@unesco.org,Polygender,2004,Lamborghini,Murciélago,New York City,New York,10039,US,40.8265,-73.9383,80551,Mraz-Kuhn,11/16/2025
927,Jori,Braghini,jbraghinipq@ifeng.com,Agender,2011,Ram,Dakota,Jackson,Mississippi,39204,US,32.2832,-90.2306,48507,Raynor-Jerde,03/26/2023
928,Loydie,Wrangle,lwranglepr@flavors.me,Male,2003,Toyota,Highlander,Visalia,California,93291,US,36.3551,-119.301,70107,Witting LLC,10/13/2024
929,Albrecht,Heffernan,aheffernanps@instagram.com,Male,2012,Mercedes-Benz,S-Class,Cape Coral,Florida,33915,US,26.6599,-81.8934,91686,Johnston LLC,11/21/2025
930,Robers,Schwieso,rschwiesopt@arstechnica.com,Male,2007,Mercedes-Benz,R-Class,Springfield,Illinois,62756,US,39.7495,-89.606,30877,Rohan-Heller,07/04/2022
931,Zsazsa,Kitchiner,zkitchinerpu@apache.org,Female,2004,Audi,S4,Green Bay,Wisconsin,54305,US,44.4601,-88.0074,59843,Monahan-Maggio,11/23/2025
932,Jerrome,Tomasik,jtomasikpv@dropbox.com,Male,1999,Ford,Econoline E250,North Little Rock,Arkansas,72118,US,34.8337,-92.3289,71008,"Dach, Buckridge and Morissette",12/25/2023
933,Si,Realph,srealphpw@epa.gov,Male,1984,Ford,EXP,Berkeley,California,94712,US,37.6802,-121.9215,37358,"Stokes, Cole and Konopelski",04/05/2023
934,Tris,Towriss,ttowrisspx@craigslist.org,Male,2000,Dodge,Ram 1500,Spring,Texas,77386,US,30.1288,-95.4239,34283,"Gleason, Simonis and Friesen",10/28/2025
935,Kaleena,Grogono,kgrogonopy@wikipedia.org,Female,2001,Oldsmobile,Bravada,Atlanta,Georgia,30323,US,33.8444,-84.474,62041,"Reilly, Davis and Barrows",04/26/2024
936,Gayle,Gauler,ggaulerpz@mlb.com,Agender,1997,Isuzu,Trooper,Kansas City,Missouri,64109,US,39.0663,-94.5674,57577,"Quitzon, Feil and Considine",02/04/2025
937,Cathrine,Filipowicz,cfilipowiczq0@vkontakte.ru,Female,2002,Dodge,Ram Van 3500,Rochester,New York,14604,US,43.1577,-77.608,78743,"Konopelski, Cruickshank and Dooley",01/11/2024
938,Wynne,Dawdry,wdawdryq1@springer.com,Genderqueer,2011,Lexus,IS,Arlington,Texas,76011,US,32.7582,-97.1003,92295,Gottlieb and Sons,06/19/2025
939,Wesley,MacFadin,wmacfadinq2@parallels.com,Male,2005,Nissan,Pathfinder,Jamaica,New York,11480,US,40.6914,-73.8061,36198,Botsford-Kozey,11/16/2024
940,Bobbi,Bugs,bbugsq3@ehow.com,Female,2008,Aston Martin,DB9,Ridgely,Maryland,21684,US,38.8893,-75.8612,78708,"Wolf, Ullrich and Rowe",12/19/2023
941,Dacia,Lisciandro,dlisciandroq4@myspace.com,Female,1995,Chevrolet,Camaro,Duluth,Minnesota,55811,US,46.8147,-92.1998,56766,"Toy, Huel and Hilll",08/13/2024
942,Alana,Killich,akillichq5@illinois.edu,Genderfluid,1998,Ford,Ranger,Houston,Texas,77090,US,30.0167,-95.447,58361,"Donnelly, Kuvalis and Kreiger",08/11/2024
943,Melinde,Dutton,mduttonq6@geocities.jp,Female,2011,Ford,F350,Fresno,California,93721,US,36.7377,-119.7843,84471,"Wilkinson, Romaguera and O'Hara",06/25/2024
944,Neilla,Selwin,nselwinq7@goodreads.com,Female,2008,Toyota,Land Cruiser,San Antonio,Texas,78220,US,29.4106,-98.4128,65344,"Emard, Kris and Lebsack",07/03/2025
945,Morgan,Filde,mfildeq8@hhs.gov,Male,2009,Lexus,IS F,Detroit,Michigan,48275,US,42.2399,-83.1508,36845,"Jacobi, Olson and Baumbach",09/18/2024
946,Katrinka,Ruston,krustonq9@people.com.cn,Female,1995,Land Rover,Discovery,Fresno,California,93709,US,36.7464,-119.6397,89147,Reinger-Wilderman,12/21/2025
947,Aggy,Stuffins,astuffinsqa@ifeng.com,Female,1996,Lexus,GS,Las Cruces,New Mexico,88006,US,32.3052,-106.7863,89367,Howe Group,03/24/2025
948,Lanna,Lemme,llemmeqb@businessinsider.com,Female,2008,Audi,TT,Boston,Massachusetts,02298,US,42.3823,-71.0323,58985,Marquardt-Kirlin,03/23/2022
949,Dorine,Craisford,dcraisfordqc@free.fr,Female,2000,Mercury,Cougar,York,Pennsylvania,17405,US,40.0086,-76.5972,31573,Parisian and Sons,11/11/2024
950,Wilton,Doll,wdollqd@hexun.com,Male,2011,Nissan,Altima,Phoenix,Arizona,85072,US,33.2765,-112.1872,87328,"Wolf, Smith and Rutherford",07/31/2022
951,Miller,McGlashan,mmcglashanqe@example.com,Male,1985,Merkur,XR4Ti,Louisville,Kentucky,40233,US,38.189,-85.6768,91303,"Macejkovic, Ward and Bogisich",12/25/2025
952,Dougie,Nutbean,dnutbeanqf@fastcompany.com,Male,2008,GMC,Acadia,Tacoma,Washington,98464,US,47.0662,-122.1132,56711,Schuppe Group,12/16/2022
953,Athena,Guiot,aguiotqg@rediff.com,Female,1995,BMW,3 Series,Harrisburg,Pennsylvania,17121,US,40.2944,-76.8938,59846,Zieme Inc,06/12/2024
954,Wilfred,Friend,wfriendqh@shop-pro.jp,Male,2009,Chevrolet,Silverado 3500,Fayetteville,North Carolina,28314,US,35.0583,-79.008,40451,Lind-Ankunding,01/07/2026
955,Kipper,Rabbage,krabbageqi@linkedin.com,Male,2000,Pontiac,Montana,Battle Creek,Michigan,49018,US,42.2464,-85.0045,33971,Conn-Wehner,09/05/2022
956,Sheri,Angier,sangierqj@youtube.com,Female,2007,Mazda,RX-8,Santa Fe,New Mexico,87592,US,35.5212,-105.9818,76545,Watsica-Strosin,07/20/2023
957,Giuditta,Hudspeth,ghudspethqk@wufoo.com,Agender,1992,Nissan,Maxima,Washington,District of Columbia,20525,US,38.8933,-77.0146,89586,"Fritsch, Luettgen and Turner",02/05/2025
958,Renaldo,Sands,rsandsql@studiopress.com,Male,2007,Volvo,XC70,Lexington,Kentucky,40524,US,38.0283,-84.4715,82540,"Miller, Kohler and Runolfsson",04/22/2023
959,Anselm,Molfino,amolfinoqm@mapquest.com,Male,1992,GMC,Rally Wagon 3500,El Paso,Texas,79928,US,31.6631,-106.1401,34262,Leuschke-Kiehn,12/12/2024
960,Samuel,Gorler,sgorlerqn@alexa.com,Male,2009,Mitsubishi,Eclipse,Richmond,Virginia,23213,US,37.5593,-77.4471,62989,Deckow Group,10/24/2025
961,Merrielle,Crampsey,mcrampseyqo@123-reg.co.uk,Female,2008,Audi,A5,Birmingham,Alabama,35225,US,33.5446,-86.9292,77678,Pollich Group,10/10/2024
962,Amitie,Beardmore,abeardmoreqp@newsvine.com,Polygender,2007,Hyundai,Entourage,Huntsville,Alabama,35810,US,34.7784,-86.6091,34137,"Larkin, Bernhard and Mosciski",08/01/2025
963,Armstrong,Clausen,aclausenqq@google.ru,Male,2011,Dodge,Charger,Littleton,Colorado,80161,US,39.7388,-104.4083,66964,Shields LLC,03/06/2023
964,Annetta,Robinet,arobinetqr@networksolutions.com,Female,2013,Volvo,XC90,Great Neck,New York,11024,US,40.8171,-73.7416,36768,Wilderman and Sons,01/29/2023
965,Ag,Mackstead,amacksteadqs@princeton.edu,Polygender,1997,Mazda,MX-6,Carson City,Nevada,89706,US,39.2025,-119.7526,72901,"Dach, Marks and Hudson",12/30/2024
966,Ynez,Habercham,yhaberchamqt@usatoday.com,Female,2010,Lexus,IS F,Palmdale,California,93591,US,34.6019,-117.8123,99144,"Goodwin, Koch and Weissnat",12/05/2023
967,Miranda,Taw,mtawqu@narod.ru,Female,2008,Audi,Q7,San Diego,California,92110,US,32.7635,-117.2028,96699,"Renner, Lehner and Johns",08/27/2023
968,Dolly,Redhouse,dredhouseqv@dot.gov,Female,1996,Dodge,Stratus,Lubbock,Texas,79410,US,33.5693,-101.8904,53716,"Roob, Casper and Gutkowski",03/29/2024
969,Papagena,Staley,pstaleyqw@howstuffworks.com,Polygender,1989,Audi,100,Amarillo,Texas,79182,US,35.4015,-101.8951,59521,Langosh-Hackett,09/12/2025
970,Egbert,Warwicker,ewarwickerqx@last.fm,Male,2009,Jeep,Compass,Chicago,Illinois,60641,US,41.9453,-87.7474,30767,Okuneva-Hackett,02/11/2022
971,Francisco,Grzesiak,fgrzesiakqy@va.gov,Male,2008,Honda,Civic,Albuquerque,New Mexico,87140,US,35.0443,-106.6729,32242,Borer Group,03/21/2024
972,Klara,Riseborough,kriseboroughqz@illinois.edu,Female,1992,Mazda,B-Series,New York City,New York,10039,US,40.8265,-73.9383,76226,Paucek-O'Connell,10/20/2022
973,Niven,Carss,ncarssr0@hhs.gov,Non-binary,2011,Lexus,CT,Trenton,New Jersey,08638,US,40.251,-74.7627,50787,Price and Sons,04/27/2022
974,Odell,Scimoni,oscimonir1@mail.ru,Genderfluid,2001,Mitsubishi,Galant,Johnson City,Tennessee,37605,US,36.3158,-82.3838,64744,Block-Flatley,02/11/2023
975,Lauritz,Vanderplas,lvanderplasr2@ftc.gov,Male,1995,Honda,del Sol,Washington,District of Columbia,20566,US,38.8971,-77.0554,39103,"Lowe, Schimmel and Nicolas",03/12/2023
976,Walther,Poor,wpoorr3@marketwatch.com,Male,1992,Eagle,Talon,Young America,Minnesota,55551,US,44.8055,-93.7665,49827,Cummings-Lebsack,03/29/2022
977,Abraham,Scarsbrooke,ascarsbrooker4@techcrunch.com,Male,2007,Ford,Crown Victoria,Minneapolis,Minnesota,55480,US,45.0159,-93.4719,54058,"Stamm, Schamberger and Hilll",10/17/2024
978,Audry,Crossingham,acrossinghamr5@sourceforge.net,Female,2007,Mercedes-Benz,E-Class,San Diego,California,92165,US,33.0169,-116.846,81962,"Fahey, Casper and Altenwerth",07/01/2023
979,Ethyl,Roycroft,eroycroftr6@livejournal.com,Bigender,1986,Ford,E-Series,Alexandria,Virginia,22309,US,38.7192,-77.1073,59298,"Mante, O'Connell and Brekke",08/22/2024
980,Johannes,Edie,jedier7@huffingtonpost.com,Male,2007,Scion,tC,Arlington,Texas,76096,US,32.7714,-97.2915,55749,Schroeder-Raynor,01/09/2025
981,Keith,Redholls,kredhollsr8@cyberchimps.com,Polygender,2010,Honda,CR-V,Fresno,California,93786,US,36.7464,-119.6397,58023,Larson-Lesch,06/02/2023
982,Kimmie,Rivallant,krivallantr9@posterous.com,Female,2001,Mitsubishi,Montero,Chicago,Illinois,60624,US,41.8804,-87.7223,42235,"Kreiger, Wiegand and Lockman",02/11/2023
983,Antin,Gilmartin,agilmartinra@sitemeter.com,Agender,1996,Toyota,Previa,Galveston,Texas,77554,US,29.2243,-94.9637,93678,Lesch Group,02/22/2024
984,Garrot,Otteridge,gotteridgerb@tripod.com,Male,1995,Mazda,B-Series Plus,Grand Rapids,Michigan,49518,US,43.0314,-85.5503,68739,Larson Group,12/23/2025
985,Bren,Cummings,bcummingsrc@etsy.com,Male,2003,Buick,Rendezvous,Honolulu,Hawaii,96840,US,21.3068,-157.8607,79436,Schumm Group,05/03/2023
986,Thurston,Christall,tchristallrd@jigsy.com,Male,1985,Mazda,626,Brockton,Massachusetts,02405,US,41.9705,-70.7014,87713,"Murphy, Blanda and Considine",09/13/2023
987,Sigfrid,Blasli,sblaslire@bbb.org,Male,2006,Dodge,Magnum,Huntington,West Virginia,25721,US,38.4134,-82.2774,56381,"Klein, Glover and Windler",03/15/2025
988,Charlton,McAusland,cmcauslandrf@youtu.be,Male,2006,Mercury,Monterey,Wichita Falls,Texas,76305,US,33.9995,-98.3938,77393,Swift Group,02/18/2023
989,Devin,Marquess,dmarquessrg@latimes.com,Male,1998,Lexus,SC,Gainesville,Georgia,30506,US,34.3562,-83.8882,76048,Nitzsche-Kulas,04/09/2022
990,Nannette,Luttger,nluttgerrh@storify.com,Female,2009,Chevrolet,TrailBlazer,Stamford,Connecticut,06912,US,41.3089,-73.3637,80663,"Nicolas, Zboncak and Reynolds",03/18/2022
991,Kenn,Scotcher,kscotcherri@theatlantic.com,Bigender,1996,Kia,Sephia,Salt Lake City,Utah,84105,US,40.7372,-111.8581,82530,Bode Inc,12/04/2022
992,Barn,Scholz,bscholzrj@gizmodo.com,Male,2007,Lexus,RX,Newark,New Jersey,07104,US,40.7664,-74.1695,64944,Kris-Vandervort,04/08/2024
993,Bobbie,Brewin,bbrewinrk@java.com,Female,2006,Dodge,Stratus,Houston,Texas,77030,US,29.7041,-95.401,36089,Stokes and Sons,09/14/2023
994,Homere,Matczak,hmatczakrl@reference.com,Male,2010,Buick,LaCrosse,Fort Worth,Texas,76110,US,32.7065,-97.3375,73520,"Schamberger, Hessel and Mitchell",10/21/2025
995,Larisa,Peatheyjohns,lpeatheyjohnsrm@scribd.com,Female,1993,Dodge,D250 Club,Sandy,Utah,84093,US,40.5927,-111.831,60239,"Hayes, Robel and Swaniawski",11/03/2022
996,Elsi,Rattray,erattrayrn@xrea.com,Female,2004,Pontiac,Aztek,Chicago,Illinois,60697,US,41.8119,-87.6873,37488,Greenfelder and Sons,04/03/2022
997,Adrianna,Gaymar,agaymarro@newyorker.com,Female,1992,Isuzu,Stylus,Champaign,Illinois,61825,US,40.1399,-88.1961,47451,Kunze and Sons,01/27/2025
998,Betty,Richardsson,brichardssonrp@freewebs.com,Female,1991,Mazda,MX-6,Peoria,Illinois,61651,US,40.7442,-89.7184,49979,"Medhurst, Schiller and Grady",02/26/2023
999,Leesa,Maffulli,lmaffullirq@barnesandnoble.com,Female,2005,Maserati,GranSport,Anderson,South Carolina,29625,US,34.5271,-82.7087,35504,Baumbach Inc,07/25/2025
1000,Tobias,Meo,tmeorr@imdb.com,Male,1995,Saab,9000,Wichita Falls,Texas,76310,US,33.8581,-98.5755,33314,Dickens-Torphy,02/18/2025
