id,firstName,lastName,email,gender,carYear,automobileMake,automobileModel,customerRegion,customerState,customerPostal,customerCountry_ISO2,customerRegionLatitude,ownerRegionLongitude,automobilePrice,customer,purchaseDate
1,Barri,Blesdill,bblesdill0@hp.com,Male,1987,Suzuki,Swift,Albuquerque,New Mexico,87195,US,35.0443,-106.6729,49685,Satterfield-Witting,10/26/2023
2,Tully,Able,table1@ted.com,Male,2011,GMC,Sierra 1500,Naples,Florida,33963,US,26.2626,-81.8071,69549,Kutch-Kilback,03/04/2023
3,Dorothy,Semered,dsemered2@independent.co.uk,Female,1987,Pontiac,Firebird,Chicago,Illinois,60669,US,41.8119,-87.6873,84943,"Aufderhar, Lind and Walter",07/02/2023
4,Aidan,de Banke,adebanke3@cocolog-nifty.com,Female,2005,Toyota,Matrix,Stamford,Connecticut,06905,US,41.0888,-73.5435,65018,Schamberger-Hilpert,04/04/2022
5,Gabie,Candlish,gcandlish4@japanpost.jp,Female,1999,BMW,3 Series,Springfield,Illinois,62711,US,39.7655,-89.7293,39784,"McKenzie, Balistreri and Skiles",04/04/2023
6,Ripley,Bury,rbury5@godaddy.com,Male,2012,Infiniti,FX,Oklahoma City,Oklahoma,73152,US,35.5514,-97.4075,97356,Trantow Group,02/23/2022
7,Sal,Cafe,scafe6@cam.ac.uk,Male,2002,Audi,S6,Minneapolis,Minnesota,55402,US,44.9762,-93.2759,99933,"Tremblay, Heidenreich and Kuhn",03/08/2025
8,Avram,Kirkwood,akirkwood7@ycombinator.com,Male,1984,Toyota,Celica,Fort Myers,Florida,33994,US,26.5529,-81.9486,48184,Stoltenberg and Sons,12/22/2024
9,Filmore,Atterbury,fatterbury8@biblegateway.com,Male,1987,Ford,Bronco,Richmond,Virginia,23203,US,37.5593,-77.4471,30104,Morissette LLC,05/03/2025
10,Deane,Willimot,dwillimot9@economist.com,Female,2011,Chevrolet,Suburban 1500,Tulsa,Oklahoma,74193,US,36.1398,-96.0297,81854,Kub-Kuhic,09/26/2025
11,Angil,Reinhard,areinharda@whitehouse.gov,Female,1992,GMC,Rally Wagon 1500,San Diego,California,92115,US,32.7607,-117.0721,42081,"Erdman, Gorczany and Hegmann",10/19/2025
12,Rhona,Clawsley,rclawsleyb@vinaora.com,Female,1997,Dodge,Dakota,Galveston,Texas,77554,US,29.2243,-94.9637,57903,Heathcote-Osinski,09/26/2025
13,Augustina,Morch,amorchc@skyrock.com,Female,1993,Oldsmobile,Bravada,Columbus,Mississippi,39705,US,33.5508,-88.4865,62119,Berge-Jones,12/20/2023
14,Garvy,Joslin,gjoslind@linkedin.com,Male,1985,Mercedes-Benz,S-Class,Gaithersburg,Maryland,20883,US,39.0883,-77.1568,62008,Brakus-Davis,04/22/2025
15,Milton,Macilhench,mmacilhenche@acquirethisname.com,Male,1998,Chevrolet,2500,Washington,District of Columbia,20016,US,38.9381,-77.086,78360,Monahan-Fisher,03/23/2022
16,Johann,Tousy,jtousyf@amazonaws.com,Male,2004,Hummer,H1,Saint Petersburg,Florida,33737,US,27.8918,-82.7248,31615,"O'Kon, Ferry and Prosacco",11/13/2022
17,Sylvan,Doe,sdoeg@independent.co.uk,Male,1997,Cadillac,Eldorado,Washington,District of Columbia,20566,US,38.8971,-77.0554,81861,"Harris, Schinner and Durgan",08/08/2022
18,Ernst,Jedrachowicz,ejedrachowiczh@elegantthemes.com,Male,2005,Saturn,L-Series,Springfield,Illinois,62705,US,39.7495,-89.606,32327,"Gusikowski, Bartoletti and Lynch",07/26/2022
19,Della,Cope,dcopei@mac.com,Female,1992,Dodge,Stealth,Syracuse,New York,13217,US,43.0214,-76.1977,40555,"Collins, Hodkiewicz and Will",08/18/2025
20,Elwira,Janks,ejanksj@smugmug.com,Female,1993,Mitsubishi,Galant,Lake Worth,Florida,33462,US,26.5747,-80.0794,60297,Rowe and Sons,11/29/2024
21,Rip,Antonelli,rantonellik@sun.com,Male,2008,Ford,F-Series,Alhambra,California,91841,US,33.7866,-118.2987,94146,Aufderhar-Reynolds,06/22/2024
22,Stephannie,Frantzeni,sfrantzenil@paypal.com,Female,2003,Chevrolet,Avalanche 1500,Fort Wayne,Indiana,46825,US,41.1465,-85.1232,38340,Jacobson Inc,03/22/2024
23,Burtie,Quesne,bquesnem@businessinsider.com,Male,2011,Audi,A6,Buffalo,New York,14205,US,42.7684,-78.8871,95024,Reinger and Sons,01/05/2023
24,Addie,McArdell,amcardelln@fc2.com,Polygender,2005,BMW,M3,Memphis,Tennessee,38131,US,35.0664,-89.9921,90657,"Jerde, Bogisich and Boyer",12/29/2025
25,Libbie,Collishaw,lcollishawo@yellowbook.com,Female,2008,Mazda,CX-7,Springfield,Massachusetts,01129,US,42.1223,-72.4876,91923,"Braun, McClure and Ward",09/15/2025
26,Cristian,Noni,cnonip@webs.com,Male,1999,Ford,Taurus,Las Vegas,Nevada,89160,US,35.9279,-114.9721,47685,Hills Inc,01/04/2023
27,Jed,Spieght,jspieghtq@sfgate.com,Male,2008,Mercedes-Benz,CLK-Class,Dayton,Ohio,45440,US,39.6749,-84.1136,54163,Corwin Group,11/25/2025
28,Thorsten,Bragg,tbraggr@economist.com,Male,2000,Audi,S4,Frankfort,Kentucky,40618,US,38.2341,-84.8748,67895,"Beatty, Wilderman and Wyman",08/01/2025
29,Sheila,Okey,sokeys@sitemeter.com,Female,1995,Volkswagen,Eurovan,Idaho Falls,Idaho,83405,US,43.3233,-111.7822,64223,Torphy-Hettinger,06/21/2024
30,Hildy,Headon,hheadont@unblog.fr,Female,2000,Jeep,Cherokee,Warren,Michigan,48092,US,42.5125,-83.0643,86927,Brakus-Carroll,07/21/2025
31,Cart,Meneely,cmeneelyu@histats.com,Male,2009,Volvo,XC60,Jeffersonville,Indiana,47134,US,38.2868,-85.7321,62537,Gislason and Sons,01/21/2024
32,Bridie,Drakeley,bdrakeleyv@sitemeter.com,Female,2011,Maybach,62,El Paso,Texas,88574,US,31.6948,-106.3,63151,Fadel LLC,09/09/2024
33,Chelsae,MacCardle,cmaccardlew@boston.com,Female,1993,Mitsubishi,Galant,Burbank,California,91520,US,34.1869,-118.348,47053,Shields Group,01/16/2025
34,Torey,Garvan,tgarvanx@zimbio.com,Agender,1995,Dodge,Ram Van 2500,Bryan,Texas,77806,US,30.6521,-96.341,44656,Kling-Olson,09/17/2022
35,Angel,Focke,afockey@wikispaces.com,Female,2009,GMC,Savana,Northridge,California,91328,US,33.7866,-118.2987,56977,"Feest, Stanton and Ward",10/14/2023
36,Charmian,Calfe,ccalfez@netlog.com,Female,2011,Chevrolet,Suburban,Brooklyn,New York,11225,US,40.6628,-73.9546,66293,Stracke-Kertzmann,07/21/2024
37,Wilmer,Meighan,wmeighan10@yahoo.com,Male,2008,Pontiac,G6,Washington,District of Columbia,20022,US,38.945,-77.0364,98189,Turner-Emmerich,09/18/2024
38,Fan,Feehery,ffeehery11@de.vu,Female,1996,Ford,F-Series,Minneapolis,Minnesota,55487,US,45.0159,-93.4719,97570,Satterfield-Rolfson,04/15/2025
39,Rad,Turbern,rturbern12@instagram.com,Non-binary,1992,Mitsubishi,Truck,Phoenix,Arizona,85025,US,33.4226,-111.7236,37818,Franecki-Heaney,07/31/2025
40,Barrett,Whightman,bwhightman13@woothemes.com,Male,1999,Toyota,Land Cruiser,Lynchburg,Virginia,24515,US,37.4009,-79.1785,72539,Toy-Rogahn,12/04/2025
41,Aeriel,Balbeck,abalbeck14@gov.uk,Female,1963,Pontiac,Grand Prix,Tacoma,Washington,98417,US,47.2061,-122.4822,34370,Spencer Inc,08/04/2022
42,Alaric,Comiam,acomiam15@ustream.tv,Male,2002,Mercury,Cougar,Los Angeles,California,90025,US,34.0447,-118.4487,96443,"Spencer, Satterfield and Little",06/17/2023
43,Marcy,Ailward,mailward16@abc.net.au,Female,2005,Cadillac,SRX,Trenton,New Jersey,08695,US,40.2805,-74.712,82575,"Ondricka, Robel and Schiller",03/23/2023
44,Adler,Lamping,alamping17@dion.ne.jp,Male,1987,Pontiac,Firefly,Austin,Texas,78710,US,30.352,-97.7151,44919,Barrows-Corkery,02/17/2023
45,Efrem,Izkoveski,eizkoveski18@arizona.edu,Male,1989,Pontiac,Sunbird,Minneapolis,Minnesota,55417,US,44.9054,-93.2361,31940,"Prosacco, Schultz and Gorczany",03/13/2025
46,Camala,Lehmann,clehmann19@infoseek.co.jp,Female,1989,Volkswagen,Cabriolet,Springfield,Virginia,22156,US,38.8318,-77.2888,32098,Maggio LLC,10/30/2023
47,Odie,Antcliff,oantcliff1a@soundcloud.com,Agender,1988,Ford,Festiva,Memphis,Tennessee,38188,US,35.2017,-89.9715,88635,Hermann LLC,03/26/2023
48,Hercules,Clipston,hclipston1b@baidu.com,Male,2009,Mercedes-Benz,S-Class,New York City,New York,10014,US,40.7339,-74.0054,55603,"Kunde, Hettinger and Jast",07/12/2023
49,Lisha,Frazer,lfrazer1c@about.com,Female,2001,Chevrolet,Silverado 2500,Washington,District of Columbia,20210,US,38.8933,-77.0146,95365,Ryan LLC,05/16/2024
50,Davidson,Stockau,dstockau1d@linkedin.com,Male,1965,Pontiac,Grand Prix,Salt Lake City,Utah,84110,US,40.6681,-111.9083,47017,Parisian LLC,01/21/2026
51,Kassey,Warcup,kwarcup1e@fema.gov,Female,2008,Infiniti,QX,Pueblo,Colorado,81015,US,38.1286,-104.5523,94200,Schimmel Inc,12/11/2024
52,Foss,Glantz,fglantz1f@tamu.edu,Male,2003,Chevrolet,Suburban 2500,Fort Myers,Florida,33913,US,26.5228,-81.7065,31237,Casper-Franecki,07/28/2024
53,Christye,Dobrowolski,cdobrowolski1g@163.com,Female,1996,Mitsubishi,Eclipse,Oklahoma City,Oklahoma,73124,US,35.5514,-97.4075,61277,Hettinger and Sons,08/04/2024
54,Antonietta,Ziemen,aziemen1h@guardian.co.uk,Genderqueer,2008,Mazda,Mazda5,Wilkes Barre,Pennsylvania,18763,US,41.2722,-75.8801,59938,"Breitenberg, Kiehn and Hoppe",06/16/2023
55,Tucker,Ashment,tashment1i@cbc.ca,Male,2012,Land Rover,Range Rover,Alpharetta,Georgia,30022,US,34.0268,-84.2422,54257,Mosciski-Harris,02/14/2022
56,Elyn,Roelofsen,eroelofsen1j@psu.edu,Female,1984,Lincoln,Continental,Sacramento,California,95823,US,38.4797,-121.4438,81093,Kihn Group,05/28/2022
57,Nevin,De Bruyne,ndebruyne1k@slate.com,Male,1988,Subaru,Leone,Naples,Florida,34102,US,26.134,-81.7953,67273,Monahan-Medhurst,06/17/2022
58,Scott,Whitehouse,swhitehouse1l@time.com,Male,1995,Chevrolet,Monte Carlo,Shreveport,Louisiana,71115,US,32.3401,-93.6092,76743,"Bauch, Bergstrom and Grady",10/09/2024
59,Sherline,Walliker,swalliker1m@unicef.org,Female,2005,Chevrolet,Blazer,Washington,District of Columbia,20535,US,38.8941,-77.0251,90743,Hodkiewicz-Farrell,06/25/2025
60,Edan,Danielian,edanielian1n@gravatar.com,Male,2003,Porsche,911,Fresno,California,93762,US,36.7464,-119.6397,49264,Mraz-Mohr,07/25/2024
61,Saraann,Bielfeldt,sbielfeldt1o@t.co,Female,2013,Volkswagen,CC,Jefferson City,Missouri,65105,US,38.5309,-92.2493,59050,Luettgen-Bartoletti,12/28/2024
62,Irwin,Speller,ispeller1p@nih.gov,Male,2001,Chevrolet,Express 3500,Columbia,Missouri,65211,US,38.9033,-92.1022,99916,Lind LLC,06/26/2022
63,Jobey,Sanchiz,jsanchiz1q@imdb.com,Female,2007,Toyota,Camry,Washington,District of Columbia,20557,US,38.8874,-77.0047,55888,Conn Inc,12/19/2023
64,Nettie,Daugherty,ndaugherty1r@shareasale.com,Female,2010,Mitsubishi,Lancer Evolution,Melbourne,Florida,32941,US,27.9246,-80.5235,85081,Ullrich and Sons,10/13/2024
65,Giselle,Adderley,gadderley1s@reverbnation.com,Female,1999,Ford,Contour,Tucson,Arizona,85732,US,32.0848,-110.7122,76041,Dicki LLC,05/04/2023
66,Tove,Hairs,thairs1t@answers.com,Female,1998,Chrysler,Town & Country,Brooklyn,New York,11247,US,40.6451,-73.945,99976,"Wisozk, Simonis and Pacocha",10/02/2025
67,Aloin,Cullity,acullity1u@instagram.com,Male,1993,GMC,1500 Club Coupe,New York City,New York,10175,US,40.7543,-73.9798,43086,Kovacek and Sons,02/19/2022
68,Sloane,Tutchings,stutchings1v@discuz.net,Bigender,2001,GMC,Sierra 2500,Marietta,Georgia,30066,US,34.0378,-84.5038,64725,"Marks, Fahey and Gutmann",03/26/2023
69,Dacia,Tennick,dtennick1w@admin.ch,Genderfluid,2011,Mercedes-Benz,SLS-Class,Boston,Massachusetts,02216,US,42.3389,-70.9196,39944,Johns-Jerde,04/04/2022
70,Boone,Skeemer,bskeemer1x@phpbb.com,Male,1996,Buick,Century,Fort Wayne,Indiana,46805,US,41.0977,-85.1189,52469,Bogisich-Howell,11/28/2022
71,Charo,Dupree,cdupree1y@seattletimes.com,Female,2012,Bentley,Continental GTC,Springfield,Massachusetts,01114,US,42.1707,-72.6048,80567,"Marquardt, Ortiz and Lind",04/27/2024
72,Selby,Mc Pake,smcpake1z@bravesites.com,Male,2005,Saab,9-3,San Antonio,Texas,78205,US,29.4237,-98.4925,71382,Moore LLC,06/16/2023
73,Marline,Highnam,mhighnam20@prweb.com,Bigender,2003,Mitsubishi,Lancer Evolution,Washington,District of Columbia,20546,US,38.891,-77.0211,95598,"Williamson, Christiansen and Renner",07/26/2025
74,Codie,Sloss,csloss21@yahoo.com,Male,2006,Ford,F-Series,Toledo,Ohio,43615,US,41.6492,-83.6706,58423,Harris-Marvin,06/09/2022
75,Frants,O'Daly,fodaly22@tmall.com,Male,2007,Mazda,Mazdaspeed 3,Chicago,Illinois,60609,US,41.8097,-87.6533,61775,Haag and Sons,11/03/2025
76,Maynord,Porker,mporker23@nps.gov,Male,2006,Mercedes-Benz,E-Class,Saint Louis,Missouri,63110,US,38.6185,-90.2564,32859,"Metz, Tremblay and Greenfelder",08/12/2025
77,Jodie,Tures,jtures24@paginegialle.it,Male,2010,Porsche,Cayman,Saint Petersburg,Florida,33710,US,27.7898,-82.7243,83258,"Kessler, Brekke and Mertz",02/10/2024
78,Judie,Siburn,jsiburn25@shop-pro.jp,Genderfluid,2010,Aston Martin,Rapide,Houston,Texas,77050,US,29.9015,-95.2848,45799,Fisher Inc,06/26/2025
79,Ward,Jedrysik,wjedrysik26@privacy.gov.au,Male,1993,Eagle,Vision,Washington,District of Columbia,20238,US,38.8933,-77.0146,97217,Donnelly-Will,05/06/2022
80,Brendis,Castanone,bcastanone27@mtv.com,Male,1999,Dodge,Ram 1500,Spokane,Washington,99220,US,47.6536,-117.4317,68547,Miller-Frami,05/20/2025
81,Alvira,Gaitskill,agaitskill28@discovery.com,Female,1994,Honda,Prelude,Saint Paul,Minnesota,55127,US,45.0803,-93.0875,63982,Tromp-Kertzmann,06/21/2025
82,Kendrick,Gadie,kgadie29@mayoclinic.com,Male,1990,Mercury,Sable,New York City,New York,10024,US,40.7864,-73.9764,80992,Greenfelder-Hackett,11/23/2022
83,Elonore,Croshaw,ecroshaw2a@icq.com,Female,2000,Chrysler,Town & Country,Miami,Florida,33233,US,25.5584,-80.4582,94125,"Schmeler, Prohaska and Fahey",03/26/2025
84,Neely,Burril,nburril2b@uiuc.edu,Female,1993,Dodge,Viper,Kalamazoo,Michigan,49048,US,42.3189,-85.5152,89693,"Nolan, VonRueden and Harris",10/04/2022
85,Avie,Soper,asoper2c@usatoday.com,Female,1965,Pontiac,Grand Prix,Los Angeles,California,90050,US,33.7866,-118.2987,35463,Krajcik LLC,12/18/2022
86,Veriee,McMylor,vmcmylor2d@fc2.com,Female,1998,Subaru,Impreza,Chicago,Illinois,60652,US,41.7454,-87.7135,46347,Aufderhar-Kuphal,05/31/2023
87,Jessi,Burney,jburney2e@google.co.uk,Female,1984,Pontiac,Grand Prix,Maple Plain,Minnesota,55579,US,45.0159,-93.4719,74390,Hagenes LLC,01/11/2023
88,Margery,Peasgood,mpeasgood2f@intel.com,Genderfluid,2001,Mercedes-Benz,SL-Class,Huntsville,Texas,77343,US,30.7813,-95.5953,52192,Aufderhar-Hackett,12/16/2024
89,Orson,Lindro,olindro2g@cnbc.com,Male,2002,Volvo,C70,Phoenix,Arizona,85035,US,33.4724,-112.1832,39967,Hyatt LLC,12/20/2025
90,Sybil,Roostan,sroostan2h@topsy.com,Female,1996,Plymouth,Breeze,Paterson,New Jersey,07505,US,40.9166,-74.174,38729,Schmeler Inc,07/30/2024
91,Kirstin,Mcmanaman,kmcmanaman2i@barnesandnoble.com,Female,1994,Chevrolet,Caprice,Northridge,California,91328,US,33.7866,-118.2987,98537,Quitzon-Bernhard,06/01/2024
92,Angel,Armal,aarmal2j@typepad.com,Female,2012,Jaguar,XJ,Denver,Colorado,80223,US,39.7002,-105.0028,65914,"Torphy, Ritchie and Schuster",10/06/2022
93,Avrom,Smallpeace,asmallpeace2k@dagondesign.com,Male,2010,Mazda,Tribute,Pasadena,Texas,77505,US,29.6518,-95.1464,34821,"Mann, Kerluke and Hand",03/19/2024
94,Knox,Everard,keverard2l@weebly.com,Male,2006,Lincoln,Mark LT,Irving,Texas,75062,US,32.8479,-96.974,50472,"Keebler, Macejkovic and Brakus",12/11/2024
95,Dru,Ridehalgh,dridehalgh2m@xing.com,Female,2005,Chevrolet,Astro,Arlington,Texas,76016,US,32.6889,-97.1905,44302,"Wunsch, Goldner and Schimmel",08/09/2022
96,Thomas,Bodocs,tbodocs2n@google.fr,Male,1999,Toyota,Land Cruiser,Saint Louis,Missouri,63167,US,38.6383,-90.4271,53234,Blanda Group,02/26/2024
97,Danika,Presshaugh,dpresshaugh2o@phpbb.com,Female,1992,Buick,Coachbuilder,Portsmouth,New Hampshire,03804,US,43.0059,-71.0132,33327,Gottlieb LLC,12/16/2022
98,Josselyn,Fuchs,jfuchs2p@hostgator.com,Female,2005,Pontiac,Montana SV6,Houston,Texas,77250,US,29.7629,-95.3629,98122,Fay-Nolan,01/24/2024
99,Joanne,Dosedale,jdosedale2q@geocities.jp,Female,1992,Acura,Vigor,Henderson,Nevada,89012,US,36.0119,-115.0433,79647,Smitham-Senger,01/20/2024
100,Evonne,Hankey,ehankey2r@tiny.cc,Female,1996,Toyota,T100 Xtra,Arlington,Texas,76004,US,32.7714,-97.2915,59608,"Pouros, Swift and Oberbrunner",02/26/2023
101,Ephraim,Khilkov,ekhilkov2s@dmoz.org,Male,2010,Ford,Mustang,Orlando,Florida,32835,US,28.5289,-81.4787,32731,"White, Jakubowski and Robel",02/25/2024
102,Lanna,Athelstan,lathelstan2t@w3.org,Female,1997,Plymouth,Breeze,Salt Lake City,Utah,84170,US,40.6681,-111.9083,34661,"Kuvalis, Williamson and Lueilwitz",09/04/2023
103,Fania,Hall-Gough,fhallgough2u@businessinsider.com,Female,1997,Chrysler,Concorde,Rochester,New York,14614,US,43.1558,-77.6142,55251,Weissnat-Anderson,05/29/2023
104,Addie,Patis,apatis2v@cnn.com,Male,2002,Lexus,LX,Roanoke,Virginia,24029,US,37.2742,-79.9579,49191,Parker and Sons,04/24/2023
105,Galina,Mitkov,gmitkov2w@facebook.com,Polygender,2004,Mitsubishi,Diamante,Minneapolis,Minnesota,55402,US,44.9762,-93.2759,48528,"Stokes, Kshlerin and Erdman",04/12/2024
106,Shantee,Hasell,shasell2x@icq.com,Female,2004,Volvo,S80,Lincoln,Nebraska,68583,US,40.7845,-96.6888,83288,"Cronin, Kreiger and Russel",09/30/2023
107,Michel,Leslie,mleslie2y@cmu.edu,Female,2006,Toyota,Solara,Atlanta,Georgia,30380,US,33.8444,-84.474,30121,"Shanahan, Cremin and Mosciski",09/25/2025
108,Daisi,Fryett,dfryett2z@samsung.com,Female,1996,Chevrolet,Corvette,Sioux City,Iowa,51105,US,42.5032,-96.3829,36160,Spencer-Robel,01/06/2026
109,Kev,Hutchings,khutchings30@example.com,Male,1990,Honda,Accord,Atlanta,Georgia,31106,US,33.8444,-84.474,37392,"Kohler, Davis and Konopelski",11/30/2023
110,Cristionna,Russi,crussi31@state.gov,Female,2009,BMW,X6,Lehigh Acres,Florida,33972,US,26.6492,-81.6167,75657,Hermann Group,01/04/2023
111,Jerrome,Cuttle,jcuttle32@instagram.com,Male,1994,GMC,2500 Club Coupe,San Diego,California,92153,US,33.0169,-116.846,31923,Muller-Hegmann,04/25/2025
112,Gianina,Mabbs,gmabbs33@diigo.com,Female,2010,Volvo,S60,Newton,Massachusetts,02162,US,42.3319,-71.254,50540,"Goodwin, Witting and Predovic",01/18/2026
113,Misha,Tolcharde,mtolcharde34@indiegogo.com,Non-binary,2006,GMC,Savana Cargo Van,Honolulu,Hawaii,96805,US,21.3062,-157.8585,59258,"Schowalter, Kautzer and Conroy",01/21/2023
114,Sascha,Bambrough,sbambrough35@wix.com,Male,1982,Toyota,Celica,Mc Keesport,Pennsylvania,15134,US,40.4344,-80.0248,37472,Bogisich-Schuster,07/14/2024
115,Nollie,Hindmoor,nhindmoor36@loc.gov,Female,2008,Nissan,Frontier,Sunnyvale,California,94089,US,37.3983,-122.0006,38425,"Upton, Feest and Bogisich",05/13/2022
116,Marylin,Dayer,mdayer37@mapquest.com,Female,2012,Chevrolet,Sonic,Cincinnati,Ohio,45218,US,39.2663,-84.5221,73015,"Krajcik, Maggio and Zulauf",10/31/2023
117,Willette,Van der Linde,wvanderlinde38@jiathis.com,Female,2008,Ford,F-Series,Boston,Massachusetts,02114,US,42.3611,-71.0682,42637,"Wyman, Hudson and Schiller",04/16/2024
118,Stefania,Bonner,sbonner39@artisteer.com,Female,2011,Honda,Fit,Kansas City,Missouri,64142,US,39.035,-94.3567,53132,"Braun, Schneider and Witting",12/29/2025
119,Tibold,Sommerscales,tsommerscales3a@nba.com,Male,2010,Volvo,C70,Mobile,Alabama,36622,US,30.6589,-88.178,69863,O'Keefe LLC,01/19/2026
120,Emerson,Bunn,ebunn3b@cmu.edu,Male,2011,Toyota,Prius,Gainesville,Florida,32605,US,29.6785,-82.3679,85396,"Predovic, Koepp and Hayes",11/29/2024
121,Rudolfo,Barock,rbarock3c@cbsnews.com,Male,2012,Hyundai,Santa Fe,Fort Pierce,Florida,34981,US,27.4049,-80.3623,96386,Powlowski and Sons,10/19/2024
122,Roseanne,Cribbott,rcribbott3d@statcounter.com,Female,1997,Oldsmobile,Aurora,Fort Worth,Texas,76110,US,32.7065,-97.3375,55651,Hilpert-Wilderman,06/29/2024
123,Ernst,Haskew,ehaskew3e@addthis.com,Male,2006,Lotus,Elise,Tuscaloosa,Alabama,35405,US,33.1617,-87.5144,80080,Boyer-Bode,08/27/2024
124,Armstrong,Kryska,akryska3f@mysql.com,Male,1998,Toyota,Avalon,Minneapolis,Minnesota,55407,US,44.9378,-93.2545,58250,Collier-Schaefer,09/21/2022
125,Gerta,Dowsing,gdowsing3g@pinterest.com,Female,1996,Holden,VS Commodore,Jacksonville,Florida,32215,US,30.2407,-81.893,93489,Cummerata and Sons,03/21/2023
126,Mattie,Hutcheons,mhutcheons3h@etsy.com,Male,2011,Lincoln,Navigator,Delray Beach,Florida,33448,US,26.6459,-80.4303,69410,"Streich, Upton and Dooley",02/14/2023
127,Cassandra,Waldrum,cwaldrum3i@answers.com,Female,2003,Mazda,MPV,Sacramento,California,95833,US,38.6157,-121.5053,52086,"Dach, Marvin and Marks",03/30/2023
128,Lou,Presman,lpresman3j@topsy.com,Non-binary,1991,Lotus,Esprit,Shreveport,Louisiana,71151,US,32.6076,-93.7526,71957,"Bayer, Wunsch and Walter",12/28/2025
129,Udale,Tertre,utertre3k@privacy.gov.au,Male,1980,Ford,Thunderbird,Omaha,Nebraska,68179,US,41.2917,-96.1711,73872,Sipes-Streich,09/10/2022
130,Jan,Plan,jplan3l@apple.com,Male,2001,Subaru,Impreza,Frederick,Maryland,21705,US,39.47,-77.3921,89697,"Mayer, Gerlach and Kautzer",11/27/2024
131,Delainey,Pfeiffer,dpfeiffer3m@skype.com,Male,2000,Ford,Explorer Sport,Saint Paul,Minnesota,55166,US,45.0059,-93.1059,42697,Gerhold-Bednar,09/07/2023
132,Katerine,Brickstock,kbrickstock3n@barnesandnoble.com,Female,2008,Mercedes-Benz,S-Class,Amarillo,Texas,79116,US,35.2454,-101.999,81194,Graham Inc,04/28/2025
133,Delly,Parnham,dparnham3o@arizona.edu,Female,2010,Honda,Accord Crosstour,Fort Lauderdale,Florida,33325,US,26.1097,-80.3215,71768,Lueilwitz-Batz,02/28/2024
134,Veda,Balas,vbalas3p@taobao.com,Female,2010,Acura,RL,Cumming,Georgia,30130,US,34.2216,-84.1537,33927,Graham and Sons,05/19/2025
135,Constantina,Rhead,crhead3q@springer.com,Polygender,2001,BMW,530,Canton,Ohio,44705,US,40.8259,-81.3399,87507,"Ledner, Keeling and Cronin",11/23/2022
136,Myrna,McCaughan,mmccaughan3r@irs.gov,Female,2005,Kia,Rio,Arlington,Virginia,22212,US,38.8808,-77.113,53687,O'Reilly-Johnston,01/16/2023
137,Zorine,Hallut,zhallut3s@nature.com,Female,1997,Toyota,Tacoma Xtra,Washington,District of Columbia,20036,US,38.9087,-77.0414,41873,Zieme-Wilderman,02/03/2025
138,Reginald,Spatoni,rspatoni3t@google.ca,Male,2008,Mercedes-Benz,SLK-Class,Greeley,Colorado,80638,US,40.5009,-104.315,99382,"Mitchell, Kub and Leuschke",01/25/2025
139,Gaven,Hess,ghess3u@oakley.com,Male,2002,Toyota,Sequoia,Durham,North Carolina,27717,US,36.0512,-78.8577,56181,Price Inc,08/28/2025
140,Jayson,Grills,jgrills3v@elegantthemes.com,Male,2008,Land Rover,Freelander,Pueblo,Colorado,81015,US,38.1286,-104.5523,78703,Kunze-Pfeffer,01/12/2026
141,Ricki,Leftley,rleftley3w@comcast.net,Female,1996,Eagle,Vision,San Diego,California,92132,US,32.6437,-117.1384,46933,Lemke and Sons,09/19/2022
142,Licha,Douglas,ldouglas3x@imgur.com,Female,1993,Eagle,Vision,Saint Paul,Minnesota,55103,US,44.9608,-93.1216,86325,Blanda and Sons,03/31/2023
143,Tabitha,Semper,tsemper3y@topsy.com,Female,2006,Chevrolet,Suburban,Tulsa,Oklahoma,74141,US,36.1398,-96.0297,39266,Schaefer-Haley,05/29/2023
144,Carley,Witherden,cwitherden3z@yandex.ru,Female,1993,GMC,Yukon,Miami,Florida,33185,US,25.7274,-80.4497,74734,Rosenbaum LLC,08/02/2023
145,Karoly,Keene,kkeene40@sbwire.com,Female,2009,Infiniti,M,New Orleans,Louisiana,70187,US,30.033,-89.8826,80217,Bins and Sons,04/19/2022
146,Corrinne,Dummer,cdummer41@so-net.ne.jp,Female,1964,Pontiac,Bonneville,Santa Cruz,California,95064,US,36.9959,-122.0578,39846,Kerluke-Yundt,03/15/2025
147,Caterina,Segebrecht,csegebrecht42@symantec.com,Female,2001,Chevrolet,Express 3500,Van Nuys,California,91499,US,33.7866,-118.2987,40350,Graham-Konopelski,06/23/2024
148,Kassandra,Fillary,kfillary43@squidoo.com,Female,2013,Mazda,Mazda6,San Diego,California,92137,US,32.8538,-117.1197,49585,"Metz, Kirlin and Friesen",08/26/2024
149,Panchito,Cadge,pcadge44@lycos.com,Male,1997,Dodge,Ram 1500,Tacoma,Washington,98481,US,47.0662,-122.1132,83033,Parisian-Nienow,03/14/2023
150,Todd,Asker,tasker45@google.com,Male,1993,Subaru,SVX,Nashville,Tennessee,37205,US,36.1114,-86.869,54550,Lueilwitz Inc,04/05/2025
151,Bonnee,Ivanuschka,bivanuschka46@paginegialle.it,Female,1996,Subaru,Impreza,Philadelphia,Pennsylvania,19104,US,39.9597,-75.2024,64069,"Kunze, McGlynn and Pollich",07/25/2025
152,Evangelia,Anstiss,eanstiss47@cornell.edu,Female,1993,Mercedes-Benz,300D,Miami,Florida,33185,US,25.7274,-80.4497,78033,"Wolf, Adams and Greenholt",08/25/2023
153,Ilise,Breadon,ibreadon48@ucoz.com,Agender,1991,Volkswagen,Jetta,Indianapolis,Indiana,46226,US,39.8326,-86.0836,87350,Mitchell-Wolf,09/20/2023
154,Roanna,Dufty,rdufty49@sina.com.cn,Female,1999,Acura,SLX,Washington,District of Columbia,20231,US,38.8933,-77.0146,94320,"Kemmer, Greenfelder and Koepp",12/10/2024
155,Angel,Dettmar,adettmar4a@wunderground.com,Male,1984,Mercury,Grand Marquis,Dallas,Texas,75265,US,32.7673,-96.7776,92255,"Olson, Koelpin and Rau",07/02/2023
156,Fabio,Alflat,falflat4b@usda.gov,Male,2005,Porsche,Carrera GT,Las Vegas,Nevada,89110,US,36.173,-115.0669,97943,Littel-Monahan,07/10/2022
157,Pennie,Stanford,pstanford4c@mtv.com,Male,2006,Land Rover,Discovery,New Haven,Connecticut,06505,US,41.3057,-72.7799,53601,Wilderman Group,09/22/2023
158,Reuben,Roback,rroback4d@surveymonkey.com,Male,1995,Dodge,Stealth,Shreveport,Louisiana,71161,US,32.6076,-93.7526,64468,Bins-Murphy,01/02/2025
159,Leigh,Peyntue,lpeyntue4e@so-net.ne.jp,Male,2002,Chevrolet,Avalanche,Saginaw,Michigan,48604,US,43.4732,-83.9514,86511,Strosin Group,11/12/2023
160,Gerik,Snaddin,gsnaddin4f@archive.org,Non-binary,2005,Hummer,H2,Punta Gorda,Florida,33982,US,26.9668,-81.9545,34219,Crona LLC,06/10/2024
161,Ellery,Gylle,egylle4g@domainmarket.com,Male,2009,GMC,Yukon XL 1500,Gainesville,Florida,32610,US,29.6813,-82.3539,59643,Gleichner-Smith,04/03/2022
162,Muire,Scolli,mscolli4h@cdbaby.com,Female,2009,Land Rover,Range Rover,Long Beach,California,90805,US,33.8635,-118.1801,71613,"Watsica, D'Amore and Jacobs",10/14/2024
163,Ailina,Gossop,agossop4i@cloudflare.com,Female,2002,Jaguar,X-Type,Round Rock,Texas,78682,US,30.6568,-97.6026,59348,"Adams, Russel and Dooley",01/26/2025
164,Agosto,Bawle,abawle4j@addthis.com,Male,2009,Ford,E-Series,Irving,Texas,75062,US,32.8479,-96.974,59707,Brekke and Sons,08/26/2023
165,Moritz,Garwood,mgarwood4k@geocities.com,Male,2009,Pontiac,Torrent,San Jose,California,95155,US,37.31,-121.9011,87562,Funk Group,09/10/2024
166,Waring,Toyer,wtoyer4l@ucla.edu,Non-binary,2005,Jaguar,X-Type,El Paso,Texas,88541,US,31.6948,-106.3,49116,"Kertzmann, Spencer and Larson",08/18/2023
167,Elvis,Kill,ekill4m@trellian.com,Male,1994,Ford,Thunderbird,Albany,New York,12227,US,42.6149,-73.9708,37012,Dickens-Fay,01/25/2023
168,Sherwynd,Orsman,sorsman4n@independent.co.uk,Male,2012,GMC,Canyon,Philadelphia,Pennsylvania,19120,US,40.0343,-75.1213,68254,"Miller, Schulist and Shanahan",11/11/2025
169,Margareta,Ebbin,mebbin4o@ocn.ne.jp,Genderfluid,1994,Chevrolet,Corvette,Salt Lake City,Utah,84125,US,40.6681,-111.9083,58944,"Mosciski, Vandervort and Kuvalis",04/20/2025
170,Chrissy,Kupis,ckupis4p@hp.com,Male,2001,Ford,E-Series,Topeka,Kansas,66642,US,39.0429,-95.7697,40340,"O'Hara, Williamson and Dicki",03/05/2024
171,Emory,Guinane,eguinane4q@opera.com,Male,2010,Nissan,Titan,Green Bay,Wisconsin,54313,US,44.5463,-88.1021,97572,"Schoen, Langosh and Graham",12/13/2022
172,Olia,Whitton,owhitton4r@bloomberg.com,Female,2005,Lexus,LX,Jamaica,New York,11407,US,40.6913,-73.8059,91717,Lockman-Kemmer,12/09/2025
173,Helenka,Aslen,haslen4s@mediafire.com,Female,1991,Pontiac,LeMans,Dallas,Texas,75353,US,32.7673,-96.7776,84659,Bednar-Rutherford,10/21/2024
174,Lelah,Grundle,lgrundle4t@canalblog.com,Female,1994,Mercury,Topaz,Jefferson City,Missouri,65110,US,38.5309,-92.2493,52279,Lebsack Inc,10/21/2023
175,Katherina,Janosevic,kjanosevic4u@uol.com.br,Female,1998,Subaru,Impreza,Las Vegas,Nevada,89115,US,36.2158,-115.0671,63124,"Muller, Crooks and Jacobson",11/12/2023
176,Alfy,Elphick,aelphick4v@army.mil,Male,2012,Honda,Civic,Nashville,Tennessee,37215,US,36.0986,-86.8219,60265,Batz and Sons,06/21/2024
177,Koren,McKirdy,kmckirdy4w@cmu.edu,Female,1998,Mitsubishi,GTO,Charleston,West Virginia,25331,US,38.2968,-81.5547,95670,Pfannerstill-Weissnat,06/22/2022
178,Nero,Whittington,nwhittington4x@joomla.org,Male,2006,Chevrolet,Colorado,Washington,District of Columbia,20557,US,38.8874,-77.0047,92315,Metz-Sawayn,02/23/2023
179,Nahum,Skillanders,nskillanders4y@ifeng.com,Male,2012,Mazda,Mazda2,Corpus Christi,Texas,78410,US,27.8458,-97.596,41728,Wiegand Inc,07/25/2025
180,Magdaia,Otterwell,motterwell4z@bbb.org,Female,1993,Oldsmobile,Cutlass Cruiser,Buffalo,New York,14225,US,42.9255,-78.7481,98265,Smith-Prohaska,11/16/2024
181,Tawsha,Dunne,tdunne50@constantcontact.com,Female,1998,Mazda,Protege,San Diego,California,92115,US,32.7607,-117.0721,59295,"Kozey, Maggio and Nicolas",02/07/2024
182,Haily,Lankester,hlankester51@youku.com,Male,1987,Buick,LeSabre,Cleveland,Ohio,44197,US,41.6857,-81.6728,94902,Powlowski-Harvey,03/26/2022
183,Dominik,Ehlerding,dehlerding52@ucla.edu,Male,2010,Bentley,Brooklands,Tacoma,Washington,98405,US,47.2484,-122.4644,33533,Nienow-Muller,08/21/2023
184,Marty,Cranshaw,mcranshaw53@topsy.com,Genderfluid,1999,Chrysler,Town & Country,Fort Worth,Texas,76192,US,32.7714,-97.2915,96789,Wehner and Sons,04/14/2025
185,Helaine,Woloschinski,hwoloschinski54@ucoz.ru,Female,2005,Pontiac,G6,Baton Rouge,Louisiana,70894,US,30.5159,-91.0804,85956,Rodriguez LLC,01/25/2025
186,Giorgio,Beddon,gbeddon55@usgs.gov,Male,2011,Mercedes-Benz,SLK-Class,Bridgeport,Connecticut,06606,US,41.2091,-73.2086,34026,Bauch LLC,04/01/2023
187,Delmer,Corrett,dcorrett56@epa.gov,Male,1992,Dodge,Monaco,Littleton,Colorado,80127,US,39.592,-105.1328,97077,Mraz-Klocko,09/25/2022
188,Lyle,Gosse,lgosse57@chron.com,Male,2012,GMC,Sierra 3500,Bakersfield,California,93386,US,35.2944,-118.9052,80577,Mayert Group,04/29/2025
189,Leeland,Currie,lcurrie58@spiegel.de,Male,2010,Lotus,Elise,Miami Beach,Florida,33141,US,25.8486,-80.1446,53568,Mraz-McDermott,04/04/2022
190,Paxon,Hutcheon,phutcheon59@businesswire.com,Male,2012,Land Rover,LR4,Vancouver,Washington,98664,US,45.6231,-122.5767,85797,Haley-Kunde,07/27/2025
191,Arny,Stevings,astevings5a@techcrunch.com,Male,1988,Lincoln,Continental,Bellevue,Washington,98008,US,47.6115,-122.1162,61642,"Farrell, Kassulke and Hermann",08/15/2022
192,Francyne,Halwell,fhalwell5b@nhs.uk,Female,2012,Toyota,Tacoma,Chicago,Illinois,60604,US,41.8784,-87.633,92398,Pollich and Sons,12/02/2023
193,Crawford,Hovel,chovel5c@washingtonpost.com,Polygender,2007,Audi,Q7,Boston,Massachusetts,02114,US,42.3611,-71.0682,41226,Pouros Inc,08/04/2025
194,Aguistin,Heugle,aheugle5d@redcross.org,Male,2012,Subaru,Outback,London,Kentucky,40745,US,37.1376,-84.1156,51328,"Hills, Ziemann and Rutherford",05/21/2025
195,Lucio,Elfleet,lelfleet5e@ed.gov,Male,2009,Chevrolet,Silverado 1500,Charlotte,North Carolina,28205,US,35.22,-80.7881,48984,Parker Group,12/20/2022
196,Park,Sparham,psparham5f@bloglines.com,Male,2008,Nissan,Rogue,Homestead,Florida,33034,US,25.2846,-80.6246,50880,"Kovacek, West and Feil",08/31/2022
197,Chaddy,Boyall,cboyall5g@usa.gov,Male,2004,Lincoln,LS,Huntington,West Virginia,25775,US,38.4134,-82.2774,89382,Treutel-Kertzmann,07/27/2025
198,Pancho,Silverston,psilverston5h@abc.net.au,Male,2006,GMC,Sierra 1500,Knoxville,Tennessee,37939,US,35.9901,-83.9622,85170,Kertzmann-Beer,01/01/2023
199,Billie,McWhinnie,bmcwhinnie5i@nsw.gov.au,Male,1986,Ford,Courier,Seattle,Washington,98148,US,47.4441,-122.3249,99827,Ruecker-Maggio,10/28/2025
200,Sampson,Blinco,sblinco5j@wsj.com,Male,2011,Hyundai,Genesis,San Francisco,California,94105,US,37.7864,-122.3892,96160,"Schamberger, Fadel and Hayes",02/15/2022
201,Mommy,Chrismas,mchrismas5k@businesswire.com,Female,2011,Ford,Ranger,Saint Paul,Minnesota,55115,US,45.071,-92.9391,39427,Kreiger-Crona,06/03/2025
202,Celina,Gorring,cgorring5l@admin.ch,Female,2009,Porsche,Boxster,Glendale,California,91205,US,34.1378,-118.2424,96263,Labadie-Becker,07/16/2024
203,Willard,Fleeming,wfleeming5m@squidoo.com,Male,2000,Chevrolet,Monte Carlo,Jersey City,New Jersey,07310,US,40.7324,-74.0431,74845,Spencer Inc,03/12/2024
204,Leila,Mollatt,lmollatt5n@diigo.com,Female,1992,Volkswagen,Jetta,Saint Louis,Missouri,63131,US,38.6171,-90.4504,74681,Hauck Group,05/23/2022
205,Pearl,Isbell,pisbell5o@pen.io,Female,1984,Lincoln,Mark VII,Grand Rapids,Michigan,49510,US,43.0314,-85.5503,51958,Lynch-White,05/10/2024
206,Rutherford,Dun,rdun5p@bluehost.com,Male,2009,Volkswagen,R32,Detroit,Michigan,48224,US,42.4098,-82.9441,88506,Hansen and Sons,09/25/2023
207,Lorinda,Pattle,lpattle5q@sfgate.com,Female,2006,Chevrolet,TrailBlazer,Fort Wayne,Indiana,46825,US,41.1465,-85.1232,35769,"Roberts, Brekke and Hoppe",10/18/2023
208,Lane,Graundisson,lgraundisson5r@4shared.com,Female,2000,GMC,Yukon XL 2500,Jacksonville,Florida,32255,US,30.287,-81.3893,83022,"Feest, Kuhic and Rippin",01/04/2023
209,Talbert,Bricket,tbricket5s@cargocollective.com,Male,1992,Mercury,Sable,Houston,Texas,77271,US,29.834,-95.4342,32020,Crooks-Schiller,01/14/2023
210,Issiah,Haggerston,ihaggerston5t@ucoz.ru,Male,1988,Porsche,911,Omaha,Nebraska,68105,US,41.2435,-95.9629,61792,Fisher-Durgan,07/09/2022
211,Hugh,O'Fearguise,hofearguise5u@samsung.com,Male,2002,Audi,A4,Birmingham,Alabama,35285,US,33.5446,-86.9292,55277,Wolf-Upton,01/23/2026
212,Harli,Hennemann,hhennemann5v@gnu.org,Female,2008,Toyota,Land Cruiser,Los Angeles,California,90081,US,33.7866,-118.2987,75398,"Haley, Dach and Beer",03/08/2025
213,Spense,Gristock,sgristock5w@admin.ch,Male,2009,Chevrolet,Traverse,Atlanta,Georgia,30316,US,33.7217,-84.3339,68336,Schaden-Feest,12/14/2022
214,Salomone,Grolmann,sgrolmann5x@loc.gov,Male,2008,Ferrari,430 Scuderia,Omaha,Nebraska,68124,US,41.2338,-96.0495,97482,Steuber Group,05/03/2022
215,Nadia,Valente,nvalente5y@abc.net.au,Agender,1998,Mitsubishi,Mirage,San Jose,California,95155,US,37.31,-121.9011,71046,Anderson-Stamm,12/23/2025
216,Tyrus,Minkin,tminkin5z@is.gd,Male,2011,Toyota,Sienna,Springfield,Massachusetts,01114,US,42.1707,-72.6048,45535,Harvey LLC,08/06/2024
217,Emelina,Bilney,ebilney60@tripadvisor.com,Female,2011,Ford,E250,Pittsburgh,Pennsylvania,15261,US,40.4344,-80.0248,81213,"Shanahan, Fay and Conroy",12/09/2022
218,Helaine,Ever,hever61@wunderground.com,Female,1998,Plymouth,Voyager,Buffalo,New York,14276,US,42.7684,-78.8871,54899,Koch and Sons,12/04/2022
219,Romain,Davie,rdavie62@sogou.com,Male,2011,Volkswagen,Jetta,Miami,Florida,33175,US,25.7341,-80.4068,79480,Nienow LLC,03/25/2024
220,Bette-ann,Larimer,blarimer63@ebay.co.uk,Female,1993,Acura,Legend,Sioux Falls,South Dakota,57188,US,43.6746,-96.7913,52392,Connelly Group,03/21/2025
221,Barbara,Orrah,borrah64@jugem.jp,Bigender,1985,Mercedes-Benz,SL-Class,Flint,Michigan,48555,US,43.0113,-83.7108,75980,McCullough-Ritchie,09/09/2024
222,Gae,Stuther,gstuther65@nydailynews.com,Female,1990,Honda,Civic,Minneapolis,Minnesota,55480,US,45.0159,-93.4719,66639,Ankunding and Sons,08/29/2025
223,Griffie,Leishman,gleishman66@sourceforge.net,Male,2004,Toyota,MR2,Sacramento,California,94280,US,38.3774,-121.4444,52295,"Lang, Bartoletti and Beatty",02/14/2025
224,Grier,Blankau,gblankau67@google.nl,Female,2008,Chevrolet,Avalanche,Fresno,California,93740,US,36.7464,-119.6397,97998,"Ward, Price and MacGyver",05/30/2025
225,Minnnie,Brocklehurst,mbrocklehurst68@yandex.ru,Female,2011,Mercedes-Benz,GLK-Class,Lexington,Kentucky,40591,US,38.0283,-84.4715,50963,Spencer-Haag,08/19/2022
226,Iris,Scartifield,iscartifield69@omniture.com,Female,2011,Nissan,JUKE,Peoria,Illinois,61651,US,40.7442,-89.7184,83414,"Franecki, O'Kon and Lubowitz",03/25/2024
227,Cly,Evamy,cevamy6a@php.net,Male,2002,Honda,Civic,Flint,Michigan,48550,US,43.0349,-83.6887,60085,Schoen-Hermiston,08/14/2024
228,Elsi,Symmons,esymmons6b@symantec.com,Female,1990,Lamborghini,Diablo,Huntington,West Virginia,25775,US,38.4134,-82.2774,50794,Wolff-Konopelski,08/09/2023
229,Trina,Bilyard,tbilyard6c@g.co,Female,2012,Mitsubishi,Galant,Chicago,Illinois,60686,US,41.8756,-87.6378,99949,Doyle-Stiedemann,11/01/2022
230,Pamela,Pasby,ppasby6d@moonfruit.com,Female,2012,BMW,X5,Columbus,Ohio,43204,US,39.9523,-83.078,86694,Nolan Inc,08/10/2024
231,Nessa,Paolo,npaolo6e@phoca.cz,Female,1988,Ford,Laser,Cincinnati,Ohio,45228,US,39.0706,-84.4179,67700,"Lind, Doyle and Cremin",11/20/2023
232,Cosmo,Pash,cpash6f@1688.com,Male,2008,Mazda,Mazda5,Baltimore,Maryland,21211,US,39.3316,-76.6336,88656,Mraz and Sons,07/25/2023
233,Xenos,Ausiello,xausiello6g@spiegel.de,Male,2001,Toyota,RAV4,El Paso,Texas,79905,US,31.7674,-106.4304,76824,Ritchie-Waelchi,03/14/2025
234,Daniella,Mitton,dmitton6h@cargocollective.com,Female,1985,Mitsubishi,Pajero,Pittsburgh,Pennsylvania,15250,US,40.4344,-80.0248,76705,Crooks Inc,10/17/2023
235,Lucio,Martinet,lmartinet6i@360.cn,Male,1994,Chevrolet,Corsica,Meridian,Mississippi,39305,US,32.4401,-88.6783,73279,"Grady, Bartoletti and Wuckert",11/20/2023
236,Shanta,Mearing,smearing6j@istockphoto.com,Female,2001,BMW,M3,Scottsdale,Arizona,85271,US,33.2765,-112.1872,66409,"White, Schmeler and Cummings",10/04/2025
237,Frederik,Beatson,fbeatson6k@dedecms.com,Male,2009,Kia,Sorento,Chicago,Illinois,60674,US,41.8119,-87.6873,85323,Gusikowski LLC,10/20/2024
238,Tailor,Tassel,ttassel6l@163.com,Male,1997,Isuzu,Trooper,Pittsburgh,Pennsylvania,15240,US,40.4344,-80.0248,97811,"Hyatt, Becker and Collier",07/19/2025
239,Mariele,Matieu,mmatieu6m@usnews.com,Female,2002,Volkswagen,New Beetle,Athens,Georgia,30605,US,33.9321,-83.3525,90326,Kreiger-Sporer,03/10/2022
240,Karney,Dyson,kdyson6n@histats.com,Male,2001,Mitsubishi,Diamante,Trenton,New Jersey,08619,US,40.2418,-74.6962,48396,Walker-Batz,12/25/2022
241,Jacquelyn,O'Neal,joneal6o@networksolutions.com,Female,1995,GMC,Vandura G1500,Saint Petersburg,Florida,33715,US,27.6705,-82.7119,37481,"Larson, Kub and Mante",06/14/2024
242,Aeriela,Illiston,ailliston6p@vkontakte.ru,Non-binary,1989,Mitsubishi,Chariot,Erie,Pennsylvania,16550,US,42.1827,-80.0649,70999,Oberbrunner-Doyle,04/27/2024
243,Webster,Chalcroft,wchalcroft6q@issuu.com,Genderfluid,2001,Pontiac,Aztek,Topeka,Kansas,66611,US,39.0142,-95.6982,54280,Hane LLC,09/04/2024
244,Monica,Lawson,mlawson6r@army.mil,Female,1991,Ford,Explorer,Wichita Falls,Texas,76305,US,33.9995,-98.3938,65423,"Veum, Brekke and Kertzmann",01/05/2024
245,Alley,Busfield,abusfield6s@soup.io,Male,2005,Honda,S2000,Decatur,Illinois,62525,US,39.854,-88.9815,56692,Ebert LLC,05/30/2022
246,Corry,Mitton,cmitton6t@yellowpages.com,Female,1993,Dodge,Ram 50,Corpus Christi,Texas,78410,US,27.8458,-97.596,56454,Parker-Howell,12/27/2022
247,Kelwin,Walding,kwalding6u@google.com.au,Male,1985,Saab,900,Washington,District of Columbia,20380,US,38.8933,-77.0146,84794,Fisher-Blick,04/29/2025
248,Suzi,Gartside,sgartside6v@bbc.co.uk,Female,1992,BMW,8 Series,Austin,Texas,78783,US,30.3264,-97.7713,84333,Powlowski LLC,07/13/2022
249,Anny,Loude,aloude6w@apple.com,Female,1996,Dodge,Ram 1500,Tampa,Florida,33686,US,27.872,-82.4388,82225,"Lakin, Tromp and Lemke",10/03/2022
250,Welby,Rae,wrae6x@webeden.co.uk,Male,2009,Honda,S2000,Hollywood,Florida,33023,US,25.9894,-80.2153,88236,Dicki Inc,07/12/2023
251,Dalis,Gillice,dgillice6y@ucoz.com,Male,1998,Volkswagen,New Beetle,Tucson,Arizona,85710,US,32.2138,-110.824,39852,Herman and Sons,10/07/2024
252,Hulda,Chidley,hchidley6z@vinaora.com,Female,1995,Chevrolet,3500,Houston,Texas,77010,US,29.7543,-95.3609,80985,Denesik and Sons,07/15/2022
253,Friedrich,Tipler,ftipler70@earthlink.net,Male,1992,Ford,F250,Albuquerque,New Mexico,87110,US,35.1104,-106.5781,38322,Heller Inc,04/05/2024
254,Fran,Esom,fesom71@fotki.com,Female,2007,Chevrolet,Suburban 1500,Harrisburg,Pennsylvania,17140,US,40.3086,-76.8464,59565,Deckow-Okuneva,09/16/2022
255,Lolita,Aldridge,laldridge72@cyberchimps.com,Female,2007,Suzuki,Grand Vitara,Las Vegas,Nevada,89160,US,35.9279,-114.9721,59106,Stracke-Dickinson,01/19/2023
256,Graeme,DeSousa,gdesousa73@360.cn,Male,1995,Mercury,Tracer,Los Angeles,California,90076,US,33.7866,-118.2987,30338,Walsh-Ratke,06/11/2022
257,Oates,Ranyard,oranyard74@epa.gov,Male,2003,Dodge,Ram Van 2500,Washington,District of Columbia,20337,US,38.8933,-77.0146,81057,Effertz-DuBuque,10/10/2022
258,Raoul,Deyes,rdeyes75@comcast.net,Male,2004,Mitsubishi,Lancer,Brockton,Massachusetts,02405,US,41.9705,-70.7014,71702,Terry Group,04/21/2024
259,Bent,Kimberly,bkimberly76@thetimes.co.uk,Male,2010,Ford,Explorer Sport Trac,Memphis,Tennessee,38168,US,35.2017,-89.9715,86206,Conn-Stamm,02/26/2022
260,Onofredo,Dennington,odennington77@geocities.com,Male,2000,Chevrolet,Malibu,Tacoma,Washington,98464,US,47.0662,-122.1132,50894,Doyle-Howell,01/24/2026
261,Baron,Adamowicz,badamowicz78@loc.gov,Male,1990,Lamborghini,Diablo,Saint Paul,Minnesota,55127,US,45.0803,-93.0875,50124,"Jacobi, Hilll and Toy",08/12/2023
262,Frazier,Couling,fcouling79@bing.com,Male,2011,Mercury,Milan,Los Angeles,California,90060,US,33.7866,-118.2987,82827,"Goodwin, Schimmel and Stroman",07/18/2022
263,Chancey,Gibke,cgibke7a@nifty.com,Male,1998,Chrysler,Cirrus,New York City,New York,10079,US,40.7808,-73.9772,31650,"Walsh, Nolan and Braun",12/05/2022
264,Efren,Van T'Hoog,evanthoog7b@webnode.com,Male,1995,Acura,Integra,Staten Island,New York,10305,US,40.5973,-74.0768,59755,Hagenes and Sons,08/07/2025
265,Sonni,Quinn,squinn7c@hp.com,Female,1984,Audi,5000S,Mobile,Alabama,36605,US,30.6341,-88.0846,84124,Schimmel-Langosh,07/16/2023
266,Conny,Buglass,cbuglass7d@mozilla.com,Male,1999,Chevrolet,Corvette,Arlington,Virginia,22225,US,38.8808,-77.113,95443,"Labadie, Kuhic and Dach",08/24/2024
267,Clementina,Fere,cfere7e@bing.com,Female,2005,Ford,F150,Bloomington,Illinois,61709,US,40.4614,-88.953,96089,Langworth-Carter,04/16/2022
268,Stavro,Knapman,sknapman7f@fc2.com,Male,1994,Alfa Romeo,Spider,Washington,District of Columbia,20299,US,38.8933,-77.0146,32702,Ebert and Sons,08/11/2024
269,Sharia,Pracy,spracy7g@dedecms.com,Agender,1999,Cadillac,Escalade,Atlanta,Georgia,30356,US,33.8913,-84.0746,38500,Bruen-Koch,09/26/2022
270,Jolynn,Brusby,jbrusby7h@vistaprint.com,Female,2002,GMC,Sierra 3500,Albany,New York,12222,US,42.6853,-73.8253,48784,Ebert Inc,07/27/2025
271,Hobart,Versey,hversey7i@studiopress.com,Male,1998,Audi,A4,Chicago,Illinois,60614,US,41.9229,-87.6483,45641,Rutherford-Krajcik,11/24/2024
272,Cissy,Hopewell,chopewell7j@omniture.com,Agender,2000,Toyota,MR2,Frankfort,Kentucky,40618,US,38.2341,-84.8748,55292,Bogan Group,09/04/2025
273,Celisse,McKea,cmckea7k@cam.ac.uk,Female,2010,Dodge,Caliber,Washington,District of Columbia,20503,US,38.9007,-77.0431,77540,Balistreri-Spencer,06/14/2023
274,Cherish,Bettleson,cbettleson7l@canalblog.com,Female,2006,Hummer,H2 SUV,Boston,Massachusetts,02283,US,42.3389,-70.9196,37686,Leannon-Jaskolski,02/14/2022
275,Gottfried,Arnot,garnot7m@163.com,Male,1992,Dodge,D250 Club,Atlanta,Georgia,30386,US,33.8444,-84.474,42357,Homenick-Gibson,11/29/2025
276,Pat,Wickie,pwickie7n@desdev.cn,Female,1995,GMC,Jimmy,Canton,Ohio,44720,US,40.8956,-81.433,54762,Hudson-Dach,08/16/2022
277,Tamera,Zammett,tzammett7o@usatoday.com,Female,2002,Daewoo,Lanos,Spokane,Washington,99260,US,47.6536,-117.4317,61670,Rodriguez-Pouros,11/15/2023
278,Seamus,Youings,syouings7p@ft.com,Non-binary,2009,Buick,LaCrosse,Mountain View,California,94042,US,37.1894,-121.7053,35571,Kshlerin-Pouros,06/14/2023
279,Ross,Whitefoot,rwhitefoot7q@edublogs.org,Male,2006,Aston Martin,Vantage,Davenport,Iowa,52809,US,41.613,-90.6063,89988,McDermott-Pollich,12/03/2023
280,Adrian,Lubomirski,alubomirski7r@mediafire.com,Genderqueer,2005,Mercedes-Benz,C-Class,Clearwater,Florida,33763,US,28.0173,-82.7461,37455,Ortiz LLC,10/09/2025
281,Tomaso,Mulder,tmulder7s@dot.gov,Male,1995,Volkswagen,Golf III,Sioux Falls,South Dakota,57188,US,43.6746,-96.7913,99181,"Moen, Predovic and Watsica",08/07/2022
282,Willdon,Wheelton,wwheelton7t@bloomberg.com,Male,1986,Mazda,RX-7,Macon,Georgia,31296,US,32.8067,-83.6913,71733,Reichel LLC,06/04/2022
283,Ezekiel,Gabler,egabler7u@soup.io,Polygender,2004,Lamborghini,Gallardo,Shawnee Mission,Kansas,66220,US,38.9613,-94.8222,79776,"White, Wisoky and Johnson",07/11/2024
284,Giacobo,Gommowe,ggommowe7v@who.int,Male,1998,Acura,RL,Houston,Texas,77276,US,29.7575,-95.3668,99451,Runolfsson-Schmidt,09/14/2023
285,Horst,Ciccottini,hciccottini7w@mediafire.com,Male,1990,Audi,100,Roanoke,Virginia,24029,US,37.2742,-79.9579,42182,Champlin Inc,11/29/2022
286,Karee,Quakley,kquakley7x@bing.com,Female,2012,Volvo,XC70,Houston,Texas,77271,US,29.834,-95.4342,39613,Cremin-Kohler,11/29/2024
287,Lurline,Dollen,ldollen7y@reference.com,Female,2012,Acura,RDX,East Saint Louis,Illinois,62205,US,38.6149,-90.1275,71755,"Bosco, Schowalter and Runte",11/22/2024
288,Delmar,Trighton,dtrighton7z@ihg.com,Male,2007,Volkswagen,GTI,Lexington,Kentucky,40524,US,38.0283,-84.4715,91122,Kutch and Sons,05/19/2025
289,Zachary,Kemshell,zkemshell80@xrea.com,Male,1988,Volkswagen,Fox,Denton,Texas,76205,US,33.1903,-97.1282,99937,O'Keefe-Bailey,11/19/2024
290,Doug,Vasechkin,dvasechkin81@odnoklassniki.ru,Male,2008,Cadillac,Escalade,Boise,Idaho,83757,US,43.4599,-116.244,57733,"Jenkins, Torp and Gutkowski",09/27/2023
291,Mela,Redsall,mredsall82@examiner.com,Female,2009,Audi,A3,Richmond,Virginia,23203,US,37.5593,-77.4471,96059,Weber-Kemmer,08/06/2023
292,Rourke,McGowan,rmcgowan83@furl.net,Male,2005,Mitsubishi,Endeavor,South Lake Tahoe,California,96154,US,38.8753,-120.0188,70695,Hudson LLC,07/21/2022
293,Dolley,Gyorffy,dgyorffy84@opensource.org,Bigender,1994,Mercury,Tracer,Greenville,South Carolina,29615,US,34.8661,-82.3198,76900,Durgan and Sons,07/29/2024
294,Tiertza,Sporle,tsporle85@state.gov,Female,2004,Toyota,Celica,Myrtle Beach,South Carolina,29579,US,33.7377,-78.9787,56003,"Koelpin, Larson and Grant",05/12/2024
295,Giorgio,Friatt,gfriatt86@utexas.edu,Male,1990,Ford,E-Series,Kalamazoo,Michigan,49006,US,42.2922,-85.633,99896,Shields Inc,02/18/2023
296,Gordan,Pfiffer,gpfiffer87@freewebs.com,Male,1997,Ford,Escort,Abilene,Texas,79605,US,32.432,-99.7724,53028,Fisher and Sons,10/07/2023
297,Mariana,Gritskov,mgritskov88@phoca.cz,Female,1998,Isuzu,Hombre Space,Oceanside,California,92056,US,33.1968,-117.2831,61072,Lakin-Hyatt,02/01/2025
298,Cordula,Hatherleigh,chatherleigh89@blogtalkradio.com,Female,1992,Ford,Econoline E150,Newton,Massachusetts,02458,US,42.3528,-71.1875,67446,Will-Russel,05/22/2025
299,Hart,McGenn,hmcgenn8a@cbslocal.com,Male,1998,Lexus,LS,Visalia,California,93291,US,36.3551,-119.301,31729,Lang Group,09/14/2025
300,Josephine,Shepeard,jshepeard8b@theguardian.com,Female,2008,Honda,Ridgeline,Lexington,Kentucky,40510,US,38.0702,-84.591,81860,Schoen LLC,01/16/2026
301,Curran,Woodham,cwoodham8c@imgur.com,Male,2010,Toyota,Sequoia,Irving,Texas,75037,US,32.7673,-96.7776,47191,Ondricka-Raynor,05/27/2025
302,Malcolm,Maffy,mmaffy8d@examiner.com,Male,1993,Buick,LeSabre,Redwood City,California,94064,US,37.3811,-122.3348,43775,"Kuhn, Bauch and Kertzmann",12/13/2025
303,Roanne,Highnam,rhighnam8e@cocolog-nifty.com,Female,2000,Mitsubishi,Eclipse,Fort Lauderdale,Florida,33325,US,26.1097,-80.3215,39170,Volkman-Hayes,04/04/2023
304,Isaiah,Gormley,igormley8f@vistaprint.com,Male,1995,Oldsmobile,Achieva,Phoenix,Arizona,85030,US,33.2765,-112.1872,41141,Greenfelder-Mertz,09/15/2022
305,Enrico,Gatherer,egatherer8g@google.com.br,Male,2011,Nissan,Murano,Kansas City,Kansas,66160,US,39.0966,-94.7495,56177,Connelly-Bashirian,07/11/2023
306,Xerxes,Croxon,xcroxon8h@cocolog-nifty.com,Male,2005,Mitsubishi,Diamante,San Bernardino,California,92410,US,34.1069,-117.2975,59526,Stamm-Ryan,09/12/2022
307,Danell,Eynaud,deynaud8i@youtube.com,Female,2012,Hyundai,HED-5,Los Angeles,California,90020,US,34.0665,-118.3022,64852,Blanda-Ernser,08/23/2024
308,Roxana,O'Flannery,roflannery8j@ning.com,Female,1996,GMC,Vandura G3500,San Francisco,California,94177,US,37.7848,-122.7278,95070,Wisoky-Pfannerstill,12/19/2025
309,Patsy,Wisdom,pwisdom8k@about.me,Female,1995,Geo,Metro,Boston,Massachusetts,02124,US,42.2868,-71.071,59063,"Bernier, Ruecker and Powlowski",06/05/2022
310,Gusella,McClure,gmcclure8l@purevolume.com,Genderfluid,2000,Ford,Taurus,Stockton,California,95205,US,37.9625,-121.2624,96581,Raynor-Ankunding,07/05/2024
311,Cosme,Baulch,cbaulch8m@bigcartel.com,Male,2007,Ford,Focus,Roanoke,Virginia,24029,US,37.2742,-79.9579,85027,Cruickshank-Stark,08/07/2022
312,Sherye,Wones,swones8n@rakuten.co.jp,Female,2004,Infiniti,G35,Gainesville,Florida,32610,US,29.6813,-82.3539,64386,Cartwright-Littel,03/04/2022
313,Lula,Caseri,lcaseri8o@statcounter.com,Female,2002,Lexus,LX,Pompano Beach,Florida,33064,US,26.2785,-80.1157,53107,Beatty LLC,10/05/2025
314,Adolphus,Dartnell,adartnell8p@goo.ne.jp,Male,1989,Ford,Aerostar,Fort Lauderdale,Florida,33320,US,26.1625,-80.2582,62479,Mann and Sons,05/17/2025
315,Gertrud,Sorsbie,gsorsbie8q@eventbrite.com,Female,2009,GMC,Savana 1500,Minneapolis,Minnesota,55480,US,45.0159,-93.4719,77444,Weimann-Rempel,05/16/2023
316,Rossie,Hotson,rhotson8r@telegraph.co.uk,Male,2005,Cadillac,Escalade EXT,Las Vegas,Nevada,89140,US,36.086,-115.1471,85376,Hamill-Effertz,07/11/2022
317,Roseann,Filson,rfilson8s@dmoz.org,Female,2007,Honda,Element,Santa Ana,California,92725,US,33.7465,-117.8662,74559,Schaefer-Towne,05/27/2022
318,Gallagher,Witcherley,gwitcherley8t@squidoo.com,Male,2003,Saab,9-3,Camden,New Jersey,08104,US,39.9186,-75.1078,31934,O'Conner and Sons,03/31/2022
319,Tabbatha,Riolfo,triolfo8u@comsenz.com,Female,2009,Volkswagen,New Beetle,Harrisburg,Pennsylvania,17121,US,40.2944,-76.8938,65092,Stokes and Sons,07/26/2024
320,Giles,Bentick,gbentick8v@google.cn,Male,2009,Saab,9-5,Phoenix,Arizona,85015,US,33.5082,-112.1011,86492,"Haley, Mraz and Herzog",03/13/2025
321,Alanson,Gerrill,agerrill8w@accuweather.com,Male,1973,Pontiac,Grand Prix,Canton,Ohio,44710,US,40.7911,-81.4169,81283,"Herzog, Lindgren and Mohr",04/16/2023
322,Meggi,Beachem,mbeachem8x@i2i.jp,Female,2001,BMW,530,Spokane,Washington,99215,US,47.6536,-117.4317,47411,"Gulgowski, Howe and Hauck",09/09/2022
323,Quinlan,Tabbitt,qtabbitt8y@eventbrite.com,Male,2006,Porsche,Cayenne,Young America,Minnesota,55551,US,44.8055,-93.7665,67123,Turner-Hayes,01/27/2026
324,Renee,MacTrustam,rmactrustam8z@ow.ly,Female,1989,Lamborghini,Countach,Baton Rouge,Louisiana,70894,US,30.5159,-91.0804,92009,"Bergnaum, Feil and Torphy",02/27/2023
325,Herve,McClarence,hmcclarence90@sogou.com,Male,2007,Acura,RL,Miami,Florida,33134,US,25.768,-80.2714,82429,Wiza LLC,04/17/2023
326,Maia,Danielian,mdanielian91@indiatimes.com,Female,1996,Mazda,B-Series Plus,Sacramento,California,94273,US,38.3774,-121.4444,61732,"Paucek, Padberg and Heaney",04/27/2022
327,Irwin,Junkison,ijunkison92@amazon.co.uk,Male,2005,Mitsubishi,Lancer,Honolulu,Hawaii,96820,US,21.351,-157.8795,78149,Volkman-Boyle,09/29/2022
328,Steve,Laguerre,slaguerre93@wikipedia.org,Male,1991,Ford,Bronco,Bakersfield,California,93381,US,35.2944,-118.9052,62780,Franecki-Kulas,04/14/2025
329,Sandi,Boykett,sboykett94@feedburner.com,Female,1995,Subaru,Legacy,Orlando,Florida,32885,US,28.5456,-81.3782,58313,"White, Feest and Ebert",10/10/2023
330,Nicol,Heliot,nheliot95@thetimes.co.uk,Female,1992,Cadillac,Fleetwood,Springfield,Illinois,62794,US,39.7495,-89.606,54398,Pfeffer Inc,09/02/2024
331,Jemimah,Eadington,jeadington96@harvard.edu,Female,1995,Jeep,Cherokee,Vienna,Virginia,22184,US,38.8318,-77.2888,32966,"Heaney, Mante and Schneider",10/16/2022
332,Marnie,Gillyatt,mgillyatt97@state.tx.us,Female,2010,Hyundai,Genesis,Des Moines,Iowa,50936,US,41.6727,-93.5722,79412,Schultz-Block,11/30/2025
333,Lou,Blastock,lblastock98@networkadvertising.org,Female,1992,Ford,Explorer,San Mateo,California,94405,US,37.3811,-122.3348,41487,Stehr LLC,02/16/2024
334,Carree,Brecknell,cbrecknell99@google.pl,Female,1989,Subaru,Justy,Chicago,Illinois,60630,US,41.9699,-87.7603,91354,Hettinger-Feil,10/03/2023
335,Heath,La Croce,hlacroce9a@uol.com.br,Male,1993,Mercedes-Benz,500SL,Sacramento,California,95838,US,38.6406,-121.444,89438,Murray-Kirlin,06/07/2025
336,Marcus,Stittle,mstittle9b@issuu.com,Male,2005,Pontiac,Grand Am,Carol Stream,Illinois,60158,US,41.9166,-88.1208,80602,"Mitchell, Hudson and Quigley",09/27/2023
337,Herby,Firpi,hfirpi9c@hud.gov,Male,2013,Porsche,Boxster,Bronx,New York,10464,US,40.8469,-73.7874,33287,Hartmann Group,12/25/2023
338,Heinrick,Spain-Gower,hspaingower9d@java.com,Male,1972,Ford,Thunderbird,Camden,New Jersey,08104,US,39.9186,-75.1078,76260,"Lindgren, Keeling and Stamm",11/17/2022
339,Brana,Noli,bnoli9e@blog.com,Female,1989,Buick,Reatta,New Orleans,Louisiana,70129,US,30.0877,-89.8462,47516,"Labadie, McDermott and McClure",04/09/2022
340,Joyan,Haberfield,jhaberfield9f@eventbrite.com,Female,2007,Saturn,Aura,Irving,Texas,75037,US,32.7673,-96.7776,45316,West-Hagenes,03/11/2024
341,Crosby,Cridlon,ccridlon9g@ocn.ne.jp,Male,2010,Mitsubishi,Eclipse,Ocala,Florida,34479,US,29.2541,-82.1095,92077,Schroeder Inc,11/03/2022
342,Renate,Farnham,rfarnham9h@blinklist.com,Female,2005,Toyota,Prius,Torrance,California,90505,US,33.8106,-118.3507,96923,Gislason-Swaniawski,09/11/2023
343,Neale,Draijer,ndraijer9i@spotify.com,Male,1993,Mercedes-Benz,600SEL,Alpharetta,Georgia,30022,US,34.0268,-84.2422,89682,Sipes Inc,04/01/2024
344,Caleb,MacCafferty,cmaccafferty9j@adobe.com,Male,2011,Cadillac,CTS,Des Moines,Iowa,50981,US,41.6727,-93.5722,81797,Schumm-Ortiz,01/23/2024
345,Letizia,Wooler,lwooler9k@github.com,Female,2009,Lamborghini,Murciélago,Mesa,Arizona,85205,US,33.4368,-111.7129,63551,Mitchell Inc,06/09/2025
346,Elmo,Coxhead,ecoxhead9l@mit.edu,Male,2005,Land Rover,LR3,Migrate,Kentucky,41905,US,38.0638,-84.5027,51573,"Jerde, Dickens and Auer",07/10/2022
347,Janie,Pearn,jpearn9m@jimdo.com,Female,2004,Dodge,Grand Caravan,New Orleans,Louisiana,70129,US,30.0877,-89.8462,65524,Bosco Inc,07/02/2025
348,Drugi,Halpeine,dhalpeine9n@umn.edu,Male,2002,Maserati,Spyder,Merrifield,Virginia,22119,US,38.8318,-77.2888,46346,Hagenes-Stiedemann,11/29/2022
349,Barthel,Rothchild,brothchild9o@google.ru,Male,2002,Ford,Thunderbird,Dallas,Texas,75221,US,32.8147,-96.7877,58842,Weimann-Murazik,10/18/2022
350,Paloma,Birts,pbirts9p@jiathis.com,Female,2004,Dodge,Caravan,Washington,District of Columbia,20409,US,38.8933,-77.0146,57508,"Gusikowski, Miller and Bruen",03/22/2023
351,Rock,Lundon,rlundon9q@ovh.net,Genderqueer,1997,Nissan,Altima,Boise,Idaho,83711,US,43.4599,-116.244,36710,Cassin Group,02/06/2022
352,Vinny,Borgnol,vborgnol9r@usnews.com,Female,2011,Ford,E250,Raleigh,North Carolina,27621,US,35.7977,-78.6253,52276,Gulgowski Inc,10/13/2023
353,Lory,Beer,lbeer9s@craigslist.org,Female,1996,Ford,F150,Columbia,South Carolina,29215,US,34.006,-80.9708,69044,"Gislason, Hodkiewicz and Deckow",11/22/2023
354,Clari,Isakovitch,cisakovitch9t@jimdo.com,Genderfluid,2004,Chrysler,Sebring,Miami,Florida,33180,US,25.9597,-80.1403,60006,Bartell Inc,09/15/2025
355,Meade,Dudeney,mdudeney9u@altervista.org,Male,1995,Subaru,Alcyone SVX,Huntington,West Virginia,25775,US,38.4134,-82.2774,83142,"Gulgowski, Larkin and Keebler",11/24/2025
356,Eydie,Petrolli,epetrolli9v@eventbrite.com,Female,2007,Lexus,ES,Saint Paul,Minnesota,55108,US,44.9806,-93.1771,80777,Blick LLC,08/22/2025
357,Imogene,Losebie,ilosebie9w@naver.com,Non-binary,1986,Volkswagen,Golf,Los Angeles,California,90045,US,33.9631,-118.3941,64132,Okuneva LLC,09/21/2022
358,Reynolds,Roberds,rroberds9x@angelfire.com,Male,2008,Ford,Explorer Sport Trac,Des Moines,Iowa,50305,US,41.6727,-93.5722,34796,"Crooks, Huels and Jast",09/19/2023
359,Bone,Kinnerley,bkinnerley9y@sourceforge.net,Male,1995,Chevrolet,Suburban 1500,Anchorage,Alaska,99517,US,61.1901,-149.9361,66299,O'Keefe Group,03/14/2022
360,Elton,Jasik,ejasik9z@stanford.edu,Male,1985,Pontiac,Firebird,Fort Lauderdale,Florida,33315,US,26.0989,-80.1541,46353,Volkman-Walter,08/04/2025
361,Katharyn,Dearl,kdearla0@sakura.ne.jp,Female,1995,Mazda,B-Series Plus,Baton Rouge,Louisiana,70820,US,30.3795,-91.1671,54028,"Cormier, Bruen and Wintheiser",10/30/2023
362,Wilhelmine,Houlston,whoulstona1@paginegialle.it,Female,2001,BMW,3 Series,Omaha,Nebraska,68164,US,41.2955,-96.1008,47172,Miller-Larson,06/13/2022
363,Rolph,Yakunikov,ryakunikova2@usgs.gov,Male,1993,Volkswagen,Fox,Pasadena,California,91103,US,34.1669,-118.1551,90539,Conn-Wiza,12/13/2022
364,Cristabel,Tennant,ctennanta3@macromedia.com,Non-binary,2004,Holden,Monaro,Modesto,California,95397,US,37.6566,-121.0191,87302,Koelpin Inc,05/25/2025
365,Waylon,Reichelt,wreichelta4@boston.com,Male,2013,Volvo,C30,Richmond,Virginia,23277,US,37.5535,-77.4604,57047,"Frami, Sawayn and Parisian",05/03/2022
366,Batsheva,Rebert,breberta5@goodreads.com,Female,1992,BMW,8 Series,Denver,Colorado,80262,US,39.731,-104.9384,41028,"Denesik, Hodkiewicz and Gibson",07/12/2022
367,Kingsly,Lambrechts,klambrechtsa6@virginia.edu,Male,2008,Kia,Rio,Chattanooga,Tennessee,37405,US,35.0768,-85.3082,41524,Sanford Group,08/27/2022
368,Anatol,O'Codihie,aocodihiea7@utexas.edu,Agender,1990,Lamborghini,Diablo,Billings,Montana,59105,US,45.9497,-108.599,43261,Dooley-Keebler,06/28/2025
369,Alister,Bonevant,abonevanta8@foxnews.com,Agender,1997,Land Rover,Range Rover,Gilbert,Arizona,85297,US,33.2781,-111.7096,73564,Mohr-Pollich,02/07/2022
370,Rheta,Huyton,rhuytona9@blogger.com,Female,2008,Mercedes-Benz,C-Class,Akron,Ohio,44393,US,41.1287,-81.54,61622,"Lynch, Kshlerin and Witting",10/05/2022
371,Margette,Steynor,msteynoraa@tuttocitta.it,Female,1964,Austin,Mini Cooper,Salem,Oregon,97306,US,44.8685,-123.0438,97234,O'Kon-Kling,08/13/2025
372,Robinet,Gulston,rgulstonab@flavors.me,Female,2005,Ford,F250,Chattanooga,Tennessee,37410,US,35.0018,-85.3138,59322,"Mante, Keebler and Emmerich",03/04/2023
373,Niles,McQuilty,nmcquiltyac@hp.com,Male,1986,Audi,5000CS Quattro,Brooklyn,New York,11225,US,40.6628,-73.9546,59879,Jones-Cassin,04/28/2022
374,Madalyn,Loughrey,mloughreyad@hostgator.com,Female,2002,Toyota,Sienna,Missoula,Montana,59806,US,47.116,-114.0498,45608,Balistreri-Nicolas,07/02/2022
375,Lorrayne,Gronous,lgronousae@upenn.edu,Female,1999,Isuzu,Hombre Space,Mesa,Arizona,85205,US,33.4368,-111.7129,61026,"Davis, Bogan and Lebsack",04/25/2025
376,Genevra,Gawthorpe,ggawthorpeaf@wiley.com,Female,1992,Cadillac,Eldorado,Bridgeport,Connecticut,06673,US,41.3089,-73.3637,67247,Brown-Kuhic,12/29/2023
377,Nick,Babar,nbabarag@naver.com,Non-binary,1986,Buick,Riviera,Phoenix,Arizona,85077,US,33.2765,-112.1872,73214,"Boyle, Hodkiewicz and Farrell",04/06/2024
378,Christiane,Peddie,cpeddieah@photobucket.com,Female,2005,Mazda,Tribute,Atlanta,Georgia,30323,US,33.8444,-84.474,30387,Spinka LLC,10/11/2024
379,Teddie,Sharvill,tsharvillai@hostgator.com,Female,1986,Audi,5000CS Quattro,El Paso,Texas,79934,US,31.9386,-106.4073,35800,"Hessel, Satterfield and Armstrong",12/24/2025
380,Vannie,Entres,ventresaj@nps.gov,Female,1991,Mercury,Sable,Tacoma,Washington,98442,US,47.3081,-122.4185,53341,"Nicolas, Kutch and Mertz",07/03/2025
381,Lauren,Balke,lbalkeak@weebly.com,Bigender,2011,GMC,Yukon XL 2500,Toledo,Ohio,43635,US,41.6868,-83.4394,84738,"Kshlerin, Nikolaus and Nitzsche",03/31/2025
382,Cam,Serrier,cserrieral@unicef.org,Male,1999,Cadillac,Escalade,Birmingham,Alabama,35215,US,33.6493,-86.7057,77229,"Okuneva, Dibbert and Bailey",11/10/2022
383,Derril,Coxen,dcoxenam@europa.eu,Male,2011,Bentley,Continental GTC,Tempe,Arizona,85284,US,33.3363,-111.9197,83823,"Kessler, Hessel and Strosin",10/29/2022
384,Bogey,Kelloch,bkellochan@cornell.edu,Male,2007,Chevrolet,Uplander,El Paso,Texas,79905,US,31.7674,-106.4304,90936,Beier Group,10/21/2024
385,Lorettalorna,Barracks,lbarracksao@sina.com.cn,Female,2005,Land Rover,LR3,Bakersfield,California,93305,US,35.3855,-118.986,48540,Wilkinson and Sons,01/13/2023
386,Creighton,Catterell,ccatterellap@sphinn.com,Male,1994,Oldsmobile,Cutlass Supreme,New York City,New York,10203,US,40.7808,-73.9772,72758,Bogan-Bauch,09/08/2025
387,Poul,Hawkin,phawkinaq@unc.edu,Male,2011,Mercedes-Benz,CL-Class,West Palm Beach,Florida,33421,US,26.6459,-80.4303,36956,Luettgen-Walsh,12/11/2025
388,Tedmund,Oakhill,toakhillar@homestead.com,Male,2005,Lamborghini,Gallardo,Midland,Texas,79710,US,31.8693,-102.0317,54803,Pouros and Sons,09/09/2024
389,Trula,Dell'Abbate,tdellabbateas@163.com,Female,2010,Toyota,Sequoia,Gatesville,Texas,76598,US,31.3902,-97.7993,78745,Larson Inc,06/04/2025
390,Hanson,Stollery,hstolleryat@nbcnews.com,Male,1987,Pontiac,Safari,Saint Louis,Missouri,63196,US,38.6531,-90.2435,65064,Gottlieb-Cremin,10/14/2023
391,Jamima,Burehill,jburehillau@imageshack.us,Female,2009,Dodge,Ram 1500,Washington,District of Columbia,20551,US,38.892,-77.0452,38328,Greenholt Inc,08/31/2023
392,Leonora,Cushion,lcushionav@geocities.jp,Female,2002,Jaguar,XK Series,Abilene,Texas,79699,US,32.4665,-99.7117,43689,Weissnat Inc,07/19/2024
393,Theresa,Godball,tgodballaw@google.es,Female,1997,Lincoln,Town Car,Shawnee Mission,Kansas,66276,US,38.8999,-94.832,58214,White-Effertz,06/08/2024
394,Ilysa,Fochs,ifochsax@free.fr,Female,2012,Mercedes-Benz,Sprinter 3500,Newark,New Jersey,07195,US,40.7918,-74.2452,54466,Erdman Inc,01/18/2026
395,Modestia,Blaber,mblaberay@microsoft.com,Female,1996,Toyota,Paseo,North Little Rock,Arkansas,72118,US,34.8337,-92.3289,62359,"Hyatt, Gorczany and Adams",10/18/2022
396,Nixie,Bezzant,nbezzantaz@storify.com,Female,2006,Chevrolet,Monte Carlo,Odessa,Texas,79764,US,31.8767,-102.4375,95051,Reilly-DuBuque,09/22/2025
397,Hyacintha,Rubinovitch,hrubinovitchb0@slideshare.net,Female,2003,Toyota,Highlander,Sioux City,Iowa,51110,US,42.4011,-96.372,47951,"Anderson, Daniel and Buckridge",02/22/2022
398,Grace,Tothe,gtotheb1@timesonline.co.uk,Female,2013,Hyundai,Accent,New York City,New York,10004,US,40.6964,-74.0253,70304,"Gulgowski, Glover and Walsh",06/02/2022
399,Wye,Axell,waxellb2@tiny.cc,Male,2008,Saturn,Outlook,Salt Lake City,Utah,84125,US,40.6681,-111.9083,42861,Keeling Group,10/03/2023
400,Melitta,Sharphouse,msharphouseb3@geocities.jp,Genderfluid,2003,Mitsubishi,Montero Sport,Colorado Springs,Colorado,80915,US,38.8558,-104.7134,78861,Stiedemann and Sons,03/29/2022
401,Morgana,Girkin,mgirkinb4@dmoz.org,Female,2012,Smart,Fortwo,Louisville,Kentucky,40220,US,38.2149,-85.6245,45476,White-Greenfelder,10/18/2024
402,Brig,Genery,bgeneryb5@businesswire.com,Non-binary,1998,Honda,Prelude,Austin,Texas,78764,US,30.4455,-97.6595,47933,Gulgowski-Windler,03/12/2025
403,Carolynn,Gladdish,cgladdishb6@ning.com,Female,1992,Mitsubishi,Diamante,New York City,New York,10125,US,40.7808,-73.9772,45487,Reichel Group,02/16/2025
404,Kurt,Loveday,klovedayb7@paypal.com,Male,2002,BMW,7 Series,El Paso,Texas,79994,US,31.6948,-106.3,74477,"Torphy, Waelchi and Bosco",09/30/2024
405,Randal,Swift,rswiftb8@patch.com,Male,1994,Alfa Romeo,Spider,Beaverton,Oregon,97075,US,45.5486,-123.1147,91895,"Fisher, Kessler and Bechtelar",02/22/2022
406,Lalo,Tures,lturesb9@simplemachines.org,Male,1992,Geo,Tracker,Pensacola,Florida,32595,US,30.6143,-87.2758,87208,"Macejkovic, Hauck and Weissnat",10/30/2024
407,Victoir,Dudley,vdudleyba@stumbleupon.com,Male,2000,Ford,Th!nk,Lincoln,Nebraska,68531,US,40.9008,-96.7201,55120,"Buckridge, O'Hara and Willms",10/25/2025
408,Almeda,Nutley,anutleybb@etsy.com,Female,2006,Chevrolet,Express 2500,Atlanta,Georgia,30343,US,33.8444,-84.474,77987,Schaden and Sons,12/05/2025
409,Tamiko,Carrane,tcarranebc@biblegateway.com,Female,2002,Dodge,Ram Van 2500,Saint Paul,Minnesota,55114,US,44.968,-93.1981,57358,Rosenbaum LLC,12/20/2025
410,Cristine,Leacy,cleacybd@scientificamerican.com,Female,2011,Porsche,Boxster,Portland,Maine,04109,US,43.6783,-70.1987,86119,Stanton and Sons,01/21/2025
411,Francisca,Faussett,ffaussettbe@dagondesign.com,Female,2004,Lexus,RX,San Bernardino,California,92424,US,34.84,-115.9671,68659,Vandervort-Senger,07/01/2023
412,Margery,Facer,mfacerbf@comcast.net,Female,1994,Subaru,Justy,Daytona Beach,Florida,32123,US,29.0227,-81.1722,51296,Smitham-Zieme,01/23/2026
413,Lorrayne,Dashwood,ldashwoodbg@i2i.jp,Female,2005,BMW,325,Beaufort,South Carolina,29905,US,32.3401,-80.689,43408,Hudson-Cartwright,09/17/2025
414,Domenic,Brosoli,dbrosolibh@aboutads.info,Male,1993,Cadillac,Sixty Special,Honolulu,Hawaii,96845,US,21.3278,-157.8294,93329,Davis Group,12/12/2022
415,Millicent,Melchior,mmelchiorbi@dmoz.org,Female,2006,Aston Martin,DB9,Detroit,Michigan,48295,US,42.2399,-83.1508,88281,"Bergnaum, Schiller and Shields",03/13/2023
416,Barry,Slessor,bslessorbj@sakura.ne.jp,Female,2004,Maserati,Spyder,Saint Cloud,Minnesota,56398,US,45.5289,-94.5933,59400,Stracke-Shanahan,12/25/2022
417,Augustine,Ebertz,aebertzbk@weebly.com,Male,2009,Toyota,Avalon,Fredericksburg,Virginia,22405,US,38.3365,-77.4366,60547,Stracke-Dooley,11/16/2023
418,Uriel,Larose,ularosebl@ebay.co.uk,Male,1993,Lotus,Esprit,Honolulu,Hawaii,96845,US,21.3278,-157.8294,65357,Johns Inc,08/22/2023
419,Christos,Race,cracebm@sina.com.cn,Male,1993,Dodge,D150 Club,Irving,Texas,75062,US,32.8479,-96.974,95282,Tillman Group,01/10/2025
420,Tabbie,Rickaert,trickaertbn@icq.com,Male,2012,Lexus,GX,Boston,Massachusetts,02203,US,42.3615,-71.0604,50279,Watsica-Blick,01/09/2026
421,Samantha,Aps,sapsbo@mac.com,Female,2008,Land Rover,LR3,Syracuse,New York,13217,US,43.0214,-76.1977,68339,Mante-Bahringer,02/27/2022
422,Sarge,Patshull,spatshullbp@fema.gov,Male,1995,Dodge,Ram 3500 Club,Houston,Texas,77085,US,29.6218,-95.4819,83050,"Cartwright, Stroman and Fahey",06/29/2022
423,Aurelie,Noen,anoenbq@tripod.com,Female,2007,Buick,Terraza,Salt Lake City,Utah,84110,US,40.6681,-111.9083,83217,Senger-Bergnaum,05/02/2024
424,Rock,Lawlan,rlawlanbr@360.cn,Male,1988,Mitsubishi,Tredia,Philadelphia,Pennsylvania,19120,US,40.0343,-75.1213,72307,Wiegand Group,06/02/2023
425,Stevy,Kyle,skylebs@psu.edu,Male,2009,Bentley,Continental GTC,Rockford,Illinois,61105,US,42.3254,-89.1705,81816,"Christiansen, Dare and Runolfsson",09/01/2023
426,Jacquenetta,Gifkins,jgifkinsbt@msn.com,Female,2008,Toyota,Corolla,Washington,District of Columbia,20409,US,38.8933,-77.0146,68098,"Wilkinson, Keebler and Ebert",03/18/2023
427,Clay,Cokayne,ccokaynebu@arizona.edu,Non-binary,2005,Suzuki,Aerio,Naples,Florida,33961,US,26.045,-81.6669,32253,Spinka-Feest,03/21/2024
428,Greggory,Esmead,gesmeadbv@un.org,Male,1992,Mercedes-Benz,SL-Class,Salt Lake City,Utah,84110,US,40.6681,-111.9083,76965,Bernhard-Hessel,06/20/2022
429,Sallyanne,Cobon,scobonbw@youtube.com,Female,1996,Chevrolet,Blazer,Pasadena,Texas,77505,US,29.6518,-95.1464,31232,"Pfeffer, Tremblay and Trantow",03/24/2023
430,Olga,Pascho,opaschobx@t-online.de,Female,2011,Audi,S4,Oakland,California,94622,US,37.799,-122.2337,63842,Murray-Streich,12/22/2022
431,Aloysius,Crookston,acrookstonby@friendfeed.com,Male,1993,Mercury,Cougar,El Paso,Texas,88519,US,31.6948,-106.3,70187,Hauck LLC,03/18/2025
432,Sebastiano,Paolillo,spaolillobz@soundcloud.com,Male,1994,Acura,NSX,Apache Junction,Arizona,85219,US,33.3616,-111.2795,44246,"Kunze, Hackett and Stracke",04/11/2022
433,Merrill,Scaife,mscaifec0@answers.com,Female,1997,Ford,Econoline E250,Nashville,Tennessee,37250,US,36.1866,-86.7852,71960,"Larson, Bartoletti and O'Keefe",05/25/2022
434,Rustie,Wenden,rwendenc1@blinklist.com,Male,1995,Mercedes-Benz,C-Class,Honolulu,Hawaii,96850,US,21.3095,-157.863,59941,White-Herman,09/10/2024
435,Genovera,Attkins,gattkinsc2@so-net.ne.jp,Female,2013,Jaguar,XK Series,Tucson,Arizona,85732,US,32.0848,-110.7122,37705,Wiza and Sons,10/07/2022
436,Romy,Arnholtz,rarnholtzc3@fastcompany.com,Female,2009,Audi,Q7,Sparks,Nevada,89436,US,39.6269,-119.7081,75126,"Jerde, Pfeffer and Schultz",04/10/2025
437,Gib,Hannent,ghannentc4@wix.com,Male,2008,Infiniti,QX,Irvine,California,92619,US,33.6706,-117.7645,68621,Kuhic-Skiles,08/18/2024
438,Theadora,Dimsdale,tdimsdalec5@mlb.com,Female,2003,Dodge,Durango,Terre Haute,Indiana,47805,US,39.5327,-87.3255,88045,"Rippin, Gleason and Windler",03/05/2025
439,Corabel,Jaspar,cjasparc6@narod.ru,Female,1991,Mitsubishi,Pajero,Washington,District of Columbia,20420,US,38.9035,-77.0276,43815,"Rogahn, Douglas and Gorczany",04/30/2024
440,Vince,Pengelley,vpengelleyc7@drupal.org,Male,2012,Mercedes-Benz,E-Class,Kansas City,Missouri,64160,US,39.2829,-94.409,37392,"Stanton, Wuckert and Zieme",01/19/2024
441,Pip,Motto,pmottoc8@archive.org,Male,2004,Ford,Excursion,New York City,New York,10009,US,40.7262,-73.9796,32851,Hane LLC,09/03/2022
442,Roberto,Tremblett,rtremblettc9@japanpost.jp,Male,2007,Subaru,B9 Tribeca,Los Angeles,California,90025,US,34.0447,-118.4487,39632,Conn Inc,02/28/2022
443,Gonzalo,Gosneye,ggosneyeca@wisc.edu,Male,2004,Chevrolet,Tahoe,Tucson,Arizona,85715,US,32.2519,-110.82,70767,Morissette-McGlynn,12/13/2022
444,Ty,Farryan,tfarryancb@berkeley.edu,Male,1999,Mazda,626,Roanoke,Virginia,24024,US,37.2742,-79.9579,86975,Spencer and Sons,05/27/2022
445,Hamel,Gillfillan,hgillfillancc@mapy.cz,Male,1994,Honda,Prelude,New York City,New York,10105,US,40.7628,-73.9785,91284,"Kiehn, Daniel and Collins",07/08/2022
446,Roderick,Tweede,rtweedecd@de.vu,Male,2008,Ford,GT500,Omaha,Nebraska,68144,US,41.2335,-96.1188,61498,Hodkiewicz-Hessel,02/20/2025
447,Philip,Alexander,palexanderce@unc.edu,Bigender,2004,Mercedes-Benz,C-Class,Charlotte,North Carolina,28220,US,35.26,-80.8042,54925,Hand Group,08/07/2024
448,Ginevra,Costerd,gcosterdcf@delicious.com,Female,1985,Mercury,Topaz,Dayton,Ohio,45454,US,39.7505,-84.2686,51824,"Waters, Mueller and Berge",02/21/2022
449,Mariette,Bessey,mbesseycg@macromedia.com,Female,2006,Chrysler,300,Des Moines,Iowa,50362,US,41.6727,-93.5722,99974,Waelchi and Sons,04/25/2024
450,Mathilde,Korba,mkorbach@skyrock.com,Female,1997,Chevrolet,G-Series 1500,Virginia Beach,Virginia,23471,US,36.7957,-76.0126,49656,"Jacobs, Connelly and Herman",02/07/2023
451,Aprilette,Le-Good,alegoodci@admin.ch,Female,2012,Toyota,Tundra,North Little Rock,Arkansas,72118,US,34.8337,-92.3289,47480,Skiles Group,06/05/2024
452,Faythe,Bletcher,fbletchercj@themeforest.net,Female,2008,GMC,Yukon XL 1500,New Orleans,Louisiana,70149,US,30.033,-89.8826,56848,"Nienow, McCullough and Kassulke",12/06/2022
453,Chauncey,Griffitts,cgriffittsck@skype.com,Male,2010,Ferrari,California,Chicago,Illinois,60686,US,41.8756,-87.6378,51745,Mante-Herman,08/07/2025
454,Rodie,Brugman,rbrugmancl@typepad.com,Female,2011,Ford,Taurus,Portland,Oregon,97201,US,45.5078,-122.6897,57888,Wyman Group,04/09/2022
455,Anthony,Maulin,amaulincm@clickbank.net,Polygender,1992,Mazda,929,Los Angeles,California,90060,US,33.7866,-118.2987,65465,Jenkins Inc,11/07/2024
456,Selma,Leadbeater,sleadbeatercn@reverbnation.com,Female,2006,Chevrolet,Suburban 2500,Garden Grove,California,92844,US,33.7661,-117.9738,75233,Bauch Inc,05/10/2022
457,Edithe,Jude,ejudeco@yahoo.com,Female,2012,Audi,S4,Alhambra,California,91841,US,33.7866,-118.2987,64954,Leannon Inc,05/03/2025
458,Nikolai,Gherardesci,ngherardescicp@studiopress.com,Male,1989,Honda,Accord,Brooklyn,New York,11254,US,40.6451,-73.945,44585,Emard-MacGyver,05/30/2024
459,Thebault,Cuttles,tcuttlescq@jiathis.com,Male,2012,Hyundai,Equus,Washington,District of Columbia,20530,US,38.8976,-77.027,32938,Nolan-Johnston,05/26/2024
460,Adriano,Whetnall,awhetnallcr@guardian.co.uk,Male,1996,Dodge,Intrepid,East Saint Louis,Illinois,62205,US,38.6149,-90.1275,76161,Fadel Inc,05/07/2022
461,Mart,Kornel,mkornelcs@netscape.com,Male,2001,Saab,9-5,Norman,Oklahoma,73071,US,35.233,-97.4067,66930,"Hane, Reichel and Ratke",11/12/2024
462,Margareta,Stembridge,mstembridgect@ycombinator.com,Female,2000,Dodge,Avenger,Erie,Pennsylvania,16522,US,42.1827,-80.0649,73762,Crona Group,04/05/2025
463,Gabe,Webberley,gwebberleycu@usgs.gov,Male,2012,Kia,Forte,Miami,Florida,33124,US,25.5584,-80.4582,92417,Roberts LLC,06/19/2022
464,Brannon,Younge,byoungecv@sciencedaily.com,Male,1998,Mazda,B-Series Plus,Santa Barbara,California,93106,US,34.4329,-119.8371,66728,"Donnelly, Spencer and Balistreri",05/10/2023
465,Cornelius,Maffulli,cmaffullicw@xrea.com,Male,1967,Jensen,Interceptor,New York City,New York,10150,US,40.7808,-73.9772,78015,Kessler Group,12/10/2024
466,Jehu,Girth,jgirthcx@home.pl,Male,2000,Mazda,B-Series Plus,Las Vegas,Nevada,89166,US,36.3265,-115.3398,98708,Kihn Inc,08/24/2022
467,Ilise,Favill,ifavillcy@joomla.org,Female,1986,Honda,Accord,Fresno,California,93750,US,36.7464,-119.6397,52481,Rippin LLC,01/31/2022
468,Jami,Bonevant,jbonevantcz@mac.com,Genderqueer,2006,GMC,Yukon,Corpus Christi,Texas,78410,US,27.8458,-97.596,80154,Bartoletti-Halvorson,06/14/2022
469,Mab,Cayzer,mcayzerd0@guardian.co.uk,Female,2008,Maserati,Quattroporte,Kansas City,Missouri,64153,US,39.2627,-94.697,53945,"Aufderhar, Cummerata and Connelly",12/29/2025
470,Penrod,Salandino,psalandinod1@surveymonkey.com,Male,2009,Mazda,MX-5,Shawnee Mission,Kansas,66276,US,38.8999,-94.832,55172,Brekke and Sons,06/15/2025
471,Julianne,Litherborough,jlitherboroughd2@cyberchimps.com,Female,2002,Nissan,Frontier,Jackson,Mississippi,39204,US,32.2832,-90.2306,75268,Wehner Inc,06/06/2023
472,Kimbell,Wishkar,kwishkard3@seattletimes.com,Male,1995,Mercury,Sable,El Paso,Texas,88535,US,31.6948,-106.3,86055,Altenwerth-Flatley,05/06/2023
473,King,Redmell,kredmelld4@pen.io,Male,2010,Chevrolet,Suburban,Charlotte,North Carolina,28278,US,35.2072,-80.9568,35016,Klocko and Sons,06/15/2023
474,Geordie,Jaycox,gjaycoxd5@cbsnews.com,Male,1995,Kia,Sportage,El Paso,Texas,79905,US,31.7674,-106.4304,56571,Schoen-Russel,02/07/2022
475,Spencer,Camier,scamierd6@bloomberg.com,Male,2009,Lamborghini,Murciélago,Greensboro,North Carolina,27425,US,36.0807,-80.0244,66764,Cormier and Sons,05/16/2023
476,Carena,Trahmel,ctrahmeld7@goo.gl,Female,2012,Porsche,Boxster,North Port,Florida,34290,US,27.0459,-82.2491,93134,Runte-Boyer,01/28/2023
477,Jerald,Whetland,jwhetlandd8@google.fr,Male,2005,Lexus,SC,El Paso,Texas,88579,US,31.6948,-106.3,42611,Homenick Group,08/11/2025
478,Bili,Lages,blagesd9@technorati.com,Female,1988,Pontiac,Safari,Washington,District of Columbia,20566,US,38.8971,-77.0554,63278,Herman LLC,02/25/2022
479,Killian,Mar,kmarda@wsj.com,Male,2002,Maserati,Spyder,Peoria,Illinois,61605,US,40.6775,-89.6263,59159,"Considine, Bechtelar and Kunze",09/20/2023
480,Marne,Allwright,mallwrightdb@umn.edu,Female,1995,Mercedes-Benz,S-Class,Olympia,Washington,98516,US,47.1126,-122.7794,45750,Harvey-Farrell,10/29/2023
481,Salim,Shrigley,sshrigleydc@e-recht24.de,Male,1996,Nissan,300ZX,Cincinnati,Ohio,45254,US,39.1668,-84.5382,39431,"Strosin, Von and Harvey",10/09/2024
482,Colan,Huffa,chuffadd@twitter.com,Male,2005,Volkswagen,Jetta,Abilene,Texas,79699,US,32.4665,-99.7117,55304,Anderson and Sons,10/27/2022
483,Ethel,Lodwick,elodwickde@acquirethisname.com,Female,2010,Toyota,FJ Cruiser,West Palm Beach,Florida,33405,US,26.67,-80.0582,76682,D'Amore-O'Connell,04/23/2023
484,Conan,Nudde,cnuddedf@harvard.edu,Male,1995,Geo,Metro,Evansville,Indiana,47705,US,37.9971,-87.575,66963,Baumbach-Yundt,08/24/2025
485,Carie,Coleyshaw,ccoleyshawdg@pinterest.com,Female,1998,Dodge,Ram Van 2500,Des Moines,Iowa,50320,US,41.5487,-93.5827,45794,"Zieme, Corkery and Koch",08/08/2024
486,Kassey,Rabbage,krabbagedh@purevolume.com,Female,1996,Honda,Civic,Santa Barbara,California,93106,US,34.4329,-119.8371,64036,Greenfelder-Grant,09/09/2023
487,Sonnie,Olexa,solexadi@wix.com,Male,1990,Saab,9000,Los Angeles,California,90045,US,33.9631,-118.3941,57320,Deckow-Farrell,05/13/2023
488,Craggie,Ayrs,cayrsdj@gov.uk,Male,2009,Mercedes-Benz,C-Class,Arlington,Texas,76004,US,32.7714,-97.2915,59051,Spinka-Haag,09/14/2024
489,Chalmers,Tilney,ctilneydk@amazon.com,Bigender,2010,Suzuki,Grand Vitara,Huntington Beach,California,92648,US,33.6773,-118.0051,55462,"Aufderhar, Parker and Buckridge",02/17/2024
490,Uta,Cootes,ucootesdl@yahoo.com,Female,2010,Ferrari,California,Tulsa,Oklahoma,74184,US,36.1398,-96.0297,62788,Quigley-Streich,10/25/2022
491,Nance,Brosh,nbroshdm@webmd.com,Female,2009,Mitsubishi,Endeavor,Greensboro,North Carolina,27415,US,36.0807,-80.0244,89126,Veum-Wolf,04/10/2023
492,Gaston,Bracchi,gbracchidn@japanpost.jp,Male,1992,Mercedes-Benz,300TE,Huntington,West Virginia,25709,US,38.1321,-82.4183,90765,Kovacek Inc,09/07/2022
493,Redd,Jarvis,rjarvisdo@aol.com,Male,2003,Dodge,Ram 3500,New York City,New York,10275,US,40.7808,-73.9772,67431,"Nader, Koch and Brown",10/31/2024
494,Lorna,Greenhalgh,lgreenhalghdp@hud.gov,Female,2007,Nissan,Xterra,Oklahoma City,Oklahoma,73179,US,35.4242,-97.6547,98664,Langosh Group,12/16/2025
495,Bart,Mathevon,bmathevondq@hc360.com,Male,2010,Ford,Flex,Long Beach,California,90831,US,33.7678,-118.1994,30639,"Russel, Wolff and Morissette",04/27/2022
496,Lowrance,Pevsner,lpevsnerdr@pbs.org,Male,2006,Honda,Pilot,Honolulu,Hawaii,96850,US,21.3095,-157.863,70090,"Conroy, DuBuque and Jaskolski",09/10/2025
497,Julie,Phipson,jphipsonds@google.es,Agender,1995,Infiniti,J,Boston,Massachusetts,02216,US,42.3389,-70.9196,84982,King LLC,08/31/2024
498,Myrtle,Heersma,mheersmadt@wikispaces.com,Female,2000,Pontiac,Grand Am,Biloxi,Mississippi,39534,US,30.4067,-88.9211,93987,"Gleason, Mraz and Murray",02/12/2023
499,Naoma,Gosden,ngosdendu@census.gov,Female,2007,Chevrolet,HHR,Springfield,Massachusetts,01114,US,42.1707,-72.6048,84048,"Corwin, Will and Schmitt",08/14/2022
500,Desiri,Dallison,ddallisondv@tripod.com,Agender,2008,Dodge,Avenger,Grand Rapids,Michigan,49510,US,43.0314,-85.5503,91633,"Altenwerth, O'Conner and Weissnat",12/29/2023
501,Zackariah,Duddell,zduddelldw@jiathis.com,Male,1995,BMW,7 Series,Milwaukee,Wisconsin,53215,US,43.006,-87.9429,54031,Glover Inc,10/25/2023
502,Waylen,Juett,wjuettdx@fda.gov,Male,2010,Maserati,GranTurismo,Pompano Beach,Florida,33064,US,26.2785,-80.1157,43422,Pollich-Harris,11/24/2023
503,Loria,Candlin,lcandlindy@networkadvertising.org,Female,2013,Ford,Fiesta,Ogden,Utah,84403,US,41.1894,-111.9489,44201,"Bruen, Runte and Beer",05/31/2023
504,Creight,Measor,cmeasordz@paypal.com,Male,1994,Geo,Prizm,Columbia,Missouri,65218,US,38.9033,-92.1022,66824,"Wisoky, Oberbrunner and Wisozk",02/12/2024
505,Meryl,Middlewick,mmiddlewicke0@vk.com,Male,2004,Chevrolet,Express 1500,Baltimore,Maryland,21281,US,39.2847,-76.6205,51892,Blick and Sons,04/24/2025
506,Kory,Baldacchi,kbaldacchie1@goodreads.com,Genderqueer,2010,Cadillac,SRX,Pittsburgh,Pennsylvania,15240,US,40.4344,-80.0248,79731,Dooley LLC,06/29/2023
507,Clerissa,Goody,cgoodye2@domainmarket.com,Female,1990,Pontiac,Turbo Firefly,New Orleans,Louisiana,70165,US,30.033,-89.8826,82746,Cassin and Sons,06/29/2022
508,Daffie,Sorel,dsorele3@360.cn,Agender,1986,Ford,Ranger,Saint Louis,Missouri,63180,US,38.6531,-90.2435,59824,"Hayes, Weimann and White",08/04/2023
509,Claudetta,Beauvais,cbeauvaise4@sfgate.com,Non-binary,2002,Acura,NSX,Panama City,Florida,32405,US,30.1949,-85.6727,48980,Kemmer-Auer,09/11/2023
510,Nonna,McLugaish,nmclugaishe5@yolasite.com,Female,2004,Kia,Amanti,Milwaukee,Wisconsin,53277,US,43.0389,-87.9024,70021,Bernhard Inc,07/15/2023
511,Chiarra,Daouze,cdaouzee6@webeden.co.uk,Female,2004,BMW,X5,Springfield,Massachusetts,01129,US,42.1223,-72.4876,41000,Treutel-Conn,10/16/2024
512,Tallulah,MacDaid,tmacdaide7@sogou.com,Female,1998,Lexus,SC,Rockford,Illinois,61110,US,42.3254,-89.1705,88895,"Rau, Maggio and Trantow",01/12/2023
513,Katerine,MacBain,kmacbaine8@myspace.com,Female,2009,Isuzu,Ascender,Omaha,Nebraska,68124,US,41.2338,-96.0495,90570,Hand-Gusikowski,08/05/2022
514,Timothee,Dockwra,tdockwrae9@scribd.com,Genderqueer,1997,Porsche,911,Cedar Rapids,Iowa,52405,US,41.9804,-91.7098,52426,Miller Inc,09/15/2023
515,Constantino,Denerley,cdenerleyea@mail.ru,Male,2008,Rolls-Royce,Phantom,San Antonio,Texas,78245,US,29.4189,-98.6895,99398,Maggio-Orn,12/15/2024
516,Tome,Scott,tscotteb@forbes.com,Male,1984,Mitsubishi,Pajero,Lakewood,Washington,98498,US,47.1591,-122.5485,97917,"Harvey, Hills and Hand",12/31/2022
517,Meryl,Klossmann,mklossmannec@gov.uk,Female,2005,Cadillac,CTS,Marietta,Georgia,30066,US,34.0378,-84.5038,60111,Dach Inc,11/05/2024
518,Kathi,Mannion,kmannioned@cdbaby.com,Female,2004,Toyota,Tundra,Fort Worth,Texas,76147,US,32.7714,-97.2915,85867,Bode Group,07/30/2022
519,Gertruda,Huddart,ghuddartee@foxnews.com,Female,1998,Lexus,GS,Fort Worth,Texas,76147,US,32.7714,-97.2915,61169,Oberbrunner Group,03/20/2022
520,Joellyn,Peplow,jpeplowef@e-recht24.de,Female,2008,Buick,Enclave,Mobile,Alabama,36689,US,30.6589,-88.178,94838,"Terry, Schroeder and Leffler",08/14/2024
521,Shannen,Willetts,swillettseg@guardian.co.uk,Female,2005,Toyota,Solara,Phoenix,Arizona,85020,US,33.5623,-112.0559,97822,Runolfsson-Doyle,05/09/2025
522,Lethia,Tringham,ltringhameh@alibaba.com,Female,2002,Dodge,Ram Van 2500,El Paso,Texas,79923,US,31.6948,-106.3,50724,Zulauf-Runte,03/03/2024
523,Ethelda,McCallum,emccallumei@cam.ac.uk,Female,2005,Porsche,911,Tampa,Florida,33673,US,27.872,-82.4388,66395,Beer LLC,05/19/2023
524,Sharron,Langstrath,slangstrathej@amazon.co.jp,Female,2005,Dodge,Dakota Club,Indianapolis,Indiana,46295,US,39.7795,-86.1328,52012,Collins-Morar,08/07/2024
525,Fielding,Symes,fsymesek@cisco.com,Male,1968,Pontiac,Bonneville,Macon,Georgia,31210,US,32.8926,-83.7455,79230,Tromp Group,09/22/2024
526,Anderson,Duckhouse,aduckhouseel@intel.com,Male,2008,Infiniti,G35,Chicago,Illinois,60624,US,41.8804,-87.7223,42049,Donnelly LLC,02/09/2023
527,Natal,Loveguard,nloveguardem@tinyurl.com,Male,1992,Mazda,626,Waco,Texas,76705,US,31.6403,-97.0963,30211,Mills-Trantow,12/10/2025
528,Miller,Woodward,mwoodwarden@soundcloud.com,Male,1985,Suzuki,Cultus,Chicago,Illinois,60657,US,41.9399,-87.6528,82006,Davis and Sons,04/03/2025
529,Wallie,Easdon,weasdoneo@hud.gov,Genderfluid,1986,Porsche,928,Brooklyn,New York,11231,US,40.6794,-74.0014,49603,Koelpin LLC,08/19/2024
530,Oliviero,Gozzett,ogozzettep@unblog.fr,Male,2004,GMC,Envoy XL,Toledo,Ohio,43605,US,41.6525,-83.5085,48477,"Schuppe, Bruen and Fritsch",09/28/2024
531,Ahmed,Hember,ahembereq@youtube.com,Male,2006,Porsche,911,Galveston,Texas,77554,US,29.2243,-94.9637,86832,Mayer LLC,12/22/2024
532,Armstrong,Stronough,astronougher@walmart.com,Male,1995,Mitsubishi,3000GT,Battle Creek,Michigan,49018,US,42.2464,-85.0045,54216,Lang-Sawayn,11/16/2025
533,Ogdon,Zeplin,ozeplines@youku.com,Male,2002,Mitsubishi,Diamante,San Antonio,Texas,78291,US,29.4375,-98.4616,35148,"Bode, Yost and Jerde",04/28/2025
534,Kary,Samet,ksametet@pen.io,Polygender,2012,Infiniti,G,Macon,Georgia,31296,US,32.8067,-83.6913,92588,Little LLC,06/18/2025
535,Saundra,Alcock,salcockeu@last.fm,Female,2002,Subaru,Outback,Portland,Oregon,97255,US,45.5806,-122.3748,41659,Renner-Daniel,02/08/2025
536,Martguerita,Buchett,mbuchettev@surveymonkey.com,Female,2010,Ford,Expedition EL,Savannah,Georgia,31416,US,32.0053,-81.0477,83503,Lind-Witting,06/21/2023
537,Mikey,Arnolds,marnoldsew@pinterest.com,Male,1993,Volkswagen,Cabriolet,Kalamazoo,Michigan,49048,US,42.3189,-85.5152,68422,"Vandervort, Thiel and Leuschke",05/28/2024
538,Linzy,Giffkins,lgiffkinsex@cbslocal.com,Female,2009,Mercedes-Benz,SL-Class,Edmond,Oklahoma,73034,US,35.6665,-97.4798,64393,Ruecker-Jakubowski,02/01/2025
539,Robby,Durtnell,rdurtnelley@networkadvertising.org,Male,2011,Ford,F350,Kansas City,Missouri,64101,US,39.1024,-94.5986,48927,"Willms, Rempel and Lehner",09/14/2025
540,Dinny,Donoher,ddonoherez@blogtalkradio.com,Female,1992,Nissan,NX,Philadelphia,Pennsylvania,19172,US,39.9473,-75.15,65945,Prohaska and Sons,01/13/2023
541,Konstantine,Wisson,kwissonf0@lulu.com,Male,2010,Mazda,Miata MX-5,San Antonio,Texas,78265,US,29.4375,-98.4616,80914,Reilly Group,07/29/2025
542,Cristobal,McAndie,cmcandief1@dailymail.co.uk,Male,1993,Ford,E-Series,Santa Ana,California,92725,US,33.7465,-117.8662,52401,"Rice, Ritchie and Kreiger",05/18/2025
543,Clemens,Grinyov,cgrinyovf2@wsj.com,Male,1994,Toyota,MR2,Brooklyn,New York,11205,US,40.6924,-73.9666,32406,"Altenwerth, Stehr and Jones",01/16/2023
544,Terrence,Danieli,tdanielif3@bandcamp.com,Male,2010,GMC,Sierra 2500,Los Angeles,California,90050,US,33.7866,-118.2987,33069,"Welch, Weimann and Kautzer",03/02/2022
545,Nyssa,Menlove,nmenlovef4@multiply.com,Polygender,2011,Aston Martin,V8 Vantage S,Sacramento,California,94207,US,38.3774,-121.4444,47583,Wiza LLC,03/18/2023
546,Richmond,Proughten,rproughtenf5@blogs.com,Male,2011,Rolls-Royce,Ghost,Lubbock,Texas,79410,US,33.5693,-101.8904,62741,"Padberg, MacGyver and Gorczany",08/15/2024
547,Dorine,Patient,dpatientf6@webs.com,Non-binary,2001,Chevrolet,Cavalier,Boynton Beach,Florida,33436,US,26.5354,-80.1124,56097,Heidenreich-Terry,05/08/2025
548,Dickie,Dobbison,ddobbisonf7@people.com.cn,Male,2005,Acura,NSX,Fayetteville,North Carolina,28305,US,35.056,-78.9047,37578,Pollich-Gibson,09/10/2025
549,Trever,Trevethan,ttrevethanf8@reverbnation.com,Male,1999,Oldsmobile,Intrigue,Norfolk,Virginia,23509,US,36.8787,-76.2604,78268,Kemmer Group,08/20/2024
550,Ella,Itshak,eitshakf9@deviantart.com,Bigender,2004,Mazda,Tribute,Troy,Michigan,48098,US,42.5991,-83.1789,33572,Feeney Group,04/21/2022
551,Lebbie,Beckett,lbeckettfa@fotki.com,Female,1994,Mercury,Grand Marquis,Vero Beach,Florida,32969,US,27.709,-80.5726,64408,Crooks and Sons,09/23/2023
552,Jan,Dovermann,jdovermannfb@woothemes.com,Female,1988,Lincoln,Continental Mark VII,Cambridge,Massachusetts,02142,US,42.362,-71.083,31811,"Gleason, Harvey and Kerluke",10/12/2022
553,Galen,Attwood,gattwoodfc@soup.io,Male,2010,Toyota,4Runner,Washington,District of Columbia,20380,US,38.8933,-77.0146,31668,"Wyman, Carter and Dicki",07/12/2022
554,Devinne,Limbourne,dlimbournefd@ow.ly,Female,2008,Lincoln,Navigator,San Jose,California,95194,US,37.3894,-121.8868,40395,Streich-Senger,09/04/2024
555,Ollie,Vynall,ovynallfe@microsoft.com,Polygender,1996,Holden,VS Commodore,Little Rock,Arkansas,72222,US,34.7519,-92.3925,73666,"Russel, Witting and Corkery",10/17/2025
556,Ira,Banker,ibankerff@last.fm,Male,2005,Mitsubishi,Lancer Evolution,Louisville,Kentucky,40293,US,38.189,-85.6768,61785,"Kuvalis, Hane and Grady",11/16/2024
557,Jordana,Laughnan,jlaughnanfg@cdbaby.com,Female,2006,Saab,9-5,Cleveland,Ohio,44191,US,41.6857,-81.6728,41738,Brekke-Steuber,12/22/2022
558,Tabbie,Wellings,twellingsfh@clickbank.net,Female,2002,Volvo,S60,Gulfport,Mississippi,39505,US,30.4158,-89.0684,67511,Davis LLC,05/30/2025
559,Roarke,Guiver,rguiverfi@ibm.com,Male,1984,Pontiac,Fiero,Washington,District of Columbia,20470,US,38.8933,-77.0146,44262,"Spencer, O'Conner and Bradtke",02/15/2025
560,Amabelle,Pudney,apudneyfj@whitehouse.gov,Female,1998,Audi,A4,Tacoma,Washington,98442,US,47.3081,-122.4185,81754,"Bartoletti, Cassin and Turner",01/22/2025
561,Karlik,Giffen,kgiffenfk@epa.gov,Male,1997,Geo,Prizm,Greensboro,North Carolina,27499,US,36.0807,-80.0244,71862,Gleichner Group,07/06/2024
562,Tammie,Guittet,tguittetfl@state.gov,Male,2004,Volvo,XC90,Portland,Oregon,97216,US,45.5137,-122.5569,33773,Reilly Inc,08/03/2023
563,Honey,Able,hablefm@yolasite.com,Female,2004,Scion,xB,Winston Salem,North Carolina,27150,US,36.0275,-80.2073,73917,"White, Bergstrom and Volkman",01/11/2024
564,Duane,Juniper,djuniperfn@cbc.ca,Male,1993,Ford,F250,Miami,Florida,33158,US,25.6364,-80.3187,37012,Marks-Herzog,01/11/2023
565,Brendis,Foskin,bfoskinfo@discovery.com,Male,2000,BMW,3 Series,Cumming,Georgia,30130,US,34.2216,-84.1537,99668,"Moore, Mills and Klocko",09/11/2023
566,Maude,Speir,mspeirfp@godaddy.com,Female,1988,Mitsubishi,Truck,Springfield,Illinois,62711,US,39.7655,-89.7293,87024,Littel Inc,09/17/2023
567,Alikee,Ridley,aridleyfq@admin.ch,Female,2009,Ford,F-Series Super Duty,Lafayette,Indiana,47905,US,40.4001,-86.8602,51246,Moen-Kling,09/09/2023
568,Nathanil,Sexstone,nsexstonefr@google.fr,Male,1990,Pontiac,Turbo Firefly,Denver,Colorado,80279,US,39.7388,-104.4083,91345,Lowe-Nolan,11/21/2024
569,Alexi,Jellis,ajellisfs@blogtalkradio.com,Female,1997,Chevrolet,G-Series 1500,Cleveland,Ohio,44191,US,41.6857,-81.6728,96413,Kuvalis Inc,10/30/2025
570,Aubrey,Dews,adewsft@hp.com,Male,2012,Volvo,C70,North Hollywood,California,91606,US,34.1872,-118.3865,59440,"Wilderman, Walsh and Yundt",04/19/2024
571,Carina,Chaffin,cchaffinfu@bandcamp.com,Female,1991,Volkswagen,Golf,San Diego,California,92132,US,32.6437,-117.1384,86442,"Ankunding, Baumbach and Bauch",03/13/2023
572,Marsiella,Delagnes,mdelagnesfv@chron.com,Female,2004,BMW,X5,Kansas City,Missouri,64190,US,39.3432,-94.8516,35814,"Sporer, Little and Schmitt",05/27/2023
573,Samson,Bolino,sbolinofw@istockphoto.com,Bigender,2007,Bentley,Arnage,Dallas,Texas,75221,US,32.8147,-96.7877,44270,Block-Graham,07/23/2022
574,Laural,Quartly,lquartlyfx@usa.gov,Female,1993,Mitsubishi,Expo,Montgomery,Alabama,36125,US,32.2334,-86.2085,73176,Sipes and Sons,07/14/2023
575,Seth,Desport,sdesportfy@oaic.gov.au,Agender,1965,Ford,Thunderbird,Sacramento,California,95818,US,38.5568,-121.4929,43409,Cronin LLC,11/15/2023
576,Aurelea,Kelberer,akelbererfz@house.gov,Female,2005,Land Rover,LR3,Miami,Florida,33134,US,25.768,-80.2714,55308,Collier-Daugherty,02/20/2023
577,Agathe,Bleasdille,ableasdilleg0@livejournal.com,Agender,1997,Mercury,Tracer,Des Moines,Iowa,50310,US,41.6255,-93.6736,62159,Wiza Inc,09/21/2022
578,Sal,Frenzl,sfrenzlg1@berkeley.edu,Male,2002,Chevrolet,Suburban 1500,San Diego,California,92145,US,32.8891,-117.1005,38593,"Hoeger, Hills and Sauer",05/22/2022
579,Marten,Henrie,mhenrieg2@bloglovin.com,Male,2011,Jeep,Compass,Hampton,Virginia,23668,US,37.0206,-76.3377,55186,Roberts Inc,10/15/2025
580,Belicia,Kirke,bkirkeg3@nature.com,Female,1999,Oldsmobile,LSS,Houston,Texas,77288,US,29.834,-95.4342,85167,"Bayer, Jacobi and Dickinson",05/17/2025
581,Brittney,Kepe,bkepeg4@51.la,Female,1988,Mitsubishi,Galant,Fredericksburg,Virginia,22405,US,38.3365,-77.4366,31855,"Mraz, Parker and Rodriguez",01/02/2024
582,Ethyl,Blannin,eblanning5@bbb.org,Female,1999,GMC,EV1,Dayton,Ohio,45426,US,39.7982,-84.3211,93310,Pfeffer Inc,04/25/2023
583,Caressa,Vale,cvaleg6@nydailynews.com,Female,2007,Lexus,IS,Englewood,Colorado,80150,US,39.7388,-104.4083,49408,Hickle LLC,02/15/2022
584,Lewie,Molan,lmolang7@yale.edu,Male,1996,Mercury,Sable,Oakland,California,94616,US,37.8044,-122.2698,97064,Dicki-Gleason,06/13/2022
585,Bank,Ritelli,britellig8@msn.com,Polygender,2009,Hyundai,Azera,Houston,Texas,77095,US,29.8941,-95.6481,35579,"Mann, O'Hara and Schmidt",01/22/2026
586,Karena,McKinnell,kmckinnellg9@csmonitor.com,Female,2005,Mazda,MX-5,Anaheim,California,92812,US,33.817,-117.9286,66429,Gerhold and Sons,10/27/2022
587,Nanon,Westcot,nwestcotga@prweb.com,Female,2004,Volkswagen,GTI,Bonita Springs,Florida,34135,US,26.3771,-81.7334,52840,Von-O'Kon,11/09/2022
588,Alleyn,Greenhalgh,agreenhalghgb@ocn.ne.jp,Male,1992,Mercury,Topaz,Roanoke,Virginia,24029,US,37.2742,-79.9579,55604,"Jenkins, Carter and Ritchie",03/14/2024
589,Eula,Gledstane,egledstanegc@blogs.com,Female,1999,Pontiac,Firebird Formula,Charleston,West Virginia,25331,US,38.2968,-81.5547,90685,Hauck-Herzog,10/14/2022
590,Estelle,Skydall,eskydallgd@list-manage.com,Female,2010,Lincoln,MKT,El Paso,Texas,79994,US,31.6948,-106.3,38798,Daniel-Kohler,04/20/2024
591,Puff,Hackney,phackneyge@aboutads.info,Male,1999,Land Rover,Discovery,El Paso,Texas,88541,US,31.6948,-106.3,72020,Lehner-King,09/19/2025
592,Katina,Barlace,kbarlacegf@zdnet.com,Female,2003,Mitsubishi,Montero,Dallas,Texas,75287,US,33.0005,-96.8314,45717,Goldner-Romaguera,07/11/2023
593,Derward,Bather,dbathergg@diigo.com,Male,1999,Dodge,Ram Van 3500,Las Vegas,Nevada,89178,US,35.9977,-115.2861,76935,"Jacobs, Lockman and Ebert",07/28/2025
594,Eddie,Gurrado,egurradogh@berkeley.edu,Male,2008,Dodge,Challenger,Buffalo,New York,14205,US,42.7684,-78.8871,94135,"Dicki, Runolfsdottir and Jerde",08/05/2022
595,Danice,Dood,ddoodgi@furl.net,Female,1997,Oldsmobile,Aurora,Elmira,New York,14905,US,42.0869,-76.8397,80796,"Jacobs, Greenfelder and Fritsch",07/31/2022
596,Daryn,Fadian,dfadiangj@mapquest.com,Female,1998,Chevrolet,Malibu,Jersey City,New Jersey,07305,US,40.702,-74.089,40561,Flatley and Sons,07/15/2025
597,Durant,Goby,dgobygk@istockphoto.com,Male,1986,Chevrolet,Corvette,Fullerton,California,92835,US,33.8994,-117.9063,69087,Denesik Group,02/11/2022
598,Arda,Beechcraft,abeechcraftgl@usnews.com,Female,1992,Dodge,Ram 50,Redwood City,California,94064,US,37.3811,-122.3348,45883,Nolan Inc,12/02/2022
599,Gwyneth,Jacobbe,gjacobbegm@rakuten.co.jp,Polygender,1962,Studebaker,Avanti,West Hartford,Connecticut,06127,US,41.7918,-72.7188,52875,"Crooks, Stokes and McGlynn",12/09/2022
600,Shaughn,McCleod,smccleodgn@fc2.com,Male,2008,Chevrolet,Aveo,Ogden,Utah,84403,US,41.1894,-111.9489,82343,"Pfannerstill, Cronin and Rau",06/05/2024
601,Deena,Deneve,ddenevego@com.com,Female,2006,Chevrolet,Silverado Hybrid,Orlando,Florida,32825,US,28.5469,-81.2571,74137,"Mayer, Dicki and Herzog",10/07/2025
602,Sibbie,Reach,sreachgp@dailymail.co.uk,Female,1996,Buick,Century,Spokane,Washington,99220,US,47.6536,-117.4317,61795,"O'Conner, Mitchell and Prohaska",02/02/2024
603,Dominica,Litchfield,dlitchfieldgq@icq.com,Female,1969,Chevrolet,Corvette,Miami,Florida,33190,US,25.5593,-80.3483,64609,Krajcik LLC,12/28/2022
604,Devondra,Anslow,danslowgr@dot.gov,Female,2000,Isuzu,Amigo,Tucson,Arizona,85743,US,32.3366,-111.1771,65633,Feil-Witting,04/19/2022
605,Jehu,Cadalleder,jcadalledergs@networkadvertising.org,Polygender,2012,Maybach,62,Pittsburgh,Pennsylvania,15240,US,40.4344,-80.0248,96800,Rogahn Group,09/21/2025
606,Hamel,Helkin,hhelkingt@hud.gov,Male,2005,Chevrolet,Monte Carlo,Charlotte,North Carolina,28210,US,35.1316,-80.8577,42862,Wilkinson-Blick,07/22/2023
607,Peggie,Krolle,pkrollegu@netvibes.com,Female,1994,Ford,Econoline E150,Birmingham,Alabama,35254,US,33.5446,-86.9292,84006,Parker-Toy,08/20/2023
608,Christabel,Skittles,cskittlesgv@topsy.com,Genderqueer,1997,Suzuki,X-90,Wilmington,Delaware,19810,US,39.8188,-75.5064,93412,Lindgren-Klein,02/16/2025
609,Chelsy,Hanmer,chanmergw@scientificamerican.com,Female,1996,Mercury,Sable,Winter Haven,Florida,33884,US,27.981,-81.6736,64185,Morar and Sons,05/27/2025
610,Giorgia,Feuell,gfeuellgx@patch.com,Female,2007,Chevrolet,Tahoe,Albuquerque,New Mexico,87195,US,35.0443,-106.6729,38045,"Larson, Lang and Rice",07/20/2023
611,Alaine,Wormstone,awormstonegy@arstechnica.com,Female,1993,Ford,Ranger,Houston,Texas,77212,US,29.834,-95.4342,56274,Considine-Graham,11/23/2025
612,Gene,Gilks,ggilksgz@yandex.ru,Male,2007,Mitsubishi,Galant,Bakersfield,California,93399,US,35.4369,-119.0679,65840,"Brekke, Bashirian and Collins",10/11/2024
613,Zola,Vedenisov,zvedenisovh0@nationalgeographic.com,Female,2009,Chrysler,Aspen,Houston,Texas,77250,US,29.7629,-95.3629,76402,Bartoletti-Daugherty,12/16/2024
614,Umeko,Malarkey,umalarkeyh1@nifty.com,Female,1995,Jeep,Cherokee,Metairie,Louisiana,70005,US,30.0005,-90.1331,87763,"Bechtelar, Wiegand and O'Reilly",06/17/2023
615,Stacee,Schulter,sschulterh2@dagondesign.com,Female,2008,Chevrolet,Cobalt,Santa Barbara,California,93106,US,34.4329,-119.8371,34680,"Bechtelar, Osinski and Parisian",01/14/2023
616,Dino,Lattie,dlattieh3@addthis.com,Male,1987,Pontiac,Safari,Los Angeles,California,90010,US,34.0606,-118.3027,54450,Torphy-Cummings,06/12/2022
617,Ky,Oleshunin,koleshuninh4@51.la,Male,1992,Ford,F150,Visalia,California,93291,US,36.3551,-119.301,34600,Hodkiewicz-Krajcik,12/28/2025
618,Hailey,Matuszak,hmatuszakh5@pcworld.com,Male,1984,Volkswagen,Scirocco,Orange,California,92867,US,33.811,-117.8493,65019,"Windler, Klein and Nolan",04/06/2022
619,Angus,Brisco,abriscoh6@yahoo.co.jp,Male,1986,Mazda,RX-7,New Orleans,Louisiana,70179,US,30.033,-89.8826,99982,Murazik-Morar,02/18/2022
620,Rafferty,Rowston,rrowstonh7@gravatar.com,Genderfluid,1993,Mazda,Miata MX-5,Charleston,South Carolina,29411,US,32.8715,-79.9947,95587,Luettgen-Tromp,08/27/2024
621,Jilli,Relton,jreltonh8@google.it,Female,2007,Lincoln,Navigator,Santa Barbara,California,93111,US,34.4453,-119.8025,35487,Graham Inc,03/11/2025
622,Titos,Cloney,tcloneyh9@jigsy.com,Male,1985,Subaru,XT,Jersey City,New Jersey,07305,US,40.702,-74.089,80151,"Blick, Cronin and O'Reilly",01/08/2024
623,Schuyler,Copello,scopelloha@telegraph.co.uk,Male,2001,GMC,Yukon XL 1500,Newton,Massachusetts,02458,US,42.3528,-71.1875,57420,"Rogahn, Russel and Breitenberg",01/31/2023
624,Brandise,Lissandri,blissandrihb@example.com,Female,2007,Chevrolet,Express 3500,Cincinnati,Ohio,45999,US,39.1668,-84.5382,86219,"Kihn, Wuckert and Glover",03/22/2022
625,Amery,Trewartha,atrewarthahc@mediafire.com,Genderfluid,1987,Pontiac,Firebird,High Point,North Carolina,27264,US,36.0807,-80.0244,79579,Steuber and Sons,05/05/2024
626,Keith,Metrick,kmetrickhd@archive.org,Male,2000,Chevrolet,Silverado 1500,Tacoma,Washington,98442,US,47.3081,-122.4185,77570,Hettinger-Berge,08/06/2023
627,Ray,Seville,rsevillehe@bluehost.com,Female,2012,Bentley,Continental Super,Baton Rouge,Louisiana,70836,US,30.392,-91.0892,34164,Lebsack Inc,01/24/2024
628,Cristina,Grain,cgrainhf@vk.com,Female,1992,Chevrolet,Cavalier,Lafayette,Louisiana,70505,US,30.2023,-92.0188,64361,"Franecki, MacGyver and Lindgren",08/14/2022
629,Kellyann,Crux,kcruxhg@netlog.com,Female,1983,Ford,Thunderbird,Nashville,Tennessee,37250,US,36.1866,-86.7852,99089,Jaskolski Inc,01/23/2025
630,Birk,Bowland,bbowlandhh@reverbnation.com,Male,2004,Spyker,C8 Spyder,Schenectady,New York,12325,US,42.8333,-74.058,61762,"Harvey, Halvorson and O'Connell",07/10/2025
631,Simonne,Pallin,spallinhi@buzzfeed.com,Female,2003,Dodge,Ram Van 3500,Washington,District of Columbia,20530,US,38.8976,-77.027,70744,Fadel-Bauch,11/19/2023
632,Langston,Cutford,lcutfordhj@cpanel.net,Genderfluid,1992,Mitsubishi,Precis,Denver,Colorado,80279,US,39.7388,-104.4083,99748,Runolfsdottir and Sons,10/19/2023
633,Tremaine,Samson,tsamsonhk@sina.com.cn,Male,2005,BMW,X5,Carol Stream,Illinois,60351,US,41.9166,-88.1208,42821,"Swaniawski, Robel and Walker",04/11/2023
634,Cammi,Kingerby,ckingerbyhl@dailymotion.com,Female,2009,Land Rover,Range Rover,Boston,Massachusetts,02216,US,42.3389,-70.9196,56962,Turcotte LLC,06/29/2025
635,Anatollo,Erratt,aerratthm@google.nl,Male,1989,Maserati,Karif,Spring,Texas,77386,US,30.1288,-95.4239,97766,McKenzie and Sons,05/22/2023
636,Nedda,Beau,nbeauhn@last.fm,Female,1986,Mazda,B-Series,Miami,Florida,33180,US,25.9597,-80.1403,34528,"Collins, Lebsack and Crooks",05/04/2025
637,Mufinella,Kinge,mkingeho@who.int,Female,1998,Chevrolet,1500,Houston,Texas,77040,US,29.8744,-95.5278,66209,Jaskolski-Streich,02/12/2022
638,Damaris,Maving,dmavinghp@mediafire.com,Genderfluid,2006,Suzuki,XL-7,Evansville,Indiana,47712,US,37.929,-87.6604,46178,Stiedemann-Krajcik,06/20/2025
639,Nerty,Size,nsizehq@imageshack.us,Female,1994,Nissan,240SX,Los Angeles,California,90010,US,34.0606,-118.3027,37786,"Rogahn, Windler and Vandervort",04/13/2024
640,Meagan,Gruszka,mgruszkahr@businessweek.com,Female,1995,GMC,Vandura G2500,Abilene,Texas,79605,US,32.432,-99.7724,90636,"Kiehn, Greenholt and Davis",04/15/2025
641,Sharl,Grisdale,sgrisdalehs@nih.gov,Female,1997,Mercury,Sable,Amarillo,Texas,79116,US,35.2454,-101.999,38095,"Harber, Hamill and Schroeder",06/18/2022
642,Yehudi,Lifton,yliftonht@marriott.com,Male,2005,GMC,Canyon,Los Angeles,California,90065,US,34.1073,-118.2266,95823,Feeney and Sons,01/26/2023
643,Erika,Caves,ecaveshu@archive.org,Female,2005,Volvo,V70,Concord,California,94522,US,37.7772,-121.9554,34849,Barton-Lemke,01/13/2024
644,Stace,Lattka,slattkahv@instagram.com,Female,2009,Volkswagen,Rabbit,Honolulu,Hawaii,96820,US,21.351,-157.8795,56862,Marquardt-Padberg,06/29/2022
645,Saunderson,Hanvey,shanveyhw@nps.gov,Male,2010,Hyundai,Genesis Coupe,Daytona Beach,Florida,32118,US,29.2219,-81.0095,63782,Murazik Group,11/15/2024
646,Zorine,Marians,zmarianshx@merriam-webster.com,Female,2008,Lexus,GS,Winston Salem,North Carolina,27116,US,36.0275,-80.2073,90678,Denesik LLC,09/15/2023
647,Garnette,Castagnier,gcastagnierhy@pagesperso-orange.fr,Female,1993,GMC,Jimmy,Tulsa,Oklahoma,74126,US,36.2383,-95.9931,99010,Hagenes Inc,07/25/2025
648,Dante,Cassedy,dcassedyhz@cbc.ca,Male,1997,Chrysler,LHS,Valdosta,Georgia,31605,US,30.946,-83.2474,92502,"Haag, Gottlieb and King",04/24/2024
649,Michale,Beckingham,mbeckinghami0@godaddy.com,Male,2005,BMW,3 Series,Orlando,Florida,32885,US,28.5456,-81.3782,67688,Bosco Inc,01/27/2025
650,Brockie,Crossfield,bcrossfieldi1@mtv.com,Male,2011,Toyota,FJ Cruiser,Roanoke,Virginia,24024,US,37.2742,-79.9579,57937,"Koch, Stanton and Volkman",10/15/2022
651,Any,Smolan,asmolani2@chronoengine.com,Male,2012,Honda,Ridgeline,Pensacola,Florida,32590,US,30.6143,-87.2758,46861,"Ritchie, Collins and Luettgen",07/17/2025
652,Klaus,Calvert,kcalverti3@tripod.com,Male,1998,Lincoln,Mark VIII,New York City,New York,10029,US,40.7918,-73.9448,76902,Cronin-Quitzon,06/24/2023
653,Fenelia,De Morena,fdemorenai4@i2i.jp,Female,2010,Volkswagen,GTI,San Bernardino,California,92424,US,34.84,-115.9671,36314,Hagenes and Sons,01/12/2026
654,Caria,Regenhardt,cregenhardti5@ameblo.jp,Female,1993,Buick,Park Avenue,Philadelphia,Pennsylvania,19109,US,39.9496,-75.1637,57402,Heidenreich-Gerhold,01/09/2025
655,Latia,Morat,lmorati6@gnu.org,Female,1981,Chevrolet,Camaro,Shreveport,Louisiana,71115,US,32.3401,-93.6092,99621,Pouros-O'Conner,08/19/2022
656,Aldon,Leinster,aleinsteri7@dailymotion.com,Male,2004,Mazda,RX-8,Bronx,New York,10474,US,40.8139,-73.8841,94337,Rempel Inc,06/09/2022
657,Wang,Messier,wmessieri8@businesswire.com,Male,1996,GMC,Suburban 1500,Atlanta,Georgia,30380,US,33.8444,-84.474,76368,Shields-Hettinger,02/18/2022
658,Felice,Le Barr,flebarri9@loc.gov,Female,1995,Infiniti,Q,Mansfield,Ohio,44905,US,40.7779,-82.4613,57077,Macejkovic Group,08/31/2023
659,Talyah,Bemrose,tbemroseia@mail.ru,Female,2001,Chevrolet,Malibu,Des Moines,Iowa,50362,US,41.6727,-93.5722,33581,"Sipes, Beatty and Rice",02/06/2023
660,Keith,Lindl,klindlib@wordpress.com,Male,1992,Cadillac,Brougham,Florence,South Carolina,29505,US,34.1231,-79.6893,49015,"Renner, Rutherford and Walsh",07/09/2024
661,Luciano,Heigold,lheigoldic@usda.gov,Male,1992,Dodge,D350,Jefferson City,Missouri,65105,US,38.5309,-92.2493,84213,Wyman LLC,02/16/2024
662,Munroe,Elleton,melletonid@edublogs.org,Male,2011,Mercedes-Benz,GL-Class,Aurora,Colorado,80045,US,39.7467,-104.8384,88084,"Conroy, Grant and Larkin",08/20/2024
663,Jephthah,Kornacki,jkornackiie@baidu.com,Male,2006,Isuzu,i-Series,Seattle,Washington,98158,US,47.4497,-122.3076,33642,Graham Group,11/27/2022
664,Jourdan,Eusden,jeusdenif@pen.io,Genderfluid,2012,Lexus,GX,Fort Smith,Arkansas,72905,US,35.191,-94.2382,51526,"Cole, Reynolds and Waters",01/06/2025
665,Steffie,Jentzsch,sjentzschig@fc2.com,Female,2007,Subaru,Tribeca,Wilmington,Delaware,19810,US,39.8188,-75.5064,56762,Luettgen Group,06/29/2025
666,Alain,Seamons,aseamonsih@amazon.de,Male,2012,Toyota,Avalon,San Jose,California,95150,US,37.3866,-121.897,56967,Rodriguez Group,09/21/2023
667,Clair,Szymoni,cszymoniii@umich.edu,Male,2004,Volkswagen,Touareg,Houston,Texas,77293,US,29.834,-95.4342,58634,Gerlach LLC,06/11/2022
668,Emlyn,Hearsum,ehearsumij@webmd.com,Female,2001,Lotus,Esprit,Berkeley,California,94712,US,37.6802,-121.9215,82470,"Leannon, Strosin and Schinner",03/06/2025
669,Anissa,Toppas,atoppasik@blinklist.com,Female,2012,Ford,F-Series Super Duty,Erie,Pennsylvania,16565,US,42.1827,-80.0649,31901,Lemke Inc,05/24/2025
670,Dunn,Ringham,dringhamil@buzzfeed.com,Male,1996,Plymouth,Voyager,Hollywood,Florida,33028,US,26.0185,-80.3449,43217,"Hane, Murphy and Schuppe",01/28/2023
671,Guillaume,Huckabe,ghuckabeim@a8.net,Male,2006,Toyota,Yaris,Phoenix,Arizona,85040,US,33.4061,-112.0265,90010,Flatley Inc,02/26/2023
672,Emilia,Skiplorne,eskiplornein@msu.edu,Genderfluid,2010,Audi,A3,Inglewood,California,90305,US,33.9583,-118.3258,83424,Schamberger LLC,02/07/2024
673,Cate,Maior,cmaiorio@cpanel.net,Female,1993,Geo,Metro,Duluth,Georgia,30195,US,34.0047,-84.1532,63178,Daugherty Group,04/25/2023
674,Stephan,Horstead,shorsteadip@php.net,Genderfluid,2010,Kia,Rio,Topeka,Kansas,66699,US,39.0429,-95.7697,98813,"Goodwin, Reilly and Strosin",01/03/2025
675,Gordie,Gandey,ggandeyiq@istockphoto.com,Male,1984,Lincoln,Continental,Irvine,California,92717,US,33.6462,-117.8398,35168,Anderson Group,02/02/2023
676,Birch,York,byorkir@so-net.ne.jp,Male,1986,Lincoln,Town Car,Irvine,California,92717,US,33.6462,-117.8398,98511,"Feeney, Leannon and Brekke",09/03/2023
677,Ring,Kharchinski,rkharchinskiis@yolasite.com,Male,2008,Dodge,Charger,Green Bay,Wisconsin,54305,US,44.4601,-88.0074,33254,Morissette Group,10/09/2022
678,Earvin,Landall,elandallit@walmart.com,Male,1995,Ford,Contour,Saint Paul,Minnesota,55127,US,45.0803,-93.0875,88468,Rempel and Sons,04/11/2025
679,Tiffie,Millberg,tmillbergiu@geocities.com,Female,1997,Lexus,LX,Seminole,Florida,34642,US,27.8444,-82.7963,72163,Connelly-Zemlak,07/01/2025
680,Beilul,Ridpath,bridpathiv@tumblr.com,Female,1988,Ford,Tempo,Washington,District of Columbia,20397,US,38.9164,-76.9948,66357,Prohaska Group,06/17/2022
681,Rozella,Cattroll,rcattrolliw@google.fr,Female,1984,Mitsubishi,Starion,Phoenix,Arizona,85030,US,33.2765,-112.1872,49149,"Stokes, Ortiz and Hegmann",12/12/2024
682,Fidel,Ribbens,fribbensix@ucoz.com,Male,2010,Jeep,Patriot,Fresno,California,93709,US,36.7464,-119.6397,63341,Howe-Torp,11/27/2022
683,Jobina,Gabbatt,jgabbattiy@networksolutions.com,Female,1996,Chevrolet,Tahoe,Houston,Texas,77050,US,29.9015,-95.2848,37496,"Schmitt, Osinski and Greenholt",10/03/2023
684,Haywood,Durrell,hdurrelliz@cbc.ca,Male,2008,Saturn,Sky,Miami,Florida,33134,US,25.768,-80.2714,68491,"Volkman, Roob and Kassulke",09/26/2022
685,Phil,Lillow,plillowj0@marriott.com,Male,1999,BMW,5 Series,Orlando,Florida,32819,US,28.4522,-81.4678,65935,Steuber and Sons,02/27/2025
686,Juan,Gianninotti,jgianninottij1@time.com,Agender,2003,Ford,Focus,Portland,Oregon,97255,US,45.5806,-122.3748,44741,McCullough-Stamm,01/11/2025
687,Levy,Happer,lhapperj2@nyu.edu,Male,2002,Chevrolet,Suburban 2500,Panama City,Florida,32412,US,30.2345,-85.692,44227,"Ondricka, Zboncak and Metz",06/04/2023
688,Marney,Han,mhanj3@mozilla.org,Female,2008,Volkswagen,Rabbit,Winston Salem,North Carolina,27157,US,36.0275,-80.2073,38160,Klocko and Sons,03/15/2023
689,Ken,Gebuhr,kgebuhrj4@jiathis.com,Male,2004,Dodge,Dakota,Pasadena,California,91109,US,33.7866,-118.2987,94653,Welch-O'Reilly,07/25/2025
690,Kimbell,Wellfare,kwellfarej5@yahoo.com,Male,1997,Dodge,Neon,Orlando,Florida,32819,US,28.4522,-81.4678,45078,Zemlak and Sons,06/17/2022
691,Hamid,Uglow,huglowj6@godaddy.com,Male,2007,Nissan,Titan,Knoxville,Tennessee,37919,US,35.9244,-84.0015,69991,Bogan-Jerde,01/23/2023
692,Butch,Radbond,bradbondj7@google.co.uk,Male,2008,Nissan,Altima,Hartford,Connecticut,06105,US,41.7691,-72.701,76468,"Howell, Hettinger and Gutkowski",06/23/2025
693,Matilde,Steptowe,msteptowej8@icq.com,Female,2006,Bentley,Continental Flying Spur,New Castle,Pennsylvania,16107,US,40.9897,-80.3084,79039,Crona-Greenholt,09/06/2025
694,Andy,Stenton,astentonj9@prlog.org,Male,2011,Chevrolet,HHR,Olympia,Washington,98506,US,47.1042,-122.87,55843,Carroll LLC,04/16/2023
695,Maegan,Villa,mvillaja@ucoz.com,Female,1996,Dodge,Ram 2500 Club,Cincinnati,Ohio,45271,US,39.1668,-84.5382,39873,Moen LLC,07/26/2024
696,Giulia,La Padula,glapadulajb@hatena.ne.jp,Polygender,2009,Cadillac,STS,Arlington,Texas,76004,US,32.7714,-97.2915,56070,Ruecker-Kessler,04/30/2023
697,Nickolai,Maybery,nmayberyjc@com.com,Male,2012,Acura,RL,Austin,Texas,78721,US,30.2721,-97.6868,63862,Reinger Group,09/01/2022
698,Kylie,Sulley,ksulleyjd@purevolume.com,Female,2002,Pontiac,Sunfire,Denver,Colorado,80241,US,39.9274,-104.9548,96500,Kerluke Group,12/26/2025
699,Sybilla,Corriea,scorrieaje@loc.gov,Female,1997,Volvo,S90,Helena,Montana,59623,US,46.5901,-112.0402,65772,"Buckridge, Champlin and Hartmann",08/27/2023
700,Martin,Kennan,mkennanjf@zdnet.com,Male,1991,Volkswagen,Jetta,Macon,Georgia,31217,US,32.8118,-83.565,67302,Bechtelar Inc,07/31/2025
701,Laurent,Mougin,lmouginjg@gnu.org,Male,2000,Dodge,Neon,Richmond,Virginia,23242,US,37.5313,-77.4161,62232,"Bogan, Pfeffer and White",09/13/2024
702,Darryl,Bonny,dbonnyjh@i2i.jp,Male,1992,Oldsmobile,98,Pueblo,Colorado,81005,US,38.2352,-104.66,92659,Heidenreich Group,04/28/2022
703,Patricio,Curragh,pcurraghji@shinystat.com,Male,1998,Hyundai,Sonata,Charlotte,North Carolina,28220,US,35.26,-80.8042,46727,Morissette Inc,02/10/2025
704,Cristabel,O'Lynn,colynnjj@tinyurl.com,Female,2003,Toyota,Highlander,Fayetteville,North Carolina,28314,US,35.0583,-79.008,61931,"Schuppe, Frami and Koch",09/17/2022
705,Candy,Jaques,cjaquesjk@friendfeed.com,Bigender,2006,Mercedes-Benz,G-Class,Fort Lauderdale,Florida,33315,US,26.0989,-80.1541,99324,Pagac Group,09/02/2025
706,Golda,Ballingal,gballingaljl@vk.com,Female,2000,Oldsmobile,Silhouette,Dallas,Texas,75310,US,32.7673,-96.7776,65005,"Borer, Hudson and Douglas",05/21/2022
707,Karita,Bottomley,kbottomleyjm@dropbox.com,Female,2012,Mercedes-Benz,S-Class,Nashville,Tennessee,37240,US,36.1866,-86.7852,30223,Bartoletti-Kessler,03/06/2025
708,Melany,Tessier,mtessierjn@yolasite.com,Female,2006,Subaru,Impreza,Olympia,Washington,98516,US,47.1126,-122.7794,95236,Kunde-Denesik,07/14/2025
709,Jasmine,Hector,jhectorjo@cocolog-nifty.com,Genderqueer,2005,Buick,Rendezvous,South Lake Tahoe,California,96154,US,38.8753,-120.0188,74541,Orn-Corwin,02/25/2023
710,Padraic,Rilton,priltonjp@artisteer.com,Male,1992,Toyota,Cressida,Terre Haute,Indiana,47812,US,39.4336,-87.4101,93091,Pacocha LLC,03/03/2024
711,Hildagard,Benardeau,hbenardeaujq@mozilla.com,Female,1997,Isuzu,Hombre,Flint,Michigan,48555,US,43.0113,-83.7108,33335,Mueller and Sons,08/10/2023
712,Janey,Pegler,jpeglerjr@dailymotion.com,Polygender,1994,Geo,Tracker,Amarillo,Texas,79165,US,35.4015,-101.8951,89678,Hackett Inc,06/17/2025
713,Gerick,Smallshaw,gsmallshawjs@weibo.com,Male,2009,Mercedes-Benz,SL-Class,Lakewood,Washington,98498,US,47.1591,-122.5485,70372,"Zemlak, Jacobi and Beer",11/09/2022
714,Engracia,Laurance,elaurancejt@newsvine.com,Female,2002,Isuzu,Rodeo,Fresno,California,93740,US,36.7464,-119.6397,67223,Kilback LLC,09/08/2024
715,Zahara,Burvill,zburvillju@sciencedirect.com,Female,2012,Infiniti,G,Denver,Colorado,80243,US,39.7388,-104.4083,49813,Bosco-Hermann,11/11/2022
716,Lucian,O'Doghesty,lodoghestyjv@weebly.com,Male,2011,Dodge,Durango,El Paso,Texas,79940,US,31.6948,-106.3,67292,Boyer Group,09/04/2023
717,Jermayne,Abrams,jabramsjw@state.tx.us,Male,1992,Saab,900,El Paso,Texas,79905,US,31.7674,-106.4304,47584,Marvin and Sons,04/19/2024
718,Erwin,Lyfe,elyfejx@netvibes.com,Male,2008,Nissan,Sentra,Ocala,Florida,34474,US,29.1565,-82.2095,48572,"Gutmann, Howe and Hayes",06/21/2023
719,Caritta,Jerrold,cjerroldjy@csmonitor.com,Female,2000,Oldsmobile,Bravada,Pittsburgh,Pennsylvania,15205,US,40.4322,-80.1021,60423,Wolf and Sons,12/25/2025
720,Kati,Banbrigge,kbanbriggejz@dropbox.com,Female,2000,Chrysler,Concorde,Topeka,Kansas,66629,US,39.0429,-95.7697,53794,Trantow LLC,05/26/2025
721,Hartley,Spreadbury,hspreadburyk0@tmall.com,Male,1995,Subaru,Impreza,Memphis,Tennessee,38119,US,35.0821,-89.8501,65314,Kuhic Group,04/24/2022
722,Siusan,Smewing,ssmewingk1@ask.com,Female,1997,Geo,Prizm,Dallas,Texas,75265,US,32.7673,-96.7776,83713,Upton-Reynolds,07/07/2023
723,Denny,Moynham,dmoynhamk2@xing.com,Male,1985,Audi,4000s,Charleston,South Carolina,29403,US,32.7976,-79.9493,97526,Bechtelar Group,06/25/2022
724,Stevana,Gyse,sgysek3@bloomberg.com,Female,2008,Chevrolet,Tahoe,Detroit,Michigan,48232,US,42.2399,-83.1508,56864,"Jacobson, Torphy and Stehr",07/10/2025
725,Andra,Hughs,ahughsk4@ask.com,Female,2011,Nissan,370Z,Miami,Florida,33190,US,25.5593,-80.3483,87668,McGlynn-Weimann,06/21/2025
726,Jose,Sealey,jsealeyk5@bbb.org,Male,2005,Dodge,Grand Caravan,New York City,New York,10115,US,40.8111,-73.9642,64845,Conn Inc,04/14/2025
727,Sherwynd,Prinn,sprinnk6@ucsd.edu,Male,1999,Nissan,Quest,Virginia Beach,Virginia,23464,US,36.7978,-76.1759,92980,Powlowski-Hermann,04/05/2025
728,Neille,Fattorini,nfattorinik7@slashdot.org,Female,2005,Buick,LaCrosse,Washington,District of Columbia,20470,US,38.8933,-77.0146,60420,Keeling Group,11/12/2024
729,Magdalena,Hulme,mhulmek8@skyrock.com,Female,2004,Chevrolet,Blazer,Salt Lake City,Utah,84140,US,40.7713,-111.9309,41277,Marks Group,04/05/2025
730,Rosina,Squibbs,rsquibbsk9@google.com.hk,Female,1995,Lincoln,Town Car,Great Neck,New York,11024,US,40.8171,-73.7416,96759,Cole-Lehner,07/10/2024
731,Jacqueline,Jubb,jjubbka@china.com.cn,Female,1995,Ford,Escort,Portland,Oregon,97240,US,45.5806,-122.3748,48532,"Nikolaus, Kshlerin and Stamm",08/14/2023
732,Fredric,Allery,fallerykb@umn.edu,Male,1996,Subaru,Legacy,El Paso,Texas,88579,US,31.6948,-106.3,51513,Osinski and Sons,09/03/2025
733,Yulma,Itzchaky,yitzchakykc@lulu.com,Male,2010,Nissan,Xterra,Washington,District of Columbia,20210,US,38.8933,-77.0146,73490,"Rice, Lynch and Heathcote",09/01/2023
734,Friedrick,Lampaert,flampaertkd@vk.com,Male,2012,Buick,Regal,Toledo,Ohio,43635,US,41.6868,-83.4394,42146,"Jenkins, Batz and Blick",10/26/2025
735,Caterina,Boyse,cboyseke@smugmug.com,Female,2000,Chevrolet,Tahoe,Houston,Texas,77271,US,29.834,-95.4342,83044,"Ferry, Spencer and Trantow",12/11/2022
736,Harlen,Creavin,hcreavinkf@scribd.com,Male,1999,Volkswagen,Cabriolet,Springfield,Massachusetts,01152,US,42.1707,-72.6048,98350,Weissnat-Welch,10/18/2025
737,Torr,Mobley,tmobleykg@angelfire.com,Male,1995,Dodge,Ram 1500,Memphis,Tennessee,38168,US,35.2017,-89.9715,95076,Conroy Inc,12/13/2023
738,Keene,Kemery,kkemerykh@mozilla.com,Male,1984,Dodge,Daytona,Baton Rouge,Louisiana,70815,US,30.4558,-91.0596,90928,"Nader, Schinner and Fahey",02/12/2023
739,Shepperd,Petrillo,spetrilloki@npr.org,Male,2005,Panoz,Esperante,Boulder,Colorado,80328,US,40.0878,-105.3735,97000,"Yost, Bergstrom and Terry",11/15/2022
740,Marj,Emloch,memlochkj@dyndns.org,Female,1993,Toyota,Previa,Phoenix,Arizona,85040,US,33.4061,-112.0265,52881,Schmidt LLC,04/11/2024
741,Stoddard,Lampen,slampenkk@shop-pro.jp,Female,1987,Lamborghini,Countach,Cleveland,Ohio,44111,US,41.4571,-81.7844,56377,"Wiza, Kutch and Fritsch",05/29/2024
742,Fransisco,Headly,fheadlykl@rakuten.co.jp,Male,1991,Pontiac,Firefly,Kingsport,Tennessee,37665,US,36.5799,-82.5733,67555,Cassin-Schaefer,04/28/2025
743,Layla,Vassay,lvassaykm@stanford.edu,Female,1999,BMW,3 Series,Washington,District of Columbia,20456,US,38.8981,-77.0401,33358,Altenwerth LLC,04/11/2024
744,Krystle,Buffey,kbuffeykn@netvibes.com,Female,2001,BMW,5 Series,Marietta,Georgia,30061,US,33.9328,-84.556,36345,Willms-Weimann,03/07/2022
745,Zelda,Cottu,zcottuko@jigsy.com,Female,2012,Chevrolet,Express,Manassas,Virginia,22111,US,38.7202,-77.4391,83174,Wolf Inc,02/20/2023
746,Yolande,Wiffler,ywifflerkp@t.co,Female,2003,Buick,Rendezvous,Cleveland,Ohio,44191,US,41.6857,-81.6728,60604,Flatley-Hane,04/12/2023
747,Saundra,Draycott,sdraycottkq@unblog.fr,Polygender,1995,Chrysler,Cirrus,Columbia,Missouri,65211,US,38.9033,-92.1022,70231,VonRueden-Bogisich,08/05/2022
748,Genia,Lemar,glemarkr@state.gov,Female,2009,Toyota,RAV4,Columbus,Ohio,43268,US,39.969,-83.0114,99320,"Rau, Leffler and Franecki",10/26/2022
749,Laughton,Breckell,lbreckellks@i2i.jp,Male,2012,Chevrolet,Suburban 1500,Austin,Texas,78710,US,30.352,-97.7151,63650,O'Kon-Klocko,04/18/2024
750,Etan,Cisec,eciseckt@geocities.com,Male,1995,Honda,Accord,Hagerstown,Maryland,21747,US,39.5207,-77.9162,63323,Walsh-Reichel,05/05/2023
751,Jojo,Godin,jgodinku@ocn.ne.jp,Non-binary,1999,Corbin,Sparrow,Annapolis,Maryland,21405,US,39.0305,-76.5515,30049,Koch-Smitham,02/02/2022
752,Konstantine,Beebis,kbeebiskv@cmu.edu,Male,2012,Audi,S5,Los Angeles,California,90055,US,33.7866,-118.2987,83125,Abshire LLC,01/25/2024
753,Deeann,Jubert,djubertkw@springer.com,Female,2003,GMC,Sierra 2500,Detroit,Michigan,48295,US,42.2399,-83.1508,74773,Hirthe and Sons,02/07/2023
754,Elia,Pilgram,epilgramkx@baidu.com,Male,2010,Bentley,Continental,Silver Spring,Maryland,20904,US,39.0668,-76.9969,57348,"Murray, Reichert and Yundt",10/08/2024
755,Fairlie,Como,fcomoky@51.la,Male,1996,Dodge,Ram 3500,New Orleans,Louisiana,70165,US,30.033,-89.8826,38034,Fisher LLC,08/19/2022
756,Dyanna,Hyndson,dhyndsonkz@china.com.cn,Genderqueer,2011,Mercedes-Benz,Sprinter 2500,Baton Rouge,Louisiana,70810,US,30.3633,-91.0919,35876,Ferry and Sons,07/13/2025
757,Sutherlan,Noni,snonil0@slate.com,Male,1995,Dodge,Ram 3500,Washington,District of Columbia,56944,US,38.8952,-77.0365,33943,Ratke LLC,09/17/2024
758,Amalea,Ridwood,aridwoodl1@tripod.com,Female,2011,Nissan,370Z,Dayton,Ohio,45419,US,39.7155,-84.1637,54611,Zemlak-Sporer,01/27/2024
759,Nathanil,Sulley,nsulleyl2@bloglovin.com,Male,2008,Chevrolet,Malibu,New York City,New York,10024,US,40.7864,-73.9764,98131,Muller-Adams,12/28/2024
760,Judye,Bennion,jbennionl3@meetup.com,Female,2005,Maybach,57S,Sioux City,Iowa,51105,US,42.5032,-96.3829,37878,Blick Group,01/28/2026
761,Allie,Walch,awalchl4@oaic.gov.au,Male,1995,Cadillac,Fleetwood,Largo,Florida,33777,US,27.8546,-82.7545,54777,Quitzon and Sons,10/16/2022
762,Gregorio,Pyper,gpyperl5@state.tx.us,Male,2012,Tesla,Roadster,Elizabeth,New Jersey,07208,US,40.6747,-74.2239,74930,Quitzon-Harris,06/24/2024
763,Raymond,Bernhardi,rbernhardil6@slideshare.net,Male,2000,Mitsubishi,Montero Sport,Davenport,Iowa,52809,US,41.613,-90.6063,69154,Toy-Kling,07/11/2024
764,Ely,Wiseman,ewisemanl7@tiny.cc,Male,2010,Hyundai,Veracruz,Wichita,Kansas,67220,US,37.7667,-97.2805,85473,"Goodwin, Runte and O'Kon",06/10/2024
765,Danie,Spaice,dspaicel8@whitehouse.gov,Male,2005,Mazda,B-Series,Santa Ana,California,92725,US,33.7465,-117.8662,82718,"Ortiz, Daugherty and Schumm",12/21/2022
766,Zorah,Stuckford,zstuckfordl9@ask.com,Female,1992,Buick,Skylark,Little Rock,Arkansas,72222,US,34.7519,-92.3925,91817,Langosh Group,06/25/2025
767,Demeter,Crepin,dcrepinla@twitter.com,Female,2004,Buick,Rendezvous,Detroit,Michigan,48267,US,42.2399,-83.1508,94558,Kiehn Inc,10/14/2023
768,Myriam,Bettis,mbettislb@themeforest.net,Genderfluid,2011,Chevrolet,Silverado 2500,Sacramento,California,95813,US,38.6026,-121.4475,69890,Quigley and Sons,11/17/2025
769,Toinette,Arnao,tarnaolc@wikipedia.org,Female,1998,Chrysler,Sebring,Cleveland,Ohio,44111,US,41.4571,-81.7844,93441,"Nienow, Bode and Reichel",04/18/2022
770,Aviva,Guiton,aguitonld@goo.gl,Female,1999,Mazda,626,Phoenix,Arizona,85040,US,33.4061,-112.0265,46915,Luettgen-McLaughlin,06/03/2025
771,Maynard,Darwent,mdarwentle@tmall.com,Male,2007,Mercury,Montego,Springfield,Massachusetts,01105,US,42.0999,-72.5783,33072,"Hauck, Johns and Mayer",04/18/2023
772,Clarie,Thurborn,cthurbornlf@google.it,Genderfluid,2011,Bentley,Mulsanne,Orlando,Florida,32859,US,28.4429,-81.4026,71225,Mohr-Brown,12/03/2023
773,Noemi,Marguerite,nmargueritelg@usgs.gov,Female,1992,Dodge,Ram Van B150,Apache Junction,Arizona,85219,US,33.3616,-111.2795,49840,"Barton, Lemke and Mueller",07/21/2025
774,Paolina,Pool,ppoollh@miitbeian.gov.cn,Female,2012,Jeep,Patriot,Kansas City,Missouri,64101,US,39.1024,-94.5986,38561,Armstrong LLC,12/09/2025
775,Celine,Lowle,clowleli@imgur.com,Female,1999,Porsche,Boxster,Washington,District of Columbia,20425,US,38.8933,-77.0146,88296,West and Sons,10/13/2024
776,Andrea,Reames,areameslj@gizmodo.com,Female,2009,Toyota,RAV4,Beaumont,Texas,77713,US,30.085,-94.2607,94746,Greenholt-Stroman,01/18/2026
777,Patti,Calleja,pcallejalk@sogou.com,Female,2003,Kia,Sorento,Philadelphia,Pennsylvania,19120,US,40.0343,-75.1213,65784,"Bode, Schultz and Lind",12/12/2024
778,Cece,Gozard,cgozardll@myspace.com,Male,1993,Chevrolet,1500,Pittsburgh,Pennsylvania,15235,US,40.4598,-79.8224,84694,"Braun, Mills and Abbott",01/29/2026
779,Noah,Frantzeni,nfrantzenilm@istockphoto.com,Male,1995,GMC,Vandura G2500,Charlotte,North Carolina,28242,US,35.26,-80.8042,38294,Lindgren-Hodkiewicz,12/03/2024
780,Haily,Corbet,hcorbetln@cdc.gov,Female,2007,Ford,Edge,Kansas City,Missouri,64144,US,39.2829,-94.409,67184,Leuschke-Daniel,02/01/2022
781,Ansley,Eaken,aeakenlo@opensource.org,Female,2009,Chevrolet,Suburban 2500,Reston,Virginia,22096,US,38.8318,-77.2888,61923,Kling-Welch,03/11/2022
782,Rad,Blanning,rblanninglp@youtube.com,Male,1984,Ford,E150,Rockford,Illinois,61110,US,42.3254,-89.1705,57380,Hodkiewicz-Hirthe,01/07/2025
783,Domenic,Streeton,dstreetonlq@mapquest.com,Male,1995,Buick,LeSabre,Washington,District of Columbia,20310,US,38.8933,-77.0146,90130,Zulauf LLC,08/28/2024
784,Abbi,Fenton,afentonlr@baidu.com,Bigender,2008,Audi,A4,Indianapolis,Indiana,46295,US,39.7795,-86.1328,32331,Cronin-Cummings,09/03/2022
785,Hedi,Jossel,hjossells@eventbrite.com,Female,2007,Lincoln,MKX,Jefferson City,Missouri,65110,US,38.5309,-92.2493,35724,"Casper, Russel and Mueller",01/28/2023
786,Giraldo,Firks,gfirkslt@altervista.org,Male,2011,Cadillac,SRX,Philadelphia,Pennsylvania,19104,US,39.9597,-75.2024,65993,Williamson-Hartmann,04/11/2024
787,Andy,Screaton,ascreatonlu@gov.uk,Female,2013,GMC,Yukon XL 2500,Chicago,Illinois,60641,US,41.9453,-87.7474,43376,"Zboncak, Harber and Schroeder",09/21/2022
788,Alie,Bowmaker,abowmakerlv@noaa.gov,Female,1995,Toyota,4Runner,New York City,New York,10203,US,40.7808,-73.9772,97040,"Cummings, King and Borer",09/14/2023
789,Danit,Petroulis,dpetroulislw@japanpost.jp,Female,1995,GMC,Vandura G3500,Syracuse,New York,13217,US,43.0214,-76.1977,85052,McClure-Dickinson,03/06/2024
790,Madelina,Yoxall,myoxalllx@google.pl,Female,2009,Hyundai,Accent,Lafayette,Louisiana,70505,US,30.2023,-92.0188,40792,Rodriguez-Nolan,04/19/2025
791,Adda,Donson,adonsonly@toplist.cz,Female,2003,Buick,Park Avenue,Atlanta,Georgia,30328,US,33.9335,-84.3958,78266,Flatley Group,11/14/2023
792,Rip,Panswick,rpanswicklz@merriam-webster.com,Male,2010,Ford,F150,Las Vegas,Nevada,89115,US,36.2158,-115.0671,73371,Jast-Rosenbaum,09/03/2022
793,Christophe,Ickowics,cickowicsm0@chron.com,Male,1999,Chevrolet,Express 2500,Washington,District of Columbia,20046,US,38.8933,-77.0146,60295,"Bogisich, Kris and Littel",05/02/2025
794,Stephi,Cranmer,scranmerm1@samsung.com,Female,2001,Chevrolet,Tracker,Charleston,West Virginia,25389,US,38.354,-81.6394,56497,Wunsch LLC,04/15/2024
795,Huntington,Boynes,hboynesm2@jigsy.com,Male,2009,Cadillac,Escalade EXT,Dallas,Texas,75221,US,32.8147,-96.7877,85463,Gottlieb and Sons,10/25/2023
796,Rafaelia,Stede,rstedem3@smugmug.com,Female,2007,Bentley,Continental GT,Omaha,Nebraska,68117,US,41.2064,-95.9953,38577,"Ritchie, MacGyver and Olson",03/02/2024
797,Peder,Raysdale,praysdalem4@ucsd.edu,Male,2011,Lincoln,Town Car,San Francisco,California,94110,US,37.7509,-122.4153,75099,Considine-Schowalter,10/03/2024
798,Aveline,Dalgardno,adalgardnom5@nydailynews.com,Female,1999,Chevrolet,Express 1500,Louisville,Kentucky,40256,US,38.189,-85.6768,60126,"Bashirian, Russel and Borer",11/13/2022
799,Bay,Capron,bcapronm6@yellowpages.com,Male,2010,Infiniti,QX56,Newton,Massachusetts,02162,US,42.3319,-71.254,77988,Morar-Keebler,08/25/2023
800,Georg,Gerren,ggerrenm7@china.com.cn,Male,1962,Buick,Special,Hampton,Virginia,23663,US,37.0318,-76.3199,53169,"Yundt, Mueller and Brekke",10/12/2024
801,Rozelle,Pestridge,rpestridgem8@google.es,Female,2006,Ford,Fusion,Anchorage,Alaska,99522,US,61.1089,-149.4403,34997,"Heathcote, Brown and Purdy",09/12/2025
802,Helaine,Ferguson,hfergusonm9@biglobe.ne.jp,Female,2005,Ford,Excursion,Tacoma,Washington,98405,US,47.2484,-122.4644,88133,Botsford-Russel,06/20/2022
803,Gradey,Brisseau,gbrisseauma@wunderground.com,Polygender,2004,Acura,TL,Sacramento,California,94286,US,38.3774,-121.4444,68251,"Senger, Flatley and Bartell",07/07/2023
804,Spense,O'Corrigane,socorriganemb@xinhuanet.com,Male,2001,Chrysler,Voyager,El Paso,Texas,88525,US,31.6948,-106.3,63578,"Wilderman, Leuschke and Nikolaus",11/12/2023
805,Zeke,MacDermand,zmacdermandmc@domainmarket.com,Male,2011,Hyundai,Veracruz,Anaheim,California,92812,US,33.817,-117.9286,46744,Deckow-Metz,11/17/2024
806,Adam,Poe,apoemd@phoca.cz,Male,1988,Pontiac,Firebird,New York City,New York,10155,US,40.7611,-73.968,61201,Volkman-Schowalter,08/04/2022
807,Austin,O' Mahony,aomahonyme@feedburner.com,Male,1984,Porsche,944,Knoxville,Tennessee,37939,US,35.9901,-83.9622,70524,Hyatt-Reichert,03/15/2023
808,Bent,Fessby,bfessbymf@pen.io,Male,2006,Ferrari,F430,Miami,Florida,33175,US,25.7341,-80.4068,45670,Ruecker Inc,08/09/2025
809,Halsy,Chiese,hchiesemg@dagondesign.com,Male,1988,Ford,Bronco,Macon,Georgia,31205,US,32.8067,-83.6913,64351,Christiansen-Jast,03/02/2024
810,Swen,Hainning,shainningmh@meetup.com,Male,2011,Bentley,Continental Super,Jersey City,New Jersey,07305,US,40.702,-74.089,60433,Schuster-Bergnaum,04/12/2022
811,Romain,Legges,rleggesmi@livejournal.com,Male,1997,Land Rover,Discovery,Lincoln,Nebraska,68517,US,40.9317,-96.6045,54075,Batz-Fay,03/06/2023
812,Willie,Saladin,wsaladinmj@webs.com,Male,2004,Pontiac,Grand Prix,Suffolk,Virginia,23436,US,36.8926,-76.5142,60295,"Wyman, Braun and Purdy",10/16/2025
813,Carlin,Kobelt,ckobeltmk@howstuffworks.com,Non-binary,2007,Chevrolet,Silverado 2500,Portland,Oregon,97211,US,45.5653,-122.6448,53263,Upton-Feeney,11/26/2025
814,Darrick,Hasnney,dhasnneyml@mac.com,Male,2005,GMC,Yukon,Farmington,Michigan,48335,US,42.4617,-83.4053,37714,Shields and Sons,10/06/2022
815,Dulcea,Beak,dbeakmm@4shared.com,Female,2011,Mercedes-Benz,SLS AMG,Omaha,Nebraska,68197,US,41.249,-96.0274,54092,"Paucek, Larson and McClure",02/11/2025
816,Merlina,Goggins,mgogginsmn@devhub.com,Female,1989,Buick,Skyhawk,Philadelphia,Pennsylvania,19093,US,40.0018,-75.1179,66248,Braun Inc,10/22/2023
817,Chet,Margerison,cmargerisonmo@aol.com,Male,2006,Mercedes-Benz,C-Class,Albuquerque,New Mexico,87140,US,35.0443,-106.6729,70571,"Medhurst, Blick and Kihn",09/04/2025
818,Nariko,Abraham,nabrahammp@domainmarket.com,Agender,2001,Toyota,MR2,Norfolk,Virginia,23514,US,36.9312,-76.2397,83381,"Smith, Weissnat and Hickle",06/07/2025
819,Kathi,Frowd,kfrowdmq@flavors.me,Female,2004,Lexus,ES,Lansing,Michigan,48919,US,42.7286,-84.5517,52336,Kiehn Inc,12/06/2023
820,Kilian,Priestman,kpriestmanmr@icq.com,Male,1993,Plymouth,Colt,Washington,District of Columbia,20057,US,38.8933,-77.0146,51341,"Kling, Quitzon and Casper",08/03/2022
821,Luise,Uttridge,luttridgems@ovh.net,Female,1997,Mazda,MX-5,Staten Island,New York,10305,US,40.5973,-74.0768,85818,Simonis-Halvorson,12/04/2022
822,Jamal,Halm,jhalmmt@sciencedaily.com,Male,2012,Mazda,CX-9,Naperville,Illinois,60567,US,41.8397,-88.0887,50382,Lowe-Koelpin,08/21/2022
823,Benji,Spivie,bspiviemu@ocn.ne.jp,Male,2010,Land Rover,LR2,Springfield,Virginia,22156,US,38.8318,-77.2888,81914,"Gusikowski, Kuphal and Cormier",10/08/2025
824,Murielle,Bredes,mbredesmv@spiegel.de,Female,2009,Mazda,CX-7,Saint Louis,Missouri,63104,US,38.6128,-90.2185,75118,"Rau, Bins and Nolan",06/08/2022
825,Angie,Reckhouse,areckhousemw@stanford.edu,Female,2012,Smart,Fortwo,Knoxville,Tennessee,37939,US,35.9901,-83.9622,81159,"Zieme, Wehner and Bruen",05/26/2025
826,Cherri,Featonby,cfeatonbymx@cargocollective.com,Female,2009,Jaguar,XF,Tulsa,Oklahoma,74184,US,36.1398,-96.0297,50010,Kiehn-Pfeffer,07/20/2025
827,Charil,Carrell,ccarrellmy@twitpic.com,Female,1994,Volkswagen,Passat,Indianapolis,Indiana,46221,US,39.7509,-86.1924,80852,Denesik and Sons,11/29/2024
828,Oliviero,Chinnery,ochinnerymz@bloglines.com,Male,2006,Infiniti,M,Washington,District of Columbia,20016,US,38.9381,-77.086,47810,"Hayes, Romaguera and Koepp",04/06/2025
829,Jae,Kleiser,jkleisern0@go.com,Male,2006,Toyota,4Runner,Oakland,California,94605,US,37.7641,-122.1633,59261,Fisher-Hettinger,09/01/2025
830,Garreth,Simonett,gsimonettn1@chicagotribune.com,Bigender,2004,Oldsmobile,Silhouette,Buffalo,New York,14215,US,42.9335,-78.8115,32230,"Armstrong, Hagenes and Cassin",11/21/2025
831,Byrann,Paradis,bparadisn2@nih.gov,Male,1993,Mercedes-Benz,W201,Bakersfield,California,93305,US,35.3855,-118.986,55603,O'Conner LLC,02/08/2025
832,Ave,Double,adoublen3@prweb.com,Male,2011,Saab,9-4X,San Francisco,California,94164,US,37.7848,-122.7278,63325,"Buckridge, Wisozk and Hills",07/13/2024
833,Miranda,Folling,mfollingn4@patch.com,Female,2007,Chevrolet,Avalanche,Indianapolis,Indiana,46226,US,39.8326,-86.0836,55586,"Daugherty, Fisher and Upton",09/17/2024
834,Celestyna,Glanister,cglanistern5@dion.ne.jp,Female,1998,Buick,Park Avenue,Pittsburgh,Pennsylvania,15215,US,40.5048,-79.9138,91566,Nikolaus-Goyette,07/12/2024
835,Cassandry,Lanktree,clanktreen6@wix.com,Female,1995,Lincoln,Town Car,Punta Gorda,Florida,33982,US,26.9668,-81.9545,84647,"Mitchell, O'Hara and King",10/27/2024
836,Dante,Shortcliffe,dshortcliffen7@soundcloud.com,Male,2001,Suzuki,Esteem,Wichita,Kansas,67260,US,37.7194,-97.2936,63895,Mitchell LLC,11/06/2022
837,Jodi,Axe,jaxen8@umich.edu,Female,1994,Mazda,MX-3,Mobile,Alabama,36628,US,30.6589,-88.178,99197,Huels Group,05/01/2023
838,Wait,Jahnig,wjahnign9@com.com,Male,1986,Mazda,RX-7,Houston,Texas,77240,US,29.834,-95.4342,61987,"Lowe, Turcotte and Rice",04/06/2022
839,Elfrida,Chessill,echessillna@nps.gov,Female,2006,GMC,Savana Cargo Van,Washington,District of Columbia,20551,US,38.892,-77.0452,80939,Runolfsdottir-O'Keefe,10/19/2024
840,Cornelle,Tumioto,ctumiotonb@japanpost.jp,Female,2005,Lincoln,LS,Lincoln,Nebraska,68517,US,40.9317,-96.6045,60135,Keebler and Sons,02/04/2024
841,Jilli,Collerd,jcollerdnc@hp.com,Female,2008,Land Rover,LR2,Chicago,Illinois,60697,US,41.8119,-87.6873,56808,Mann Inc,07/09/2022
842,Aluin,Gurling,agurlingnd@github.com,Male,2008,Infiniti,G37,Bronx,New York,10469,US,40.8702,-73.8495,65883,Lowe LLC,08/11/2022
843,Montgomery,Glossop,mglossopne@vk.com,Male,1998,Mazda,MX-5,Topeka,Kansas,66667,US,39.0429,-95.7697,97509,Dare Inc,07/14/2023
844,Ulberto,Whiteley,uwhiteleynf@blinklist.com,Male,2000,Mitsubishi,Montero,Springfield,Massachusetts,01114,US,42.1707,-72.6048,70996,Bogan and Sons,05/08/2025
845,Marlo,Tharme,mtharmeng@prnewswire.com,Male,2010,Mercedes-Benz,GLK-Class,Harrisburg,Pennsylvania,17126,US,40.2618,-76.88,68126,Collins-Christiansen,05/21/2025
846,Lennard,O'Nowlan,lonowlannh@redcross.org,Male,2001,Land Rover,Freelander,Pensacola,Florida,32505,US,30.4481,-87.2589,79984,West-Ward,04/02/2024
847,Franny,Redford,fredfordni@vk.com,Male,2007,Audi,RS 4,San Antonio,Texas,78220,US,29.4106,-98.4128,51715,"Becker, Carroll and Homenick",11/25/2023
848,Annabal,Southwood,asouthwoodnj@wired.com,Female,2011,Kia,Sedona,Virginia Beach,Virginia,23471,US,36.7957,-76.0126,96259,"Donnelly, Gutkowski and Bode",09/25/2025
849,Brunhilda,Sallan,bsallannk@hatena.ne.jp,Female,2007,Nissan,Altima,Saint Louis,Missouri,63126,US,38.5495,-90.3811,74973,"Satterfield, Lemke and Reilly",05/02/2024
850,Bjorn,Drayton,bdraytonnl@google.co.uk,Male,2002,Chrysler,PT Cruiser,Tucson,Arizona,85743,US,32.3366,-111.1771,80599,"Huels, Gusikowski and Toy",01/11/2025
851,Janenna,Kirsop,jkirsopnm@mit.edu,Female,1983,Mercedes-Benz,W126,Newark,New Jersey,07195,US,40.7918,-74.2452,67231,Frami-Pollich,02/24/2024
852,Zachery,Sprigging,zspriggingnn@smh.com.au,Male,2003,Dodge,Ram Van 3500,Washington,District of Columbia,20067,US,38.8933,-77.0146,99155,Jenkins-Rolfson,03/17/2023
853,Cordy,Bagshawe,cbagshaweno@hc360.com,Female,2008,Jeep,Compass,Austin,Texas,78783,US,30.3264,-97.7713,67952,Donnelly-Durgan,08/29/2022
854,Giavani,Murdy,gmurdynp@java.com,Male,2006,Chevrolet,Malibu,Charleston,West Virginia,25362,US,38.2968,-81.5547,66213,"Rippin, Kemmer and Walsh",10/09/2023
855,Emili,Dole,edolenq@indiegogo.com,Female,1991,Mercedes-Benz,S-Class,Austin,Texas,78703,US,30.2907,-97.7648,40638,Howe-Konopelski,12/12/2024
856,Cinda,Acory,cacorynr@prweb.com,Female,2004,Mercedes-Benz,G-Class,Bloomington,Indiana,47405,US,39.1682,-86.5186,38792,"Heathcote, McCullough and Kohler",05/12/2023
857,Anetta,Hobbing,ahobbingns@chicagotribune.com,Female,1998,Chevrolet,Blazer,Huntington,West Virginia,25726,US,38.4134,-82.2774,65445,Herzog-Greenfelder,03/16/2024
858,Knox,Gorwood,kgorwoodnt@vkontakte.ru,Male,2009,Infiniti,G37,Fresno,California,93740,US,36.7464,-119.6397,51868,Miller LLC,02/03/2025
859,Lewiss,Deverell,ldeverellnu@theglobeandmail.com,Male,2012,Scion,iQ,Dallas,Texas,75367,US,32.7673,-96.7776,66416,Lubowitz-Bayer,10/29/2023
860,Polly,Ludee,pludeenv@fema.gov,Female,1997,Mazda,Protege,Philadelphia,Pennsylvania,19191,US,40.0018,-75.1179,33038,Halvorson-Jacobi,01/09/2025
861,Ketti,Abby,kabbynw@networksolutions.com,Female,2009,GMC,Savana 3500,Washington,District of Columbia,20546,US,38.891,-77.0211,30801,Hoeger-Breitenberg,12/30/2025
862,Gabbie,Faulkner,gfaulknernx@macromedia.com,Male,1992,Dodge,D250 Club,Savannah,Georgia,31416,US,32.0053,-81.0477,99550,Kuvalis Group,03/28/2024
863,Ferd,Cosens,fcosensny@simplemachines.org,Male,2006,Mitsubishi,Montero,Honolulu,Hawaii,96845,US,21.3278,-157.8294,49790,"Mann, Oberbrunner and Nitzsche",07/01/2023
864,Fabian,Kaman,fkamannz@cnet.com,Male,2011,Mazda,Mazda2,Colorado Springs,Colorado,80925,US,38.7378,-104.6459,38365,"Larson, Conn and Jacobson",01/31/2023
865,Reagan,Pendre,rpendreo0@discovery.com,Male,2003,Mitsubishi,Outlander,Miami,Florida,33175,US,25.7341,-80.4068,80257,Huels-Considine,08/24/2022
866,Jorge,Reyne,jreyneo1@arizona.edu,Male,1977,Chevrolet,Camaro,Washington,District of Columbia,20078,US,38.8933,-77.0146,50904,Leannon-Cremin,06/07/2022
867,Amberly,Cushion,acushiono2@imdb.com,Female,1983,Mazda,RX-7,Elmira,New York,14905,US,42.0869,-76.8397,30522,Thompson-Heller,05/12/2025
868,Purcell,Sparling,psparlingo3@51.la,Non-binary,2012,BMW,3 Series,Saint Joseph,Missouri,64504,US,39.7076,-94.8677,57639,"Lebsack, Hackett and O'Reilly",04/16/2022
869,Katine,Capnerhurst,kcapnerhursto4@blogspot.com,Female,2005,Lotus,Exige,Cleveland,Ohio,44197,US,41.6857,-81.6728,86590,"Bins, Swaniawski and Kuphal",11/27/2023
870,Dorree,Sowerbutts,dsowerbuttso5@etsy.com,Female,2010,Toyota,4Runner,Syracuse,New York,13210,US,43.0354,-76.1282,63508,Koss-Nienow,10/25/2024
871,Kienan,Roofe,kroofeo6@desdev.cn,Male,2007,MINI,Cooper,Saint Augustine,Florida,32092,US,29.9475,-81.5264,64993,"Treutel, Lehner and Franecki",02/21/2023
872,Jeralee,Sarfass,jsarfasso7@biblegateway.com,Female,1999,Buick,Regal,Jeffersonville,Indiana,47134,US,38.2868,-85.7321,99508,Reichert and Sons,12/04/2025
873,Morlee,Silcock,msilcocko8@livejournal.com,Male,1999,Chrysler,300M,Syracuse,New York,13210,US,43.0354,-76.1282,44753,"Pfannerstill, Greenfelder and Rempel",07/13/2022
874,Adaline,Long,alongo9@mtv.com,Female,1994,Isuzu,Space,Birmingham,Alabama,35254,US,33.5446,-86.9292,85489,Beahan-Sipes,12/20/2023
875,Zahara,Chasmar,zchasmaroa@edublogs.org,Female,1987,Ford,F-Series,Dallas,Texas,75216,US,32.7086,-96.7955,44118,Schiller Group,04/10/2024
876,Byrle,Stuchberry,bstuchberryob@trellian.com,Male,1990,Mercedes-Benz,W201,Arlington,Texas,76011,US,32.7582,-97.1003,64860,Nienow Inc,05/09/2024
877,Mommy,Bickardike,mbickardikeoc@bizjournals.com,Female,2009,Cadillac,SRX,San Bernardino,California,92415,US,34.84,-115.9671,56453,Zemlak-Connelly,11/12/2022
878,Mario,Gyves,mgyvesod@army.mil,Male,2012,Chevrolet,Corvette,Reno,Nevada,89505,US,39.5224,-119.8353,45771,Rolfson LLC,09/16/2023
879,Brant,Vaugham,bvaughamoe@upenn.edu,Non-binary,1996,GMC,Jimmy,Chicago,Illinois,60630,US,41.9699,-87.7603,61787,Moen Inc,11/30/2024
880,Othella,Childes,ochildesof@vimeo.com,Female,2010,Volkswagen,Passat,Waterbury,Connecticut,06726,US,41.3657,-72.9275,43879,Hoeger-Jacobi,05/17/2023
881,Star,Regorz,sregorzog@deviantart.com,Female,2000,Porsche,Boxster,Pittsburgh,Pennsylvania,15235,US,40.4598,-79.8224,84365,King Group,12/20/2022
882,Adaline,Faulder,afaulderoh@slideshare.net,Female,1988,Lincoln,Town Car,Delray Beach,Florida,33448,US,26.6459,-80.4303,91170,"Balistreri, Borer and Grady",01/08/2026
883,Shermie,Blazewski,sblazewskioi@dion.ne.jp,Male,2004,Toyota,RAV4,Silver Spring,Maryland,20918,US,39.144,-77.2076,94668,"Thiel, Von and Hilpert",12/27/2023
884,Sergio,Hugett,shugettoj@hc360.com,Male,1984,Mitsubishi,Space,San Diego,California,92115,US,32.7607,-117.0721,49126,"Hickle, Pfannerstill and Roberts",10/07/2025
885,Obadiah,Morphew,omorphewok@yellowbook.com,Male,2012,Toyota,Sienna,Wilkes Barre,Pennsylvania,18763,US,41.2722,-75.8801,78970,Cartwright-Towne,02/07/2024
886,Abbe,Semeradova,asemeradovaol@joomla.org,Male,1990,Volkswagen,Corrado,Albany,New York,12255,US,42.6149,-73.9708,33838,Goldner Inc,07/10/2023
887,Tann,Riby,tribyom@timesonline.co.uk,Male,1992,Chrysler,New Yorker,Stockton,California,95210,US,38.025,-121.2972,95529,Bergnaum-Kuhlman,04/07/2022
888,Jenelle,Dunkerly,jdunkerlyon@china.com.cn,Female,1965,Volkswagen,Beetle,Gainesville,Georgia,30506,US,34.3562,-83.8882,60823,"Ankunding, Kling and Kohler",06/09/2023
889,Cordie,Ridde,criddeoo@phpbb.com,Bigender,1998,Jeep,Cherokee,Fresno,California,93740,US,36.7464,-119.6397,89337,Bosco-Stanton,02/09/2022
890,Angelle,Haysar,ahaysarop@google.de,Female,2005,Toyota,Tacoma,Juneau,Alaska,99812,US,58.3271,-134.4742,87193,Raynor-McKenzie,06/10/2024
891,Cathleen,Carah,ccarahoq@github.com,Female,1993,Oldsmobile,Cutlass Cruiser,Detroit,Michigan,48275,US,42.2399,-83.1508,46380,Deckow-Bauch,12/08/2022
892,Isabelle,Wilgar,iwilgaror@walmart.com,Female,2003,Toyota,Land Cruiser,San Francisco,California,94142,US,37.7848,-122.7278,79148,Leuschke LLC,11/19/2022
893,Riannon,Sheppard,rsheppardos@state.tx.us,Female,1999,Honda,Prelude,Port Saint Lucie,Florida,34985,US,27.3822,-80.409,56722,Schowalter-Jones,09/24/2022
894,Andre,Eldin,aeldinot@europa.eu,Male,2010,Acura,RL,Henderson,Nevada,89012,US,36.0119,-115.0433,35627,Yost Inc,02/06/2022
895,Flint,Pride,fprideou@google.com.hk,Male,2000,Plymouth,Neon,Erie,Pennsylvania,16565,US,42.1827,-80.0649,80714,Moen LLC,01/02/2026
896,Livvie,Thorsby,lthorsbyov@utexas.edu,Female,1994,Pontiac,Bonneville,Moreno Valley,California,92555,US,33.9377,-117.1851,55835,White-Bogisich,09/13/2022
897,Westbrook,Mountcastle,wmountcastleow@1und1.de,Male,2011,Volvo,V50,Atlanta,Georgia,30356,US,33.8913,-84.0746,82691,Hyatt-Skiles,04/10/2024
898,Kira,Romke,kromkeox@walmart.com,Female,2004,GMC,Envoy XUV,Jamaica,New York,11431,US,40.6869,-73.8501,73377,Rath LLC,07/02/2025
899,Lari,Cometti,lcomettioy@nymag.com,Female,2002,GMC,Sierra 3500,Dulles,Virginia,20189,US,39.009,-77.4422,94006,Raynor Inc,01/11/2025
900,Rutter,Ales,ralesoz@timesonline.co.uk,Male,2010,Honda,Fit,Los Angeles,California,90076,US,33.7866,-118.2987,84214,Marks LLC,01/03/2026
901,Ned,Pardon,npardonp0@cafepress.com,Male,2006,Chevrolet,Avalanche,Young America,Minnesota,55557,US,44.8055,-93.7665,51683,"Harber, Abbott and Grant",12/09/2023
902,Ebony,Stockin,estockinp1@howstuffworks.com,Agender,2006,BMW,650,Arlington,Virginia,22205,US,38.8836,-77.1395,63214,"Schneider, Watsica and Wisozk",11/24/2022
903,Berry,Foulcher,bfoulcherp2@posterous.com,Female,1999,Suzuki,Grand Vitara,Houston,Texas,77035,US,29.6518,-95.4854,86935,"Walsh, Labadie and Hodkiewicz",03/06/2024
904,Harriet,Rusling,hruslingp3@discovery.com,Female,1991,Ford,E-Series,San Jose,California,95108,US,37.3378,-121.8908,92474,"Torp, Wiegand and Stiedemann",09/10/2024
905,Nanon,Tremathick,ntremathickp4@nydailynews.com,Female,1992,Mercury,Topaz,Redwood City,California,94064,US,37.3811,-122.3348,42922,"Roberts, Vandervort and Abernathy",03/06/2025
906,Anastasia,Wakeling,awakelingp5@merriam-webster.com,Female,1992,Buick,Century,Washington,District of Columbia,20456,US,38.8981,-77.0401,64248,"Mitchell, Sanford and Considine",08/07/2022
907,Clemmie,Zarfat,czarfatp6@cpanel.net,Polygender,1987,Suzuki,Swift,Phoenix,Arizona,85077,US,33.2765,-112.1872,50380,Grant LLC,05/25/2022
908,Gerladina,Ferebee,gferebeep7@bloglovin.com,Female,1997,Toyota,Corolla,San Jose,California,95155,US,37.31,-121.9011,54506,Kiehn-Christiansen,05/22/2023
909,Hortense,Haggart,hhaggartp8@businesswire.com,Female,2012,Toyota,Tundra,Elmira,New York,14905,US,42.0869,-76.8397,63051,Christiansen LLC,03/23/2023
910,Prudy,Minmagh,pminmaghp9@creativecommons.org,Female,2010,Lexus,LS Hybrid,Berkeley,California,94712,US,37.6802,-121.9215,36118,Kreiger LLC,12/30/2025
911,Towney,Kunkel,tkunkelpa@amazon.co.uk,Male,1991,Lexus,ES,Washington,District of Columbia,20220,US,38.8933,-77.0146,59217,Kemmer Group,03/28/2023
912,Sallie,Marciek,smarciekpb@unesco.org,Female,2000,Mazda,B-Series,Mobile,Alabama,36605,US,30.6341,-88.0846,30201,"Bogisich, Jacobs and Treutel",08/12/2023
913,Anton,Onthank,aonthankpc@npr.org,Male,1998,Honda,Civic,Houston,Texas,77281,US,29.834,-95.4342,42841,Lynch LLC,02/18/2023
914,Cassius,MacEveley,cmaceveleypd@bizjournals.com,Male,2002,Chevrolet,Express 3500,Pittsburgh,Pennsylvania,15215,US,40.5048,-79.9138,74540,Bode Inc,06/30/2025
915,Manon,Laminman,mlaminmanpe@multiply.com,Female,1988,Ford,Escort,Seattle,Washington,98109,US,47.6339,-122.3476,38174,McLaughlin Group,05/11/2024
916,Nathanil,Loiterton,nloitertonpf@elegantthemes.com,Male,2010,Nissan,Armada,Columbus,Ohio,43215,US,39.9671,-83.0044,41413,Blanda Group,02/29/2024
917,Hyacinthie,Kynett,hkynettpg@t.co,Female,2012,Aston Martin,V8 Vantage S,Marietta,Georgia,30066,US,34.0378,-84.5038,35803,"Hegmann, Carroll and Hodkiewicz",07/15/2025
918,Che,Willoughey,cwillougheyph@phoca.cz,Male,1993,Mitsubishi,GTO,Harrisburg,Pennsylvania,17121,US,40.2944,-76.8938,35857,"Stark, Schmeler and Hilll",09/20/2022
919,Mitchel,Bracknell,mbracknellpi@multiply.com,Male,1997,Mercedes-Benz,E-Class,San Jose,California,95138,US,37.2602,-121.7709,78200,Lueilwitz and Sons,03/14/2022
920,Maje,Mucillo,mmucillopj@behance.net,Polygender,1987,Ford,Laser,Indianapolis,Indiana,46216,US,39.8647,-86.0136,67708,Homenick and Sons,01/13/2023
921,Ivonne,Nickels,inickelspk@chicagotribune.com,Female,2008,GMC,Canyon,Atlanta,Georgia,30358,US,33.9982,-84.3411,89080,Wilderman-Dach,08/16/2022
922,Cosimo,Beneix,cbeneixpl@ibm.com,Male,1964,Studebaker,Avanti,Pittsburgh,Pennsylvania,15240,US,40.4344,-80.0248,30642,Durgan Inc,08/09/2025
923,Malchy,McComb,mmccombpm@freewebs.com,Male,1998,Volkswagen,rio,Muskegon,Michigan,49444,US,43.1791,-86.1989,79214,Walsh LLC,12/14/2024
924,Von,Crasswell,vcrasswellpn@tuttocitta.it,Male,1994,Pontiac,Sunbird,Inglewood,California,90398,US,33.7866,-118.2987,76495,Beahan-Adams,04/20/2024
925,Ilario,Isaksson,iisakssonpo@webs.com,Male,2005,Maserati,Coupe,New York City,New York,10125,US,40.7808,-73.9772,61859,"Adams, Kerluke and Murphy",09/28/2022
926,Addison,Lattimore,alattimorepp@uiuc.edu,Genderfluid,2012,Dodge,Caravan,Pueblo,Colorado,81015,US,38.1286,-104.5523,50705,Johnson-Wisozk,08/12/2024
927,Nadia,Antoniutti,nantoniuttipq@samsung.com,Female,2000,Mitsubishi,Eclipse,Springfield,Massachusetts,01105,US,42.0999,-72.5783,67578,Langworth-Wisoky,08/01/2023
928,Elliott,Burley,eburleypr@flavors.me,Bigender,2006,Jeep,Grand Cherokee,Phoenix,Arizona,85040,US,33.4061,-112.0265,95741,"Hills, Jacobson and Gleichner",06/25/2023
929,Emanuel,Steffans,esteffansps@amazon.co.jp,Male,1986,Ford,Mustang,Las Vegas,Nevada,89178,US,35.9977,-115.2861,94575,"Koelpin, Trantow and Brown",04/03/2025
930,Reinald,Bruun,rbruunpt@omniture.com,Male,2002,Ford,Ranger,Sioux City,Iowa,51105,US,42.5032,-96.3829,37446,"Olson, Murray and Cronin",04/12/2024
931,Janette,Raveau,jraveaupu@digg.com,Female,2009,GMC,Savana 1500,Ventura,California,93005,US,34.0324,-119.1343,43200,Stanton Group,07/10/2022
932,Odey,Sirman,osirmanpv@hubpages.com,Male,1983,Porsche,944,El Paso,Texas,88558,US,31.6948,-106.3,37411,Daugherty-Kassulke,01/28/2025
933,Holden,Muscroft,hmuscroftpw@ow.ly,Male,1993,Dodge,Ram Wagon B350,New York City,New York,10115,US,40.8111,-73.9642,73470,"Feest, Kozey and Torphy",08/02/2024
934,Nanete,Beagrie,nbeagriepx@4shared.com,Female,1999,Mitsubishi,Montero Sport,Erie,Pennsylvania,16550,US,42.1827,-80.0649,80431,"Rath, Dietrich and Toy",10/06/2024
935,Kara-lynn,Dytham,kdythampy@uol.com.br,Female,1975,Pontiac,Grand Prix,Miami,Florida,33180,US,25.9597,-80.1403,74629,Crooks-Bode,09/27/2023
936,Barb,Claessens,bclaessenspz@123-reg.co.uk,Female,1996,Cadillac,Fleetwood,Lubbock,Texas,79452,US,33.61,-101.8213,82241,"Lakin, Bashirian and Lehner",07/25/2023
937,Colan,Spuner,cspunerq0@goo.gl,Male,1994,Mazda,Miata MX-5,Washington,District of Columbia,20220,US,38.8933,-77.0146,51086,"Schinner, Wilkinson and Larkin",05/26/2022
938,Zacharie,Callan,zcallanq1@tripod.com,Male,2009,BMW,Z4,Spring,Texas,77388,US,30.0505,-95.4695,80522,"Block, Torp and Ledner",09/06/2022
939,Gael,Piner,gpinerq2@free.fr,Male,1994,Subaru,Justy,Raleigh,North Carolina,27605,US,35.7908,-78.653,63101,MacGyver Inc,03/03/2024
940,Elfreda,Stops,estopsq3@biblegateway.com,Female,2008,Lincoln,Mark LT,Cleveland,Ohio,44191,US,41.6857,-81.6728,80675,Beahan-Ernser,08/02/2023
941,Donnie,Harmon,dharmonq4@barnesandnoble.com,Female,1993,Mitsubishi,3000GT,Omaha,Nebraska,68197,US,41.249,-96.0274,67115,Medhurst Group,01/01/2023
942,Dolli,Holton,dholtonq5@techcrunch.com,Female,2006,BMW,M3,Pensacola,Florida,32511,US,30.4061,-87.2917,76501,Hayes Group,06/25/2023
943,Egan,Fillery,efilleryq6@devhub.com,Male,2004,Dodge,Durango,Orlando,Florida,32868,US,28.5663,-81.2608,74452,"Beahan, Walsh and Greenfelder",01/08/2025
944,Marcille,Shearme,mshearmeq7@chron.com,Female,2000,Cadillac,DeVille,Anaheim,California,92805,US,33.8359,-117.9086,96198,Kutch Group,06/13/2025
945,Madelena,Parnaby,mparnabyq8@myspace.com,Female,2001,Nissan,Sentra,Carol Stream,Illinois,60351,US,41.9166,-88.1208,37137,Spencer-Ryan,12/19/2023
946,Mata,Paulet,mpauletq9@google.pl,Male,1993,Volkswagen,Jetta,Toledo,Ohio,43605,US,41.6525,-83.5085,46851,Bartell-Hayes,05/11/2024
947,Melly,Margetson,mmargetsonqa@diigo.com,Female,1990,Volkswagen,Golf,Jacksonville,Florida,32209,US,30.3584,-81.692,95444,Gerhold and Sons,03/27/2023
948,Bobinette,Rozsa,brozsaqb@goo.gl,Female,1965,Pontiac,Bonneville,Tacoma,Washington,98447,US,47.1441,-122.4434,94041,Davis and Sons,03/03/2025
949,Abbott,Redford,aredfordqc@chron.com,Male,2011,Hyundai,Accent,Washington,District of Columbia,20557,US,38.8874,-77.0047,75881,"Jerde, Heaney and Hegmann",06/17/2022
950,Rriocard,Kinker,rkinkerqd@jalbum.net,Male,2009,Ferrari,California,Oklahoma City,Oklahoma,73147,US,35.5514,-97.4075,40545,"Murray, Heaney and Senger",10/04/2022
951,Finley,Flippen,fflippenqe@sun.com,Male,1996,Mazda,Protege,Las Vegas,Nevada,89178,US,35.9977,-115.2861,56842,"Walker, Will and Zemlak",03/10/2024
952,Hastings,Lorryman,hlorrymanqf@soundcloud.com,Male,1991,Audi,100,Huntington Beach,California,92648,US,33.6773,-118.0051,72766,Gleichner-McKenzie,10/07/2022
953,Gregoire,Lillywhite,glillywhiteqg@miitbeian.gov.cn,Male,2005,Mercury,Montego,Fort Lauderdale,Florida,33330,US,26.0663,-80.3339,65233,Boyer and Sons,05/16/2025
954,Ingunna,Roon,iroonqh@washington.edu,Female,1995,Suzuki,SJ,Fort Worth,Texas,76129,US,32.7714,-97.2915,53131,Grimes-Kuhlman,10/30/2022
955,Saxe,Taggett,staggettqi@jigsy.com,Genderfluid,1993,Nissan,Sentra,Stamford,Connecticut,06912,US,41.3089,-73.3637,94390,McGlynn Group,01/07/2026
956,Britt,Buckleigh,bbuckleighqj@blogtalkradio.com,Male,1999,Mitsubishi,Galant,Milwaukee,Wisconsin,53263,US,43.0746,-88.0604,78983,Ratke Inc,09/12/2025
957,Doralynn,Gilston,dgilstonqk@google.ru,Female,1992,Lincoln,Mark VII,Asheville,North Carolina,28805,US,35.6004,-82.4918,70974,"Hodkiewicz, Hauck and Legros",12/22/2022
958,Rosana,Luetkemeyers,rluetkemeyersql@twitter.com,Female,2012,Toyota,Sequoia,Tucson,Arizona,85732,US,32.0848,-110.7122,68002,"Hickle, Hoeger and Mohr",04/21/2022
959,Iggy,Lehrahan,ilehrahanqm@oracle.com,Male,2011,GMC,Savana 3500,Macon,Georgia,31205,US,32.8067,-83.6913,83156,"Hilll, Corkery and Abshire",02/21/2024
960,Irita,Hamal,ihamalqn@bandcamp.com,Female,2005,Land Rover,Discovery,Bakersfield,California,93399,US,35.4369,-119.0679,78021,Morar and Sons,03/09/2024
961,Wrennie,Schrinel,wschrinelqo@opera.com,Female,1998,Lincoln,Mark VIII,Winston Salem,North Carolina,27110,US,36.0275,-80.2073,43754,Gusikowski Group,03/01/2024
962,Martina,Yegorkov,myegorkovqp@oakley.com,Female,2009,Cadillac,CTS-V,Richmond,Virginia,23260,US,37.5242,-77.4932,67465,Swift-Anderson,07/10/2024
963,Anny,Larman,alarmanqq@marriott.com,Female,2000,Acura,RL,Edmond,Oklahoma,73034,US,35.6665,-97.4798,93035,Leffler-Grady,11/18/2024
964,Cicily,Croser,ccroserqr@washington.edu,Female,1993,Plymouth,Grand Voyager,Fort Wayne,Indiana,46814,US,41.0456,-85.3058,67664,Beatty-Hauck,05/15/2022
965,Ryan,Schreiner,rschreinerqs@irs.gov,Male,1986,Mitsubishi,Pajero,Spring,Texas,77386,US,30.1288,-95.4239,69669,"Runte, Harber and O'Reilly",08/17/2025
966,Selene,Eyes,seyesqt@howstuffworks.com,Female,2006,Cadillac,CTS-V,Wichita,Kansas,67260,US,37.7194,-97.2936,54089,Smith and Sons,10/14/2025
967,Athena,Malling,amallingqu@psu.edu,Non-binary,1999,Chevrolet,Silverado,Tampa,Florida,33625,US,28.0726,-82.559,75645,Mraz-Spencer,07/03/2025
968,Garrik,Tansill,gtansillqv@wikimedia.org,Male,1997,Dodge,Grand Caravan,Kansas City,Missouri,64130,US,39.0351,-94.5467,31984,"Schinner, Douglas and McGlynn",08/02/2023
969,Valerie,Le Grove,vlegroveqw@blogtalkradio.com,Female,1987,Mitsubishi,Pajero,Inglewood,California,90305,US,33.9583,-118.3258,46973,"Lehner, Barrows and Abshire",11/23/2022
970,Nada,Chasemoore,nchasemooreqx@canalblog.com,Female,1995,Nissan,300ZX,Newton,Massachusetts,02458,US,42.3528,-71.1875,68829,"Krajcik, Runolfsson and Kovacek",04/13/2023
971,Cleve,Skittreal,cskittrealqy@multiply.com,Male,1993,Mazda,B-Series,Cambridge,Massachusetts,02142,US,42.362,-71.083,54584,Romaguera-Spencer,10/06/2022
972,Kyrstin,Pikesley,kpikesleyqz@weibo.com,Female,1999,Cadillac,Catera,Oklahoma City,Oklahoma,73197,US,35.5514,-97.4075,39002,Boehm-Larson,05/11/2025
973,Isador,Warde,iwarder0@theguardian.com,Male,1995,GMC,Suburban 2500,Lake Charles,Louisiana,70616,US,30.2642,-93.3265,74749,Kessler and Sons,05/14/2022
974,Rosemaria,Talby,rtalbyr1@constantcontact.com,Non-binary,2010,Mazda,Tribute,New Haven,Connecticut,06533,US,41.3657,-72.9275,92412,"Hilll, O'Reilly and Volkman",07/25/2022
975,Othilie,Hansod,ohansodr2@opera.com,Female,1985,Ford,Bronco II,Corpus Christi,Texas,78410,US,27.8458,-97.596,95822,"Rogahn, Hermann and Schulist",09/22/2022
976,Debera,Andrivel,dandrivelr3@webnode.com,Female,1985,Porsche,928,Fullerton,California,92835,US,33.8994,-117.9063,44648,Schaden Group,12/16/2023
977,Jeralee,Sorbie,jsorbier4@jimdo.com,Genderqueer,2003,Audi,TT,New York City,New York,10275,US,40.7808,-73.9772,37861,"Macejkovic, Runolfsson and D'Amore",12/25/2023
978,Welbie,Lenglet,wlengletr5@dedecms.com,Male,1999,GMC,EV1,Los Angeles,California,90189,US,34.0515,-118.2559,47397,"Rodriguez, Nienow and Bailey",09/26/2024
979,Ali,Evershed,aevershedr6@hhs.gov,Female,2010,Lexus,HS,Saint Joseph,Missouri,64504,US,39.7076,-94.8677,95691,Jaskolski Group,06/28/2024
980,Ira,Ianetti,iianettir7@infoseek.co.jp,Female,2004,Jeep,Grand Cherokee,Canton,Ohio,44705,US,40.8259,-81.3399,83926,"Baumbach, Labadie and Hoppe",04/21/2024
981,Dani,Trayte,dtrayter8@ox.ac.uk,Female,2003,Buick,LeSabre,Richmond,Virginia,23213,US,37.5593,-77.4471,68422,Kreiger-Satterfield,12/26/2024
982,Blinni,Ghione,bghioner9@people.com.cn,Female,2005,Toyota,Highlander,Daytona Beach,Florida,32118,US,29.2219,-81.0095,63804,Ward-Monahan,03/12/2025
983,Franciskus,Bowell,fbowellra@cam.ac.uk,Male,1995,Audi,riolet,Boise,Idaho,83727,US,43.4599,-116.244,42164,Kling LLC,03/12/2022
984,Brent,Ferrao,bferraorb@sina.com.cn,Male,1987,Volkswagen,Jetta,Largo,Florida,33777,US,27.8546,-82.7545,35067,Huels-Bergstrom,12/09/2025
985,Guillermo,Grisewood,ggrisewoodrc@ucoz.com,Male,1989,Subaru,XT,Newton,Massachusetts,02458,US,42.3528,-71.1875,39876,Brakus Inc,09/20/2023
986,Evvy,MacKowle,emackowlerd@time.com,Genderfluid,2007,BMW,X3,Charleston,South Carolina,29403,US,32.7976,-79.9493,40458,"Rice, Skiles and Champlin",03/07/2022
987,Melonie,Staples,mstaplesre@thetimes.co.uk,Female,2012,Nissan,NV1500,Jamaica,New York,11436,US,40.6763,-73.7966,87746,"Lebsack, Rohan and Franecki",06/14/2022
988,Bing,Joules,bjoulesrf@zdnet.com,Male,2010,Lotus,Exige,New York City,New York,10131,US,40.7808,-73.9772,46356,Skiles-Jacobi,07/19/2022
989,Augustus,Dampier,adampierrg@salon.com,Male,2003,Lexus,GS,Fort Lauderdale,Florida,33310,US,26.1443,-80.2069,96261,Smith-Bernier,02/27/2025
990,Dacie,Raikes,draikesrh@netscape.com,Female,1989,Buick,Skyhawk,San Diego,California,92191,US,33.0169,-116.846,58515,O'Hara LLC,05/23/2022
991,Benito,Edbrooke,bedbrookeri@census.gov,Male,1992,Mazda,Navajo,Atlanta,Georgia,30356,US,33.8913,-84.0746,91069,Ernser-Dach,07/22/2022
992,Nicolette,Paulot,npaulotrj@github.com,Female,2007,Hyundai,Santa Fe,Montgomery,Alabama,36119,US,32.2334,-86.2085,32098,Torp Group,08/17/2024
993,Merla,Babcock,mbabcockrk@chicagotribune.com,Female,2010,Jeep,Patriot,Memphis,Tennessee,38197,US,35.2017,-89.9715,53089,Robel-Stiedemann,06/17/2022
994,Nels,Munning,nmunningrl@blinklist.com,Male,2005,Honda,Insight,San Antonio,Texas,78215,US,29.4413,-98.4793,55204,Ankunding LLC,04/04/2025
995,Aldwin,Lidell,alidellrm@apple.com,Male,2007,Toyota,Prius,Birmingham,Alabama,35210,US,33.5452,-86.6655,65650,Murazik Group,08/13/2022
996,Harli,Sallenger,hsallengerrn@jalbum.net,Female,2005,Suzuki,Aerio,Tucson,Arizona,85748,US,32.215,-110.7758,98580,Hudson Inc,12/04/2022
997,Juana,Giral,jgiralro@feedburner.com,Female,2002,Porsche,Boxster,Wilmington,Delaware,19897,US,39.5645,-75.597,62594,Kub Group,03/29/2025
998,Chlo,Harome,charomerp@answers.com,Female,1992,Infiniti,G,Houston,Texas,77245,US,29.834,-95.4342,36398,"Bayer, Rempel and Cole",10/30/2022
999,Broddie,Negri,bnegrirq@google.it,Male,1994,Ford,E-Series,Newark,New Jersey,07112,US,40.7107,-74.2131,35426,Frami Group,11/15/2024
1000,Rodolfo,Blinerman,rblinermanrr@skyrock.com,Male,2005,Spyker,C8,Lancaster,Pennsylvania,17605,US,40.0185,-76.2976,60462,Bosco-Smith,07/10/2022
