id,firstName,lastName,email,gender,carYear,automobileMake,automobileModel,customerRegion,customerState,customerPostal,customerCountry_ISO2,customerRegionLatitude,ownerRegionLongitude,automobilePrice,customer,purchaseDate
1,Jeanette,Ziemecki,jziemecki0@dyndns.org,Female,2010,Volkswagen,Golf,Shreveport,Louisiana,71115,US,32.3401,-93.6092,66167,"Gislason, Trantow and Gleichner",02/20/2022
2,Loy,Shoreman,lshoreman1@prnewswire.com,Male,2010,Dodge,Avenger,Mansfield,Ohio,44905,US,40.7779,-82.4613,65817,"Wintheiser, Ward and Barrows",01/23/2024
3,Jacques,Boarder,jboarder2@creativecommons.org,Male,1998,Oldsmobile,Bravada,San Antonio,Texas,78296,US,29.4375,-98.4616,86540,Graham Inc,09/27/2023
4,James,Querrard,jquerrard3@about.com,Male,2010,Lexus,LS,Hartford,Connecticut,06145,US,41.7918,-72.7188,91543,"Crooks, Hudson and Crooks",07/26/2024
5,Alexander,Clitherow,aclitherow4@addthis.com,Male,1997,Cadillac,Eldorado,Clearwater,Florida,34615,US,27.9843,-82.7813,62858,Langosh-Nitzsche,05/03/2024
6,Sutherlan,Basterfield,sbasterfield5@jugem.jp,Male,1995,Dodge,Stratus,Dallas,Texas,75342,US,32.7673,-96.7776,93565,"Casper, Dooley and Durgan",07/20/2023
7,Gerianna,Serck,gserck6@slashdot.org,Female,2012,Mercedes-Benz,G-Class,Garland,Texas,75049,US,32.7673,-96.7776,73151,"Marquardt, Smith and Block",06/25/2022
8,Iormina,Haslewood,ihaslewood7@chronoengine.com,Genderqueer,2007,Chevrolet,Equinox,Terre Haute,Indiana,47805,US,39.5327,-87.3255,34181,Prosacco-Gutmann,06/16/2024
9,Verina,Gerrill,vgerrill8@bizjournals.com,Female,2003,Hyundai,Elantra,Amarillo,Texas,79188,US,35.1885,-101.8165,70195,Goyette LLC,04/02/2025
10,Mordy,Jachimak,mjachimak9@dagondesign.com,Male,2008,Suzuki,Forenza,Springfield,Massachusetts,01105,US,42.0999,-72.5783,92434,Welch-Nolan,03/10/2023
11,Celinka,Greasty,cgreastya@ox.ac.uk,Female,1988,Mazda,B-Series,Tucson,Arizona,85754,US,31.9701,-111.8907,84729,Lakin and Sons,01/13/2023
12,Glory,Marjoribanks,gmarjoribanksb@phoca.cz,Female,2011,Lexus,LS,Bronx,New York,10454,US,40.8085,-73.9198,71693,Pfeffer LLC,08/07/2024
13,Ravid,Fleay,rfleayc@sina.com.cn,Male,1994,Dodge,Ram Wagon B250,Mobile,Alabama,36610,US,30.7309,-88.0789,40199,"Bode, Rosenbaum and Kub",06/27/2022
14,Carey,Kilgrew,ckilgrewd@digg.com,Male,1999,Hyundai,Accent,Memphis,Tennessee,38136,US,35.2017,-89.9715,49887,Kris Inc,04/07/2025
15,Sisely,Lory,slorye@go.com,Female,2000,Nissan,Maxima,Lehigh Acres,Florida,33972,US,26.6492,-81.6167,80255,"Gleason, Renner and Walter",09/25/2024
16,Simeon,Cristofvao,scristofvaof@wsj.com,Male,2003,Mitsubishi,Montero Sport,Washington,District of Columbia,20244,US,38.8933,-77.0146,95502,"Berge, Kunze and Kulas",12/07/2023
17,Wendeline,McGenn,wmcgenng@gmpg.org,Female,1986,Pontiac,Safari,New York City,New York,10260,US,40.7808,-73.9772,34169,Friesen-Crist,03/29/2025
18,Jolynn,Bims,jbimsh@amazonaws.com,Female,2007,Pontiac,Vibe,Pensacola,Florida,32505,US,30.4481,-87.2589,54272,Kovacek Group,12/05/2024
19,Torrie,Fairney,tfairneyi@nps.gov,Female,1995,Porsche,928,Saint Petersburg,Florida,33731,US,27.8918,-82.7248,57029,Walsh LLC,01/04/2024
20,Ali,Muzzlewhite,amuzzlewhitej@ycombinator.com,Male,1994,Volvo,960,Mc Keesport,Pennsylvania,15134,US,40.4344,-80.0248,38210,Stokes Inc,02/18/2025
21,Cate,Grasser,cgrasserk@flickr.com,Female,2010,Audi,S5,North Little Rock,Arkansas,72199,US,34.8272,-92.2847,84880,"West, Zboncak and Feest",04/18/2024
22,Elinor,Terzo,eterzol@networkadvertising.org,Female,1992,Porsche,968,San Luis Obispo,California,93407,US,35.3471,-120.4553,49118,Barrows and Sons,05/29/2025
23,Eustace,Fellon,efellonm@t-online.de,Male,2011,GMC,Acadia,Chicago,Illinois,60614,US,41.9229,-87.6483,56954,"Kautzer, Morar and Wunsch",03/08/2024
24,Gradeigh,Garvin,ggarvinn@jugem.jp,Male,2008,Ferrari,F430,Knoxville,Tennessee,37995,US,35.9901,-83.9622,58146,Cartwright LLC,06/16/2022
25,Sanford,Bestman,sbestmano@abc.net.au,Genderfluid,2008,Honda,Odyssey,Fresno,California,93778,US,36.7464,-119.6397,93576,Miller Inc,11/08/2025
26,Lolita,Rizzetti,lrizzettip@discuz.net,Female,1997,Volvo,960,Corpus Christi,Texas,78426,US,27.777,-97.4632,41119,Bartell-Runte,02/28/2024
27,Bonnie,Kondratenya,bkondratenyaq@vk.com,Female,2009,Volvo,XC60,Macon,Georgia,31217,US,32.8118,-83.565,51860,"Abshire, Cremin and Boyer",10/24/2022
28,Grete,Mechi,gmechir@usatoday.com,Female,1996,Dodge,Ram 1500,Chicago,Illinois,60619,US,41.7458,-87.6054,81600,"Lockman, Wuckert and Aufderhar",09/04/2025
29,Amberly,Hritzko,ahritzkos@flavors.me,Genderfluid,2005,Jaguar,X-Type,Jacksonville,Florida,32220,US,30.329,-81.8176,77144,Little Group,08/19/2022
30,Nadya,Gudd,nguddt@nationalgeographic.com,Female,2011,Kia,Sedona,Wichita,Kansas,67210,US,37.6379,-97.2613,42111,"Konopelski, Kerluke and Deckow",03/05/2022
31,Greggory,Tolhurst,gtolhurstu@economist.com,Male,2010,Bentley,Continental GT,Atlanta,Georgia,31165,US,33.7629,-84.4226,68544,Schneider and Sons,06/13/2022
32,Jessie,Canizares,jcanizaresv@comsenz.com,Male,1999,Mercedes-Benz,SLK-Class,New York City,New York,10175,US,40.7543,-73.9798,47162,"Klein, Douglas and Feil",07/10/2022
33,Conrado,Reidshaw,creidshaww@cnet.com,Male,2005,Maserati,Quattroporte,Billings,Montana,59105,US,45.9497,-108.599,46276,"Bednar, Zboncak and Rogahn",07/02/2025
34,Maddie,Coltart,mcoltartx@reference.com,Female,2003,Kia,Sedona,New Hyde Park,New York,11044,US,40.7548,-73.6018,81041,"Williamson, Muller and Monahan",07/25/2022
35,Margaux,Cartwright,mcartwrighty@histats.com,Female,1986,Mitsubishi,Mirage,San Diego,California,92105,US,32.7423,-117.0947,92583,Rolfson LLC,07/16/2023
36,Reuben,Luten,rlutenz@clickbank.net,Male,2010,Audi,S6,Wilmington,Delaware,19897,US,39.5645,-75.597,59113,Batz and Sons,09/11/2022
37,Ninetta,Cromley,ncromley10@google.cn,Female,1996,Chevrolet,Tahoe,Bethesda,Maryland,20892,US,39.0024,-77.1034,48949,Rutherford Group,10/22/2024
38,Celinka,Mewburn,cmewburn11@dagondesign.com,Female,1990,Mercury,Topaz,Jamaica,New York,11407,US,40.6913,-73.8059,67376,Bartell-Hoppe,05/29/2025
39,Nicolais,Bridywater,nbridywater12@desdev.cn,Male,2004,Lexus,ES,Minneapolis,Minnesota,55480,US,45.0159,-93.4719,72891,Rosenbaum-Langosh,07/03/2022
40,Valentino,Durtnell,vdurtnell13@wufoo.com,Male,2005,Chrysler,Sebring,Houston,Texas,77240,US,29.834,-95.4342,44813,Wunsch-Kuhic,01/03/2024
41,Orbadiah,MacDearmont,omacdearmont14@istockphoto.com,Male,2001,Chevrolet,Silverado 3500,Morgantown,West Virginia,26505,US,39.6505,-79.944,60437,"Buckridge, Gerhold and Satterfield",11/05/2022
42,Pris,O' Flaherty,poflaherty15@ucla.edu,Female,1993,Nissan,NX,Houston,Texas,77281,US,29.834,-95.4342,92931,"Mann, Hilll and Johns",01/06/2023
43,Lincoln,Penton,lpenton16@cloudflare.com,Male,2005,Volvo,XC70,Albany,New York,12262,US,42.6149,-73.9708,67078,Swaniawski and Sons,01/21/2025
44,Catherin,Tinkler,ctinkler17@princeton.edu,Polygender,1992,GMC,Jimmy,Austin,Texas,78759,US,30.4036,-97.7526,44416,"Crona, VonRueden and Nolan",04/16/2025
45,Wallis,Walewski,wwalewski18@opensource.org,Male,1992,Ford,F350,Macon,Georgia,31217,US,32.8118,-83.565,89903,"Lindgren, Hessel and Swift",11/30/2025
46,Janenna,Medforth,jmedforth19@yellowpages.com,Female,2007,GMC,Acadia,Richmond,Virginia,23242,US,37.5313,-77.4161,84277,"Buckridge, Hirthe and Bosco",10/23/2022
47,Barri,Carillo,bcarillo1a@constantcontact.com,Male,2007,Pontiac,G6,Rockford,Illinois,61105,US,42.3254,-89.1705,56317,"Dach, Wolf and Hayes",05/26/2025
48,Luigi,Matovic,lmatovic1b@multiply.com,Male,2002,Kia,Spectra,Dallas,Texas,75353,US,32.7673,-96.7776,96228,"Schiller, Kuhic and Weissnat",11/19/2024
49,Gloriana,Koppen,gkoppen1c@youtu.be,Female,2005,Honda,S2000,Saint Paul,Minnesota,55114,US,44.968,-93.1981,65178,"Schultz, Dare and Graham",11/18/2025
50,Inger,Predohl,ipredohl1d@indiatimes.com,Male,2006,Nissan,Titan,Long Beach,California,90805,US,33.8635,-118.1801,52579,Kovacek and Sons,10/22/2023
51,Peder,Sigert,psigert1e@icq.com,Genderqueer,2003,Saab,9-3,Henderson,Nevada,89074,US,36.0384,-115.0857,59792,Muller Inc,12/21/2025
52,Lion,Greensite,lgreensite1f@histats.com,Male,1999,Toyota,Land Cruiser,Colorado Springs,Colorado,80925,US,38.7378,-104.6459,69965,"Harber, Bins and Harvey",08/17/2025
53,Carlo,Abbys,cabbys1g@nps.gov,Male,2008,BMW,M6,Sacramento,California,94280,US,38.3774,-121.4444,80881,"Cummerata, Kemmer and Kulas",12/03/2023
54,Gasparo,Rathbone,grathbone1h@artisteer.com,Male,2007,Bentley,Continental Flying Spur,Wilmington,Delaware,19892,US,39.5645,-75.597,70423,"Bogisich, Bernhard and Casper",03/14/2023
55,Flin,Buttel,fbuttel1i@weebly.com,Male,1999,Ford,F350,Clearwater,Florida,33758,US,27.8918,-82.7248,49209,Ortiz-Sporer,02/17/2023
56,Chrissy,Corneliussen,ccorneliussen1j@behance.net,Male,2007,Audi,A4,Erie,Pennsylvania,16534,US,42.1827,-80.0649,75315,"Cruickshank, Hane and Zboncak",10/21/2024
57,Emlynne,Primrose,eprimrose1k@slate.com,Female,2011,Maybach,Landaulet,Panama City,Florida,32412,US,30.2345,-85.692,37099,Kemmer-Howell,01/05/2023
58,Tucky,Waymont,twaymont1l@netvibes.com,Male,2000,Ford,Explorer Sport Trac,Houston,Texas,77201,US,29.834,-95.4342,45793,"Runolfsdottir, Wisoky and Robel",06/28/2022
59,Grannie,Grewcock,ggrewcock1m@telegraph.co.uk,Male,2010,Aston Martin,V8 Vantage,San Jose,California,95138,US,37.2602,-121.7709,67008,Kshlerin LLC,01/19/2024
60,Augy,Bartoszek,abartoszek1n@paginegialle.it,Male,2012,Chevrolet,Avalanche,Torrance,California,90505,US,33.8106,-118.3507,69139,"Schaden, Langosh and Howell",08/23/2022
61,Otho,Lannen,olannen1o@sohu.com,Male,1991,Mercury,Cougar,Akron,Ohio,44321,US,41.1002,-81.6443,42909,Ebert Group,07/08/2022
62,Benn,Chawkley,bchawkley1p@purevolume.com,Male,1987,Buick,Century,Las Vegas,Nevada,89160,US,35.9279,-114.9721,37214,Lakin Group,12/16/2022
63,Aurlie,Moorman,amoorman1q@washington.edu,Female,1998,GMC,Savana 2500,Washington,District of Columbia,20005,US,38.9067,-77.0312,87014,Roberts-MacGyver,02/06/2023
64,Meade,Peak,mpeak1r@spiegel.de,Female,2009,Ford,Ranger,Lexington,Kentucky,40591,US,38.0283,-84.4715,66318,Jacobson Group,08/23/2024
65,Dallas,Mandres,dmandres1s@tripod.com,Male,2010,Mercury,Mountaineer,New York City,New York,10280,US,40.7105,-74.0163,57882,Thiel and Sons,07/13/2023
66,Guenevere,Scoble,gscoble1t@census.gov,Polygender,2006,Chrysler,Crossfire Roadster,Billings,Montana,59112,US,45.9783,-108.1945,46897,Daugherty Inc,05/06/2023
67,Clementius,Celier,ccelier1u@dagondesign.com,Male,2008,Dodge,Durango,Durham,North Carolina,27705,US,36.0218,-78.9478,97064,Wintheiser Group,07/23/2022
68,Tannie,Glazier,tglazier1v@wufoo.com,Male,1991,Mazda,929,Cincinnati,Ohio,45208,US,39.1361,-84.4355,66411,Rogahn LLC,07/29/2022
69,Seline,Bellelli,sbellelli1w@exblog.jp,Female,2012,MINI,Clubman,Hattiesburg,Mississippi,39404,US,31.1721,-89.2948,41588,Greenholt LLC,09/23/2024
70,Barnard,Bye,bbye1x@utexas.edu,Male,1988,Audi,80/90,Fort Worth,Texas,76121,US,32.7714,-97.2915,75883,Funk Inc,06/20/2025
71,Konstantin,Dampney,kdampney1y@hibu.com,Male,2012,Nissan,Rogue,Kansas City,Missouri,64114,US,38.9621,-94.5959,94756,Bode Inc,08/17/2024
72,Si,Sunley,ssunley1z@reuters.com,Male,2003,BMW,M3,Hicksville,New York,11854,US,40.7548,-73.6018,74406,Marvin and Sons,05/08/2023
73,Napoleon,Haggarty,nhaggarty20@eepurl.com,Male,1992,Porsche,911,San Diego,California,92132,US,32.6437,-117.1384,57373,Champlin Inc,08/09/2025
74,Claudelle,Bindley,cbindley21@sogou.com,Female,2002,Pontiac,Firebird,Lansing,Michigan,48930,US,42.7325,-84.5587,63023,"Deckow, Runte and Torp",04/10/2025
75,Ebba,Mardall,emardall22@etsy.com,Female,2008,Kia,Rio5,Norfolk,Virginia,23509,US,36.8787,-76.2604,97907,"Bruen, Willms and Cartwright",03/14/2025
76,Levin,Peasgood,lpeasgood23@bizjournals.com,Polygender,1992,Isuzu,Stylus,Atlanta,Georgia,31119,US,33.8913,-84.0746,70738,McGlynn and Sons,01/29/2024
77,Nicola,Teas,nteas24@bloglovin.com,Male,1993,Volkswagen,Cabriolet,Houston,Texas,77090,US,30.0167,-95.447,45977,Bruen-Bode,03/10/2022
78,Nikita,Coggeshall,ncoggeshall25@cpanel.net,Male,1985,Buick,Somerset,Fargo,North Dakota,58122,US,46.9346,-97.2297,49000,"Doyle, Blick and Wyman",11/08/2023
79,Emmett,Fabry,efabry26@nih.gov,Male,2008,Saturn,Aura,Columbia,South Carolina,29240,US,34.006,-80.9708,95704,Spinka-Monahan,09/01/2025
80,Luis,Grafham,lgrafham27@multiply.com,Genderqueer,1998,Pontiac,Grand Am,Indianapolis,Indiana,46295,US,39.7795,-86.1328,41215,Mayer-Kovacek,08/29/2025
81,Max,McCamish,mmccamish28@bbb.org,Male,2005,Chevrolet,Uplander,Santa Barbara,California,93150,US,34.2628,-119.8486,74208,Kuhn-Kuvalis,05/08/2023
82,Malva,Kobiera,mkobiera29@google.es,Female,2008,Hyundai,Tucson,Dallas,Texas,75392,US,32.7673,-96.7776,65273,"Pfeffer, Kovacek and Bechtelar",05/19/2024
83,Judie,World,jworld2a@g.co,Agender,1986,Mitsubishi,Mirage,Waterbury,Connecticut,06705,US,41.5503,-72.9963,89685,Graham and Sons,07/03/2024
84,Susana,Binyon,sbinyon2b@cornell.edu,Female,2009,Audi,A4,Lake Charles,Louisiana,70616,US,30.2642,-93.3265,48601,Pouros-White,08/22/2025
85,Jodi,Matasov,jmatasov2c@jimdo.com,Male,1983,Ford,Thunderbird,Sacramento,California,94263,US,38.3774,-121.4444,88839,Konopelski-Lubowitz,03/17/2023
86,Frasco,Blackadder,fblackadder2d@canalblog.com,Male,1989,Mazda,Familia,San Diego,California,92170,US,33.0169,-116.846,68483,Casper LLC,02/17/2023
87,Netty,Fenny,nfenny2e@usnews.com,Female,2004,Nissan,Pathfinder Armada,Kansas City,Missouri,64190,US,39.3432,-94.8516,87234,Grant and Sons,12/09/2024
88,Eldredge,Sworder,esworder2f@alexa.com,Male,2005,Porsche,Boxster,Canton,Ohio,44720,US,40.8956,-81.433,54670,"Rodriguez, Bernier and Schuster",03/03/2023
89,Kelly,O'Reilly,koreilly2g@is.gd,Male,1990,Porsche,928,Idaho Falls,Idaho,83405,US,43.3233,-111.7822,48706,Grimes and Sons,08/31/2025
90,Arnold,Houldey,ahouldey2h@examiner.com,Male,1998,Audi,A6,Columbia,South Carolina,29203,US,34.0635,-81.0265,69430,Feeney-Breitenberg,03/05/2023
91,Birgit,Di Bernardo,bdibernardo2i@jiathis.com,Female,2009,GMC,Sierra,Raleigh,North Carolina,27635,US,35.7977,-78.6253,69900,Cummings Inc,07/29/2025
92,Orsa,Spandley,ospandley2j@answers.com,Female,2012,Mercedes-Benz,G-Class,San Bernardino,California,92405,US,34.1446,-117.3013,39176,"Steuber, Pfannerstill and Orn",04/08/2025
93,Daphene,Mashro,dmashro2k@ted.com,Female,2006,Ford,E-350 Super Duty,Gaithersburg,Maryland,20883,US,39.0883,-77.1568,35092,"Bosco, Thompson and Crist",08/22/2025
94,Beatrice,Jasik,bjasik2l@apache.org,Female,1997,Subaru,Legacy,Miami,Florida,33180,US,25.9597,-80.1403,39203,Prohaska LLC,03/29/2025
95,Deny,Presnail,dpresnail2m@webeden.co.uk,Female,2007,Honda,Element,Albany,New York,12210,US,42.6568,-73.7605,68478,Conn-Mertz,09/24/2024
96,Carr,Dibner,cdibner2n@bluehost.com,Non-binary,2006,Hyundai,Tucson,Washington,District of Columbia,20436,US,38.8959,-77.0211,32374,Wilkinson-Tillman,06/03/2024
97,Ritchie,Stuke,rstuke2o@globo.com,Male,2003,Ford,E-Series,El Paso,Texas,88569,US,31.6948,-106.3,76886,Cummerata Inc,06/24/2024
98,Roi,Greveson,rgreveson2p@canalblog.com,Male,2011,Mercedes-Benz,Sprinter,Lexington,Kentucky,40505,US,38.0612,-84.4583,40966,Rempel-Kris,02/03/2023
99,Jilli,Blondel,jblondel2q@dion.ne.jp,Female,2002,Audi,A4,Tyler,Texas,75799,US,32.4112,-95.2899,85207,"Schiller, Ferry and Zemlak",12/28/2023
100,Margaret,Feldhammer,mfeldhammer2r@newsvine.com,Female,2002,Infiniti,G,Erie,Pennsylvania,16550,US,42.1827,-80.0649,73047,"Hoeger, Wuckert and Hudson",03/15/2024
101,Josselyn,Mc Combe,jmccombe2s@i2i.jp,Female,2000,Ford,Expedition,Montpelier,Vermont,05609,US,44.2595,-72.585,85232,"Pollich, McKenzie and Bernhard",07/31/2022
102,Delano,Buxam,dbuxam2t@acquirethisname.com,Male,2006,GMC,Envoy,Saint Paul,Minnesota,55114,US,44.968,-93.1981,34448,"Sauer, Feil and Roberts",11/21/2023
103,Euphemia,Cabbell,ecabbell2u@imageshack.us,Polygender,2012,BMW,Z4,Asheville,North Carolina,28815,US,35.6203,-82.5286,60552,King-Beier,05/23/2024
104,Berky,Duprey,bduprey2v@springer.com,Male,2007,Toyota,Highlander Hybrid,New York City,New York,10155,US,40.7611,-73.968,64496,Fahey-Hahn,02/01/2022
105,Edgard,Kirrens,ekirrens2w@so-net.ne.jp,Male,2009,Kia,Borrego,Gary,Indiana,46406,US,41.5878,-87.4062,50480,Gorczany Group,05/02/2023
106,Davey,Walczak,dwalczak2x@nifty.com,Male,2010,Mitsubishi,Lancer Evolution,Springfield,Massachusetts,01105,US,42.0999,-72.5783,89693,"Sauer, Brown and Schaden",02/21/2024
107,Kilian,Grishakin,kgrishakin2y@google.ca,Male,2007,Subaru,Tribeca,Houston,Texas,77245,US,29.834,-95.4342,57793,O'Keefe LLC,06/24/2023
108,Gabriella,Harewood,gharewood2z@wufoo.com,Female,1999,Dodge,Intrepid,San Diego,California,92160,US,33.0169,-116.846,66244,Vandervort-Shanahan,05/11/2024
109,Starla,Raisher,sraisher30@goo.gl,Female,1995,Dodge,Grand Caravan,Miami,Florida,33153,US,25.8655,-80.1936,32302,"Orn, Skiles and O'Conner",09/12/2022
110,Meaghan,Faulds,mfaulds31@newyorker.com,Female,2006,Suzuki,Verona,Houston,Texas,77293,US,29.834,-95.4342,79939,"Aufderhar, Ernser and Wolf",08/24/2023
111,Sherye,Trahearn,strahearn32@nature.com,Female,1998,Toyota,Camry,Pittsburgh,Pennsylvania,15250,US,40.4344,-80.0248,86428,Parker-Shanahan,09/05/2022
112,Mason,McSorley,mmcsorley33@mayoclinic.com,Male,2000,Mitsubishi,Galant,Roanoke,Virginia,24029,US,37.2742,-79.9579,91057,"Hyatt, Towne and Doyle",10/07/2023
113,Seamus,Triswell,striswell34@comcast.net,Male,2010,Kia,Sedona,Gainesville,Florida,32605,US,29.6785,-82.3679,59646,"Bauch, Cremin and Denesik",12/10/2022
114,Suzy,Dottrell,sdottrell35@pinterest.com,Agender,1997,Dodge,Stratus,Irvine,California,92612,US,33.6607,-117.8264,65577,Aufderhar Inc,05/04/2023
115,Teador,Oxberry,toxberry36@blog.com,Male,2006,Mazda,Tribute,Lexington,Kentucky,40546,US,38.0283,-84.4715,67495,Cremin Group,09/28/2023
116,Ginni,Trenchard,gtrenchard37@vk.com,Female,2007,Volkswagen,Jetta,Austin,Texas,78721,US,30.2721,-97.6868,67755,"Little, Stracke and Cassin",01/09/2026
117,Bryna,Baughan,bbaughan38@bloomberg.com,Female,1996,Lexus,SC,Washington,District of Columbia,20299,US,38.8933,-77.0146,70739,O'Reilly LLC,02/26/2024
118,Maria,Reder,mreder39@smh.com.au,Female,1988,Ford,Laser,Saint Paul,Minnesota,55127,US,45.0803,-93.0875,32719,Schowalter-Goodwin,12/16/2025
119,Bran,Wyborn,bwyborn3a@gmpg.org,Male,1984,Mercedes-Benz,W201,Charlotte,North Carolina,28230,US,35.26,-80.8042,58600,Rodriguez-Medhurst,05/26/2023
120,Wilhelm,Swedeland,wswedeland3b@diigo.com,Male,1997,Jeep,Grand Cherokee,Columbus,Ohio,43268,US,39.969,-83.0114,78376,"Beier, Schiller and Brekke",10/06/2022
121,Brantley,Winckles,bwinckles3c@phoca.cz,Male,2010,Lotus,Elise,Worcester,Massachusetts,01605,US,42.2894,-71.7888,45158,Wuckert-Bailey,09/14/2024
122,Carmine,Fitch,cfitch3d@constantcontact.com,Male,1994,Dodge,Ram Wagon B350,Virginia Beach,Virginia,23459,US,36.9216,-76.0171,94214,Walsh-Greenfelder,08/13/2023
123,Brucie,Sterman,bsterman3e@about.me,Male,2005,Dodge,Stratus,Lansing,Michigan,48912,US,42.7371,-84.5244,35858,"Rempel, Lakin and Block",05/14/2023
124,Alon,Loades,aloades3f@xrea.com,Male,2008,Mazda,MX-5,Buffalo,New York,14210,US,42.8614,-78.8206,89780,Fahey LLC,09/05/2023
125,Conway,Stockau,cstockau3g@yolasite.com,Male,1995,Dodge,Dakota,Pomona,California,91797,US,33.7866,-118.2987,35939,"Hegmann, Koch and Bechtelar",09/30/2024
126,Carry,L' Estrange,clestrange3h@wsj.com,Female,2005,Chevrolet,Malibu,Wichita,Kansas,67220,US,37.7667,-97.2805,75737,"Schmitt, Nicolas and Stehr",05/30/2023
127,Benn,Bothen,bbothen3i@dailymail.co.uk,Male,1984,Ford,F250,El Paso,Texas,88535,US,31.6948,-106.3,56726,"Gutkowski, Bauch and Kuhlman",11/15/2025
128,Sholom,Verecker,sverecker3j@statcounter.com,Male,2005,BMW,6 Series,Iowa City,Iowa,52245,US,41.6649,-91.5151,63031,"Wuckert, Sipes and Borer",03/05/2022
129,Quintin,Geraldo,qgeraldo3k@smugmug.com,Male,1985,Buick,Somerset,Memphis,Tennessee,38131,US,35.0664,-89.9921,52011,Quitzon LLC,09/16/2022
130,Leonie,Gibben,lgibben3l@walmart.com,Female,1993,Suzuki,Swift,Houston,Texas,77240,US,29.834,-95.4342,96743,Schmitt-Ullrich,08/22/2022
131,Saleem,Jasper,sjasper3m@japanpost.jp,Male,2009,Chevrolet,Express 1500,Fresno,California,93715,US,36.7464,-119.6397,87830,Gibson-Mueller,01/30/2023
132,Marcellus,Davydychev,mdavydychev3n@issuu.com,Male,2008,Mercedes-Benz,G-Class,Bonita Springs,Florida,34135,US,26.3771,-81.7334,44979,"Olson, Tillman and Emmerich",05/21/2025
133,Suzy,Finey,sfiney3o@mozilla.com,Female,1996,Mazda,Millenia,Panama City,Florida,32405,US,30.1949,-85.6727,54248,Runolfsdottir-Greenfelder,12/20/2022
134,Belvia,Fallanche,bfallanche3p@altervista.org,Female,2001,Hyundai,Elantra,Akron,Ohio,44393,US,41.1287,-81.54,59800,Hansen and Sons,07/12/2025
135,Donall,McGorman,dmcgorman3q@flavors.me,Male,1995,Pontiac,Bonneville,Brooklyn,New York,11220,US,40.6412,-74.0133,73274,Kreiger and Sons,01/20/2026
136,Mose,Ewbanke,mewbanke3r@skyrock.com,Male,1995,Volvo,940,Kissimmee,Florida,34745,US,27.9953,-81.2593,96444,"Kirlin, Simonis and Auer",08/08/2023
137,Peadar,De Malchar,pdemalchar3s@cloudflare.com,Male,2001,Pontiac,Bonneville,New York City,New York,10175,US,40.7543,-73.9798,43569,"Kunde, Bruen and Hamill",04/24/2024
138,Monique,Leggin,mleggin3t@hibu.com,Female,2008,Lexus,LX,Brooklyn,New York,11215,US,40.6669,-73.9828,31992,"Tremblay, Heller and Osinski",07/12/2024
139,Kerstin,Hein,khein3u@fotki.com,Female,1994,Ford,Econoline E350,Buffalo,New York,14210,US,42.8614,-78.8206,32388,"Kozey, Trantow and Thompson",08/08/2025
140,Kelci,Garlick,kgarlick3v@scribd.com,Female,1999,Honda,Prelude,Omaha,Nebraska,68144,US,41.2335,-96.1188,41574,Fritsch and Sons,05/27/2023
141,Nikolaos,Joe,njoe3w@youtube.com,Bigender,2002,Toyota,Tacoma,San Angelo,Texas,76905,US,31.4647,-100.39,34777,Gleason-Purdy,02/07/2023
142,Fay,Suttling,fsuttling3x@alibaba.com,Female,2002,Volkswagen,rio,Birmingham,Alabama,35263,US,33.5225,-86.8094,78429,"Mohr, Schaefer and Zieme",09/29/2025
143,Cammy,Meritt,cmeritt3y@nih.gov,Male,2000,Volkswagen,rio,Wichita Falls,Texas,76305,US,33.9995,-98.3938,69150,Abernathy LLC,11/26/2025
144,Janeta,Ledekker,jledekker3z@google.co.uk,Female,2007,Nissan,350Z,Albany,New York,12255,US,42.6149,-73.9708,31790,Brekke-Lakin,08/22/2024
145,Gael,Botterell,gbotterell40@nytimes.com,Male,2010,Audi,A8,Montgomery,Alabama,36195,US,32.3544,-86.2843,95440,Steuber-Corkery,12/24/2024
146,Shawn,Trafford,strafford41@indiegogo.com,Female,2010,Maserati,Quattroporte,Peoria,Illinois,61629,US,40.692,-89.5887,83393,Abernathy-O'Reilly,05/28/2025
147,Rosita,Geach,rgeach42@wix.com,Female,2008,Toyota,TundraMax,Washington,District of Columbia,20414,US,38.884,-77.0221,93996,Jacobi-Bayer,11/28/2024
148,Ogdon,Scanlan,oscanlan43@lulu.com,Male,1999,Lexus,LX,Columbus,Ohio,43226,US,39.969,-83.0114,67092,"Ratke, Lueilwitz and Christiansen",05/13/2023
149,Lauren,Janosevic,ljanosevic44@go.com,Female,2011,Infiniti,EX,Baltimore,Maryland,21290,US,39.2933,-76.6238,97130,Lebsack Inc,11/05/2022
150,Giulio,Lazonby,glazonby45@unicef.org,Male,2011,BMW,X3,Columbus,Mississippi,39705,US,33.5508,-88.4865,39391,Harris Group,03/03/2025
151,Skyler,Tuddall,studdall46@howstuffworks.com,Male,2005,Pontiac,G6,Houston,Texas,77090,US,30.0167,-95.447,38241,Jacobi LLC,09/06/2023
152,Dreddy,Rowthorne,drowthorne47@soundcloud.com,Female,2004,Holden,Monaro,Syracuse,New York,13224,US,43.0421,-76.1046,35061,Ferry Group,02/14/2025
153,Reidar,Lunt,rlunt48@marriott.com,Male,2011,Ford,F-Series Super Duty,Minneapolis,Minnesota,55436,US,44.9034,-93.374,95749,Labadie and Sons,12/18/2022
154,Helena,Sewter,hsewter49@google.com.br,Female,1990,Mercury,Cougar,New York City,New York,10079,US,40.7808,-73.9772,95900,"Goodwin, Bernhard and Aufderhar",09/01/2023
155,Nadeen,Robroe,nrobroe4a@yahoo.co.jp,Female,2003,Lamborghini,Gallardo,Mesquite,Texas,75185,US,32.7403,-96.5618,89192,Kris-Keebler,03/01/2024
156,Luca,Ashall,lashall4b@berkeley.edu,Male,1999,Honda,Odyssey,New Orleans,Louisiana,70124,US,30.0071,-90.1094,69703,Ankunding-Nikolaus,02/03/2022
157,Rabbi,Browett,rbrowett4c@pinterest.com,Male,2007,Mercedes-Benz,G-Class,Gastonia,North Carolina,28055,US,35.284,-81.1897,62371,O'Keefe Group,02/02/2024
158,Reginauld,Reddan,rreddan4d@nyu.edu,Male,1993,Chevrolet,Sportvan G30,El Paso,Texas,79911,US,31.8925,-106.5426,65505,Reynolds-Gibson,10/14/2024
159,Yasmeen,Meineken,ymeineken4e@nifty.com,Female,2009,Land Rover,LR3,Springfield,Missouri,65810,US,37.1136,-93.2896,80180,"Weissnat, Smitham and Keeling",06/13/2024
160,Kirby,Friman,kfriman4f@arizona.edu,Female,2005,Volkswagen,Touareg,Port Charlotte,Florida,33954,US,27.0228,-82.1108,78172,Halvorson and Sons,08/06/2025
161,Diahann,Houston,dhouston4g@hud.gov,Female,2001,Dodge,Dakota,Dallas,Texas,75216,US,32.7086,-96.7955,65633,Beier Group,05/01/2024
162,Thomasin,Sotheron,tsotheron4h@wikipedia.org,Non-binary,2012,Infiniti,FX,Prescott,Arizona,86305,US,34.8185,-112.9584,94645,Goodwin-Jenkins,11/04/2024
163,Cesare,Pasek,cpasek4i@baidu.com,Male,2005,Suzuki,Verona,El Paso,Texas,88579,US,31.6948,-106.3,79094,Powlowski LLC,12/26/2024
164,Helen,Montrose,hmontrose4j@ox.ac.uk,Female,1994,Saab,9000,Erie,Pennsylvania,16534,US,42.1827,-80.0649,41836,Dicki-Boehm,12/19/2024
165,Raphaela,Edie,redie4k@netscape.com,Female,2012,Hyundai,HED-5,Washington,District of Columbia,20260,US,38.8933,-77.0146,32174,Hamill and Sons,10/31/2022
166,Hally,Paula,hpaula4l@meetup.com,Female,2001,Toyota,Tacoma Xtra,New York City,New York,10275,US,40.7808,-73.9772,43721,"Koepp, Ebert and Brekke",01/25/2023
167,Matty,Oxe,moxe4m@lycos.com,Male,2005,Chevrolet,Express 3500,Sarasota,Florida,34276,US,27.1675,-82.381,42051,Harvey-Herman,07/27/2023
168,Winonah,Kenshole,wkenshole4n@t-online.de,Genderfluid,1998,Acura,Integra,Chicago,Illinois,60652,US,41.7454,-87.7135,35683,"Brown, Schultz and Maggio",08/08/2022
169,Filbert,Biernacki,fbiernacki4o@bluehost.com,Male,1994,Hummer,H1,Philadelphia,Pennsylvania,19125,US,39.9788,-75.1262,74492,"Morar, Wilkinson and Bernier",01/20/2023
170,Shellysheldon,Poleykett,spoleykett4p@sitemeter.com,Male,2000,BMW,M5,Hartford,Connecticut,06183,US,41.7638,-72.673,82352,Barrows-Wiegand,07/30/2023
171,Gan,Macourek,gmacourek4q@nih.gov,Male,2012,Mercedes-Benz,C-Class,Newark,New Jersey,07112,US,40.7107,-74.2131,63860,"Mills, Donnelly and Harvey",06/24/2023
172,Deane,Proschek,dproschek4r@msn.com,Male,2005,Jaguar,XJ Series,New York City,New York,10014,US,40.7339,-74.0054,97160,Fay Inc,05/08/2024
173,Tiffy,Mulhill,tmulhill4s@unc.edu,Female,1996,Chevrolet,3500,Erie,Pennsylvania,16534,US,42.1827,-80.0649,92574,Kuhn-Quitzon,05/23/2025
174,Hal,Giacopetti,hgiacopetti4t@dagondesign.com,Male,2003,Chevrolet,Venture,New Haven,Connecticut,06533,US,41.3657,-72.9275,91691,Ernser Group,02/22/2024
175,Tonnie,Arnli,tarnli4u@amazonaws.com,Male,2008,Mercury,Sable,Nashville,Tennessee,37235,US,36.1866,-86.7852,41212,"Jakubowski, Feest and Jacobson",09/23/2024
176,Gladys,Bowsher,gbowsher4v@printfriendly.com,Female,1997,Mazda,Protege,Amarillo,Texas,79118,US,35.0763,-101.8349,85135,Reichert-Blanda,02/03/2025
177,Sue,Gumme,sgumme4w@bandcamp.com,Female,1996,Mazda,MX-5,Charlotte,North Carolina,28272,US,35.26,-80.8042,79041,"King, Mayer and Daugherty",07/12/2025
178,Philly,McAleese,pmcaleese4x@google.fr,Female,2011,MINI,Cooper Countryman,Portland,Oregon,97240,US,45.5806,-122.3748,41630,Bailey LLC,09/18/2025
179,Honey,Hayman,hhayman4y@fastcompany.com,Female,2000,Mazda,Miata MX-5,Charleston,West Virginia,25336,US,38.2968,-81.5547,31755,"Lockman, Wisoky and Cartwright",11/05/2024
180,Fair,Prew,fprew4z@bluehost.com,Male,1989,Buick,Skyhawk,Everett,Washington,98206,US,47.8599,-122.2848,89182,Johnson-Champlin,02/15/2024
181,Griswold,Sweett,gsweett50@storify.com,Male,2009,Lexus,IS-F,Memphis,Tennessee,38126,US,35.1255,-90.0424,55458,Rippin and Sons,01/16/2023
182,Arin,Dowtry,adowtry51@cnbc.com,Male,2007,Toyota,Solara,Terre Haute,Indiana,47805,US,39.5327,-87.3255,86311,Frami-Bayer,11/02/2022
183,Brigitta,Crosbie,bcrosbie52@w3.org,Female,2005,Nissan,Murano,New Haven,Connecticut,06505,US,41.3057,-72.7799,41985,Greenfelder-Buckridge,01/14/2024
184,Rodger,Espinha,respinha53@economist.com,Male,1984,Ford,Ranger,Las Vegas,Nevada,89150,US,35.9279,-114.9721,41930,Nikolaus Group,05/09/2023
185,Freeland,Wilshaw,fwilshaw54@webmd.com,Male,2002,MINI,Cooper,New York City,New York,10175,US,40.7543,-73.9798,77411,Schinner Group,01/24/2026
186,Kiley,Baldick,kbaldick55@people.com.cn,Female,2004,Mitsubishi,Lancer,El Paso,Texas,79916,US,31.7444,-106.2879,78611,Marquardt Inc,05/22/2025
187,Elvina,Lytle,elytle56@about.me,Agender,1989,Mitsubishi,Excel,San Jose,California,95113,US,37.3329,-121.8916,92543,Graham-Borer,10/02/2023
188,Franky,Alcide,falcide57@apple.com,Male,2009,Chevrolet,HHR,Peoria,Illinois,61605,US,40.6775,-89.6263,71341,"Rau, Abshire and Nicolas",03/13/2022
189,Claybourne,Delnevo,cdelnevo58@last.fm,Male,1999,GMC,Sierra 2500,Kansas City,Kansas,66160,US,39.0966,-94.7495,61608,Doyle Group,09/06/2022
190,Melinda,Lorraine,mlorraine59@webeden.co.uk,Female,2012,Nissan,370Z,Macon,Georgia,31296,US,32.8067,-83.6913,40998,Spinka LLC,03/31/2024
191,Sherwin,Cahillane,scahillane5a@51.la,Male,1987,Mazda,B2600,Fresno,California,93715,US,36.7464,-119.6397,31631,Bogan-Emard,05/06/2025
192,Ban,MacTrustie,bmactrustie5b@taobao.com,Male,1993,Dodge,Ramcharger,Melbourne,Florida,32919,US,28.3067,-80.6862,35115,Beatty-O'Conner,09/05/2022
193,Chan,Murcott,cmurcott5c@usnews.com,Male,2002,Maserati,Spyder,Chicago,Illinois,60636,US,41.776,-87.6674,43581,"Lynch, Bartell and Jakubowski",12/22/2023
194,Chrisse,Brugmann,cbrugmann5d@xinhuanet.com,Agender,1989,Lincoln,Continental Mark VII,New Orleans,Louisiana,70179,US,30.033,-89.8826,34045,"Kassulke, Marquardt and Schinner",03/10/2022
195,Franny,Dodswell,fdodswell5e@irs.gov,Bigender,1993,BMW,M5,Anniston,Alabama,36205,US,33.7358,-85.7933,73921,Murray LLC,08/23/2025
196,Germaine,Beebis,gbeebis5f@samsung.com,Female,1986,Lincoln,Continental,Madison,Wisconsin,53779,US,43.0982,-89.3242,47710,Rogahn-Lebsack,12/11/2022
197,L;urette,O'Day,loday5g@odnoklassniki.ru,Female,2004,Lexus,ES,Sacramento,California,95838,US,38.6406,-121.444,74189,"Beer, Oberbrunner and Stokes",05/25/2022
198,Meriel,Kirke,mkirke5h@photobucket.com,Female,2004,BMW,530,New Haven,Connecticut,06505,US,41.3057,-72.7799,62596,"Morissette, Schneider and Farrell",08/31/2023
199,Harlene,Caswill,hcaswill5i@mlb.com,Genderfluid,2007,Pontiac,G5,Santa Barbara,California,93111,US,34.4453,-119.8025,85735,"Ortiz, Berge and Gusikowski",09/13/2024
200,Ulrica,Merry,umerry5j@scribd.com,Female,2002,Mercury,Villager,Pittsburgh,Pennsylvania,15235,US,40.4598,-79.8224,79856,Bruen-Douglas,01/26/2025
201,Rolland,Skidmore,rskidmore5k@hibu.com,Male,2010,Toyota,RAV4,Kansas City,Missouri,64190,US,39.3432,-94.8516,58265,"Lindgren, Cruickshank and Wuckert",12/23/2025
202,Huberto,Tullot,htullot5l@soup.io,Male,2001,Mazda,Tribute,Flushing,New York,11355,US,40.7536,-73.8226,94610,Hickle-Hintz,10/28/2022
203,Mabelle,O'Hoey,mohoey5m@themeforest.net,Female,1999,Mitsubishi,3000GT,Sunnyvale,California,94089,US,37.3983,-122.0006,94130,"Donnelly, Jacobson and Bayer",11/26/2024
204,Veronika,Ellaway,vellaway5n@squarespace.com,Agender,1997,Lincoln,Town Car,Dayton,Ohio,45419,US,39.7155,-84.1637,84784,Bradtke-Vandervort,07/25/2023
205,Blisse,Goforth,bgoforth5o@gnu.org,Female,2008,Volvo,XC70,Orange,California,92867,US,33.811,-117.8493,56279,Kub-Armstrong,05/25/2024
206,Coraline,Peasegood,cpeasegood5p@twitpic.com,Female,2011,Acura,RDX,Houston,Texas,77045,US,29.6297,-95.4382,65825,"Pfeffer, Fadel and Bosco",06/11/2022
207,Halli,Taffee,htaffee5q@newyorker.com,Female,2010,BMW,6 Series,Aurora,Colorado,80045,US,39.7467,-104.8384,71066,Runolfsson LLC,05/12/2023
208,Cicely,Kauble,ckauble5r@abc.net.au,Female,2001,Isuzu,VehiCROSS,Jackson,Mississippi,39216,US,32.3386,-90.1708,42449,"Doyle, Rempel and Mertz",07/18/2025
209,Gibbie,Skeech,gskeech5s@weebly.com,Male,1996,Dodge,Stratus,Alpharetta,Georgia,30022,US,34.0268,-84.2422,51735,Wiegand-Baumbach,12/05/2025
210,Brooks,Southan,bsouthan5t@google.pl,Female,2006,Nissan,Sentra,Katy,Texas,77493,US,29.8678,-95.8298,87190,Rice and Sons,06/29/2022
211,Ursuline,Yatman,uyatman5u@about.me,Female,1993,Toyota,Tercel,Dayton,Ohio,45414,US,39.8285,-84.2024,43188,Hand-Treutel,04/07/2025
212,Sebastiano,Greally,sgreally5v@wufoo.com,Male,2003,Volvo,V40,New York City,New York,10110,US,40.754,-73.9808,83816,Aufderhar and Sons,07/05/2024
213,Sylvan,Withull,swithull5w@webeden.co.uk,Male,1987,Volkswagen,Scirocco,Anderson,South Carolina,29625,US,34.5271,-82.7087,98079,Kozey Inc,06/26/2024
214,Berkley,Edgerton,bedgerton5x@webmd.com,Male,1993,Alfa Romeo,164,Memphis,Tennessee,38119,US,35.0821,-89.8501,87474,"Nikolaus, Labadie and Marquardt",10/30/2025
215,Lodovico,Naptine,lnaptine5y@parallels.com,Male,1992,Mercedes-Benz,300E,Biloxi,Mississippi,39534,US,30.4067,-88.9211,65291,"Hilpert, Gutmann and Gulgowski",08/23/2022
216,Veronike,Blencoe,vblencoe5z@mlb.com,Female,1990,Buick,Regal,Harrisburg,Pennsylvania,17126,US,40.2618,-76.88,86100,"Robel, Legros and Bauch",03/30/2025
217,Stanly,Van Oort,svanoort60@moonfruit.com,Male,2003,Volvo,C70,Detroit,Michigan,48258,US,42.2399,-83.1508,34102,Roberts Inc,09/13/2023
218,Haydon,Tyt,htyt61@cornell.edu,Male,1994,Pontiac,Grand Prix,Tacoma,Washington,98411,US,47.0662,-122.1132,87942,Von Inc,01/04/2024
219,Cirstoforo,Aylmer,caylmer62@addtoany.com,Male,2000,Mitsubishi,Mirage,Manchester,New Hampshire,03105,US,42.9521,-71.6539,69464,Luettgen Group,01/21/2025
220,Hermy,Fancy,hfancy63@wikimedia.org,Polygender,1997,BMW,8 Series,Denton,Texas,76210,US,33.1428,-97.0727,76221,Rath Group,01/11/2026
221,Westleigh,Dyer,wdyer64@pinterest.com,Male,2007,Ferrari,F430,Washington,District of Columbia,20005,US,38.9067,-77.0312,68725,Rodriguez-Sawayn,11/04/2023
222,Armstrong,O'Gready,aogready65@clickbank.net,Male,2012,Aston Martin,DBS,Davenport,Iowa,52804,US,41.5386,-90.6115,95857,Haley-Stoltenberg,07/12/2023
223,Rosana,Eminson,reminson66@marketwatch.com,Female,2013,Subaru,BRZ,Washington,District of Columbia,20557,US,38.8874,-77.0047,82149,"Runolfsson, Wolff and Frami",04/19/2024
224,Ingra,Demschke,idemschke67@sogou.com,Male,2011,Ford,Edge,Baltimore,Maryland,21265,US,39.2847,-76.6205,66647,Jast Inc,05/02/2023
225,Cristy,Facchini,cfacchini68@amazon.de,Female,2007,Chrysler,Crossfire,Saint Paul,Minnesota,55108,US,44.9806,-93.1771,67982,Bahringer-Schoen,05/10/2023
226,Renault,Aubury,raubury69@jalbum.net,Male,2003,Ford,F350,Shreveport,Louisiana,71115,US,32.3401,-93.6092,43732,Bailey-Greenholt,05/21/2022
227,Anabella,Amery,aamery6a@illinois.edu,Polygender,2010,BMW,M3,Jeffersonville,Indiana,47134,US,38.2868,-85.7321,40908,Schinner-Denesik,06/17/2025
228,Wilhelm,Josovich,wjosovich6b@ycombinator.com,Male,2001,Dodge,Ram 1500 Club,New Orleans,Louisiana,70160,US,30.033,-89.8826,31095,Cummings-Armstrong,10/17/2023
229,Crista,Beeckx,cbeeckx6c@t-online.de,Female,2011,Nissan,370Z,Saint Paul,Minnesota,55108,US,44.9806,-93.1771,95986,Nienow-Satterfield,09/02/2022
230,Regine,Scatchar,rscatchar6d@msn.com,Female,2006,Volvo,C70,Lees Summit,Missouri,64082,US,38.8518,-94.3944,78500,Von Group,07/02/2023
231,Irwin,Corbally,icorbally6e@globo.com,Male,2010,Dodge,Ram 1500,Fresno,California,93794,US,36.7464,-119.6397,68054,Lemke Group,04/18/2023
232,De witt,Flippini,dflippini6f@wordpress.com,Male,2009,Nissan,Xterra,Fresno,California,93721,US,36.7377,-119.7843,33628,"Stiedemann, Goldner and Rippin",02/10/2025
233,Arabelle,Iacovielli,aiacovielli6g@spiegel.de,Female,1996,GMC,1500 Club Coupe,Philadelphia,Pennsylvania,19146,US,39.9379,-75.1794,54016,"Haley, Erdman and Balistreri",07/14/2023
234,Radcliffe,MacGlory,rmacglory6h@webmd.com,Male,2005,Toyota,Echo,Grand Junction,Colorado,81505,US,39.1071,-108.5968,43986,Hayes-Huels,12/27/2024
235,Harald,Petrecz,hpetrecz6i@apple.com,Male,1999,Toyota,Celica,Great Neck,New York,11024,US,40.8171,-73.7416,78888,"Kertzmann, Walsh and Franecki",06/28/2023
236,Latrina,O'Fihily,lofihily6j@moonfruit.com,Female,2004,Hyundai,XG350,New Bedford,Massachusetts,02745,US,41.6913,-70.9355,67863,Kilback Group,05/15/2022
237,Fernande,Boissier,fboissier6k@blinklist.com,Female,2007,GMC,Yukon,Greenville,South Carolina,29610,US,34.8497,-82.4538,34320,"Vandervort, Haley and Sauer",05/18/2024
238,Morton,Hasslocher,mhasslocher6l@squarespace.com,Agender,1995,Buick,Riviera,Prescott,Arizona,86305,US,34.8185,-112.9584,82286,Cartwright-Franecki,09/02/2025
239,Alyssa,Sergeaunt,asergeaunt6m@gmpg.org,Female,2010,Kia,Rio,Wichita Falls,Texas,76310,US,33.8581,-98.5755,45779,Kuphal Group,06/15/2025
240,Nesta,Treagus,ntreagus6n@posterous.com,Female,1992,Subaru,SVX,Fort Lauderdale,Florida,33336,US,26.1219,-80.1436,37315,Lakin-Jacobs,01/13/2026
241,Mathias,Hunnicot,mhunnicot6o@nba.com,Male,2011,Ford,F250,Dayton,Ohio,45408,US,39.7395,-84.229,87728,Pacocha Inc,06/28/2023
242,Erena,Bonafant,ebonafant6p@blogtalkradio.com,Female,1995,Nissan,Maxima,Omaha,Nebraska,68164,US,41.2955,-96.1008,48127,"Schuppe, Conroy and Lind",05/23/2024
243,Thibaut,Sawyer,tsawyer6q@shop-pro.jp,Male,2006,Suzuki,Daewoo Lacetti,Irvine,California,92717,US,33.6462,-117.8398,50536,Huels Inc,04/10/2022
244,Horton,Rands,hrands6r@addtoany.com,Male,2006,Volkswagen,New Beetle,Lansing,Michigan,48956,US,42.7325,-84.5587,50469,"Rau, McKenzie and Shields",08/29/2025
245,Daven,Counsell,dcounsell6s@state.gov,Male,2013,Nissan,GT-R,Madison,Wisconsin,53790,US,43.0696,-89.4239,47513,Bergstrom-Volkman,06/13/2023
246,Brodie,Feldheim,bfeldheim6t@imageshack.us,Male,2012,Porsche,Panamera,Jacksonville,Florida,32259,US,30.0956,-81.6217,88416,"Muller, Mayer and Sporer",08/23/2025
247,Moyra,Blucher,mblucher6u@sitemeter.com,Female,2000,Porsche,911,Glendale,Arizona,85305,US,33.5291,-112.2482,48912,Watsica-Pollich,07/26/2025
248,Kristoforo,Miskelly,kmiskelly6v@virginia.edu,Male,2008,Subaru,Legacy,Raleigh,North Carolina,27621,US,35.7977,-78.6253,45187,Hagenes LLC,10/25/2025
249,Kalle,Berndt,kberndt6w@nature.com,Male,1994,Isuzu,Rodeo,Tucson,Arizona,85725,US,31.9701,-111.8907,74609,"Friesen, Turcotte and Schamberger",08/27/2022
250,Kellby,Trousdale,ktrousdale6x@wikia.com,Male,2005,Honda,Civic Si,Washington,District of Columbia,20414,US,38.884,-77.0221,54482,"Gleichner, Greenholt and Durgan",01/26/2026
251,Barby,Tregaskis,btregaskis6y@apple.com,Female,2000,Ford,F250,Washington,District of Columbia,20420,US,38.9035,-77.0276,34644,Treutel-Zieme,06/18/2024
252,Collen,Maclaine,cmaclaine6z@ow.ly,Female,1996,Chevrolet,Suburban 2500,Vancouver,Washington,98664,US,45.6231,-122.5767,62170,Kuhlman-Murazik,10/03/2025
253,Hilarius,Morrison,hmorrison70@de.vu,Male,2006,BMW,3 Series,Vancouver,Washington,98682,US,45.6644,-122.5212,38211,"Langworth, Lesch and Witting",09/10/2023
254,Alejandro,Preist,apreist71@shinystat.com,Male,2001,BMW,5 Series,Richmond,Virginia,23237,US,37.4011,-77.4615,90442,Jast-Stokes,07/07/2025
255,Biddie,Linwood,blinwood72@privacy.gov.au,Female,2000,Chevrolet,Venture,Elmira,New York,14905,US,42.0869,-76.8397,57082,"Wiegand, Herman and Kovacek",11/26/2023
256,Allyn,Melmeth,amelmeth73@craigslist.org,Female,2004,BMW,760,Nashville,Tennessee,37220,US,36.0641,-86.7697,32739,Wisoky Group,06/01/2025
257,Abie,Dutson,adutson74@plala.or.jp,Male,2012,Nissan,Sentra,Monroe,Louisiana,71208,US,32.4968,-92.0756,85709,"Legros, Ryan and Kirlin",04/08/2024
258,Lacie,Crighton,lcrighton75@blog.com,Female,1990,Lexus,ES,Albany,New York,12255,US,42.6149,-73.9708,65354,"McGlynn, Zemlak and Abernathy",08/09/2025
259,Tedd,Ivanchenkov,tivanchenkov76@google.it,Male,1999,Toyota,Sienna,Indianapolis,Indiana,46216,US,39.8647,-86.0136,70633,Emard-Borer,03/10/2023
260,Gay,Held,gheld77@liveinternet.ru,Female,2007,Jeep,Commander,Green Bay,Wisconsin,54313,US,44.5463,-88.1021,79621,"Abernathy, Grady and Ondricka",08/20/2025
261,Silvain,Vasiltsov,svasiltsov78@loc.gov,Male,2011,GMC,Canyon,Miami,Florida,33245,US,25.5584,-80.4582,84309,Shields LLC,10/16/2022
262,Charlton,Mooring,cmooring79@bravesites.com,Male,1996,Ford,Club Wagon,Hartford,Connecticut,06183,US,41.7638,-72.673,97220,"Flatley, Goodwin and Willms",12/30/2025
263,Antonius,Stilldale,astilldale7a@deliciousdays.com,Agender,2007,Bentley,Azure,Bakersfield,California,93399,US,35.4369,-119.0679,89835,Kertzmann-Raynor,10/03/2025
264,Dane,Houchin,dhouchin7b@upenn.edu,Male,2000,Toyota,MR2,Grand Rapids,Michigan,49505,US,43.012,-85.6309,98056,"Green, Osinski and Prohaska",03/27/2025
265,Arnaldo,Triplet,atriplet7c@sun.com,Male,1996,GMC,Rally Wagon G3500,Sacramento,California,95865,US,38.596,-121.3978,30317,"Kshlerin, Ortiz and Nikolaus",05/31/2024
266,Lorne,Ambrodi,lambrodi7d@wunderground.com,Female,1998,GMC,Envoy,Grand Junction,Colorado,81505,US,39.1071,-108.5968,57437,Boyle-Luettgen,05/21/2023
267,Millicent,Wareing,mwareing7e@blogtalkradio.com,Female,2004,Honda,Odyssey,Omaha,Nebraska,68164,US,41.2955,-96.1008,51418,"Turner, Wolff and Rau",08/28/2022
268,Ingra,MacCole,imaccole7f@shutterfly.com,Male,1992,Mercury,Capri,Los Angeles,California,90020,US,34.0665,-118.3022,82347,Keeling Group,06/14/2024
269,Lynnea,Ilyin,lilyin7g@bloglovin.com,Female,1984,Maserati,Biturbo,Bloomington,Indiana,47405,US,39.1682,-86.5186,78886,Wehner Inc,05/08/2023
270,Carroll,Burhill,cburhill7h@issuu.com,Female,1987,Ford,Escort,Albany,New York,12222,US,42.6853,-73.8253,60469,"Schimmel, Prohaska and Glover",08/01/2022
271,Gaylene,McGiff,gmcgiff7i@smugmug.com,Genderqueer,2011,Lexus,LS,Fresno,California,93715,US,36.7464,-119.6397,31464,Glover-Wiza,10/02/2022
272,Wilmer,Brentnall,wbrentnall7j@census.gov,Male,2007,Lexus,ES,San Bernardino,California,92405,US,34.1446,-117.3013,42691,Dach-Heidenreich,04/07/2024
273,Giffie,Ferries,gferries7k@liveinternet.ru,Male,2005,Audi,Allroad,Albany,New York,12255,US,42.6149,-73.9708,63342,Barton-Smitham,09/13/2025
274,Constancia,Pawlyn,cpawlyn7l@acquirethisname.com,Female,1993,Ford,Thunderbird,Tacoma,Washington,98417,US,47.2061,-122.4822,32725,Towne-Zboncak,10/11/2025
275,Alfonso,Malkie,amalkie7m@lycos.com,Male,2005,Ford,Taurus,Englewood,Colorado,80150,US,39.7388,-104.4083,65116,"Shanahan, Wisoky and Reynolds",10/26/2024
276,Jessy,Royse,jroyse7n@example.com,Female,2000,Buick,LeSabre,Huntington,West Virginia,25721,US,38.4134,-82.2774,89135,"Hoeger, Mayer and Kris",02/16/2023
277,Carlie,Khosa,ckhosa7o@chron.com,Male,2009,Chevrolet,Impala,Baltimore,Maryland,21229,US,39.2856,-76.6899,34610,"Hauck, Ryan and Dickinson",03/06/2023
278,Darby,Golsworthy,dgolsworthy7p@weibo.com,Male,2009,Audi,S6,Saint Louis,Missouri,63104,US,38.6128,-90.2185,76275,"Volkman, Schumm and Quitzon",10/31/2022
279,Francis,Gawler,fgawler7q@dion.ne.jp,Male,1997,Mazda,MPV,Bridgeport,Connecticut,06606,US,41.2091,-73.2086,59910,Walsh Inc,12/27/2024
280,Benoite,Hush,bhush7r@ted.com,Female,2007,Volkswagen,Jetta,Lincoln,Nebraska,68524,US,40.8529,-96.7943,63619,Prohaska LLC,08/12/2023
281,Tim,Scarsbrook,tscarsbrook7s@acquirethisname.com,Female,1998,Dodge,Ram 2500,Los Angeles,California,90010,US,34.0606,-118.3027,97728,Sawayn-Hirthe,02/09/2022
282,Adoree,White,awhite7t@seattletimes.com,Bigender,2000,Chrysler,Cirrus,New York City,New York,10009,US,40.7262,-73.9796,37956,Hodkiewicz-Flatley,10/04/2023
283,Helga,Roskilly,hroskilly7u@imgur.com,Female,1995,GMC,2500 Club Coupe,Seattle,Washington,98148,US,47.4441,-122.3249,74464,Stoltenberg-Mohr,01/10/2023
284,Alaster,Wildt,awildt7v@taobao.com,Male,2003,Ford,Explorer Sport,Orlando,Florida,32830,US,28.3822,-81.569,58880,Kreiger-Gleason,09/28/2024
285,Ann-marie,Casper,acasper7w@rakuten.co.jp,Female,2011,Dodge,Grand Caravan,Minneapolis,Minnesota,55436,US,44.9034,-93.374,99954,Baumbach and Sons,02/14/2022
286,Karena,Suche,ksuche7x@g.co,Female,1995,Mitsubishi,Truck,Chattanooga,Tennessee,37410,US,35.0018,-85.3138,41192,Koepp and Sons,06/14/2025
287,Flora,Colley,fcolley7y@accuweather.com,Female,2004,Mercury,Marauder,Green Bay,Wisconsin,54305,US,44.4601,-88.0074,66748,Hills Group,09/09/2022
288,Cletis,Heddy,cheddy7z@icio.us,Male,1992,Mercedes-Benz,S-Class,Amarillo,Texas,79188,US,35.1885,-101.8165,54107,Stanton Group,05/05/2025
289,Tessi,Lade,tlade80@google.com.au,Female,2013,Ford,C-MAX Hybrid,San Bernardino,California,92424,US,34.84,-115.9671,67678,Paucek-Bruen,08/20/2022
290,Bobbie,Botterman,bbotterman81@google.pl,Male,1994,Land Rover,Range Rover,Seattle,Washington,98158,US,47.4497,-122.3076,96285,Grant-Torp,12/07/2025
291,Nannette,Elleton,nelleton82@amazon.co.uk,Female,2003,Dodge,Intrepid,Herndon,Virginia,22070,US,38.9776,-77.386,37486,Kub-Volkman,03/25/2024
292,Genovera,Thridgould,gthridgould83@tinyurl.com,Female,1992,Oldsmobile,Bravada,Houston,Texas,77045,US,29.6297,-95.4382,74118,Ankunding-Parisian,09/11/2022
293,Clementia,Whorlton,cwhorlton84@homestead.com,Female,2013,Volvo,C70,San Antonio,Texas,78260,US,29.7026,-98.4759,81286,"Kris, Kutch and Johnson",03/24/2023
294,Delmore,O'Sculley,dosculley85@e-recht24.de,Male,1994,Oldsmobile,Bravada,Columbia,Missouri,65218,US,38.9033,-92.1022,37842,"Hermann, McCullough and Kuhlman",09/02/2025
295,Tierney,Poulett,tpoulett86@mozilla.com,Female,2006,Porsche,Cayenne,Minneapolis,Minnesota,55441,US,45.0058,-93.4193,98497,"Schamberger, MacGyver and Schuster",10/11/2024
296,Abbie,Pencott,apencott87@auda.org.au,Non-binary,2002,Toyota,Tacoma,Atlanta,Georgia,30311,US,33.723,-84.4702,61155,Hettinger Group,10/14/2025
297,Lil,Dradey,ldradey88@biblegateway.com,Female,2005,Mercedes-Benz,SLR McLaren,Harrisburg,Pennsylvania,17140,US,40.3086,-76.8464,82469,Parker Inc,09/27/2024
298,Thia,Creaney,tcreaney89@com.com,Female,2006,Isuzu,i-350,Birmingham,Alabama,35295,US,33.5446,-86.9292,68084,Schaefer Inc,03/11/2022
299,Estrellita,Barrass,ebarrass8a@tumblr.com,Female,1988,Audi,90,Littleton,Colorado,80127,US,39.592,-105.1328,90247,"Watsica, McClure and Mraz",07/27/2023
300,Katine,Mattia,kmattia8b@apache.org,Female,1992,Toyota,Camry,Chicago,Illinois,60609,US,41.8097,-87.6533,93575,Welch Inc,09/08/2022
301,Fielding,Cratere,fcratere8c@pen.io,Male,2001,Chevrolet,Camaro,Jacksonville,Florida,32244,US,30.2231,-81.7556,68097,Williamson Inc,12/08/2025
302,Serene,Bruck,sbruck8d@pinterest.com,Female,2002,Mitsubishi,Montero Sport,Annapolis,Maryland,21405,US,39.0305,-76.5515,57279,Quigley-Lebsack,09/26/2024
303,Matteo,Pargeter,mpargeter8e@g.co,Male,2000,Volvo,S40,Denver,Colorado,80209,US,39.7074,-104.9686,68010,Mertz-Conn,08/10/2025
304,Kathrine,Aldrick,kaldrick8f@senate.gov,Female,2004,Toyota,RAV4,Pasadena,California,91199,US,34.1478,-118.1436,60252,"Balistreri, Fay and Armstrong",07/08/2025
305,Wylie,Lain,wlain8g@samsung.com,Male,1995,Volkswagen,rio,Charleston,South Carolina,29411,US,32.8715,-79.9947,37766,"Crist, Emard and Hoppe",05/29/2023
306,Aluino,Nottram,anottram8h@ow.ly,Male,1993,Subaru,Legacy,New Brunswick,New Jersey,08922,US,40.43,-74.4173,71513,"Tillman, Schulist and Spencer",01/30/2023
307,Stephi,Divisek,sdivisek8i@vkontakte.ru,Female,2011,BMW,7 Series,Fort Wayne,Indiana,46825,US,41.1465,-85.1232,55966,"Cole, Lebsack and Wuckert",03/11/2022
308,Uriel,Jendas,ujendas8j@marriott.com,Polygender,1986,Mazda,626,Bradenton,Florida,34282,US,27.4272,-82.4387,72719,Dicki and Sons,01/18/2023
309,Maurizia,Cardenoso,mcardenoso8k@google.fr,Agender,2012,Nissan,Titan,Philadelphia,Pennsylvania,19120,US,40.0343,-75.1213,98685,Schaefer LLC,12/06/2022
310,Ainslee,Sewill,asewill8l@tripadvisor.com,Female,2011,BMW,5 Series,Miami,Florida,33134,US,25.768,-80.2714,58854,Langworth-Lockman,10/12/2025
311,Montague,Kealey,mkealey8m@hubpages.com,Male,1994,Lincoln,Continental,Huntsville,Alabama,35895,US,34.734,-86.5229,50280,Lemke and Sons,01/03/2025
312,Chic,Chmarny,cchmarny8n@ca.gov,Male,1995,Buick,Park Avenue,Reno,Nevada,89510,US,39.7699,-119.6027,88755,Tromp-Reynolds,07/15/2025
313,Kaitlin,Capstick,kcapstick8o@imgur.com,Female,2009,Infiniti,M,Colorado Springs,Colorado,80910,US,38.8152,-104.7703,55730,Quitzon-Dicki,02/17/2025
314,Jodi,Jensen,jjensen8p@mlb.com,Female,2002,BMW,7 Series,Houston,Texas,77281,US,29.834,-95.4342,31795,Gutkowski Group,06/27/2024
315,Lorine,Lillicrop,llillicrop8q@tiny.cc,Female,2009,Nissan,350Z,Oakland,California,94611,US,37.8471,-122.2223,41059,"Rutherford, Corwin and Thompson",03/04/2025
316,Lara,Dallas,ldallas8r@examiner.com,Female,2005,Chevrolet,Uplander,Washington,District of Columbia,20337,US,38.8933,-77.0146,75717,Frami-Glover,04/12/2024
317,Asa,Lafont,alafont8s@a8.net,Male,1986,Subaru,Brat,Columbia,South Carolina,29203,US,34.0635,-81.0265,30104,"Price, Graham and Wilderman",12/22/2024
318,Ulysses,Hainning,uhainning8t@who.int,Male,1997,Lamborghini,Diablo,Las Vegas,Nevada,89105,US,36.086,-115.1471,94276,Hickle LLC,09/30/2022
319,Sumner,Caret,scaret8u@cbsnews.com,Male,2006,Lexus,LS,Pocatello,Idaho,83206,US,42.6395,-112.3138,77302,"Herzog, Schoen and Kreiger",11/07/2025
320,Elijah,Morley,emorley8v@dmoz.org,Male,2010,Ford,Explorer Sport Trac,San Francisco,California,94147,US,37.7848,-122.7278,69473,Rohan-Vandervort,01/26/2023
321,Grete,McArt,gmcart8w@mail.ru,Female,2011,Ford,F-Series,Lincoln,Nebraska,68517,US,40.9317,-96.6045,50232,Roberts LLC,01/23/2024
322,Jenelle,Wrench,jwrench8x@sun.com,Female,1991,Mercedes-Benz,S-Class,Cincinnati,Ohio,45223,US,39.1696,-84.5478,92288,Anderson-Mills,12/15/2022
323,Cyrillus,Presho,cpresho8y@hatena.ne.jp,Male,2012,Chrysler,300,Syracuse,New York,13251,US,43.0214,-76.1977,70437,Krajcik LLC,11/25/2024
324,Rem,Arnefield,rarnefield8z@delicious.com,Male,1987,Subaru,XT,Seattle,Washington,98109,US,47.6339,-122.3476,68551,Smith Inc,10/24/2025
325,Lotti,Borghese,lborghese90@sun.com,Female,1984,Pontiac,Firebird,San Diego,California,92137,US,32.8538,-117.1197,64794,"Cormier, Gutmann and Stiedemann",09/24/2022
326,Brooke,McCaskill,bmccaskill91@pbs.org,Female,2005,Chrysler,Town & Country,Allentown,Pennsylvania,18105,US,40.6934,-75.4712,53099,Feeney Group,03/05/2023
327,Galen,Trevithick,gtrevithick92@state.tx.us,Non-binary,2004,Honda,Insight,Indianapolis,Indiana,46295,US,39.7795,-86.1328,85046,Beatty-Spinka,12/08/2022
328,Ethelred,Dyke,edyke93@linkedin.com,Male,1994,Subaru,Impreza,Mobile,Alabama,36670,US,30.6589,-88.178,49222,Abshire and Sons,10/19/2023
329,Nichol,Kemshell,nkemshell94@microsoft.com,Female,2001,Mercedes-Benz,SL-Class,Peoria,Illinois,61605,US,40.6775,-89.6263,61594,"Lockman, Stracke and Okuneva",09/23/2023
330,Rolando,Breede,rbreede95@kickstarter.com,Male,2005,Cadillac,STS,San Francisco,California,94142,US,37.7848,-122.7278,83246,"Herzog, Gleason and Rowe",04/13/2025
331,Edan,Jaycocks,ejaycocks96@bloglovin.com,Male,1995,Dodge,Ram Van 2500,Lexington,Kentucky,40596,US,38.0283,-84.4715,54203,Grimes Group,12/19/2023
332,Alice,Stivens,astivens97@boston.com,Female,2003,Jaguar,XK Series,Santa Barbara,California,93111,US,34.4453,-119.8025,89113,Bernier-O'Keefe,09/28/2024
333,Ilka,Clardge,iclardge98@furl.net,Female,1994,GMC,2500,Austin,Texas,78726,US,30.43,-97.8326,51011,Yost Group,12/14/2022
334,Caz,Pimer,cpimer99@bravesites.com,Male,2010,Toyota,FJ Cruiser,Topeka,Kansas,66699,US,39.0429,-95.7697,44966,Powlowski-Renner,03/01/2023
335,Percy,Sudddard,psudddard9a@skyrock.com,Male,2002,Mercury,Villager,Erie,Pennsylvania,16534,US,42.1827,-80.0649,92549,"Simonis, Pfannerstill and Strosin",12/03/2023
336,Correy,Capoun,ccapoun9b@paginegialle.it,Female,1993,Plymouth,Colt Vista,Wilmington,Delaware,19805,US,39.7434,-75.5827,94495,Bogisich Group,08/07/2024
337,Joelly,Ferrarini,jferrarini9c@sciencedirect.com,Genderfluid,1993,Nissan,240SX,Jamaica,New York,11447,US,40.6914,-73.8061,93347,Ratke and Sons,03/19/2022
338,Bentley,Bocking,bbocking9d@shinystat.com,Male,2006,Bentley,Arnage,Charleston,West Virginia,25321,US,38.2968,-81.5547,67379,"Ferry, Christiansen and Nader",03/29/2024
339,Pepito,Warkup,pwarkup9e@domainmarket.com,Male,2003,Chevrolet,Corvette,San Francisco,California,94110,US,37.7509,-122.4153,82988,"Osinski, Huel and Schmidt",10/12/2023
340,Griffith,Carress,gcarress9f@reverbnation.com,Male,1993,Mitsubishi,Precis,Austin,Texas,78721,US,30.2721,-97.6868,84785,Hettinger-Waelchi,04/07/2024
341,Olenka,Twelve,otwelve9g@narod.ru,Female,2013,GMC,Sierra 1500,San Francisco,California,94154,US,37.7848,-122.7278,66855,Schmitt-Wyman,06/18/2024
342,Roslyn,Lampen,rlampen9h@alexa.com,Female,2006,Scion,xB,Cincinnati,Ohio,45218,US,39.2663,-84.5221,97498,"Tremblay, Cole and Nitzsche",05/22/2024
343,Raddy,Sam,rsam9i@bbb.org,Male,1992,Dodge,Caravan,Jacksonville,Florida,32259,US,30.0956,-81.6217,67370,"Kub, Kihn and Cole",04/14/2025
344,Yolane,Dayer,ydayer9j@digg.com,Female,2006,GMC,Yukon XL 2500,Irvine,California,92710,US,33.7074,-117.8403,36790,Dietrich Inc,08/20/2022
345,Rockey,Skerm,rskerm9k@discovery.com,Male,1985,Mercedes-Benz,E-Class,Louisville,Kentucky,40280,US,38.2467,-85.6853,62353,"Bosco, Wehner and Zboncak",06/18/2023
346,Dell,Smallman,dsmallman9l@4shared.com,Bigender,2011,Buick,LaCrosse,High Point,North Carolina,27264,US,36.0807,-80.0244,36833,Flatley-Hessel,10/26/2024
347,Vinson,Nunnery,vnunnery9m@parallels.com,Male,2011,Toyota,4Runner,Tampa,Florida,33610,US,27.9951,-82.4046,84038,"Flatley, VonRueden and Mills",07/07/2025
348,Worth,Fortescue,wfortescue9n@odnoklassniki.ru,Male,2008,Chevrolet,Suburban 2500,Philadelphia,Pennsylvania,19131,US,39.9845,-75.2282,96776,"Fisher, Schowalter and Kirlin",03/15/2023
349,Park,Cohane,pcohane9o@alibaba.com,Male,2010,Lexus,SC,Rochester,New York,14646,US,43.286,-77.6843,82264,Hermann Inc,05/13/2024
350,Irving,Guswell,iguswell9p@china.com.cn,Male,2010,Subaru,Forester,Mobile,Alabama,36641,US,30.6589,-88.178,82540,Ratke-Franecki,01/17/2024
351,Anjela,Heckney,aheckney9q@businessinsider.com,Female,2007,Ferrari,612 Scaglietti,Denver,Colorado,80217,US,39.7388,-104.4083,80370,Simonis-Kihn,08/10/2024
352,Margaretha,Gwynn,mgwynn9r@issuu.com,Female,1987,Mitsubishi,Pajero,Atlanta,Georgia,31132,US,33.7488,-84.3883,71810,Erdman Group,11/26/2022
353,Ruby,Hoffman,rhoffman9s@reference.com,Female,2004,Ford,F350,Huntsville,Alabama,35895,US,34.734,-86.5229,87248,Sipes and Sons,08/24/2022
354,Anne-marie,Elizabeth,aelizabeth9t@buzzfeed.com,Female,2000,Ford,Crown Victoria,London,Kentucky,40745,US,37.1376,-84.1156,34313,"Mante, Renner and Hodkiewicz",09/19/2024
355,Lyndel,Portt,lportt9u@newyorker.com,Female,2008,GMC,Yukon,Washington,District of Columbia,20442,US,38.896,-77.0177,96392,Kub-Davis,08/26/2023
356,Charlie,Cuffe,ccuffe9v@huffingtonpost.com,Male,2002,Lotus,Esprit,New York City,New York,10045,US,40.7086,-74.0087,79925,"Crooks, Feest and Beier",04/01/2024
357,Kimble,Abbie,kabbie9w@columbia.edu,Male,2008,Mitsubishi,Outlander,San Bernardino,California,92405,US,34.1446,-117.3013,45770,"Bednar, Reichert and Ledner",12/21/2024
358,Bradan,Lurriman,blurriman9x@homestead.com,Male,2009,Mitsubishi,Outlander,Baltimore,Maryland,21211,US,39.3316,-76.6336,72015,"Wyman, Pfannerstill and Willms",01/06/2024
359,Morton,Jaime,mjaime9y@ifeng.com,Male,2012,Nissan,370Z,Sioux City,Iowa,51110,US,42.4011,-96.372,53346,Padberg-Luettgen,03/17/2024
360,Karney,Haker,khaker9z@about.me,Male,2006,BMW,330,Atlanta,Georgia,30358,US,33.9982,-84.3411,42224,Flatley-Hudson,08/02/2022
361,Hernando,Willcock,hwillcocka0@geocities.com,Genderfluid,2007,Toyota,TundraMax,New Haven,Connecticut,06510,US,41.3087,-72.9271,85173,Fadel-Fahey,11/09/2023
362,Clint,Crosdill,ccrosdilla1@clickbank.net,Male,2008,Cadillac,SRX,Denver,Colorado,80228,US,39.6888,-105.156,61538,Altenwerth Group,10/08/2022
363,Barth,Peter,bpetera2@bigcartel.com,Male,2011,Ford,Ranger,San Diego,California,92170,US,33.0169,-116.846,96477,Conn-Yost,09/26/2023
364,Tome,McGlue,tmcgluea3@newyorker.com,Male,2004,Ford,Escape,Los Angeles,California,90025,US,34.0447,-118.4487,52806,Carroll-Wolff,12/17/2024
365,Cilka,Tyght,ctyghta4@reuters.com,Female,2011,Ford,Expedition EL,Raleigh,North Carolina,27635,US,35.7977,-78.6253,30710,Jaskolski and Sons,03/03/2023
366,Gayelord,Gregr,ggregra5@dailymotion.com,Bigender,1984,Ford,LTD Crown Victoria,Lynchburg,Virginia,24515,US,37.4009,-79.1785,48667,Toy-Haley,06/23/2022
367,Renae,Lennarde,rlennardea6@ow.ly,Female,1999,Toyota,4Runner,Dayton,Ohio,45490,US,39.7505,-84.2686,62400,Bogan and Sons,10/05/2025
368,Puff,Solon,psolona7@oakley.com,Male,2000,Kia,Sportage,Wilmington,Delaware,19897,US,39.5645,-75.597,39748,Lehner-Rosenbaum,11/05/2025
369,Damon,Gonsalvo,dgonsalvoa8@mapquest.com,Male,1971,Pontiac,GTO,Chattanooga,Tennessee,37410,US,35.0018,-85.3138,98912,Donnelly-Harber,11/10/2025
370,Edi,McGoon,emcgoona9@mysql.com,Female,2007,Nissan,Quest,San Francisco,California,94142,US,37.7848,-122.7278,33645,"Upton, Cole and Jacobson",09/06/2024
371,Doyle,Silwood,dsilwoodaa@npr.org,Male,2008,Chevrolet,Malibu,Jacksonville,Florida,32277,US,30.3704,-81.5864,70161,"Mann, Kris and Frami",12/27/2023
372,Bryana,Robardet,brobardetab@go.com,Female,1995,Toyota,Camry,Peoria,Arizona,85383,US,33.7169,-112.238,66923,Farrell LLC,02/01/2024
373,Simmonds,Antonchik,santonchikac@irs.gov,Male,1995,Mazda,Protege,Mesquite,Texas,75185,US,32.7403,-96.5618,72413,Steuber-Anderson,10/20/2024
374,Mariska,Bennen,mbennenad@weather.com,Female,2010,Ford,F-Series,Fort Wayne,Indiana,46857,US,41.0938,-85.0707,93181,Weber-Corwin,02/13/2024
375,Bayard,Sherewood,bsherewoodae@purevolume.com,Male,2008,Mercedes-Benz,S-Class,Dallas,Texas,75205,US,32.826,-96.7843,54796,"Ullrich, O'Keefe and Yundt",06/06/2025
376,Basia,Wildin,bwildinaf@marketwatch.com,Female,2000,Nissan,Pathfinder,Brooklyn,New York,11205,US,40.6924,-73.9666,47616,"Renner, Prosacco and McGlynn",11/18/2023
377,Owen,Kells,okellsag@tripadvisor.com,Male,1994,Subaru,Loyale,Memphis,Tennessee,38126,US,35.1255,-90.0424,81593,Torphy-Shanahan,09/30/2023
378,Harley,Choat,hchoatah@dedecms.com,Male,2009,Ford,Escape,Buffalo,New York,14276,US,42.7684,-78.8871,63391,"Swift, Schaden and Grant",10/10/2025
379,Frannie,Yashunin,fyashuninai@goodreads.com,Male,2001,Land Rover,Discovery Series II,Washington,District of Columbia,20530,US,38.8976,-77.027,33718,Hickle-Effertz,11/10/2023
380,Donelle,Cruikshank,dcruikshankaj@reuters.com,Female,2011,Toyota,4Runner,Kansas City,Missouri,64153,US,39.2627,-94.697,40176,Dickens-Reilly,10/15/2025
381,Drew,D'Alesco,ddalescoak@privacy.gov.au,Male,2006,Toyota,4Runner,Salt Lake City,Utah,84125,US,40.6681,-111.9083,37732,Okuneva LLC,09/14/2024
382,Sula,Atlee,satleeal@salon.com,Bigender,2005,Buick,Park Avenue,Omaha,Nebraska,68105,US,41.2435,-95.9629,33444,Denesik-Schmidt,10/31/2022
383,Der,Caney,dcaneyam@nsw.gov.au,Male,1992,Dodge,Caravan,Tacoma,Washington,98464,US,47.0662,-122.1132,42074,Kling and Sons,08/30/2023
384,Barnaby,Napolitano,bnapolitanoan@mit.edu,Male,1996,Acura,TL,Saint Paul,Minnesota,55115,US,45.071,-92.9391,60832,"Hauck, Medhurst and Mohr",10/17/2025
385,Steffen,Eivers,seiversao@vimeo.com,Male,1992,Dodge,D350 Club,Memphis,Tennessee,38188,US,35.2017,-89.9715,86916,Orn Inc,11/29/2022
386,Janos,Siss,jsissap@infoseek.co.jp,Non-binary,2004,Kia,Spectra,Sacramento,California,95865,US,38.596,-121.3978,41208,Lang Inc,03/07/2025
387,Lennard,Long,llongaq@reuters.com,Male,1990,Lexus,ES,Buffalo,New York,14210,US,42.8614,-78.8206,56669,Wisoky Inc,12/26/2024
388,Swen,Sudran,ssudranar@quantcast.com,Polygender,1998,Mercedes-Benz,M-Class,Salt Lake City,Utah,84145,US,40.6681,-111.9083,66480,Cruickshank Inc,01/01/2024
389,Maximilian,Spottiswood,mspottiswoodas@wordpress.com,Male,1984,Buick,Century,Tacoma,Washington,98405,US,47.2484,-122.4644,82131,Kutch and Sons,11/26/2023
390,Tammi,Croshaw,tcroshawat@dropbox.com,Female,2010,Audi,R8,Wilkes Barre,Pennsylvania,18763,US,41.2722,-75.8801,69769,"Legros, Block and Langosh",05/23/2025
391,Thedrick,Clemmens,tclemmensau@elpais.com,Male,1995,Buick,Regal,Atlanta,Georgia,30351,US,33.8444,-84.474,39460,Wilkinson Inc,07/27/2023
392,Jesse,Norvill,jnorvillav@tumblr.com,Genderfluid,2008,Mercedes-Benz,GL-Class,San Diego,California,92165,US,33.0169,-116.846,36743,"Frami, Crona and Auer",04/20/2025
393,Arlette,Van der Hoeven,avanderhoevenaw@gnu.org,Female,2006,Chevrolet,Malibu,Hyattsville,Maryland,20784,US,38.9513,-76.8958,37363,Huel Inc,04/19/2025
394,Conney,Halfhide,chalfhideax@about.me,Male,2012,Hyundai,Veracruz,Huntington,West Virginia,25711,US,38.4134,-82.2774,58446,Spencer-Fisher,04/26/2022
395,Vivia,Hardi,vhardiay@tuttocitta.it,Female,2005,Dodge,Dakota,San Mateo,California,94405,US,37.3811,-122.3348,76368,"McLaughlin, Nader and Nienow",06/02/2024
396,Spike,Hubbock,shubbockaz@hugedomains.com,Polygender,1989,Audi,90,Fullerton,California,92640,US,33.7862,-117.9309,70833,Stanton Group,07/30/2025
397,Colas,Packham,cpackhamb0@ning.com,Male,2012,Audi,A5,Pasadena,California,91186,US,33.7866,-118.2987,79720,"Mertz, Nienow and Ferry",01/02/2023
398,Melisandra,Giamuzzo,mgiamuzzob1@123-reg.co.uk,Female,2003,Toyota,Corolla,Lubbock,Texas,79452,US,33.61,-101.8213,62663,Paucek-Kuhlman,03/20/2022
399,Alisha,Wingeat,awingeatb2@ftc.gov,Female,2003,GMC,Envoy XL,Los Angeles,California,90065,US,34.1073,-118.2266,64383,Watsica-Vandervort,05/24/2025
400,Kelli,Dunseath,kdunseathb3@usatoday.com,Female,1997,Buick,Riviera,Brooksville,Florida,34605,US,28.5059,-82.4226,64282,Schimmel-Keebler,04/29/2025
401,Lori,Thurlbeck,lthurlbeckb4@ox.ac.uk,Female,2008,Dodge,Ram,Burbank,California,91520,US,34.1869,-118.348,80995,"Hermiston, Klein and Goodwin",12/29/2024
402,Allegra,Dibbe,adibbeb5@un.org,Female,1995,Suzuki,Sidekick,Harrisburg,Pennsylvania,17121,US,40.2944,-76.8938,72355,Strosin LLC,07/07/2023
403,Andrew,Merrifield,amerrifieldb6@lycos.com,Male,2009,Lincoln,MKS,Colorado Springs,Colorado,80905,US,38.8377,-104.837,53946,"Buckridge, Emmerich and Hermann",03/19/2025
404,Colene,Redemile,credemileb7@studiopress.com,Female,2001,Isuzu,Trooper,Houston,Texas,77293,US,29.834,-95.4342,63717,"Littel, D'Amore and Waters",05/08/2022
405,Lorinda,Lettsom,llettsomb8@addtoany.com,Female,2005,Audi,A4,Sparks,Nevada,89436,US,39.6269,-119.7081,64590,"Lemke, Cronin and Hudson",03/01/2023
406,Care,Duggen,cduggenb9@mozilla.org,Genderfluid,1993,Dodge,D350,Hartford,Connecticut,06152,US,41.7918,-72.7188,55348,Hudson-Ruecker,05/13/2024
407,Ode,McTeggart,omcteggartba@canalblog.com,Male,2012,Ford,Taurus,Vancouver,Washington,98682,US,45.6644,-122.5212,61179,"Jakubowski, Vandervort and Kautzer",10/22/2024
408,Sidney,Pickhaver,spickhaverbb@wired.com,Male,2004,Dodge,Dakota,Raleigh,North Carolina,27605,US,35.7908,-78.653,54045,Schmidt-Ullrich,09/06/2022
409,Jocelyne,Cracoe,jcracoebc@pinterest.com,Female,1990,Ford,Taurus,Raleigh,North Carolina,27658,US,35.7977,-78.6253,52901,Rodriguez Group,04/30/2024
410,Marisa,Ohrt,mohrtbd@xinhuanet.com,Female,1996,Dodge,Stealth,Lansing,Michigan,48956,US,42.7325,-84.5587,41241,Powlowski-Barton,12/10/2024
411,Raine,Gauden,rgaudenbe@webs.com,Female,1996,Land Rover,Discovery,Roanoke,Virginia,24034,US,37.2742,-79.9579,36635,"Gleichner, Gerlach and Cassin",06/27/2024
412,Carmencita,Crowcombe,ccrowcombebf@ovh.net,Female,1993,Mercedes-Benz,300SE,Charleston,West Virginia,25356,US,38.2968,-81.5547,70169,Glover-Halvorson,10/29/2023
413,Erika,Caroll,ecarollbg@oracle.com,Female,2003,BMW,M3,Arlington,Virginia,22217,US,38.8808,-77.113,98363,"Lehner, Heaney and Buckridge",05/12/2025
414,Cchaddie,Strathman,cstrathmanbh@sciencedaily.com,Genderqueer,1988,Mazda,626,San Diego,California,92165,US,33.0169,-116.846,63175,Keebler-Graham,07/19/2025
415,Feodor,Fydoe,ffydoebi@flickr.com,Male,2006,Chevrolet,Equinox,Boise,Idaho,83727,US,43.4599,-116.244,45077,Fay and Sons,01/06/2023
416,Elvis,Berard,eberardbj@fotki.com,Male,1991,Buick,Riviera,Oklahoma City,Oklahoma,73114,US,35.5704,-97.5257,43032,Mayert and Sons,09/22/2025
417,Rebeka,Card,rcardbk@apache.org,Female,2010,Toyota,Camry,Orlando,Florida,32859,US,28.4429,-81.4026,89895,"Ledner, Romaguera and Schuppe",02/01/2024
418,Marjy,Posselt,mposseltbl@g.co,Female,2003,Ford,Crown Victoria,Washington,District of Columbia,20520,US,38.8932,-77.049,48242,"Harris, Gutmann and Aufderhar",04/01/2023
419,Agnese,Domoni,adomonibm@sitemeter.com,Non-binary,2006,BMW,530,Houston,Texas,77245,US,29.834,-95.4342,63936,Nikolaus-Lowe,11/24/2022
420,Aloisia,Kingsbury,akingsburybn@auda.org.au,Female,2002,Volkswagen,Jetta,Inglewood,California,90310,US,33.7866,-118.2987,86187,Abbott-Baumbach,02/03/2023
421,Rodolph,Luxmoore,rluxmoorebo@furl.net,Male,2008,Audi,RS4,Redwood City,California,94064,US,37.3811,-122.3348,78557,"Carter, Jenkins and Baumbach",07/08/2022
422,Tam,Zannolli,tzannollibp@blogspot.com,Male,2012,Lexus,LS Hybrid,Jackson,Mississippi,39296,US,32.3113,-90.3972,73848,"Dibbert, Larkin and Rath",12/04/2022
423,Brigid,Ostrich,bostrichbq@webmd.com,Female,2001,Mazda,MPV,Huntington,West Virginia,25709,US,38.1321,-82.4183,84011,"Ratke, Langosh and Greenfelder",12/21/2022
424,Sascha,Wadsworth,swadsworthbr@zdnet.com,Female,1994,Toyota,Paseo,Sacramento,California,95838,US,38.6406,-121.444,59559,Powlowski Group,11/12/2025
425,Hobey,Parkeson,hparkesonbs@wired.com,Male,2011,Dodge,Caliber,Madison,Wisconsin,53705,US,43.073,-89.4528,98168,"Zemlak, Johnson and O'Keefe",08/30/2024
426,Romain,Pitsall,rpitsallbt@w3.org,Polygender,1998,Mitsubishi,Montero,Shawnee Mission,Kansas,66225,US,38.8999,-94.832,38016,"Maggio, Lubowitz and Baumbach",05/03/2023
427,Kipp,Burgh,kburghbu@google.de,Male,2008,Ford,F250,Greenville,South Carolina,29610,US,34.8497,-82.4538,79651,"Ziemann, Bechtelar and O'Conner",04/04/2024
428,Avrom,Brogiotti,abrogiottibv@nationalgeographic.com,Male,1995,Chevrolet,Caprice,Washington,District of Columbia,20073,US,38.897,-77.0251,48491,Baumbach Inc,12/19/2023
429,Allyce,Vallentin,avallentinbw@networksolutions.com,Female,1991,Subaru,Justy,New York City,New York,10170,US,40.7526,-73.9755,61206,Wiegand Group,08/12/2025
430,Ric,Swayton,rswaytonbx@tripadvisor.com,Male,2007,Toyota,Sienna,Albuquerque,New Mexico,87115,US,35.0549,-106.5461,66572,"Steuber, Bernhard and Kirlin",11/05/2023
431,Adey,Lorie,alorieby@mapquest.com,Female,2009,Saturn,Sky,Washington,District of Columbia,20067,US,38.8933,-77.0146,52335,Nader Group,12/19/2024
432,Leslie,Myerscough,lmyerscoughbz@microsoft.com,Agender,2007,Chevrolet,Aveo,Pittsburgh,Pennsylvania,15266,US,40.4344,-80.0248,38232,"Tromp, Waters and Mosciski",07/06/2022
433,Waylen,Benham,wbenhamc0@freewebs.com,Polygender,2003,Mercury,Grand Marquis,Toledo,Ohio,43610,US,41.6767,-83.5573,48074,"Bergstrom, Kerluke and Jerde",04/17/2022
434,Puff,Tilzey,ptilzeyc1@360.cn,Male,1994,Volkswagen,Golf,Hayward,California,94544,US,37.6374,-122.067,68138,Flatley-Shanahan,01/12/2026
435,Hubie,Zold,hzoldc2@usa.gov,Male,2004,BMW,X5,Albuquerque,New Mexico,87115,US,35.0549,-106.5461,72702,Macejkovic LLC,03/19/2024
436,Staford,Blazeby,sblazebyc3@over-blog.com,Polygender,1996,Nissan,Altima,Tacoma,Washington,98417,US,47.2061,-122.4822,63471,"Effertz, Senger and Jacobi",07/05/2022
437,Dalis,Eldredge,deldredgec4@rakuten.co.jp,Male,1985,Volkswagen,Type 2,Muskegon,Michigan,49444,US,43.1791,-86.1989,96418,Leffler and Sons,01/12/2026
438,Jedediah,Synnott,jsynnottc5@cnbc.com,Male,1995,Pontiac,Firebird,Duluth,Georgia,30195,US,34.0047,-84.1532,95624,"Nader, Graham and Gusikowski",05/05/2024
439,Ibbie,Bullcock,ibullcockc6@de.vu,Female,2012,Nissan,Sentra,Falls Church,Virginia,22047,US,38.8318,-77.2888,55160,Strosin LLC,02/18/2024
440,Reagen,Seamarke,rseamarkec7@vistaprint.com,Male,1986,Mitsubishi,Mirage,Warren,Michigan,48092,US,42.5125,-83.0643,72021,Keeling Group,08/19/2025
441,Pet,Burston,pburstonc8@uol.com.br,Female,1964,Pontiac,LeMans,Aurora,Colorado,80044,US,39.7388,-104.4083,77995,Monahan-Leffler,04/17/2024
442,Ken,Sooper,ksooperc9@ed.gov,Male,1987,Porsche,911,Camden,New Jersey,08104,US,39.9186,-75.1078,33821,Ankunding-Paucek,12/07/2025
443,Duke,Brockie,dbrockieca@moonfruit.com,Male,2008,BMW,X3,Philadelphia,Pennsylvania,19136,US,40.0422,-75.0244,36940,Casper-Runolfsdottir,10/30/2022
444,Darell,Thackston,dthackstoncb@google.co.uk,Female,2003,Chevrolet,Express 2500,Kansas City,Missouri,64160,US,39.2829,-94.409,98370,Murray-Cartwright,06/12/2024
445,Van,Barnish,vbarnishcc@bing.com,Male,1998,Mercedes-Benz,SLK-Class,Gainesville,Florida,32627,US,29.6813,-82.3539,38890,Zboncak-Deckow,03/28/2023
446,Andros,Brendish,abrendishcd@hatena.ne.jp,Male,2011,Smart,Fortwo,Bridgeport,Connecticut,06673,US,41.3089,-73.3637,74284,Bechtelar LLC,03/08/2023
447,Chen,Keyte,ckeytece@nifty.com,Male,2010,Mercedes-Benz,GLK-Class,Sunnyvale,California,94089,US,37.3983,-122.0006,32948,"Schimmel, McGlynn and Kuhic",06/26/2024
448,Kelvin,Stopp,kstoppcf@cbsnews.com,Agender,2009,Kia,Sportage,Birmingham,Alabama,35236,US,33.5446,-86.9292,32992,Homenick-Hartmann,10/07/2024
449,Staci,Piotr,spiotrcg@home.pl,Female,2009,Suzuki,Grand Vitara,Atlanta,Georgia,30386,US,33.8444,-84.474,54647,"McCullough, Kemmer and Schmitt",07/04/2023
450,Max,Brunke,mbrunkech@soundcloud.com,Male,2004,Toyota,Prius,New York City,New York,10004,US,40.6964,-74.0253,61871,Watsica-Steuber,12/29/2022
451,Herrick,Yarn,hyarnci@mapy.cz,Agender,2001,Daewoo,Lanos,Houston,Texas,77250,US,29.7629,-95.3629,87761,Kautzer LLC,04/08/2024
452,Elianora,Shinn,eshinncj@sfgate.com,Female,2012,Jeep,Wrangler,New Hyde Park,New York,11044,US,40.7548,-73.6018,47645,Murazik Group,03/22/2022
453,Stewart,Spadotto,sspadottock@goo.ne.jp,Male,2009,Jeep,Patriot,Washington,District of Columbia,20337,US,38.8933,-77.0146,98989,"Olson, Goldner and Vandervort",09/09/2023
454,Novelia,McCrainor,nmccrainorcl@msu.edu,Female,1962,Studebaker,Avanti,Akron,Ohio,44305,US,41.076,-81.4644,78459,Howell LLC,08/23/2025
455,Gussy,Pesak,gpesakcm@amazon.co.uk,Female,2006,Ford,Thunderbird,Springfield,Missouri,65805,US,37.2581,-93.3437,87443,"Ledner, Ebert and Waelchi",02/25/2024
456,Gawain,Klaaasen,gklaaasencn@51.la,Male,1996,Ford,Contour,Virginia Beach,Virginia,23464,US,36.7978,-76.1759,74817,Keebler-Huel,10/15/2025
457,Gianni,Pocklington,gpocklingtonco@wsj.com,Male,2006,GMC,Sierra 3500,Atlanta,Georgia,30301,US,33.8444,-84.474,99962,"Gerhold, Balistreri and Hilpert",04/09/2024
458,Abbe,Willes,awillescp@ucla.edu,Male,2005,Dodge,Dakota Club,New York City,New York,10249,US,40.7808,-73.9772,39712,Osinski-Gottlieb,06/26/2022
459,Cyrille,Logsdale,clogsdalecq@biglobe.ne.jp,Male,2011,Chevrolet,Suburban,Chattanooga,Tennessee,37416,US,35.0942,-85.1757,83641,Hauck-Ullrich,09/10/2023
460,Jeniece,Fadian,jfadiancr@ucla.edu,Female,1998,GMC,Yukon,Lubbock,Texas,79410,US,33.5693,-101.8904,81527,Bins-Kerluke,06/13/2024
461,Brook,Stormont,bstormontcs@ycombinator.com,Male,1999,Plymouth,Neon,Atlanta,Georgia,30323,US,33.8444,-84.474,46282,"Hand, Jones and Smith",03/06/2023
462,Irvin,Moodey,imoodeyct@cloudflare.com,Male,2009,Volkswagen,Eos,Huntsville,Alabama,35810,US,34.7784,-86.6091,70535,"Sauer, Rath and Homenick",12/15/2022
463,Bridget,Vigrass,bvigrasscu@moonfruit.com,Female,2001,Mazda,Tribute,Lincoln,Nebraska,68517,US,40.9317,-96.6045,92495,Ortiz-Monahan,03/31/2025
464,Hildagarde,Pinchon,hpinchoncv@desdev.cn,Female,2007,Lexus,RX,El Paso,Texas,79999,US,31.6948,-106.3,85390,Thompson-Ruecker,09/18/2022
465,Maurits,Boult,mboultcw@bloglovin.com,Agender,1994,Subaru,SVX,Milwaukee,Wisconsin,53205,US,43.0528,-87.9353,97874,Hirthe-Fadel,10/07/2024
466,Bernelle,Skeete,bskeetecx@mapy.cz,Female,2000,Land Rover,Range Rover,Boston,Massachusetts,02109,US,42.36,-71.0545,54221,Collins Group,05/26/2025
467,Benedick,Gallaccio,bgallacciocy@indiatimes.com,Male,2001,Mercury,Grand Marquis,Orange,California,92668,US,33.7867,-117.8742,43945,Halvorson-Conn,10/13/2023
468,Arlie,Mourant,amourantcz@gravatar.com,Female,2011,Jaguar,XJ,Huntsville,Alabama,35815,US,34.734,-86.5229,69741,Ebert and Sons,06/22/2022
469,Mallissa,Kolyagin,mkolyagind0@twitter.com,Female,1999,Cadillac,Seville,Santa Rosa,California,95405,US,38.4386,-122.6727,58776,Hartmann Group,04/10/2025
470,Armstrong,Ianittello,aianittellod1@cargocollective.com,Male,2002,Isuzu,Rodeo,Punta Gorda,Florida,33982,US,26.9668,-81.9545,88685,Rowe-Blanda,09/09/2024
471,Heriberto,MacGauhy,hmacgauhyd2@photobucket.com,Male,1997,Subaru,Legacy,Murfreesboro,Tennessee,37131,US,35.8596,-86.421,42832,McGlynn Inc,06/07/2024
472,Agatha,Crocetti,acrocettid3@who.int,Female,2007,Lotus,Elise,Asheville,North Carolina,28805,US,35.6004,-82.4918,41671,Considine Group,02/20/2025
473,Free,Pascall,fpascalld4@ask.com,Male,2007,Maybach,62,Silver Spring,Maryland,20904,US,39.0668,-76.9969,89011,Brown-Mayer,02/05/2022
474,Darby,Jonin,djonind5@reverbnation.com,Male,1992,Buick,Skylark,Las Vegas,Nevada,89178,US,35.9977,-115.2861,50772,Schuppe Inc,12/19/2022
475,Joseph,Mc Coughan,jmccoughand6@opera.com,Male,2006,Acura,TSX,Aiken,South Carolina,29805,US,33.6993,-81.6465,32168,"Kassulke, O'Conner and Herzog",03/29/2022
476,Maddy,Landes,mlandesd7@nyu.edu,Genderfluid,1997,Ford,Expedition,Portland,Oregon,97240,US,45.5806,-122.3748,37998,Spencer-Conroy,07/17/2023
477,Gabbey,Stoppe,gstopped8@livejournal.com,Female,1996,Chevrolet,Caprice Classic,Houston,Texas,77030,US,29.7041,-95.401,93914,"Herman, Gulgowski and Collins",12/07/2025
478,Bili,Blackwell,bblackwelld9@springer.com,Female,1992,Chevrolet,Blazer,Las Vegas,Nevada,89125,US,36.2235,-115.2655,73120,"Keebler, Rogahn and Jacobi",10/15/2024
479,Northrop,Morrad,nmorradda@godaddy.com,Male,1995,Mercury,Grand Marquis,El Paso,Texas,88558,US,31.6948,-106.3,83082,Bashirian LLC,04/03/2022
480,Nicola,Tench,ntenchdb@elpais.com,Male,2002,Chevrolet,Astro,San Francisco,California,94110,US,37.7509,-122.4153,38974,Bernier and Sons,03/13/2024
481,Elinor,Rawcliffe,erawcliffedc@marketwatch.com,Female,1993,GMC,3500 Club Coupe,Kansas City,Missouri,64149,US,38.8606,-94.4636,90128,Stracke LLC,04/27/2024
482,Carley,Pudding,cpuddingdd@cyberchimps.com,Female,2004,Toyota,Solara,Boston,Massachusetts,02298,US,42.3823,-71.0323,50986,Gerlach and Sons,11/22/2023
483,Helaine,Sailes,hsailesde@php.net,Female,2002,Audi,TT,Evansville,Indiana,47712,US,37.929,-87.6604,89230,Rice Group,03/12/2025
484,Breena,Drabble,bdrabbledf@fda.gov,Female,2012,Ferrari,FF,Knoxville,Tennessee,37919,US,35.9244,-84.0015,32539,Roberts-Moen,07/15/2023
485,Brian,Sicha,bsichadg@amazonaws.com,Male,2010,Audi,Q7,Columbus,Ohio,43231,US,40.081,-82.9383,71275,Schinner LLC,10/13/2023
486,Remington,Dearman,rdearmandh@squidoo.com,Male,2010,Bentley,Continental GT,Brooklyn,New York,11254,US,40.6451,-73.945,58120,Mante Inc,09/05/2022
487,Orelee,Gullefant,ogullefantdi@cyberchimps.com,Bigender,2011,Lexus,CT,Los Angeles,California,90071,US,34.0529,-118.2549,74921,Carroll-Schmitt,10/04/2022
488,Galvin,Venney,gvenneydj@cnet.com,Male,2003,Subaru,Legacy,Norfolk,Virginia,23514,US,36.9312,-76.2397,70083,Orn-Tillman,07/10/2025
489,Jeramie,Mogey,jmogeydk@springer.com,Male,2000,Volvo,V70,Baltimore,Maryland,21290,US,39.2933,-76.6238,58413,"DuBuque, Rodriguez and Champlin",05/24/2022
490,Stacy,Pasterfield,spasterfielddl@chronoengine.com,Female,2012,GMC,Savana 1500,Colorado Springs,Colorado,80905,US,38.8377,-104.837,54488,Skiles-Paucek,01/07/2025
491,Laurie,Queripel,lqueripeldm@wired.com,Male,2002,Chevrolet,S10,Pompano Beach,Florida,33075,US,26.1457,-80.4483,50629,Parisian Inc,11/10/2025
492,Datha,Lakes,dlakesdn@1688.com,Female,1996,Plymouth,Grand Voyager,Fairfax,Virginia,22036,US,38.7351,-77.0796,31352,Schowalter and Sons,05/17/2025
493,Sebastien,Goodge,sgoodgedo@51.la,Genderqueer,1988,Ford,Taurus,Charlottesville,Virginia,22908,US,38.0401,-78.4851,76512,"Kemmer, Terry and Terry",02/24/2024
494,See,Pandie,spandiedp@unesco.org,Male,1989,Acura,Legend,Knoxville,Tennessee,37939,US,35.9901,-83.9622,50408,Aufderhar-Smith,03/22/2023
495,Anya,Scutchin,ascutchindq@irs.gov,Female,2009,Mitsubishi,Outlander,Winston Salem,North Carolina,27157,US,36.0275,-80.2073,75868,"Grimes, Moen and Roberts",12/07/2022
496,Legra,Boynes,lboynesdr@posterous.com,Female,1992,Mitsubishi,Mighty Max Macro,Shreveport,Louisiana,71151,US,32.6076,-93.7526,88806,Hodkiewicz-Miller,10/16/2024
497,Raviv,Tyas,rtyasds@ovh.net,Male,2008,Hyundai,Tiburon,Arlington,Texas,76016,US,32.6889,-97.1905,47401,Wyman Group,08/03/2022
498,Caren,Arlett,carlettdt@google.co.uk,Female,1963,Rambler,Classic,Port Saint Lucie,Florida,34985,US,27.3822,-80.409,40952,"Gottlieb, Franecki and Simonis",07/19/2022
499,Garrot,Dewen,gdewendu@studiopress.com,Male,2011,Buick,Enclave,Boulder,Colorado,80305,US,39.9807,-105.2531,89619,Kris LLC,09/02/2024
500,Finn,Heminsley,fheminsleydv@reuters.com,Male,1997,Audi,A8,Orlando,Florida,32830,US,28.3822,-81.569,94971,Morissette Group,05/10/2023
501,Ulrike,Cudworth,ucudworthdw@moonfruit.com,Female,1996,Infiniti,J,San Diego,California,92165,US,33.0169,-116.846,54633,"Douglas, Hansen and Hoppe",08/05/2024
502,Aurore,Pannett,apannettdx@salon.com,Female,2000,Chevrolet,Express 1500,Mobile,Alabama,36628,US,30.6589,-88.178,61190,Deckow Group,06/28/2025
503,Latisha,Kitchener,lkitchenerdy@mediafire.com,Female,1987,Ford,Bronco II,Kansas City,Kansas,66112,US,39.116,-94.764,50034,Bins Group,07/29/2022
504,Royal,Melton,rmeltondz@sphinn.com,Male,2010,Lexus,GS,New Bedford,Massachusetts,02745,US,41.6913,-70.9355,82800,Franecki Inc,11/05/2024
505,Sly,Glynne,sglynnee0@networksolutions.com,Male,1998,Mazda,Protege,Buffalo,New York,14233,US,42.7684,-78.8871,95537,"Hartmann, Zieme and Torphy",05/28/2025
506,Danila,Eicheler,deichelere1@army.mil,Female,2011,Dodge,Grand Caravan,Young America,Minnesota,55573,US,45.0159,-93.4719,84276,Morissette-Bogisich,01/13/2023
507,Erich,Pheasey,epheaseye2@tmall.com,Male,1986,Buick,Riviera,Sacramento,California,95852,US,38.6026,-121.4475,31410,Schulist LLC,12/14/2023
508,Far,Nelles,fnellese3@yahoo.co.jp,Male,1992,Ford,Tempo,Hyattsville,Maryland,20784,US,38.9513,-76.8958,41246,Corwin Inc,05/02/2022
509,Lucia,Swannell,lswannelle4@bloglovin.com,Non-binary,1996,Mercedes-Benz,SL-Class,Amarillo,Texas,79176,US,35.1885,-101.8165,59377,Moen Inc,02/28/2023
510,Carling,Alvaro,calvaroe5@unicef.org,Male,1985,Volkswagen,Passat,El Paso,Texas,79923,US,31.6948,-106.3,99841,"Pacocha, Leffler and Parisian",07/01/2022
511,Corny,Sibery,csiberye6@bigcartel.com,Female,1996,Buick,Century,Washington,District of Columbia,20392,US,38.8933,-77.0146,52716,"Nitzsche, Thompson and Ankunding",01/31/2023
512,Allayne,Oakley,aoakleye7@independent.co.uk,Male,2006,Chevrolet,Express,Buffalo,New York,14210,US,42.8614,-78.8206,97211,Bartoletti-Fisher,04/15/2022
513,Bellanca,Pohlak,bpohlake8@indiegogo.com,Female,1999,Pontiac,Bonneville,Huntington,West Virginia,25770,US,38.4134,-82.2774,40266,Muller-Metz,09/01/2024
514,Fran,Hayman,fhaymane9@cbc.ca,Male,1992,Chevrolet,Astro,Pinellas Park,Florida,34665,US,27.8402,-82.7125,77818,Marvin Group,02/03/2024
515,Glynn,Heatlie,gheatlieea@home.pl,Polygender,1986,Lincoln,Town Car,Cleveland,Ohio,44185,US,41.6857,-81.6728,43314,Lebsack-Harber,03/07/2022
516,Thomasine,Cotilard,tcotilardeb@about.me,Female,1994,Land Rover,Defender,Scottsdale,Arizona,85260,US,33.6013,-111.8867,79038,Deckow LLC,05/15/2023
517,Brock,Aspinall,baspinallec@last.fm,Male,2007,Pontiac,G5,Minneapolis,Minnesota,55470,US,45.0159,-93.4719,36441,Deckow LLC,10/12/2022
518,Dallis,Audsley,daudsleyed@bigcartel.com,Male,1983,Pontiac,Sunbird,Corpus Christi,Texas,78465,US,27.777,-97.4632,99298,Funk-Lowe,09/29/2023
519,Collete,Hansbury,chansburyee@chicagotribune.com,Female,1990,Mitsubishi,GTO,Youngstown,Ohio,44555,US,41.1039,-80.6436,64453,Schaden and Sons,02/23/2022
520,Amelina,Norquay,anorquayef@nhs.uk,Female,1997,Isuzu,Hombre Space,Birmingham,Alabama,35295,US,33.5446,-86.9292,51424,"Champlin, Block and Bartell",07/04/2022
521,Spense,Ewbanck,sewbanckeg@loc.gov,Male,1994,Chevrolet,G-Series G20,Washington,District of Columbia,20520,US,38.8932,-77.049,84279,Yost-Ziemann,09/22/2023
522,Jenelle,Kubica,jkubicaeh@bluehost.com,Female,1984,Ford,Ranger,Washington,District of Columbia,20244,US,38.8933,-77.0146,80006,Wunsch-Padberg,11/26/2023
523,Brandtr,McReath,bmcreathei@blogspot.com,Male,1992,Saab,9000,Tulsa,Oklahoma,74116,US,36.175,-95.8477,61173,Daugherty LLC,11/10/2024
524,Fabiano,Lamble,flambleej@usatoday.com,Male,2001,Volkswagen,Golf,South Bend,Indiana,46614,US,41.6255,-86.2433,34014,"Kutch, Quigley and Fahey",05/12/2024
525,Renault,Maloney,rmaloneyek@reference.com,Male,1996,Infiniti,Q,Evansville,Indiana,47712,US,37.929,-87.6604,56719,"Jacobi, Bailey and Leannon",07/17/2022
526,Amelie,Stead,asteadel@netvibes.com,Female,2010,Dodge,Ram 3500,Montgomery,Alabama,36109,US,32.3834,-86.2434,94642,Weimann LLC,07/09/2023
527,Flossi,Twiddy,ftwiddyem@wired.com,Female,1993,Eagle,Vision,Monroe,Louisiana,71213,US,32.4908,-92.1594,84783,Klocko and Sons,12/12/2024
528,Sharyl,Humburton,shumburtonen@pinterest.com,Female,1994,GMC,3500,San Antonio,Texas,78265,US,29.4375,-98.4616,53667,"Becker, Gutmann and Denesik",12/02/2023
529,Kellen,Cristofolini,kcristofolinieo@miitbeian.gov.cn,Male,1993,Cadillac,Sixty Special,Denver,Colorado,80204,US,39.734,-105.0259,92512,Wisozk Inc,09/14/2025
530,Mac,Claris,mclarisep@multiply.com,Male,1965,Ford,Thunderbird,Morgantown,West Virginia,26505,US,39.6505,-79.944,54457,Sanford Inc,02/28/2023
531,Allie,Pedder,apeddereq@twitter.com,Male,2004,Chevrolet,Silverado 3500,Nashville,Tennessee,37235,US,36.1866,-86.7852,90538,Luettgen-Senger,04/07/2025
532,Blake,Simmens,bsimmenser@bravesites.com,Male,2011,Bentley,Continental GTC,Washington,District of Columbia,20016,US,38.9381,-77.086,72638,"Kovacek, Ernser and Wilkinson",07/18/2025
533,Milty,Tarr,mtarres@shareasale.com,Male,1994,Mazda,MPV,Miami,Florida,33142,US,25.813,-80.232,43063,Miller LLC,07/05/2024
534,Torry,Dessant,tdessantet@nba.com,Male,2005,Dodge,Ram 1500,Gaithersburg,Maryland,20883,US,39.0883,-77.1568,48558,Klocko-Schoen,10/16/2025
535,Holden,Candlish,hcandlisheu@google.ca,Male,1995,Mitsubishi,GTO,Melbourne,Florida,32941,US,27.9246,-80.5235,70457,Waters-Dare,06/21/2025
536,Benedetta,Moggach,bmoggachev@sfgate.com,Female,2005,Infiniti,Q,Lake Worth,Florida,33467,US,26.6104,-80.1683,45041,McKenzie and Sons,10/01/2024
537,Rosa,Alfonzo,ralfonzoew@skype.com,Female,2011,Mercedes-Benz,GL-Class,Pueblo,Colorado,81010,US,38.1286,-104.5523,88101,Mitchell-Daugherty,01/10/2026
538,Gusty,Fibbens,gfibbensex@globo.com,Female,1998,BMW,Z3,Tacoma,Washington,98442,US,47.3081,-122.4185,78151,"Klocko, Nader and Gutkowski",11/27/2024
539,Perle,Armell,parmelley@amazon.co.uk,Female,1984,Mercedes-Benz,S-Class,Minneapolis,Minnesota,55480,US,45.0159,-93.4719,91158,Hegmann LLC,07/01/2024
540,Elisa,Rudyard,erudyardez@cpanel.net,Female,2002,Honda,Passport,Albany,New York,12227,US,42.6149,-73.9708,81317,"Lynch, Medhurst and Moen",02/19/2025
541,Daphne,Vala,dvalaf0@goo.gl,Female,1958,BMW,600,Columbus,Ohio,43226,US,39.969,-83.0114,67016,DuBuque-Waters,04/24/2022
542,Dolli,Fundell,dfundellf1@indiatimes.com,Female,2008,Suzuki,XL-7,Spokane,Washington,99210,US,47.6536,-117.4317,79991,Prohaska LLC,05/22/2025
543,Stern,Bahl,sbahlf2@blinklist.com,Male,2004,Nissan,Sentra,Baton Rouge,Louisiana,70820,US,30.3795,-91.1671,41410,Brakus-Jast,01/31/2025
544,Sophia,Blacklock,sblacklockf3@ted.com,Female,1994,Chevrolet,Camaro,Honolulu,Hawaii,96840,US,21.3068,-157.8607,79183,Gleason-Thompson,07/13/2023
545,Beverlie,Claiden,bclaidenf4@shinystat.com,Female,1993,Land Rover,Defender 110,Houston,Texas,77070,US,29.9781,-95.5803,75663,Kub Inc,08/05/2025
546,Woodrow,Blatherwick,wblatherwickf5@mlb.com,Male,2006,GMC,Sierra 2500,Portland,Oregon,97211,US,45.5653,-122.6448,56573,"Schumm, Schowalter and Barton",11/21/2025
547,Melesa,Scanterbury,mscanterburyf6@hostgator.com,Female,1999,Saab,9-3,Pensacola,Florida,32595,US,30.6143,-87.2758,75438,Gislason-Beatty,06/07/2023
548,Denni,Ravilus,dravilusf7@dmoz.org,Female,2002,Land Rover,Freelander,El Paso,Texas,79940,US,31.6948,-106.3,48028,"Metz, Deckow and Rowe",03/15/2023
549,Packston,Guillon,pguillonf8@eventbrite.com,Bigender,1992,Toyota,Camry,Houston,Texas,77212,US,29.834,-95.4342,67198,Gleichner Inc,10/17/2023
550,Geordie,Herety,gheretyf9@uiuc.edu,Polygender,1998,Chevrolet,Prizm,Elizabeth,New Jersey,07208,US,40.6747,-74.2239,50832,Bergstrom-Heller,01/20/2024
551,Royall,Micka,rmickafa@wix.com,Male,1989,Saab,900,Portland,Oregon,97255,US,45.5806,-122.3748,62282,Ortiz-Dibbert,08/28/2025
552,Sydelle,Colqueran,scolqueranfb@posterous.com,Female,2003,Buick,Century,Erie,Pennsylvania,16534,US,42.1827,-80.0649,55393,Conn-Rodriguez,01/13/2023
553,Lynn,Paschke,lpaschkefc@hostgator.com,Bigender,1999,Isuzu,Hombre Space,Cincinnati,Ohio,45999,US,39.1668,-84.5382,94999,Raynor-Keebler,09/22/2023
554,Benedicto,Dashwood,bdashwoodfd@gnu.org,Male,1993,Mitsubishi,RVR,Orlando,Florida,32830,US,28.3822,-81.569,52885,Crona and Sons,12/17/2025
555,Esmaria,Gorst,egorstfe@paypal.com,Female,2001,Mazda,MX-5,Detroit,Michigan,48267,US,42.2399,-83.1508,38668,"Wolf, Tremblay and Lemke",06/13/2024
556,Adolphus,Baty,abatyff@cnbc.com,Male,1990,Audi,200,Kansas City,Missouri,64125,US,39.1042,-94.4923,44907,Fay-Kirlin,09/10/2022
557,Nicky,Pateman,npatemanfg@admin.ch,Genderqueer,1994,Subaru,Legacy,Minneapolis,Minnesota,55436,US,44.9034,-93.374,91412,Kiehn-Stroman,12/08/2022
558,Gustavo,Linacre,glinacrefh@reference.com,Male,1995,Lincoln,Town Car,Sacramento,California,95813,US,38.6026,-121.4475,49627,Durgan and Sons,01/19/2023
559,Alfredo,Hritzko,ahritzkofi@sphinn.com,Male,2011,Jaguar,XJ,Spokane,Washington,99215,US,47.6536,-117.4317,98537,Muller and Sons,12/06/2023
560,Sigfried,Molden,smoldenfj@ezinearticles.com,Male,1996,Ford,F350,San Bernardino,California,92424,US,34.84,-115.9671,49362,Lehner and Sons,04/28/2022
561,Janelle,Readshall,jreadshallfk@shareasale.com,Bigender,1993,Chevrolet,Caprice Classic,El Paso,Texas,88574,US,31.6948,-106.3,36326,"Robel, Buckridge and Schiller",08/29/2024
562,Gustavo,Suatt,gsuattfl@ucoz.com,Male,2000,Buick,Century,Wilmington,Delaware,19805,US,39.7434,-75.5827,72400,Yundt-Tillman,05/19/2022
563,Margarita,Oehm,moehmfm@edublogs.org,Female,2007,Mercedes-Benz,CLK-Class,Chicago,Illinois,60604,US,41.8784,-87.633,32457,Bode-Herman,06/14/2025
564,Celeste,Janson,cjansonfn@goodreads.com,Female,1986,Mitsubishi,Cordia,Indianapolis,Indiana,46231,US,39.7038,-86.3029,67329,Ondricka-Zboncak,02/12/2025
565,Tomaso,Giacomucci,tgiacomuccifo@hud.gov,Male,1998,GMC,2500,Lexington,Kentucky,40505,US,38.0612,-84.4583,39039,Deckow Inc,04/10/2022
566,Ines,Sommerled,isommerledfp@weebly.com,Female,2007,Infiniti,QX56,Portland,Oregon,97216,US,45.5137,-122.5569,59359,Lubowitz-Kertzmann,03/03/2025
567,Damara,Orchart,dorchartfq@businesswire.com,Female,1997,Ford,Ranger,Pittsburgh,Pennsylvania,15279,US,40.4344,-80.0248,95181,Schmeler-Russel,03/28/2024
568,Lou,Bollini,lbollinifr@chron.com,Female,1992,Dodge,Dakota,San Antonio,Texas,78250,US,29.5054,-98.6688,88477,Ankunding-Mayer,04/23/2023
569,Doll,Chinn,dchinnfs@mac.com,Female,2012,Saab,9-3,Long Beach,California,90810,US,33.8193,-118.2325,87446,Schuster-Ankunding,07/29/2022
570,Donovan,Lynas,dlynasft@usnews.com,Male,2001,Toyota,Echo,Ogden,Utah,84409,US,41.2553,-111.9567,52130,Gibson-Weissnat,10/12/2023
571,Mollee,Raecroft,mraecroftfu@vimeo.com,Female,2009,Mazda,CX-7,Miami,Florida,33185,US,25.7274,-80.4497,54276,Ferry LLC,11/28/2025
572,Guilbert,Mattheeuw,gmattheeuwfv@wunderground.com,Bigender,1986,Ford,Ranger,Tulsa,Oklahoma,74149,US,36.1398,-96.0297,74117,"Bechtelar, McClure and Pfeffer",07/14/2024
573,Ingelbert,Ince,iincefw@google.cn,Male,2006,Pontiac,Solstice,Merrifield,Virginia,22119,US,38.8318,-77.2888,88377,Goyette-Wehner,07/12/2025
574,Krisha,Linstead,klinsteadfx@moonfruit.com,Male,2002,Chevrolet,Suburban 1500,Shreveport,Louisiana,71105,US,32.4589,-93.7143,38733,Weber-Mosciski,02/16/2024
575,Trisha,Povlsen,tpovlsenfy@pinterest.com,Bigender,2008,Hyundai,Azera,Macon,Georgia,31205,US,32.8067,-83.6913,86631,"Olson, Koelpin and Schaden",02/25/2023
576,Josy,Workman,jworkmanfz@blogspot.com,Female,2004,Cadillac,Escalade ESV,San Jose,California,95194,US,37.3894,-121.8868,78751,"Hagenes, Adams and Mitchell",04/24/2025
577,Chrystel,Smogur,csmogurg0@sciencedaily.com,Female,2009,Maybach,62,Dayton,Ohio,45432,US,39.739,-84.0856,93707,"Williamson, Hills and Hane",10/01/2024
578,Emilio,Antognetti,eantognettig1@rambler.ru,Male,1998,Lexus,LS,Chattanooga,Tennessee,37450,US,35.2211,-85.2091,98166,"Welch, Huels and Halvorson",01/13/2026
579,Howard,Faulkes,hfaulkesg2@stanford.edu,Genderfluid,2000,Subaru,Impreza,Charleston,West Virginia,25356,US,38.2968,-81.5547,32777,"Bailey, Osinski and Pfeffer",02/29/2024
580,Raviv,Jackman,rjackmang3@histats.com,Male,2005,Mitsubishi,Outlander,Midland,Michigan,48670,US,43.6375,-84.2568,56550,Torp Inc,12/02/2024
581,Valeria,Girodias,vgirodiasg4@e-recht24.de,Female,2005,Toyota,MR2,Saint Petersburg,Florida,33737,US,27.8918,-82.7248,75579,Buckridge and Sons,03/15/2022
582,Somerset,Santore,ssantoreg5@rediff.com,Male,1979,Ford,Mustang,Long Beach,California,90805,US,33.8635,-118.1801,46158,Hartmann Inc,10/17/2023
583,Grace,Assad,gassadg6@un.org,Genderqueer,1986,Porsche,944,New Castle,Pennsylvania,16107,US,40.9897,-80.3084,69289,Rowe-Heller,08/21/2024
584,Orella,Burkhill,oburkhillg7@shinystat.com,Non-binary,1989,Ford,Courier,Jamaica,New York,11470,US,40.6914,-73.8061,67036,Maggio Inc,12/25/2024
585,Nils,Follis,nfollisg8@unicef.org,Male,2012,Chevrolet,Silverado 3500,Wilmington,North Carolina,28405,US,34.2651,-77.867,48083,"Russel, Hammes and Lindgren",04/20/2023
586,Isaiah,McCrisken,imccriskeng9@sogou.com,Male,1999,Mitsubishi,Challenger,Brea,California,92822,US,33.9187,-117.8892,64010,Lockman-Schneider,01/27/2025
587,Demetra,Bratton,dbrattonga@shutterfly.com,Female,2009,Mercedes-Benz,GL-Class,Honolulu,Hawaii,96805,US,21.3062,-157.8585,93145,Bednar Group,06/16/2022
588,Almeda,Mouget,amougetgb@chicagotribune.com,Female,2006,Chevrolet,Tahoe,Saint Joseph,Missouri,64504,US,39.7076,-94.8677,60075,Crist-Zulauf,03/18/2022
589,Ekaterina,Ackrill,eackrillgc@issuu.com,Female,2004,Chevrolet,Suburban 2500,El Paso,Texas,88574,US,31.6948,-106.3,96621,Denesik-Klocko,12/08/2022
590,Erminia,Turford,eturfordgd@desdev.cn,Female,2008,Dodge,Charger,Waltham,Massachusetts,02453,US,42.3654,-71.2316,66618,Schuppe-Moen,03/10/2025
591,Ranice,Puleston,rpulestonge@blogger.com,Female,2010,Saab,9-5,Denver,Colorado,80241,US,39.9274,-104.9548,83886,Kshlerin-Wunsch,10/08/2025
592,Terri,Dursley,tdursleygf@networkadvertising.org,Female,2001,Kia,Sportage,Montgomery,Alabama,36195,US,32.3544,-86.2843,60189,"Marquardt, Armstrong and Christiansen",04/10/2023
593,Peggi,Royste,proystegg@sfgate.com,Female,2010,Volkswagen,Passat,Portsmouth,New Hampshire,00214,US,43.0059,-71.0132,35270,"Kunde, Herman and Jacobi",10/21/2024
594,Trstram,MacKibbon,tmackibbongh@ning.com,Male,1999,Nissan,Frontier,Boston,Massachusetts,02124,US,42.2868,-71.071,66578,Ernser LLC,08/22/2025
595,Catlaina,Mellem,cmellemgi@tiny.cc,Female,1997,Mazda,MX-6,Salt Lake City,Utah,84130,US,40.6681,-111.9083,95445,"Feil, Heidenreich and Kling",11/12/2023
596,Hodge,Beautyman,hbeautymangj@jalbum.net,Male,1997,Mitsubishi,Mirage,Van Nuys,California,91499,US,33.7866,-118.2987,94370,"Kautzer, Simonis and Bednar",09/01/2022
597,Carmina,Jilliss,cjillissgk@vimeo.com,Female,1985,Subaru,XT,Tacoma,Washington,98464,US,47.0662,-122.1132,72675,"Morissette, Schamberger and Rau",02/19/2023
598,Alexander,Skryne,askrynegl@jugem.jp,Male,2003,Maybach,57,Gilbert,Arizona,85297,US,33.2781,-111.7096,33332,Beer and Sons,11/22/2022
599,Jeanelle,Bartram,jbartramgm@walmart.com,Female,2004,Isuzu,Rodeo,Washington,District of Columbia,20268,US,38.8933,-77.0146,80710,"Douglas, Ankunding and Gleichner",04/15/2025
600,Judith,Renyard,jrenyardgn@ted.com,Female,2002,Toyota,Land Cruiser,Jefferson City,Missouri,65105,US,38.5309,-92.2493,87953,Schmidt-Graham,03/22/2023
601,Galvin,Aneley,ganeleygo@multiply.com,Genderqueer,2007,Cadillac,Escalade EXT,El Paso,Texas,79968,US,31.7705,-106.5048,60392,"Herman, Spinka and Wisozk",02/08/2024
602,Clemmy,Abrahamowitcz,cabrahamowitczgp@sciencedirect.com,Female,2006,Pontiac,GTO,Springfield,Massachusetts,01152,US,42.1707,-72.6048,89621,"DuBuque, Von and Hirthe",01/01/2023
603,Margalit,Gouny,mgounygq@wisc.edu,Female,1992,Mitsubishi,Mirage,Dallas,Texas,75216,US,32.7086,-96.7955,88475,Wunsch and Sons,06/08/2024
604,Nicolai,Taggerty,ntaggertygr@homestead.com,Male,2005,Mercedes-Benz,SL-Class,Stamford,Connecticut,06905,US,41.0888,-73.5435,80881,Wuckert Group,08/31/2022
605,Mirna,Winchcombe,mwinchcombegs@thetimes.co.uk,Female,2000,Pontiac,Sunfire,Birmingham,Alabama,35236,US,33.5446,-86.9292,93641,Dare Group,09/20/2022
606,Christopher,Delong,cdelonggt@samsung.com,Male,1998,BMW,5 Series,El Paso,Texas,79999,US,31.6948,-106.3,81707,Gorczany and Sons,08/21/2025
607,Rebbecca,Staddart,rstaddartgu@squidoo.com,Female,2009,Ford,F-Series,Kissimmee,Florida,34745,US,27.9953,-81.2593,92960,Nicolas-Keebler,12/27/2025
608,Myca,Feronet,mferonetgv@mtv.com,Male,1998,Chevrolet,1500,Syracuse,New York,13210,US,43.0354,-76.1282,49758,Purdy-Wehner,08/26/2023
609,Bobinette,Spacie,bspaciegw@globo.com,Female,1974,Chevrolet,Camaro,Fort Worth,Texas,76121,US,32.7714,-97.2915,30314,"Carter, Kihn and Boehm",06/24/2023
610,Fabiano,Rosle,froslegx@bravesites.com,Male,1993,Cadillac,Seville,Amarillo,Texas,79116,US,35.2454,-101.999,86319,Mraz LLC,07/22/2022
611,Lazaro,Brewett,lbrewettgy@biglobe.ne.jp,Male,2009,Porsche,Cayman,Colorado Springs,Colorado,80930,US,38.8289,-104.5269,89166,"Brakus, Herzog and Cremin",07/23/2023
612,Abramo,Hakey,ahakeygz@ocn.ne.jp,Male,2000,Lexus,ES,Arlington,Virginia,22217,US,38.8808,-77.113,38594,"Little, Jones and Kozey",11/25/2022
613,Nicholas,Huby,nhubyh0@biglobe.ne.jp,Male,1996,Chevrolet,Express 1500,Beaufort,South Carolina,29905,US,32.3401,-80.689,61358,Flatley Group,04/20/2022
614,Carmelle,Sutherel,csutherelh1@pen.io,Female,2010,Volvo,V70,Columbus,Ohio,43210,US,40.0028,-83.0164,85118,Zieme and Sons,01/13/2025
615,Shandeigh,Chismon,schismonh2@t-online.de,Female,1998,Mercedes-Benz,E-Class,Annapolis,Maryland,21405,US,39.0305,-76.5515,54798,Rohan Inc,04/09/2023
616,Stephannie,MacGeaney,smacgeaneyh3@tripadvisor.com,Female,2000,Mitsubishi,Montero,Atlanta,Georgia,30368,US,33.8444,-84.474,68944,Graham-Nolan,07/11/2022
617,Phillipp,Knatt,pknatth4@auda.org.au,Male,2003,Jaguar,XK Series,San Antonio,Texas,78265,US,29.4375,-98.4616,61872,Spinka LLC,03/12/2025
618,Milly,Peasegod,mpeasegodh5@indiegogo.com,Female,1992,Toyota,Cressida,Anniston,Alabama,36205,US,33.7358,-85.7933,80671,Macejkovic-Friesen,08/04/2024
619,Noemi,Klessmann,nklessmannh6@qq.com,Female,2009,Volkswagen,Jetta,Toledo,Ohio,43656,US,41.6782,-83.4972,74002,"Hagenes, Balistreri and Ratke",05/21/2022
620,Alexa,Jouandet,ajouandeth7@unblog.fr,Female,1992,Chevrolet,Corsica,Fort Wayne,Indiana,46896,US,41.0938,-85.0707,39000,Vandervort-Harvey,12/24/2023
621,Thornton,Speak,tspeakh8@chronoengine.com,Male,1987,Mazda,626,Columbia,South Carolina,29215,US,34.006,-80.9708,92625,"Hintz, Hegmann and Gerhold",12/05/2022
622,Zacherie,Helliar,zhelliarh9@dedecms.com,Male,2006,Toyota,Solara,New York City,New York,10160,US,40.7808,-73.9772,85112,"Kohler, Feeney and Reilly",04/06/2024
623,Lark,Sutch,lsutchha@tiny.cc,Female,1995,Mitsubishi,Expo,New York City,New York,10039,US,40.8265,-73.9383,79436,Raynor-Wiegand,06/29/2023
624,Barthel,Warrillow,bwarrillowhb@reverbnation.com,Bigender,2005,Bentley,Continental,Cincinnati,Ohio,45296,US,39.1668,-84.5382,38683,Simonis-Weber,10/20/2025
625,Bordie,Aird,bairdhc@psu.edu,Male,2007,Porsche,Boxster,Washington,District of Columbia,20370,US,38.8933,-77.0146,40954,Borer Group,11/09/2025
626,Oswald,Eykelbosch,oeykelboschhd@bbc.co.uk,Male,2006,Mercedes-Benz,G55 AMG,Pasadena,Texas,77505,US,29.6518,-95.1464,86759,Pfeffer-Turner,06/06/2024
627,Cynthea,Jankiewicz,cjankiewiczhe@yahoo.com,Genderqueer,1992,Plymouth,Laser,Los Angeles,California,90050,US,33.7866,-118.2987,66239,Gusikowski-Wyman,10/15/2023
628,Tedd,Karpman,tkarpmanhf@miitbeian.gov.cn,Male,2003,Toyota,Sequoia,Jamaica,New York,11470,US,40.6914,-73.8061,51223,Waelchi Inc,03/18/2023
629,Sandie,Berntssen,sberntssenhg@wufoo.com,Female,1989,Mazda,929,Ogden,Utah,84409,US,41.2553,-111.9567,95965,Berge Inc,01/03/2024
630,Oswell,Drogan,odroganhh@npr.org,Male,1996,GMC,Yukon,Dallas,Texas,75241,US,32.6722,-96.7774,51076,"Zieme, Nader and Lynch",10/06/2022
631,Carine,Willgrass,cwillgrasshi@blog.com,Female,2004,Nissan,Frontier,Portsmouth,New Hampshire,00214,US,43.0059,-71.0132,34132,Gottlieb-Dooley,07/10/2023
632,Shelly,Lindell,slindellhj@opera.com,Female,2006,Hummer,H1,Saint Paul,Minnesota,55127,US,45.0803,-93.0875,70503,"Kunze, Kris and Lebsack",04/20/2022
633,Sonnie,Trenbey,strenbeyhk@nbcnews.com,Agender,2011,Toyota,Venza,Madison,Wisconsin,53726,US,43.0696,-89.4239,62304,Hoppe LLC,08/27/2022
634,Ruben,Phipp,rphipphl@youtube.com,Male,1998,Mazda,MX-5,El Paso,Texas,88514,US,31.6948,-106.3,31688,"Prosacco, Reilly and Stiedemann",05/08/2024
635,Eddie,Torn,etornhm@icq.com,Female,1987,Porsche,928,San Diego,California,92186,US,33.0169,-116.846,56821,Hagenes Group,05/04/2025
636,Louella,Goodburn,lgoodburnhn@webmd.com,Agender,2003,Chrysler,Concorde,Las Vegas,Nevada,89145,US,36.1693,-115.2828,50491,Harvey Inc,04/27/2025
637,Cynthie,Gauntley,cgauntleyho@wired.com,Female,1995,Holden,VS Commodore,Chandler,Arizona,85246,US,33.2765,-112.1872,31561,Gutkowski-Shields,02/02/2024
638,Oliviero,Hannabuss,ohannabusshp@histats.com,Male,2000,Mitsubishi,Eclipse,Colorado Springs,Colorado,80951,US,38.8881,-104.6556,73935,"McGlynn, Keeling and Sawayn",11/06/2025
639,Vergil,Gullyes,vgullyeshq@ifeng.com,Male,1989,Lincoln,Continental Mark VII,Detroit,Michigan,48232,US,42.2399,-83.1508,36739,Waters Inc,06/16/2023
640,Barbey,Schwandner,bschwandnerhr@comcast.net,Female,1992,Honda,Prelude,Washington,District of Columbia,20420,US,38.9035,-77.0276,85459,Lockman Group,10/17/2023
641,Clair,Loiterton,cloitertonhs@arstechnica.com,Male,1998,Toyota,Corolla,Boston,Massachusetts,02163,US,42.3253,-71.1122,58151,Dicki-Ortiz,11/17/2024
642,Akim,Tretwell,atretwellht@blog.com,Male,2008,Hummer,H3,Fresno,California,93726,US,36.7949,-119.7604,96607,Gulgowski LLC,08/16/2022
643,Wynne,Larmett,wlarmetthu@hubpages.com,Female,2010,Toyota,Prius,Austin,Texas,78732,US,30.3752,-97.9007,41395,"Zboncak, Bechtelar and Stamm",09/25/2024
644,Lorrin,Hebner,lhebnerhv@nsw.gov.au,Female,1988,Mazda,RX-7,Knoxville,Tennessee,37914,US,35.9918,-83.8496,96498,"Lesch, Schamberger and Cartwright",02/25/2025
645,Brigida,Lavarack,blavarackhw@google.ru,Female,2010,Ford,Flex,Pittsburgh,Pennsylvania,15255,US,40.4344,-80.0248,81175,"Schroeder, Franecki and Corkery",04/22/2025
646,Sibyl,Janoch,sjanochhx@telegraph.co.uk,Genderfluid,2006,BMW,M Roadster,Cincinnati,Ohio,45208,US,39.1361,-84.4355,51008,Schiller-Stiedemann,09/30/2023
647,Shela,Shearsby,sshearsbyhy@wp.com,Female,2003,Acura,TL,Chattanooga,Tennessee,37410,US,35.0018,-85.3138,64043,Bechtelar Inc,04/11/2025
648,Blaine,Witson,bwitsonhz@ocn.ne.jp,Male,1996,Oldsmobile,Cutlass Supreme,Annapolis,Maryland,21405,US,39.0305,-76.5515,73884,Schowalter Group,09/09/2022
649,Brianna,Joburn,bjoburni0@ucsd.edu,Female,1993,Porsche,968,Young America,Minnesota,55564,US,44.8055,-93.7665,90590,Weissnat-Quitzon,09/25/2022
650,Kathlin,Casbon,kcasboni1@about.com,Female,1994,Dodge,Ram Wagon B350,Fort Worth,Texas,76105,US,32.7233,-97.269,49278,Wiegand-Brakus,08/14/2025
651,Harwilll,Bramley,hbramleyi2@senate.gov,Male,2004,Volvo,XC70,Des Moines,Iowa,50362,US,41.6727,-93.5722,31714,"Bayer, Bins and Daniel",05/01/2022
652,Jeralee,Rawne,jrawnei3@topsy.com,Female,1973,Chevrolet,Monte Carlo,Boca Raton,Florida,33499,US,26.6459,-80.4303,89008,"Will, Johnson and Leffler",05/17/2022
653,Rochette,Rubroe,rrubroei4@nsw.gov.au,Female,1984,Pontiac,Parisienne,Fort Worth,Texas,76134,US,32.6469,-97.3325,99422,"Jacobs, Mayert and Shields",01/29/2026
654,Van,Depport,vdepporti5@xing.com,Male,1995,BMW,M3,Springfield,Illinois,62756,US,39.7495,-89.606,63344,"Cummings, Rohan and Bahringer",05/16/2024
655,Vittoria,Ferentz,vferentzi6@latimes.com,Female,2003,GMC,Envoy XL,Los Angeles,California,90020,US,34.0665,-118.3022,83680,"Quitzon, McClure and Greenfelder",05/25/2023
656,Alanna,Kobieriecki,akobierieckii7@zdnet.com,Female,1999,Buick,LeSabre,Baton Rouge,Louisiana,70883,US,30.5159,-91.0804,91228,"Feeney, Dibbert and Rau",04/14/2024
657,Findley,Andrini,fandrinii8@so-net.ne.jp,Male,2004,BMW,Z4,Fayetteville,North Carolina,28314,US,35.0583,-79.008,50578,"Wisoky, Kilback and Thompson",03/30/2023
658,Cherianne,Edelman,cedelmani9@examiner.com,Female,1992,Isuzu,Impulse,Washington,District of Columbia,20508,US,38.8933,-77.0146,51117,Schmeler-Ryan,12/23/2022
659,Arlina,Scone,asconeia@google.com.au,Genderqueer,1995,Jaguar,XJ Series,Lehigh Acres,Florida,33972,US,26.6492,-81.6167,77980,Grimes-DuBuque,11/13/2023
660,Malorie,Toohey,mtooheyib@eepurl.com,Female,1993,Mercury,Grand Marquis,Des Moines,Iowa,50330,US,41.6727,-93.5722,98661,Hartmann and Sons,06/21/2024
661,Luciano,Doorey,ldooreyic@dagondesign.com,Male,1984,Mazda,GLC,Kansas City,Missouri,64101,US,39.1024,-94.5986,32072,Simonis and Sons,05/23/2023
662,Korie,Moubray,kmoubrayid@t.co,Female,2000,Chevrolet,Astro,Trenton,New Jersey,08695,US,40.2805,-74.712,43841,Deckow-Kuvalis,01/07/2026
663,Ave,Ipsgrave,aipsgraveie@com.com,Male,2004,Dodge,Durango,New York City,New York,10099,US,40.7808,-73.9772,33009,Price LLC,05/07/2023
664,Myrah,Leckie,mleckieif@printfriendly.com,Female,1999,Suzuki,Grand Vitara,Wichita,Kansas,67205,US,37.7639,-97.4269,42247,"Deckow, Ferry and Hirthe",09/14/2022
665,Gerrie,Merill,gmerillig@noaa.gov,Female,2007,GMC,Envoy,Washington,District of Columbia,20535,US,38.8941,-77.0251,64266,"Pouros, Fay and Christiansen",10/27/2024
666,Teddi,Inker,tinkerih@hibu.com,Female,1950,Hillman,Minx Magnificent,Houston,Texas,77030,US,29.7041,-95.401,56644,Hegmann LLC,02/17/2023
667,Brandtr,Feron,bferonii@intel.com,Male,1987,Buick,LeSabre,Charleston,West Virginia,25362,US,38.2968,-81.5547,70131,Mueller LLC,08/31/2025
668,Willa,Hartop,whartopij@nih.gov,Female,2007,Lexus,LX,Dallas,Texas,75277,US,32.7673,-96.7776,98560,"Langosh, Heidenreich and Murray",03/08/2024
669,Alvie,Udy,audyik@yahoo.com,Male,2001,Chrysler,Prowler,Springfield,Missouri,65810,US,37.1136,-93.2896,78304,Lindgren-Lemke,09/12/2023
670,Garner,Plenderleith,gplenderleithil@upenn.edu,Male,2006,Honda,Insight,Spokane,Washington,99252,US,47.6536,-117.4317,94425,Lang-Fay,11/04/2025
671,Claudell,Petracco,cpetraccoim@jiathis.com,Male,2007,Toyota,Prius,Migrate,Kentucky,41905,US,38.0638,-84.5027,39084,Bergnaum Group,09/20/2025
672,Irvin,Stelfax,istelfaxin@imageshack.us,Male,1986,Volkswagen,Passat,Dallas,Texas,75226,US,32.7887,-96.7676,45571,"Herzog, Goldner and Renner",05/08/2023
673,Rozanne,Demead,rdemeadio@about.me,Female,2009,Jeep,Liberty,El Paso,Texas,79955,US,31.6948,-106.3,94479,Weber-Bartoletti,05/11/2022
674,Lyn,Giorio,lgiorioip@google.cn,Female,2006,Pontiac,Solstice,Harrisburg,Pennsylvania,17140,US,40.3086,-76.8464,32190,Hoeger-Flatley,02/05/2025
675,Pryce,Munroe,pmunroeiq@google.nl,Male,2007,Chevrolet,Cobalt,San Jose,California,95160,US,37.2187,-121.8601,65037,"Hackett, Friesen and Zemlak",08/29/2025
676,Vanya,Raggitt,vraggittir@pinterest.com,Male,2003,Toyota,Tacoma,Shawnee Mission,Kansas,66276,US,38.8999,-94.832,91701,"McDermott, Jerde and Osinski",05/24/2023
677,Waylen,Anstee,wansteeis@ft.com,Male,1996,Buick,Skylark,Winston Salem,North Carolina,27150,US,36.0275,-80.2073,58125,Treutel-Jacobi,05/05/2025
678,Dena,Poetz,dpoetzit@cargocollective.com,Female,1996,Chevrolet,Impala,Phoenix,Arizona,85010,US,33.2765,-112.1872,42968,Pollich-Ritchie,08/16/2024
679,Papageno,Pridden,ppriddeniu@blogspot.com,Male,1991,Pontiac,Grand Am,San Luis Obispo,California,93407,US,35.3471,-120.4553,84688,"Gutmann, Schumm and Kautzer",03/26/2024
680,Andros,Darch,adarchiv@webmd.com,Male,1994,Infiniti,Q,Sacramento,California,94207,US,38.3774,-121.4444,40209,"Heathcote, Veum and Davis",09/22/2023
681,Thorstein,Dall,tdalliw@loc.gov,Male,1996,Toyota,Previa,Warren,Michigan,48092,US,42.5125,-83.0643,87460,Witting LLC,11/01/2024
682,Andris,Mathis,amathisix@skype.com,Male,2009,Lexus,SC,Atlanta,Georgia,30358,US,33.9982,-84.3411,65422,Price LLC,07/28/2025
683,Desiri,Garrigan,dgarriganiy@miibeian.gov.cn,Genderqueer,1995,Lincoln,Town Car,Memphis,Tennessee,38104,US,35.1334,-90.0046,83851,"Lemke, Hudson and Gleichner",07/31/2024
684,Christophe,Ricca,criccaiz@tamu.edu,Male,2010,Suzuki,Grand Vitara,Tempe,Arizona,85284,US,33.3363,-111.9197,71489,Heaney and Sons,12/01/2022
685,Calhoun,Lindenboim,clindenboimj0@mac.com,Male,2011,Mazda,Mazda2,Springfield,Illinois,62764,US,39.7495,-89.606,93148,"Metz, Waelchi and Casper",10/12/2024
686,Melisent,O'Hanley,mohanleyj1@wunderground.com,Bigender,2009,BMW,Z4 M,Fargo,North Dakota,58122,US,46.9346,-97.2297,64191,Brown-Von,12/01/2022
687,Niel,Zelley,nzelleyj2@economist.com,Male,2010,Chevrolet,Silverado 2500,San Francisco,California,94142,US,37.7848,-122.7278,62619,Brakus-Schultz,12/19/2024
688,Deirdre,Covotti,dcovottij3@elegantthemes.com,Female,2005,Chrysler,300C,Portland,Oregon,97229,US,45.5483,-122.8276,33617,Wunsch-Huels,08/02/2022
689,Bennie,Grindrod,bgrindrodj4@sciencedaily.com,Male,2005,Volkswagen,New Beetle,Albuquerque,New Mexico,87195,US,35.0443,-106.6729,45674,"Wyman, Kling and Schuster",07/21/2023
690,Sada,Caesman,scaesmanj5@mozilla.com,Female,2004,Kia,Spectra,North Las Vegas,Nevada,89087,US,36.2204,-115.1458,52759,Swaniawski-Maggio,05/26/2022
691,Jakob,Zettoi,jzettoij6@is.gd,Male,2009,GMC,Savana,Orlando,Florida,32808,US,28.5803,-81.4396,89918,Aufderhar Inc,01/06/2023
692,Kerri,Reavell,kreavellj7@ifeng.com,Female,2004,Mercedes-Benz,E-Class,Oakland,California,94605,US,37.7641,-122.1633,77000,"Skiles, Jacobs and Fahey",07/08/2023
693,Vale,Tomashov,vtomashovj8@joomla.org,Female,2002,Chrysler,Concorde,Colorado Springs,Colorado,80910,US,38.8152,-104.7703,61734,Heidenreich-Kessler,10/22/2025
694,Mal,Seggie,mseggiej9@prnewswire.com,Male,2005,BMW,525,Huntsville,Alabama,35810,US,34.7784,-86.6091,41208,Cormier LLC,03/30/2022
695,Celestine,Gowling,cgowlingja@apple.com,Female,1985,Honda,CR-X,Greensboro,North Carolina,27415,US,36.0807,-80.0244,47939,White-Johnston,12/20/2023
696,Jsandye,Hauch,jhauchjb@geocities.jp,Female,2009,Mercury,Milan,Lincoln,Nebraska,68583,US,40.7845,-96.6888,67827,Balistreri LLC,04/20/2023
697,Xylia,Bodsworth,xbodsworthjc@dot.gov,Female,2008,Chevrolet,Avalanche,Santa Ana,California,92725,US,33.7465,-117.8662,39843,"Kris, Witting and Reichel",10/16/2022
698,Petra,Vanyushin,pvanyushinjd@php.net,Female,2009,Nissan,350Z,Rochester,New York,14624,US,43.1216,-77.7311,86384,Hoppe Inc,02/14/2025
699,Danette,Shardlow,dshardlowje@pagesperso-orange.fr,Genderfluid,1986,Volkswagen,Scirocco,Canton,Ohio,44710,US,40.7911,-81.4169,95556,"Jacobson, Welch and Morar",06/10/2022
700,Berti,Parrish,bparrishjf@biblegateway.com,Female,2010,Scion,xD,Chicago,Illinois,60646,US,41.993,-87.7596,48295,"Ritchie, Beahan and Hahn",02/25/2024
701,Rozella,Flower,rflowerjg@edublogs.org,Female,1994,Eagle,Talon,El Paso,Texas,88546,US,31.6948,-106.3,52791,"Tromp, Lesch and Bradtke",12/17/2025
702,Boot,Mehmet,bmehmetjh@tmall.com,Male,2004,Hummer,H1,San Diego,California,92186,US,33.0169,-116.846,74186,"Tremblay, Feil and Bernhard",03/14/2023
703,Baron,Griffen,bgriffenji@house.gov,Male,2009,Bentley,Brooklands,Albany,New York,12222,US,42.6853,-73.8253,32211,"Haag, Mayer and Parker",07/15/2025
704,Janie,Fawloe,jfawloejj@tumblr.com,Bigender,1991,Mitsubishi,Chariot,San Jose,California,95133,US,37.3729,-121.856,35833,Miller Group,08/24/2023
705,Julienne,Petris,jpetrisjk@issuu.com,Female,2000,Nissan,Quest,Arlington,Texas,76096,US,32.7714,-97.2915,52891,O'Connell Group,05/09/2025
706,Tessi,Elphee,telpheejl@usgs.gov,Female,1998,GMC,Savana 1500,Mobile,Alabama,36610,US,30.7309,-88.0789,51502,Kozey-Kreiger,01/09/2024
707,Kristel,Maud,kmaudjm@is.gd,Female,2006,Chrysler,Crossfire,Anchorage,Alaska,99512,US,61.204,-149.8084,38386,Powlowski-Stroman,07/19/2022
708,Windham,Bramwell,wbramwelljn@wiley.com,Agender,1989,Plymouth,Laser,Oklahoma City,Oklahoma,73152,US,35.5514,-97.4075,63695,"Schiller, Emmerich and Reichel",07/30/2022
709,Juditha,Caddan,jcaddanjo@umn.edu,Female,1999,Dodge,Ram 1500,Visalia,California,93291,US,36.3551,-119.301,80109,Armstrong Group,10/16/2023
710,Esta,Walker,ewalkerjp@indiegogo.com,Female,1994,Mazda,MPV,Phoenix,Arizona,85020,US,33.5623,-112.0559,41177,Greenholt-Marvin,03/23/2023
711,Prince,Quincee,pquinceejq@ow.ly,Male,2000,Chevrolet,Monte Carlo,Charlotte,North Carolina,28272,US,35.26,-80.8042,87736,Ortiz-Strosin,05/07/2025
712,Jacky,Yukhnev,jyukhnevjr@usa.gov,Male,1973,Chevrolet,Monte Carlo,Saint Petersburg,Florida,33737,US,27.8918,-82.7248,45787,"Hoeger, Torphy and Bernier",02/10/2022
713,Raff,Haswell,rhaswelljs@amazon.co.jp,Genderqueer,1994,Honda,Passport,Grand Rapids,Michigan,49544,US,43.0073,-85.7255,35772,Rempel Group,05/17/2022
714,Cam,Scargill,cscargilljt@economist.com,Female,2004,Pontiac,Montana,San Antonio,Texas,78235,US,29.3494,-98.4422,70998,Koelpin and Sons,05/07/2025
715,Tito,Glencross,tglencrossju@symantec.com,Male,1996,Toyota,T100,Chandler,Arizona,85246,US,33.2765,-112.1872,85083,Buckridge and Sons,11/30/2025
716,Kit,Dougary,kdougaryjv@omniture.com,Male,1993,Mitsubishi,RVR,Decatur,Illinois,62525,US,39.854,-88.9815,98091,Beatty LLC,09/08/2024
717,Dallon,Sprakes,dsprakesjw@simplemachines.org,Male,1996,Volkswagen,Golf,Bradenton,Florida,34282,US,27.4272,-82.4387,49677,Kunde-Jones,10/02/2023
718,Archambault,Fass,afassjx@google.de,Male,2008,Hyundai,Veracruz,Missoula,Montana,59806,US,47.116,-114.0498,72640,Trantow-Reichert,06/30/2024
719,Belinda,Lusty,blustyjy@addtoany.com,Female,1998,Kia,Sportage,New York City,New York,10131,US,40.7808,-73.9772,71510,Kunze Inc,12/24/2025
720,Marian,Edens,medensjz@constantcontact.com,Female,1997,Ford,Escort,Providence,Rhode Island,02905,US,41.7845,-71.3959,46419,Medhurst Group,11/16/2025
721,Yard,Giacoppo,ygiacoppok0@squarespace.com,Genderqueer,1992,Honda,Prelude,West Palm Beach,Florida,33416,US,26.6654,-80.0929,50731,Wiegand LLC,02/21/2022
722,Sheree,Bramwich,sbramwichk1@reuters.com,Female,2002,Infiniti,I,Baton Rouge,Louisiana,70810,US,30.3633,-91.0919,99737,"Thiel, Huels and Leffler",11/06/2022
723,Bartholemy,Kohlerman,bkohlermank2@simplemachines.org,Male,2001,Mazda,MX-5,Camden,New Jersey,08104,US,39.9186,-75.1078,49281,Stark Group,06/06/2022
724,Munroe,Billes,mbillesk3@smh.com.au,Bigender,2003,Chevrolet,Corvette,Baltimore,Maryland,21229,US,39.2856,-76.6899,95857,"Ward, Kozey and Bogisich",09/24/2023
725,Sigismondo,Back,sbackk4@wiley.com,Male,2004,Mazda,B-Series,Lynn,Massachusetts,01905,US,42.4694,-70.9728,82560,"Morar, Paucek and Kovacek",06/22/2024
726,Tawsha,Isenor,tisenork5@samsung.com,Bigender,1999,Dodge,Neon,Dallas,Texas,75397,US,32.7673,-96.7776,70192,Spinka-Doyle,08/23/2025
727,Abie,Maton,amatonk6@microsoft.com,Male,2005,Chrysler,Crossfire,Amarillo,Texas,79182,US,35.4015,-101.8951,60191,"DuBuque, Marks and Carroll",11/14/2022
728,Kelvin,Capeloff,kcapeloffk7@npr.org,Male,1994,Acura,Integra,Brooklyn,New York,11205,US,40.6924,-73.9666,95084,Ernser-Koss,01/25/2025
729,Jarret,Kivelle,jkivellek8@mac.com,Male,1998,Ford,Econoline E250,Saint Paul,Minnesota,55127,US,45.0803,-93.0875,59849,Satterfield Inc,10/02/2022
730,Sheffield,Allner,sallnerk9@google.co.uk,Male,2011,Lincoln,MKX,Tacoma,Washington,98447,US,47.1441,-122.4434,43794,Gorczany Group,11/24/2023
731,Dallas,Rudman,drudmanka@arizona.edu,Male,1993,Ford,Crown Victoria,San Antonio,Texas,78250,US,29.5054,-98.6688,40668,"Gleichner, Barton and Durgan",08/19/2023
732,Hedvig,Olivetti,holivettikb@oaic.gov.au,Female,2007,Chevrolet,Colorado,Saint Louis,Missouri,63104,US,38.6128,-90.2185,47224,"Ledner, Luettgen and Weber",09/09/2023
733,Zebadiah,Keyzman,zkeyzmankc@soup.io,Male,2005,Buick,Century,Pasadena,Texas,77505,US,29.6518,-95.1464,51615,Collier LLC,06/01/2022
734,Arnie,Bullant,abullantkd@vistaprint.com,Male,2008,Ford,E350,New York City,New York,10014,US,40.7339,-74.0054,61310,"Daniel, Schultz and Smith",09/02/2024
735,Karlene,Maleham,kmalehamke@360.cn,Female,2008,Aston Martin,DB9,Waco,Texas,76705,US,31.6403,-97.0963,41107,O'Reilly-Cummerata,10/31/2023
736,Jerrilyn,Gee,jgeekf@soup.io,Female,1992,Volkswagen,Jetta,Salem,Oregon,97306,US,44.8685,-123.0438,49201,Boehm-Parker,04/01/2022
737,Franni,Evelyn,fevelynkg@eventbrite.com,Female,2000,Land Rover,Range Rover,Topeka,Kansas,66629,US,39.0429,-95.7697,80340,Cartwright and Sons,08/22/2024
738,Hertha,Sturgeon,hsturgeonkh@statcounter.com,Female,1999,Hyundai,Elantra,Huntington,West Virginia,25716,US,38.4134,-82.2774,32251,"Boehm, Stamm and Ortiz",12/15/2023
739,Trstram,Delacote,tdelacoteki@icq.com,Male,1993,Cadillac,DeVille,El Paso,Texas,79950,US,31.6948,-106.3,36457,Kuvalis-Robel,03/15/2022
740,Howie,Immins,himminskj@icq.com,Male,2011,Ford,F350,Irving,Texas,75062,US,32.8479,-96.974,98046,"Fadel, Walsh and Kilback",04/11/2024
741,Yolanthe,Tipper,ytipperkk@youtu.be,Female,1996,Chevrolet,Camaro,Norfolk,Virginia,23504,US,36.8586,-76.2686,39462,"O'Hara, Hermiston and Barrows",04/01/2025
742,Maye,Genney,mgenneykl@noaa.gov,Female,2001,Jeep,Wrangler,El Paso,Texas,88541,US,31.6948,-106.3,45297,O'Keefe-White,04/09/2022
743,Deerdre,Meah,dmeahkm@theguardian.com,Female,2005,Mazda,MX-5,Naples,Florida,33961,US,26.045,-81.6669,61719,"Murphy, Nikolaus and Greenfelder",08/21/2023
744,Nessi,Satch,nsatchkn@mail.ru,Female,1976,Volkswagen,Golf,Evansville,Indiana,47719,US,37.9971,-87.575,72085,Marquardt-Padberg,08/11/2025
745,Tuck,Trehearne,ttrehearneko@upenn.edu,Male,1996,Mitsubishi,Truck,Pompano Beach,Florida,33069,US,26.2288,-80.1635,59952,"Nikolaus, Keebler and Hickle",07/21/2022
746,Nappie,Tonsley,ntonsleykp@sbwire.com,Male,2001,Dodge,Caravan,Arlington,Virginia,22205,US,38.8836,-77.1395,99232,Witting-Mante,10/14/2024
747,Clio,Gorcke,cgorckekq@ucoz.ru,Genderfluid,1993,Volkswagen,Corrado,Indianapolis,Indiana,46231,US,39.7038,-86.3029,47129,Glover-Lakin,06/13/2022
748,Nobie,Semrad,nsemradkr@istockphoto.com,Male,1998,Mercury,Grand Marquis,Asheville,North Carolina,28815,US,35.6203,-82.5286,93462,Romaguera Group,12/23/2022
749,Wyatt,Rakes,wrakesks@purevolume.com,Male,1999,Toyota,Sienna,New York City,New York,10292,US,40.7808,-73.9772,79475,"Bernhard, Hahn and McDermott",07/24/2023
750,Devon,Garter,dgarterkt@php.net,Female,1999,Mercury,Cougar,Sarasota,Florida,34276,US,27.1675,-82.381,30388,Pfannerstill Group,10/21/2022
751,Shalne,Gouldthorpe,sgouldthorpeku@theglobeandmail.com,Female,1997,Cadillac,Seville,Oklahoma City,Oklahoma,73152,US,35.5514,-97.4075,59040,Erdman-Muller,10/20/2024
752,Vickie,Bodley,vbodleykv@symantec.com,Female,1997,Jeep,Grand Cherokee,New York City,New York,10029,US,40.7918,-73.9448,53972,"Rempel, Bergnaum and Kihn",10/17/2023
753,Sigmund,Scrase,sscrasekw@shareasale.com,Male,1994,Ford,Bronco,Des Moines,Iowa,50936,US,41.6727,-93.5722,52485,"Medhurst, Gerlach and MacGyver",02/11/2023
754,Belinda,Pagett,bpagettkx@unicef.org,Female,2010,Porsche,Boxster,Long Beach,California,90805,US,33.8635,-118.1801,67699,"Stoltenberg, Tremblay and McKenzie",12/05/2024
755,Heloise,McGeorge,hmcgeorgeky@artisteer.com,Female,1992,Audi,Quattro,El Paso,Texas,79923,US,31.6948,-106.3,99767,"Balistreri, Cassin and Kovacek",02/09/2022
756,Cale,Errey,cerreykz@privacy.gov.au,Male,1995,Mitsubishi,Galant,Sacramento,California,94257,US,38.3774,-121.4444,89440,Johns LLC,11/24/2023
757,Lishe,Whistlecroft,lwhistlecroftl0@blogs.com,Female,2005,Dodge,Durango,Idaho Falls,Idaho,83405,US,43.3233,-111.7822,65273,"Raynor, Daniel and Leuschke",09/02/2023
758,Lorry,Glayzer,lglayzerl1@craigslist.org,Male,1994,Pontiac,Trans Sport,Little Rock,Arkansas,72231,US,34.8019,-92.1894,72264,Johnson Inc,06/22/2024
759,Frederique,Boniface,fbonifacel2@163.com,Female,1999,Dodge,Caravan,Watertown,Massachusetts,02472,US,42.37,-71.1773,32520,Koelpin Group,07/16/2022
760,Zerk,Vernham,zvernhaml3@clickbank.net,Male,2009,Jaguar,XK,El Paso,Texas,79950,US,31.6948,-106.3,44588,Frami Group,07/14/2023
761,Annabella,Antoshin,aantoshinl4@mapy.cz,Female,1999,Chrysler,Cirrus,Irvine,California,92710,US,33.7074,-117.8403,83373,Bruen Group,04/12/2025
762,Feliza,Clementel,fclementell5@shop-pro.jp,Female,2006,Chevrolet,Uplander,Atlanta,Georgia,30386,US,33.8444,-84.474,56331,"Lynch, Adams and Muller",01/14/2024
763,Basilio,Inde,bindel6@i2i.jp,Male,2002,Mazda,626,Riverside,California,92513,US,33.7529,-116.0556,86048,"Rosenbaum, Dooley and Steuber",03/27/2024
764,Kirsti,Geffcock,kgeffcockl7@pen.io,Female,2000,Toyota,Camry,Miami,Florida,33261,US,25.5584,-80.4582,55895,"Bins, Skiles and Johns",07/02/2025
765,Sander,Float,sfloatl8@netscape.com,Male,1996,Buick,LeSabre,San Antonio,Texas,78240,US,29.5189,-98.6006,81185,"Bednar, Nader and Lemke",09/01/2022
766,Reginauld,Baldree,rbaldreel9@discovery.com,Male,2008,Saab,9-5,Jacksonville,Florida,32204,US,30.3189,-81.6854,69367,Maggio-Labadie,06/28/2025
767,Shena,Hesse,shessela@apache.org,Female,1996,GMC,Savana 3500,Washington,District of Columbia,20226,US,38.8933,-77.0146,88921,Goldner and Sons,05/21/2022
768,Nona,Simla,nsimlalb@people.com.cn,Female,1994,Honda,Prelude,Wichita,Kansas,67210,US,37.6379,-97.2613,70400,"Schamberger, Abernathy and Christiansen",03/27/2022
769,Chandler,Dignall,cdignalllc@ebay.co.uk,Male,2005,Kia,Sorento,Jacksonville,Florida,32220,US,30.329,-81.8176,51406,Lemke Group,02/16/2022
770,Marsh,Rentz,mrentzld@nydailynews.com,Male,1989,Mercury,Sable,Dayton,Ohio,45419,US,39.7155,-84.1637,95527,"Bruen, Rolfson and Reichel",08/15/2022
771,Hermia,Rappaport,hrappaportle@senate.gov,Female,1995,Volkswagen,Jetta III,Long Beach,California,90810,US,33.8193,-118.2325,91749,Cummings Group,05/31/2022
772,Jan,Greydon,jgreydonlf@wp.com,Male,1999,Volkswagen,Jetta,Austin,Texas,78783,US,30.3264,-97.7713,39723,Zboncak LLC,12/20/2025
773,Diena,Brierly,dbrierlylg@chron.com,Female,2011,Acura,RDX,Los Angeles,California,90065,US,34.1073,-118.2266,51349,"Nolan, Goldner and Parisian",12/21/2024
774,Giffard,Prudence,gprudencelh@vk.com,Male,2002,Mazda,Millenia,Saint Louis,Missouri,63169,US,38.6531,-90.2435,45850,Boyle LLC,05/18/2022
775,Emalee,Wegener,ewegenerli@drupal.org,Polygender,2006,Mercury,Monterey,Boulder,Colorado,80310,US,40.0878,-105.3735,51474,"Goodwin, Kub and Schaden",01/11/2025
776,Jorie,Pauling,jpaulinglj@blogspot.com,Female,1997,Chrysler,LHS,Brockton,Massachusetts,02405,US,41.9705,-70.7014,45423,Bogan and Sons,01/08/2023
777,Debera,Keating,dkeatinglk@google.com.hk,Female,2006,Volvo,XC70,Longview,Texas,75605,US,32.5547,-94.7767,62212,Heaney Inc,11/19/2023
778,Jean,Lambe,jlambell@wix.com,Female,2001,Volvo,S40,Columbia,South Carolina,29208,US,33.9937,-81.0199,53544,Champlin-Runolfsdottir,11/30/2025
779,Dav,Brumwell,dbrumwelllm@hostgator.com,Male,2007,BMW,M5,Washington,District of Columbia,20046,US,38.8933,-77.0146,54663,Batz LLC,05/19/2025
780,Gradey,Bedson,gbedsonln@eepurl.com,Male,2008,Audi,A4,Houston,Texas,77090,US,30.0167,-95.447,63080,"Johns, Heller and Jast",09/14/2025
781,Joseito,Swales,jswaleslo@aol.com,Male,1996,Isuzu,Rodeo,Orlando,Florida,32830,US,28.3822,-81.569,60144,"Little, Bogan and Hoeger",07/22/2023
782,Serene,Ellaway,sellawaylp@rakuten.co.jp,Female,2003,Lincoln,Blackwood,New York City,New York,10275,US,40.7808,-73.9772,54674,Bergstrom Group,07/04/2025
783,Oates,Goseling,ogoselinglq@rediff.com,Male,2011,Lincoln,MKX,Daytona Beach,Florida,32128,US,29.0838,-81.0336,76348,"Johnston, Mills and Hayes",03/01/2023
784,Ina,Mallen,imallenlr@facebook.com,Female,1998,Toyota,Celica,Dallas,Texas,75231,US,32.8756,-96.7495,88082,"Dibbert, Muller and Feest",08/14/2022
785,Lydia,Dixson,ldixsonls@amazon.com,Female,1997,Hummer,H1,Saint Louis,Missouri,63104,US,38.6128,-90.2185,43226,Heaney-Morar,11/18/2025
786,Enrico,McIlrath,emcilrathlt@patch.com,Male,2005,Chevrolet,Colorado,Miami,Florida,33261,US,25.5584,-80.4582,80546,"Lehner, Harvey and Denesik",03/22/2023
787,Maxy,Linnemann,mlinnemannlu@thetimes.co.uk,Male,2011,Chevrolet,Suburban 2500,Albany,New York,12262,US,42.6149,-73.9708,50729,Hauck-Mante,01/19/2023
788,Libbi,Moreton,lmoretonlv@hexun.com,Genderfluid,2009,Audi,A6,Spartanburg,South Carolina,29319,US,34.8882,-81.969,63458,Beahan and Sons,04/19/2024
789,Madlin,Rees,mreeslw@technorati.com,Female,2006,Pontiac,Montana,Aurora,Illinois,60505,US,41.7582,-88.2971,83450,"Gottlieb, Schamberger and Carter",01/17/2025
790,Edithe,Lakeman,elakemanlx@flavors.me,Female,2011,Acura,TL,San Jose,California,95173,US,37.3352,-121.8938,88442,Hirthe and Sons,12/20/2022
791,Zebedee,Bestwick,zbestwickly@pcworld.com,Male,2007,Chevrolet,Equinox,Midland,Texas,79705,US,32.0295,-102.0915,96641,"Kutch, Walsh and Kuhic",10/24/2024
792,Auberon,Okker,aokkerlz@lulu.com,Male,2008,Volvo,C30,Lancaster,Pennsylvania,17605,US,40.0185,-76.2976,38549,"Buckridge, Purdy and Cruickshank",01/01/2024
793,Fredric,Alanbrooke,falanbrookem0@spotify.com,Male,1972,Chevrolet,Camaro,Houston,Texas,77025,US,29.6889,-95.4341,64127,Homenick and Sons,05/04/2022
794,Stacy,Chatel,schatelm1@java.com,Male,1997,Toyota,Supra,Los Angeles,California,90005,US,34.0585,-118.3012,81168,"Emmerich, Nader and Prosacco",07/17/2022
795,Clemente,Clinning,cclinningm2@sciencedirect.com,Male,2002,Lincoln,Town Car,Paterson,New Jersey,07522,US,40.9252,-74.1781,47135,Ward and Sons,01/07/2024
796,Rowen,Orritt,rorrittm3@google.de,Male,2008,Toyota,FJ Cruiser,Sacramento,California,95865,US,38.596,-121.3978,30674,"Rippin, Daugherty and Fisher",05/11/2025
797,Lucho,Bezant,lbezantm4@si.edu,Male,1992,Buick,Roadmaster,El Paso,Texas,88558,US,31.6948,-106.3,63760,Bailey Inc,06/17/2022
798,Otis,Sawforde,osawfordem5@goodreads.com,Male,1999,Volkswagen,Golf,Charlotte,North Carolina,28220,US,35.26,-80.8042,83054,Stroman-Runte,07/30/2025
799,Audie,Goldsack,agoldsackm6@arstechnica.com,Female,2000,GMC,Safari,New Haven,Connecticut,06538,US,41.3657,-72.9275,48809,"Auer, Murazik and Greenfelder",04/20/2024
800,Kale,Gravenall,kgravenallm7@whitehouse.gov,Male,1998,Eagle,Talon,Idaho Falls,Idaho,83405,US,43.3233,-111.7822,73013,"Gleichner, Stark and Crooks",07/18/2024
801,Kimmy,Moncrieffe,kmoncrieffem8@dropbox.com,Female,2003,Mazda,MPV,Fort Worth,Texas,76162,US,32.7714,-97.2915,54652,Roob and Sons,03/11/2023
802,Darsey,Grunder,dgrunderm9@bbb.org,Female,1992,Mazda,Navajo,Toledo,Ohio,43610,US,41.6767,-83.5573,77780,Reinger and Sons,05/22/2024
803,Chariot,Marks,cmarksma@clickbank.net,Male,1999,Hyundai,Elantra,Clearwater,Florida,34620,US,27.9139,-82.7157,61108,"Fahey, Upton and Roob",01/02/2023
804,Dean,Southwell,dsouthwellmb@drupal.org,Male,2012,Audi,A6,Houston,Texas,77025,US,29.6889,-95.4341,34177,"Effertz, McGlynn and Mayer",06/02/2024
805,Marysa,Sinson,msinsonmc@miibeian.gov.cn,Female,2011,Infiniti,G37,Dallas,Texas,75251,US,32.9189,-96.7751,75001,Trantow-Bernier,03/25/2022
806,Alyse,Sconce,asconcemd@dedecms.com,Non-binary,1997,Chrysler,Concorde,Saint Petersburg,Florida,33715,US,27.6705,-82.7119,91785,Hartmann and Sons,03/12/2025
807,Emmy,Seeler,eseelerme@apple.com,Male,2009,Kia,Borrego,Minneapolis,Minnesota,55480,US,45.0159,-93.4719,32123,Metz Inc,06/05/2023
808,Erskine,Burgisi,eburgisimf@ibm.com,Agender,2002,Subaru,Impreza,Carlsbad,California,92013,US,33.0169,-116.846,70161,"Jenkins, Emmerich and Tromp",04/15/2022
809,Aloin,Botler,abotlermg@eventbrite.com,Male,2002,Volkswagen,rio,Jamaica,New York,11447,US,40.6914,-73.8061,79179,Balistreri-Russel,01/13/2024
810,Tonye,Bangs,tbangsmh@abc.net.au,Female,2008,Ford,Crown Victoria,Greensboro,North Carolina,27425,US,36.0807,-80.0244,57130,Stamm-Kreiger,08/18/2023
811,Hiram,Huffer,hhuffermi@ifeng.com,Male,2001,Porsche,911,Fort Lauderdale,Florida,33336,US,26.1219,-80.1436,38718,Mann and Sons,08/20/2022
812,Alexandre,Groundwator,agroundwatormj@zimbio.com,Male,2004,Ford,Crown Victoria,West Palm Beach,Florida,33411,US,26.6644,-80.1741,68007,Lueilwitz-Murazik,06/24/2025
813,Ida,Padilla,ipadillamk@imgur.com,Female,2008,Ford,F-Series,Washington,District of Columbia,20231,US,38.8933,-77.0146,84210,Bechtelar-Kihn,01/07/2025
814,Mandi,Gaishson,mgaishsonml@army.mil,Genderqueer,1984,Ford,Mustang,Richmond,Virginia,23293,US,37.5242,-77.4932,67078,Homenick-Rippin,02/22/2024
815,Prinz,Meritt,pmerittmm@statcounter.com,Male,1999,Dodge,Ram 1500,Buffalo,New York,14233,US,42.7684,-78.8871,67348,Strosin-Kris,04/04/2024
816,Godwin,Cromly,gcromlymn@nba.com,Male,1998,Lincoln,Town Car,Greensboro,North Carolina,27404,US,36.0807,-80.0244,81755,"O'Keefe, Yundt and Lehner",10/29/2024
817,Courtnay,Garwood,cgarwoodmo@sphinn.com,Female,2010,Chevrolet,Suburban,Honolulu,Hawaii,96820,US,21.351,-157.8795,30734,Sporer-Erdman,07/11/2024
818,Price,Paige,ppaigemp@flickr.com,Male,1996,Isuzu,Trooper,Los Angeles,California,90101,US,33.7866,-118.2987,66123,Kuhlman LLC,10/02/2023
819,Vikki,Rouse,vrousemq@latimes.com,Female,2009,Ford,Explorer Sport Trac,New York City,New York,10165,US,40.7524,-73.9791,69381,Quitzon-Rolfson,04/15/2024
820,Alexandre,Steptoe,asteptoemr@seattletimes.com,Male,2010,Land Rover,Discovery,Houston,Texas,77201,US,29.834,-95.4342,31667,Nikolaus Inc,12/08/2024
821,Loretta,Death,ldeathms@nature.com,Female,1996,Chrysler,Sebring,Greensboro,North Carolina,27415,US,36.0807,-80.0244,53476,"Muller, Mills and Sporer",01/17/2023
822,Samara,Egginson,segginsonmt@apache.org,Female,2002,Volkswagen,Cabriolet,Saint Petersburg,Florida,33705,US,27.7391,-82.6435,60701,Abernathy-Willms,11/24/2025
823,Dean,Imlen,dimlenmu@instagram.com,Male,1985,Subaru,Leone,Cumming,Georgia,30130,US,34.2216,-84.1537,75453,Brakus-Fritsch,07/05/2024
824,Timmy,Johannes,tjohannesmv@smh.com.au,Female,1996,Suzuki,Sidekick,Baltimore,Maryland,21203,US,39.2847,-76.6205,92846,"Luettgen, Ondricka and Jacobi",02/09/2024
825,Yankee,Bussy,ybussymw@netlog.com,Male,2002,GMC,Envoy,Waltham,Massachusetts,02453,US,42.3654,-71.2316,72678,Fritsch Group,08/29/2025
826,Carol,Fricker,cfrickermx@paypal.com,Female,1993,Mazda,929,San Diego,California,92153,US,33.0169,-116.846,85137,Hoppe-Swift,07/31/2022
827,Marlowe,Fehner,mfehnermy@google.com.hk,Male,1989,Volkswagen,Cabriolet,Port Washington,New York,11054,US,40.7548,-73.6018,36160,Barton-Hills,06/05/2024
828,Saree,Vivien,svivienmz@imageshack.us,Female,2007,BMW,Z4 M,Oklahoma City,Oklahoma,73104,US,35.4794,-97.5017,84341,Reilly Inc,04/06/2024
829,Amalie,Crown,acrownn0@cam.ac.uk,Female,2011,Subaru,Impreza,Indianapolis,Indiana,46295,US,39.7795,-86.1328,91436,Daugherty-Walsh,07/31/2022
830,Danny,Bukac,dbukacn1@is.gd,Female,2000,Isuzu,Hombre,Fort Wayne,Indiana,46857,US,41.0938,-85.0707,90895,Russel-Shanahan,09/02/2025
831,Davidson,Mc Ilory,dmciloryn2@redcross.org,Male,2012,Audi,Q5,Saint Petersburg,Florida,33737,US,27.8918,-82.7248,83622,Cassin-Crist,06/19/2025
832,Ermin,Simenot,esimenotn3@mapquest.com,Male,2009,Bentley,Continental Flying Spur,Detroit,Michigan,48206,US,42.3749,-83.1087,88803,Hackett-Kautzer,12/11/2023
833,Sunny,Madner,smadnern4@ehow.com,Female,1989,Maserati,228,Bryan,Texas,77806,US,30.6521,-96.341,78126,"Friesen, Dare and Herman",07/08/2024
834,Dyana,Crennan,dcrennann5@jigsy.com,Female,1998,Subaru,Forester,Shreveport,Louisiana,71105,US,32.4589,-93.7143,33174,Zieme and Sons,08/25/2022
835,Nickie,Du Hamel,nduhameln6@pagesperso-orange.fr,Female,2006,GMC,Sierra 3500HD,Toledo,Ohio,43656,US,41.6782,-83.4972,86175,"Leannon, Braun and Beatty",09/20/2023
836,Winthrop,De Domenico,wdedomenicon7@reddit.com,Male,1993,Ford,Bronco,Lincoln,Nebraska,68505,US,40.8247,-96.6252,94773,Wilderman-D'Amore,02/15/2024
837,Shoshanna,Harmant,sharmantn8@barnesandnoble.com,Female,2000,Volkswagen,New Beetle,Mobile,Alabama,36622,US,30.6589,-88.178,32546,Satterfield-Halvorson,07/30/2025
838,Brenn,Ludlamme,bludlammen9@google.ru,Female,2005,Hyundai,Accent,Brea,California,92822,US,33.9187,-117.8892,51615,"Kreiger, Dach and Ernser",11/05/2024
839,Grantham,Sawell,gsawellna@ycombinator.com,Male,1993,Ford,Explorer,Knoxville,Tennessee,37939,US,35.9901,-83.9622,30714,Osinski LLC,09/11/2023
840,Ashien,Clayworth,aclayworthnb@prnewswire.com,Female,2010,Jeep,Commander,Charlotte,North Carolina,28289,US,35.26,-80.8042,54064,Schiller and Sons,07/16/2024
841,Rosina,Bonde,rbondenc@ucsd.edu,Female,2012,Nissan,370Z,Columbia,South Carolina,29215,US,34.006,-80.9708,33348,"Batz, Kautzer and Stark",05/08/2024
842,Emmalee,Furmagier,efurmagiernd@1und1.de,Female,2012,Maybach,57,Whittier,California,90605,US,33.9413,-118.0356,89288,Hills-Dach,01/02/2023
843,Cosmo,Tobias,ctobiasne@xrea.com,Male,2006,Nissan,Titan,Colorado Springs,Colorado,80905,US,38.8377,-104.837,96079,"Lesch, Leuschke and Marquardt",01/09/2026
844,Dwight,Kunisch,dkunischnf@google.co.uk,Male,1997,Mercury,Tracer,Las Vegas,Nevada,89115,US,36.2158,-115.0671,71087,"Stanton, Schroeder and Champlin",05/23/2025
845,Erminie,Mussolini,emussolining@redcross.org,Female,1984,Mazda,GLC,Boston,Massachusetts,02114,US,42.3611,-71.0682,52215,"Stokes, King and Flatley",01/12/2025
846,Ronica,Leist,rleistnh@thetimes.co.uk,Female,2012,Cadillac,Escalade,Abilene,Texas,79605,US,32.432,-99.7724,71839,"Sauer, Fahey and Bartell",06/29/2023
847,Chrysler,Fleg,cflegni@unicef.org,Female,2003,Hyundai,Tiburon,Phoenix,Arizona,85077,US,33.2765,-112.1872,96089,Bahringer and Sons,02/22/2024
848,Katuscha,Munson,kmunsonnj@skyrock.com,Female,2005,GMC,Savana 2500,Charlotte,North Carolina,28220,US,35.26,-80.8042,71943,Sawayn-Kris,07/12/2024
849,Orsa,Dominelli,odominellink@barnesandnoble.com,Female,2005,BMW,Z4,Lexington,Kentucky,40586,US,38.0283,-84.4715,89217,Rolfson Group,01/07/2024
850,Gerti,McLanaghan,gmclanaghannl@mit.edu,Female,2004,Dodge,Grand Caravan,New Orleans,Louisiana,70174,US,30.033,-89.8826,98600,Satterfield Inc,09/13/2024
851,Drusilla,Powder,dpowdernm@forbes.com,Female,2005,Ford,Five Hundred,Chicago,Illinois,60657,US,41.9399,-87.6528,81200,Veum-Koch,04/14/2025
852,Fairlie,Iacabucci,fiacabuccinn@yale.edu,Polygender,2004,GMC,Envoy XUV,Miami,Florida,33111,US,25.5584,-80.4582,61014,Beahan-Daugherty,12/18/2024
853,Troy,Poytress,tpoytressno@yahoo.com,Genderqueer,1996,Volkswagen,Jetta,Frankfort,Kentucky,40618,US,38.2341,-84.8748,96331,Upton-Stracke,01/27/2023
854,Dev,Yea,dyeanp@zdnet.com,Bigender,2005,BMW,760,Wilmington,Delaware,19892,US,39.5645,-75.597,94613,"Conroy, Gislason and Davis",12/04/2024
855,Carine,Keating,ckeatingnq@msu.edu,Female,1994,Saab,9000,Lake Worth,Florida,33462,US,26.5747,-80.0794,41447,Ferry-Reichert,04/28/2024
856,Gawen,Colley,gcolleynr@elpais.com,Male,1996,Ford,Econoline E150,Clearwater,Florida,34629,US,27.9654,-82.8001,58203,"Krajcik, Schamberger and Gutmann",10/25/2024
857,Corinna,Aistrop,caistropns@wufoo.com,Female,1995,Hyundai,Sonata,Washington,District of Columbia,20520,US,38.8932,-77.049,39305,Stehr and Sons,10/07/2023
858,Roch,Hickin,rhickinnt@cnet.com,Female,2002,Nissan,Quest,Largo,Florida,33777,US,27.8546,-82.7545,48815,Legros Group,02/25/2025
859,Shina,Gilding,sgildingnu@hud.gov,Female,2006,Cadillac,SRX,Indianapolis,Indiana,46207,US,39.7673,-86.1606,45471,Dare Inc,10/02/2023
860,Jonis,Milton,jmiltonnv@networkadvertising.org,Female,1993,Toyota,Previa,Fairfax,Virginia,22036,US,38.7351,-77.0796,72013,Thompson Group,09/01/2024
861,Davide,Sheward,dshewardnw@discovery.com,Male,1994,Dodge,Ram Wagon B150,New York City,New York,10099,US,40.7808,-73.9772,53996,Kovacek Inc,10/19/2023
862,Krystal,Piatkow,kpiatkownx@chronoengine.com,Female,2010,Pontiac,Vibe,Troy,Michigan,48098,US,42.5991,-83.1789,50000,Cormier-Koss,08/14/2025
863,Waldo,Iglesiaz,wiglesiazny@google.de,Male,2008,Jeep,Patriot,Wilmington,Delaware,19892,US,39.5645,-75.597,95663,Koch-Lueilwitz,05/25/2022
864,Rodolphe,MacGorman,rmacgormannz@storify.com,Male,1993,Dodge,Daytona,Rochester,Minnesota,55905,US,44.0225,-92.4668,61602,Wolff LLC,09/21/2022
865,Warner,O'Keenan,wokeenano0@uol.com.br,Male,2004,Porsche,911,Huntington,West Virginia,25775,US,38.4134,-82.2774,32452,O'Keefe-Lemke,07/02/2022
866,Kandy,Pearsall,kpearsallo1@pen.io,Female,1999,Nissan,Pathfinder,Oklahoma City,Oklahoma,73135,US,35.411,-97.4388,64862,Weber-Thiel,10/14/2025
867,Ronna,Rippen,rrippeno2@bloomberg.com,Female,2006,Honda,Element,Charlotte,North Carolina,28235,US,35.26,-80.8042,61481,Jaskolski-Ondricka,07/01/2025
868,Daile,Duckerin,dduckerino3@ebay.co.uk,Female,1999,Buick,LeSabre,Athens,Georgia,30605,US,33.9321,-83.3525,85718,Carter-Abshire,08/31/2025
869,Cathe,Davers,cdaverso4@google.com.br,Female,1987,Volkswagen,Cabriolet,Minneapolis,Minnesota,55458,US,45.0159,-93.4719,45786,"Hermann, Bode and Block",07/30/2023
870,Colene,Delacote,cdelacoteo5@topsy.com,Female,1990,Mercedes-Benz,S-Class,Kansas City,Missouri,64179,US,39.035,-94.3567,48040,"Wisozk, Kozey and Kulas",08/30/2022
871,Suzy,Hearsum,shearsumo6@loc.gov,Female,2009,Mazda,CX-7,San Bernardino,California,92424,US,34.84,-115.9671,86143,"Streich, Skiles and Wehner",12/05/2024
872,Jaquith,Byrd,jbyrdo7@buzzfeed.com,Female,1992,Pontiac,Sunbird,Long Beach,California,90840,US,33.7843,-118.1157,55302,"Powlowski, Murray and Willms",06/15/2025
873,Jeffy,Neill,jneillo8@wordpress.com,Male,2005,Mercedes-Benz,CLK-Class,Birmingham,Alabama,35231,US,33.5446,-86.9292,74213,"Mertz, Beer and Blick",08/05/2023
874,Karylin,Giacubo,kgiacuboo9@ihg.com,Female,2010,Kia,Rondo,Atlanta,Georgia,30316,US,33.7217,-84.3339,73874,Morissette Group,07/07/2024
875,Diego,Regenhardt,dregenhardtoa@surveymonkey.com,Bigender,2005,Scion,xB,Des Moines,Iowa,50310,US,41.6255,-93.6736,85616,Bosco-Carroll,08/04/2023
876,Charmine,Hurlestone,churlestoneob@photobucket.com,Female,2011,Jaguar,XJ,Springfield,Missouri,65805,US,37.2581,-93.3437,46460,"Jacobs, Barrows and Cassin",12/06/2023
877,Eddie,Avramow,eavramowoc@cafepress.com,Male,1992,Buick,Coachbuilder,Saint Petersburg,Florida,33731,US,27.8918,-82.7248,70713,"Heidenreich, Rice and Kub",07/24/2024
878,Tam,Edgson,tedgsonod@facebook.com,Male,2005,BMW,525,Fresno,California,93740,US,36.7464,-119.6397,57376,"Legros, Harber and Kuphal",11/09/2023
879,Corly,Hartfleet,chartfleetoe@google.es,Female,2004,Jaguar,X-Type,Louisville,Kentucky,40287,US,38.189,-85.6768,34045,Kub Inc,11/20/2024
880,Emmerich,Gatherer,egathererof@jugem.jp,Male,2005,BMW,6 Series,Minneapolis,Minnesota,55446,US,45.04,-93.4865,87890,Pollich-Kuphal,06/24/2025
881,Sheff,Beardmore,sbeardmoreog@columbia.edu,Male,2001,Land Rover,Freelander,Seattle,Washington,98175,US,47.7161,-122.3004,72908,Fay LLC,11/07/2025
882,Royall,MacFie,rmacfieoh@smh.com.au,Non-binary,1989,Mitsubishi,Chariot,Washington,District of Columbia,20310,US,38.8933,-77.0146,71782,Turner-Prosacco,11/25/2025
883,Lorna,Stendall,lstendalloi@craigslist.org,Female,2011,Honda,Ridgeline,Knoxville,Tennessee,37931,US,35.9924,-84.1201,60370,Herzog-Nader,12/13/2025
884,Merlina,De Nisco,mdeniscooj@sfgate.com,Agender,1992,Mercedes-Benz,300SE,San Francisco,California,94147,US,37.7848,-122.7278,34826,Heaney-Skiles,05/08/2025
885,Cairistiona,Bachelor,cbachelorok@163.com,Female,1997,GMC,3500 Club Coupe,Springfield,Illinois,62776,US,39.7495,-89.606,87549,Parisian Inc,01/01/2026
886,Rolph,Stoddard,rstoddardol@jalbum.net,Male,1984,Ford,LTD Crown Victoria,New Hyde Park,New York,11044,US,40.7548,-73.6018,97858,Kassulke-Torp,01/08/2026
887,Idette,Liffey,iliffeyom@ucsd.edu,Female,2001,BMW,530,Las Vegas,Nevada,89120,US,36.0914,-115.0885,41976,Feeney and Sons,02/28/2023
888,Ollie,Scade,oscadeon@pbs.org,Male,1996,Acura,Integra,Phoenix,Arizona,85030,US,33.2765,-112.1872,39569,Marquardt-Hansen,06/30/2022
889,Eryn,Abrahamowitcz,eabrahamowitczoo@answers.com,Genderqueer,2009,Kia,Borrego,Omaha,Nebraska,68179,US,41.2917,-96.1711,83847,Rohan LLC,11/20/2022
890,Jeno,Trenfield,jtrenfieldop@mac.com,Male,1993,Dodge,D150,Clearwater,Florida,34629,US,27.9654,-82.8001,35841,"Haley, Schamberger and Strosin",06/03/2023
891,Florentia,Plenderleith,fplenderleithoq@mapy.cz,Female,1992,Dodge,Dynasty,Fresno,California,93709,US,36.7464,-119.6397,58511,Weber-Cronin,07/21/2022
892,Sammy,Layzell,slayzellor@live.com,Male,2007,Toyota,Land Cruiser,Pittsburgh,Pennsylvania,15250,US,40.4344,-80.0248,99418,"Crooks, Schultz and Homenick",03/13/2025
893,Lorelei,Shurmer,lshurmeros@google.ru,Female,2010,Chevrolet,Suburban 1500,New York City,New York,10024,US,40.7864,-73.9764,43242,O'Conner Inc,12/18/2024
894,Herrick,Coiley,hcoileyot@deliciousdays.com,Male,1999,Lexus,RX,Columbus,Ohio,43215,US,39.9671,-83.0044,89285,Bradtke LLC,06/18/2024
895,Teodoor,Popplestone,tpopplestoneou@hao123.com,Male,2009,Mercedes-Benz,R-Class,Grand Rapids,Michigan,49505,US,43.012,-85.6309,61851,Ledner-VonRueden,04/09/2022
896,Marie-jeanne,Morforth,mmorforthov@biblegateway.com,Female,1994,Mazda,MPV,San Francisco,California,94177,US,37.7848,-122.7278,75563,Kling-Welch,04/04/2023
897,Chanda,O'Sculley,cosculleyow@nytimes.com,Female,2012,Toyota,Prius v,Orlando,Florida,32819,US,28.4522,-81.4678,84138,Lang Inc,05/12/2023
898,Bevon,Lund,blundox@simplemachines.org,Male,1992,Mercedes-Benz,500SL,Dallas,Texas,75260,US,32.7673,-96.7776,54956,Wilkinson-Grady,03/28/2023
899,Jo-anne,Eidelman,jeidelmanoy@surveymonkey.com,Genderqueer,1984,Mazda,626,Huntington,West Virginia,25709,US,38.1321,-82.4183,71792,Bradtke LLC,01/22/2025
900,Field,Taffe,ftaffeoz@weibo.com,Male,2004,MINI,Cooper,Glendale,Arizona,85305,US,33.5291,-112.2482,33383,"Yundt, MacGyver and Bruen",07/05/2023
901,Andeee,Giuroni,agiuronip0@mozilla.com,Female,2012,Chevrolet,Colorado,Long Beach,California,90831,US,33.7678,-118.1994,58094,Harber-Stoltenberg,03/25/2025
902,Anthiathia,Wanka,awankap1@smugmug.com,Female,1997,Mercury,Grand Marquis,Denver,Colorado,80241,US,39.9274,-104.9548,30243,Collins-Kerluke,06/15/2024
903,Glyn,Henrionot,ghenrionotp2@wisc.edu,Male,1996,Oldsmobile,98,San Jose,California,95150,US,37.3866,-121.897,76631,"Kulas, King and Haley",02/24/2024
904,Jolyn,Bootman,jbootmanp3@patch.com,Female,2002,Oldsmobile,Intrigue,Moreno Valley,California,92555,US,33.9377,-117.1851,40415,O'Reilly-Daugherty,03/21/2022
905,Tanney,Fuentez,tfuentezp4@hhs.gov,Male,1986,Suzuki,SJ,Salt Lake City,Utah,84130,US,40.6681,-111.9083,90575,Wuckert Inc,07/05/2024
906,Gustav,Dewbury,gdewburyp5@i2i.jp,Male,2000,Jaguar,S-Type,Chicago,Illinois,60630,US,41.9699,-87.7603,33955,"Stroman, Ruecker and Beer",03/26/2024
907,Weber,Mollnar,wmollnarp6@cmu.edu,Male,2009,Audi,S5,Long Beach,California,90840,US,33.7843,-118.1157,90449,Tillman-Ferry,04/17/2024
908,Hoebart,Harden,hhardenp7@dell.com,Male,1995,Mitsubishi,Expo,Columbus,Ohio,43210,US,40.0028,-83.0164,83471,"Walker, Nader and Abshire",12/30/2023
909,Mona,Glowinski,mglowinskip8@infoseek.co.jp,Female,2012,Chevrolet,Cruze,Knoxville,Tennessee,37914,US,35.9918,-83.8496,86665,Ebert-Will,05/23/2022
910,Minetta,MacSweeney,mmacsweeneyp9@stumbleupon.com,Bigender,2008,Lamborghini,Gallardo,Sarasota,Florida,34233,US,27.2866,-82.477,55449,"Mayer, Hand and Pollich",05/28/2023
911,Marcel,Dobeson,mdobesonpa@indiegogo.com,Male,2012,Bentley,Continental Super,Sacramento,California,95818,US,38.5568,-121.4929,44522,Sawayn Inc,03/03/2024
912,Meade,Hollyer,mhollyerpb@creativecommons.org,Female,1995,Ford,Aspire,Lawrenceville,Georgia,30045,US,33.9367,-83.9573,67172,"Purdy, Maggio and Dach",12/26/2023
913,Lynda,Peller,lpellerpc@1und1.de,Female,1989,Ford,Bronco,Chicago,Illinois,60652,US,41.7454,-87.7135,54387,Skiles Group,07/10/2022
914,Harriett,Mueller,hmuellerpd@goo.gl,Female,2009,Acura,TSX,Hartford,Connecticut,06183,US,41.7638,-72.673,91947,"Schultz, Miller and Hand",04/20/2025
915,Baudoin,McGavin,bmcgavinpe@1und1.de,Male,2011,Ford,Transit Connect,San Antonio,Texas,78255,US,29.6701,-98.6873,46624,Aufderhar LLC,12/22/2024
916,Audry,Cahn,acahnpf@economist.com,Agender,2010,Volvo,S80,El Paso,Texas,88579,US,31.6948,-106.3,88059,Huels-Cremin,03/05/2022
917,Papagena,Bindley,pbindleypg@wordpress.org,Female,1987,Porsche,928,Bakersfield,California,93386,US,35.2944,-118.9052,53717,"Rempel, Funk and Greenfelder",02/06/2022
918,Allistir,Icke,aickeph@printfriendly.com,Male,2006,Jeep,Wrangler,Baltimore,Maryland,21216,US,39.3093,-76.6699,43472,"Keeling, Medhurst and Gerlach",08/19/2022
919,Micheal,Menlove,mmenlovepi@vinaora.com,Male,2010,Jeep,Wrangler,Washington,District of Columbia,20238,US,38.8933,-77.0146,47856,"Moore, Johnson and Funk",02/09/2023
920,Elsie,Pala,epalapj@sakura.ne.jp,Female,2007,Ford,F350,Morgantown,West Virginia,26505,US,39.6505,-79.944,83985,"Cronin, Beier and Pfeffer",10/31/2024
921,Shelton,Greves,sgrevespk@chronoengine.com,Male,1970,Ford,Torino,Las Cruces,New Mexico,88006,US,32.3052,-106.7863,44261,"Lehner, Hansen and Roob",10/04/2025
922,Adolph,Satterley,asatterleypl@flickr.com,Male,2010,Ford,F450,Oklahoma City,Oklahoma,73173,US,35.3425,-97.6317,51102,Langosh LLC,02/27/2022
923,Ondrea,Sanchis,osanchispm@scribd.com,Female,2010,Nissan,Murano,Lafayette,Indiana,47905,US,40.4001,-86.8602,75715,"Predovic, Fay and Dickens",12/07/2022
924,Paxton,Soot,psootpn@imageshack.us,Male,1967,Mercury,Cougar,Colorado Springs,Colorado,80915,US,38.8558,-104.7134,42323,Bauch-Schaefer,04/26/2022
925,Elsi,Berthomieu,eberthomieupo@shutterfly.com,Female,1997,Suzuki,Sidekick,Orlando,Florida,32808,US,28.5803,-81.4396,61709,Kling and Sons,07/24/2025
926,Cory,Getch,cgetchpp@indiatimes.com,Male,2002,Mitsubishi,Challenger,Saint Paul,Minnesota,55103,US,44.9608,-93.1216,60539,"Stracke, Bashirian and Walsh",11/10/2025
927,Abram,Artin,aartinpq@umich.edu,Male,2009,Volvo,S80,Houston,Texas,77045,US,29.6297,-95.4382,49553,Spinka-Reichert,10/03/2024
928,Harli,Townend,htownendpr@ustream.tv,Female,1986,Maserati,Biturbo,Boise,Idaho,83722,US,43.4599,-116.244,85001,Reichert-Kuhlman,07/02/2024
929,Caye,Bezzant,cbezzantps@mapy.cz,Female,2000,Mercedes-Benz,SL-Class,Roanoke,Virginia,24014,US,37.2327,-79.9463,60197,Kessler-Keeling,04/13/2025
930,Buckie,Ellesworthe,bellesworthept@google.ru,Male,2001,Toyota,MR2,Portland,Oregon,97271,US,45.5806,-122.3748,61683,"VonRueden, Schumm and Krajcik",05/08/2024
931,Mitchael,Edgerton,medgertonpu@eepurl.com,Male,1999,Mercury,Villager,Springfield,Illinois,62776,US,39.7495,-89.606,30929,Okuneva-Kozey,12/23/2025
932,Gardie,Blaschke,gblaschkepv@aol.com,Male,1989,Ford,Tempo,Fresno,California,93750,US,36.7464,-119.6397,33931,"Farrell, Bosco and Rau",11/02/2022
933,Augustine,Caustick,acaustickpw@hhs.gov,Male,1993,Plymouth,Acclaim,Youngstown,Ohio,44505,US,41.1257,-80.6277,75572,"Schamberger, Stroman and Kessler",07/15/2023
934,Liesa,Franke,lfrankepx@answers.com,Polygender,2010,Lexus,ES,Austin,Texas,78726,US,30.43,-97.8326,44501,Schmidt LLC,08/13/2022
935,Miles,Yekel,myekelpy@squidoo.com,Male,1994,Honda,Passport,Modesto,California,95354,US,37.6409,-120.9749,52164,Smitham Inc,11/14/2024
936,Petronilla,Iacomi,piacomipz@bravesites.com,Female,2006,GMC,Sierra 2500,Houston,Texas,77025,US,29.6889,-95.4341,78411,"Jacobi, Kilback and Beer",11/10/2024
937,Dasi,Lauga,dlaugaq0@163.com,Female,1987,Ford,F-Series,Amarillo,Texas,79171,US,35.4015,-101.8951,92359,"Mertz, Corkery and Little",07/31/2022
938,Datha,Alston,dalstonq1@hud.gov,Female,2009,GMC,Savana 1500,Tuscaloosa,Alabama,35405,US,33.1617,-87.5144,47559,Batz Group,06/13/2025
939,Skippy,Mariotte,smariotteq2@wp.com,Male,2006,Chevrolet,Silverado,Bakersfield,California,93381,US,35.2944,-118.9052,38128,Mayert-Hegmann,04/16/2023
940,Ulysses,Lorrain,ulorrainq3@ebay.com,Male,1994,Toyota,4Runner,San Diego,California,92121,US,32.8919,-117.2035,85833,"Dooley, D'Amore and Corkery",10/15/2022
941,Ethe,Normanvell,enormanvellq4@is.gd,Male,2004,Porsche,Boxster,Lawrenceville,Georgia,30045,US,33.9367,-83.9573,95847,Hilll-Braun,11/14/2025
942,Vincenty,Bielby,vbielbyq5@rambler.ru,Male,2000,Buick,Park Avenue,El Paso,Texas,88553,US,31.6948,-106.3,35483,Lesch-Metz,01/16/2024
943,Banky,Gravener,bgravenerq6@fda.gov,Male,2006,Volvo,XC70,Kansas City,Kansas,66105,US,39.085,-94.6356,84091,Zieme-Rau,07/29/2024
944,Dalston,Label,dlabelq7@zdnet.com,Male,1977,Pontiac,Grand Prix,Syracuse,New York,13210,US,43.0354,-76.1282,93188,"Fritsch, Auer and Von",06/14/2023
945,Abraham,Simonian,asimonianq8@deliciousdays.com,Male,2002,Mazda,MX-5,Syracuse,New York,13217,US,43.0214,-76.1977,84407,"Upton, Emmerich and Tillman",06/04/2022
946,Linn,Leynton,lleyntonq9@twitpic.com,Male,2004,Spyker,C8 Laviolette,El Paso,Texas,88525,US,31.6948,-106.3,62872,Durgan Group,06/21/2025
947,Winfred,Peggram,wpeggramqa@imgur.com,Male,2004,Ford,F350,Eugene,Oregon,97405,US,44.0185,-123.0998,66911,Becker-Schmitt,08/23/2024
948,Ruy,Arent,rarentqb@admin.ch,Male,2004,Chevrolet,Colorado,Miami,Florida,33164,US,25.5584,-80.4582,44441,Rowe LLC,02/05/2024
949,Harp,Chant,hchantqc@dagondesign.com,Male,1971,Ford,Mustang,Dallas,Texas,75226,US,32.7887,-96.7676,31819,Bosco Group,12/12/2024
950,Steffen,Caverhill,scaverhillqd@edublogs.org,Male,2004,Chevrolet,Silverado 1500,Cincinnati,Ohio,45254,US,39.1668,-84.5382,84452,Kihn-Will,03/13/2025
951,Nessy,Sarra,nsarraqe@businessweek.com,Female,1989,Ford,Ranger,San Antonio,Texas,78230,US,29.5407,-98.5521,93065,Morar-Walsh,04/02/2024
952,Wally,Meachan,wmeachanqf@prweb.com,Female,1996,Ford,Club Wagon,Albany,New York,12227,US,42.6149,-73.9708,35296,"O'Conner, Marquardt and Abbott",04/28/2024
953,Sebastien,Hain,shainqg@nymag.com,Male,2007,Jeep,Patriot,Tulsa,Oklahoma,74126,US,36.2383,-95.9931,31461,Weissnat-Yundt,02/13/2022
954,Fitz,McNerlin,fmcnerlinqh@phpbb.com,Male,2006,Kia,Rio,San Jose,California,95113,US,37.3329,-121.8916,51974,"Welch, Luettgen and Stehr",09/18/2025
955,Gennie,Sellers,gsellersqi@google.ca,Non-binary,2001,Ford,Econoline E350,Bryan,Texas,77806,US,30.6521,-96.341,75064,Haag Group,02/26/2023
956,Shantee,Krout,skroutqj@columbia.edu,Female,2011,Lincoln,MKZ,Akron,Ohio,44329,US,41.0655,-81.5203,79707,Effertz-Hills,04/01/2025
957,Verna,Winship,vwinshipqk@dion.ne.jp,Female,2004,Jaguar,XJ Series,Washington,District of Columbia,20088,US,38.8933,-77.0146,62859,Kassulke and Sons,12/16/2023
958,Beckie,Ives,bivesql@bloglovin.com,Female,1989,Volkswagen,Golf,Buffalo,New York,14263,US,42.7684,-78.8871,33057,"Harvey, Funk and Wilkinson",02/14/2023
959,Oran,Pitherick,opitherickqm@businessweek.com,Male,1995,Ford,Ranger,Sacramento,California,94297,US,38.3774,-121.4444,91733,Durgan-Littel,03/25/2024
960,Madeleine,Jimenez,mjimenezqn@mit.edu,Agender,2008,Maybach,62,Washington,District of Columbia,20215,US,38.8933,-77.0146,55185,Reilly LLC,04/10/2023
961,Barbara,Paunton,bpauntonqo@weibo.com,Female,2002,Infiniti,Q,Philadelphia,Pennsylvania,19141,US,40.0365,-75.1451,63531,Klein-McDermott,03/09/2024
962,Madelin,Attenborough,mattenboroughqp@webeden.co.uk,Female,2002,Dodge,Ram 1500,New York City,New York,10004,US,40.6964,-74.0253,93636,Watsica-Skiles,04/13/2024
963,Jareb,Vaggers,jvaggersqq@behance.net,Male,2011,Volkswagen,Golf,Fort Worth,Texas,76198,US,32.7714,-97.2915,58819,"Stracke, Hauck and Towne",08/08/2022
964,Early,Bicker,ebickerqr@java.com,Male,2009,Jaguar,XK,Chico,California,95973,US,39.8032,-121.8673,79562,"Williamson, Bins and Kemmer",01/09/2024
965,Kerrill,Joddins,kjoddinsqs@biglobe.ne.jp,Female,2008,Kia,Carens,Anaheim,California,92805,US,33.8359,-117.9086,89358,"Hermiston, Yundt and Feest",10/08/2025
966,Banky,McFeate,bmcfeateqt@mapy.cz,Male,2009,Dodge,Ram 1500,Carol Stream,Illinois,60351,US,41.9166,-88.1208,89508,"Bode, Treutel and Nicolas",06/09/2024
967,Berni,Schall,bschallqu@twitpic.com,Female,1980,Ford,Thunderbird,Monticello,Minnesota,55590,US,45.2009,-93.8881,97812,Hauck LLC,05/06/2024
968,Milena,Job,mjobqv@taobao.com,Female,1994,Mazda,626,Atlanta,Georgia,30328,US,33.9335,-84.3958,62500,"Sawayn, Hammes and Erdman",09/24/2024
969,Lev,Soule,lsouleqw@list-manage.com,Male,2012,BMW,3 Series,Fort Worth,Texas,76178,US,32.7714,-97.2915,77868,Quigley Group,10/26/2022
970,Raine,Saffill,rsaffillqx@mashable.com,Female,2003,Toyota,MR2,Denver,Colorado,80243,US,39.7388,-104.4083,34140,Zemlak and Sons,04/26/2022
971,Ambrosi,Duffin,aduffinqy@mysql.com,Male,1988,Volkswagen,Cabriolet,San Bernardino,California,92410,US,34.1069,-117.2975,37200,Ernser Group,08/23/2022
972,Dacia,Davidoff,ddavidoffqz@miibeian.gov.cn,Female,2008,GMC,Envoy,Charlotte,North Carolina,28242,US,35.26,-80.8042,86456,Emard Group,09/19/2024
973,Lauren,Dinis,ldinisr0@paginegialle.it,Male,1992,Toyota,Corolla,Tulsa,Oklahoma,74141,US,36.1398,-96.0297,99683,"Reilly, Volkman and Nienow",12/04/2025
974,Sylvan,Kille,skiller1@about.me,Male,2001,Ford,Explorer Sport Trac,Atlanta,Georgia,30368,US,33.8444,-84.474,30206,Ortiz-Goldner,08/15/2022
975,Andriana,Welds,aweldsr2@ucla.edu,Female,2004,Hyundai,XG350,Seattle,Washington,98121,US,47.6151,-122.3447,73702,Haag-Hermann,12/02/2025
976,Nerta,Heliar,nheliarr3@ehow.com,Female,2012,Bentley,Continental Flying Spur,Hagerstown,Maryland,21747,US,39.5207,-77.9162,65218,Hegmann-Conn,01/16/2023
977,Genovera,Bratch,gbratchr4@kickstarter.com,Female,1996,Mitsubishi,Pajero,Tucson,Arizona,85737,US,32.4142,-110.9466,61764,Tillman-Fahey,01/20/2025
978,Adorne,Frantzen,afrantzenr5@goodreads.com,Female,2010,Ford,F450,Des Moines,Iowa,50310,US,41.6255,-93.6736,52544,Rempel Group,01/06/2024
979,Marlo,Lomax,mlomaxr6@shutterfly.com,Female,2004,Ford,Excursion,Wilmington,North Carolina,28410,US,34.0881,-77.8526,80365,Wolff Group,02/22/2022
980,Desmond,Vanderson,dvandersonr7@youku.com,Male,2008,Mercedes-Benz,S-Class,North Hollywood,California,91616,US,33.7866,-118.2987,54913,Hartmann-Deckow,08/01/2023
981,Clemmy,Aspling,casplingr8@oakley.com,Male,1967,Pontiac,Bonneville,Stockton,California,95298,US,37.9577,-121.2897,80734,"Brakus, Medhurst and Bednar",12/06/2023
982,Mariejeanne,Polk,mpolkr9@ted.com,Female,2009,Mercury,Grand Marquis,Greensboro,North Carolina,27499,US,36.0807,-80.0244,40063,Bergstrom-Renner,03/22/2024
983,Pieter,Fearne,pfearnera@earthlink.net,Male,2008,Bentley,Continental Flying Spur,Greensboro,North Carolina,27415,US,36.0807,-80.0244,80223,"Nolan, West and Davis",09/20/2022
984,Marian,Carmen,mcarmenrb@wp.com,Female,1992,Subaru,Legacy,Jackson,Mississippi,39210,US,32.3218,-90.1771,47590,"Murray, Bruen and Pfeffer",05/08/2024
985,Romola,Kerfod,rkerfodrc@blinklist.com,Female,2004,Jaguar,S-Type,Boulder,Colorado,80310,US,40.0878,-105.3735,48924,Schamberger-Wisozk,03/08/2024
986,Shannon,Coxon,scoxonrd@angelfire.com,Female,1992,Dodge,D350 Club,Louisville,Kentucky,40280,US,38.2467,-85.6853,48655,Stokes Group,12/17/2023
987,Karole,Tod,ktodre@4shared.com,Female,2008,Suzuki,XL7,Charlotte,North Carolina,28242,US,35.26,-80.8042,39523,"Murray, Mertz and Erdman",12/10/2025
988,Alene,Draysay,adraysayrf@wiley.com,Female,2002,Dodge,Dakota Club,Chattanooga,Tennessee,37450,US,35.2211,-85.2091,74186,Auer-Rath,07/29/2022
989,Rikki,Clutram,rclutramrg@about.com,Male,2010,Volkswagen,Routan,Houston,Texas,77035,US,29.6518,-95.4854,33774,Jacobson Inc,02/24/2022
990,Alisander,Huggens,ahuggensrh@merriam-webster.com,Male,2002,Mazda,Protege5,Winston Salem,North Carolina,27105,US,36.144,-80.2376,89318,Hauck-Crist,08/23/2023
991,Marius,Pauli,mpauliri@posterous.com,Male,1996,Plymouth,Grand Voyager,Shawnee Mission,Kansas,66220,US,38.9613,-94.8222,49545,Rogahn-Klocko,06/28/2023
992,Bowie,Ferriman,bferrimanrj@telegraph.co.uk,Male,2012,Nissan,GT-R,Prescott,Arizona,86305,US,34.8185,-112.9584,51220,Fahey Group,07/07/2022
993,Gaile,Bayless,gbaylessrk@cisco.com,Male,1990,Pontiac,Bonneville,Milwaukee,Wisconsin,53215,US,43.006,-87.9429,84880,Hessel and Sons,11/19/2023
994,Loleta,Blaxley,lblaxleyrl@angelfire.com,Female,2003,Hyundai,Santa Fe,Portland,Oregon,97211,US,45.5653,-122.6448,62877,"Senger, Wehner and Botsford",04/23/2024
995,Earl,Darrell,edarrellrm@imageshack.us,Male,2010,Chevrolet,Suburban 1500,Chicago,Illinois,60681,US,41.8119,-87.6873,93155,"Hickle, Cassin and Feil",08/30/2025
996,Matthew,Minchi,mminchirn@hostgator.com,Male,2002,Kia,Sedona,Albany,Georgia,31704,US,31.55,-84.0612,47430,"Crist, Torp and Green",02/13/2025
997,Theobald,Reston,trestonro@wikia.com,Male,1993,Oldsmobile,Achieva,Orange,California,92867,US,33.811,-117.8493,76133,Becker LLC,06/24/2022
998,Daryn,Haythorn,dhaythornrp@dmoz.org,Female,1989,Ford,Bronco,Tacoma,Washington,98442,US,47.3081,-122.4185,80437,"Weissnat, McCullough and Greenfelder",06/20/2023
999,Rolf,Milam,rmilamrq@columbia.edu,Male,2008,Volvo,XC70,Houston,Texas,77218,US,29.834,-95.4342,42886,Gottlieb Group,08/14/2022
1000,Davon,McGourty,dmcgourtyrr@merriam-webster.com,Genderfluid,2007,Hyundai,Veracruz,Minneapolis,Minnesota,55458,US,45.0159,-93.4719,44893,Monahan Group,04/24/2022
